# Blender 5.0.1
# www.blender.org
mtllib textured.mtl
o centrifuge_tube_15ml_body
v 0.003893 0.115091 0.006770
v 0.003905 0.115092 0.006764
v 0.003905 0.118612 0.006764
v -0.007755 0.114148 0.000929
v -0.007691 0.114175 0.001356
v -0.007810 0.116127 0.000000
v -0.007691 0.118612 0.001356
v -0.007810 0.118612 0.000000
v -0.007810 0.117090 0.000000
v -0.007751 0.117032 -0.000957
v -0.007691 0.118612 -0.001356
v -0.007691 0.117008 -0.001356
v -0.007339 0.118612 -0.002671
v -0.006764 0.118612 -0.003905
v -0.006882 0.116856 -0.003692
v -0.007287 0.116916 -0.002811
v -0.007339 0.116925 -0.002671
v -0.007577 0.116975 -0.001892
v -0.005983 0.118612 -0.005020
v -0.006373 0.116796 -0.004515
v -0.006764 0.116841 -0.003905
v -0.005020 0.116675 -0.005983
v -0.005088 0.116681 -0.005925
v -0.005020 0.118612 -0.005983
v -0.005771 0.116738 -0.005263
v -0.005983 0.116757 -0.005020
v -0.004321 0.116622 -0.006506
v -0.003905 0.118612 -0.006764
v -0.003905 0.116592 -0.006764
v -0.003482 0.116562 -0.006991
v -0.002671 0.118612 -0.007339
v -0.002671 0.116507 -0.007339
v -0.001356 0.118612 -0.007691
v -0.001665 0.116443 -0.007630
v -0.002589 0.116502 -0.007368
v 0.000235 0.116328 -0.007806
v 0.000000 0.116342 -0.007810
v 0.000000 0.118612 -0.007810
v -0.000726 0.116386 -0.007776
v -0.001356 0.116424 -0.007691
v 0.001200 0.116268 -0.007717
v 0.001356 0.118612 -0.007691
v 0.001356 0.116258 -0.007691
v 0.002147 0.116207 -0.007509
v 0.002671 0.118612 -0.007339
v 0.002671 0.116174 -0.007339
v 0.003054 0.116149 -0.007188
v 0.003905 0.118612 -0.006764
v 0.003904 0.116092 -0.006764
v 0.004705 0.116033 -0.006234
v 0.005020 0.118612 -0.005983
v 0.005020 0.116008 -0.005983
v 0.005440 0.115973 -0.005603
v 0.005983 0.118612 -0.005020
v 0.005983 0.115924 -0.005020
v 0.006764 0.118612 -0.003905
v 0.006648 0.115854 -0.004099
v 0.006093 0.115913 -0.004886
v 0.007443 0.115739 -0.002366
v 0.007339 0.115759 -0.002671
v 0.007339 0.118612 -0.002671
v 0.007097 0.115797 -0.003261
v 0.006764 0.115841 -0.003905
v 0.007678 0.115679 -0.001427
v 0.007691 0.118612 -0.001356
v 0.007691 0.115675 -0.001356
v 0.007796 0.115619 -0.000465
v 0.007810 0.118612 0.000000
v 0.007810 0.115590 -0.000000
v 0.007794 0.115560 0.000499
v 0.007691 0.118612 0.001356
v 0.007691 0.115508 0.001356
v 0.007339 0.118612 0.002671
v 0.007441 0.115445 0.002372
v 0.007675 0.115503 0.001443
v 0.006764 0.118612 0.003905
v 0.007091 0.115385 0.003274
v 0.007339 0.115425 0.002671
v 0.005983 0.115257 0.005020
v 0.006071 0.115265 0.004914
v 0.005983 0.118612 0.005020
v 0.006630 0.115325 0.004128
v 0.006764 0.115341 0.003905
v 0.005427 0.115208 0.005616
v 0.005020 0.118612 0.005983
v 0.005020 0.115175 0.005983
v 0.004700 0.115150 0.006238
v 0.003024 0.115030 0.007201
v 0.002671 0.118612 0.007339
v 0.002671 0.115007 0.007339
v 0.002112 0.114971 0.007519
v 0.001356 0.118612 0.007691
v 0.001356 0.114924 0.007691
v 0.000000 0.118612 0.007810
v 0.000229 0.114856 0.007807
v 0.001180 0.114914 0.007720
v -0.001356 0.118612 0.007691
v -0.000737 0.114796 0.007775
v -0.000000 0.114842 0.007810
v -0.002671 0.114674 0.007339
v -0.002624 0.114677 0.007356
v -0.002671 0.118612 0.007339
v -0.001695 0.114736 0.007624
v -0.001356 0.114758 0.007691
v -0.003502 0.114619 0.006981
v -0.003905 0.118612 0.006764
v -0.003905 0.114592 0.006764
v -0.004327 0.114562 0.006502
v -0.005020 0.118612 0.005983
v -0.005020 0.114508 0.005983
v -0.005983 0.118612 0.005020
v -0.005983 0.114424 0.005020
v -0.005790 0.114442 0.005241
v -0.005096 0.114502 0.005918
v -0.006394 0.114382 0.004485
v -0.006764 0.118612 0.003905
v -0.006764 0.114341 0.003905
v -0.007339 0.118612 0.002671
v -0.007339 0.114259 0.002671
v -0.007290 0.114267 0.002803
v -0.006894 0.114324 0.003670
v -0.007580 0.114208 0.001883
v -0.007704 0.116049 -0.001283
v -0.007810 0.114088 -0.000037
v -0.007810 0.114090 0.000000
v -0.006764 0.115877 -0.003905
v -0.006865 0.113854 -0.003724
v -0.006863 0.115890 -0.003728
v -0.007273 0.113914 -0.002845
v -0.007339 0.115962 -0.002671
v -0.007339 0.113925 -0.002671
v -0.007388 0.115971 -0.002533
v -0.007568 0.113973 -0.001928
v -0.007691 0.116045 -0.001356
v -0.007691 0.114008 -0.001356
v -0.007747 0.114030 -0.000993
v -0.005020 0.115712 -0.005983
v -0.005061 0.113679 -0.005949
v -0.005276 0.115733 -0.005758
v -0.005746 0.113735 -0.005289
v -0.005983 0.115794 -0.005020
v -0.005983 0.113757 -0.005020
v -0.006148 0.115810 -0.004816
v -0.006351 0.113794 -0.004545
v -0.006764 0.113841 -0.003905
v -0.001871 0.115492 -0.007583
v -0.002555 0.113499 -0.007380
v -0.002671 0.115544 -0.007339
v -0.002671 0.113507 -0.007339
v -0.003102 0.115572 -0.007168
v -0.003449 0.113559 -0.007007
v -0.003905 0.115628 -0.006764
v -0.003905 0.113592 -0.006764
v -0.004253 0.115653 -0.006551
v -0.004290 0.113620 -0.006526
v -0.005020 0.113675 -0.005983
v 0.001356 0.115294 -0.007691
v 0.001237 0.113265 -0.007711
v 0.000693 0.115336 -0.007779
v 0.000272 0.113325 -0.007805
v 0.000000 0.115379 -0.007810
v 0.000000 0.113342 -0.007810
v -0.000605 0.115416 -0.007787
v -0.000689 0.113384 -0.007780
v -0.001356 0.115461 -0.007691
v -0.001356 0.113424 -0.007691
v -0.001630 0.113441 -0.007638
v 0.005020 0.115045 -0.005983
v 0.004734 0.113031 -0.006211
v 0.004324 0.115099 -0.006504
v 0.003936 0.113090 -0.006746
v 0.003905 0.115128 -0.006764
v 0.003905 0.113092 -0.006764
v 0.003201 0.115176 -0.007124
v 0.003087 0.113146 -0.007174
v 0.002671 0.115210 -0.007339
v 0.002671 0.113174 -0.007339
v 0.001980 0.115255 -0.007555
v 0.002182 0.113205 -0.007499
v 0.001356 0.113258 -0.007691
v 0.007339 0.114795 -0.002671
v 0.007112 0.112795 -0.003228
v 0.006911 0.114859 -0.003637
v 0.006764 0.112841 -0.003905
v 0.006764 0.114877 -0.003905
v 0.006667 0.112852 -0.004068
v 0.006218 0.114937 -0.004726
v 0.006116 0.112911 -0.004857
v 0.005983 0.114960 -0.005020
v 0.005983 0.112924 -0.005020
v 0.005344 0.115018 -0.005695
v 0.005467 0.112971 -0.005578
v 0.005020 0.113008 -0.005983
v 0.007691 0.114545 0.001356
v 0.007792 0.112558 0.000536
v 0.007809 0.114620 0.000115
v 0.007810 0.112590 -0.000000
v 0.007810 0.114627 -0.000000
v 0.007798 0.112617 -0.000428
v 0.007720 0.114701 -0.001185
v 0.007691 0.112675 -0.001356
v 0.007691 0.114711 -0.001356
v 0.007685 0.112677 -0.001391
v 0.007415 0.114781 -0.002453
v 0.007454 0.112737 -0.002331
v 0.007339 0.112759 -0.002671
v 0.006077 0.114303 0.004906
v 0.006611 0.112322 0.004159
v 0.006764 0.114377 0.003905
v 0.006764 0.112341 0.003905
v 0.006807 0.114383 0.003829
v 0.007075 0.112383 0.003308
v 0.007339 0.114462 0.002671
v 0.007339 0.112425 0.002671
v 0.007350 0.114464 0.002642
v 0.007430 0.112442 0.002407
v 0.007685 0.114542 0.001394
v 0.007669 0.112501 0.001479
v 0.007691 0.112508 0.001356
v 0.002996 0.114065 0.007213
v 0.003861 0.112088 0.006789
v 0.003905 0.114128 0.006764
v 0.003905 0.112092 0.006764
v 0.004156 0.114146 0.006613
v 0.004671 0.112148 0.006260
v 0.005020 0.114212 0.005983
v 0.005020 0.112175 0.005983
v 0.005192 0.114226 0.005834
v 0.005401 0.112206 0.005641
v 0.005983 0.114294 0.005020
v 0.005983 0.112257 0.005020
v 0.006048 0.112263 0.004942
v -0.000000 0.113879 0.007810
v 0.000192 0.111854 0.007808
v 0.000491 0.113909 0.007795
v 0.001144 0.111912 0.007726
v 0.001356 0.113961 0.007691
v 0.001356 0.111924 0.007691
v 0.001760 0.113986 0.007609
v 0.002077 0.111969 0.007529
v 0.002671 0.114044 0.007339
v 0.002671 0.112007 0.007339
v 0.002990 0.112028 0.007215
v -0.002671 0.113710 0.007339
v -0.002658 0.111674 0.007344
v -0.002091 0.113748 0.007525
v -0.001731 0.111734 0.007616
v -0.001356 0.113794 0.007691
v -0.001356 0.111758 0.007691
v -0.000808 0.113829 0.007768
v -0.000774 0.111794 0.007772
v -0.000000 0.111842 0.007810
v -0.005983 0.113460 0.005020
v -0.005815 0.111440 0.005213
v -0.005428 0.113511 0.005615
v -0.005124 0.111500 0.005894
v -0.005020 0.113545 0.005983
v -0.005020 0.111508 0.005983
v -0.004419 0.113592 0.006439
v -0.004357 0.111560 0.006481
v -0.003905 0.113628 0.006764
v -0.003905 0.111592 0.006764
v -0.003304 0.113669 0.007077
v -0.003534 0.111617 0.006965
v -0.002671 0.111674 0.007339
v -0.007810 0.113127 0.000000
v -0.007759 0.111146 0.000892
v -0.007736 0.113193 0.001071
v -0.007691 0.111175 0.001356
v -0.007691 0.113211 0.001356
v -0.007588 0.111206 0.001847
v -0.007450 0.113274 0.002344
v -0.007339 0.111259 0.002671
v -0.007339 0.113295 0.002671
v -0.007303 0.111265 0.002769
v -0.006963 0.113352 0.003537
v -0.006911 0.111322 0.003638
v -0.006764 0.113377 0.003905
v -0.006764 0.111341 0.003905
v -0.006287 0.113430 0.004634
v -0.006415 0.111380 0.004455
v -0.005983 0.111424 0.005020
v -0.007691 0.113045 -0.001356
v -0.007742 0.111028 -0.001029
v -0.007807 0.113113 -0.000229
v -0.007810 0.111086 -0.000073
v -0.007810 0.111090 0.000000
v -0.005020 0.112712 -0.005983
v -0.005033 0.110676 -0.005972
v -0.005106 0.112719 -0.005909
v -0.005722 0.110733 -0.005316
v -0.005983 0.112794 -0.005020
v -0.005983 0.110757 -0.005020
v -0.006005 0.112796 -0.004994
v -0.006330 0.110791 -0.004575
v -0.006750 0.112876 -0.003929
v -0.006764 0.110841 -0.003905
v -0.006764 0.112877 -0.003905
v -0.006847 0.110851 -0.003757
v -0.007310 0.112957 -0.002750
v -0.007260 0.110912 -0.002879
v -0.007339 0.112962 -0.002671
v -0.007339 0.110925 -0.002671
v -0.007664 0.113036 -0.001506
v -0.007559 0.110971 -0.001963
v -0.007691 0.111008 -0.001356
v -0.001649 0.112479 -0.007634
v -0.002520 0.110497 -0.007392
v -0.002671 0.112544 -0.007339
v -0.002671 0.110507 -0.007339
v -0.002889 0.112558 -0.007256
v -0.003415 0.110557 -0.007024
v -0.003905 0.112628 -0.006764
v -0.003905 0.110592 -0.006764
v -0.004057 0.112639 -0.006673
v -0.004259 0.110617 -0.006546
v -0.005020 0.110675 -0.005983
v 0.001356 0.112294 -0.007691
v 0.001273 0.110263 -0.007706
v 0.000923 0.112322 -0.007755
v 0.000309 0.110323 -0.007804
v 0.000000 0.112379 -0.007810
v 0.000000 0.110342 -0.007810
v -0.000377 0.112402 -0.007801
v -0.000653 0.110382 -0.007783
v -0.001356 0.112461 -0.007691
v -0.001356 0.110424 -0.007691
v -0.001594 0.110439 -0.007646
v 0.005020 0.112045 -0.005983
v 0.005020 0.110008 -0.005983
v 0.004764 0.110029 -0.006189
v 0.004513 0.112085 -0.006374
v 0.003967 0.110087 -0.006727
v 0.003905 0.112128 -0.006764
v 0.003905 0.110092 -0.006764
v 0.003406 0.112162 -0.007028
v 0.003120 0.110144 -0.007160
v 0.002671 0.112210 -0.007339
v 0.002671 0.110174 -0.007339
v 0.002202 0.112240 -0.007493
v 0.002218 0.110203 -0.007489
v 0.001356 0.110258 -0.007691
v 0.005493 0.109969 -0.005552
v 0.005511 0.112004 -0.005534
v 0.005983 0.109924 -0.005020
v 0.005983 0.111960 -0.005020
v 0.006139 0.109909 -0.004828
v 0.006354 0.111923 -0.004541
v 0.006686 0.109850 -0.004037
v 0.006764 0.111877 -0.003905
v 0.006764 0.109841 -0.003905
v 0.007127 0.109793 -0.003195
v 0.007014 0.111846 -0.003436
v 0.007339 0.109759 -0.002671
v 0.007339 0.111795 -0.002671
v 0.007465 0.109735 -0.002296
v 0.007484 0.111767 -0.002234
v 0.007692 0.109675 -0.001354
v 0.007691 0.111545 0.001356
v 0.007789 0.109555 0.000572
v 0.007802 0.111606 0.000344
v 0.007810 0.109590 -0.000000
v 0.007810 0.111627 -0.000000
v 0.007800 0.109614 -0.000391
v 0.007751 0.111686 -0.000957
v 0.007691 0.111711 -0.001356
v 0.007789 0.108592 0.000572
v 0.007691 0.023362 0.001356
v 0.007810 0.108627 -0.000000
v 0.007810 0.023362 0.000000
v 0.007776 0.108672 -0.000727
v 0.007691 0.023362 -0.001356
v 0.007339 0.023362 -0.002671
v 0.007546 0.108753 -0.002012
v 0.007691 0.108711 -0.001356
v 0.006764 0.023362 -0.003905
v 0.007110 0.108832 -0.003231
v 0.007339 0.108795 -0.002671
v 0.005983 0.023362 -0.005020
v 0.006485 0.108909 -0.004352
v 0.006764 0.108877 -0.003905
v 0.005020 0.023362 -0.005983
v 0.005672 0.108989 -0.005369
v 0.005983 0.108960 -0.005020
v 0.003905 0.023362 -0.006764
v 0.004699 0.109070 -0.006238
v 0.005020 0.109045 -0.005983
v 0.002671 0.023362 -0.007339
v 0.003608 0.109149 -0.006927
v 0.003905 0.109128 -0.006764
v 0.001356 0.023362 -0.007691
v 0.002421 0.109226 -0.007425
v 0.002671 0.109210 -0.007339
v 0.000000 0.023362 -0.007810
v 0.001152 0.109307 -0.007725
v 0.001356 0.109294 -0.007691
v -0.001356 0.023362 -0.007691
v -0.000148 0.109388 -0.007809
v 0.000000 0.109379 -0.007810
v -0.003858 0.109625 -0.006790
v -0.002673 0.109544 -0.007338
v -0.002671 0.023362 -0.007339
v -0.001427 0.109465 -0.007679
v -0.001356 0.109461 -0.007691
v -0.003905 0.109628 -0.006764
v -0.003905 0.023362 -0.006764
v -0.004932 0.109705 -0.006056
v -0.005020 0.023362 -0.005983
v -0.005020 0.109712 -0.005983
v -0.005983 0.023362 -0.005020
v -0.005983 0.109794 -0.005020
v -0.005856 0.109782 -0.005167
v -0.007339 0.023362 -0.002671
v -0.007225 0.109942 -0.002965
v -0.006764 0.023362 -0.003905
v -0.006764 0.109877 -0.003905
v -0.006631 0.109861 -0.004127
v -0.007691 0.023362 -0.001356
v -0.007616 0.110022 -0.001728
v -0.007339 0.109962 -0.002671
v -0.007810 0.023362 0.000000
v -0.007797 0.110099 -0.000458
v -0.007691 0.110045 -0.001356
v -0.007691 0.023362 0.001356
v -0.007765 0.110179 0.000842
v -0.007810 0.110127 0.000000
v -0.007339 0.023362 0.002671
v -0.007516 0.110260 0.002123
v -0.007691 0.110211 0.001356
v -0.006764 0.023362 0.003905
v -0.007063 0.110339 0.003334
v -0.007339 0.110295 0.002671
v -0.005983 0.023362 0.005020
v -0.006420 0.110416 0.004447
v -0.006764 0.110377 0.003905
v -0.005020 0.023362 0.005983
v -0.005592 0.110497 0.005452
v -0.005983 0.110460 0.005020
v -0.003905 0.023362 0.006764
v -0.004607 0.110578 0.006307
v -0.005020 0.110545 0.005983
v -0.002671 0.023362 0.007339
v -0.003508 0.110655 0.006978
v -0.003905 0.110628 0.006764
v -0.001356 0.023362 0.007691
v -0.002312 0.110733 0.007460
v -0.002671 0.110710 0.007339
v 0.000000 0.023362 0.007810
v -0.001038 0.110814 0.007741
v -0.001356 0.110794 0.007691
v 0.001356 0.023362 0.007691
v 0.000263 0.110895 0.007806
v -0.000000 0.110879 0.007810
v 0.002671 0.023362 0.007339
v 0.001538 0.110972 0.007657
v 0.001356 0.110961 0.007691
v 0.003905 0.023362 0.006764
v 0.002781 0.111051 0.007298
v 0.002671 0.111044 0.007339
v 0.005931 0.111289 0.005081
v 0.005020 0.111212 0.005983
v 0.005020 0.023362 0.005983
v 0.003958 0.111132 0.006733
v 0.003905 0.111128 0.006764
v 0.005983 0.111294 0.005020
v 0.005983 0.023362 0.005020
v 0.006691 0.111368 0.004029
v 0.006764 0.111377 0.003905
v 0.006764 0.023362 0.003905
v 0.007268 0.111450 0.002858
v 0.007339 0.023362 0.002671
v 0.007339 0.111462 0.002671
v 0.007641 0.111529 0.001617
v 0.002329 0.118612 0.006399
v 0.003405 0.118612 0.005898
v 0.004377 0.118612 0.005217
v 0.005217 0.118612 0.004377
v 0.005898 0.118612 0.003405
v 0.006399 0.118612 0.002329
v 0.006707 0.118612 0.001183
v 0.006810 0.118612 0.000000
v 0.006707 0.118612 -0.001183
v 0.006399 0.118612 -0.002329
v 0.005898 0.118612 -0.003405
v 0.005217 0.118612 -0.004377
v 0.004377 0.118612 -0.005217
v 0.003405 0.118612 -0.005898
v 0.002329 0.118612 -0.006399
v 0.001183 0.118612 -0.006707
v 0.000000 0.118612 -0.006810
v 0.000000 0.118612 -0.007810
v -0.001183 0.118612 -0.006707
v -0.002329 0.118612 -0.006399
v -0.003405 0.118612 -0.005898
v -0.004377 0.118612 -0.005217
v -0.005217 0.118612 -0.004377
v -0.005898 0.118612 -0.003405
v -0.006399 0.118612 -0.002329
v -0.006707 0.118612 -0.001183
v -0.006810 0.118612 0.000000
v -0.006707 0.118612 0.001183
v -0.006399 0.118612 0.002329
v -0.005898 0.118612 0.003405
v -0.005217 0.118612 0.004377
v -0.004377 0.118612 0.005217
v -0.003405 0.118612 0.005898
v -0.002329 0.118612 0.006399
v -0.001183 0.118612 0.006707
v 0.000000 0.118612 0.006810
v 0.001183 0.118612 0.006707
v 0.000530 0.000002 0.001457
v 0.000269 0.000002 0.001526
v 0.000000 0.000002 0.000000
v -0.000000 0.000002 0.001550
v -0.000269 0.000002 0.001526
v 0.001187 0.000002 0.000996
v 0.000996 0.000002 0.001187
v 0.000775 0.000002 0.001342
v 0.001526 0.000002 0.000269
v 0.001457 0.000002 0.000530
v 0.001342 0.000002 0.000775
v 0.001457 0.000002 -0.000530
v 0.001526 0.000002 -0.000269
v 0.001550 0.000002 0.000000
v 0.000996 0.000002 -0.001187
v 0.001187 0.000002 -0.000996
v 0.001342 0.000002 -0.000775
v 0.000269 0.000002 -0.001526
v 0.000530 0.000002 -0.001457
v 0.000775 0.000002 -0.001342
v -0.000530 0.000002 -0.001457
v -0.000269 0.000002 -0.001526
v 0.000000 0.000002 -0.001550
v -0.001187 0.000002 -0.000996
v -0.000996 0.000002 -0.001187
v -0.000775 0.000002 -0.001342
v -0.001526 0.000002 -0.000269
v -0.001457 0.000002 -0.000530
v -0.001342 0.000002 -0.000775
v -0.001457 0.000002 0.000530
v -0.001526 0.000002 0.000269
v -0.001550 0.000002 -0.000000
v -0.000996 0.000002 0.001187
v -0.001187 0.000002 0.000996
v -0.001342 0.000002 0.000775
v -0.000530 0.000002 0.001457
v -0.000775 0.000002 0.001342
v 0.001550 0.000002 0.000000
v 0.007810 0.023362 0.000000
v 0.000000 0.000002 -0.001550
v 0.000000 0.023362 -0.007810
v -0.001550 0.000002 -0.000000
v -0.007810 0.023362 0.000000
v -0.008111 0.116269 0.000000
v -0.008411 0.116812 0.000000
v -0.008411 0.116710 0.000000
v -0.008411 0.116609 0.000000
v -0.008411 0.116510 0.000000
v -0.008411 0.116410 0.000000
v 0.008389 0.109175 0.000616
v 0.008389 0.109277 0.000616
v 0.008089 0.108734 0.000594
v 0.008389 0.108875 0.000616
v 0.008389 0.108975 0.000616
v 0.008389 0.109074 0.000616
v 0.003447 0.115860 -0.007673
v 0.008276 0.115227 0.001502
v 0.007916 0.115149 0.002845
v -0.007851 0.113989 0.003019
v -0.007499 0.114037 0.003809
v -0.007873 0.113642 -0.002962
v 0.000994 0.113006 -0.008352
v 0.000293 0.113047 -0.008406
v 0.008277 0.112398 -0.001498
v 0.008060 0.112452 -0.002406
v 0.008403 0.112291 0.000370
v 0.006388 0.111974 0.005473
v 0.007206 0.112053 0.004339
v -0.006023 0.111181 0.005872
v -0.005519 0.111221 0.006348
v -0.007374 0.110573 -0.004046
v -0.007782 0.110627 -0.003193
v -0.001537 0.110150 -0.008270
v -0.002879 0.110229 -0.007903
v -0.008297 0.116734 -0.001382
v 0.007658 0.109517 -0.003480
v 0.008127 0.109438 -0.002167
v 0.008284 0.109396 -0.001459
v 0.008375 0.109357 -0.000783
v 0.005061 0.109755 -0.006719
v 0.005916 0.109690 -0.005979
v 0.006109 0.109674 -0.005782
v 0.006611 0.109630 -0.005200
v 0.006984 0.109594 -0.004687
v 0.007201 0.109571 -0.004348
v 0.001241 0.109992 -0.008319
v 0.002388 0.109924 -0.008065
v 0.002608 0.109911 -0.007997
v 0.003361 0.109866 -0.007711
v 0.003886 0.109833 -0.007460
v 0.004273 0.109809 -0.007245
v -0.000703 0.110103 -0.008382
v -0.000160 0.110073 -0.008410
v 0.000333 0.110044 -0.008405
v -0.005311 0.110390 -0.006522
v -0.004587 0.110339 -0.007051
v -0.004155 0.110310 -0.007313
v -0.003678 0.110278 -0.007565
v -0.006307 0.110467 -0.005565
v -0.006817 0.110513 -0.004927
v -0.007141 0.110546 -0.004445
v -0.008356 0.110867 0.000961
v -0.008362 0.110864 0.000907
v -0.008411 0.110807 -0.000079
v -0.008397 0.110784 -0.000493
v -0.008338 0.110749 -0.001108
v -0.008203 0.110707 -0.001861
v -0.007865 0.110987 0.002982
v -0.008095 0.110945 0.002287
v -0.006909 0.111101 0.004798
v -0.006915 0.111101 0.004789
v -0.007606 0.111024 0.003591
v -0.003778 0.111340 0.007515
v -0.004961 0.111262 0.006792
v 0.000283 0.111580 0.008407
v -0.000834 0.111516 0.008370
v -0.001118 0.111499 0.008337
v -0.001865 0.111455 0.008202
v -0.002490 0.111418 0.008034
v -0.002863 0.111396 0.007909
v 0.004263 0.111817 0.007251
v 0.003220 0.111750 0.007771
v 0.002996 0.111736 0.007860
v 0.002237 0.111690 0.008109
v 0.001656 0.111657 0.008247
v 0.001232 0.111633 0.008321
v 0.005817 0.111927 0.006076
v 0.005406 0.111897 0.006444
v 0.005030 0.111870 0.006742
v 0.008229 0.112214 0.001741
v 0.008002 0.112164 0.002593
v 0.007828 0.112134 0.003078
v 0.007620 0.112104 0.003562
v 0.008399 0.112338 -0.000461
v 0.008348 0.112371 -0.001030
v 0.005888 0.112692 -0.006007
v 0.005935 0.112689 -0.005961
v 0.006587 0.112632 -0.005231
v 0.006844 0.112608 -0.004890
v 0.007180 0.112573 -0.004381
v 0.007554 0.112530 -0.003701
v 0.003325 0.112868 -0.007726
v 0.003669 0.112847 -0.007569
v 0.004239 0.112811 -0.007265
v 0.004861 0.112769 -0.006865
v 0.002371 0.112925 -0.008070
v 0.002350 0.112926 -0.008076
v -0.001776 0.113163 -0.008222
v -0.000406 0.113087 -0.008402
v -0.004370 0.113324 -0.007187
v -0.003714 0.113281 -0.007547
v -0.003111 0.113243 -0.007815
v -0.002751 0.113221 -0.007949
v -0.005500 0.113404 -0.006364
v -0.007393 0.113575 -0.004011
v -0.007269 0.113560 -0.004232
v -0.006840 0.113515 -0.004895
v -0.006467 0.113480 -0.005379
v -0.006189 0.113457 -0.005697
v -0.008151 0.113694 -0.002076
v -0.008254 0.113720 -0.001622
v -0.008411 0.113809 -0.000040
v -0.008408 0.113798 -0.000247
v -0.008343 0.113751 -0.001069
v -0.008332 0.113878 0.001154
v -0.008163 0.113929 0.002028
v -0.008024 0.113959 0.002524
v -0.006236 0.114163 0.005645
v -0.006771 0.114115 0.004990
v -0.005489 0.114224 0.006374
v -0.004760 0.114276 0.006935
v -0.005846 0.114196 0.006048
v -0.002826 0.114398 0.007923
v -0.003559 0.114354 0.007622
v -0.002252 0.114432 0.008104
v -0.001826 0.114458 0.008211
v -0.000870 0.114513 0.008366
v -0.000794 0.114518 0.008374
v 0.000529 0.114593 0.008395
v 0.004476 0.114831 0.007122
v 0.003257 0.114752 0.007755
v 0.003226 0.114750 0.007768
v 0.002275 0.114692 0.008098
v 0.001896 0.114670 0.008195
v 0.001271 0.114635 0.008315
v 0.005592 0.114910 0.006284
v 0.005062 0.114872 0.006718
v 0.006545 0.114987 0.005283
v 0.007637 0.115106 0.003526
v 0.007331 0.115068 0.004124
v 0.007141 0.115046 0.004445
v 0.008394 0.115281 0.000537
v 0.008411 0.115305 0.000124
v 0.008270 0.115400 -0.001537
v 0.008314 0.115385 -0.001277
v 0.008397 0.115340 -0.000501
v 0.007986 0.115466 -0.002642
v 0.006562 0.115635 -0.005262
v 0.006697 0.115622 -0.005090
v 0.007160 0.115576 -0.004415
v 0.007444 0.115544 -0.003917
v 0.007643 0.115519 -0.003512
v 0.004205 0.115813 -0.007285
v 0.004657 0.115783 -0.007004
v 0.005067 0.115755 -0.006714
v 0.005756 0.115703 -0.006134
v 0.002132 0.115939 -0.008137
v 0.001293 0.115989 -0.008312
v 0.000747 0.116021 -0.008378
v 0.000253 0.116049 -0.008408
v -0.002015 0.116177 -0.008166
v -0.000652 0.116100 -0.008386
v -0.002789 0.116223 -0.007936
v -0.003341 0.116257 -0.007720
v -0.003750 0.116283 -0.007529
v -0.004580 0.116338 -0.007055
v -0.005683 0.116417 -0.006202
v -0.007957 0.116656 -0.002728
v -0.007412 0.116577 -0.003976
v -0.007391 0.116575 -0.004015
v -0.006863 0.116517 -0.004863
v -0.006622 0.116494 -0.005187
v -0.006215 0.116459 -0.005668
v -0.008161 0.116697 -0.002038
v -0.007672 0.116113 -0.002631
v -0.008001 0.116191 -0.001332
v -0.008297 0.116332 -0.001382
v -0.006385 0.115951 -0.005002
v -0.007127 0.116032 -0.003871
v -0.007391 0.116173 -0.004015
v -0.004417 0.115795 -0.006803
v -0.005479 0.115874 -0.005980
v -0.005683 0.116016 -0.006202
v -0.001943 0.115634 -0.007875
v -0.003221 0.115714 -0.007444
v -0.003341 0.115856 -0.007720
v 0.002056 0.115396 -0.007846
v 0.000720 0.115478 -0.008079
v 0.000747 0.115619 -0.008378
v 0.004491 0.115240 -0.006754
v 0.003324 0.115317 -0.007398
v 0.003447 0.115459 -0.007673
v 0.006457 0.115079 -0.004908
v 0.005550 0.115160 -0.005914
v 0.005756 0.115302 -0.006134
v 0.007700 0.114923 -0.002548
v 0.007177 0.115001 -0.003777
v 0.007444 0.115142 -0.003917
v 0.008110 0.114761 0.000119
v 0.008017 0.114842 -0.001231
v 0.008314 0.114984 -0.001277
v 0.007633 0.114606 0.002744
v 0.007980 0.114684 0.001448
v 0.008276 0.114826 0.001502
v 0.006311 0.114444 0.005095
v 0.007069 0.114524 0.003976
v 0.007331 0.114666 0.004124
v 0.004316 0.114288 0.006867
v 0.005392 0.114367 0.006059
v 0.005592 0.114509 0.006284
v 0.001828 0.114127 0.007902
v 0.003111 0.114207 0.007490
v 0.003226 0.114349 0.007768
v -0.000839 0.113970 0.008067
v 0.000510 0.114050 0.008095
v 0.000529 0.114192 0.008395
v -0.004589 0.113733 0.006687
v -0.003431 0.113810 0.007349
v -0.003559 0.113952 0.007622
v -0.006529 0.113572 0.004812
v -0.005637 0.113653 0.005832
v -0.005846 0.113794 0.006048
v -0.007737 0.113416 0.002434
v -0.007231 0.113494 0.003673
v -0.007499 0.113636 0.003809
v -0.008107 0.113254 -0.000238
v -0.008034 0.113335 0.001112
v -0.008332 0.113477 0.001154
v -0.007591 0.113098 -0.002856
v -0.007959 0.113177 -0.001564
v -0.008254 0.113319 -0.001622
v -0.006236 0.112937 -0.005186
v -0.007009 0.113017 -0.004081
v -0.007269 0.113159 -0.004232
v -0.004214 0.112781 -0.006930
v -0.005303 0.112861 -0.006137
v -0.005500 0.113002 -0.006364
v -0.001713 0.112620 -0.007928
v -0.003000 0.112700 -0.007535
v -0.003111 0.112841 -0.007815
v 0.000959 0.112463 -0.008054
v -0.000392 0.112543 -0.008101
v -0.000406 0.112685 -0.008402
v 0.003538 0.112304 -0.007299
v 0.002286 0.112382 -0.007782
v 0.002371 0.112524 -0.008070
v 0.006599 0.112065 -0.004715
v 0.005723 0.112146 -0.005748
v 0.005935 0.112287 -0.005961
v 0.007772 0.111909 -0.002320
v 0.007284 0.111987 -0.003568
v 0.007554 0.112129 -0.003701
v 0.008103 0.111747 0.000357
v 0.008050 0.111828 -0.000993
v 0.008348 0.111969 -0.001030
v 0.007548 0.111591 0.002968
v 0.007935 0.111671 0.001679
v 0.008229 0.111812 0.001741
v 0.004111 0.111274 0.006992
v 0.005213 0.111354 0.006214
v 0.005406 0.111495 0.006444
v 0.001597 0.111114 0.007952
v 0.002888 0.111193 0.007579
v 0.002996 0.111334 0.007860
v -0.001078 0.110956 0.008039
v 0.000273 0.111036 0.008106
v 0.000283 0.111178 0.008407
v -0.003643 0.110797 0.007247
v -0.002401 0.110875 0.007747
v -0.002490 0.111017 0.008034
v -0.007335 0.110480 0.003462
v -0.006668 0.110558 0.004618
v -0.006915 0.110699 0.004789
v -0.008063 0.110321 0.000874
v -0.007805 0.110402 0.002205
v -0.008095 0.110543 0.002287
v -0.007910 0.110164 -0.001794
v -0.008097 0.110241 -0.000476
v -0.008397 0.110382 -0.000493
v -0.006886 0.110003 -0.004286
v -0.007504 0.110084 -0.003079
v -0.007782 0.110226 -0.003193
v -0.005121 0.109847 -0.006289
v -0.006082 0.109924 -0.005366
v -0.006307 0.110065 -0.005565
v -0.001482 0.109607 -0.007974
v -0.002776 0.109685 -0.007621
v -0.002879 0.109827 -0.007903
v 0.001197 0.109449 -0.008022
v -0.000154 0.109529 -0.008109
v -0.000160 0.109671 -0.008410
v 0.003747 0.109290 -0.007193
v 0.002515 0.109368 -0.007711
v 0.002608 0.109510 -0.007997
v 0.005890 0.109131 -0.005576
v 0.004880 0.109212 -0.006478
v 0.005061 0.109354 -0.006719
v 0.008076 0.108813 -0.000755
v 0.007837 0.108895 -0.002090
v 0.008127 0.109036 -0.002167
v 0.008375 0.108955 -0.000783
v 0.007658 0.109115 -0.003480
v 0.007384 0.108974 -0.003356
v 0.006984 0.109192 -0.004687
v 0.006735 0.109051 -0.004520
v 0.006109 0.109273 -0.005782
v 0.003886 0.109432 -0.007460
v 0.001241 0.109591 -0.008319
v -0.001537 0.109748 -0.008270
v -0.004155 0.109908 -0.007313
v -0.004007 0.109767 -0.007052
v -0.005311 0.109988 -0.006522
v -0.007141 0.110145 -0.004445
v -0.008203 0.110305 -0.001861
v -0.008362 0.110462 0.000907
v -0.007606 0.110622 0.003591
v -0.006023 0.110780 0.005872
v -0.005807 0.110638 0.005662
v -0.004961 0.110861 0.006792
v -0.004784 0.110719 0.006550
v -0.003778 0.110939 0.007515
v -0.001118 0.111098 0.008337
v 0.001656 0.111255 0.008247
v 0.004263 0.111415 0.007251
v 0.006388 0.111572 0.005473
v 0.006159 0.111430 0.005277
v 0.007206 0.111652 0.004339
v 0.006948 0.111510 0.004184
v 0.007828 0.111733 0.003078
v 0.008403 0.111889 0.000370
v 0.008060 0.112051 -0.002406
v 0.006844 0.112206 -0.004890
v 0.004861 0.112368 -0.006865
v 0.004687 0.112226 -0.006619
v 0.003669 0.112445 -0.007569
v 0.000994 0.112605 -0.008352
v -0.001776 0.112762 -0.008222
v -0.004370 0.112923 -0.007187
v -0.006467 0.113079 -0.005379
v -0.007873 0.113240 -0.002962
v -0.008408 0.113396 -0.000247
v -0.008024 0.113558 0.002524
v -0.006771 0.113713 0.004990
v -0.004760 0.113875 0.006935
v -0.002252 0.114031 0.008104
v -0.002171 0.113889 0.007815
v -0.000870 0.114112 0.008366
v 0.001896 0.114269 0.008195
v 0.004476 0.114430 0.007122
v 0.006545 0.114586 0.005283
v 0.007916 0.114747 0.002845
v 0.008411 0.114903 0.000124
v 0.007986 0.115065 -0.002642
v 0.006697 0.115221 -0.005090
v 0.004657 0.115382 -0.007004
v 0.002132 0.115538 -0.008137
v -0.000652 0.115699 -0.008386
v -0.000628 0.115557 -0.008086
v -0.002015 0.115776 -0.008166
v -0.004580 0.115937 -0.007055
v -0.006622 0.116093 -0.005187
v -0.007957 0.116254 -0.002728
v -0.008297 0.116432 -0.001382
v -0.008297 0.116531 -0.001382
v -0.007957 0.116354 -0.002728
v -0.007957 0.116453 -0.002728
v -0.007391 0.116273 -0.004015
v -0.007391 0.116372 -0.004015
v -0.006622 0.116192 -0.005187
v -0.006622 0.116292 -0.005187
v -0.005683 0.116115 -0.006202
v -0.005683 0.116215 -0.006202
v -0.004580 0.116036 -0.007055
v -0.004580 0.116136 -0.007055
v -0.003341 0.115955 -0.007720
v -0.003341 0.116055 -0.007720
v -0.002015 0.115875 -0.008166
v -0.002015 0.115975 -0.008166
v -0.000652 0.115798 -0.008386
v -0.000652 0.115898 -0.008386
v 0.000747 0.115719 -0.008378
v 0.000747 0.115818 -0.008378
v 0.002132 0.115637 -0.008137
v 0.002132 0.115737 -0.008137
v 0.003447 0.115558 -0.007673
v 0.003447 0.115658 -0.007673
v 0.004657 0.115481 -0.007004
v 0.004657 0.115581 -0.007004
v 0.005756 0.115401 -0.006134
v 0.005756 0.115500 -0.006134
v 0.006697 0.115320 -0.005090
v 0.006697 0.115419 -0.005090
v 0.007444 0.115242 -0.003917
v 0.007444 0.115341 -0.003917
v 0.007986 0.115164 -0.002642
v 0.007986 0.115264 -0.002642
v 0.008314 0.115083 -0.001277
v 0.008314 0.115183 -0.001277
v 0.008411 0.115003 0.000124
v 0.008411 0.115102 0.000124
v 0.008276 0.114925 0.001502
v 0.008276 0.115025 0.001502
v 0.007916 0.114847 0.002845
v 0.007916 0.114946 0.002845
v 0.007331 0.114766 0.004124
v 0.007331 0.114865 0.004124
v 0.006545 0.114685 0.005283
v 0.006545 0.114785 0.005283
v 0.005592 0.114608 0.006284
v 0.005592 0.114708 0.006284
v 0.004476 0.114529 0.007122
v 0.004476 0.114629 0.007122
v 0.003226 0.114448 0.007768
v 0.003226 0.114547 0.007768
v 0.001896 0.114368 0.008195
v 0.001896 0.114468 0.008195
v 0.000529 0.114292 0.008395
v 0.000529 0.114391 0.008395
v -0.000870 0.114211 0.008366
v -0.000870 0.114311 0.008366
v -0.002252 0.114130 0.008104
v -0.002252 0.114230 0.008104
v -0.003559 0.114052 0.007622
v -0.003559 0.114151 0.007622
v -0.004760 0.113974 0.006935
v -0.004760 0.114074 0.006935
v -0.005846 0.113894 0.006048
v -0.005846 0.113993 0.006048
v -0.006771 0.113813 0.004990
v -0.006771 0.113912 0.004990
v -0.007499 0.113735 0.003809
v -0.007499 0.113834 0.003809
v -0.008024 0.113657 0.002524
v -0.008024 0.113756 0.002524
v -0.008332 0.113576 0.001154
v -0.008332 0.113676 0.001154
v -0.008408 0.113496 -0.000247
v -0.008408 0.113595 -0.000247
v -0.008254 0.113418 -0.001622
v -0.008254 0.113518 -0.001622
v -0.007873 0.113340 -0.002962
v -0.007873 0.113439 -0.002962
v -0.007269 0.113258 -0.004232
v -0.007269 0.113358 -0.004232
v -0.006467 0.113178 -0.005379
v -0.006467 0.113278 -0.005379
v -0.005500 0.113102 -0.006364
v -0.005500 0.113201 -0.006364
v -0.004370 0.113022 -0.007187
v -0.004370 0.113121 -0.007187
v -0.003111 0.112941 -0.007815
v -0.003111 0.113040 -0.007815
v -0.001776 0.112861 -0.008222
v -0.001776 0.112961 -0.008222
v -0.000406 0.112785 -0.008402
v -0.000406 0.112884 -0.008402
v 0.000994 0.112704 -0.008352
v 0.000994 0.112804 -0.008352
v 0.002371 0.112623 -0.008070
v 0.002371 0.112723 -0.008070
v 0.003669 0.112545 -0.007569
v 0.003669 0.112644 -0.007569
v 0.004861 0.112467 -0.006865
v 0.004861 0.112567 -0.006865
v 0.005935 0.112387 -0.005961
v 0.005935 0.112486 -0.005961
v 0.006844 0.112306 -0.004890
v 0.006844 0.112405 -0.004890
v 0.007554 0.112228 -0.003701
v 0.007554 0.112328 -0.003701
v 0.008060 0.112150 -0.002406
v 0.008060 0.112249 -0.002406
v 0.008348 0.112069 -0.001030
v 0.008348 0.112168 -0.001030
v 0.008403 0.111989 0.000370
v 0.008403 0.112088 0.000370
v 0.008229 0.111912 0.001741
v 0.008229 0.112011 0.001741
v 0.007828 0.111832 0.003078
v 0.007828 0.111932 0.003078
v 0.007206 0.111751 0.004339
v 0.007206 0.111851 0.004339
v 0.006388 0.111672 0.005473
v 0.006388 0.111771 0.005473
v 0.005406 0.111595 0.006444
v 0.005406 0.111694 0.006444
v 0.004263 0.111515 0.007251
v 0.004263 0.111614 0.007251
v 0.002996 0.111434 0.007860
v 0.002996 0.111533 0.007860
v 0.001656 0.111355 0.008247
v 0.001656 0.111454 0.008247
v 0.000283 0.111278 0.008407
v 0.000283 0.111377 0.008407
v -0.001118 0.111197 0.008337
v -0.001118 0.111297 0.008337
v -0.002490 0.111116 0.008034
v -0.002490 0.111216 0.008034
v -0.003778 0.111038 0.007515
v -0.003778 0.111138 0.007515
v -0.004961 0.110960 0.006792
v -0.004961 0.111060 0.006792
v -0.006023 0.110879 0.005872
v -0.006023 0.110979 0.005872
v -0.006915 0.110799 0.004789
v -0.006915 0.110898 0.004789
v -0.007606 0.110722 0.003591
v -0.007606 0.110821 0.003591
v -0.008095 0.110643 0.002287
v -0.008095 0.110742 0.002287
v -0.008362 0.110562 0.000907
v -0.008362 0.110661 0.000907
v -0.008397 0.110482 -0.000493
v -0.008397 0.110581 -0.000493
v -0.008203 0.110405 -0.001861
v -0.008203 0.110504 -0.001861
v -0.007782 0.110325 -0.003193
v -0.007782 0.110425 -0.003193
v -0.007141 0.110244 -0.004445
v -0.007141 0.110344 -0.004445
v -0.006307 0.110165 -0.005565
v -0.006307 0.110264 -0.005565
v -0.005311 0.110088 -0.006522
v -0.005311 0.110187 -0.006522
v -0.004155 0.110008 -0.007313
v -0.004155 0.110107 -0.007313
v -0.002879 0.109927 -0.007903
v -0.002879 0.110026 -0.007903
v -0.001537 0.109848 -0.008270
v -0.001537 0.109947 -0.008270
v -0.000160 0.109771 -0.008410
v -0.000160 0.109870 -0.008410
v 0.001241 0.109690 -0.008319
v 0.001241 0.109789 -0.008319
v 0.002608 0.109609 -0.007997
v 0.002608 0.109709 -0.007997
v 0.003886 0.109531 -0.007460
v 0.003886 0.109631 -0.007460
v 0.005061 0.109453 -0.006719
v 0.005061 0.109553 -0.006719
v 0.006109 0.109372 -0.005782
v 0.006109 0.109472 -0.005782
v 0.006984 0.109292 -0.004687
v 0.006984 0.109391 -0.004687
v 0.007658 0.109215 -0.003480
v 0.007658 0.109314 -0.003480
v 0.008127 0.109136 -0.002167
v 0.008127 0.109235 -0.002167
v 0.008375 0.109055 -0.000783
v 0.008375 0.109154 -0.000783
v 0.008403 0.111889 0.000370
v -0.008297 0.116633 -0.001382
v -0.007606 0.110922 0.003591
v -0.006915 0.111000 0.004789
v 0.008375 0.109255 -0.000783
v 0.008127 0.109336 -0.002167
v 0.007658 0.109415 -0.003480
v 0.006984 0.109493 -0.004687
v 0.006109 0.109573 -0.005782
v 0.003886 0.109732 -0.007460
v 0.005061 0.109654 -0.006719
v 0.002608 0.109810 -0.007997
v 0.001241 0.109891 -0.008319
v -0.000160 0.109971 -0.008410
v -0.001537 0.110049 -0.008270
v -0.002879 0.110127 -0.007903
v -0.004155 0.110208 -0.007313
v -0.005311 0.110288 -0.006522
v -0.006307 0.110365 -0.005565
v -0.007141 0.110445 -0.004445
v -0.007782 0.110526 -0.003193
v -0.008203 0.110605 -0.001861
v -0.008397 0.110682 -0.000493
v -0.008362 0.110762 0.000907
v -0.008095 0.110844 0.002287
v -0.004961 0.111161 0.006792
v -0.006023 0.111080 0.005872
v -0.002490 0.111317 0.008034
v -0.003778 0.111239 0.007515
v -0.001118 0.111398 0.008337
v 0.000283 0.111478 0.008407
v 0.001656 0.111555 0.008247
v 0.002996 0.111634 0.007860
v 0.005406 0.111795 0.006444
v 0.004263 0.111715 0.007251
v 0.006388 0.111872 0.005473
v 0.007828 0.112033 0.003078
v 0.007206 0.111952 0.004339
v 0.008229 0.112112 0.001741
v 0.008348 0.112270 -0.001030
v 0.008403 0.112189 0.000370
v 0.008060 0.112351 -0.002406
v 0.006844 0.112507 -0.004890
v 0.007554 0.112429 -0.003701
v 0.005935 0.112587 -0.005961
v 0.004861 0.112668 -0.006865
v 0.003669 0.112745 -0.007569
v 0.002371 0.112824 -0.008070
v -0.000406 0.112985 -0.008402
v 0.000994 0.112905 -0.008352
v -0.003111 0.113142 -0.007815
v -0.001776 0.113062 -0.008222
v -0.004370 0.113223 -0.007187
v -0.006467 0.113379 -0.005379
v -0.005500 0.113302 -0.006364
v -0.007269 0.113459 -0.004232
v -0.007873 0.113540 -0.002962
v -0.008254 0.113619 -0.001622
v -0.008408 0.113696 -0.000247
v -0.008024 0.113858 0.002524
v -0.008332 0.113777 0.001154
v -0.007499 0.113936 0.003809
v -0.005846 0.114095 0.006048
v -0.006771 0.114014 0.004990
v -0.004760 0.114175 0.006935
v -0.002252 0.114331 0.008104
v -0.003559 0.114252 0.007622
v -0.000870 0.114412 0.008366
v 0.000529 0.114492 0.008395
v 0.001896 0.114569 0.008195
v 0.003226 0.114649 0.007768
v 0.005592 0.114809 0.006284
v 0.004476 0.114730 0.007122
v 0.007331 0.114966 0.004124
v 0.006545 0.114886 0.005283
v 0.007916 0.115047 0.002845
v 0.008411 0.115203 0.000124
v 0.008276 0.115126 0.001502
v 0.008314 0.115284 -0.001277
v 0.007986 0.115365 -0.002642
v 0.007444 0.115442 -0.003917
v 0.006697 0.115521 -0.005090
v 0.004657 0.115682 -0.007004
v 0.005756 0.115602 -0.006134
v 0.003447 0.115759 -0.007673
v 0.000747 0.115919 -0.008378
v 0.002132 0.115838 -0.008137
v -0.000652 0.115999 -0.008386
v -0.003341 0.116156 -0.007720
v -0.002015 0.116076 -0.008166
v -0.004580 0.116237 -0.007055
v -0.006622 0.116393 -0.005187
v -0.005683 0.116316 -0.006202
v -0.007391 0.116473 -0.004015
v -0.007957 0.116554 -0.002728
v -0.000000 0.023360 -0.006810
v 0.001183 0.023360 -0.006707
v 0.002329 0.023360 -0.006399
v 0.003405 0.023360 -0.005898
v 0.004377 0.023360 -0.005217
v 0.005217 0.023360 -0.004377
v 0.005898 0.023360 -0.003405
v 0.006399 0.023360 -0.002329
v 0.006707 0.023360 -0.001183
v 0.006810 0.023360 0.000000
v 0.006707 0.023360 0.001183
v 0.006399 0.023360 0.002329
v 0.005898 0.023360 0.003405
v 0.005217 0.023360 0.004377
v 0.004377 0.023360 0.005217
v 0.003405 0.023360 0.005898
v 0.002329 0.023360 0.006399
v 0.001183 0.023360 0.006707
v 0.000000 0.118612 0.006810
v -0.000000 0.023360 0.006810
v -0.001183 0.023360 0.006707
v -0.002329 0.023360 0.006399
v -0.003405 0.023360 0.005898
v -0.004377 0.023360 0.005217
v -0.005217 0.023360 0.004377
v -0.005898 0.023360 0.003405
v -0.006399 0.023360 0.002329
v -0.006707 0.023360 0.001183
v -0.006810 0.023360 0.000000
v -0.006707 0.023360 -0.001183
v -0.006399 0.023360 -0.002329
v -0.005898 0.023360 -0.003405
v -0.005217 0.023360 -0.004377
v -0.004377 0.023360 -0.005217
v -0.003405 0.023360 -0.005898
v -0.002329 0.023360 -0.006399
v -0.001183 0.023360 -0.006707
v 0.000182 0.001860 0.001033
v 0.000359 0.001860 0.000986
v 0.000525 0.001860 0.000909
v 0.000674 0.001860 0.000804
v 0.000804 0.001860 0.000674
v 0.000909 0.001860 0.000525
v 0.000986 0.001860 0.000359
v 0.001033 0.001860 0.000182
v 0.001049 0.001860 0.000000
v 0.006810 0.023360 0.000000
v 0.001033 0.001860 -0.000182
v 0.000986 0.001860 -0.000359
v 0.000909 0.001860 -0.000525
v 0.000804 0.001860 -0.000674
v 0.000674 0.001860 -0.000804
v 0.000525 0.001860 -0.000909
v 0.000359 0.001860 -0.000986
v 0.000182 0.001860 -0.001033
v 0.000000 0.001860 -0.001049
v 0.000000 0.023360 -0.006810
v -0.000182 0.001860 -0.001033
v -0.000359 0.001860 -0.000986
v -0.000525 0.001860 -0.000909
v -0.000674 0.001860 -0.000804
v -0.000804 0.001860 -0.000674
v -0.000909 0.001860 -0.000525
v -0.000986 0.001860 -0.000359
v -0.001033 0.001860 -0.000182
v -0.001049 0.001860 0.000000
v -0.006810 0.023360 0.000000
v -0.001033 0.001860 0.000182
v -0.000986 0.001860 0.000359
v -0.000909 0.001860 0.000525
v -0.000804 0.001860 0.000674
v -0.000674 0.001860 0.000804
v -0.000525 0.001860 0.000909
v -0.000359 0.001860 0.000986
v -0.000182 0.001860 0.001033
v 0.000000 0.001860 0.001049
v 0.000000 0.001860 0.000000
v -0.001049 0.001860 0.000000
v 0.000000 0.001860 -0.001049
v 0.001049 0.001860 0.000000
vn 0.4993 -0.0000 0.8665
vn -0.9888 0.0398 0.1438
vn -0.9962 -0.0000 0.0872
vn -0.9981 -0.0000 -0.0614
vn -0.9961 0.0157 -0.0871
vn -0.9890 -0.0000 -0.1481
vn -0.9063 0.0099 -0.4226
vn -0.9087 0.0063 -0.4174
vn -0.9364 -0.0000 -0.3510
vn -0.9659 -0.0000 -0.2588
vn -0.9553 0.0298 -0.2942
vn -0.9781 -0.0000 -0.2081
vn -0.8190 0.0163 -0.5735
vn -0.8419 -0.0000 -0.5396
vn -0.8737 -0.0000 -0.4864
vn -0.6472 -0.0000 -0.7624
vn -0.6964 0.0031 -0.7177
vn -0.7071 0.0114 -0.7071
vn -0.7526 -0.0000 -0.6584
vn -0.7917 -0.0000 -0.6110
vn -0.5990 -0.0000 -0.8008
vn -0.5735 0.0137 -0.8191
vn -0.5269 -0.0000 -0.8499
vn -0.4731 -0.0000 -0.8810
vn -0.4226 0.0132 -0.9062
vn -0.3945 -0.0000 -0.9189
vn -0.2588 0.0097 -0.9659
vn -0.2727 0.0028 -0.9621
vn -0.3368 -0.0000 -0.9416
vn 0.0151 -0.0000 -0.9999
vn -0.0465 -0.0000 -0.9989
vn -0.0871 0.0133 -0.9961
vn -0.1334 -0.0000 -0.9911
vn -0.1935 -0.0000 -0.9811
vn 0.0926 0.0080 -0.9957
vn 0.0872 0.0052 -0.9962
vn 0.1637 -0.0000 -0.9865
vn 0.2246 -0.0000 -0.9745
vn 0.2588 0.0119 -0.9659
vn 0.3086 -0.0000 -0.9512
vn 0.3666 -0.0000 -0.9304
vn 0.4226 0.0102 -0.9063
vn 0.4463 -0.0000 -0.8949
vn 0.5522 -0.0000 -0.8337
vn 0.5736 0.0096 -0.8191
vn 0.6228 -0.0000 -0.7824
vn 0.6701 -0.0000 -0.7422
vn 0.7071 0.0109 -0.7071
vn 0.7323 -0.0000 -0.6810
vn 0.8191 0.0060 -0.5736
vn 0.8174 0.0047 -0.5761
vn 0.7731 -0.0000 -0.6342
vn 0.9465 -0.0000 -0.3226
vn 0.9250 -0.0000 -0.3801
vn 0.9063 0.0105 -0.4226
vn 0.8883 -0.0000 -0.4593
vn 0.8587 -0.0000 -0.5125
vn 0.9700 0.0093 -0.2428
vn 0.9659 0.0020 -0.2588
vn 0.9840 -0.0000 -0.1782
vn 0.9932 -0.0000 -0.1168
vn 0.9962 0.0089 -0.0872
vn 0.9996 -0.0000 -0.0298
vn 0.9995 -0.0000 0.0320
vn 0.9962 0.0090 0.0872
vn 0.9929 -0.0000 0.1190
vn 0.9659 0.0067 0.2588
vn 0.9696 0.0019 0.2449
vn 0.9838 -0.0000 0.1792
vn 0.9063 0.0092 0.4226
vn 0.9246 -0.0000 0.3809
vn 0.9464 -0.0000 0.3229
vn 0.7717 -0.0000 0.6360
vn 0.8146 0.0029 0.5801
vn 0.8191 0.0056 0.5736
vn 0.8576 -0.0000 0.5143
vn 0.8879 -0.0000 0.4601
vn 0.7315 -0.0000 0.6819
vn 0.7071 0.0084 0.7071
vn 0.6693 -0.0000 0.7430
vn 0.5736 -0.0000 0.8192
vn 0.5514 0.0104 0.8342
vn 0.6225 -0.0000 0.7826
vn 0.4437 0.0002 0.8962
vn 0.4226 0.0067 0.9063
vn 0.3647 -0.0000 0.9311
vn 0.3065 -0.0000 0.9519
vn 0.2588 0.0080 0.9659
vn 0.2223 -0.0000 0.9750
vn 0.0872 0.0044 0.9962
vn 0.0901 0.0035 0.9959
vn 0.1624 -0.0000 0.9867
vn -0.0872 0.0077 0.9962
vn -0.0472 -0.0000 0.9989
vn 0.0146 -0.0000 0.9999
vn -0.3390 -0.0000 0.9408
vn -0.2771 0.0008 0.9608
vn -0.2588 0.0058 0.9659
vn -0.1954 -0.0000 0.9807
vn -0.1341 -0.0000 0.9910
vn -0.3959 -0.0000 0.9183
vn -0.4226 0.0066 0.9063
vn -0.4744 -0.0000 0.8803
vn -0.5273 -0.0000 0.8497
vn -0.5736 0.0068 0.8191
vn -0.5993 -0.0000 0.8005
vn -0.7539 -0.0000 0.6570
vn -0.7071 0.0048 0.7071
vn -0.6984 0.0017 0.7157
vn -0.6477 -0.0000 0.7619
vn -0.7931 -0.0000 0.6091
vn -0.8191 0.0070 0.5736
vn -0.8432 -0.0000 0.5377
vn -0.9366 -0.0000 0.3505
vn -0.9063 0.0025 0.4226
vn -0.9099 0.0049 0.4149
vn -0.8745 -0.0000 0.4850
vn -0.9564 -0.0000 0.2920
vn -0.9659 0.0065 0.2588
vn -0.9782 -0.0000 0.2075
vn -0.9966 0.0014 -0.0825
vn -1.0000 -0.0000 -0.0024
vn -0.9982 -0.0000 0.0596
vn -0.8725 -0.0000 -0.4887
vn -0.9069 0.0001 -0.4214
vn -0.9116 0.0057 -0.4111
vn -0.9356 -0.0000 -0.3532
vn -0.9429 -0.0000 -0.3332
vn -0.9556 -0.0029 -0.2946
vn -0.9681 0.0116 -0.2504
vn -0.9776 -0.0000 -0.2104
vn -0.9856 -0.0000 -0.1690
vn -0.9886 -0.0007 -0.1504
vn -0.9977 0.0115 -0.0667
vn -0.6593 0.0005 -0.7519
vn -0.6934 -0.0060 -0.7205
vn -0.7220 0.0075 -0.6918
vn -0.7511 -0.0000 -0.6602
vn -0.7767 -0.0000 -0.6298
vn -0.7903 -0.0028 -0.6127
vn -0.8284 0.0081 -0.5601
vn -0.8406 -0.0000 -0.5416
vn -0.8726 -0.0000 -0.4885
vn -0.2911 0.0028 -0.9567
vn -0.3346 -0.0000 -0.9424
vn -0.3698 -0.0000 -0.9291
vn -0.3927 -0.0056 -0.9197
vn -0.4490 0.0062 -0.8935
vn -0.4710 -0.0000 -0.8821
vn -0.5224 -0.0000 -0.8527
vn -0.5249 -0.0006 -0.8512
vn -0.5947 0.0013 -0.8039
vn -0.5971 -0.0000 -0.8022
vn -0.6454 -0.0000 -0.7639
vn 0.1315 0.0021 -0.9913
vn 0.0963 -0.0073 -0.9953
vn 0.0447 0.0036 -0.9990
vn 0.0174 -0.0000 -0.9998
vn -0.0388 -0.0000 -0.9992
vn -0.0443 -0.0016 -0.9990
vn -0.1256 0.0018 -0.9921
vn -0.1311 -0.0000 -0.9914
vn -0.2067 -0.0000 -0.9784
vn -0.1909 0.0041 -0.9816
vn -0.2687 -0.0056 -0.9632
vn 0.5994 0.0058 -0.8004
vn 0.5558 -0.0072 -0.8313
vn 0.5271 0.0005 -0.8498
vn 0.5020 -0.0000 -0.8649
vn 0.4555 -0.0000 -0.8902
vn 0.4482 -0.0031 -0.8939
vn 0.3763 0.0018 -0.9265
vn 0.3688 -0.0000 -0.9295
vn 0.2981 -0.0000 -0.9545
vn 0.3112 0.0048 -0.9503
vn 0.2134 -0.0056 -0.9769
vn 0.2269 -0.0000 -0.9739
vn 0.1660 -0.0000 -0.9861
vn 0.9146 0.0086 -0.4043
vn 0.8892 -0.0044 -0.4574
vn 0.8756 -0.0000 -0.4830
vn 0.8599 -0.0000 -0.5105
vn 0.8329 0.0047 -0.5534
vn 0.8197 -0.0042 -0.5727
vn 0.7814 0.0011 -0.6241
vn 0.7746 -0.0000 -0.6324
vn 0.7265 -0.0000 -0.6872
vn 0.7341 0.0050 -0.6790
vn 0.6636 -0.0032 -0.7480
vn 0.6719 -0.0000 -0.7406
vn 0.6247 -0.0000 -0.7809
vn 0.9954 0.0109 0.0951
vn 0.9994 -0.0015 0.0342
vn 1.0000 -0.0000 0.0074
vn 0.9996 -0.0000 -0.0274
vn 0.9971 0.0102 -0.0755
vn 0.9934 -0.0041 -0.1147
vn 0.9867 -0.0000 -0.1627
vn 0.9844 -0.0000 -0.1759
vn 0.9697 0.0012 -0.2444
vn 0.9711 0.0044 -0.2385
vn 0.9446 -0.0014 -0.3282
vn 0.9473 -0.0000 -0.3203
vn 0.9258 -0.0000 -0.3779
vn 0.8242 0.0086 0.5662
vn 0.8564 -0.0000 0.5164
vn 0.8688 -0.0000 0.4951
vn 0.8868 -0.0016 0.4621
vn 0.9083 0.0127 0.4182
vn 0.9237 -0.0000 0.3831
vn 0.9404 -0.0000 0.3401
vn 0.9457 -0.0002 0.3252
vn 0.9656 0.0081 0.2598
vn 0.9684 0.0028 0.2494
vn 0.9844 -0.0003 0.1761
vn 0.9834 -0.0000 0.1815
vn 0.9926 -0.0000 0.1213
vn 0.4426 0.0015 0.8967
vn 0.4972 -0.0000 0.8676
vn 0.5161 -0.0000 0.8565
vn 0.5502 -0.0057 0.8350
vn 0.5884 0.0088 0.8086
vn 0.6207 -0.0000 0.7841
vn 0.6539 -0.0000 0.7566
vn 0.6676 -0.0020 0.7445
vn 0.7170 0.0076 0.6971
vn 0.7299 -0.0000 0.6836
vn 0.7721 -0.0000 0.6355
vn 0.7702 0.0002 0.6378
vn 0.8120 -0.0013 0.5837
vn 0.0314 0.0018 0.9995
vn 0.0861 -0.0062 0.9963
vn 0.1182 0.0044 0.9930
vn 0.1601 -0.0000 0.9871
vn 0.1996 -0.0000 0.9799
vn 0.2203 -0.0042 0.9754
vn 0.2838 0.0064 0.9588
vn 0.3042 -0.0000 0.9526
vn 0.3629 -0.0000 0.9318
vn 0.3625 0.0001 0.9320
vn 0.4395 -0.0002 0.8983
vn -0.3051 0.0003 0.9523
vn -0.2811 -0.0069 0.9596
vn -0.2212 0.0045 0.9752
vn -0.1977 -0.0000 0.9803
vn -0.1387 -0.0000 0.9903
vn -0.1364 -0.0006 0.9906
vn -0.0519 0.0008 0.9987
vn -0.0496 -0.0000 0.9988
vn 0.0123 -0.0000 0.9999
vn -0.7317 0.0045 0.6816
vn -0.7013 -0.0072 0.7128
vn -0.6694 0.0018 0.7429
vn -0.6495 -0.0000 0.7604
vn -0.6050 -0.0000 0.7962
vn -0.6011 -0.0018 0.7992
vn -0.5334 0.0013 0.8459
vn -0.5293 -0.0000 0.8485
vn -0.4620 -0.0000 0.8869
vn -0.4767 0.0055 0.8790
vn -0.3825 -0.0076 0.9239
vn -0.3980 -0.0000 0.9174
vn -0.3412 -0.0000 0.9400
vn -0.9976 0.0051 0.0684
vn -0.9896 -0.0016 0.1441
vn -0.9878 -0.0000 0.1554
vn -0.9787 -0.0000 0.2052
vn -0.9715 0.0081 0.2369
vn -0.9570 -0.0056 0.2900
vn -0.9470 -0.0000 0.3211
vn -0.9374 -0.0000 0.3483
vn -0.9174 0.0028 0.3980
vn -0.9116 -0.0030 0.4111
vn -0.8791 0.0011 0.4766
vn -0.8756 -0.0000 0.4830
vn -0.8368 -0.0000 0.5475
vn -0.8446 0.0060 0.5354
vn -0.7857 -0.0049 0.6186
vn -0.7945 -0.0000 0.6072
vn -0.7554 -0.0000 0.6553
vn -0.9947 0.0084 -0.1023
vn -0.9975 -0.0039 -0.0704
vn -0.9999 0.0004 -0.0147
vn -1.0000 -0.0000 -0.0047
vn -0.9984 -0.0000 0.0572
vn -0.6483 0.0001 -0.7614
vn -0.6899 -0.0026 -0.7239
vn -0.7117 0.0106 -0.7024
vn -0.7496 -0.0000 -0.6619
vn -0.7674 -0.0000 -0.6411
vn -0.7888 -0.0006 -0.6147
vn -0.8189 0.0128 -0.5739
vn -0.8394 -0.0007 -0.5436
vn -0.8651 -0.0000 -0.5016
vn -0.8714 -0.0000 -0.4905
vn -0.9039 0.0059 -0.4278
vn -0.9047 0.0048 -0.4259
vn -0.9379 -0.0010 -0.3470
vn -0.9347 -0.0000 -0.3554
vn -0.9634 -0.0000 -0.2682
vn -0.9544 0.0178 -0.2980
vn -0.9831 -0.0092 -0.1827
vn -0.9771 -0.0000 -0.2127
vn -0.9883 -0.0000 -0.1527
vn -0.2770 0.0046 -0.9609
vn -0.3323 -0.0000 -0.9432
vn -0.3560 -0.0000 -0.9345
vn -0.3904 -0.0042 -0.9206
vn -0.4355 0.0100 -0.9001
vn -0.4689 -0.0000 -0.8832
vn -0.5098 -0.0000 -0.8603
vn -0.5229 -0.0013 -0.8524
vn -0.5825 0.0071 -0.8128
vn -0.5952 -0.0000 -0.8036
vn -0.6436 -0.0000 -0.7654
vn 0.1460 0.0009 -0.9893
vn 0.1011 -0.0068 -0.9949
vn 0.0596 0.0060 -0.9982
vn 0.0198 -0.0000 -0.9998
vn -0.0242 -0.0000 -0.9997
vn -0.0420 -0.0033 -0.9991
vn -0.1108 0.0062 -0.9938
vn -0.1288 -0.0000 -0.9917
vn -0.1924 -0.0000 -0.9813
vn -0.1889 0.0005 -0.9820
vn -0.2640 -0.0016 -0.9645
vn 0.6265 -0.0000 -0.7794
vn 0.6110 0.0032 -0.7916
vn 0.5597 -0.0064 -0.8287
vn 0.5396 0.0015 -0.8419
vn 0.5040 -0.0000 -0.8637
vn 0.4684 -0.0000 -0.8835
vn 0.4502 -0.0056 -0.8929
vn 0.3899 0.0048 -0.9209
vn 0.3710 -0.0000 -0.9286
vn 0.3121 -0.0000 -0.9500
vn 0.3131 0.0003 -0.9497
vn 0.2281 -0.0005 -0.9736
vn 0.2292 -0.0000 -0.9734
vn 0.1683 -0.0000 -0.9857
vn 0.6736 -0.0000 -0.7391
vn 0.6748 0.0005 -0.7380
vn 0.7355 -0.0005 -0.6776
vn 0.7365 -0.0000 -0.6764
vn 0.7761 -0.0000 -0.6306
vn 0.7905 0.0028 -0.6124
vn 0.8223 -0.0068 -0.5690
vn 0.8409 0.0029 -0.5412
vn 0.8611 -0.0000 -0.5085
vn 0.8904 -0.0000 -0.4551
vn 0.8823 -0.0067 -0.4706
vn 0.9268 0.0070 -0.3754
vn 0.9202 -0.0000 -0.3915
vn 0.9481 -0.0000 -0.3181
vn 0.9494 0.0008 -0.3141
vn 0.9722 -0.0018 -0.2343
vn 0.9940 0.0057 0.1094
vn 0.9993 -0.0025 0.0365
vn 0.9998 -0.0000 0.0220
vn 0.9997 -0.0000 -0.0250
vn 0.9981 0.0070 -0.0609
vn 0.9936 -0.0072 -0.1124
vn 0.9890 -0.0000 -0.1481
vn 0.9731 -0.0001 -0.2302
vn 0.9993 -0.0008 0.0366
vn 0.9962 -0.0000 0.0872
vn 0.9989 -0.0000 -0.0466
vn 0.9962 -0.0003 -0.0872
vn 0.9659 -0.0003 -0.2588
vn 0.9764 -0.0000 -0.2158
vn 0.9911 -0.0000 -0.1335
vn 0.9063 -0.0003 -0.4226
vn 0.9257 -0.0000 -0.3782
vn 0.9539 -0.0000 -0.3001
vn 0.8192 -0.0003 -0.5736
vn 0.8487 -0.0000 -0.5289
vn 0.8893 -0.0000 -0.4574
vn 0.7071 -0.0003 -0.7071
vn 0.7465 -0.0000 -0.6654
vn 0.7993 -0.0000 -0.6009
vn 0.5736 -0.0003 -0.8192
vn 0.6224 -0.0000 -0.7827
vn 0.6856 -0.0000 -0.7279
vn 0.4226 -0.0003 -0.9063
vn 0.4811 -0.0000 -0.8767
vn 0.5519 -0.0000 -0.8339
vn 0.2588 -0.0002 -0.9659
vn 0.3261 -0.0000 -0.9453
vn 0.4029 -0.0000 -0.9153
vn 0.0872 -0.0002 -0.9962
vn 0.1606 -0.0000 -0.9870
vn 0.2424 -0.0000 -0.9702
vn -0.0872 -0.0001 -0.9962
vn -0.0095 -0.0000 -1.0000
vn 0.0740 -0.0000 -0.9973
vn -0.4196 -0.0000 -0.9077
vn -0.2634 -0.0000 -0.9647
vn -0.2588 -0.0001 -0.9659
vn -0.1782 -0.0000 -0.9840
vn -0.0966 -0.0000 -0.9953
vn -0.4971 -0.0013 -0.8677
vn -0.4226 -0.0000 -0.9063
vn -0.5675 -0.0000 -0.8234
vn -0.5736 -0.0001 -0.8192
vn -0.6371 -0.0000 -0.7708
vn -0.7071 -0.0000 -0.7071
vn -0.7581 -0.0012 -0.6522
vn -0.6983 -0.0000 -0.7158
vn -0.9063 -0.0002 -0.4226
vn -0.8976 -0.0000 -0.4408
vn -0.8192 -0.0000 -0.5736
vn -0.8577 -0.0011 -0.5142
vn -0.8095 -0.0000 -0.5871
vn -0.9659 -0.0003 -0.2588
vn -0.9594 -0.0000 -0.2822
vn -0.9326 -0.0000 -0.3609
vn -0.9962 -0.0003 -0.0872
vn -0.9932 -0.0000 -0.1163
vn -0.9803 -0.0000 -0.1975
vn -0.9962 -0.0003 0.0872
vn -0.9985 -0.0000 0.0540
vn -0.9996 -0.0000 -0.0293
vn -0.9659 -0.0003 0.2588
vn -0.9748 -0.0000 0.2230
vn -0.9900 -0.0000 0.1408
vn -0.9063 -0.0003 0.4226
vn -0.9230 -0.0000 0.3849
vn -0.9517 -0.0000 0.3072
vn -0.8192 -0.0003 0.5736
vn -0.8448 -0.0000 0.5351
vn -0.8859 -0.0000 0.4638
vn -0.7071 -0.0003 0.7071
vn -0.7415 -0.0000 0.6709
vn -0.7949 -0.0000 0.6067
vn -0.5736 -0.0003 0.8192
vn -0.6167 -0.0000 0.7872
vn -0.6802 -0.0000 0.7330
vn -0.4226 -0.0003 0.9063
vn -0.4748 -0.0000 0.8801
vn -0.5457 -0.0000 0.8380
vn -0.2588 -0.0003 0.9659
vn -0.3191 -0.0000 0.9477
vn -0.3962 -0.0000 0.9181
vn -0.0872 -0.0002 0.9962
vn -0.1533 -0.0000 0.9882
vn -0.2353 -0.0000 0.9719
vn 0.0872 -0.0002 0.9962
vn 0.0168 -0.0000 0.9999
vn -0.0666 -0.0000 0.9978
vn 0.2588 -0.0002 0.9659
vn 0.1853 -0.0000 0.9827
vn 0.1039 -0.0000 0.9946
vn 0.4226 -0.0001 0.9063
vn 0.3491 -0.0000 0.9371
vn 0.2702 -0.0000 0.9628
vn 0.7034 -0.0000 0.7108
vn 0.5768 -0.0000 0.8169
vn 0.5736 -0.0001 0.8192
vn 0.5034 -0.0000 0.8640
vn 0.4294 -0.0000 0.9031
vn 0.7628 -0.0013 0.6466
vn 0.7071 -0.0000 0.7071
vn 0.8138 -0.0000 0.5811
vn 0.8614 -0.0012 0.5079
vn 0.8192 -0.0000 0.5736
vn 0.9008 -0.0000 0.4341
vn 0.9063 -0.0002 0.4226
vn 0.9353 -0.0000 0.3540
vn 0.9614 -0.0000 0.2752
vn 0.9659 -0.0002 0.2588
vn 0.9817 -0.0000 0.1904
vn 0.9923 -0.0000 0.1236
vn -0.0000 1.0000 -0.0000
vn -0.0000 -1.0000 -0.0000
vn 0.0842 -0.2579 0.9625
vn 0.2501 -0.2579 0.9332
vn 0.4083 -0.2579 0.8756
vn 0.5542 -0.2579 0.7914
vn 0.6832 -0.2579 0.6832
vn 0.7914 -0.2579 0.5542
vn 0.8756 -0.2579 0.4083
vn 0.9332 -0.2579 0.2501
vn 0.9625 -0.2579 0.0842
vn 0.9625 -0.2579 -0.0842
vn 0.9332 -0.2579 -0.2501
vn 0.8756 -0.2579 -0.4083
vn 0.7914 -0.2579 -0.5542
vn 0.6832 -0.2579 -0.6832
vn 0.5542 -0.2579 -0.7914
vn 0.4083 -0.2579 -0.8756
vn 0.2501 -0.2579 -0.9332
vn 0.0842 -0.2579 -0.9625
vn -0.0842 -0.2579 -0.9625
vn -0.2501 -0.2579 -0.9332
vn -0.4083 -0.2579 -0.8756
vn -0.5542 -0.2579 -0.7914
vn -0.6832 -0.2579 -0.6832
vn -0.7914 -0.2579 -0.5542
vn -0.8756 -0.2579 -0.4083
vn -0.9332 -0.2579 -0.2501
vn -0.9625 -0.2579 -0.0842
vn -0.9625 -0.2579 0.0842
vn -0.9332 -0.2579 0.2501
vn -0.8756 -0.2579 0.4083
vn -0.7914 -0.2579 0.5542
vn -0.6832 -0.2579 0.6832
vn -0.5542 -0.2579 0.7914
vn -0.4083 -0.2579 0.8756
vn -0.2501 -0.2579 0.9332
vn -0.0842 -0.2579 0.9625
vn 0.0001 -0.0000 1.0000
vn 0.0001 -0.0001 1.0000
vn -0.0000 -0.0000 1.0000
vn -0.0732 0.0001 0.9973
vn -0.0731 -0.0000 0.9973
vn -0.0732 -0.0000 0.9973
vn 0.2056 0.9053 -0.3718
vn 0.4032 0.9061 0.1284
vn 0.3988 0.9030 0.1598
vn -0.4023 0.9071 0.1236
vn -0.3726 0.9061 -0.2005
vn 0.0842 0.9052 -0.4166
vn 0.4202 0.9062 -0.0468
vn 0.4148 0.9072 0.0696
vn 0.3187 0.9013 0.2934
vn -0.3276 0.9052 0.2708
vn -0.3564 0.9060 -0.2282
vn -0.0642 0.9012 -0.4286
vn -0.4188 0.9041 -0.0855
vn 0.4291 0.8978 -0.0995
vn 0.4208 0.9034 -0.0828
vn 0.4147 0.9092 -0.0380
vn 0.4190 0.9070 -0.0431
vn 0.4250 0.9052 -0.0045
vn 0.4149 0.9098 0.0101
vn 0.4353 0.8991 0.0470
vn 0.4389 0.8974 0.0443
vn 0.4160 0.9066 0.0706
vn 0.3212 0.9008 -0.2923
vn 0.3232 0.9067 -0.2710
vn 0.3372 0.9058 -0.2567
vn 0.3442 0.9076 -0.2404
vn 0.3547 0.9043 -0.2376
vn 0.3605 0.9062 -0.2207
vn 0.3713 0.9053 -0.2062
vn 0.3700 0.9098 -0.1882
vn 0.3808 0.9066 -0.1820
vn 0.3895 0.9058 -0.1667
vn 0.4005 0.9032 -0.1544
vn 0.3958 0.9073 -0.1416
vn 0.4124 0.9046 -0.1081
vn 0.1435 0.9017 -0.4079
vn 0.1504 0.9069 -0.3936
vn 0.1743 0.9059 -0.3861
vn 0.1837 0.9068 -0.3794
vn 0.1988 0.9036 -0.3795
vn 0.2063 0.9066 -0.3682
vn 0.2269 0.9055 -0.3587
vn 0.2343 0.9093 -0.3439
vn 0.2478 0.9061 -0.3430
vn 0.2584 0.9061 -0.3349
vn 0.2775 0.9048 -0.3230
vn 0.2784 0.9081 -0.3129
vn 0.3083 0.9046 -0.2943
vn -0.0588 0.9039 -0.4236
vn -0.0260 0.9064 -0.4217
vn -0.0068 0.9044 -0.4267
vn -0.0002 0.9068 -0.4215
vn 0.0295 0.9055 -0.4234
vn 0.0379 0.9077 -0.4179
vn 0.0560 0.9051 -0.4215
vn 0.0640 0.9063 -0.4177
vn 0.0915 0.9048 -0.4159
vn 0.0981 0.9085 -0.4062
vn 0.1266 0.9050 -0.4062
vn -0.2052 0.9065 -0.3690
vn -0.2038 0.9070 -0.3686
vn -0.1744 0.9055 -0.3869
vn -0.1714 0.9061 -0.3867
vn -0.1497 0.9058 -0.3964
vn -0.1464 0.9066 -0.3958
vn -0.1170 0.9049 -0.4093
vn -0.1112 0.9069 -0.4065
vn -0.0870 0.9057 -0.4149
vn -0.2996 0.9045 -0.3035
vn -0.2775 0.9066 -0.3178
vn -0.2629 0.9007 -0.3458
vn -0.2524 0.9046 -0.3434
vn -0.2287 0.9059 -0.3563
vn -0.2979 0.9050 -0.3036
vn -0.3185 0.9067 -0.2764
vn -0.3183 0.9078 -0.2730
vn -0.3377 0.9052 -0.2580
vn -0.3386 0.9057 -0.2552
vn -0.3538 0.9070 -0.2287
vn -0.4231 0.9060 -0.0053
vn -0.4234 0.9054 -0.0318
vn -0.4225 0.9058 -0.0312
vn -0.4192 0.9061 -0.0575
vn -0.4189 0.9056 -0.0656
vn -0.4076 0.9093 -0.0841
vn -0.4118 0.9068 -0.0903
vn -0.4076 0.9056 -0.1173
vn -0.4096 0.9038 -0.1243
vn -0.3947 0.9078 -0.1418
vn -0.3975 0.8999 -0.1794
vn -0.3940 0.9012 -0.1804
vn -0.3724 0.9059 -0.2015
vn -0.4185 0.9044 0.0839
vn -0.4113 0.9091 0.0660
vn -0.4352 0.8997 0.0330
vn -0.4366 0.8990 0.0345
vn -0.4222 0.9065 0.0045
vn -0.3288 0.9098 0.2533
vn -0.3614 0.9011 0.2396
vn -0.3699 0.8980 0.2383
vn -0.3660 0.9068 0.2094
vn -0.3754 0.9057 0.1970
vn -0.3854 0.9051 0.1795
vn -0.4030 0.8984 0.1746
vn -0.3988 0.9033 0.1584
vn -0.3986 0.9100 0.1140
vn -0.4031 0.9070 0.1220
vn -0.4129 0.9058 0.0945
vn -0.2707 0.8981 0.3466
vn -0.2725 0.9025 0.3335
vn -0.2981 0.9093 0.2902
vn -0.2984 0.9047 0.3040
vn -0.3151 0.9061 0.2823
vn -0.0657 0.9015 0.4278
vn -0.0767 0.9068 0.4145
vn -0.1006 0.9058 0.4117
vn -0.1127 0.9073 0.4051
vn -0.1267 0.9038 0.4089
vn -0.1380 0.9064 0.3992
vn -0.1594 0.9053 0.3938
vn -0.1696 0.9098 0.3788
vn -0.1822 0.9066 0.3807
vn -0.1959 0.9058 0.3757
vn -0.2138 0.9046 0.3688
vn -0.2160 0.9074 0.3606
vn -0.2484 0.9051 0.3451
vn 0.1438 0.9027 0.4055
vn 0.1328 0.9069 0.3998
vn 0.1070 0.9058 0.4099
vn 0.0994 0.9065 0.4103
vn 0.0831 0.9041 0.4192
vn 0.0742 0.9067 0.4152
vn 0.0482 0.9054 0.4218
vn 0.0380 0.9081 0.4170
vn 0.0232 0.9055 0.4237
vn 0.0141 0.9063 0.4223
vn -0.0123 0.9048 0.4256
vn -0.0190 0.9080 0.4186
vn -0.0502 0.9052 0.4221
vn 0.3124 0.9037 0.2930
vn 0.2881 0.9061 0.3099
vn 0.2707 0.9060 0.3253
vn 0.2679 0.9069 0.3252
vn 0.2436 0.9055 0.3475
vn 0.2388 0.9066 0.3479
vn 0.2211 0.9056 0.3620
vn 0.2165 0.9065 0.3624
vn 0.1906 0.9048 0.3808
vn 0.1818 0.9077 0.3781
vn 0.1603 0.9056 0.3928
vn 0.4213 0.9009 0.1041
vn 0.4184 0.9021 0.1055
vn 0.4033 0.9059 0.1294
vn 0.3908 0.9069 0.1573
vn 0.3907 0.9070 0.1574
vn 0.3791 0.9055 0.1908
vn 0.3806 0.9051 0.1898
vn 0.3628 0.9073 0.2128
vn 0.3645 0.9067 0.2120
vn 0.3483 0.9049 0.2448
vn 0.3481 0.9049 0.2448
vn 0.3297 0.9063 0.2644
vn 0.4285 0.9025 0.0439
vn 0.4226 0.9050 0.0493
vn 0.4212 0.9069 0.0082
vn 0.4132 0.9105 0.0158
vn 0.4245 0.9054 -0.0117
vn 0.4232 0.9059 -0.0184
vn 0.4188 0.9070 -0.0451
vn 0.3324 0.9060 -0.2620
vn 0.3466 0.9056 -0.2442
vn 0.3512 0.9040 -0.2440
vn 0.3601 0.9062 -0.2216
vn 0.3673 0.9056 -0.2120
vn 0.3699 0.9094 -0.1904
vn 0.3774 0.9068 -0.1880
vn 0.3892 0.9058 -0.1676
vn 0.3965 0.9039 -0.1603
vn 0.3933 0.9085 -0.1413
vn 0.4215 0.9001 -0.1104
vn 0.4244 0.8982 -0.1145
vn 0.4157 0.9058 -0.0820
vn 0.1871 0.8997 -0.3944
vn 0.2055 0.9065 -0.3688
vn 0.2207 0.9058 -0.3618
vn 0.2338 0.9090 -0.3451
vn 0.2415 0.9064 -0.3466
vn 0.2580 0.9060 -0.3356
vn 0.2714 0.9052 -0.3271
vn 0.2750 0.9097 -0.3112
vn 0.3172 0.8999 -0.2992
vn 0.3179 0.8964 -0.3087
vn 0.3226 0.9066 -0.2719
vn 0.1915 0.9050 -0.3799
vn 0.1676 0.9061 -0.3884
vn 0.1495 0.9069 -0.3940
vn 0.1378 0.8984 -0.4171
vn 0.1264 0.9023 -0.4123
vn 0.0960 0.9098 -0.4038
vn -0.0068 0.8995 -0.4368
vn -0.0030 0.9016 -0.4326
vn 0.0490 0.9095 -0.4128
vn 0.0361 0.9024 -0.4293
vn 0.0631 0.9063 -0.4179
vn -0.1585 0.9039 -0.3972
vn -0.1473 0.9066 -0.3955
vn -0.1236 0.9052 -0.4066
vn -0.1104 0.9088 -0.4025
vn -0.0980 0.9058 -0.4123
vn -0.0876 0.9061 -0.4138
vn -0.0648 0.9047 -0.4211
vn -0.0586 0.9073 -0.4165
vn -0.0274 0.9055 -0.4235
vn -0.2111 0.9018 -0.3771
vn -0.2122 0.9014 -0.3775
vn -0.1713 0.9069 -0.3849
vn -0.3665 0.9029 -0.2246
vn -0.3549 0.9069 -0.2270
vn -0.3409 0.9058 -0.2516
vn -0.3383 0.9062 -0.2539
vn -0.3257 0.9053 -0.2726
vn -0.3209 0.9068 -0.2734
vn -0.3023 0.9053 -0.2982
vn -0.2961 0.9069 -0.2997
vn -0.2836 0.9055 -0.3155
vn -0.2785 0.9065 -0.3175
vn -0.2582 0.9049 -0.3385
vn -0.2491 0.9078 -0.3373
vn -0.2294 0.9056 -0.3567
vn -0.3853 0.9057 -0.1769
vn -0.3877 0.9048 -0.1759
vn -0.3975 0.9067 -0.1412
vn -0.3972 0.9068 -0.1415
vn -0.4083 0.9054 -0.1165
vn -0.4194 0.9059 -0.0586
vn -0.4118 0.9075 -0.0824
vn -0.4129 0.9070 -0.0835
vn -0.4080 0.9055 -0.1168
vn -0.4286 0.9029 0.0336
vn -0.4215 0.9068 0.0054
vn -0.4305 0.9023 -0.0233
vn -0.4213 0.9064 -0.0310
vn -0.4194 0.9060 -0.0567
vn -0.4248 0.9048 0.0288
vn -0.4170 0.9067 0.0633
vn -0.4123 0.9086 0.0674
vn -0.4157 0.9050 0.0907
vn -0.4128 0.9058 0.0956
vn -0.4025 0.9070 0.1240
vn -0.3319 0.9069 0.2595
vn -0.3539 0.9055 0.2340
vn -0.3627 0.9032 0.2295
vn -0.3637 0.9078 0.2088
vn -0.3933 0.9010 0.1831
vn -0.3953 0.8992 0.1874
vn -0.3940 0.9057 0.1566
vn -0.2969 0.9064 0.3005
vn -0.3300 0.9113 0.2461
vn -0.3224 0.9055 0.2759
vn -0.3144 0.9061 0.2832
vn -0.2969 0.9054 0.3036
vn -0.1694 0.9070 0.3857
vn -0.1944 0.9059 0.3763
vn -0.2078 0.9046 0.3721
vn -0.2139 0.9090 0.3578
vn -0.2580 0.9004 0.3503
vn -0.2571 0.8949 0.3647
vn -0.2683 0.9056 0.3285
vn -0.1733 0.9107 0.3750
vn -0.1526 0.9056 0.3958
vn -0.1370 0.9064 0.3997
vn -0.1131 0.9012 0.4183
vn -0.1191 0.9057 0.4068
vn -0.0934 0.9060 0.4127
vn -0.0757 0.9068 0.4148
vn -0.0582 0.8987 0.4347
vn 0.1541 0.8994 0.4091
vn 0.1347 0.9070 0.3991
vn 0.1136 0.9061 0.4075
vn 0.1011 0.9057 0.4118
vn 0.0917 0.9020 0.4218
vn 0.0752 0.9066 0.4151
vn 0.0549 0.9057 0.4204
vn 0.0388 0.9084 0.4164
vn 0.0302 0.9052 0.4240
vn 0.0151 0.9063 0.4224
vn -0.0050 0.9052 0.4250
vn -0.0174 0.9096 0.4151
vn -0.0490 0.9024 0.4280
vn 0.2294 0.9042 0.3604
vn 0.2174 0.9065 0.3620
vn 0.1968 0.9052 0.3768
vn 0.1803 0.9096 0.3742
vn 0.1644 0.9033 0.3962
vn 0.2765 0.9015 0.3328
vn 0.2785 0.9008 0.3332
vn 0.2384 0.9074 0.3461
vn 0.4043 0.9008 0.1583
vn 0.3782 0.9064 0.1880
vn 0.3713 0.9048 0.2083
vn 0.3651 0.9067 0.2112
vn 0.3517 0.9052 0.2385
vn 0.3437 0.9075 0.2416
vn 0.3359 0.9055 0.2595
vn 0.3304 0.9063 0.2637
vn 0.3149 0.9046 0.2872
vn 0.3076 0.9071 0.2874
vn 0.2893 0.9058 0.3097
vn 0.4095 0.9064 0.1037
vn 0.4135 0.9048 0.1012
vn 0.4164 0.9066 0.0687
vn 0.4172 0.9063 0.0677
vn 0.4219 0.9056 0.0433
vn 0.4234 0.9058 -0.0188
vn 0.4207 0.9072 0.0073
vn 0.4213 0.9069 0.0077
vn 0.4226 0.9053 0.0423
vn 0.4139 0.9035 -0.1110
vn 0.4140 0.9065 -0.0825
vn 0.4258 0.9031 -0.0559
vn 0.4186 0.9070 -0.0471
vn 0.4232 0.9058 -0.0194
vn 0.3633 0.9059 -0.2178
vn 0.3720 0.9077 -0.1943
vn 0.3739 0.9069 -0.1941
vn 0.3890 0.9057 -0.1686
vn 0.3921 0.9049 -0.1657
vn 0.3939 0.9080 -0.1428
vn 0.3978 0.9067 -0.1402
vn 0.4119 0.9049 -0.1074
vn 0.2349 0.9072 -0.3490
vn 0.2348 0.9070 -0.3496
vn 0.2653 0.9055 -0.3312
vn 0.2732 0.9099 -0.3121
vn 0.2842 0.9067 -0.3117
vn 0.3059 0.9053 -0.2945
vn 0.3148 0.9028 -0.2931
vn 0.3211 0.9073 -0.2716
vn 0.3493 0.9024 -0.2523
vn 0.3483 0.9042 -0.2472
vn 0.3596 0.9062 -0.2225
vn 0.1885 0.8957 -0.4026
vn 0.1916 0.9010 -0.3891
vn 0.1480 0.9083 -0.3912
vn 0.1377 0.9036 -0.4057
vn 0.1243 0.9057 -0.4053
vn 0.0945 0.9069 -0.4105
vn 0.1017 0.9115 -0.3985
vn 0.0770 0.9055 -0.4173
vn -0.0201 0.8982 -0.4391
vn -0.0027 0.9053 -0.4247
vn 0.0415 0.9066 -0.4200
vn 0.0351 0.9031 -0.4280
vn 0.0620 0.9063 -0.4181
vn -0.1143 0.9056 -0.4085
vn -0.0887 0.9061 -0.4137
vn -0.0715 0.9050 -0.4193
vn -0.0593 0.9092 -0.4122
vn -0.0295 0.9030 -0.4286
vn -0.1006 0.9108 -0.4003
vn -0.1301 0.9055 -0.4038
vn -0.1483 0.9065 -0.3953
vn -0.1671 0.9023 -0.3974
vn -0.2262 0.8988 -0.3754
vn -0.2073 0.9057 -0.3698
vn -0.1733 0.9060 -0.3861
vn -0.3768 0.8996 -0.2209
vn -0.3559 0.9069 -0.2253
vn -0.3446 0.9061 -0.2454
vn -0.3395 0.9058 -0.2534
vn -0.3352 0.9026 -0.2699
vn -0.3216 0.9067 -0.2727
vn -0.3067 0.9056 -0.2928
vn -0.2954 0.9077 -0.2980
vn -0.2904 0.9046 -0.3121
vn -0.2793 0.9064 -0.3169
vn -0.2634 0.9052 -0.3335
vn -0.2480 0.9095 -0.3335
vn -0.2334 0.9035 -0.3594
vn -0.4284 0.8999 -0.0810
vn -0.4056 0.9068 -0.1152
vn -0.4038 0.9048 -0.1353
vn -0.3979 0.9066 -0.1403
vn -0.3900 0.9052 -0.1689
vn -0.3803 0.9083 -0.1745
vn -0.3762 0.9045 -0.2007
vn -0.4232 -0.9045 -0.0526
vn -0.3832 -0.9045 -0.1873
vn -0.3011 -0.9045 -0.3021
vn -0.1859 -0.9045 -0.3838
vn 0.0193 -0.9045 -0.4261
vn 0.1588 -0.9045 -0.3958
vn 0.2781 -0.9045 -0.3234
vn 0.3690 -0.9045 -0.2139
vn 0.4183 -0.9045 -0.0829
vn 0.4224 -0.9045 0.0586
vn 0.3804 -0.9045 0.1930
vn 0.2967 -0.9045 0.3063
vn 0.1802 -0.9045 0.3866
vn 0.0450 -0.9045 0.4241
vn -0.1645 -0.9045 0.3935
vn -0.2828 -0.9045 0.3192
vn -0.3719 -0.9045 0.2087
vn -0.4196 -0.9045 0.0766
vn -0.4215 -0.9045 -0.0646
vn -0.3774 -0.9045 -0.1986
vn -0.2923 -0.9045 -0.3106
vn -0.1744 -0.9045 -0.3892
vn -0.0389 -0.9045 -0.4247
vn 0.1031 -0.9045 -0.4138
vn 0.2876 -0.9045 -0.3150
vn 0.3748 -0.9045 -0.2034
vn 0.4207 -0.9045 -0.0704
vn 0.4207 -0.9045 0.0706
vn 0.2878 -0.9045 0.3147
vn 0.1685 -0.9045 0.3918
vn 0.0327 -0.9045 0.4252
vn -0.1093 -0.9045 0.4123
vn -0.3404 -0.9045 0.2569
vn -0.4050 -0.9045 0.1337
vn -0.4264 -0.9045 -0.0078
vn -0.4013 -0.9045 -0.1446
vn -0.3309 -0.9045 -0.2690
vn -0.1626 -0.9045 -0.3943
vn -0.0265 -0.9045 -0.4257
vn 0.1154 -0.9045 -0.4105
vn 0.2416 -0.9045 -0.3515
vn 0.4070 -0.9045 -0.1277
vn -0.4261 -0.9044 0.0196
vn 0.4298 -0.9012 -0.0557
vn 0.3880 -0.9012 -0.1931
vn 0.3804 -0.9045 -0.1926
vn 0.3513 -0.9013 -0.2534
vn 0.3442 -0.9045 -0.2518
vn 0.3038 -0.9012 -0.3091
vn 0.1867 -0.9013 -0.3910
vn 0.0483 -0.9012 -0.4308
vn -0.0936 -0.9013 -0.4229
vn -0.2278 -0.9012 -0.3689
vn -0.2266 -0.9045 -0.3613
vn -0.2856 -0.9012 -0.3260
vn -0.3758 -0.9012 -0.2158
vn -0.4258 -0.9012 -0.0808
vn -0.4289 -0.9012 0.0621
vn -0.3851 -0.9012 0.1986
vn -0.2992 -0.9012 0.3136
vn -0.2923 -0.9045 0.3106
vn -0.2428 -0.9012 0.3591
vn -0.2364 -0.9045 0.3550
vn -0.1811 -0.9013 0.3935
vn -0.0419 -0.9011 0.4315
vn 0.0997 -0.9013 0.4215
vn 0.2332 -0.9011 0.3654
vn 0.3383 -0.9013 0.2705
vn 0.3348 -0.9045 0.2641
vn 0.3790 -0.9012 0.2102
vn 0.3744 -0.9045 0.2043
vn 0.4090 -0.9011 0.1438
vn 0.4331 -0.9013 0.0044
vn 0.4106 -0.9012 -0.1391
vn 0.3436 -0.9013 -0.2638
vn 0.2376 -0.9012 -0.3626
vn 0.2312 -0.9045 -0.3584
vn 0.1755 -0.9013 -0.3960
vn 0.0355 -0.9011 -0.4321
vn -0.1058 -0.9013 -0.4200
vn -0.2386 -0.9011 -0.3619
vn -0.3421 -0.9014 -0.2655
vn -0.4111 -0.9011 -0.1377
vn -0.4332 -0.9013 0.0020
vn -0.4085 -0.9012 0.1451
vn -0.3397 -0.9013 0.2689
vn -0.2322 -0.9012 0.3660
vn -0.1013 -0.9013 0.4213
vn -0.0968 -0.9045 0.4153
vn -0.0291 -0.9011 0.4325
vn 0.1118 -0.9013 0.4184
vn 0.2439 -0.9011 0.3584
vn 0.3461 -0.9013 0.2605
vn 0.4130 -0.9012 0.1317
vn 0.4331 -0.9013 -0.0084
vn 0.4063 -0.9012 -0.1510
vn 0.3357 -0.9013 -0.2740
vn 0.2268 -0.9012 -0.3694
vn 0.0950 -0.9012 -0.4228
vn -0.0490 -0.9012 -0.4306
vn -0.0511 -0.9045 -0.4234
vn -0.1179 -0.9013 -0.4167
vn -0.2492 -0.9011 -0.3547
vn -0.3499 -0.9013 -0.2554
vn -0.4149 -0.9011 -0.1256
vn -0.4332 -0.9011 0.0168
vn -0.4261 -0.9045 0.0175
vn -0.4329 -0.9013 0.0149
vn 0.4292 -0.9024 -0.0393
vn 0.4604 -0.8859 -0.0570
vn 0.4226 -0.9045 -0.0577
vn 0.4146 -0.9011 -0.1269
vn 0.4207 -0.9040 -0.0755
vn 0.4163 -0.9022 -0.1126
vn 0.4443 -0.8859 -0.1333
vn 0.4018 -0.9040 -0.1462
vn 0.3874 -0.9011 -0.1949
vn 0.4490 -0.8714 -0.1974
vn 0.3719 -0.9040 -0.2110
vn 0.3504 -0.9012 -0.2551
vn 0.4035 -0.8754 -0.2662
vn 0.3311 -0.9039 -0.2708
vn 0.3027 -0.9010 -0.3107
vn 0.2968 -0.9045 -0.3063
vn 0.2480 -0.9012 -0.3555
vn 0.3459 -0.8792 -0.3277
vn 0.2794 -0.9038 -0.3242
vn 0.2467 -0.9010 -0.3569
vn 0.2794 -0.8832 -0.3767
vn 0.2205 -0.9037 -0.3669
vn 0.1851 -0.9011 -0.3920
vn 0.1812 -0.9045 -0.3861
vn 0.1201 -0.9013 -0.4162
vn 0.2069 -0.8880 -0.4107
vn 0.1571 -0.9037 -0.3982
vn 0.1184 -0.9012 -0.4170
vn 0.1324 -0.8912 -0.4338
vn 0.0863 -0.9036 -0.4196
vn 0.0465 -0.9010 -0.4313
vn 0.0446 -0.9045 -0.4242
vn -0.0239 -0.9012 -0.4328
vn 0.0539 -0.8944 -0.4440
vn 0.0129 -0.9035 -0.4284
vn -0.0258 -0.9010 -0.4330
vn -0.0231 -0.8976 -0.4403
vn -0.0595 -0.9034 -0.4246
vn -0.0955 -0.9012 -0.4228
vn -0.0950 -0.9045 -0.4158
vn -0.1625 -0.9013 -0.4017
vn -0.2284 -0.9044 -0.3603
vn -0.2295 -0.9010 -0.3681
vn -0.1645 -0.9045 -0.3936
vn -0.1643 -0.9011 -0.4013
vn -0.1287 -0.9034 -0.4090
vn -0.0955 -0.9013 -0.4226
vn -0.2605 -0.9031 -0.3415
vn -0.2897 -0.8988 -0.3290
vn -0.2833 -0.9045 -0.3189
vn -0.3343 -0.9013 -0.2754
vn -0.3342 -0.9044 -0.2652
vn -0.3420 -0.8967 -0.2811
vn -0.3133 -0.9032 -0.2934
vn -0.2860 -0.9044 -0.3166
vn -0.3585 -0.9030 -0.2366
vn -0.3894 -0.8934 -0.2242
vn -0.3713 -0.9045 -0.2098
vn -0.4068 -0.9011 -0.1498
vn -0.4047 -0.9043 -0.1361
vn -0.4250 -0.8913 -0.1576
vn -0.3944 -0.9028 -0.1712
vn -0.3752 -0.9043 -0.2035
vn -0.4179 -0.9028 -0.1019
vn -0.4472 -0.8903 -0.0863
vn -0.4195 -0.9045 -0.0766
vn -0.4330 -0.9013 -0.0108
vn -0.4270 -0.9042 0.0045
vn -0.4579 -0.8889 -0.0131
vn -0.4290 -0.9028 -0.0313
vn -0.4217 -0.9043 -0.0665
vn -0.4285 -0.9026 0.0426
vn -0.4576 -0.8869 0.0639
vn -0.4217 -0.9045 0.0641
vn -0.4126 -0.9011 0.1330
vn -0.4005 -0.9041 0.1491
vn -0.4414 -0.8864 0.1397
vn -0.4151 -0.9024 0.1157
vn -0.4199 -0.9042 0.0787
vn -0.3898 -0.9023 0.1840
vn -0.4118 -0.8868 0.2097
vn -0.3777 -0.9045 0.1980
vn -0.3474 -0.9013 0.2586
vn -0.3702 -0.9041 0.2135
vn -0.3540 -0.9023 0.2460
vn -0.3733 -0.8861 0.2746
vn -0.3288 -0.9040 0.2732
vn -0.2980 -0.9010 0.3152
vn -0.3551 -0.8714 0.3385
vn -0.2768 -0.9039 0.3261
vn -0.2414 -0.9010 0.3604
vn -0.2860 -0.8760 0.3883
vn -0.2176 -0.9039 0.3683
vn -0.1796 -0.9011 0.3946
vn -0.1757 -0.9045 0.3886
vn -0.1138 -0.9013 0.4180
vn -0.2109 -0.8816 0.4222
vn -0.1541 -0.9039 0.3991
vn -0.1121 -0.9011 0.4188
vn -0.1347 -0.8846 0.4465
vn -0.0830 -0.9037 0.4200
vn -0.0401 -0.9010 0.4320
vn -0.0383 -0.9045 0.4248
vn 0.0302 -0.9012 0.4324
vn -0.0539 -0.8881 0.4565
vn -0.0096 -0.9036 0.4282
vn 0.0321 -0.9010 0.4326
vn 0.0252 -0.8917 0.4519
vn 0.0625 -0.9036 0.4238
vn 0.1015 -0.9012 0.4214
vn 0.1009 -0.9045 0.4144
vn 0.1685 -0.9012 0.3992
vn 0.0994 -0.8958 0.4331
vn 0.1318 -0.9036 0.4077
vn 0.1703 -0.9011 0.3988
vn 0.1702 -0.8989 0.4037
vn 0.2006 -0.9034 0.3790
vn 0.2350 -0.9010 0.3647
vn 0.2320 -0.9045 0.3579
vn 0.2902 -0.9012 0.3219
vn 0.2348 -0.9016 0.3633
vn 0.2624 -0.9033 0.3393
vn 0.2919 -0.9010 0.3208
vn 0.2894 -0.9045 0.3134
vn 0.3396 -0.9012 0.2693
vn 0.3765 -0.9044 0.2006
vn 0.3858 -0.8976 0.2130
vn 0.3599 -0.9032 0.2337
vn 0.3361 -0.9045 0.2626
vn 0.3953 -0.9030 0.1681
vn 0.4205 -0.8952 0.1477
vn 0.4034 -0.9045 0.1386
vn 0.4268 -0.9013 0.0747
vn 0.4221 -0.9043 0.0634
vn 0.4421 -0.8936 0.0777
vn 0.4183 -0.9029 0.0987
vn 0.4055 -0.9044 0.1331
vn 0.4288 -0.9030 0.0282
vn 0.4529 -0.8915 0.0056
vn 0.4264 -0.9045 0.0015
vn 0.4280 -0.9012 -0.0685
vn 0.4191 -0.9042 -0.0818
vn 0.4524 -0.8890 -0.0707
vn 0.4277 -0.9027 -0.0458
vn 0.4268 -0.9043 -0.0078
vn 0.4138 -0.9026 -0.1187
vn 0.4363 -0.8880 -0.1456
vn 0.4030 -0.9045 -0.1396
vn 0.3822 -0.9013 -0.2040
vn 0.3685 -0.9042 -0.2160
vn 0.4070 -0.8878 -0.2149
vn 0.3880 -0.9025 -0.1867
vn 0.3991 -0.9042 -0.1520
vn 0.3518 -0.9025 -0.2483
vn 0.3689 -0.8863 -0.2800
vn 0.3366 -0.9045 -0.2620
vn 0.2944 -0.9012 -0.3181
vn 0.3265 -0.9041 -0.2756
vn 0.3039 -0.9023 -0.3059
vn 0.3174 -0.8857 -0.3388
vn 0.2742 -0.9040 -0.3280
vn 0.2361 -0.9010 -0.3639
vn 0.2931 -0.8682 -0.4005
vn 0.2148 -0.9040 -0.3697
vn 0.1739 -0.9012 -0.3970
vn 0.1701 -0.9045 -0.3911
vn 0.1076 -0.9013 -0.4197
vn 0.2154 -0.8746 -0.4344
vn 0.1511 -0.9040 -0.4000
vn 0.1059 -0.9011 -0.4205
vn 0.1370 -0.8773 -0.4599
vn 0.0797 -0.9038 -0.4204
vn 0.0337 -0.9010 -0.4325
vn 0.0320 -0.9045 -0.4253
vn -0.0365 -0.9012 -0.4319
vn 0.0540 -0.8812 -0.4697
vn 0.0063 -0.9038 -0.4280
vn -0.0384 -0.9010 -0.4320
vn -0.0273 -0.8854 -0.4640
vn -0.0655 -0.9037 -0.4231
vn -0.1076 -0.9012 -0.4198
vn -0.1069 -0.9045 -0.4129
vn -0.1744 -0.9012 -0.3967
vn -0.1034 -0.8899 -0.4443
vn -0.1347 -0.9037 -0.4064
vn -0.1763 -0.9011 -0.3962
vn -0.1762 -0.8929 -0.4142
vn -0.2034 -0.9035 -0.3772
vn -0.2404 -0.9010 -0.3612
vn -0.2372 -0.9045 -0.3544
vn -0.2949 -0.9012 -0.3176
vn -0.2422 -0.8960 -0.3722
vn -0.2649 -0.9034 -0.3371
vn -0.2964 -0.9011 -0.3166
vn -0.2977 -0.8993 -0.3203
vn -0.3173 -0.9034 -0.2884
vn -0.3435 -0.9012 -0.2643
vn -0.3387 -0.9045 -0.2592
vn -0.3821 -0.9012 -0.2045
vn -0.3784 -0.9045 -0.1968
vn -0.3833 -0.9010 -0.2030
vn -0.3615 -0.9034 -0.2308
vn -0.3417 -0.9029 -0.2608
vn -0.3966 -0.9031 -0.1647
vn -0.4142 -0.8998 -0.1372
vn -0.4053 -0.9045 -0.1327
vn -0.4279 -0.9012 -0.0685
vn -0.4224 -0.9044 -0.0604
vn -0.4352 -0.8977 -0.0689
vn -0.4186 -0.9031 -0.0955
vn -0.4063 -0.9044 -0.1300
vn -0.4286 -0.9031 -0.0251
vn -0.4458 -0.8951 0.0021
vn -0.4264 -0.9045 0.0048
vn -0.4268 -0.9012 0.0749
vn -0.4184 -0.9043 0.0849
vn -0.4449 -0.8922 0.0773
vn -0.4270 -0.9029 0.0490
vn -0.4266 -0.9044 0.0110
vn -0.4125 -0.9028 0.1217
vn -0.4290 -0.8906 0.1510
vn -0.4009 -0.9045 0.1455
vn -0.3792 -0.9013 0.2094
vn -0.3669 -0.9042 0.2185
vn -0.4001 -0.8898 0.2193
vn -0.3863 -0.9027 0.1894
vn -0.3978 -0.9043 0.1549
vn -0.3496 -0.9027 0.2507
vn -0.3625 -0.8876 0.2842
vn -0.3326 -0.9045 0.2670
vn -0.2897 -0.9012 0.3224
vn -0.2715 -0.9041 0.3299
vn -0.3112 -0.8864 0.3426
vn -0.3013 -0.9025 0.3079
vn -0.3243 -0.9042 0.2779
vn -0.2444 -0.9024 0.3550
vn -0.2501 -0.8864 0.3896
vn -0.2260 -0.9045 0.3617
vn -0.1698 -0.9013 0.3985
vn -0.2121 -0.9041 0.3710
vn -0.1818 -0.9023 0.3908
vn -0.1831 -0.8870 0.4239
vn -0.1481 -0.9041 0.4009
vn -0.0996 -0.9011 0.4220
vn -0.1395 -0.8694 0.4740
vn -0.0765 -0.9040 0.4207
vn -0.0272 -0.9010 0.4330
vn -0.0257 -0.9045 0.4258
vn 0.0427 -0.9012 0.4313
vn -0.0540 -0.8737 0.4835
vn -0.0031 -0.9039 0.4278
vn 0.0446 -0.9010 0.4314
vn 0.0297 -0.8786 0.4767
vn 0.0685 -0.9038 0.4223
vn 0.1137 -0.9012 0.4182
vn 0.1129 -0.9045 0.4113
vn 0.1804 -0.9012 0.3941
vn 0.1077 -0.8833 0.4563
vn 0.1378 -0.9038 0.4052
vn 0.1822 -0.9011 0.3936
vn 0.1826 -0.8865 0.4253
vn 0.2062 -0.9037 0.3753
vn 0.2457 -0.9010 0.3576
vn 0.2424 -0.9045 0.3509
vn 0.2994 -0.9012 0.3133
vn 0.2501 -0.8899 0.3816
vn 0.2672 -0.9036 0.3349
vn 0.3010 -0.9011 0.3123
vn 0.3065 -0.8938 0.3275
vn 0.3191 -0.9036 0.2859
vn 0.3474 -0.9012 0.2592
vn 0.3424 -0.9045 0.2542
vn 0.3851 -0.9012 0.1988
vn 0.3515 -0.8974 0.2666
vn 0.3631 -0.9035 0.2279
vn 0.3863 -0.9010 0.1973
vn 0.3873 -0.9003 0.1984
vn 0.3971 -0.9034 0.1619
vn 0.4139 -0.9010 0.1300
vn 0.4073 -0.9045 0.1267
vn 0.4288 -0.9012 0.0624
vn 0.4228 -0.9044 0.0566
vn 0.4293 -0.9011 0.0606
vn 0.4190 -0.9033 0.0924
vn 0.4104 -0.9030 0.1269
vn 0.4285 -0.9033 0.0220
vn 0.4367 -0.8995 -0.0099
vn 0.4263 -0.9045 -0.0112
vn 0.4258 -0.9012 -0.0813
vn 0.4175 -0.9044 -0.0881
vn 0.4357 -0.8962 -0.0836
vn 0.4262 -0.9031 -0.0523
vn 0.4263 -0.9044 -0.0143
vn 0.4112 -0.9030 -0.1247
vn 0.4197 -0.8942 -0.1558
vn 0.3988 -0.9045 -0.1514
vn 0.3762 -0.9013 -0.2148
vn 0.3651 -0.9043 -0.2211
vn 0.3915 -0.8928 -0.2228
vn 0.3845 -0.9029 -0.1920
vn 0.3966 -0.9043 -0.1577
vn 0.3474 -0.9029 -0.2532
vn 0.3540 -0.8900 -0.2872
vn 0.3286 -0.9045 -0.2719
vn 0.2849 -0.9011 -0.3267
vn 0.2690 -0.9042 -0.3318
vn 0.3033 -0.8883 -0.3448
vn 0.2986 -0.9027 -0.3099
vn 0.3220 -0.9043 -0.2803
vn 0.2415 -0.9026 -0.3564
vn 0.2427 -0.8877 -0.3913
vn 0.2207 -0.9045 -0.3650
vn 0.1640 -0.9013 -0.4009
vn 0.1451 -0.9042 -0.4018
vn 0.1764 -0.8876 -0.4256
vn 0.1787 -0.9025 -0.3918
vn 0.2093 -0.9042 -0.3724
vn 0.1102 -0.9024 -0.4166
vn 0.1042 -0.8859 -0.4520
vn 0.0906 -0.9045 -0.4167
vn 0.0227 -0.9011 -0.4329
vn 0.0733 -0.9041 -0.4211
vn 0.0367 -0.9022 -0.4298
vn 0.0269 -0.8858 -0.4633
vn -0.0000 -0.9040 -0.4276
vn -0.0509 -0.9010 -0.4307
vn -0.0321 -0.8711 -0.4901
vn -0.0715 -0.9040 -0.4216
vn -0.1198 -0.9012 -0.4165
vn -0.1188 -0.9045 -0.4096
vn -0.1862 -0.9012 -0.3913
vn -0.1122 -0.8760 -0.4691
vn -0.1408 -0.9039 -0.4039
vn -0.1881 -0.9011 -0.3908
vn -0.1892 -0.8794 -0.4369
vn -0.2088 -0.9038 -0.3736
vn -0.2509 -0.9010 -0.3539
vn -0.2476 -0.9045 -0.3473
vn -0.3038 -0.9012 -0.3090
vn -0.2583 -0.8832 -0.3914
vn -0.2695 -0.9037 -0.3326
vn -0.3053 -0.9011 -0.3079
vn -0.3156 -0.8877 -0.3351
vn -0.3209 -0.9037 -0.2834
vn -0.3512 -0.9012 -0.2541
vn -0.3461 -0.9045 -0.2491
vn -0.3881 -0.9012 -0.1930
vn -0.3620 -0.8914 -0.2728
vn -0.3646 -0.9036 -0.2249
vn -0.3892 -0.9010 -0.1915
vn -0.3984 -0.8946 -0.2025
vn -0.3981 -0.9035 -0.1587
vn -0.4157 -0.9010 -0.1239
vn -0.4091 -0.9045 -0.1207
vn -0.4296 -0.9013 -0.0563
vn -0.4215 -0.8976 -0.1288
vn -0.4194 -0.9034 -0.0892
vn -0.4301 -0.9011 -0.0545
vn -0.4300 -0.9012 -0.0544
vn -0.4284 -0.9034 -0.0190
vn -0.9966 -0.0000 -0.0824
vn -0.9695 -0.0000 -0.2451
vn -0.9695 -0.0000 -0.2452
vn -0.9155 -0.0000 -0.4022
vn -0.8359 -0.0000 -0.5489
vn -0.7339 -0.0000 -0.6793
vn -0.6121 -0.0000 -0.7908
vn -0.6122 -0.0000 -0.7907
vn -0.4726 -0.0000 -0.8813
vn -0.4725 -0.0000 -0.8813
vn -0.3195 -0.0000 -0.9476
vn -0.1591 -0.0000 -0.9873
vn 0.0057 -0.0000 -1.0000
vn 0.1717 -0.0000 -0.9852
vn 0.1717 -0.0000 -0.9851
vn 0.3328 -0.0000 -0.9430
vn 0.4834 -0.0000 -0.8754
vn 0.6211 -0.0000 -0.7837
vn 0.7429 -0.0000 -0.6695
vn 0.8434 -0.0000 -0.5373
vn 0.8435 -0.0000 -0.5372
vn 0.9203 -0.0000 -0.3913
vn 0.9723 -0.0000 -0.2338
vn 0.9976 -0.0000 -0.0688
vn 0.9953 -0.0000 0.0969
vn 0.9658 -0.0000 0.2593
vn 0.9095 -0.0000 0.4157
vn 0.8278 -0.0000 0.5611
vn 0.7239 -0.0000 0.6899
vn 0.6005 -0.0000 0.7996
vn 0.4595 -0.0000 0.8882
vn 0.3055 -0.0000 0.9522
vn 0.3056 -0.0000 0.9522
vn 0.1446 -0.0000 0.9895
vn -0.0204 -0.0000 0.9998
vn -0.1863 -0.0000 0.9825
vn -0.1862 -0.0000 0.9825
vn -0.3466 -0.0000 0.9380
vn -0.4963 -0.0000 0.8682
vn -0.4961 -0.0000 0.8683
vn -0.6327 -0.0000 0.7744
vn -0.6326 -0.0000 0.7745
vn -0.7527 -0.0000 0.6584
vn -0.8512 -0.0000 0.5249
vn -0.9259 -0.0000 0.3778
vn -0.9259 -0.0000 0.3777
vn -0.9756 -0.0000 0.2194
vn -0.9985 -0.0000 0.0541
vn -0.9938 -0.0000 -0.1114
vn -0.9619 -0.0000 -0.2734
vn -0.9032 -0.0000 -0.4291
vn -0.9033 -0.0000 -0.4291
vn -0.8193 -0.0000 -0.5733
vn -0.8194 -0.0000 -0.5733
vn -0.7138 -0.0000 -0.7004
vn -0.7137 -0.0000 -0.7005
vn -0.5887 -0.0000 -0.8083
vn -0.4463 -0.0000 -0.8949
vn -0.4462 -0.0000 -0.8949
vn -0.2916 -0.0000 -0.9566
vn -0.2915 -0.0000 -0.9566
vn -0.1302 -0.0000 -0.9915
vn 0.0351 -0.0000 -0.9994
vn 0.2007 -0.0000 -0.9796
vn 0.2008 -0.0000 -0.9796
vn 0.3602 -0.0000 -0.9329
vn 0.3603 -0.0000 -0.9329
vn 0.5087 -0.0000 -0.8609
vn 0.5088 -0.0000 -0.8609
vn 0.6440 -0.0000 -0.7651
vn 0.6440 -0.0000 -0.7650
vn 0.7623 -0.0000 -0.6472
vn 0.7622 -0.0000 -0.6473
vn 0.8588 -0.0000 -0.5123
vn 0.9313 -0.0000 -0.3643
vn 0.9313 -0.0000 -0.3642
vn 0.9788 -0.0000 -0.2050
vn 0.9788 -0.0000 -0.2049
vn 0.9992 -0.0000 -0.0394
vn 0.9920 -0.0000 0.1260
vn 0.9920 -0.0000 0.1259
vn 0.9578 -0.0000 0.2875
vn 0.9578 -0.0000 0.2874
vn 0.8968 -0.0000 0.4424
vn 0.8109 -0.0000 0.5852
vn 0.8108 -0.0000 0.5853
vn 0.7035 -0.0000 0.7107
vn 0.5767 -0.0000 0.8169
vn 0.4330 -0.0000 0.9014
vn 0.2775 -0.0000 0.9607
vn 0.1157 -0.0000 0.9933
vn -0.0498 -0.0000 0.9988
vn -0.2152 -0.0000 0.9766
vn -0.3738 -0.0000 0.9275
vn -0.5212 -0.0000 0.8534
vn -0.6552 -0.0000 0.7555
vn -0.6552 -0.0000 0.7554
vn -0.7717 -0.0000 0.6359
vn -0.8661 -0.0000 0.4998
vn -0.9365 -0.0000 0.3506
vn -0.9365 -0.0000 0.3505
vn -0.9817 -0.0000 0.1905
vn -0.9997 -0.0000 0.0246
vn -0.9997 -0.0000 0.0247
vn -0.9901 -0.0000 -0.1404
vn -0.9535 -0.0000 -0.3015
vn -0.8902 -0.0000 -0.4555
vn -0.8902 -0.0000 -0.4556
vn -0.8022 -0.0000 -0.5971
vn -0.6930 -0.0000 -0.7209
vn -0.5647 -0.0000 -0.8253
vn -0.4197 -0.0000 -0.9077
vn -0.2635 -0.0000 -0.9647
vn -0.2633 -0.0000 -0.9647
vn -0.1011 -0.0000 -0.9949
vn -0.1012 -0.0000 -0.9949
vn 0.0645 -0.0000 -0.9979
vn 0.2296 -0.0000 -0.9733
vn 0.3873 -0.0000 -0.9219
vn 0.5337 -0.0000 -0.8457
vn 0.6662 -0.0000 -0.7457
vn 0.6663 -0.0000 -0.7457
vn 0.7810 -0.0000 -0.6245
vn 0.7811 -0.0000 -0.6245
vn 0.8733 -0.0000 -0.4871
vn 0.9416 -0.0000 -0.3369
vn 0.9416 -0.0000 -0.3367
vn 0.9844 -0.0000 -0.1760
vn 1.0000 -0.0000 -0.0099
vn -0.9155 -0.0000 -0.4023
vn -0.9156 -0.0000 -0.4022
vn -0.8359 -0.0000 -0.5488
vn -0.4724 -0.0000 -0.8814
vn 0.3329 -0.0000 -0.9430
vn 0.4833 -0.0000 -0.8754
vn 0.4835 -0.0000 -0.8754
vn 0.6212 -0.0000 -0.7837
vn 0.7428 -0.0000 -0.6695
vn 0.9202 -0.0000 -0.3913
vn 0.9203 -0.0000 -0.3912
vn 0.8277 -0.0000 0.5612
vn 0.7238 -0.0000 0.6900
vn 0.6005 -0.0000 0.7997
vn 0.6006 -0.0000 0.7996
vn 0.4594 -0.0000 0.8882
vn -0.3465 -0.0000 0.9380
vn -0.4960 -0.0000 0.8683
vn -0.7526 -0.0000 0.6585
vn -0.9938 -0.0000 -0.1115
vn -0.8194 -0.0000 -0.5732
vn -0.7137 -0.0000 -0.7004
vn -0.5888 -0.0000 -0.8083
vn -0.5886 -0.0000 -0.8084
vn -0.4464 -0.0000 -0.8949
vn 0.3603 -0.0000 -0.9328
vn 0.8587 -0.0000 -0.5124
vn 0.8588 -0.0000 -0.5124
vn 0.2774 -0.0000 0.9607
vn -0.2151 -0.0000 0.9766
vn -0.3739 -0.0000 0.9275
vn -0.5213 -0.0000 0.8534
vn -0.6551 -0.0000 0.7555
vn -0.7718 -0.0000 0.6359
vn -0.7717 -0.0000 0.6360
vn -0.8662 -0.0000 0.4997
vn -0.8661 -0.0000 0.4999
vn -0.9901 -0.0000 -0.1405
vn -0.9535 -0.0000 -0.3014
vn -0.8021 -0.0000 -0.5972
vn -0.8022 -0.0000 -0.5970
vn -0.6930 -0.0000 -0.7210
vn -0.5646 -0.0000 -0.8254
vn 0.3872 -0.0000 -0.9220
vn 0.3874 -0.0000 -0.9219
vn 0.5336 -0.0000 -0.8457
vn 0.8733 -0.0000 -0.4872
vn 0.9416 -0.0000 -0.3368
vn 0.9911 -0.0000 -0.1334
vn 0.9424 -0.2789 -0.1848
vn 0.9765 -0.0000 -0.2157
vn 0.8847 -0.0000 -0.4662
vn 0.8444 -0.2263 -0.4855
vn 0.8088 -0.0000 -0.5881
vn 0.7408 -0.2757 -0.6125
vn 0.7569 -0.0000 -0.6535
vn 0.5069 -0.2383 -0.8284
vn 0.5557 -0.0000 -0.8314
vn 0.6662 -0.0000 -0.7458
vn 0.6281 -0.2211 -0.7460
vn 0.7149 -0.0000 -0.6992
vn 0.2970 -0.0000 -0.9549
vn 0.3552 -0.0000 -0.9348
vn 0.3595 -0.2662 -0.8944
vn 0.4310 -0.0000 -0.9023
vn 0.4852 -0.0000 -0.8744
vn 0.2019 -0.1864 -0.9615
vn 0.0937 -0.0000 -0.9956
vn 0.0478 -0.2546 -0.9659
vn 0.0103 -0.0000 -0.9999
vn -0.0513 -0.0000 -0.9987
vn -0.1121 -0.2586 -0.9595
vn -0.1333 -0.0000 -0.9911
vn -0.3903 -0.0000 -0.9207
vn -0.4184 -0.2650 -0.8687
vn -0.4659 -0.0000 -0.8849
vn -0.5200 -0.0000 -0.8542
vn -0.5578 -0.2565 -0.7893
vn -0.5892 -0.0000 -0.8080
vn -0.7810 -0.0000 -0.6245
vn -0.7816 -0.2690 -0.5628
vn -0.8302 -0.0000 -0.5574
vn -0.8632 -0.0000 -0.5049
vn -0.8687 -0.2483 -0.4285
vn -0.9023 -0.0000 -0.4310
vn -0.9843 -0.0000 -0.1767
vn -0.9559 -0.2676 -0.1206
vn -0.9955 -0.0000 -0.0952
vn -0.9994 -0.0000 -0.0340
vn -0.9716 -0.2338 0.0373
vn -0.9988 -0.0000 0.0493
vn -0.9204 -0.0000 0.3911
vn -0.8955 -0.2726 0.3517
vn -0.9496 -0.0000 0.3135
vn -0.9795 -0.0454 0.1961
vn -0.9938 -0.0000 0.1110
vn -0.6172 -0.2782 0.7360
vn -0.6866 -0.0000 0.7270
vn -0.7710 -0.0090 0.6368
vn -0.8217 -0.0000 0.5699
vn -0.3525 -0.2248 0.9084
vn -0.3955 -0.0000 0.9185
vn -0.6235 -0.0000 0.7818
vn -0.1160 -0.0000 0.9932
vn -0.1775 -0.0000 0.9841
vn -0.1911 -0.2773 0.9416
vn -0.2590 -0.0000 0.9659
vn -0.3183 -0.0000 0.9480
vn -0.0188 -0.2288 0.9733
vn 0.0902 -0.0000 0.9959
vn 0.1254 -0.2338 0.9642
vn 0.1718 -0.0000 0.9851
vn 0.2316 -0.0000 0.9728
vn 0.2818 -0.2700 0.9207
vn 0.3114 -0.0000 0.9503
vn 0.5701 -0.2503 0.7825
vn 0.5532 -0.0000 0.8330
vn 0.4474 -0.1956 0.8727
vn 0.3695 -0.0000 0.9292
vn 0.6895 -0.2594 0.6762
vn 0.6675 -0.0000 0.7446
vn 0.8719 -0.2629 0.4132
vn 0.8825 -0.0000 0.4703
vn 0.7264 -0.0000 0.6873
vn 0.9297 -0.2568 0.2639
vn 0.9414 -0.0000 0.3372
vn 0.9187 -0.0000 0.3948
vn 0.9616 -0.2691 -0.0533
vn 1.0000 -0.0000 -0.0054
vn 0.9662 -0.0000 0.2580
vn 0.9444 -0.2508 -0.2125
vn 0.9886 -0.0000 -0.1504
vn 0.9961 -0.0000 -0.0887
vn 0.8193 -0.2688 -0.5064
vn 0.8768 -0.0000 -0.4809
vn 0.9726 -0.0000 -0.2324
vn 0.7028 -0.0000 -0.7114
vn 0.7456 -0.0000 -0.6664
vn 0.7313 -0.2384 -0.6390
vn 0.7987 -0.0000 -0.6018
vn 0.8342 -0.0000 -0.5515
vn 0.6377 -0.0543 -0.7684
vn 0.6439 -0.0000 -0.7651
vn 0.5415 -0.0000 -0.8407
vn 0.4769 -0.2693 -0.8367
vn 0.4704 -0.0000 -0.8824
vn 0.4159 -0.0000 -0.9094
vn 0.3398 -0.2201 -0.9144
vn 0.3392 -0.0000 -0.9407
vn 0.0179 -0.2768 -0.9608
vn 0.0766 -0.0000 -0.9971
vn 0.1985 -0.0181 -0.9799
vn 0.2807 -0.0000 -0.9598
vn -0.2963 -0.2230 -0.9287
vn -0.2696 -0.0000 -0.9630
vn -0.0067 -0.0000 -1.0000
vn -0.4429 -0.2782 -0.8523
vn -0.4060 -0.0000 -0.9139
vn -0.3486 -0.0000 -0.9373
vn -0.7033 -0.2319 -0.6720
vn -0.6959 -0.0000 -0.7181
vn -0.5887 -0.0000 -0.8084
vn -0.4810 -0.0000 -0.8767
vn -0.8717 -0.0000 -0.4900
vn -0.8396 -0.0000 -0.5431
vn -0.7971 -0.2731 -0.5386
vn -0.7916 -0.0000 -0.6110
vn -0.7526 -0.0000 -0.6585
vn -0.8953 -0.2043 -0.3959
vn -0.9540 -0.0000 -0.2999
vn -0.9362 -0.2454 -0.2516
vn -0.9755 -0.0000 -0.2199
vn -0.9871 -0.0000 -0.1600
vn -0.9605 -0.2622 -0.0930
vn -0.9969 -0.0000 -0.0783
vn -0.9387 -0.2600 0.2264
vn -0.9819 -0.0000 0.1894
vn -0.9828 -0.1686 0.0751
vn -0.9999 -0.0000 -0.0170
vn -0.8894 -0.2563 0.3784
vn -0.9441 -0.0000 0.3297
vn -0.9627 -0.0000 0.2707
vn -0.7147 -0.2684 0.6459
vn -0.7742 -0.0000 0.6329
vn -0.9137 -0.0000 0.4065
vn -0.6008 -0.2525 0.7585
vn -0.6741 -0.0000 0.7387
vn -0.7186 -0.0000 0.6954
vn -0.3193 -0.2703 0.9083
vn -0.3799 -0.0000 0.9250
vn -0.4962 -0.0000 0.8682
vn -0.6101 -0.0000 0.7923
vn -0.0989 -0.0000 0.9951
vn -0.1605 -0.0000 0.9870
vn -0.1670 -0.2422 0.9557
vn -0.2425 -0.0000 0.9702
vn -0.3020 -0.0000 0.9533
vn -0.0122 -0.0631 0.9979
vn 0.1071 -0.0000 0.9942
vn 0.1541 -0.2682 0.9510
vn 0.1884 -0.0000 0.9821
vn 0.2480 -0.0000 0.9688
vn 0.3098 -0.2258 0.9236
vn 0.3276 -0.0000 0.9448
vn 0.5898 -0.2745 0.7594
vn 0.5675 -0.0000 0.8234
vn 0.4625 -0.0272 0.8862
vn 0.3853 -0.0000 0.9228
vn 0.8144 -0.2204 0.5368
vn 0.8150 -0.0000 0.5794
vn 0.6338 -0.0000 0.7735
vn 0.8801 -0.2782 0.3846
vn 0.8905 -0.0000 0.4550
vn 0.8605 -0.0000 0.5095
vn 0.9697 -0.2305 0.0815
vn 0.9926 -0.0000 0.1214
vn 0.9254 -0.0000 0.3791
vn 0.9859 -0.0000 -0.1673
vn 0.9944 -0.0000 -0.1057
vn 0.9578 -0.2754 -0.0819
vn 0.9997 -0.0000 -0.0224
vn 0.9992 -0.0000 0.0393
vn 0.9433 -0.2125 -0.2551
vn 0.9305 -0.0000 -0.3664
vn 0.8880 -0.2400 -0.3922
vn 0.8971 -0.0000 -0.4418
vn 0.8685 -0.0000 -0.4956
vn 0.8049 -0.2661 -0.5304
vn 0.8246 -0.0000 -0.5657
vn 0.5887 -0.2563 -0.7666
vn 0.6443 -0.0000 -0.7647
vn 0.7153 -0.1781 -0.6757
vn 0.7882 -0.0000 -0.6154
vn 0.4547 -0.2562 -0.8530
vn 0.5270 -0.0000 -0.8499
vn 0.5783 -0.0000 -0.8158
vn 0.1503 -0.2669 -0.9519
vn 0.2038 -0.0000 -0.9790
vn 0.4554 -0.0000 -0.8903
vn -0.0090 -0.2534 -0.9673
vn 0.0595 -0.0000 -0.9982
vn 0.1213 -0.0000 -0.9926
vn -0.3221 -0.2710 -0.9071
vn -0.2859 -0.0000 -0.9583
vn -0.0237 -0.0000 -0.9997
vn -0.4705 -0.2454 -0.8476
vn -0.4217 -0.0000 -0.9067
vn -0.3646 -0.0000 -0.9311
vn -0.7169 -0.2692 -0.6431
vn -0.7079 -0.0000 -0.7063
vn -0.4960 -0.0000 -0.8683
vn -0.8205 -0.2310 -0.5230
vn -0.8018 -0.0000 -0.5975
vn -0.7636 -0.0000 -0.6457
vn -0.9158 -0.0352 -0.4001
vn -0.8800 -0.0000 -0.4750
vn -0.8488 -0.0000 -0.5287
vn -0.9791 -0.0000 -0.2034
vn -0.9367 -0.2716 -0.2211
vn -0.9590 -0.0000 -0.2835
vn -0.9166 -0.0000 -0.3998
vn 0.6212 -0.0000 -0.7836
vn 0.9723 -0.0000 -0.2337
vn 0.9953 -0.0000 0.0970
vn 0.9658 -0.0000 0.2592
vn 0.9095 -0.0000 0.4158
vn 0.8277 -0.0000 0.5611
vn -0.9259 -0.0000 0.3779
vn -0.9032 -0.0000 -0.4292
vn 0.7623 -0.0000 -0.6473
vn 0.8968 -0.0000 0.4423
vn 0.4329 -0.0000 0.9014
vn -0.6553 -0.0000 0.7554
vn -0.6929 -0.0000 -0.7210
vn -0.5648 -0.0000 -0.8253
vn 0.2295 -0.0000 -0.9733
vn 0.9415 -0.0000 -0.3369
vn -0.0872 -0.0000 0.9962
vn -0.2588 -0.0000 0.9659
vn -0.4226 -0.0000 0.9063
vn -0.5736 -0.0000 0.8192
vn -0.7071 -0.0000 0.7071
vn -0.8192 -0.0000 0.5736
vn -0.9063 -0.0000 0.4226
vn -0.9659 -0.0000 0.2588
vn -0.9962 -0.0000 -0.0872
vn -0.9063 -0.0000 -0.4226
vn -0.5736 -0.0000 -0.8192
vn -0.2588 -0.0000 -0.9659
vn -0.0872 -0.0000 -0.9962
vn 0.0872 -0.0000 -0.9962
vn 0.2588 -0.0000 -0.9659
vn 0.4226 -0.0000 -0.9063
vn 0.5736 -0.0000 -0.8192
vn 0.7071 -0.0000 -0.7071
vn 0.8192 -0.0000 -0.5736
vn 0.9063 -0.0000 -0.4226
vn 0.9659 -0.0000 -0.2588
vn 0.9962 -0.0000 -0.0872
vn 0.9659 -0.0000 0.2588
vn 0.9063 -0.0000 0.4226
vn 0.4226 -0.0000 0.9063
vn 0.2588 -0.0000 0.9659
vn 0.0872 -0.0000 0.9962
vn -0.2501 0.2579 -0.9333
vn -0.4083 0.2579 -0.8756
vn -0.5542 0.2579 -0.7914
vn -0.6832 0.2579 -0.6832
vn -0.7914 0.2579 -0.5542
vn -0.8756 0.2579 -0.4083
vn -0.9333 0.2579 -0.2501
vn -0.9625 0.2579 -0.0842
vn -0.9625 0.2579 0.0842
vn -0.9333 0.2579 0.2501
vn -0.8756 0.2579 0.4083
vn -0.7914 0.2579 0.5542
vn -0.6832 0.2579 0.6832
vn -0.5542 0.2579 0.7914
vn -0.4083 0.2579 0.8756
vn -0.2501 0.2579 0.9333
vn -0.0842 0.2579 0.9625
vn 0.0842 0.2579 0.9625
vn 0.2501 0.2579 0.9333
vn 0.4083 0.2579 0.8756
vn 0.5542 0.2579 0.7914
vn 0.6832 0.2579 0.6832
vn 0.7914 0.2579 0.5542
vn 0.8756 0.2579 0.4083
vn 0.9333 0.2579 0.2501
vn 0.9625 0.2579 0.0842
vn 0.9625 0.2579 -0.0842
vn 0.9333 0.2579 -0.2501
vn 0.8756 0.2579 -0.4083
vn 0.7914 0.2579 -0.5542
vn 0.6832 0.2579 -0.6832
vn 0.5542 0.2579 -0.7914
vn 0.4083 0.2579 -0.8756
vn 0.2501 0.2579 -0.9333
vn 0.0842 0.2579 -0.9625
vn -0.0842 0.2579 -0.9625
s 0
usemtl Material
f 1//1 2//1 3//1
f 4//2 5//2 6//2
f 7//3 8//3 9//3
f 9//4 8//4 10//4
f 10//5 8//5 11//5
f 10//6 11//6 12//6
f 13//7 14//7 15//7
f 15//8 16//8 13//8
f 13//9 16//9 17//9
f 13//10 17//10 11//10
f 11//11 17//11 18//11
f 11//12 18//12 12//12
f 19//13 20//13 14//13
f 14//14 20//14 21//14
f 14//15 21//15 15//15
f 22//16 23//16 24//16
f 24//17 23//17 25//17
f 24//18 25//18 19//18
f 19//19 25//19 26//19
f 19//20 26//20 20//20
f 22//21 24//21 27//21
f 27//22 24//22 28//22
f 27//23 28//23 29//23
f 29//24 28//24 30//24
f 30//25 28//25 31//25
f 30//26 31//26 32//26
f 33//27 34//27 31//27
f 31//28 34//28 35//28
f 31//29 35//29 32//29
f 36//30 37//30 38//30
f 38//31 37//31 39//31
f 38//32 39//32 33//32
f 33//33 39//33 40//33
f 33//34 40//34 34//34
f 36//35 38//35 41//35
f 41//36 38//36 42//36
f 41//37 42//37 43//37
f 43//38 42//38 44//38
f 44//39 42//39 45//39
f 44//40 45//40 46//40
f 46//41 45//41 47//41
f 47//42 45//42 48//42
f 47//43 48//43 49//43
f 49//44 48//44 50//44
f 50//45 48//45 51//45
f 50//46 51//46 52//46
f 52//47 51//47 53//47
f 53//48 51//48 54//48
f 53//49 54//49 55//49
f 56//50 57//50 54//50
f 54//51 57//51 58//51
f 54//52 58//52 55//52
f 59//53 60//53 61//53
f 61//54 60//54 62//54
f 61//55 62//55 56//55
f 56//56 62//56 63//56
f 56//57 63//57 57//57
f 59//58 61//58 64//58
f 64//59 61//59 65//59
f 64//60 65//60 66//60
f 66//61 65//61 67//61
f 67//62 65//62 68//62
f 67//63 68//63 69//63
f 69//64 68//64 70//64
f 70//65 68//65 71//65
f 70//66 71//66 72//66
f 73//67 74//67 71//67
f 71//68 74//68 75//68
f 71//69 75//69 72//69
f 76//70 77//70 73//70
f 73//71 77//71 78//71
f 73//72 78//72 74//72
f 79//73 80//73 81//73
f 81//74 80//74 82//74
f 81//75 82//75 76//75
f 76//76 82//76 83//76
f 76//77 83//77 77//77
f 79//78 81//78 84//78
f 84//79 81//79 85//79
f 84//80 85//80 86//80
f 3//81 2//81 85//81
f 85//82 2//82 87//82
f 85//83 87//83 86//83
f 1//84 3//84 88//84
f 88//85 3//85 89//85
f 88//86 89//86 90//86
f 90//87 89//87 91//87
f 91//88 89//88 92//88
f 91//89 92//89 93//89
f 94//90 95//90 92//90
f 92//91 95//91 96//91
f 92//92 96//92 93//92
f 97//93 98//93 94//93
f 94//94 98//94 99//94
f 94//95 99//95 95//95
f 100//96 101//96 102//96
f 102//97 101//97 103//97
f 102//98 103//98 97//98
f 97//99 103//99 104//99
f 97//100 104//100 98//100
f 100//101 102//101 105//101
f 105//102 102//102 106//102
f 105//103 106//103 107//103
f 107//104 106//104 108//104
f 108//105 106//105 109//105
f 108//106 109//106 110//106
f 111//107 112//107 113//107
f 111//108 113//108 109//108
f 109//109 113//109 114//109
f 109//110 114//110 110//110
f 112//111 111//111 115//111
f 115//112 111//112 116//112
f 115//113 116//113 117//113
f 118//114 119//114 120//114
f 118//115 120//115 116//115
f 116//116 120//116 121//116
f 116//117 121//117 117//117
f 119//118 118//118 122//118
f 122//119 118//119 7//119
f 122//120 7//120 5//120
f 5//3 7//3 9//3
f 5//3 9//3 6//3
f 123//121 124//121 6//121
f 6//122 124//122 125//122
f 6//123 125//123 4//123
f 126//124 127//124 128//124
f 128//125 127//125 129//125
f 128//126 129//126 130//126
f 130//127 129//127 131//127
f 130//128 131//128 132//128
f 132//129 131//129 133//129
f 132//130 133//130 134//130
f 134//131 133//131 135//131
f 134//132 135//132 123//132
f 123//133 135//133 136//133
f 123//134 136//134 124//134
f 137//135 138//135 139//135
f 139//136 138//136 140//136
f 139//137 140//137 141//137
f 141//138 140//138 142//138
f 141//139 142//139 143//139
f 143//140 142//140 144//140
f 143//141 144//141 126//141
f 126//142 144//142 145//142
f 126//143 145//143 127//143
f 146//144 147//144 148//144
f 148//145 147//145 149//145
f 148//146 149//146 150//146
f 150//147 149//147 151//147
f 150//148 151//148 152//148
f 152//149 151//149 153//149
f 152//150 153//150 154//150
f 154//151 153//151 155//151
f 154//152 155//152 137//152
f 137//153 155//153 156//153
f 137//154 156//154 138//154
f 157//155 158//155 159//155
f 159//156 158//156 160//156
f 159//157 160//157 161//157
f 161//158 160//158 162//158
f 161//159 162//159 163//159
f 163//160 162//160 164//160
f 163//161 164//161 165//161
f 165//162 164//162 166//162
f 165//163 166//163 146//163
f 146//164 166//164 167//164
f 146//165 167//165 147//165
f 168//166 169//166 170//166
f 170//167 169//167 171//167
f 170//168 171//168 172//168
f 172//169 171//169 173//169
f 172//170 173//170 174//170
f 174//171 173//171 175//171
f 174//172 175//172 176//172
f 176//173 175//173 177//173
f 176//174 177//174 178//174
f 178//175 177//175 179//175
f 178//176 179//176 157//176
f 157//177 179//177 180//177
f 157//178 180//178 158//178
f 181//179 182//179 183//179
f 183//180 182//180 184//180
f 183//181 184//181 185//181
f 185//182 184//182 186//182
f 185//183 186//183 187//183
f 187//184 186//184 188//184
f 187//185 188//185 189//185
f 189//186 188//186 190//186
f 189//187 190//187 191//187
f 191//188 190//188 192//188
f 191//189 192//189 168//189
f 168//190 192//190 193//190
f 168//191 193//191 169//191
f 194//192 195//192 196//192
f 196//193 195//193 197//193
f 196//194 197//194 198//194
f 198//195 197//195 199//195
f 198//196 199//196 200//196
f 200//197 199//197 201//197
f 200//198 201//198 202//198
f 202//199 201//199 203//199
f 202//200 203//200 204//200
f 204//201 203//201 205//201
f 204//202 205//202 181//202
f 181//203 205//203 206//203
f 181//204 206//204 182//204
f 207//205 208//205 209//205
f 209//206 208//206 210//206
f 209//207 210//207 211//207
f 211//208 210//208 212//208
f 211//209 212//209 213//209
f 213//210 212//210 214//210
f 213//211 214//211 215//211
f 215//212 214//212 216//212
f 215//213 216//213 217//213
f 217//214 216//214 218//214
f 217//215 218//215 194//215
f 194//216 218//216 219//216
f 194//217 219//217 195//217
f 220//218 221//218 222//218
f 222//219 221//219 223//219
f 222//220 223//220 224//220
f 224//221 223//221 225//221
f 224//222 225//222 226//222
f 226//223 225//223 227//223
f 226//224 227//224 228//224
f 228//225 227//225 229//225
f 228//226 229//226 230//226
f 230//227 229//227 231//227
f 230//228 231//228 207//228
f 207//229 231//229 232//229
f 207//230 232//230 208//230
f 233//231 234//231 235//231
f 235//232 234//232 236//232
f 235//233 236//233 237//233
f 237//234 236//234 238//234
f 237//235 238//235 239//235
f 239//236 238//236 240//236
f 239//237 240//237 241//237
f 241//238 240//238 242//238
f 241//239 242//239 220//239
f 220//240 242//240 243//240
f 220//241 243//241 221//241
f 244//242 245//242 246//242
f 246//243 245//243 247//243
f 246//244 247//244 248//244
f 248//245 247//245 249//245
f 248//246 249//246 250//246
f 250//247 249//247 251//247
f 250//248 251//248 233//248
f 233//249 251//249 252//249
f 233//250 252//250 234//250
f 253//251 254//251 255//251
f 255//252 254//252 256//252
f 255//253 256//253 257//253
f 257//254 256//254 258//254
f 257//255 258//255 259//255
f 259//256 258//256 260//256
f 259//257 260//257 261//257
f 261//258 260//258 262//258
f 261//259 262//259 263//259
f 263//260 262//260 264//260
f 263//261 264//261 244//261
f 244//262 264//262 265//262
f 244//263 265//263 245//263
f 266//264 267//264 268//264
f 268//265 267//265 269//265
f 268//266 269//266 270//266
f 270//267 269//267 271//267
f 270//268 271//268 272//268
f 272//269 271//269 273//269
f 272//270 273//270 274//270
f 274//271 273//271 275//271
f 274//272 275//272 276//272
f 276//273 275//273 277//273
f 276//274 277//274 278//274
f 278//275 277//275 279//275
f 278//276 279//276 280//276
f 280//277 279//277 281//277
f 280//278 281//278 253//278
f 253//279 281//279 282//279
f 253//280 282//280 254//280
f 283//281 284//281 285//281
f 285//282 284//282 286//282
f 285//283 286//283 266//283
f 266//284 286//284 287//284
f 266//285 287//285 267//285
f 288//286 289//286 290//286
f 290//287 289//287 291//287
f 290//288 291//288 292//288
f 292//289 291//289 293//289
f 292//290 293//290 294//290
f 294//291 293//291 295//291
f 294//292 295//292 296//292
f 296//293 295//293 297//293
f 296//294 297//294 298//294
f 298//295 297//295 299//295
f 298//296 299//296 300//296
f 300//297 299//297 301//297
f 300//298 301//298 302//298
f 302//299 301//299 303//299
f 302//300 303//300 304//300
f 304//301 303//301 305//301
f 304//302 305//302 283//302
f 283//303 305//303 306//303
f 283//304 306//304 284//304
f 307//305 308//305 309//305
f 309//306 308//306 310//306
f 309//307 310//307 311//307
f 311//308 310//308 312//308
f 311//309 312//309 313//309
f 313//310 312//310 314//310
f 313//311 314//311 315//311
f 315//312 314//312 316//312
f 315//313 316//313 288//313
f 288//314 316//314 317//314
f 288//315 317//315 289//315
f 318//316 319//316 320//316
f 320//317 319//317 321//317
f 320//318 321//318 322//318
f 322//319 321//319 323//319
f 322//320 323//320 324//320
f 324//321 323//321 325//321
f 324//322 325//322 326//322
f 326//323 325//323 327//323
f 326//324 327//324 307//324
f 307//325 327//325 328//325
f 307//326 328//326 308//326
f 329//327 330//327 331//327
f 329//328 331//328 332//328
f 332//329 331//329 333//329
f 332//330 333//330 334//330
f 334//331 333//331 335//331
f 334//332 335//332 336//332
f 336//333 335//333 337//333
f 336//334 337//334 338//334
f 338//335 337//335 339//335
f 338//336 339//336 340//336
f 340//337 339//337 341//337
f 340//338 341//338 318//338
f 318//339 341//339 342//339
f 318//340 342//340 319//340
f 330//341 329//341 343//341
f 343//342 329//342 344//342
f 343//343 344//343 345//343
f 345//344 344//344 346//344
f 345//345 346//345 347//345
f 347//346 346//346 348//346
f 347//347 348//347 349//347
f 349//348 348//348 350//348
f 349//349 350//349 351//349
f 351//350 350//350 352//350
f 352//351 350//351 353//351
f 352//352 353//352 354//352
f 354//353 353//353 355//353
f 354//354 355//354 356//354
f 356//355 355//355 357//355
f 356//356 357//356 358//356
f 359//357 360//357 361//357
f 361//358 360//358 362//358
f 361//359 362//359 363//359
f 363//360 362//360 364//360
f 363//361 364//361 365//361
f 365//362 364//362 358//362
f 365//363 358//363 366//363
f 366//364 358//364 357//364
f 367//365 368//365 369//365
f 369//366 368//366 370//366
f 369//367 370//367 371//367
f 371//368 370//368 372//368
f 373//369 374//369 372//369
f 372//370 374//370 375//370
f 372//371 375//371 371//371
f 376//372 377//372 373//372
f 373//373 377//373 378//373
f 373//374 378//374 374//374
f 379//375 380//375 376//375
f 376//376 380//376 381//376
f 376//377 381//377 377//377
f 382//378 383//378 379//378
f 379//379 383//379 384//379
f 379//380 384//380 380//380
f 385//381 386//381 382//381
f 382//382 386//382 387//382
f 382//383 387//383 383//383
f 388//384 389//384 385//384
f 385//385 389//385 390//385
f 385//386 390//386 386//386
f 391//387 392//387 388//387
f 388//388 392//388 393//388
f 388//389 393//389 389//389
f 394//390 395//390 391//390
f 391//391 395//391 396//391
f 391//392 396//392 392//392
f 397//393 398//393 394//393
f 394//394 398//394 399//394
f 394//395 399//395 395//395
f 400//396 401//396 402//396
f 402//397 401//397 403//397
f 402//398 403//398 397//398
f 397//399 403//399 404//399
f 397//400 404//400 398//400
f 400//401 402//401 405//401
f 405//402 402//402 406//402
f 405//403 406//403 407//403
f 407//404 406//404 408//404
f 407//405 408//405 409//405
f 410//406 411//406 408//406
f 408//407 411//407 412//407
f 408//408 412//408 409//408
f 413//409 414//409 415//409
f 415//410 414//410 416//410
f 415//411 416//411 410//411
f 410//412 416//412 417//412
f 410//413 417//413 411//413
f 418//414 419//414 413//414
f 413//415 419//415 420//415
f 413//416 420//416 414//416
f 421//417 422//417 418//417
f 418//418 422//418 423//418
f 418//419 423//419 419//419
f 424//420 425//420 421//420
f 421//421 425//421 426//421
f 421//422 426//422 422//422
f 427//423 428//423 424//423
f 424//424 428//424 429//424
f 424//425 429//425 425//425
f 430//426 431//426 427//426
f 427//427 431//427 432//427
f 427//428 432//428 428//428
f 433//429 434//429 430//429
f 430//430 434//430 435//430
f 430//431 435//431 431//431
f 436//432 437//432 433//432
f 433//433 437//433 438//433
f 433//434 438//434 434//434
f 439//435 440//435 436//435
f 436//436 440//436 441//436
f 436//437 441//437 437//437
f 442//438 443//438 439//438
f 439//439 443//439 444//439
f 439//440 444//440 440//440
f 445//441 446//441 442//441
f 442//442 446//442 447//442
f 442//443 447//443 443//443
f 448//444 449//444 445//444
f 445//445 449//445 450//445
f 445//446 450//446 446//446
f 451//447 452//447 448//447
f 448//448 452//448 453//448
f 448//449 453//449 449//449
f 454//450 455//450 451//450
f 451//451 455//451 456//451
f 451//452 456//452 452//452
f 457//453 458//453 454//453
f 454//454 458//454 459//454
f 454//455 459//455 455//455
f 460//456 461//456 462//456
f 462//457 461//457 463//457
f 462//458 463//458 457//458
f 457//459 463//459 464//459
f 457//460 464//460 458//460
f 460//461 462//461 465//461
f 465//462 462//462 466//462
f 465//463 466//463 467//463
f 467//464 466//464 468//464
f 468//465 466//465 469//465
f 468//466 469//466 470//466
f 470//467 469//467 471//467
f 470//468 471//468 472//468
f 472//469 471//469 473//469
f 473//470 471//470 368//470
f 473//471 368//471 359//471
f 359//472 368//472 367//472
f 359//472 367//472 360//472
f 474//473 89//473 475//473
f 475//473 89//473 3//473
f 475//473 3//473 476//473
f 476//473 3//473 85//473
f 476//473 85//473 477//473
f 477//473 85//473 81//473
f 477//473 81//473 478//473
f 478//473 81//473 76//473
f 478//473 76//473 479//473
f 479//473 76//473 73//473
f 479//473 73//473 480//473
f 480//473 73//473 71//473
f 480//473 71//473 481//473
f 481//473 71//473 68//473
f 481//473 68//473 482//473
f 482//473 68//473 65//473
f 482//473 65//473 483//473
f 483//473 65//473 61//473
f 483//473 61//473 484//473
f 484//473 61//473 56//473
f 484//473 56//473 485//473
f 485//473 56//473 54//473
f 485//473 54//473 486//473
f 486//473 54//473 51//473
f 486//473 51//473 487//473
f 487//473 51//473 48//473
f 487//473 48//473 488//473
f 488//473 48//473 45//473
f 488//473 45//473 489//473
f 489//473 45//473 42//473
f 489//473 42//473 490//473
f 490//473 42//473 491//473
f 490//473 491//473 492//473
f 492//473 491//473 33//473
f 492//473 33//473 493//473
f 493//473 33//473 31//473
f 493//473 31//473 494//473
f 494//473 31//473 28//473
f 494//473 28//473 495//473
f 495//473 28//473 24//473
f 495//473 24//473 496//473
f 496//473 24//473 19//473
f 496//473 19//473 497//473
f 497//473 19//473 14//473
f 497//473 14//473 498//473
f 498//473 14//473 13//473
f 498//473 13//473 499//473
f 499//473 13//473 11//473
f 499//473 11//473 500//473
f 500//473 11//473 8//473
f 500//473 8//473 501//473
f 501//473 8//473 7//473
f 501//473 7//473 502//473
f 502//473 7//473 118//473
f 502//473 118//473 503//473
f 503//473 118//473 116//473
f 503//473 116//473 504//473
f 504//473 116//473 111//473
f 504//473 111//473 505//473
f 505//473 111//473 109//473
f 505//473 109//473 506//473
f 506//473 109//473 106//473
f 506//473 106//473 507//473
f 507//473 106//473 102//473
f 507//473 102//473 508//473
f 508//473 102//473 97//473
f 508//473 97//473 509//473
f 509//473 97//473 94//473
f 509//473 94//473 510//473
f 510//473 94//473 92//473
f 510//473 92//473 474//473
f 474//473 92//473 89//473
f 511//474 512//474 513//474
f 513//474 512//474 514//474
f 513//474 514//474 515//474
f 516//474 517//474 513//474
f 513//474 517//474 518//474
f 513//474 518//474 511//474
f 519//474 520//474 513//474
f 513//474 520//474 521//474
f 513//474 521//474 516//474
f 522//474 523//474 513//474
f 513//474 523//474 524//474
f 513//474 524//474 519//474
f 525//474 526//474 513//474
f 513//474 526//474 527//474
f 513//474 527//474 522//474
f 528//474 529//474 513//474
f 513//474 529//474 530//474
f 513//474 530//474 525//474
f 531//474 532//474 513//474
f 513//474 532//474 533//474
f 513//474 533//474 528//474
f 534//474 535//474 513//474
f 513//474 535//474 536//474
f 513//474 536//474 531//474
f 537//474 538//474 513//474
f 513//474 538//474 539//474
f 513//474 539//474 534//474
f 540//474 541//474 513//474
f 513//474 541//474 542//474
f 513//474 542//474 537//474
f 543//474 544//474 513//474
f 513//474 544//474 545//474
f 513//474 545//474 540//474
f 515//474 546//474 513//474
f 513//474 546//474 547//474
f 513//474 547//474 543//474
f 448//475 512//475 451//475
f 451//476 512//476 511//476
f 451//476 511//476 454//476
f 454//477 511//477 518//477
f 454//477 518//477 457//477
f 457//478 518//478 517//478
f 457//478 517//478 462//478
f 462//479 517//479 516//479
f 462//479 516//479 466//479
f 466//480 516//480 521//480
f 466//480 521//480 469//480
f 469//481 521//481 520//481
f 469//481 520//481 471//481
f 471//482 520//482 519//482
f 471//482 519//482 368//482
f 368//483 519//483 548//483
f 368//483 548//483 549//483
f 549//484 548//484 523//484
f 549//484 523//484 372//484
f 372//485 523//485 522//485
f 372//485 522//485 373//485
f 373//486 522//486 527//486
f 373//486 527//486 376//486
f 376//487 527//487 526//487
f 376//487 526//487 379//487
f 379//488 526//488 525//488
f 379//488 525//488 382//488
f 382//489 525//489 530//489
f 382//489 530//489 385//489
f 385//490 530//490 529//490
f 385//490 529//490 388//490
f 388//491 529//491 528//491
f 388//491 528//491 391//491
f 391//492 528//492 550//492
f 391//492 550//492 551//492
f 551//493 550//493 532//493
f 551//493 532//493 397//493
f 397//494 532//494 531//494
f 397//494 531//494 402//494
f 402//495 531//495 536//495
f 402//495 536//495 406//495
f 406//496 536//496 535//496
f 406//496 535//496 408//496
f 408//497 535//497 534//497
f 408//497 534//497 410//497
f 410//498 534//498 539//498
f 410//498 539//498 415//498
f 415//499 539//499 538//499
f 415//499 538//499 413//499
f 413//500 538//500 537//500
f 413//500 537//500 418//500
f 418//501 537//501 552//501
f 418//501 552//501 553//501
f 553//502 552//502 541//502
f 553//502 541//502 424//502
f 424//503 541//503 540//503
f 424//503 540//503 427//503
f 427//504 540//504 545//504
f 427//504 545//504 430//504
f 430//505 545//505 544//505
f 430//505 544//505 433//505
f 433//506 544//506 543//506
f 433//506 543//506 436//506
f 436//507 543//507 547//507
f 436//507 547//507 439//507
f 439//508 547//508 546//508
f 439//508 546//508 442//508
f 442//509 546//509 515//509
f 442//509 515//509 445//509
f 445//510 515//510 514//510
f 445//510 514//510 448//510
f 448//475 514//475 512//475
f 554//511 6//511 9//511
f 555//512 556//512 9//512
f 9//513 556//513 557//513
f 9//513 557//513 554//513
f 554//513 557//513 558//513
f 554//513 558//513 559//513
f 560//514 561//514 360//514
f 360//515 367//515 562//515
f 562//516 563//516 564//516
f 562//516 564//516 360//516
f 360//516 564//516 565//516
f 360//516 565//516 560//516
f 46//517 47//517 566//517
f 72//518 75//518 567//518
f 567//519 75//519 568//519
f 569//520 570//520 121//520
f 131//521 129//521 571//521
f 572//522 573//522 160//522
f 574//523 575//523 205//523
f 197//524 195//524 576//524
f 577//525 578//525 208//525
f 579//526 580//526 256//526
f 581//527 582//527 301//527
f 583//528 584//528 308//528
f 585//529 555//529 9//529
f 586//530 354//530 587//530
f 587//531 354//531 356//531
f 587//532 356//532 588//532
f 588//533 356//533 358//533
f 588//534 358//534 589//534
f 589//535 358//535 364//535
f 589//536 364//536 561//536
f 561//537 364//537 362//537
f 561//538 362//538 360//538
f 590//539 330//539 591//539
f 591//540 330//540 343//540
f 591//541 343//541 592//541
f 592//542 343//542 345//542
f 592//543 345//543 593//543
f 593//544 345//544 347//544
f 593//545 347//545 594//545
f 594//546 347//546 349//546
f 594//547 349//547 595//547
f 595//548 349//548 351//548
f 595//549 351//549 586//549
f 586//550 351//550 352//550
f 586//551 352//551 354//551
f 596//552 342//552 597//552
f 597//553 342//553 341//553
f 597//554 341//554 598//554
f 598//555 341//555 339//555
f 598//556 339//556 599//556
f 599//557 339//557 337//557
f 599//558 337//558 600//558
f 600//559 337//559 335//559
f 600//560 335//560 601//560
f 601//561 335//561 333//561
f 601//562 333//562 590//562
f 590//563 333//563 331//563
f 590//564 331//564 330//564
f 308//565 328//565 583//565
f 583//566 328//566 327//566
f 583//567 327//567 602//567
f 602//568 327//568 325//568
f 602//569 325//569 603//569
f 603//570 325//570 323//570
f 603//571 323//571 604//571
f 604//572 323//572 321//572
f 604//573 321//573 596//573
f 596//574 321//574 319//574
f 596//575 319//575 342//575
f 605//576 317//576 606//576
f 606//577 317//577 316//577
f 606//578 316//578 607//578
f 607//579 316//579 314//579
f 607//580 314//580 608//580
f 608//581 314//581 312//581
f 608//582 312//582 584//582
f 584//583 312//583 310//583
f 584//584 310//584 308//584
f 295//585 293//585 609//585
f 609//586 293//586 291//586
f 609//587 291//587 605//587
f 605//588 291//588 289//588
f 605//589 289//589 317//589
f 609//590 610//590 295//590
f 295//591 610//591 611//591
f 295//592 611//592 297//592
f 297//593 611//593 581//593
f 297//594 581//594 299//594
f 299//595 581//595 301//595
f 612//596 267//596 613//596
f 613//597 267//597 287//597
f 613//598 287//598 614//598
f 614//599 287//599 286//599
f 614//600 286//600 615//600
f 615//601 286//601 284//601
f 615//602 284//602 616//602
f 616//603 284//603 306//603
f 616//604 306//604 617//604
f 617//605 306//605 305//605
f 617//606 305//606 582//606
f 582//607 305//607 303//607
f 582//608 303//608 301//608
f 618//609 273//609 619//609
f 619//610 273//610 271//610
f 619//611 271//611 612//611
f 612//612 271//612 269//612
f 612//613 269//613 267//613
f 256//614 254//614 579//614
f 579//615 254//615 282//615
f 579//616 282//616 620//616
f 620//617 282//617 281//617
f 620//618 281//618 621//618
f 621//619 281//619 279//619
f 621//620 279//620 622//620
f 622//621 279//621 277//621
f 622//622 277//622 618//622
f 618//623 277//623 275//623
f 618//624 275//624 273//624
f 623//625 262//625 624//625
f 624//626 262//626 260//626
f 624//627 260//627 580//627
f 580//628 260//628 258//628
f 580//629 258//629 256//629
f 625//630 252//630 626//630
f 626//631 252//631 251//631
f 626//632 251//632 627//632
f 627//633 251//633 249//633
f 627//634 249//634 628//634
f 628//635 249//635 247//635
f 628//636 247//636 629//636
f 629//637 247//637 245//637
f 629//638 245//638 630//638
f 630//639 245//639 265//639
f 630//640 265//640 623//640
f 623//641 265//641 264//641
f 623//642 264//642 262//642
f 631//643 221//643 632//643
f 632//644 221//644 243//644
f 632//645 243//645 633//645
f 633//646 243//646 242//646
f 633//647 242//647 634//647
f 634//648 242//648 240//648
f 634//649 240//649 635//649
f 635//650 240//650 238//650
f 635//651 238//651 636//651
f 636//652 238//652 236//652
f 636//653 236//653 625//653
f 625//654 236//654 234//654
f 625//655 234//655 252//655
f 208//656 232//656 577//656
f 577//657 232//657 231//657
f 577//658 231//658 637//658
f 637//659 231//659 229//659
f 637//660 229//660 638//660
f 638//661 229//661 227//661
f 638//662 227//662 639//662
f 639//663 227//663 225//663
f 639//664 225//664 631//664
f 631//665 225//665 223//665
f 631//666 223//666 221//666
f 576//667 195//667 640//667
f 195//668 219//668 640//668
f 640//669 219//669 218//669
f 640//670 218//670 641//670
f 641//671 218//671 216//671
f 641//672 216//672 642//672
f 642//673 216//673 214//673
f 642//674 214//674 643//674
f 643//675 214//675 212//675
f 643//676 212//676 578//676
f 578//677 212//677 210//677
f 578//678 210//678 208//678
f 197//679 576//679 199//679
f 199//680 576//680 644//680
f 199//681 644//681 201//681
f 644//682 645//682 201//682
f 201//683 645//683 574//683
f 201//684 574//684 203//684
f 203//685 574//685 205//685
f 646//686 192//686 647//686
f 647//687 192//687 190//687
f 647//688 190//688 648//688
f 648//689 190//689 188//689
f 648//690 188//690 649//690
f 649//691 188//691 186//691
f 649//692 186//692 650//692
f 650//693 186//693 184//693
f 650//694 184//694 651//694
f 651//695 184//695 182//695
f 651//696 182//696 575//696
f 575//697 182//697 206//697
f 575//698 206//698 205//698
f 179//699 177//699 652//699
f 652//700 177//700 175//700
f 652//701 175//701 653//701
f 653//702 175//702 173//702
f 653//703 173//703 654//703
f 654//704 173//704 171//704
f 654//705 171//705 655//705
f 655//706 171//706 169//706
f 655//707 169//707 646//707
f 646//708 169//708 193//708
f 646//709 193//709 192//709
f 652//710 656//710 179//710
f 179//711 656//711 657//711
f 179//712 657//712 180//712
f 180//713 657//713 572//713
f 180//714 572//714 158//714
f 158//715 572//715 160//715
f 658//716 166//716 659//716
f 659//717 166//717 164//717
f 659//718 164//718 573//718
f 573//719 164//719 162//719
f 573//720 162//720 160//720
f 660//721 153//721 661//721
f 661//722 153//722 151//722
f 661//723 151//723 662//723
f 662//724 151//724 149//724
f 662//725 149//725 663//725
f 663//726 149//726 147//726
f 663//727 147//727 658//727
f 658//728 147//728 167//728
f 658//729 167//729 166//729
f 664//730 156//730 660//730
f 660//731 156//731 155//731
f 660//732 155//732 153//732
f 571//733 129//733 665//733
f 665//734 129//734 127//734
f 665//735 127//735 666//735
f 666//736 127//736 145//736
f 666//737 145//737 667//737
f 667//738 145//738 144//738
f 667//739 144//739 668//739
f 668//740 144//740 142//740
f 668//741 142//741 669//741
f 669//742 142//742 140//742
f 669//743 140//743 664//743
f 664//744 140//744 138//744
f 664//745 138//745 156//745
f 131//746 571//746 133//746
f 133//747 571//747 670//747
f 133//748 670//748 135//748
f 135//749 670//749 671//749
f 135//750 671//750 136//750
f 672//751 124//751 673//751
f 673//752 124//752 136//752
f 673//753 136//753 674//753
f 674//754 136//754 671//754
f 122//755 5//755 675//755
f 675//756 5//756 4//756
f 675//757 4//757 672//757
f 672//758 4//758 125//758
f 672//759 125//759 124//759
f 675//760 676//760 122//760
f 122//761 676//761 677//761
f 122//762 677//762 119//762
f 119//763 677//763 569//763
f 119//764 569//764 120//764
f 120//765 569//765 121//765
f 114//766 113//766 678//766
f 678//767 113//767 112//767
f 678//768 112//768 679//768
f 679//769 112//769 115//769
f 679//770 115//770 570//770
f 570//771 115//771 117//771
f 570//772 117//772 121//772
f 680//773 681//773 108//773
f 678//774 682//774 114//774
f 114//775 682//775 680//775
f 114//776 680//776 110//776
f 110//777 680//777 108//777
f 103//778 101//778 683//778
f 683//779 101//779 100//779
f 683//780 100//780 684//780
f 684//781 100//781 105//781
f 684//782 105//782 681//782
f 681//783 105//783 107//783
f 681//784 107//784 108//784
f 683//785 685//785 103//785
f 103//786 685//786 686//786
f 103//787 686//787 104//787
f 104//788 686//788 98//788
f 686//789 687//789 98//789
f 98//790 687//790 688//790
f 98//791 688//791 99//791
f 99//792 688//792 689//792
f 690//793 1//793 691//793
f 691//794 1//794 88//794
f 691//795 88//795 692//795
f 692//796 88//796 90//796
f 692//797 90//797 693//797
f 693//798 90//798 91//798
f 693//799 91//799 694//799
f 694//800 91//800 93//800
f 694//801 93//801 695//801
f 695//802 93//802 96//802
f 695//803 96//803 689//803
f 689//804 96//804 95//804
f 689//805 95//805 99//805
f 696//806 86//806 697//806
f 697//807 86//807 87//807
f 697//808 87//808 690//808
f 690//809 87//809 2//809
f 690//810 2//810 1//810
f 698//811 79//811 696//811
f 696//812 79//812 84//812
f 696//813 84//813 86//813
f 75//814 74//814 568//814
f 568//815 74//815 78//815
f 568//816 78//816 699//816
f 699//817 78//817 77//817
f 699//818 77//818 700//818
f 700//819 77//819 83//819
f 700//820 83//820 701//820
f 701//821 83//821 82//821
f 701//822 82//822 698//822
f 698//823 82//823 80//823
f 698//824 80//824 79//824
f 72//825 567//825 70//825
f 70//826 567//826 702//826
f 70//827 702//827 69//827
f 69//828 702//828 703//828
f 69//829 703//829 67//829
f 704//830 66//830 705//830
f 705//831 66//831 67//831
f 705//832 67//832 706//832
f 706//833 67//833 703//833
f 62//834 60//834 707//834
f 707//835 60//835 59//835
f 707//836 59//836 704//836
f 704//837 59//837 64//837
f 704//838 64//838 66//838
f 708//839 58//839 709//839
f 709//840 58//840 57//840
f 709//841 57//841 710//841
f 710//842 57//842 63//842
f 710//843 63//843 711//843
f 711//844 63//844 62//844
f 711//845 62//845 712//845
f 712//846 62//846 707//846
f 566//847 47//847 713//847
f 713//848 47//848 49//848
f 713//849 49//849 714//849
f 714//850 49//850 50//850
f 714//851 50//851 715//851
f 715//852 50//852 52//852
f 715//853 52//853 716//853
f 716//854 52//854 53//854
f 716//855 53//855 708//855
f 708//856 53//856 55//856
f 708//857 55//857 58//857
f 46//858 566//858 44//858
f 44//859 566//859 717//859
f 44//860 717//860 43//860
f 43//861 717//861 718//861
f 43//862 718//862 41//862
f 41//863 718//863 36//863
f 36//864 718//864 719//864
f 36//865 719//865 720//865
f 721//866 40//866 722//866
f 722//867 40//867 39//867
f 722//868 39//868 720//868
f 720//869 39//869 37//869
f 720//870 37//870 36//870
f 30//871 32//871 723//871
f 723//872 32//872 35//872
f 723//873 35//873 721//873
f 721//874 35//874 34//874
f 721//875 34//875 40//875
f 723//876 724//876 30//876
f 30//877 724//877 725//877
f 30//878 725//878 29//878
f 29//879 725//879 726//879
f 727//880 22//880 726//880
f 726//881 22//881 27//881
f 726//882 27//882 29//882
f 728//883 16//883 729//883
f 729//884 16//884 15//884
f 729//885 15//885 730//885
f 730//886 15//886 21//886
f 730//887 21//887 731//887
f 731//888 21//888 20//888
f 731//889 20//889 732//889
f 732//890 20//890 26//890
f 732//891 26//891 733//891
f 733//892 26//892 25//892
f 733//893 25//893 727//893
f 727//894 25//894 23//894
f 727//895 23//895 22//895
f 9//896 10//896 585//896
f 585//897 10//897 12//897
f 585//898 12//898 734//898
f 734//899 12//899 18//899
f 734//900 18//900 728//900
f 728//901 18//901 17//901
f 728//902 17//902 16//902
f 735//903 736//903 737//903
f 738//904 739//904 740//904
f 741//905 742//905 743//905
f 744//906 745//906 746//906
f 747//907 748//907 749//907
f 750//908 751//908 752//908
f 753//909 754//909 755//909
f 756//910 757//910 758//910
f 759//911 760//911 761//911
f 762//912 763//912 764//912
f 765//913 766//913 767//913
f 768//914 769//914 770//914
f 771//915 772//915 773//915
f 774//916 775//916 776//916
f 777//917 778//917 779//917
f 780//918 781//918 782//918
f 783//919 784//919 785//919
f 786//920 787//920 788//920
f 789//921 790//921 791//921
f 792//922 793//922 794//922
f 795//923 796//923 797//923
f 798//924 799//924 800//924
f 801//925 802//925 803//925
f 804//926 805//926 806//926
f 807//927 808//927 809//927
f 810//928 811//928 812//928
f 813//929 814//929 815//929
f 816//930 817//930 818//930
f 819//931 820//931 821//931
f 822//932 823//932 824//932
f 825//933 826//933 827//933
f 828//934 829//934 830//934
f 831//935 832//935 833//935
f 834//936 835//936 836//936
f 837//937 838//937 839//937
f 840//938 841//938 842//938
f 843//939 844//939 845//939
f 846//940 847//940 848//940
f 849//941 850//941 851//941
f 852//942 853//942 854//942
f 855//943 856//943 857//943
f 858//944 859//944 860//944
f 123//945 6//945 554//945
f 861//946 563//946 562//946
f 860//947 859//947 862//947
f 862//948 859//948 863//948
f 862//949 863//949 864//949
f 864//950 863//950 865//950
f 864//951 865//951 866//951
f 857//952 856//952 867//952
f 854//953 853//953 868//953
f 851//954 850//954 869//954
f 848//955 847//955 870//955
f 870//956 847//956 871//956
f 870//957 871//957 872//957
f 845//958 844//958 873//958
f 842//959 841//959 874//959
f 839//960 838//960 875//960
f 836//961 835//961 876//961
f 833//962 832//962 877//962
f 877//963 832//963 878//963
f 877//964 878//964 879//964
f 879//965 878//965 880//965
f 879//966 880//966 881//966
f 830//967 829//967 882//967
f 827//968 826//968 883//968
f 824//969 823//969 884//969
f 821//970 820//970 885//970
f 885//971 820//971 886//971
f 885//972 886//972 887//972
f 887//973 886//973 888//973
f 887//974 888//974 889//974
f 818//975 817//975 890//975
f 815//976 814//976 891//976
f 812//977 811//977 892//977
f 809//978 808//978 893//978
f 893//979 808//979 894//979
f 893//980 894//980 895//980
f 806//981 805//981 896//981
f 803//982 802//982 897//982
f 800//983 799//983 898//983
f 797//984 796//984 899//984
f 794//985 793//985 900//985
f 791//986 790//986 901//986
f 788//987 787//987 902//987
f 785//988 784//988 903//988
f 782//989 781//989 904//989
f 779//990 778//990 905//990
f 905//991 778//991 906//991
f 905//992 906//992 907//992
f 776//993 775//993 908//993
f 773//994 772//994 909//994
f 770//995 769//995 910//995
f 767//996 766//996 911//996
f 764//997 763//997 912//997
f 761//998 760//998 913//998
f 758//999 757//999 914//999
f 755//1000 754//1000 915//1000
f 752//1001 751//1001 916//1001
f 749//1002 748//1002 917//1002
f 917//1003 748//1003 918//1003
f 917//1004 918//1004 919//1004
f 746//1005 745//1005 920//1005
f 743//1006 742//1006 921//1006
f 740//1007 739//1007 922//1007
f 123//1008 554//1008 736//1008
f 736//1009 554//1009 559//1009
f 736//1010 559//1010 737//1010
f 367//1011 369//1011 562//1011
f 562//1012 369//1012 858//1012
f 562//1013 858//1013 861//1013
f 861//1014 858//1014 860//1014
f 369//1015 371//1015 858//1015
f 858//1016 371//1016 375//1016
f 858//1017 375//1017 859//1017
f 859//1018 375//1018 374//1018
f 859//1019 374//1019 863//1019
f 374//1020 378//1020 863//1020
f 863//1021 378//1021 377//1021
f 863//1022 377//1022 865//1022
f 865//1023 377//1023 381//1023
f 381//1024 380//1024 865//1024
f 865//1025 380//1025 855//1025
f 865//1026 855//1026 866//1026
f 866//1027 855//1027 857//1027
f 380//1028 384//1028 855//1028
f 855//1029 384//1029 383//1029
f 855//1030 383//1030 856//1030
f 856//1031 383//1031 387//1031
f 387//1032 386//1032 856//1032
f 856//1033 386//1033 852//1033
f 856//1034 852//1034 867//1034
f 867//1035 852//1035 854//1035
f 386//1036 390//1036 852//1036
f 852//1037 390//1037 389//1037
f 852//1038 389//1038 853//1038
f 853//1039 389//1039 393//1039
f 393//1040 392//1040 853//1040
f 853//1041 392//1041 849//1041
f 853//1042 849//1042 868//1042
f 868//1043 849//1043 851//1043
f 392//1044 396//1044 849//1044
f 849//1045 396//1045 395//1045
f 849//1046 395//1046 850//1046
f 850//1047 395//1047 399//1047
f 399//1048 398//1048 850//1048
f 850//1049 398//1049 846//1049
f 850//1050 846//1050 869//1050
f 869//1051 846//1051 848//1051
f 400//1052 871//1052 401//1052
f 401//1053 871//1053 847//1053
f 401//1054 847//1054 403//1054
f 403//1055 847//1055 846//1055
f 403//1056 846//1056 404//1056
f 404//1057 846//1057 398//1057
f 400//1058 405//1058 871//1058
f 871//1059 405//1059 843//1059
f 871//1060 843//1060 872//1060
f 872//1061 843//1061 845//1061
f 412//1062 844//1062 409//1062
f 409//1063 844//1063 843//1063
f 409//1064 843//1064 407//1064
f 407//1065 843//1065 405//1065
f 412//1066 411//1066 844//1066
f 844//1067 411//1067 840//1067
f 844//1068 840//1068 873//1068
f 873//1069 840//1069 842//1069
f 414//1070 841//1070 416//1070
f 416//1071 841//1071 840//1071
f 416//1072 840//1072 417//1072
f 417//1073 840//1073 411//1073
f 414//1074 420//1074 841//1074
f 841//1075 420//1075 837//1075
f 841//1076 837//1076 874//1076
f 874//1077 837//1077 839//1077
f 422//1078 838//1078 423//1078
f 423//1079 838//1079 837//1079
f 423//1080 837//1080 419//1080
f 419//1081 837//1081 420//1081
f 422//1082 426//1082 838//1082
f 838//1083 426//1083 834//1083
f 838//1084 834//1084 875//1084
f 875//1085 834//1085 836//1085
f 428//1086 835//1086 429//1086
f 429//1087 835//1087 834//1087
f 429//1088 834//1088 425//1088
f 425//1089 834//1089 426//1089
f 428//1090 432//1090 835//1090
f 835//1091 432//1091 831//1091
f 835//1092 831//1092 876//1092
f 876//1093 831//1093 833//1093
f 432//1094 431//1094 831//1094
f 831//1095 431//1095 435//1095
f 831//1096 435//1096 832//1096
f 832//1097 435//1097 434//1097
f 832//1098 434//1098 878//1098
f 434//1099 438//1099 878//1099
f 878//1100 438//1100 437//1100
f 878//1101 437//1101 880//1101
f 880//1102 437//1102 441//1102
f 441//1103 440//1103 880//1103
f 880//1104 440//1104 828//1104
f 880//1105 828//1105 881//1105
f 881//1106 828//1106 830//1106
f 440//1107 444//1107 828//1107
f 828//1108 444//1108 443//1108
f 828//1109 443//1109 829//1109
f 829//1110 443//1110 447//1110
f 447//1111 446//1111 829//1111
f 829//1112 446//1112 825//1112
f 829//1113 825//1113 882//1113
f 882//1114 825//1114 827//1114
f 446//1115 450//1115 825//1115
f 825//1116 450//1116 449//1116
f 825//1117 449//1117 826//1117
f 826//1118 449//1118 453//1118
f 453//1119 452//1119 826//1119
f 826//1120 452//1120 822//1120
f 826//1121 822//1121 883//1121
f 883//1122 822//1122 824//1122
f 452//1123 456//1123 822//1123
f 822//1124 456//1124 455//1124
f 822//1125 455//1125 823//1125
f 823//1126 455//1126 459//1126
f 459//1127 458//1127 823//1127
f 823//1128 458//1128 819//1128
f 823//1129 819//1129 884//1129
f 884//1130 819//1130 821//1130
f 458//1131 464//1131 819//1131
f 819//1132 464//1132 463//1132
f 819//1133 463//1133 820//1133
f 820//1134 463//1134 461//1134
f 820//1135 461//1135 886//1135
f 467//1136 888//1136 465//1136
f 465//1137 888//1137 886//1137
f 465//1138 886//1138 460//1138
f 460//1139 886//1139 461//1139
f 467//1140 468//1140 888//1140
f 888//1141 468//1141 816//1141
f 888//1142 816//1142 889//1142
f 889//1143 816//1143 818//1143
f 473//1144 817//1144 472//1144
f 472//1145 817//1145 816//1145
f 472//1146 816//1146 470//1146
f 470//1147 816//1147 468//1147
f 473//1148 359//1148 817//1148
f 817//1149 359//1149 813//1149
f 817//1150 813//1150 890//1150
f 890//1151 813//1151 815//1151
f 365//1152 814//1152 363//1152
f 363//1153 814//1153 813//1153
f 363//1154 813//1154 361//1154
f 361//1155 813//1155 359//1155
f 365//1156 366//1156 814//1156
f 814//1157 366//1157 810//1157
f 814//1158 810//1158 891//1158
f 891//1159 810//1159 812//1159
f 353//1160 811//1160 355//1160
f 355//1161 811//1161 810//1161
f 355//1162 810//1162 357//1162
f 357//1163 810//1163 366//1163
f 353//1164 350//1164 811//1164
f 811//1165 350//1165 807//1165
f 811//1166 807//1166 892//1166
f 892//1167 807//1167 809//1167
f 350//1168 348//1168 807//1168
f 807//1169 348//1169 346//1169
f 807//1170 346//1170 808//1170
f 808//1171 346//1171 344//1171
f 808//1172 344//1172 894//1172
f 894//1173 344//1173 329//1173
f 329//1174 332//1174 894//1174
f 894//1175 332//1175 804//1175
f 894//1176 804//1176 895//1176
f 895//1177 804//1177 806//1177
f 332//1178 334//1178 804//1178
f 804//1179 334//1179 336//1179
f 804//1180 336//1180 805//1180
f 805//1181 336//1181 338//1181
f 338//1182 340//1182 805//1182
f 805//1183 340//1183 801//1183
f 805//1184 801//1184 896//1184
f 896//1185 801//1185 803//1185
f 340//1186 318//1186 801//1186
f 801//1187 318//1187 320//1187
f 801//1188 320//1188 802//1188
f 802//1189 320//1189 322//1189
f 322//1190 324//1190 802//1190
f 802//1191 324//1191 798//1191
f 802//1192 798//1192 897//1192
f 897//1193 798//1193 800//1193
f 324//1194 326//1194 798//1194
f 798//1195 326//1195 307//1195
f 798//1196 307//1196 799//1196
f 799//1197 307//1197 309//1197
f 309//1198 311//1198 799//1198
f 799//1199 311//1199 795//1199
f 799//1200 795//1200 898//1200
f 898//1201 795//1201 797//1201
f 311//1202 313//1202 795//1202
f 795//1203 313//1203 315//1203
f 795//1204 315//1204 796//1204
f 796//1205 315//1205 288//1205
f 288//1206 290//1206 796//1206
f 796//1207 290//1207 792//1207
f 796//1208 792//1208 899//1208
f 899//1209 792//1209 794//1209
f 296//1210 793//1210 294//1210
f 294//1211 793//1211 792//1211
f 294//1212 792//1212 292//1212
f 292//1213 792//1213 290//1213
f 296//1214 298//1214 793//1214
f 793//1215 298//1215 789//1215
f 793//1216 789//1216 900//1216
f 900//1217 789//1217 791//1217
f 304//1218 790//1218 302//1218
f 302//1219 790//1219 789//1219
f 302//1220 789//1220 300//1220
f 300//1221 789//1221 298//1221
f 304//1222 283//1222 790//1222
f 790//1223 283//1223 786//1223
f 790//1224 786//1224 901//1224
f 901//1225 786//1225 788//1225
f 268//1226 787//1226 266//1226
f 266//1227 787//1227 786//1227
f 266//1228 786//1228 285//1228
f 285//1229 786//1229 283//1229
f 268//1230 270//1230 787//1230
f 787//1231 270//1231 783//1231
f 787//1232 783//1232 902//1232
f 902//1233 783//1233 785//1233
f 276//1234 784//1234 274//1234
f 274//1235 784//1235 783//1235
f 274//1236 783//1236 272//1236
f 272//1237 783//1237 270//1237
f 276//1238 278//1238 784//1238
f 784//1239 278//1239 780//1239
f 784//1240 780//1240 903//1240
f 903//1241 780//1241 782//1241
f 255//1242 781//1242 253//1242
f 253//1243 781//1243 780//1243
f 253//1244 780//1244 280//1244
f 280//1245 780//1245 278//1245
f 255//1246 257//1246 781//1246
f 781//1247 257//1247 777//1247
f 781//1248 777//1248 904//1248
f 904//1249 777//1249 779//1249
f 257//1250 259//1250 777//1250
f 777//1251 259//1251 261//1251
f 777//1252 261//1252 778//1252
f 778//1253 261//1253 263//1253
f 778//1254 263//1254 906//1254
f 906//1255 263//1255 244//1255
f 244//1256 246//1256 906//1256
f 906//1257 246//1257 774//1257
f 906//1258 774//1258 907//1258
f 907//1259 774//1259 776//1259
f 246//1260 248//1260 774//1260
f 774//1261 248//1261 250//1261
f 774//1262 250//1262 775//1262
f 775//1263 250//1263 233//1263
f 233//1264 235//1264 775//1264
f 775//1265 235//1265 771//1265
f 775//1266 771//1266 908//1266
f 908//1267 771//1267 773//1267
f 235//1268 237//1268 771//1268
f 771//1269 237//1269 239//1269
f 771//1270 239//1270 772//1270
f 772//1271 239//1271 241//1271
f 241//1272 220//1272 772//1272
f 772//1273 220//1273 768//1273
f 772//1274 768//1274 909//1274
f 909//1275 768//1275 770//1275
f 220//1276 222//1276 768//1276
f 768//1277 222//1277 224//1277
f 768//1278 224//1278 769//1278
f 769//1279 224//1279 226//1279
f 226//1280 228//1280 769//1280
f 769//1281 228//1281 765//1281
f 769//1282 765//1282 910//1282
f 910//1283 765//1283 767//1283
f 228//1284 230//1284 765//1284
f 765//1285 230//1285 207//1285
f 765//1286 207//1286 766//1286
f 766//1287 207//1287 209//1287
f 209//1288 211//1288 766//1288
f 766//1289 211//1289 762//1289
f 766//1290 762//1290 911//1290
f 911//1291 762//1291 764//1291
f 217//1292 763//1292 215//1292
f 215//1293 763//1293 762//1293
f 215//1294 762//1294 213//1294
f 213//1295 762//1295 211//1295
f 217//1296 194//1296 763//1296
f 763//1297 194//1297 759//1297
f 763//1298 759//1298 912//1298
f 912//1299 759//1299 761//1299
f 200//1300 760//1300 198//1300
f 198//1301 760//1301 759//1301
f 198//1302 759//1302 196//1302
f 196//1303 759//1303 194//1303
f 200//1304 202//1304 760//1304
f 760//1305 202//1305 756//1305
f 760//1306 756//1306 913//1306
f 913//1307 756//1307 758//1307
f 183//1308 757//1308 181//1308
f 181//1309 757//1309 756//1309
f 181//1310 756//1310 204//1310
f 204//1311 756//1311 202//1311
f 183//1312 185//1312 757//1312
f 757//1313 185//1313 753//1313
f 757//1314 753//1314 914//1314
f 914//1315 753//1315 755//1315
f 191//1316 754//1316 189//1316
f 189//1317 754//1317 753//1317
f 189//1318 753//1318 187//1318
f 187//1319 753//1319 185//1319
f 191//1320 168//1320 754//1320
f 754//1321 168//1321 750//1321
f 754//1322 750//1322 915//1322
f 915//1323 750//1323 752//1323
f 174//1324 751//1324 172//1324
f 172//1325 751//1325 750//1325
f 172//1326 750//1326 170//1326
f 170//1327 750//1327 168//1327
f 174//1328 176//1328 751//1328
f 751//1329 176//1329 747//1329
f 751//1330 747//1330 916//1330
f 916//1331 747//1331 749//1331
f 176//1332 178//1332 747//1332
f 747//1333 178//1333 157//1333
f 747//1334 157//1334 748//1334
f 748//1335 157//1335 159//1335
f 748//1336 159//1336 918//1336
f 918//1337 159//1337 161//1337
f 161//1338 163//1338 918//1338
f 918//1339 163//1339 744//1339
f 918//1340 744//1340 919//1340
f 919//1341 744//1341 746//1341
f 163//1342 165//1342 744//1342
f 744//1343 165//1343 146//1343
f 744//1344 146//1344 745//1344
f 745//1345 146//1345 148//1345
f 148//1346 150//1346 745//1346
f 745//1347 150//1347 741//1347
f 745//1348 741//1348 920//1348
f 920//1349 741//1349 743//1349
f 150//1350 152//1350 741//1350
f 741//1351 152//1351 154//1351
f 741//1352 154//1352 742//1352
f 742//1353 154//1353 137//1353
f 137//1354 139//1354 742//1354
f 742//1355 139//1355 738//1355
f 742//1356 738//1356 921//1356
f 921//1357 738//1357 740//1357
f 139//1358 141//1358 738//1358
f 738//1359 141//1359 143//1359
f 738//1360 143//1360 739//1360
f 739//1361 143//1361 126//1361
f 126//1362 128//1362 739//1362
f 739//1363 128//1363 735//1363
f 739//1364 735//1364 922//1364
f 922//1365 735//1365 737//1365
f 128//1366 130//1366 735//1366
f 735//1367 130//1367 132//1367
f 735//1368 132//1368 736//1368
f 736//1369 132//1369 134//1369
f 736//1370 134//1370 123//1370
f 558//1371 557//1371 923//1371
f 923//1371 557//1371 924//1371
f 923//1372 924//1372 925//1372
f 925//1373 924//1373 926//1373
f 925//1374 926//1374 927//1374
f 927//1374 926//1374 928//1374
f 927//1375 928//1375 929//1375
f 929//1375 928//1375 930//1375
f 929//1376 930//1376 931//1376
f 931//1376 930//1376 932//1376
f 931//1377 932//1377 933//1377
f 933//1378 932//1378 934//1378
f 933//1379 934//1379 935//1379
f 935//1380 934//1380 936//1380
f 935//1381 936//1381 937//1381
f 937//1381 936//1381 938//1381
f 937//1382 938//1382 939//1382
f 939//1382 938//1382 940//1382
f 939//1383 940//1383 941//1383
f 941//1383 940//1383 942//1383
f 941//1384 942//1384 943//1384
f 943//1385 942//1385 944//1385
f 943//1386 944//1386 945//1386
f 945//1386 944//1386 946//1386
f 945//1387 946//1387 947//1387
f 947//1387 946//1387 948//1387
f 947//1388 948//1388 949//1388
f 949//1388 948//1388 950//1388
f 949//1389 950//1389 951//1389
f 951//1389 950//1389 952//1389
f 951//1390 952//1390 953//1390
f 953//1391 952//1391 954//1391
f 953//1392 954//1392 955//1392
f 955//1392 954//1392 956//1392
f 955//1393 956//1393 957//1393
f 957//1393 956//1393 958//1393
f 957//1394 958//1394 959//1394
f 959//1394 958//1394 960//1394
f 959//1395 960//1395 961//1395
f 961//1395 960//1395 962//1395
f 961//1396 962//1396 963//1396
f 963//1396 962//1396 964//1396
f 963//1397 964//1397 965//1397
f 965//1397 964//1397 966//1397
f 965//1398 966//1398 967//1398
f 967//1398 966//1398 968//1398
f 967//1399 968//1399 969//1399
f 969//1399 968//1399 970//1399
f 969//1400 970//1400 971//1400
f 971//1400 970//1400 972//1400
f 971//1401 972//1401 973//1401
f 973//1401 972//1401 974//1401
f 973//1402 974//1402 975//1402
f 975//1403 974//1403 976//1403
f 975//1404 976//1404 977//1404
f 977//1404 976//1404 978//1404
f 977//1405 978//1405 979//1405
f 979//1405 978//1405 980//1405
f 979//1406 980//1406 981//1406
f 981//1407 980//1407 982//1407
f 981//1408 982//1408 983//1408
f 983//1408 982//1408 984//1408
f 983//1409 984//1409 985//1409
f 985//1410 984//1410 986//1410
f 985//1411 986//1411 987//1411
f 987//1412 986//1412 988//1412
f 987//1413 988//1413 989//1413
f 989//1413 988//1413 990//1413
f 989//1414 990//1414 991//1414
f 991//1414 990//1414 992//1414
f 991//1415 992//1415 993//1415
f 993//1416 992//1416 994//1416
f 993//1417 994//1417 995//1417
f 995//1417 994//1417 996//1417
f 995//1418 996//1418 997//1418
f 997//1418 996//1418 998//1418
f 997//1419 998//1419 999//1419
f 999//1419 998//1419 1000//1419
f 999//1420 1000//1420 1001//1420
f 1001//1420 1000//1420 1002//1420
f 1001//1421 1002//1421 1003//1421
f 1003//1422 1002//1422 1004//1422
f 1003//1423 1004//1423 1005//1423
f 1005//1424 1004//1424 1006//1424
f 1005//1425 1006//1425 1007//1425
f 1007//1426 1006//1426 1008//1426
f 1007//1427 1008//1427 1009//1427
f 1009//1427 1008//1427 1010//1427
f 1009//1428 1010//1428 1011//1428
f 1011//1429 1010//1429 1012//1429
f 1011//1430 1012//1430 1013//1430
f 1013//1431 1012//1431 1014//1431
f 1013//1432 1014//1432 1015//1432
f 1015//1432 1014//1432 1016//1432
f 1015//1433 1016//1433 1017//1433
f 1017//1433 1016//1433 1018//1433
f 1017//1434 1018//1434 1019//1434
f 1019//1435 1018//1435 1020//1435
f 1019//1436 1020//1436 1021//1436
f 1021//1437 1020//1437 1022//1437
f 1021//1438 1022//1438 1023//1438
f 1023//1439 1022//1439 1024//1439
f 1023//1440 1024//1440 1025//1440
f 1025//1441 1024//1441 1026//1441
f 1025//1442 1026//1442 1027//1442
f 1027//1443 1026//1443 1028//1443
f 1027//57 1028//57 1029//57
f 1029//1444 1028//1444 1030//1444
f 1029//1445 1030//1445 1031//1445
f 1031//1446 1030//1446 1032//1446
f 1031//1447 1032//1447 1033//1447
f 1033//1448 1032//1448 1034//1448
f 1033//1449 1034//1449 1035//1449
f 1035//1449 1034//1449 1036//1449
f 1035//1450 1036//1450 1037//1450
f 1037//1451 1036//1451 1038//1451
f 1037//1452 1038//1452 1039//1452
f 1039//1453 1038//1453 1040//1453
f 1039//1454 1040//1454 1041//1454
f 1041//1454 1040//1454 1042//1454
f 1041//1455 1042//1455 1043//1455
f 1043//1456 1042//1456 1044//1456
f 1043//1457 1044//1457 1045//1457
f 1045//456 1044//456 1046//456
f 1045//457 1046//457 1047//457
f 1047//1458 1046//1458 1048//1458
f 1047//1459 1048//1459 1049//1459
f 1049//1459 1048//1459 1050//1459
f 1049//1460 1050//1460 1051//1460
f 1051//1460 1050//1460 1052//1460
f 1051//1461 1052//1461 1053//1461
f 1053//1461 1052//1461 1054//1461
f 1053//1462 1054//1462 1055//1462
f 1055//1462 1054//1462 1056//1462
f 1055//1463 1056//1463 1057//1463
f 1057//1463 1056//1463 1058//1463
f 1057//1464 1058//1464 1059//1464
f 1059//1464 1058//1464 1060//1464
f 1059//1465 1060//1465 1061//1465
f 1061//1465 1060//1465 1062//1465
f 1061//1466 1062//1466 1063//1466
f 1063//1467 1062//1467 1064//1467
f 1063//1468 1064//1468 1065//1468
f 1065//1468 1064//1468 1066//1468
f 1065//1469 1066//1469 1067//1469
f 1067//1469 1066//1469 1068//1469
f 1067//1470 1068//1470 1069//1470
f 1069//1471 1068//1471 1070//1471
f 1069//1472 1070//1472 1071//1472
f 1071//1472 1070//1472 1072//1472
f 1071//1473 1072//1473 1073//1473
f 1073//1474 1072//1474 1074//1474
f 1073//1475 1074//1475 1075//1475
f 1075//1475 1074//1475 1076//1475
f 1075//1476 1076//1476 1077//1476
f 1077//1476 1076//1476 1078//1476
f 1077//1477 1078//1477 1079//1477
f 1079//1478 1078//1478 1080//1478
f 1079//1479 1080//1479 1081//1479
f 1081//1479 1080//1479 1082//1479
f 1081//1480 1082//1480 1083//1480
f 1083//1480 1082//1480 1084//1480
f 1083//1481 1084//1481 1085//1481
f 1085//1481 1084//1481 1086//1481
f 1085//396 1086//396 1087//396
f 1087//1482 1086//1482 1088//1482
f 1087//1483 1088//1483 1089//1483
f 1089//1484 1088//1484 1090//1484
f 1089//1485 1090//1485 1091//1485
f 1091//1486 1090//1486 1092//1486
f 1091//1487 1092//1487 1093//1487
f 1093//1487 1092//1487 1094//1487
f 1093//1488 1094//1488 1095//1488
f 1095//1488 1094//1488 1096//1488
f 1095//1489 1096//1489 1097//1489
f 1097//1489 1096//1489 1098//1489
f 1097//1490 1098//1490 1099//1490
f 1099//1490 1098//1490 1100//1490
f 1099//1491 1100//1491 1101//1491
f 1101//1492 1100//1492 1102//1492
f 1101//1493 1102//1493 1103//1493
f 1103//1494 1102//1494 1104//1494
f 1103//1495 1104//1495 1105//1495
f 1105//1495 1104//1495 1106//1495
f 1105//1496 1106//1496 1107//1496
f 1107//1497 1106//1497 1108//1497
f 1107//1498 1108//1498 1109//1498
f 1109//1498 1108//1498 1110//1498
f 1109//1499 1110//1499 564//1499
f 564//1499 1110//1499 565//1499
f 559//1371 558//1371 737//1371
f 737//1371 558//1371 923//1371
f 737//1373 923//1373 922//1373
f 922//1372 923//1372 925//1372
f 922//1500 925//1500 740//1500
f 740//1501 925//1501 927//1501
f 740//1502 927//1502 921//1502
f 921//1375 927//1375 929//1375
f 921//1376 929//1376 743//1376
f 743//1376 929//1376 931//1376
f 743//1378 931//1378 920//1378
f 920//1377 931//1377 933//1377
f 920//1503 933//1503 746//1503
f 746//1380 933//1380 935//1380
f 746//1381 935//1381 919//1381
f 919//1381 935//1381 937//1381
f 919//1382 937//1382 917//1382
f 917//1382 937//1382 939//1382
f 917//1383 939//1383 749//1383
f 749//1383 939//1383 941//1383
f 749//1385 941//1385 916//1385
f 916//1385 941//1385 943//1385
f 916//1386 943//1386 752//1386
f 752//1504 943//1504 945//1504
f 752//1505 945//1505 915//1505
f 915//1506 945//1506 947//1506
f 915//1507 947//1507 755//1507
f 755//1388 947//1388 949//1388
f 755//1508 949//1508 914//1508
f 914//1508 949//1508 951//1508
f 914//1390 951//1390 758//1390
f 758//1390 951//1390 953//1390
f 758//1509 953//1509 913//1509
f 913//1510 953//1510 955//1510
f 913//1393 955//1393 761//1393
f 761//1393 955//1393 957//1393
f 761//1394 957//1394 912//1394
f 912//1394 957//1394 959//1394
f 912//1395 959//1395 764//1395
f 764//1395 959//1395 961//1395
f 764//1396 961//1396 911//1396
f 911//1396 961//1396 963//1396
f 911//1397 963//1397 767//1397
f 767//1397 963//1397 965//1397
f 767//1511 965//1511 910//1511
f 910//1511 965//1511 967//1511
f 910//1399 967//1399 770//1399
f 770//1512 967//1512 969//1512
f 770//1513 969//1513 909//1513
f 909//1514 969//1514 971//1514
f 909//1401 971//1401 773//1401
f 773//1515 971//1515 973//1515
f 773//1403 973//1403 908//1403
f 908//1402 973//1402 975//1402
f 908//1404 975//1404 776//1404
f 776//1404 975//1404 977//1404
f 776//1405 977//1405 907//1405
f 907//1405 977//1405 979//1405
f 907//1407 979//1407 905//1407
f 905//1406 979//1406 981//1406
f 905//1516 981//1516 779//1516
f 779//1408 981//1408 983//1408
f 779//1517 983//1517 904//1517
f 904//1410 983//1410 985//1410
f 904//1411 985//1411 782//1411
f 782//1412 985//1412 987//1412
f 782//1413 987//1413 903//1413
f 903//1518 987//1518 989//1518
f 903//1414 989//1414 785//1414
f 785//1414 989//1414 991//1414
f 785//1415 991//1415 902//1415
f 902//1415 991//1415 993//1415
f 902//1417 993//1417 788//1417
f 788//1417 993//1417 995//1417
f 788//1418 995//1418 901//1418
f 901//1418 995//1418 997//1418
f 901//1519 997//1519 791//1519
f 791//1519 997//1519 999//1519
f 791//1420 999//1420 900//1420
f 900//1420 999//1420 1001//1420
f 900//1422 1001//1422 794//1422
f 794//1421 1001//1421 1003//1421
f 794//1520 1003//1520 899//1520
f 899//1520 1003//1520 1005//1520
f 899//1425 1005//1425 797//1425
f 797//1521 1005//1521 1007//1521
f 797//1522 1007//1522 898//1522
f 898//1523 1007//1523 1009//1523
f 898//1429 1009//1429 800//1429
f 800//1524 1009//1524 1011//1524
f 800//1431 1011//1431 897//1431
f 897//1431 1011//1431 1013//1431
f 897//1432 1013//1432 803//1432
f 803//1432 1013//1432 1015//1432
f 803//1433 1015//1433 896//1433
f 896//1433 1015//1433 1017//1433
f 896//1434 1017//1434 806//1434
f 806//1435 1017//1435 1019//1435
f 806//1525 1019//1525 895//1525
f 895//1525 1019//1525 1021//1525
f 895//1438 1021//1438 893//1438
f 893//1438 1021//1438 1023//1438
f 893//1440 1023//1440 809//1440
f 809//1440 1023//1440 1025//1440
f 809//1442 1025//1442 892//1442
f 892//1442 1025//1442 1027//1442
f 892//1526 1027//1526 812//1526
f 812//1527 1027//1527 1029//1527
f 812//1446 1029//1446 891//1446
f 891//1445 1029//1445 1031//1445
f 891//1448 1031//1448 815//1448
f 815//1447 1031//1447 1033//1447
f 815//1449 1033//1449 1111//1449
f 1111//1449 1033//1449 1035//1449
f 1111//1450 1035//1450 818//1450
f 818//1451 1035//1451 1037//1451
f 818//1452 1037//1452 889//1452
f 889//1453 1037//1453 1039//1453
f 889//1454 1039//1454 887//1454
f 887//1454 1039//1454 1041//1454
f 887//1455 1041//1455 885//1455
f 885//1455 1041//1455 1043//1455
f 885//1457 1043//1457 821//1457
f 821//456 1043//456 1045//456
f 821//457 1045//457 884//457
f 884//457 1045//457 1047//457
f 884//1459 1047//1459 824//1459
f 824//1459 1047//1459 1049//1459
f 824//1528 1049//1528 883//1528
f 883//1460 1049//1460 1051//1460
f 883//1461 1051//1461 827//1461
f 827//1461 1051//1461 1053//1461
f 827//1462 1053//1462 882//1462
f 882//1462 1053//1462 1055//1462
f 882//1529 1055//1529 830//1529
f 830//1463 1055//1463 1057//1463
f 830//1530 1057//1530 881//1530
f 881//1530 1057//1530 1059//1530
f 881//1531 1059//1531 879//1531
f 879//1465 1059//1465 1061//1465
f 879//1466 1061//1466 877//1466
f 877//1532 1061//1532 1063//1532
f 877//1533 1063//1533 833//1533
f 833//1534 1063//1534 1065//1534
f 833//1535 1065//1535 876//1535
f 876//1536 1065//1536 1067//1536
f 876//1470 1067//1470 836//1470
f 836//1470 1067//1470 1069//1470
f 836//1472 1069//1472 875//1472
f 875//1472 1069//1472 1071//1472
f 875//1473 1071//1473 839//1473
f 839//1474 1071//1474 1073//1474
f 839//1537 1073//1537 874//1537
f 874//1475 1073//1475 1075//1475
f 874//1476 1075//1476 842//1476
f 842//1538 1075//1538 1077//1538
f 842//1478 1077//1478 873//1478
f 873//1478 1077//1478 1079//1478
f 873//1539 1079//1539 845//1539
f 845//1540 1079//1540 1081//1540
f 845//1480 1081//1480 872//1480
f 872//1541 1081//1541 1083//1541
f 872//1542 1083//1542 870//1542
f 870//1481 1083//1481 1085//1481
f 870//1482 1085//1482 848//1482
f 848//396 1085//396 1087//396
f 848//397 1087//397 869//397
f 869//397 1087//397 1089//397
f 869//1486 1089//1486 851//1486
f 851//1486 1089//1486 1091//1486
f 851//1487 1091//1487 868//1487
f 868//1487 1091//1487 1093//1487
f 868//1488 1093//1488 854//1488
f 854//1488 1093//1488 1095//1488
f 854//1543 1095//1543 867//1543
f 867//1544 1095//1544 1097//1544
f 867//1545 1097//1545 857//1545
f 857//1490 1097//1490 1099//1490
f 857//1492 1099//1492 866//1492
f 866//1492 1099//1492 1101//1492
f 866//1493 1101//1493 864//1493
f 864//1493 1101//1493 1103//1493
f 864//1546 1103//1546 862//1546
f 862//1495 1103//1495 1105//1495
f 862//1547 1105//1547 860//1547
f 860//1496 1105//1496 1107//1496
f 860//1498 1107//1498 861//1498
f 861//1498 1107//1498 1109//1498
f 861//1499 1109//1499 563//1499
f 563//1499 1109//1499 564//1499
f 1112//1371 556//1371 555//1371
f 1113//1469 1114//1469 621//1469
f 561//1499 560//1499 589//1499
f 589//1499 560//1499 1115//1499
f 589//1548 1115//1548 588//1548
f 588//1549 1115//1549 1116//1549
f 588//1550 1116//1550 587//1550
f 587//1547 1116//1547 586//1547
f 586//1547 1116//1547 1117//1547
f 586//1551 1117//1551 595//1551
f 595//1552 1117//1552 1118//1552
f 595//1391 1118//1391 594//1391
f 594//1553 1118//1553 593//1553
f 593//1554 1118//1554 1119//1554
f 593//1555 1119//1555 592//1555
f 1120//1556 601//1556 1121//1556
f 1121//1557 601//1557 590//1557
f 1121//1558 590//1558 1119//1558
f 1119//1559 590//1559 591//1559
f 1119//1560 591//1560 592//1560
f 597//1561 598//1561 1122//1561
f 1122//1562 598//1562 599//1562
f 1122//1563 599//1563 1120//1563
f 1120//1564 599//1564 600//1564
f 1120//1565 600//1565 601//1565
f 597//1566 1122//1566 596//1566
f 596//1488 1122//1488 1123//1488
f 596//1567 1123//1567 604//1567
f 604//1568 1123//1568 1124//1568
f 604//1569 1124//1569 603//1569
f 603//1570 1124//1570 602//1570
f 602//1571 1124//1571 1125//1571
f 602//1572 1125//1572 583//1572
f 583//397 1125//397 584//397
f 584//397 1125//397 1126//397
f 584//1573 1126//1573 608//1573
f 608//1574 1126//1574 1127//1574
f 608//1575 1127//1575 607//1575
f 607//1576 1127//1576 606//1576
f 606//1577 1127//1577 1128//1577
f 606//1578 1128//1578 605//1578
f 605//1541 1128//1541 609//1541
f 609//1480 1128//1480 1129//1480
f 609//1579 1129//1579 610//1579
f 610//1580 1129//1580 1130//1580
f 610//1581 1130//1581 611//1581
f 611//1582 1130//1582 581//1582
f 581//1583 1130//1583 1131//1583
f 581//1584 1131//1584 582//1584
f 582//1476 1131//1476 617//1476
f 617//1538 1131//1538 1132//1538
f 617//1585 1132//1585 616//1585
f 616//1586 1132//1586 1133//1586
f 616//1587 1133//1587 615//1587
f 615//1588 1133//1588 614//1588
f 614//1589 1133//1589 1134//1589
f 614//1590 1134//1590 613//1590
f 621//1469 622//1469 1113//1469
f 1113//1591 622//1591 618//1591
f 1113//1592 618//1592 1135//1592
f 1135//1593 618//1593 619//1593
f 1135//1472 619//1472 1134//1472
f 1134//1594 619//1594 612//1594
f 1134//1595 612//1595 613//1595
f 1136//1596 580//1596 1137//1596
f 1137//1597 580//1597 579//1597
f 1137//1533 579//1533 1114//1533
f 1114//1598 579//1598 620//1598
f 1114//1599 620//1599 621//1599
f 1138//1600 630//1600 1139//1600
f 1139//1601 630//1601 623//1601
f 1139//1465 623//1465 1136//1465
f 1136//1465 623//1465 624//1465
f 1136//1602 624//1602 580//1602
f 626//1603 627//1603 1140//1603
f 1140//1604 627//1604 628//1604
f 1140//1605 628//1605 1138//1605
f 1138//1606 628//1606 629//1606
f 1138//1607 629//1607 630//1607
f 626//1608 1140//1608 625//1608
f 625//1462 1140//1462 1141//1462
f 625//1609 1141//1609 636//1609
f 636//1610 1141//1610 1142//1610
f 636//1611 1142//1611 635//1611
f 635//1612 1142//1612 634//1612
f 634//1613 1142//1613 1143//1613
f 634//1614 1143//1614 633//1614
f 1144//1615 639//1615 1145//1615
f 1145//1616 639//1616 631//1616
f 1145//1459 631//1459 1143//1459
f 1143//1617 631//1617 632//1617
f 1143//1618 632//1618 633//1618
f 1146//1619 637//1619 1144//1619
f 1144//1620 637//1620 638//1620
f 1144//223 638//223 639//223
f 1147//1621 643//1621 1148//1621
f 1148//1622 643//1622 578//1622
f 1148//1456 578//1456 1146//1456
f 1146//1455 578//1455 577//1455
f 1146//1623 577//1623 637//1623
f 1149//1624 641//1624 1147//1624
f 1147//1625 641//1625 642//1625
f 1147//1626 642//1626 643//1626
f 1150//1627 644//1627 1151//1627
f 1151//1628 644//1628 576//1628
f 1151//1451 576//1451 1149//1451
f 1149//1450 576//1450 640//1450
f 1149//1629 640//1629 641//1629
f 1152//1630 574//1630 1150//1630
f 1150//1631 574//1631 645//1631
f 1150//1632 645//1632 644//1632
f 1153//1633 650//1633 1154//1633
f 1154//1634 650//1634 651//1634
f 1154//1446 651//1446 1152//1446
f 1152//1446 651//1446 575//1446
f 1152//1635 575//1635 574//1635
f 646//1636 647//1636 1155//1636
f 1155//1637 647//1637 648//1637
f 1155//1638 648//1638 1153//1638
f 1153//1639 648//1639 649//1639
f 1153//1640 649//1640 650//1640
f 646//1641 1155//1641 655//1641
f 655//1642 1155//1642 1156//1642
f 655//1643 1156//1643 654//1643
f 654//1644 1156//1644 1157//1644
f 654//1645 1157//1645 653//1645
f 653//1646 1157//1646 652//1646
f 652//1647 1157//1647 1158//1647
f 652//1648 1158//1648 656//1648
f 1159//1649 573//1649 1160//1649
f 1160//1650 573//1650 572//1650
f 1160//1434 572//1434 1158//1434
f 1158//1651 572//1651 657//1651
f 1158//1652 657//1652 656//1652
f 1161//1653 663//1653 1162//1653
f 1162//1654 663//1654 658//1654
f 1162//1432 658//1432 1159//1432
f 1159//1432 658//1432 659//1432
f 1159//1655 659//1655 573//1655
f 1163//1656 661//1656 1161//1656
f 1161//1657 661//1657 662//1657
f 1161//1658 662//1658 663//1658
f 1164//1659 669//1659 1165//1659
f 1165//1660 669//1660 664//1660
f 1165//1661 664//1661 1163//1661
f 1163//1427 664//1427 660//1427
f 1163//1662 660//1662 661//1662
f 665//1663 666//1663 1166//1663
f 1166//1664 666//1664 667//1664
f 1166//1665 667//1665 1164//1665
f 1164//1666 667//1666 668//1666
f 1164//1667 668//1667 669//1667
f 665//1668 1166//1668 571//1668
f 571//1422 1166//1422 1167//1422
f 571//1669 1167//1669 670//1669
f 670//1670 1167//1670 1168//1670
f 670//1671 1168//1671 671//1671
f 671//1672 1168//1672 674//1672
f 674//1673 1168//1673 1169//1673
f 674//1674 1169//1674 673//1674
f 1170//1675 676//1675 1171//1675
f 1171//1676 676//1676 675//1676
f 1171//1418 675//1418 1169//1418
f 1169//1677 675//1677 672//1677
f 1169//1678 672//1678 673//1678
f 1172//1679 569//1679 1170//1679
f 1170//1680 569//1680 677//1680
f 1170//1681 677//1681 676//1681
f 1173//1682 678//1682 1174//1682
f 1174//1683 678//1683 679//1683
f 1174//1414 679//1414 1172//1414
f 1172//1414 679//1414 570//1414
f 1172//1684 570//1684 569//1684
f 1175//1685 680//1685 1173//1685
f 1173//1686 680//1686 682//1686
f 1173//1687 682//1687 678//1687
f 1176//1688 683//1688 1177//1688
f 1177//1689 683//1689 684//1689
f 1177//1690 684//1690 1175//1690
f 1175//1410 684//1410 681//1410
f 1175//1691 681//1691 680//1691
f 688//1692 687//1692 1178//1692
f 1178//1693 687//1693 686//1693
f 1178//1694 686//1694 1176//1694
f 1176//1695 686//1695 685//1695
f 1176//1696 685//1696 683//1696
f 688//1697 1178//1697 689//1697
f 689//1405 1178//1405 1179//1405
f 689//1698 1179//1698 695//1698
f 695//1699 1179//1699 1180//1699
f 695//1700 1180//1700 694//1700
f 694//1701 1180//1701 693//1701
f 693//1702 1180//1702 1181//1702
f 693//1703 1181//1703 692//1703
f 1182//1704 697//1704 1183//1704
f 1183//1705 697//1705 690//1705
f 1183//1515 690//1515 1181//1515
f 1181//1706 690//1706 691//1706
f 1181//1707 691//1707 692//1707
f 1184//1708 701//1708 1185//1708
f 1185//1709 701//1709 698//1709
f 1185//1399 698//1399 1182//1399
f 1182//1399 698//1399 696//1399
f 1182//1710 696//1710 697//1710
f 1186//1711 699//1711 1184//1711
f 1184//1712 699//1712 700//1712
f 1184//1713 700//1713 701//1713
f 1187//1714 702//1714 1188//1714
f 1188//1715 702//1715 567//1715
f 1188//1396 567//1396 1186//1396
f 1186//1396 567//1396 568//1396
f 1186//1716 568//1716 699//1716
f 704//1717 705//1717 1189//1717
f 1189//1718 705//1718 706//1718
f 1189//1719 706//1719 1187//1719
f 1187//1720 706//1720 703//1720
f 1187//1721 703//1721 702//1721
f 704//1722 1189//1722 707//1722
f 707//1393 1189//1393 1190//1393
f 707//1723 1190//1723 712//1723
f 712//1724 1190//1724 1191//1724
f 712//1725 1191//1725 711//1725
f 711//1726 1191//1726 710//1726
f 710//1727 1191//1727 1192//1727
f 710//1728 1192//1728 709//1728
f 1193//1729 715//1729 1194//1729
f 1194//1730 715//1730 716//1730
f 1194//1508 716//1508 1192//1508
f 1192//1731 716//1731 708//1731
f 1192//1732 708//1732 709//1732
f 1195//1733 713//1733 1193//1733
f 1193//1734 713//1734 714//1734
f 1193//1735 714//1735 715//1735
f 1196//1736 718//1736 1197//1736
f 1197//1737 718//1737 717//1737
f 1197//1386 717//1386 1195//1386
f 1195//1386 717//1386 566//1386
f 1195//1738 566//1738 713//1738
f 1198//1739 720//1739 1196//1739
f 1196//1740 720//1740 719//1740
f 1196//1741 719//1741 718//1741
f 1199//1742 723//1742 1200//1742
f 1200//1743 723//1743 721//1743
f 1200//1382 721//1382 1198//1382
f 1198//1382 721//1382 722//1382
f 1198//1744 722//1744 720//1744
f 1201//1745 725//1745 1199//1745
f 1199//1746 725//1746 724//1746
f 1199//1747 724//1747 723//1747
f 1202//1748 733//1748 1203//1748
f 1203//1749 733//1749 727//1749
f 1203//1378 727//1378 1201//1378
f 1201//1378 727//1378 726//1378
f 1201//1750 726//1750 725//1750
f 1204//1751 731//1751 1202//1751
f 1202//1752 731//1752 732//1752
f 1202//1753 732//1753 733//1753
f 1205//1754 729//1754 1204//1754
f 1204//1755 729//1755 730//1755
f 1204//1756 730//1756 731//1756
f 555//1371 585//1371 1112//1371
f 1112//1757 585//1757 734//1757
f 1112//1758 734//1758 1205//1758
f 1205//1759 734//1759 728//1759
f 1205//1760 728//1760 729//1760
f 557//1371 556//1371 924//1371
f 924//1371 556//1371 1112//1371
f 924//1372 1112//1372 926//1372
f 926//1373 1112//1373 1205//1373
f 926//1500 1205//1500 928//1500
f 928//1500 1205//1500 1204//1500
f 928//1502 1204//1502 930//1502
f 930//1375 1204//1375 1202//1375
f 930//1376 1202//1376 932//1376
f 932//1376 1202//1376 1203//1376
f 932//1378 1203//1378 934//1378
f 934//1377 1203//1377 1201//1377
f 934//1503 1201//1503 936//1503
f 936//1380 1201//1380 1199//1380
f 936//1381 1199//1381 938//1381
f 938//1381 1199//1381 1200//1381
f 938//1382 1200//1382 940//1382
f 940//1382 1200//1382 1198//1382
f 940//1383 1198//1383 942//1383
f 942//1383 1198//1383 1196//1383
f 942//1385 1196//1385 944//1385
f 944//1385 1196//1385 1197//1385
f 944//1386 1197//1386 946//1386
f 946//1386 1197//1386 1195//1386
f 946//1387 1195//1387 948//1387
f 948//1387 1195//1387 1193//1387
f 948//1761 1193//1761 950//1761
f 950//1507 1193//1507 1194//1507
f 950//1508 1194//1508 952//1508
f 952//1508 1194//1508 1192//1508
f 952//1390 1192//1390 954//1390
f 954//1391 1192//1391 1191//1391
f 954//1510 1191//1510 956//1510
f 956//1510 1191//1510 1190//1510
f 956//1393 1190//1393 958//1393
f 958//1762 1190//1762 1189//1762
f 958//1394 1189//1394 960//1394
f 960//1394 1189//1394 1187//1394
f 960//1763 1187//1763 962//1763
f 962//1395 1187//1395 1188//1395
f 962//1396 1188//1396 964//1396
f 964//1764 1188//1764 1186//1764
f 964//1397 1186//1397 966//1397
f 966//1765 1186//1765 1184//1765
f 966//1766 1184//1766 968//1766
f 968//1511 1184//1511 1185//1511
f 968//1399 1185//1399 970//1399
f 970//1399 1185//1399 1182//1399
f 970//1514 1182//1514 972//1514
f 972//1400 1182//1400 1183//1400
f 972//1515 1183//1515 974//1515
f 974//1515 1183//1515 1181//1515
f 974//1402 1181//1402 976//1402
f 976//1402 1181//1402 1180//1402
f 976//1404 1180//1404 978//1404
f 978//1404 1180//1404 1179//1404
f 978//1405 1179//1405 980//1405
f 980//1405 1179//1405 1178//1405
f 980//1406 1178//1406 982//1406
f 982//1406 1178//1406 1176//1406
f 982//1408 1176//1408 984//1408
f 984//1408 1176//1408 1177//1408
f 984//1410 1177//1410 986//1410
f 986//1690 1177//1690 1175//1690
f 986//1412 1175//1412 988//1412
f 988//1411 1175//1411 1173//1411
f 988//1518 1173//1518 990//1518
f 990//1518 1173//1518 1174//1518
f 990//1414 1174//1414 992//1414
f 992//1414 1174//1414 1172//1414
f 992//1767 1172//1767 994//1767
f 994//1415 1172//1415 1170//1415
f 994//1417 1170//1417 996//1417
f 996//1417 1170//1417 1171//1417
f 996//1418 1171//1418 998//1418
f 998//1418 1171//1418 1169//1418
f 998//1519 1169//1519 1000//1519
f 1000//1519 1169//1519 1168//1519
f 1000//1420 1168//1420 1002//1420
f 1002//1420 1168//1420 1167//1420
f 1002//1422 1167//1422 1004//1422
f 1004//1768 1167//1768 1166//1768
f 1004//1520 1166//1520 1006//1520
f 1006//1423 1166//1423 1164//1423
f 1006//1521 1164//1521 1008//1521
f 1008//1425 1164//1425 1165//1425
f 1008//1427 1165//1427 1010//1427
f 1010//1427 1165//1427 1163//1427
f 1010//1429 1163//1429 1012//1429
f 1012//1428 1163//1428 1161//1428
f 1012//1430 1161//1430 1014//1430
f 1014//1430 1161//1430 1162//1430
f 1014//1432 1162//1432 1016//1432
f 1016//1432 1162//1432 1159//1432
f 1016//1433 1159//1433 1018//1433
f 1018//1433 1159//1433 1160//1433
f 1018//1435 1160//1435 1020//1435
f 1020//1434 1160//1434 1158//1434
f 1020//1525 1158//1525 1022//1525
f 1022//1436 1158//1436 1157//1436
f 1022//1438 1157//1438 1024//1438
f 1024//1439 1157//1439 1156//1439
f 1024//1441 1156//1441 1026//1441
f 1026//1441 1156//1441 1155//1441
f 1026//1442 1155//1442 1028//1442
f 1028//1769 1155//1769 1153//1769
f 1028//1527 1153//1527 1030//1527
f 1030//57 1153//57 1154//57
f 1030//1446 1154//1446 1032//1446
f 1032//1446 1154//1446 1152//1446
f 1032//1447 1152//1447 1034//1447
f 1034//1448 1152//1448 1150//1448
f 1034//1449 1150//1449 1036//1449
f 1036//1449 1150//1449 1151//1449
f 1036//1450 1151//1450 1038//1450
f 1038//1451 1151//1451 1149//1451
f 1038//1453 1149//1453 1040//1453
f 1040//1453 1149//1453 1147//1453
f 1040//1454 1147//1454 1042//1454
f 1042//1770 1147//1770 1148//1770
f 1042//1455 1148//1455 1044//1455
f 1044//1455 1148//1455 1146//1455
f 1044//456 1146//456 1046//456
f 1046//1457 1146//1457 1144//1457
f 1046//457 1144//457 1048//457
f 1048//1458 1144//1458 1145//1458
f 1048//1459 1145//1459 1050//1459
f 1050//1771 1145//1771 1143//1771
f 1050//1460 1143//1460 1052//1460
f 1052//1460 1143//1460 1142//1460
f 1052//1461 1142//1461 1054//1461
f 1054//1461 1142//1461 1141//1461
f 1054//1462 1141//1462 1056//1462
f 1056//1462 1141//1462 1140//1462
f 1056//1463 1140//1463 1058//1463
f 1058//1463 1140//1463 1138//1463
f 1058//1530 1138//1530 1060//1530
f 1060//1464 1138//1464 1139//1464
f 1060//1531 1139//1531 1062//1531
f 1062//1531 1139//1531 1136//1531
f 1062//1772 1136//1772 1064//1772
f 1064//1532 1136//1532 1137//1532
f 1064//1534 1137//1534 1066//1534
f 1066//1534 1137//1534 1114//1534
f 1066//1469 1114//1469 1068//1469
f 1068//1469 1114//1469 1113//1469
f 1068//1470 1113//1470 1070//1470
f 1070//1470 1113//1470 1135//1470
f 1070//1472 1135//1472 1072//1472
f 1072//1472 1135//1472 1134//1472
f 1072//1473 1134//1473 1074//1473
f 1074//1473 1134//1473 1133//1473
f 1074//1475 1133//1475 1076//1475
f 1076//1475 1133//1475 1132//1475
f 1076//1538 1132//1538 1078//1538
f 1078//1538 1132//1538 1131//1538
f 1078//1478 1131//1478 1080//1478
f 1080//1478 1131//1478 1130//1478
f 1080//1479 1130//1479 1082//1479
f 1082//1479 1130//1479 1129//1479
f 1082//1773 1129//1773 1084//1773
f 1084//1480 1129//1480 1128//1480
f 1084//1481 1128//1481 1086//1481
f 1086//1774 1128//1774 1127//1774
f 1086//396 1127//396 1088//396
f 1088//396 1127//396 1126//396
f 1088//397 1126//397 1090//397
f 1090//397 1126//397 1125//397
f 1090//1486 1125//1486 1092//1486
f 1092//1486 1125//1486 1124//1486
f 1092//1487 1124//1487 1094//1487
f 1094//1487 1124//1487 1123//1487
f 1094//1775 1123//1775 1096//1775
f 1096//1488 1123//1488 1122//1488
f 1096//1489 1122//1489 1098//1489
f 1098//1544 1122//1544 1120//1544
f 1098//1545 1120//1545 1100//1545
f 1100//1545 1120//1545 1121//1545
f 1100//1492 1121//1492 1102//1492
f 1102//1492 1121//1492 1119//1492
f 1102//1493 1119//1493 1104//1493
f 1104//1493 1119//1493 1118//1493
f 1104//1495 1118//1495 1106//1495
f 1106//1495 1118//1495 1117//1495
f 1106//1547 1117//1547 1108//1547
f 1108//1776 1117//1776 1116//1776
f 1108//1498 1116//1498 1110//1498
f 1110//1498 1116//1498 1115//1498
f 1110//1499 1115//1499 565//1499
f 565//1499 1115//1499 560//1499
f 490//1777 1206//1777 489//1777
f 489//1777 1206//1777 1207//1777
f 489//1778 1207//1778 488//1778
f 488//1778 1207//1778 1208//1778
f 488//1779 1208//1779 487//1779
f 487//1779 1208//1779 1209//1779
f 487//1780 1209//1780 486//1780
f 486//1780 1209//1780 1210//1780
f 486//1781 1210//1781 485//1781
f 485//1781 1210//1781 1211//1781
f 485//1782 1211//1782 484//1782
f 484//1782 1211//1782 1212//1782
f 484//1783 1212//1783 483//1783
f 483//1783 1212//1783 1213//1783
f 483//1784 1213//1784 482//1784
f 482//1784 1213//1784 1214//1784
f 482//3 1214//3 481//3
f 481//3 1214//3 1215//3
f 481//1785 1215//1785 480//1785
f 480//1785 1215//1785 1216//1785
f 480//10 1216//10 479//10
f 479//10 1216//10 1217//10
f 479//1786 1217//1786 478//1786
f 478//1786 1217//1786 1218//1786
f 478//411 1218//411 477//411
f 477//411 1218//411 1219//411
f 477//406 1219//406 476//406
f 476//406 1219//406 1220//406
f 476//1787 1220//1787 475//1787
f 475//1787 1220//1787 1221//1787
f 475//402 1221//402 474//402
f 474//402 1221//402 1222//402
f 474//1788 1222//1788 510//1788
f 510//1788 1222//1788 1223//1788
f 510//1789 1223//1789 1224//1789
f 1224//1789 1223//1789 1225//1789
f 1224//1790 1225//1790 508//1790
f 508//1790 1225//1790 1226//1790
f 508//1791 1226//1791 507//1791
f 507//1791 1226//1791 1227//1791
f 507//1792 1227//1792 506//1792
f 506//1792 1227//1792 1228//1792
f 506//1793 1228//1793 505//1793
f 505//1793 1228//1793 1229//1793
f 505//1794 1229//1794 504//1794
f 504//1794 1229//1794 1230//1794
f 504//1795 1230//1795 503//1795
f 503//1795 1230//1795 1231//1795
f 503//1796 1231//1796 502//1796
f 502//1796 1231//1796 1232//1796
f 502//1797 1232//1797 501//1797
f 501//1797 1232//1797 1233//1797
f 501//1798 1233//1798 500//1798
f 500//1798 1233//1798 1234//1798
f 500//366 1234//366 499//366
f 499//366 1234//366 1235//366
f 499//1799 1235//1799 498//1799
f 498//1799 1235//1799 1236//1799
f 498//1800 1236//1800 497//1800
f 497//1800 1236//1800 1237//1800
f 497//465 1237//465 496//465
f 496//465 1237//465 1238//465
f 496//462 1238//462 495//462
f 495//462 1238//462 1239//462
f 495//81 1239//81 494//81
f 494//81 1239//81 1240//81
f 494//1801 1240//1801 493//1801
f 493//1801 1240//1801 1241//1801
f 493//1802 1241//1802 492//1802
f 492//1802 1241//1802 1242//1802
f 492//1803 1242//1803 490//1803
f 490//1803 1242//1803 1206//1803
f 1243//1804 1223//1804 1244//1804
f 1244//1804 1223//1804 1222//1804
f 1244//1805 1222//1805 1245//1805
f 1245//1805 1222//1805 1221//1805
f 1245//1806 1221//1806 1246//1806
f 1246//1806 1221//1806 1220//1806
f 1246//1807 1220//1807 1247//1807
f 1247//1807 1220//1807 1219//1807
f 1247//1808 1219//1808 1248//1808
f 1248//1808 1219//1808 1218//1808
f 1248//1809 1218//1809 1249//1809
f 1249//1809 1218//1809 1217//1809
f 1249//1810 1217//1810 1250//1810
f 1250//1810 1217//1810 1216//1810
f 1250//1811 1216//1811 1251//1811
f 1251//1811 1216//1811 1252//1811
f 1251//1812 1252//1812 1253//1812
f 1253//1812 1252//1812 1214//1812
f 1253//1813 1214//1813 1254//1813
f 1254//1813 1214//1813 1213//1813
f 1254//1814 1213//1814 1255//1814
f 1255//1814 1213//1814 1212//1814
f 1255//1815 1212//1815 1256//1815
f 1256//1815 1212//1815 1211//1815
f 1256//1816 1211//1816 1257//1816
f 1257//1816 1211//1816 1210//1816
f 1257//1817 1210//1817 1258//1817
f 1258//1817 1210//1817 1209//1817
f 1258//1818 1209//1818 1259//1818
f 1259//1818 1209//1818 1208//1818
f 1259//1819 1208//1819 1260//1819
f 1260//1819 1208//1819 1207//1819
f 1260//1820 1207//1820 1261//1820
f 1261//1820 1207//1820 1262//1820
f 1261//1821 1262//1821 1263//1821
f 1263//1821 1262//1821 1242//1821
f 1263//1822 1242//1822 1264//1822
f 1264//1822 1242//1822 1241//1822
f 1264//1823 1241//1823 1265//1823
f 1265//1823 1241//1823 1240//1823
f 1265//1824 1240//1824 1266//1824
f 1266//1824 1240//1824 1239//1824
f 1266//1825 1239//1825 1267//1825
f 1267//1825 1239//1825 1238//1825
f 1267//1826 1238//1826 1268//1826
f 1268//1826 1238//1826 1237//1826
f 1268//1827 1237//1827 1269//1827
f 1269//1827 1237//1827 1236//1827
f 1269//1828 1236//1828 1270//1828
f 1270//1828 1236//1828 1235//1828
f 1270//1829 1235//1829 1271//1829
f 1271//1829 1235//1829 1272//1829
f 1271//1830 1272//1830 1273//1830
f 1273//1830 1272//1830 1233//1830
f 1273//1831 1233//1831 1274//1831
f 1274//1831 1233//1831 1232//1831
f 1274//1832 1232//1832 1275//1832
f 1275//1832 1232//1832 1231//1832
f 1275//1833 1231//1833 1276//1833
f 1276//1833 1231//1833 1230//1833
f 1276//1834 1230//1834 1277//1834
f 1277//1834 1230//1834 1229//1834
f 1277//1835 1229//1835 1278//1835
f 1278//1835 1229//1835 1228//1835
f 1278//1836 1228//1836 1279//1836
f 1279//1836 1228//1836 1227//1836
f 1279//1837 1227//1837 1280//1837
f 1280//1837 1227//1837 1226//1837
f 1280//1838 1226//1838 1281//1838
f 1281//1838 1226//1838 1225//1838
f 1281//1839 1225//1839 1243//1839
f 1243//1839 1225//1839 1223//1839
f 1279//473 1280//473 1282//473
f 1282//473 1280//473 1281//473
f 1282//473 1281//473 1243//473
f 1276//473 1277//473 1282//473
f 1282//473 1277//473 1278//473
f 1282//473 1278//473 1279//473
f 1273//473 1274//473 1282//473
f 1282//473 1274//473 1275//473
f 1282//473 1275//473 1276//473
f 1269//473 1270//473 1282//473
f 1282//473 1270//473 1283//473
f 1282//473 1283//473 1273//473
f 1266//473 1267//473 1282//473
f 1282//473 1267//473 1268//473
f 1282//473 1268//473 1269//473
f 1263//473 1264//473 1282//473
f 1282//473 1264//473 1265//473
f 1282//473 1265//473 1266//473
f 1259//473 1260//473 1282//473
f 1282//473 1260//473 1284//473
f 1282//473 1284//473 1263//473
f 1256//473 1257//473 1282//473
f 1282//473 1257//473 1258//473
f 1282//473 1258//473 1259//473
f 1253//473 1254//473 1282//473
f 1282//473 1254//473 1255//473
f 1282//473 1255//473 1256//473
f 1249//473 1250//473 1282//473
f 1282//473 1250//473 1285//473
f 1282//473 1285//473 1253//473
f 1246//473 1247//473 1282//473
f 1282//473 1247//473 1248//473
f 1282//473 1248//473 1249//473
f 1243//473 1244//473 1282//473
f 1282//473 1244//473 1245//473
f 1282//473 1245//473 1246//473
o centrifuge_tube_15ml_cap
v 0.010889 0.120000 0.003039
v 0.010685 0.120000 0.003692
v 0.010889 0.109840 0.003039
v 0.010685 0.109840 0.003692
v 0.010512 0.120000 0.004160
v 0.010241 0.120000 0.004788
v 0.010512 0.109840 0.004160
v 0.010241 0.109840 0.004788
v 0.011147 0.120000 0.001884
v 0.011013 0.120000 0.002555
v 0.011147 0.109840 0.001884
v 0.011013 0.109840 0.002555
v 0.011283 0.120000 0.000709
v 0.011219 0.120000 0.001389
v 0.011283 0.109840 0.000709
v 0.011219 0.109840 0.001389
v 0.011295 0.120000 -0.000475
v 0.011303 0.120000 0.000209
v 0.011295 0.109840 -0.000475
v 0.011303 0.109840 0.000209
v 0.011184 0.120000 -0.001653
v 0.011263 0.120000 -0.000974
v 0.011184 0.109840 -0.001653
v 0.011263 0.109840 -0.000974
v 0.010950 0.120000 -0.002813
v 0.011100 0.120000 -0.002146
v 0.010950 0.109840 -0.002813
v 0.011100 0.109840 -0.002146
v 0.010596 0.120000 -0.003942
v 0.010814 0.120000 -0.003294
v 0.010596 0.109840 -0.003942
v 0.010814 0.109840 -0.003294
v 0.010125 0.120000 -0.005028
v 0.010411 0.120000 -0.004406
v 0.010125 0.109840 -0.005028
v 0.010411 0.109840 -0.004406
v 0.009544 0.120000 -0.006059
v 0.009893 0.120000 -0.005470
v 0.009544 0.109840 -0.006059
v 0.009893 0.109840 -0.005470
v 0.008859 0.120000 -0.007023
v 0.009267 0.120000 -0.006475
v 0.008859 0.109840 -0.007023
v 0.009267 0.109840 -0.006475
v 0.008076 0.120000 -0.007911
v 0.008540 0.120000 -0.007408
v 0.008076 0.109840 -0.007911
v 0.008540 0.109840 -0.007408
v 0.007205 0.120000 -0.008711
v 0.007719 0.120000 -0.008260
v 0.007205 0.109840 -0.008711
v 0.007719 0.109840 -0.008260
v 0.006255 0.120000 -0.009417
v 0.006813 0.120000 -0.009021
v 0.006255 0.109840 -0.009417
v 0.006813 0.109840 -0.009021
v 0.005236 0.120000 -0.010019
v 0.005833 0.120000 -0.009684
v 0.005236 0.109840 -0.010019
v 0.005833 0.109840 -0.009684
v 0.004160 0.120000 -0.010512
v 0.004788 0.120000 -0.010241
v 0.004160 0.109840 -0.010512
v 0.004788 0.109840 -0.010241
v 0.003039 0.120000 -0.010889
v 0.003692 0.120000 -0.010685
v 0.003039 0.109840 -0.010889
v 0.003692 0.109840 -0.010685
v 0.001884 0.120000 -0.011147
v 0.002555 0.120000 -0.011013
v 0.001884 0.109840 -0.011147
v 0.002555 0.109840 -0.011013
v 0.000709 0.120000 -0.011283
v 0.001389 0.120000 -0.011219
v 0.000709 0.109840 -0.011283
v 0.001389 0.109840 -0.011219
v -0.000475 0.120000 -0.011295
v 0.000209 0.120000 -0.011303
v -0.000475 0.109840 -0.011295
v 0.000209 0.109840 -0.011303
v -0.001653 0.120000 -0.011184
v -0.000974 0.120000 -0.011263
v -0.001653 0.109840 -0.011184
v -0.000974 0.109840 -0.011263
v -0.002813 0.120000 -0.010950
v -0.002146 0.120000 -0.011100
v -0.002813 0.109840 -0.010950
v -0.002146 0.109840 -0.011100
v -0.003942 0.120000 -0.010596
v -0.003294 0.120000 -0.010814
v -0.003942 0.109840 -0.010596
v -0.003294 0.109840 -0.010814
v -0.005028 0.120000 -0.010125
v -0.004406 0.120000 -0.010411
v -0.005028 0.109840 -0.010125
v -0.004406 0.109840 -0.010411
v -0.006059 0.120000 -0.009544
v -0.005470 0.120000 -0.009893
v -0.006059 0.109840 -0.009544
v -0.005470 0.109840 -0.009893
v -0.007023 0.120000 -0.008859
v -0.006475 0.120000 -0.009267
v -0.007023 0.109840 -0.008859
v -0.006475 0.109840 -0.009267
v -0.007911 0.120000 -0.008076
v -0.007408 0.120000 -0.008540
v -0.007911 0.109840 -0.008076
v -0.007408 0.109840 -0.008540
v -0.008711 0.120000 -0.007205
v -0.008260 0.120000 -0.007719
v -0.008711 0.109840 -0.007205
v -0.008260 0.109840 -0.007719
v -0.009417 0.120000 -0.006255
v -0.009021 0.120000 -0.006813
v -0.009417 0.109840 -0.006255
v -0.009021 0.109840 -0.006813
v -0.010019 0.120000 -0.005236
v -0.009684 0.120000 -0.005833
v -0.010019 0.109840 -0.005236
v -0.009684 0.109840 -0.005833
v -0.010512 0.120000 -0.004160
v -0.010241 0.120000 -0.004788
v -0.010512 0.109840 -0.004160
v -0.010241 0.109840 -0.004788
v -0.010889 0.120000 -0.003039
v -0.010685 0.120000 -0.003692
v -0.010889 0.109840 -0.003039
v -0.010685 0.109840 -0.003692
v -0.011147 0.120000 -0.001884
v -0.011013 0.120000 -0.002555
v -0.011147 0.109840 -0.001884
v -0.011013 0.109840 -0.002555
v -0.011283 0.120000 -0.000709
v -0.011219 0.120000 -0.001389
v -0.011283 0.109840 -0.000709
v -0.011219 0.109840 -0.001389
v -0.011295 0.120000 0.000475
v -0.011303 0.120000 -0.000209
v -0.011295 0.109840 0.000475
v -0.011303 0.109840 -0.000209
v -0.011184 0.120000 0.001653
v -0.011263 0.120000 0.000974
v -0.011184 0.109840 0.001653
v -0.011263 0.109840 0.000974
v -0.010950 0.120000 0.002813
v -0.011100 0.120000 0.002146
v -0.010950 0.109840 0.002813
v -0.011100 0.109840 0.002146
v -0.010596 0.120000 0.003942
v -0.010814 0.120000 0.003294
v -0.010596 0.109840 0.003942
v -0.010814 0.109840 0.003294
v -0.010125 0.120000 0.005028
v -0.010411 0.120000 0.004406
v -0.010125 0.109840 0.005028
v -0.010411 0.109840 0.004406
v -0.009544 0.120000 0.006059
v -0.009893 0.120000 0.005470
v -0.009544 0.109840 0.006059
v -0.009893 0.109840 0.005470
v -0.008859 0.120000 0.007023
v -0.009267 0.120000 0.006475
v -0.008859 0.109840 0.007023
v -0.009267 0.109840 0.006475
v -0.008076 0.120000 0.007911
v -0.008540 0.120000 0.007408
v -0.008076 0.109840 0.007911
v -0.008540 0.109840 0.007408
v -0.007205 0.120000 0.008711
v -0.007719 0.120000 0.008260
v -0.007205 0.109840 0.008711
v -0.007719 0.109840 0.008260
v -0.006255 0.120000 0.009417
v -0.006813 0.120000 0.009021
v -0.006255 0.109840 0.009417
v -0.006813 0.109840 0.009021
v -0.005236 0.120000 0.010019
v -0.005833 0.120000 0.009684
v -0.005236 0.109840 0.010019
v -0.005833 0.109840 0.009684
v -0.004160 0.120000 0.010512
v -0.004788 0.120000 0.010241
v -0.004160 0.109840 0.010512
v -0.004788 0.109840 0.010241
v -0.003039 0.120000 0.010889
v -0.003692 0.120000 0.010685
v -0.003039 0.109840 0.010889
v -0.003692 0.109840 0.010685
v -0.001884 0.120000 0.011147
v -0.002555 0.120000 0.011013
v -0.001884 0.109840 0.011147
v -0.002555 0.109840 0.011013
v -0.000709 0.120000 0.011283
v -0.001389 0.120000 0.011219
v -0.000709 0.109840 0.011283
v -0.001389 0.109840 0.011219
v 0.000475 0.120000 0.011295
v -0.000209 0.120000 0.011303
v 0.000475 0.109840 0.011295
v -0.000209 0.109840 0.011303
v 0.001653 0.120000 0.011184
v 0.000974 0.120000 0.011263
v 0.001653 0.109840 0.011184
v 0.000974 0.109840 0.011263
v 0.002813 0.120000 0.010950
v 0.002146 0.120000 0.011100
v 0.002813 0.109840 0.010950
v 0.002146 0.109840 0.011100
v 0.003942 0.120000 0.010596
v 0.003294 0.120000 0.010814
v 0.003942 0.109840 0.010596
v 0.003294 0.109840 0.010814
v 0.005028 0.120000 0.010125
v 0.004406 0.120000 0.010411
v 0.005028 0.109840 0.010125
v 0.004406 0.109840 0.010411
v 0.006059 0.120000 0.009544
v 0.005470 0.120000 0.009893
v 0.006059 0.109840 0.009544
v 0.005470 0.109840 0.009893
v 0.007023 0.120000 0.008859
v 0.006475 0.120000 0.009267
v 0.007023 0.109840 0.008859
v 0.006475 0.109840 0.009267
v 0.007911 0.120000 0.008076
v 0.007408 0.120000 0.008540
v 0.007911 0.109840 0.008076
v 0.007408 0.109840 0.008540
v 0.008711 0.120000 0.007205
v 0.008260 0.120000 0.007719
v 0.008711 0.109840 0.007205
v 0.008260 0.109840 0.007719
v 0.009417 0.120000 0.006255
v 0.009021 0.120000 0.006813
v 0.009417 0.109840 0.006255
v 0.009021 0.109840 0.006813
v 0.010019 0.120000 0.005236
v 0.009684 0.120000 0.005833
v 0.010019 0.109840 0.005236
v 0.009684 0.109840 0.005833
v -0.002822 0.109840 0.010705
v -0.002864 0.109840 0.010712
v -0.007671 0.109840 0.008188
v -0.005461 0.109840 0.007154
v -0.004577 0.109840 0.007749
v -0.007651 0.109840 0.008061
v -0.007965 0.109840 0.007846
v -0.008485 0.109840 0.007342
v -0.007923 0.109840 0.007838
v -0.008466 0.109840 0.007302
v -0.007650 0.109840 0.008105
v -0.008455 0.109840 0.007261
v -0.008451 0.109840 0.007217
v -0.008455 0.109840 0.007174
v -0.001644 0.109840 0.010936
v -0.001601 0.109840 0.010938
v -0.001559 0.109840 0.010948
v -0.004771 0.109840 0.010072
v -0.004785 0.109840 0.010031
v -0.004116 0.109840 0.010438
v -0.000262 0.109840 0.011142
v -0.000292 0.109840 0.011110
v 0.002848 0.109840 0.010743
v -0.000326 0.109840 0.011084
v -0.000365 0.109840 0.011064
v -0.006989 0.109840 0.005671
v -0.007837 0.109840 0.007845
v -0.007610 0.109840 0.004804
v -0.007879 0.109840 0.007838
v -0.008125 0.109840 0.003871
v -0.008526 0.109840 0.002882
v -0.008996 0.109840 -0.000267
v -0.009774 0.109840 0.005174
v -0.008901 0.109840 -0.001329
v -0.009790 0.109840 0.005134
v -0.009814 0.109840 0.005098
v -0.008742 0.109840 0.006970
v -0.009168 0.109840 0.006337
v -0.009160 0.109840 0.006294
v -0.001393 0.109840 0.011133
v -0.001387 0.109840 0.011176
v -0.004764 0.109840 0.010115
v -0.007696 0.109840 0.007941
v -0.006269 0.109840 0.006458
v -0.007674 0.109840 0.007978
v -0.007659 0.109840 0.008019
v -0.008043 0.109840 0.007883
v -0.008807 0.109840 0.001854
v -0.008964 0.109840 0.000799
v -0.008466 0.109840 0.007132
v -0.008484 0.109840 0.007093
v -0.009843 0.109840 0.005066
v -0.009877 0.109840 0.005040
v -0.009916 0.109840 0.005020
v -0.008614 0.109840 0.006983
v -0.008655 0.109840 0.006971
v -0.009179 0.109840 0.006167
v -0.008698 0.109840 0.006967
v -0.009159 0.109840 0.006251
v -0.009165 0.109840 0.006208
v -0.001874 0.109840 0.011105
v -0.004142 0.109840 0.010473
v -0.004773 0.109840 0.010200
v -0.004765 0.109840 0.010158
v -0.004806 0.109840 0.009993
v -0.004833 0.109840 0.009959
v -0.004866 0.109840 0.009931
v -0.000669 0.109840 0.011160
v -0.000689 0.109840 0.011199
v -0.007725 0.109840 0.007908
v -0.007758 0.109840 0.007881
v -0.007796 0.109840 0.007860
v -0.008006 0.109840 0.007861
v -0.008509 0.109840 0.007377
v -0.010410 0.109840 -0.003766
v -0.010385 0.109840 -0.003801
v -0.010811 0.109840 -0.003003
v -0.010285 0.109840 0.004292
v -0.010268 0.109840 0.004253
v -0.010043 0.109840 0.005002
v -0.009379 0.109840 0.006020
v -0.009764 0.109840 0.005216
v -0.009337 0.109840 0.006029
v -0.009296 0.109840 0.006044
v -0.001519 0.109840 0.010965
v -0.001483 0.109840 0.010989
v -0.001451 0.109840 0.011019
v -0.001687 0.109840 0.010941
v -0.001729 0.109840 0.010953
v -0.002549 0.109840 0.010927
v -0.002573 0.109840 0.010844
v -0.002595 0.109840 0.010807
v -0.002623 0.109840 0.010774
v -0.002657 0.109840 0.010747
v -0.006932 0.109840 0.008632
v -0.006974 0.109840 0.008621
v -0.006892 0.109840 0.008649
v -0.004049 0.109840 0.010383
v -0.004085 0.109840 0.010407
v -0.005029 0.109840 0.009883
v -0.006856 0.109840 0.008673
v -0.004985 0.109840 0.009884
v -0.004943 0.109840 0.009893
v -0.000574 0.109840 0.011074
v -0.000611 0.109840 0.011097
v -0.000643 0.109840 0.011126
v -0.000703 0.109840 0.011240
v 0.003980 0.109840 0.010350
v 0.003278 0.109840 0.010774
v 0.004009 0.109840 0.010319
v 0.004044 0.109840 0.010293
v 0.009383 0.109840 0.006228
v 0.003256 0.109840 0.010737
v 0.001592 0.109840 0.008858
v 0.002629 0.109840 0.008608
v 0.002987 0.109840 0.010644
v -0.010158 0.109840 -0.004765
v -0.010115 0.109840 -0.004764
v -0.010473 0.109840 -0.004142
v -0.010085 0.109840 0.005011
v -0.009200 0.109840 0.006130
v -0.009227 0.109840 0.006096
v -0.009260 0.109840 0.006067
v -0.009422 0.109840 0.006019
v -0.009465 0.109840 0.006025
v -0.009762 0.109840 0.005260
v -0.001406 0.109840 0.011092
v -0.001425 0.109840 0.011053
v -0.001767 0.109840 0.010972
v -0.001802 0.109840 0.010998
v -0.001832 0.109840 0.011029
v -0.002548 0.109840 0.010970
v -0.001856 0.109840 0.011065
v -0.002557 0.109840 0.010884
v -0.002695 0.109840 0.010725
v -0.002736 0.109840 0.010711
v -0.002778 0.109840 0.010704
v -0.003801 0.109840 0.010385
v -0.002942 0.109840 0.010749
v -0.003766 0.109840 0.010410
v -0.003735 0.109840 0.010441
v -0.007175 0.109840 0.008680
v -0.007692 0.109840 0.008226
v -0.007140 0.109840 0.008655
v -0.003882 0.109840 0.010355
v -0.003840 0.109840 0.010367
v -0.002905 0.109840 0.010728
v 0.000476 0.109840 0.011252
v -0.000212 0.109840 0.011260
v 0.000485 0.109840 0.011209
v 0.000665 0.109840 0.011039
v 0.000624 0.109840 0.011053
v -0.000221 0.109840 0.011218
v 0.000586 0.109840 0.011073
v -0.000406 0.109840 0.011051
v -0.000449 0.109840 0.011046
v -0.007657 0.109840 0.008147
v -0.000492 0.109840 0.011048
v -0.000534 0.109840 0.011057
v 0.003956 0.109840 0.010386
v 0.003938 0.109840 0.010426
v 0.003928 0.109840 0.010468
v 0.004167 0.109840 0.010256
v 0.004124 0.109840 0.010261
v 0.003194 0.109840 0.010677
v 0.003156 0.109840 0.010656
v 0.004577 0.109840 0.007749
v 0.003115 0.109840 0.010642
v 0.003628 0.109840 0.008236
v 0.003072 0.109840 0.010635
v 0.003029 0.109840 0.010636
v -0.010372 0.109840 0.004387
v -0.010338 0.109840 0.004360
v -0.010309 0.109840 0.004329
v -0.008509 0.109840 0.007058
v -0.008539 0.109840 0.007027
v -0.008575 0.109840 0.007002
v -0.008823 0.109840 0.006999
v -0.009234 0.109840 0.006447
v -0.008784 0.109840 0.006981
v -0.009205 0.109840 0.006414
v -0.009183 0.109840 0.006377
v -0.002975 0.109840 0.010777
v -0.003681 0.109840 0.010643
v -0.003677 0.109840 0.010600
v -0.003681 0.109840 0.010557
v -0.003692 0.109840 0.010515
v -0.003710 0.109840 0.010476
v -0.004903 0.109840 0.009908
v -0.005151 0.109840 0.009923
v -0.005813 0.109840 0.009646
v -0.005113 0.109840 0.009903
v -0.005801 0.109840 0.009604
v -0.005795 0.109840 0.009561
v 0.000553 0.109840 0.011100
v 0.000524 0.109840 0.011132
v 0.000501 0.109840 0.011169
v 0.003930 0.109840 0.010554
v 0.003925 0.109840 0.010511
v 0.005040 0.109840 0.009877
v 0.004387 0.109840 0.010372
v 0.005066 0.109840 0.009843
v 0.005098 0.109840 0.009814
v 0.004210 0.109840 0.010258
v 0.009931 0.109840 0.004866
v 0.009908 0.109840 0.004903
v 0.010351 0.109840 0.003925
v -0.009342 0.109840 -0.005912
v -0.009322 0.109840 -0.005950
v -0.007312 0.109840 -0.005247
v -0.009309 0.109840 -0.005991
v -0.006640 0.109840 -0.006075
v -0.009303 0.109840 -0.006034
v -0.005875 0.109840 -0.006818
v -0.009305 0.109840 -0.006077
v -0.005028 0.109840 -0.007465
v -0.010970 0.109840 -0.002548
v -0.010927 0.109840 -0.002549
v -0.010844 0.109840 -0.002573
v -0.010807 0.109840 -0.002595
v -0.010000 0.109840 0.005001
v -0.010774 0.109840 -0.002623
v -0.010747 0.109840 -0.002657
v -0.010725 0.109840 -0.002695
v -0.010711 0.109840 -0.002736
v -0.010704 0.109840 -0.002778
v -0.010705 0.109840 -0.002822
v -0.010712 0.109840 -0.002864
v -0.009476 0.109840 -0.005807
v -0.010728 0.109840 -0.002905
v -0.010749 0.109840 -0.002942
v -0.009931 0.109840 -0.004866
v -0.009908 0.109840 -0.004903
v -0.010383 0.109840 -0.004049
v -0.010848 0.109840 -0.003024
v -0.010643 0.109840 -0.003681
v -0.010600 0.109840 -0.003677
v -0.010936 0.109840 -0.001644
v -0.010468 0.109840 0.003928
v -0.010511 0.109840 0.003925
v -0.003024 0.109840 0.010848
v -0.003003 0.109840 0.010811
v -0.007017 0.109840 0.008619
v -0.007060 0.109840 0.008624
v -0.007101 0.109840 0.008636
v -0.005214 0.109840 0.009982
v -0.005185 0.109840 0.009950
v -0.006034 0.109840 0.009303
v -0.006077 0.109840 0.009305
v -0.006120 0.109840 0.009314
v -0.006824 0.109840 0.008702
v -0.006160 0.109840 0.009331
v -0.006761 0.109840 0.008860
v -0.006766 0.109840 0.008817
v 0.000931 0.109840 0.011142
v 0.000904 0.109840 0.011108
v 0.001816 0.109840 0.010909
v 0.001858 0.109840 0.010898
v -0.000238 0.109840 0.011178
v 0.000708 0.109840 0.011032
v 0.000752 0.109840 0.011033
v 0.008860 0.109840 0.006761
v 0.008817 0.109840 0.006766
v 0.009342 0.109840 0.005912
v 0.009322 0.109840 0.005950
v 0.003227 0.109840 0.010705
v 0.010725 0.109840 0.002695
v 0.010711 0.109840 0.002736
v 0.008807 0.109840 0.001854
v -0.002629 0.109840 0.008608
v -0.003628 0.109840 0.008236
v 0.002946 0.109840 0.010659
v 0.002909 0.109840 0.010681
v 0.000533 0.109840 0.008984
v 0.002876 0.109840 0.010709
v -0.000533 0.109840 0.008984
v -0.001592 0.109840 0.008858
v -0.009368 0.109840 -0.005877
v -0.007882 0.109840 -0.004345
v -0.009400 0.109840 -0.005848
v -0.001064 0.109840 -0.008937
v -0.002114 0.109840 -0.008748
v -0.010884 0.109840 -0.002557
v -0.010441 0.109840 -0.003735
v -0.003925 0.109840 0.010351
v -0.003968 0.109840 0.010354
v -0.004010 0.109840 0.010365
v -0.005912 0.109840 0.009342
v -0.005950 0.109840 0.009322
v -0.005991 0.109840 0.009309
v -0.005072 0.109840 0.009889
v -0.006779 0.109840 0.008775
v -0.006798 0.109840 0.008737
v 0.005020 0.109840 0.009916
v 0.005006 0.109840 0.009957
v 0.005001 0.109840 0.010000
v 0.008702 0.109840 0.006824
v 0.005216 0.109840 0.009764
v 0.005174 0.109840 0.009774
v 0.008985 0.109840 0.006790
v 0.004083 0.109840 0.010273
v 0.009368 0.109840 0.005877
v 0.008526 0.109840 0.002882
v 0.010704 0.109840 0.002778
v 0.010705 0.109840 0.002822
v 0.008125 0.109840 0.003871
v 0.010712 0.109840 0.002864
v 0.007610 0.109840 0.004804
v 0.010728 0.109840 0.002905
v 0.006989 0.109840 0.005671
v 0.006269 0.109840 0.006458
v -0.009436 0.109840 -0.005824
v -0.008340 0.109840 -0.003382
v -0.008682 0.109840 -0.002372
v -0.003194 0.109840 -0.010677
v -0.003156 0.109840 -0.010656
v -0.009331 0.109840 -0.006160
v -0.008636 0.109840 -0.007101
v -0.008655 0.109840 -0.007140
v -0.004044 0.109840 -0.010293
v -0.010557 0.109840 -0.003681
v -0.010515 0.109840 -0.003692
v -0.010476 0.109840 -0.003710
v -0.010258 0.109840 0.004210
v -0.010256 0.109840 0.004167
v -0.010261 0.109840 0.004124
v -0.010941 0.109840 -0.001687
v -0.010953 0.109840 -0.001729
v -0.010350 0.109840 0.003980
v -0.010319 0.109840 0.004009
v -0.010293 0.109840 0.004044
v -0.010554 0.109840 0.003930
v -0.010774 0.109840 0.003278
v -0.010737 0.109840 0.003256
v -0.009800 0.109840 0.005383
v -0.009780 0.109840 0.005344
v -0.009767 0.109840 0.005303
v -0.005798 0.109840 0.009518
v -0.005807 0.109840 0.009476
v -0.005824 0.109840 0.009436
v 0.001986 0.109840 0.010910
v 0.002025 0.109840 0.010928
v 0.002060 0.109840 0.010953
v 0.005011 0.109840 0.010085
v 0.005002 0.109840 0.010043
v 0.006044 0.109840 0.009296
v 0.006067 0.109840 0.009260
v 0.005447 0.109840 0.009857
v 0.006096 0.109840 0.009227
v 0.006208 0.109840 0.009165
v 0.006167 0.109840 0.009179
v 0.005344 0.109840 0.009780
v 0.005383 0.109840 0.009800
v 0.005417 0.109840 0.009826
v 0.005303 0.109840 0.009767
v 0.005260 0.109840 0.009762
v 0.005134 0.109840 0.009790
v 0.004360 0.109840 0.010338
v 0.008775 0.109840 0.006779
v 0.008737 0.109840 0.006798
v 0.009309 0.109840 0.005991
v 0.009303 0.109840 0.006034
v 0.009305 0.109840 0.006077
v 0.009314 0.109840 0.006120
v 0.009331 0.109840 0.006160
v 0.009354 0.109840 0.006196
v 0.010085 0.109840 -0.005011
v 0.010927 0.109840 0.002549
v -0.009957 0.109840 0.005006
v -0.010438 0.109840 -0.004116
v -0.010386 0.109840 0.003956
v -0.010426 0.109840 0.003938
v -0.010705 0.109840 0.003227
v -0.010677 0.109840 0.003194
v -0.010656 0.109840 0.003156
v -0.010642 0.109840 0.003115
v -0.009506 0.109840 0.006038
v -0.009857 0.109840 0.005447
v -0.009826 0.109840 0.005417
v -0.005848 0.109840 0.009400
v -0.005877 0.109840 0.009368
v 0.001650 0.109840 0.011140
v 0.000967 0.109840 0.011220
v 0.001654 0.109840 0.011097
v 0.006029 0.109840 0.009337
v 0.006020 0.109840 0.009379
v 0.006019 0.109840 0.009422
v 0.004329 0.109840 0.010309
v 0.004292 0.109840 0.010285
v 0.004253 0.109840 0.010268
v 0.009604 0.109840 0.005801
v 0.009893 0.109840 0.004943
v 0.009646 0.109840 0.005813
v 0.009884 0.109840 0.004985
v 0.009883 0.109840 0.005029
v 0.010355 0.109840 0.003882
v 0.009476 0.109840 0.005807
v 0.009436 0.109840 0.005824
v 0.009400 0.109840 0.005848
v -0.003134 0.109840 -0.008437
v -0.004110 0.109840 -0.008007
v -0.009314 0.109840 -0.006120
v -0.009604 0.109840 -0.005801
v -0.009561 0.109840 -0.005795
v -0.009982 0.109840 -0.005214
v -0.010659 0.109840 0.002946
v -0.010681 0.109840 0.002909
v -0.010709 0.109840 0.002876
v -0.010743 0.109840 0.002848
v 0.000952 0.109840 0.011179
v 0.001776 0.109840 0.010927
v 0.001741 0.109840 0.010951
v 0.001944 0.109840 0.010898
v 0.001901 0.109840 0.010894
v 0.006025 0.109840 0.009465
v 0.006038 0.109840 0.009506
v 0.006337 0.109840 0.009168
v 0.006294 0.109840 0.009160
v 0.006251 0.109840 0.009159
v 0.008945 0.109840 0.006773
v 0.008903 0.109840 0.006763
v 0.009889 0.109840 0.005072
v 0.009903 0.109840 0.005113
v 0.009923 0.109840 0.005151
v 0.010072 0.109840 0.004771
v 0.010031 0.109840 0.004785
v 0.010953 0.109840 0.001729
v 0.010941 0.109840 0.001687
v 0.010970 0.109840 0.002548
v 0.010936 0.109840 0.001644
v -0.003278 0.109840 -0.010774
v -0.009354 0.109840 -0.006196
v -0.003256 0.109840 -0.010737
v -0.003227 0.109840 -0.010705
v -0.000665 0.109840 -0.011039
v -0.003029 0.109840 -0.010636
v -0.002987 0.109840 -0.010644
v -0.000708 0.109840 -0.011032
v -0.002848 0.109840 -0.010743
v -0.002827 0.109840 -0.010780
v -0.008649 0.109840 -0.006892
v -0.008632 0.109840 -0.006932
v -0.010355 0.109840 -0.003882
v -0.010367 0.109840 -0.003840
v -0.010777 0.109840 -0.002975
v -0.009883 0.109840 -0.005029
v -0.009889 0.109840 -0.005072
v -0.010072 0.109840 -0.004771
v -0.010031 0.109840 -0.004785
v -0.009993 0.109840 -0.004806
v -0.010200 0.109840 -0.004773
v -0.010273 0.109840 0.004083
v -0.010972 0.109840 -0.001767
v -0.010998 0.109840 -0.001802
v -0.011029 0.109840 -0.001832
v -0.011065 0.109840 -0.001856
v -0.011105 0.109840 -0.001874
v -0.010635 0.109840 0.003072
v -0.010636 0.109840 0.003029
v -0.010644 0.109840 0.002987
v -0.010780 0.109840 0.002827
v -0.010821 0.109840 0.002812
v -0.010864 0.109840 0.002805
v 0.001710 0.109840 0.010982
v 0.001685 0.109840 0.011017
v 0.001666 0.109840 0.011056
v 0.002805 0.109840 0.010907
v 0.002134 0.109840 0.011058
v 0.002805 0.109840 0.010864
v 0.002812 0.109840 0.010821
v 0.002827 0.109840 0.010780
v 0.002116 0.109840 0.011019
v 0.002091 0.109840 0.010983
v 0.000871 0.109840 0.011080
v 0.000834 0.109840 0.011057
v 0.000794 0.109840 0.011042
v 0.006983 0.109840 0.008614
v 0.007002 0.109840 0.008575
v 0.006447 0.109840 0.009234
v 0.007027 0.109840 0.008539
v 0.006415 0.109840 0.009205
v 0.006377 0.109840 0.009183
v 0.006130 0.109840 0.009200
v 0.009982 0.109840 0.005214
v 0.009950 0.109840 0.005185
v 0.010515 0.109840 0.003692
v 0.010476 0.109840 0.003710
v 0.005461 0.109840 0.007154
v 0.010972 0.109840 0.001767
v 0.010998 0.109840 0.001802
v 0.011029 0.109840 0.001832
v 0.011065 0.109840 0.001856
v 0.011105 0.109840 0.001874
v -0.002946 0.109840 -0.010659
v -0.002909 0.109840 -0.010681
v -0.002876 0.109840 -0.010709
v -0.001901 0.109840 -0.010894
v -0.002805 0.109840 -0.010864
v -0.001944 0.109840 -0.010898
v -0.001986 0.109840 -0.010910
v -0.009383 0.109840 -0.006228
v -0.008985 0.109840 -0.006790
v -0.008945 0.109840 -0.006773
v -0.008903 0.109840 -0.006763
v -0.008860 0.109840 -0.006761
v -0.008817 0.109840 -0.006766
v -0.008775 0.109840 -0.006779
v -0.008737 0.109840 -0.006798
v -0.008702 0.109840 -0.006824
v -0.008673 0.109840 -0.006856
v -0.008621 0.109840 -0.006974
v -0.008619 0.109840 -0.007017
v -0.008624 0.109840 -0.007060
v -0.007838 0.109840 -0.007879
v -0.007838 0.109840 -0.007923
v -0.007846 0.109840 -0.007965
v -0.007861 0.109840 -0.008006
v -0.008680 0.109840 -0.007175
v -0.008226 0.109840 -0.007692
v -0.008188 0.109840 -0.007671
v -0.010407 0.109840 -0.004085
v -0.009959 0.109840 -0.004833
v -0.006228 0.109840 0.009383
v -0.006790 0.109840 0.008985
v -0.006196 0.109840 0.009354
v -0.006773 0.109840 0.008945
v -0.006763 0.109840 0.008903
v 0.006971 0.109840 0.008655
v 0.006967 0.109840 0.008698
v 0.006970 0.109840 0.008742
v 0.006981 0.109840 0.008784
v 0.006999 0.109840 0.008823
v 0.010441 0.109840 0.003735
v 0.010410 0.109840 0.003766
v 0.010385 0.109840 0.003801
v 0.010115 0.109840 0.004764
v 0.010989 0.109840 0.001483
v 0.010965 0.109840 0.001519
v 0.010948 0.109840 0.001559
v 0.010938 0.109840 0.001601
v 0.010884 0.109840 0.002557
v 0.010844 0.109840 0.002573
v 0.008996 0.109840 -0.000267
v 0.010807 0.109840 0.002595
v 0.008964 0.109840 0.000799
v 0.010774 0.109840 0.002623
v 0.010747 0.109840 0.002657
v -0.003115 0.109840 -0.010642
v -0.003072 0.109840 -0.010635
v -0.000553 0.109840 -0.011100
v -0.000524 0.109840 -0.011132
v -0.000501 0.109840 -0.011169
v -0.009903 0.109840 -0.005113
v -0.009923 0.109840 -0.005151
v -0.009950 0.109840 -0.005185
v 0.010367 0.109840 0.003840
v 0.009518 0.109840 0.005798
v 0.010473 0.109840 0.004142
v 0.009993 0.109840 0.004806
v 0.009959 0.109840 0.004833
v -0.000624 0.109840 -0.011053
v -0.000586 0.109840 -0.011073
v -0.001816 0.109840 -0.010909
v -0.001776 0.109840 -0.010927
v -0.001741 0.109840 -0.010951
v -0.002805 0.109840 -0.010907
v -0.002134 0.109840 -0.011058
v -0.002116 0.109840 -0.011019
v -0.002091 0.109840 -0.010983
v -0.008147 0.109840 -0.007657
v -0.008105 0.109840 -0.007650
v -0.008061 0.109840 -0.007651
v -0.008019 0.109840 -0.007659
v -0.007881 0.109840 -0.007758
v -0.007860 0.109840 -0.007796
v -0.007845 0.109840 -0.007837
v -0.009893 0.109840 -0.004943
v -0.009884 0.109840 -0.004985
v 0.010365 0.109840 0.004010
v 0.010383 0.109840 0.004049
v 0.010158 0.109840 0.004765
v 0.010407 0.109840 0.004085
v 0.003882 0.109840 -0.010355
v 0.003925 0.109840 -0.010351
v 0.004110 0.109840 -0.008007
v 0.008901 0.109840 -0.001329
v 0.008682 0.109840 -0.002372
v 0.007879 0.109840 -0.007838
v -0.000485 0.109840 -0.011209
v -0.000476 0.109840 -0.011252
v -0.001858 0.109840 -0.010898
v -0.002812 0.109840 -0.010821
v -0.002060 0.109840 -0.010953
v -0.002025 0.109840 -0.010928
v -0.004009 0.109840 -0.010319
v -0.003980 0.109840 -0.010350
v -0.007978 0.109840 -0.007674
v -0.007941 0.109840 -0.007696
v -0.007908 0.109840 -0.007725
v -0.007342 0.109840 -0.008485
v -0.007302 0.109840 -0.008466
v -0.007883 0.109840 -0.008043
v -0.007261 0.109840 -0.008455
v -0.007217 0.109840 -0.008451
v -0.007174 0.109840 -0.008455
v -0.007377 0.109840 -0.008509
v -0.010351 0.109840 -0.003925
v -0.010354 0.109840 -0.003968
v -0.010365 0.109840 -0.004010
v -0.010909 0.109840 0.001816
v -0.010927 0.109840 0.001776
v -0.010951 0.109840 0.001741
v -0.010982 0.109840 0.001710
v 0.007342 0.109840 0.008485
v 0.007881 0.109840 0.007758
v 0.007377 0.109840 0.008509
v 0.007860 0.109840 0.007796
v 0.007883 0.109840 0.008043
v 0.010848 0.109840 0.003024
v 0.010643 0.109840 0.003681
v 0.010811 0.109840 0.003003
v 0.010777 0.109840 0.002975
v 0.010749 0.109840 0.002942
v 0.010600 0.109840 0.003677
v 0.010557 0.109840 0.003681
v 0.009561 0.109840 0.005795
v 0.010354 0.109840 0.003968
v 0.010200 0.109840 0.004773
v 0.010438 0.109840 0.004116
v 0.009814 0.109840 -0.005098
v 0.009843 0.109840 -0.005066
v 0.009877 0.109840 -0.005040
v 0.009916 0.109840 -0.005020
v 0.009957 0.109840 -0.005006
v 0.010000 0.109840 -0.005001
v 0.010043 0.109840 -0.005002
v 0.007017 0.109840 -0.008619
v 0.007671 0.109840 -0.008188
v 0.006974 0.109840 -0.008621
v 0.006932 0.109840 -0.008632
v 0.007060 0.109840 -0.008624
v 0.007101 0.109840 -0.008636
v 0.007692 0.109840 -0.008226
v -0.000752 0.109840 -0.011033
v -0.001654 0.109840 -0.011097
v -0.000794 0.109840 -0.011042
v -0.000834 0.109840 -0.011057
v -0.003956 0.109840 -0.010386
v -0.003938 0.109840 -0.010426
v -0.003928 0.109840 -0.010468
v -0.007027 0.109840 -0.008539
v -0.007002 0.109840 -0.008575
v -0.006983 0.109840 -0.008614
v -0.006971 0.109840 -0.008655
v -0.009518 0.109840 -0.005798
v -0.010928 0.109840 0.002025
v -0.010910 0.109840 0.001986
v -0.010898 0.109840 0.001944
v -0.010894 0.109840 0.001901
v -0.010898 0.109840 0.001858
v -0.010907 0.109840 0.002805
v -0.011058 0.109840 0.002134
v 0.007845 0.109840 0.007837
v 0.007838 0.109840 0.007879
v 0.007838 0.109840 0.007923
v 0.007846 0.109840 0.007965
v 0.007861 0.109840 0.008006
v 0.008673 0.109840 0.006856
v 0.007261 0.109840 0.008455
v 0.007217 0.109840 0.008451
v 0.011074 0.109840 0.000574
v 0.011176 0.109840 0.001387
v 0.011057 0.109840 0.000534
v 0.011048 0.109840 0.000492
v 0.011097 0.109840 0.000611
v 0.011126 0.109840 0.000643
v 0.011160 0.109840 0.000669
v 0.009506 0.109840 -0.006038
v 0.009857 0.109840 -0.005447
v 0.009465 0.109840 -0.006025
v 0.009227 0.109840 -0.006096
v 0.009260 0.109840 -0.006067
v 0.009826 0.109840 -0.005417
v 0.009296 0.109840 -0.006044
v 0.009780 0.109840 -0.005344
v 0.009767 0.109840 -0.005303
v 0.009762 0.109840 -0.005260
v 0.000326 0.109840 -0.011084
v 0.000365 0.109840 -0.011064
v 0.000000 0.109840 -0.009000
v 0.005950 0.109840 -0.009322
v 0.005991 0.109840 -0.009309
v 0.006773 0.109840 -0.008945
v 0.006034 0.109840 -0.009303
v 0.006077 0.109840 -0.009305
v 0.006120 0.109840 -0.009314
v 0.006160 0.109840 -0.009331
v 0.006824 0.109840 -0.008702
v 0.006856 0.109840 -0.008673
v 0.005875 0.109840 -0.006818
v 0.006892 0.109840 -0.008649
v 0.007175 0.109840 -0.008680
v 0.007140 0.109840 -0.008655
v 0.007725 0.109840 -0.007908
v 0.006640 0.109840 -0.006075
v 0.007696 0.109840 -0.007941
v 0.007674 0.109840 -0.007978
v 0.007659 0.109840 -0.008019
v -0.001710 0.109840 -0.010982
v -0.001685 0.109840 -0.011017
v -0.001666 0.109840 -0.011056
v -0.009646 0.109840 -0.005813
v -0.011019 0.109840 0.002116
v -0.010983 0.109840 0.002091
v -0.010953 0.109840 0.002060
v 0.007058 0.109840 0.008509
v 0.011240 0.109840 0.000703
v 0.011199 0.109840 0.000689
v 0.011218 0.109840 0.000221
v 0.011178 0.109840 0.000238
v 0.010261 0.109840 -0.004124
v 0.011142 0.109840 0.000262
v 0.011110 0.109840 0.000292
v 0.010372 0.109840 -0.004387
v 0.010338 0.109840 -0.004360
v 0.009337 0.109840 -0.006029
v 0.009379 0.109840 -0.006020
v 0.009422 0.109840 -0.006019
v 0.009165 0.109840 -0.006208
v 0.009179 0.109840 -0.006167
v 0.009200 0.109840 -0.006130
v 0.009800 0.109840 -0.005383
v 0.009764 0.109840 -0.005216
v 0.009774 0.109840 -0.005174
v 0.009790 0.109840 -0.005134
v 0.000406 0.109840 -0.011051
v 0.000449 0.109840 -0.011046
v 0.001064 0.109840 -0.008937
v 0.000492 0.109840 -0.011048
v 0.000534 0.109840 -0.011057
v 0.002573 0.109840 -0.010844
v 0.002595 0.109840 -0.010807
v 0.006228 0.109840 -0.009383
v 0.006763 0.109840 -0.008903
v 0.006761 0.109840 -0.008860
v 0.005912 0.109840 -0.009342
v 0.007657 0.109840 -0.008147
v 0.007650 0.109840 -0.008105
v 0.007651 0.109840 -0.008061
v 0.008340 0.109840 -0.003382
v 0.007882 0.109840 -0.004345
v 0.007837 0.109840 -0.007845
v 0.007312 0.109840 -0.005247
v 0.007796 0.109840 -0.007860
v 0.007758 0.109840 -0.007881
v -0.000931 0.109840 -0.011142
v -0.000904 0.109840 -0.011108
v -0.000871 0.109840 -0.011080
v -0.003925 0.109840 -0.010511
v -0.003930 0.109840 -0.010554
v -0.007132 0.109840 -0.008466
v -0.007093 0.109840 -0.008484
v -0.007058 0.109840 -0.008509
v -0.006981 0.109840 -0.008784
v -0.006294 0.109840 -0.009160
v -0.006251 0.109840 -0.009159
v -0.010965 0.109840 -0.001519
v -0.010948 0.109840 -0.001559
v -0.011199 0.109840 -0.000689
v 0.008147 0.109840 0.007657
v 0.008105 0.109840 0.007650
v 0.008649 0.109840 0.006892
v 0.007174 0.109840 0.008455
v 0.007132 0.109840 0.008466
v 0.007093 0.109840 0.008484
v 0.011084 0.109840 0.000326
v 0.011064 0.109840 0.000365
v 0.011051 0.109840 0.000406
v 0.011046 0.109840 0.000449
v 0.011133 0.109840 0.001393
v 0.010309 0.109840 -0.004329
v 0.010285 0.109840 -0.004292
v 0.010268 0.109840 -0.004253
v 0.010258 0.109840 -0.004210
v 0.010256 0.109840 -0.004167
v 0.008823 0.109840 -0.006999
v 0.009234 0.109840 -0.006447
v 0.008784 0.109840 -0.006981
v 0.008043 0.109840 -0.007883
v 0.008509 0.109840 -0.007377
v 0.008006 0.109840 -0.007861
v 0.009159 0.109840 -0.006251
v 0.008509 0.109840 -0.007058
v 0.009160 0.109840 -0.006294
v 0.000221 0.109840 -0.011218
v 0.000238 0.109840 -0.011178
v 0.002778 0.109840 -0.010704
v 0.003134 0.109840 -0.008437
v 0.002736 0.109840 -0.010711
v 0.002114 0.109840 -0.008748
v 0.002822 0.109840 -0.010705
v 0.002864 0.109840 -0.010712
v 0.002905 0.109840 -0.010728
v 0.002942 0.109840 -0.010749
v 0.002975 0.109840 -0.010777
v 0.003801 0.109840 -0.010385
v 0.003840 0.109840 -0.010367
v 0.005028 0.109840 -0.007465
v 0.004943 0.109840 -0.009893
v 0.004985 0.109840 -0.009884
v 0.005029 0.109840 -0.009883
v 0.005072 0.109840 -0.009889
v 0.006196 0.109840 -0.009354
v 0.006790 0.109840 -0.008985
v -0.001650 0.109840 -0.011140
v -0.000967 0.109840 -0.011220
v -0.000952 0.109840 -0.011179
v -0.004167 0.109840 -0.010256
v -0.004124 0.109840 -0.010261
v -0.005002 0.109840 -0.010043
v 0.008061 0.109840 0.007651
v 0.008019 0.109840 0.007659
v 0.007978 0.109840 0.007674
v 0.011092 0.109840 0.001406
v 0.011053 0.109840 0.001425
v 0.011019 0.109840 0.001451
v 0.009168 0.109840 -0.006337
v 0.008539 0.109840 -0.007027
v 0.009183 0.109840 -0.006377
v 0.008466 0.109840 -0.007302
v 0.008485 0.109840 -0.007342
v 0.007923 0.109840 -0.007838
v 0.007965 0.109840 -0.007846
v 0.000262 0.109840 -0.011142
v 0.000292 0.109840 -0.011110
v 0.001874 0.109840 -0.011105
v 0.002548 0.109840 -0.010970
v 0.001856 0.109840 -0.011065
v 0.002623 0.109840 -0.010774
v 0.002657 0.109840 -0.010747
v 0.002695 0.109840 -0.010725
v 0.003968 0.109840 -0.010354
v 0.004010 0.109840 -0.010365
v 0.004049 0.109840 -0.010383
v 0.004833 0.109840 -0.009959
v 0.004866 0.109840 -0.009931
v 0.004903 0.109840 -0.009908
v 0.005795 0.109840 -0.009561
v 0.005798 0.109840 -0.009518
v 0.005185 0.109840 -0.009950
v 0.005807 0.109840 -0.009476
v 0.005824 0.109840 -0.009436
v -0.006167 0.109840 -0.009179
v -0.004083 0.109840 -0.010273
v -0.006130 0.109840 -0.009200
v -0.006096 0.109840 -0.009227
v -0.006067 0.109840 -0.009260
v -0.005303 0.109840 -0.009767
v -0.005260 0.109840 -0.009762
v -0.006025 0.109840 -0.009465
v -0.006999 0.109840 -0.008823
v -0.006447 0.109840 -0.009234
v -0.006415 0.109840 -0.009205
v -0.006377 0.109840 -0.009183
v -0.006337 0.109840 -0.009168
v -0.011033 0.109840 0.000752
v -0.011032 0.109840 0.000708
v -0.010938 0.109840 -0.001601
v -0.011100 0.109840 0.000553
v -0.011132 0.109840 0.000524
v -0.011051 0.109840 -0.000406
v -0.011169 0.109840 0.000501
v -0.011209 0.109840 0.000485
v -0.011140 0.109840 0.001650
v -0.011220 0.109840 0.000967
v -0.011179 0.109840 0.000952
v -0.011142 0.109840 0.000931
v -0.011097 0.109840 0.001654
v -0.011108 0.109840 0.000904
v -0.011080 0.109840 0.000871
v 0.007941 0.109840 0.007696
v 0.007908 0.109840 0.007725
v 0.007302 0.109840 0.008466
v 0.009205 0.109840 -0.006415
v 0.008575 0.109840 -0.007002
v 0.008614 0.109840 -0.006983
v 0.008455 0.109840 -0.007261
v 0.008451 0.109840 -0.007217
v 0.008455 0.109840 -0.007174
v 0.000212 0.109840 -0.011260
v 0.002557 0.109840 -0.010884
v 0.001644 0.109840 -0.010936
v 0.002549 0.109840 -0.010927
v 0.001687 0.109840 -0.010941
v 0.001729 0.109840 -0.010953
v 0.005877 0.109840 -0.009368
v -0.006208 0.109840 -0.009165
v -0.006970 0.109840 -0.008742
v -0.006967 0.109840 -0.008698
v -0.006044 0.109840 -0.009296
v -0.006029 0.109840 -0.009337
v -0.006020 0.109840 -0.009379
v -0.005216 0.109840 -0.009764
v -0.005174 0.109840 -0.009774
v -0.006019 0.109840 -0.009422
v -0.011056 0.109840 0.001666
v -0.011017 0.109840 0.001685
v -0.011039 0.109840 0.000665
v -0.011053 0.109840 0.000624
v -0.011073 0.109840 0.000586
v -0.011057 0.109840 0.000834
v -0.011042 0.109840 0.000794
v 0.008680 0.109840 0.007175
v 0.008226 0.109840 0.007692
v 0.008655 0.109840 0.007140
v 0.011260 0.109840 0.000212
v 0.011039 0.109840 -0.000665
v 0.011053 0.109840 -0.000624
v 0.011108 0.109840 -0.000904
v 0.011080 0.109840 -0.000871
v 0.008655 0.109840 -0.006971
v 0.008698 0.109840 -0.006967
v 0.008742 0.109840 -0.006970
v 0.008466 0.109840 -0.007132
v 0.008484 0.109840 -0.007093
v 0.001767 0.109840 -0.010972
v 0.001802 0.109840 -0.010998
v 0.001832 0.109840 -0.011029
v 0.000574 0.109840 -0.011074
v 0.000611 0.109840 -0.011097
v 0.000643 0.109840 -0.011126
v 0.003692 0.109840 -0.010515
v 0.003710 0.109840 -0.010476
v 0.003003 0.109840 -0.010811
v 0.003735 0.109840 -0.010441
v 0.003766 0.109840 -0.010410
v 0.004085 0.109840 -0.010407
v 0.004785 0.109840 -0.010031
v 0.004116 0.109840 -0.010438
v 0.004771 0.109840 -0.010072
v 0.004764 0.109840 -0.010115
v 0.004806 0.109840 -0.009993
v 0.006766 0.109840 -0.008817
v 0.006779 0.109840 -0.008775
v 0.006798 0.109840 -0.008737
v 0.005214 0.109840 -0.009982
v 0.005813 0.109840 -0.009646
v 0.005801 0.109840 -0.009604
v -0.005066 0.109840 -0.009843
v -0.005040 0.109840 -0.009877
v -0.004210 0.109840 -0.010258
v -0.006038 0.109840 -0.009506
v -0.005447 0.109840 -0.009857
v -0.011252 0.109840 0.000476
v -0.011260 0.109840 -0.000212
v 0.008188 0.109840 0.007671
v 0.008632 0.109840 0.006932
v 0.008621 0.109840 0.006974
v 0.008619 0.109840 0.007017
v 0.008624 0.109840 0.007060
v 0.008636 0.109840 0.007101
v 0.011073 0.109840 -0.000586
v 0.011100 0.109840 -0.000553
v 0.005848 0.109840 -0.009400
v 0.005151 0.109840 -0.009923
v 0.005113 0.109840 -0.009903
v -0.005417 0.109840 -0.009826
v -0.005383 0.109840 -0.009800
v -0.005344 0.109840 -0.009780
v -0.011057 0.109840 -0.000534
v -0.011074 0.109840 -0.000574
v -0.011110 0.109840 -0.000292
v -0.011084 0.109840 -0.000326
v -0.011064 0.109840 -0.000365
v 0.011252 0.109840 -0.000476
v 0.011209 0.109840 -0.000485
v 0.011057 0.109840 -0.000834
v 0.011042 0.109840 -0.000794
v 0.011033 0.109840 -0.000752
v 0.011032 0.109840 -0.000708
v 0.001601 0.109840 -0.010938
v 0.001559 0.109840 -0.010948
v 0.000669 0.109840 -0.011160
v 0.000689 0.109840 -0.011199
v 0.003024 0.109840 -0.010848
v 0.004142 0.109840 -0.010473
v 0.004773 0.109840 -0.010200
v 0.004765 0.109840 -0.010158
v -0.005134 0.109840 -0.009790
v -0.005098 0.109840 -0.009814
v -0.005020 0.109840 -0.009916
v -0.005006 0.109840 -0.009957
v -0.005001 0.109840 -0.010000
v -0.005011 0.109840 -0.010085
v -0.004387 0.109840 -0.010372
v -0.004360 0.109840 -0.010338
v -0.004329 0.109840 -0.010309
v -0.004292 0.109840 -0.010285
v -0.004253 0.109840 -0.010268
v -0.011046 0.109840 -0.000449
v -0.011048 0.109840 -0.000492
v -0.011218 0.109840 -0.000221
v -0.011178 0.109840 -0.000238
v -0.011142 0.109840 -0.000262
v 0.011132 0.109840 -0.000524
v 0.011169 0.109840 -0.000501
v 0.001451 0.109840 -0.011019
v 0.001425 0.109840 -0.011053
v 0.001406 0.109840 -0.011092
v 0.001483 0.109840 -0.010989
v 0.001519 0.109840 -0.010965
v 0.003681 0.109840 -0.010643
v 0.003677 0.109840 -0.010600
v 0.003681 0.109840 -0.010557
v -0.011097 0.109840 -0.000611
v -0.011126 0.109840 -0.000643
v -0.011160 0.109840 -0.000669
v 0.011140 0.109840 -0.001650
v 0.011220 0.109840 -0.000967
v 0.011097 0.109840 -0.001654
v 0.011142 0.109840 -0.000931
v 0.010909 0.109840 -0.001816
v 0.011179 0.109840 -0.000952
v 0.010927 0.109840 -0.001776
v 0.010951 0.109840 -0.001741
v -0.011092 0.109840 -0.001406
v -0.011053 0.109840 -0.001425
v 0.010982 0.109840 -0.001710
v 0.011017 0.109840 -0.001685
v 0.011056 0.109840 -0.001666
v 0.010953 0.109840 -0.002060
v 0.010928 0.109840 -0.002025
v 0.010273 0.109840 -0.004083
v 0.000703 0.109840 -0.011240
v 0.001387 0.109840 -0.011176
v 0.001393 0.109840 -0.011133
v -0.011019 0.109840 -0.001451
v -0.010989 0.109840 -0.001483
v 0.010898 0.109840 -0.001858
v -0.011240 0.109840 -0.000703
v -0.011176 0.109840 -0.001387
v -0.011133 0.109840 -0.001393
v 0.010907 0.109840 -0.002805
v 0.011058 0.109840 -0.002134
v 0.010864 0.109840 -0.002805
v 0.010293 0.109840 -0.004044
v 0.010705 0.109840 -0.003227
v 0.010677 0.109840 -0.003194
v 0.010910 0.109840 -0.001986
v 0.010898 0.109840 -0.001944
v 0.010894 0.109840 -0.001901
v 0.010709 0.109840 -0.002876
v 0.011019 0.109840 -0.002116
v 0.010681 0.109840 -0.002909
v 0.010659 0.109840 -0.002946
v 0.010743 0.109840 -0.002848
v 0.010780 0.109840 -0.002827
v 0.010821 0.109840 -0.002812
v 0.010642 0.109840 -0.003115
v 0.010635 0.109840 -0.003072
v 0.010656 0.109840 -0.003156
v 0.010636 0.109840 -0.003029
v 0.010644 0.109840 -0.002987
v 0.010983 0.109840 -0.002091
v 0.010554 0.109840 -0.003930
v 0.010774 0.109840 -0.003278
v 0.010511 0.109840 -0.003925
v 0.010737 0.109840 -0.003256
v 0.010319 0.109840 -0.004009
v 0.010350 0.109840 -0.003980
v 0.010386 0.109840 -0.003956
v 0.010426 0.109840 -0.003938
v 0.010468 0.109840 -0.003928
v -0.010372 0.120000 0.004387
v -0.010085 0.120000 0.005011
v -0.010043 0.120000 0.005002
v -0.002548 0.120000 0.010970
v -0.001874 0.120000 0.011105
v -0.001856 0.120000 0.011065
v -0.010643 0.120000 -0.003681
v -0.010848 0.120000 -0.003024
v -0.010811 0.120000 -0.003003
v -0.007692 0.120000 0.008226
v -0.007175 0.120000 0.008680
v -0.007140 0.120000 0.008655
v -0.006790 0.120000 0.008985
v -0.006228 0.120000 0.009383
v -0.006196 0.120000 0.009354
v -0.008451 0.120000 0.007217
v -0.008455 0.120000 0.007261
v -0.007923 0.120000 0.007838
v -0.004773 0.120000 0.010200
v -0.004142 0.120000 0.010473
v -0.004116 0.120000 0.010438
v -0.008509 0.120000 0.007058
v -0.008484 0.120000 0.007093
v -0.009305 0.120000 -0.006077
v -0.008466 0.120000 0.007132
v -0.008455 0.120000 0.007174
v -0.008466 0.120000 0.007302
v -0.008485 0.120000 0.007342
v -0.007965 0.120000 0.007846
v -0.006019 0.120000 -0.009422
v -0.006020 0.120000 -0.009379
v -0.003029 0.120000 -0.010636
v -0.008614 0.120000 0.006983
v -0.008575 0.120000 0.007002
v -0.008539 0.120000 0.007027
v -0.006337 0.120000 -0.009168
v -0.006377 0.120000 -0.009183
v -0.007879 0.120000 0.007838
v -0.006415 0.120000 -0.009205
v -0.006447 0.120000 -0.009234
v 0.000624 0.120000 0.011053
v 0.000665 0.120000 0.011039
v -0.000221 0.120000 0.011218
v -0.001387 0.120000 0.011176
v 0.000967 0.120000 0.011220
v 0.001650 0.120000 0.011140
v 0.001654 0.120000 0.011097
v -0.006999 0.120000 -0.008823
v 0.010941 0.120000 0.001687
v 0.010936 0.120000 0.001644
v 0.010927 0.120000 0.002549
v 0.005066 0.120000 0.009843
v 0.005098 0.120000 0.009814
v 0.004360 0.120000 0.010338
v -0.007671 0.120000 0.008188
v -0.002864 0.120000 0.010712
v -0.002822 0.120000 0.010705
v -0.009159 0.120000 0.006251
v -0.009165 0.120000 0.006208
v -0.008823 0.120000 0.006999
v -0.009179 0.120000 0.006167
v -0.008784 0.120000 0.006981
v -0.008742 0.120000 0.006970
v -0.009160 0.120000 0.006294
v -0.009168 0.120000 0.006337
v -0.009183 0.120000 0.006377
v -0.009205 0.120000 0.006415
v -0.009234 0.120000 0.006447
v -0.009857 0.120000 0.005447
v -0.009506 0.120000 0.006038
v -0.008509 0.120000 0.007377
v -0.008043 0.120000 0.007883
v -0.008006 0.120000 0.007861
v -0.007027 0.120000 -0.008539
v -0.008673 0.120000 -0.006856
v -0.008702 0.120000 -0.006824
v -0.006208 0.120000 -0.009165
v -0.006251 0.120000 -0.009159
v -0.006294 0.120000 -0.009160
v 0.008575 0.120000 -0.007002
v 0.008539 0.120000 -0.007027
v 0.009205 0.120000 -0.006415
v 0.010774 0.120000 -0.003278
v 0.009383 0.120000 0.006228
v -0.007651 0.120000 0.008061
v 0.009354 0.120000 0.006196
v 0.009331 0.120000 0.006160
v -0.000365 0.120000 0.011064
v 0.002848 0.120000 0.010743
v -0.000406 0.120000 0.011051
v -0.000449 0.120000 0.011046
v -0.009296 0.120000 0.006044
v -0.010476 0.120000 -0.003710
v -0.009337 0.120000 0.006029
v -0.009379 0.120000 0.006020
v -0.009260 0.120000 0.006067
v -0.009227 0.120000 0.006096
v -0.009200 0.120000 0.006130
v -0.010200 0.120000 -0.004773
v -0.010473 0.120000 -0.004142
v -0.008985 0.120000 -0.006790
v -0.009383 0.120000 -0.006228
v -0.008945 0.120000 -0.006773
v -0.008775 0.120000 -0.006779
v -0.008817 0.120000 -0.006766
v -0.009354 0.120000 -0.006196
v -0.008860 0.120000 -0.006761
v -0.008903 0.120000 -0.006763
v -0.006981 0.120000 -0.008784
v -0.006970 0.120000 -0.008742
v -0.006967 0.120000 -0.008698
v -0.006025 0.120000 -0.009465
v -0.005174 0.120000 -0.009774
v -0.006038 0.120000 -0.009506
v -0.005216 0.120000 -0.009764
v -0.005260 0.120000 -0.009762
v -0.006067 0.120000 -0.009260
v -0.007837 0.120000 0.007845
v -0.006044 0.120000 -0.009296
v -0.006029 0.120000 -0.009337
v -0.006096 0.120000 -0.009227
v -0.006130 0.120000 -0.009200
v -0.006167 0.120000 -0.009179
v -0.002848 0.120000 -0.010743
v 0.000492 0.120000 -0.011048
v -0.002827 0.120000 -0.010780
v -0.002812 0.120000 -0.010821
v 0.002548 0.120000 -0.010970
v 0.009314 0.120000 0.006120
v 0.009305 0.120000 0.006077
v -0.007659 0.120000 0.008019
v 0.009303 0.120000 0.006034
v 0.009309 0.120000 0.005991
v 0.009400 0.120000 0.005848
v 0.009436 0.120000 0.005824
v 0.010704 0.120000 0.002778
v 0.009476 0.120000 0.005807
v 0.010385 0.120000 0.003801
v 0.010410 0.120000 0.003766
v 0.009923 0.120000 0.005151
v 0.009903 0.120000 0.005113
v 0.009604 0.120000 0.005801
v 0.009889 0.120000 0.005072
v 0.009883 0.120000 0.005029
v 0.008817 0.120000 0.006766
v 0.008860 0.120000 0.006761
v 0.008903 0.120000 0.006763
v 0.003072 0.120000 0.010635
v 0.003115 0.120000 0.010642
v 0.006167 0.120000 0.009179
v 0.003156 0.120000 0.010656
v -0.000326 0.120000 0.011084
v -0.000292 0.120000 0.011110
v -0.000262 0.120000 0.011142
v 0.000586 0.120000 0.011073
v -0.000212 0.120000 0.011260
v 0.000476 0.120000 0.011252
v 0.000485 0.120000 0.011209
v -0.006856 0.120000 0.008673
v -0.005113 0.120000 0.009903
v -0.005072 0.120000 0.009889
v -0.004866 0.120000 0.009931
v -0.004833 0.120000 0.009959
v -0.004010 0.120000 0.010365
v -0.003925 0.120000 0.010351
v -0.003882 0.120000 0.010355
v -0.003840 0.120000 0.010367
v -0.003801 0.120000 0.010385
v -0.002905 0.120000 0.010728
v -0.002942 0.120000 0.010749
v -0.003024 0.120000 0.010848
v -0.003003 0.120000 0.010811
v -0.003681 0.120000 0.010557
v -0.001832 0.120000 0.011029
v -0.001802 0.120000 0.010998
v -0.002549 0.120000 0.010927
v -0.001767 0.120000 0.010972
v -0.001729 0.120000 0.010953
v -0.001644 0.120000 0.010936
v -0.001601 0.120000 0.010938
v -0.001559 0.120000 0.010948
v -0.001519 0.120000 0.010965
v -0.009762 0.120000 0.005260
v -0.009767 0.120000 0.005303
v -0.008698 0.120000 0.006967
v -0.010385 0.120000 -0.003801
v -0.010410 0.120000 -0.003766
v -0.010441 0.120000 -0.003735
v -0.009314 0.120000 -0.006120
v -0.009331 0.120000 -0.006160
v -0.008737 0.120000 -0.006798
v -0.008624 0.120000 -0.007060
v -0.008619 0.120000 -0.007017
v -0.007058 0.120000 -0.008509
v -0.006971 0.120000 -0.008655
v -0.006983 0.120000 -0.008614
v -0.007002 0.120000 -0.008575
v -0.005303 0.120000 -0.009767
v -0.005344 0.120000 -0.009780
v -0.005383 0.120000 -0.009800
v -0.005447 0.120000 -0.009857
v -0.005417 0.120000 -0.009826
v -0.001685 0.120000 -0.011017
v -0.001710 0.120000 -0.010982
v 0.000449 0.120000 -0.011046
v 0.009957 0.120000 -0.005006
v -0.007725 0.120000 0.007908
v 0.010000 0.120000 -0.005001
v 0.010043 0.120000 -0.005002
v 0.009843 0.120000 -0.005066
v 0.009814 0.120000 -0.005098
v 0.010982 0.120000 -0.001710
v 0.010951 0.120000 -0.001741
v -0.007674 0.120000 0.007978
v 0.010711 0.120000 0.002736
v 0.010725 0.120000 0.002695
v 0.011176 0.120000 0.001387
v 0.011240 0.120000 0.000703
v 0.011199 0.120000 0.000689
v 0.009322 0.120000 0.005950
v 0.009342 0.120000 0.005912
v 0.009368 0.120000 0.005877
v 0.008775 0.120000 0.006779
v 0.008737 0.120000 0.006798
v 0.003928 0.120000 0.010468
v 0.003938 0.120000 0.010426
v 0.003256 0.120000 0.010737
v 0.003956 0.120000 0.010386
v 0.003980 0.120000 0.010350
v -0.007657 0.120000 0.008147
v -0.000643 0.120000 0.011126
v -0.000611 0.120000 0.011097
v -0.005824 0.120000 0.009436
v -0.005807 0.120000 0.009476
v -0.005214 0.120000 0.009982
v -0.005798 0.120000 0.009518
v -0.005795 0.120000 0.009561
v -0.006824 0.120000 0.008702
v -0.006798 0.120000 0.008737
v -0.006077 0.120000 0.009305
v -0.007101 0.120000 0.008636
v -0.007060 0.120000 0.008624
v -0.007017 0.120000 0.008619
v -0.003766 0.120000 0.010410
v -0.003735 0.120000 0.010441
v -0.003710 0.120000 0.010476
v -0.002657 0.120000 0.010747
v -0.002623 0.120000 0.010774
v -0.002595 0.120000 0.010807
v -0.002573 0.120000 0.010844
v -0.001483 0.120000 0.010989
v -0.001451 0.120000 0.011019
v -0.001425 0.120000 0.011053
v -0.008226 0.120000 -0.007692
v -0.008680 0.120000 -0.007175
v -0.008188 0.120000 -0.007671
v -0.008019 0.120000 -0.007659
v -0.008655 0.120000 -0.007140
v -0.007978 0.120000 -0.007674
v -0.007941 0.120000 -0.007696
v -0.008061 0.120000 -0.007651
v -0.008105 0.120000 -0.007650
v -0.008147 0.120000 -0.007657
v -0.008621 0.120000 -0.006974
v -0.008632 0.120000 -0.006932
v -0.008649 0.120000 -0.006892
v -0.001986 0.120000 -0.010910
v -0.002805 0.120000 -0.010864
v -0.001944 0.120000 -0.010898
v -0.001901 0.120000 -0.010894
v -0.002876 0.120000 -0.010709
v -0.002909 0.120000 -0.010681
v -0.007796 0.120000 0.007860
v -0.002946 0.120000 -0.010659
v -0.002987 0.120000 -0.010644
v 0.010085 0.120000 -0.005011
v -0.007696 0.120000 0.007941
v 0.009159 0.120000 -0.006251
v 0.009160 0.120000 -0.006294
v 0.007725 0.120000 -0.007908
v 0.009168 0.120000 -0.006337
v 0.010909 0.120000 -0.001816
v 0.010898 0.120000 -0.001858
v 0.010894 0.120000 -0.001901
v 0.010355 0.120000 0.003882
v 0.009908 0.120000 0.004903
v 0.010351 0.120000 0.003925
v 0.009931 0.120000 0.004866
v 0.009959 0.120000 0.004833
v 0.010367 0.120000 0.003840
v 0.008702 0.120000 0.006824
v -0.007650 0.120000 0.008105
v 0.006294 0.120000 0.009160
v 0.008945 0.120000 0.006773
v 0.008985 0.120000 0.006790
v 0.006970 0.120000 0.008742
v 0.006967 0.120000 0.008698
v 0.006415 0.120000 0.009205
v 0.006971 0.120000 0.008655
v 0.006983 0.120000 0.008614
v -0.000492 0.120000 0.011048
v 0.002876 0.120000 0.010709
v 0.002909 0.120000 0.010681
v 0.006208 0.120000 0.009165
v 0.006251 0.120000 0.009159
v -0.000703 0.120000 0.011240
v -0.000689 0.120000 0.011199
v -0.000669 0.120000 0.011160
v -0.000574 0.120000 0.011074
v -0.000534 0.120000 0.011057
v 0.000501 0.120000 0.011169
v 0.000524 0.120000 0.011132
v 0.000553 0.120000 0.011100
v -0.005813 0.120000 0.009646
v -0.005801 0.120000 0.009604
v -0.006034 0.120000 0.009303
v -0.005991 0.120000 0.009309
v -0.005029 0.120000 0.009883
v -0.004985 0.120000 0.009884
v -0.006892 0.120000 0.008649
v -0.004943 0.120000 0.009893
v -0.004903 0.120000 0.009908
v -0.004806 0.120000 0.009993
v -0.004785 0.120000 0.010031
v -0.004771 0.120000 0.010072
v -0.006974 0.120000 0.008621
v -0.006932 0.120000 0.008632
v -0.002975 0.120000 0.010777
v -0.003692 0.120000 0.010515
v -0.002778 0.120000 0.010704
v -0.002736 0.120000 0.010711
v -0.002695 0.120000 0.010725
v -0.001687 0.120000 0.010941
v -0.002557 0.120000 0.010884
v -0.001406 0.120000 0.011092
v -0.001393 0.120000 0.011133
v -0.009916 0.120000 0.005020
v -0.009877 0.120000 0.005040
v -0.009843 0.120000 0.005066
v -0.009814 0.120000 0.005098
v -0.009465 0.120000 0.006025
v -0.009422 0.120000 0.006019
v -0.009826 0.120000 0.005417
v -0.009342 0.120000 -0.005912
v -0.010383 0.120000 -0.004049
v -0.010365 0.120000 -0.004010
v -0.010354 0.120000 -0.003968
v -0.010351 0.120000 -0.003925
v -0.009322 0.120000 -0.005950
v -0.010355 0.120000 -0.003882
v -0.010367 0.120000 -0.003840
v -0.005066 0.120000 -0.009843
v -0.005098 0.120000 -0.009814
v -0.002134 0.120000 -0.011058
v -0.002805 0.120000 -0.010907
v -0.002116 0.120000 -0.011019
v -0.001816 0.120000 -0.010909
v -0.001776 0.120000 -0.010927
v -0.001741 0.120000 -0.010951
v 0.002573 0.120000 -0.010844
v 0.002557 0.120000 -0.010884
v 0.001644 0.120000 -0.010936
v 0.002549 0.120000 -0.010927
v 0.001687 0.120000 -0.010941
v 0.006932 0.120000 -0.008632
v 0.007674 0.120000 -0.007978
v 0.007659 0.120000 -0.008019
v 0.007017 0.120000 -0.008619
v 0.007671 0.120000 -0.008188
v 0.007060 0.120000 -0.008624
v 0.007101 0.120000 -0.008636
v 0.006974 0.120000 -0.008621
v 0.007657 0.120000 -0.008147
v -0.007758 0.120000 0.007881
v 0.004985 0.120000 -0.009884
v 0.009916 0.120000 -0.005020
v 0.009877 0.120000 -0.005040
v 0.009790 0.120000 -0.005134
v 0.009774 0.120000 -0.005174
v 0.009764 0.120000 -0.005216
v 0.009762 0.120000 -0.005260
v 0.009767 0.120000 -0.005303
v 0.009780 0.120000 -0.005344
v 0.009800 0.120000 -0.005383
v 0.009200 0.120000 -0.006130
v 0.009179 0.120000 -0.006167
v 0.009165 0.120000 -0.006208
v 0.009183 0.120000 -0.006377
v 0.009857 0.120000 -0.005447
v 0.009506 0.120000 -0.006038
v 0.009826 0.120000 -0.005417
v 0.009465 0.120000 -0.006025
v 0.010927 0.120000 -0.001776
v 0.011160 0.120000 0.000669
v 0.011126 0.120000 0.000643
v 0.011133 0.120000 0.001393
v 0.009993 0.120000 0.004806
v 0.010031 0.120000 0.004785
v 0.010072 0.120000 0.004771
v 0.010441 0.120000 0.003735
v 0.010476 0.120000 0.003710
v 0.010515 0.120000 0.003692
v 0.009646 0.120000 0.005813
v 0.009982 0.120000 0.005214
v 0.009950 0.120000 0.005185
v 0.008226 0.120000 0.007692
v 0.008680 0.120000 0.007175
v 0.006130 0.120000 0.009200
v 0.004253 0.120000 0.010268
v 0.004292 0.120000 0.010285
v 0.005001 0.120000 0.010000
v 0.005006 0.120000 0.009957
v -0.006779 0.120000 0.008775
v -0.006766 0.120000 0.008817
v -0.006761 0.120000 0.008860
v -0.005185 0.120000 0.009950
v -0.005877 0.120000 0.009368
v -0.005848 0.120000 0.009400
v -0.004085 0.120000 0.010407
v -0.004049 0.120000 0.010383
v -0.004765 0.120000 0.010158
v -0.004764 0.120000 0.010115
v -0.003968 0.120000 0.010354
v -0.009790 0.120000 0.005134
v -0.009774 0.120000 0.005174
v -0.009764 0.120000 0.005216
v -0.009780 0.120000 0.005344
v -0.009800 0.120000 0.005383
v -0.008655 0.120000 0.006971
v -0.009303 0.120000 -0.006034
v -0.009309 0.120000 -0.005991
v -0.007093 0.120000 -0.008484
v -0.007846 0.120000 -0.007965
v -0.007838 0.120000 -0.007923
v -0.004387 0.120000 -0.010372
v -0.005011 0.120000 -0.010085
v -0.004360 0.120000 -0.010338
v -0.004124 0.120000 -0.010261
v -0.004167 0.120000 -0.010256
v -0.005002 0.120000 -0.010043
v -0.004210 0.120000 -0.010258
v -0.004253 0.120000 -0.010268
v -0.004292 0.120000 -0.010285
v -0.004329 0.120000 -0.010309
v -0.005134 0.120000 -0.009790
v -0.002025 0.120000 -0.010928
v -0.002060 0.120000 -0.010953
v -0.002091 0.120000 -0.010983
v -0.001654 0.120000 -0.011097
v -0.000752 0.120000 -0.011033
v -0.001650 0.120000 -0.011140
v -0.000794 0.120000 -0.011042
v -0.000834 0.120000 -0.011057
v -0.001858 0.120000 -0.010898
v 0.000643 0.120000 -0.011126
v 0.000611 0.120000 -0.011097
v 0.004142 0.120000 -0.010473
v 0.004116 0.120000 -0.010438
v 0.004085 0.120000 -0.010407
v 0.004049 0.120000 -0.010383
v 0.004010 0.120000 -0.010365
v 0.002736 0.120000 -0.010711
v 0.002695 0.120000 -0.010725
v 0.007651 0.120000 -0.008061
v 0.007650 0.120000 -0.008105
v 0.007692 0.120000 -0.008226
v 0.007175 0.120000 -0.008680
v 0.007140 0.120000 -0.008655
v 0.006077 0.120000 -0.009305
v 0.006773 0.120000 -0.008945
v 0.006120 0.120000 -0.009314
v 0.006160 0.120000 -0.009331
v 0.006034 0.120000 -0.009303
v 0.005991 0.120000 -0.009309
v 0.005950 0.120000 -0.009322
v 0.006856 0.120000 -0.008673
v 0.005113 0.120000 -0.009903
v 0.005072 0.120000 -0.009889
v 0.005029 0.120000 -0.009883
v 0.006892 0.120000 -0.008649
v 0.004773 0.120000 -0.010200
v 0.007696 0.120000 -0.007941
v 0.009227 0.120000 -0.006096
v 0.007796 0.120000 -0.007860
v 0.007758 0.120000 -0.007881
v 0.008485 0.120000 -0.007342
v 0.008742 0.120000 -0.006970
v 0.008698 0.120000 -0.006967
v 0.009422 0.120000 -0.006019
v 0.009379 0.120000 -0.006020
v 0.009337 0.120000 -0.006029
v 0.009296 0.120000 -0.006044
v 0.009260 0.120000 -0.006067
v 0.011033 0.120000 -0.000752
v 0.011042 0.120000 -0.000794
v 0.011057 0.120000 -0.000834
v 0.011080 0.120000 -0.000871
v 0.011108 0.120000 -0.000904
v 0.011142 0.120000 -0.000931
v 0.011179 0.120000 -0.000952
v 0.011029 0.120000 0.001832
v 0.010998 0.120000 0.001802
v 0.010407 0.120000 0.004085
v 0.010383 0.120000 0.004049
v 0.010158 0.120000 0.004765
v 0.010365 0.120000 0.004010
v 0.007027 0.120000 0.008539
v 0.008673 0.120000 0.006856
v 0.007058 0.120000 0.008509
v 0.007093 0.120000 0.008484
v 0.007132 0.120000 0.008466
v 0.007174 0.120000 0.008455
v 0.007217 0.120000 0.008451
v 0.007261 0.120000 0.008455
v 0.006447 0.120000 0.009234
v 0.006999 0.120000 0.008823
v 0.006981 0.120000 0.008784
v 0.002946 0.120000 0.010659
v 0.002987 0.120000 0.010644
v 0.003029 0.120000 0.010636
v 0.006067 0.120000 0.009260
v 0.006096 0.120000 0.009227
v 0.005417 0.120000 0.009826
v 0.005020 0.120000 0.009916
v 0.005040 0.120000 0.009877
v 0.003278 0.120000 0.010774
v 0.003930 0.120000 0.010554
v 0.003925 0.120000 0.010511
v 0.001816 0.120000 0.010909
v 0.001858 0.120000 0.010898
v 0.000904 0.120000 0.011108
v -0.003681 0.120000 0.010643
v -0.003677 0.120000 0.010600
v -0.010258 0.120000 0.004210
v -0.010268 0.120000 0.004253
v -0.010285 0.120000 0.004292
v -0.009884 0.120000 -0.004985
v -0.009883 0.120000 -0.005029
v -0.009889 0.120000 -0.005072
v 0.000574 0.120000 -0.011074
v 0.000534 0.120000 -0.011057
v 0.003681 0.120000 -0.010643
v 0.003024 0.120000 -0.010848
v 0.003677 0.120000 -0.010600
v 0.001601 0.120000 -0.010938
v 0.001559 0.120000 -0.010948
v 0.005185 0.120000 -0.009950
v 0.005151 0.120000 -0.009923
v 0.005798 0.120000 -0.009518
v 0.005807 0.120000 -0.009476
v 0.006824 0.120000 -0.008702
v 0.006798 0.120000 -0.008737
v 0.005912 0.120000 -0.009342
v 0.006779 0.120000 -0.008775
v 0.004943 0.120000 -0.009893
v 0.004903 0.120000 -0.009908
v 0.004866 0.120000 -0.009931
v 0.004785 0.120000 -0.010031
v 0.004771 0.120000 -0.010072
v 0.011220 0.120000 -0.000967
v 0.011140 0.120000 -0.001650
v 0.010898 0.120000 -0.001944
v 0.010910 0.120000 -0.001986
v 0.010273 0.120000 -0.004083
v 0.010928 0.120000 -0.002025
v 0.010953 0.120000 -0.002060
v 0.011058 0.120000 -0.002134
v 0.010907 0.120000 -0.002805
v 0.011019 0.120000 -0.002116
v 0.010864 0.120000 -0.002805
v 0.010821 0.120000 -0.002812
v 0.010780 0.120000 -0.002827
v 0.010743 0.120000 -0.002848
v 0.010709 0.120000 -0.002876
v 0.010681 0.120000 -0.002909
v 0.010659 0.120000 -0.002946
v 0.010983 0.120000 -0.002091
v 0.010807 0.120000 0.002595
v 0.010774 0.120000 0.002623
v 0.010747 0.120000 0.002657
v 0.011097 0.120000 0.000611
v 0.010938 0.120000 0.001601
v 0.010948 0.120000 0.001559
v 0.010200 0.120000 0.004773
v 0.010473 0.120000 0.004142
v 0.010438 0.120000 0.004116
v 0.010115 0.120000 0.004764
v 0.010354 0.120000 0.003968
v 0.009893 0.120000 0.004943
v 0.010777 0.120000 0.002975
v 0.010749 0.120000 0.002942
v 0.010600 0.120000 0.003677
v 0.010728 0.120000 0.002905
v 0.010712 0.120000 0.002864
v 0.010557 0.120000 0.003681
v 0.010705 0.120000 0.002822
v 0.007002 0.120000 0.008575
v 0.006377 0.120000 0.009183
v 0.006337 0.120000 0.009168
v 0.004044 0.120000 0.010293
v 0.004083 0.120000 0.010273
v 0.005216 0.120000 0.009764
v 0.005260 0.120000 0.009762
v -0.006160 0.120000 0.009331
v -0.006120 0.120000 0.009314
v -0.006773 0.120000 0.008945
v -0.006763 0.120000 0.008903
v -0.010000 0.120000 0.005001
v -0.009957 0.120000 0.005006
v -0.010338 0.120000 0.004360
v -0.010309 0.120000 0.004329
v -0.009646 0.120000 -0.005813
v -0.009982 0.120000 -0.005214
v -0.009604 0.120000 -0.005801
v -0.009903 0.120000 -0.005113
v -0.009368 0.120000 -0.005877
v -0.009923 0.120000 -0.005151
v -0.010438 0.120000 -0.004116
v -0.010407 0.120000 -0.004085
v -0.010158 0.120000 -0.004765
v -0.010115 0.120000 -0.004764
v -0.010072 0.120000 -0.004771
v -0.007377 0.120000 -0.008509
v -0.007883 0.120000 -0.008043
v -0.007342 0.120000 -0.008485
v -0.003928 0.120000 -0.010468
v -0.003938 0.120000 -0.010426
v -0.003956 0.120000 -0.010386
v -0.003980 0.120000 -0.010350
v -0.004009 0.120000 -0.010319
v -0.004044 0.120000 -0.010293
v -0.004083 0.120000 -0.010273
v -0.000871 0.120000 -0.011080
v -0.000904 0.120000 -0.011108
v -0.000931 0.120000 -0.011142
v 0.003801 0.120000 -0.010385
v 0.003003 0.120000 -0.010811
v 0.002975 0.120000 -0.010777
v 0.002942 0.120000 -0.010749
v 0.003840 0.120000 -0.010367
v 0.003766 0.120000 -0.010410
v 0.003735 0.120000 -0.010441
v 0.003710 0.120000 -0.010476
v 0.002905 0.120000 -0.010728
v 0.002864 0.120000 -0.010712
v 0.002822 0.120000 -0.010705
v 0.001802 0.120000 -0.010998
v 0.001767 0.120000 -0.010972
v 0.001729 0.120000 -0.010953
v 0.006766 0.120000 -0.008817
v 0.006761 0.120000 -0.008860
v 0.006763 0.120000 -0.008903
v 0.006790 0.120000 -0.008985
v 0.006228 0.120000 -0.009383
v 0.006196 0.120000 -0.009354
v 0.004833 0.120000 -0.009959
v 0.004806 0.120000 -0.009993
v 0.004764 0.120000 -0.010115
v 0.004765 0.120000 -0.010158
v 0.011097 0.120000 -0.001654
v 0.011056 0.120000 -0.001666
v 0.011017 0.120000 -0.001685
v 0.010372 0.120000 -0.004387
v 0.010338 0.120000 -0.004360
v 0.010644 0.120000 -0.002987
v 0.010636 0.120000 -0.003029
v 0.010635 0.120000 -0.003072
v 0.010642 0.120000 -0.003115
v 0.010426 0.120000 -0.003938
v 0.010386 0.120000 -0.003956
v 0.010737 0.120000 -0.003256
v 0.010350 0.120000 -0.003980
v 0.010844 0.120000 0.002573
v 0.010884 0.120000 0.002557
v 0.011032 0.120000 -0.000708
v 0.010972 0.120000 0.001767
v 0.010953 0.120000 0.001729
v 0.009884 0.120000 0.004985
v 0.009561 0.120000 0.005795
v 0.009518 0.120000 0.005798
v 0.007978 0.120000 0.007674
v 0.008019 0.120000 0.007659
v 0.007845 0.120000 0.007837
v 0.007302 0.120000 0.008466
v 0.007838 0.120000 0.007879
v 0.007838 0.120000 0.007923
v 0.004009 0.120000 0.010319
v 0.003227 0.120000 0.010705
v 0.003194 0.120000 0.010677
v 0.004124 0.120000 0.010261
v 0.004167 0.120000 0.010256
v 0.004210 0.120000 0.010258
v 0.000752 0.120000 0.011033
v 0.000708 0.120000 0.011032
v -0.000238 0.120000 0.011178
v 0.000931 0.120000 0.011142
v 0.000952 0.120000 0.011179
v 0.001776 0.120000 0.010927
v 0.001741 0.120000 0.010951
v -0.009959 0.120000 -0.004833
v -0.009993 0.120000 -0.004806
v -0.010031 0.120000 -0.004785
v -0.007174 0.120000 -0.008455
v -0.007217 0.120000 -0.008451
v -0.007861 0.120000 -0.008006
v -0.007261 0.120000 -0.008455
v -0.007302 0.120000 -0.008466
v -0.007845 0.120000 -0.007837
v -0.007860 0.120000 -0.007796
v -0.005001 0.120000 -0.010000
v -0.005006 0.120000 -0.009957
v -0.005020 0.120000 -0.009916
v -0.005040 0.120000 -0.009877
v -0.000967 0.120000 -0.011220
v -0.000952 0.120000 -0.011179
v -0.000586 0.120000 -0.011073
v -0.000624 0.120000 -0.011053
v 0.003692 0.120000 -0.010515
v 0.003681 0.120000 -0.010557
v 0.003968 0.120000 -0.010354
v 0.003925 0.120000 -0.010351
v 0.003882 0.120000 -0.010355
v 0.001425 0.120000 -0.011053
v 0.001406 0.120000 -0.011092
v 0.000703 0.120000 -0.011240
v 0.001874 0.120000 -0.011105
v 0.001856 0.120000 -0.011065
v 0.001832 0.120000 -0.011029
v 0.005877 0.120000 -0.009368
v 0.005848 0.120000 -0.009400
v 0.005824 0.120000 -0.009436
v 0.008655 0.120000 -0.006971
v 0.008614 0.120000 -0.006983
v 0.010261 0.120000 -0.004124
v 0.010256 0.120000 -0.004167
v 0.010258 0.120000 -0.004210
v 0.010268 0.120000 -0.004253
v 0.010285 0.120000 -0.004292
v 0.010309 0.120000 -0.004329
v 0.010656 0.120000 -0.003156
v 0.010677 0.120000 -0.003194
v 0.010293 0.120000 -0.004044
v 0.010705 0.120000 -0.003227
v 0.010319 0.120000 -0.004009
v 0.011074 0.120000 0.000574
v 0.011057 0.120000 0.000534
v 0.011048 0.120000 0.000492
v 0.011084 0.120000 0.000326
v 0.011110 0.120000 0.000292
v 0.011142 0.120000 0.000262
v 0.011039 0.120000 -0.000665
v 0.010965 0.120000 0.001519
v 0.010989 0.120000 0.001483
v 0.011019 0.120000 0.001451
v 0.011053 0.120000 0.001425
v 0.011092 0.120000 0.001406
v 0.007860 0.120000 0.007796
v 0.007881 0.120000 0.007758
v 0.007908 0.120000 0.007725
v 0.007941 0.120000 0.007696
v 0.008061 0.120000 0.007651
v 0.008105 0.120000 0.007650
v 0.008649 0.120000 0.006892
v 0.007377 0.120000 0.008509
v 0.007883 0.120000 0.008043
v 0.007342 0.120000 0.008485
v 0.007861 0.120000 0.008006
v 0.007846 0.120000 0.007965
v 0.005174 0.120000 0.009774
v 0.006044 0.120000 0.009296
v 0.004387 0.120000 0.010372
v 0.005011 0.120000 0.010085
v 0.005002 0.120000 0.010043
v 0.002060 0.120000 0.010953
v 0.002025 0.120000 0.010928
v 0.001986 0.120000 0.010910
v -0.005950 0.120000 0.009322
v -0.005912 0.120000 0.009342
v -0.005151 0.120000 0.009923
v -0.010515 0.120000 -0.003692
v -0.010557 0.120000 -0.003681
v -0.010468 0.120000 0.003928
v -0.010386 0.120000 0.003956
v -0.010350 0.120000 0.003980
v -0.010319 0.120000 0.004009
v -0.010293 0.120000 0.004044
v -0.010273 0.120000 0.004083
v -0.010261 0.120000 0.004124
v -0.010256 0.120000 0.004167
v -0.009436 0.120000 -0.005824
v -0.009476 0.120000 -0.005807
v -0.009950 0.120000 -0.005185
v -0.009518 0.120000 -0.005798
v -0.009561 0.120000 -0.005795
v -0.007838 0.120000 -0.007879
v -0.007881 0.120000 -0.007758
v -0.007908 0.120000 -0.007725
v -0.008636 0.120000 -0.007101
v 0.000406 0.120000 -0.011051
v -0.000501 0.120000 -0.011169
v -0.000524 0.120000 -0.011132
v 0.002778 0.120000 -0.010704
v 0.002657 0.120000 -0.010747
v 0.002623 0.120000 -0.010774
v 0.002595 0.120000 -0.010807
v 0.001387 0.120000 -0.011176
v 0.001393 0.120000 -0.011133
v 0.001519 0.120000 -0.010965
v 0.001483 0.120000 -0.010989
v 0.001451 0.120000 -0.011019
v 0.005813 0.120000 -0.009646
v 0.005214 0.120000 -0.009982
v 0.005801 0.120000 -0.009604
v 0.005795 0.120000 -0.009561
v 0.009234 0.120000 -0.006447
v 0.008823 0.120000 -0.006999
v 0.008784 0.120000 -0.006981
v 0.010554 0.120000 -0.003930
v 0.010511 0.120000 -0.003925
v 0.010468 0.120000 -0.003928
v 0.010970 0.120000 0.002548
v 0.011105 0.120000 0.001874
v 0.011065 0.120000 0.001856
v 0.010643 0.120000 0.003681
v 0.010848 0.120000 0.003024
v 0.010811 0.120000 0.003003
v 0.008188 0.120000 0.007671
v 0.008619 0.120000 0.007017
v 0.008621 0.120000 0.006974
v -0.010705 0.120000 0.003227
v -0.010677 0.120000 0.003194
v -0.010656 0.120000 0.003156
v -0.010737 0.120000 0.003256
v -0.010774 0.120000 0.003278
v -0.010709 0.120000 0.002876
v -0.010681 0.120000 0.002909
v -0.010659 0.120000 0.002946
v -0.010644 0.120000 0.002987
v -0.010511 0.120000 0.003925
v -0.010636 0.120000 0.003029
v -0.010554 0.120000 0.003930
v -0.010635 0.120000 0.003072
v -0.010642 0.120000 0.003115
v -0.010426 0.120000 0.003938
v -0.009400 0.120000 -0.005848
v -0.007132 0.120000 -0.008466
v -0.000665 0.120000 -0.011039
v -0.000708 0.120000 -0.011032
v -0.001666 0.120000 -0.011056
v 0.000689 0.120000 -0.011199
v 0.000669 0.120000 -0.011160
v 0.008466 0.120000 -0.007132
v 0.008455 0.120000 -0.007174
v 0.008451 0.120000 -0.007217
v 0.008455 0.120000 -0.007261
v 0.008466 0.120000 -0.007302
v 0.007965 0.120000 -0.007846
v 0.007923 0.120000 -0.007838
v 0.011178 0.120000 0.000238
v 0.011218 0.120000 0.000221
v 0.011053 0.120000 -0.000624
v 0.011073 0.120000 -0.000586
v 0.008655 0.120000 0.007140
v 0.008636 0.120000 0.007101
v 0.008624 0.120000 0.007060
v 0.008147 0.120000 0.007657
v 0.008632 0.120000 0.006932
v 0.005134 0.120000 0.009790
v 0.004329 0.120000 0.010309
v 0.005303 0.120000 0.009767
v 0.005344 0.120000 0.009780
v 0.005383 0.120000 0.009800
v 0.001901 0.120000 0.010894
v 0.001944 0.120000 0.010898
v 0.001666 0.120000 0.011056
v 0.001685 0.120000 0.011017
v 0.001710 0.120000 0.010982
v -0.010821 0.120000 0.002812
v -0.010780 0.120000 0.002827
v -0.010743 0.120000 0.002848
v -0.010600 0.120000 -0.003677
v -0.009893 0.120000 -0.004943
v -0.009908 0.120000 -0.004903
v -0.009931 0.120000 -0.004866
v -0.000553 0.120000 -0.011100
v 0.008509 0.120000 -0.007058
v 0.008484 0.120000 -0.007093
v 0.007879 0.120000 -0.007838
v 0.007837 0.120000 -0.007845
v 0.011046 0.120000 0.000449
v 0.011051 0.120000 0.000406
v 0.011064 0.120000 0.000365
v 0.006019 0.120000 0.009422
v 0.006020 0.120000 0.009379
v 0.006029 0.120000 0.009337
v 0.000794 0.120000 0.011042
v 0.000834 0.120000 0.011057
v 0.000871 0.120000 0.011080
v 0.002091 0.120000 0.010983
v 0.002116 0.120000 0.011019
v 0.002827 0.120000 0.010780
v 0.002812 0.120000 0.010821
v -0.011058 0.120000 0.002134
v -0.003278 0.120000 -0.010774
v -0.003930 0.120000 -0.010554
v -0.003256 0.120000 -0.010737
v 0.008509 0.120000 -0.007377
v 0.008043 0.120000 -0.007883
v 0.008006 0.120000 -0.007861
v 0.002134 0.120000 0.011058
v 0.002805 0.120000 0.010907
v 0.002805 0.120000 0.010864
v -0.003925 0.120000 -0.010511
v -0.003072 0.120000 -0.010635
v -0.003115 0.120000 -0.010642
v -0.003156 0.120000 -0.010656
v -0.003194 0.120000 -0.010677
v -0.003227 0.120000 -0.010705
v 0.005447 0.120000 0.009857
v 0.006038 0.120000 0.009506
v 0.006025 0.120000 0.009465
v -0.010928 0.120000 0.002025
v -0.010953 0.120000 0.002060
v 0.000212 0.120000 -0.011260
v -0.000476 0.120000 -0.011252
v 0.000221 0.120000 -0.011218
v 0.011169 0.120000 -0.000501
v 0.011132 0.120000 -0.000524
v 0.011100 0.120000 -0.000553
v -0.010983 0.120000 0.002091
v -0.011019 0.120000 0.002116
v -0.010927 0.120000 0.001776
v -0.010909 0.120000 0.001816
v -0.010898 0.120000 0.001858
v -0.010894 0.120000 0.001901
v -0.000485 0.120000 -0.011209
v 0.000365 0.120000 -0.011064
v 0.000326 0.120000 -0.011084
v 0.011260 0.120000 0.000212
v 0.011252 0.120000 -0.000476
v 0.011209 0.120000 -0.000485
v -0.010864 0.120000 0.002805
v -0.010907 0.120000 0.002805
v -0.010898 0.120000 0.001944
v -0.010910 0.120000 0.001986
v 0.000292 0.120000 -0.011110
v 0.000262 0.120000 -0.011142
v 0.000238 0.120000 -0.011178
v -0.011140 0.120000 0.001650
v -0.011033 0.120000 0.000752
v -0.011042 0.120000 0.000794
v -0.011097 0.120000 0.001654
v -0.011056 0.120000 0.001666
v -0.010704 0.120000 -0.002778
v -0.011080 0.120000 0.000871
v -0.011108 0.120000 0.000904
v -0.011142 0.120000 0.000931
v -0.011057 0.120000 0.000834
v -0.010777 0.120000 -0.002975
v -0.010749 0.120000 -0.002942
v -0.010728 0.120000 -0.002905
v -0.011179 0.120000 0.000952
v -0.011220 0.120000 0.000967
v -0.010712 0.120000 -0.002864
v -0.010705 0.120000 -0.002822
v -0.011132 0.120000 0.000524
v -0.011100 0.120000 0.000553
v -0.011017 0.120000 0.001685
v -0.010982 0.120000 0.001710
v -0.010951 0.120000 0.001741
v -0.011073 0.120000 0.000586
v -0.011053 0.120000 0.000624
v -0.011039 0.120000 0.000665
v -0.011032 0.120000 0.000708
v -0.011126 0.120000 -0.000643
v -0.011097 0.120000 -0.000611
v -0.010711 0.120000 -0.002736
v -0.011084 0.120000 -0.000326
v -0.011064 0.120000 -0.000365
v -0.011252 0.120000 0.000476
v -0.011051 0.120000 -0.000406
v -0.011209 0.120000 0.000485
v -0.011169 0.120000 0.000501
v -0.011110 0.120000 -0.000292
v -0.011142 0.120000 -0.000262
v -0.011178 0.120000 -0.000238
v -0.011218 0.120000 -0.000221
v -0.011260 0.120000 -0.000212
v -0.011046 0.120000 -0.000449
v -0.011074 0.120000 -0.000574
v -0.011057 0.120000 -0.000534
v -0.011048 0.120000 -0.000492
v -0.010989 0.120000 -0.001483
v -0.011199 0.120000 -0.000689
v -0.010965 0.120000 -0.001519
v -0.010948 0.120000 -0.001559
v -0.011176 0.120000 -0.001387
v -0.011240 0.120000 -0.000703
v -0.011133 0.120000 -0.001393
v -0.011019 0.120000 -0.001451
v -0.011053 0.120000 -0.001425
v -0.011092 0.120000 -0.001406
v -0.010953 0.120000 -0.001729
v -0.010941 0.120000 -0.001687
v -0.010936 0.120000 -0.001644
v -0.010938 0.120000 -0.001601
v -0.011160 0.120000 -0.000669
v -0.010970 0.120000 -0.002548
v -0.011105 0.120000 -0.001874
v -0.010927 0.120000 -0.002549
v -0.010774 0.120000 -0.002623
v -0.011065 0.120000 -0.001856
v -0.010747 0.120000 -0.002657
v -0.010725 0.120000 -0.002695
v -0.011029 0.120000 -0.001832
v -0.010998 0.120000 -0.001802
v -0.010972 0.120000 -0.001767
v -0.010807 0.120000 -0.002595
v -0.010844 0.120000 -0.002573
v -0.010884 0.120000 -0.002557
v -0.000000 0.118000 -0.009000
v -0.000000 0.109840 -0.009000
v 0.001064 0.118000 -0.008937
v 0.002114 0.118000 -0.008748
v 0.003134 0.118000 -0.008437
v 0.004110 0.118000 -0.008007
v 0.005028 0.118000 -0.007465
v 0.005875 0.118000 -0.006818
v 0.006640 0.118000 -0.006075
v 0.007312 0.118000 -0.005247
v 0.007882 0.118000 -0.004345
v 0.008340 0.118000 -0.003382
v 0.008682 0.118000 -0.002372
v 0.008901 0.118000 -0.001329
v 0.008996 0.118000 -0.000267
v 0.008964 0.118000 0.000799
v 0.008807 0.118000 0.001854
v 0.008526 0.118000 0.002882
v 0.008125 0.118000 0.003871
v 0.007610 0.118000 0.004804
v 0.006989 0.118000 0.005671
v 0.006269 0.118000 0.006458
v 0.005461 0.118000 0.007154
v 0.004577 0.118000 0.007749
v 0.003628 0.118000 0.008236
v 0.002629 0.118000 0.008608
v 0.001592 0.118000 0.008858
v 0.000533 0.118000 0.008984
v -0.000533 0.118000 0.008984
v -0.001592 0.118000 0.008858
v -0.002629 0.118000 0.008608
v -0.003628 0.118000 0.008236
v -0.004577 0.118000 0.007749
v -0.005461 0.118000 0.007154
v -0.006269 0.118000 0.006458
v -0.006989 0.118000 0.005671
v -0.007610 0.118000 0.004804
v -0.008125 0.118000 0.003871
v -0.008526 0.118000 0.002882
v -0.008807 0.118000 0.001854
v -0.008964 0.118000 0.000799
v -0.008996 0.118000 -0.000267
v -0.008901 0.118000 -0.001329
v -0.008682 0.118000 -0.002372
v -0.008340 0.118000 -0.003382
v -0.007882 0.118000 -0.004345
v -0.007312 0.118000 -0.005247
v -0.006640 0.118000 -0.006075
v -0.005875 0.118000 -0.006818
v -0.005028 0.118000 -0.007465
v -0.004110 0.118000 -0.008007
v -0.003134 0.118000 -0.008437
v -0.002114 0.118000 -0.008748
v -0.001064 0.118000 -0.008937
v 0.000000 0.118000 -0.000000
vn 0.9546 -0.0000 0.2978
vn 0.9183 -0.0000 0.3960
vn 0.9805 -0.0000 0.1964
vn 0.9957 -0.0000 0.0928
vn 0.9999 -0.0000 -0.0118
vn 0.9932 -0.0000 -0.1162
vn 0.9756 -0.0000 -0.2194
vn 0.9474 -0.0000 -0.3202
vn 0.9087 -0.0000 -0.4174
vn 0.8601 -0.0000 -0.5101
vn 0.8021 -0.0000 -0.5973
vn 0.7352 -0.0000 -0.6778
vn 0.6604 -0.0000 -0.7510
vn 0.5782 -0.0000 -0.8159
vn 0.4898 -0.0000 -0.8718
vn 0.3960 -0.0000 -0.9183
vn 0.2978 -0.0000 -0.9546
vn 0.1964 -0.0000 -0.9805
vn 0.0928 -0.0000 -0.9957
vn -0.0118 -0.0000 -0.9999
vn -0.1162 -0.0000 -0.9932
vn -0.2194 -0.0000 -0.9756
vn -0.3202 -0.0000 -0.9474
vn -0.4174 -0.0000 -0.9087
vn -0.5101 -0.0000 -0.8601
vn -0.5973 -0.0000 -0.8021
vn -0.6778 -0.0000 -0.7352
vn -0.7510 -0.0000 -0.6604
vn -0.7510 -0.0000 -0.6603
vn -0.8159 -0.0000 -0.5782
vn -0.8718 -0.0000 -0.4898
vn -0.9183 -0.0000 -0.3960
vn -0.9546 -0.0000 -0.2978
vn -0.9805 -0.0000 -0.1964
vn -0.9957 -0.0000 -0.0928
vn -0.9999 -0.0000 0.0118
vn -0.9932 -0.0000 0.1162
vn -0.9756 -0.0000 0.2194
vn -0.9474 -0.0000 0.3202
vn -0.9087 -0.0000 0.4174
vn -0.8601 -0.0000 0.5101
vn -0.8021 -0.0000 0.5973
vn -0.7352 -0.0000 0.6778
vn -0.6604 -0.0000 0.7510
vn -0.5782 -0.0000 0.8159
vn -0.4898 -0.0000 0.8718
vn -0.3960 -0.0000 0.9183
vn -0.2978 -0.0000 0.9546
vn -0.1964 -0.0000 0.9805
vn -0.0928 -0.0000 0.9957
vn 0.0118 -0.0000 0.9999
vn 0.1162 -0.0000 0.9932
vn 0.2194 -0.0000 0.9756
vn 0.3202 -0.0000 0.9474
vn 0.4174 -0.0000 0.9087
vn 0.5101 -0.0000 0.8601
vn 0.5973 -0.0000 0.8021
vn 0.6778 -0.0000 0.7352
vn 0.7510 -0.0000 0.6604
vn 0.7510 -0.0000 0.6603
vn 0.8159 -0.0000 0.5782
vn 0.8718 -0.0000 0.4898
vn -0.0000 -1.0000 -0.0000
vn -0.0001 -1.0000 -0.0000
vn -0.0002 -1.0000 -0.0000
vn 0.0001 -1.0000 -0.0000
vn 0.0003 -1.0000 -0.0000
vn -0.0003 -1.0000 -0.0000
vn -0.0006 -1.0000 -0.0000
vn 0.0002 -1.0000 -0.0000
vn 0.0006 -1.0000 -0.0000
vn 0.0007 -1.0000 -0.0000
vn 0.0025 -1.0000 -0.0000
vn 0.0008 -1.0000 -0.0000
vn -0.0053 -1.0000 -0.0000
vn 0.0013 -1.0000 -0.0000
vn -0.0004 -1.0000 -0.0000
vn 0.0005 -1.0000 -0.0000
vn 0.0009 -1.0000 -0.0000
vn 0.0004 -1.0000 -0.0000
vn -0.0012 -1.0000 -0.0000
vn -0.0020 -1.0000 -0.0000
vn 0.0012 -1.0000 -0.0000
vn -0.0000 1.0000 -0.0000
vn -0.0592 -0.0000 0.9982
vn -0.1769 -0.0000 0.9842
vn -0.2921 -0.0000 0.9564
vn -0.4031 -0.0000 0.9151
vn -0.5085 -0.0000 0.8610
vn -0.6068 -0.0000 0.7949
vn -0.6966 -0.0000 0.7175
vn -0.7765 -0.0000 0.6301
vn -0.8456 -0.0000 0.5338
vn -0.9028 -0.0000 0.4301
vn -0.9473 -0.0000 0.3203
vn -0.9786 -0.0000 0.2060
vn -0.9960 -0.0000 0.0888
vn -0.9996 -0.0000 -0.0296
vn -0.9890 -0.0000 -0.1476
vn -0.9646 -0.0000 -0.2636
vn -0.9267 -0.0000 -0.3758
vn -0.8757 -0.0000 -0.4828
vn -0.8125 -0.0000 -0.5830
vn -0.7378 -0.0000 -0.6750
vn -0.6528 -0.0000 -0.7575
vn -0.5586 -0.0000 -0.8294
vn -0.4566 -0.0000 -0.8897
vn -0.3482 -0.0000 -0.9374
vn -0.2349 -0.0000 -0.9720
vn -0.1183 -0.0000 -0.9930
vn -0.0000 -0.0000 -1.0000
vn 0.1183 -0.0000 -0.9930
vn 0.2349 -0.0000 -0.9720
vn 0.3482 -0.0000 -0.9374
vn 0.4566 -0.0000 -0.8897
vn 0.5586 -0.0000 -0.8294
vn 0.6528 -0.0000 -0.7575
vn 0.7378 -0.0000 -0.6750
vn 0.8125 -0.0000 -0.5830
vn 0.8757 -0.0000 -0.4828
vn 0.9267 -0.0000 -0.3758
vn 0.9646 -0.0000 -0.2636
vn 0.9890 -0.0000 -0.1476
vn 0.9996 -0.0000 -0.0296
vn 0.9960 -0.0000 0.0888
vn 0.9786 -0.0000 0.2060
vn 0.9473 -0.0000 0.3203
vn 0.9028 -0.0000 0.4301
vn 0.8456 -0.0000 0.5338
vn 0.7765 -0.0000 0.6301
vn 0.6966 -0.0000 0.7175
vn 0.6068 -0.0000 0.7949
vn 0.5085 -0.0000 0.8610
vn 0.4031 -0.0000 0.9151
vn 0.2921 -0.0000 0.9564
vn 0.1769 -0.0000 0.9842
vn 0.0592 -0.0000 0.9982
vn -0.3539 -0.0000 0.9353
vn -0.1874 -0.0000 0.9823
vn -0.0152 -0.0000 0.9999
vn 0.1575 -0.0000 0.9875
vn 0.3254 -0.0000 0.9456
vn 0.4836 -0.0000 0.8753
vn 0.6273 -0.0000 0.7788
vn 0.7522 -0.0000 0.6590
vn 0.8545 -0.0000 0.5194
vn 0.9313 -0.0000 0.3643
vn 0.9802 -0.0000 0.1982
vn 0.9997 -0.0000 0.0262
vn 0.9892 -0.0000 -0.1465
vn 0.9491 -0.0000 -0.3149
vn 0.8806 -0.0000 -0.4739
vn 0.7857 -0.0000 -0.6186
vn 0.6673 -0.0000 -0.7448
vn 0.6672 -0.0000 -0.7448
vn 0.5288 -0.0000 -0.8487
vn -0.4498 -0.0000 0.8931
vn -0.2890 -0.0000 0.9573
vn -0.1196 -0.0000 0.9928
vn 0.0534 -0.0000 0.9986
vn 0.2248 -0.0000 0.9744
vn 0.3894 -0.0000 0.9211
vn 0.5424 -0.0000 0.8401
vn 0.6792 -0.0000 0.7340
vn 0.7956 -0.0000 0.6059
vn 0.8881 -0.0000 0.4596
vn 0.9541 -0.0000 0.2996
vn 0.9914 -0.0000 0.1306
vn 0.9991 -0.0000 -0.0424
vn 0.9991 -0.0000 -0.0423
vn 0.9768 -0.0000 -0.2140
vn 0.9253 -0.0000 -0.3792
vn 0.8460 -0.0000 -0.5331
vn 0.7415 -0.0000 -0.6710
vn 0.6146 -0.0000 -0.7888
vn -0.5406 -0.0000 0.8412
vn -0.3875 -0.0000 0.9219
vn -0.2227 -0.0000 0.9749
vn -0.0513 -0.0000 0.9987
vn 0.1217 -0.0000 0.9926
vn 0.2910 -0.0000 0.9567
vn 0.4517 -0.0000 0.8922
vn 0.4516 -0.0000 0.8922
vn 0.5987 -0.0000 0.8009
vn 0.7279 -0.0000 0.6857
vn 0.8352 -0.0000 0.5499
vn 0.9175 -0.0000 0.3977
vn 0.9724 -0.0000 0.2335
vn 0.9981 -0.0000 0.0623
vn 0.9939 -0.0000 -0.1107
vn 0.9599 -0.0000 -0.2804
vn 0.9599 -0.0000 -0.2805
vn 0.8971 -0.0000 -0.4418
vn 0.8075 -0.0000 -0.5899
vn 0.8075 -0.0000 -0.5898
vn 0.6938 -0.0000 -0.7202
vn 0.6937 -0.0000 -0.7202
vn -0.6256 -0.0000 0.7801
vn -0.4817 -0.0000 0.8763
vn -0.3234 -0.0000 0.9463
vn -0.1554 -0.0000 0.9879
vn 0.0173 -0.0000 0.9999
vn 0.1894 -0.0000 0.9819
vn 0.3559 -0.0000 0.9345
vn 0.5118 -0.0000 0.8591
vn 0.5117 -0.0000 0.8592
vn 0.6522 -0.0000 0.7580
vn 0.6522 -0.0000 0.7581
vn 0.7732 -0.0000 0.6342
vn 0.8709 -0.0000 0.4914
vn 0.9426 -0.0000 0.3339
vn 0.9426 -0.0000 0.3338
vn 0.9861 -0.0000 0.1663
vn 1.0000 -0.0000 -0.0062
vn 0.9839 -0.0000 -0.1785
vn 0.9839 -0.0000 -0.1786
vn 0.9384 -0.0000 -0.3455
vn 0.9384 -0.0000 -0.3456
vn 0.8648 -0.0000 -0.5022
vn 0.7652 -0.0000 -0.6438
vn -0.7037 -0.0000 0.7105
vn -0.5707 -0.0000 0.8212
vn -0.4205 -0.0000 0.9073
vn -0.2578 -0.0000 0.9662
vn -0.0873 -0.0000 0.9962
vn 0.0858 -0.0000 0.9963
vn 0.2563 -0.0000 0.9666
vn 0.4191 -0.0000 0.9079
vn 0.5694 -0.0000 0.8221
vn 0.7026 -0.0000 0.7116
vn 0.7026 -0.0000 0.7115
vn 0.8148 -0.0000 0.5797
vn 0.9026 -0.0000 0.4305
vn 0.9633 -0.0000 0.2685
vn 0.9952 -0.0000 0.0983
vn 0.9952 -0.0000 0.0984
vn 0.9972 -0.0000 -0.0748
vn 0.9694 -0.0000 -0.2456
vn 0.9125 -0.0000 -0.4091
vn 0.9125 -0.0000 -0.4090
vn 0.8283 -0.0000 -0.5603
vn -0.7742 -0.0000 0.6330
vn -0.6534 -0.0000 0.7570
vn -0.5131 -0.0000 0.8583
vn -0.3574 -0.0000 0.9340
vn -0.1910 -0.0000 0.9816
vn -0.0188 -0.0000 0.9998
vn 0.1538 -0.0000 0.9881
vn 0.3219 -0.0000 0.9468
vn 0.4803 -0.0000 0.8771
vn 0.6244 -0.0000 0.7811
vn 0.7497 -0.0000 0.6617
vn 0.8526 -0.0000 0.5225
vn 0.9300 -0.0000 0.3677
vn 0.9299 -0.0000 0.3677
vn 0.9794 -0.0000 0.2018
vn 0.9996 -0.0000 0.0299
vn 0.9897 -0.0000 -0.1429
vn 0.9503 -0.0000 -0.3114
vn 0.8823 -0.0000 -0.4706
vn -0.8361 -0.0000 0.5486
vn -0.7289 -0.0000 0.6846
vn -0.7290 -0.0000 0.6846
vn -0.6000 -0.0000 0.8000
vn -0.4530 -0.0000 0.8915
vn -0.2926 -0.0000 0.9562
vn -0.1232 -0.0000 0.9924
vn 0.0497 -0.0000 0.9988
vn 0.2212 -0.0000 0.9752
vn 0.3860 -0.0000 0.9225
vn 0.5393 -0.0000 0.8421
vn 0.5394 -0.0000 0.8421
vn 0.6764 -0.0000 0.7365
vn 0.6765 -0.0000 0.7365
vn 0.7933 -0.0000 0.6088
vn 0.8864 -0.0000 0.4629
vn 0.9530 -0.0000 0.3031
vn 0.9910 -0.0000 0.1342
vn 0.9993 -0.0000 -0.0386
vn 0.9993 -0.0000 -0.0387
vn 0.9776 -0.0000 -0.2104
vn -0.8888 -0.0000 0.4582
vn -0.8889 -0.0000 0.4582
vn -0.7965 -0.0000 0.6046
vn -0.6803 -0.0000 0.7329
vn -0.5437 -0.0000 0.8393
vn -0.3909 -0.0000 0.9204
vn -0.2263 -0.0000 0.9741
vn -0.0550 -0.0000 0.9985
vn 0.1180 -0.0000 0.9930
vn 0.2875 -0.0000 0.9578
vn 0.4484 -0.0000 0.8939
vn 0.4483 -0.0000 0.8939
vn 0.5958 -0.0000 0.8031
vn 0.5958 -0.0000 0.8032
vn 0.7253 -0.0000 0.6884
vn 0.8332 -0.0000 0.5530
vn 0.9161 -0.0000 0.4010
vn 0.9715 -0.0000 0.2371
vn 0.9978 -0.0000 0.0660
vn 0.9943 -0.0000 -0.1071
vn 0.9609 -0.0000 -0.2769
vn -0.9319 -0.0000 0.3628
vn -0.8554 -0.0000 0.5180
vn -0.8553 -0.0000 0.5181
vn -0.7532 -0.0000 0.6578
vn -0.6285 -0.0000 0.7778
vn -0.4850 -0.0000 0.8745
vn -0.3269 -0.0000 0.9451
vn -0.1590 -0.0000 0.9873
vn 0.0136 -0.0000 0.9999
vn 0.1858 -0.0000 0.9826
vn 0.3525 -0.0000 0.9358
vn 0.5086 -0.0000 0.8610
vn 0.6494 -0.0000 0.7604
vn 0.7708 -0.0000 0.6371
vn 0.8691 -0.0000 0.4946
vn 0.9414 -0.0000 0.3373
vn 0.9855 -0.0000 0.1699
vn 1.0000 -0.0000 -0.0025
vn 0.9846 -0.0000 -0.1749
vn -0.9647 -0.0000 0.2634
vn -0.9048 -0.0000 0.4258
vn -0.8178 -0.0000 0.5755
vn -0.8178 -0.0000 0.5754
vn -0.7064 -0.0000 0.7078
vn -0.5737 -0.0000 0.8191
vn -0.4239 -0.0000 0.9057
vn -0.2613 -0.0000 0.9652
vn -0.0910 -0.0000 0.9959
vn 0.0821 -0.0000 0.9966
vn 0.2527 -0.0000 0.9675
vn 0.4158 -0.0000 0.9095
vn 0.5664 -0.0000 0.8241
vn 0.7000 -0.0000 0.7142
vn 0.7000 -0.0000 0.7141
vn 0.8127 -0.0000 0.5827
vn 0.9010 -0.0000 0.4339
vn 0.9623 -0.0000 0.2720
vn 0.9948 -0.0000 0.1020
vn 0.9975 -0.0000 -0.0711
vn -0.9869 -0.0000 0.1611
vn -0.9444 -0.0000 0.3289
vn -0.8735 -0.0000 0.4868
vn -0.6562 -0.0000 0.7546
vn -0.5162 -0.0000 0.8564
vn -0.3608 -0.0000 0.9326
vn -0.1946 -0.0000 0.9809
vn -0.0225 -0.0000 0.9997
vn 0.1502 -0.0000 0.9887
vn 0.3184 -0.0000 0.9479
vn 0.4771 -0.0000 0.8788
vn 0.6215 -0.0000 0.7834
vn 0.7473 -0.0000 0.6645
vn 0.8507 -0.0000 0.5257
vn 0.9286 -0.0000 0.3711
vn 0.9787 -0.0000 0.2054
vn 0.9994 -0.0000 0.0336
vn -0.9984 -0.0000 0.0571
vn -0.9736 -0.0000 0.2284
vn -0.9196 -0.0000 0.3928
vn -0.8381 -0.0000 0.5455
vn -0.7315 -0.0000 0.6819
vn -0.6029 -0.0000 0.7978
vn -0.4563 -0.0000 0.8898
vn -0.2961 -0.0000 0.9552
vn -0.1269 -0.0000 0.9919
vn 0.0460 -0.0000 0.9989
vn 0.2176 -0.0000 0.9760
vn 0.3826 -0.0000 0.9239
vn 0.5362 -0.0000 0.8441
vn 0.6738 -0.0000 0.7390
vn 0.7911 -0.0000 0.6117
vn 0.8847 -0.0000 0.4661
vn 0.9518 -0.0000 0.3066
vn 0.9904 -0.0000 0.1379
vn -0.9989 -0.0000 -0.0476
vn -0.9921 -0.0000 0.1254
vn -0.9556 -0.0000 0.2946
vn -0.8905 -0.0000 0.4549
vn -0.7987 -0.0000 0.6017
vn -0.6830 -0.0000 0.7304
vn -0.5468 -0.0000 0.8372
vn -0.3943 -0.0000 0.9190
vn -0.2299 -0.0000 0.9732
vn -0.0586 -0.0000 0.9983
vn 0.1144 -0.0000 0.9934
vn 0.2840 -0.0000 0.9588
vn 0.4451 -0.0000 0.8955
vn 0.5928 -0.0000 0.8054
vn 0.7228 -0.0000 0.6911
vn 0.7228 -0.0000 0.6910
vn 0.8311 -0.0000 0.5561
vn 0.9146 -0.0000 0.4044
vn 0.9706 -0.0000 0.2407
vn 0.9706 -0.0000 0.2406
vn -0.9884 -0.0000 -0.1517
vn -0.9998 -0.0000 0.0210
vn -0.9812 -0.0000 0.1931
vn -0.9812 -0.0000 0.1930
vn -0.9332 -0.0000 0.3594
vn -0.8573 -0.0000 0.5149
vn -0.7556 -0.0000 0.6550
vn -0.6314 -0.0000 0.7755
vn -0.4882 -0.0000 0.8727
vn -0.3304 -0.0000 0.9439
vn -0.1627 -0.0000 0.9867
vn 0.0099 -0.0000 1.0000
vn 0.1822 -0.0000 0.9833
vn 0.3490 -0.0000 0.9371
vn 0.5054 -0.0000 0.8629
vn 0.6466 -0.0000 0.7628
vn 0.7685 -0.0000 0.6399
vn 0.8673 -0.0000 0.4978
vn 0.9401 -0.0000 0.3408
vn -0.9671 -0.0000 -0.2542
vn -0.9965 -0.0000 -0.0836
vn -0.9965 -0.0000 -0.0837
vn -0.9960 -0.0000 0.0894
vn -0.9657 -0.0000 0.2598
vn -0.9064 -0.0000 0.4225
vn -0.8200 -0.0000 0.5724
vn -0.7090 -0.0000 0.7052
vn -0.7090 -0.0000 0.7053
vn -0.5767 -0.0000 0.8169
vn -0.4272 -0.0000 0.9042
vn -0.2649 -0.0000 0.9643
vn -0.0947 -0.0000 0.9955
vn 0.0784 -0.0000 0.9969
vn 0.2491 -0.0000 0.9685
vn 0.4124 -0.0000 0.9110
vn 0.5633 -0.0000 0.8262
vn 0.6974 -0.0000 0.7167
vn 0.8105 -0.0000 0.5857
vn 0.8994 -0.0000 0.4372
vn -0.9353 -0.0000 -0.3539
vn -0.9823 -0.0000 -0.1874
vn -0.9999 -0.0000 -0.0152
vn -0.9875 -0.0000 0.1575
vn -0.9456 -0.0000 0.3254
vn -0.8753 -0.0000 0.4836
vn -0.7788 -0.0000 0.6273
vn -0.6590 -0.0000 0.7522
vn -0.5194 -0.0000 0.8545
vn -0.3643 -0.0000 0.9313
vn -0.1982 -0.0000 0.9802
vn -0.0262 -0.0000 0.9997
vn 0.1465 -0.0000 0.9892
vn 0.3149 -0.0000 0.9491
vn 0.4739 -0.0000 0.8806
vn 0.6186 -0.0000 0.7857
vn 0.7448 -0.0000 0.6672
vn 0.8487 -0.0000 0.5288
vn -0.8932 -0.0000 -0.4498
vn -0.8931 -0.0000 -0.4498
vn -0.9573 -0.0000 -0.2890
vn -0.9928 -0.0000 -0.1196
vn -0.9986 -0.0000 0.0534
vn -0.9744 -0.0000 0.2248
vn -0.9210 -0.0000 0.3894
vn -0.9211 -0.0000 0.3894
vn -0.8401 -0.0000 0.5424
vn -0.7340 -0.0000 0.6792
vn -0.6059 -0.0000 0.7956
vn -0.4596 -0.0000 0.8881
vn -0.2996 -0.0000 0.9541
vn -0.1306 -0.0000 0.9914
vn 0.0424 -0.0000 0.9991
vn 0.2140 -0.0000 0.9768
vn 0.3792 -0.0000 0.9253
vn 0.5331 -0.0000 0.8460
vn 0.6710 -0.0000 0.7415
vn 0.7888 -0.0000 0.6146
vn -0.8412 -0.0000 -0.5407
vn -0.8413 -0.0000 -0.5406
vn -0.9219 -0.0000 -0.3875
vn -0.9749 -0.0000 -0.2227
vn -0.9987 -0.0000 -0.0513
vn -0.9926 -0.0000 0.1217
vn -0.9567 -0.0000 0.2910
vn -0.8922 -0.0000 0.4516
vn -0.8922 -0.0000 0.4517
vn -0.8010 -0.0000 0.5987
vn -0.8009 -0.0000 0.5987
vn -0.6857 -0.0000 0.7279
vn -0.5499 -0.0000 0.8352
vn -0.3977 -0.0000 0.9175
vn -0.2335 -0.0000 0.9724
vn -0.0623 -0.0000 0.9981
vn 0.1107 -0.0000 0.9939
vn 0.2804 -0.0000 0.9599
vn 0.4417 -0.0000 0.8971
vn 0.5899 -0.0000 0.8075
vn 0.7202 -0.0000 0.6937
vn -0.7801 -0.0000 -0.6256
vn -0.8763 -0.0000 -0.4817
vn -0.9463 -0.0000 -0.3234
vn -0.9879 -0.0000 -0.1554
vn -0.9999 -0.0000 0.0173
vn -0.9819 -0.0000 0.1894
vn -0.9345 -0.0000 0.3559
vn -0.8591 -0.0000 0.5117
vn -0.7580 -0.0000 0.6522
vn -0.6342 -0.0000 0.7732
vn -0.4914 -0.0000 0.8709
vn -0.3339 -0.0000 0.9426
vn -0.1663 -0.0000 0.9861
vn 0.0062 -0.0000 1.0000
vn 0.1786 -0.0000 0.9839
vn 0.3456 -0.0000 0.9384
vn 0.5022 -0.0000 0.8647
vn 0.5022 -0.0000 0.8648
vn 0.6438 -0.0000 0.7652
vn -0.7104 -0.0000 -0.7038
vn -0.7105 -0.0000 -0.7037
vn -0.8212 -0.0000 -0.5707
vn -0.8211 -0.0000 -0.5707
vn -0.9073 -0.0000 -0.4205
vn -0.9662 -0.0000 -0.2578
vn -0.9962 -0.0000 -0.0873
vn -0.9962 -0.0000 -0.0874
vn -0.9963 -0.0000 0.0858
vn -0.9666 -0.0000 0.2563
vn -0.9666 -0.0000 0.2562
vn -0.9079 -0.0000 0.4191
vn -0.8221 -0.0000 0.5694
vn -0.7115 -0.0000 0.7026
vn -0.7116 -0.0000 0.7026
vn -0.5797 -0.0000 0.8148
vn -0.4306 -0.0000 0.9026
vn -0.2685 -0.0000 0.9633
vn -0.0983 -0.0000 0.9952
vn 0.0747 -0.0000 0.9972
vn 0.2456 -0.0000 0.9694
vn 0.4091 -0.0000 0.9125
vn 0.5603 -0.0000 0.8283
vn -0.6330 -0.0000 -0.7742
vn -0.7570 -0.0000 -0.6534
vn -0.8583 -0.0000 -0.5131
vn -0.9340 -0.0000 -0.3574
vn -0.9816 -0.0000 -0.1910
vn -0.9998 -0.0000 -0.0189
vn -0.9998 -0.0000 -0.0188
vn -0.9881 -0.0000 0.1538
vn -0.9881 -0.0000 0.1539
vn -0.9468 -0.0000 0.3219
vn -0.8771 -0.0000 0.4804
vn -0.8771 -0.0000 0.4803
vn -0.7811 -0.0000 0.6244
vn -0.6617 -0.0000 0.7497
vn -0.5226 -0.0000 0.8526
vn -0.5225 -0.0000 0.8526
vn -0.3677 -0.0000 0.9300
vn -0.3677 -0.0000 0.9299
vn -0.2018 -0.0000 0.9794
vn -0.0299 -0.0000 0.9996
vn 0.1429 -0.0000 0.9897
vn 0.3114 -0.0000 0.9503
vn 0.4706 -0.0000 0.8823
vn -0.5486 -0.0000 -0.8361
vn -0.6846 -0.0000 -0.7289
vn -0.6846 -0.0000 -0.7290
vn -0.8000 -0.0000 -0.6000
vn -0.8915 -0.0000 -0.4531
vn -0.8915 -0.0000 -0.4530
vn -0.9562 -0.0000 -0.2926
vn -0.9563 -0.0000 -0.2925
vn -0.9924 -0.0000 -0.1232
vn -0.9988 -0.0000 0.0497
vn -0.9752 -0.0000 0.2212
vn -0.9225 -0.0000 0.3860
vn -0.8421 -0.0000 0.5393
vn -0.8421 -0.0000 0.5394
vn -0.7365 -0.0000 0.6765
vn -0.7365 -0.0000 0.6764
vn -0.6088 -0.0000 0.7933
vn -0.4629 -0.0000 0.8864
vn -0.3031 -0.0000 0.9530
vn -0.1342 -0.0000 0.9910
vn 0.0387 -0.0000 0.9993
vn 0.2104 -0.0000 0.9776
vn 0.3758 -0.0000 0.9267
vn -0.4582 -0.0000 -0.8888
vn -0.6046 -0.0000 -0.7965
vn -0.7329 -0.0000 -0.6803
vn -0.8392 -0.0000 -0.5438
vn -0.8393 -0.0000 -0.5437
vn -0.9204 -0.0000 -0.3909
vn -0.9741 -0.0000 -0.2263
vn -0.9985 -0.0000 -0.0549
vn -0.9985 -0.0000 -0.0550
vn -0.9930 -0.0000 0.1180
vn -0.9578 -0.0000 0.2875
vn -0.8939 -0.0000 0.4483
vn -0.8938 -0.0000 0.4484
vn -0.8032 -0.0000 0.5958
vn -0.8031 -0.0000 0.5958
vn -0.6884 -0.0000 0.7253
vn -0.5530 -0.0000 0.8332
vn -0.4010 -0.0000 0.9161
vn -0.2371 -0.0000 0.9715
vn -0.0660 -0.0000 0.9978
vn 0.1071 -0.0000 0.9943
vn 0.2769 -0.0000 0.9609
vn -0.3628 -0.0000 -0.9319
vn -0.5181 -0.0000 -0.8553
vn -0.5180 -0.0000 -0.8554
vn -0.6578 -0.0000 -0.7532
vn -0.7778 -0.0000 -0.6285
vn -0.8745 -0.0000 -0.4850
vn -0.8745 -0.0000 -0.4849
vn -0.9451 -0.0000 -0.3269
vn -0.9873 -0.0000 -0.1590
vn -0.9999 -0.0000 0.0136
vn -0.9826 -0.0000 0.1858
vn -0.9826 -0.0000 0.1859
vn -0.9358 -0.0000 0.3524
vn -0.9358 -0.0000 0.3525
vn -0.8610 -0.0000 0.5086
vn -0.7604 -0.0000 0.6494
vn -0.6371 -0.0000 0.7708
vn -0.4946 -0.0000 0.8691
vn -0.3373 -0.0000 0.9414
vn -0.1699 -0.0000 0.9855
vn 0.0025 -0.0000 1.0000
vn 0.1749 -0.0000 0.9846
vn -0.2634 -0.0000 -0.9647
vn -0.4258 -0.0000 -0.9048
vn -0.5754 -0.0000 -0.8178
vn -0.7079 -0.0000 -0.7063
vn -0.7078 -0.0000 -0.7064
vn -0.8190 -0.0000 -0.5737
vn -0.8191 -0.0000 -0.5737
vn -0.9057 -0.0000 -0.4239
vn -0.9652 -0.0000 -0.2613
vn -0.9959 -0.0000 -0.0910
vn -0.9958 -0.0000 -0.0910
vn -0.9966 -0.0000 0.0821
vn -0.9675 -0.0000 0.2527
vn -0.9095 -0.0000 0.4158
vn -0.8241 -0.0000 0.5664
vn -0.7142 -0.0000 0.7000
vn -0.7141 -0.0000 0.7000
vn -0.5827 -0.0000 0.8127
vn -0.5828 -0.0000 0.8126
vn -0.4339 -0.0000 0.9010
vn -0.2720 -0.0000 0.9623
vn -0.1020 -0.0000 0.9948
vn 0.0711 -0.0000 0.9975
vn -0.1611 -0.0000 -0.9869
vn -0.3289 -0.0000 -0.9444
vn -0.4868 -0.0000 -0.8735
vn -0.6301 -0.0000 -0.7765
vn -0.7546 -0.0000 -0.6562
vn -0.8564 -0.0000 -0.5163
vn -0.8564 -0.0000 -0.5162
vn -0.9326 -0.0000 -0.3608
vn -0.9809 -0.0000 -0.1946
vn -0.9997 -0.0000 -0.0225
vn -0.9997 -0.0000 -0.0226
vn -0.9887 -0.0000 0.1502
vn -0.9480 -0.0000 0.3184
vn -0.9479 -0.0000 0.3184
vn -0.8788 -0.0000 0.4771
vn -0.7834 -0.0000 0.6215
vn -0.6645 -0.0000 0.7473
vn -0.5257 -0.0000 0.8507
vn -0.3711 -0.0000 0.9286
vn -0.2054 -0.0000 0.9787
vn -0.0336 -0.0000 0.9994
vn -0.0571 -0.0000 -0.9984
vn -0.2284 -0.0000 -0.9736
vn -0.3928 -0.0000 -0.9196
vn -0.5455 -0.0000 -0.8381
vn -0.6819 -0.0000 -0.7315
vn -0.7978 -0.0000 -0.6029
vn -0.8898 -0.0000 -0.4563
vn -0.9552 -0.0000 -0.2961
vn -0.9919 -0.0000 -0.1269
vn -0.9989 -0.0000 0.0461
vn -0.9989 -0.0000 0.0460
vn -0.9760 -0.0000 0.2175
vn -0.9760 -0.0000 0.2176
vn -0.9239 -0.0000 0.3826
vn -0.8441 -0.0000 0.5362
vn -0.7390 -0.0000 0.6737
vn -0.7390 -0.0000 0.6738
vn -0.6117 -0.0000 0.7911
vn -0.4661 -0.0000 0.8847
vn -0.4662 -0.0000 0.8847
vn -0.3066 -0.0000 0.9518
vn -0.1379 -0.0000 0.9904
vn 0.0476 -0.0000 -0.9989
vn -0.1254 -0.0000 -0.9921
vn -0.2946 -0.0000 -0.9556
vn -0.4549 -0.0000 -0.8905
vn -0.6017 -0.0000 -0.7987
vn -0.7304 -0.0000 -0.6830
vn -0.8372 -0.0000 -0.5468
vn -0.9190 -0.0000 -0.3943
vn -0.9732 -0.0000 -0.2299
vn -0.9983 -0.0000 -0.0587
vn -0.9983 -0.0000 -0.0586
vn -0.9934 -0.0000 0.1144
vn -0.9588 -0.0000 0.2839
vn -0.9588 -0.0000 0.2840
vn -0.8955 -0.0000 0.4451
vn -0.8053 -0.0000 0.5928
vn -0.8054 -0.0000 0.5928
vn -0.6911 -0.0000 0.7228
vn -0.5561 -0.0000 0.8311
vn -0.5560 -0.0000 0.8311
vn -0.4044 -0.0000 0.9146
vn -0.2407 -0.0000 0.9706
vn -0.2406 -0.0000 0.9706
vn 0.1517 -0.0000 -0.9884
vn -0.0210 -0.0000 -0.9998
vn -0.1930 -0.0000 -0.9812
vn -0.1931 -0.0000 -0.9812
vn -0.3594 -0.0000 -0.9332
vn -0.5149 -0.0000 -0.8573
vn -0.6550 -0.0000 -0.7556
vn -0.7755 -0.0000 -0.6313
vn -0.7755 -0.0000 -0.6314
vn -0.8727 -0.0000 -0.4882
vn -0.9439 -0.0000 -0.3303
vn -0.9438 -0.0000 -0.3304
vn -0.9867 -0.0000 -0.1627
vn -1.0000 -0.0000 0.0099
vn -0.9833 -0.0000 0.1822
vn -0.9371 -0.0000 0.3490
vn -0.8629 -0.0000 0.5054
vn -0.7628 -0.0000 0.6466
vn -0.6399 -0.0000 0.7685
vn -0.4978 -0.0000 0.8673
vn -0.3408 -0.0000 0.9401
vn 0.2542 -0.0000 -0.9671
vn 0.0837 -0.0000 -0.9965
vn -0.0894 -0.0000 -0.9960
vn -0.2598 -0.0000 -0.9657
vn -0.4225 -0.0000 -0.9064
vn -0.5724 -0.0000 -0.8200
vn -0.7053 -0.0000 -0.7089
vn -0.7052 -0.0000 -0.7090
vn -0.8169 -0.0000 -0.5768
vn -0.8169 -0.0000 -0.5767
vn -0.9042 -0.0000 -0.4272
vn -0.9643 -0.0000 -0.2649
vn -0.9955 -0.0000 -0.0947
vn -0.9969 -0.0000 0.0784
vn -0.9685 -0.0000 0.2491
vn -0.9110 -0.0000 0.4124
vn -0.9110 -0.0000 0.4125
vn -0.8262 -0.0000 0.5633
vn -0.7167 -0.0000 0.6974
vn -0.7167 -0.0000 0.6973
vn -0.5857 -0.0000 0.8105
vn -0.4372 -0.0000 0.8994
vn 0.3539 -0.0000 -0.9353
vn 0.1874 -0.0000 -0.9823
vn 0.0152 -0.0000 -0.9999
vn -0.1575 -0.0000 -0.9875
vn -0.3254 -0.0000 -0.9456
vn -0.4836 -0.0000 -0.8753
vn -0.6273 -0.0000 -0.7788
vn -0.7522 -0.0000 -0.6590
vn -0.8545 -0.0000 -0.5194
vn -0.9313 -0.0000 -0.3643
vn -0.9802 -0.0000 -0.1982
vn -0.9997 -0.0000 -0.0262
vn -0.9892 -0.0000 0.1465
vn -0.9491 -0.0000 0.3149
vn -0.8806 -0.0000 0.4739
vn -0.7857 -0.0000 0.6186
vn -0.6673 -0.0000 0.7448
vn -0.6672 -0.0000 0.7448
vn -0.5288 -0.0000 0.8487
vn 0.4498 -0.0000 -0.8931
vn 0.2890 -0.0000 -0.9573
vn 0.1196 -0.0000 -0.9928
vn -0.0534 -0.0000 -0.9986
vn -0.2248 -0.0000 -0.9744
vn -0.3894 -0.0000 -0.9211
vn -0.5424 -0.0000 -0.8401
vn -0.6792 -0.0000 -0.7340
vn -0.7956 -0.0000 -0.6059
vn -0.8881 -0.0000 -0.4596
vn -0.9541 -0.0000 -0.2996
vn -0.9914 -0.0000 -0.1306
vn -0.9991 -0.0000 0.0424
vn -0.9991 -0.0000 0.0423
vn -0.9768 -0.0000 0.2140
vn -0.9253 -0.0000 0.3792
vn -0.8460 -0.0000 0.5331
vn -0.7415 -0.0000 0.6710
vn -0.6146 -0.0000 0.7888
vn 0.5406 -0.0000 -0.8412
vn 0.3875 -0.0000 -0.9219
vn 0.2227 -0.0000 -0.9749
vn 0.0513 -0.0000 -0.9987
vn -0.1217 -0.0000 -0.9926
vn -0.2910 -0.0000 -0.9567
vn -0.4517 -0.0000 -0.8922
vn -0.4516 -0.0000 -0.8922
vn -0.5987 -0.0000 -0.8009
vn -0.7279 -0.0000 -0.6857
vn -0.8352 -0.0000 -0.5499
vn -0.9175 -0.0000 -0.3977
vn -0.9724 -0.0000 -0.2335
vn -0.9981 -0.0000 -0.0623
vn -0.9939 -0.0000 0.1107
vn -0.9599 -0.0000 0.2804
vn -0.9599 -0.0000 0.2805
vn -0.8971 -0.0000 0.4418
vn -0.8075 -0.0000 0.5899
vn -0.8075 -0.0000 0.5898
vn -0.6938 -0.0000 0.7202
vn -0.6937 -0.0000 0.7202
vn 0.6256 -0.0000 -0.7801
vn 0.4817 -0.0000 -0.8763
vn 0.3234 -0.0000 -0.9463
vn 0.1554 -0.0000 -0.9879
vn -0.0173 -0.0000 -0.9999
vn -0.1894 -0.0000 -0.9819
vn -0.3559 -0.0000 -0.9345
vn -0.5118 -0.0000 -0.8591
vn -0.5117 -0.0000 -0.8592
vn -0.6522 -0.0000 -0.7580
vn -0.6522 -0.0000 -0.7581
vn -0.7732 -0.0000 -0.6342
vn -0.8709 -0.0000 -0.4914
vn -0.9426 -0.0000 -0.3339
vn -0.9861 -0.0000 -0.1663
vn -1.0000 -0.0000 0.0062
vn -0.9839 -0.0000 0.1785
vn -0.9839 -0.0000 0.1786
vn -0.9384 -0.0000 0.3455
vn -0.9384 -0.0000 0.3456
vn -0.8648 -0.0000 0.5022
vn -0.7652 -0.0000 0.6438
vn 0.7037 -0.0000 -0.7105
vn 0.5707 -0.0000 -0.8212
vn 0.4205 -0.0000 -0.9073
vn 0.2578 -0.0000 -0.9662
vn 0.0873 -0.0000 -0.9962
vn -0.0858 -0.0000 -0.9963
vn -0.2563 -0.0000 -0.9666
vn -0.4191 -0.0000 -0.9079
vn -0.5694 -0.0000 -0.8221
vn -0.7026 -0.0000 -0.7116
vn -0.7026 -0.0000 -0.7115
vn -0.8148 -0.0000 -0.5797
vn -0.9026 -0.0000 -0.4305
vn -0.9633 -0.0000 -0.2685
vn -0.9952 -0.0000 -0.0983
vn -0.9952 -0.0000 -0.0984
vn -0.9972 -0.0000 0.0748
vn -0.9694 -0.0000 0.2456
vn -0.9125 -0.0000 0.4091
vn -0.9125 -0.0000 0.4090
vn -0.8283 -0.0000 0.5603
vn 0.7742 -0.0000 -0.6330
vn 0.6534 -0.0000 -0.7570
vn 0.5131 -0.0000 -0.8583
vn 0.3574 -0.0000 -0.9340
vn 0.1910 -0.0000 -0.9816
vn 0.0188 -0.0000 -0.9998
vn -0.1538 -0.0000 -0.9881
vn -0.3219 -0.0000 -0.9468
vn -0.4803 -0.0000 -0.8771
vn -0.6244 -0.0000 -0.7811
vn -0.7497 -0.0000 -0.6617
vn -0.8526 -0.0000 -0.5225
vn -0.9300 -0.0000 -0.3677
vn -0.9299 -0.0000 -0.3677
vn -0.9794 -0.0000 -0.2018
vn -0.9996 -0.0000 -0.0299
vn -0.9897 -0.0000 0.1429
vn -0.9503 -0.0000 0.3114
vn -0.8823 -0.0000 0.4706
vn 0.8361 -0.0000 -0.5486
vn 0.7289 -0.0000 -0.6846
vn 0.7290 -0.0000 -0.6846
vn 0.6000 -0.0000 -0.8000
vn 0.4530 -0.0000 -0.8915
vn 0.2926 -0.0000 -0.9562
vn 0.1232 -0.0000 -0.9924
vn -0.0497 -0.0000 -0.9988
vn -0.2212 -0.0000 -0.9752
vn -0.3860 -0.0000 -0.9225
vn -0.5393 -0.0000 -0.8421
vn -0.5394 -0.0000 -0.8421
vn -0.6764 -0.0000 -0.7365
vn -0.6765 -0.0000 -0.7365
vn -0.7933 -0.0000 -0.6088
vn -0.8864 -0.0000 -0.4629
vn -0.9530 -0.0000 -0.3031
vn -0.9910 -0.0000 -0.1342
vn -0.9993 -0.0000 0.0386
vn -0.9993 -0.0000 0.0387
vn -0.9776 -0.0000 0.2104
vn -0.9267 -0.0000 0.3758
vn 0.8888 -0.0000 -0.4582
vn 0.8889 -0.0000 -0.4582
vn 0.7965 -0.0000 -0.6046
vn 0.6803 -0.0000 -0.7329
vn 0.5437 -0.0000 -0.8393
vn 0.3909 -0.0000 -0.9204
vn 0.2263 -0.0000 -0.9741
vn 0.0550 -0.0000 -0.9985
vn -0.1180 -0.0000 -0.9930
vn -0.2875 -0.0000 -0.9578
vn -0.4484 -0.0000 -0.8939
vn -0.4483 -0.0000 -0.8939
vn -0.5958 -0.0000 -0.8031
vn -0.5958 -0.0000 -0.8032
vn -0.7253 -0.0000 -0.6884
vn -0.8332 -0.0000 -0.5530
vn -0.9161 -0.0000 -0.4010
vn -0.9715 -0.0000 -0.2371
vn -0.9978 -0.0000 -0.0660
vn -0.9943 -0.0000 0.1071
vn -0.9609 -0.0000 0.2769
vn 0.9319 -0.0000 -0.3628
vn 0.8554 -0.0000 -0.5180
vn 0.8553 -0.0000 -0.5181
vn 0.7532 -0.0000 -0.6578
vn 0.6285 -0.0000 -0.7778
vn 0.4850 -0.0000 -0.8745
vn 0.3269 -0.0000 -0.9451
vn 0.1590 -0.0000 -0.9873
vn -0.0136 -0.0000 -0.9999
vn -0.1858 -0.0000 -0.9826
vn -0.3525 -0.0000 -0.9358
vn -0.5086 -0.0000 -0.8610
vn -0.6494 -0.0000 -0.7604
vn -0.7708 -0.0000 -0.6371
vn -0.8691 -0.0000 -0.4946
vn -0.9414 -0.0000 -0.3373
vn -0.9855 -0.0000 -0.1699
vn -1.0000 -0.0000 0.0025
vn -0.9846 -0.0000 0.1749
vn 0.9647 -0.0000 -0.2634
vn 0.9048 -0.0000 -0.4258
vn 0.8178 -0.0000 -0.5755
vn 0.8178 -0.0000 -0.5754
vn 0.7064 -0.0000 -0.7078
vn 0.5737 -0.0000 -0.8191
vn 0.4239 -0.0000 -0.9057
vn 0.2613 -0.0000 -0.9652
vn 0.0910 -0.0000 -0.9959
vn -0.0821 -0.0000 -0.9966
vn -0.2527 -0.0000 -0.9675
vn -0.4158 -0.0000 -0.9095
vn -0.5664 -0.0000 -0.8241
vn -0.7000 -0.0000 -0.7142
vn -0.7000 -0.0000 -0.7141
vn -0.8127 -0.0000 -0.5827
vn -0.9010 -0.0000 -0.4339
vn -0.9623 -0.0000 -0.2720
vn -0.9948 -0.0000 -0.1020
vn -0.9975 -0.0000 0.0711
vn 0.9869 -0.0000 -0.1611
vn 0.9444 -0.0000 -0.3289
vn 0.8735 -0.0000 -0.4868
vn 0.7765 -0.0000 -0.6301
vn 0.6562 -0.0000 -0.7546
vn 0.5162 -0.0000 -0.8564
vn 0.3608 -0.0000 -0.9326
vn 0.1946 -0.0000 -0.9809
vn 0.0225 -0.0000 -0.9997
vn -0.1502 -0.0000 -0.9887
vn -0.3184 -0.0000 -0.9479
vn -0.4771 -0.0000 -0.8788
vn -0.6215 -0.0000 -0.7834
vn -0.7473 -0.0000 -0.6645
vn -0.8507 -0.0000 -0.5257
vn -0.9286 -0.0000 -0.3711
vn -0.9787 -0.0000 -0.2054
vn -0.9994 -0.0000 -0.0336
vn 0.9984 -0.0000 -0.0571
vn 0.9736 -0.0000 -0.2284
vn 0.9196 -0.0000 -0.3928
vn 0.8381 -0.0000 -0.5455
vn 0.7315 -0.0000 -0.6819
vn 0.6029 -0.0000 -0.7978
vn 0.4563 -0.0000 -0.8898
vn 0.2961 -0.0000 -0.9552
vn 0.1269 -0.0000 -0.9919
vn -0.0460 -0.0000 -0.9989
vn -0.2176 -0.0000 -0.9760
vn -0.3826 -0.0000 -0.9239
vn -0.5362 -0.0000 -0.8441
vn -0.6738 -0.0000 -0.7390
vn -0.7911 -0.0000 -0.6117
vn -0.8847 -0.0000 -0.4661
vn -0.9518 -0.0000 -0.3066
vn -0.9904 -0.0000 -0.1379
vn 0.9989 -0.0000 0.0476
vn 0.9921 -0.0000 -0.1254
vn 0.9556 -0.0000 -0.2946
vn 0.8905 -0.0000 -0.4549
vn 0.7987 -0.0000 -0.6017
vn 0.6830 -0.0000 -0.7304
vn 0.5468 -0.0000 -0.8372
vn 0.3943 -0.0000 -0.9190
vn 0.2299 -0.0000 -0.9732
vn 0.0586 -0.0000 -0.9983
vn -0.1144 -0.0000 -0.9934
vn -0.2840 -0.0000 -0.9588
vn -0.4451 -0.0000 -0.8955
vn -0.5928 -0.0000 -0.8054
vn -0.7228 -0.0000 -0.6911
vn -0.7228 -0.0000 -0.6910
vn -0.8311 -0.0000 -0.5561
vn -0.9146 -0.0000 -0.4044
vn -0.9706 -0.0000 -0.2407
vn -0.9706 -0.0000 -0.2406
vn 0.9884 -0.0000 0.1517
vn 0.9998 -0.0000 -0.0210
vn 0.9812 -0.0000 -0.1931
vn 0.9812 -0.0000 -0.1930
vn 0.9332 -0.0000 -0.3594
vn 0.8573 -0.0000 -0.5149
vn 0.7556 -0.0000 -0.6550
vn 0.6314 -0.0000 -0.7755
vn 0.4882 -0.0000 -0.8727
vn 0.3304 -0.0000 -0.9439
vn 0.1627 -0.0000 -0.9867
vn -0.0099 -0.0000 -1.0000
vn -0.1822 -0.0000 -0.9833
vn -0.3490 -0.0000 -0.9371
vn -0.5054 -0.0000 -0.8629
vn -0.6466 -0.0000 -0.7628
vn -0.7685 -0.0000 -0.6399
vn -0.8673 -0.0000 -0.4978
vn -0.9401 -0.0000 -0.3408
vn 0.9671 -0.0000 0.2542
vn 0.9965 -0.0000 0.0836
vn 0.9965 -0.0000 0.0837
vn 0.9960 -0.0000 -0.0894
vn 0.9657 -0.0000 -0.2598
vn 0.9064 -0.0000 -0.4225
vn 0.8200 -0.0000 -0.5724
vn 0.7090 -0.0000 -0.7052
vn 0.7090 -0.0000 -0.7053
vn 0.5767 -0.0000 -0.8169
vn 0.4272 -0.0000 -0.9042
vn 0.2649 -0.0000 -0.9643
vn 0.0947 -0.0000 -0.9955
vn -0.0784 -0.0000 -0.9969
vn -0.2491 -0.0000 -0.9685
vn -0.4124 -0.0000 -0.9110
vn -0.5633 -0.0000 -0.8262
vn -0.6974 -0.0000 -0.7167
vn -0.8105 -0.0000 -0.5857
vn -0.8994 -0.0000 -0.4372
vn 0.9353 -0.0000 0.3539
vn 0.9823 -0.0000 0.1874
vn 0.9999 -0.0000 0.0152
vn 0.9875 -0.0000 -0.1575
vn 0.9456 -0.0000 -0.3254
vn 0.8753 -0.0000 -0.4836
vn 0.7788 -0.0000 -0.6273
vn 0.6590 -0.0000 -0.7522
vn 0.5194 -0.0000 -0.8545
vn 0.3643 -0.0000 -0.9313
vn 0.1982 -0.0000 -0.9802
vn 0.0262 -0.0000 -0.9997
vn -0.1465 -0.0000 -0.9892
vn -0.3149 -0.0000 -0.9491
vn -0.4739 -0.0000 -0.8806
vn -0.6186 -0.0000 -0.7857
vn -0.7448 -0.0000 -0.6672
vn -0.8487 -0.0000 -0.5288
vn 0.8932 -0.0000 0.4498
vn 0.8931 -0.0000 0.4498
vn 0.9573 -0.0000 0.2890
vn 0.9928 -0.0000 0.1196
vn 0.9986 -0.0000 -0.0534
vn 0.9744 -0.0000 -0.2248
vn 0.9210 -0.0000 -0.3895
vn 0.9211 -0.0000 -0.3894
vn 0.8401 -0.0000 -0.5424
vn 0.7340 -0.0000 -0.6792
vn 0.6059 -0.0000 -0.7956
vn 0.4596 -0.0000 -0.8881
vn 0.2996 -0.0000 -0.9541
vn 0.1306 -0.0000 -0.9914
vn -0.0424 -0.0000 -0.9991
vn -0.2140 -0.0000 -0.9768
vn -0.3792 -0.0000 -0.9253
vn -0.5331 -0.0000 -0.8460
vn -0.6710 -0.0000 -0.7415
vn -0.7888 -0.0000 -0.6146
vn 0.8412 -0.0000 0.5407
vn 0.8413 -0.0000 0.5406
vn 0.9219 -0.0000 0.3875
vn 0.9749 -0.0000 0.2227
vn 0.9987 -0.0000 0.0513
vn 0.9926 -0.0000 -0.1217
vn 0.9567 -0.0000 -0.2910
vn 0.8922 -0.0000 -0.4516
vn 0.8922 -0.0000 -0.4517
vn 0.8010 -0.0000 -0.5987
vn 0.8009 -0.0000 -0.5987
vn 0.6857 -0.0000 -0.7279
vn 0.5499 -0.0000 -0.8352
vn 0.3977 -0.0000 -0.9175
vn 0.2335 -0.0000 -0.9724
vn 0.0623 -0.0000 -0.9981
vn -0.1107 -0.0000 -0.9939
vn -0.2804 -0.0000 -0.9599
vn -0.4417 -0.0000 -0.8971
vn -0.5899 -0.0000 -0.8075
vn -0.7202 -0.0000 -0.6937
vn 0.7801 -0.0000 0.6256
vn 0.8763 -0.0000 0.4817
vn 0.9463 -0.0000 0.3234
vn 0.9879 -0.0000 0.1554
vn 0.9999 -0.0000 -0.0173
vn 0.9819 -0.0000 -0.1894
vn 0.9345 -0.0000 -0.3559
vn 0.8591 -0.0000 -0.5117
vn 0.7580 -0.0000 -0.6522
vn 0.6342 -0.0000 -0.7732
vn 0.4914 -0.0000 -0.8709
vn 0.3339 -0.0000 -0.9426
vn 0.1663 -0.0000 -0.9861
vn -0.0062 -0.0000 -1.0000
vn -0.1786 -0.0000 -0.9839
vn -0.3456 -0.0000 -0.9384
vn -0.5022 -0.0000 -0.8647
vn -0.5022 -0.0000 -0.8648
vn -0.6438 -0.0000 -0.7652
vn 0.7104 -0.0000 0.7038
vn 0.7105 -0.0000 0.7037
vn 0.8212 -0.0000 0.5707
vn 0.8211 -0.0000 0.5707
vn 0.9073 -0.0000 0.4205
vn 0.9662 -0.0000 0.2578
vn 0.9962 -0.0000 0.0873
vn 0.9962 -0.0000 0.0874
vn 0.9963 -0.0000 -0.0858
vn 0.9666 -0.0000 -0.2563
vn 0.9666 -0.0000 -0.2562
vn 0.9079 -0.0000 -0.4191
vn 0.8221 -0.0000 -0.5694
vn 0.7115 -0.0000 -0.7026
vn 0.7116 -0.0000 -0.7026
vn 0.5797 -0.0000 -0.8148
vn 0.4306 -0.0000 -0.9026
vn 0.2685 -0.0000 -0.9633
vn 0.0983 -0.0000 -0.9952
vn -0.0747 -0.0000 -0.9972
vn -0.2456 -0.0000 -0.9694
vn -0.4091 -0.0000 -0.9125
vn -0.5603 -0.0000 -0.8283
vn 0.6330 -0.0000 0.7742
vn 0.7570 -0.0000 0.6534
vn 0.8583 -0.0000 0.5131
vn 0.9340 -0.0000 0.3574
vn 0.9816 -0.0000 0.1910
vn 0.9998 -0.0000 0.0189
vn 0.9998 -0.0000 0.0188
vn 0.9881 -0.0000 -0.1538
vn 0.9881 -0.0000 -0.1539
vn 0.9468 -0.0000 -0.3219
vn 0.8771 -0.0000 -0.4804
vn 0.8771 -0.0000 -0.4803
vn 0.7811 -0.0000 -0.6244
vn 0.6617 -0.0000 -0.7497
vn 0.5226 -0.0000 -0.8526
vn 0.5225 -0.0000 -0.8526
vn 0.3677 -0.0000 -0.9300
vn 0.3677 -0.0000 -0.9299
vn 0.2018 -0.0000 -0.9794
vn 0.0299 -0.0000 -0.9996
vn -0.1429 -0.0000 -0.9897
vn -0.3114 -0.0000 -0.9503
vn -0.4706 -0.0000 -0.8823
vn 0.5486 -0.0000 0.8361
vn 0.6846 -0.0000 0.7289
vn 0.6846 -0.0000 0.7290
vn 0.8000 -0.0000 0.6000
vn 0.8915 -0.0000 0.4531
vn 0.8915 -0.0000 0.4530
vn 0.9562 -0.0000 0.2926
vn 0.9563 -0.0000 0.2925
vn 0.9924 -0.0000 0.1232
vn 0.9988 -0.0000 -0.0497
vn 0.9752 -0.0000 -0.2212
vn 0.9225 -0.0000 -0.3860
vn 0.8421 -0.0000 -0.5394
vn 0.7365 -0.0000 -0.6765
vn 0.7365 -0.0000 -0.6764
vn 0.6088 -0.0000 -0.7933
vn 0.4629 -0.0000 -0.8864
vn 0.3031 -0.0000 -0.9530
vn 0.1342 -0.0000 -0.9910
vn -0.0387 -0.0000 -0.9993
vn -0.2104 -0.0000 -0.9776
vn -0.3758 -0.0000 -0.9267
vn 0.4582 -0.0000 0.8888
vn 0.6046 -0.0000 0.7965
vn 0.7329 -0.0000 0.6803
vn 0.8392 -0.0000 0.5438
vn 0.8393 -0.0000 0.5437
vn 0.9204 -0.0000 0.3909
vn 0.9741 -0.0000 0.2263
vn 0.9985 -0.0000 0.0549
vn 0.9985 -0.0000 0.0550
vn 0.9930 -0.0000 -0.1180
vn 0.9578 -0.0000 -0.2875
vn 0.8939 -0.0000 -0.4483
vn 0.8938 -0.0000 -0.4484
vn 0.8032 -0.0000 -0.5958
vn 0.8031 -0.0000 -0.5958
vn 0.6884 -0.0000 -0.7253
vn 0.5530 -0.0000 -0.8332
vn 0.4010 -0.0000 -0.9161
vn 0.2371 -0.0000 -0.9715
vn 0.0660 -0.0000 -0.9978
vn -0.1071 -0.0000 -0.9943
vn -0.2769 -0.0000 -0.9609
vn 0.3628 -0.0000 0.9319
vn 0.5181 -0.0000 0.8553
vn 0.5180 -0.0000 0.8554
vn 0.6578 -0.0000 0.7532
vn 0.7778 -0.0000 0.6285
vn 0.8745 -0.0000 0.4850
vn 0.8745 -0.0000 0.4849
vn 0.9451 -0.0000 0.3269
vn 0.9873 -0.0000 0.1590
vn 0.9999 -0.0000 -0.0136
vn 0.9826 -0.0000 -0.1858
vn 0.9826 -0.0000 -0.1859
vn 0.9358 -0.0000 -0.3524
vn 0.9358 -0.0000 -0.3525
vn 0.8610 -0.0000 -0.5086
vn 0.7604 -0.0000 -0.6494
vn 0.6371 -0.0000 -0.7708
vn 0.4946 -0.0000 -0.8691
vn 0.3373 -0.0000 -0.9414
vn 0.1699 -0.0000 -0.9855
vn -0.0025 -0.0000 -1.0000
vn -0.1749 -0.0000 -0.9846
vn 0.2634 -0.0000 0.9647
vn 0.4258 -0.0000 0.9048
vn 0.5754 -0.0000 0.8178
vn 0.7079 -0.0000 0.7063
vn 0.7078 -0.0000 0.7064
vn 0.8190 -0.0000 0.5737
vn 0.8191 -0.0000 0.5737
vn 0.9057 -0.0000 0.4239
vn 0.9652 -0.0000 0.2613
vn 0.9959 -0.0000 0.0910
vn 0.9958 -0.0000 0.0910
vn 0.9966 -0.0000 -0.0821
vn 0.9675 -0.0000 -0.2527
vn 0.9095 -0.0000 -0.4158
vn 0.8241 -0.0000 -0.5664
vn 0.7142 -0.0000 -0.7000
vn 0.7141 -0.0000 -0.7000
vn 0.5827 -0.0000 -0.8127
vn 0.5828 -0.0000 -0.8126
vn 0.4339 -0.0000 -0.9010
vn 0.2720 -0.0000 -0.9623
vn 0.1020 -0.0000 -0.9948
vn -0.0711 -0.0000 -0.9975
vn 0.1611 -0.0000 0.9869
vn 0.3289 -0.0000 0.9444
vn 0.4868 -0.0000 0.8735
vn 0.6301 -0.0000 0.7765
vn 0.7546 -0.0000 0.6562
vn 0.8564 -0.0000 0.5163
vn 0.8564 -0.0000 0.5162
vn 0.9326 -0.0000 0.3608
vn 0.9809 -0.0000 0.1946
vn 0.9997 -0.0000 0.0225
vn 0.9997 -0.0000 0.0226
vn 0.9887 -0.0000 -0.1502
vn 0.9480 -0.0000 -0.3184
vn 0.9479 -0.0000 -0.3184
vn 0.8788 -0.0000 -0.4771
vn 0.7834 -0.0000 -0.6215
vn 0.6645 -0.0000 -0.7473
vn 0.5257 -0.0000 -0.8507
vn 0.3711 -0.0000 -0.9286
vn 0.2054 -0.0000 -0.9787
vn 0.0336 -0.0000 -0.9994
vn 0.0571 -0.0000 0.9984
vn 0.2284 -0.0000 0.9736
vn 0.3928 -0.0000 0.9196
vn 0.5455 -0.0000 0.8381
vn 0.6819 -0.0000 0.7315
vn 0.7978 -0.0000 0.6029
vn 0.8898 -0.0000 0.4563
vn 0.9552 -0.0000 0.2961
vn 0.9919 -0.0000 0.1269
vn 0.9989 -0.0000 -0.0461
vn 0.9989 -0.0000 -0.0460
vn 0.9760 -0.0000 -0.2175
vn 0.9760 -0.0000 -0.2176
vn 0.9239 -0.0000 -0.3826
vn 0.8441 -0.0000 -0.5362
vn 0.7390 -0.0000 -0.6737
vn 0.7390 -0.0000 -0.6738
vn 0.6117 -0.0000 -0.7911
vn 0.4661 -0.0000 -0.8847
vn 0.4662 -0.0000 -0.8847
vn 0.3066 -0.0000 -0.9518
vn 0.1379 -0.0000 -0.9904
vn -0.0476 -0.0000 0.9989
vn 0.1254 -0.0000 0.9921
vn 0.2946 -0.0000 0.9556
vn 0.4549 -0.0000 0.8905
vn 0.6017 -0.0000 0.7987
vn 0.7304 -0.0000 0.6830
vn 0.8372 -0.0000 0.5468
vn 0.9190 -0.0000 0.3943
vn 0.9732 -0.0000 0.2299
vn 0.9983 -0.0000 0.0587
vn 0.9983 -0.0000 0.0586
vn 0.9934 -0.0000 -0.1144
vn 0.9588 -0.0000 -0.2839
vn 0.9588 -0.0000 -0.2840
vn 0.8955 -0.0000 -0.4451
vn 0.8053 -0.0000 -0.5928
vn 0.8054 -0.0000 -0.5928
vn 0.6911 -0.0000 -0.7228
vn 0.5561 -0.0000 -0.8311
vn 0.5560 -0.0000 -0.8311
vn 0.4044 -0.0000 -0.9146
vn 0.2407 -0.0000 -0.9706
vn 0.2406 -0.0000 -0.9706
vn -0.1517 -0.0000 0.9884
vn 0.0210 -0.0000 0.9998
vn 0.1930 -0.0000 0.9812
vn 0.1931 -0.0000 0.9812
vn 0.3594 -0.0000 0.9332
vn 0.5149 -0.0000 0.8573
vn 0.6550 -0.0000 0.7556
vn 0.7755 -0.0000 0.6313
vn 0.7755 -0.0000 0.6314
vn 0.8727 -0.0000 0.4882
vn 0.9439 -0.0000 0.3303
vn 0.9438 -0.0000 0.3304
vn 0.9867 -0.0000 0.1627
vn 1.0000 -0.0000 -0.0099
vn 0.9833 -0.0000 -0.1822
vn 0.9371 -0.0000 -0.3490
vn 0.8629 -0.0000 -0.5054
vn 0.7628 -0.0000 -0.6466
vn 0.6399 -0.0000 -0.7685
vn 0.4978 -0.0000 -0.8673
vn 0.3408 -0.0000 -0.9401
vn -0.2542 -0.0000 0.9671
vn -0.0837 -0.0000 0.9965
vn 0.0894 -0.0000 0.9960
vn 0.2598 -0.0000 0.9657
vn 0.4225 -0.0000 0.9064
vn 0.5724 -0.0000 0.8200
vn 0.7053 -0.0000 0.7089
vn 0.7052 -0.0000 0.7090
vn 0.8169 -0.0000 0.5768
vn 0.8169 -0.0000 0.5767
vn 0.9042 -0.0000 0.4272
vn 0.9643 -0.0000 0.2649
vn 0.9955 -0.0000 0.0947
vn 0.9969 -0.0000 -0.0784
vn 0.9685 -0.0000 -0.2491
vn 0.9110 -0.0000 -0.4124
vn 0.9110 -0.0000 -0.4125
vn 0.8262 -0.0000 -0.5633
vn 0.7167 -0.0000 -0.6974
vn 0.7167 -0.0000 -0.6973
vn 0.5857 -0.0000 -0.8105
vn 0.4372 -0.0000 -0.8994
s 0
usemtl cap
f 1286//1840 1287//1840 1288//1840
f 1288//1840 1287//1840 1289//1840
f 1290//1841 1291//1841 1292//1841
f 1292//1841 1291//1841 1293//1841
f 1294//1842 1295//1842 1296//1842
f 1296//1842 1295//1842 1297//1842
f 1298//1843 1299//1843 1300//1843
f 1300//1843 1299//1843 1301//1843
f 1302//1844 1303//1844 1304//1844
f 1304//1844 1303//1844 1305//1844
f 1306//1845 1307//1845 1308//1845
f 1308//1845 1307//1845 1309//1845
f 1310//1846 1311//1846 1312//1846
f 1312//1846 1311//1846 1313//1846
f 1314//1847 1315//1847 1316//1847
f 1316//1847 1315//1847 1317//1847
f 1318//1848 1319//1848 1320//1848
f 1320//1848 1319//1848 1321//1848
f 1322//1849 1323//1849 1324//1849
f 1324//1849 1323//1849 1325//1849
f 1326//1850 1327//1850 1328//1850
f 1328//1850 1327//1850 1329//1850
f 1330//1851 1331//1851 1332//1851
f 1332//1851 1331//1851 1333//1851
f 1334//1852 1335//1852 1336//1852
f 1336//1852 1335//1852 1337//1852
f 1338//1853 1339//1853 1340//1853
f 1340//1853 1339//1853 1341//1853
f 1342//1854 1343//1854 1344//1854
f 1344//1854 1343//1854 1345//1854
f 1346//1855 1347//1855 1348//1855
f 1348//1855 1347//1855 1349//1855
f 1350//1856 1351//1856 1352//1856
f 1352//1856 1351//1856 1353//1856
f 1354//1857 1355//1857 1356//1857
f 1356//1857 1355//1857 1357//1857
f 1358//1858 1359//1858 1360//1858
f 1360//1858 1359//1858 1361//1858
f 1362//1859 1363//1859 1364//1859
f 1364//1859 1363//1859 1365//1859
f 1366//1860 1367//1860 1368//1860
f 1368//1860 1367//1860 1369//1860
f 1370//1861 1371//1861 1372//1861
f 1372//1861 1371//1861 1373//1861
f 1374//1862 1375//1862 1376//1862
f 1376//1862 1375//1862 1377//1862
f 1378//1863 1379//1863 1380//1863
f 1380//1863 1379//1863 1381//1863
f 1382//1864 1383//1864 1384//1864
f 1384//1864 1383//1864 1385//1864
f 1386//1865 1387//1865 1388//1865
f 1388//1865 1387//1865 1389//1865
f 1390//1866 1391//1866 1392//1866
f 1392//1866 1391//1866 1393//1866
f 1394//1867 1395//1867 1396//1867
f 1396//1868 1395//1868 1397//1868
f 1398//1869 1399//1869 1400//1869
f 1400//1869 1399//1869 1401//1869
f 1402//1870 1403//1870 1404//1870
f 1404//1870 1403//1870 1405//1870
f 1406//1871 1407//1871 1408//1871
f 1408//1871 1407//1871 1409//1871
f 1410//1872 1411//1872 1412//1872
f 1412//1872 1411//1872 1413//1872
f 1414//1873 1415//1873 1416//1873
f 1416//1873 1415//1873 1417//1873
f 1418//1874 1419//1874 1420//1874
f 1420//1874 1419//1874 1421//1874
f 1422//1875 1423//1875 1424//1875
f 1424//1875 1423//1875 1425//1875
f 1426//1876 1427//1876 1428//1876
f 1428//1876 1427//1876 1429//1876
f 1430//1877 1431//1877 1432//1877
f 1432//1877 1431//1877 1433//1877
f 1434//1878 1435//1878 1436//1878
f 1436//1878 1435//1878 1437//1878
f 1438//1879 1439//1879 1440//1879
f 1440//1879 1439//1879 1441//1879
f 1442//1880 1443//1880 1444//1880
f 1444//1880 1443//1880 1445//1880
f 1446//1881 1447//1881 1448//1881
f 1448//1881 1447//1881 1449//1881
f 1450//1882 1451//1882 1452//1882
f 1452//1882 1451//1882 1453//1882
f 1454//1883 1455//1883 1456//1883
f 1456//1883 1455//1883 1457//1883
f 1458//1884 1459//1884 1460//1884
f 1460//1884 1459//1884 1461//1884
f 1462//1885 1463//1885 1464//1885
f 1464//1885 1463//1885 1465//1885
f 1466//1886 1467//1886 1468//1886
f 1468//1886 1467//1886 1469//1886
f 1470//1887 1471//1887 1472//1887
f 1472//1887 1471//1887 1473//1887
f 1474//1888 1475//1888 1476//1888
f 1476//1888 1475//1888 1477//1888
f 1478//1889 1479//1889 1480//1889
f 1480//1889 1479//1889 1481//1889
f 1482//1890 1483//1890 1484//1890
f 1484//1890 1483//1890 1485//1890
f 1486//1891 1487//1891 1488//1891
f 1488//1891 1487//1891 1489//1891
f 1490//1892 1491//1892 1492//1892
f 1492//1892 1491//1892 1493//1892
f 1494//1893 1495//1893 1496//1893
f 1496//1893 1495//1893 1497//1893
f 1498//1894 1499//1894 1500//1894
f 1500//1894 1499//1894 1501//1894
f 1502//1895 1503//1895 1504//1895
f 1504//1895 1503//1895 1505//1895
f 1506//1896 1507//1896 1508//1896
f 1508//1896 1507//1896 1509//1896
f 1510//1897 1511//1897 1512//1897
f 1512//1897 1511//1897 1513//1897
f 1514//1898 1515//1898 1516//1898
f 1516//1899 1515//1899 1517//1899
f 1518//1900 1519//1900 1520//1900
f 1520//1900 1519//1900 1521//1900
f 1522//1901 1523//1901 1524//1901
f 1524//1901 1523//1901 1525//1901
f 1526//1902 1527//1902 1528//1902
f 1529//1902 1530//1902 1531//1902
f 1532//1902 1533//1902 1534//1902
f 1534//1902 1533//1902 1535//1902
f 1531//1902 1530//1902 1536//1902
f 1535//1902 1537//1902 1534//1902
f 1534//1902 1537//1902 1538//1902
f 1534//1902 1538//1902 1539//1902
f 1540//1902 1528//1902 1541//1902
f 1541//1903 1528//1903 1542//1903
f 1543//1902 1544//1902 1545//1902
f 1546//1902 1547//1902 1548//1902
f 1548//1902 1547//1902 1549//1902
f 1548//1902 1549//1902 1550//1902
f 1551//1902 1552//1902 1553//1902
f 1553//1902 1552//1902 1554//1902
f 1553//1902 1554//1902 1555//1902
f 1555//1902 1554//1902 1534//1902
f 1555//1902 1534//1902 1556//1902
f 1557//1902 1558//1902 1559//1902
f 1559//1902 1558//1902 1560//1902
f 1559//1902 1560//1902 1561//1902
f 1562//1902 1563//1902 1564//1902
f 1565//1902 1480//1902 1566//1902
f 1566//1902 1480//1902 1481//1902
f 1543//1902 1545//1902 1567//1902
f 1568//1902 1569//1902 1570//1902
f 1570//1902 1569//1902 1529//1902
f 1570//1902 1529//1902 1571//1902
f 1571//1902 1529//1902 1531//1902
f 1572//1902 1452//1902 1453//1902
f 1556//1902 1534//1902 1573//1902
f 1573//1902 1534//1902 1539//1902
f 1573//1902 1539//1902 1574//1902
f 1574//1904 1539//1904 1575//1904
f 1574//1905 1575//1905 1576//1905
f 1561//1902 1577//1902 1559//1902
f 1559//1902 1577//1902 1578//1902
f 1559//1902 1578//1902 1579//1902
f 1580//1902 1581//1902 1582//1902
f 1582//1902 1581//1902 1583//1902
f 1582//1902 1583//1902 1562//1902
f 1564//1902 1584//1902 1562//1902
f 1562//1902 1584//1902 1585//1902
f 1562//1905 1585//1905 1582//1905
f 1586//1902 1476//1902 1477//1902
f 1468//1902 1469//1902 1587//1902
f 1587//1902 1469//1902 1588//1902
f 1587//1902 1588//1902 1545//1902
f 1545//1902 1588//1902 1589//1902
f 1545//1902 1589//1902 1567//1902
f 1544//1902 1590//1902 1545//1902
f 1545//1905 1590//1905 1591//1905
f 1545//1902 1591//1902 1592//1902
f 1528//1902 1593//1902 1594//1902
f 1568//1902 1595//1902 1569//1902
f 1569//1902 1595//1902 1596//1902
f 1569//1902 1596//1902 1551//1902
f 1551//1902 1596//1902 1597//1902
f 1551//1902 1597//1902 1552//1902
f 1532//1902 1598//1902 1533//1902
f 1533//1902 1598//1902 1572//1902
f 1533//1902 1572//1902 1599//1902
f 1599//1902 1572//1902 1453//1902
f 1600//1902 1601//1902 1602//1902
f 1603//1902 1604//1902 1605//1902
f 1606//1902 1607//1902 1608//1902
f 1608//1902 1607//1902 1609//1902
f 1610//1902 1480//1902 1611//1902
f 1611//1902 1480//1902 1612//1902
f 1613//1902 1614//1902 1615//1902
f 1616//1902 1617//1902 1540//1902
f 1540//1902 1617//1902 1618//1902
f 1540//1902 1618//1902 1619//1902
f 1620//1902 1621//1902 1528//1902
f 1622//1902 1623//1902 1624//1902
f 1625//1902 1626//1902 1627//1902
f 1627//1902 1626//1902 1628//1902
f 1629//1902 1630//1902 1528//1902
f 1528//1902 1630//1902 1631//1902
f 1528//1902 1631//1902 1593//1902
f 1610//1902 1542//1902 1480//1902
f 1480//1902 1542//1902 1528//1902
f 1480//1902 1528//1902 1632//1902
f 1632//1902 1528//1902 1594//1902
f 1633//1905 1634//1905 1635//1905
f 1635//1902 1634//1902 1636//1902
f 1637//1902 1520//1902 1638//1902
f 1639//1902 1640//1902 1641//1902
f 1642//1902 1643//1902 1644//1902
f 1645//1902 1440//1902 1441//1902
f 1646//1906 1647//1906 1607//1906
f 1607//1902 1647//1902 1648//1902
f 1607//1902 1648//1902 1609//1902
f 1606//1903 1649//1903 1607//1903
f 1607//1902 1649//1902 1650//1902
f 1607//1902 1650//1902 1651//1902
f 1565//1902 1652//1902 1480//1902
f 1480//1902 1652//1902 1653//1902
f 1480//1902 1653//1902 1612//1902
f 1614//1902 1654//1902 1615//1902
f 1615//1902 1654//1902 1655//1902
f 1615//1902 1655//1902 1656//1902
f 1477//1902 1657//1902 1586//1902
f 1586//1902 1657//1902 1615//1902
f 1586//1902 1615//1902 1658//1902
f 1658//1902 1615//1902 1656//1902
f 1613//1902 1615//1902 1540//1902
f 1540//1902 1615//1902 1659//1902
f 1540//1902 1659//1902 1616//1902
f 1619//1902 1660//1902 1540//1902
f 1540//1902 1660//1902 1661//1902
f 1540//1902 1661//1902 1528//1902
f 1528//1902 1661//1902 1662//1902
f 1528//1902 1662//1902 1526//1902
f 1663//1902 1664//1902 1665//1902
f 1665//1902 1664//1902 1666//1902
f 1456//1902 1457//1902 1667//1902
f 1667//1902 1457//1902 1668//1902
f 1667//1902 1668//1902 1669//1902
f 1670//1902 1528//1902 1671//1902
f 1671//1902 1528//1902 1527//1902
f 1671//1902 1527//1902 1663//1902
f 1663//1902 1527//1902 1672//1902
f 1663//1902 1672//1902 1664//1902
f 1484//1902 1485//1902 1673//1902
f 1673//1902 1485//1902 1674//1902
f 1673//1902 1674//1902 1675//1902
f 1676//1902 1677//1902 1678//1902
f 1678//1902 1677//1902 1679//1902
f 1680//1902 1681//1902 1682//1902
f 1682//1902 1681//1902 1683//1902
f 1682//1902 1683//1902 1528//1902
f 1528//1902 1683//1902 1684//1902
f 1528//1902 1684//1902 1629//1902
f 1633//1902 1685//1902 1634//1902
f 1634//1902 1685//1902 1686//1902
f 1634//1902 1686//1902 1687//1902
f 1688//1902 1689//1902 1520//1902
f 1690//1902 1691//1902 1692//1902
f 1692//1902 1691//1902 1693//1902
f 1692//1902 1693//1902 1694//1902
f 1694//1902 1693//1902 1695//1902
f 1694//1902 1695//1902 1640//1902
f 1640//1902 1695//1902 1696//1902
f 1640//1902 1696//1902 1641//1902
f 1441//1902 1697//1902 1645//1902
f 1645//1902 1697//1902 1698//1902
f 1645//1902 1698//1902 1605//1902
f 1605//1902 1698//1902 1699//1902
f 1605//1902 1699//1902 1603//1902
f 1557//1902 1574//1902 1558//1902
f 1558//1902 1574//1902 1576//1902
f 1558//1902 1576//1902 1607//1902
f 1607//1902 1576//1902 1700//1902
f 1607//1902 1700//1902 1646//1902
f 1646//1903 1700//1903 1701//1903
f 1646//1902 1701//1902 1582//1902
f 1582//1902 1701//1902 1702//1902
f 1582//1905 1702//1905 1580//1905
f 1448//1902 1449//1902 1703//1902
f 1703//1902 1449//1902 1704//1902
f 1703//1902 1704//1902 1705//1902
f 1705//1902 1704//1902 1706//1902
f 1705//1902 1706//1902 1562//1902
f 1562//1902 1706//1902 1707//1902
f 1562//1902 1707//1902 1563//1902
f 1708//1902 1709//1902 1664//1902
f 1664//1902 1709//1902 1710//1902
f 1664//1902 1710//1902 1711//1902
f 1711//1902 1712//1902 1664//1902
f 1664//1902 1712//1902 1713//1902
f 1664//1902 1713//1902 1666//1902
f 1628//1902 1626//1902 1714//1902
f 1714//1906 1626//1906 1622//1906
f 1714//1902 1622//1902 1592//1902
f 1592//1902 1622//1902 1624//1902
f 1592//1902 1624//1902 1545//1902
f 1715//1902 1716//1902 1717//1902
f 1717//1902 1716//1902 1718//1902
f 1717//1902 1718//1902 1719//1902
f 1679//1902 1720//1902 1678//1902
f 1678//1902 1720//1902 1721//1902
f 1678//1902 1721//1902 1674//1902
f 1674//1902 1721//1902 1722//1902
f 1674//1902 1722//1902 1675//1902
f 1496//1902 1497//1902 1723//1902
f 1723//1902 1497//1902 1634//1902
f 1723//1902 1634//1902 1724//1902
f 1724//1902 1634//1902 1687//1902
f 1725//1902 1726//1902 1727//1902
f 1727//1907 1726//1907 1728//1907
f 1688//1902 1520//1902 1729//1902
f 1730//1902 1731//1902 1732//1902
f 1733//1902 1734//1902 1735//1902
f 1735//1902 1734//1902 1736//1902
f 1735//1902 1736//1902 1737//1902
f 1737//1902 1736//1902 1738//1902
f 1737//1902 1738//1902 1739//1902
f 1739//1902 1738//1902 1740//1902
f 1739//1902 1740//1902 1741//1902
f 1742//1902 1743//1902 1605//1902
f 1744//1903 1745//1903 1746//1903
f 1746//1902 1745//1902 1747//1902
f 1746//1902 1747//1902 1748//1902
f 1748//1902 1749//1902 1746//1902
f 1746//1902 1749//1902 1750//1902
f 1746//1903 1750//1903 1751//1903
f 1752//1902 1753//1902 1754//1902
f 1754//1902 1753//1902 1755//1902
f 1754//1902 1755//1902 1756//1902
f 1757//1902 1758//1902 1759//1902
f 1412//1902 1413//1902 1760//1902
f 1760//1902 1413//1902 1761//1902
f 1760//1902 1761//1902 1762//1902
f 1763//1902 1764//1902 1765//1902
f 1472//1902 1473//1902 1766//1902
f 1766//1902 1473//1902 1709//1902
f 1766//1902 1709//1902 1767//1902
f 1767//1902 1709//1902 1708//1902
f 1620//1902 1528//1902 1622//1902
f 1621//1902 1768//1902 1528//1902
f 1528//1902 1768//1902 1769//1902
f 1528//1902 1769//1902 1668//1902
f 1668//1902 1769//1902 1770//1902
f 1668//1902 1770//1902 1669//1902
f 1464//1902 1465//1902 1771//1902
f 1771//1902 1465//1902 1716//1902
f 1771//1902 1716//1902 1772//1902
f 1772//1902 1716//1902 1715//1902
f 1773//1902 1774//1902 1626//1902
f 1626//1902 1774//1902 1775//1902
f 1626//1908 1775//1908 1776//1908
f 1776//1902 1775//1902 1777//1902
f 1778//1902 1779//1902 1777//1902
f 1780//1902 1781//1902 1782//1902
f 1782//1902 1781//1902 1783//1902
f 1678//1902 1784//1902 1676//1902
f 1676//1902 1784//1902 1546//1902
f 1676//1902 1546//1902 1785//1902
f 1785//1902 1546//1902 1548//1902
f 1785//1902 1548//1902 1786//1902
f 1787//1902 1788//1902 1520//1902
f 1789//1902 1790//1902 1791//1902
f 1792//1902 1793//1902 1794//1902
f 1550//1902 1680//1902 1548//1902
f 1548//1902 1680//1902 1682//1902
f 1548//1902 1682//1902 1795//1902
f 1795//1902 1682//1902 1536//1902
f 1795//1902 1536//1902 1796//1902
f 1796//1902 1536//1902 1530//1902
f 1641//1902 1797//1902 1639//1902
f 1639//1902 1797//1902 1798//1902
f 1639//1902 1798//1902 1799//1902
f 1799//1902 1798//1902 1800//1902
f 1799//1902 1800//1902 1801//1902
f 1801//1902 1800//1902 1548//1902
f 1801//1902 1548//1902 1802//1902
f 1802//1902 1548//1902 1795//1902
f 1733//1902 1735//1902 1803//1902
f 1803//1902 1735//1902 1804//1902
f 1803//1902 1804//1902 1805//1902
f 1806//1902 1807//1902 1365//1902
f 1605//1902 1743//1902 1746//1902
f 1746//1902 1743//1902 1808//1902
f 1746//1902 1808//1902 1744//1902
f 1600//1905 1602//1905 1809//1905
f 1670//1902 1810//1902 1528//1902
f 1528//1902 1810//1902 1811//1902
f 1528//1909 1811//1909 1622//1909
f 1622//1902 1811//1902 1812//1902
f 1622//1902 1812//1902 1623//1902
f 1813//1902 1814//1902 1626//1902
f 1626//1902 1814//1902 1815//1902
f 1626//1902 1815//1902 1773//1902
f 1625//1902 1816//1902 1626//1902
f 1626//1902 1816//1902 1717//1902
f 1626//1904 1717//1904 1813//1904
f 1779//1903 1817//1903 1777//1903
f 1777//1902 1817//1902 1818//1902
f 1777//1903 1818//1903 1776//1903
f 1725//1902 1819//1902 1726//1902
f 1726//1902 1819//1902 1820//1902
f 1726//1902 1820//1902 1821//1902
f 1822//1902 1823//1902 1824//1902
f 1520//1902 1521//1902 1825//1902
f 1689//1902 1826//1902 1520//1902
f 1520//1902 1826//1902 1636//1902
f 1520//1902 1636//1902 1638//1902
f 1638//1902 1636//1902 1634//1902
f 1789//1902 1791//1902 1827//1902
f 1794//1902 1793//1902 1828//1902
f 1793//1902 1829//1902 1828//1902
f 1828//1902 1829//1902 1830//1902
f 1828//1902 1830//1902 1831//1902
f 1831//1902 1830//1902 1832//1902
f 1831//1902 1832//1902 1833//1902
f 1833//1902 1832//1902 1834//1902
f 1833//1902 1834//1902 1835//1902
f 1835//1902 1834//1902 1836//1902
f 1805//1902 1804//1902 1837//1902
f 1837//1902 1804//1902 1838//1902
f 1837//1902 1838//1902 1754//1902
f 1754//1902 1838//1902 1839//1902
f 1754//1902 1839//1902 1559//1902
f 1840//1902 1841//1902 1842//1902
f 1843//1902 1844//1902 1845//1902
f 1762//1902 1846//1902 1760//1902
f 1760//1902 1846//1902 1847//1902
f 1760//1902 1847//1902 1602//1902
f 1602//1902 1847//1902 1848//1902
f 1602//1902 1848//1902 1809//1902
f 1604//1902 1849//1902 1605//1902
f 1605//1902 1849//1902 1850//1902
f 1605//1902 1850//1902 1851//1902
f 1852//1902 1853//1902 1417//1902
f 1854//1902 1763//1902 1855//1902
f 1855//1902 1763//1902 1856//1902
f 1436//1902 1437//1902 1857//1902
f 1857//1902 1437//1902 1858//1902
f 1857//1902 1858//1902 1859//1902
f 1860//1902 1861//1902 1650//1902
f 1650//1902 1861//1902 1862//1902
f 1650//1902 1862//1902 1651//1902
f 1719//1902 1863//1902 1717//1902
f 1717//1902 1863//1902 1864//1902
f 1717//1902 1864//1902 1865//1902
f 1866//1902 1548//1902 1867//1902
f 1867//1902 1548//1902 1868//1902
f 1500//1902 1501//1902 1869//1902
f 1869//1902 1501//1902 1726//1902
f 1869//1902 1726//1902 1870//1902
f 1870//1902 1726//1902 1821//1902
f 1871//1902 1505//1902 1872//1902
f 1872//1902 1505//1902 1873//1902
f 1872//1902 1873//1902 1874//1902
f 1875//1903 1876//1903 1822//1903
f 1877//1902 1822//1902 1878//1902
f 1878//1902 1822//1902 1879//1902
f 1877//1902 1880//1902 1822//1902
f 1822//1902 1880//1902 1881//1902
f 1822//1902 1881//1902 1823//1902
f 1824//1902 1882//1902 1822//1902
f 1822//1902 1882//1902 1728//1902
f 1822//1902 1728//1902 1883//1902
f 1883//1902 1728//1902 1726//1902
f 1788//1902 1884//1902 1520//1902
f 1520//1902 1884//1902 1885//1902
f 1520//1904 1885//1904 1822//1904
f 1790//1902 1886//1902 1791//1902
f 1791//1902 1886//1902 1887//1902
f 1791//1902 1887//1902 1888//1902
f 1888//1902 1889//1902 1791//1902
f 1791//1902 1889//1902 1890//1902
f 1791//1902 1890//1902 1638//1902
f 1638//1902 1890//1902 1891//1902
f 1638//1902 1891//1902 1637//1902
f 1892//1902 1320//1902 1893//1902
f 1579//1902 1894//1902 1559//1902
f 1559//1905 1894//1905 1746//1905
f 1559//1902 1746//1902 1754//1902
f 1754//1902 1746//1902 1751//1902
f 1754//1902 1751//1902 1752//1902
f 1644//1902 1643//1902 1895//1902
f 1852//1902 1417//1902 1763//1902
f 1854//1902 1896//1902 1763//1902
f 1763//1902 1896//1902 1897//1902
f 1763//1902 1897//1902 1764//1902
f 1859//1902 1898//1902 1857//1902
f 1857//1902 1898//1902 1899//1902
f 1857//1902 1899//1902 1765//1902
f 1765//1902 1899//1902 1900//1902
f 1765//1902 1900//1902 1901//1902
f 1444//1902 1445//1902 1902//1902
f 1902//1902 1445//1902 1903//1902
f 1902//1902 1903//1902 1650//1902
f 1650//1902 1903//1902 1904//1902
f 1650//1902 1904//1902 1860//1902
f 1865//1902 1905//1902 1717//1902
f 1717//1902 1905//1902 1906//1902
f 1717//1905 1906//1905 1813//1905
f 1488//1902 1489//1902 1907//1902
f 1907//1902 1489//1902 1908//1902
f 1907//1902 1908//1902 1909//1902
f 1871//1905 1910//1905 1505//1905
f 1505//1902 1910//1902 1911//1902
f 1505//1902 1911//1902 1912//1902
f 1883//1902 1913//1902 1822//1902
f 1822//1902 1913//1902 1914//1902
f 1822//1902 1914//1902 1520//1902
f 1520//1902 1914//1902 1915//1902
f 1520//1902 1915//1902 1729//1902
f 1916//1902 1917//1902 1918//1902
f 1918//1909 1917//1909 1919//1909
f 1918//1903 1919//1903 1920//1903
f 1732//1902 1731//1902 1921//1902
f 1922//1902 1923//1902 1834//1902
f 1834//1902 1923//1902 1924//1902
f 1807//1902 1925//1902 1365//1902
f 1365//1902 1925//1902 1926//1902
f 1365//1902 1926//1902 1842//1902
f 1842//1902 1926//1902 1741//1902
f 1842//1902 1741//1902 1927//1902
f 1927//1902 1741//1902 1740//1902
f 1928//1902 1929//1902 1930//1902
f 1931//1905 1932//1905 1763//1905
f 1763//1902 1932//1902 1933//1902
f 1763//1902 1933//1902 1934//1902
f 1780//1902 1782//1902 1935//1902
f 1935//1903 1782//1903 1936//1903
f 1935//1902 1936//1902 1937//1902
f 1866//1902 1938//1902 1548//1902
f 1548//1902 1938//1902 1939//1902
f 1548//1902 1939//1902 1783//1902
f 1912//1902 1940//1902 1505//1902
f 1505//1902 1940//1902 1941//1902
f 1505//1902 1941//1902 1504//1902
f 1942//1902 1943//1902 1822//1902
f 1822//1902 1943//1902 1944//1902
f 1822//1902 1944//1902 1875//1902
f 1825//1902 1945//1902 1520//1902
f 1520//1902 1945//1902 1946//1902
f 1520//1902 1946//1902 1787//1902
f 1920//1902 1947//1902 1918//1902
f 1918//1902 1947//1902 1948//1902
f 1918//1902 1948//1902 1949//1902
f 1950//1905 1951//1905 1732//1905
f 1952//1902 1297//1902 1953//1902
f 1953//1902 1297//1902 1954//1902
f 1953//1910 1954//1910 1955//1910
f 1377//1902 1956//1902 1957//1902
f 1957//1902 1956//1902 1958//1902
f 1957//1902 1958//1902 1842//1902
f 1842//1902 1958//1902 1959//1902
f 1842//1902 1959//1902 1840//1902
f 1960//1902 1961//1902 1962//1902
f 1963//1902 1964//1902 1965//1902
f 1966//1902 1967//1902 1377//1902
f 1968//1902 1754//1902 1969//1902
f 1969//1902 1754//1902 1756//1902
f 1969//1902 1756//1902 1601//1902
f 1601//1902 1756//1902 1970//1902
f 1601//1902 1970//1902 1602//1902
f 1971//1902 1972//1902 1754//1902
f 1643//1902 1973//1902 1895//1902
f 1895//1902 1973//1902 1974//1902
f 1895//1902 1974//1902 1975//1902
f 1408//1902 1409//1902 1644//1902
f 1644//1902 1409//1902 1976//1902
f 1644//1902 1976//1902 1642//1902
f 1742//1902 1605//1902 1417//1902
f 1417//1902 1605//1902 1851//1902
f 1417//1905 1851//1905 1763//1905
f 1763//1903 1851//1903 1977//1903
f 1763//1902 1977//1902 1856//1902
f 1853//1902 1978//1902 1417//1902
f 1417//1902 1978//1902 1979//1902
f 1417//1902 1979//1902 1980//1902
f 1980//1902 1981//1902 1417//1902
f 1417//1902 1981//1902 1982//1902
f 1417//1902 1982//1902 1416//1902
f 1901//1902 1983//1902 1765//1902
f 1765//1905 1983//1905 1984//1905
f 1765//1902 1984//1902 1763//1902
f 1763//1902 1984//1902 1985//1902
f 1763//1903 1985//1903 1931//1903
f 1934//1902 1986//1902 1763//1902
f 1763//1902 1986//1902 1987//1902
f 1763//1902 1987//1902 1988//1902
f 1937//1902 1989//1902 1935//1902
f 1935//1902 1989//1902 1990//1902
f 1935//1902 1990//1902 1908//1902
f 1908//1902 1990//1902 1991//1902
f 1908//1902 1991//1902 1909//1902
f 1492//1902 1493//1902 1992//1902
f 1992//1902 1493//1902 1993//1902
f 1992//1902 1993//1902 1994//1902
f 1994//1902 1993//1902 1995//1902
f 1995//1902 1993//1902 1996//1902
f 1996//1902 1993//1902 1997//1902
f 1996//1902 1997//1902 1548//1902
f 1548//1902 1997//1902 1998//1902
f 1548//1902 1998//1902 1868//1902
f 1781//1902 1999//1902 1783//1902
f 1783//1902 1999//1902 2000//1902
f 1783//1902 2000//1902 1548//1902
f 1548//1902 2000//1902 2001//1902
f 1548//1902 2001//1902 1786//1902
f 2002//1902 1509//1902 2003//1902
f 2003//1902 1509//1902 2004//1902
f 2003//1902 2004//1902 2005//1902
f 2005//1902 2004//1902 2006//1902
f 2005//1902 2006//1902 2007//1902
f 1876//1902 2008//1902 1822//1902
f 1822//1909 2008//1909 1874//1909
f 1822//1902 1874//1902 1879//1902
f 1879//1902 1874//1902 1873//1902
f 1524//1902 1525//1902 2009//1902
f 2009//1902 1525//1902 1918//1902
f 2009//1902 1918//1902 2010//1902
f 2010//1902 1918//1902 1949//1902
f 2011//1902 2012//1902 1834//1902
f 1924//1902 1827//1902 1834//1902
f 1834//1902 1827//1902 1791//1902
f 1834//1902 1791//1902 1836//1902
f 1836//1902 1791//1902 1690//1902
f 1836//1902 1690//1902 2013//1902
f 2013//1902 1690//1902 1692//1902
f 1952//1902 2014//1902 1297//1902
f 1297//1902 2014//1902 2015//1902
f 1297//1902 2015//1902 2016//1902
f 2016//1902 2017//1902 1297//1902
f 1297//1902 2017//1902 2018//1902
f 1297//1902 2018//1902 1296//1902
f 1962//1902 2019//1902 1960//1902
f 1960//1902 2019//1902 2020//1902
f 1960//1911 2020//1911 1963//1911
f 1963//1902 2020//1902 2021//1902
f 1963//1902 2021//1902 1964//1902
f 2022//1902 2023//1902 2024//1902
f 2024//1902 2023//1902 2025//1902
f 1400//1902 1401//1902 2026//1902
f 2026//1902 1401//1902 2027//1902
f 2026//1902 2027//1902 1957//1902
f 1957//1902 2027//1902 2028//1902
f 1957//1902 2028//1902 2029//1902
f 2029//1902 2030//1902 1957//1902
f 1957//1902 2030//1902 2031//1902
f 1957//1902 2031//1902 2032//1902
f 2032//1902 2033//1902 1957//1902
f 1957//1902 2033//1902 2034//1902
f 1957//1902 2034//1902 1377//1902
f 1377//1902 2034//1902 2035//1902
f 1377//1902 2035//1902 1966//1902
f 1967//1902 2036//1902 1377//1902
f 1377//1902 2036//1902 2037//1902
f 1377//1902 2037//1902 2038//1902
f 2039//1902 2040//1902 1845//1902
f 1845//1902 2040//1902 2041//1902
f 1845//1902 2041//1902 2042//1902
f 1396//1902 1397//1902 2043//1902
f 2043//1902 1397//1902 2044//1902
f 2043//1902 2044//1902 2045//1902
f 1759//1902 2046//1902 1757//1902
f 1757//1902 2046//1902 1895//1902
f 1757//1904 1895//1904 2047//1904
f 2047//1902 1895//1902 1975//1902
f 1460//1902 1461//1902 2048//1902
f 2048//1902 1461//1902 2049//1902
f 2048//1902 2049//1902 2050//1902
f 2050//1902 2049//1902 2051//1902
f 2050//1902 2051//1902 1777//1902
f 1777//1902 2051//1902 2052//1902
f 1777//1902 2052//1902 1778//1902
f 2002//1902 2053//1902 1509//1902
f 1509//1902 2053//1902 2054//1902
f 1509//1902 2054//1902 2055//1902
f 2055//1902 2056//1902 1509//1902
f 1509//1902 2056//1902 2057//1902
f 1509//1902 2057//1902 1508//1902
f 2012//1902 2058//1902 1834//1902
f 1834//1903 2058//1903 2059//1903
f 1834//1902 2059//1902 2060//1902
f 1950//1902 1732//1902 2061//1902
f 2062//1903 2063//1903 1320//1903
f 1320//1903 2063//1903 2064//1903
f 2064//1909 2065//1909 1320//1909
f 1320//1905 2065//1905 1955//1905
f 1320//1902 1955//1902 1893//1902
f 1893//1902 1955//1902 1954//1902
f 2066//1902 2067//1902 2068//1902
f 2068//1902 2067//1902 2069//1902
f 2068//1902 2069//1902 2070//1902
f 2070//1902 2069//1902 2071//1902
f 2070//1902 2071//1902 1794//1902
f 1794//1902 2071//1902 2072//1902
f 1794//1902 2072//1902 1792//1902
f 1841//1902 2073//1902 1842//1902
f 1842//1902 2073//1902 2074//1902
f 1842//1902 2074//1902 1961//1902
f 2075//1902 2076//1902 1365//1902
f 1365//1902 2076//1902 2077//1902
f 1972//1902 2078//1902 1754//1902
f 1754//1902 2078//1902 2079//1902
f 1754//1902 2079//1902 2080//1902
f 2060//1902 2081//1902 1834//1902
f 1834//1902 2081//1902 2082//1902
f 1834//1902 2082//1902 1922//1902
f 2083//1902 1292//1902 1293//1902
f 1951//1903 2084//1903 1732//1903
f 1732//1902 2084//1902 2085//1902
f 1732//1905 2085//1905 1730//1905
f 1961//1902 1960//1902 1842//1902
f 1842//1902 1960//1902 2086//1902
f 1842//1902 2086//1902 1365//1902
f 1365//1902 2086//1902 2087//1902
f 1365//1902 2087//1902 2075//1902
f 2088//1902 2089//1902 1963//1902
f 1963//1902 2089//1902 2090//1902
f 1372//1902 1373//1902 2091//1902
f 2091//1902 1373//1902 2092//1902
f 2091//1902 2092//1902 2023//1902
f 2023//1902 2092//1902 2093//1902
f 2023//1902 2093//1902 2094//1902
f 2045//1902 2095//1902 2043//1902
f 2043//1902 2095//1902 2096//1902
f 2043//1902 2096//1902 1844//1902
f 1844//1902 2096//1902 2097//1902
f 1844//1902 2097//1902 2098//1902
f 2099//1902 2100//1902 1845//1902
f 1845//1902 2100//1902 2101//1902
f 1845//1902 2101//1902 2039//1902
f 1758//1902 2102//1902 1754//1902
f 1754//1902 2102//1902 2103//1902
f 1754//1902 2103//1902 1971//1902
f 2104//1902 2105//1902 2106//1902
f 2106//1902 2105//1902 2107//1902
f 2108//1902 2109//1902 2110//1902
f 2068//1902 2111//1902 2066//1902
f 2066//1902 2111//1902 2112//1902
f 2066//1902 2112//1902 2113//1902
f 2077//1902 2114//1902 1365//1902
f 1365//1902 2114//1902 2115//1902
f 1365//1902 2115//1902 1364//1902
f 2088//1902 1963//1902 2116//1902
f 2116//1902 1963//1902 1965//1902
f 2116//1902 1965//1902 2022//1902
f 2022//1902 1965//1902 2117//1902
f 2022//1902 2117//1902 2023//1902
f 2094//1902 2118//1902 2023//1902
f 2023//1902 2118//1902 2119//1902
f 2023//1902 2119//1902 2025//1902
f 1843//1902 1845//1902 2038//1902
f 2038//1909 1845//1909 1377//1909
f 1377//1907 1845//1907 2120//1907
f 1377//1905 2120//1905 2121//1905
f 2098//1902 2122//1902 1844//1902
f 1844//1902 2122//1902 2123//1902
f 1844//1902 2123//1902 1845//1902
f 1845//1905 2123//1905 2124//1905
f 1845//1902 2124//1902 2099//1902
f 2125//1902 2126//1902 2127//1902
f 2127//1902 2126//1902 2128//1902
f 2127//1902 2128//1902 2042//1902
f 2042//1902 2128//1902 2129//1902
f 2042//1902 2129//1902 2130//1902
f 1392//1902 1393//1902 2127//1902
f 2127//1902 1393//1902 2131//1902
f 2127//1902 2131//1902 2125//1902
f 1968//1902 2132//1902 1754//1902
f 1754//1902 2132//1902 2133//1902
f 1754//1912 2133//1912 1758//1912
f 1758//1902 2133//1902 2134//1902
f 1758//1902 2134//1902 1759//1902
f 2135//1903 2136//1903 1763//1903
f 1763//1903 2136//1903 2137//1903
f 1763//1902 2137//1902 2138//1902
f 2139//1902 2140//1902 2141//1902
f 2141//1905 2140//1905 2142//1905
f 1512//1902 1513//1902 2143//1902
f 2143//1902 1513//1902 2141//1902
f 1288//1902 1289//1902 2144//1902
f 2144//1902 1289//1902 2145//1902
f 2144//1902 2145//1902 2146//1902
f 2146//1902 2145//1902 2147//1902
f 2147//1902 2145//1902 2148//1902
f 2148//1902 2145//1902 2149//1902
f 2148//1902 2149//1902 1834//1902
f 1834//1902 2149//1902 2150//1902
f 1834//1902 2150//1902 2011//1902
f 1916//1902 2151//1902 1917//1902
f 1917//1902 2151//1902 2082//1902
f 1917//1902 2082//1902 1731//1902
f 1731//1913 2082//1913 2081//1913
f 1731//1902 2081//1902 1921//1902
f 2061//1902 1732//1902 2106//1902
f 2106//1902 1732//1902 2152//1902
f 2106//1902 2152//1902 2104//1902
f 1293//1902 2153//1902 2083//1902
f 2083//1902 2153//1902 2106//1902
f 2083//1902 2106//1902 2154//1902
f 2154//1902 2106//1902 2107//1902
f 2155//1902 2156//1902 2066//1902
f 2066//1902 2156//1902 2157//1902
f 2066//1902 2157//1902 2158//1902
f 2158//1902 2159//1902 2066//1902
f 2066//1902 2159//1902 2160//1902
f 2066//1902 2160//1902 1893//1902
f 1893//1902 2160//1902 2161//1902
f 1893//1902 2161//1902 1892//1902
f 2162//1902 2163//1902 2164//1902
f 2164//1902 2163//1902 2165//1902
f 2162//1902 2166//1902 2163//1902
f 2163//1902 2166//1902 2167//1902
f 2163//1902 2167//1902 2168//1902
f 2169//1902 2170//1902 2171//1902
f 2171//1902 2170//1902 2172//1902
f 2121//1902 2173//1902 1377//1902
f 1377//1902 2173//1902 2174//1902
f 1377//1902 2174//1902 2175//1902
f 2176//1902 2177//1902 1845//1902
f 1845//1902 2177//1902 2178//1902
f 1845//1902 2178//1902 2179//1902
f 1930//1902 1929//1902 2080//1902
f 2080//1902 1929//1902 2180//1902
f 2080//1902 2180//1902 1754//1902
f 2181//1902 2182//1902 1988//1902
f 2182//1902 2183//1902 1988//1902
f 1988//1902 2183//1902 2184//1902
f 1988//1903 2184//1903 1763//1903
f 1763//1906 2184//1906 2185//1906
f 1763//1909 2185//1909 2135//1909
f 1432//1902 1433//1902 2186//1902
f 2186//1902 1433//1902 2187//1902
f 2142//1903 2188//1903 2141//1903
f 2141//1902 2188//1902 2189//1902
f 2141//1902 2189//1902 2190//1902
f 2190//1902 2191//1902 2141//1902
f 2141//1902 2191//1902 2192//1902
f 2141//1902 2192//1902 2143//1902
f 2193//1902 2194//1902 2195//1902
f 2196//1904 2197//1904 2198//1904
f 2198//1902 2197//1902 2199//1902
f 2196//1905 2200//1905 2197//1905
f 2197//1902 2200//1902 2201//1902
f 2197//1902 2201//1902 2202//1902
f 1324//1902 1325//1902 2203//1902
f 2203//1902 1325//1902 2204//1902
f 2203//1902 2204//1902 2205//1902
f 2206//1902 2207//1902 2208//1902
f 2208//1902 2207//1902 2209//1902
f 2210//1902 2211//1902 2113//1902
f 2113//1902 2211//1902 2212//1902
f 2213//1902 2214//1902 2215//1902
f 2216//1902 2217//1902 2218//1902
f 2218//1902 2217//1902 2219//1902
f 2219//1902 2220//1902 2218//1902
f 2218//1902 2220//1902 2221//1902
f 2218//1902 2221//1902 2222//1902
f 2223//1902 2224//1902 2225//1902
f 2225//1902 2224//1902 2226//1902
f 2225//1902 2226//1902 2165//1902
f 1336//1902 1337//1902 2227//1902
f 2227//1902 1337//1902 2168//1902
f 2227//1902 2168//1902 2228//1902
f 2228//1902 2168//1902 2167//1902
f 2229//1902 2230//1902 2231//1902
f 2231//1902 2230//1902 2225//1902
f 2231//1902 2225//1902 2232//1902
f 2232//1902 2225//1902 2233//1902
f 2090//1902 2234//1902 1963//1902
f 1963//1902 2234//1902 2235//1902
f 1963//1902 2235//1902 2169//1902
f 2169//1902 2235//1902 2236//1902
f 2169//1902 2236//1902 2170//1902
f 1404//1902 1405//1902 1930//1902
f 1930//1902 1405//1902 2237//1902
f 1930//1902 2237//1902 1928//1902
f 2187//1902 2238//1902 2186//1902
f 2186//1902 2238//1902 2239//1902
f 2186//1902 2239//1902 1988//1902
f 1988//1902 2239//1902 2240//1902
f 1988//1902 2240//1902 2181//1902
f 2241//1902 2005//1902 1822//1902
f 1822//1902 2005//1902 2007//1902
f 1822//1902 2007//1902 1942//1902
f 1300//1902 1301//1902 2242//1902
f 2242//1902 1301//1902 2197//1902
f 2242//1902 2197//1902 2243//1902
f 2243//1902 2197//1902 2202//1902
f 2244//1902 2245//1902 2246//1902
f 2246//1902 2245//1902 2247//1902
f 2246//1902 2247//1902 2248//1902
f 1321//1902 2249//1902 1320//1902
f 1320//1902 2249//1902 2250//1902
f 2209//1902 2251//1902 2208//1902
f 2208//1902 2251//1902 2252//1902
f 2208//1902 2252//1902 2204//1902
f 2204//1902 2252//1902 2253//1902
f 2204//1902 2253//1902 2205//1902
f 2254//1902 2255//1902 2113//1902
f 2113//1904 2255//1904 2256//1904
f 2113//1902 2256//1902 2210//1902
f 2210//1906 2256//1906 2206//1906
f 2210//1902 2206//1902 2257//1902
f 2257//1902 2206//1902 2208//1902
f 2212//1902 2258//1902 2113//1902
f 2113//1902 2258//1902 2259//1902
f 2113//1902 2259//1902 2066//1902
f 2066//1909 2259//1909 2260//1909
f 2066//1903 2260//1903 2155//1903
f 2214//1902 2261//1902 2215//1902
f 2215//1902 2261//1902 2262//1902
f 2215//1902 2262//1902 2263//1902
f 2263//1902 2262//1902 2264//1902
f 2263//1902 2264//1902 2265//1902
f 2266//1902 2267//1902 2263//1902
f 2268//1902 1340//1902 1341//1902
f 2218//1902 2269//1902 2216//1902
f 2216//1902 2269//1902 2270//1902
f 2216//1910 2270//1910 2271//1910
f 2163//1902 2272//1902 2165//1902
f 2165//1902 2272//1902 2273//1902
f 2165//1902 2273//1902 2225//1902
f 2225//1902 2273//1902 2274//1902
f 2225//1902 2274//1902 2233//1902
f 2112//1902 2275//1902 2113//1902
f 2113//1902 2275//1902 2276//1902
f 2113//1903 2276//1903 2277//1903
f 2277//1902 2276//1902 2278//1902
f 2277//1902 2278//1902 2279//1902
f 2279//1902 2278//1902 2230//1902
f 2279//1902 2230//1902 2280//1902
f 2280//1902 2230//1902 2229//1902
f 2281//1902 2282//1902 2170//1902
f 2170//1902 2282//1902 2283//1902
f 2170//1902 2283//1902 2172//1902
f 2175//1902 2284//1902 1377//1902
f 1377//1902 2284//1902 2285//1902
f 1377//1902 2285//1902 1376//1902
f 2130//1902 2286//1902 2042//1902
f 2042//1905 2286//1905 2287//1905
f 2042//1902 2287//1902 1845//1902
f 1845//1902 2287//1902 2288//1902
f 1845//1905 2288//1905 2176//1905
f 2289//1902 2290//1902 2291//1902
f 2292//1902 2293//1902 2294//1902
f 2295//1902 2296//1902 2297//1902
f 2297//1902 2296//1902 2193//1902
f 2195//1905 2298//1905 2193//1905
f 2193//1902 2298//1902 2299//1902
f 2193//1914 2299//1914 1822//1914
f 1822//1905 2299//1905 2300//1905
f 1822//1902 2300//1902 2241//1902
f 2248//1902 2301//1902 2246//1902
f 2246//1902 2301//1902 2302//1902
f 2246//1905 2302//1905 2303//1905
f 2303//1907 2304//1907 2246//1907
f 2246//1909 2304//1909 2199//1909
f 2246//1902 2199//1902 2305//1902
f 2305//1902 2199//1902 2197//1902
f 2250//1902 2306//1902 1320//1902
f 1320//1902 2306//1902 2307//1902
f 1320//1902 2307//1902 2308//1902
f 2308//1902 2309//1902 1320//1902
f 1320//1905 2309//1905 2310//1905
f 1320//1904 2310//1904 2246//1904
f 1328//1902 1329//1902 2311//1902
f 2311//1902 1329//1902 2312//1902
f 2311//1902 2312//1902 2313//1902
f 1332//1902 1333//1902 2314//1902
f 2314//1902 1333//1902 2315//1902
f 2314//1902 2315//1902 2316//1902
f 2254//1902 2113//1902 2317//1902
f 2317//1915 2113//1915 2318//1915
f 2317//1902 2318//1902 2319//1902
f 2320//1902 2321//1902 2215//1902
f 2322//1902 2323//1902 2324//1902
f 2324//1902 2323//1902 2325//1902
f 2322//1902 2326//1902 2323//1902
f 2323//1902 2326//1902 2327//1902
f 2323//1902 2327//1902 2110//1902
f 2110//1902 2327//1902 2328//1902
f 2110//1902 2328//1902 2329//1902
f 2329//1902 2330//1902 2331//1902
f 2329//1902 2331//1902 2110//1902
f 2110//1902 2331//1902 2332//1902
f 2110//1902 2332//1902 2108//1902
f 2333//1902 2110//1902 2334//1902
f 2334//1902 2335//1902 2333//1902
f 2333//1902 2335//1902 2336//1902
f 2333//1902 2336//1902 2225//1902
f 2225//1902 2336//1902 2337//1902
f 2222//1902 2338//1902 2218//1902
f 2218//1902 2338//1902 2268//1902
f 2218//1902 2268//1902 2339//1902
f 2339//1902 2268//1902 1341//1902
f 1368//1902 1369//1902 2340//1902
f 2340//1902 1369//1902 2341//1902
f 2340//1902 2341//1902 2170//1902
f 2170//1902 2341//1902 2342//1902
f 2170//1902 2342//1902 2281//1902
f 2343//1902 2344//1902 2345//1902
f 2296//1902 2346//1902 2193//1902
f 2193//1902 2346//1902 2347//1902
f 2193//1902 2347//1902 2348//1902
f 2305//1902 2349//1902 2246//1902
f 2246//1902 2349//1902 2350//1902
f 2246//1902 2350//1902 1320//1902
f 1320//1902 2350//1902 2351//1902
f 1320//1902 2351//1902 2062//1902
f 2319//1902 2318//1902 2352//1902
f 2352//1906 2318//1906 2353//1906
f 2352//1902 2353//1902 2354//1902
f 2355//1902 2113//1902 2356//1902
f 2356//1902 2113//1902 2357//1902
f 2356//1902 2357//1902 2315//1902
f 2315//1902 2357//1902 2358//1902
f 2315//1902 2358//1902 2316//1902
f 2321//1902 2359//1902 2215//1902
f 2215//1902 2359//1902 2360//1902
f 2215//1902 2360//1902 2213//1902
f 1356//1902 1357//1902 2361//1902
f 2361//1902 1357//1902 2362//1902
f 2361//1902 2362//1902 2363//1902
f 2267//1902 2364//1902 2263//1902
f 2263//1902 2364//1902 2365//1902
f 2263//1902 2365//1902 2325//1902
f 2325//1902 2365//1902 2366//1902
f 2325//1902 2366//1902 2324//1902
f 2109//1902 2367//1902 2110//1902
f 2110//1902 2367//1902 2368//1902
f 2110//1902 2368//1902 2369//1902
f 2370//1902 2371//1902 2110//1902
f 2110//1902 2371//1902 2372//1902
f 2110//1902 2372//1902 2334//1902
f 2373//1902 2374//1902 2375//1902
f 2375//1902 2374//1902 2376//1902
f 2375//1902 2376//1902 2377//1902
f 2378//1903 2379//1903 1845//1903
f 2378//1902 2380//1902 2379//1902
f 2379//1902 2380//1902 2381//1902
f 2379//1902 2381//1902 2382//1902
f 2383//1902 2384//1902 2385//1902
f 1388//1902 1389//1902 2386//1902
f 2386//1902 1389//1902 2387//1902
f 2387//1902 2388//1902 2386//1902
f 2386//1902 2388//1902 2389//1902
f 2386//1902 2389//1902 2289//1902
f 2289//1902 2389//1902 2390//1902
f 2289//1902 2390//1902 2290//1902
f 2391//1902 2392//1902 1763//1902
f 2393//1902 2394//1902 2395//1902
f 2396//1902 2397//1902 2398//1902
f 1428//1902 1429//1902 2399//1902
f 2399//1902 1429//1902 2400//1902
f 2400//1902 2401//1902 2399//1902
f 2399//1902 2401//1902 2402//1902
f 2399//1902 2402//1902 2403//1902
f 2403//1902 2402//1902 2404//1902
f 2403//1902 2404//1902 2405//1902
f 2348//1902 2406//1902 2193//1902
f 2193//1902 2406//1902 2407//1902
f 2193//1916 2407//1916 2194//1916
f 2194//1902 2407//1902 2140//1902
f 2194//1902 2140//1902 2408//1902
f 2408//1902 2140//1902 2139//1902
f 2354//1902 2353//1902 2409//1902
f 2409//1905 2353//1905 2410//1905
f 2409//1902 2410//1902 2411//1902
f 2355//1902 2412//1902 2113//1902
f 2113//1902 2412//1902 2413//1902
f 2113//1902 2413//1902 2414//1902
f 1806//1902 1365//1902 2215//1902
f 2215//1902 1365//1902 2415//1902
f 2215//1902 2415//1902 2320//1902
f 2416//1902 2417//1902 2418//1902
f 2418//1902 2417//1902 2419//1902
f 2418//1902 2419//1902 2420//1902
f 2421//1902 2271//1902 2225//1902
f 2291//1902 2422//1902 2289//1902
f 2289//1902 2422//1902 2378//1902
f 2289//1902 2378//1902 2423//1902
f 2423//1903 2378//1903 1845//1903
f 2423//1902 1845//1902 2424//1902
f 2424//1902 1845//1902 2179//1902
f 2382//1902 2425//1902 2379//1902
f 2379//1902 2425//1902 2426//1902
f 2379//1902 2426//1902 2427//1902
f 2384//1902 2428//1902 2385//1902
f 2385//1902 2428//1902 2429//1902
f 2385//1902 2429//1902 2430//1902
f 2403//1902 2391//1902 2431//1902
f 2431//1903 2391//1903 1763//1903
f 2431//1905 1763//1905 2432//1905
f 2432//1903 1763//1903 2138//1903
f 2392//1909 2433//1909 1763//1909
f 1763//1903 2433//1903 2434//1903
f 1763//1902 2434//1902 2393//1902
f 2393//1902 2434//1902 2435//1902
f 2393//1902 2435//1902 2394//1902
f 2405//1902 2436//1902 2403//1902
f 2403//1902 2436//1902 2437//1902
f 2403//1902 2437//1902 2391//1902
f 1516//1902 1517//1902 2438//1902
f 2438//1902 1517//1902 2439//1902
f 2438//1902 2439//1902 2440//1902
f 2441//1917 2442//1917 2443//1917
f 2444//1903 2445//1903 2246//1903
f 2411//1902 2446//1902 2409//1902
f 2409//1902 2446//1902 2447//1902
f 2409//1902 2447//1902 2312//1902
f 2312//1902 2447//1902 2448//1902
f 2312//1902 2448//1902 2313//1902
f 2414//1903 2449//1903 2113//1903
f 2113//1902 2449//1902 2450//1902
f 2113//1902 2450//1902 2318//1902
f 2420//1902 2451//1902 2418//1902
f 2418//1902 2451//1902 2452//1902
f 2418//1902 2452//1902 2362//1902
f 2362//1902 2452//1902 2453//1902
f 2362//1902 2453//1902 2363//1902
f 2265//1902 2454//1902 2263//1902
f 2263//1902 2454//1902 2455//1902
f 2263//1902 2455//1902 2456//1902
f 2457//1902 2458//1902 2459//1902
f 2459//1902 2458//1902 2460//1902
f 2459//1902 2460//1902 2330//1902
f 2330//1902 2460//1902 2461//1902
f 2330//1902 2461//1902 2331//1902
f 2369//1902 2462//1902 2463//1902
f 2463//1902 2462//1902 2464//1902
f 2463//1902 2464//1902 2465//1902
f 2465//1902 2464//1902 2466//1902
f 2369//1902 2463//1902 2110//1902
f 2110//1902 2463//1902 2467//1902
f 2110//1902 2467//1902 2370//1902
f 2270//1902 2468//1902 2271//1902
f 2271//1902 2468//1902 2469//1902
f 2271//1902 2469//1902 2225//1902
f 2225//1902 2469//1902 2470//1902
f 2225//1902 2470//1902 2223//1902
f 1344//1902 1345//1902 2471//1902
f 2471//1902 1345//1902 2472//1902
f 2471//1902 2472//1902 2375//1902
f 2375//1902 2472//1902 2473//1902
f 2375//1902 2473//1902 2373//1902
f 2474//1902 2475//1902 2379//1902
f 2343//1902 2345//1902 2476//1902
f 1384//1902 1385//1902 2477//1902
f 2477//1902 1385//1902 2478//1902
f 1424//1902 1425//1902 2479//1902
f 2479//1902 1425//1902 2480//1902
f 2295//1902 2297//1902 2481//1902
f 2481//1902 2297//1902 2482//1902
f 2481//1902 2482//1902 2483//1902
f 2483//1905 2484//1905 2481//1905
f 2481//1902 2484//1902 2485//1902
f 2481//1902 2485//1902 2439//1902
f 2439//1902 2485//1902 2486//1902
f 2439//1902 2486//1902 2440//1902
f 2441//1902 2443//1902 1305//1902
f 1305//1905 2443//1905 2487//1905
f 1305//1902 2487//1902 2488//1902
f 2377//1905 2489//1905 2375//1905
f 2375//1902 2489//1902 2421//1902
f 2375//1902 2421//1902 2490//1902
f 2490//1902 2421//1902 2225//1902
f 2490//1902 2225//1902 2491//1902
f 2491//1902 2225//1902 2337//1902
f 2478//1902 2492//1902 2477//1902
f 2477//1902 2492//1902 2493//1902
f 2477//1902 2493//1902 2385//1902
f 2385//1902 2493//1902 2494//1902
f 2385//1902 2494//1902 2383//1902
f 2495//1902 2496//1902 2393//1902
f 2497//1902 2498//1902 2398//1902
f 2398//1902 2498//1902 2499//1902
f 2398//1904 2499//1904 2396//1904
f 1304//1902 1305//1902 2500//1902
f 2500//1902 1305//1902 2501//1902
f 2445//1902 2502//1902 2246//1902
f 2246//1902 2502//1902 2503//1902
f 2246//1905 2503//1905 2504//1905
f 2504//1902 2505//1902 2246//1902
f 2246//1903 2505//1903 2442//1903
f 2246//1905 2442//1905 2244//1905
f 2244//1902 2442//1902 2441//1902
f 2416//1902 2266//1902 2417//1902
f 2417//1902 2266//1902 2263//1902
f 2417//1902 2263//1902 2506//1902
f 2506//1902 2263//1902 2456//1902
f 2506//1902 2456//1902 2507//1902
f 2507//1902 2456//1902 2508//1902
f 2507//1902 2508//1902 2509//1902
f 2510//1902 1352//1902 1353//1902
f 1348//1902 1349//1902 2511//1902
f 2511//1902 1349//1902 2512//1902
f 2511//1902 2512//1902 2464//1902
f 2464//1902 2512//1902 2513//1902
f 2464//1902 2513//1902 2466//1902
f 2430//1902 2429//1902 2427//1902
f 2427//1905 2429//1905 2514//1905
f 2427//1904 2514//1904 2379//1904
f 2379//1902 2514//1902 2515//1902
f 2379//1902 2515//1902 2474//1902
f 2475//1902 2516//1902 2379//1902
f 2379//1902 2516//1902 2517//1902
f 2379//1907 2517//1907 2344//1907
f 2344//1902 2517//1902 2518//1902
f 2344//1902 2518//1902 2345//1902
f 1380//1902 1381//1902 2519//1902
f 2519//1902 1381//1902 2520//1902
f 2519//1902 2520//1902 2345//1902
f 2345//1902 2520//1902 2521//1902
f 2345//1902 2521//1902 2522//1902
f 2522//1902 2523//1902 2345//1902
f 2345//1902 2523//1902 2524//1902
f 2345//1902 2524//1902 2476//1902
f 2397//1903 2396//1903 2395//1903
f 2395//1918 2396//1918 2525//1918
f 2395//1916 2525//1916 2393//1916
f 2393//1919 2525//1919 2526//1919
f 2393//1902 2526//1902 2495//1902
f 2480//1902 2527//1902 2479//1902
f 2479//1902 2527//1902 2528//1902
f 2479//1902 2528//1902 2398//1902
f 2398//1902 2528//1902 2529//1902
f 2398//1902 2529//1902 2497//1902
f 2488//1902 2530//1902 1305//1902
f 1305//1902 2530//1902 2531//1902
f 1305//1902 2531//1902 2501//1902
f 2532//1902 2509//1902 2533//1902
f 2533//1902 2509//1902 2534//1902
f 2532//1902 2535//1902 2509//1902
f 2509//1902 2535//1902 2536//1902
f 2509//1902 2536//1902 2507//1902
f 1353//1902 2537//1902 2510//1902
f 2510//1902 2537//1902 2538//1902
f 2510//1902 2538//1902 2459//1902
f 2459//1902 2538//1902 2539//1902
f 2459//1902 2539//1902 2457//1902
f 2496//1903 2540//1903 2393//1903
f 2393//1902 2540//1902 2541//1902
f 2393//1920 2541//1920 2293//1920
f 2293//1902 2541//1902 2542//1902
f 2293//1902 2542//1902 2294//1902
f 1308//1902 1309//1902 2543//1902
f 2543//1902 1309//1902 2544//1902
f 2543//1902 2544//1902 2545//1902
f 2546//1902 2547//1902 2548//1902
f 2548//1919 2547//1919 2549//1919
f 2548//1902 2549//1902 2550//1902
f 2551//1902 2552//1902 2294//1902
f 2550//1903 2553//1903 2548//1903
f 2548//1902 2553//1902 2554//1902
f 2548//1902 2554//1902 2544//1902
f 2544//1902 2554//1902 2555//1902
f 2544//1902 2555//1902 2545//1902
f 2556//1902 2557//1902 2558//1902
f 1360//1902 1361//1902 2559//1902
f 2559//1902 1361//1902 2560//1902
f 2559//1902 2560//1902 2509//1902
f 2509//1902 2560//1902 2561//1902
f 2509//1902 2561//1902 2534//1902
f 2552//1902 2562//1902 2294//1902
f 2294//1902 2562//1902 2563//1902
f 2294//1903 2563//1903 2292//1903
f 2564//1921 2547//1921 2246//1921
f 2246//1903 2547//1903 2546//1903
f 2246//1902 2546//1902 2444//1902
f 1420//1902 1421//1902 2565//1902
f 2565//1902 1421//1902 2566//1902
f 2565//1902 2566//1902 2294//1902
f 2294//1902 2566//1902 2567//1902
f 2294//1902 2567//1902 2551//1902
f 1312//1902 1313//1902 2568//1902
f 2568//1902 1313//1902 2569//1902
f 2568//1902 2569//1902 2570//1902
f 2571//1902 2572//1902 2573//1902
f 2557//1905 2574//1905 2558//1905
f 2558//1903 2574//1903 2575//1903
f 2558//1902 2575//1902 2246//1902
f 2246//1905 2575//1905 2576//1905
f 2246//1902 2576//1902 2564//1902
f 2577//1902 2578//1902 2579//1902
f 2579//1902 2578//1902 2580//1902
f 2577//1902 2581//1902 2578//1902
f 2578//1902 2581//1902 2582//1902
f 2578//1902 2582//1902 2569//1902
f 2569//1902 2582//1902 2583//1902
f 2569//1902 2583//1902 2570//1902
f 2584//1903 2585//1903 2558//1903
f 2571//1922 2573//1922 2558//1922
f 2558//1902 2573//1902 2586//1902
f 2558//1902 2586//1902 2584//1902
f 2585//1905 2587//1905 2558//1905
f 2558//1903 2587//1903 2588//1903
f 2558//1916 2588//1916 2556//1916
f 2556//1905 2588//1905 2580//1905
f 2556//1902 2580//1902 2589//1902
f 2589//1902 2580//1902 2578//1902
f 1316//1902 1317//1902 2590//1902
f 2590//1902 1317//1902 2591//1902
f 2590//1902 2591//1902 2592//1902
f 2572//1902 2571//1902 2593//1902
f 2593//1903 2571//1903 2594//1903
f 2593//1902 2594//1902 2595//1902
f 2595//1902 2596//1902 2593//1902
f 2593//1902 2596//1902 2597//1902
f 2593//1902 2597//1902 2591//1902
f 2591//1902 2597//1902 2598//1902
f 2591//1902 2598//1902 2592//1902
f 1439//1923 1438//1923 2599//1923
f 2599//1923 1438//1923 2600//1923
f 2599//1923 2600//1923 2601//1923
f 1475//1923 1474//1923 2602//1923
f 2602//1923 1474//1923 2603//1923
f 2602//1923 2603//1923 2604//1923
f 1411//1923 1410//1923 2605//1923
f 2605//1923 1410//1923 2606//1923
f 2605//1923 2606//1923 2607//1923
f 1455//1923 1454//1923 2608//1923
f 2608//1923 1454//1923 2609//1923
f 2608//1923 2609//1923 2610//1923
f 1459//1923 1458//1923 2611//1923
f 2611//1923 1458//1923 2612//1923
f 2611//1923 2612//1923 2613//1923
f 2614//1923 2615//1923 2616//1923
f 1467//1923 1466//1923 2617//1923
f 2617//1923 1466//1923 2618//1923
f 2617//1923 2618//1923 2619//1923
f 2620//1923 2621//1923 2622//1923
f 2622//1923 2621//1923 2623//1923
f 2622//1923 2623//1923 2616//1923
f 2616//1923 2623//1923 2624//1923
f 2616//1923 2624//1923 2614//1923
f 2615//1923 2625//1923 2616//1923
f 2616//1923 2625//1923 2626//1923
f 2616//1923 2626//1923 2627//1923
f 2628//1923 2629//1923 2630//1923
f 2631//1923 2632//1923 2622//1923
f 2622//1923 2632//1923 2633//1923
f 2622//1923 2633//1923 2620//1923
f 2634//1923 2635//1923 2636//1923
f 2635//1923 2637//1923 2636//1923
f 2636//1923 2637//1923 2638//1923
f 2636//1923 2638//1923 1387//1923
f 2639//1923 2640//1923 2641//1923
f 2642//1923 1479//1923 1478//1923
f 1487//1923 1486//1923 2643//1923
f 2643//1923 1486//1923 2644//1923
f 2643//1923 2644//1923 2645//1923
f 1387//1923 1386//1923 2646//1923
f 2647//1923 2648//1923 2649//1923
f 2650//1923 2651//1923 2652//1923
f 2653//1923 2654//1923 2655//1923
f 2656//1923 1446//1923 2657//1923
f 2657//1923 1446//1923 2658//1923
f 2657//1923 2658//1923 2659//1923
f 2659//1923 2658//1923 2660//1923
f 2659//1923 2660//1923 2661//1923
f 2656//1923 2662//1923 1446//1923
f 1446//1923 2662//1923 2663//1923
f 1446//1923 2663//1923 2664//1923
f 2664//1923 2665//1923 1446//1923
f 1446//1923 2665//1923 2666//1923
f 1446//1923 2666//1923 1447//1923
f 1443//1923 1442//1923 2667//1923
f 2667//1923 1442//1923 2668//1923
f 1451//1923 1450//1923 2669//1923
f 2669//1923 1450//1923 2670//1923
f 2669//1923 2670//1923 2626//1923
f 2626//1923 2670//1923 2671//1923
f 2626//1923 2671//1923 2627//1923
f 2672//1923 2673//1923 2674//1923
f 2675//1923 2676//1923 2636//1923
f 2636//1923 2676//1923 2677//1923
f 2636//1923 2677//1923 2634//1923
f 2678//1923 2679//1923 2680//1923
f 2681//1923 1315//1923 1314//1923
f 1518//1923 2682//1923 2683//1923
f 2683//1923 2682//1923 2684//1923
f 2683//1923 2684//1923 2685//1923
f 2686//1923 2687//1923 2688//1923
f 2688//1923 2687//1923 2689//1923
f 2690//1923 2691//1923 2692//1923
f 2692//1923 2691//1923 2693//1923
f 2690//1923 2694//1923 2691//1923
f 2691//1923 2694//1923 2695//1923
f 2691//1923 2695//1923 2696//1923
f 1407//1923 1406//1923 2697//1923
f 2697//1923 1406//1923 2698//1923
f 1399//1923 1398//1923 2699//1923
f 2699//1923 1398//1923 2700//1923
f 2699//1923 2700//1923 2701//1923
f 2702//1923 2703//1923 2704//1923
f 2704//1923 2703//1923 2705//1923
f 2704//1923 2705//1923 2700//1923
f 2700//1923 2705//1923 2706//1923
f 2700//1923 2706//1923 2701//1923
f 2646//1923 2707//1923 1387//1923
f 1387//1923 2707//1923 2708//1923
f 1387//1923 2708//1923 2709//1923
f 2710//1923 2711//1923 2712//1923
f 2712//1923 2711//1923 2713//1923
f 2712//1923 2713//1923 2714//1923
f 2715//1923 2716//1923 2717//1923
f 2717//1923 2716//1923 2630//1923
f 2717//1923 2630//1923 2718//1923
f 2718//1923 2630//1923 2629//1923
f 2715//1923 2719//1923 2716//1923
f 2716//1923 2719//1923 2720//1923
f 2716//1923 2720//1923 2636//1923
f 2636//1923 2720//1923 2721//1923
f 2636//1923 2721//1923 2675//1923
f 2722//1923 2723//1923 2724//1923
f 2724//1923 2723//1923 2725//1923
f 2726//1923 1355//1923 1354//1923
f 2685//1923 2727//1923 2683//1923
f 2683//1923 2727//1923 2728//1923
f 2683//1923 2728//1923 2729//1923
f 2729//1923 2728//1923 2730//1923
f 2729//1923 2730//1923 2731//1923
f 2732//1923 2733//1923 2734//1923
f 2734//1923 2733//1923 2735//1923
f 2736//1923 2737//1923 2734//1923
f 2738//1923 2739//1923 2740//1923
f 2740//1923 2739//1923 2741//1923
f 2740//1923 2741//1923 2742//1923
f 2743//1923 2744//1923 1518//1923
f 1518//1923 2744//1923 2745//1923
f 2746//1923 2747//1923 2748//1923
f 2748//1923 2747//1923 2749//1923
f 2686//1923 2750//1923 2687//1923
f 2687//1923 2750//1923 2751//1923
f 2687//1923 2751//1923 2752//1923
f 2639//1923 2641//1923 2753//1923
f 1483//1923 1482//1923 2754//1923
f 2754//1923 1482//1923 2755//1923
f 2754//1923 2755//1923 2756//1923
f 2757//1923 2758//1923 2759//1923
f 2760//1923 2761//1923 2762//1923
f 2763//1923 2764//1923 2653//1923
f 2653//1923 2764//1923 2765//1923
f 2653//1923 2765//1923 2654//1923
f 2654//1923 2765//1923 2766//1923
f 2654//1923 2766//1923 2767//1923
f 2767//1923 2766//1923 2768//1923
f 2769//1923 2770//1923 2771//1923
f 2604//1923 2772//1923 2602//1923
f 2602//1923 2772//1923 2773//1923
f 2602//1923 2773//1923 2774//1923
f 2774//1923 2773//1923 2775//1923
f 2774//1923 2775//1923 2776//1923
f 2777//1923 2778//1923 2653//1923
f 2653//1923 2778//1923 2779//1923
f 2653//1923 2779//1923 1478//1923
f 1478//1923 2779//1923 2780//1923
f 2781//1923 2782//1923 2693//1923
f 2783//1923 2784//1923 2661//1923
f 2661//1923 2784//1923 2785//1923
f 2696//1923 2659//1923 2691//1923
f 2691//1923 2659//1923 2661//1923
f 2691//1923 2661//1923 2786//1923
f 2786//1923 2661//1923 2785//1923
f 2787//1923 2672//1923 2788//1923
f 2788//1923 2672//1923 2674//1923
f 2788//1923 2674//1923 2704//1923
f 2704//1923 2674//1923 2789//1923
f 2704//1923 2789//1923 2702//1923
f 2790//1923 2791//1923 2792//1923
f 2709//1923 2793//1923 1387//1923
f 1387//1923 2793//1923 2794//1923
f 1387//1923 2794//1923 2636//1923
f 2636//1923 2794//1923 2795//1923
f 2636//1923 2795//1923 2616//1923
f 2616//1923 2795//1923 2672//1923
f 2616//1923 2672//1923 2622//1923
f 2622//1923 2672//1923 2787//1923
f 2714//1923 2796//1923 2712//1923
f 2712//1923 2796//1923 2797//1923
f 2712//1923 2797//1923 2798//1923
f 1383//1923 1382//1923 2799//1923
f 2799//1923 1382//1923 2712//1923
f 2799//1923 2712//1923 2800//1923
f 2800//1923 2712//1923 2798//1923
f 2801//1923 2802//1923 2803//1923
f 2804//1923 2805//1923 2806//1923
f 2806//1923 2805//1923 2807//1923
f 2808//1923 2809//1923 2805//1923
f 2810//1923 2811//1923 2812//1923
f 2729//1923 2734//1923 2812//1923
f 2812//1923 2734//1923 2813//1923
f 2812//1923 2813//1923 2814//1923
f 1299//1923 1298//1923 2815//1923
f 2815//1923 1298//1923 2816//1923
f 2815//1923 2816//1923 2817//1923
f 2731//1923 2818//1923 2729//1923
f 2729//1923 2818//1923 2819//1923
f 2729//1923 2819//1923 2734//1923
f 2734//1923 2819//1923 2820//1923
f 2734//1923 2820//1923 2732//1923
f 2743//1923 1518//1923 2821//1923
f 2821//1923 1518//1923 2683//1923
f 2821//1923 2683//1923 2822//1923
f 2823//1923 2824//1923 2825//1923
f 2825//1923 2824//1923 2826//1923
f 2825//1923 2826//1923 2827//1923
f 2828//1923 2829//1923 2830//1923
f 2831//1923 2832//1923 2833//1923
f 2833//1923 2832//1923 2834//1923
f 2833//1923 2834//1923 2835//1923
f 2836//1923 2837//1923 2838//1923
f 2610//1923 2839//1923 2608//1923
f 2608//1923 2839//1923 2840//1923
f 2608//1923 2840//1923 2653//1923
f 2653//1923 2840//1923 2841//1923
f 2766//1923 2842//1923 2768//1923
f 2768//1923 2842//1923 2843//1923
f 2768//1923 2843//1923 2844//1923
f 2845//1923 2846//1923 2777//1923
f 2777//1923 2846//1923 2847//1923
f 2777//1923 2847//1923 2848//1923
f 2780//1923 2849//1923 1478//1923
f 1478//1923 2849//1923 2850//1923
f 1478//1923 2850//1923 2851//1923
f 1395//1923 1394//1923 2852//1923
f 2852//1923 1394//1923 2853//1923
f 2852//1923 2853//1923 2854//1923
f 2855//1923 2856//1923 2857//1923
f 2857//1923 2856//1923 2858//1923
f 2855//1923 2859//1923 2856//1923
f 2856//1923 2859//1923 2860//1923
f 2856//1923 2860//1923 2853//1923
f 2853//1923 2860//1923 2861//1923
f 2853//1923 2861//1923 2854//1923
f 2791//1923 2862//1923 2792//1923
f 2792//1923 2862//1923 2863//1923
f 2792//1923 2863//1923 2672//1923
f 2672//1923 2863//1923 2864//1923
f 2672//1923 2864//1923 2673//1923
f 2865//1923 2866//1923 2867//1923
f 2867//1923 2866//1923 2868//1923
f 2722//1923 2869//1923 2723//1923
f 2723//1923 2869//1923 2870//1923
f 2723//1923 2870//1923 2871//1923
f 2871//1923 2870//1923 2872//1923
f 2871//1923 2872//1923 2716//1923
f 2716//1923 2872//1923 2873//1923
f 2716//1923 2873//1923 2630//1923
f 2807//1923 2805//1923 2874//1923
f 2874//1923 2805//1923 2875//1923
f 2874//1923 2875//1923 1318//1923
f 2876//1923 2877//1923 2878//1923
f 2878//1923 2877//1923 2879//1923
f 2880//1923 2881//1923 2875//1923
f 2875//1923 2881//1923 2882//1923
f 2883//1923 2884//1923 2885//1923
f 2885//1923 2884//1923 2886//1923
f 2885//1923 2886//1923 2887//1923
f 2736//1923 2734//1923 2888//1923
f 2822//1923 2683//1923 2889//1923
f 2889//1923 2683//1923 2890//1923
f 2889//1923 2890//1923 2891//1923
f 2745//1923 2892//1923 1518//1923
f 1518//1923 2892//1923 2893//1923
f 1518//1923 2893//1923 1519//1923
f 2894//1923 2895//1923 2896//1923
f 2896//1923 2895//1923 2897//1923
f 2896//1923 2897//1923 2898//1923
f 2899//1923 2689//1923 2828//1923
f 2828//1923 2689//1923 2687//1923
f 2828//1923 2687//1923 2890//1923
f 2890//1923 2687//1923 2900//1923
f 2890//1923 2900//1923 2901//1923
f 2748//1923 2902//1923 2890//1923
f 2890//1923 2902//1923 2903//1923
f 2890//1923 2903//1923 2891//1923
f 1478//1923 2904//1923 2653//1923
f 2653//1923 2904//1923 2905//1923
f 2653//1923 2905//1923 2828//1923
f 2828//1923 2905//1923 2906//1923
f 2828//1923 2906//1923 2829//1923
f 2830//1923 2907//1923 2828//1923
f 2828//1923 2907//1923 2908//1923
f 2828//1923 2908//1923 2899//1923
f 2756//1923 2909//1923 2754//1923
f 2754//1923 2909//1923 2910//1923
f 2754//1923 2910//1923 2641//1923
f 2641//1923 2910//1923 2911//1923
f 2641//1923 2911//1923 2753//1923
f 1463//1923 1462//1923 2912//1923
f 2912//1923 1462//1923 2833//1923
f 2912//1923 2833//1923 2913//1923
f 2913//1923 2833//1923 2835//1923
f 2836//1923 2838//1923 2757//1923
f 2757//1923 2838//1923 2914//1923
f 2757//1923 2914//1923 2915//1923
f 2759//1923 2916//1923 2757//1923
f 2757//1923 2916//1923 2917//1923
f 2757//1923 2917//1923 2918//1923
f 2918//1923 2917//1923 2919//1923
f 2918//1923 2919//1923 2920//1923
f 2761//1923 2921//1923 2762//1923
f 2762//1923 2921//1923 2922//1923
f 2762//1923 2922//1923 2923//1923
f 2841//1923 2924//1923 2653//1923
f 2653//1923 2924//1923 2925//1923
f 2653//1923 2925//1923 2918//1923
f 2770//1923 2926//1923 2771//1923
f 2771//1923 2926//1923 2768//1923
f 2771//1923 2768//1923 2927//1923
f 2927//1923 2768//1923 2844//1923
f 2655//1923 2928//1923 2653//1923
f 2653//1923 2928//1923 2929//1923
f 2653//1923 2929//1923 2777//1923
f 2777//1923 2929//1923 2930//1923
f 2777//1923 2930//1923 2845//1923
f 2776//1923 2931//1923 2774//1923
f 2774//1923 2931//1923 2777//1923
f 2774//1923 2777//1923 2932//1923
f 2932//1923 2777//1923 2848//1923
f 2851//1923 2933//1923 1478//1923
f 1478//1923 2933//1923 2934//1923
f 1478//1923 2934//1923 2642//1923
f 2935//1923 2936//1923 2691//1923
f 2691//1923 2936//1923 2937//1923
f 2691//1923 2937//1923 2938//1923
f 2668//1923 2939//1923 2667//1923
f 2667//1923 2939//1923 2940//1923
f 2667//1923 2940//1923 2941//1923
f 2941//1923 2940//1923 2693//1923
f 2942//1923 2943//1923 2944//1923
f 2944//1923 2945//1923 2942//1923
f 2942//1923 2945//1923 2946//1923
f 2942//1923 2946//1923 2947//1923
f 2947//1923 2946//1923 2948//1923
f 2947//1923 2948//1923 2783//1923
f 2783//1923 2948//1923 2949//1923
f 2783//1923 2949//1923 2784//1923
f 2950//1923 2951//1923 2630//1923
f 1371//1923 1370//1923 2952//1923
f 2952//1923 1370//1923 2953//1923
f 2952//1923 2953//1923 2954//1923
f 2955//1923 2723//1923 2956//1923
f 2956//1923 2723//1923 2803//1923
f 2956//1923 2803//1923 2957//1923
f 2957//1923 2803//1923 2802//1923
f 2958//1923 2959//1923 2960//1923
f 2960//1923 2959//1923 2961//1923
f 2960//1923 2961//1923 2962//1923
f 2963//1923 2964//1923 2965//1923
f 2966//1923 2967//1923 2968//1923
f 2968//1923 2967//1923 2969//1923
f 2966//1923 2970//1923 2967//1923
f 2967//1923 2970//1923 2963//1923
f 2967//1923 2963//1923 2971//1923
f 2972//1923 2805//1923 2973//1923
f 2804//1923 2974//1923 2805//1923
f 2805//1923 2974//1923 2975//1923
f 2805//1923 2975//1923 2808//1923
f 2809//1923 2976//1923 2805//1923
f 2805//1923 2976//1923 2977//1923
f 2805//1923 2977//1923 2978//1923
f 2979//1923 2980//1923 2878//1923
f 2878//1923 2980//1923 2981//1923
f 2878//1923 2981//1923 2982//1923
f 2983//1923 2984//1923 2878//1923
f 2878//1923 2984//1923 2985//1923
f 2878//1923 2985//1923 2876//1923
f 2680//1923 2679//1923 2986//1923
f 1323//1923 1322//1923 2987//1923
f 2987//1923 1322//1923 2988//1923
f 2987//1923 2988//1923 2989//1923
f 2989//1923 2988//1923 2990//1923
f 2812//1923 2811//1923 2875//1923
f 2875//1923 2811//1923 2991//1923
f 2875//1923 2991//1923 2880//1923
f 2817//1923 2992//1923 2815//1923
f 2815//1923 2992//1923 2993//1923
f 2815//1923 2993//1923 2994//1923
f 2887//1923 2995//1923 2885//1923
f 2885//1923 2995//1923 2996//1923
f 2885//1923 2996//1923 2997//1923
f 2737//1923 2998//1923 2734//1923
f 2734//1923 2998//1923 2999//1923
f 2734//1923 2999//1923 3000//1923
f 1523//1923 1522//1923 3001//1923
f 3001//1923 1522//1923 3002//1923
f 3001//1923 3002//1923 2740//1923
f 2740//1923 3002//1923 3003//1923
f 2740//1923 3003//1923 2738//1923
f 1515//1923 1514//1923 3004//1923
f 3004//1923 1514//1923 3005//1923
f 3006//1923 3007//1923 3008//1923
f 3009//1923 3010//1923 2652//1923
f 2837//1923 3011//1923 2838//1923
f 2838//1923 3011//1923 3012//1923
f 2838//1923 3012//1923 3013//1923
f 3014//1923 3015//1923 2833//1923
f 2833//1923 3015//1923 3016//1923
f 2833//1923 3016//1923 2831//1923
f 2619//1923 3017//1923 2617//1923
f 2617//1923 3017//1923 3018//1923
f 2617//1923 3018//1923 3019//1923
f 3019//1923 3018//1923 2762//1923
f 3019//1923 2762//1923 3020//1923
f 3020//1923 2762//1923 2923//1923
f 2763//1923 2653//1923 3021//1923
f 3021//1923 2653//1923 2918//1923
f 3021//1923 2918//1923 2762//1923
f 2762//1923 2918//1923 2920//1923
f 2762//1923 2920//1923 2760//1923
f 2938//1923 3022//1923 2691//1923
f 2691//1923 3022//1923 3023//1923
f 2691//1923 3023//1923 2693//1923
f 2693//1923 3023//1923 3024//1923
f 2693//1923 3024//1923 2781//1923
f 2782//1923 3025//1923 2693//1923
f 2693//1923 3025//1923 3026//1923
f 2693//1923 3026//1923 2941//1923
f 2631//1923 2622//1923 3027//1923
f 3027//1923 2622//1923 3028//1923
f 3027//1923 3028//1923 2783//1923
f 2783//1923 3028//1923 3029//1923
f 2783//1923 3029//1923 2947//1923
f 3030//1923 3031//1923 3032//1923
f 1379//1923 1378//1923 3033//1923
f 3033//1923 1378//1923 3034//1923
f 3033//1923 3034//1923 3035//1923
f 3036//1923 3037//1923 3038//1923
f 3038//1923 3037//1923 3039//1923
f 3039//1923 3040//1923 3038//1923
f 3038//1923 3040//1923 3041//1923
f 3038//1923 3041//1923 3034//1923
f 3034//1923 3041//1923 3042//1923
f 3034//1923 3042//1923 3035//1923
f 2951//1923 3043//1923 2630//1923
f 2630//1923 3043//1923 2711//1923
f 2630//1923 2711//1923 2628//1923
f 2628//1923 2711//1923 2710//1923
f 2865//1923 3044//1923 2866//1923
f 2866//1923 3044//1923 3045//1923
f 2866//1923 3045//1923 2953//1923
f 2953//1923 3045//1923 3046//1923
f 2953//1923 3046//1923 2954//1923
f 3047//1923 3048//1923 3049//1923
f 3049//1923 3048//1923 3050//1923
f 3049//1923 3050//1923 3051//1923
f 2955//1923 3052//1923 2723//1923
f 2723//1923 3052//1923 2868//1923
f 2723//1923 2868//1923 2725//1923
f 2725//1923 2868//1923 2866//1923
f 2871//1923 3053//1923 3054//1923
f 1346//1923 3055//1923 1347//1923
f 1347//1923 3055//1923 3056//1923
f 1347//1923 3056//1923 3057//1923
f 3058//1923 3059//1923 2972//1923
f 2871//1923 3060//1923 3061//1923
f 2965//1923 3062//1923 2963//1923
f 2963//1923 3062//1923 3063//1923
f 2963//1923 3063//1923 2971//1923
f 1335//1923 1334//1923 3064//1923
f 3064//1923 1334//1923 3065//1923
f 3064//1923 3065//1923 2967//1923
f 2967//1923 3065//1923 3066//1923
f 2967//1923 3066//1923 2969//1923
f 3067//1923 3068//1923 3069//1923
f 3069//1923 3068//1923 3070//1923
f 3067//1923 3071//1923 3068//1923
f 3068//1923 3071//1923 3072//1923
f 3068//1923 3072//1923 3073//1923
f 3074//1923 3075//1923 3076//1923
f 3076//1923 3077//1923 3074//1923
f 3074//1923 3077//1923 2973//1923
f 3074//1923 2973//1923 3078//1923
f 3078//1923 2973//1923 2805//1923
f 3078//1923 2805//1923 2963//1923
f 3057//1923 3058//1923 1347//1923
f 1347//1923 3058//1923 2972//1923
f 1347//1923 2972//1923 3079//1923
f 2964//1923 2963//1923 3080//1923
f 3080//1923 2963//1923 2805//1923
f 3080//1923 2805//1923 2878//1923
f 2878//1923 2805//1923 2978//1923
f 2878//1923 2978//1923 2979//1923
f 2983//1923 2878//1923 3081//1923
f 3081//1923 2878//1923 2982//1923
f 3081//1923 2982//1923 2989//1923
f 3082//1923 3083//1923 3084//1923
f 3085//1923 3086//1923 2680//1923
f 2990//1923 3087//1923 2989//1923
f 2989//1923 3087//1923 3088//1923
f 2989//1923 3088//1923 3089//1923
f 3089//1923 3090//1923 2989//1923
f 2989//1923 3090//1923 3091//1923
f 2989//1923 3091//1923 3081//1923
f 3092//1923 3093//1923 2812//1923
f 2812//1923 3093//1923 3094//1923
f 2812//1923 3094//1923 3095//1923
f 3095//1923 3096//1923 2812//1923
f 2812//1923 3096//1923 3097//1923
f 2812//1923 3097//1923 3098//1923
f 3099//1923 3100//1923 2649//1923
f 3101//1923 3102//1923 3103//1923
f 3103//1923 3102//1923 3104//1923
f 3105//1923 3106//1923 2889//1923
f 3105//1923 3107//1923 3106//1923
f 3106//1923 3107//1923 3108//1923
f 3106//1923 3108//1923 3109//1923
f 3109//1923 3110//1923 3106//1923
f 3106//1923 3110//1923 3111//1923
f 3106//1923 3111//1923 3112//1923
f 1507//1923 1506//1923 3113//1923
f 3113//1923 1506//1923 3114//1923
f 3113//1923 3114//1923 2896//1923
f 2896//1923 3114//1923 3115//1923
f 2896//1923 3115//1923 2894//1923
f 2901//1923 3116//1923 2890//1923
f 2890//1923 3116//1923 3117//1923
f 2890//1923 3117//1923 2748//1923
f 2748//1923 3117//1923 3118//1923
f 2748//1923 3118//1923 2746//1923
f 3119//1923 3120//1923 3121//1923
f 3010//1923 3122//1923 2652//1923
f 2652//1923 3122//1923 3123//1923
f 2652//1923 3123//1923 2650//1923
f 1495//1923 1494//1923 3124//1923
f 3124//1923 1494//1923 3125//1923
f 3124//1923 3125//1923 2825//1923
f 2825//1923 3125//1923 3126//1923
f 2825//1923 3126//1923 2823//1923
f 3127//1923 3128//1923 3129//1923
f 1471//1923 1470//1923 3130//1923
f 3130//1923 1470//1923 2769//1923
f 3130//1923 2769//1923 3131//1923
f 3131//1923 2769//1923 2771//1923
f 3132//1923 3133//1923 2935//1923
f 2935//1923 3133//1923 3134//1923
f 3135//1923 2942//1923 3136//1923
f 3136//1923 2942//1923 3137//1923
f 3054//1923 3138//1923 2871//1923
f 2871//1923 3138//1923 3139//1923
f 2871//1923 3139//1923 2723//1923
f 1351//1923 1350//1923 3140//1923
f 3140//1923 1350//1923 3141//1923
f 3140//1923 3141//1923 3142//1923
f 3143//1923 3144//1923 2871//1923
f 3145//1923 3146//1923 3147//1923
f 3147//1923 3146//1923 3075//1923
f 3147//1923 3075//1923 3148//1923
f 3149//1923 3150//1923 3151//1923
f 3151//1923 3150//1923 3152//1923
f 2973//1923 3153//1923 2972//1923
f 2972//1923 3153//1923 3154//1923
f 2972//1923 3154//1923 3155//1923
f 2972//1923 3156//1923 3157//1923
f 1307//1923 1306//1923 3158//1923
f 3158//1923 1306//1923 3159//1923
f 3158//1923 3159//1923 3098//1923
f 2882//1923 3160//1923 2875//1923
f 2875//1923 3160//1923 3161//1923
f 2875//1923 3161//1923 3162//1923
f 3162//1923 3161//1923 3163//1923
f 3162//1923 3163//1923 3164//1923
f 1311//1923 1310//1923 3165//1923
f 3165//1923 1310//1923 3166//1923
f 3165//1923 3166//1923 3167//1923
f 3167//1923 3166//1923 3168//1923
f 3167//1923 3168//1923 3169//1923
f 3169//1923 3170//1923 3167//1923
f 3167//1923 3170//1923 3171//1923
f 3167//1923 3171//1923 3172//1923
f 3172//1923 3173//1923 3167//1923
f 3167//1923 3173//1923 3174//1923
f 3167//1923 3174//1923 3175//1923
f 3176//1923 3092//1923 3177//1923
f 3177//1923 3092//1923 2812//1923
f 3177//1923 2812//1923 3178//1923
f 3178//1923 2812//1923 2814//1923
f 3179//1923 3180//1923 2993//1923
f 2993//1923 3180//1923 3181//1923
f 1291//1923 1290//1923 3182//1923
f 3182//1923 1290//1923 3183//1923
f 3182//1923 3183//1923 3103//1923
f 3103//1923 3183//1923 3184//1923
f 3103//1923 3184//1923 3101//1923
f 2997//1923 3185//1923 2885//1923
f 2885//1923 3185//1923 3103//1923
f 2885//1923 3103//1923 3186//1923
f 3186//1923 3103//1923 3104//1923
f 2883//1923 2888//1923 2884//1923
f 2884//1923 2888//1923 2734//1923
f 2884//1923 2734//1923 3187//1923
f 3188//1923 3189//1923 3190//1923
f 3190//1923 3189//1923 3191//1923
f 3190//1923 3191//1923 3192//1923
f 3000//1923 3193//1923 2734//1923
f 2734//1923 3193//1923 3190//1923
f 2734//1923 3190//1923 3194//1923
f 3194//1923 3190//1923 3192//1923
f 2898//1923 3195//1923 2896//1923
f 2896//1923 3195//1923 3105//1923
f 2896//1923 3105//1923 3196//1923
f 3196//1923 3105//1923 2889//1923
f 3196//1923 2889//1923 3197//1923
f 3197//1923 2889//1923 2891//1923
f 3198//1923 3199//1923 2748//1923
f 3200//1923 3201//1923 3006//1923
f 2613//1923 3202//1923 2611//1923
f 2611//1923 3202//1923 3203//1923
f 2611//1923 3203//1923 3204//1923
f 3204//1923 3203//1923 2838//1923
f 3204//1923 2838//1923 3205//1923
f 3205//1923 2838//1923 3013//1923
f 2601//1923 3206//1923 2599//1923
f 2599//1923 3206//1923 3207//1923
f 2599//1923 3207//1923 3208//1923
f 3208//1923 3207//1923 2935//1923
f 3208//1923 2935//1923 3209//1923
f 3209//1923 2935//1923 3134//1923
f 1403//1923 1402//1923 3210//1923
f 3210//1923 1402//1923 3211//1923
f 3210//1923 3211//1923 3212//1923
f 3137//1923 2942//1923 3213//1923
f 3213//1923 2942//1923 3214//1923
f 3213//1923 3214//1923 3215//1923
f 2698//1923 3216//1923 2697//1923
f 2697//1923 3216//1923 3217//1923
f 2697//1923 3217//1923 3218//1923
f 3218//1923 3217//1923 2943//1923
f 3218//1923 2943//1923 3219//1923
f 3219//1923 2943//1923 3220//1923
f 1391//1923 1390//1923 3221//1923
f 3221//1923 1390//1923 3222//1923
f 3221//1923 3222//1923 3223//1923
f 3224//1923 3225//1923 2630//1923
f 2630//1923 3225//1923 3226//1923
f 2630//1923 3226//1923 3227//1923
f 3227//1923 3228//1923 2630//1923
f 2630//1923 3228//1923 3229//1923
f 2630//1923 3229//1923 3230//1923
f 3051//1923 3231//1923 3049//1923
f 3049//1923 3231//1923 3232//1923
f 3049//1923 3232//1923 3233//1923
f 3234//1923 3141//1923 3235//1923
f 3235//1923 3236//1923 3234//1923
f 3234//1923 3236//1923 3237//1923
f 3234//1923 3237//1923 3238//1923
f 3234//1923 3239//1923 3141//1923
f 3141//1923 3239//1923 3240//1923
f 3141//1923 3240//1923 3241//1923
f 3237//1923 3242//1923 3238//1923
f 3238//1923 3242//1923 3243//1923
f 3238//1923 3243//1923 3244//1923
f 3143//1923 2871//1923 2960//1923
f 3245//1923 3246//1923 2961//1923
f 2961//1923 3246//1923 3247//1923
f 2961//1923 3247//1923 2962//1923
f 3152//1923 3248//1923 3151//1923
f 3151//1923 3248//1923 3249//1923
f 3151//1923 3249//1923 3073//1923
f 3073//1923 3249//1923 3250//1923
f 3073//1923 3250//1923 3068//1923
f 1339//1923 1338//1923 3251//1923
f 3251//1923 1338//1923 3252//1923
f 3251//1923 3252//1923 3068//1923
f 3068//1923 3252//1923 3253//1923
f 3068//1923 3253//1923 3070//1923
f 3155//1923 3254//1923 2972//1923
f 2972//1923 3254//1923 3255//1923
f 2972//1923 3255//1923 3156//1923
f 3157//1923 3256//1923 2972//1923
f 2972//1923 3256//1923 3257//1923
f 2972//1923 3257//1923 3079//1923
f 3159//1923 3258//1923 3098//1923
f 3098//1923 3258//1923 3259//1923
f 3098//1923 3259//1923 2812//1923
f 2812//1923 3259//1923 3260//1923
f 2812//1923 3260//1923 2810//1923
f 1319//1923 1318//1923 3261//1923
f 3261//1923 1318//1923 3262//1923
f 3175//1923 3174//1923 3164//1923
f 3164//1923 3174//1923 3263//1923
f 3164//1923 3263//1923 3162//1923
f 3263//1923 3264//1923 3162//1923
f 3162//1923 3264//1923 3265//1923
f 3162//1923 3265//1923 3266//1923
f 3267//1923 3268//1923 3269//1923
f 3269//1923 3268//1923 3270//1923
f 3176//1923 3271//1923 3092//1923
f 3092//1923 3271//1923 3272//1923
f 3092//1923 3272//1923 3273//1923
f 3100//1923 3274//1923 2649//1923
f 2649//1923 3274//1923 3275//1923
f 2649//1923 3275//1923 2647//1923
f 2742//1923 3276//1923 2740//1923
f 2740//1923 3276//1923 3187//1923
f 2740//1923 3187//1923 3277//1923
f 3277//1923 3187//1923 2734//1923
f 3277//1923 2734//1923 3278//1923
f 3278//1923 2734//1923 2735//1923
f 3279//1923 3280//1923 3106//1923
f 3281//1923 3282//1923 3283//1923
f 3283//1923 3282//1923 3284//1923
f 2827//1923 3285//1923 2825//1923
f 2825//1923 3285//1923 3198//1923
f 2825//1923 3198//1923 3286//1923
f 3286//1923 3198//1923 2748//1923
f 3286//1923 2748//1923 3287//1923
f 3287//1923 2748//1923 2749//1923
f 3199//1923 3288//1923 2748//1923
f 2748//1923 3288//1923 3289//1923
f 2748//1923 3289//1923 3006//1923
f 3006//1923 3289//1923 3290//1923
f 3006//1923 3290//1923 3007//1923
f 3291//1923 2687//1923 3292//1923
f 3292//1923 2687//1923 2752//1923
f 3292//1923 2752//1923 2640//1923
f 2640//1923 2752//1923 3293//1923
f 2640//1923 3293//1923 2641//1923
f 3129//1923 3294//1923 3127//1923
f 3127//1923 3294//1923 3295//1923
f 3127//1923 3295//1923 3296//1923
f 3296//1923 3295//1923 3297//1923
f 3298//1923 3299//1923 2943//1923
f 2943//1923 3299//1923 3300//1923
f 2943//1923 3300//1923 3220//1923
f 3301//1923 3302//1923 3303//1923
f 3303//1923 3302//1923 3304//1923
f 3303//1923 3304//1923 3222//1923
f 3222//1923 3304//1923 3305//1923
f 3222//1923 3305//1923 3223//1923
f 3306//1923 3307//1923 2792//1923
f 3038//1923 3308//1923 3036//1923
f 3036//1923 3308//1923 3309//1923
f 3036//1923 3309//1923 3230//1923
f 3230//1923 3309//1923 3310//1923
f 3230//1923 3310//1923 2630//1923
f 2630//1923 3310//1923 3311//1923
f 2630//1923 3311//1923 2950//1923
f 1367//1923 1366//1923 3312//1923
f 3312//1923 1366//1923 3049//1923
f 3312//1923 3049//1923 3313//1923
f 3313//1923 3049//1923 3233//1923
f 3314//1923 3315//1923 2803//1923
f 3241//1923 3316//1923 3141//1923
f 3141//1923 3316//1923 3317//1923
f 3141//1923 3317//1923 3142//1923
f 3059//1923 3318//1923 2972//1923
f 2972//1923 3318//1923 3319//1923
f 2972//1923 3319//1923 3320//1923
f 3321//1923 3322//1923 3323//1923
f 1354//1923 3324//1923 2726//1923
f 2726//1923 3324//1923 3325//1923
f 2726//1923 3325//1923 2961//1923
f 2961//1923 3325//1923 3326//1923
f 2961//1923 3326//1923 3245//1923
f 3327//1923 3328//1923 3075//1923
f 3075//1923 3328//1923 3329//1923
f 3075//1923 3329//1923 3148//1923
f 3086//1923 3330//1923 2680//1923
f 2680//1923 3330//1923 3331//1923
f 2680//1923 3331//1923 2678//1923
f 3162//1923 3332//1923 2875//1923
f 2875//1923 3332//1923 3333//1923
f 2875//1923 3333//1923 1318//1923
f 1318//1923 3333//1923 3334//1923
f 1318//1923 3334//1923 3335//1923
f 3335//1923 3336//1923 1318//1923
f 1318//1923 3336//1923 3337//1923
f 1318//1923 3337//1923 3262//1923
f 3266//1923 3338//1923 3162//1923
f 3162//1923 3338//1923 3339//1923
f 3162//1923 3339//1923 3340//1923
f 3339//1923 3341//1923 3340//1923
f 3340//1923 3341//1923 3269//1923
f 3340//1923 3269//1923 3342//1923
f 3342//1923 3269//1923 3270//1923
f 3179//1923 3343//1923 3180//1923
f 3180//1923 3343//1923 3344//1923
f 3180//1923 3344//1923 3345//1923
f 3346//1923 3347//1923 3273//1923
f 3273//1923 3347//1923 3348//1923
f 3273//1923 3348//1923 3349//1923
f 3181//1923 3350//1923 2993//1923
f 2993//1923 3350//1923 3351//1923
f 2993//1923 3351//1923 3352//1923
f 3352//1923 3353//1923 2993//1923
f 2993//1923 3353//1923 3354//1923
f 2993//1923 3354//1923 2994//1923
f 3281//1923 3355//1923 3282//1923
f 3282//1923 3355//1923 3356//1923
f 3282//1923 3356//1923 3112//1923
f 3112//1923 3356//1923 3357//1923
f 3112//1923 3357//1923 3106//1923
f 3106//1923 3357//1923 3358//1923
f 3106//1923 3358//1923 3279//1923
f 3280//1923 3359//1923 3106//1923
f 3106//1923 3359//1923 3360//1923
f 3106//1923 3360//1923 3361//1923
f 1511//1923 1510//1923 3362//1923
f 3362//1923 1510//1923 3363//1923
f 3362//1923 3363//1923 3364//1923
f 3364//1923 3363//1923 3365//1923
f 3364//1923 3365//1923 3282//1923
f 3282//1923 3365//1923 3366//1923
f 3282//1923 3366//1923 3284//1923
f 3200//1923 3006//1923 3367//1923
f 3119//1923 3121//1923 3368//1923
f 1499//1923 1498//1923 3369//1923
f 3369//1923 1498//1923 3370//1923
f 3369//1923 3370//1923 2652//1923
f 2652//1923 3370//1923 3371//1923
f 2652//1923 3371//1923 3009//1923
f 3372//1923 2687//1923 3373//1923
f 3373//1923 2687//1923 3374//1923
f 2915//1923 3375//1923 2757//1923
f 2757//1923 3375//1923 3376//1923
f 2757//1923 3376//1923 2758//1923
f 2758//1923 3376//1923 3015//1923
f 2758//1923 3015//1923 3377//1923
f 3377//1923 3015//1923 3014//1923
f 3378//1923 3379//1923 3380//1923
f 3381//1923 3382//1923 2691//1923
f 2691//1923 3382//1923 3383//1923
f 2691//1923 3383//1923 3384//1923
f 3384//1923 3385//1923 2691//1923
f 2691//1923 3385//1923 3386//1923
f 2691//1923 3386//1923 2935//1923
f 2935//1923 3386//1923 3387//1923
f 2935//1923 3387//1923 3132//1923
f 3388//1923 3389//1923 3390//1923
f 3390//1923 3389//1923 3391//1923
f 3390//1923 3391//1923 3211//1923
f 3211//1923 3391//1923 3392//1923
f 3211//1923 3392//1923 3212//1923
f 3030//1923 3032//1923 2792//1923
f 2792//1923 3032//1923 3393//1923
f 2792//1923 3393//1923 3306//1923
f 3307//1923 3394//1923 2792//1923
f 2792//1923 3394//1923 3395//1923
f 2792//1923 3395//1923 2790//1923
f 2790//1923 3395//1923 2858//1923
f 2790//1923 2858//1923 3396//1923
f 3396//1923 2858//1923 2856//1923
f 3397//1923 3398//1923 3399//1923
f 3320//1923 3238//1923 2972//1923
f 2972//1923 3238//1923 3244//1923
f 2972//1923 3244//1923 2871//1923
f 2871//1923 3244//1923 3400//1923
f 2871//1923 3400//1923 3060//1923
f 3061//1923 3401//1923 2871//1923
f 2871//1923 3401//1923 3402//1923
f 2871//1923 3402//1923 2960//1923
f 2960//1923 3402//1923 3403//1923
f 2960//1923 3403//1923 2958//1923
f 1359//1923 1358//1923 3404//1923
f 3404//1923 1358//1923 3323//1923
f 3404//1923 3323//1923 3405//1923
f 3405//1923 3323//1923 3322//1923
f 3144//1923 3406//1923 2871//1923
f 2871//1923 3406//1923 3407//1923
f 2871//1923 3407//1923 3408//1923
f 3327//1923 3075//1923 3151//1923
f 3151//1923 3075//1923 3074//1923
f 3151//1923 3074//1923 3149//1923
f 1343//1923 1342//1923 3409//1923
f 3409//1923 1342//1923 3410//1923
f 3409//1923 3410//1923 3411//1923
f 3411//1923 3410//1923 3145//1923
f 3411//1923 3145//1923 3412//1923
f 3412//1923 3145//1923 3147//1923
f 1327//1923 1326//1923 3413//1923
f 3413//1923 1326//1923 3414//1923
f 3413//1923 3414//1923 2680//1923
f 2680//1923 3414//1923 3415//1923
f 2680//1923 3415//1923 3085//1923
f 1314//1923 3416//1923 2681//1923
f 2681//1923 3416//1923 3417//1923
f 2681//1923 3417//1923 3269//1923
f 3269//1923 3417//1923 3418//1923
f 3269//1923 3418//1923 3267//1923
f 1295//1923 1294//1923 3419//1923
f 3419//1923 1294//1923 3420//1923
f 3419//1923 3420//1923 2649//1923
f 2649//1923 3420//1923 3421//1923
f 2649//1923 3421//1923 3099//1923
f 1287//1923 1286//1923 3422//1923
f 3422//1923 1286//1923 3423//1923
f 3422//1923 3423//1923 3190//1923
f 3190//1923 3423//1923 3424//1923
f 3190//1923 3424//1923 3188//1923
f 3425//1923 3426//1923 3427//1923
f 3428//1923 1434//1923 3429//1923
f 3429//1923 1434//1923 3430//1923
f 3428//1923 3431//1923 1434//1923
f 1434//1923 3431//1923 3432//1923
f 1434//1923 3432//1923 1435//1923
f 3433//1923 3434//1923 2605//1923
f 2605//1923 3434//1923 3435//1923
f 2605//1923 3435//1923 3436//1923
f 3437//1923 3438//1923 3439//1923
f 3439//1923 3438//1923 3440//1923
f 3439//1923 3440//1923 1434//1923
f 1434//1923 3440//1923 3441//1923
f 1434//1923 3441//1923 3430//1923
f 3380//1923 3379//1923 3437//1923
f 3378//1923 3380//1923 2691//1923
f 2691//1923 3380//1923 3442//1923
f 2691//1923 3442//1923 3381//1923
f 3215//1923 3214//1923 3390//1923
f 3390//1923 3214//1923 3443//1923
f 3390//1923 3443//1923 3388//1923
f 3031//1923 3030//1923 3303//1923
f 3303//1923 3030//1923 3444//1923
f 3303//1923 3444//1923 3301//1923
f 3315//1923 3445//1923 2803//1923
f 2803//1923 3445//1923 3446//1923
f 2803//1923 3446//1923 2801//1923
f 2801//1923 3446//1923 3048//1923
f 2801//1923 3048//1923 3447//1923
f 3447//1923 3048//1923 3047//1923
f 3321//1923 3323//1923 3408//1923
f 3408//1923 3323//1923 3448//1923
f 3408//1923 3448//1923 2871//1923
f 2871//1923 3448//1923 3449//1923
f 2871//1923 3449//1923 3053//1923
f 3450//1923 3451//1923 2878//1923
f 3451//1923 3452//1923 2878//1923
f 2878//1923 3452//1923 3453//1923
f 2878//1923 3453//1923 3083//1923
f 3083//1923 3453//1923 3454//1923
f 3083//1923 3454//1923 3084//1923
f 3455//1923 3456//1923 3084//1923
f 3348//1923 3457//1923 3349//1923
f 3349//1923 3457//1923 3458//1923
f 3349//1923 3458//1923 3459//1923
f 3459//1923 3458//1923 3460//1923
f 3005//1923 3461//1923 3004//1923
f 3004//1923 3461//1923 3462//1923
f 3004//1923 3462//1923 3425//1923
f 3425//1923 3462//1923 3463//1923
f 3425//1923 3463//1923 3426//1923
f 3360//1923 3464//1923 3361//1923
f 3361//1923 3464//1923 3425//1923
f 3361//1923 3425//1923 3465//1923
f 3465//1923 3425//1923 3427//1923
f 3367//1923 3006//1923 3466//1923
f 3466//1923 3006//1923 3008//1923
f 3466//1923 3008//1923 2651//1923
f 2651//1923 3008//1923 3467//1923
f 2651//1923 3467//1923 2652//1923
f 3201//1923 3468//1923 3006//1923
f 3006//1923 3468//1923 3469//1923
f 3006//1923 3469//1923 3120//1923
f 3120//1923 3469//1923 3470//1923
f 3120//1923 3470//1923 3121//1923
f 3128//1923 3471//1923 2687//1923
f 2687//1923 3471//1923 3472//1923
f 2687//1923 3472//1923 3374//1923
f 2645//1923 3473//1923 2643//1923
f 2643//1923 3473//1923 3474//1923
f 2643//1923 3474//1923 3295//1923
f 3295//1923 3474//1923 3475//1923
f 3295//1923 3475//1923 3297//1923
f 3476//1923 3477//1923 2605//1923
f 2605//1923 3477//1923 3478//1923
f 2605//1923 3478//1923 3433//1923
f 3379//1923 3479//1923 3437//1923
f 3437//1923 3479//1923 2605//1923
f 3437//1923 2605//1923 3438//1923
f 3438//1923 2605//1923 3436//1923
f 3135//1923 3480//1923 2942//1923
f 2942//1923 3480//1923 3481//1923
f 2942//1923 3481//1923 2943//1923
f 2943//1923 3481//1923 3482//1923
f 2943//1923 3482//1923 3298//1923
f 3397//1923 3399//1923 2803//1923
f 2803//1923 3399//1923 3483//1923
f 2803//1923 3483//1923 3314//1923
f 2986//1923 2679//1923 2879//1923
f 2879//1923 2679//1923 3484//1923
f 2879//1923 3484//1923 2878//1923
f 2878//1923 3484//1923 3485//1923
f 2878//1923 3485//1923 3450//1923
f 3456//1923 3486//1923 3084//1923
f 3084//1923 3486//1923 3487//1923
f 3084//1923 3487//1923 3082//1923
f 3488//1923 3489//1923 3273//1923
f 3273//1923 3489//1923 3490//1923
f 3273//1923 3490//1923 3346//1923
f 3491//1923 3492//1923 3121//1923
f 3121//1923 3492//1923 3493//1923
f 3121//1923 3493//1923 3368//1923
f 3291//1923 3494//1923 2687//1923
f 2687//1923 3494//1923 3495//1923
f 2687//1923 3495//1923 3128//1923
f 3128//1923 3495//1923 3496//1923
f 3128//1923 3496//1923 3129//1923
f 3372//1923 3497//1923 2687//1923
f 2687//1923 3497//1923 3498//1923
f 2687//1923 3498//1923 3499//1923
f 3499//1923 3498//1923 3500//1923
f 3501//1923 1431//1923 1430//1923
f 1375//1923 1374//1923 3502//1923
f 3502//1923 1374//1923 3503//1923
f 3502//1923 3503//1923 3504//1923
f 1331//1923 1330//1923 3505//1923
f 3505//1923 1330//1923 3506//1923
f 3505//1923 3506//1923 3084//1923
f 3084//1923 3506//1923 3507//1923
f 3084//1923 3507//1923 3455//1923
f 1491//1923 1490//1923 3508//1923
f 3508//1923 1490//1923 3509//1923
f 3508//1923 3509//1923 3498//1923
f 3498//1923 3509//1923 3510//1923
f 3498//1923 3510//1923 3500//1923
f 3224//1923 2630//1923 3511//1923
f 3511//1923 2630//1923 3512//1923
f 3511//1923 3512//1923 3513//1923
f 3513//1923 3514//1923 3511//1923
f 3511//1923 3514//1923 3515//1923
f 3511//1923 3515//1923 3503//1923
f 3503//1923 3515//1923 3516//1923
f 3503//1923 3516//1923 3504//1923
f 3345//1923 3488//1923 3180//1923
f 3180//1923 3488//1923 3273//1923
f 3180//1923 3273//1923 2648//1923
f 2648//1923 3273//1923 3272//1923
f 2648//1923 3272//1923 2649//1923
f 1503//1923 1502//1923 3517//1923
f 3517//1923 1502//1923 3518//1923
f 3517//1923 3518//1923 3121//1923
f 3121//1923 3518//1923 3519//1923
f 3121//1923 3519//1923 3491//1923
f 3520//1923 3521//1923 1430//1923
f 1363//1923 1362//1923 3522//1923
f 3522//1923 1362//1923 3523//1923
f 3522//1923 3523//1923 3524//1923
f 3525//1923 3526//1923 3458//1923
f 3458//1923 3526//1923 3527//1923
f 3458//1923 3527//1923 3460//1923
f 3521//1923 3528//1923 1430//1923
f 1430//1923 3528//1923 3529//1923
f 1430//1923 3529//1923 3501//1923
f 3530//1923 3531//1923 2605//1923
f 2605//1923 3531//1923 3532//1923
f 2605//1923 3532//1923 3533//1923
f 3398//1923 3397//1923 3534//1923
f 3534//1923 3397//1923 3535//1923
f 3534//1923 3535//1923 3536//1923
f 1303//1923 1302//1923 3537//1923
f 3537//1923 1302//1923 3538//1923
f 3537//1923 3538//1923 3458//1923
f 3458//1923 3538//1923 3539//1923
f 3458//1923 3539//1923 3525//1923
f 3476//1923 2605//1923 3540//1923
f 3540//1923 2605//1923 3533//1923
f 3540//1923 3533//1923 3541//1923
f 3541//1923 3533//1923 3542//1923
f 3541//1923 3542//1923 1430//1923
f 1430//1923 3542//1923 3543//1923
f 1430//1923 3543//1923 3520//1923
f 3536//1923 3544//1923 3534//1923
f 3534//1923 3544//1923 3545//1923
f 3534//1923 3545//1923 3523//1923
f 3523//1923 3545//1923 3546//1923
f 3523//1923 3546//1923 3524//1923
f 3547//1923 3548//1923 3549//1923
f 3550//1923 3551//1923 3552//1923
f 3553//1923 3554//1923 1426//1923
f 1426//1923 3554//1923 3555//1923
f 3547//1923 3549//1923 1426//1923
f 1426//1923 3549//1923 3556//1923
f 1426//1923 3556//1923 3553//1923
f 2607//1923 3557//1923 2605//1923
f 2605//1923 3557//1923 3558//1923
f 2605//1923 3558//1923 3559//1923
f 3555//1923 3560//1923 1426//1923
f 1426//1923 3560//1923 3561//1923
f 1426//1923 3561//1923 1427//1923
f 3559//1923 3562//1923 2605//1923
f 2605//1923 3562//1923 3563//1923
f 2605//1923 3563//1923 3552//1923
f 3564//1923 3565//1923 3552//1923
f 3551//1923 3566//1923 3552//1923
f 3552//1923 3566//1923 3567//1923
f 3552//1923 3567//1923 2605//1923
f 2605//1923 3567//1923 3568//1923
f 2605//1923 3568//1923 3530//1923
f 3565//1923 3569//1923 3552//1923
f 3552//1923 3569//1923 3570//1923
f 3552//1923 3570//1923 3571//1923
f 3571//1923 3572//1923 3552//1923
f 3552//1923 3572//1923 3548//1923
f 3552//1923 3548//1923 3550//1923
f 3550//1923 3548//1923 3547//1923
f 3573//1923 3574//1923 3575//1923
f 3576//1923 1422//1923 3577//1923
f 3577//1923 1422//1923 3578//1923
f 3577//1923 3578//1923 3579//1923
f 3579//1923 3578//1923 3580//1923
f 3579//1923 3580//1923 3581//1923
f 3576//1923 3582//1923 1422//1923
f 1422//1923 3582//1923 3583//1923
f 1422//1923 3583//1923 3584//1923
f 3584//1923 3585//1923 1422//1923
f 1422//1923 3585//1923 3586//1923
f 1422//1923 3586//1923 1423//1923
f 3587//1923 3579//1923 3552//1923
f 3552//1923 3579//1923 3581//1923
f 3552//1923 3581//1923 3564//1923
f 3574//1923 3588//1923 3575//1923
f 3575//1923 3588//1923 3589//1923
f 3575//1923 3589//1923 3552//1923
f 3552//1923 3589//1923 3590//1923
f 3552//1923 3590//1923 3587//1923
f 3591//1923 3592//1923 3593//1923
f 3593//1923 3592//1923 3594//1923
f 1419//1923 1418//1923 3595//1923
f 3595//1923 1418//1923 3596//1923
f 3595//1923 3596//1923 3597//1923
f 3591//1923 3598//1923 3592//1923
f 3592//1923 3598//1923 3599//1923
f 3592//1923 3599//1923 3596//1923
f 3596//1923 3599//1923 3600//1923
f 3596//1923 3600//1923 3597//1923
f 3575//1923 3601//1923 3602//1923
f 3602//1923 3603//1923 3575//1923
f 3575//1923 3603//1923 3604//1923
f 3575//1923 3604//1923 3573//1923
f 3573//1923 3604//1923 3594//1923
f 3573//1923 3594//1923 3605//1923
f 3605//1923 3594//1923 3592//1923
f 1415//1923 1414//1923 3606//1923
f 3606//1923 1414//1923 3607//1923
f 3606//1923 3607//1923 3608//1923
f 3609//1923 3610//1923 3611//1923
f 3611//1923 3610//1923 3612//1923
f 3610//1923 3613//1923 3612//1923
f 3612//1923 3613//1923 3614//1923
f 3612//1923 3614//1923 3575//1923
f 3575//1923 3614//1923 3615//1923
f 3575//1923 3615//1923 3601//1923
f 3609//1923 3616//1923 3610//1923
f 3610//1923 3616//1923 3617//1923
f 3610//1923 3617//1923 3607//1923
f 3607//1923 3617//1923 3618//1923
f 3607//1923 3618//1923 3608//1923
f 3619//1924 3620//1924 3621//1924
f 3621//1924 3620//1924 2263//1924
f 3621//1925 2263//1925 3622//1925
f 3622//1925 2263//1925 2325//1925
f 3622//1926 2325//1926 3623//1926
f 3623//1926 2325//1926 2323//1926
f 3623//1927 2323//1927 3624//1927
f 3624//1927 2323//1927 2110//1927
f 3624//1928 2110//1928 3625//1928
f 3625//1928 2110//1928 2333//1928
f 3625//1929 2333//1929 3626//1929
f 3626//1929 2333//1929 2225//1929
f 3626//1930 2225//1930 3627//1930
f 3627//1930 2225//1930 2230//1930
f 3627//1931 2230//1931 3628//1931
f 3628//1931 2230//1931 2278//1931
f 3628//1932 2278//1932 3629//1932
f 3629//1932 2278//1932 2276//1932
f 3629//1933 2276//1933 3630//1933
f 3630//1933 2276//1933 2275//1933
f 3630//1934 2275//1934 3631//1934
f 3631//1934 2275//1934 2112//1934
f 3631//1935 2112//1935 3632//1935
f 3632//1935 2112//1935 2111//1935
f 3632//1936 2111//1936 3633//1936
f 3633//1936 2111//1936 2068//1936
f 3633//1937 2068//1937 3634//1937
f 3634//1937 2068//1937 2070//1937
f 3634//1938 2070//1938 3635//1938
f 3635//1938 2070//1938 1794//1938
f 3635//1939 1794//1939 3636//1939
f 3636//1939 1794//1939 1828//1939
f 3636//1940 1828//1940 3637//1940
f 3637//1940 1828//1940 1831//1940
f 3637//1941 1831//1941 3638//1941
f 3638//1941 1831//1941 1833//1941
f 3638//1942 1833//1942 3639//1942
f 3639//1942 1833//1942 1835//1942
f 3639//1943 1835//1943 3640//1943
f 3640//1943 1835//1943 1836//1943
f 3640//1944 1836//1944 3641//1944
f 3641//1944 1836//1944 2013//1944
f 3641//1945 2013//1945 3642//1945
f 3642//1945 2013//1945 1692//1945
f 3642//1946 1692//1946 3643//1946
f 3643//1946 1692//1946 1694//1946
f 3643//1947 1694//1947 3644//1947
f 3644//1947 1694//1947 1640//1947
f 3644//1948 1640//1948 3645//1948
f 3645//1948 1640//1948 1639//1948
f 3645//1949 1639//1949 3646//1949
f 3646//1949 1639//1949 1799//1949
f 3646//1950 1799//1950 3647//1950
f 3647//1950 1799//1950 1801//1950
f 3647//1951 1801//1951 3648//1951
f 3648//1951 1801//1951 1802//1951
f 3648//1952 1802//1952 3649//1952
f 3649//1952 1802//1952 1795//1952
f 3649//1953 1795//1953 3650//1953
f 3650//1953 1795//1953 1796//1953
f 3650//1954 1796//1954 3651//1954
f 3651//1954 1796//1954 1530//1954
f 3651//1955 1530//1955 3652//1955
f 3652//1955 1530//1955 1529//1955
f 3652//1956 1529//1956 3653//1956
f 3653//1956 1529//1956 1569//1956
f 3653//1957 1569//1957 3654//1957
f 3654//1957 1569//1957 1551//1957
f 3654//1958 1551//1958 3655//1958
f 3655//1958 1551//1958 1553//1958
f 3655//1959 1553//1959 3656//1959
f 3656//1959 1553//1959 1555//1959
f 3656//1960 1555//1960 3657//1960
f 3657//1960 1555//1960 1556//1960
f 3657//1961 1556//1961 3658//1961
f 3658//1961 1556//1961 1573//1961
f 3658//1962 1573//1962 3659//1962
f 3659//1962 1573//1962 1574//1962
f 3659//1963 1574//1963 3660//1963
f 3660//1963 1574//1963 1557//1963
f 3660//1964 1557//1964 3661//1964
f 3661//1964 1557//1964 1559//1964
f 3661//1965 1559//1965 3662//1965
f 3662//1965 1559//1965 1839//1965
f 3662//1966 1839//1966 3663//1966
f 3663//1966 1839//1966 1838//1966
f 3663//1967 1838//1967 3664//1967
f 3664//1967 1838//1967 1804//1967
f 3664//1968 1804//1968 3665//1968
f 3665//1968 1804//1968 1735//1968
f 3665//1969 1735//1969 3666//1969
f 3666//1969 1735//1969 1737//1969
f 3666//1970 1737//1970 3667//1970
f 3667//1970 1737//1970 1739//1970
f 3667//1971 1739//1971 3668//1971
f 3668//1971 1739//1971 1741//1971
f 3668//1972 1741//1972 3669//1972
f 3669//1972 1741//1972 1926//1972
f 3669//1973 1926//1973 3670//1973
f 3670//1973 1926//1973 1925//1973
f 3670//1974 1925//1974 3671//1974
f 3671//1974 1925//1974 1807//1974
f 3671//1975 1807//1975 3672//1975
f 3672//1975 1807//1975 1806//1975
f 3672//1976 1806//1976 3619//1976
f 3619//1976 1806//1976 3620//1976
f 3619//1902 3621//1902 3673//1902
f 3619//1902 3673//1902 3672//1902
f 3669//1902 3670//1902 3673//1902
f 3673//1902 3670//1902 3671//1902
f 3673//1902 3671//1902 3672//1902
f 3666//1902 3667//1902 3673//1902
f 3673//1902 3667//1902 3668//1902
f 3673//1902 3668//1902 3669//1902
f 3663//1902 3664//1902 3673//1902
f 3673//1902 3664//1902 3665//1902
f 3673//1902 3665//1902 3666//1902
f 3660//1902 3661//1902 3673//1902
f 3673//1902 3661//1902 3662//1902
f 3673//1902 3662//1902 3663//1902
f 3657//1902 3658//1902 3673//1902
f 3673//1902 3658//1902 3659//1902
f 3673//1902 3659//1902 3660//1902
f 3654//1902 3655//1902 3673//1902
f 3673//1902 3655//1902 3656//1902
f 3673//1902 3656//1902 3657//1902
f 3651//1902 3652//1902 3673//1902
f 3673//1902 3652//1902 3653//1902
f 3673//1902 3653//1902 3654//1902
f 3648//1902 3649//1902 3673//1902
f 3673//1902 3649//1902 3650//1902
f 3673//1902 3650//1902 3651//1902
f 3645//1902 3646//1902 3673//1902
f 3673//1902 3646//1902 3647//1902
f 3673//1902 3647//1902 3648//1902
f 3642//1902 3643//1902 3673//1902
f 3673//1902 3643//1902 3644//1902
f 3673//1902 3644//1902 3645//1902
f 3639//1902 3640//1902 3673//1902
f 3673//1902 3640//1902 3641//1902
f 3673//1902 3641//1902 3642//1902
f 3636//1902 3637//1902 3673//1902
f 3673//1902 3637//1902 3638//1902
f 3673//1902 3638//1902 3639//1902
f 3633//1902 3634//1902 3673//1902
f 3673//1902 3634//1902 3635//1902
f 3673//1902 3635//1902 3636//1902
f 3630//1902 3631//1902 3673//1902
f 3673//1902 3631//1902 3632//1902
f 3673//1902 3632//1902 3633//1902
f 3627//1902 3628//1902 3673//1902
f 3673//1902 3628//1902 3629//1902
f 3673//1902 3629//1902 3630//1902
f 3624//1902 3625//1902 3673//1902
f 3673//1902 3625//1902 3626//1902
f 3673//1902 3626//1902 3627//1902
f 3621//1902 3622//1902 3673//1902
f 3673//1902 3622//1902 3623//1902
f 3673//1902 3623//1902 3624//1902
f 1293//1977 1291//1977 2153//1977
f 2153//1977 1291//1977 3182//1977
f 2153//1978 3182//1978 2106//1978
f 2106//1978 3182//1978 3103//1978
f 2106//1979 3103//1979 2061//1979
f 2061//1979 3103//1979 3185//1979
f 2061//1980 3185//1980 1950//1980
f 1950//1980 3185//1980 2997//1980
f 1950//1981 2997//1981 1951//1981
f 1951//1981 2997//1981 2996//1981
f 1951//1982 2996//1982 2084//1982
f 2084//1982 2996//1982 2995//1982
f 2084//1983 2995//1983 2085//1983
f 2085//1983 2995//1983 2887//1983
f 2085//1984 2887//1984 1730//1984
f 1730//1984 2887//1984 2886//1984
f 1730//1985 2886//1985 1731//1985
f 1731//1985 2886//1985 2884//1985
f 1731//1986 2884//1986 1917//1986
f 1917//1986 2884//1986 3187//1986
f 1917//1987 3187//1987 1919//1987
f 1919//1987 3187//1987 3276//1987
f 1919//1988 3276//1988 1920//1988
f 1920//1988 3276//1988 2742//1988
f 1920//1989 2742//1989 1947//1989
f 1947//1989 2742//1989 2741//1989
f 1947//1990 2741//1990 1948//1990
f 1948//1990 2741//1990 2739//1990
f 1948//1991 2739//1991 1949//1991
f 1949//1991 2739//1991 2738//1991
f 1949//1992 2738//1992 2010//1992
f 2010//1992 2738//1992 3003//1992
f 2010//1993 3003//1993 2009//1993
f 2009//1994 3003//1994 3002//1994
f 2009//1995 3002//1995 1524//1995
f 1524//1995 3002//1995 1522//1995
f 1525//1996 1523//1996 1918//1996
f 1918//1996 1523//1996 3001//1996
f 1918//1997 3001//1997 1916//1997
f 1916//1997 3001//1997 2740//1997
f 1916//1998 2740//1998 2151//1998
f 2151//1998 2740//1998 3277//1998
f 2151//1999 3277//1999 2082//1999
f 2082//1999 3277//1999 3278//1999
f 2082//2000 3278//2000 1922//2000
f 1922//2000 3278//2000 2735//2000
f 1922//2001 2735//2001 1923//2001
f 1923//2001 2735//2001 2733//2001
f 1923//2002 2733//2002 1924//2002
f 1924//2002 2733//2002 2732//2002
f 1924//2003 2732//2003 1827//2003
f 1827//2003 2732//2003 2820//2003
f 1827//2004 2820//2004 1789//2004
f 1789//2004 2820//2004 2819//2004
f 1789//2005 2819//2005 1790//2005
f 1790//2005 2819//2005 2818//2005
f 1790//2006 2818//2006 1886//2006
f 1886//2006 2818//2006 2731//2006
f 1886//2007 2731//2007 1887//2007
f 1887//2007 2731//2007 2730//2007
f 1887//2008 2730//2008 1888//2008
f 1888//2009 2730//2009 2728//2009
f 1888//2010 2728//2010 1889//2010
f 1889//2010 2728//2010 2727//2010
f 1889//2011 2727//2011 1890//2011
f 1890//2011 2727//2011 2685//2011
f 1890//2012 2685//2012 1891//2012
f 1891//2012 2685//2012 2684//2012
f 1891//2013 2684//2013 1637//2013
f 1637//2013 2684//2013 2682//2013
f 1637//2014 2682//2014 1520//2014
f 1520//2014 2682//2014 1518//2014
f 1521//2015 1519//2015 1825//2015
f 1825//2015 1519//2015 2893//2015
f 1825//2016 2893//2016 1945//2016
f 1945//2016 2893//2016 2892//2016
f 1945//2017 2892//2017 1946//2017
f 1946//2017 2892//2017 2745//2017
f 1946//2018 2745//2018 1787//2018
f 1787//2018 2745//2018 2744//2018
f 1787//2019 2744//2019 1788//2019
f 1788//2019 2744//2019 2743//2019
f 1788//2020 2743//2020 1884//2020
f 1884//2020 2743//2020 2821//2020
f 1884//2021 2821//2021 1885//2021
f 1885//2022 2821//2022 2822//2022
f 1885//2023 2822//2023 1822//2023
f 1822//2023 2822//2023 2889//2023
f 1822//2024 2889//2024 2193//2024
f 2193//2024 2889//2024 3106//2024
f 2193//2025 3106//2025 2297//2025
f 2297//2025 3106//2025 3361//2025
f 2297//2026 3361//2026 2482//2026
f 2482//2026 3361//2026 3465//2026
f 2482//2027 3465//2027 2483//2027
f 2483//2027 3465//2027 3427//2027
f 2483//2028 3427//2028 2484//2028
f 2484//2028 3427//2028 3426//2028
f 2484//2029 3426//2029 2485//2029
f 2485//2029 3426//2029 3463//2029
f 2485//2030 3463//2030 2486//2030
f 2486//2031 3463//2031 3462//2031
f 2486//2032 3462//2032 2440//2032
f 2440//2032 3462//2032 3461//2032
f 2440//2033 3461//2033 2438//2033
f 2438//2034 3461//2034 3005//2034
f 2438//2035 3005//2035 1516//2035
f 1516//2036 3005//2036 1514//2036
f 1517//2037 1515//2037 2439//2037
f 2439//2037 1515//2037 3004//2037
f 2439//2038 3004//2038 2481//2038
f 2481//2038 3004//2038 3425//2038
f 2481//2039 3425//2039 2295//2039
f 2295//2039 3425//2039 3464//2039
f 2295//2040 3464//2040 2296//2040
f 2296//2040 3464//2040 3360//2040
f 2296//2041 3360//2041 2346//2041
f 2346//2041 3360//2041 3359//2041
f 2346//2042 3359//2042 2347//2042
f 2347//2042 3359//2042 3280//2042
f 2347//2043 3280//2043 2348//2043
f 2348//2043 3280//2043 3279//2043
f 2348//2044 3279//2044 2406//2044
f 2406//2045 3279//2045 3358//2045
f 2406//2046 3358//2046 2407//2046
f 2407//2047 3358//2047 3357//2047
f 2407//2048 3357//2048 2140//2048
f 2140//2048 3357//2048 3356//2048
f 2140//2049 3356//2049 2142//2049
f 2142//2049 3356//2049 3355//2049
f 2142//2050 3355//2050 2188//2050
f 2188//2051 3355//2051 3281//2051
f 2188//2052 3281//2052 2189//2052
f 2189//2052 3281//2052 3283//2052
f 2189//2053 3283//2053 2190//2053
f 2190//2053 3283//2053 3284//2053
f 2190//2054 3284//2054 2191//2054
f 2191//2055 3284//2055 3366//2055
f 2191//2056 3366//2056 2192//2056
f 2192//2057 3366//2057 3365//2057
f 2192//2058 3365//2058 2143//2058
f 2143//2058 3365//2058 3363//2058
f 2143//2059 3363//2059 1512//2059
f 1512//2059 3363//2059 1510//2059
f 1513//2060 1511//2060 2141//2060
f 2141//2060 1511//2060 3362//2060
f 2141//2061 3362//2061 2139//2061
f 2139//2061 3362//2061 3364//2061
f 2139//2062 3364//2062 2408//2062
f 2408//2062 3364//2062 3282//2062
f 2408//2063 3282//2063 2194//2063
f 2194//2063 3282//2063 3112//2063
f 2194//2064 3112//2064 2195//2064
f 2195//2064 3112//2064 3111//2064
f 2195//2065 3111//2065 2298//2065
f 2298//2065 3111//2065 3110//2065
f 2298//2066 3110//2066 2299//2066
f 2299//2066 3110//2066 3109//2066
f 2299//2067 3109//2067 2300//2067
f 2300//2067 3109//2067 3108//2067
f 2300//2068 3108//2068 2241//2068
f 2241//2068 3108//2068 3107//2068
f 2241//2069 3107//2069 2005//2069
f 2005//2070 3107//2070 3105//2070
f 2005//2071 3105//2071 2003//2071
f 2003//2071 3105//2071 3195//2071
f 2003//2072 3195//2072 2002//2072
f 2002//2072 3195//2072 2898//2072
f 2002//2073 2898//2073 2053//2073
f 2053//2073 2898//2073 2897//2073
f 2053//2074 2897//2074 2054//2074
f 2054//2075 2897//2075 2895//2075
f 2054//2076 2895//2076 2055//2076
f 2055//2076 2895//2076 2894//2076
f 2055//2077 2894//2077 2056//2077
f 2056//2077 2894//2077 3115//2077
f 2056//2078 3115//2078 2057//2078
f 2057//2079 3115//2079 3114//2079
f 2057//2080 3114//2080 1508//2080
f 1508//2080 3114//2080 1506//2080
f 1509//2081 1507//2081 2004//2081
f 2004//2081 1507//2081 3113//2081
f 2004//2082 3113//2082 2006//2082
f 2006//2082 3113//2082 2896//2082
f 2006//2083 2896//2083 2007//2083
f 2007//2083 2896//2083 3196//2083
f 2007//2084 3196//2084 1942//2084
f 1942//2084 3196//2084 3197//2084
f 1942//2085 3197//2085 1943//2085
f 1943//2085 3197//2085 2891//2085
f 1943//2086 2891//2086 1944//2086
f 1944//2086 2891//2086 2903//2086
f 1944//2087 2903//2087 1875//2087
f 1875//2087 2903//2087 2902//2087
f 1875//2088 2902//2088 1876//2088
f 1876//2088 2902//2088 2748//2088
f 1876//2089 2748//2089 2008//2089
f 2008//2089 2748//2089 3006//2089
f 2008//2090 3006//2090 1874//2090
f 1874//2090 3006//2090 3120//2090
f 1874//2091 3120//2091 1872//2091
f 1872//2091 3120//2091 3119//2091
f 1872//2092 3119//2092 1871//2092
f 1871//2092 3119//2092 3368//2092
f 1871//2093 3368//2093 1910//2093
f 1910//2094 3368//2094 3493//2094
f 1910//2095 3493//2095 1911//2095
f 1911//2095 3493//2095 3492//2095
f 1911//2096 3492//2096 1912//2096
f 1912//2096 3492//2096 3491//2096
f 1912//2097 3491//2097 1940//2097
f 1940//2097 3491//2097 3519//2097
f 1940//2098 3519//2098 1941//2098
f 1941//2098 3519//2098 3518//2098
f 1941//2099 3518//2099 1504//2099
f 1504//2099 3518//2099 1502//2099
f 1505//2100 1503//2100 1873//2100
f 1873//2100 1503//2100 3517//2100
f 1873//2101 3517//2101 1879//2101
f 1879//2102 3517//2102 3121//2102
f 1879//2103 3121//2103 1878//2103
f 1878//2103 3121//2103 3470//2103
f 1878//2104 3470//2104 1877//2104
f 1877//2104 3470//2104 3469//2104
f 1877//2105 3469//2105 1880//2105
f 1880//2105 3469//2105 3468//2105
f 1880//2106 3468//2106 1881//2106
f 1881//2106 3468//2106 3201//2106
f 1881//2107 3201//2107 1823//2107
f 1823//2107 3201//2107 3200//2107
f 1823//2108 3200//2108 1824//2108
f 1824//2108 3200//2108 3367//2108
f 1824//2109 3367//2109 1882//2109
f 1882//2109 3367//2109 3466//2109
f 1882//2110 3466//2110 1728//2110
f 1728//2111 3466//2111 2651//2111
f 1728//2112 2651//2112 1727//2112
f 1727//2113 2651//2113 2650//2113
f 1727//2114 2650//2114 1725//2114
f 1725//2114 2650//2114 3123//2114
f 1725//2115 3123//2115 1819//2115
f 1819//2115 3123//2115 3122//2115
f 1819//2116 3122//2116 1820//2116
f 1820//2116 3122//2116 3010//2116
f 1820//2117 3010//2117 1821//2117
f 1821//2117 3010//2117 3009//2117
f 1821//2118 3009//2118 1870//2118
f 1870//2119 3009//2119 3371//2119
f 1870//2120 3371//2120 1869//2120
f 1869//2120 3371//2120 3370//2120
f 1869//1960 3370//1960 1500//1960
f 1500//1960 3370//1960 1498//1960
f 1501//2121 1499//2121 1726//2121
f 1726//2122 1499//2122 3369//2122
f 1726//2123 3369//2123 1883//2123
f 1883//2123 3369//2123 2652//2123
f 1883//2124 2652//2124 1913//2124
f 1913//2124 2652//2124 3467//2124
f 1913//2125 3467//2125 1914//2125
f 1914//2125 3467//2125 3008//2125
f 1914//2126 3008//2126 1915//2126
f 1915//2126 3008//2126 3007//2126
f 1915//2127 3007//2127 1729//2127
f 1729//2127 3007//2127 3290//2127
f 1729//2128 3290//2128 1688//2128
f 1688//2128 3290//2128 3289//2128
f 1688//2129 3289//2129 1689//2129
f 1689//2129 3289//2129 3288//2129
f 1689//2130 3288//2130 1826//2130
f 1826//2130 3288//2130 3199//2130
f 1826//2131 3199//2131 1636//2131
f 1636//2132 3199//2132 3198//2132
f 1636//2133 3198//2133 1635//2133
f 1635//2134 3198//2134 3285//2134
f 1635//2135 3285//2135 1633//2135
f 1633//2135 3285//2135 2827//2135
f 1633//2136 2827//2136 1685//2136
f 1685//2136 2827//2136 2826//2136
f 1685//2137 2826//2137 1686//2137
f 1686//2137 2826//2137 2824//2137
f 1686//2138 2824//2138 1687//2138
f 1687//2138 2824//2138 2823//2138
f 1687//2139 2823//2139 1724//2139
f 1724//2139 2823//2139 3126//2139
f 1724//2140 3126//2140 1723//2140
f 1723//2140 3126//2140 3125//2140
f 1723//2141 3125//2141 1496//2141
f 1496//2141 3125//2141 1494//2141
f 1497//2142 1495//2142 1634//2142
f 1634//2142 1495//2142 3124//2142
f 1634//2143 3124//2143 1638//2143
f 1638//2144 3124//2144 2825//2144
f 1638//2145 2825//2145 1791//2145
f 1791//2145 2825//2145 3286//2145
f 1791//2146 3286//2146 1690//2146
f 1690//2146 3286//2146 3287//2146
f 1690//2147 3287//2147 1691//2147
f 1691//2147 3287//2147 2749//2147
f 1691//2148 2749//2148 1693//2148
f 1693//2148 2749//2148 2747//2148
f 1693//2149 2747//2149 1695//2149
f 1695//2149 2747//2149 2746//2149
f 1695//2150 2746//2150 1696//2150
f 1696//2150 2746//2150 3118//2150
f 1696//2151 3118//2151 1641//2151
f 1641//2151 3118//2151 3117//2151
f 1641//2152 3117//2152 1797//2152
f 1797//2152 3117//2152 3116//2152
f 1797//2153 3116//2153 1798//2153
f 1798//2153 3116//2153 2901//2153
f 1798//2154 2901//2154 1800//2154
f 1800//2154 2901//2154 2900//2154
f 1800//2155 2900//2155 1548//2155
f 1548//2155 2900//2155 2687//2155
f 1548//2156 2687//2156 1996//2156
f 1996//2156 2687//2156 3499//2156
f 1996//2157 3499//2157 1995//2157
f 1995//2157 3499//2157 3500//2157
f 1995//2158 3500//2158 1994//2158
f 1994//2158 3500//2158 3510//2158
f 1994//2159 3510//2159 1992//2159
f 1992//2159 3510//2159 3509//2159
f 1992//2160 3509//2160 1492//2160
f 1492//2160 3509//2160 1490//2160
f 1493//2161 1491//2161 1993//2161
f 1993//2161 1491//2161 3508//2161
f 1993//2162 3508//2162 1997//2162
f 1997//2162 3508//2162 3498//2162
f 1997//2163 3498//2163 1998//2163
f 1998//2164 3498//2164 3497//2164
f 1998//2165 3497//2165 1868//2165
f 1868//2165 3497//2165 3372//2165
f 1868//2166 3372//2166 1867//2166
f 1867//2166 3372//2166 3373//2166
f 1867//2167 3373//2167 1866//2167
f 1866//2167 3373//2167 3374//2167
f 1866//2168 3374//2168 1938//2168
f 1938//2168 3374//2168 3472//2168
f 1938//2169 3472//2169 1939//2169
f 1939//2169 3472//2169 3471//2169
f 1939//2170 3471//2170 1783//2170
f 1783//2170 3471//2170 3128//2170
f 1783//2171 3128//2171 1782//2171
f 1782//2171 3128//2171 3127//2171
f 1782//2172 3127//2172 1936//2172
f 1936//2172 3127//2172 3296//2172
f 1936//2173 3296//2173 1937//2173
f 1937//2173 3296//2173 3297//2173
f 1937//2174 3297//2174 1989//2174
f 1989//2175 3297//2175 3475//2175
f 1989//2176 3475//2176 1990//2176
f 1990//2176 3475//2176 3474//2176
f 1990//2177 3474//2177 1991//2177
f 1991//2177 3474//2177 3473//2177
f 1991//2178 3473//2178 1909//2178
f 1909//2178 3473//2178 2645//2178
f 1909//2179 2645//2179 1907//2179
f 1907//2179 2645//2179 2644//2179
f 1907//2180 2644//2180 1488//2180
f 1488//2180 2644//2180 1486//2180
f 1489//2181 1487//2181 1908//2181
f 1908//2181 1487//2181 2643//2181
f 1908//2182 2643//2182 1935//2182
f 1935//2182 2643//2182 3295//2182
f 1935//2183 3295//2183 1780//2183
f 1780//2183 3295//2183 3294//2183
f 1780//1931 3294//1931 1781//1931
f 1781//1931 3294//1931 3129//1931
f 1781//2184 3129//2184 1999//2184
f 1999//2184 3129//2184 3496//2184
f 1999//2185 3496//2185 2000//2185
f 2000//2185 3496//2185 3495//2185
f 2000//2186 3495//2186 2001//2186
f 2001//2186 3495//2186 3494//2186
f 2001//2187 3494//2187 1786//2187
f 1786//2187 3494//2187 3291//2187
f 1786//2188 3291//2188 1785//2188
f 1785//2188 3291//2188 3292//2188
f 1785//2189 3292//2189 1676//2189
f 1676//2189 3292//2189 2640//2189
f 1676//2190 2640//2190 1677//2190
f 1677//2190 2640//2190 2639//2190
f 1677//2191 2639//2191 1679//2191
f 1679//2191 2639//2191 2753//2191
f 1679//2192 2753//2192 1720//2192
f 1720//2192 2753//2192 2911//2192
f 1720//2193 2911//2193 1721//2193
f 1721//2193 2911//2193 2910//2193
f 1721//2194 2910//2194 1722//2194
f 1722//2194 2910//2194 2909//2194
f 1722//2195 2909//2195 1675//2195
f 1675//2195 2909//2195 2756//2195
f 1675//2196 2756//2196 1673//2196
f 1673//2196 2756//2196 2755//2196
f 1673//2197 2755//2197 1484//2197
f 1484//2197 2755//2197 1482//2197
f 1485//2198 1483//2198 1674//2198
f 1674//2198 1483//2198 2754//2198
f 1674//2199 2754//2199 1678//2199
f 1678//2199 2754//2199 2641//2199
f 1678//2200 2641//2200 1784//2200
f 1784//2200 2641//2200 3293//2200
f 1784//2201 3293//2201 1546//2201
f 1546//2201 3293//2201 2752//2201
f 1546//2202 2752//2202 1547//2202
f 1547//2202 2752//2202 2751//2202
f 1547//2203 2751//2203 1549//2203
f 1549//2203 2751//2203 2750//2203
f 1549//2204 2750//2204 1550//2204
f 1550//2204 2750//2204 2686//2204
f 1550//2205 2686//2205 1680//2205
f 1680//2205 2686//2205 2688//2205
f 1680//2206 2688//2206 1681//2206
f 1681//2206 2688//2206 2689//2206
f 1681//2207 2689//2207 1683//2207
f 1683//2207 2689//2207 2899//2207
f 1683//2208 2899//2208 1684//2208
f 1684//2208 2899//2208 2908//2208
f 1684//2209 2908//2209 1629//2209
f 1629//2209 2908//2209 2907//2209
f 1629//2210 2907//2210 1630//2210
f 1630//2210 2907//2210 2830//2210
f 1630//2211 2830//2211 1631//2211
f 1631//2211 2830//2211 2829//2211
f 1631//2212 2829//2212 1593//2212
f 1593//2212 2829//2212 2906//2212
f 1593//2213 2906//2213 1594//2213
f 1594//2213 2906//2213 2905//2213
f 1594//2214 2905//2214 1632//2214
f 1632//2214 2905//2214 2904//2214
f 1632//2215 2904//2215 1480//2215
f 1480//2215 2904//2215 1478//2215
f 1481//2216 1479//2216 1566//2216
f 1566//2216 1479//2216 2642//2216
f 1566//2217 2642//2217 1565//2217
f 1565//2217 2642//2217 2934//2217
f 1565//2218 2934//2218 1652//2218
f 1652//2218 2934//2218 2933//2218
f 1652//2219 2933//2219 1653//2219
f 1653//2219 2933//2219 2851//2219
f 1653//2220 2851//2220 1612//2220
f 1612//2220 2851//2220 2850//2220
f 1612//2221 2850//2221 1611//2221
f 1611//2221 2850//2221 2849//2221
f 1611//2222 2849//2222 1610//2222
f 1610//2222 2849//2222 2780//2222
f 1610//2223 2780//2223 1542//2223
f 1542//2223 2780//2223 2779//2223
f 1542//2224 2779//2224 1541//2224
f 1541//2224 2779//2224 2778//2224
f 1541//2225 2778//2225 1540//2225
f 1540//2225 2778//2225 2777//2225
f 1540//2226 2777//2226 1613//2226
f 1613//2226 2777//2226 2931//2226
f 1613//2227 2931//2227 1614//2227
f 1614//2227 2931//2227 2776//2227
f 1614//2228 2776//2228 1654//2228
f 1654//2228 2776//2228 2775//2228
f 1654//2229 2775//2229 1655//2229
f 1655//2229 2775//2229 2773//2229
f 1655//2230 2773//2230 1656//2230
f 1656//2231 2773//2231 2772//2231
f 1656//2232 2772//2232 1658//2232
f 1658//2232 2772//2232 2604//2232
f 1658//2233 2604//2233 1586//2233
f 1586//2233 2604//2233 2603//2233
f 1586//2234 2603//2234 1476//2234
f 1476//2235 2603//2235 1474//2235
f 1477//2236 1475//2236 1657//2236
f 1657//2236 1475//2236 2602//2236
f 1657//2237 2602//2237 1615//2237
f 1615//2237 2602//2237 2774//2237
f 1615//2238 2774//2238 1659//2238
f 1659//2239 2774//2239 2932//2239
f 1659//2240 2932//2240 1616//2240
f 1616//2240 2932//2240 2848//2240
f 1616//2241 2848//2241 1617//2241
f 1617//2241 2848//2241 2847//2241
f 1617//2242 2847//2242 1618//2242
f 1618//2242 2847//2242 2846//2242
f 1618//2243 2846//2243 1619//2243
f 1619//2243 2846//2243 2845//2243
f 1619//2244 2845//2244 1660//2244
f 1660//2244 2845//2244 2930//2244
f 1660//2245 2930//2245 1661//2245
f 1661//2245 2930//2245 2929//2245
f 1661//2246 2929//2246 1662//2246
f 1662//2246 2929//2246 2928//2246
f 1662//2247 2928//2247 1526//2247
f 1526//2247 2928//2247 2655//2247
f 1526//2248 2655//2248 1527//2248
f 1527//2248 2655//2248 2654//2248
f 1527//2249 2654//2249 1672//2249
f 1672//2249 2654//2249 2767//2249
f 1672//2250 2767//2250 1664//2250
f 1664//2250 2767//2250 2768//2250
f 1664//2251 2768//2251 1708//2251
f 1708//2251 2768//2251 2926//2251
f 1708//2252 2926//2252 1767//2252
f 1767//2252 2926//2252 2770//2252
f 1767//2253 2770//2253 1766//2253
f 1766//2253 2770//2253 2769//2253
f 1766//2254 2769//2254 1472//2254
f 1472//2254 2769//2254 1470//2254
f 1473//2255 1471//2255 1709//2255
f 1709//2255 1471//2255 3130//2255
f 1709//2256 3130//2256 1710//2256
f 1710//2257 3130//2257 3131//2257
f 1710//2258 3131//2258 1711//2258
f 1711//2258 3131//2258 2771//2258
f 1711//2259 2771//2259 1712//2259
f 1712//2259 2771//2259 2927//2259
f 1712//2260 2927//2260 1713//2260
f 1713//2260 2927//2260 2844//2260
f 1713//2261 2844//2261 1666//2261
f 1666//2261 2844//2261 2843//2261
f 1666//2262 2843//2262 1665//2262
f 1665//2263 2843//2263 2842//2263
f 1665//2264 2842//2264 1663//2264
f 1663//2264 2842//2264 2766//2264
f 1663//2265 2766//2265 1671//2265
f 1671//2265 2766//2265 2765//2265
f 1671//2266 2765//2266 1670//2266
f 1670//2266 2765//2266 2764//2266
f 1670//2267 2764//2267 1810//2267
f 1810//2267 2764//2267 2763//2267
f 1810//2268 2763//2268 1811//2268
f 1811//2268 2763//2268 3021//2268
f 1811//2269 3021//2269 1812//2269
f 1812//2269 3021//2269 2762//2269
f 1812//2270 2762//2270 1623//2270
f 1623//2270 2762//2270 3018//2270
f 1623//2271 3018//2271 1624//2271
f 1624//2271 3018//2271 3017//2271
f 1624//2272 3017//2272 1545//2272
f 1545//2272 3017//2272 2619//2272
f 1545//2273 2619//2273 1587//2273
f 1587//2273 2619//2273 2618//2273
f 1587//2274 2618//2274 1468//2274
f 1468//2274 2618//2274 1466//2274
f 1469//2275 1467//2275 1588//2275
f 1588//2275 1467//2275 2617//2275
f 1588//2276 2617//2276 1589//2276
f 1589//2276 2617//2276 3019//2276
f 1589//2277 3019//2277 1567//2277
f 1567//2277 3019//2277 3020//2277
f 1567//2278 3020//2278 1543//2278
f 1543//2278 3020//2278 2923//2278
f 1543//2279 2923//2279 1544//2279
f 1544//2279 2923//2279 2922//2279
f 1544//2280 2922//2280 1590//2280
f 1590//2280 2922//2280 2921//2280
f 1590//2281 2921//2281 1591//2281
f 1591//2281 2921//2281 2761//2281
f 1591//2282 2761//2282 1592//2282
f 1592//2282 2761//2282 2760//2282
f 1592//2283 2760//2283 1714//2283
f 1714//2283 2760//2283 2920//2283
f 1714//2284 2920//2284 1628//2284
f 1628//2284 2920//2284 2919//2284
f 1628//2285 2919//2285 1627//2285
f 1627//2285 2919//2285 2917//2285
f 1627//2286 2917//2286 1625//2286
f 1625//2286 2917//2286 2916//2286
f 1625//2287 2916//2287 1816//2287
f 1816//2287 2916//2287 2759//2287
f 1816//2288 2759//2288 1717//2288
f 1717//2288 2759//2288 2758//2288
f 1717//2289 2758//2289 1715//2289
f 1715//2289 2758//2289 3377//2289
f 1715//2290 3377//2290 1772//2290
f 1772//2290 3377//2290 3014//2290
f 1772//2291 3014//2291 1771//2291
f 1771//2291 3014//2291 2833//2291
f 1771//2292 2833//2292 1464//2292
f 1464//2292 2833//2292 1462//2292
f 1465//2293 1463//2293 1716//2293
f 1716//2294 1463//2294 2912//2294
f 1716//2295 2912//2295 1718//2295
f 1718//2295 2912//2295 2913//2295
f 1718//2296 2913//2296 1719//2296
f 1719//2296 2913//2296 2835//2296
f 1719//2297 2835//2297 1863//2297
f 1863//2297 2835//2297 2834//2297
f 1863//2298 2834//2298 1864//2298
f 1864//2298 2834//2298 2832//2298
f 1864//2299 2832//2299 1865//2299
f 1865//2300 2832//2300 2831//2300
f 1865//2301 2831//2301 1905//2301
f 1905//2301 2831//2301 3016//2301
f 1905//2302 3016//2302 1906//2302
f 1906//2302 3016//2302 3015//2302
f 1906//2303 3015//2303 1813//2303
f 1813//2303 3015//2303 3376//2303
f 1813//2304 3376//2304 1814//2304
f 1814//2304 3376//2304 3375//2304
f 1814//2305 3375//2305 1815//2305
f 1815//2305 3375//2305 2915//2305
f 1815//2306 2915//2306 1773//2306
f 1773//2306 2915//2306 2914//2306
f 1773//2307 2914//2307 1774//2307
f 1774//2307 2914//2307 2838//2307
f 1774//2308 2838//2308 1775//2308
f 1775//2308 2838//2308 3203//2308
f 1775//2309 3203//2309 1777//2309
f 1777//2309 3203//2309 3202//2309
f 1777//2310 3202//2310 2050//2310
f 2050//2310 3202//2310 2613//2310
f 2050//2311 2613//2311 2048//2311
f 2048//2311 2613//2311 2612//2311
f 2048//2312 2612//2312 1460//2312
f 1460//2312 2612//2312 1458//2312
f 1461//2313 1459//2313 2049//2313
f 2049//2314 1459//2314 2611//2314
f 2049//2315 2611//2315 2051//2315
f 2051//2315 2611//2315 3204//2315
f 2051//2316 3204//2316 2052//2316
f 2052//2316 3204//2316 3205//2316
f 2052//2317 3205//2317 1778//2317
f 1778//2317 3205//2317 3013//2317
f 1778//2318 3013//2318 1779//2318
f 1779//2318 3013//2318 3012//2318
f 1779//2319 3012//2319 1817//2319
f 1817//2319 3012//2319 3011//2319
f 1817//2320 3011//2320 1818//2320
f 1818//2321 3011//2321 2837//2321
f 1818//2322 2837//2322 1776//2322
f 1776//2323 2837//2323 2836//2323
f 1776//2324 2836//2324 1626//2324
f 1626//2324 2836//2324 2757//2324
f 1626//2325 2757//2325 1622//2325
f 1622//2325 2757//2325 2918//2325
f 1622//2326 2918//2326 1620//2326
f 1620//2326 2918//2326 2925//2326
f 1620//2327 2925//2327 1621//2327
f 1621//2327 2925//2327 2924//2327
f 1621//2328 2924//2328 1768//2328
f 1768//2328 2924//2328 2841//2328
f 1768//2329 2841//2329 1769//2329
f 1769//2329 2841//2329 2840//2329
f 1769//2330 2840//2330 1770//2330
f 1770//2330 2840//2330 2839//2330
f 1770//2331 2839//2331 1669//2331
f 1669//2331 2839//2331 2610//2331
f 1669//2332 2610//2332 1667//2332
f 1667//2332 2610//2332 2609//2332
f 1667//2333 2609//2333 1456//2333
f 1456//2333 2609//2333 1454//2333
f 1457//2334 1455//2334 1668//2334
f 1668//2334 1455//2334 2608//2334
f 1668//2335 2608//2335 1528//2335
f 1528//2335 2608//2335 2653//2335
f 1528//2336 2653//2336 1682//2336
f 1682//2336 2653//2336 2828//2336
f 1682//2337 2828//2337 1536//2337
f 1536//2337 2828//2337 2890//2337
f 1536//2338 2890//2338 1531//2338
f 1531//2338 2890//2338 2683//2338
f 1531//2339 2683//2339 1571//2339
f 1571//2339 2683//2339 2729//2339
f 1571//2340 2729//2340 1570//2340
f 1570//2340 2729//2340 2812//2340
f 1570//2341 2812//2341 1568//2341
f 1568//2341 2812//2341 2875//2341
f 1568//2342 2875//2342 1595//2342
f 1595//2342 2875//2342 2805//2342
f 1595//2343 2805//2343 1596//2343
f 1596//2343 2805//2343 2972//2343
f 1596//2344 2972//2344 1597//2344
f 1597//2344 2972//2344 2871//2344
f 1597//2345 2871//2345 1552//2345
f 1552//2345 2871//2345 2716//2345
f 1552//2346 2716//2346 1554//2346
f 1554//2346 2716//2346 2636//2346
f 1554//2347 2636//2347 1534//2347
f 1534//2347 2636//2347 2616//2347
f 1534//2348 2616//2348 1532//2348
f 1532//2348 2616//2348 2627//2348
f 1532//2349 2627//2349 1598//2349
f 1598//2349 2627//2349 2671//2349
f 1598//2350 2671//2350 1572//2350
f 1572//2351 2671//2351 2670//2351
f 1572//2352 2670//2352 1452//2352
f 1452//2352 2670//2352 1450//2352
f 1453//2353 1451//2353 1599//2353
f 1599//2354 1451//2354 2669//2354
f 1599//2355 2669//2355 1533//2355
f 1533//2356 2669//2356 2626//2356
f 1533//2357 2626//2357 1535//2357
f 1535//2357 2626//2357 2625//2357
f 1535//2358 2625//2358 1537//2358
f 1537//2358 2625//2358 2615//2358
f 1537//2359 2615//2359 1538//2359
f 1538//2360 2615//2360 2614//2360
f 1538//2361 2614//2361 1539//2361
f 1539//2361 2614//2361 2624//2361
f 1539//2362 2624//2362 1575//2362
f 1575//2363 2624//2363 2623//2363
f 1575//2364 2623//2364 1576//2364
f 1576//2364 2623//2364 2621//2364
f 1576//2365 2621//2365 1700//2365
f 1700//2365 2621//2365 2620//2365
f 1700//2366 2620//2366 1701//2366
f 1701//2367 2620//2367 2633//2367
f 1701//2368 2633//2368 1702//2368
f 1702//2368 2633//2368 2632//2368
f 1702//2369 2632//2369 1580//2369
f 1580//2369 2632//2369 2631//2369
f 1580//2370 2631//2370 1581//2370
f 1581//2370 2631//2370 3027//2370
f 1581//2371 3027//2371 1583//2371
f 1583//2371 3027//2371 2783//2371
f 1583//2372 2783//2372 1562//2372
f 1562//2372 2783//2372 2661//2372
f 1562//2373 2661//2373 1705//2373
f 1705//2373 2661//2373 2660//2373
f 1705//2374 2660//2374 1703//2374
f 1703//2374 2660//2374 2658//2374
f 1703//2375 2658//2375 1448//2375
f 1448//2375 2658//2375 1446//2375
f 1449//2376 1447//2376 1704//2376
f 1704//2376 1447//2376 2666//2376
f 1704//2377 2666//2377 1706//2377
f 1706//2377 2666//2377 2665//2377
f 1706//2378 2665//2378 1707//2378
f 1707//2378 2665//2378 2664//2378
f 1707//2379 2664//2379 1563//2379
f 1563//2379 2664//2379 2663//2379
f 1563//2380 2663//2380 1564//2380
f 1564//2380 2663//2380 2662//2380
f 1564//2381 2662//2381 1584//2381
f 1584//2382 2662//2382 2656//2382
f 1584//2383 2656//2383 1585//2383
f 1585//2384 2656//2384 2657//2384
f 1585//2385 2657//2385 1582//2385
f 1582//2385 2657//2385 2659//2385
f 1582//2386 2659//2386 1646//2386
f 1646//2387 2659//2387 2696//2387
f 1646//2388 2696//2388 1647//2388
f 1647//2388 2696//2388 2695//2388
f 1647//2389 2695//2389 1648//2389
f 1648//2389 2695//2389 2694//2389
f 1648//2390 2694//2390 1609//2390
f 1609//2391 2694//2391 2690//2391
f 1609//2392 2690//2392 1608//2392
f 1608//2393 2690//2393 2692//2393
f 1608//2394 2692//2394 1606//2394
f 1606//2394 2692//2394 2693//2394
f 1606//2395 2693//2395 1649//2395
f 1649//2395 2693//2395 2940//2395
f 1649//2396 2940//2396 1650//2396
f 1650//2396 2940//2396 2939//2396
f 1650//2397 2939//2397 1902//2397
f 1902//2397 2939//2397 2668//2397
f 1902//2398 2668//2398 1444//2398
f 1444//2398 2668//2398 1442//2398
f 1445//2399 1443//2399 1903//2399
f 1903//2399 1443//2399 2667//2399
f 1903//2400 2667//2400 1904//2400
f 1904//2401 2667//2401 2941//2401
f 1904//2402 2941//2402 1860//2402
f 1860//2402 2941//2402 3026//2402
f 1860//2403 3026//2403 1861//2403
f 1861//2404 3026//2404 3025//2404
f 1861//2405 3025//2405 1862//2405
f 1862//2406 3025//2406 2782//2406
f 1862//2407 2782//2407 1651//2407
f 1651//2407 2782//2407 2781//2407
f 1651//2408 2781//2408 1607//2408
f 1607//2408 2781//2408 3024//2408
f 1607//2409 3024//2409 1558//2409
f 1558//2409 3024//2409 3023//2409
f 1558//2410 3023//2410 1560//2410
f 1560//2410 3023//2410 3022//2410
f 1560//2411 3022//2411 1561//2411
f 1561//2412 3022//2412 2938//2412
f 1561//2413 2938//2413 1577//2413
f 1577//2414 2938//2414 2937//2414
f 1577//2415 2937//2415 1578//2415
f 1578//2415 2937//2415 2936//2415
f 1578//2416 2936//2416 1579//2416
f 1579//2416 2936//2416 2935//2416
f 1579//2417 2935//2417 1894//2417
f 1894//2417 2935//2417 3207//2417
f 1894//2418 3207//2418 1746//2418
f 1746//2418 3207//2418 3206//2418
f 1746//2419 3206//2419 1605//2419
f 1605//2419 3206//2419 2601//2419
f 1605//2420 2601//2420 1645//2420
f 1645//2420 2601//2420 2600//2420
f 1645//2421 2600//2421 1440//2421
f 1440//2421 2600//2421 1438//2421
f 1441//2422 1439//2422 1697//2422
f 1697//2422 1439//2422 2599//2422
f 1697//2423 2599//2423 1698//2423
f 1698//2423 2599//2423 3208//2423
f 1698//2424 3208//2424 1699//2424
f 1699//2424 3208//2424 3209//2424
f 1699//2425 3209//2425 1603//2425
f 1603//2426 3209//2426 3134//2426
f 1603//2427 3134//2427 1604//2427
f 1604//2427 3134//2427 3133//2427
f 1604//2428 3133//2428 1849//2428
f 1849//2428 3133//2428 3132//2428
f 1849//2429 3132//2429 1850//2429
f 1850//2430 3132//2430 3387//2430
f 1850//2431 3387//2431 1851//2431
f 1851//2431 3387//2431 3386//2431
f 1851//2432 3386//2432 1977//2432
f 1977//2432 3386//2432 3385//2432
f 1977//2433 3385//2433 1856//2433
f 1856//2434 3385//2434 3384//2434
f 1856//2435 3384//2435 1855//2435
f 1855//2436 3384//2436 3383//2436
f 1855//2437 3383//2437 1854//2437
f 1854//2437 3383//2437 3382//2437
f 1854//2438 3382//2438 1896//2438
f 1896//2438 3382//2438 3381//2438
f 1896//2439 3381//2439 1897//2439
f 1897//2439 3381//2439 3442//2439
f 1897//2440 3442//2440 1764//2440
f 1764//2440 3442//2440 3380//2440
f 1764//2441 3380//2441 1765//2441
f 1765//2441 3380//2441 3437//2441
f 1765//2442 3437//2442 1857//2442
f 1857//2442 3437//2442 3439//2442
f 1857//2443 3439//2443 1436//2443
f 1436//2443 3439//2443 1434//2443
f 1437//2444 1435//2444 1858//2444
f 1858//2444 1435//2444 3432//2444
f 1858//2445 3432//2445 1859//2445
f 1859//2446 3432//2446 3431//2446
f 1859//2447 3431//2447 1898//2447
f 1898//2447 3431//2447 3428//2447
f 1898//2448 3428//2448 1899//2448
f 1899//2448 3428//2448 3429//2448
f 1899//2449 3429//2449 1900//2449
f 1900//2450 3429//2450 3430//2450
f 1900//2451 3430//2451 1901//2451
f 1901//2451 3430//2451 3441//2451
f 1901//2452 3441//2452 1983//2452
f 1983//2452 3441//2452 3440//2452
f 1983//2453 3440//2453 1984//2453
f 1984//2453 3440//2453 3438//2453
f 1984//2454 3438//2454 1985//2454
f 1985//2455 3438//2455 3436//2455
f 1985//2456 3436//2456 1931//2456
f 1931//2457 3436//2457 3435//2457
f 1931//2458 3435//2458 1932//2458
f 1932//2458 3435//2458 3434//2458
f 1932//2459 3434//2459 1933//2459
f 1933//2459 3434//2459 3433//2459
f 1933//2460 3433//2460 1934//2460
f 1934//2460 3433//2460 3478//2460
f 1934//2461 3478//2461 1986//2461
f 1986//2461 3478//2461 3477//2461
f 1986//2462 3477//2462 1987//2462
f 1987//2462 3477//2462 3476//2462
f 1987//2463 3476//2463 1988//2463
f 1988//2463 3476//2463 3540//2463
f 1988//2464 3540//2464 2186//2464
f 2186//2464 3540//2464 3541//2464
f 2186//2465 3541//2465 1432//2465
f 1432//2465 3541//2465 1430//2465
f 1433//2466 1431//2466 2187//2466
f 2187//2466 1431//2466 3501//2466
f 2187//2467 3501//2467 2238//2467
f 2238//2467 3501//2467 3529//2467
f 2238//2468 3529//2468 2239//2468
f 2239//2468 3529//2468 3528//2468
f 2239//2469 3528//2469 2240//2469
f 2240//2470 3528//2470 3521//2470
f 2240//2471 3521//2471 2181//2471
f 2181//2472 3521//2472 3520//2472
f 2181//2473 3520//2473 2182//2473
f 2182//2473 3520//2473 3543//2473
f 2182//2474 3543//2474 2183//2474
f 2183//2474 3543//2474 3542//2474
f 2183//2475 3542//2475 2184//2475
f 2184//2476 3542//2476 3533//2476
f 2184//2477 3533//2477 2185//2477
f 2185//2477 3533//2477 3532//2477
f 2185//2478 3532//2478 2135//2478
f 2135//2478 3532//2478 3531//2478
f 2135//2479 3531//2479 2136//2479
f 2136//2479 3531//2479 3530//2479
f 2136//2480 3530//2480 2137//2480
f 2137//2480 3530//2480 3568//2480
f 2137//2481 3568//2481 2138//2481
f 2138//2482 3568//2482 3567//2482
f 2138//2483 3567//2483 2432//2483
f 2432//2484 3567//2484 3566//2484
f 2432//2485 3566//2485 2431//2485
f 2431//2485 3566//2485 3551//2485
f 2431//2486 3551//2486 2403//2486
f 2403//2486 3551//2486 3550//2486
f 2403//2487 3550//2487 2399//2487
f 2399//2487 3550//2487 3547//2487
f 2399//2488 3547//2488 1428//2488
f 1428//2488 3547//2488 1426//2488
f 1429//2489 1427//2489 2400//2489
f 2400//2489 1427//2489 3561//2489
f 2400//2490 3561//2490 2401//2490
f 2401//2490 3561//2490 3560//2490
f 2401//2491 3560//2491 2402//2491
f 2402//2491 3560//2491 3555//2491
f 2402//2492 3555//2492 2404//2492
f 2404//2492 3555//2492 3554//2492
f 2404//2493 3554//2493 2405//2493
f 2405//2493 3554//2493 3553//2493
f 2405//2494 3553//2494 2436//2494
f 2436//2495 3553//2495 3556//2495
f 2436//2496 3556//2496 2437//2496
f 2437//2496 3556//2496 3549//2496
f 2437//2497 3549//2497 2391//2497
f 2391//2497 3549//2497 3548//2497
f 2391//2498 3548//2498 2392//2498
f 2392//2499 3548//2499 3572//2499
f 2392//2500 3572//2500 2433//2500
f 2433//2500 3572//2500 3571//2500
f 2433//2501 3571//2501 2434//2501
f 2434//2502 3571//2502 3570//2502
f 2434//2503 3570//2503 2435//2503
f 2435//2503 3570//2503 3569//2503
f 2435//2504 3569//2504 2394//2504
f 2394//2504 3569//2504 3565//2504
f 2394//2505 3565//2505 2395//2505
f 2395//2505 3565//2505 3564//2505
f 2395//2506 3564//2506 2397//2506
f 2397//2506 3564//2506 3581//2506
f 2397//2507 3581//2507 2398//2507
f 2398//2507 3581//2507 3580//2507
f 2398//2508 3580//2508 2479//2508
f 2479//2508 3580//2508 3578//2508
f 2479//2509 3578//2509 1424//2509
f 1424//2509 3578//2509 1422//2509
f 1425//2510 1423//2510 2480//2510
f 2480//2510 1423//2510 3586//2510
f 2480//2511 3586//2511 2527//2511
f 2527//2511 3586//2511 3585//2511
f 2527//2512 3585//2512 2528//2512
f 2528//2512 3585//2512 3584//2512
f 2528//2513 3584//2513 2529//2513
f 2529//2513 3584//2513 3583//2513
f 2529//2514 3583//2514 2497//2514
f 2497//2514 3583//2514 3582//2514
f 2497//2515 3582//2515 2498//2515
f 2498//2515 3582//2515 3576//2515
f 2498//2516 3576//2516 2499//2516
f 2499//2516 3576//2516 3577//2516
f 2499//2517 3577//2517 2396//2517
f 2396//2517 3577//2517 3579//2517
f 2396//2518 3579//2518 2525//2518
f 2525//2518 3579//2518 3587//2518
f 2525//2519 3587//2519 2526//2519
f 2526//2520 3587//2520 3590//2520
f 2526//2521 3590//2521 2495//2521
f 2495//2522 3590//2522 3589//2522
f 2495//2523 3589//2523 2496//2523
f 2496//2523 3589//2523 3588//2523
f 2496//2524 3588//2524 2540//2524
f 2540//2524 3588//2524 3574//2524
f 2540//2525 3574//2525 2541//2525
f 2541//2526 3574//2526 3573//2526
f 2541//2527 3573//2527 2542//2527
f 2542//2527 3573//2527 3605//2527
f 2542//2528 3605//2528 2294//2528
f 2294//2529 3605//2529 3592//2529
f 2294//2530 3592//2530 2565//2530
f 2565//2530 3592//2530 3596//2530
f 2565//2531 3596//2531 1420//2531
f 1420//2531 3596//2531 1418//2531
f 1421//2532 1419//2532 2566//2532
f 2566//2532 1419//2532 3595//2532
f 2566//2533 3595//2533 2567//2533
f 2567//2533 3595//2533 3597//2533
f 2567//2534 3597//2534 2551//2534
f 2551//2534 3597//2534 3600//2534
f 2551//2535 3600//2535 2552//2535
f 2552//2535 3600//2535 3599//2535
f 2552//2536 3599//2536 2562//2536
f 2562//2536 3599//2536 3598//2536
f 2562//2537 3598//2537 2563//2537
f 2563//2537 3598//2537 3591//2537
f 2563//2538 3591//2538 2292//2538
f 2292//2538 3591//2538 3593//2538
f 2292//2539 3593//2539 2293//2539
f 2293//2539 3593//2539 3594//2539
f 2293//2540 3594//2540 2393//2540
f 2393//2540 3594//2540 3604//2540
f 2393//2541 3604//2541 1763//2541
f 1763//2542 3604//2542 3603//2542
f 1763//2543 3603//2543 1852//2543
f 1852//2543 3603//2543 3602//2543
f 1852//2544 3602//2544 1853//2544
f 1853//2545 3602//2545 3601//2545
f 1853//2546 3601//2546 1978//2546
f 1978//2546 3601//2546 3615//2546
f 1978//2547 3615//2547 1979//2547
f 1979//2548 3615//2548 3614//2548
f 1979//2549 3614//2549 1980//2549
f 1980//2549 3614//2549 3613//2549
f 1980//2550 3613//2550 1981//2550
f 1981//2551 3613//2551 3610//2551
f 1981//2552 3610//2552 1982//2552
f 1982//2552 3610//2552 3607//2552
f 1982//2553 3607//2553 1416//2553
f 1416//2554 3607//2554 1414//2554
f 1417//2555 1415//2555 1742//2555
f 1742//2555 1415//2555 3606//2555
f 1742//2556 3606//2556 1743//2556
f 1743//2556 3606//2556 3608//2556
f 1743//2557 3608//2557 1808//2557
f 1808//2558 3608//2558 3618//2558
f 1808//2559 3618//2559 1744//2559
f 1744//2559 3618//2559 3617//2559
f 1744//2560 3617//2560 1745//2560
f 1745//2560 3617//2560 3616//2560
f 1745//2561 3616//2561 1747//2561
f 1747//2561 3616//2561 3609//2561
f 1747//2562 3609//2562 1748//2562
f 1748//2563 3609//2563 3611//2563
f 1748//2564 3611//2564 1749//2564
f 1749//2564 3611//2564 3612//2564
f 1749//2565 3612//2565 1750//2565
f 1750//2566 3612//2566 3575//2566
f 1750//2567 3575//2567 1751//2567
f 1751//2567 3575//2567 3552//2567
f 1751//2568 3552//2568 1752//2568
f 1752//2568 3552//2568 3563//2568
f 1752//2569 3563//2569 1753//2569
f 1753//2569 3563//2569 3562//2569
f 1753//2570 3562//2570 1755//2570
f 1755//2570 3562//2570 3559//2570
f 1755//2571 3559//2571 1756//2571
f 1756//2571 3559//2571 3558//2571
f 1756//2572 3558//2572 1970//2572
f 1970//2572 3558//2572 3557//2572
f 1970//2573 3557//2573 1602//2573
f 1602//2573 3557//2573 2607//2573
f 1602//2574 2607//2574 1760//2574
f 1760//2574 2607//2574 2606//2574
f 1760//2575 2606//2575 1412//2575
f 1412//2575 2606//2575 1410//2575
f 1413//2576 1411//2576 1761//2576
f 1761//2576 1411//2576 2605//2576
f 1761//2577 2605//2577 1762//2577
f 1762//2577 2605//2577 3479//2577
f 1762//2578 3479//2578 1846//2578
f 1846//2578 3479//2578 3379//2578
f 1846//2579 3379//2579 1847//2579
f 1847//2579 3379//2579 3378//2579
f 1847//2580 3378//2580 1848//2580
f 1848//2580 3378//2580 2691//2580
f 1848//2581 2691//2581 1809//2581
f 1809//2581 2691//2581 2786//2581
f 1809//2582 2786//2582 1600//2582
f 1600//2583 2786//2583 2785//2583
f 1600//2584 2785//2584 1601//2584
f 1601//2585 2785//2585 2784//2585
f 1601//2586 2784//2586 1969//2586
f 1969//2586 2784//2586 2949//2586
f 1969//2587 2949//2587 1968//2587
f 1968//2587 2949//2587 2948//2587
f 1968//2588 2948//2588 2132//2588
f 2132//2588 2948//2588 2946//2588
f 2132//2589 2946//2589 2133//2589
f 2133//2589 2946//2589 2945//2589
f 2133//2590 2945//2590 2134//2590
f 2134//2590 2945//2590 2944//2590
f 2134//2591 2944//2591 1759//2591
f 1759//2592 2944//2592 2943//2592
f 1759//2593 2943//2593 2046//2593
f 2046//2593 2943//2593 3217//2593
f 2046//2594 3217//2594 1895//2594
f 1895//2595 3217//2595 3216//2595
f 1895//2596 3216//2596 1644//2596
f 1644//2596 3216//2596 2698//2596
f 1644//2597 2698//2597 1408//2597
f 1408//2597 2698//2597 1406//2597
f 1409//2598 1407//2598 1976//2598
f 1976//2598 1407//2598 2697//2598
f 1976//2599 2697//2599 1642//2599
f 1642//2599 2697//2599 3218//2599
f 1642//2600 3218//2600 1643//2600
f 1643//2600 3218//2600 3219//2600
f 1643//2601 3219//2601 1973//2601
f 1973//2601 3219//2601 3220//2601
f 1973//2602 3220//2602 1974//2602
f 1974//2602 3220//2602 3300//2602
f 1974//2603 3300//2603 1975//2603
f 1975//2603 3300//2603 3299//2603
f 1975//2604 3299//2604 2047//2604
f 2047//2604 3299//2604 3298//2604
f 2047//2605 3298//2605 1757//2605
f 1757//2605 3298//2605 3482//2605
f 1757//2606 3482//2606 1758//2606
f 1758//2606 3482//2606 3481//2606
f 1758//2607 3481//2607 2102//2607
f 2102//2607 3481//2607 3480//2607
f 2102//2608 3480//2608 2103//2608
f 2103//2608 3480//2608 3135//2608
f 2103//2609 3135//2609 1971//2609
f 1971//2609 3135//2609 3136//2609
f 1971//2610 3136//2610 1972//2610
f 1972//2610 3136//2610 3137//2610
f 1972//2611 3137//2611 2078//2611
f 2078//2611 3137//2611 3213//2611
f 2078//2612 3213//2612 2079//2612
f 2079//2612 3213//2612 3215//2612
f 2079//2613 3215//2613 2080//2613
f 2080//2613 3215//2613 3390//2613
f 2080//2614 3390//2614 1930//2614
f 1930//2615 3390//2615 3211//2615
f 1930//2616 3211//2616 1404//2616
f 1404//2616 3211//2616 1402//2616
f 1405//2617 1403//2617 2237//2617
f 2237//2617 1403//2617 3210//2617
f 2237//2618 3210//2618 1928//2618
f 1928//2618 3210//2618 3212//2618
f 1928//2619 3212//2619 1929//2619
f 1929//2619 3212//2619 3392//2619
f 1929//2620 3392//2620 2180//2620
f 2180//2620 3392//2620 3391//2620
f 2180//2621 3391//2621 1754//2621
f 1754//2621 3391//2621 3389//2621
f 1754//2622 3389//2622 1837//2622
f 1837//2622 3389//2622 3388//2622
f 1837//2623 3388//2623 1805//2623
f 1805//2623 3388//2623 3443//2623
f 1805//2624 3443//2624 1803//2624
f 1803//2624 3443//2624 3214//2624
f 1803//2625 3214//2625 1733//2625
f 1733//2625 3214//2625 2942//2625
f 1733//2626 2942//2626 1734//2626
f 1734//2626 2942//2626 2947//2626
f 1734//2627 2947//2627 1736//2627
f 1736//2627 2947//2627 3029//2627
f 1736//2628 3029//2628 1738//2628
f 1738//2628 3029//2628 3028//2628
f 1738//2629 3028//2629 1740//2629
f 1740//2630 3028//2630 2622//2630
f 1740//2631 2622//2631 1927//2631
f 1927//2631 2622//2631 2787//2631
f 1927//2632 2787//2632 1842//2632
f 1842//2632 2787//2632 2788//2632
f 1842//2633 2788//2633 1957//2633
f 1957//2633 2788//2633 2704//2633
f 1957//2634 2704//2634 2026//2634
f 2026//2634 2704//2634 2700//2634
f 2026//2635 2700//2635 1400//2635
f 1400//2635 2700//2635 1398//2635
f 1401//2636 1399//2636 2027//2636
f 2027//2636 1399//2636 2699//2636
f 2027//2637 2699//2637 2028//2637
f 2028//2637 2699//2637 2701//2637
f 2028//2638 2701//2638 2029//2638
f 2029//2638 2701//2638 2706//2638
f 2029//2639 2706//2639 2030//2639
f 2030//2639 2706//2639 2705//2639
f 2030//2640 2705//2640 2031//2640
f 2031//2640 2705//2640 2703//2640
f 2031//2641 2703//2641 2032//2641
f 2032//2641 2703//2641 2702//2641
f 2032//2642 2702//2642 2033//2642
f 2033//2643 2702//2643 2789//2643
f 2033//2644 2789//2644 2034//2644
f 2034//2644 2789//2644 2674//2644
f 2034//2645 2674//2645 2035//2645
f 2035//2645 2674//2645 2673//2645
f 2035//2646 2673//2646 1966//2646
f 1966//2646 2673//2646 2864//2646
f 1966//2647 2864//2647 1967//2647
f 1967//2647 2864//2647 2863//2647
f 1967//2648 2863//2648 2036//2648
f 2036//2648 2863//2648 2862//2648
f 2036//2649 2862//2649 2037//2649
f 2037//2649 2862//2649 2791//2649
f 2037//2650 2791//2650 2038//2650
f 2038//2650 2791//2650 2790//2650
f 2038//2651 2790//2651 1843//2651
f 1843//2652 2790//2652 3396//2652
f 1843//2653 3396//2653 1844//2653
f 1844//2653 3396//2653 2856//2653
f 1844//2654 2856//2654 2043//2654
f 2043//2655 2856//2655 2853//2655
f 2043//2656 2853//2656 1396//2656
f 1396//2657 2853//2657 1394//2657
f 1397//2658 1395//2658 2044//2658
f 2044//2658 1395//2658 2852//2658
f 2044//2659 2852//2659 2045//2659
f 2045//2659 2852//2659 2854//2659
f 2045//2660 2854//2660 2095//2660
f 2095//2660 2854//2660 2861//2660
f 2095//2661 2861//2661 2096//2661
f 2096//2661 2861//2661 2860//2661
f 2096//2662 2860//2662 2097//2662
f 2097//2662 2860//2662 2859//2662
f 2097//2663 2859//2663 2098//2663
f 2098//2663 2859//2663 2855//2663
f 2098//2664 2855//2664 2122//2664
f 2122//2664 2855//2664 2857//2664
f 2122//2665 2857//2665 2123//2665
f 2123//2666 2857//2666 2858//2666
f 2123//2667 2858//2667 2124//2667
f 2124//2668 2858//2668 3395//2668
f 2124//2669 3395//2669 2099//2669
f 2099//2669 3395//2669 3394//2669
f 2099//2670 3394//2670 2100//2670
f 2100//2670 3394//2670 3307//2670
f 2100//2671 3307//2671 2101//2671
f 2101//2671 3307//2671 3306//2671
f 2101//2672 3306//2672 2039//2672
f 2039//2672 3306//2672 3393//2672
f 2039//2673 3393//2673 2040//2673
f 2040//2673 3393//2673 3032//2673
f 2040//2674 3032//2674 2041//2674
f 2041//2675 3032//2675 3031//2675
f 2041//2676 3031//2676 2042//2676
f 2042//2677 3031//2677 3303//2677
f 2042//2678 3303//2678 2127//2678
f 2127//2678 3303//2678 3222//2678
f 2127//2679 3222//2679 1392//2679
f 1392//2679 3222//2679 1390//2679
f 1393//2680 1391//2680 2131//2680
f 2131//2680 1391//2680 3221//2680
f 2131//2681 3221//2681 2125//2681
f 2125//2681 3221//2681 3223//2681
f 2125//2682 3223//2682 2126//2682
f 2126//2682 3223//2682 3305//2682
f 2126//2683 3305//2683 2128//2683
f 2128//2683 3305//2683 3304//2683
f 2128//2684 3304//2684 2129//2684
f 2129//2684 3304//2684 3302//2684
f 2129//2685 3302//2685 2130//2685
f 2130//2685 3302//2685 3301//2685
f 2130//2686 3301//2686 2286//2686
f 2286//2686 3301//2686 3444//2686
f 2286//2687 3444//2687 2287//2687
f 2287//2687 3444//2687 3030//2687
f 2287//2688 3030//2688 2288//2688
f 2288//2688 3030//2688 2792//2688
f 2288//2689 2792//2689 2176//2689
f 2176//2690 2792//2690 2672//2690
f 2176//2691 2672//2691 2177//2691
f 2177//2691 2672//2691 2795//2691
f 2177//2692 2795//2692 2178//2692
f 2178//2692 2795//2692 2794//2692
f 2178//2693 2794//2693 2179//2693
f 2179//2693 2794//2693 2793//2693
f 2179//2694 2793//2694 2424//2694
f 2424//2695 2793//2695 2709//2695
f 2424//2696 2709//2696 2423//2696
f 2423//2696 2709//2696 2708//2696
f 2423//2697 2708//2697 2289//2697
f 2289//2697 2708//2697 2707//2697
f 2289//2698 2707//2698 2386//2698
f 2386//2699 2707//2699 2646//2699
f 2386//2700 2646//2700 1388//2700
f 1388//2700 2646//2700 1386//2700
f 1389//2701 1387//2701 2387//2701
f 2387//2701 1387//2701 2638//2701
f 2387//2702 2638//2702 2388//2702
f 2388//2702 2638//2702 2637//2702
f 2388//2703 2637//2703 2389//2703
f 2389//2703 2637//2703 2635//2703
f 2389//2704 2635//2704 2390//2704
f 2390//2704 2635//2704 2634//2704
f 2390//2705 2634//2705 2290//2705
f 2290//2705 2634//2705 2677//2705
f 2290//2706 2677//2706 2291//2706
f 2291//2706 2677//2706 2676//2706
f 2291//2707 2676//2707 2422//2707
f 2422//2707 2676//2707 2675//2707
f 2422//2708 2675//2708 2378//2708
f 2378//2708 2675//2708 2721//2708
f 2378//2709 2721//2709 2380//2709
f 2380//2709 2721//2709 2720//2709
f 2380//2710 2720//2710 2381//2710
f 2381//2710 2720//2710 2719//2710
f 2381//2711 2719//2711 2382//2711
f 2382//2711 2719//2711 2715//2711
f 2382//2712 2715//2712 2425//2712
f 2425//2712 2715//2712 2717//2712
f 2425//2713 2717//2713 2426//2713
f 2426//2714 2717//2714 2718//2714
f 2426//2715 2718//2715 2427//2715
f 2427//2715 2718//2715 2629//2715
f 2427//2716 2629//2716 2430//2716
f 2430//2716 2629//2716 2628//2716
f 2430//2717 2628//2717 2385//2717
f 2385//2717 2628//2717 2710//2717
f 2385//2718 2710//2718 2477//2718
f 2477//2718 2710//2718 2712//2718
f 2477//2719 2712//2719 1384//2719
f 1384//2719 2712//2719 1382//2719
f 1385//2720 1383//2720 2478//2720
f 2478//2720 1383//2720 2799//2720
f 2478//2721 2799//2721 2492//2721
f 2492//2722 2799//2722 2800//2722
f 2492//2723 2800//2723 2493//2723
f 2493//2723 2800//2723 2798//2723
f 2493//2724 2798//2724 2494//2724
f 2494//2724 2798//2724 2797//2724
f 2494//2725 2797//2725 2383//2725
f 2383//2725 2797//2725 2796//2725
f 2383//2726 2796//2726 2384//2726
f 2384//2726 2796//2726 2714//2726
f 2384//2727 2714//2727 2428//2727
f 2428//2727 2714//2727 2713//2727
f 2428//2728 2713//2728 2429//2728
f 2429//2728 2713//2728 2711//2728
f 2429//2729 2711//2729 2514//2729
f 2514//2729 2711//2729 3043//2729
f 2514//2730 3043//2730 2515//2730
f 2515//2731 3043//2731 2951//2731
f 2515//2732 2951//2732 2474//2732
f 2474//2733 2951//2733 2950//2733
f 2474//2734 2950//2734 2475//2734
f 2475//2734 2950//2734 3311//2734
f 2475//2735 3311//2735 2516//2735
f 2516//2735 3311//2735 3310//2735
f 2516//2736 3310//2736 2517//2736
f 2517//2736 3310//2736 3309//2736
f 2517//2737 3309//2737 2518//2737
f 2518//2737 3309//2737 3308//2737
f 2518//2738 3308//2738 2345//2738
f 2345//2739 3308//2739 3038//2739
f 2345//2740 3038//2740 2519//2740
f 2519//2740 3038//2740 3034//2740
f 2519//2741 3034//2741 1380//2741
f 1380//2741 3034//2741 1378//2741
f 1381//2742 1379//2742 2520//2742
f 2520//2743 1379//2743 3033//2743
f 2520//2744 3033//2744 2521//2744
f 2521//2744 3033//2744 3035//2744
f 2521//2745 3035//2745 2522//2745
f 2522//2745 3035//2745 3042//2745
f 2522//2746 3042//2746 2523//2746
f 2523//2746 3042//2746 3041//2746
f 2523//2747 3041//2747 2524//2747
f 2524//2747 3041//2747 3040//2747
f 2524//2748 3040//2748 2476//2748
f 2476//2748 3040//2748 3039//2748
f 2476//2749 3039//2749 2343//2749
f 2343//2749 3039//2749 3037//2749
f 2343//2750 3037//2750 2344//2750
f 2344//2750 3037//2750 3036//2750
f 2344//2751 3036//2751 2379//2751
f 2379//2751 3036//2751 3230//2751
f 2379//2752 3230//2752 1845//2752
f 1845//2753 3230//2753 3229//2753
f 1845//2754 3229//2754 2120//2754
f 2120//2755 3229//2755 3228//2755
f 2120//2756 3228//2756 2121//2756
f 2121//2756 3228//2756 3227//2756
f 2121//2757 3227//2757 2173//2757
f 2173//2757 3227//2757 3226//2757
f 2173//2758 3226//2758 2174//2758
f 2174//2758 3226//2758 3225//2758
f 2174//2759 3225//2759 2175//2759
f 2175//2759 3225//2759 3224//2759
f 2175//2760 3224//2760 2284//2760
f 2284//2760 3224//2760 3511//2760
f 2284//2761 3511//2761 2285//2761
f 2285//2761 3511//2761 3503//2761
f 2285//2762 3503//2762 1376//2762
f 1376//2762 3503//2762 1374//2762
f 1377//2763 1375//2763 1956//2763
f 1956//2763 1375//2763 3502//2763
f 1956//2764 3502//2764 1958//2764
f 1958//2765 3502//2765 3504//2765
f 1958//2766 3504//2766 1959//2766
f 1959//2766 3504//2766 3516//2766
f 1959//2767 3516//2767 1840//2767
f 1840//2767 3516//2767 3515//2767
f 1840//2768 3515//2768 1841//2768
f 1841//2768 3515//2768 3514//2768
f 1841//2769 3514//2769 2073//2769
f 2073//2769 3514//2769 3513//2769
f 2073//2770 3513//2770 2074//2770
f 2074//2770 3513//2770 3512//2770
f 2074//2771 3512//2771 1961//2771
f 1961//2771 3512//2771 2630//2771
f 1961//2772 2630//2772 1962//2772
f 1962//2772 2630//2772 2873//2772
f 1962//2773 2873//2773 2019//2773
f 2019//2773 2873//2773 2872//2773
f 2019//2774 2872//2774 2020//2774
f 2020//2774 2872//2774 2870//2774
f 2020//2775 2870//2775 2021//2775
f 2021//2775 2870//2775 2869//2775
f 2021//2776 2869//2776 1964//2776
f 1964//2776 2869//2776 2722//2776
f 1964//2777 2722//2777 1965//2777
f 1965//2777 2722//2777 2724//2777
f 1965//2778 2724//2778 2117//2778
f 2117//2778 2724//2778 2725//2778
f 2117//2779 2725//2779 2023//2779
f 2023//2779 2725//2779 2866//2779
f 2023//2780 2866//2780 2091//2780
f 2091//2780 2866//2780 2953//2780
f 2091//2781 2953//2781 1372//2781
f 1372//2781 2953//2781 1370//2781
f 1373//2782 1371//2782 2092//2782
f 2092//2782 1371//2782 2952//2782
f 2092//2783 2952//2783 2093//2783
f 2093//2783 2952//2783 2954//2783
f 2093//2784 2954//2784 2094//2784
f 2094//2785 2954//2785 3046//2785
f 2094//2786 3046//2786 2118//2786
f 2118//2786 3046//2786 3045//2786
f 2118//2787 3045//2787 2119//2787
f 2119//2787 3045//2787 3044//2787
f 2119//2788 3044//2788 2025//2788
f 2025//2788 3044//2788 2865//2788
f 2025//2789 2865//2789 2024//2789
f 2024//2789 2865//2789 2867//2789
f 2024//2790 2867//2790 2022//2790
f 2022//2790 2867//2790 2868//2790
f 2022//2791 2868//2791 2116//2791
f 2116//2791 2868//2791 3052//2791
f 2116//2792 3052//2792 2088//2792
f 2088//2792 3052//2792 2955//2792
f 2088//2793 2955//2793 2089//2793
f 2089//2793 2955//2793 2956//2793
f 2089//2794 2956//2794 2090//2794
f 2090//2794 2956//2794 2957//2794
f 2090//2795 2957//2795 2234//2795
f 2234//2796 2957//2796 2802//2796
f 2234//2797 2802//2797 2235//2797
f 2235//2797 2802//2797 2801//2797
f 2235//2798 2801//2798 2236//2798
f 2236//2798 2801//2798 3447//2798
f 2236//2799 3447//2799 2170//2799
f 2170//2799 3447//2799 3047//2799
f 2170//2800 3047//2800 2340//2800
f 2340//2800 3047//2800 3049//2800
f 2340//2801 3049//2801 1368//2801
f 1368//2801 3049//2801 1366//2801
f 1369//2802 1367//2802 2341//2802
f 2341//2802 1367//2802 3312//2802
f 2341//2803 3312//2803 2342//2803
f 2342//2803 3312//2803 3313//2803
f 2342//2804 3313//2804 2281//2804
f 2281//2804 3313//2804 3233//2804
f 2281//2805 3233//2805 2282//2805
f 2282//2805 3233//2805 3232//2805
f 2282//2806 3232//2806 2283//2806
f 2283//2806 3232//2806 3231//2806
f 2283//2807 3231//2807 2172//2807
f 2172//2807 3231//2807 3051//2807
f 2172//2808 3051//2808 2171//2808
f 2171//2808 3051//2808 3050//2808
f 2171//2809 3050//2809 2169//2809
f 2169//2809 3050//2809 3048//2809
f 2169//2810 3048//2810 1963//2810
f 1963//2810 3048//2810 3446//2810
f 1963//2811 3446//2811 1960//2811
f 1960//2811 3446//2811 3445//2811
f 1960//2812 3445//2812 2086//2812
f 2086//2812 3445//2812 3315//2812
f 2086//2813 3315//2813 2087//2813
f 2087//2813 3315//2813 3314//2813
f 2087//2814 3314//2814 2075//2814
f 2075//2814 3314//2814 3483//2814
f 2075//2815 3483//2815 2076//2815
f 2076//2815 3483//2815 3399//2815
f 2076//2816 3399//2816 2077//2816
f 2077//2816 3399//2816 3398//2816
f 2077//2817 3398//2817 2114//2817
f 2114//2817 3398//2817 3534//2817
f 2114//2818 3534//2818 2115//2818
f 2115//2818 3534//2818 3523//2818
f 2115//2819 3523//2819 1364//2819
f 1364//2819 3523//2819 1362//2819
f 1365//2820 1363//2820 2415//2820
f 2415//2820 1363//2820 3522//2820
f 2415//2821 3522//2821 2320//2821
f 2320//2821 3522//2821 3524//2821
f 2320//2822 3524//2822 2321//2822
f 2321//2822 3524//2822 3546//2822
f 2321//2823 3546//2823 2359//2823
f 2359//2823 3546//2823 3545//2823
f 2359//2824 3545//2824 2360//2824
f 2360//2824 3545//2824 3544//2824
f 2360//2825 3544//2825 2213//2825
f 2213//2825 3544//2825 3536//2825
f 2213//2826 3536//2826 2214//2826
f 2214//2826 3536//2826 3535//2826
f 2214//2827 3535//2827 2261//2827
f 2261//2827 3535//2827 3397//2827
f 2261//2828 3397//2828 2262//2828
f 2262//2828 3397//2828 2803//2828
f 2262//2829 2803//2829 2264//2829
f 2264//2829 2803//2829 2723//2829
f 2264//2830 2723//2830 2265//2830
f 2265//2830 2723//2830 3139//2830
f 2265//2831 3139//2831 2454//2831
f 2454//2831 3139//2831 3138//2831
f 2454//2832 3138//2832 2455//2832
f 2455//2832 3138//2832 3054//2832
f 2455//2833 3054//2833 2456//2833
f 2456//2833 3054//2833 3053//2833
f 2456//2834 3053//2834 2508//2834
f 2508//2834 3053//2834 3449//2834
f 2508//2835 3449//2835 2509//2835
f 2509//2835 3449//2835 3448//2835
f 2509//2836 3448//2836 2559//2836
f 2559//2836 3448//2836 3323//2836
f 2559//2837 3323//2837 1360//2837
f 1360//2837 3323//2837 1358//2837
f 1361//2838 1359//2838 2560//2838
f 2560//2838 1359//2838 3404//2838
f 2560//2839 3404//2839 2561//2839
f 2561//2839 3404//2839 3405//2839
f 2561//2840 3405//2840 2534//2840
f 2534//2840 3405//2840 3322//2840
f 2534//2841 3322//2841 2533//2841
f 2533//2841 3322//2841 3321//2841
f 2533//2842 3321//2842 2532//2842
f 2532//2842 3321//2842 3408//2842
f 2532//2843 3408//2843 2535//2843
f 2535//2843 3408//2843 3407//2843
f 2535//2844 3407//2844 2536//2844
f 2536//2844 3407//2844 3406//2844
f 2536//2845 3406//2845 2507//2845
f 2507//2845 3406//2845 3144//2845
f 2507//2846 3144//2846 2506//2846
f 2506//2846 3144//2846 3143//2846
f 2506//2847 3143//2847 2417//2847
f 2417//2847 3143//2847 2960//2847
f 2417//2848 2960//2848 2419//2848
f 2419//2848 2960//2848 2962//2848
f 2419//2849 2962//2849 2420//2849
f 2420//2849 2962//2849 3247//2849
f 2420//2850 3247//2850 2451//2850
f 2451//2850 3247//2850 3246//2850
f 2451//2851 3246//2851 2452//2851
f 2452//2851 3246//2851 3245//2851
f 2452//2852 3245//2852 2453//2852
f 2453//2853 3245//2853 3326//2853
f 2453//2854 3326//2854 2363//2854
f 2363//2854 3326//2854 3325//2854
f 2363//2855 3325//2855 2361//2855
f 2361//2855 3325//2855 3324//2855
f 2361//2856 3324//2856 1356//2856
f 1356//2857 3324//2857 1354//2857
f 1357//2858 1355//2858 2362//2858
f 2362//2858 1355//2858 2726//2858
f 2362//2859 2726//2859 2418//2859
f 2418//2859 2726//2859 2961//2859
f 2418//2860 2961//2860 2416//2860
f 2416//2861 2961//2861 2959//2861
f 2416//2862 2959//2862 2266//2862
f 2266//2862 2959//2862 2958//2862
f 2266//2863 2958//2863 2267//2863
f 2267//2863 2958//2863 3403//2863
f 2267//2864 3403//2864 2364//2864
f 2364//2864 3403//2864 3402//2864
f 2364//2865 3402//2865 2365//2865
f 2365//2865 3402//2865 3401//2865
f 2365//2866 3401//2866 2366//2866
f 2366//2866 3401//2866 3061//2866
f 2366//2867 3061//2867 2324//2867
f 2324//2867 3061//2867 3060//2867
f 2324//2868 3060//2868 2322//2868
f 2322//2868 3060//2868 3400//2868
f 2322//2869 3400//2869 2326//2869
f 2326//2869 3400//2869 3244//2869
f 2326//2870 3244//2870 2327//2870
f 2327//2870 3244//2870 3243//2870
f 2327//2871 3243//2871 2328//2871
f 2328//2871 3243//2871 3242//2871
f 2328//2872 3242//2872 2329//2872
f 2329//2872 3242//2872 3237//2872
f 2329//2873 3237//2873 2330//2873
f 2330//2873 3237//2873 3236//2873
f 2330//2874 3236//2874 2459//2874
f 2459//2874 3236//2874 3235//2874
f 2459//2875 3235//2875 2510//2875
f 2510//2875 3235//2875 3141//2875
f 2510//2876 3141//2876 1352//2876
f 1352//2876 3141//2876 1350//2876
f 1353//2877 1351//2877 2537//2877
f 2537//2877 1351//2877 3140//2877
f 2537//2878 3140//2878 2538//2878
f 2538//2879 3140//2879 3142//2879
f 2538//2880 3142//2880 2539//2880
f 2539//2880 3142//2880 3317//2880
f 2539//2881 3317//2881 2457//2881
f 2457//2881 3317//2881 3316//2881
f 2457//2882 3316//2882 2458//2882
f 2458//2882 3316//2882 3241//2882
f 2458//2883 3241//2883 2460//2883
f 2460//2883 3241//2883 3240//2883
f 2460//2884 3240//2884 2461//2884
f 2461//2885 3240//2885 3239//2885
f 2461//2886 3239//2886 2331//2886
f 2331//2886 3239//2886 3234//2886
f 2331//2887 3234//2887 2332//2887
f 2332//2887 3234//2887 3238//2887
f 2332//2888 3238//2888 2108//2888
f 2108//2888 3238//2888 3320//2888
f 2108//2889 3320//2889 2109//2889
f 2109//2889 3320//2889 3319//2889
f 2109//2890 3319//2890 2367//2890
f 2367//2890 3319//2890 3318//2890
f 2367//2891 3318//2891 2368//2891
f 2368//2891 3318//2891 3059//2891
f 2368//2892 3059//2892 2369//2892
f 2369//2892 3059//2892 3058//2892
f 2369//2893 3058//2893 2462//2893
f 2462//2893 3058//2893 3057//2893
f 2462//2894 3057//2894 2464//2894
f 2464//2894 3057//2894 3056//2894
f 2464//2895 3056//2895 2511//2895
f 2511//2895 3056//2895 3055//2895
f 2511//2896 3055//2896 1348//2896
f 1348//2896 3055//2896 1346//2896
f 1349//2897 1347//2897 2512//2897
f 2512//2897 1347//2897 3079//2897
f 2512//2898 3079//2898 2513//2898
f 2513//2898 3079//2898 3257//2898
f 2513//2899 3257//2899 2466//2899
f 2466//2899 3257//2899 3256//2899
f 2466//2900 3256//2900 2465//2900
f 2465//2900 3256//2900 3157//2900
f 2465//2901 3157//2901 2463//2901
f 2463//2901 3157//2901 3156//2901
f 2463//2902 3156//2902 2467//2902
f 2467//2902 3156//2902 3255//2902
f 2467//2903 3255//2903 2370//2903
f 2370//2903 3255//2903 3254//2903
f 2370//2904 3254//2904 2371//2904
f 2371//2904 3254//2904 3155//2904
f 2371//2905 3155//2905 2372//2905
f 2372//2905 3155//2905 3154//2905
f 2372//2906 3154//2906 2334//2906
f 2334//2906 3154//2906 3153//2906
f 2334//2907 3153//2907 2335//2907
f 2335//2907 3153//2907 2973//2907
f 2335//2908 2973//2908 2336//2908
f 2336//2908 2973//2908 3077//2908
f 2336//2909 3077//2909 2337//2909
f 2337//2909 3077//2909 3076//2909
f 2337//2910 3076//2910 2491//2910
f 2491//2910 3076//2910 3075//2910
f 2491//2911 3075//2911 2490//2911
f 2490//2911 3075//2911 3146//2911
f 2490//2912 3146//2912 2375//2912
f 2375//2912 3146//2912 3145//2912
f 2375//2913 3145//2913 2471//2913
f 2471//2913 3145//2913 3410//2913
f 2471//2914 3410//2914 1344//2914
f 1344//2914 3410//2914 1342//2914
f 1345//2915 1343//2915 2472//2915
f 2472//2916 1343//2916 3409//2916
f 2472//2917 3409//2917 2473//2917
f 2473//2917 3409//2917 3411//2917
f 2473//2918 3411//2918 2373//2918
f 2373//2918 3411//2918 3412//2918
f 2373//2919 3412//2919 2374//2919
f 2374//2919 3412//2919 3147//2919
f 2374//2920 3147//2920 2376//2920
f 2376//2920 3147//2920 3148//2920
f 2376//2921 3148//2921 2377//2921
f 2377//2922 3148//2922 3329//2922
f 2377//2923 3329//2923 2489//2923
f 2489//2923 3329//2923 3328//2923
f 2489//2924 3328//2924 2421//2924
f 2421//2924 3328//2924 3327//2924
f 2421//2925 3327//2925 2271//2925
f 2271//2925 3327//2925 3151//2925
f 2271//2926 3151//2926 2216//2926
f 2216//2926 3151//2926 3073//2926
f 2216//2927 3073//2927 2217//2927
f 2217//2927 3073//2927 3072//2927
f 2217//2928 3072//2928 2219//2928
f 2219//2928 3072//2928 3071//2928
f 2219//2929 3071//2929 2220//2929
f 2220//2929 3071//2929 3067//2929
f 2220//2930 3067//2930 2221//2930
f 2221//2930 3067//2930 3069//2930
f 2221//2931 3069//2931 2222//2931
f 2222//2931 3069//2931 3070//2931
f 2222//2932 3070//2932 2338//2932
f 2338//2932 3070//2932 3253//2932
f 2338//2933 3253//2933 2268//2933
f 2268//2933 3253//2933 3252//2933
f 2268//2934 3252//2934 1340//2934
f 1340//2934 3252//2934 1338//2934
f 1341//2935 1339//2935 2339//2935
f 2339//2936 1339//2936 3251//2936
f 2339//2937 3251//2937 2218//2937
f 2218//2937 3251//2937 3068//2937
f 2218//2938 3068//2938 2269//2938
f 2269//2938 3068//2938 3250//2938
f 2269//2939 3250//2939 2270//2939
f 2270//2939 3250//2939 3249//2939
f 2270//2940 3249//2940 2468//2940
f 2468//2940 3249//2940 3248//2940
f 2468//2941 3248//2941 2469//2941
f 2469//2941 3248//2941 3152//2941
f 2469//2942 3152//2942 2470//2942
f 2470//2943 3152//2943 3150//2943
f 2470//2944 3150//2944 2223//2944
f 2223//2945 3150//2945 3149//2945
f 2223//2946 3149//2946 2224//2946
f 2224//2946 3149//2946 3074//2946
f 2224//2947 3074//2947 2226//2947
f 2226//2947 3074//2947 3078//2947
f 2226//2948 3078//2948 2165//2948
f 2165//2948 3078//2948 2963//2948
f 2165//2949 2963//2949 2164//2949
f 2164//2949 2963//2949 2970//2949
f 2164//2950 2970//2950 2162//2950
f 2162//2950 2970//2950 2966//2950
f 2162//2951 2966//2951 2166//2951
f 2166//2951 2966//2951 2968//2951
f 2166//2952 2968//2952 2167//2952
f 2167//2952 2968//2952 2969//2952
f 2167//2953 2969//2953 2228//2953
f 2228//2953 2969//2953 3066//2953
f 2228//2954 3066//2954 2227//2954
f 2227//2954 3066//2954 3065//2954
f 2227//2955 3065//2955 1336//2955
f 1336//2955 3065//2955 1334//2955
f 1337//2956 1335//2956 2168//2956
f 2168//2956 1335//2956 3064//2956
f 2168//2957 3064//2957 2163//2957
f 2163//2957 3064//2957 2967//2957
f 2163//2958 2967//2958 2272//2958
f 2272//2958 2967//2958 2971//2958
f 2272//2959 2971//2959 2273//2959
f 2273//2959 2971//2959 3063//2959
f 2273//2960 3063//2960 2274//2960
f 2274//2960 3063//2960 3062//2960
f 2274//2961 3062//2961 2233//2961
f 2233//2961 3062//2961 2965//2961
f 2233//2962 2965//2962 2232//2962
f 2232//2962 2965//2962 2964//2962
f 2232//2963 2964//2963 2231//2963
f 2231//2963 2964//2963 3080//2963
f 2231//2964 3080//2964 2229//2964
f 2229//2964 3080//2964 2878//2964
f 2229//2965 2878//2965 2280//2965
f 2280//2965 2878//2965 3083//2965
f 2280//2966 3083//2966 2279//2966
f 2279//2966 3083//2966 3082//2966
f 2279//2967 3082//2967 2277//2967
f 2277//2967 3082//2967 3487//2967
f 2277//2968 3487//2968 2113//2968
f 2113//2968 3487//2968 3486//2968
f 2113//2969 3486//2969 2357//2969
f 2357//2969 3486//2969 3456//2969
f 2357//2970 3456//2970 2358//2970
f 2358//2970 3456//2970 3455//2970
f 2358//2971 3455//2971 2316//2971
f 2316//2971 3455//2971 3507//2971
f 2316//2972 3507//2972 2314//2972
f 2314//2973 3507//2973 3506//2973
f 2314//2974 3506//2974 1332//2974
f 1332//2974 3506//2974 1330//2974
f 1333//2975 1331//2975 2315//2975
f 2315//2976 1331//2976 3505//2976
f 2315//2977 3505//2977 2356//2977
f 2356//2978 3505//2978 3084//2978
f 2356//2979 3084//2979 2355//2979
f 2355//2979 3084//2979 3454//2979
f 2355//2980 3454//2980 2412//2980
f 2412//2980 3454//2980 3453//2980
f 2412//2981 3453//2981 2413//2981
f 2413//2982 3453//2982 3452//2982
f 2413//2983 3452//2983 2414//2983
f 2414//2983 3452//2983 3451//2983
f 2414//2984 3451//2984 2449//2984
f 2449//2985 3451//2985 3450//2985
f 2449//2986 3450//2986 2450//2986
f 2450//2986 3450//2986 3485//2986
f 2450//2987 3485//2987 2318//2987
f 2318//2987 3485//2987 3484//2987
f 2318//2988 3484//2988 2353//2988
f 2353//2989 3484//2989 2679//2989
f 2353//2990 2679//2990 2410//2990
f 2410//2990 2679//2990 2678//2990
f 2410//2991 2678//2991 2411//2991
f 2411//2991 2678//2991 3331//2991
f 2411//2992 3331//2992 2446//2992
f 2446//2992 3331//2992 3330//2992
f 2446//2993 3330//2993 2447//2993
f 2447//2993 3330//2993 3086//2993
f 2447//2994 3086//2994 2448//2994
f 2448//2994 3086//2994 3085//2994
f 2448//2995 3085//2995 2313//2995
f 2313//2995 3085//2995 3415//2995
f 2313//2996 3415//2996 2311//2996
f 2311//2996 3415//2996 3414//2996
f 2311//2997 3414//2997 1328//2997
f 1328//2997 3414//2997 1326//2997
f 1329//2998 1327//2998 2312//2998
f 2312//2998 1327//2998 3413//2998
f 2312//2999 3413//2999 2409//2999
f 2409//2999 3413//2999 2680//2999
f 2409//3000 2680//3000 2354//3000
f 2354//3000 2680//3000 2986//3000
f 2354//3001 2986//3001 2352//3001
f 2352//3001 2986//3001 2879//3001
f 2352//3002 2879//3002 2319//3002
f 2319//3002 2879//3002 2877//3002
f 2319//3003 2877//3003 2317//3003
f 2317//3004 2877//3004 2876//3004
f 2317//3005 2876//3005 2254//3005
f 2254//3006 2876//3006 2985//3006
f 2254//3007 2985//3007 2255//3007
f 2255//3007 2985//3007 2984//3007
f 2255//3008 2984//3008 2256//3008
f 2256//3009 2984//3009 2983//3009
f 2256//3010 2983//3010 2206//3010
f 2206//3010 2983//3010 3081//3010
f 2206//3011 3081//3011 2207//3011
f 2207//3011 3081//3011 3091//3011
f 2207//3012 3091//3012 2209//3012
f 2209//3013 3091//3013 3090//3013
f 2209//3014 3090//3014 2251//3014
f 2251//3015 3090//3015 3089//3015
f 2251//3016 3089//3016 2252//3016
f 2252//3016 3089//3016 3088//3016
f 2252//3017 3088//3017 2253//3017
f 2253//3017 3088//3017 3087//3017
f 2253//3018 3087//3018 2205//3018
f 2205//3018 3087//3018 2990//3018
f 2205//3019 2990//3019 2203//3019
f 2203//3019 2990//3019 2988//3019
f 2203//3020 2988//3020 1324//3020
f 1324//3020 2988//3020 1322//3020
f 1325//3021 1323//3021 2204//3021
f 2204//3021 1323//3021 2987//3021
f 2204//3022 2987//3022 2208//3022
f 2208//3023 2987//3023 2989//3023
f 2208//3024 2989//3024 2257//3024
f 2257//3024 2989//3024 2982//3024
f 2257//3025 2982//3025 2210//3025
f 2210//3026 2982//3026 2981//3026
f 2210//3027 2981//3027 2211//3027
f 2211//3028 2981//3028 2980//3028
f 2211//3029 2980//3029 2212//3029
f 2212//3029 2980//3029 2979//3029
f 2212//3030 2979//3030 2258//3030
f 2258//3030 2979//3030 2978//3030
f 2258//3031 2978//3031 2259//3031
f 2259//3031 2978//3031 2977//3031
f 2259//3032 2977//3032 2260//3032
f 2260//3032 2977//3032 2976//3032
f 2260//3033 2976//3033 2155//3033
f 2155//3033 2976//3033 2809//3033
f 2155//3034 2809//3034 2156//3034
f 2156//3035 2809//3035 2808//3035
f 2156//3036 2808//3036 2157//3036
f 2157//3036 2808//3036 2975//3036
f 2157//3037 2975//3037 2158//3037
f 2158//3037 2975//3037 2974//3037
f 2158//3038 2974//3038 2159//3038
f 2159//3038 2974//3038 2804//3038
f 2159//3039 2804//3039 2160//3039
f 2160//3039 2804//3039 2806//3039
f 2160//3040 2806//3040 2161//3040
f 2161//3040 2806//3040 2807//3040
f 2161//3041 2807//3041 1892//3041
f 1892//3041 2807//3041 2874//3041
f 1892//3042 2874//3042 1320//3042
f 1320//3042 2874//3042 1318//3042
f 1321//3043 1319//3043 2249//3043
f 2249//3043 1319//3043 3261//3043
f 2249//3044 3261//3044 2250//3044
f 2250//3044 3261//3044 3262//3044
f 2250//3045 3262//3045 2306//3045
f 2306//3045 3262//3045 3337//3045
f 2306//3046 3337//3046 2307//3046
f 2307//3047 3337//3047 3336//3047
f 2307//3048 3336//3048 2308//3048
f 2308//3048 3336//3048 3335//3048
f 2308//3049 3335//3049 2309//3049
f 2309//3049 3335//3049 3334//3049
f 2309//3050 3334//3050 2310//3050
f 2310//3051 3334//3051 3333//3051
f 2310//3052 3333//3052 2246//3052
f 2246//3052 3333//3052 3332//3052
f 2246//3053 3332//3053 2558//3053
f 2558//3053 3332//3053 3162//3053
f 2558//3054 3162//3054 2571//3054
f 2571//3055 3162//3055 3340//3055
f 2571//3056 3340//3056 2594//3056
f 2594//3057 3340//3057 3342//3057
f 2594//3058 3342//3058 2595//3058
f 2595//3058 3342//3058 3270//3058
f 2595//3059 3270//3059 2596//3059
f 2596//3059 3270//3059 3268//3059
f 2596//3060 3268//3060 2597//3060
f 2597//3060 3268//3060 3267//3060
f 2597//3061 3267//3061 2598//3061
f 2598//3061 3267//3061 3418//3061
f 2598//3062 3418//3062 2592//3062
f 2592//3062 3418//3062 3417//3062
f 2592//3063 3417//3063 2590//3063
f 2590//3063 3417//3063 3416//3063
f 2590//3064 3416//3064 1316//3064
f 1316//3064 3416//3064 1314//3064
f 1317//3065 1315//3065 2591//3065
f 2591//3065 1315//3065 2681//3065
f 2591//3066 2681//3066 2593//3066
f 2593//3067 2681//3067 3269//3067
f 2593//3068 3269//3068 2572//3068
f 2572//3068 3269//3068 3341//3068
f 2572//3069 3341//3069 2573//3069
f 2573//3069 3341//3069 3339//3069
f 2573//3070 3339//3070 2586//3070
f 2586//3071 3339//3071 3338//3071
f 2586//3072 3338//3072 2584//3072
f 2584//3072 3338//3072 3266//3072
f 2584//3073 3266//3073 2585//3073
f 2585//3073 3266//3073 3265//3073
f 2585//3074 3265//3074 2587//3074
f 2587//3074 3265//3074 3264//3074
f 2587//3075 3264//3075 2588//3075
f 2588//3076 3264//3076 3263//3076
f 2588//3077 3263//3077 2580//3077
f 2580//3078 3263//3078 3174//3078
f 2580//3079 3174//3079 2579//3079
f 2579//3079 3174//3079 3173//3079
f 2579//3080 3173//3080 2577//3080
f 2577//3080 3173//3080 3172//3080
f 2577//3081 3172//3081 2581//3081
f 2581//3081 3172//3081 3171//3081
f 2581//3082 3171//3082 2582//3082
f 2582//3082 3171//3082 3170//3082
f 2582//3083 3170//3083 2583//3083
f 2583//3083 3170//3083 3169//3083
f 2583//3084 3169//3084 2570//3084
f 2570//3084 3169//3084 3168//3084
f 2570//3085 3168//3085 2568//3085
f 2568//3085 3168//3085 3166//3085
f 2568//3086 3166//3086 1312//3086
f 1312//3086 3166//3086 1310//3086
f 1313//3087 1311//3087 2569//3087
f 2569//3087 1311//3087 3165//3087
f 2569//3088 3165//3088 2578//3088
f 2578//3088 3165//3088 3167//3088
f 2578//3089 3167//3089 2589//3089
f 2589//3089 3167//3089 3175//3089
f 2589//3090 3175//3090 2556//3090
f 2556//3091 3175//3091 3164//3091
f 2556//3092 3164//3092 2557//3092
f 2557//3093 3164//3093 3163//3093
f 2557//3094 3163//3094 2574//3094
f 2574//3094 3163//3094 3161//3094
f 2574//3095 3161//3095 2575//3095
f 2575//3095 3161//3095 3160//3095
f 2575//3096 3160//3096 2576//3096
f 2576//3097 3160//3097 2882//3097
f 2576//3098 2882//3098 2564//3098
f 2564//3098 2882//3098 2881//3098
f 2564//3099 2881//3099 2547//3099
f 2547//3099 2881//3099 2880//3099
f 2547//3100 2880//3100 2549//3100
f 2549//3100 2880//3100 2991//3100
f 2549//3101 2991//3101 2550//3101
f 2550//3101 2991//3101 2811//3101
f 2550//3102 2811//3102 2553//3102
f 2553//3103 2811//3103 2810//3103
f 2553//3104 2810//3104 2554//3104
f 2554//3105 2810//3105 3260//3105
f 2554//3106 3260//3106 2555//3106
f 2555//3106 3260//3106 3259//3106
f 2555//3107 3259//3107 2545//3107
f 2545//3107 3259//3107 3258//3107
f 2545//3108 3258//3108 2543//3108
f 2543//3108 3258//3108 3159//3108
f 2543//3109 3159//3109 1308//3109
f 1308//3109 3159//3109 1306//3109
f 1309//3110 1307//3110 2544//3110
f 2544//3110 1307//3110 3158//3110
f 2544//3111 3158//3111 2548//3111
f 2548//3111 3158//3111 3098//3111
f 2548//3112 3098//3112 2546//3112
f 2546//3112 3098//3112 3097//3112
f 2546//3113 3097//3113 2444//3113
f 2444//3113 3097//3113 3096//3113
f 2444//3114 3096//3114 2445//3114
f 2445//3114 3096//3114 3095//3114
f 2445//3115 3095//3115 2502//3115
f 2502//3116 3095//3116 3094//3116
f 2502//3117 3094//3117 2503//3117
f 2503//3117 3094//3117 3093//3117
f 2503//3118 3093//3118 2504//3118
f 2504//3118 3093//3118 3092//3118
f 2504//3119 3092//3119 2505//3119
f 2505//3120 3092//3120 3273//3120
f 2505//3121 3273//3121 2442//3121
f 2442//3121 3273//3121 3349//3121
f 2442//3122 3349//3122 2443//3122
f 2443//3123 3349//3123 3459//3123
f 2443//3124 3459//3124 2487//3124
f 2487//3124 3459//3124 3460//3124
f 2487//3125 3460//3125 2488//3125
f 2488//3125 3460//3125 3527//3125
f 2488//3126 3527//3126 2530//3126
f 2530//3126 3527//3126 3526//3126
f 2530//3127 3526//3127 2531//3127
f 2531//3127 3526//3127 3525//3127
f 2531//3128 3525//3128 2501//3128
f 2501//3128 3525//3128 3539//3128
f 2501//3129 3539//3129 2500//3129
f 2500//3129 3539//3129 3538//3129
f 2500//3130 3538//3130 1304//3130
f 1304//3130 3538//3130 1302//3130
f 1305//3131 1303//3131 2441//3131
f 2441//3131 1303//3131 3537//3131
f 2441//3132 3537//3132 2244//3132
f 2244//3132 3537//3132 3458//3132
f 2244//3133 3458//3133 2245//3133
f 2245//3133 3458//3133 3457//3133
f 2245//3134 3457//3134 2247//3134
f 2247//3134 3457//3134 3348//3134
f 2247//3135 3348//3135 2248//3135
f 2248//3135 3348//3135 3347//3135
f 2248//3136 3347//3136 2301//3136
f 2301//3136 3347//3136 3346//3136
f 2301//3137 3346//3137 2302//3137
f 2302//3137 3346//3137 3490//3137
f 2302//3138 3490//3138 2303//3138
f 2303//3138 3490//3138 3489//3138
f 2303//3139 3489//3139 2304//3139
f 2304//3139 3489//3139 3488//3139
f 2304//3140 3488//3140 2199//3140
f 2199//3141 3488//3141 3345//3141
f 2199//3142 3345//3142 2198//3142
f 2198//3143 3345//3143 3344//3143
f 2198//3144 3344//3144 2196//3144
f 2196//3144 3344//3144 3343//3144
f 2196//3145 3343//3145 2200//3145
f 2200//3145 3343//3145 3179//3145
f 2200//3146 3179//3146 2201//3146
f 2201//3147 3179//3147 2993//3147
f 2201//3148 2993//3148 2202//3148
f 2202//3148 2993//3148 2992//3148
f 2202//3149 2992//3149 2243//3149
f 2243//3150 2992//3150 2817//3150
f 2243//3151 2817//3151 2242//3151
f 2242//3151 2817//3151 2816//3151
f 2242//3152 2816//3152 1300//3152
f 1300//3152 2816//3152 1298//3152
f 1301//3153 1299//3153 2197//3153
f 2197//3153 1299//3153 2815//3153
f 2197//3154 2815//3154 2305//3154
f 2305//3154 2815//3154 2994//3154
f 2305//3155 2994//3155 2349//3155
f 2349//3155 2994//3155 3354//3155
f 2349//3156 3354//3156 2350//3156
f 2350//3156 3354//3156 3353//3156
f 2350//3157 3353//3157 2351//3157
f 2351//3157 3353//3157 3352//3157
f 2351//3158 3352//3158 2062//3158
f 2062//3158 3352//3158 3351//3158
f 2062//3159 3351//3159 2063//3159
f 2063//3159 3351//3159 3350//3159
f 2063//3160 3350//3160 2064//3160
f 2064//3160 3350//3160 3181//3160
f 2064//3161 3181//3161 2065//3161
f 2065//3161 3181//3161 3180//3161
f 2065//3162 3180//3162 1955//3162
f 1955//3163 3180//3163 2648//3163
f 1955//3164 2648//3164 1953//3164
f 1953//3164 2648//3164 2647//3164
f 1953//3165 2647//3165 1952//3165
f 1952//3166 2647//3166 3275//3166
f 1952//3167 3275//3167 2014//3167
f 2014//3167 3275//3167 3274//3167
f 2014//3168 3274//3168 2015//3168
f 2015//3169 3274//3169 3100//3169
f 2015//3170 3100//3170 2016//3170
f 2016//3170 3100//3170 3099//3170
f 2016//3171 3099//3171 2017//3171
f 2017//3172 3099//3172 3421//3172
f 2017//3173 3421//3173 2018//3173
f 2018//3173 3421//3173 3420//3173
f 2018//3174 3420//3174 1296//3174
f 1296//3175 3420//3175 1294//3175
f 1297//3176 1295//3176 1954//3176
f 1954//3176 1295//3176 3419//3176
f 1954//3177 3419//3177 1893//3177
f 1893//3177 3419//3177 2649//3177
f 1893//3178 2649//3178 2066//3178
f 2066//3179 2649//3179 3272//3179
f 2066//3180 3272//3180 2067//3180
f 2067//3180 3272//3180 3271//3180
f 2067//3181 3271//3181 2069//3181
f 2069//3181 3271//3181 3176//3181
f 2069//3182 3176//3182 2071//3182
f 2071//3182 3176//3182 3177//3182
f 2071//3183 3177//3183 2072//3183
f 2072//3184 3177//3184 3178//3184
f 2072//3185 3178//3185 1792//3185
f 1792//3185 3178//3185 2814//3185
f 1792//3186 2814//3186 1793//3186
f 1793//3187 2814//3187 2813//3187
f 1793//3188 2813//3188 1829//3188
f 1829//3188 2813//3188 2734//3188
f 1829//3189 2734//3189 1830//3189
f 1830//3189 2734//3189 3194//3189
f 1830//3190 3194//3190 1832//3190
f 1832//3190 3194//3190 3192//3190
f 1832//3191 3192//3191 1834//3191
f 1834//3191 3192//3191 3191//3191
f 1834//3192 3191//3192 2148//3192
f 2148//3192 3191//3192 3189//3192
f 2148//3193 3189//3193 2147//3193
f 2147//3193 3189//3193 3188//3193
f 2147//3194 3188//3194 2146//3194
f 2146//3194 3188//3194 3424//3194
f 2146//3195 3424//3195 2144//3195
f 2144//3195 3424//3195 3423//3195
f 2144//3196 3423//3196 1288//3196
f 1288//3196 3423//3196 1286//3196
f 1289//3197 1287//3197 2145//3197
f 2145//3197 1287//3197 3422//3197
f 2145//3198 3422//3198 2149//3198
f 2149//3198 3422//3198 3190//3198
f 2149//3199 3190//3199 2150//3199
f 2150//3199 3190//3199 3193//3199
f 2150//3200 3193//3200 2011//3200
f 2011//3200 3193//3200 3000//3200
f 2011//3201 3000//3201 2012//3201
f 2012//3201 3000//3201 2999//3201
f 2012//3202 2999//3202 2058//3202
f 2058//3202 2999//3202 2998//3202
f 2058//3203 2998//3203 2059//3203
f 2059//3204 2998//3204 2737//3204
f 2059//3205 2737//3205 2060//3205
f 2060//3206 2737//3206 2736//3206
f 2060//3207 2736//3207 2081//3207
f 2081//3207 2736//3207 2888//3207
f 2081//3208 2888//3208 1921//3208
f 1921//3208 2888//3208 2883//3208
f 1921//3209 2883//3209 1732//3209
f 1732//3209 2883//3209 2885//3209
f 1732//3210 2885//3210 2152//3210
f 2152//3210 2885//3210 3186//3210
f 2152//3211 3186//3211 2104//3211
f 2104//3211 3186//3211 3104//3211
f 2104//3212 3104//3212 2105//3212
f 2105//3213 3104//3213 3102//3213
f 2105//3214 3102//3214 2107//3214
f 2107//3214 3102//3214 3101//3214
f 2107//3215 3101//3215 2154//3215
f 2154//3216 3101//3216 3184//3216
f 2154//3217 3184//3217 2083//3217
f 2083//3217 3184//3217 3183//3217
f 2083//3218 3183//3218 1292//3218
f 1292//3218 3183//3218 1290//3218
