# Blender v3.0.1 OBJ File: 'botellas.blend'
# www.blender.org
mtllib textured.mtl
o MatrazFondoPlano.001_Esfera.007
v 0.000000 0.053229 -0.004830
v 0.000000 0.069547 -0.029887
v 0.000000 0.069547 -0.089002
v 0.012299 0.029692 0.014241
v 0.020370 0.049177 -0.004830
v 0.026615 0.064253 -0.029887
v 0.028807 0.069547 -0.059444
v 0.026615 0.064253 -0.089002
v 0.020836 0.050301 -0.113225
v 0.022725 0.022725 0.014241
v 0.037639 0.037639 -0.004830
v 0.049177 0.049177 -0.029887
v 0.053229 0.053229 -0.059444
v 0.049177 0.049177 -0.089002
v 0.038499 0.038499 -0.113225
v 0.029692 0.012299 0.014241
v 0.049177 0.020370 -0.004830
v 0.064253 0.026615 -0.029887
v 0.069547 0.028807 -0.059444
v 0.064253 0.026615 -0.089002
v 0.050301 0.020836 -0.113225
v 0.032138 0.000000 0.014241
v 0.053229 0.000000 -0.004830
v 0.069547 0.000000 -0.029887
v 0.075277 0.000000 -0.059444
v 0.069547 0.000000 -0.089002
v 0.054446 0.000000 -0.113225
v 0.029692 -0.012299 0.014241
v 0.049177 -0.020370 -0.004830
v 0.064253 -0.026615 -0.029887
v 0.069547 -0.028807 -0.059444
v 0.064253 -0.026615 -0.089002
v 0.050301 -0.020836 -0.113225
v 0.022725 -0.022725 0.014241
v 0.037639 -0.037639 -0.004830
v 0.049177 -0.049177 -0.029887
v 0.053229 -0.053229 -0.059444
v 0.049177 -0.049177 -0.089002
v 0.038499 -0.038499 -0.113225
v 0.012299 -0.029692 0.014241
v 0.020370 -0.049177 -0.004830
v 0.026614 -0.064253 -0.029887
v 0.028807 -0.069547 -0.059444
v 0.026614 -0.064253 -0.089002
v 0.020836 -0.050301 -0.113225
v -0.000000 -0.032138 0.014241
v -0.000000 -0.053229 -0.004830
v -0.000000 -0.069547 -0.029887
v -0.000000 -0.075277 -0.059444
v -0.000000 -0.069547 -0.089002
v -0.000000 -0.054446 -0.113225
v -0.012299 -0.029692 0.014241
v -0.020370 -0.049177 -0.004830
v -0.026615 -0.064253 -0.029887
v -0.028807 -0.069547 -0.059444
v -0.026615 -0.064253 -0.089002
v -0.020836 -0.050301 -0.113225
v -0.022725 -0.022725 0.014241
v -0.037639 -0.037639 -0.004830
v -0.049177 -0.049177 -0.029887
v -0.053229 -0.053229 -0.059444
v -0.049177 -0.049177 -0.089002
v -0.038499 -0.038499 -0.113225
v -0.029692 -0.012299 0.014241
v -0.049177 -0.020370 -0.004830
v -0.064253 -0.026614 -0.029887
v -0.069547 -0.028807 -0.059444
v -0.064253 -0.026614 -0.089002
v -0.050301 -0.020835 -0.113225
v -0.032138 0.000000 0.014241
v -0.053229 0.000000 -0.004830
v -0.069547 0.000000 -0.029887
v -0.075277 0.000000 -0.059444
v -0.069547 0.000000 -0.089002
v -0.054446 0.000000 -0.113225
v -0.029692 0.012299 0.014241
v -0.049177 0.020370 -0.004830
v -0.064253 0.026615 -0.029887
v -0.069547 0.028807 -0.059444
v -0.064253 0.026615 -0.089002
v -0.050301 0.020836 -0.113225
v -0.022725 0.022725 0.014241
v -0.037639 0.037639 -0.004830
v -0.049177 0.049177 -0.029887
v -0.053229 0.053229 -0.059444
v -0.049177 0.049177 -0.089002
v -0.038499 0.038499 -0.113225
v -0.012299 0.029692 0.014241
v -0.020370 0.049177 -0.004830
v -0.026614 0.064253 -0.029887
v -0.028807 0.069547 -0.059444
v -0.026614 0.064253 -0.089002
v -0.020835 0.050301 -0.113225
v 0.008258 0.019937 0.041838
v 0.000000 0.032138 0.014241
v 0.000000 0.075277 -0.059444
v 0.000000 0.054446 -0.113225
v 0.015162 0.036605 -0.125626
v 0.028016 0.028016 -0.125626
v 0.036605 0.015162 -0.125626
v 0.039621 0.000000 -0.125626
v 0.036605 -0.015162 -0.125626
v 0.028016 -0.028016 -0.125626
v 0.015162 -0.036605 -0.125626
v -0.000000 -0.039621 -0.125626
v -0.015162 -0.036605 -0.125626
v -0.028016 -0.028016 -0.125626
v -0.036605 -0.015162 -0.125626
v -0.039621 0.000000 -0.125626
v -0.036605 0.015162 -0.125626
v -0.028016 0.028016 -0.125626
v -0.015162 0.036605 -0.125626
v 0.000000 0.039621 -0.125626
v 0.011432 0.027599 -0.127654
v 0.021123 0.021123 -0.127654
v 0.027599 0.011432 -0.127654
v 0.029873 0.000000 -0.127654
v 0.027599 -0.011432 -0.127654
v 0.021123 -0.021123 -0.127654
v 0.011432 -0.027599 -0.127654
v -0.000000 -0.029873 -0.127654
v -0.011432 -0.027599 -0.127654
v -0.021123 -0.021123 -0.127654
v -0.027599 -0.011432 -0.127654
v -0.029873 0.000000 -0.127654
v -0.027599 0.011432 -0.127654
v -0.021123 0.021123 -0.127654
v -0.011432 0.027599 -0.127654
v 0.000000 0.029873 -0.127654
v 0.015259 0.015259 0.041838
v 0.019937 0.008258 0.041838
v 0.021579 0.000000 0.041838
v 0.019937 -0.008258 0.041838
v 0.015259 -0.015259 0.041838
v 0.008258 -0.019936 0.041838
v -0.000000 -0.021579 0.041838
v -0.008258 -0.019936 0.041838
v -0.015259 -0.015259 0.041838
v -0.019937 -0.008258 0.041838
v -0.021579 0.000000 0.041838
v -0.019937 0.008258 0.041838
v -0.015259 0.015259 0.041838
v -0.008258 0.019937 0.041838
v 0.000000 0.021579 0.041838
v 0.007328 0.017692 0.099753
v 0.013541 0.013541 0.099753
v 0.017692 0.007328 0.099753
v 0.019149 0.000000 0.099753
v 0.017692 -0.007328 0.099753
v 0.013541 -0.013541 0.099753
v 0.007328 -0.017692 0.099753
v -0.000000 -0.019149 0.099753
v -0.007328 -0.017692 0.099753
v -0.013541 -0.013541 0.099753
v -0.017692 -0.007328 0.099753
v -0.019149 0.000000 0.099753
v -0.017692 0.007328 0.099753
v -0.013541 0.013541 0.099753
v -0.007328 0.017692 0.099753
v -0.000000 0.019149 0.099753
v 0.020650 0.000000 0.104871
v 0.019078 -0.007902 0.104871
v 0.000000 0.020650 0.104871
v 0.007902 0.019078 0.104871
v -0.019078 -0.007902 0.104871
v -0.020650 0.000000 0.104871
v -0.007902 0.019078 0.104871
v 0.019078 0.007902 0.104871
v -0.014601 -0.014601 0.104871
v 0.014601 0.014601 0.104871
v -0.007902 -0.019078 0.104871
v -0.000000 -0.020650 0.104871
v 0.007902 -0.019078 0.104871
v -0.014601 0.014601 0.104871
v 0.014601 -0.014601 0.104871
v -0.019078 0.007902 0.104871
v -0.000000 0.023314 0.112071
v 0.008922 0.021539 0.112071
v -0.008922 0.021539 0.112071
v -0.016485 0.016485 0.112071
v -0.021539 0.008922 0.112071
v -0.023314 0.000000 0.112071
v -0.021539 -0.008922 0.112071
v -0.016485 -0.016485 0.112071
v -0.008922 -0.021539 0.112071
v -0.000000 -0.023314 0.112071
v 0.008922 -0.021539 0.112071
v 0.016485 -0.016485 0.112071
v 0.021539 -0.008922 0.112071
v 0.023314 0.000000 0.112071
v 0.021539 0.008922 0.112071
v 0.016485 0.016485 0.112071
v 0.023314 0.000000 0.105891
v -0.000000 0.023314 0.105891
v -0.021539 -0.008922 0.105891
v -0.008922 0.021539 0.105891
v 0.021539 0.008922 0.105891
v -0.016486 -0.016486 0.105891
v 0.016486 0.016486 0.105891
v -0.008922 -0.021539 0.105891
v -0.000000 -0.023314 0.105891
v 0.008922 -0.021539 0.105891
v -0.016486 0.016486 0.105891
v 0.016486 -0.016486 0.105891
v -0.021539 0.008922 0.105891
v 0.021539 -0.008922 0.105891
v 0.008922 0.021539 0.105891
v -0.023314 0.000000 0.105891
v 0.018462 -0.007647 0.091371
v 0.007647 0.018462 0.091371
v -0.019983 0.000000 0.091371
v 0.019983 0.000000 0.091371
v 0.000000 0.019983 0.091371
v -0.018462 -0.007647 0.091371
v -0.007647 0.018462 0.091371
v 0.018462 0.007647 0.091371
v -0.014130 -0.014130 0.091371
v 0.014130 0.014130 0.091371
v -0.007647 -0.018462 0.091371
v -0.000000 -0.019983 0.091371
v 0.007647 -0.018462 0.091371
v -0.014130 0.014130 0.091371
v 0.014130 -0.014130 0.091371
v -0.018462 0.007647 0.091371
v 0.000000 0.050563 -0.006605
v 0.000000 0.066064 -0.030408
v 0.000000 0.066064 -0.086562
v 0.011683 0.028205 0.011511
v 0.019350 0.046715 -0.006605
v 0.025282 0.061035 -0.030408
v 0.027365 0.066064 -0.058485
v 0.025282 0.061035 -0.086562
v 0.019792 0.047782 -0.109572
v 0.021587 0.021587 0.011511
v 0.035754 0.035754 -0.006605
v 0.046715 0.046715 -0.030408
v 0.050563 0.050563 -0.058485
v 0.046715 0.046715 -0.086562
v 0.036571 0.036571 -0.109572
v 0.028205 0.011683 0.011511
v 0.046715 0.019350 -0.006605
v 0.061035 0.025282 -0.030408
v 0.066064 0.027365 -0.058485
v 0.061035 0.025282 -0.086562
v 0.047782 0.019792 -0.109572
v 0.030529 0.000000 0.011511
v 0.050563 0.000000 -0.006605
v 0.066064 0.000000 -0.030408
v 0.071507 0.000000 -0.058485
v 0.066064 0.000000 -0.086562
v 0.051719 0.000000 -0.109572
v 0.028205 -0.011683 0.011511
v 0.046714 -0.019350 -0.006605
v 0.061035 -0.025282 -0.030408
v 0.066064 -0.027365 -0.058485
v 0.061035 -0.025282 -0.086562
v 0.047782 -0.019792 -0.109572
v 0.021587 -0.021587 0.011511
v 0.035754 -0.035754 -0.006605
v 0.046714 -0.046714 -0.030408
v 0.050563 -0.050563 -0.058485
v 0.046714 -0.046714 -0.086562
v 0.036571 -0.036571 -0.109572
v 0.011683 -0.028205 0.011511
v 0.019350 -0.046714 -0.006605
v 0.025282 -0.061035 -0.030408
v 0.027365 -0.066064 -0.058485
v 0.025282 -0.061035 -0.086562
v 0.019792 -0.047782 -0.109572
v -0.000000 -0.030528 0.011511
v -0.000000 -0.050563 -0.006605
v -0.000000 -0.066064 -0.030408
v -0.000000 -0.071507 -0.058485
v -0.000000 -0.066064 -0.086562
v -0.000000 -0.051719 -0.109572
v -0.011683 -0.028205 0.011511
v -0.019350 -0.046714 -0.006605
v -0.025282 -0.061035 -0.030408
v -0.027365 -0.066064 -0.058485
v -0.025282 -0.061035 -0.086562
v -0.019792 -0.047782 -0.109572
v -0.021587 -0.021587 0.011511
v -0.035754 -0.035754 -0.006605
v -0.046715 -0.046714 -0.030408
v -0.050563 -0.050563 -0.058485
v -0.046715 -0.046714 -0.086562
v -0.036571 -0.036571 -0.109572
v -0.028205 -0.011683 0.011511
v -0.046714 -0.019350 -0.006605
v -0.061035 -0.025282 -0.030408
v -0.066064 -0.027365 -0.058485
v -0.061035 -0.025282 -0.086562
v -0.047782 -0.019792 -0.109572
v -0.030529 0.000000 0.011511
v -0.050563 0.000000 -0.006605
v -0.066064 0.000000 -0.030408
v -0.071507 0.000000 -0.058485
v -0.066064 0.000000 -0.086562
v -0.051719 0.000000 -0.109572
v -0.028205 0.011683 0.011511
v -0.046714 0.019350 -0.006605
v -0.061035 0.025282 -0.030408
v -0.066064 0.027365 -0.058485
v -0.061035 0.025282 -0.086562
v -0.047782 0.019792 -0.109572
v -0.021587 0.021587 0.011511
v -0.035754 0.035754 -0.006605
v -0.046714 0.046715 -0.030408
v -0.050563 0.050563 -0.058485
v -0.046714 0.046715 -0.086562
v -0.036571 0.036571 -0.109572
v -0.011683 0.028205 0.011511
v -0.019350 0.046715 -0.006605
v -0.025282 0.061035 -0.030408
v -0.027365 0.066064 -0.058485
v -0.025282 0.061035 -0.086562
v -0.019792 0.047782 -0.109572
v 0.007844 0.018938 0.040834
v 0.000000 0.030529 0.011511
v 0.000000 0.071507 -0.058485
v 0.000000 0.051719 -0.109572
v 0.014403 0.034772 -0.121352
v 0.026613 0.026613 -0.121352
v 0.034772 0.014403 -0.121352
v 0.037637 0.000000 -0.121352
v 0.034772 -0.014403 -0.121352
v 0.026613 -0.026613 -0.121352
v 0.014403 -0.034772 -0.121352
v -0.000000 -0.037637 -0.121352
v -0.014403 -0.034772 -0.121352
v -0.026613 -0.026613 -0.121352
v -0.034772 -0.014403 -0.121352
v -0.037637 0.000000 -0.121352
v -0.034772 0.014403 -0.121352
v -0.026613 0.026613 -0.121352
v -0.014403 0.034772 -0.121352
v 0.000000 0.037637 -0.121352
v 0.010859 0.026217 -0.123279
v 0.020065 0.020065 -0.123279
v 0.026217 0.010859 -0.123279
v 0.028377 0.000000 -0.123279
v 0.026217 -0.010859 -0.123279
v 0.020065 -0.020065 -0.123279
v 0.010859 -0.026217 -0.123279
v -0.000000 -0.028377 -0.123279
v -0.010859 -0.026217 -0.123279
v -0.020065 -0.020065 -0.123279
v -0.026217 -0.010859 -0.123279
v -0.028377 0.000000 -0.123279
v -0.026217 0.010859 -0.123279
v -0.020065 0.020065 -0.123279
v -0.010859 0.026217 -0.123279
v 0.000000 0.028377 -0.123279
v 0.014495 0.014495 0.040834
v 0.018938 0.007844 0.040834
v 0.020498 0.000000 0.040834
v 0.018938 -0.007844 0.040834
v 0.014495 -0.014495 0.040834
v 0.007844 -0.018938 0.040834
v -0.000000 -0.020498 0.040834
v -0.007844 -0.018938 0.040834
v -0.014495 -0.014495 0.040834
v -0.018938 -0.007844 0.040834
v -0.020498 0.000000 0.040834
v -0.018938 0.007844 0.040834
v -0.014495 0.014495 0.040834
v -0.007844 0.018938 0.040834
v 0.000000 0.020498 0.040834
v 0.014483 -0.014483 0.113691
v 0.007838 -0.018923 0.113691
v -0.000000 -0.020482 0.113691
v -0.007838 -0.018923 0.113691
v -0.014483 -0.014483 0.113691
v 0.018923 -0.007838 0.113691
v 0.020482 0.000000 0.113691
v 0.018923 0.007838 0.113691
v 0.007838 0.018923 0.113691
v -0.000000 0.020482 0.113691
v 0.014483 0.014483 0.113691
v -0.007838 0.018923 0.113691
v -0.014483 0.014483 0.113691
v -0.018923 0.007838 0.113691
v -0.020482 0.000000 0.113691
v -0.018923 -0.007838 0.113691
v 0.000000 0.058188 -0.010447
v 0.000000 0.062587 -0.016537
v 0.000000 0.066386 -0.023037
v 0.014117 0.034081 0.009652
v 0.016163 0.039020 0.005063
v 0.018295 0.044167 0.000294
v 0.022267 0.053758 -0.010447
v 0.023951 0.057823 -0.016537
v 0.025405 0.061333 -0.023037
v 0.027566 0.066550 -0.037024
v 0.028252 0.068206 -0.044377
v 0.028668 0.069210 -0.051875
v 0.028668 0.069210 -0.067014
v 0.028252 0.068206 -0.074512
v 0.027566 0.066550 -0.081865
v 0.025412 0.061351 -0.095839
v 0.024009 0.057963 -0.102248
v 0.022464 0.054233 -0.108090
v 0.006816 0.069210 -0.089002
v 0.013567 0.068206 -0.089002
v 0.020188 0.066550 -0.089002
v 0.006816 0.069210 -0.029887
v 0.013567 0.068206 -0.029887
v 0.020188 0.066550 -0.029887
v 0.015451 0.050935 -0.004830
v 0.010384 0.052203 -0.004830
v 0.005217 0.052971 -0.004830
v 0.026084 0.026084 0.009652
v 0.029865 0.029865 0.005063
v 0.033804 0.033804 0.000294
v 0.041145 0.041145 -0.010447
v 0.044255 0.044255 -0.016537
v 0.046942 0.046942 -0.023037
v 0.050935 0.050935 -0.037024
v 0.052203 0.052203 -0.044377
v 0.052971 0.052971 -0.051875
v 0.052971 0.052971 -0.067014
v 0.052203 0.052203 -0.074512
v 0.050935 0.050935 -0.081865
v 0.046956 0.046956 -0.095839
v 0.044363 0.044363 -0.102248
v 0.041508 0.041508 -0.108090
v 0.033767 0.041145 -0.004830
v 0.029571 0.044255 -0.004830
v 0.025091 0.046942 -0.004830
v 0.015149 0.028342 0.014241
v 0.017854 0.026720 0.014241
v 0.020388 0.024842 0.014241
v 0.025664 0.048015 -0.113225
v 0.030247 0.045267 -0.113225
v 0.034539 0.042085 -0.113225
v 0.044119 0.053758 -0.089002
v 0.038636 0.057823 -0.089002
v 0.032783 0.061333 -0.089002
v 0.035484 0.066386 -0.059444
v 0.041819 0.062587 -0.059444
v 0.047754 0.058188 -0.059444
v 0.044119 0.053758 -0.029887
v 0.038636 0.057823 -0.029887
v 0.032783 0.061333 -0.029887
v 0.034081 0.014117 0.009652
v 0.039020 0.016163 0.005063
v 0.044167 0.018295 0.000294
v 0.053758 0.022267 -0.010447
v 0.057823 0.023951 -0.016537
v 0.061333 0.025405 -0.023037
v 0.066550 0.027566 -0.037024
v 0.068206 0.028252 -0.044377
v 0.069210 0.028668 -0.051875
v 0.069210 0.028668 -0.067014
v 0.068206 0.028252 -0.074512
v 0.066550 0.027566 -0.081865
v 0.061351 0.025412 -0.095839
v 0.057963 0.024009 -0.102248
v 0.054233 0.022464 -0.108090
v 0.042085 0.034539 -0.113225
v 0.045267 0.030247 -0.113225
v 0.048015 0.025664 -0.113225
v 0.061333 0.032783 -0.089002
v 0.057823 0.038636 -0.089002
v 0.053758 0.044119 -0.089002
v 0.058188 0.047754 -0.059444
v 0.062587 0.041819 -0.059444
v 0.066386 0.035484 -0.059444
v 0.061333 0.032783 -0.029887
v 0.057823 0.038636 -0.029887
v 0.053758 0.044119 -0.029887
v 0.041145 0.033767 -0.004830
v 0.044255 0.029571 -0.004830
v 0.046942 0.025091 -0.004830
v 0.028342 0.015149 0.014241
v 0.026720 0.017854 0.014241
v 0.024842 0.020388 0.014241
v 0.036889 0.000000 0.009652
v 0.042235 0.000000 0.005063
v 0.047806 0.000000 0.000294
v 0.058188 0.000000 -0.010447
v 0.062587 0.000000 -0.016537
v 0.066386 0.000000 -0.023037
v 0.072033 0.000000 -0.037024
v 0.073826 0.000000 -0.044377
v 0.074912 0.000000 -0.051875
v 0.074912 0.000000 -0.067014
v 0.073826 0.000000 -0.074512
v 0.072033 0.000000 -0.081865
v 0.066405 0.000000 -0.095839
v 0.062739 0.000000 -0.102248
v 0.058701 0.000000 -0.108090
v 0.031982 0.003150 0.014241
v 0.031518 0.006269 0.014241
v 0.030753 0.009329 0.014241
v 0.054182 0.005336 -0.113225
v 0.053396 0.010621 -0.113225
v 0.052099 0.015805 -0.113225
v 0.066550 0.020188 -0.089002
v 0.068206 0.013567 -0.089002
v 0.069210 0.006816 -0.089002
v 0.074912 0.007378 -0.059444
v 0.073826 0.014685 -0.059444
v 0.072033 0.021852 -0.059444
v 0.066550 0.020188 -0.029887
v 0.068206 0.013567 -0.029887
v 0.069210 0.006816 -0.029887
v 0.052971 0.005217 -0.004830
v 0.052203 0.010384 -0.004830
v 0.050935 0.015451 -0.004830
v 0.034081 -0.014117 0.009652
v 0.039020 -0.016163 0.005063
v 0.044167 -0.018295 0.000294
v 0.053758 -0.022267 -0.010447
v 0.057823 -0.023951 -0.016537
v 0.061333 -0.025405 -0.023037
v 0.066550 -0.027566 -0.037024
v 0.068206 -0.028252 -0.044377
v 0.069210 -0.028668 -0.051875
v 0.069210 -0.028668 -0.067014
v 0.068206 -0.028252 -0.074512
v 0.066550 -0.027566 -0.081865
v 0.061351 -0.025412 -0.095839
v 0.057963 -0.024009 -0.102248
v 0.054233 -0.022464 -0.108090
v 0.052099 -0.015805 -0.113225
v 0.053396 -0.010621 -0.113225
v 0.054182 -0.005336 -0.113225
v 0.069210 -0.006816 -0.089002
v 0.068206 -0.013567 -0.089002
v 0.066550 -0.020188 -0.089002
v 0.072033 -0.021852 -0.059444
v 0.073826 -0.014685 -0.059444
v 0.074912 -0.007378 -0.059444
v 0.069210 -0.006816 -0.029887
v 0.068206 -0.013567 -0.029887
v 0.066550 -0.020188 -0.029887
v 0.050935 -0.015451 -0.004830
v 0.052203 -0.010384 -0.004830
v 0.052971 -0.005217 -0.004830
v 0.031982 -0.003150 0.014241
v 0.031518 -0.006269 0.014241
v 0.030753 -0.009329 0.014241
v 0.026084 -0.026084 0.009652
v 0.029865 -0.029865 0.005063
v 0.033804 -0.033804 0.000294
v 0.041145 -0.041145 -0.010447
v 0.044255 -0.044255 -0.016537
v 0.046942 -0.046942 -0.023037
v 0.050935 -0.050935 -0.037024
v 0.052203 -0.052203 -0.044377
v 0.052971 -0.052971 -0.051875
v 0.052971 -0.052971 -0.067014
v 0.052203 -0.052203 -0.074512
v 0.050935 -0.050935 -0.081865
v 0.046956 -0.046956 -0.095839
v 0.044363 -0.044363 -0.102248
v 0.041508 -0.041508 -0.108090
v 0.048015 -0.025664 -0.113225
v 0.045267 -0.030247 -0.113225
v 0.042085 -0.034539 -0.113225
v 0.053758 -0.044119 -0.089002
v 0.057823 -0.038636 -0.089002
v 0.061333 -0.032783 -0.089002
v 0.066386 -0.035484 -0.059444
v 0.062587 -0.041819 -0.059444
v 0.058188 -0.047754 -0.059444
v 0.053758 -0.044119 -0.029887
v 0.057823 -0.038636 -0.029887
v 0.061333 -0.032783 -0.029887
v 0.046942 -0.025091 -0.004830
v 0.044255 -0.029571 -0.004830
v 0.041145 -0.033767 -0.004830
v 0.024842 -0.020388 0.014241
v 0.026720 -0.017854 0.014241
v 0.028342 -0.015149 0.014241
v 0.014117 -0.034081 0.009652
v 0.016163 -0.039020 0.005063
v 0.018295 -0.044167 0.000294
v 0.022267 -0.053758 -0.010447
v 0.023951 -0.057823 -0.016537
v 0.025405 -0.061333 -0.023037
v 0.027566 -0.066550 -0.037024
v 0.028252 -0.068206 -0.044377
v 0.028668 -0.069210 -0.051875
v 0.028668 -0.069210 -0.067014
v 0.028252 -0.068206 -0.074512
v 0.027566 -0.066550 -0.081865
v 0.025412 -0.061351 -0.095839
v 0.024009 -0.057963 -0.102248
v 0.022464 -0.054233 -0.108090
v 0.032783 -0.061333 -0.089002
v 0.038636 -0.057823 -0.089002
v 0.044119 -0.053758 -0.089002
v 0.047754 -0.058188 -0.059444
v 0.041819 -0.062587 -0.059444
v 0.035484 -0.066386 -0.059444
v 0.032783 -0.061333 -0.029887
v 0.038636 -0.057823 -0.029887
v 0.044119 -0.053758 -0.029887
v 0.033767 -0.041145 -0.004830
v 0.029571 -0.044255 -0.004830
v 0.025091 -0.046942 -0.004830
v 0.015149 -0.028342 0.014241
v 0.017854 -0.026720 0.014241
v 0.020388 -0.024842 0.014241
v 0.025664 -0.048015 -0.113225
v 0.030247 -0.045267 -0.113225
v 0.034539 -0.042085 -0.113225
v -0.000000 -0.036889 0.009652
v -0.000000 -0.042235 0.005063
v -0.000000 -0.047806 0.000294
v -0.000000 -0.058188 -0.010447
v -0.000000 -0.062587 -0.016537
v -0.000000 -0.066386 -0.023037
v -0.000000 -0.072033 -0.037024
v -0.000000 -0.073826 -0.044377
v -0.000000 -0.074912 -0.051875
v -0.000000 -0.074912 -0.067014
v -0.000000 -0.073826 -0.074512
v -0.000000 -0.072033 -0.081865
v -0.000000 -0.066405 -0.095839
v -0.000000 -0.062739 -0.102248
v -0.000000 -0.058701 -0.108090
v 0.005336 -0.054182 -0.113225
v 0.010621 -0.053396 -0.113225
v 0.015805 -0.052099 -0.113225
v 0.020188 -0.066550 -0.089002
v 0.013567 -0.068206 -0.089002
v 0.006816 -0.069210 -0.089002
v 0.007378 -0.074912 -0.059444
v 0.014685 -0.073826 -0.059444
v 0.021852 -0.072033 -0.059444
v 0.020188 -0.066550 -0.029887
v 0.013567 -0.068206 -0.029887
v 0.006816 -0.069210 -0.029887
v 0.005217 -0.052971 -0.004830
v 0.010384 -0.052203 -0.004830
v 0.015451 -0.050935 -0.004830
v 0.009329 -0.030753 0.014241
v 0.006269 -0.031518 0.014241
v 0.003150 -0.031982 0.014241
v -0.014117 -0.034081 0.009652
v -0.016163 -0.039020 0.005063
v -0.018295 -0.044167 0.000294
v -0.022267 -0.053758 -0.010447
v -0.023951 -0.057823 -0.016537
v -0.025405 -0.061333 -0.023037
v -0.027566 -0.066550 -0.037024
v -0.028252 -0.068206 -0.044377
v -0.028668 -0.069210 -0.051875
v -0.028668 -0.069210 -0.067014
v -0.028252 -0.068206 -0.074512
v -0.027566 -0.066550 -0.081865
v -0.025412 -0.061351 -0.095839
v -0.024009 -0.057963 -0.102248
v -0.022464 -0.054233 -0.108090
v -0.021852 -0.072033 -0.059444
v -0.014685 -0.073826 -0.059444
v -0.007378 -0.074912 -0.059444
v -0.006816 -0.069210 -0.029887
v -0.013567 -0.068206 -0.029887
v -0.020188 -0.066550 -0.029887
v -0.015451 -0.050935 -0.004830
v -0.010384 -0.052203 -0.004830
v -0.005217 -0.052971 -0.004830
v -0.003150 -0.031982 0.014241
v -0.006269 -0.031518 0.014241
v -0.009329 -0.030753 0.014241
v -0.005336 -0.054182 -0.113225
v -0.010621 -0.053396 -0.113225
v -0.015805 -0.052099 -0.113225
v -0.020188 -0.066550 -0.089002
v -0.013567 -0.068206 -0.089002
v -0.006816 -0.069210 -0.089002
v -0.026084 -0.026084 0.009652
v -0.029865 -0.029865 0.005063
v -0.033804 -0.033804 0.000294
v -0.041145 -0.041145 -0.010447
v -0.044255 -0.044255 -0.016537
v -0.046942 -0.046942 -0.023037
v -0.050935 -0.050935 -0.037024
v -0.052203 -0.052203 -0.044377
v -0.052971 -0.052971 -0.051875
v -0.052971 -0.052971 -0.067014
v -0.052203 -0.052203 -0.074512
v -0.050935 -0.050935 -0.081865
v -0.046956 -0.046956 -0.095839
v -0.044363 -0.044363 -0.102248
v -0.041508 -0.041508 -0.108090
v -0.025664 -0.048015 -0.113225
v -0.030247 -0.045267 -0.113225
v -0.034539 -0.042085 -0.113225
v -0.044119 -0.053758 -0.089002
v -0.038636 -0.057823 -0.089002
v -0.032783 -0.061333 -0.089002
v -0.035484 -0.066386 -0.059444
v -0.041819 -0.062587 -0.059444
v -0.047754 -0.058188 -0.059444
v -0.044119 -0.053758 -0.029887
v -0.038636 -0.057823 -0.029887
v -0.032783 -0.061333 -0.029887
v -0.025091 -0.046942 -0.004830
v -0.029571 -0.044255 -0.004830
v -0.033767 -0.041145 -0.004830
v -0.020388 -0.024842 0.014241
v -0.017854 -0.026720 0.014241
v -0.015149 -0.028342 0.014241
v -0.034081 -0.014117 0.009652
v -0.039020 -0.016163 0.005063
v -0.044167 -0.018295 0.000294
v -0.053758 -0.022267 -0.010447
v -0.057823 -0.023951 -0.016537
v -0.061333 -0.025405 -0.023037
v -0.066550 -0.027566 -0.037024
v -0.068206 -0.028252 -0.044377
v -0.069210 -0.028668 -0.051875
v -0.069210 -0.028668 -0.067014
v -0.068206 -0.028252 -0.074512
v -0.066550 -0.027566 -0.081865
v -0.061351 -0.025412 -0.095839
v -0.057963 -0.024009 -0.102248
v -0.054233 -0.022464 -0.108090
v -0.061333 -0.032783 -0.029887
v -0.057823 -0.038636 -0.029887
v -0.053758 -0.044119 -0.029887
v -0.041145 -0.033767 -0.004830
v -0.044255 -0.029571 -0.004830
v -0.046942 -0.025091 -0.004830
v -0.028342 -0.015149 0.014241
v -0.026720 -0.017854 0.014241
v -0.024842 -0.020388 0.014241
v -0.048015 -0.025664 -0.113225
v -0.045267 -0.030247 -0.113225
v -0.042085 -0.034539 -0.113225
v -0.053758 -0.044119 -0.089002
v -0.057823 -0.038636 -0.089002
v -0.061333 -0.032783 -0.089002
v -0.066386 -0.035484 -0.059444
v -0.062587 -0.041819 -0.059444
v -0.058188 -0.047754 -0.059444
v -0.036889 0.000000 0.009652
v -0.042235 0.000000 0.005063
v -0.047806 0.000000 0.000294
v -0.058188 0.000000 -0.010447
v -0.062587 0.000000 -0.016537
v -0.066386 0.000000 -0.023037
v -0.072033 0.000000 -0.037024
v -0.073826 0.000000 -0.044377
v -0.074912 0.000000 -0.051875
v -0.074912 0.000000 -0.067014
v -0.073826 0.000000 -0.074512
v -0.072033 0.000000 -0.081865
v -0.066405 0.000000 -0.095839
v -0.062739 0.000000 -0.102248
v -0.058701 0.000000 -0.108090
v -0.054182 -0.005336 -0.113225
v -0.053396 -0.010621 -0.113225
v -0.052099 -0.015805 -0.113225
v -0.066550 -0.020188 -0.089002
v -0.068206 -0.013567 -0.089002
v -0.069210 -0.006816 -0.089002
v -0.074912 -0.007378 -0.059444
v -0.073826 -0.014685 -0.059444
v -0.072033 -0.021852 -0.059444
v -0.066550 -0.020188 -0.029887
v -0.068206 -0.013567 -0.029887
v -0.069210 -0.006816 -0.029887
v -0.052971 -0.005217 -0.004830
v -0.052203 -0.010384 -0.004830
v -0.050935 -0.015451 -0.004830
v -0.030753 -0.009329 0.014241
v -0.031518 -0.006269 0.014241
v -0.031982 -0.003150 0.014241
v -0.034081 0.014117 0.009652
v -0.039020 0.016163 0.005063
v -0.044167 0.018295 0.000294
v -0.053758 0.022267 -0.010447
v -0.057823 0.023951 -0.016537
v -0.061333 0.025405 -0.023037
v -0.066550 0.027566 -0.037024
v -0.068206 0.028252 -0.044377
v -0.069210 0.028668 -0.051875
v -0.069210 0.028668 -0.067014
v -0.068206 0.028252 -0.074512
v -0.066550 0.027566 -0.081865
v -0.061351 0.025412 -0.095839
v -0.057963 0.024009 -0.102248
v -0.054233 0.022464 -0.108090
v -0.050935 0.015451 -0.004830
v -0.052203 0.010384 -0.004830
v -0.052971 0.005217 -0.004830
v -0.031982 0.003150 0.014241
v -0.031518 0.006269 0.014241
v -0.030753 0.009329 0.014241
v -0.054182 0.005336 -0.113225
v -0.053396 0.010621 -0.113225
v -0.052099 0.015805 -0.113225
v -0.066550 0.020188 -0.089002
v -0.068206 0.013567 -0.089002
v -0.069210 0.006816 -0.089002
v -0.074912 0.007378 -0.059444
v -0.073826 0.014685 -0.059444
v -0.072033 0.021852 -0.059444
v -0.066550 0.020188 -0.029887
v -0.068206 0.013567 -0.029887
v -0.069210 0.006816 -0.029887
v -0.026084 0.026084 0.009652
v -0.029865 0.029865 0.005063
v -0.033804 0.033804 0.000294
v -0.041145 0.041145 -0.010447
v -0.044255 0.044255 -0.016537
v -0.046942 0.046942 -0.023037
v -0.050935 0.050935 -0.037024
v -0.052203 0.052203 -0.044377
v -0.052971 0.052971 -0.051875
v -0.052971 0.052971 -0.067014
v -0.052203 0.052203 -0.074512
v -0.050935 0.050935 -0.081865
v -0.046956 0.046956 -0.095839
v -0.044363 0.044363 -0.102248
v -0.041508 0.041508 -0.108090
v -0.048015 0.025664 -0.113225
v -0.045267 0.030247 -0.113225
v -0.042085 0.034539 -0.113225
v -0.053758 0.044119 -0.089002
v -0.057823 0.038636 -0.089002
v -0.061333 0.032783 -0.089002
v -0.066386 0.035484 -0.059444
v -0.062587 0.041819 -0.059444
v -0.058188 0.047754 -0.059444
v -0.053758 0.044119 -0.029887
v -0.057823 0.038636 -0.029887
v -0.061333 0.032783 -0.029887
v -0.046942 0.025091 -0.004830
v -0.044255 0.029571 -0.004830
v -0.041145 0.033767 -0.004830
v -0.024842 0.020388 0.014241
v -0.026720 0.017854 0.014241
v -0.028342 0.015149 0.014241
v -0.014117 0.034081 0.009652
v -0.016163 0.039020 0.005063
v -0.018295 0.044167 0.000294
v -0.022267 0.053758 -0.010447
v -0.023951 0.057823 -0.016537
v -0.025405 0.061333 -0.023037
v -0.027566 0.066550 -0.037024
v -0.028252 0.068206 -0.044377
v -0.028668 0.069210 -0.051875
v -0.028668 0.069210 -0.067014
v -0.028252 0.068206 -0.074512
v -0.027566 0.066550 -0.081865
v -0.025412 0.061351 -0.095839
v -0.024009 0.057963 -0.102248
v -0.022464 0.054233 -0.108090
v -0.015149 0.028342 0.014241
v -0.017854 0.026720 0.014241
v -0.020388 0.024842 0.014241
v -0.025664 0.048015 -0.113225
v -0.030247 0.045267 -0.113225
v -0.034539 0.042085 -0.113225
v -0.044119 0.053758 -0.089002
v -0.038636 0.057823 -0.089002
v -0.032783 0.061333 -0.089002
v -0.035484 0.066386 -0.059444
v -0.041819 0.062587 -0.059444
v -0.047754 0.058188 -0.059444
v -0.044119 0.053758 -0.029887
v -0.038636 0.057823 -0.029887
v -0.032783 0.061333 -0.029887
v -0.025091 0.046942 -0.004830
v -0.029571 0.044255 -0.004830
v -0.033767 0.041145 -0.004830
v 0.002115 0.021474 0.041838
v 0.004210 0.021163 0.041838
v 0.006264 0.020649 0.041838
v -0.005336 0.054182 -0.113225
v -0.010621 0.053396 -0.113225
v -0.015805 0.052099 -0.113225
v -0.007378 0.074912 -0.059444
v -0.014685 0.073826 -0.059444
v -0.021852 0.072033 -0.059444
v -0.009329 0.030753 0.014241
v -0.006269 0.031518 0.014241
v -0.003150 0.031982 0.014241
v 0.000000 0.036889 0.009652
v 0.000000 0.042235 0.005063
v 0.000000 0.047806 0.000294
v 0.000000 0.072033 -0.037024
v 0.000000 0.073826 -0.044377
v 0.000000 0.074912 -0.051875
v 0.000000 0.074912 -0.067014
v 0.000000 0.073826 -0.074512
v 0.000000 0.072033 -0.081865
v 0.000000 0.066405 -0.095839
v 0.000000 0.062739 -0.102248
v 0.000000 0.058701 -0.108090
v -0.006264 0.020649 0.041838
v -0.004210 0.021163 0.041838
v -0.002115 0.021474 0.041838
v 0.015805 0.052099 -0.113225
v 0.010621 0.053396 -0.113225
v 0.005336 0.054182 -0.113225
v 0.021852 0.072033 -0.059444
v 0.014685 0.073826 -0.059444
v 0.007378 0.074912 -0.059444
v 0.003150 0.031982 0.014241
v 0.006269 0.031518 0.014241
v 0.009329 0.030753 0.014241
v -0.010172 0.019030 0.041838
v -0.011988 0.017941 0.041838
v -0.013689 0.016680 0.041838
v -0.016680 0.013689 0.041838
v -0.017941 0.011988 0.041838
v -0.019030 0.010172 0.041838
v -0.021474 0.002115 0.041838
v -0.021163 0.004210 0.041838
v -0.020649 0.006264 0.041838
v -0.020649 -0.006264 0.041838
v -0.021163 -0.004210 0.041838
v -0.021474 -0.002115 0.041838
v -0.019030 -0.010172 0.041838
v -0.017941 -0.011988 0.041838
v -0.016680 -0.013689 0.041838
v -0.013689 -0.016680 0.041838
v -0.011988 -0.017941 0.041838
v -0.010172 -0.019030 0.041838
v -0.002115 -0.021474 0.041838
v -0.004210 -0.021163 0.041838
v -0.006264 -0.020649 0.041838
v 0.006264 -0.020649 0.041838
v 0.004210 -0.021163 0.041838
v 0.002115 -0.021474 0.041838
v 0.010172 -0.019030 0.041838
v 0.011988 -0.017941 0.041838
v 0.013689 -0.016680 0.041838
v 0.016680 -0.013689 0.041838
v 0.017941 -0.011988 0.041838
v 0.019030 -0.010172 0.041838
v 0.021474 -0.002115 0.041838
v 0.021163 -0.004210 0.041838
v 0.020649 -0.006264 0.041838
v 0.021474 0.002115 0.041838
v 0.021163 0.004210 0.041838
v 0.020649 0.006264 0.041838
v 0.019030 0.010172 0.041838
v 0.017941 0.011988 0.041838
v 0.016680 0.013689 0.041838
v 0.010172 0.019030 0.041838
v 0.011988 0.017941 0.041838
v 0.013689 0.016680 0.041838
v -0.020188 0.066550 -0.089002
v -0.013567 0.068206 -0.089002
v -0.006816 0.069210 -0.089002
v -0.020188 0.066550 -0.029887
v -0.013567 0.068206 -0.029887
v -0.006816 0.069210 -0.029887
v -0.005217 0.052971 -0.004830
v -0.010384 0.052203 -0.004830
v -0.015451 0.050935 -0.004830
v 0.019191 0.046330 -0.117541
v 0.017627 0.042555 -0.121032
v 0.016249 0.039228 -0.123720
v 0.035460 0.035460 -0.117541
v 0.032570 0.032570 -0.121032
v 0.030024 0.030024 -0.123720
v 0.046330 0.019191 -0.117541
v 0.042555 0.017627 -0.121032
v 0.039228 0.016249 -0.123720
v 0.050148 0.000000 -0.117541
v 0.046061 0.000000 -0.121032
v 0.042460 0.000000 -0.123720
v 0.046330 -0.019191 -0.117541
v 0.042555 -0.017627 -0.121032
v 0.039228 -0.016249 -0.123720
v 0.035460 -0.035460 -0.117541
v 0.032570 -0.032570 -0.121032
v 0.030024 -0.030024 -0.123720
v 0.019191 -0.046330 -0.117541
v 0.017627 -0.042555 -0.121032
v 0.016249 -0.039228 -0.123720
v -0.000000 -0.050148 -0.117541
v -0.000000 -0.046061 -0.121032
v -0.000000 -0.042460 -0.123720
v -0.019191 -0.046330 -0.117541
v -0.017627 -0.042555 -0.121032
v -0.016249 -0.039228 -0.123720
v -0.035460 -0.035460 -0.117541
v -0.032570 -0.032570 -0.121032
v -0.030024 -0.030024 -0.123720
v -0.046330 -0.019191 -0.117541
v -0.042555 -0.017627 -0.121032
v -0.039228 -0.016249 -0.123720
v -0.050148 0.000000 -0.117541
v -0.046061 0.000000 -0.121032
v -0.042460 0.000000 -0.123720
v -0.046330 0.019191 -0.117541
v -0.042555 0.017627 -0.121032
v -0.039228 0.016249 -0.123720
v -0.035460 0.035460 -0.117541
v -0.032570 0.032570 -0.121032
v -0.030024 0.030024 -0.123720
v -0.019191 0.046330 -0.117541
v -0.017627 0.042555 -0.121032
v -0.016249 0.039228 -0.123720
v 0.000000 0.050148 -0.117541
v 0.000000 0.046061 -0.121032
v 0.000000 0.042460 -0.123720
v -0.011501 0.037914 -0.125626
v -0.007729 0.038857 -0.125626
v -0.003883 0.039429 -0.125626
v -0.025135 0.030626 -0.125626
v -0.022011 0.032942 -0.125626
v -0.018676 0.034942 -0.125626
v -0.034942 0.018676 -0.125626
v -0.032942 0.022011 -0.125626
v -0.030626 0.025135 -0.125626
v -0.039429 0.003883 -0.125626
v -0.038857 0.007729 -0.125626
v -0.037914 0.011501 -0.125626
v -0.037914 -0.011501 -0.125626
v -0.038857 -0.007729 -0.125626
v -0.039429 -0.003883 -0.125626
v -0.030626 -0.025135 -0.125626
v -0.032942 -0.022011 -0.125626
v -0.034942 -0.018676 -0.125626
v -0.018676 -0.034942 -0.125626
v -0.022011 -0.032942 -0.125626
v -0.025135 -0.030626 -0.125626
v -0.003883 -0.039429 -0.125626
v -0.007729 -0.038857 -0.125626
v -0.011501 -0.037914 -0.125626
v 0.011501 -0.037914 -0.125626
v 0.007729 -0.038857 -0.125626
v 0.003883 -0.039429 -0.125626
v 0.025135 -0.030626 -0.125626
v 0.022011 -0.032942 -0.125626
v 0.018676 -0.034942 -0.125626
v 0.034942 -0.018676 -0.125626
v 0.032942 -0.022011 -0.125626
v 0.030626 -0.025135 -0.125626
v 0.039429 -0.003883 -0.125626
v 0.038857 -0.007729 -0.125626
v 0.037914 -0.011501 -0.125626
v 0.037914 0.011501 -0.125626
v 0.038857 0.007729 -0.125626
v 0.039429 0.003883 -0.125626
v 0.030626 0.025135 -0.125626
v 0.032942 0.022011 -0.125626
v 0.034942 0.018676 -0.125626
v 0.018676 0.034942 -0.125626
v 0.022011 0.032942 -0.125626
v 0.025135 0.030626 -0.125626
v 0.003883 0.039429 -0.125626
v 0.007729 0.038857 -0.125626
v 0.011501 0.037914 -0.125626
v -0.008725 0.026441 -0.127654
v -0.005153 0.025908 -0.127654
v -0.002058 0.027767 -0.127654
v -0.018179 0.021090 -0.127654
v -0.014676 0.021964 -0.127654
v -0.012527 0.024866 -0.127654
v -0.024866 0.012528 -0.127654
v -0.021964 0.014676 -0.127654
v -0.021090 0.018179 -0.127654
v -0.027767 0.002058 -0.127654
v -0.025908 0.005153 -0.127654
v -0.026441 0.008725 -0.127654
v -0.026441 -0.008725 -0.127654
v -0.025908 -0.005153 -0.127654
v -0.027767 -0.002058 -0.127654
v -0.021090 -0.018179 -0.127654
v -0.021964 -0.014676 -0.127654
v -0.024866 -0.012527 -0.127654
v -0.012527 -0.024866 -0.127654
v -0.014676 -0.021964 -0.127654
v -0.018179 -0.021090 -0.127654
v -0.002058 -0.027767 -0.127654
v -0.005153 -0.025908 -0.127654
v -0.008725 -0.026441 -0.127654
v 0.008725 -0.026441 -0.127654
v 0.005153 -0.025908 -0.127654
v 0.002058 -0.027767 -0.127654
v 0.018179 -0.021090 -0.127654
v 0.014676 -0.021964 -0.127654
v 0.012527 -0.024866 -0.127654
v 0.024866 -0.012527 -0.127654
v 0.021964 -0.014676 -0.127654
v 0.021090 -0.018179 -0.127654
v 0.027767 -0.002058 -0.127654
v 0.025908 -0.005153 -0.127654
v 0.026441 -0.008725 -0.127654
v 0.026441 0.008725 -0.127654
v 0.025908 0.005153 -0.127654
v 0.027767 0.002058 -0.127654
v 0.021090 0.018179 -0.127654
v 0.021964 0.014676 -0.127654
v 0.024866 0.012528 -0.127654
v 0.012527 0.024866 -0.127654
v 0.014676 0.021964 -0.127654
v 0.018179 0.021090 -0.127654
v 0.002058 0.027767 -0.127654
v 0.005153 0.025908 -0.127654
v 0.008725 0.026441 -0.127654
v 0.026596 -0.026596 -0.126798
v 0.025233 -0.025233 -0.127401
v 0.023343 -0.023343 -0.127623
v 0.030499 -0.012633 -0.127623
v 0.032968 -0.013656 -0.127401
v 0.034750 -0.014394 -0.126798
v -0.034750 0.014394 -0.126798
v -0.032968 0.013656 -0.127401
v -0.030499 0.012633 -0.127623
v -0.033012 0.000000 -0.127623
v -0.035685 0.000000 -0.127401
v -0.037613 0.000000 -0.126798
v 0.033012 0.000000 -0.127623
v 0.035685 0.000000 -0.127401
v 0.037613 0.000000 -0.126798
v -0.030499 -0.012633 -0.127623
v -0.032968 -0.013656 -0.127401
v -0.034750 -0.014394 -0.126798
v 0.030499 0.012633 -0.127623
v 0.032968 0.013656 -0.127401
v 0.034750 0.014394 -0.126798
v -0.023343 -0.023343 -0.127623
v -0.025233 -0.025233 -0.127401
v -0.026596 -0.026596 -0.126798
v 0.023343 0.023343 -0.127623
v 0.025233 0.025233 -0.127401
v 0.026596 0.026596 -0.126798
v -0.012633 -0.030499 -0.127623
v -0.013656 -0.032968 -0.127401
v -0.014394 -0.034750 -0.126798
v 0.012633 0.030499 -0.127623
v 0.013656 0.032968 -0.127401
v 0.014394 0.034750 -0.126798
v -0.000000 -0.033012 -0.127623
v -0.000000 -0.035685 -0.127401
v -0.000000 -0.037613 -0.126798
v 0.000000 0.037613 -0.126798
v 0.000000 0.035685 -0.127401
v 0.000000 0.033012 -0.127623
v -0.012633 0.030499 -0.127623
v -0.013656 0.032968 -0.127401
v -0.014394 0.034750 -0.126798
v 0.012633 -0.030499 -0.127623
v 0.013656 -0.032968 -0.127401
v 0.014394 -0.034750 -0.126798
v -0.023343 0.023343 -0.127623
v -0.025233 0.025233 -0.127401
v -0.026596 0.026596 -0.126798
v 0.010821 0.026125 0.019095
v 0.009679 0.023367 0.024838
v 0.008836 0.021333 0.032181
v 0.016327 0.016327 0.032181
v 0.017884 0.017884 0.024838
v 0.019995 0.019995 0.019095
v 0.028277 0.000000 0.019095
v 0.025292 0.000000 0.024838
v 0.023090 0.000000 0.032181
v 0.021333 -0.008836 0.032181
v 0.023367 -0.009679 0.024838
v 0.026125 -0.010821 0.019095
v 0.021333 0.008836 0.032181
v 0.023367 0.009679 0.024838
v 0.026125 0.010821 0.019095
v -0.019995 0.019995 0.019095
v -0.017884 0.017884 0.024838
v -0.016327 0.016327 0.032181
v -0.008836 0.021333 0.032181
v -0.009679 0.023367 0.024838
v -0.010821 0.026125 0.019095
v -0.028277 0.000000 0.019095
v -0.025292 0.000000 0.024838
v -0.023090 0.000000 0.032181
v -0.021333 0.008836 0.032181
v -0.023367 0.009679 0.024838
v -0.026125 0.010821 0.019095
v 0.000000 0.023090 0.032181
v 0.000000 0.025292 0.024838
v 0.000000 0.028277 0.019095
v -0.026125 -0.010821 0.019095
v -0.023367 -0.009679 0.024838
v -0.021333 -0.008836 0.032181
v -0.010821 -0.026125 0.019095
v -0.009679 -0.023367 0.024838
v -0.008836 -0.021333 0.032181
v -0.016327 -0.016327 0.032181
v -0.017884 -0.017884 0.024838
v -0.019995 -0.019995 0.019095
v 0.010821 -0.026125 0.019095
v 0.009679 -0.023367 0.024838
v 0.008836 -0.021333 0.032181
v -0.000000 -0.023090 0.032181
v -0.000000 -0.025292 0.024838
v -0.000000 -0.028277 0.019095
v 0.016327 -0.016327 0.032181
v 0.017884 -0.017884 0.024838
v 0.019995 -0.019995 0.019095
v 0.001877 0.019056 0.099753
v 0.003736 0.018780 0.099753
v 0.005559 0.018324 0.099753
v -0.005559 0.018324 0.099753
v -0.003736 0.018780 0.099753
v -0.001877 0.019056 0.099753
v -0.009027 0.016888 0.099753
v -0.010638 0.015921 0.099753
v -0.012148 0.014802 0.099753
v -0.014802 0.012148 0.099753
v -0.015921 0.010638 0.099753
v -0.016888 0.009026 0.099753
v -0.019056 0.001877 0.099753
v -0.018780 0.003736 0.099753
v -0.018324 0.005559 0.099753
v -0.018324 -0.005559 0.099753
v -0.018780 -0.003736 0.099753
v -0.019056 -0.001877 0.099753
v -0.016888 -0.009026 0.099753
v -0.015921 -0.010638 0.099753
v -0.014802 -0.012148 0.099753
v -0.012148 -0.014802 0.099753
v -0.010638 -0.015921 0.099753
v -0.009027 -0.016888 0.099753
v -0.001877 -0.019056 0.099753
v -0.003736 -0.018780 0.099753
v -0.005559 -0.018324 0.099753
v 0.005559 -0.018324 0.099753
v 0.003736 -0.018780 0.099753
v 0.001877 -0.019056 0.099753
v 0.009026 -0.016888 0.099753
v 0.010638 -0.015921 0.099753
v 0.012148 -0.014802 0.099753
v 0.014802 -0.012148 0.099753
v 0.015921 -0.010638 0.099753
v 0.016888 -0.009026 0.099753
v 0.019056 -0.001877 0.099753
v 0.018780 -0.003736 0.099753
v 0.018324 -0.005559 0.099753
v 0.019056 0.001877 0.099753
v 0.018780 0.003736 0.099753
v 0.018324 0.005559 0.099753
v 0.016888 0.009026 0.099753
v 0.015921 0.010638 0.099753
v 0.014802 0.012148 0.099753
v 0.009026 0.016888 0.099753
v 0.010638 0.015921 0.099753
v 0.012148 0.014802 0.099753
v 0.008691 -0.020982 0.105217
v 0.008412 -0.020309 0.104999
v 0.008133 -0.019635 0.104971
v 0.018485 -0.007657 0.080641
v 0.018647 -0.007724 0.067629
v 0.019084 -0.007905 0.054105
v 0.014104 -0.014104 0.113473
v 0.013835 -0.013835 0.111949
v 0.013655 -0.013655 0.107811
v 0.007657 0.018485 0.080641
v 0.007724 0.018647 0.067629
v 0.007905 0.019084 0.054105
v -0.016059 0.016059 0.105217
v -0.015543 0.015544 0.104999
v -0.015028 0.015028 0.104971
v -0.020008 0.000000 0.080641
v -0.020183 0.000000 0.067629
v -0.020657 0.000000 0.054105
v 0.021253 0.000000 0.104971
v 0.021982 0.000000 0.104999
v 0.022710 0.000000 0.105217
v 0.007633 -0.018427 0.113473
v 0.007487 -0.018076 0.111949
v 0.007390 -0.017841 0.107811
v 0.016059 -0.016059 0.105217
v 0.015543 -0.015543 0.104999
v 0.015028 -0.015028 0.104971
v 0.019635 -0.008133 0.104971
v 0.020309 -0.008412 0.104999
v 0.020982 -0.008691 0.105217
v 0.008691 0.020982 0.105217
v 0.008412 0.020309 0.104999
v 0.008133 0.019635 0.104971
v -0.000000 -0.019946 0.113473
v -0.000000 -0.019566 0.111949
v -0.000000 -0.019311 0.107811
v -0.020982 0.008691 0.105217
v -0.020309 0.008412 0.104999
v -0.019635 0.008133 0.104971
v -0.022710 0.000000 0.105217
v -0.021982 0.000000 0.104999
v -0.021253 0.000000 0.104971
v -0.019635 -0.008133 0.104971
v -0.020309 -0.008412 0.104999
v -0.020982 -0.008691 0.105217
v -0.007633 -0.018427 0.113473
v -0.007488 -0.018076 0.111949
v -0.007390 -0.017841 0.107811
v 0.019994 0.000000 0.098501
v 0.020067 0.000000 0.102509
v 0.020264 0.000000 0.104323
v -0.014978 -0.014978 0.113666
v -0.015528 -0.015528 0.113489
v -0.016057 -0.016057 0.113008
v 0.000000 0.019994 0.098501
v 0.000000 0.020067 0.102509
v 0.000000 0.020265 0.104323
v -0.000000 0.022710 0.105217
v 0.000000 0.021982 0.104999
v 0.000000 0.021253 0.104971
v -0.018472 -0.007651 0.098501
v -0.018539 -0.007679 0.102509
v -0.018722 -0.007755 0.104323
v -0.008133 0.019635 0.104971
v -0.008412 0.020309 0.104999
v -0.008691 0.020982 0.105217
v -0.007651 0.018472 0.098501
v -0.007679 0.018539 0.102509
v -0.007755 0.018722 0.104323
v 0.018472 0.007651 0.098501
v 0.018539 0.007679 0.102509
v 0.018722 0.007755 0.104323
v -0.014138 -0.014138 0.098501
v -0.014189 -0.014189 0.102509
v -0.014329 -0.014329 0.104323
v 0.014138 0.014138 0.098501
v 0.014189 0.014189 0.102509
v 0.014329 0.014329 0.104323
v -0.007651 -0.018472 0.098501
v -0.007679 -0.018539 0.102509
v -0.007755 -0.018722 0.104323
v -0.000000 -0.019994 0.098501
v -0.000000 -0.020067 0.102509
v -0.000000 -0.020264 0.104323
v 0.007651 -0.018472 0.098501
v 0.007679 -0.018539 0.102509
v 0.007755 -0.018722 0.104323
v -0.014138 0.014138 0.098501
v -0.014189 0.014189 0.102509
v -0.014329 0.014329 0.104323
v 0.014138 -0.014138 0.098501
v 0.014189 -0.014189 0.102509
v 0.014329 -0.014329 0.104323
v -0.018472 0.007651 0.098501
v -0.018539 0.007679 0.102509
v -0.018722 0.007755 0.104323
v -0.020549 0.002024 0.104871
v -0.020252 0.004028 0.104871
v -0.019760 0.005994 0.104871
v 0.018211 -0.009734 0.104871
v 0.017168 -0.011472 0.104871
v 0.015962 -0.013100 0.104871
v -0.018211 0.009734 0.104871
v -0.017168 0.011472 0.104871
v -0.015962 0.013100 0.104871
v 0.013100 -0.015962 0.104871
v 0.011472 -0.017168 0.104871
v 0.009734 -0.018211 0.104871
v -0.013100 0.015962 0.104871
v -0.011472 0.017168 0.104871
v -0.009734 0.018211 0.104871
v 0.005994 -0.019760 0.104871
v 0.004028 -0.020251 0.104871
v 0.002024 -0.020549 0.104871
v -0.002024 -0.020549 0.104871
v -0.004028 -0.020251 0.104871
v -0.005994 -0.019760 0.104871
v 0.009734 0.018211 0.104871
v 0.011472 0.017168 0.104871
v 0.013100 0.015962 0.104871
v -0.009734 -0.018211 0.104871
v -0.011472 -0.017168 0.104871
v -0.013100 -0.015962 0.104871
v 0.015962 0.013100 0.104871
v 0.017168 0.011472 0.104871
v 0.018211 0.009734 0.104871
v -0.015962 -0.013100 0.104871
v -0.017168 -0.011472 0.104871
v -0.018211 -0.009734 0.104871
v 0.019760 0.005994 0.104871
v 0.020252 0.004028 0.104871
v 0.020549 0.002024 0.104871
v -0.005994 0.019760 0.104871
v -0.004028 0.020252 0.104871
v -0.002024 0.020549 0.104871
v -0.019760 -0.005994 0.104871
v -0.020252 -0.004028 0.104871
v -0.020549 -0.002024 0.104871
v 0.002024 0.020549 0.104871
v 0.004028 0.020252 0.104871
v 0.005994 0.019760 0.104871
v 0.020549 -0.002024 0.104871
v 0.020252 -0.004028 0.104871
v 0.019760 -0.005994 0.104871
v 0.002285 0.023201 0.112071
v 0.004548 0.022864 0.112071
v 0.006768 0.022309 0.112071
v -0.006768 0.022309 0.112071
v -0.004548 0.022864 0.112071
v -0.002285 0.023201 0.112071
v -0.010990 0.020560 0.112071
v -0.012952 0.019384 0.112071
v -0.014790 0.018021 0.112071
v -0.018021 0.014790 0.112071
v -0.019384 0.012952 0.112071
v -0.020560 0.010990 0.112071
v -0.023201 0.002285 0.112071
v -0.022864 0.004548 0.112071
v -0.022309 0.006768 0.112071
v -0.022309 -0.006768 0.112071
v -0.022864 -0.004548 0.112071
v -0.023201 -0.002285 0.112071
v -0.020560 -0.010989 0.112071
v -0.019384 -0.012952 0.112071
v -0.018021 -0.014790 0.112071
v -0.014790 -0.018021 0.112071
v -0.012952 -0.019383 0.112071
v -0.010990 -0.020560 0.112071
v -0.002285 -0.023201 0.112071
v -0.004548 -0.022864 0.112071
v -0.006768 -0.022309 0.112071
v 0.006768 -0.022309 0.112071
v 0.004548 -0.022864 0.112071
v 0.002285 -0.023201 0.112071
v 0.010990 -0.020560 0.112071
v 0.012952 -0.019383 0.112071
v 0.014790 -0.018021 0.112071
v 0.018021 -0.014790 0.112071
v 0.019383 -0.012952 0.112071
v 0.020560 -0.010990 0.112071
v 0.023201 -0.002285 0.112071
v 0.022864 -0.004548 0.112071
v 0.022309 -0.006768 0.112071
v 0.023201 0.002285 0.112071
v 0.022864 0.004548 0.112071
v 0.022309 0.006768 0.112071
v 0.020560 0.010990 0.112071
v 0.019383 0.012952 0.112071
v 0.018021 0.014790 0.112071
v 0.010990 0.020560 0.112071
v 0.012952 0.019384 0.112071
v 0.014790 0.018021 0.112071
v 0.023689 0.000000 0.107186
v 0.023814 0.000000 0.108869
v 0.023689 0.000000 0.110608
v -0.000000 0.023689 0.107186
v -0.000000 0.023814 0.108869
v -0.000000 0.023689 0.110608
v -0.021886 -0.009065 0.107186
v -0.022001 -0.009113 0.108869
v -0.021885 -0.009065 0.110608
v -0.009065 0.021886 0.107186
v -0.009113 0.022001 0.108869
v -0.009065 0.021885 0.110608
v 0.021886 0.009065 0.107186
v 0.022001 0.009113 0.108869
v 0.021885 0.009065 0.110608
v -0.016750 -0.016750 0.107186
v -0.016839 -0.016839 0.108869
v -0.016750 -0.016750 0.110608
v 0.016750 0.016750 0.107186
v 0.016839 0.016839 0.108869
v 0.016750 0.016750 0.110608
v -0.009065 -0.021886 0.107186
v -0.009113 -0.022001 0.108869
v -0.009065 -0.021885 0.110608
v -0.000000 -0.023689 0.107186
v -0.000000 -0.023814 0.108869
v -0.000000 -0.023689 0.110608
v 0.009065 -0.021886 0.107186
v 0.009113 -0.022001 0.108869
v 0.009065 -0.021885 0.110608
v -0.016750 0.016750 0.107186
v -0.016839 0.016839 0.108869
v -0.016750 0.016750 0.110608
v 0.016750 -0.016750 0.107186
v 0.016839 -0.016839 0.108869
v 0.016750 -0.016750 0.110608
v -0.021886 0.009065 0.107186
v -0.022001 0.009113 0.108869
v -0.021885 0.009065 0.110608
v 0.021885 -0.009065 0.110608
v 0.022001 -0.009113 0.108869
v 0.021886 -0.009065 0.107186
v 0.009065 0.021885 0.110608
v 0.009113 0.022001 0.108869
v 0.009065 0.021886 0.107186
v -0.023689 0.000000 0.110608
v -0.023814 0.000000 0.108869
v -0.023689 0.000000 0.107186
v -0.023201 0.002285 0.105891
v -0.022865 0.004548 0.105891
v -0.022309 0.006768 0.105891
v 0.020560 -0.010990 0.105891
v 0.019384 -0.012952 0.105891
v 0.018021 -0.014790 0.105891
v -0.020561 0.010990 0.105891
v -0.019384 0.012952 0.105891
v -0.018021 0.014790 0.105891
v 0.014790 -0.018021 0.105891
v 0.012952 -0.019384 0.105891
v 0.010990 -0.020560 0.105891
v -0.014790 0.018021 0.105891
v -0.012952 0.019384 0.105891
v -0.010990 0.020561 0.105891
v 0.006768 -0.022309 0.105891
v 0.004548 -0.022865 0.105891
v 0.002285 -0.023201 0.105891
v -0.002285 -0.023201 0.105891
v -0.004548 -0.022865 0.105891
v -0.006768 -0.022309 0.105891
v 0.010990 0.020561 0.105891
v 0.012952 0.019384 0.105891
v 0.014790 0.018021 0.105891
v -0.010990 -0.020560 0.105891
v -0.012952 -0.019384 0.105891
v -0.014790 -0.018021 0.105891
v 0.018021 0.014790 0.105891
v 0.019384 0.012952 0.105891
v 0.020560 0.010990 0.105891
v -0.018021 -0.014790 0.105891
v -0.019384 -0.012952 0.105891
v -0.020561 -0.010990 0.105891
v 0.022309 0.006768 0.105891
v 0.022865 0.004548 0.105891
v 0.023201 0.002285 0.105891
v -0.006768 0.022309 0.105891
v -0.004548 0.022865 0.105891
v -0.002285 0.023201 0.105891
v -0.022309 -0.006768 0.105891
v -0.022865 -0.004548 0.105891
v -0.023201 -0.002285 0.105891
v 0.002285 0.023201 0.105891
v 0.004548 0.022865 0.105891
v 0.006768 0.022309 0.105891
v 0.023201 -0.002285 0.105891
v 0.022865 -0.004548 0.105891
v 0.022309 -0.006768 0.105891
v 0.018427 -0.007633 0.113473
v 0.018076 -0.007487 0.111949
v 0.017841 -0.007390 0.107811
v 0.019946 0.000000 0.113473
v 0.019566 0.000000 0.111949
v 0.019311 0.000000 0.107811
v -0.000000 -0.022710 0.105217
v -0.000000 -0.021982 0.104999
v -0.000000 -0.021253 0.104971
v 0.018427 0.007633 0.113473
v 0.018076 0.007488 0.111949
v 0.017841 0.007390 0.107811
v 0.008106 0.019570 0.113666
v 0.008404 0.020289 0.113489
v 0.008690 0.020979 0.113008
v -0.000000 0.019946 0.113473
v -0.000000 0.019566 0.111949
v -0.000000 0.019311 0.107811
v -0.008691 -0.020982 0.105217
v -0.008412 -0.020309 0.104999
v -0.008133 -0.019635 0.104971
v 0.014104 0.014104 0.113473
v 0.013835 0.013835 0.111949
v 0.013655 0.013655 0.107811
v -0.007633 0.018428 0.113473
v -0.007488 0.018076 0.111949
v -0.007390 0.017841 0.107811
v 0.016059 0.016059 0.105217
v 0.015543 0.015544 0.104999
v 0.015028 0.015028 0.104971
v -0.014104 0.014104 0.113473
v -0.013835 0.013835 0.111949
v -0.013655 0.013655 0.107811
v -0.016059 -0.016059 0.105217
v -0.015544 -0.015543 0.104999
v -0.015028 -0.015028 0.104971
v -0.018428 0.007633 0.113473
v -0.018076 0.007488 0.111949
v -0.017841 0.007390 0.107811
v 0.020982 0.008691 0.105217
v 0.020309 0.008412 0.104999
v 0.019635 0.008133 0.104971
v -0.019946 0.000000 0.113473
v -0.019566 0.000000 0.111949
v -0.019311 0.000000 0.107811
v -0.018428 -0.007633 0.113473
v -0.018076 -0.007487 0.111949
v -0.017841 -0.007390 0.107811
v 0.018722 -0.007755 0.104323
v 0.018539 -0.007679 0.102509
v 0.018472 -0.007651 0.098501
v 0.007755 0.018722 0.104323
v 0.007679 0.018539 0.102509
v 0.007651 0.018472 0.098501
v -0.020264 0.000000 0.104323
v -0.020067 0.000000 0.102509
v -0.019994 0.000000 0.098501
v 0.020657 0.000000 0.054105
v 0.020183 0.000000 0.067629
v 0.020008 0.000000 0.080641
v 0.000000 0.020657 0.054105
v 0.000000 0.020183 0.067629
v 0.000000 0.020008 0.080641
v -0.019084 -0.007905 0.054105
v -0.018647 -0.007724 0.067629
v -0.018485 -0.007657 0.080641
v -0.007905 0.019084 0.054105
v -0.007724 0.018647 0.067629
v -0.007657 0.018485 0.080641
v 0.019084 0.007905 0.054105
v 0.018647 0.007724 0.067629
v 0.018485 0.007657 0.080641
v -0.014606 -0.014606 0.054105
v -0.014271 -0.014271 0.067629
v -0.014148 -0.014148 0.080641
v 0.014606 0.014606 0.054105
v 0.014271 0.014272 0.067629
v 0.014148 0.014148 0.080641
v -0.007905 -0.019084 0.054105
v -0.007724 -0.018647 0.067629
v -0.007657 -0.018485 0.080641
v -0.000000 -0.020657 0.054105
v -0.000000 -0.020183 0.067629
v -0.000000 -0.020008 0.080641
v 0.007905 -0.019084 0.054105
v 0.007724 -0.018647 0.067629
v 0.007657 -0.018485 0.080641
v -0.014606 0.014606 0.054105
v -0.014271 0.014272 0.067629
v -0.014148 0.014148 0.080641
v 0.014606 -0.014606 0.054105
v 0.014271 -0.014271 0.067629
v 0.014148 -0.014148 0.080641
v -0.019084 0.007905 0.054105
v -0.018647 0.007724 0.067629
v -0.018485 0.007657 0.080641
v 0.019887 -0.001958 0.091371
v 0.019598 -0.003898 0.091371
v 0.019122 -0.005801 0.091371
v 0.001959 0.019887 0.091371
v 0.003898 0.019598 0.091371
v 0.005801 0.019122 0.091371
v -0.019122 -0.005801 0.091371
v -0.019598 -0.003898 0.091371
v -0.019887 -0.001958 0.091371
v -0.005801 0.019122 0.091371
v -0.003898 0.019598 0.091371
v -0.001958 0.019887 0.091371
v 0.019122 0.005801 0.091371
v 0.019598 0.003898 0.091371
v 0.019887 0.001959 0.091371
v -0.015447 -0.012677 0.091371
v -0.016615 -0.011101 0.091371
v -0.017623 -0.009420 0.091371
v 0.015447 0.012677 0.091371
v 0.016615 0.011102 0.091371
v 0.017623 0.009420 0.091371
v -0.009420 -0.017623 0.091371
v -0.011102 -0.016615 0.091371
v -0.012677 -0.015447 0.091371
v 0.009420 0.017623 0.091371
v 0.011102 0.016615 0.091371
v 0.012677 0.015447 0.091371
v -0.001959 -0.019887 0.091371
v -0.003898 -0.019598 0.091371
v -0.005801 -0.019122 0.091371
v 0.005801 -0.019122 0.091371
v 0.003898 -0.019598 0.091371
v 0.001958 -0.019887 0.091371
v -0.012677 0.015447 0.091371
v -0.011102 0.016615 0.091371
v -0.009420 0.017623 0.091371
v 0.012677 -0.015447 0.091371
v 0.011102 -0.016615 0.091371
v 0.009420 -0.017623 0.091371
v -0.017623 0.009420 0.091371
v -0.016615 0.011102 0.091371
v -0.015447 0.012677 0.091371
v 0.017623 -0.009420 0.091371
v 0.016615 -0.011101 0.091371
v 0.015447 -0.012677 0.091371
v -0.019887 0.001959 0.091371
v -0.019598 0.003898 0.091371
v -0.019122 0.005801 0.091371
v 0.000000 0.055274 -0.011941
v 0.000000 0.059452 -0.017726
v 0.000000 0.063062 -0.023901
v 0.013410 0.032374 0.007152
v 0.015353 0.037066 0.002792
v 0.017378 0.041955 -0.001738
v 0.021152 0.051066 -0.011941
v 0.022751 0.054927 -0.017726
v 0.024133 0.058262 -0.023901
v 0.026185 0.063217 -0.037187
v 0.026837 0.064791 -0.044172
v 0.027232 0.065744 -0.051294
v 0.027232 0.065744 -0.065675
v 0.026837 0.064791 -0.072797
v 0.026185 0.063217 -0.079782
v 0.024140 0.058278 -0.093057
v 0.022807 0.055060 -0.099145
v 0.021339 0.051517 -0.104694
v 0.006475 0.065744 -0.086562
v 0.012888 0.064791 -0.086562
v 0.019177 0.063217 -0.086562
v 0.006475 0.065744 -0.030408
v 0.012888 0.064791 -0.030408
v 0.019177 0.063217 -0.030408
v 0.014678 0.048384 -0.006605
v 0.009864 0.049589 -0.006605
v 0.004956 0.050318 -0.006605
v 0.024778 0.024778 0.007152
v 0.028369 0.028369 0.002792
v 0.032111 0.032111 -0.001738
v 0.039084 0.039084 -0.011941
v 0.042039 0.042039 -0.017726
v 0.044592 0.044592 -0.023901
v 0.048384 0.048384 -0.037187
v 0.049589 0.049589 -0.044172
v 0.050318 0.050318 -0.051294
v 0.050318 0.050318 -0.065675
v 0.049589 0.049589 -0.072797
v 0.048384 0.048384 -0.079782
v 0.044604 0.044604 -0.093057
v 0.042141 0.042141 -0.099145
v 0.039429 0.039429 -0.104694
v 0.032076 0.039084 -0.006605
v 0.028090 0.042039 -0.006605
v 0.023834 0.044592 -0.006605
v 0.014390 0.026923 0.011511
v 0.016960 0.025382 0.011511
v 0.019367 0.023598 0.011511
v 0.024379 0.045611 -0.109572
v 0.028732 0.043000 -0.109572
v 0.032810 0.039978 -0.109572
v 0.041910 0.051066 -0.086562
v 0.036701 0.054927 -0.086562
v 0.031141 0.058262 -0.086562
v 0.033707 0.063062 -0.058485
v 0.039725 0.059452 -0.058485
v 0.045363 0.055274 -0.058485
v 0.041910 0.051066 -0.030408
v 0.036701 0.054927 -0.030408
v 0.031141 0.058262 -0.030408
v 0.032374 0.013410 0.007152
v 0.037066 0.015353 0.002792
v 0.041955 0.017378 -0.001738
v 0.051066 0.021152 -0.011941
v 0.054927 0.022751 -0.017726
v 0.058262 0.024133 -0.023901
v 0.063217 0.026185 -0.037187
v 0.064791 0.026837 -0.044172
v 0.065744 0.027232 -0.051294
v 0.065744 0.027232 -0.065675
v 0.064791 0.026837 -0.072797
v 0.063217 0.026185 -0.079782
v 0.058278 0.024140 -0.093057
v 0.055060 0.022807 -0.099145
v 0.051517 0.021339 -0.104694
v 0.039978 0.032810 -0.109572
v 0.043000 0.028732 -0.109572
v 0.045611 0.024379 -0.109572
v 0.058262 0.031141 -0.086562
v 0.054927 0.036701 -0.086562
v 0.051066 0.041910 -0.086562
v 0.055274 0.045363 -0.058485
v 0.059452 0.039725 -0.058485
v 0.063062 0.033707 -0.058485
v 0.058262 0.031141 -0.030408
v 0.054927 0.036701 -0.030408
v 0.051066 0.041910 -0.030408
v 0.039084 0.032076 -0.006605
v 0.042039 0.028090 -0.006605
v 0.044592 0.023834 -0.006605
v 0.026923 0.014390 0.011511
v 0.025382 0.016960 0.011511
v 0.023598 0.019367 0.011511
v 0.035041 0.000000 0.007152
v 0.040120 0.000000 0.002792
v 0.045412 0.000000 -0.001738
v 0.055274 0.000000 -0.011941
v 0.059452 0.000000 -0.017726
v 0.063062 0.000000 -0.023901
v 0.068426 0.000000 -0.037187
v 0.070129 0.000000 -0.044172
v 0.071161 0.000000 -0.051294
v 0.071161 0.000000 -0.065675
v 0.070129 0.000000 -0.072797
v 0.068426 0.000000 -0.079782
v 0.063080 0.000000 -0.093057
v 0.059597 0.000000 -0.099145
v 0.055761 0.000000 -0.104694
v 0.030380 0.002992 0.011511
v 0.029940 0.005955 0.011511
v 0.029213 0.008862 0.011511
v 0.051468 0.005069 -0.109572
v 0.050722 0.010089 -0.109572
v 0.049490 0.015013 -0.109572
v 0.063217 0.019177 -0.086562
v 0.064791 0.012888 -0.086562
v 0.065744 0.006475 -0.086562
v 0.071161 0.007008 -0.058485
v 0.070129 0.013950 -0.058485
v 0.068426 0.020757 -0.058485
v 0.063217 0.019177 -0.030408
v 0.064791 0.012888 -0.030408
v 0.065744 0.006475 -0.030408
v 0.050318 0.004956 -0.006605
v 0.049589 0.009864 -0.006605
v 0.048384 0.014678 -0.006605
v 0.032374 -0.013410 0.007152
v 0.037066 -0.015353 0.002792
v 0.041955 -0.017378 -0.001738
v 0.051066 -0.021152 -0.011941
v 0.054927 -0.022751 -0.017726
v 0.058262 -0.024133 -0.023901
v 0.063217 -0.026185 -0.037187
v 0.064791 -0.026837 -0.044172
v 0.065744 -0.027232 -0.051294
v 0.065744 -0.027232 -0.065675
v 0.064791 -0.026837 -0.072797
v 0.063217 -0.026185 -0.079782
v 0.058278 -0.024140 -0.093057
v 0.055060 -0.022807 -0.099145
v 0.051517 -0.021339 -0.104694
v 0.049490 -0.015013 -0.109572
v 0.050722 -0.010089 -0.109572
v 0.051468 -0.005069 -0.109572
v 0.065744 -0.006475 -0.086562
v 0.064791 -0.012888 -0.086562
v 0.063217 -0.019177 -0.086562
v 0.068426 -0.020757 -0.058485
v 0.070129 -0.013950 -0.058485
v 0.071161 -0.007008 -0.058485
v 0.065744 -0.006475 -0.030408
v 0.064791 -0.012888 -0.030408
v 0.063217 -0.019177 -0.030408
v 0.048384 -0.014678 -0.006605
v 0.049589 -0.009864 -0.006605
v 0.050318 -0.004956 -0.006605
v 0.030380 -0.002992 0.011511
v 0.029940 -0.005955 0.011511
v 0.029213 -0.008862 0.011511
v 0.024778 -0.024778 0.007152
v 0.028369 -0.028369 0.002792
v 0.032111 -0.032111 -0.001738
v 0.039084 -0.039084 -0.011941
v 0.042039 -0.042039 -0.017726
v 0.044592 -0.044592 -0.023901
v 0.048384 -0.048384 -0.037187
v 0.049589 -0.049589 -0.044172
v 0.050318 -0.050318 -0.051294
v 0.050318 -0.050318 -0.065675
v 0.049589 -0.049589 -0.072797
v 0.048384 -0.048384 -0.079782
v 0.044604 -0.044604 -0.093057
v 0.042141 -0.042141 -0.099145
v 0.039429 -0.039429 -0.104694
v 0.045611 -0.024379 -0.109572
v 0.043000 -0.028732 -0.109572
v 0.039978 -0.032809 -0.109572
v 0.051066 -0.041910 -0.086562
v 0.054927 -0.036701 -0.086562
v 0.058262 -0.031141 -0.086562
v 0.063062 -0.033707 -0.058485
v 0.059452 -0.039725 -0.058485
v 0.055274 -0.045363 -0.058485
v 0.051066 -0.041910 -0.030408
v 0.054927 -0.036701 -0.030408
v 0.058262 -0.031141 -0.030408
v 0.044592 -0.023834 -0.006605
v 0.042039 -0.028090 -0.006605
v 0.039084 -0.032076 -0.006605
v 0.023598 -0.019367 0.011511
v 0.025382 -0.016960 0.011511
v 0.026923 -0.014390 0.011511
v 0.013410 -0.032374 0.007152
v 0.015353 -0.037066 0.002792
v 0.017378 -0.041955 -0.001738
v 0.021152 -0.051066 -0.011941
v 0.022751 -0.054927 -0.017726
v 0.024133 -0.058262 -0.023901
v 0.026185 -0.063217 -0.037187
v 0.026837 -0.064791 -0.044172
v 0.027232 -0.065744 -0.051294
v 0.027232 -0.065744 -0.065675
v 0.026837 -0.064791 -0.072797
v 0.026185 -0.063217 -0.079782
v 0.024140 -0.058278 -0.093057
v 0.022807 -0.055060 -0.099145
v 0.021339 -0.051517 -0.104694
v 0.031141 -0.058262 -0.086562
v 0.036701 -0.054927 -0.086562
v 0.041910 -0.051066 -0.086562
v 0.045363 -0.055274 -0.058485
v 0.039725 -0.059452 -0.058485
v 0.033707 -0.063062 -0.058485
v 0.031141 -0.058262 -0.030408
v 0.036701 -0.054927 -0.030408
v 0.041910 -0.051066 -0.030408
v 0.032076 -0.039084 -0.006605
v 0.028090 -0.042039 -0.006605
v 0.023834 -0.044592 -0.006605
v 0.014390 -0.026923 0.011511
v 0.016960 -0.025382 0.011511
v 0.019367 -0.023598 0.011511
v 0.024379 -0.045611 -0.109572
v 0.028732 -0.043000 -0.109572
v 0.032809 -0.039978 -0.109572
v -0.000000 -0.035041 0.007152
v -0.000000 -0.040120 0.002792
v -0.000000 -0.045412 -0.001738
v -0.000000 -0.055274 -0.011941
v -0.000000 -0.059452 -0.017726
v -0.000000 -0.063062 -0.023901
v -0.000000 -0.068426 -0.037187
v -0.000000 -0.070129 -0.044172
v -0.000000 -0.071161 -0.051294
v -0.000000 -0.071161 -0.065675
v -0.000000 -0.070129 -0.072797
v -0.000000 -0.068426 -0.079782
v -0.000000 -0.063080 -0.093057
v -0.000000 -0.059597 -0.099145
v -0.000000 -0.055761 -0.104694
v 0.005069 -0.051468 -0.109572
v 0.010089 -0.050722 -0.109572
v 0.015013 -0.049490 -0.109572
v 0.019177 -0.063217 -0.086562
v 0.012888 -0.064791 -0.086562
v 0.006475 -0.065744 -0.086562
v 0.007008 -0.071161 -0.058485
v 0.013950 -0.070129 -0.058485
v 0.020757 -0.068426 -0.058485
v 0.019177 -0.063217 -0.030408
v 0.012888 -0.064791 -0.030408
v 0.006475 -0.065744 -0.030408
v 0.004956 -0.050318 -0.006605
v 0.009864 -0.049589 -0.006605
v 0.014678 -0.048384 -0.006605
v 0.008862 -0.029213 0.011511
v 0.005955 -0.029940 0.011511
v 0.002992 -0.030380 0.011511
v -0.013410 -0.032374 0.007152
v -0.015353 -0.037066 0.002792
v -0.017378 -0.041955 -0.001738
v -0.021152 -0.051066 -0.011941
v -0.022751 -0.054927 -0.017726
v -0.024133 -0.058262 -0.023901
v -0.026185 -0.063217 -0.037187
v -0.026837 -0.064791 -0.044172
v -0.027232 -0.065744 -0.051294
v -0.027232 -0.065744 -0.065675
v -0.026837 -0.064791 -0.072797
v -0.026185 -0.063217 -0.079782
v -0.024140 -0.058278 -0.093057
v -0.022807 -0.055060 -0.099145
v -0.021339 -0.051517 -0.104694
v -0.020757 -0.068426 -0.058485
v -0.013950 -0.070129 -0.058485
v -0.007008 -0.071161 -0.058485
v -0.006475 -0.065744 -0.030408
v -0.012888 -0.064791 -0.030408
v -0.019177 -0.063217 -0.030408
v -0.014678 -0.048384 -0.006605
v -0.009864 -0.049589 -0.006605
v -0.004956 -0.050318 -0.006605
v -0.002992 -0.030380 0.011511
v -0.005955 -0.029940 0.011511
v -0.008862 -0.029213 0.011511
v -0.005069 -0.051468 -0.109572
v -0.010089 -0.050722 -0.109572
v -0.015013 -0.049490 -0.109572
v -0.019177 -0.063217 -0.086562
v -0.012888 -0.064791 -0.086562
v -0.006475 -0.065744 -0.086562
v -0.024778 -0.024778 0.007152
v -0.028369 -0.028369 0.002792
v -0.032111 -0.032111 -0.001738
v -0.039084 -0.039084 -0.011941
v -0.042039 -0.042039 -0.017726
v -0.044592 -0.044591 -0.023901
v -0.048384 -0.048384 -0.037187
v -0.049589 -0.049589 -0.044172
v -0.050318 -0.050318 -0.051294
v -0.050318 -0.050318 -0.065675
v -0.049589 -0.049589 -0.072797
v -0.048384 -0.048384 -0.079782
v -0.044604 -0.044604 -0.093057
v -0.042141 -0.042141 -0.099145
v -0.039429 -0.039429 -0.104694
v -0.024379 -0.045611 -0.109572
v -0.028732 -0.043000 -0.109572
v -0.032810 -0.039978 -0.109572
v -0.041910 -0.051066 -0.086562
v -0.036701 -0.054927 -0.086562
v -0.031141 -0.058262 -0.086562
v -0.033707 -0.063062 -0.058485
v -0.039725 -0.059452 -0.058485
v -0.045363 -0.055274 -0.058485
v -0.041910 -0.051066 -0.030408
v -0.036701 -0.054927 -0.030408
v -0.031141 -0.058262 -0.030408
v -0.023834 -0.044591 -0.006605
v -0.028090 -0.042039 -0.006605
v -0.032076 -0.039084 -0.006605
v -0.019367 -0.023598 0.011511
v -0.016960 -0.025382 0.011511
v -0.014390 -0.026923 0.011511
v -0.032374 -0.013410 0.007152
v -0.037066 -0.015353 0.002792
v -0.041955 -0.017378 -0.001738
v -0.051066 -0.021152 -0.011941
v -0.054927 -0.022751 -0.017726
v -0.058262 -0.024133 -0.023901
v -0.063217 -0.026185 -0.037187
v -0.064791 -0.026837 -0.044172
v -0.065744 -0.027232 -0.051294
v -0.065744 -0.027232 -0.065675
v -0.064791 -0.026837 -0.072797
v -0.063217 -0.026185 -0.079782
v -0.058278 -0.024140 -0.093057
v -0.055060 -0.022807 -0.099145
v -0.051517 -0.021339 -0.104694
v -0.058262 -0.031141 -0.030408
v -0.054927 -0.036701 -0.030408
v -0.051066 -0.041910 -0.030408
v -0.039084 -0.032076 -0.006605
v -0.042039 -0.028090 -0.006605
v -0.044592 -0.023834 -0.006605
v -0.026923 -0.014390 0.011511
v -0.025382 -0.016960 0.011511
v -0.023598 -0.019367 0.011511
v -0.045611 -0.024379 -0.109572
v -0.043000 -0.028732 -0.109572
v -0.039978 -0.032809 -0.109572
v -0.051066 -0.041910 -0.086562
v -0.054927 -0.036701 -0.086562
v -0.058262 -0.031141 -0.086562
v -0.063062 -0.033707 -0.058485
v -0.059452 -0.039725 -0.058485
v -0.055274 -0.045363 -0.058485
v -0.035041 0.000000 0.007152
v -0.040120 0.000000 0.002792
v -0.045412 0.000000 -0.001738
v -0.055274 0.000000 -0.011941
v -0.059452 0.000000 -0.017726
v -0.063062 0.000000 -0.023901
v -0.068426 0.000000 -0.037187
v -0.070129 0.000000 -0.044172
v -0.071161 0.000000 -0.051294
v -0.071161 0.000000 -0.065675
v -0.070129 0.000000 -0.072797
v -0.068426 0.000000 -0.079782
v -0.063080 0.000000 -0.093057
v -0.059597 0.000000 -0.099145
v -0.055761 0.000000 -0.104694
v -0.051468 -0.005069 -0.109572
v -0.050722 -0.010089 -0.109572
v -0.049490 -0.015013 -0.109572
v -0.063217 -0.019177 -0.086562
v -0.064791 -0.012888 -0.086562
v -0.065744 -0.006475 -0.086562
v -0.071161 -0.007008 -0.058485
v -0.070129 -0.013949 -0.058485
v -0.068426 -0.020757 -0.058485
v -0.063217 -0.019177 -0.030408
v -0.064791 -0.012888 -0.030408
v -0.065744 -0.006475 -0.030408
v -0.050318 -0.004955 -0.006605
v -0.049589 -0.009864 -0.006605
v -0.048384 -0.014678 -0.006605
v -0.029213 -0.008862 0.011511
v -0.029940 -0.005955 0.011511
v -0.030380 -0.002992 0.011511
v -0.032374 0.013410 0.007152
v -0.037066 0.015353 0.002792
v -0.041955 0.017378 -0.001738
v -0.051066 0.021152 -0.011941
v -0.054927 0.022752 -0.017726
v -0.058262 0.024133 -0.023901
v -0.063217 0.026185 -0.037187
v -0.064791 0.026837 -0.044172
v -0.065744 0.027232 -0.051294
v -0.065744 0.027232 -0.065675
v -0.064791 0.026837 -0.072797
v -0.063217 0.026185 -0.079782
v -0.058278 0.024140 -0.093057
v -0.055060 0.022807 -0.099145
v -0.051517 0.021339 -0.104694
v -0.048384 0.014678 -0.006605
v -0.049589 0.009864 -0.006605
v -0.050318 0.004956 -0.006605
v -0.030380 0.002992 0.011511
v -0.029940 0.005955 0.011511
v -0.029213 0.008862 0.011511
v -0.051468 0.005069 -0.109572
v -0.050722 0.010089 -0.109572
v -0.049490 0.015013 -0.109572
v -0.063217 0.019177 -0.086562
v -0.064791 0.012888 -0.086562
v -0.065744 0.006475 -0.086562
v -0.071161 0.007008 -0.058485
v -0.070129 0.013950 -0.058485
v -0.068426 0.020757 -0.058485
v -0.063217 0.019177 -0.030408
v -0.064791 0.012888 -0.030408
v -0.065744 0.006475 -0.030408
v -0.024778 0.024778 0.007152
v -0.028369 0.028369 0.002792
v -0.032111 0.032111 -0.001738
v -0.039084 0.039084 -0.011941
v -0.042039 0.042039 -0.017726
v -0.044591 0.044592 -0.023901
v -0.048384 0.048384 -0.037187
v -0.049589 0.049589 -0.044172
v -0.050318 0.050318 -0.051294
v -0.050318 0.050318 -0.065675
v -0.049589 0.049589 -0.072797
v -0.048384 0.048384 -0.079782
v -0.044604 0.044604 -0.093057
v -0.042141 0.042141 -0.099145
v -0.039429 0.039429 -0.104694
v -0.045611 0.024379 -0.109572
v -0.043000 0.028732 -0.109572
v -0.039978 0.032810 -0.109572
v -0.051066 0.041910 -0.086562
v -0.054927 0.036701 -0.086562
v -0.058262 0.031141 -0.086562
v -0.063062 0.033707 -0.058485
v -0.059452 0.039725 -0.058485
v -0.055274 0.045363 -0.058485
v -0.051066 0.041910 -0.030408
v -0.054927 0.036701 -0.030408
v -0.058262 0.031141 -0.030408
v -0.044591 0.023834 -0.006605
v -0.042039 0.028090 -0.006605
v -0.039084 0.032076 -0.006605
v -0.023598 0.019367 0.011511
v -0.025382 0.016960 0.011511
v -0.026923 0.014390 0.011511
v -0.013410 0.032374 0.007152
v -0.015353 0.037066 0.002792
v -0.017378 0.041955 -0.001738
v -0.021152 0.051066 -0.011941
v -0.022751 0.054927 -0.017726
v -0.024133 0.058262 -0.023901
v -0.026185 0.063217 -0.037187
v -0.026837 0.064791 -0.044172
v -0.027232 0.065744 -0.051294
v -0.027232 0.065744 -0.065675
v -0.026837 0.064791 -0.072797
v -0.026185 0.063217 -0.079782
v -0.024140 0.058278 -0.093057
v -0.022807 0.055060 -0.099145
v -0.021339 0.051517 -0.104694
v -0.014390 0.026923 0.011511
v -0.016960 0.025382 0.011511
v -0.019367 0.023598 0.011511
v -0.024379 0.045611 -0.109572
v -0.028732 0.043000 -0.109572
v -0.032809 0.039978 -0.109572
v -0.041910 0.051066 -0.086562
v -0.036701 0.054927 -0.086562
v -0.031141 0.058262 -0.086562
v -0.033707 0.063062 -0.058485
v -0.039725 0.059452 -0.058485
v -0.045363 0.055274 -0.058485
v -0.041910 0.051066 -0.030408
v -0.036701 0.054927 -0.030408
v -0.031141 0.058262 -0.030408
v -0.023834 0.044592 -0.006605
v -0.028090 0.042039 -0.006605
v -0.032076 0.039084 -0.006605
v 0.002009 0.020399 0.040834
v 0.003999 0.020103 0.040834
v 0.005950 0.019615 0.040834
v -0.005069 0.051468 -0.109572
v -0.010089 0.050722 -0.109572
v -0.015013 0.049490 -0.109572
v -0.007008 0.071161 -0.058485
v -0.013949 0.070129 -0.058485
v -0.020757 0.068426 -0.058485
v -0.008862 0.029213 0.011511
v -0.005955 0.029940 0.011511
v -0.002992 0.030380 0.011511
v 0.000000 0.035041 0.007152
v 0.000000 0.040120 0.002792
v 0.000000 0.045412 -0.001738
v 0.000000 0.068426 -0.037187
v 0.000000 0.070129 -0.044172
v 0.000000 0.071161 -0.051294
v 0.000000 0.071161 -0.065675
v 0.000000 0.070129 -0.072797
v 0.000000 0.068426 -0.079782
v 0.000000 0.063080 -0.093057
v 0.000000 0.059597 -0.099145
v 0.000000 0.055761 -0.104694
v -0.005950 0.019615 0.040834
v -0.003999 0.020103 0.040834
v -0.002009 0.020399 0.040834
v 0.015013 0.049490 -0.109572
v 0.010089 0.050722 -0.109572
v 0.005069 0.051468 -0.109572
v 0.020757 0.068426 -0.058485
v 0.013950 0.070129 -0.058485
v 0.007008 0.071161 -0.058485
v 0.002992 0.030380 0.011511
v 0.005955 0.029940 0.011511
v 0.008862 0.029213 0.011511
v -0.009662 0.018077 0.040834
v -0.011388 0.017043 0.040834
v -0.013004 0.015845 0.040834
v -0.015845 0.013004 0.040834
v -0.017043 0.011388 0.040834
v -0.018077 0.009662 0.040834
v -0.020399 0.002009 0.040834
v -0.020103 0.003999 0.040834
v -0.019615 0.005950 0.040834
v -0.019615 -0.005950 0.040834
v -0.020103 -0.003999 0.040834
v -0.020399 -0.002009 0.040834
v -0.018077 -0.009662 0.040834
v -0.017043 -0.011388 0.040834
v -0.015845 -0.013004 0.040834
v -0.013004 -0.015845 0.040834
v -0.011388 -0.017043 0.040834
v -0.009662 -0.018077 0.040834
v -0.002009 -0.020399 0.040834
v -0.003999 -0.020103 0.040834
v -0.005950 -0.019615 0.040834
v 0.005950 -0.019615 0.040834
v 0.003999 -0.020103 0.040834
v 0.002009 -0.020399 0.040834
v 0.009662 -0.018077 0.040834
v 0.011388 -0.017043 0.040834
v 0.013004 -0.015845 0.040834
v 0.015845 -0.013004 0.040834
v 0.017043 -0.011388 0.040834
v 0.018077 -0.009662 0.040834
v 0.020399 -0.002009 0.040834
v 0.020103 -0.003999 0.040834
v 0.019615 -0.005950 0.040834
v 0.020399 0.002009 0.040834
v 0.020103 0.003999 0.040834
v 0.019615 0.005950 0.040834
v 0.018077 0.009662 0.040834
v 0.017043 0.011388 0.040834
v 0.015845 0.013004 0.040834
v 0.009662 0.018077 0.040834
v 0.011388 0.017043 0.040834
v 0.013004 0.015845 0.040834
v -0.019177 0.063217 -0.086562
v -0.012888 0.064791 -0.086562
v -0.006475 0.065744 -0.086562
v -0.019177 0.063217 -0.030408
v -0.012888 0.064791 -0.030408
v -0.006475 0.065744 -0.030408
v -0.004955 0.050318 -0.006605
v -0.009864 0.049589 -0.006605
v -0.014678 0.048384 -0.006605
v 0.018230 0.044010 -0.113672
v 0.016744 0.040424 -0.116988
v 0.015435 0.037264 -0.119541
v 0.033684 0.033684 -0.113672
v 0.030939 0.030939 -0.116988
v 0.028520 0.028520 -0.119541
v 0.044010 0.018230 -0.113672
v 0.040424 0.016744 -0.116988
v 0.037264 0.015435 -0.119541
v 0.047636 0.000000 -0.113672
v 0.043754 0.000000 -0.116988
v 0.040334 0.000000 -0.119541
v 0.044010 -0.018230 -0.113672
v 0.040424 -0.016744 -0.116988
v 0.037264 -0.015435 -0.119541
v 0.033684 -0.033684 -0.113672
v 0.030939 -0.030939 -0.116988
v 0.028520 -0.028520 -0.119541
v 0.018230 -0.044010 -0.113672
v 0.016744 -0.040424 -0.116988
v 0.015435 -0.037264 -0.119541
v -0.000000 -0.047636 -0.113672
v -0.000000 -0.043754 -0.116988
v -0.000000 -0.040334 -0.119541
v -0.018230 -0.044010 -0.113672
v -0.016744 -0.040424 -0.116988
v -0.015435 -0.037264 -0.119541
v -0.033684 -0.033684 -0.113672
v -0.030939 -0.030939 -0.116988
v -0.028520 -0.028520 -0.119541
v -0.044010 -0.018230 -0.113672
v -0.040424 -0.016744 -0.116988
v -0.037264 -0.015435 -0.119541
v -0.047636 0.000000 -0.113672
v -0.043754 0.000000 -0.116988
v -0.040334 0.000000 -0.119541
v -0.044010 0.018230 -0.113672
v -0.040424 0.016744 -0.116988
v -0.037264 0.015435 -0.119541
v -0.033684 0.033684 -0.113672
v -0.030939 0.030939 -0.116988
v -0.028520 0.028521 -0.119541
v -0.018230 0.044010 -0.113672
v -0.016744 0.040424 -0.116988
v -0.015435 0.037264 -0.119541
v 0.000000 0.047636 -0.113672
v 0.000000 0.043754 -0.116988
v 0.000000 0.040334 -0.119541
v -0.010925 0.036015 -0.121352
v -0.007342 0.036911 -0.121352
v -0.003689 0.037455 -0.121352
v -0.023876 0.029093 -0.121352
v -0.020909 0.031292 -0.121352
v -0.017741 0.033192 -0.121352
v -0.033192 0.017741 -0.121352
v -0.031292 0.020909 -0.121352
v -0.029093 0.023876 -0.121352
v -0.037454 0.003689 -0.121352
v -0.036911 0.007342 -0.121352
v -0.036015 0.010925 -0.121352
v -0.036015 -0.010925 -0.121352
v -0.036911 -0.007342 -0.121352
v -0.037454 -0.003689 -0.121352
v -0.029093 -0.023876 -0.121352
v -0.031292 -0.020909 -0.121352
v -0.033192 -0.017741 -0.121352
v -0.017741 -0.033192 -0.121352
v -0.020909 -0.031292 -0.121352
v -0.023876 -0.029093 -0.121352
v -0.003689 -0.037454 -0.121352
v -0.007342 -0.036911 -0.121352
v -0.010925 -0.036015 -0.121352
v 0.010925 -0.036015 -0.121352
v 0.007342 -0.036911 -0.121352
v 0.003689 -0.037454 -0.121352
v 0.023876 -0.029093 -0.121352
v 0.020909 -0.031292 -0.121352
v 0.017741 -0.033192 -0.121352
v 0.033192 -0.017741 -0.121352
v 0.031292 -0.020909 -0.121352
v 0.029093 -0.023876 -0.121352
v 0.037454 -0.003689 -0.121352
v 0.036911 -0.007342 -0.121352
v 0.036015 -0.010925 -0.121352
v 0.036015 0.010925 -0.121352
v 0.036911 0.007342 -0.121352
v 0.037454 0.003689 -0.121352
v 0.029093 0.023876 -0.121352
v 0.031292 0.020909 -0.121352
v 0.033192 0.017741 -0.121352
v 0.017741 0.033192 -0.121352
v 0.020909 0.031292 -0.121352
v 0.023876 0.029093 -0.121352
v 0.003689 0.037455 -0.121352
v 0.007342 0.036911 -0.121352
v 0.010925 0.036015 -0.121352
v -0.008288 0.025117 -0.123279
v -0.004895 0.024611 -0.123279
v -0.001955 0.026377 -0.123279
v -0.017269 0.020034 -0.123279
v -0.013941 0.020864 -0.123279
v -0.011900 0.023621 -0.123279
v -0.023621 0.011900 -0.123279
v -0.020864 0.013941 -0.123279
v -0.020034 0.017269 -0.123279
v -0.026377 0.001955 -0.123279
v -0.024611 0.004895 -0.123279
v -0.025117 0.008288 -0.123279
v -0.025117 -0.008288 -0.123279
v -0.024611 -0.004895 -0.123279
v -0.026377 -0.001955 -0.123279
v -0.020034 -0.017269 -0.123279
v -0.020864 -0.013941 -0.123279
v -0.023621 -0.011900 -0.123279
v -0.011900 -0.023621 -0.123279
v -0.013941 -0.020864 -0.123279
v -0.017269 -0.020033 -0.123279
v -0.001955 -0.026377 -0.123279
v -0.004895 -0.024611 -0.123279
v -0.008288 -0.025117 -0.123279
v 0.008288 -0.025117 -0.123279
v 0.004895 -0.024611 -0.123279
v 0.001955 -0.026377 -0.123279
v 0.017269 -0.020034 -0.123279
v 0.013941 -0.020864 -0.123279
v 0.011900 -0.023621 -0.123279
v 0.023621 -0.011900 -0.123279
v 0.020864 -0.013941 -0.123279
v 0.020034 -0.017269 -0.123279
v 0.026377 -0.001955 -0.123279
v 0.024611 -0.004895 -0.123279
v 0.025117 -0.008288 -0.123279
v 0.025117 0.008288 -0.123279
v 0.024611 0.004895 -0.123279
v 0.026377 0.001955 -0.123279
v 0.020034 0.017269 -0.123279
v 0.020864 0.013941 -0.123279
v 0.023621 0.011900 -0.123279
v 0.011900 0.023621 -0.123279
v 0.013941 0.020864 -0.123279
v 0.017269 0.020034 -0.123279
v 0.001955 0.026377 -0.123279
v 0.004895 0.024611 -0.123279
v 0.008288 0.025117 -0.123279
v 0.025264 -0.025264 -0.122466
v 0.023969 -0.023969 -0.123038
v 0.022174 -0.022174 -0.123249
v 0.028972 -0.012001 -0.123249
v 0.031317 -0.012972 -0.123038
v 0.033010 -0.013673 -0.122466
v -0.033010 0.013673 -0.122466
v -0.031317 0.012972 -0.123038
v -0.028972 0.012001 -0.123249
v -0.031359 0.000000 -0.123249
v -0.033898 0.000000 -0.123038
v -0.035729 0.000000 -0.122466
v 0.031359 0.000000 -0.123249
v 0.033898 0.000000 -0.123038
v 0.035729 0.000000 -0.122466
v -0.028972 -0.012001 -0.123249
v -0.031317 -0.012972 -0.123038
v -0.033010 -0.013673 -0.122466
v 0.028972 0.012001 -0.123249
v 0.031317 0.012972 -0.123038
v 0.033010 0.013673 -0.122466
v -0.022174 -0.022174 -0.123249
v -0.023969 -0.023969 -0.123038
v -0.025264 -0.025264 -0.122466
v 0.022174 0.022174 -0.123249
v 0.023969 0.023969 -0.123038
v 0.025264 0.025264 -0.122466
v -0.012001 -0.028972 -0.123249
v -0.012972 -0.031317 -0.123038
v -0.013673 -0.033010 -0.122466
v 0.012001 0.028972 -0.123249
v 0.012972 0.031317 -0.123038
v 0.013673 0.033010 -0.122466
v -0.000000 -0.031359 -0.123249
v -0.000000 -0.033898 -0.123038
v -0.000000 -0.035729 -0.122466
v 0.000000 0.035729 -0.122466
v 0.000000 0.033898 -0.123038
v 0.000000 0.031359 -0.123249
v -0.012001 0.028972 -0.123249
v -0.012972 0.031317 -0.123038
v -0.013673 0.033010 -0.122466
v 0.012001 -0.028972 -0.123249
v 0.012972 -0.031317 -0.123038
v 0.013673 -0.033010 -0.122466
v -0.022174 0.022174 -0.123249
v -0.023969 0.023969 -0.123038
v -0.025264 0.025265 -0.122466
v 0.010279 0.024817 0.016171
v 0.009194 0.022197 0.021966
v 0.008394 0.020264 0.029864
v 0.015510 0.015510 0.029864
v 0.016989 0.016989 0.021966
v 0.018994 0.018994 0.016171
v 0.026861 0.000000 0.016171
v 0.024026 0.000000 0.021966
v 0.021934 0.000000 0.029864
v 0.020264 -0.008394 0.029864
v 0.022197 -0.009194 0.021966
v 0.024817 -0.010279 0.016171
v 0.020264 0.008394 0.029864
v 0.022197 0.009194 0.021966
v 0.024817 0.010279 0.016171
v -0.018994 0.018994 0.016171
v -0.016989 0.016989 0.021966
v -0.015510 0.015510 0.029864
v -0.008394 0.020264 0.029864
v -0.009194 0.022197 0.021966
v -0.010279 0.024817 0.016171
v -0.026861 0.000000 0.016171
v -0.024026 0.000000 0.021966
v -0.021934 0.000000 0.029864
v -0.020264 0.008394 0.029864
v -0.022197 0.009194 0.021966
v -0.024817 0.010279 0.016171
v 0.000000 0.021934 0.029864
v 0.000000 0.024026 0.021966
v 0.000000 0.026861 0.016171
v -0.024817 -0.010279 0.016171
v -0.022197 -0.009194 0.021966
v -0.020264 -0.008394 0.029864
v -0.010279 -0.024817 0.016171
v -0.009194 -0.022197 0.021966
v -0.008394 -0.020264 0.029864
v -0.015510 -0.015510 0.029864
v -0.016989 -0.016989 0.021966
v -0.018994 -0.018994 0.016171
v 0.010279 -0.024817 0.016171
v 0.009194 -0.022197 0.021966
v 0.008394 -0.020264 0.029864
v -0.000000 -0.021934 0.029864
v 0.000000 -0.024026 0.021966
v 0.000000 -0.026861 0.016171
v 0.015510 -0.015510 0.029864
v 0.016989 -0.016989 0.021966
v 0.018994 -0.018994 0.016171
v 0.017625 -0.007300 0.087072
v 0.017732 -0.007345 0.071481
v 0.018131 -0.007510 0.055296
v -0.019077 0.000000 0.087072
v -0.019193 0.000000 0.071481
v -0.019625 0.000000 0.055296
v 0.007300 0.017625 0.087072
v 0.007345 0.017732 0.071481
v 0.007510 0.018131 0.055296
v -0.007510 -0.018131 0.055296
v -0.007345 -0.017732 0.071481
v -0.007300 -0.017625 0.087072
v -0.018131 -0.007510 0.055296
v -0.017732 -0.007345 0.071481
v -0.017625 -0.007300 0.087072
v 0.018131 0.007510 0.055296
v 0.017732 0.007345 0.071481
v 0.017625 0.007300 0.087072
v -0.013877 -0.013877 0.055296
v -0.013572 -0.013572 0.071481
v -0.013489 -0.013489 0.087072
v 0.019625 0.000000 0.055296
v 0.019193 0.000000 0.071481
v 0.019077 0.000000 0.087072
v 0.007510 -0.018131 0.055296
v 0.007345 -0.017732 0.071481
v 0.007300 -0.017625 0.087072
v -0.007510 0.018131 0.055296
v -0.007345 0.017732 0.071481
v -0.007300 0.017625 0.087072
v -0.000000 -0.019625 0.055296
v -0.000000 -0.019193 0.071481
v -0.000000 -0.019077 0.087072
v -0.013877 0.013877 0.055296
v -0.013572 0.013572 0.071481
v -0.013489 0.013489 0.087072
v 0.013877 -0.013877 0.055296
v 0.013572 -0.013572 0.071481
v 0.013489 -0.013489 0.087072
v -0.018131 0.007510 0.055296
v -0.017732 0.007345 0.071481
v -0.017625 0.007300 0.087072
v -0.000000 0.019625 0.055296
v -0.000000 0.019193 0.071481
v -0.000000 0.019077 0.087072
v 0.013877 0.013877 0.055296
v 0.013572 0.013572 0.071481
v 0.013489 0.013489 0.087072
v 0.016057 -0.016057 0.113008
v 0.015528 -0.015528 0.113489
v 0.014978 -0.014978 0.113666
v 0.008690 -0.020979 0.113008
v 0.008404 -0.020289 0.113489
v 0.008106 -0.019570 0.113666
v -0.000000 -0.022707 0.113008
v -0.000000 -0.021960 0.113489
v -0.000000 -0.021182 0.113666
v -0.008690 -0.020979 0.113008
v -0.008404 -0.020289 0.113489
v -0.008106 -0.019570 0.113666
v -0.013655 -0.013655 0.107811
v -0.013835 -0.013835 0.111949
v -0.014104 -0.014104 0.113473
v 0.020979 -0.008690 0.113008
v 0.020289 -0.008404 0.113489
v 0.019570 -0.008106 0.113666
v 0.022707 0.000000 0.113008
v 0.021960 0.000000 0.113489
v 0.021182 0.000000 0.113666
v 0.020979 0.008690 0.113008
v 0.020289 0.008404 0.113489
v 0.019570 0.008106 0.113666
v 0.007390 0.017841 0.107811
v 0.007487 0.018076 0.111949
v 0.007633 0.018428 0.113473
v -0.000000 0.022707 0.113008
v -0.000000 0.021960 0.113489
v -0.000000 0.021182 0.113666
v 0.016057 0.016057 0.113008
v 0.015528 0.015528 0.113489
v 0.014978 0.014978 0.113666
v -0.008690 0.020979 0.113008
v -0.008404 0.020289 0.113489
v -0.008106 0.019570 0.113666
v -0.016057 0.016057 0.113008
v -0.015528 0.015528 0.113489
v -0.014978 0.014978 0.113666
v -0.020979 0.008690 0.113008
v -0.020289 0.008404 0.113489
v -0.019570 0.008106 0.113666
v -0.022707 0.000000 0.113008
v -0.021960 0.000000 0.113489
v -0.021182 0.000000 0.113666
v -0.020979 -0.008690 0.113008
v -0.020289 -0.008404 0.113489
v -0.019570 -0.008106 0.113666
v -0.018063 -0.009655 0.113691
v -0.017029 -0.011378 0.113691
v -0.015832 -0.012993 0.113691
v -0.020383 -0.002007 0.113691
v -0.020087 -0.003996 0.113691
v -0.019599 -0.005946 0.113691
v -0.019599 0.005946 0.113691
v -0.020087 0.003996 0.113691
v -0.020383 0.002007 0.113691
v -0.015832 0.012993 0.113691
v -0.017029 0.011378 0.113691
v -0.018063 0.009655 0.113691
v -0.009655 0.018063 0.113691
v -0.011378 0.017029 0.113691
v -0.012993 0.015832 0.113691
v 0.012993 0.015832 0.113691
v 0.011378 0.017029 0.113691
v 0.009655 0.018063 0.113691
v -0.002007 0.020383 0.113691
v -0.003996 0.020087 0.113691
v -0.005946 0.019599 0.113691
v 0.018063 0.009655 0.113691
v 0.017029 0.011378 0.113691
v 0.015832 0.012993 0.113691
v 0.005946 0.019599 0.113691
v 0.003996 0.020087 0.113691
v 0.002007 0.020383 0.113691
v 0.020383 0.002007 0.113691
v 0.020087 0.003996 0.113691
v 0.019599 0.005946 0.113691
v -0.012993 -0.015832 0.113691
v -0.011378 -0.017029 0.113691
v -0.009655 -0.018063 0.113691
v -0.005946 -0.019599 0.113691
v -0.003996 -0.020087 0.113691
v -0.002007 -0.020383 0.113691
v 0.002007 -0.020383 0.113691
v 0.003996 -0.020087 0.113691
v 0.005946 -0.019599 0.113691
v 0.009655 -0.018063 0.113691
v 0.011378 -0.017029 0.113691
v 0.012993 -0.015832 0.113691
v 0.015832 -0.012993 0.113691
v 0.017029 -0.011378 0.113691
v 0.018063 -0.009655 0.113691
v 0.019599 -0.005946 0.113691
v 0.020087 -0.003996 0.113691
v 0.020383 -0.002007 0.113691
v 0.005753 0.058416 -0.108090
v 0.006149 0.062434 -0.102248
v 0.006508 0.066083 -0.095839
v 0.011451 0.057569 -0.108090
v 0.012239 0.061529 -0.102248
v 0.012954 0.065125 -0.095839
v 0.017040 0.056171 -0.108090
v 0.018212 0.060035 -0.102248
v 0.019276 0.063544 -0.095839
v 0.007342 0.074549 -0.051875
v 0.007235 0.073468 -0.044377
v 0.007060 0.071684 -0.037024
v 0.014614 0.073468 -0.051875
v 0.014402 0.072403 -0.044377
v 0.014052 0.070644 -0.037024
v 0.021746 0.071684 -0.051875
v 0.021430 0.070644 -0.044377
v 0.020910 0.068929 -0.037024
v 0.004685 0.047574 0.000294
v 0.004139 0.042031 0.005063
v 0.003615 0.036710 0.009652
v 0.009326 0.046885 0.000294
v 0.008239 0.041421 0.005063
v 0.007196 0.036178 0.009652
v 0.013877 0.045746 0.000294
v 0.012260 0.040415 0.005063
v 0.010708 0.035299 0.009652
v 0.004161 0.042254 -0.123720
v 0.004514 0.045837 -0.121032
v 0.004915 0.049904 -0.117541
v 0.008283 0.041642 -0.123720
v 0.008985 0.045173 -0.121032
v 0.009783 0.049181 -0.117541
v 0.012325 0.040630 -0.123720
v 0.013371 0.044076 -0.121032
v 0.014557 0.047986 -0.117541
v 0.007060 0.071684 -0.081865
v 0.007235 0.073468 -0.074512
v 0.007342 0.074549 -0.067014
v 0.014052 0.070644 -0.081865
v 0.014402 0.072403 -0.074512
v 0.014614 0.073468 -0.067014
v 0.020910 0.068929 -0.081865
v 0.021430 0.070644 -0.074512
v 0.021746 0.071684 -0.067014
v 0.006506 0.066064 -0.023037
v 0.006134 0.062283 -0.016537
v 0.005703 0.057905 -0.010447
v 0.012951 0.065107 -0.023037
v 0.012209 0.061380 -0.016537
v 0.011351 0.057066 -0.010447
v 0.019271 0.063525 -0.023037
v 0.018168 0.059889 -0.016537
v 0.016891 0.055680 -0.010447
v 0.028140 0.002771 0.019095
v 0.027732 0.005516 0.019095
v 0.027059 0.008208 0.019095
v 0.025170 0.002479 0.024838
v 0.024805 0.004934 0.024838
v 0.024202 0.007342 0.024838
v 0.022978 0.002263 0.032181
v 0.022645 0.004504 0.032181
v 0.022095 0.006703 0.032181
v 0.022535 0.042160 0.000294
v 0.019909 0.037247 0.005063
v 0.017388 0.032532 0.009652
v 0.026558 0.039747 0.000294
v 0.023463 0.035115 0.005063
v 0.020493 0.030670 0.009652
v 0.030327 0.036953 0.000294
v 0.026793 0.032647 0.005063
v 0.023401 0.028514 0.009652
v 0.020015 0.037446 -0.123720
v 0.021712 0.040621 -0.121032
v 0.023638 0.044225 -0.117541
v 0.023588 0.035302 -0.123720
v 0.025588 0.038296 -0.121032
v 0.027859 0.041694 -0.117541
v 0.026936 0.032821 -0.123720
v 0.029220 0.035604 -0.121032
v 0.031812 0.038763 -0.117541
v 0.033954 0.063525 -0.081865
v 0.034800 0.065107 -0.074512
v 0.035312 0.066064 -0.067014
v 0.040017 0.059889 -0.081865
v 0.041013 0.061380 -0.074512
v 0.041616 0.062283 -0.067014
v 0.045696 0.055680 -0.081865
v 0.046833 0.057066 -0.074512
v 0.047522 0.057905 -0.067014
v 0.031293 0.058546 -0.023037
v 0.029502 0.055195 -0.016537
v 0.027428 0.051315 -0.010447
v 0.036880 0.055195 -0.023037
v 0.034769 0.052036 -0.016537
v 0.032325 0.048378 -0.010447
v 0.042114 0.051315 -0.023037
v 0.039704 0.048378 -0.016537
v 0.036913 0.044978 -0.010447
v -0.008208 -0.027059 0.019095
v -0.005516 -0.027732 0.019095
v -0.002771 -0.028140 0.019095
v -0.007342 -0.024202 0.024838
v -0.004934 -0.024805 0.024838
v -0.002479 -0.025170 0.024838
v -0.006703 -0.022095 0.032181
v -0.004504 -0.022645 0.032181
v -0.002263 -0.022978 0.032181
v 0.027670 0.051768 -0.108090
v 0.029573 0.055329 -0.102248
v 0.031302 0.058563 -0.095839
v 0.032610 0.048805 -0.108090
v 0.034854 0.052162 -0.102248
v 0.036891 0.055211 -0.095839
v 0.037238 0.045375 -0.108090
v 0.039800 0.048496 -0.102248
v 0.042126 0.051330 -0.095839
v 0.035312 0.066064 -0.051875
v 0.034800 0.065107 -0.044377
v 0.033954 0.063525 -0.037024
v 0.041616 0.062283 -0.051875
v 0.041013 0.061380 -0.044377
v 0.040017 0.059889 -0.037024
v 0.047522 0.057905 -0.051875
v 0.046833 0.057066 -0.044377
v 0.045696 0.055680 -0.037024
v 0.032821 0.026936 -0.123720
v 0.035604 0.029220 -0.121032
v 0.038763 0.031812 -0.117541
v 0.035302 0.023588 -0.123720
v 0.038296 0.025588 -0.121032
v 0.041693 0.027859 -0.117541
v 0.037446 0.020015 -0.123720
v 0.040621 0.021712 -0.121032
v 0.044225 0.023638 -0.117541
v 0.055680 0.045696 -0.081865
v 0.057066 0.046833 -0.074512
v 0.057905 0.047522 -0.067014
v 0.059889 0.040017 -0.081865
v 0.061380 0.041013 -0.074512
v 0.062283 0.041616 -0.067014
v 0.063525 0.033954 -0.081865
v 0.065107 0.034800 -0.074512
v 0.066064 0.035312 -0.067014
v 0.051315 0.042114 -0.023037
v 0.048378 0.039704 -0.016537
v 0.044978 0.036913 -0.010447
v 0.055195 0.036880 -0.023037
v 0.052036 0.034769 -0.016537
v 0.048378 0.032325 -0.010447
v 0.058546 0.031293 -0.023037
v 0.055195 0.029502 -0.016537
v 0.051315 0.027428 -0.010447
v -0.024938 -0.013329 0.019095
v -0.023510 -0.015709 0.019095
v -0.021858 -0.017939 0.019095
v -0.022305 -0.011922 0.024838
v -0.021029 -0.014051 0.024838
v -0.019550 -0.016045 0.024838
v -0.020363 -0.010884 0.032181
v -0.019198 -0.012828 0.032181
v -0.017848 -0.014648 0.032181
v 0.045375 0.037238 -0.108090
v 0.048496 0.039800 -0.102248
v 0.051330 0.042126 -0.095839
v 0.048805 0.032610 -0.108090
v 0.052162 0.034854 -0.102248
v 0.055211 0.036891 -0.095839
v 0.051768 0.027670 -0.108090
v 0.055329 0.029573 -0.102248
v 0.058563 0.031302 -0.095839
v 0.057905 0.047522 -0.051875
v 0.057066 0.046833 -0.044377
v 0.055680 0.045696 -0.037024
v 0.062283 0.041616 -0.051875
v 0.061380 0.041013 -0.044377
v 0.059889 0.040017 -0.037024
v 0.066064 0.035312 -0.051875
v 0.065107 0.034800 -0.044377
v 0.063525 0.033954 -0.037024
v 0.036953 0.030327 0.000294
v 0.032647 0.026793 0.005063
v 0.028514 0.023401 0.009652
v 0.039747 0.026558 0.000294
v 0.035115 0.023463 0.005063
v 0.030670 0.020493 0.009652
v 0.042160 0.022535 0.000294
v 0.037247 0.019909 0.005063
v 0.032532 0.017388 0.009652
v 0.021858 -0.017939 0.019095
v 0.023510 -0.015709 0.019095
v 0.024938 -0.013329 0.019095
v 0.019550 -0.016045 0.024838
v 0.021029 -0.014051 0.024838
v 0.022305 -0.011922 0.024838
v 0.017848 -0.014648 0.032181
v 0.019198 -0.012828 0.032181
v 0.020363 -0.010884 0.032181
v 0.056171 0.017040 -0.108090
v 0.060035 0.018212 -0.102248
v 0.063544 0.019276 -0.095839
v 0.057569 0.011451 -0.108090
v 0.061529 0.012239 -0.102248
v 0.065125 0.012954 -0.095839
v 0.058416 0.005753 -0.108090
v 0.062434 0.006149 -0.102248
v 0.066083 0.006508 -0.095839
v 0.071684 0.021746 -0.051875
v 0.070644 0.021430 -0.044377
v 0.068929 0.020910 -0.037024
v 0.073468 0.014614 -0.051875
v 0.072403 0.014402 -0.044377
v 0.070644 0.014052 -0.037024
v 0.074549 0.007342 -0.051875
v 0.073468 0.007235 -0.044377
v 0.071684 0.007060 -0.037024
v 0.045746 0.013877 0.000294
v 0.040415 0.012260 0.005063
v 0.035299 0.010708 0.009652
v 0.046885 0.009326 0.000294
v 0.041421 0.008239 0.005063
v 0.036178 0.007196 0.009652
v 0.047574 0.004685 0.000294
v 0.042031 0.004139 0.005063
v 0.036710 0.003615 0.009652
v 0.040630 0.012325 -0.123720
v 0.044076 0.013371 -0.121032
v 0.047986 0.014557 -0.117541
v 0.041642 0.008283 -0.123720
v 0.045173 0.008985 -0.121032
v 0.049181 0.009783 -0.117541
v 0.042254 0.004161 -0.123720
v 0.045837 0.004514 -0.121032
v 0.049904 0.004915 -0.117541
v 0.068929 0.020910 -0.081865
v 0.070644 0.021430 -0.074512
v 0.071684 0.021746 -0.067014
v 0.070644 0.014052 -0.081865
v 0.072403 0.014402 -0.074512
v 0.073468 0.014614 -0.067014
v 0.071684 0.007060 -0.081865
v 0.073468 0.007235 -0.074512
v 0.074549 0.007342 -0.067014
v 0.063525 0.019271 -0.023037
v 0.059889 0.018168 -0.016537
v 0.055680 0.016891 -0.010447
v 0.065107 0.012951 -0.023037
v 0.061380 0.012209 -0.016537
v 0.057066 0.011351 -0.010447
v 0.066064 0.006506 -0.023037
v 0.062283 0.006134 -0.016537
v 0.057905 0.005703 -0.010447
v 0.058416 -0.005753 -0.108090
v 0.062434 -0.006149 -0.102248
v 0.066083 -0.006508 -0.095839
v 0.057569 -0.011451 -0.108090
v 0.061529 -0.012239 -0.102248
v 0.065125 -0.012954 -0.095839
v 0.056171 -0.017040 -0.108090
v 0.060035 -0.018212 -0.102248
v 0.063544 -0.019276 -0.095839
v 0.074549 -0.007342 -0.051875
v 0.073468 -0.007235 -0.044377
v 0.071684 -0.007060 -0.037024
v 0.073468 -0.014614 -0.051875
v 0.072403 -0.014402 -0.044377
v 0.070644 -0.014052 -0.037024
v 0.071684 -0.021746 -0.051875
v 0.070644 -0.021430 -0.044377
v 0.068929 -0.020910 -0.037024
v 0.047574 -0.004685 0.000294
v 0.042031 -0.004139 0.005063
v 0.036710 -0.003615 0.009652
v 0.046885 -0.009326 0.000294
v 0.041421 -0.008239 0.005063
v 0.036178 -0.007196 0.009652
v 0.045746 -0.013877 0.000294
v 0.040415 -0.012260 0.005063
v 0.035299 -0.010708 0.009652
v 0.042254 -0.004161 -0.123720
v 0.045837 -0.004514 -0.121032
v 0.049904 -0.004915 -0.117541
v 0.041642 -0.008283 -0.123720
v 0.045173 -0.008985 -0.121032
v 0.049181 -0.009783 -0.117541
v 0.040630 -0.012325 -0.123720
v 0.044076 -0.013371 -0.121032
v 0.047986 -0.014557 -0.117541
v 0.071684 -0.007060 -0.081865
v 0.073468 -0.007235 -0.074512
v 0.074549 -0.007342 -0.067014
v 0.070644 -0.014052 -0.081865
v 0.072403 -0.014402 -0.074512
v 0.073468 -0.014614 -0.067014
v 0.068929 -0.020910 -0.081865
v 0.070644 -0.021430 -0.074512
v 0.071684 -0.021746 -0.067014
v 0.066064 -0.006506 -0.023037
v 0.062283 -0.006134 -0.016537
v 0.057905 -0.005703 -0.010447
v 0.065107 -0.012951 -0.023037
v 0.061380 -0.012209 -0.016537
v 0.057066 -0.011351 -0.010447
v 0.063525 -0.019271 -0.023037
v 0.059889 -0.018168 -0.016537
v 0.055680 -0.016891 -0.010447
v 0.008208 0.027059 0.019095
v 0.005516 0.027732 0.019095
v 0.002771 0.028140 0.019095
v 0.007342 0.024202 0.024838
v 0.004934 0.024805 0.024838
v 0.002479 0.025170 0.024838
v 0.006703 0.022095 0.032181
v 0.004504 0.022645 0.032181
v 0.002263 0.022978 0.032181
v 0.037446 -0.020015 -0.123720
v 0.040621 -0.021712 -0.121032
v 0.044225 -0.023638 -0.117541
v 0.035302 -0.023588 -0.123720
v 0.038296 -0.025588 -0.121032
v 0.041693 -0.027859 -0.117541
v 0.032821 -0.026936 -0.123720
v 0.035604 -0.029220 -0.121032
v 0.038763 -0.031812 -0.117541
v 0.063525 -0.033954 -0.081865
v 0.065107 -0.034800 -0.074512
v 0.066064 -0.035312 -0.067014
v 0.059889 -0.040017 -0.081865
v 0.061380 -0.041013 -0.074512
v 0.062283 -0.041616 -0.067014
v 0.055680 -0.045696 -0.081865
v 0.057066 -0.046833 -0.074512
v 0.057905 -0.047522 -0.067014
v 0.058546 -0.031293 -0.023037
v 0.055195 -0.029502 -0.016537
v 0.051315 -0.027428 -0.010447
v 0.055195 -0.036880 -0.023037
v 0.052036 -0.034769 -0.016537
v 0.048378 -0.032325 -0.010447
v 0.051315 -0.042114 -0.023037
v 0.048378 -0.039703 -0.016537
v 0.044978 -0.036913 -0.010447
v 0.002771 -0.028140 0.019095
v 0.005516 -0.027732 0.019095
v 0.008208 -0.027059 0.019095
v 0.002479 -0.025170 0.024838
v 0.004934 -0.024805 0.024838
v 0.007342 -0.024202 0.024838
v 0.002263 -0.022978 0.032181
v 0.004504 -0.022645 0.032181
v 0.006703 -0.022095 0.032181
v 0.051768 -0.027670 -0.108090
v 0.055329 -0.029573 -0.102248
v 0.058562 -0.031302 -0.095839
v 0.048805 -0.032610 -0.108090
v 0.052162 -0.034854 -0.102248
v 0.055211 -0.036891 -0.095839
v 0.045374 -0.037238 -0.108090
v 0.048496 -0.039800 -0.102248
v 0.051330 -0.042126 -0.095839
v 0.066064 -0.035312 -0.051875
v 0.065107 -0.034800 -0.044377
v 0.063525 -0.033954 -0.037024
v 0.062283 -0.041616 -0.051875
v 0.061380 -0.041013 -0.044377
v 0.059889 -0.040017 -0.037024
v 0.057905 -0.047522 -0.051875
v 0.057066 -0.046833 -0.044377
v 0.055680 -0.045696 -0.037024
v 0.042160 -0.022534 0.000294
v 0.037247 -0.019909 0.005063
v 0.032532 -0.017388 0.009652
v 0.039747 -0.026558 0.000294
v 0.035115 -0.023463 0.005063
v 0.030670 -0.020493 0.009652
v 0.036953 -0.030327 0.000294
v 0.032647 -0.026793 0.005063
v 0.028514 -0.023401 0.009652
v 0.045696 -0.055680 -0.081865
v 0.046833 -0.057066 -0.074512
v 0.047522 -0.057905 -0.067014
v 0.040017 -0.059889 -0.081865
v 0.041013 -0.061380 -0.074512
v 0.041616 -0.062283 -0.067014
v 0.033954 -0.063525 -0.081865
v 0.034800 -0.065107 -0.074512
v 0.035311 -0.066064 -0.067014
v 0.042114 -0.051315 -0.023037
v 0.039703 -0.048378 -0.016537
v 0.036913 -0.044978 -0.010447
v 0.036880 -0.055195 -0.023037
v 0.034769 -0.052036 -0.016537
v 0.032325 -0.048378 -0.010447
v 0.031293 -0.058546 -0.023037
v 0.029502 -0.055195 -0.016537
v 0.027428 -0.051315 -0.010447
v -0.017939 -0.021858 0.019095
v -0.015709 -0.023510 0.019095
v -0.013329 -0.024938 0.019095
v -0.016045 -0.019550 0.024838
v -0.014051 -0.021029 0.024838
v -0.011922 -0.022305 0.024838
v -0.014648 -0.017848 0.032181
v -0.012828 -0.019198 0.032181
v -0.010884 -0.020363 0.032181
v 0.037238 -0.045374 -0.108090
v 0.039800 -0.048496 -0.102248
v 0.042126 -0.051330 -0.095839
v 0.032610 -0.048805 -0.108090
v 0.034854 -0.052162 -0.102248
v 0.036890 -0.055211 -0.095839
v 0.027670 -0.051768 -0.108090
v 0.029573 -0.055329 -0.102248
v 0.031302 -0.058562 -0.095839
v 0.047522 -0.057905 -0.051875
v 0.046833 -0.057066 -0.044377
v 0.045696 -0.055680 -0.037024
v 0.041616 -0.062283 -0.051875
v 0.041013 -0.061380 -0.044377
v 0.040017 -0.059889 -0.037024
v 0.035311 -0.066064 -0.051875
v 0.034800 -0.065107 -0.044377
v 0.033954 -0.063525 -0.037024
v 0.030327 -0.036953 0.000294
v 0.026793 -0.032647 0.005063
v 0.023401 -0.028514 0.009652
v 0.026558 -0.039747 0.000294
v 0.023463 -0.035115 0.005063
v 0.020493 -0.030670 0.009652
v 0.022534 -0.042160 0.000294
v 0.019909 -0.037247 0.005063
v 0.017388 -0.032532 0.009652
v 0.026936 -0.032821 -0.123720
v 0.029220 -0.035604 -0.121032
v 0.031812 -0.038763 -0.117541
v 0.023588 -0.035302 -0.123720
v 0.025588 -0.038296 -0.121032
v 0.027859 -0.041693 -0.117541
v 0.020015 -0.037445 -0.123720
v 0.021712 -0.040621 -0.121032
v 0.023638 -0.044225 -0.117541
v 0.017040 -0.056171 -0.108090
v 0.018212 -0.060035 -0.102248
v 0.019276 -0.063544 -0.095839
v 0.011451 -0.057569 -0.108090
v 0.012239 -0.061529 -0.102248
v 0.012954 -0.065125 -0.095839
v 0.005753 -0.058416 -0.108090
v 0.006149 -0.062434 -0.102248
v 0.006508 -0.066083 -0.095839
v 0.021746 -0.071684 -0.051875
v 0.021430 -0.070644 -0.044377
v 0.020910 -0.068929 -0.037024
v 0.014614 -0.073468 -0.051875
v 0.014402 -0.072403 -0.044377
v 0.014052 -0.070644 -0.037024
v 0.007342 -0.074549 -0.051875
v 0.007235 -0.073468 -0.044377
v 0.007060 -0.071684 -0.037024
v 0.013877 -0.045746 0.000294
v 0.012260 -0.040415 0.005063
v 0.010708 -0.035299 0.009652
v 0.009326 -0.046884 0.000294
v 0.008239 -0.041421 0.005063
v 0.007196 -0.036178 0.009652
v 0.004685 -0.047574 0.000294
v 0.004139 -0.042031 0.005063
v 0.003615 -0.036710 0.009652
v 0.012325 -0.040630 -0.123720
v 0.013371 -0.044076 -0.121032
v 0.014557 -0.047986 -0.117541
v 0.008283 -0.041642 -0.123720
v 0.008985 -0.045173 -0.121032
v 0.009783 -0.049181 -0.117541
v 0.004161 -0.042254 -0.123720
v 0.004514 -0.045837 -0.121032
v 0.004915 -0.049904 -0.117541
v 0.020910 -0.068929 -0.081865
v 0.021430 -0.070644 -0.074512
v 0.021746 -0.071684 -0.067014
v 0.014052 -0.070644 -0.081865
v 0.014402 -0.072403 -0.074512
v 0.014614 -0.073468 -0.067014
v 0.007060 -0.071684 -0.081865
v 0.007235 -0.073468 -0.074512
v 0.007342 -0.074549 -0.067014
v 0.019271 -0.063525 -0.023037
v 0.018168 -0.059889 -0.016537
v 0.016891 -0.055680 -0.010447
v 0.012950 -0.065107 -0.023037
v 0.012209 -0.061380 -0.016537
v 0.011351 -0.057066 -0.010447
v 0.006506 -0.066064 -0.023037
v 0.006134 -0.062283 -0.016537
v 0.005703 -0.057905 -0.010447
v -0.028140 -0.002771 0.019095
v -0.027732 -0.005516 0.019095
v -0.027059 -0.008208 0.019095
v -0.025170 -0.002479 0.024838
v -0.024805 -0.004934 0.024838
v -0.024202 -0.007342 0.024838
v -0.022978 -0.002263 0.032181
v -0.022645 -0.004504 0.032181
v -0.022095 -0.006703 0.032181
v -0.007342 -0.074549 -0.051875
v -0.007235 -0.073468 -0.044377
v -0.007060 -0.071684 -0.037024
v -0.014614 -0.073468 -0.051875
v -0.014402 -0.072403 -0.044377
v -0.014052 -0.070644 -0.037024
v -0.021746 -0.071684 -0.051875
v -0.021430 -0.070644 -0.044377
v -0.020910 -0.068929 -0.037024
v -0.004685 -0.047574 0.000294
v -0.004139 -0.042031 0.005063
v -0.003615 -0.036710 0.009652
v -0.009326 -0.046884 0.000294
v -0.008239 -0.041421 0.005063
v -0.007196 -0.036178 0.009652
v -0.013877 -0.045746 0.000294
v -0.012260 -0.040415 0.005063
v -0.010708 -0.035299 0.009652
v -0.004161 -0.042254 -0.123720
v -0.004514 -0.045837 -0.121032
v -0.004915 -0.049904 -0.117541
v -0.008283 -0.041642 -0.123720
v -0.008985 -0.045173 -0.121032
v -0.009783 -0.049181 -0.117541
v -0.012325 -0.040630 -0.123720
v -0.013371 -0.044076 -0.121032
v -0.014557 -0.047986 -0.117541
v -0.007060 -0.071684 -0.081865
v -0.007235 -0.073468 -0.074512
v -0.007342 -0.074549 -0.067014
v -0.014052 -0.070644 -0.081865
v -0.014402 -0.072403 -0.074512
v -0.014614 -0.073468 -0.067014
v -0.020910 -0.068929 -0.081865
v -0.021430 -0.070644 -0.074512
v -0.021746 -0.071684 -0.067014
v -0.006506 -0.066064 -0.023037
v -0.006134 -0.062283 -0.016537
v -0.005703 -0.057905 -0.010447
v -0.012951 -0.065107 -0.023037
v -0.012209 -0.061380 -0.016537
v -0.011351 -0.057066 -0.010447
v -0.019271 -0.063525 -0.023037
v -0.018168 -0.059889 -0.016537
v -0.016891 -0.055680 -0.010447
v -0.002771 0.028140 0.019095
v -0.005516 0.027732 0.019095
v -0.008208 0.027059 0.019095
v -0.002479 0.025170 0.024838
v -0.004934 0.024805 0.024838
v -0.007342 0.024202 0.024838
v -0.002263 0.022978 0.032181
v -0.004504 0.022645 0.032181
v -0.006703 0.022095 0.032181
v -0.005753 -0.058416 -0.108090
v -0.006149 -0.062434 -0.102248
v -0.006508 -0.066083 -0.095839
v -0.011451 -0.057569 -0.108090
v -0.012239 -0.061529 -0.102248
v -0.012954 -0.065125 -0.095839
v -0.017040 -0.056171 -0.108090
v -0.018212 -0.060035 -0.102248
v -0.019276 -0.063544 -0.095839
v -0.020015 -0.037445 -0.123720
v -0.021712 -0.040621 -0.121032
v -0.023638 -0.044225 -0.117541
v -0.023588 -0.035302 -0.123720
v -0.025588 -0.038296 -0.121032
v -0.027859 -0.041693 -0.117541
v -0.026936 -0.032821 -0.123720
v -0.029220 -0.035604 -0.121032
v -0.031812 -0.038763 -0.117541
v -0.033954 -0.063525 -0.081865
v -0.034800 -0.065107 -0.074512
v -0.035312 -0.066064 -0.067014
v -0.040017 -0.059889 -0.081865
v -0.041013 -0.061380 -0.074512
v -0.041616 -0.062283 -0.067014
v -0.045696 -0.055680 -0.081865
v -0.046833 -0.057066 -0.074512
v -0.047522 -0.057905 -0.067014
v -0.031293 -0.058546 -0.023037
v -0.029502 -0.055195 -0.016537
v -0.027428 -0.051315 -0.010447
v -0.036880 -0.055195 -0.023037
v -0.034769 -0.052036 -0.016537
v -0.032325 -0.048378 -0.010447
v -0.042114 -0.051315 -0.023037
v -0.039704 -0.048378 -0.016537
v -0.036913 -0.044978 -0.010447
v -0.021858 0.017939 0.019095
v -0.023510 0.015709 0.019095
v -0.024938 0.013329 0.019095
v -0.019550 0.016045 0.024838
v -0.021029 0.014051 0.024838
v -0.022305 0.011922 0.024838
v -0.017848 0.014648 0.032181
v -0.019198 0.012828 0.032181
v -0.020363 0.010884 0.032181
v -0.027670 -0.051768 -0.108090
v -0.029573 -0.055329 -0.102248
v -0.031302 -0.058562 -0.095839
v -0.032610 -0.048805 -0.108090
v -0.034854 -0.052162 -0.102248
v -0.036891 -0.055211 -0.095839
v -0.037239 -0.045374 -0.108090
v -0.039800 -0.048496 -0.102248
v -0.042126 -0.051330 -0.095839
v -0.035312 -0.066064 -0.051875
v -0.034800 -0.065107 -0.044377
v -0.033954 -0.063525 -0.037024
v -0.041616 -0.062283 -0.051875
v -0.041013 -0.061380 -0.044377
v -0.040017 -0.059889 -0.037024
v -0.047522 -0.057905 -0.051875
v -0.046833 -0.057066 -0.044377
v -0.045696 -0.055680 -0.037024
v -0.022535 -0.042160 0.000294
v -0.019909 -0.037247 0.005063
v -0.017388 -0.032532 0.009652
v -0.026558 -0.039747 0.000294
v -0.023463 -0.035115 0.005063
v -0.020493 -0.030670 0.009652
v -0.030327 -0.036953 0.000294
v -0.026793 -0.032647 0.005063
v -0.023401 -0.028514 0.009652
v -0.051315 -0.042114 -0.023037
v -0.048378 -0.039703 -0.016537
v -0.044978 -0.036913 -0.010447
v -0.055195 -0.036880 -0.023037
v -0.052036 -0.034769 -0.016537
v -0.048378 -0.032325 -0.010447
v -0.058546 -0.031293 -0.023037
v -0.055195 -0.029502 -0.016537
v -0.051315 -0.027428 -0.010447
v -0.027059 0.008208 0.019095
v -0.027732 0.005516 0.019095
v -0.028140 0.002771 0.019095
v -0.024202 0.007342 0.024838
v -0.024805 0.004934 0.024838
v -0.025170 0.002479 0.024838
v -0.022095 0.006703 0.032181
v -0.022645 0.004504 0.032181
v -0.022978 0.002263 0.032181
v -0.045375 -0.037238 -0.108090
v -0.048496 -0.039800 -0.102248
v -0.051330 -0.042126 -0.095839
v -0.048805 -0.032610 -0.108090
v -0.052162 -0.034854 -0.102248
v -0.055211 -0.036890 -0.095839
v -0.051768 -0.027670 -0.108090
v -0.055329 -0.029573 -0.102248
v -0.058563 -0.031302 -0.095839
v -0.057905 -0.047522 -0.051875
v -0.057066 -0.046833 -0.044377
v -0.055680 -0.045696 -0.037024
v -0.062283 -0.041616 -0.051875
v -0.061380 -0.041013 -0.044377
v -0.059889 -0.040017 -0.037024
v -0.066064 -0.035311 -0.051875
v -0.065107 -0.034800 -0.044377
v -0.063525 -0.033954 -0.037024
v -0.036953 -0.030327 0.000294
v -0.032647 -0.026793 0.005063
v -0.028514 -0.023401 0.009652
v -0.039747 -0.026558 0.000294
v -0.035115 -0.023463 0.005063
v -0.030670 -0.020493 0.009652
v -0.042160 -0.022534 0.000294
v -0.037247 -0.019909 0.005063
v -0.032532 -0.017388 0.009652
v -0.032821 -0.026936 -0.123720
v -0.035604 -0.029220 -0.121032
v -0.038763 -0.031812 -0.117541
v -0.035302 -0.023588 -0.123720
v -0.038296 -0.025588 -0.121032
v -0.041693 -0.027859 -0.117541
v -0.037446 -0.020015 -0.123720
v -0.040621 -0.021712 -0.121032
v -0.044225 -0.023638 -0.117541
v -0.055680 -0.045696 -0.081865
v -0.057066 -0.046833 -0.074512
v -0.057905 -0.047522 -0.067014
v -0.059889 -0.040017 -0.081865
v -0.061380 -0.041013 -0.074512
v -0.062283 -0.041616 -0.067014
v -0.063525 -0.033954 -0.081865
v -0.065107 -0.034800 -0.074512
v -0.066064 -0.035311 -0.067014
v -0.056171 -0.017040 -0.108090
v -0.060035 -0.018212 -0.102248
v -0.063544 -0.019276 -0.095839
v -0.057569 -0.011451 -0.108090
v -0.061529 -0.012239 -0.102248
v -0.065125 -0.012954 -0.095839
v -0.058416 -0.005753 -0.108090
v -0.062434 -0.006149 -0.102248
v -0.066083 -0.006508 -0.095839
v -0.071684 -0.021746 -0.051875
v -0.070644 -0.021430 -0.044377
v -0.068929 -0.020910 -0.037024
v -0.073468 -0.014614 -0.051875
v -0.072403 -0.014402 -0.044377
v -0.070644 -0.014052 -0.037024
v -0.074549 -0.007342 -0.051875
v -0.073468 -0.007235 -0.044377
v -0.071684 -0.007060 -0.037024
v -0.045746 -0.013877 0.000294
v -0.040415 -0.012260 0.005063
v -0.035299 -0.010708 0.009652
v -0.046885 -0.009326 0.000294
v -0.041421 -0.008239 0.005063
v -0.036178 -0.007196 0.009652
v -0.047574 -0.004685 0.000294
v -0.042031 -0.004139 0.005063
v -0.036710 -0.003615 0.009652
v -0.040630 -0.012325 -0.123720
v -0.044076 -0.013371 -0.121032
v -0.047986 -0.014557 -0.117541
v -0.041642 -0.008283 -0.123720
v -0.045173 -0.008985 -0.121032
v -0.049181 -0.009783 -0.117541
v -0.042254 -0.004161 -0.123720
v -0.045837 -0.004514 -0.121032
v -0.049904 -0.004915 -0.117541
v -0.068929 -0.020910 -0.081865
v -0.070644 -0.021430 -0.074512
v -0.071684 -0.021746 -0.067014
v -0.070644 -0.014052 -0.081865
v -0.072403 -0.014402 -0.074512
v -0.073468 -0.014614 -0.067014
v -0.071684 -0.007060 -0.081865
v -0.073468 -0.007235 -0.074512
v -0.074549 -0.007342 -0.067014
v -0.063525 -0.019271 -0.023037
v -0.059889 -0.018168 -0.016537
v -0.055680 -0.016891 -0.010447
v -0.065107 -0.012950 -0.023037
v -0.061380 -0.012209 -0.016537
v -0.057066 -0.011351 -0.010447
v -0.066064 -0.006506 -0.023037
v -0.062283 -0.006134 -0.016537
v -0.057905 -0.005703 -0.010447
v -0.013329 0.024938 0.019095
v -0.015709 0.023510 0.019095
v -0.017939 0.021858 0.019095
v -0.011922 0.022305 0.024838
v -0.014051 0.021029 0.024838
v -0.016045 0.019550 0.024838
v -0.010884 0.020363 0.032181
v -0.012828 0.019198 0.032181
v -0.014648 0.017848 0.032181
v -0.047574 0.004685 0.000294
v -0.042031 0.004139 0.005063
v -0.036710 0.003615 0.009652
v -0.046884 0.009326 0.000294
v -0.041421 0.008239 0.005063
v -0.036178 0.007196 0.009652
v -0.045746 0.013877 0.000294
v -0.040415 0.012260 0.005063
v -0.035299 0.010708 0.009652
v -0.042254 0.004161 -0.123720
v -0.045837 0.004514 -0.121032
v -0.049904 0.004915 -0.117541
v -0.041642 0.008283 -0.123720
v -0.045173 0.008985 -0.121032
v -0.049181 0.009783 -0.117541
v -0.040630 0.012325 -0.123720
v -0.044076 0.013371 -0.121032
v -0.047986 0.014557 -0.117541
v -0.071684 0.007060 -0.081865
v -0.073468 0.007235 -0.074512
v -0.074549 0.007342 -0.067014
v -0.070644 0.014052 -0.081865
v -0.072403 0.014402 -0.074512
v -0.073468 0.014614 -0.067014
v -0.068929 0.020910 -0.081865
v -0.070644 0.021430 -0.074512
v -0.071684 0.021746 -0.067014
v -0.066064 0.006506 -0.023037
v -0.062283 0.006134 -0.016537
v -0.057905 0.005703 -0.010447
v -0.065107 0.012951 -0.023037
v -0.061380 0.012209 -0.016537
v -0.057066 0.011351 -0.010447
v -0.063525 0.019271 -0.023037
v -0.059889 0.018168 -0.016537
v -0.055680 0.016891 -0.010447
v 0.024938 0.013329 0.019095
v 0.023510 0.015709 0.019095
v 0.021858 0.017939 0.019095
v 0.022305 0.011922 0.024838
v 0.021029 0.014051 0.024838
v 0.019550 0.016045 0.024838
v 0.020363 0.010884 0.032181
v 0.019198 0.012828 0.032181
v 0.017848 0.014648 0.032181
v -0.058416 0.005753 -0.108090
v -0.062434 0.006149 -0.102248
v -0.066083 0.006508 -0.095839
v -0.057569 0.011451 -0.108090
v -0.061529 0.012239 -0.102248
v -0.065125 0.012954 -0.095839
v -0.056171 0.017040 -0.108090
v -0.060035 0.018212 -0.102248
v -0.063544 0.019276 -0.095839
v -0.074549 0.007342 -0.051875
v -0.073468 0.007235 -0.044377
v -0.071684 0.007060 -0.037024
v -0.073468 0.014614 -0.051875
v -0.072403 0.014402 -0.044377
v -0.070644 0.014052 -0.037024
v -0.071684 0.021746 -0.051875
v -0.070644 0.021430 -0.044377
v -0.068929 0.020910 -0.037024
v -0.037445 0.020015 -0.123720
v -0.040621 0.021712 -0.121032
v -0.044225 0.023638 -0.117541
v -0.035302 0.023588 -0.123720
v -0.038296 0.025588 -0.121032
v -0.041693 0.027859 -0.117541
v -0.032821 0.026936 -0.123720
v -0.035604 0.029220 -0.121032
v -0.038763 0.031812 -0.117541
v -0.063525 0.033954 -0.081865
v -0.065107 0.034800 -0.074512
v -0.066064 0.035312 -0.067014
v -0.059889 0.040017 -0.081865
v -0.061380 0.041013 -0.074512
v -0.062283 0.041616 -0.067014
v -0.055680 0.045696 -0.081865
v -0.057066 0.046834 -0.074512
v -0.057905 0.047522 -0.067014
v -0.058546 0.031293 -0.023037
v -0.055195 0.029502 -0.016537
v -0.051315 0.027428 -0.010447
v -0.055195 0.036880 -0.023037
v -0.052036 0.034769 -0.016537
v -0.048378 0.032325 -0.010447
v -0.051315 0.042114 -0.023037
v -0.048378 0.039704 -0.016537
v -0.044978 0.036913 -0.010447
v 0.027059 -0.008208 0.019095
v 0.027732 -0.005516 0.019095
v 0.028140 -0.002771 0.019095
v 0.024202 -0.007342 0.024838
v 0.024805 -0.004934 0.024838
v 0.025170 -0.002479 0.024838
v 0.022095 -0.006703 0.032181
v 0.022645 -0.004504 0.032181
v 0.022978 -0.002263 0.032181
v -0.051768 0.027670 -0.108090
v -0.055329 0.029573 -0.102248
v -0.058562 0.031302 -0.095839
v -0.048805 0.032610 -0.108090
v -0.052162 0.034854 -0.102248
v -0.055211 0.036891 -0.095839
v -0.045374 0.037239 -0.108090
v -0.048496 0.039800 -0.102248
v -0.051330 0.042126 -0.095839
v -0.066064 0.035312 -0.051875
v -0.065107 0.034800 -0.044377
v -0.063525 0.033954 -0.037024
v -0.062283 0.041616 -0.051875
v -0.061380 0.041013 -0.044377
v -0.059889 0.040017 -0.037024
v -0.057905 0.047522 -0.051875
v -0.057066 0.046834 -0.044377
v -0.055680 0.045696 -0.037024
v -0.042160 0.022535 0.000294
v -0.037247 0.019909 0.005063
v -0.032532 0.017388 0.009652
v -0.039747 0.026558 0.000294
v -0.035115 0.023463 0.005063
v -0.030670 0.020493 0.009652
v -0.036953 0.030327 0.000294
v -0.032647 0.026793 0.005063
v -0.028514 0.023401 0.009652
v 0.017939 0.021858 0.019095
v 0.015709 0.023510 0.019095
v 0.013329 0.024938 0.019095
v 0.016045 0.019550 0.024838
v 0.014051 0.021029 0.024838
v 0.011922 0.022305 0.024838
v 0.014648 0.017848 0.032181
v 0.012828 0.019198 0.032181
v 0.010884 0.020363 0.032181
v -0.037238 0.045375 -0.108090
v -0.039800 0.048496 -0.102248
v -0.042126 0.051330 -0.095839
v -0.032610 0.048805 -0.108090
v -0.034854 0.052162 -0.102248
v -0.036890 0.055211 -0.095839
v -0.027670 0.051768 -0.108090
v -0.029573 0.055329 -0.102248
v -0.031302 0.058563 -0.095839
v -0.047522 0.057905 -0.051875
v -0.046833 0.057066 -0.044377
v -0.045696 0.055680 -0.037024
v -0.041616 0.062283 -0.051875
v -0.041013 0.061380 -0.044377
v -0.040017 0.059889 -0.037024
v -0.035311 0.066064 -0.051875
v -0.034800 0.065107 -0.044377
v -0.033954 0.063525 -0.037024
v -0.030327 0.036953 0.000294
v -0.026793 0.032647 0.005063
v -0.023401 0.028514 0.009652
v -0.026558 0.039747 0.000294
v -0.023463 0.035115 0.005063
v -0.020493 0.030670 0.009652
v -0.022534 0.042160 0.000294
v -0.019909 0.037247 0.005063
v -0.017388 0.032532 0.009652
v -0.026936 0.032821 -0.123720
v -0.029220 0.035604 -0.121032
v -0.031812 0.038763 -0.117541
v -0.023588 0.035302 -0.123720
v -0.025588 0.038296 -0.121032
v -0.027859 0.041694 -0.117541
v -0.020015 0.037446 -0.123720
v -0.021712 0.040621 -0.121032
v -0.023638 0.044225 -0.117541
v -0.045696 0.055680 -0.081865
v -0.046833 0.057066 -0.074512
v -0.047522 0.057905 -0.067014
v -0.040017 0.059889 -0.081865
v -0.041013 0.061380 -0.074512
v -0.041616 0.062283 -0.067014
v -0.033954 0.063525 -0.081865
v -0.034800 0.065107 -0.074512
v -0.035311 0.066064 -0.067014
v -0.042114 0.051315 -0.023037
v -0.039703 0.048378 -0.016537
v -0.036913 0.044978 -0.010447
v -0.036880 0.055195 -0.023037
v -0.034769 0.052036 -0.016537
v -0.032325 0.048378 -0.010447
v -0.031293 0.058546 -0.023037
v -0.029502 0.055195 -0.016537
v -0.027428 0.051315 -0.010447
v -0.017040 0.056171 -0.108090
v -0.018212 0.060035 -0.102248
v -0.019276 0.063544 -0.095839
v -0.011451 0.057569 -0.108090
v -0.012239 0.061529 -0.102248
v -0.012954 0.065125 -0.095839
v -0.005753 0.058416 -0.108090
v -0.006149 0.062434 -0.102248
v -0.006508 0.066083 -0.095839
v -0.021746 0.071684 -0.051875
v -0.021430 0.070644 -0.044377
v -0.020910 0.068929 -0.037024
v -0.014614 0.073468 -0.051875
v -0.014402 0.072403 -0.044377
v -0.014052 0.070644 -0.037024
v -0.007342 0.074549 -0.051875
v -0.007235 0.073468 -0.044377
v -0.007060 0.071684 -0.037024
v -0.013877 0.045746 0.000294
v -0.012260 0.040415 0.005063
v -0.010708 0.035299 0.009652
v -0.009326 0.046885 0.000294
v -0.008239 0.041421 0.005063
v -0.007196 0.036178 0.009652
v -0.004685 0.047574 0.000294
v -0.004139 0.042031 0.005063
v -0.003615 0.036710 0.009652
v -0.012325 0.040630 -0.123720
v -0.013371 0.044076 -0.121032
v -0.014557 0.047986 -0.117541
v -0.008283 0.041642 -0.123720
v -0.008985 0.045173 -0.121032
v -0.009783 0.049181 -0.117541
v -0.004161 0.042254 -0.123720
v -0.004514 0.045837 -0.121032
v -0.004915 0.049904 -0.117541
v -0.020910 0.068929 -0.081865
v -0.021430 0.070644 -0.074512
v -0.021746 0.071684 -0.067014
v -0.014052 0.070644 -0.081865
v -0.014402 0.072403 -0.074512
v -0.014614 0.073468 -0.067014
v -0.007060 0.071684 -0.081865
v -0.007235 0.073468 -0.074512
v -0.007342 0.074549 -0.067014
v -0.019271 0.063525 -0.023037
v -0.018168 0.059889 -0.016537
v -0.016891 0.055680 -0.010447
v -0.012950 0.065107 -0.023037
v -0.012209 0.061380 -0.016537
v -0.011351 0.057066 -0.010447
v -0.006506 0.066064 -0.023037
v -0.006134 0.062283 -0.016537
v -0.005703 0.057905 -0.010447
v 0.013329 -0.024938 0.019095
v 0.015709 -0.023510 0.019095
v 0.017939 -0.021858 0.019095
v 0.011922 -0.022305 0.024838
v 0.014051 -0.021029 0.024838
v 0.016045 -0.019550 0.024838
v 0.010884 -0.020363 0.032181
v 0.012828 -0.019198 0.032181
v 0.014648 -0.017848 0.032181
v 0.033158 -0.017718 -0.126798
v 0.031244 -0.020876 -0.126798
v 0.029058 -0.023853 -0.126798
v 0.031366 -0.016728 -0.127401
v 0.029443 -0.019673 -0.127401
v 0.027458 -0.022577 -0.127401
v 0.028735 -0.015185 -0.127623
v 0.026611 -0.017781 -0.127623
v 0.025025 -0.020737 -0.127623
v -0.037414 0.003681 -0.126798
v -0.036855 0.007331 -0.126798
v -0.035975 0.010917 -0.126798
v -0.035380 0.003452 -0.127401
v -0.034731 0.006908 -0.127401
v -0.034007 0.010351 -0.127401
v -0.032359 0.003032 -0.127623
v -0.031390 0.006244 -0.127623
v -0.031056 0.009582 -0.127623
v 0.037414 -0.003681 -0.126798
v 0.036855 -0.007331 -0.126798
v 0.035975 -0.010917 -0.126798
v 0.035380 -0.003451 -0.127401
v 0.034731 -0.006908 -0.127401
v 0.034007 -0.010350 -0.127401
v 0.032359 -0.003032 -0.127623
v 0.031390 -0.006244 -0.127623
v 0.031056 -0.009582 -0.127623
v -0.035975 -0.010917 -0.126798
v -0.036855 -0.007331 -0.126798
v -0.037414 -0.003681 -0.126798
v -0.034007 -0.010350 -0.127401
v -0.034731 -0.006908 -0.127401
v -0.035380 -0.003451 -0.127401
v -0.031056 -0.009582 -0.127623
v -0.031390 -0.006244 -0.127623
v -0.032359 -0.003032 -0.127623
v 0.035975 0.010917 -0.126798
v 0.036855 0.007331 -0.126798
v 0.037414 0.003681 -0.126798
v 0.034007 0.010351 -0.127401
v 0.034731 0.006908 -0.127401
v 0.035380 0.003451 -0.127401
v 0.031056 0.009582 -0.127623
v 0.031390 0.006244 -0.127623
v 0.032359 0.003032 -0.127623
v -0.029058 -0.023853 -0.126798
v -0.031244 -0.020876 -0.126798
v -0.033158 -0.017718 -0.126798
v -0.027458 -0.022577 -0.127401
v -0.029443 -0.019673 -0.127401
v -0.031366 -0.016728 -0.127401
v -0.025025 -0.020737 -0.127623
v -0.026611 -0.017781 -0.127623
v -0.028735 -0.015185 -0.127623
v 0.029058 0.023853 -0.126798
v 0.031244 0.020876 -0.126798
v 0.033158 0.017718 -0.126798
v 0.027458 0.022577 -0.127401
v 0.029443 0.019673 -0.127401
v 0.031366 0.016728 -0.127401
v 0.025025 0.020737 -0.127623
v 0.026611 0.017781 -0.127623
v 0.028735 0.015185 -0.127623
v -0.017718 -0.033158 -0.126798
v -0.020876 -0.031244 -0.126798
v -0.023853 -0.029058 -0.126798
v -0.016728 -0.031366 -0.127401
v -0.019673 -0.029443 -0.127401
v -0.022577 -0.027458 -0.127401
v -0.015185 -0.028735 -0.127623
v -0.017781 -0.026611 -0.127623
v -0.020737 -0.025025 -0.127623
v 0.017718 0.033158 -0.126798
v 0.020876 0.031244 -0.126798
v 0.023853 0.029058 -0.126798
v 0.016728 0.031366 -0.127401
v 0.019673 0.029443 -0.127401
v 0.022577 0.027458 -0.127401
v 0.015185 0.028735 -0.127623
v 0.017781 0.026611 -0.127623
v 0.020737 0.025025 -0.127623
v -0.003681 -0.037414 -0.126798
v -0.007331 -0.036855 -0.126798
v -0.010917 -0.035975 -0.126798
v -0.003451 -0.035380 -0.127401
v -0.006908 -0.034731 -0.127401
v -0.010351 -0.034007 -0.127401
v -0.003032 -0.032359 -0.127623
v -0.006244 -0.031390 -0.127623
v -0.009582 -0.031056 -0.127623
v -0.010917 0.035975 -0.126798
v -0.007331 0.036855 -0.126798
v -0.003681 0.037414 -0.126798
v -0.010350 0.034007 -0.127401
v -0.006908 0.034731 -0.127401
v -0.003451 0.035380 -0.127401
v -0.009582 0.031056 -0.127623
v -0.006244 0.031390 -0.127623
v -0.003032 0.032359 -0.127623
v 0.003681 0.037414 -0.126798
v 0.007331 0.036855 -0.126798
v 0.010917 0.035975 -0.126798
v 0.003451 0.035380 -0.127401
v 0.006908 0.034731 -0.127401
v 0.010350 0.034007 -0.127401
v 0.003032 0.032359 -0.127623
v 0.006244 0.031390 -0.127623
v 0.009582 0.031056 -0.127623
v 0.010917 -0.035975 -0.126798
v 0.007331 -0.036855 -0.126798
v 0.003681 -0.037414 -0.126798
v 0.010350 -0.034007 -0.127401
v 0.006908 -0.034731 -0.127401
v 0.003451 -0.035380 -0.127401
v 0.009582 -0.031056 -0.127623
v 0.006244 -0.031390 -0.127623
v 0.003032 -0.032359 -0.127623
v -0.023853 0.029058 -0.126798
v -0.020876 0.031244 -0.126798
v -0.017718 0.033158 -0.126798
v -0.022577 0.027458 -0.127401
v -0.019673 0.029443 -0.127401
v -0.016728 0.031366 -0.127401
v -0.020737 0.025025 -0.127623
v -0.017781 0.026611 -0.127623
v -0.015185 0.028735 -0.127623
v 0.023853 -0.029058 -0.126798
v 0.020876 -0.031244 -0.126798
v 0.017718 -0.033158 -0.126798
v 0.022577 -0.027458 -0.127401
v 0.019673 -0.029443 -0.127401
v 0.016728 -0.031366 -0.127401
v 0.020737 -0.025025 -0.127623
v 0.017781 -0.026611 -0.127623
v 0.015185 -0.028735 -0.127623
v -0.033158 0.017718 -0.126798
v -0.031244 0.020876 -0.126798
v -0.029058 0.023853 -0.126798
v -0.031366 0.016728 -0.127401
v -0.029443 0.019673 -0.127401
v -0.027458 0.022577 -0.127401
v -0.028735 0.015185 -0.127623
v -0.026611 0.017781 -0.127623
v -0.025025 0.020737 -0.127623
v -0.000000 0.000000 -0.127654
v -0.008308 0.020058 -0.127654
v -0.003442 0.017302 -0.127654
v 0.000000 0.021710 -0.127654
v 0.003442 0.017302 -0.127654
v 0.008308 0.020058 -0.127654
v 0.009801 0.014668 -0.127654
v 0.015351 0.015351 -0.127654
v 0.014668 0.009801 -0.127654
v 0.020058 0.008308 -0.127654
v 0.017302 0.003442 -0.127654
v 0.021710 0.000000 -0.127654
v 0.017302 -0.003442 -0.127654
v 0.020058 -0.008308 -0.127654
v 0.014668 -0.009801 -0.127654
v 0.015351 -0.015351 -0.127654
v 0.009801 -0.014668 -0.127654
v 0.008308 -0.020058 -0.127654
v 0.003442 -0.017302 -0.127654
v -0.000000 -0.021710 -0.127654
v -0.003442 -0.017302 -0.127654
v -0.008308 -0.020058 -0.127654
v -0.009801 -0.014668 -0.127654
v -0.015351 -0.015351 -0.127654
v -0.014668 -0.009801 -0.127654
v -0.020058 -0.008308 -0.127654
v -0.017302 -0.003442 -0.127654
v -0.021710 0.000000 -0.127654
v -0.017302 0.003442 -0.127654
v -0.020058 0.008308 -0.127654
v -0.014668 0.009801 -0.127654
v -0.015351 0.015351 -0.127654
v -0.009801 0.014668 -0.127654
v 0.002083 -0.021150 0.104971
v 0.004146 -0.020844 0.104971
v 0.006169 -0.020337 0.104971
v 0.002154 -0.021875 0.104999
v 0.004288 -0.021558 0.104999
v 0.006381 -0.021034 0.104999
v 0.002226 -0.022600 0.105217
v 0.004430 -0.022273 0.105217
v 0.006592 -0.021732 0.105217
v 0.021079 -0.002076 0.113666
v 0.020774 -0.004132 0.113666
v 0.020269 -0.006149 0.113666
v 0.021854 -0.002152 0.113489
v 0.021537 -0.004284 0.113489
v 0.021014 -0.006375 0.113489
v 0.022597 -0.002225 0.113008
v 0.022270 -0.004430 0.113008
v 0.021729 -0.006592 0.113008
v -0.010018 0.018743 0.104971
v -0.011807 0.017670 0.104971
v -0.013483 0.016428 0.104971
v -0.010362 0.019386 0.104999
v -0.012212 0.018276 0.104999
v -0.013945 0.016991 0.104999
v -0.010705 0.020028 0.105217
v -0.012616 0.018882 0.105217
v -0.014407 0.017555 0.105217
v 0.018680 -0.009985 0.113666
v 0.017611 -0.011767 0.113666
v 0.016373 -0.013437 0.113666
v 0.019367 -0.010352 0.113489
v 0.018258 -0.012200 0.113489
v 0.016975 -0.013931 0.113489
v 0.020025 -0.010704 0.113008
v 0.018879 -0.012615 0.113008
v 0.017552 -0.014405 0.113008
v 0.010018 -0.018743 0.104971
v 0.011807 -0.017670 0.104971
v 0.013483 -0.016428 0.104971
v 0.010362 -0.019386 0.104999
v 0.012212 -0.018276 0.104999
v 0.013945 -0.016991 0.104999
v 0.010705 -0.020028 0.105217
v 0.012616 -0.018882 0.105217
v 0.014407 -0.017555 0.105217
v 0.013437 -0.016373 0.113666
v 0.011767 -0.017611 0.113666
v 0.009985 -0.018680 0.113666
v 0.013931 -0.016975 0.113489
v 0.012200 -0.018258 0.113489
v 0.010352 -0.019367 0.113489
v 0.014405 -0.017552 0.113008
v 0.012615 -0.018879 0.113008
v 0.010704 -0.020025 0.113008
v -0.016428 0.013483 0.104971
v -0.017670 0.011807 0.104971
v -0.018743 0.010018 0.104971
v -0.016991 0.013945 0.104999
v -0.018276 0.012212 0.104999
v -0.019386 0.010362 0.104999
v -0.017555 0.014407 0.105217
v -0.018882 0.012616 0.105217
v -0.020028 0.010705 0.105217
v 0.020337 -0.006169 0.104971
v 0.020844 -0.004146 0.104971
v 0.021150 -0.002083 0.104971
v 0.021034 -0.006381 0.104999
v 0.021558 -0.004288 0.104999
v 0.021875 -0.002154 0.104999
v 0.021732 -0.006592 0.105217
v 0.022273 -0.004430 0.105217
v 0.022600 -0.002226 0.105217
v 0.006149 -0.020269 0.113666
v 0.004132 -0.020774 0.113666
v 0.002076 -0.021079 0.113666
v 0.006375 -0.021014 0.113489
v 0.004284 -0.021537 0.113489
v 0.002152 -0.021854 0.113489
v 0.006592 -0.021729 0.113008
v 0.004430 -0.022270 0.113008
v 0.002225 -0.022597 0.113008
v 0.016428 -0.013483 0.104971
v 0.017670 -0.011807 0.104971
v 0.018743 -0.010018 0.104971
v 0.016991 -0.013945 0.104999
v 0.018276 -0.012212 0.104999
v 0.019386 -0.010362 0.104999
v 0.017555 -0.014407 0.105217
v 0.018882 -0.012616 0.105217
v 0.020028 -0.010705 0.105217
v 0.006169 0.020337 0.104971
v 0.004146 0.020844 0.104971
v 0.002083 0.021150 0.104971
v 0.006381 0.021035 0.104999
v 0.004288 0.021558 0.104999
v 0.002154 0.021875 0.104999
v 0.006592 0.021732 0.105217
v 0.004430 0.022273 0.105217
v 0.002226 0.022600 0.105217
v -0.002076 -0.021079 0.113666
v -0.004132 -0.020774 0.113666
v -0.006149 -0.020269 0.113666
v -0.002152 -0.021854 0.113489
v -0.004284 -0.021537 0.113489
v -0.006375 -0.021014 0.113489
v -0.002225 -0.022597 0.113008
v -0.004430 -0.022270 0.113008
v -0.006592 -0.021729 0.113008
v -0.020337 0.006169 0.104971
v -0.020844 0.004146 0.104971
v -0.021150 0.002083 0.104971
v -0.021034 0.006381 0.104999
v -0.021558 0.004288 0.104999
v -0.021875 0.002154 0.104999
v -0.021732 0.006592 0.105217
v -0.022273 0.004430 0.105217
v -0.022600 0.002226 0.105217
v -0.021150 -0.002083 0.104971
v -0.020844 -0.004146 0.104971
v -0.020337 -0.006169 0.104971
v -0.021875 -0.002154 0.104999
v -0.021558 -0.004288 0.104999
v -0.021034 -0.006381 0.104999
v -0.022600 -0.002226 0.105217
v -0.022273 -0.004430 0.105217
v -0.021732 -0.006592 0.105217
v -0.009985 -0.018680 0.113666
v -0.011767 -0.017611 0.113666
v -0.013437 -0.016373 0.113666
v -0.010352 -0.019367 0.113489
v -0.012200 -0.018258 0.113489
v -0.013931 -0.016975 0.113489
v -0.010704 -0.020025 0.113008
v -0.012615 -0.018879 0.113008
v -0.014405 -0.017552 0.113008
v -0.002083 0.021150 0.104971
v -0.004146 0.020844 0.104971
v -0.006169 0.020337 0.104971
v -0.002154 0.021875 0.104999
v -0.004288 0.021558 0.104999
v -0.006381 0.021035 0.104999
v -0.002226 0.022600 0.105217
v -0.004430 0.022273 0.105217
v -0.006592 0.021732 0.105217
v -0.019132 0.005804 0.098501
v -0.019608 0.003900 0.098501
v -0.019897 0.001960 0.098501
v -0.019202 0.005825 0.102509
v -0.019680 0.003915 0.102509
v -0.019969 0.001967 0.102509
v -0.019391 0.005882 0.104323
v -0.019874 0.003953 0.104323
v -0.020166 0.001986 0.104323
v 0.015455 -0.012684 0.098501
v 0.016623 -0.011107 0.098501
v 0.017632 -0.009425 0.098501
v 0.015511 -0.012730 0.102509
v 0.016684 -0.011148 0.102509
v 0.017697 -0.009459 0.102509
v 0.015664 -0.012855 0.104323
v 0.016848 -0.011258 0.104323
v 0.017871 -0.009552 0.104323
v -0.015455 0.012684 0.098501
v -0.016623 0.011107 0.098501
v -0.017632 0.009425 0.098501
v -0.015511 0.012730 0.102509
v -0.016684 0.011148 0.102509
v -0.017697 0.009459 0.102509
v -0.015664 0.012855 0.104323
v -0.016848 0.011258 0.104323
v -0.017871 0.009552 0.104323
v 0.009425 -0.017632 0.098501
v 0.011107 -0.016623 0.098501
v 0.012684 -0.015455 0.098501
v 0.009459 -0.017697 0.102509
v 0.011148 -0.016684 0.102509
v 0.012730 -0.015511 0.102509
v 0.009552 -0.017871 0.104323
v 0.011258 -0.016848 0.104323
v 0.012855 -0.015664 0.104323
v -0.009425 0.017632 0.098501
v -0.011107 0.016623 0.098501
v -0.012684 0.015455 0.098501
v -0.009459 0.017697 0.102509
v -0.011148 0.016684 0.102509
v -0.012730 0.015511 0.102509
v -0.009552 0.017871 0.104323
v -0.011258 0.016848 0.104323
v -0.012855 0.015664 0.104323
v 0.001960 -0.019897 0.098501
v 0.003900 -0.019608 0.098501
v 0.005804 -0.019132 0.098501
v 0.001967 -0.019969 0.102509
v 0.003915 -0.019680 0.102509
v 0.005825 -0.019202 0.102509
v 0.001986 -0.020166 0.104323
v 0.003953 -0.019874 0.104323
v 0.005882 -0.019391 0.104323
v -0.005804 -0.019132 0.098501
v -0.003900 -0.019608 0.098501
v -0.001960 -0.019897 0.098501
v -0.005825 -0.019202 0.102509
v -0.003915 -0.019680 0.102509
v -0.001967 -0.019969 0.102509
v -0.005882 -0.019391 0.104323
v -0.003953 -0.019874 0.104323
v -0.001986 -0.020166 0.104323
v 0.012684 0.015455 0.098501
v 0.011107 0.016623 0.098501
v 0.009425 0.017632 0.098501
v 0.012730 0.015511 0.102509
v 0.011148 0.016684 0.102509
v 0.009459 0.017697 0.102509
v 0.012855 0.015664 0.104323
v 0.011258 0.016848 0.104323
v 0.009552 0.017871 0.104323
v -0.012684 -0.015455 0.098501
v -0.011107 -0.016623 0.098501
v -0.009425 -0.017632 0.098501
v -0.012730 -0.015511 0.102509
v -0.011148 -0.016684 0.102509
v -0.009459 -0.017697 0.102509
v -0.012855 -0.015664 0.104323
v -0.011258 -0.016848 0.104323
v -0.009552 -0.017871 0.104323
v 0.017632 0.009425 0.098501
v 0.016623 0.011107 0.098501
v 0.015455 0.012684 0.098501
v 0.017697 0.009459 0.102509
v 0.016684 0.011148 0.102509
v 0.015511 0.012730 0.102509
v 0.017871 0.009552 0.104323
v 0.016848 0.011258 0.104323
v 0.015664 0.012855 0.104323
v -0.017632 -0.009425 0.098501
v -0.016623 -0.011107 0.098501
v -0.015455 -0.012684 0.098501
v -0.017697 -0.009459 0.102509
v -0.016684 -0.011148 0.102509
v -0.015511 -0.012730 0.102509
v -0.017871 -0.009552 0.104323
v -0.016848 -0.011258 0.104323
v -0.015664 -0.012855 0.104323
v 0.019897 0.001960 0.098501
v 0.019608 0.003900 0.098501
v 0.019132 0.005804 0.098501
v 0.019969 0.001967 0.102509
v 0.019680 0.003915 0.102509
v 0.019202 0.005825 0.102509
v 0.020166 0.001986 0.104323
v 0.019874 0.003953 0.104323
v 0.019391 0.005882 0.104323
v -0.001960 0.019897 0.098501
v -0.003900 0.019608 0.098501
v -0.005804 0.019132 0.098501
v -0.001967 0.019969 0.102509
v -0.003915 0.019680 0.102509
v -0.005825 0.019202 0.102509
v -0.001986 0.020166 0.104323
v -0.003953 0.019874 0.104323
v -0.005882 0.019391 0.104323
v -0.019897 -0.001959 0.098501
v -0.019608 -0.003900 0.098501
v -0.019132 -0.005804 0.098501
v -0.019969 -0.001967 0.102509
v -0.019680 -0.003915 0.102509
v -0.019202 -0.005825 0.102509
v -0.020166 -0.001986 0.104323
v -0.019874 -0.003953 0.104323
v -0.019391 -0.005882 0.104323
v 0.005804 0.019132 0.098501
v 0.003900 0.019608 0.098501
v 0.001960 0.019897 0.098501
v 0.005825 0.019202 0.102509
v 0.003915 0.019680 0.102509
v 0.001967 0.019969 0.102509
v 0.005882 0.019391 0.104323
v 0.003953 0.019874 0.104323
v 0.001986 0.020166 0.104323
v 0.019132 -0.005804 0.098501
v 0.019608 -0.003900 0.098501
v 0.019897 -0.001960 0.098501
v 0.019202 -0.005825 0.102509
v 0.019680 -0.003915 0.102509
v 0.019969 -0.001967 0.102509
v 0.019391 -0.005882 0.104323
v 0.019874 -0.003953 0.104323
v 0.020166 -0.001986 0.104323
v 0.022668 -0.006876 0.107186
v 0.023232 -0.004621 0.107186
v 0.023574 -0.002322 0.107186
v 0.022787 -0.006913 0.108869
v 0.023355 -0.004645 0.108869
v 0.023698 -0.002334 0.108869
v 0.022668 -0.006876 0.110608
v 0.023232 -0.004621 0.110608
v 0.023574 -0.002322 0.110608
v 0.006876 0.022668 0.107186
v 0.004621 0.023232 0.107186
v 0.002322 0.023574 0.107186
v 0.006913 0.022787 0.108869
v 0.004646 0.023355 0.108869
v 0.002334 0.023698 0.108869
v 0.006876 0.022668 0.110608
v 0.004621 0.023232 0.110608
v 0.002322 0.023574 0.110608
v -0.023574 -0.002322 0.107186
v -0.023232 -0.004621 0.107186
v -0.022668 -0.006876 0.107186
v -0.023698 -0.002334 0.108869
v -0.023355 -0.004645 0.108869
v -0.022787 -0.006913 0.108869
v -0.023574 -0.002322 0.110608
v -0.023232 -0.004621 0.110608
v -0.022668 -0.006876 0.110608
v -0.002322 0.023574 0.107186
v -0.004621 0.023232 0.107186
v -0.006876 0.022668 0.107186
v -0.002334 0.023698 0.108869
v -0.004646 0.023355 0.108869
v -0.006913 0.022787 0.108869
v -0.002322 0.023574 0.110608
v -0.004621 0.023232 0.110608
v -0.006876 0.022668 0.110608
v 0.023574 0.002322 0.107186
v 0.023232 0.004621 0.107186
v 0.022668 0.006876 0.107186
v 0.023698 0.002334 0.108869
v 0.023355 0.004646 0.108869
v 0.022787 0.006913 0.108869
v 0.023574 0.002322 0.110608
v 0.023232 0.004621 0.110608
v 0.022668 0.006876 0.110608
v -0.020891 -0.011166 0.107186
v -0.019695 -0.013160 0.107186
v -0.018311 -0.015028 0.107186
v -0.021001 -0.011225 0.108869
v -0.019799 -0.013229 0.108869
v -0.018407 -0.015107 0.108869
v -0.020891 -0.011166 0.110608
v -0.019695 -0.013160 0.110608
v -0.018311 -0.015028 0.110608
v 0.020891 0.011166 0.107186
v 0.019695 0.013160 0.107186
v 0.018311 0.015028 0.107186
v 0.021001 0.011225 0.108869
v 0.019799 0.013229 0.108869
v 0.018407 0.015107 0.108869
v 0.020891 0.011166 0.110608
v 0.019695 0.013160 0.110608
v 0.018311 0.015028 0.110608
v -0.015028 -0.018311 0.107186
v -0.013160 -0.019695 0.107186
v -0.011166 -0.020891 0.107186
v -0.015107 -0.018407 0.108869
v -0.013229 -0.019799 0.108869
v -0.011225 -0.021001 0.108869
v -0.015028 -0.018311 0.110608
v -0.013160 -0.019695 0.110608
v -0.011166 -0.020891 0.110608
v 0.015028 0.018311 0.107186
v 0.013160 0.019695 0.107186
v 0.011166 0.020891 0.107186
v 0.015107 0.018407 0.108869
v 0.013229 0.019799 0.108869
v 0.011225 0.021001 0.108869
v 0.015028 0.018311 0.110608
v 0.013160 0.019695 0.110608
v 0.011166 0.020891 0.110608
v -0.006876 -0.022668 0.107186
v -0.004621 -0.023232 0.107186
v -0.002322 -0.023574 0.107186
v -0.006913 -0.022787 0.108869
v -0.004646 -0.023355 0.108869
v -0.002334 -0.023698 0.108869
v -0.006876 -0.022668 0.110608
v -0.004621 -0.023232 0.110608
v -0.002322 -0.023574 0.110608
v 0.002322 -0.023574 0.107186
v 0.004621 -0.023232 0.107186
v 0.006876 -0.022668 0.107186
v 0.002334 -0.023698 0.108869
v 0.004645 -0.023355 0.108869
v 0.006913 -0.022787 0.108869
v 0.002322 -0.023574 0.110608
v 0.004621 -0.023232 0.110608
v 0.006876 -0.022668 0.110608
v -0.011166 0.020891 0.107186
v -0.013160 0.019695 0.107186
v -0.015028 0.018311 0.107186
v -0.011225 0.021001 0.108869
v -0.013229 0.019799 0.108869
v -0.015107 0.018407 0.108869
v -0.011166 0.020891 0.110608
v -0.013160 0.019695 0.110608
v -0.015028 0.018311 0.110608
v 0.011166 -0.020891 0.107186
v 0.013160 -0.019695 0.107186
v 0.015028 -0.018311 0.107186
v 0.011225 -0.021001 0.108869
v 0.013229 -0.019799 0.108869
v 0.015107 -0.018407 0.108869
v 0.011166 -0.020891 0.110608
v 0.013160 -0.019695 0.110608
v 0.015028 -0.018311 0.110608
v -0.018311 0.015028 0.107186
v -0.019695 0.013160 0.107186
v -0.020891 0.011166 0.107186
v -0.018407 0.015107 0.108869
v -0.019799 0.013229 0.108869
v -0.021001 0.011225 0.108869
v -0.018311 0.015028 0.110608
v -0.019695 0.013160 0.110608
v -0.020891 0.011166 0.110608
v 0.018311 -0.015028 0.107186
v 0.019695 -0.013160 0.107186
v 0.020891 -0.011166 0.107186
v 0.018407 -0.015107 0.108869
v 0.019799 -0.013229 0.108869
v 0.021001 -0.011225 0.108869
v 0.018311 -0.015028 0.110608
v 0.019695 -0.013160 0.110608
v 0.020891 -0.011166 0.110608
v -0.022668 0.006876 0.107186
v -0.023232 0.004621 0.107186
v -0.023574 0.002322 0.107186
v -0.022787 0.006913 0.108869
v -0.023355 0.004646 0.108869
v -0.023698 0.002334 0.108869
v -0.022668 0.006876 0.110608
v -0.023232 0.004621 0.110608
v -0.023574 0.002322 0.110608
v 0.020269 0.006149 0.113666
v 0.020774 0.004132 0.113666
v 0.021079 0.002076 0.113666
v 0.021014 0.006375 0.113489
v 0.021537 0.004284 0.113489
v 0.021854 0.002152 0.113489
v 0.021729 0.006592 0.113008
v 0.022270 0.004430 0.113008
v 0.022597 0.002225 0.113008
v 0.002076 0.021079 0.113666
v 0.004132 0.020774 0.113666
v 0.006149 0.020269 0.113666
v 0.002152 0.021854 0.113489
v 0.004284 0.021537 0.113489
v 0.006375 0.021014 0.113489
v 0.002225 0.022597 0.113008
v 0.004430 0.022270 0.113008
v 0.006592 0.021729 0.113008
v -0.006169 -0.020337 0.104971
v -0.004146 -0.020844 0.104971
v -0.002083 -0.021150 0.104971
v -0.006381 -0.021034 0.104999
v -0.004288 -0.021558 0.104999
v -0.002154 -0.021875 0.104999
v -0.006592 -0.021732 0.105217
v -0.004430 -0.022273 0.105217
v -0.002226 -0.022600 0.105217
v 0.016373 0.013437 0.113666
v 0.017611 0.011767 0.113666
v 0.018680 0.009985 0.113666
v 0.016975 0.013931 0.113489
v 0.018258 0.012200 0.113489
v 0.019367 0.010352 0.113489
v 0.017552 0.014405 0.113008
v 0.018879 0.012615 0.113008
v 0.020025 0.010704 0.113008
v -0.006149 0.020269 0.113666
v -0.004132 0.020774 0.113666
v -0.002076 0.021079 0.113666
v -0.006375 0.021014 0.113489
v -0.004284 0.021537 0.113489
v -0.002152 0.021854 0.113489
v -0.006592 0.021729 0.113008
v -0.004430 0.022270 0.113008
v -0.002225 0.022597 0.113008
v 0.013483 0.016428 0.104971
v 0.011807 0.017670 0.104971
v 0.010018 0.018743 0.104971
v 0.013945 0.016991 0.104999
v 0.012212 0.018276 0.104999
v 0.010362 0.019386 0.104999
v 0.014407 0.017555 0.105217
v 0.012616 0.018882 0.105217
v 0.010705 0.020028 0.105217
v 0.009985 0.018680 0.113666
v 0.011767 0.017611 0.113666
v 0.013437 0.016373 0.113666
v 0.010352 0.019367 0.113489
v 0.012200 0.018258 0.113489
v 0.013931 0.016975 0.113489
v 0.010704 0.020026 0.113008
v 0.012615 0.018879 0.113008
v 0.014405 0.017552 0.113008
v -0.013437 0.016373 0.113666
v -0.011767 0.017611 0.113666
v -0.009985 0.018680 0.113666
v -0.013931 0.016975 0.113489
v -0.012200 0.018258 0.113489
v -0.010352 0.019367 0.113489
v -0.014405 0.017552 0.113008
v -0.012615 0.018879 0.113008
v -0.010704 0.020026 0.113008
v -0.013483 -0.016428 0.104971
v -0.011807 -0.017670 0.104971
v -0.010018 -0.018743 0.104971
v -0.013945 -0.016991 0.104999
v -0.012212 -0.018276 0.104999
v -0.010362 -0.019386 0.104999
v -0.014407 -0.017555 0.105217
v -0.012616 -0.018882 0.105217
v -0.010705 -0.020028 0.105217
v -0.018680 0.009985 0.113666
v -0.017611 0.011767 0.113666
v -0.016373 0.013437 0.113666
v -0.019367 0.010352 0.113489
v -0.018258 0.012200 0.113489
v -0.016975 0.013931 0.113489
v -0.020026 0.010704 0.113008
v -0.018879 0.012615 0.113008
v -0.017552 0.014405 0.113008
v 0.018743 0.010018 0.104971
v 0.017670 0.011807 0.104971
v 0.016428 0.013483 0.104971
v 0.019386 0.010362 0.104999
v 0.018276 0.012212 0.104999
v 0.016991 0.013945 0.104999
v 0.020028 0.010705 0.105217
v 0.018882 0.012616 0.105217
v 0.017555 0.014407 0.105217
v -0.021079 0.002076 0.113666
v -0.020774 0.004132 0.113666
v -0.020269 0.006149 0.113666
v -0.021854 0.002152 0.113489
v -0.021537 0.004284 0.113489
v -0.021014 0.006375 0.113489
v -0.022597 0.002225 0.113008
v -0.022270 0.004430 0.113008
v -0.021729 0.006592 0.113008
v -0.018743 -0.010018 0.104971
v -0.017670 -0.011807 0.104971
v -0.016428 -0.013483 0.104971
v -0.019386 -0.010362 0.104999
v -0.018276 -0.012212 0.104999
v -0.016991 -0.013945 0.104999
v -0.020028 -0.010705 0.105217
v -0.018882 -0.012616 0.105217
v -0.017555 -0.014407 0.105217
v -0.020269 -0.006149 0.113666
v -0.020774 -0.004132 0.113666
v -0.021079 -0.002076 0.113666
v -0.021014 -0.006375 0.113489
v -0.021537 -0.004284 0.113489
v -0.021854 -0.002152 0.113489
v -0.021729 -0.006592 0.113008
v -0.022270 -0.004430 0.113008
v -0.022597 -0.002225 0.113008
v 0.021150 0.002083 0.104971
v 0.020844 0.004146 0.104971
v 0.020337 0.006169 0.104971
v 0.021875 0.002154 0.104999
v 0.021558 0.004288 0.104999
v 0.021034 0.006381 0.104999
v 0.022600 0.002226 0.105217
v 0.022273 0.004430 0.105217
v 0.021732 0.006592 0.105217
v -0.016373 -0.013437 0.113666
v -0.017611 -0.011767 0.113666
v -0.018680 -0.009985 0.113666
v -0.016975 -0.013931 0.113489
v -0.018258 -0.012200 0.113489
v -0.019367 -0.010352 0.113489
v -0.017552 -0.014405 0.113008
v -0.018879 -0.012615 0.113008
v -0.020026 -0.010704 0.113008
v 0.019766 -0.005996 0.054105
v 0.020258 -0.004030 0.054105
v 0.020556 -0.002024 0.054105
v 0.019313 -0.005859 0.067629
v 0.019794 -0.003937 0.067629
v 0.020085 -0.001978 0.067629
v 0.019146 -0.005808 0.080641
v 0.019623 -0.003903 0.080641
v 0.019911 -0.001961 0.080641
v 0.005996 0.019766 0.054105
v 0.004030 0.020258 0.054105
v 0.002024 0.020556 0.054105
v 0.005859 0.019313 0.067629
v 0.003937 0.019794 0.067629
v 0.001978 0.020085 0.067629
v 0.005808 0.019146 0.080641
v 0.003903 0.019623 0.080641
v 0.001961 0.019911 0.080641
v -0.020556 -0.002024 0.054105
v -0.020258 -0.004030 0.054105
v -0.019766 -0.005996 0.054105
v -0.020085 -0.001978 0.067629
v -0.019794 -0.003937 0.067629
v -0.019313 -0.005859 0.067629
v -0.019911 -0.001961 0.080641
v -0.019623 -0.003903 0.080641
v -0.019146 -0.005808 0.080641
v -0.002024 0.020556 0.054105
v -0.004030 0.020258 0.054105
v -0.005996 0.019766 0.054105
v -0.001978 0.020085 0.067629
v -0.003937 0.019794 0.067629
v -0.005859 0.019313 0.067629
v -0.001961 0.019911 0.080641
v -0.003903 0.019623 0.080641
v -0.005808 0.019146 0.080641
v 0.020556 0.002024 0.054105
v 0.020258 0.004030 0.054105
v 0.019766 0.005996 0.054105
v 0.020085 0.001978 0.067629
v 0.019794 0.003937 0.067629
v 0.019313 0.005859 0.067629
v 0.019911 0.001961 0.080641
v 0.019623 0.003903 0.080641
v 0.019146 0.005808 0.080641
v -0.018217 -0.009737 0.054105
v -0.017174 -0.011475 0.054105
v -0.015967 -0.013104 0.054105
v -0.017799 -0.009514 0.067629
v -0.016780 -0.011212 0.067629
v -0.015601 -0.012804 0.067629
v -0.017645 -0.009431 0.080641
v -0.016635 -0.011115 0.080641
v -0.015466 -0.012693 0.080641
v 0.018217 0.009737 0.054105
v 0.017174 0.011475 0.054105
v 0.015967 0.013104 0.054105
v 0.017799 0.009514 0.067629
v 0.016780 0.011212 0.067629
v 0.015601 0.012804 0.067629
v 0.017645 0.009431 0.080641
v 0.016635 0.011115 0.080641
v 0.015466 0.012693 0.080641
v -0.013104 -0.015967 0.054105
v -0.011475 -0.017174 0.054105
v -0.009737 -0.018217 0.054105
v -0.012804 -0.015601 0.067629
v -0.011212 -0.016780 0.067629
v -0.009514 -0.017799 0.067629
v -0.012693 -0.015466 0.080641
v -0.011115 -0.016635 0.080641
v -0.009431 -0.017645 0.080641
v 0.013104 0.015967 0.054105
v 0.011475 0.017174 0.054105
v 0.009737 0.018217 0.054105
v 0.012804 0.015601 0.067629
v 0.011212 0.016780 0.067629
v 0.009514 0.017799 0.067629
v 0.012693 0.015466 0.080641
v 0.011115 0.016635 0.080641
v 0.009431 0.017645 0.080641
v -0.005996 -0.019766 0.054105
v -0.004030 -0.020258 0.054105
v -0.002024 -0.020556 0.054105
v -0.005859 -0.019313 0.067629
v -0.003937 -0.019794 0.067629
v -0.001978 -0.020085 0.067629
v -0.005808 -0.019146 0.080641
v -0.003903 -0.019623 0.080641
v -0.001961 -0.019911 0.080641
v 0.002024 -0.020556 0.054105
v 0.004030 -0.020258 0.054105
v 0.005996 -0.019766 0.054105
v 0.001978 -0.020085 0.067629
v 0.003937 -0.019794 0.067629
v 0.005859 -0.019313 0.067629
v 0.001961 -0.019911 0.080641
v 0.003903 -0.019623 0.080641
v 0.005808 -0.019146 0.080641
v -0.009737 0.018217 0.054105
v -0.011475 0.017174 0.054105
v -0.013104 0.015967 0.054105
v -0.009514 0.017799 0.067629
v -0.011212 0.016780 0.067629
v -0.012804 0.015601 0.067629
v -0.009431 0.017645 0.080641
v -0.011115 0.016635 0.080641
v -0.012693 0.015466 0.080641
v 0.009737 -0.018217 0.054105
v 0.011475 -0.017174 0.054105
v 0.013104 -0.015967 0.054105
v 0.009514 -0.017799 0.067629
v 0.011212 -0.016780 0.067629
v 0.012804 -0.015601 0.067629
v 0.009431 -0.017645 0.080641
v 0.011115 -0.016635 0.080641
v 0.012693 -0.015466 0.080641
v -0.015967 0.013104 0.054105
v -0.017174 0.011475 0.054105
v -0.018217 0.009737 0.054105
v -0.015601 0.012804 0.067629
v -0.016780 0.011212 0.067629
v -0.017799 0.009514 0.067629
v -0.015466 0.012693 0.080641
v -0.016635 0.011115 0.080641
v -0.017645 0.009431 0.080641
v 0.015967 -0.013104 0.054105
v 0.017174 -0.011475 0.054105
v 0.018217 -0.009737 0.054105
v 0.015601 -0.012804 0.067629
v 0.016780 -0.011212 0.067629
v 0.017799 -0.009514 0.067629
v 0.015466 -0.012693 0.080641
v 0.016635 -0.011115 0.080641
v 0.017645 -0.009431 0.080641
v -0.019766 0.005996 0.054105
v -0.020258 0.004030 0.054105
v -0.020556 0.002024 0.054105
v -0.019313 0.005859 0.067629
v -0.019794 0.003937 0.067629
v -0.020085 0.001978 0.067629
v -0.019146 0.005808 0.080641
v -0.019623 0.003903 0.080641
v -0.019911 0.001961 0.080641
v 0.005465 0.055491 -0.104694
v 0.010878 0.054686 -0.104694
v 0.016187 0.053358 -0.104694
v 0.005841 0.059308 -0.099145
v 0.011626 0.058448 -0.099145
v 0.017300 0.057029 -0.099145
v 0.006182 0.062774 -0.093057
v 0.012306 0.061864 -0.093057
v 0.018311 0.060361 -0.093057
v 0.006974 0.070815 -0.051294
v 0.013882 0.069789 -0.051294
v 0.020657 0.068094 -0.051294
v 0.006873 0.069789 -0.044172
v 0.013681 0.068777 -0.044172
v 0.020357 0.067107 -0.044172
v 0.006706 0.068094 -0.037187
v 0.013348 0.067107 -0.037187
v 0.019863 0.065477 -0.037187
v 0.004451 0.045192 -0.001738
v 0.008859 0.044537 -0.001738
v 0.013182 0.043455 -0.001738
v 0.003932 0.039926 0.002792
v 0.007827 0.039347 0.002792
v 0.011646 0.038391 0.002792
v 0.003434 0.034871 0.007152
v 0.006836 0.034366 0.007152
v 0.010172 0.033531 0.007152
v 0.003953 0.040138 -0.119541
v 0.007868 0.039557 -0.119541
v 0.011708 0.038596 -0.119541
v 0.004288 0.043542 -0.116988
v 0.008535 0.042911 -0.116988
v 0.012701 0.041869 -0.116988
v 0.004669 0.047405 -0.113672
v 0.009293 0.046718 -0.113672
v 0.013828 0.045583 -0.113672
v 0.006706 0.068094 -0.079782
v 0.013348 0.067107 -0.079782
v 0.019863 0.065477 -0.079782
v 0.006873 0.069789 -0.072797
v 0.013681 0.068777 -0.072797
v 0.020357 0.067107 -0.072797
v 0.006974 0.070815 -0.065675
v 0.013882 0.069789 -0.065675
v 0.020657 0.068094 -0.065675
v 0.006180 0.062756 -0.023901
v 0.012302 0.061846 -0.023901
v 0.018306 0.060344 -0.023901
v 0.005827 0.059164 -0.017726
v 0.011598 0.058306 -0.017726
v 0.017258 0.056890 -0.017726
v 0.005417 0.055006 -0.011941
v 0.010783 0.054208 -0.011941
v 0.016045 0.052892 -0.011941
v 0.026731 0.002633 0.016171
v 0.023909 0.002355 0.021966
v 0.021828 0.002150 0.029864
v 0.026344 0.005240 0.016171
v 0.023563 0.004687 0.021966
v 0.021511 0.004279 0.029864
v 0.025704 0.007797 0.016171
v 0.022990 0.006974 0.021966
v 0.020989 0.006367 0.029864
v 0.021406 0.040049 -0.001738
v 0.025228 0.037756 -0.001738
v 0.028808 0.035103 -0.001738
v 0.018912 0.035382 0.002792
v 0.022288 0.033357 0.002792
v 0.025451 0.031012 0.002792
v 0.016518 0.030903 0.007152
v 0.019467 0.029134 0.007152
v 0.022229 0.027086 0.007152
v 0.019012 0.035570 -0.119541
v 0.022407 0.033534 -0.119541
v 0.025587 0.031177 -0.119541
v 0.020625 0.038586 -0.116988
v 0.024307 0.036378 -0.116988
v 0.027757 0.033821 -0.116988
v 0.022454 0.042010 -0.113672
v 0.026464 0.039606 -0.113672
v 0.030219 0.036822 -0.113672
v 0.032254 0.060344 -0.079782
v 0.038013 0.056890 -0.079782
v 0.043408 0.052892 -0.079782
v 0.033057 0.061846 -0.072797
v 0.038959 0.058306 -0.072797
v 0.044488 0.054208 -0.072797
v 0.033543 0.062756 -0.065675
v 0.039532 0.059164 -0.065675
v 0.045143 0.055006 -0.065675
v 0.029726 0.055614 -0.023901
v 0.035033 0.052431 -0.023901
v 0.040005 0.048745 -0.023901
v 0.028024 0.052431 -0.017726
v 0.033028 0.049430 -0.017726
v 0.037715 0.045955 -0.017726
v 0.026055 0.048745 -0.011941
v 0.030706 0.045955 -0.011941
v 0.035064 0.042725 -0.011941
v -0.007797 -0.025704 0.016171
v -0.006974 -0.022990 0.021966
v -0.006367 -0.020989 0.029864
v -0.005240 -0.026344 0.016171
v -0.004687 -0.023563 0.021966
v -0.004279 -0.021511 0.029864
v -0.002633 -0.026731 0.016171
v -0.002355 -0.023909 0.021966
v -0.002150 -0.021828 0.029864
v 0.026284 0.049176 -0.104694
v 0.030977 0.046361 -0.104694
v 0.035374 0.043102 -0.104694
v 0.028092 0.052558 -0.099145
v 0.033108 0.049550 -0.099145
v 0.037807 0.046067 -0.099145
v 0.029734 0.055630 -0.093057
v 0.035043 0.052446 -0.093057
v 0.040016 0.048759 -0.093057
v 0.033543 0.062756 -0.051294
v 0.039532 0.059164 -0.051294
v 0.045143 0.055006 -0.051294
v 0.033057 0.061846 -0.044172
v 0.038959 0.058306 -0.044172
v 0.044488 0.054208 -0.044172
v 0.032254 0.060344 -0.037187
v 0.038013 0.056890 -0.037187
v 0.043408 0.052892 -0.037187
v 0.031177 0.025587 -0.119541
v 0.033534 0.022407 -0.119541
v 0.035570 0.019012 -0.119541
v 0.033821 0.027757 -0.116988
v 0.036378 0.024307 -0.116988
v 0.038586 0.020625 -0.116988
v 0.036822 0.030219 -0.113672
v 0.039606 0.026464 -0.113672
v 0.042010 0.022454 -0.113672
v 0.052892 0.043408 -0.079782
v 0.056890 0.038013 -0.079782
v 0.060344 0.032254 -0.079782
v 0.054208 0.044488 -0.072797
v 0.058306 0.038959 -0.072797
v 0.061846 0.033057 -0.072797
v 0.055006 0.045143 -0.065675
v 0.059164 0.039532 -0.065675
v 0.062756 0.033543 -0.065675
v 0.048745 0.040005 -0.023901
v 0.052431 0.035033 -0.023901
v 0.055614 0.029726 -0.023901
v 0.045955 0.037715 -0.017726
v 0.049430 0.033028 -0.017726
v 0.052431 0.028024 -0.017726
v 0.042725 0.035064 -0.011941
v 0.045955 0.030706 -0.011941
v 0.048745 0.026055 -0.011941
v -0.023689 -0.012662 0.016171
v -0.021188 -0.011325 0.021966
v -0.019344 -0.010339 0.029864
v -0.022333 -0.014922 0.016171
v -0.019975 -0.013347 0.021966
v -0.018236 -0.012185 0.029864
v -0.020763 -0.017040 0.016171
v -0.018571 -0.015241 0.021966
v -0.016955 -0.013914 0.029864
v 0.043102 0.035374 -0.104694
v 0.046361 0.030977 -0.104694
v 0.049176 0.026284 -0.104694
v 0.046067 0.037807 -0.099145
v 0.049550 0.033108 -0.099145
v 0.052558 0.028092 -0.099145
v 0.048759 0.040016 -0.093057
v 0.052446 0.035043 -0.093057
v 0.055630 0.029734 -0.093057
v 0.055006 0.045143 -0.051294
v 0.059164 0.039532 -0.051294
v 0.062756 0.033543 -0.051294
v 0.054208 0.044488 -0.044172
v 0.058306 0.038959 -0.044172
v 0.061846 0.033057 -0.044172
v 0.052892 0.043408 -0.037187
v 0.056890 0.038013 -0.037187
v 0.060344 0.032254 -0.037187
v 0.035103 0.028808 -0.001738
v 0.037756 0.025228 -0.001738
v 0.040049 0.021406 -0.001738
v 0.031012 0.025451 0.002792
v 0.033357 0.022288 0.002792
v 0.035382 0.018912 0.002792
v 0.027086 0.022229 0.007152
v 0.029134 0.019467 0.007152
v 0.030903 0.016518 0.007152
v 0.020763 -0.017040 0.016171
v 0.018571 -0.015241 0.021966
v 0.016955 -0.013914 0.029864
v 0.022333 -0.014922 0.016171
v 0.019975 -0.013347 0.021966
v 0.018236 -0.012185 0.029864
v 0.023689 -0.012662 0.016171
v 0.021188 -0.011325 0.021966
v 0.019344 -0.010339 0.029864
v 0.053358 0.016186 -0.104694
v 0.054686 0.010878 -0.104694
v 0.055491 0.005465 -0.104694
v 0.057029 0.017300 -0.099145
v 0.058448 0.011626 -0.099145
v 0.059308 0.005841 -0.099145
v 0.060361 0.018311 -0.093057
v 0.061864 0.012306 -0.093057
v 0.062774 0.006182 -0.093057
v 0.068094 0.020657 -0.051294
v 0.069789 0.013882 -0.051294
v 0.070815 0.006974 -0.051294
v 0.067107 0.020357 -0.044172
v 0.068777 0.013681 -0.044172
v 0.069789 0.006873 -0.044172
v 0.065477 0.019863 -0.037187
v 0.067107 0.013348 -0.037187
v 0.068094 0.006706 -0.037187
v 0.043455 0.013182 -0.001738
v 0.044537 0.008859 -0.001738
v 0.045192 0.004451 -0.001738
v 0.038391 0.011646 0.002792
v 0.039347 0.007827 0.002792
v 0.039926 0.003932 0.002792
v 0.033531 0.010172 0.007152
v 0.034366 0.006836 0.007152
v 0.034871 0.003434 0.007152
v 0.038596 0.011708 -0.119541
v 0.039556 0.007868 -0.119541
v 0.040138 0.003953 -0.119541
v 0.041869 0.012701 -0.116988
v 0.042911 0.008535 -0.116988
v 0.043542 0.004288 -0.116988
v 0.045583 0.013828 -0.113672
v 0.046718 0.009293 -0.113672
v 0.047405 0.004669 -0.113672
v 0.065477 0.019863 -0.079782
v 0.067107 0.013348 -0.079782
v 0.068094 0.006706 -0.079782
v 0.067107 0.020357 -0.072797
v 0.068777 0.013681 -0.072797
v 0.069789 0.006873 -0.072797
v 0.068094 0.020657 -0.065675
v 0.069789 0.013882 -0.065675
v 0.070815 0.006974 -0.065675
v 0.060344 0.018306 -0.023901
v 0.061846 0.012302 -0.023901
v 0.062756 0.006180 -0.023901
v 0.056890 0.017258 -0.017726
v 0.058306 0.011598 -0.017726
v 0.059164 0.005827 -0.017726
v 0.052892 0.016045 -0.011941
v 0.054208 0.010783 -0.011941
v 0.055006 0.005417 -0.011941
v 0.055491 -0.005465 -0.104694
v 0.054686 -0.010878 -0.104694
v 0.053358 -0.016186 -0.104694
v 0.059308 -0.005841 -0.099145
v 0.058448 -0.011626 -0.099145
v 0.057029 -0.017300 -0.099145
v 0.062774 -0.006182 -0.093057
v 0.061864 -0.012305 -0.093057
v 0.060361 -0.018311 -0.093057
v 0.070815 -0.006974 -0.051294
v 0.069789 -0.013882 -0.051294
v 0.068094 -0.020657 -0.051294
v 0.069789 -0.006873 -0.044172
v 0.068777 -0.013681 -0.044172
v 0.067107 -0.020357 -0.044172
v 0.068094 -0.006706 -0.037187
v 0.067107 -0.013348 -0.037187
v 0.065477 -0.019863 -0.037187
v 0.045192 -0.004451 -0.001738
v 0.044537 -0.008859 -0.001738
v 0.043455 -0.013182 -0.001738
v 0.039926 -0.003932 0.002792
v 0.039347 -0.007827 0.002792
v 0.038391 -0.011646 0.002792
v 0.034871 -0.003434 0.007152
v 0.034366 -0.006836 0.007152
v 0.033531 -0.010172 0.007152
v 0.040138 -0.003953 -0.119541
v 0.039556 -0.007868 -0.119541
v 0.038596 -0.011708 -0.119541
v 0.043542 -0.004288 -0.116988
v 0.042911 -0.008535 -0.116988
v 0.041869 -0.012701 -0.116988
v 0.047405 -0.004669 -0.113672
v 0.046718 -0.009293 -0.113672
v 0.045583 -0.013828 -0.113672
v 0.068094 -0.006706 -0.079782
v 0.067107 -0.013348 -0.079782
v 0.065477 -0.019863 -0.079782
v 0.069789 -0.006873 -0.072797
v 0.068777 -0.013681 -0.072797
v 0.067107 -0.020357 -0.072797
v 0.070815 -0.006974 -0.065675
v 0.069789 -0.013882 -0.065675
v 0.068094 -0.020657 -0.065675
v 0.062756 -0.006180 -0.023901
v 0.061846 -0.012302 -0.023901
v 0.060344 -0.018306 -0.023901
v 0.059164 -0.005827 -0.017726
v 0.058306 -0.011598 -0.017726
v 0.056890 -0.017258 -0.017726
v 0.055006 -0.005417 -0.011941
v 0.054208 -0.010783 -0.011941
v 0.052892 -0.016045 -0.011941
v 0.007797 0.025704 0.016171
v 0.006974 0.022990 0.021966
v 0.006367 0.020989 0.029864
v 0.005240 0.026344 0.016171
v 0.004687 0.023563 0.021966
v 0.004279 0.021511 0.029864
v 0.002633 0.026731 0.016171
v 0.002355 0.023909 0.021966
v 0.002150 0.021828 0.029864
v 0.035570 -0.019012 -0.119541
v 0.033534 -0.022407 -0.119541
v 0.031177 -0.025587 -0.119541
v 0.038586 -0.020625 -0.116988
v 0.036378 -0.024307 -0.116988
v 0.033821 -0.027757 -0.116988
v 0.042010 -0.022454 -0.113672
v 0.039606 -0.026464 -0.113672
v 0.036822 -0.030219 -0.113672
v 0.060344 -0.032254 -0.079782
v 0.056890 -0.038013 -0.079782
v 0.052892 -0.043408 -0.079782
v 0.061846 -0.033057 -0.072797
v 0.058306 -0.038959 -0.072797
v 0.054208 -0.044488 -0.072797
v 0.062756 -0.033543 -0.065675
v 0.059164 -0.039532 -0.065675
v 0.055006 -0.045143 -0.065675
v 0.055614 -0.029726 -0.023901
v 0.052431 -0.035033 -0.023901
v 0.048745 -0.040005 -0.023901
v 0.052431 -0.028024 -0.017726
v 0.049430 -0.033028 -0.017726
v 0.045955 -0.037715 -0.017726
v 0.048745 -0.026054 -0.011941
v 0.045955 -0.030706 -0.011941
v 0.042725 -0.035064 -0.011941
v 0.002633 -0.026731 0.016171
v 0.002355 -0.023909 0.021966
v 0.002150 -0.021828 0.029864
v 0.005240 -0.026344 0.016171
v 0.004687 -0.023563 0.021966
v 0.004279 -0.021511 0.029864
v 0.007797 -0.025704 0.016171
v 0.006974 -0.022990 0.021966
v 0.006367 -0.020989 0.029864
v 0.049176 -0.026284 -0.104694
v 0.046361 -0.030977 -0.104694
v 0.043102 -0.035374 -0.104694
v 0.052558 -0.028092 -0.099145
v 0.049550 -0.033108 -0.099145
v 0.046067 -0.037807 -0.099145
v 0.055630 -0.029734 -0.093057
v 0.052446 -0.035043 -0.093057
v 0.048759 -0.040016 -0.093057
v 0.062756 -0.033543 -0.051294
v 0.059164 -0.039532 -0.051294
v 0.055006 -0.045143 -0.051294
v 0.061846 -0.033057 -0.044172
v 0.058306 -0.038959 -0.044172
v 0.054208 -0.044488 -0.044172
v 0.060344 -0.032254 -0.037187
v 0.056890 -0.038013 -0.037187
v 0.052892 -0.043408 -0.037187
v 0.040049 -0.021406 -0.001738
v 0.037756 -0.025228 -0.001738
v 0.035103 -0.028808 -0.001738
v 0.035382 -0.018912 0.002792
v 0.033357 -0.022288 0.002792
v 0.031012 -0.025451 0.002792
v 0.030903 -0.016518 0.007152
v 0.029134 -0.019467 0.007152
v 0.027086 -0.022229 0.007152
v 0.043408 -0.052892 -0.079782
v 0.038013 -0.056890 -0.079782
v 0.032254 -0.060344 -0.079782
v 0.044488 -0.054208 -0.072797
v 0.038959 -0.058306 -0.072797
v 0.033057 -0.061846 -0.072797
v 0.045143 -0.055006 -0.065675
v 0.039532 -0.059164 -0.065675
v 0.033543 -0.062756 -0.065675
v 0.040005 -0.048745 -0.023901
v 0.035033 -0.052431 -0.023901
v 0.029726 -0.055614 -0.023901
v 0.037715 -0.045955 -0.017726
v 0.033028 -0.049430 -0.017726
v 0.028024 -0.052431 -0.017726
v 0.035064 -0.042725 -0.011941
v 0.030706 -0.045955 -0.011941
v 0.026054 -0.048745 -0.011941
v -0.017040 -0.020763 0.016171
v -0.015241 -0.018571 0.021966
v -0.013914 -0.016955 0.029864
v -0.014922 -0.022333 0.016171
v -0.013347 -0.019975 0.021966
v -0.012185 -0.018236 0.029864
v -0.012662 -0.023689 0.016171
v -0.011325 -0.021188 0.021966
v -0.010339 -0.019344 0.029864
v 0.035374 -0.043102 -0.104694
v 0.030977 -0.046361 -0.104694
v 0.026284 -0.049176 -0.104694
v 0.037807 -0.046067 -0.099145
v 0.033108 -0.049550 -0.099145
v 0.028092 -0.052558 -0.099145
v 0.040016 -0.048759 -0.093057
v 0.035043 -0.052446 -0.093057
v 0.029734 -0.055630 -0.093057
v 0.045143 -0.055006 -0.051294
v 0.039532 -0.059164 -0.051294
v 0.033543 -0.062756 -0.051294
v 0.044488 -0.054208 -0.044172
v 0.038959 -0.058306 -0.044172
v 0.033057 -0.061846 -0.044172
v 0.043408 -0.052892 -0.037187
v 0.038013 -0.056890 -0.037187
v 0.032254 -0.060344 -0.037187
v 0.028808 -0.035103 -0.001738
v 0.025228 -0.037756 -0.001738
v 0.021406 -0.040049 -0.001738
v 0.025451 -0.031012 0.002792
v 0.022288 -0.033357 0.002792
v 0.018912 -0.035382 0.002792
v 0.022229 -0.027086 0.007152
v 0.019467 -0.029134 0.007152
v 0.016518 -0.030903 0.007152
v 0.025587 -0.031177 -0.119541
v 0.022407 -0.033534 -0.119541
v 0.019012 -0.035570 -0.119541
v 0.027757 -0.033821 -0.116988
v 0.024307 -0.036378 -0.116988
v 0.020625 -0.038586 -0.116988
v 0.030219 -0.036822 -0.113672
v 0.026464 -0.039606 -0.113672
v 0.022454 -0.042010 -0.113672
v 0.016186 -0.053358 -0.104694
v 0.010878 -0.054686 -0.104694
v 0.005465 -0.055491 -0.104694
v 0.017300 -0.057029 -0.099145
v 0.011626 -0.058448 -0.099145
v 0.005841 -0.059308 -0.099145
v 0.018311 -0.060361 -0.093057
v 0.012305 -0.061864 -0.093057
v 0.006182 -0.062774 -0.093057
v 0.020657 -0.068094 -0.051294
v 0.013882 -0.069789 -0.051294
v 0.006974 -0.070815 -0.051294
v 0.020357 -0.067107 -0.044172
v 0.013681 -0.068777 -0.044172
v 0.006873 -0.069789 -0.044172
v 0.019863 -0.065477 -0.037187
v 0.013348 -0.067107 -0.037187
v 0.006706 -0.068094 -0.037187
v 0.013182 -0.043455 -0.001738
v 0.008859 -0.044537 -0.001738
v 0.004451 -0.045192 -0.001738
v 0.011646 -0.038391 0.002792
v 0.007827 -0.039347 0.002792
v 0.003932 -0.039926 0.002792
v 0.010172 -0.033531 0.007152
v 0.006836 -0.034366 0.007152
v 0.003434 -0.034871 0.007152
v 0.011708 -0.038596 -0.119541
v 0.007868 -0.039556 -0.119541
v 0.003953 -0.040138 -0.119541
v 0.012701 -0.041868 -0.116988
v 0.008535 -0.042911 -0.116988
v 0.004288 -0.043542 -0.116988
v 0.013828 -0.045583 -0.113672
v 0.009293 -0.046718 -0.113672
v 0.004669 -0.047405 -0.113672
v 0.019863 -0.065477 -0.079782
v 0.013348 -0.067107 -0.079782
v 0.006706 -0.068094 -0.079782
v 0.020357 -0.067107 -0.072797
v 0.013681 -0.068777 -0.072797
v 0.006873 -0.069789 -0.072797
v 0.020657 -0.068094 -0.065675
v 0.013882 -0.069789 -0.065675
v 0.006974 -0.070815 -0.065675
v 0.018306 -0.060344 -0.023901
v 0.012302 -0.061846 -0.023901
v 0.006180 -0.062756 -0.023901
v 0.017258 -0.056890 -0.017726
v 0.011598 -0.058306 -0.017726
v 0.005827 -0.059164 -0.017726
v 0.016045 -0.052892 -0.011941
v 0.010783 -0.054208 -0.011941
v 0.005417 -0.055006 -0.011941
v -0.026731 -0.002633 0.016171
v -0.023909 -0.002355 0.021966
v -0.021828 -0.002150 0.029864
v -0.026344 -0.005240 0.016171
v -0.023563 -0.004687 0.021966
v -0.021511 -0.004279 0.029864
v -0.025704 -0.007797 0.016171
v -0.022990 -0.006974 0.021966
v -0.020989 -0.006367 0.029864
v -0.006974 -0.070815 -0.051294
v -0.013882 -0.069789 -0.051294
v -0.020657 -0.068094 -0.051294
v -0.006873 -0.069789 -0.044172
v -0.013681 -0.068777 -0.044172
v -0.020357 -0.067107 -0.044172
v -0.006706 -0.068094 -0.037187
v -0.013348 -0.067107 -0.037187
v -0.019863 -0.065477 -0.037187
v -0.004451 -0.045192 -0.001738
v -0.008859 -0.044537 -0.001738
v -0.013182 -0.043455 -0.001738
v -0.003932 -0.039926 0.002792
v -0.007827 -0.039347 0.002792
v -0.011646 -0.038391 0.002792
v -0.003434 -0.034871 0.007152
v -0.006836 -0.034366 0.007152
v -0.010172 -0.033531 0.007152
v -0.003953 -0.040138 -0.119541
v -0.007868 -0.039556 -0.119541
v -0.011708 -0.038596 -0.119541
v -0.004288 -0.043542 -0.116988
v -0.008535 -0.042911 -0.116988
v -0.012701 -0.041868 -0.116988
v -0.004669 -0.047405 -0.113672
v -0.009293 -0.046718 -0.113672
v -0.013828 -0.045583 -0.113672
v -0.006706 -0.068094 -0.079782
v -0.013348 -0.067107 -0.079782
v -0.019863 -0.065477 -0.079782
v -0.006873 -0.069789 -0.072797
v -0.013681 -0.068777 -0.072797
v -0.020357 -0.067107 -0.072797
v -0.006974 -0.070815 -0.065675
v -0.013882 -0.069789 -0.065675
v -0.020657 -0.068094 -0.065675
v -0.006180 -0.062756 -0.023901
v -0.012302 -0.061846 -0.023901
v -0.018306 -0.060344 -0.023901
v -0.005827 -0.059164 -0.017726
v -0.011598 -0.058306 -0.017726
v -0.017258 -0.056890 -0.017726
v -0.005417 -0.055006 -0.011941
v -0.010783 -0.054208 -0.011941
v -0.016045 -0.052892 -0.011941
v -0.002633 0.026731 0.016171
v -0.002355 0.023909 0.021966
v -0.002150 0.021828 0.029864
v -0.005240 0.026344 0.016171
v -0.004687 0.023563 0.021966
v -0.004279 0.021511 0.029864
v -0.007797 0.025704 0.016171
v -0.006974 0.022990 0.021966
v -0.006367 0.020989 0.029864
v -0.005465 -0.055491 -0.104694
v -0.010878 -0.054686 -0.104694
v -0.016186 -0.053358 -0.104694
v -0.005841 -0.059308 -0.099145
v -0.011626 -0.058448 -0.099145
v -0.017300 -0.057029 -0.099145
v -0.006182 -0.062774 -0.093057
v -0.012306 -0.061864 -0.093057
v -0.018311 -0.060361 -0.093057
v -0.019012 -0.035570 -0.119541
v -0.022407 -0.033534 -0.119541
v -0.025587 -0.031177 -0.119541
v -0.020625 -0.038586 -0.116988
v -0.024307 -0.036378 -0.116988
v -0.027757 -0.033821 -0.116988
v -0.022454 -0.042010 -0.113672
v -0.026464 -0.039606 -0.113672
v -0.030219 -0.036822 -0.113672
v -0.032254 -0.060344 -0.079782
v -0.038013 -0.056890 -0.079782
v -0.043408 -0.052892 -0.079782
v -0.033057 -0.061846 -0.072797
v -0.038959 -0.058306 -0.072797
v -0.044488 -0.054208 -0.072797
v -0.033543 -0.062756 -0.065675
v -0.039532 -0.059164 -0.065675
v -0.045143 -0.055006 -0.065675
v -0.029726 -0.055614 -0.023901
v -0.035033 -0.052431 -0.023901
v -0.040005 -0.048745 -0.023901
v -0.028024 -0.052431 -0.017726
v -0.033028 -0.049430 -0.017726
v -0.037715 -0.045955 -0.017726
v -0.026055 -0.048745 -0.011941
v -0.030706 -0.045955 -0.011941
v -0.035064 -0.042725 -0.011941
v -0.020763 0.017040 0.016171
v -0.018571 0.015241 0.021966
v -0.016955 0.013914 0.029864
v -0.022333 0.014922 0.016171
v -0.019975 0.013347 0.021966
v -0.018236 0.012185 0.029864
v -0.023689 0.012662 0.016171
v -0.021188 0.011325 0.021966
v -0.019344 0.010339 0.029864
v -0.026284 -0.049175 -0.104694
v -0.030977 -0.046361 -0.104694
v -0.035374 -0.043102 -0.104694
v -0.028092 -0.052558 -0.099145
v -0.033108 -0.049550 -0.099145
v -0.037807 -0.046067 -0.099145
v -0.029734 -0.055630 -0.093057
v -0.035043 -0.052446 -0.093057
v -0.040016 -0.048759 -0.093057
v -0.033543 -0.062756 -0.051294
v -0.039532 -0.059164 -0.051294
v -0.045143 -0.055006 -0.051294
v -0.033057 -0.061846 -0.044172
v -0.038959 -0.058306 -0.044172
v -0.044488 -0.054208 -0.044172
v -0.032254 -0.060344 -0.037187
v -0.038013 -0.056890 -0.037187
v -0.043408 -0.052892 -0.037187
v -0.021406 -0.040049 -0.001738
v -0.025228 -0.037756 -0.001738
v -0.028808 -0.035102 -0.001738
v -0.018912 -0.035382 0.002792
v -0.022288 -0.033357 0.002792
v -0.025451 -0.031012 0.002792
v -0.016518 -0.030903 0.007152
v -0.019467 -0.029134 0.007152
v -0.022229 -0.027086 0.007152
v -0.048745 -0.040005 -0.023901
v -0.052431 -0.035033 -0.023901
v -0.055614 -0.029726 -0.023901
v -0.045955 -0.037715 -0.017726
v -0.049430 -0.033028 -0.017726
v -0.052431 -0.028024 -0.017726
v -0.042725 -0.035064 -0.011941
v -0.045955 -0.030706 -0.011941
v -0.048745 -0.026054 -0.011941
v -0.025704 0.007797 0.016171
v -0.022990 0.006974 0.021966
v -0.020989 0.006367 0.029864
v -0.026344 0.005240 0.016171
v -0.023563 0.004687 0.021966
v -0.021511 0.004279 0.029864
v -0.026731 0.002633 0.016171
v -0.023909 0.002355 0.021966
v -0.021828 0.002150 0.029864
v -0.043102 -0.035374 -0.104694
v -0.046361 -0.030977 -0.104694
v -0.049176 -0.026284 -0.104694
v -0.046067 -0.037807 -0.099145
v -0.049550 -0.033108 -0.099145
v -0.052558 -0.028092 -0.099145
v -0.048759 -0.040016 -0.093057
v -0.052446 -0.035043 -0.093057
v -0.055630 -0.029734 -0.093057
v -0.055006 -0.045143 -0.051294
v -0.059164 -0.039532 -0.051294
v -0.062756 -0.033543 -0.051294
v -0.054208 -0.044488 -0.044172
v -0.058306 -0.038959 -0.044172
v -0.061846 -0.033057 -0.044172
v -0.052892 -0.043408 -0.037187
v -0.056890 -0.038013 -0.037187
v -0.060344 -0.032254 -0.037187
v -0.035103 -0.028808 -0.001738
v -0.037756 -0.025228 -0.001738
v -0.040049 -0.021406 -0.001738
v -0.031012 -0.025451 0.002792
v -0.033357 -0.022288 0.002792
v -0.035382 -0.018912 0.002792
v -0.027086 -0.022229 0.007152
v -0.029134 -0.019467 0.007152
v -0.030903 -0.016518 0.007152
v -0.031177 -0.025587 -0.119541
v -0.033534 -0.022407 -0.119541
v -0.035570 -0.019012 -0.119541
v -0.033821 -0.027757 -0.116988
v -0.036378 -0.024307 -0.116988
v -0.038586 -0.020624 -0.116988
v -0.036822 -0.030219 -0.113672
v -0.039606 -0.026464 -0.113672
v -0.042010 -0.022454 -0.113672
v -0.052892 -0.043408 -0.079782
v -0.056890 -0.038013 -0.079782
v -0.060344 -0.032254 -0.079782
v -0.054208 -0.044488 -0.072797
v -0.058306 -0.038959 -0.072797
v -0.061846 -0.033057 -0.072797
v -0.055006 -0.045143 -0.065675
v -0.059164 -0.039532 -0.065675
v -0.062756 -0.033543 -0.065675
v -0.053358 -0.016186 -0.104694
v -0.054686 -0.010878 -0.104694
v -0.055491 -0.005465 -0.104694
v -0.057029 -0.017300 -0.099145
v -0.058448 -0.011626 -0.099145
v -0.059308 -0.005841 -0.099145
v -0.060361 -0.018311 -0.093057
v -0.061864 -0.012305 -0.093057
v -0.062774 -0.006182 -0.093057
v -0.068094 -0.020657 -0.051294
v -0.069789 -0.013882 -0.051294
v -0.070815 -0.006974 -0.051294
v -0.067107 -0.020357 -0.044172
v -0.068777 -0.013681 -0.044172
v -0.069789 -0.006873 -0.044172
v -0.065477 -0.019863 -0.037187
v -0.067107 -0.013348 -0.037187
v -0.068094 -0.006706 -0.037187
v -0.043455 -0.013182 -0.001738
v -0.044537 -0.008859 -0.001738
v -0.045192 -0.004451 -0.001738
v -0.038391 -0.011646 0.002792
v -0.039347 -0.007827 0.002792
v -0.039926 -0.003932 0.002792
v -0.033531 -0.010172 0.007152
v -0.034366 -0.006836 0.007152
v -0.034871 -0.003434 0.007152
v -0.038596 -0.011708 -0.119541
v -0.039556 -0.007868 -0.119541
v -0.040138 -0.003953 -0.119541
v -0.041869 -0.012701 -0.116988
v -0.042911 -0.008535 -0.116988
v -0.043542 -0.004288 -0.116988
v -0.045583 -0.013828 -0.113672
v -0.046718 -0.009293 -0.113672
v -0.047405 -0.004669 -0.113672
v -0.065477 -0.019863 -0.079782
v -0.067107 -0.013348 -0.079782
v -0.068094 -0.006706 -0.079782
v -0.067107 -0.020357 -0.072797
v -0.068777 -0.013681 -0.072797
v -0.069789 -0.006873 -0.072797
v -0.068094 -0.020657 -0.065675
v -0.069789 -0.013882 -0.065675
v -0.070815 -0.006974 -0.065675
v -0.060344 -0.018306 -0.023901
v -0.061846 -0.012302 -0.023901
v -0.062756 -0.006180 -0.023901
v -0.056890 -0.017258 -0.017726
v -0.058306 -0.011598 -0.017726
v -0.059164 -0.005827 -0.017726
v -0.052892 -0.016045 -0.011941
v -0.054208 -0.010783 -0.011941
v -0.055006 -0.005417 -0.011941
v -0.012662 0.023689 0.016171
v -0.011325 0.021188 0.021966
v -0.010339 0.019344 0.029864
v -0.014922 0.022333 0.016171
v -0.013347 0.019975 0.021966
v -0.012185 0.018236 0.029864
v -0.017040 0.020763 0.016171
v -0.015241 0.018571 0.021966
v -0.013914 0.016955 0.029864
v -0.045192 0.004451 -0.001738
v -0.044537 0.008859 -0.001738
v -0.043455 0.013182 -0.001738
v -0.039926 0.003932 0.002792
v -0.039347 0.007827 0.002792
v -0.038391 0.011646 0.002792
v -0.034871 0.003434 0.007152
v -0.034366 0.006836 0.007152
v -0.033531 0.010172 0.007152
v -0.040138 0.003953 -0.119541
v -0.039556 0.007868 -0.119541
v -0.038596 0.011708 -0.119541
v -0.043542 0.004288 -0.116988
v -0.042911 0.008535 -0.116988
v -0.041868 0.012701 -0.116988
v -0.047405 0.004669 -0.113672
v -0.046718 0.009293 -0.113672
v -0.045583 0.013828 -0.113672
v -0.068094 0.006706 -0.079782
v -0.067107 0.013348 -0.079782
v -0.065477 0.019863 -0.079782
v -0.069789 0.006873 -0.072797
v -0.068777 0.013681 -0.072797
v -0.067107 0.020357 -0.072797
v -0.070815 0.006974 -0.065675
v -0.069789 0.013882 -0.065675
v -0.068094 0.020657 -0.065675
v -0.062756 0.006180 -0.023901
v -0.061846 0.012302 -0.023901
v -0.060344 0.018306 -0.023901
v -0.059164 0.005827 -0.017726
v -0.058306 0.011598 -0.017726
v -0.056890 0.017258 -0.017726
v -0.055006 0.005417 -0.011941
v -0.054208 0.010783 -0.011941
v -0.052892 0.016045 -0.011941
v 0.023689 0.012662 0.016171
v 0.021188 0.011325 0.021966
v 0.019344 0.010339 0.029864
v 0.022333 0.014922 0.016171
v 0.019975 0.013347 0.021966
v 0.018236 0.012185 0.029864
v 0.020763 0.017040 0.016171
v 0.018571 0.015241 0.021966
v 0.016955 0.013914 0.029864
v -0.055491 0.005465 -0.104694
v -0.054686 0.010878 -0.104694
v -0.053358 0.016187 -0.104694
v -0.059308 0.005841 -0.099145
v -0.058448 0.011626 -0.099145
v -0.057029 0.017300 -0.099145
v -0.062774 0.006182 -0.093057
v -0.061864 0.012306 -0.093057
v -0.060361 0.018311 -0.093057
v -0.070815 0.006974 -0.051294
v -0.069789 0.013882 -0.051294
v -0.068094 0.020657 -0.051294
v -0.069789 0.006873 -0.044172
v -0.068777 0.013681 -0.044172
v -0.067107 0.020357 -0.044172
v -0.068094 0.006706 -0.037187
v -0.067107 0.013348 -0.037187
v -0.065477 0.019863 -0.037187
v -0.035570 0.019012 -0.119541
v -0.033534 0.022407 -0.119541
v -0.031177 0.025587 -0.119541
v -0.038586 0.020625 -0.116988
v -0.036378 0.024307 -0.116988
v -0.033821 0.027757 -0.116988
v -0.042010 0.022454 -0.113672
v -0.039606 0.026464 -0.113672
v -0.036822 0.030219 -0.113672
v -0.060344 0.032254 -0.079782
v -0.056890 0.038013 -0.079782
v -0.052892 0.043408 -0.079782
v -0.061846 0.033057 -0.072797
v -0.058306 0.038959 -0.072797
v -0.054208 0.044488 -0.072797
v -0.062756 0.033543 -0.065675
v -0.059164 0.039532 -0.065675
v -0.055006 0.045143 -0.065675
v -0.055614 0.029726 -0.023901
v -0.052431 0.035033 -0.023901
v -0.048745 0.040005 -0.023901
v -0.052431 0.028024 -0.017726
v -0.049430 0.033028 -0.017726
v -0.045955 0.037715 -0.017726
v -0.048745 0.026055 -0.011941
v -0.045955 0.030706 -0.011941
v -0.042725 0.035064 -0.011941
v 0.025704 -0.007797 0.016171
v 0.022990 -0.006974 0.021966
v 0.020989 -0.006367 0.029864
v 0.026344 -0.005240 0.016171
v 0.023563 -0.004687 0.021966
v 0.021511 -0.004279 0.029864
v 0.026731 -0.002633 0.016171
v 0.023909 -0.002355 0.021966
v 0.021828 -0.002150 0.029864
v -0.049175 0.026284 -0.104694
v -0.046361 0.030977 -0.104694
v -0.043102 0.035374 -0.104694
v -0.052558 0.028092 -0.099145
v -0.049550 0.033108 -0.099145
v -0.046067 0.037807 -0.099145
v -0.055630 0.029734 -0.093057
v -0.052446 0.035043 -0.093057
v -0.048759 0.040016 -0.093057
v -0.062756 0.033543 -0.051294
v -0.059164 0.039532 -0.051294
v -0.055006 0.045143 -0.051294
v -0.061846 0.033057 -0.044172
v -0.058306 0.038959 -0.044172
v -0.054208 0.044488 -0.044172
v -0.060344 0.032254 -0.037187
v -0.056890 0.038013 -0.037187
v -0.052892 0.043408 -0.037187
v -0.040049 0.021406 -0.001738
v -0.037756 0.025228 -0.001738
v -0.035102 0.028808 -0.001738
v -0.035382 0.018912 0.002792
v -0.033357 0.022288 0.002792
v -0.031012 0.025451 0.002792
v -0.030903 0.016518 0.007152
v -0.029134 0.019467 0.007152
v -0.027086 0.022229 0.007152
v 0.017040 0.020763 0.016171
v 0.015241 0.018571 0.021966
v 0.013914 0.016955 0.029864
v 0.014922 0.022333 0.016171
v 0.013347 0.019975 0.021966
v 0.012185 0.018236 0.029864
v 0.012662 0.023689 0.016171
v 0.011325 0.021188 0.021966
v 0.010339 0.019344 0.029864
v -0.035374 0.043102 -0.104694
v -0.030977 0.046361 -0.104694
v -0.026284 0.049176 -0.104694
v -0.037807 0.046067 -0.099145
v -0.033108 0.049550 -0.099145
v -0.028092 0.052558 -0.099145
v -0.040016 0.048759 -0.093057
v -0.035043 0.052446 -0.093057
v -0.029734 0.055630 -0.093057
v -0.045143 0.055006 -0.051294
v -0.039532 0.059164 -0.051294
v -0.033543 0.062756 -0.051294
v -0.044488 0.054208 -0.044172
v -0.038959 0.058306 -0.044172
v -0.033057 0.061846 -0.044172
v -0.043408 0.052892 -0.037187
v -0.038013 0.056890 -0.037187
v -0.032254 0.060344 -0.037187
v -0.028808 0.035103 -0.001738
v -0.025228 0.037756 -0.001738
v -0.021406 0.040049 -0.001738
v -0.025451 0.031012 0.002792
v -0.022288 0.033357 0.002792
v -0.018912 0.035382 0.002792
v -0.022229 0.027086 0.007152
v -0.019467 0.029134 0.007152
v -0.016518 0.030903 0.007152
v -0.025587 0.031177 -0.119541
v -0.022407 0.033534 -0.119541
v -0.019012 0.035570 -0.119541
v -0.027757 0.033821 -0.116988
v -0.024307 0.036378 -0.116988
v -0.020624 0.038586 -0.116988
v -0.030219 0.036822 -0.113672
v -0.026464 0.039606 -0.113672
v -0.022454 0.042010 -0.113672
v -0.043408 0.052892 -0.079782
v -0.038013 0.056890 -0.079782
v -0.032254 0.060344 -0.079782
v -0.044488 0.054208 -0.072797
v -0.038959 0.058306 -0.072797
v -0.033057 0.061846 -0.072797
v -0.045143 0.055006 -0.065675
v -0.039532 0.059164 -0.065675
v -0.033543 0.062756 -0.065675
v -0.040005 0.048745 -0.023901
v -0.035033 0.052431 -0.023901
v -0.029726 0.055614 -0.023901
v -0.037715 0.045955 -0.017726
v -0.033028 0.049430 -0.017726
v -0.028024 0.052431 -0.017726
v -0.035064 0.042725 -0.011941
v -0.030706 0.045955 -0.011941
v -0.026054 0.048745 -0.011941
v -0.016186 0.053358 -0.104694
v -0.010878 0.054686 -0.104694
v -0.005465 0.055491 -0.104694
v -0.017300 0.057029 -0.099145
v -0.011626 0.058448 -0.099145
v -0.005841 0.059308 -0.099145
v -0.018311 0.060361 -0.093057
v -0.012305 0.061864 -0.093057
v -0.006182 0.062774 -0.093057
v -0.020657 0.068094 -0.051294
v -0.013882 0.069789 -0.051294
v -0.006974 0.070815 -0.051294
v -0.020357 0.067107 -0.044172
v -0.013681 0.068777 -0.044172
v -0.006873 0.069789 -0.044172
v -0.019863 0.065477 -0.037187
v -0.013348 0.067107 -0.037187
v -0.006706 0.068094 -0.037187
v -0.013182 0.043455 -0.001738
v -0.008859 0.044537 -0.001738
v -0.004451 0.045192 -0.001738
v -0.011646 0.038391 0.002792
v -0.007827 0.039347 0.002792
v -0.003932 0.039926 0.002792
v -0.010172 0.033531 0.007152
v -0.006836 0.034366 0.007152
v -0.003434 0.034871 0.007152
v -0.011708 0.038596 -0.119541
v -0.007868 0.039556 -0.119541
v -0.003953 0.040138 -0.119541
v -0.012701 0.041869 -0.116988
v -0.008535 0.042911 -0.116988
v -0.004288 0.043542 -0.116988
v -0.013828 0.045583 -0.113672
v -0.009293 0.046718 -0.113672
v -0.004669 0.047405 -0.113672
v -0.019863 0.065477 -0.079782
v -0.013348 0.067107 -0.079782
v -0.006706 0.068094 -0.079782
v -0.020357 0.067107 -0.072797
v -0.013681 0.068777 -0.072797
v -0.006873 0.069789 -0.072797
v -0.020657 0.068094 -0.065675
v -0.013882 0.069789 -0.065675
v -0.006974 0.070815 -0.065675
v -0.018306 0.060344 -0.023901
v -0.012302 0.061846 -0.023901
v -0.006180 0.062756 -0.023901
v -0.017258 0.056890 -0.017726
v -0.011598 0.058306 -0.017726
v -0.005827 0.059164 -0.017726
v -0.016045 0.052892 -0.011941
v -0.010783 0.054208 -0.011941
v -0.005417 0.055006 -0.011941
v 0.012662 -0.023689 0.016171
v 0.011325 -0.021188 0.021966
v 0.010339 -0.019344 0.029864
v 0.014922 -0.022333 0.016171
v 0.013347 -0.019975 0.021966
v 0.012185 -0.018236 0.029864
v 0.017040 -0.020763 0.016171
v 0.015241 -0.018571 0.021966
v 0.013914 -0.016955 0.029864
v 0.031497 -0.016831 -0.122466
v 0.029795 -0.015890 -0.123038
v 0.027296 -0.014424 -0.123249
v 0.029679 -0.019831 -0.122466
v 0.027969 -0.018688 -0.123038
v 0.025279 -0.016891 -0.123249
v 0.027603 -0.022659 -0.122466
v 0.026083 -0.021446 -0.123038
v 0.023772 -0.019699 -0.123249
v -0.035540 0.003496 -0.122466
v -0.033608 0.003279 -0.123038
v -0.030739 0.002880 -0.123249
v -0.035009 0.006964 -0.122466
v -0.032991 0.006562 -0.123038
v -0.029818 0.005931 -0.123249
v -0.034173 0.010371 -0.122466
v -0.032304 0.009832 -0.123038
v -0.029501 0.009102 -0.123249
v 0.035540 -0.003496 -0.122466
v 0.033608 -0.003279 -0.123038
v 0.030739 -0.002880 -0.123249
v 0.035009 -0.006964 -0.122466
v 0.032991 -0.006562 -0.123038
v 0.029818 -0.005931 -0.123249
v 0.034173 -0.010371 -0.122466
v 0.032304 -0.009832 -0.123038
v 0.029501 -0.009102 -0.123249
v -0.034173 -0.010371 -0.122466
v -0.032304 -0.009832 -0.123038
v -0.029501 -0.009102 -0.123249
v -0.035009 -0.006964 -0.122466
v -0.032991 -0.006562 -0.123038
v -0.029818 -0.005931 -0.123249
v -0.035540 -0.003496 -0.122466
v -0.033608 -0.003279 -0.123038
v -0.030739 -0.002880 -0.123249
v 0.034173 0.010371 -0.122466
v 0.032304 0.009832 -0.123038
v 0.029501 0.009102 -0.123249
v 0.035009 0.006964 -0.122466
v 0.032991 0.006562 -0.123038
v 0.029818 0.005931 -0.123249
v 0.035540 0.003496 -0.122466
v 0.033608 0.003279 -0.123038
v 0.030739 0.002880 -0.123249
v -0.027603 -0.022659 -0.122466
v -0.026083 -0.021446 -0.123038
v -0.023772 -0.019699 -0.123249
v -0.029679 -0.019831 -0.122466
v -0.027969 -0.018688 -0.123038
v -0.025279 -0.016891 -0.123249
v -0.031497 -0.016831 -0.122466
v -0.029795 -0.015890 -0.123038
v -0.027296 -0.014424 -0.123249
v 0.027603 0.022659 -0.122466
v 0.026083 0.021446 -0.123038
v 0.023772 0.019699 -0.123249
v 0.029679 0.019831 -0.122466
v 0.027969 0.018688 -0.123038
v 0.025279 0.016891 -0.123249
v 0.031497 0.016831 -0.122466
v 0.029795 0.015890 -0.123038
v 0.027296 0.014424 -0.123249
v -0.016831 -0.031497 -0.122466
v -0.015890 -0.029795 -0.123038
v -0.014424 -0.027296 -0.123249
v -0.019831 -0.029679 -0.122466
v -0.018688 -0.027969 -0.123038
v -0.016891 -0.025279 -0.123249
v -0.022659 -0.027603 -0.122466
v -0.021446 -0.026083 -0.123038
v -0.019699 -0.023772 -0.123249
v 0.016831 0.031497 -0.122466
v 0.015890 0.029795 -0.123038
v 0.014424 0.027296 -0.123249
v 0.019831 0.029679 -0.122466
v 0.018688 0.027969 -0.123038
v 0.016891 0.025279 -0.123249
v 0.022659 0.027603 -0.122466
v 0.021446 0.026083 -0.123038
v 0.019699 0.023772 -0.123249
v -0.003496 -0.035540 -0.122466
v -0.003279 -0.033608 -0.123038
v -0.002880 -0.030739 -0.123249
v -0.006964 -0.035009 -0.122466
v -0.006562 -0.032991 -0.123038
v -0.005931 -0.029818 -0.123249
v -0.010371 -0.034173 -0.122466
v -0.009832 -0.032304 -0.123038
v -0.009102 -0.029501 -0.123249
v -0.010371 0.034173 -0.122466
v -0.009832 0.032304 -0.123038
v -0.009102 0.029501 -0.123249
v -0.006964 0.035009 -0.122466
v -0.006562 0.032991 -0.123038
v -0.005931 0.029818 -0.123249
v -0.003496 0.035540 -0.122466
v -0.003279 0.033608 -0.123038
v -0.002880 0.030739 -0.123249
v 0.003496 0.035540 -0.122466
v 0.003279 0.033608 -0.123038
v 0.002880 0.030739 -0.123249
v 0.006964 0.035009 -0.122466
v 0.006562 0.032991 -0.123038
v 0.005931 0.029818 -0.123249
v 0.010371 0.034173 -0.122466
v 0.009832 0.032304 -0.123038
v 0.009102 0.029501 -0.123249
v 0.010371 -0.034173 -0.122466
v 0.009832 -0.032304 -0.123038
v 0.009102 -0.029501 -0.123249
v 0.006964 -0.035009 -0.122466
v 0.006562 -0.032991 -0.123038
v 0.005931 -0.029818 -0.123249
v 0.003496 -0.035540 -0.122466
v 0.003279 -0.033608 -0.123038
v 0.002880 -0.030739 -0.123249
v -0.022659 0.027603 -0.122466
v -0.021446 0.026083 -0.123038
v -0.019699 0.023772 -0.123249
v -0.019831 0.029679 -0.122466
v -0.018688 0.027969 -0.123038
v -0.016891 0.025279 -0.123249
v -0.016831 0.031497 -0.122466
v -0.015890 0.029795 -0.123038
v -0.014424 0.027296 -0.123249
v 0.022659 -0.027603 -0.122466
v 0.021446 -0.026083 -0.123038
v 0.019699 -0.023772 -0.123249
v 0.019831 -0.029679 -0.122466
v 0.018688 -0.027969 -0.123038
v 0.016891 -0.025279 -0.123249
v 0.016831 -0.031497 -0.122466
v 0.015890 -0.029795 -0.123038
v 0.014424 -0.027296 -0.123249
v -0.031497 0.016831 -0.122466
v -0.029795 0.015890 -0.123038
v -0.027296 0.014424 -0.123249
v -0.029679 0.019831 -0.122466
v -0.027969 0.018688 -0.123038
v -0.025279 0.016891 -0.123249
v -0.027603 0.022659 -0.122466
v -0.026083 0.021446 -0.123038
v -0.023772 0.019699 -0.123249
v 0.000000 0.000000 -0.123279
v -0.007892 0.019053 -0.123279
v -0.009310 0.013933 -0.123279
v -0.014583 0.014583 -0.123279
v -0.013933 0.009310 -0.123279
v -0.019053 0.007892 -0.123279
v -0.016435 0.003269 -0.123279
v -0.020623 0.000000 -0.123279
v -0.016435 -0.003269 -0.123279
v -0.019053 -0.007892 -0.123279
v -0.013933 -0.009310 -0.123279
v -0.014583 -0.014583 -0.123279
v -0.009310 -0.013933 -0.123279
v -0.007892 -0.019053 -0.123279
v -0.003269 -0.016435 -0.123279
v -0.000000 -0.020623 -0.123279
v 0.003269 -0.016435 -0.123279
v 0.007892 -0.019053 -0.123279
v 0.009310 -0.013933 -0.123279
v 0.014583 -0.014583 -0.123279
v 0.013933 -0.009310 -0.123279
v 0.019053 -0.007892 -0.123279
v 0.016435 -0.003269 -0.123279
v 0.020623 0.000000 -0.123279
v 0.016435 0.003269 -0.123279
v 0.019053 0.007892 -0.123279
v 0.013933 0.009310 -0.123279
v 0.014583 0.014583 -0.123279
v 0.009310 0.013933 -0.123279
v 0.007892 0.019053 -0.123279
v 0.003269 0.016435 -0.123279
v 0.000000 0.020623 -0.123279
v -0.003269 0.016435 -0.123279
v 0.018779 -0.005697 0.055296
v 0.018366 -0.005571 0.071481
v 0.018255 -0.005538 0.087072
v 0.019246 -0.003828 0.055296
v 0.018823 -0.003744 0.071481
v 0.018709 -0.003721 0.087072
v 0.019530 -0.001923 0.055296
v 0.019100 -0.001881 0.071481
v 0.018984 -0.001870 0.087072
v 0.005697 0.018779 0.055296
v 0.005571 0.018366 0.071481
v 0.005538 0.018255 0.087072
v 0.003828 0.019246 0.055296
v 0.003744 0.018823 0.071481
v 0.003721 0.018709 0.087072
v 0.001923 0.019530 0.055296
v 0.001881 0.019100 0.071481
v 0.001870 0.018984 0.087072
v -0.019530 -0.001923 0.055296
v -0.019100 -0.001881 0.071481
v -0.018984 -0.001870 0.087072
v -0.019246 -0.003828 0.055296
v -0.018823 -0.003744 0.071481
v -0.018709 -0.003721 0.087072
v -0.018779 -0.005697 0.055296
v -0.018366 -0.005571 0.071481
v -0.018255 -0.005538 0.087072
v -0.001923 0.019530 0.055296
v -0.001881 0.019100 0.071481
v -0.001870 0.018984 0.087072
v -0.003828 0.019246 0.055296
v -0.003744 0.018823 0.071481
v -0.003721 0.018709 0.087072
v -0.005697 0.018779 0.055296
v -0.005571 0.018366 0.071481
v -0.005538 0.018255 0.087072
v 0.019530 0.001923 0.055296
v 0.019100 0.001881 0.071481
v 0.018984 0.001870 0.087072
v 0.019246 0.003828 0.055296
v 0.018823 0.003744 0.071481
v 0.018709 0.003721 0.087072
v 0.018779 0.005697 0.055296
v 0.018366 0.005571 0.071481
v 0.018255 0.005538 0.087072
v -0.017307 -0.009251 0.055296
v -0.016926 -0.009047 0.071481
v -0.016824 -0.008992 0.087072
v -0.016316 -0.010902 0.055296
v -0.015957 -0.010662 0.071481
v -0.015861 -0.010598 0.087072
v -0.015170 -0.012449 0.055296
v -0.014836 -0.012176 0.071481
v -0.014746 -0.012102 0.087072
v 0.017307 0.009251 0.055296
v 0.016926 0.009047 0.071481
v 0.016824 0.008992 0.087072
v 0.016316 0.010902 0.055296
v 0.015957 0.010662 0.071481
v 0.015861 0.010598 0.087072
v 0.015170 0.012450 0.055296
v 0.014836 0.012176 0.071481
v 0.014746 0.012102 0.087072
v -0.012450 -0.015170 0.055296
v -0.012176 -0.014836 0.071481
v -0.012102 -0.014746 0.087072
v -0.010902 -0.016316 0.055296
v -0.010662 -0.015957 0.071481
v -0.010598 -0.015861 0.087072
v -0.009251 -0.017307 0.055296
v -0.009047 -0.016926 0.071481
v -0.008992 -0.016824 0.087072
v 0.012450 0.015170 0.055296
v 0.012176 0.014836 0.071481
v 0.012102 0.014746 0.087072
v 0.010902 0.016316 0.055296
v 0.010662 0.015957 0.071481
v 0.010598 0.015861 0.087072
v 0.009251 0.017307 0.055296
v 0.009047 0.016926 0.071481
v 0.008992 0.016824 0.087072
v -0.005697 -0.018779 0.055296
v -0.005571 -0.018366 0.071481
v -0.005538 -0.018255 0.087072
v -0.003828 -0.019246 0.055296
v -0.003744 -0.018823 0.071481
v -0.003721 -0.018709 0.087072
v -0.001923 -0.019530 0.055296
v -0.001881 -0.019100 0.071481
v -0.001870 -0.018984 0.087072
v 0.001923 -0.019530 0.055296
v 0.001881 -0.019100 0.071481
v 0.001870 -0.018984 0.087072
v 0.003828 -0.019246 0.055296
v 0.003744 -0.018823 0.071481
v 0.003721 -0.018709 0.087072
v 0.005697 -0.018779 0.055296
v 0.005571 -0.018366 0.071481
v 0.005538 -0.018255 0.087072
v -0.009251 0.017307 0.055296
v -0.009047 0.016926 0.071481
v -0.008992 0.016824 0.087072
v -0.010902 0.016316 0.055296
v -0.010662 0.015957 0.071481
v -0.010598 0.015861 0.087072
v -0.012450 0.015170 0.055296
v -0.012176 0.014836 0.071481
v -0.012102 0.014746 0.087072
v 0.009251 -0.017307 0.055296
v 0.009047 -0.016926 0.071481
v 0.008992 -0.016824 0.087072
v 0.010902 -0.016316 0.055296
v 0.010662 -0.015957 0.071481
v 0.010598 -0.015861 0.087072
v 0.012449 -0.015170 0.055296
v 0.012176 -0.014836 0.071481
v 0.012102 -0.014746 0.087072
v -0.015170 0.012450 0.055296
v -0.014836 0.012176 0.071481
v -0.014746 0.012102 0.087072
v -0.016316 0.010902 0.055296
v -0.015957 0.010662 0.071481
v -0.015861 0.010598 0.087072
v -0.017307 0.009251 0.055296
v -0.016926 0.009047 0.071481
v -0.016824 0.008992 0.087072
v 0.015170 -0.012449 0.055296
v 0.014836 -0.012176 0.071481
v 0.014746 -0.012102 0.087072
v 0.016316 -0.010902 0.055296
v 0.015957 -0.010662 0.071481
v 0.015861 -0.010598 0.087072
v 0.017307 -0.009251 0.055296
v 0.016926 -0.009047 0.071481
v 0.016824 -0.008992 0.087072
v -0.018779 0.005697 0.055296
v -0.018366 0.005571 0.071481
v -0.018255 0.005538 0.087072
v -0.019246 0.003828 0.055296
v -0.018823 0.003744 0.071481
v -0.018709 0.003721 0.087072
v -0.019530 0.001923 0.055296
v -0.019100 0.001881 0.071481
v -0.018984 0.001870 0.087072
v -0.014927 -0.012250 0.107811
v -0.016055 -0.010728 0.107811
v -0.017030 -0.009103 0.107811
v -0.015124 -0.012412 0.111949
v -0.016267 -0.010869 0.111949
v -0.017255 -0.009223 0.111949
v -0.015418 -0.012653 0.113473
v -0.016583 -0.011081 0.113473
v -0.017590 -0.009402 0.113473
v -0.018479 -0.005606 0.107811
v -0.018938 -0.003767 0.107811
v -0.019217 -0.001893 0.107811
v -0.018723 -0.005680 0.111949
v -0.019189 -0.003817 0.111949
v -0.019471 -0.001918 0.111949
v -0.019086 -0.005790 0.113473
v -0.019561 -0.003891 0.113473
v -0.019849 -0.001955 0.113473
v -0.019217 0.001893 0.107811
v -0.018938 0.003767 0.107811
v -0.018479 0.005606 0.107811
v -0.019471 0.001918 0.111949
v -0.019189 0.003817 0.111949
v -0.018723 0.005680 0.111949
v -0.019849 0.001955 0.113473
v -0.019561 0.003891 0.113473
v -0.019086 0.005790 0.113473
v -0.017030 0.009103 0.107811
v -0.016055 0.010728 0.107811
v -0.014927 0.012250 0.107811
v -0.017255 0.009223 0.111949
v -0.016267 0.010869 0.111949
v -0.015124 0.012412 0.111949
v -0.017590 0.009402 0.113473
v -0.016583 0.011081 0.113473
v -0.015418 0.012653 0.113473
v -0.012250 0.014927 0.107811
v -0.010728 0.016055 0.107811
v -0.009103 0.017030 0.107811
v -0.012412 0.015124 0.111949
v -0.010869 0.016267 0.111949
v -0.009223 0.017255 0.111949
v -0.012653 0.015418 0.113473
v -0.011081 0.016583 0.113473
v -0.009402 0.017590 0.113473
v 0.009103 0.017030 0.107811
v 0.010728 0.016055 0.107811
v 0.012250 0.014927 0.107811
v 0.009223 0.017255 0.111949
v 0.010869 0.016267 0.111949
v 0.012412 0.015124 0.111949
v 0.009402 0.017590 0.113473
v 0.011081 0.016583 0.113473
v 0.012653 0.015418 0.113473
v -0.005606 0.018478 0.107811
v -0.003767 0.018938 0.107811
v -0.001893 0.019217 0.107811
v -0.005680 0.018723 0.111949
v -0.003817 0.019189 0.111949
v -0.001918 0.019471 0.111949
v -0.005790 0.019086 0.113473
v -0.003891 0.019561 0.113473
v -0.001955 0.019849 0.113473
v 0.014927 0.012250 0.107811
v 0.016055 0.010728 0.107811
v 0.017030 0.009103 0.107811
v 0.015124 0.012412 0.111949
v 0.016267 0.010869 0.111949
v 0.017255 0.009223 0.111949
v 0.015418 0.012653 0.113473
v 0.016583 0.011081 0.113473
v 0.017590 0.009402 0.113473
v 0.001893 0.019217 0.107811
v 0.003767 0.018938 0.107811
v 0.005606 0.018478 0.107811
v 0.001918 0.019471 0.111949
v 0.003817 0.019189 0.111949
v 0.005680 0.018723 0.111949
v 0.001955 0.019849 0.113473
v 0.003891 0.019561 0.113473
v 0.005790 0.019086 0.113473
v 0.018478 0.005606 0.107811
v 0.018938 0.003767 0.107811
v 0.019217 0.001893 0.107811
v 0.018723 0.005680 0.111949
v 0.019189 0.003817 0.111949
v 0.019471 0.001918 0.111949
v 0.019086 0.005790 0.113473
v 0.019561 0.003891 0.113473
v 0.019849 0.001955 0.113473
v -0.009103 -0.017030 0.107811
v -0.010728 -0.016055 0.107811
v -0.012250 -0.014927 0.107811
v -0.009223 -0.017255 0.111949
v -0.010870 -0.016267 0.111949
v -0.012412 -0.015124 0.111949
v -0.009402 -0.017590 0.113473
v -0.011081 -0.016583 0.113473
v -0.012653 -0.015418 0.113473
v -0.001893 -0.019217 0.107811
v -0.003767 -0.018938 0.107811
v -0.005606 -0.018478 0.107811
v -0.001918 -0.019471 0.111949
v -0.003817 -0.019189 0.111949
v -0.005680 -0.018723 0.111949
v -0.001955 -0.019849 0.113473
v -0.003891 -0.019561 0.113473
v -0.005790 -0.019086 0.113473
v 0.005606 -0.018478 0.107811
v 0.003767 -0.018938 0.107811
v 0.001893 -0.019217 0.107811
v 0.005680 -0.018723 0.111949
v 0.003817 -0.019189 0.111949
v 0.001918 -0.019471 0.111949
v 0.005790 -0.019086 0.113473
v 0.003891 -0.019561 0.113473
v 0.001955 -0.019849 0.113473
v 0.012250 -0.014927 0.107811
v 0.010728 -0.016055 0.107811
v 0.009103 -0.017030 0.107811
v 0.012412 -0.015124 0.111949
v 0.010869 -0.016267 0.111949
v 0.009223 -0.017255 0.111949
v 0.012653 -0.015418 0.113473
v 0.011081 -0.016583 0.113473
v 0.009402 -0.017590 0.113473
v 0.017030 -0.009103 0.107811
v 0.016055 -0.010728 0.107811
v 0.014927 -0.012250 0.107811
v 0.017255 -0.009223 0.111949
v 0.016267 -0.010869 0.111949
v 0.015124 -0.012412 0.111949
v 0.017590 -0.009402 0.113473
v 0.016583 -0.011081 0.113473
v 0.015418 -0.012653 0.113473
v 0.019217 -0.001893 0.107811
v 0.018938 -0.003767 0.107811
v 0.018478 -0.005606 0.107811
v 0.019471 -0.001918 0.111949
v 0.019189 -0.003817 0.111949
v 0.018723 -0.005680 0.111949
v 0.019849 -0.001955 0.113473
v 0.019561 -0.003891 0.113473
v 0.019086 -0.005790 0.113473
vt 0.734375 0.283811
vt 0.718750 0.313259
vt 0.718750 0.283811
vt 0.734375 0.313259
vt 0.718750 0.343845
vt 0.703125 0.283811
vt 0.703125 0.313259
vt 0.750000 0.256070
vt 0.734375 0.256070
vt 0.750000 0.283811
vt 0.750000 0.313259
vt 0.734375 0.343845
vt 0.750000 0.343845
vt 0.734375 0.375000
vt 0.718750 0.375000
vt 0.703125 0.343845
vt 0.703125 0.375000
vt 0.687500 0.343845
vt 0.687500 0.313259
vt 0.687500 0.283811
vt 0.687500 0.256070
vt 0.703125 0.256070
vt 0.718750 0.256070
vt 0.734375 0.562500
vt 0.718750 0.531250
vt 0.734375 0.531250
vt 0.734375 0.593750
vt 0.718750 0.562500
vt 0.703125 0.562500
vt 0.703125 0.531250
vt 0.703125 0.593750
vt 0.750000 0.531250
vt 0.734375 0.500000
vt 0.750000 0.500000
vt 0.750000 0.562500
vt 0.750000 0.593750
vt 0.750000 0.625000
vt 0.734375 0.625000
vt 0.718750 0.593750
vt 0.703125 0.625000
vt 0.687500 0.625000
vt 0.687500 0.593750
vt 0.687500 0.562500
vt 0.687500 0.531250
vt 0.703125 0.500000
vt 0.687500 0.500000
vt 0.718750 0.500000
vt 0.734375 0.809896
vt 0.718750 0.780925
vt 0.734375 0.780925
vt 0.734375 0.834961
vt 0.718750 0.809896
vt 0.703125 0.809896
vt 0.703125 0.780925
vt 0.703125 0.834961
vt 0.750000 0.780925
vt 0.734375 0.750000
vt 0.750000 0.750000
vt 0.750000 0.809896
vt 0.750000 0.834961
vt 0.750000 0.854167
vt 0.734375 0.854167
vt 0.718750 0.834961
vt 0.703125 0.854167
vt 0.687500 0.854167
vt 0.687500 0.834961
vt 0.687500 0.809896
vt 0.687500 0.780925
vt 0.703125 0.750000
vt 0.687500 0.750000
vt 0.718750 0.750000
vt 0.734375 0.189889
vt 0.718750 0.208315
vt 0.718750 0.189889
vt 0.734375 0.208315
vt 0.718750 0.230647
vt 0.703125 0.189889
vt 0.703125 0.208315
vt 0.750000 0.176184
vt 0.734375 0.176184
vt 0.750000 0.189889
vt 0.750000 0.208315
vt 0.734375 0.230647
vt 0.750000 0.230647
vt 0.703125 0.230647
vt 0.687500 0.230647
vt 0.687500 0.208315
vt 0.687500 0.189889
vt 0.687500 0.176184
vt 0.703125 0.176184
vt 0.718750 0.176184
vt 0.734375 0.406250
vt 0.718750 0.437500
vt 0.718750 0.406250
vt 0.734375 0.437500
vt 0.718750 0.468750
vt 0.703125 0.406250
vt 0.703125 0.437500
vt 0.750000 0.375000
vt 0.750000 0.406250
vt 0.750000 0.437500
vt 0.734375 0.468750
vt 0.750000 0.468750
vt 0.703125 0.468750
vt 0.687500 0.468750
vt 0.687500 0.437500
vt 0.687500 0.406250
vt 0.687500 0.375000
vt 0.734375 0.687500
vt 0.718750 0.656250
vt 0.734375 0.656250
vt 0.734375 0.718750
vt 0.718750 0.687500
vt 0.703125 0.687500
vt 0.703125 0.656250
vt 0.703125 0.718750
vt 0.750000 0.656250
vt 0.750000 0.687500
vt 0.750000 0.718750
vt 0.718750 0.718750
vt 0.687500 0.718750
vt 0.687500 0.687500
vt 0.687500 0.656250
vt 0.718750 0.625000
vt 0.531250 0.866211
vt 0.515625 0.872396
vt 0.515625 0.866211
vt 0.546875 0.872396
vt 0.531250 0.872396
vt 0.515625 0.874675
vt 0.546875 0.874675
vt 0.531250 0.874675
vt 0.515625 0.854167
vt 0.500000 0.866211
vt 0.500000 0.854167
vt 0.531250 0.854167
vt 0.546875 0.866211
vt 0.546875 0.854167
vt 0.562500 0.866211
vt 0.562500 0.872396
vt 0.562500 0.874675
vt 0.562500 0.875000
vt 0.546875 0.875000
vt 0.531250 0.875000
vt 0.515625 0.875000
vt 0.500000 0.875000
vt 0.500000 0.874675
vt 0.500000 0.872396
vt 0.671875 0.809896
vt 0.656250 0.780925
vt 0.671875 0.780925
vt 0.671875 0.834961
vt 0.656250 0.809896
vt 0.640625 0.809896
vt 0.640625 0.780925
vt 0.640625 0.834961
vt 0.671875 0.750000
vt 0.671875 0.854167
vt 0.656250 0.834961
vt 0.640625 0.854167
vt 0.625000 0.854167
vt 0.625000 0.834961
vt 0.625000 0.809896
vt 0.625000 0.780925
vt 0.640625 0.750000
vt 0.625000 0.750000
vt 0.656250 0.750000
vt 0.671875 0.189889
vt 0.656250 0.208315
vt 0.656250 0.189889
vt 0.671875 0.208315
vt 0.656250 0.230647
vt 0.640625 0.189889
vt 0.640625 0.208315
vt 0.671875 0.176184
vt 0.671875 0.230647
vt 0.671875 0.256070
vt 0.656250 0.256070
vt 0.640625 0.230647
vt 0.640625 0.256070
vt 0.625000 0.230647
vt 0.625000 0.208315
vt 0.625000 0.189889
vt 0.625000 0.176184
vt 0.640625 0.176184
vt 0.656250 0.176184
vt 0.671875 0.406250
vt 0.656250 0.437500
vt 0.656250 0.406250
vt 0.671875 0.437500
vt 0.656250 0.468750
vt 0.640625 0.406250
vt 0.640625 0.437500
vt 0.671875 0.375000
vt 0.671875 0.468750
vt 0.671875 0.500000
vt 0.656250 0.500000
vt 0.640625 0.468750
vt 0.640625 0.500000
vt 0.625000 0.468750
vt 0.625000 0.437500
vt 0.625000 0.406250
vt 0.625000 0.375000
vt 0.640625 0.375000
vt 0.656250 0.375000
vt 0.671875 0.687500
vt 0.656250 0.656250
vt 0.671875 0.656250
vt 0.671875 0.718750
vt 0.656250 0.687500
vt 0.640625 0.687500
vt 0.640625 0.656250
vt 0.640625 0.718750
vt 0.671875 0.625000
vt 0.656250 0.718750
vt 0.625000 0.718750
vt 0.625000 0.687500
vt 0.625000 0.656250
vt 0.640625 0.625000
vt 0.625000 0.625000
vt 0.656250 0.625000
vt 0.218750 0.866211
vt 0.203125 0.872396
vt 0.203125 0.866211
vt 0.234375 0.872396
vt 0.218750 0.872396
vt 0.203125 0.874675
vt 0.234375 0.874675
vt 0.218750 0.874675
vt 0.203125 0.854167
vt 0.187500 0.866211
vt 0.187500 0.854167
vt 0.218750 0.854167
vt 0.234375 0.866211
vt 0.234375 0.854167
vt 0.250000 0.866211
vt 0.250000 0.872396
vt 0.250000 0.874675
vt 0.250000 0.875000
vt 0.234375 0.875000
vt 0.218750 0.875000
vt 0.203125 0.875000
vt 0.187500 0.875000
vt 0.187500 0.874675
vt 0.187500 0.872396
vt 0.671875 0.283811
vt 0.656250 0.313259
vt 0.656250 0.283811
vt 0.671875 0.313259
vt 0.656250 0.343845
vt 0.640625 0.283811
vt 0.640625 0.313259
vt 0.671875 0.343845
vt 0.640625 0.343845
vt 0.625000 0.343845
vt 0.625000 0.313259
vt 0.625000 0.283811
vt 0.625000 0.256070
vt 0.671875 0.562500
vt 0.656250 0.531250
vt 0.671875 0.531250
vt 0.671875 0.593750
vt 0.656250 0.562500
vt 0.640625 0.562500
vt 0.640625 0.531250
vt 0.640625 0.593750
vt 0.656250 0.593750
vt 0.625000 0.593750
vt 0.625000 0.562500
vt 0.625000 0.531250
vt 0.625000 0.500000
vt 0.609375 0.189889
vt 0.593750 0.208315
vt 0.593750 0.189889
vt 0.609375 0.208315
vt 0.593750 0.230647
vt 0.578125 0.189889
vt 0.578125 0.208315
vt 0.609375 0.176184
vt 0.609375 0.230647
vt 0.609375 0.256070
vt 0.593750 0.256070
vt 0.578125 0.230647
vt 0.578125 0.256070
vt 0.562500 0.230647
vt 0.562500 0.208315
vt 0.562500 0.189889
vt 0.562500 0.176184
vt 0.578125 0.176184
vt 0.593750 0.176184
vt 0.609375 0.406250
vt 0.593750 0.437500
vt 0.593750 0.406250
vt 0.609375 0.437500
vt 0.593750 0.468750
vt 0.578125 0.406250
vt 0.578125 0.437500
vt 0.609375 0.375000
vt 0.609375 0.468750
vt 0.609375 0.500000
vt 0.593750 0.500000
vt 0.578125 0.468750
vt 0.578125 0.500000
vt 0.562500 0.468750
vt 0.562500 0.437500
vt 0.562500 0.406250
vt 0.562500 0.375000
vt 0.578125 0.375000
vt 0.593750 0.375000
vt 0.609375 0.687500
vt 0.593750 0.656250
vt 0.609375 0.656250
vt 0.609375 0.718750
vt 0.593750 0.687500
vt 0.578125 0.687500
vt 0.578125 0.656250
vt 0.578125 0.718750
vt 0.609375 0.625000
vt 0.609375 0.750000
vt 0.593750 0.718750
vt 0.578125 0.750000
vt 0.562500 0.750000
vt 0.562500 0.718750
vt 0.562500 0.687500
vt 0.562500 0.656250
vt 0.578125 0.625000
vt 0.562500 0.625000
vt 0.593750 0.625000
vt 0.093750 0.866211
vt 0.078125 0.872396
vt 0.078125 0.866211
vt 0.109375 0.872396
vt 0.093750 0.872396
vt 0.078125 0.874675
vt 0.109375 0.874675
vt 0.093750 0.874675
vt 0.078125 0.854167
vt 0.062500 0.866211
vt 0.062500 0.854167
vt 0.093750 0.854167
vt 0.109375 0.866211
vt 0.109375 0.854167
vt 0.125000 0.866211
vt 0.125000 0.872396
vt 0.125000 0.874675
vt 0.125000 0.875000
vt 0.109375 0.875000
vt 0.093750 0.875000
vt 0.078125 0.875000
vt 0.062500 0.875000
vt 0.062500 0.874675
vt 0.062500 0.872396
vt 0.609375 0.283811
vt 0.593750 0.313259
vt 0.593750 0.283811
vt 0.609375 0.313259
vt 0.593750 0.343845
vt 0.578125 0.283811
vt 0.578125 0.313259
vt 0.609375 0.343845
vt 0.578125 0.343845
vt 0.562500 0.343845
vt 0.562500 0.313259
vt 0.562500 0.283811
vt 0.562500 0.256070
vt 0.609375 0.562500
vt 0.593750 0.531250
vt 0.609375 0.531250
vt 0.609375 0.593750
vt 0.593750 0.562500
vt 0.578125 0.562500
vt 0.578125 0.531250
vt 0.578125 0.593750
vt 0.593750 0.593750
vt 0.562500 0.593750
vt 0.562500 0.562500
vt 0.562500 0.531250
vt 0.562500 0.500000
vt 0.609375 0.809896
vt 0.593750 0.780925
vt 0.609375 0.780925
vt 0.609375 0.834961
vt 0.593750 0.809896
vt 0.578125 0.809896
vt 0.578125 0.780925
vt 0.578125 0.834961
vt 0.609375 0.854167
vt 0.593750 0.834961
vt 0.578125 0.854167
vt 0.562500 0.854167
vt 0.562500 0.834961
vt 0.562500 0.809896
vt 0.562500 0.780925
vt 0.593750 0.750000
vt 0.406250 0.866211
vt 0.390625 0.872396
vt 0.390625 0.866211
vt 0.421875 0.872396
vt 0.406250 0.872396
vt 0.390625 0.874675
vt 0.421875 0.874675
vt 0.406250 0.874675
vt 0.390625 0.854167
vt 0.375000 0.866211
vt 0.375000 0.854167
vt 0.406250 0.854167
vt 0.421875 0.866211
vt 0.421875 0.854167
vt 0.437500 0.866211
vt 0.437500 0.872396
vt 0.437500 0.874675
vt 0.437500 0.875000
vt 0.421875 0.875000
vt 0.406250 0.875000
vt 0.390625 0.875000
vt 0.375000 0.875000
vt 0.375000 0.874675
vt 0.375000 0.872396
vt 0.546875 0.283811
vt 0.531250 0.313259
vt 0.531250 0.283811
vt 0.546875 0.313259
vt 0.531250 0.343845
vt 0.515625 0.283811
vt 0.515625 0.313259
vt 0.546875 0.256070
vt 0.546875 0.343845
vt 0.546875 0.375000
vt 0.531250 0.375000
vt 0.515625 0.343845
vt 0.515625 0.375000
vt 0.500000 0.343845
vt 0.500000 0.313259
vt 0.500000 0.283811
vt 0.500000 0.256070
vt 0.515625 0.256070
vt 0.531250 0.256070
vt 0.546875 0.562500
vt 0.531250 0.531250
vt 0.546875 0.531250
vt 0.546875 0.593750
vt 0.531250 0.562500
vt 0.515625 0.562500
vt 0.515625 0.531250
vt 0.515625 0.593750
vt 0.546875 0.500000
vt 0.546875 0.625000
vt 0.531250 0.593750
vt 0.515625 0.625000
vt 0.500000 0.625000
vt 0.500000 0.593750
vt 0.500000 0.562500
vt 0.500000 0.531250
vt 0.515625 0.500000
vt 0.500000 0.500000
vt 0.531250 0.500000
vt 0.546875 0.809896
vt 0.531250 0.780925
vt 0.546875 0.780925
vt 0.546875 0.834961
vt 0.531250 0.809896
vt 0.515625 0.809896
vt 0.515625 0.780925
vt 0.515625 0.834961
vt 0.546875 0.750000
vt 0.531250 0.834961
vt 0.500000 0.834961
vt 0.500000 0.809896
vt 0.500000 0.780925
vt 0.515625 0.750000
vt 0.500000 0.750000
vt 0.531250 0.750000
vt 0.546875 0.189889
vt 0.531250 0.208315
vt 0.531250 0.189889
vt 0.546875 0.208315
vt 0.531250 0.230647
vt 0.515625 0.189889
vt 0.515625 0.208315
vt 0.546875 0.176184
vt 0.546875 0.230647
vt 0.515625 0.230647
vt 0.500000 0.230647
vt 0.500000 0.208315
vt 0.500000 0.189889
vt 0.500000 0.176184
vt 0.515625 0.176184
vt 0.531250 0.176184
vt 0.546875 0.406250
vt 0.531250 0.437500
vt 0.531250 0.406250
vt 0.546875 0.437500
vt 0.531250 0.468750
vt 0.515625 0.406250
vt 0.515625 0.437500
vt 0.546875 0.468750
vt 0.515625 0.468750
vt 0.500000 0.468750
vt 0.500000 0.437500
vt 0.500000 0.406250
vt 0.500000 0.375000
vt 0.546875 0.687500
vt 0.531250 0.656250
vt 0.546875 0.656250
vt 0.546875 0.718750
vt 0.531250 0.687500
vt 0.515625 0.687500
vt 0.515625 0.656250
vt 0.515625 0.718750
vt 0.531250 0.718750
vt 0.500000 0.718750
vt 0.500000 0.687500
vt 0.500000 0.656250
vt 0.531250 0.625000
vt 0.484375 0.283811
vt 0.468750 0.313259
vt 0.468750 0.283811
vt 0.484375 0.313259
vt 0.468750 0.343845
vt 0.453125 0.283811
vt 0.453125 0.313259
vt 0.484375 0.256070
vt 0.484375 0.343845
vt 0.484375 0.375000
vt 0.468750 0.375000
vt 0.453125 0.343845
vt 0.453125 0.375000
vt 0.437500 0.343845
vt 0.437500 0.313259
vt 0.437500 0.283811
vt 0.437500 0.256070
vt 0.453125 0.256070
vt 0.468750 0.256070
vt 0.484375 0.562500
vt 0.468750 0.531250
vt 0.484375 0.531250
vt 0.484375 0.593750
vt 0.468750 0.562500
vt 0.453125 0.562500
vt 0.453125 0.531250
vt 0.453125 0.593750
vt 0.484375 0.500000
vt 0.484375 0.625000
vt 0.468750 0.593750
vt 0.453125 0.625000
vt 0.437500 0.625000
vt 0.437500 0.593750
vt 0.437500 0.562500
vt 0.437500 0.531250
vt 0.453125 0.500000
vt 0.437500 0.500000
vt 0.468750 0.500000
vt 0.484375 0.809896
vt 0.468750 0.780925
vt 0.484375 0.780925
vt 0.484375 0.834961
vt 0.468750 0.809896
vt 0.453125 0.809896
vt 0.453125 0.780925
vt 0.453125 0.834961
vt 0.484375 0.750000
vt 0.484375 0.854167
vt 0.468750 0.834961
vt 0.453125 0.854167
vt 0.437500 0.854167
vt 0.437500 0.834961
vt 0.437500 0.809896
vt 0.437500 0.780925
vt 0.453125 0.750000
vt 0.437500 0.750000
vt 0.468750 0.750000
vt 0.484375 0.189889
vt 0.468750 0.208315
vt 0.468750 0.189889
vt 0.484375 0.208315
vt 0.468750 0.230647
vt 0.453125 0.189889
vt 0.453125 0.208315
vt 0.484375 0.176184
vt 0.484375 0.230647
vt 0.453125 0.230647
vt 0.437500 0.230647
vt 0.437500 0.208315
vt 0.437500 0.189889
vt 0.437500 0.176184
vt 0.453125 0.176184
vt 0.468750 0.176184
vt 0.484375 0.406250
vt 0.468750 0.437500
vt 0.468750 0.406250
vt 0.484375 0.437500
vt 0.468750 0.468750
vt 0.453125 0.406250
vt 0.453125 0.437500
vt 0.484375 0.468750
vt 0.453125 0.468750
vt 0.437500 0.468750
vt 0.437500 0.437500
vt 0.437500 0.406250
vt 0.437500 0.375000
vt 0.484375 0.687500
vt 0.468750 0.656250
vt 0.484375 0.656250
vt 0.484375 0.718750
vt 0.468750 0.687500
vt 0.453125 0.687500
vt 0.453125 0.656250
vt 0.453125 0.718750
vt 0.468750 0.718750
vt 0.437500 0.718750
vt 0.437500 0.687500
vt 0.437500 0.656250
vt 0.468750 0.625000
vt 0.718750 0.866211
vt 0.703125 0.872396
vt 0.703125 0.866211
vt 0.734375 0.872396
vt 0.718750 0.872396
vt 0.703125 0.874675
vt 0.734375 0.874675
vt 0.718750 0.874675
vt 0.687500 0.866211
vt 0.718750 0.854167
vt 0.734375 0.866211
vt 0.750000 0.866211
vt 0.750000 0.872396
vt 0.750000 0.874675
vt 0.750000 0.875000
vt 0.734375 0.875000
vt 0.718750 0.875000
vt 0.703125 0.875000
vt 0.687500 0.875000
vt 0.687500 0.874675
vt 0.687500 0.872396
vt 0.421875 0.189889
vt 0.406250 0.208315
vt 0.406250 0.189889
vt 0.421875 0.208315
vt 0.406250 0.230647
vt 0.390625 0.189889
vt 0.390625 0.208315
vt 0.421875 0.176184
vt 0.421875 0.230647
vt 0.421875 0.256070
vt 0.406250 0.256070
vt 0.390625 0.230647
vt 0.390625 0.256070
vt 0.375000 0.230647
vt 0.375000 0.208315
vt 0.375000 0.189889
vt 0.375000 0.176184
vt 0.390625 0.176184
vt 0.406250 0.176184
vt 0.421875 0.406250
vt 0.406250 0.437500
vt 0.406250 0.406250
vt 0.421875 0.437500
vt 0.406250 0.468750
vt 0.390625 0.406250
vt 0.390625 0.437500
vt 0.421875 0.375000
vt 0.421875 0.468750
vt 0.421875 0.500000
vt 0.406250 0.500000
vt 0.390625 0.468750
vt 0.390625 0.500000
vt 0.375000 0.468750
vt 0.375000 0.437500
vt 0.375000 0.406250
vt 0.375000 0.375000
vt 0.390625 0.375000
vt 0.406250 0.375000
vt 0.421875 0.687500
vt 0.406250 0.656250
vt 0.421875 0.656250
vt 0.421875 0.718750
vt 0.406250 0.687500
vt 0.390625 0.687500
vt 0.390625 0.656250
vt 0.390625 0.718750
vt 0.421875 0.625000
vt 0.421875 0.750000
vt 0.406250 0.718750
vt 0.390625 0.750000
vt 0.375000 0.750000
vt 0.375000 0.718750
vt 0.375000 0.687500
vt 0.375000 0.656250
vt 0.390625 0.625000
vt 0.375000 0.625000
vt 0.406250 0.625000
vt 0.281250 0.866211
vt 0.265625 0.872396
vt 0.265625 0.866211
vt 0.296875 0.872396
vt 0.281250 0.872396
vt 0.265625 0.874675
vt 0.296875 0.874675
vt 0.281250 0.874675
vt 0.265625 0.854167
vt 0.250000 0.854167
vt 0.281250 0.854167
vt 0.296875 0.866211
vt 0.296875 0.854167
vt 0.312500 0.866211
vt 0.312500 0.872396
vt 0.312500 0.874675
vt 0.312500 0.875000
vt 0.296875 0.875000
vt 0.281250 0.875000
vt 0.265625 0.875000
vt 0.421875 0.283811
vt 0.406250 0.313259
vt 0.406250 0.283811
vt 0.421875 0.313259
vt 0.406250 0.343845
vt 0.390625 0.283811
vt 0.390625 0.313259
vt 0.421875 0.343845
vt 0.390625 0.343845
vt 0.375000 0.343845
vt 0.375000 0.313259
vt 0.375000 0.283811
vt 0.375000 0.256070
vt 0.421875 0.562500
vt 0.406250 0.531250
vt 0.421875 0.531250
vt 0.421875 0.593750
vt 0.406250 0.562500
vt 0.390625 0.562500
vt 0.390625 0.531250
vt 0.390625 0.593750
vt 0.406250 0.593750
vt 0.375000 0.593750
vt 0.375000 0.562500
vt 0.375000 0.531250
vt 0.375000 0.500000
vt 0.421875 0.809896
vt 0.406250 0.780925
vt 0.421875 0.780925
vt 0.421875 0.834961
vt 0.406250 0.809896
vt 0.390625 0.809896
vt 0.390625 0.780925
vt 0.390625 0.834961
vt 0.406250 0.834961
vt 0.375000 0.834961
vt 0.375000 0.809896
vt 0.375000 0.780925
vt 0.406250 0.750000
vt 0.359375 0.406250
vt 0.343750 0.437500
vt 0.343750 0.406250
vt 0.359375 0.437500
vt 0.343750 0.468750
vt 0.328125 0.406250
vt 0.328125 0.437500
vt 0.359375 0.375000
vt 0.359375 0.468750
vt 0.359375 0.500000
vt 0.343750 0.500000
vt 0.328125 0.468750
vt 0.328125 0.500000
vt 0.312500 0.468750
vt 0.312500 0.437500
vt 0.312500 0.406250
vt 0.312500 0.375000
vt 0.328125 0.375000
vt 0.343750 0.375000
vt 0.359375 0.687500
vt 0.343750 0.656250
vt 0.359375 0.656250
vt 0.359375 0.718750
vt 0.343750 0.687500
vt 0.328125 0.687500
vt 0.328125 0.656250
vt 0.328125 0.718750
vt 0.359375 0.625000
vt 0.359375 0.750000
vt 0.343750 0.718750
vt 0.328125 0.750000
vt 0.312500 0.750000
vt 0.312500 0.718750
vt 0.312500 0.687500
vt 0.312500 0.656250
vt 0.328125 0.625000
vt 0.312500 0.625000
vt 0.343750 0.625000
vt 0.156250 0.866211
vt 0.140625 0.872396
vt 0.140625 0.866211
vt 0.171875 0.872396
vt 0.156250 0.872396
vt 0.140625 0.874675
vt 0.171875 0.874675
vt 0.156250 0.874675
vt 0.140625 0.854167
vt 0.125000 0.854167
vt 0.156250 0.854167
vt 0.171875 0.866211
vt 0.171875 0.854167
vt 0.171875 0.875000
vt 0.156250 0.875000
vt 0.140625 0.875000
vt 0.359375 0.283811
vt 0.343750 0.313259
vt 0.343750 0.283811
vt 0.359375 0.313259
vt 0.343750 0.343845
vt 0.328125 0.283811
vt 0.328125 0.313259
vt 0.359375 0.256070
vt 0.359375 0.343845
vt 0.328125 0.343845
vt 0.312500 0.343845
vt 0.312500 0.313259
vt 0.312500 0.283811
vt 0.312500 0.256070
vt 0.328125 0.256070
vt 0.343750 0.256070
vt 0.359375 0.562500
vt 0.343750 0.531250
vt 0.359375 0.531250
vt 0.359375 0.593750
vt 0.343750 0.562500
vt 0.328125 0.562500
vt 0.328125 0.531250
vt 0.328125 0.593750
vt 0.343750 0.593750
vt 0.312500 0.593750
vt 0.312500 0.562500
vt 0.312500 0.531250
vt 0.312500 0.500000
vt 0.359375 0.809896
vt 0.343750 0.780925
vt 0.359375 0.780925
vt 0.359375 0.834961
vt 0.343750 0.809896
vt 0.328125 0.809896
vt 0.328125 0.780925
vt 0.328125 0.834961
vt 0.359375 0.854167
vt 0.343750 0.834961
vt 0.328125 0.854167
vt 0.312500 0.854167
vt 0.312500 0.834961
vt 0.312500 0.809896
vt 0.312500 0.780925
vt 0.343750 0.750000
vt 0.359375 0.189889
vt 0.343750 0.208315
vt 0.343750 0.189889
vt 0.359375 0.208315
vt 0.343750 0.230647
vt 0.328125 0.189889
vt 0.328125 0.208315
vt 0.359375 0.176184
vt 0.359375 0.230647
vt 0.328125 0.230647
vt 0.312500 0.230647
vt 0.312500 0.208315
vt 0.312500 0.189889
vt 0.312500 0.176184
vt 0.328125 0.176184
vt 0.343750 0.176184
vt 0.296875 0.283811
vt 0.281250 0.313259
vt 0.281250 0.283811
vt 0.296875 0.313259
vt 0.281250 0.343845
vt 0.265625 0.283811
vt 0.265625 0.313259
vt 0.296875 0.256070
vt 0.296875 0.343845
vt 0.296875 0.375000
vt 0.281250 0.375000
vt 0.265625 0.343845
vt 0.265625 0.375000
vt 0.250000 0.343845
vt 0.250000 0.313259
vt 0.250000 0.283811
vt 0.250000 0.256070
vt 0.265625 0.256070
vt 0.281250 0.256070
vt 0.296875 0.562500
vt 0.281250 0.531250
vt 0.296875 0.531250
vt 0.296875 0.593750
vt 0.281250 0.562500
vt 0.265625 0.562500
vt 0.265625 0.531250
vt 0.265625 0.593750
vt 0.296875 0.500000
vt 0.296875 0.625000
vt 0.281250 0.593750
vt 0.265625 0.625000
vt 0.250000 0.625000
vt 0.250000 0.593750
vt 0.250000 0.562500
vt 0.250000 0.531250
vt 0.265625 0.500000
vt 0.250000 0.500000
vt 0.281250 0.500000
vt 0.296875 0.809896
vt 0.281250 0.780925
vt 0.296875 0.780925
vt 0.296875 0.834961
vt 0.281250 0.809896
vt 0.265625 0.809896
vt 0.265625 0.780925
vt 0.265625 0.834961
vt 0.296875 0.750000
vt 0.281250 0.834961
vt 0.250000 0.834961
vt 0.250000 0.809896
vt 0.250000 0.780925
vt 0.265625 0.750000
vt 0.250000 0.750000
vt 0.281250 0.750000
vt 0.296875 0.189889
vt 0.281250 0.208315
vt 0.281250 0.189889
vt 0.296875 0.208315
vt 0.281250 0.230647
vt 0.265625 0.189889
vt 0.265625 0.208315
vt 0.296875 0.176184
vt 0.296875 0.230647
vt 0.265625 0.230647
vt 0.250000 0.230647
vt 0.250000 0.208315
vt 0.250000 0.189889
vt 0.250000 0.176184
vt 0.265625 0.176184
vt 0.281250 0.176184
vt 0.296875 0.406250
vt 0.281250 0.437500
vt 0.281250 0.406250
vt 0.296875 0.437500
vt 0.281250 0.468750
vt 0.265625 0.406250
vt 0.265625 0.437500
vt 0.296875 0.468750
vt 0.265625 0.468750
vt 0.250000 0.468750
vt 0.250000 0.437500
vt 0.250000 0.406250
vt 0.250000 0.375000
vt 0.296875 0.687500
vt 0.281250 0.656250
vt 0.296875 0.656250
vt 0.296875 0.718750
vt 0.281250 0.687500
vt 0.265625 0.687500
vt 0.265625 0.656250
vt 0.265625 0.718750
vt 0.281250 0.718750
vt 0.250000 0.718750
vt 0.250000 0.687500
vt 0.250000 0.656250
vt 0.281250 0.625000
vt 0.031250 0.866211
vt 0.015625 0.872396
vt 0.015625 0.866211
vt 0.046875 0.872396
vt 0.031250 0.872396
vt 0.015625 0.874675
vt 0.046875 0.874675
vt 0.031250 0.874675
vt 0.015625 0.854167
vt 0.000000 0.866211
vt 0.000000 0.854167
vt 0.031250 0.854167
vt 0.046875 0.866211
vt 0.046875 0.854167
vt 0.046875 0.875000
vt 0.031250 0.875000
vt 0.015625 0.875000
vt 0.000000 0.875000
vt 0.000000 0.874675
vt 0.000000 0.872396
vt 0.234375 0.562500
vt 0.218750 0.531250
vt 0.234375 0.531250
vt 0.234375 0.593750
vt 0.218750 0.562500
vt 0.203125 0.562500
vt 0.203125 0.531250
vt 0.203125 0.593750
vt 0.234375 0.500000
vt 0.234375 0.625000
vt 0.218750 0.593750
vt 0.203125 0.625000
vt 0.187500 0.625000
vt 0.187500 0.593750
vt 0.187500 0.562500
vt 0.187500 0.531250
vt 0.203125 0.500000
vt 0.187500 0.500000
vt 0.218750 0.500000
vt 0.234375 0.809896
vt 0.218750 0.780925
vt 0.234375 0.780925
vt 0.234375 0.834961
vt 0.218750 0.809896
vt 0.203125 0.809896
vt 0.203125 0.780925
vt 0.203125 0.834961
vt 0.234375 0.750000
vt 0.218750 0.834961
vt 0.187500 0.834961
vt 0.187500 0.809896
vt 0.187500 0.780925
vt 0.203125 0.750000
vt 0.187500 0.750000
vt 0.218750 0.750000
vt 0.234375 0.189889
vt 0.218750 0.208315
vt 0.218750 0.189889
vt 0.234375 0.208315
vt 0.218750 0.230647
vt 0.203125 0.189889
vt 0.203125 0.208315
vt 0.234375 0.176184
vt 0.234375 0.230647
vt 0.234375 0.256070
vt 0.218750 0.256070
vt 0.203125 0.230647
vt 0.203125 0.256070
vt 0.187500 0.230647
vt 0.187500 0.208315
vt 0.187500 0.189889
vt 0.187500 0.176184
vt 0.203125 0.176184
vt 0.218750 0.176184
vt 0.234375 0.406250
vt 0.218750 0.437500
vt 0.218750 0.406250
vt 0.234375 0.437500
vt 0.218750 0.468750
vt 0.203125 0.406250
vt 0.203125 0.437500
vt 0.234375 0.375000
vt 0.234375 0.468750
vt 0.203125 0.468750
vt 0.187500 0.468750
vt 0.187500 0.437500
vt 0.187500 0.406250
vt 0.187500 0.375000
vt 0.203125 0.375000
vt 0.218750 0.375000
vt 0.234375 0.687500
vt 0.218750 0.656250
vt 0.234375 0.656250
vt 0.234375 0.718750
vt 0.218750 0.687500
vt 0.203125 0.687500
vt 0.203125 0.656250
vt 0.203125 0.718750
vt 0.218750 0.718750
vt 0.187500 0.718750
vt 0.187500 0.687500
vt 0.187500 0.656250
vt 0.218750 0.625000
vt 0.781250 0.866211
vt 0.765625 0.872396
vt 0.765625 0.866211
vt 0.796875 0.872396
vt 0.781250 0.872396
vt 0.765625 0.874675
vt 0.796875 0.874675
vt 0.781250 0.874675
vt 0.765625 0.854167
vt 0.781250 0.854167
vt 0.796875 0.866211
vt 0.796875 0.854167
vt 0.812500 0.866211
vt 0.812500 0.872396
vt 0.812500 0.874675
vt 0.812500 0.875000
vt 0.796875 0.875000
vt 0.781250 0.875000
vt 0.765625 0.875000
vt 0.234375 0.283811
vt 0.218750 0.313259
vt 0.218750 0.283811
vt 0.234375 0.313259
vt 0.218750 0.343845
vt 0.203125 0.283811
vt 0.203125 0.313259
vt 0.234375 0.343845
vt 0.203125 0.343845
vt 0.187500 0.343845
vt 0.187500 0.313259
vt 0.187500 0.283811
vt 0.187500 0.256070
vt 0.171875 0.189889
vt 0.156250 0.208315
vt 0.156250 0.189889
vt 0.171875 0.208315
vt 0.156250 0.230647
vt 0.140625 0.189889
vt 0.140625 0.208315
vt 0.171875 0.176184
vt 0.171875 0.230647
vt 0.171875 0.256070
vt 0.156250 0.256070
vt 0.140625 0.230647
vt 0.140625 0.256070
vt 0.125000 0.230647
vt 0.125000 0.208315
vt 0.125000 0.189889
vt 0.125000 0.176184
vt 0.140625 0.176184
vt 0.156250 0.176184
vt 0.171875 0.406250
vt 0.156250 0.437500
vt 0.156250 0.406250
vt 0.171875 0.437500
vt 0.156250 0.468750
vt 0.140625 0.406250
vt 0.140625 0.437500
vt 0.171875 0.375000
vt 0.171875 0.468750
vt 0.171875 0.500000
vt 0.156250 0.500000
vt 0.140625 0.468750
vt 0.140625 0.500000
vt 0.125000 0.468750
vt 0.125000 0.437500
vt 0.125000 0.406250
vt 0.125000 0.375000
vt 0.140625 0.375000
vt 0.156250 0.375000
vt 0.171875 0.687500
vt 0.156250 0.656250
vt 0.171875 0.656250
vt 0.171875 0.718750
vt 0.156250 0.687500
vt 0.140625 0.687500
vt 0.140625 0.656250
vt 0.140625 0.718750
vt 0.171875 0.625000
vt 0.171875 0.750000
vt 0.156250 0.718750
vt 0.140625 0.750000
vt 0.125000 0.750000
vt 0.125000 0.718750
vt 0.125000 0.687500
vt 0.125000 0.656250
vt 0.140625 0.625000
vt 0.125000 0.625000
vt 0.156250 0.625000
vt 0.906250 0.866211
vt 0.890625 0.872396
vt 0.890625 0.866211
vt 0.921875 0.872396
vt 0.906250 0.872396
vt 0.890625 0.874675
vt 0.921875 0.874675
vt 0.906250 0.874675
vt 0.890625 0.854167
vt 0.875000 0.866211
vt 0.875000 0.854167
vt 0.906250 0.854167
vt 0.921875 0.866211
vt 0.921875 0.854167
vt 0.937500 0.866211
vt 0.937500 0.872396
vt 0.937500 0.874675
vt 0.937500 0.875000
vt 0.921875 0.875000
vt 0.906250 0.875000
vt 0.890625 0.875000
vt 0.875000 0.875000
vt 0.875000 0.874675
vt 0.875000 0.872396
vt 0.171875 0.283811
vt 0.156250 0.313259
vt 0.156250 0.283811
vt 0.171875 0.313259
vt 0.156250 0.343845
vt 0.140625 0.283811
vt 0.140625 0.313259
vt 0.171875 0.343845
vt 0.140625 0.343845
vt 0.125000 0.343845
vt 0.125000 0.313259
vt 0.125000 0.283811
vt 0.125000 0.256070
vt 0.171875 0.562500
vt 0.156250 0.531250
vt 0.171875 0.531250
vt 0.171875 0.593750
vt 0.156250 0.562500
vt 0.140625 0.562500
vt 0.140625 0.531250
vt 0.140625 0.593750
vt 0.156250 0.593750
vt 0.125000 0.593750
vt 0.125000 0.562500
vt 0.125000 0.531250
vt 0.125000 0.500000
vt 0.171875 0.809896
vt 0.156250 0.780925
vt 0.171875 0.780925
vt 0.171875 0.834961
vt 0.156250 0.809896
vt 0.140625 0.809896
vt 0.140625 0.780925
vt 0.140625 0.834961
vt 0.156250 0.834961
vt 0.125000 0.834961
vt 0.125000 0.809896
vt 0.125000 0.780925
vt 0.156250 0.750000
vt 0.109375 0.687500
vt 0.093750 0.656250
vt 0.109375 0.656250
vt 0.109375 0.718750
vt 0.093750 0.687500
vt 0.078125 0.687500
vt 0.078125 0.656250
vt 0.078125 0.718750
vt 0.109375 0.625000
vt 0.109375 0.750000
vt 0.093750 0.718750
vt 0.078125 0.750000
vt 0.062500 0.750000
vt 0.062500 0.718750
vt 0.062500 0.687500
vt 0.062500 0.656250
vt 0.078125 0.625000
vt 0.062500 0.625000
vt 0.093750 0.625000
vt 0.968750 0.866211
vt 0.953125 0.872396
vt 0.953125 0.866211
vt 0.984375 0.872396
vt 0.968750 0.872396
vt 0.953125 0.874675
vt 0.984375 0.874675
vt 0.968750 0.874675
vt 0.953125 0.854167
vt 0.937500 0.854167
vt 0.968750 0.854167
vt 0.984375 0.866211
vt 0.984375 0.854167
vt 1.000000 0.866211
vt 1.000000 0.872396
vt 1.000000 0.874675
vt 1.000000 0.875000
vt 0.984375 0.875000
vt 0.968750 0.875000
vt 0.953125 0.875000
vt 0.109375 0.283811
vt 0.093750 0.313259
vt 0.093750 0.283811
vt 0.109375 0.313259
vt 0.093750 0.343845
vt 0.078125 0.283811
vt 0.078125 0.313259
vt 0.109375 0.256070
vt 0.109375 0.343845
vt 0.109375 0.375000
vt 0.093750 0.375000
vt 0.078125 0.343845
vt 0.078125 0.375000
vt 0.062500 0.343845
vt 0.062500 0.313259
vt 0.062500 0.283811
vt 0.062500 0.256070
vt 0.078125 0.256070
vt 0.093750 0.256070
vt 0.109375 0.562500
vt 0.093750 0.531250
vt 0.109375 0.531250
vt 0.109375 0.593750
vt 0.093750 0.562500
vt 0.078125 0.562500
vt 0.078125 0.531250
vt 0.078125 0.593750
vt 0.109375 0.500000
vt 0.093750 0.593750
vt 0.062500 0.593750
vt 0.062500 0.562500
vt 0.062500 0.531250
vt 0.078125 0.500000
vt 0.062500 0.500000
vt 0.093750 0.500000
vt 0.109375 0.809896
vt 0.093750 0.780925
vt 0.109375 0.780925
vt 0.109375 0.834961
vt 0.093750 0.809896
vt 0.078125 0.809896
vt 0.078125 0.780925
vt 0.078125 0.834961
vt 0.093750 0.834961
vt 0.062500 0.834961
vt 0.062500 0.809896
vt 0.062500 0.780925
vt 0.093750 0.750000
vt 0.109375 0.189889
vt 0.093750 0.208315
vt 0.093750 0.189889
vt 0.109375 0.208315
vt 0.093750 0.230647
vt 0.078125 0.189889
vt 0.078125 0.208315
vt 0.109375 0.176184
vt 0.109375 0.230647
vt 0.078125 0.230647
vt 0.062500 0.230647
vt 0.062500 0.208315
vt 0.062500 0.189889
vt 0.062500 0.176184
vt 0.078125 0.176184
vt 0.093750 0.176184
vt 0.109375 0.406250
vt 0.093750 0.437500
vt 0.093750 0.406250
vt 0.109375 0.437500
vt 0.093750 0.468750
vt 0.078125 0.406250
vt 0.078125 0.437500
vt 0.109375 0.468750
vt 0.078125 0.468750
vt 0.062500 0.468750
vt 0.062500 0.437500
vt 0.062500 0.406250
vt 0.062500 0.375000
vt 0.046875 0.283811
vt 0.031250 0.313259
vt 0.031250 0.283811
vt 0.046875 0.313259
vt 0.031250 0.343845
vt 0.015625 0.283811
vt 0.015625 0.313259
vt 0.046875 0.256070
vt 0.046875 0.343845
vt 0.046875 0.375000
vt 0.031250 0.375000
vt 0.015625 0.343845
vt 0.015625 0.375000
vt 0.000000 0.343845
vt 0.000000 0.313259
vt 0.000000 0.283811
vt 0.000000 0.256070
vt 0.015625 0.256070
vt 0.031250 0.256070
vt 0.046875 0.562500
vt 0.031250 0.531250
vt 0.046875 0.531250
vt 0.046875 0.593750
vt 0.031250 0.562500
vt 0.015625 0.562500
vt 0.015625 0.531250
vt 0.015625 0.593750
vt 0.046875 0.500000
vt 0.046875 0.625000
vt 0.031250 0.593750
vt 0.015625 0.625000
vt 0.000000 0.625000
vt 0.000000 0.593750
vt 0.000000 0.562500
vt 0.000000 0.531250
vt 0.015625 0.500000
vt 0.000000 0.500000
vt 0.031250 0.500000
vt 0.046875 0.809896
vt 0.031250 0.780925
vt 0.046875 0.780925
vt 0.046875 0.834961
vt 0.031250 0.809896
vt 0.015625 0.809896
vt 0.015625 0.780925
vt 0.015625 0.834961
vt 0.046875 0.750000
vt 0.031250 0.834961
vt 0.000000 0.834961
vt 0.000000 0.809896
vt 0.000000 0.780925
vt 0.015625 0.750000
vt 0.000000 0.750000
vt 0.031250 0.750000
vt 0.046875 0.189889
vt 0.031250 0.208315
vt 0.031250 0.189889
vt 0.046875 0.208315
vt 0.031250 0.230647
vt 0.015625 0.189889
vt 0.015625 0.208315
vt 0.046875 0.176184
vt 0.046875 0.230647
vt 0.015625 0.230647
vt 0.000000 0.230647
vt 0.000000 0.208315
vt 0.000000 0.189889
vt 0.000000 0.176184
vt 0.015625 0.176184
vt 0.031250 0.176184
vt 0.046875 0.406250
vt 0.031250 0.437500
vt 0.031250 0.406250
vt 0.046875 0.437500
vt 0.031250 0.468750
vt 0.015625 0.406250
vt 0.015625 0.437500
vt 0.046875 0.468750
vt 0.015625 0.468750
vt 0.000000 0.468750
vt 0.000000 0.437500
vt 0.000000 0.406250
vt 0.000000 0.375000
vt 0.046875 0.687500
vt 0.031250 0.656250
vt 0.046875 0.656250
vt 0.046875 0.718750
vt 0.031250 0.687500
vt 0.015625 0.687500
vt 0.015625 0.656250
vt 0.015625 0.718750
vt 0.031250 0.718750
vt 0.000000 0.718750
vt 0.000000 0.687500
vt 0.000000 0.656250
vt 0.031250 0.625000
vt 0.843750 0.866211
vt 0.828125 0.872396
vt 0.828125 0.866211
vt 0.859375 0.872396
vt 0.843750 0.872396
vt 0.828125 0.874675
vt 0.859375 0.874675
vt 0.843750 0.874675
vt 0.828125 0.854167
vt 0.812500 0.854167
vt 0.843750 0.854167
vt 0.859375 0.866211
vt 0.859375 0.854167
vt 0.859375 0.875000
vt 0.843750 0.875000
vt 0.828125 0.875000
vt 0.984375 0.809896
vt 0.968750 0.780925
vt 0.984375 0.780925
vt 0.984375 0.834961
vt 0.968750 0.809896
vt 0.953125 0.809896
vt 0.953125 0.780925
vt 0.953125 0.834961
vt 1.000000 0.780925
vt 0.984375 0.750000
vt 1.000000 0.750000
vt 1.000000 0.809896
vt 1.000000 0.834961
vt 1.000000 0.854167
vt 0.968750 0.834961
vt 0.937500 0.834961
vt 0.937500 0.809896
vt 0.937500 0.780925
vt 0.953125 0.750000
vt 0.937500 0.750000
vt 0.968750 0.750000
vt 0.984375 0.189889
vt 0.968750 0.208315
vt 0.968750 0.189889
vt 0.984375 0.208315
vt 0.968750 0.230647
vt 0.953125 0.189889
vt 0.953125 0.208315
vt 1.000000 0.176184
vt 0.984375 0.176184
vt 1.000000 0.189889
vt 1.000000 0.208315
vt 0.984375 0.230647
vt 1.000000 0.230647
vt 0.984375 0.256070
vt 0.968750 0.256070
vt 0.953125 0.230647
vt 0.953125 0.256070
vt 0.937500 0.230647
vt 0.937500 0.208315
vt 0.937500 0.189889
vt 0.937500 0.176184
vt 0.953125 0.176184
vt 0.968750 0.176184
vt 0.984375 0.406250
vt 0.968750 0.437500
vt 0.968750 0.406250
vt 0.984375 0.437500
vt 0.968750 0.468750
vt 0.953125 0.406250
vt 0.953125 0.437500
vt 1.000000 0.375000
vt 0.984375 0.375000
vt 1.000000 0.406250
vt 1.000000 0.437500
vt 0.984375 0.468750
vt 1.000000 0.468750
vt 0.984375 0.500000
vt 0.968750 0.500000
vt 0.953125 0.468750
vt 0.953125 0.500000
vt 0.937500 0.468750
vt 0.937500 0.437500
vt 0.937500 0.406250
vt 0.937500 0.375000
vt 0.953125 0.375000
vt 0.968750 0.375000
vt 0.984375 0.687500
vt 0.968750 0.656250
vt 0.984375 0.656250
vt 0.984375 0.718750
vt 0.968750 0.687500
vt 0.953125 0.687500
vt 0.953125 0.656250
vt 0.953125 0.718750
vt 1.000000 0.656250
vt 0.984375 0.625000
vt 1.000000 0.625000
vt 1.000000 0.687500
vt 1.000000 0.718750
vt 0.968750 0.718750
vt 0.937500 0.718750
vt 0.937500 0.687500
vt 0.937500 0.656250
vt 0.953125 0.625000
vt 0.937500 0.625000
vt 0.968750 0.625000
vt 0.593750 0.866211
vt 0.578125 0.872396
vt 0.578125 0.866211
vt 0.609375 0.872396
vt 0.593750 0.872396
vt 0.578125 0.874675
vt 0.609375 0.874675
vt 0.593750 0.874675
vt 0.593750 0.854167
vt 0.609375 0.866211
vt 0.625000 0.866211
vt 0.625000 0.872396
vt 0.625000 0.874675
vt 0.625000 0.875000
vt 0.609375 0.875000
vt 0.593750 0.875000
vt 0.578125 0.875000
vt 0.984375 0.283811
vt 0.968750 0.313259
vt 0.968750 0.283811
vt 0.984375 0.313259
vt 0.968750 0.343845
vt 0.953125 0.283811
vt 0.953125 0.313259
vt 1.000000 0.256070
vt 1.000000 0.283811
vt 1.000000 0.313259
vt 0.984375 0.343845
vt 1.000000 0.343845
vt 0.953125 0.343845
vt 0.937500 0.343845
vt 0.937500 0.313259
vt 0.937500 0.283811
vt 0.937500 0.256070
vt 0.984375 0.562500
vt 0.968750 0.531250
vt 0.984375 0.531250
vt 0.984375 0.593750
vt 0.968750 0.562500
vt 0.953125 0.562500
vt 0.953125 0.531250
vt 0.953125 0.593750
vt 1.000000 0.531250
vt 1.000000 0.500000
vt 1.000000 0.562500
vt 1.000000 0.593750
vt 0.968750 0.593750
vt 0.937500 0.593750
vt 0.937500 0.562500
vt 0.937500 0.531250
vt 0.937500 0.500000
vt 0.921875 0.189889
vt 0.906250 0.208315
vt 0.906250 0.189889
vt 0.921875 0.208315
vt 0.906250 0.230647
vt 0.890625 0.189889
vt 0.890625 0.208315
vt 0.921875 0.176184
vt 0.921875 0.230647
vt 0.921875 0.256070
vt 0.906250 0.256070
vt 0.890625 0.230647
vt 0.890625 0.256070
vt 0.875000 0.230647
vt 0.875000 0.208315
vt 0.875000 0.189889
vt 0.875000 0.176184
vt 0.890625 0.176184
vt 0.906250 0.176184
vt 0.921875 0.406250
vt 0.906250 0.437500
vt 0.906250 0.406250
vt 0.921875 0.437500
vt 0.906250 0.468750
vt 0.890625 0.406250
vt 0.890625 0.437500
vt 0.921875 0.375000
vt 0.921875 0.468750
vt 0.921875 0.500000
vt 0.906250 0.500000
vt 0.890625 0.468750
vt 0.890625 0.500000
vt 0.875000 0.468750
vt 0.875000 0.437500
vt 0.875000 0.406250
vt 0.875000 0.375000
vt 0.890625 0.375000
vt 0.906250 0.375000
vt 0.921875 0.687500
vt 0.906250 0.656250
vt 0.921875 0.656250
vt 0.921875 0.718750
vt 0.906250 0.687500
vt 0.890625 0.687500
vt 0.890625 0.656250
vt 0.890625 0.718750
vt 0.921875 0.625000
vt 0.921875 0.750000
vt 0.906250 0.718750
vt 0.890625 0.750000
vt 0.875000 0.750000
vt 0.875000 0.718750
vt 0.875000 0.687500
vt 0.875000 0.656250
vt 0.890625 0.625000
vt 0.875000 0.625000
vt 0.906250 0.625000
vt 0.468750 0.866211
vt 0.453125 0.872396
vt 0.453125 0.866211
vt 0.484375 0.872396
vt 0.468750 0.872396
vt 0.453125 0.874675
vt 0.484375 0.874675
vt 0.468750 0.874675
vt 0.468750 0.854167
vt 0.484375 0.866211
vt 0.484375 0.875000
vt 0.468750 0.875000
vt 0.453125 0.875000
vt 0.921875 0.283811
vt 0.906250 0.313259
vt 0.906250 0.283811
vt 0.921875 0.313259
vt 0.906250 0.343845
vt 0.890625 0.283811
vt 0.890625 0.313259
vt 0.921875 0.343845
vt 0.890625 0.343845
vt 0.875000 0.343845
vt 0.875000 0.313259
vt 0.875000 0.283811
vt 0.875000 0.256070
vt 0.921875 0.562500
vt 0.906250 0.531250
vt 0.921875 0.531250
vt 0.921875 0.593750
vt 0.906250 0.562500
vt 0.890625 0.562500
vt 0.890625 0.531250
vt 0.890625 0.593750
vt 0.906250 0.593750
vt 0.875000 0.593750
vt 0.875000 0.562500
vt 0.875000 0.531250
vt 0.875000 0.500000
vt 0.921875 0.809896
vt 0.906250 0.780925
vt 0.921875 0.780925
vt 0.921875 0.834961
vt 0.906250 0.809896
vt 0.890625 0.809896
vt 0.890625 0.780925
vt 0.890625 0.834961
vt 0.906250 0.834961
vt 0.875000 0.834961
vt 0.875000 0.809896
vt 0.875000 0.780925
vt 0.906250 0.750000
vt 0.656250 0.866211
vt 0.640625 0.872396
vt 0.640625 0.866211
vt 0.671875 0.872396
vt 0.656250 0.872396
vt 0.640625 0.874675
vt 0.671875 0.874675
vt 0.656250 0.874675
vt 0.656250 0.854167
vt 0.671875 0.866211
vt 0.671875 0.875000
vt 0.656250 0.875000
vt 0.640625 0.875000
vt 0.859375 0.283811
vt 0.843750 0.313259
vt 0.843750 0.283811
vt 0.859375 0.313259
vt 0.843750 0.343845
vt 0.828125 0.283811
vt 0.828125 0.313259
vt 0.859375 0.256070
vt 0.859375 0.343845
vt 0.859375 0.375000
vt 0.843750 0.375000
vt 0.828125 0.343845
vt 0.828125 0.375000
vt 0.812500 0.343845
vt 0.812500 0.313259
vt 0.812500 0.283811
vt 0.812500 0.256070
vt 0.828125 0.256070
vt 0.843750 0.256070
vt 0.859375 0.562500
vt 0.843750 0.531250
vt 0.859375 0.531250
vt 0.859375 0.593750
vt 0.843750 0.562500
vt 0.828125 0.562500
vt 0.828125 0.531250
vt 0.828125 0.593750
vt 0.859375 0.500000
vt 0.859375 0.625000
vt 0.843750 0.593750
vt 0.828125 0.625000
vt 0.812500 0.625000
vt 0.812500 0.593750
vt 0.812500 0.562500
vt 0.812500 0.531250
vt 0.828125 0.500000
vt 0.812500 0.500000
vt 0.843750 0.500000
vt 0.859375 0.809896
vt 0.843750 0.780925
vt 0.859375 0.780925
vt 0.859375 0.834961
vt 0.843750 0.809896
vt 0.828125 0.809896
vt 0.828125 0.780925
vt 0.828125 0.834961
vt 0.859375 0.750000
vt 0.843750 0.834961
vt 0.812500 0.834961
vt 0.812500 0.809896
vt 0.812500 0.780925
vt 0.828125 0.750000
vt 0.812500 0.750000
vt 0.843750 0.750000
vt 0.859375 0.189889
vt 0.843750 0.208315
vt 0.843750 0.189889
vt 0.859375 0.208315
vt 0.843750 0.230647
vt 0.828125 0.189889
vt 0.828125 0.208315
vt 0.859375 0.176184
vt 0.859375 0.230647
vt 0.828125 0.230647
vt 0.812500 0.230647
vt 0.812500 0.208315
vt 0.812500 0.189889
vt 0.812500 0.176184
vt 0.828125 0.176184
vt 0.843750 0.176184
vt 0.859375 0.406250
vt 0.843750 0.437500
vt 0.843750 0.406250
vt 0.859375 0.437500
vt 0.843750 0.468750
vt 0.828125 0.406250
vt 0.828125 0.437500
vt 0.859375 0.468750
vt 0.828125 0.468750
vt 0.812500 0.468750
vt 0.812500 0.437500
vt 0.812500 0.406250
vt 0.812500 0.375000
vt 0.859375 0.687500
vt 0.843750 0.656250
vt 0.859375 0.656250
vt 0.859375 0.718750
vt 0.843750 0.687500
vt 0.828125 0.687500
vt 0.828125 0.656250
vt 0.828125 0.718750
vt 0.843750 0.718750
vt 0.812500 0.718750
vt 0.812500 0.687500
vt 0.812500 0.656250
vt 0.843750 0.625000
vt 0.796875 0.283811
vt 0.781250 0.313259
vt 0.781250 0.283811
vt 0.796875 0.313259
vt 0.781250 0.343845
vt 0.765625 0.283811
vt 0.765625 0.313259
vt 0.796875 0.256070
vt 0.796875 0.343845
vt 0.796875 0.375000
vt 0.781250 0.375000
vt 0.765625 0.343845
vt 0.765625 0.375000
vt 0.765625 0.256070
vt 0.781250 0.256070
vt 0.796875 0.562500
vt 0.781250 0.531250
vt 0.796875 0.531250
vt 0.796875 0.593750
vt 0.781250 0.562500
vt 0.765625 0.562500
vt 0.765625 0.531250
vt 0.765625 0.593750
vt 0.796875 0.500000
vt 0.796875 0.625000
vt 0.781250 0.593750
vt 0.765625 0.625000
vt 0.765625 0.500000
vt 0.781250 0.500000
vt 0.796875 0.809896
vt 0.781250 0.780925
vt 0.796875 0.780925
vt 0.796875 0.834961
vt 0.781250 0.809896
vt 0.765625 0.809896
vt 0.765625 0.780925
vt 0.765625 0.834961
vt 0.796875 0.750000
vt 0.781250 0.834961
vt 0.765625 0.750000
vt 0.781250 0.750000
vt 0.796875 0.189889
vt 0.781250 0.208315
vt 0.781250 0.189889
vt 0.796875 0.208315
vt 0.781250 0.230647
vt 0.765625 0.189889
vt 0.765625 0.208315
vt 0.796875 0.176184
vt 0.796875 0.230647
vt 0.765625 0.230647
vt 0.765625 0.176184
vt 0.781250 0.176184
vt 0.796875 0.406250
vt 0.781250 0.437500
vt 0.781250 0.406250
vt 0.796875 0.437500
vt 0.781250 0.468750
vt 0.765625 0.406250
vt 0.765625 0.437500
vt 0.796875 0.468750
vt 0.765625 0.468750
vt 0.796875 0.687500
vt 0.781250 0.656250
vt 0.796875 0.656250
vt 0.796875 0.718750
vt 0.781250 0.687500
vt 0.765625 0.687500
vt 0.765625 0.656250
vt 0.765625 0.718750
vt 0.781250 0.718750
vt 0.781250 0.625000
vt 0.343750 0.866211
vt 0.328125 0.872396
vt 0.328125 0.866211
vt 0.359375 0.872396
vt 0.343750 0.872396
vt 0.328125 0.874675
vt 0.359375 0.874675
vt 0.343750 0.874675
vt 0.343750 0.854167
vt 0.359375 0.866211
vt 0.359375 0.875000
vt 0.343750 0.875000
vt 0.328125 0.875000
vt 0.406780 0.167649
vt 0.425317 0.163267
vt 0.422305 0.167649
vt 0.394706 0.163267
vt 0.410494 0.163267
vt 0.433442 0.161652
vt 0.403896 0.161652
vt 0.420404 0.161652
vt 0.437808 0.167649
vt 0.391135 0.167649
vt 0.375512 0.167649
vt 0.379099 0.163267
vt 0.388297 0.161652
vt 0.401042 0.161421
vt 0.418770 0.161421
vt 0.438850 0.161421
vt 0.449137 0.161421
vt 0.453125 0.161421
vt 0.445478 0.161652
vt 0.439960 0.163267
vt 0.966667 0.167649
vt 0.965691 0.163267
vt 0.982040 0.167649
vt 0.940053 0.163267
vt 0.952088 0.163267
vt 0.921340 0.161652
vt 0.909698 0.161652
vt 0.912709 0.161652
vt 0.997559 0.167649
vt 0.951491 0.167649
vt 0.936168 0.167649
vt 0.926842 0.163267
vt 0.902928 0.161652
vt 0.869792 0.161421
vt 0.854398 0.161421
vt 0.836998 0.161421
vt 0.835094 0.161421
vt 0.843750 0.161421
vt 0.934082 0.161652
vt 0.980469 0.163267
vt 0.469015 0.167649
vt 0.485936 0.163267
vt 0.484570 0.167649
vt 0.455325 0.163267
vt 0.470872 0.163267
vt 0.489733 0.161652
vt 0.460186 0.161652
vt 0.475827 0.161652
vt 0.500103 0.167649
vt 0.453400 0.167649
vt 0.467418 0.161421
vt 0.485050 0.161421
vt 0.497786 0.161421
vt 0.505208 0.161421
vt 0.502659 0.161652
vt 0.500820 0.163267
vt 0.031630 0.167649
vt 0.055990 0.163267
vt 0.048014 0.167649
vt 0.016005 0.163267
vt 0.034288 0.163267
vt 0.076497 0.161652
vt 0.016812 0.161652
vt 0.040744 0.161652
vt 0.064399 0.167649
vt 0.015672 0.167649
vt 0.000000 0.167649
vt 0.000000 0.163267
vt 0.000000 0.161652
vt 0.000000 0.161421
vt 0.017904 0.161421
vt 0.049479 0.161421
vt 0.108398 0.161421
vt 0.208333 0.161421
vt 0.115343 0.161652
vt 0.077691 0.163267
vt 0.531250 0.167649
vt 0.546556 0.163267
vt 0.546835 0.167649
vt 0.515945 0.163267
vt 0.531250 0.163267
vt 0.546023 0.161652
vt 0.516477 0.161652
vt 0.531250 0.161652
vt 0.562398 0.167649
vt 0.531250 0.176184
vt 0.515665 0.167649
vt 0.516066 0.161421
vt 0.531250 0.161421
vt 0.546434 0.161421
vt 0.557292 0.161421
vt 0.559841 0.161652
vt 0.561680 0.163267
vt 0.095806 0.167649
vt 0.122420 0.163267
vt 0.111006 0.167649
vt 0.095751 0.163267
vt 0.110195 0.163267
vt 0.152724 0.161652
vt 0.138295 0.161652
vt 0.149167 0.161652
vt 0.126332 0.167649
vt 0.080328 0.167649
vt 0.224070 0.161421
vt 0.224633 0.161421
vt 0.207994 0.161421
vt 0.192708 0.161421
vt 0.159572 0.161652
vt 0.135658 0.163267
vt 0.593485 0.167649
vt 0.607175 0.163267
vt 0.609100 0.167649
vt 0.576564 0.163267
vt 0.591628 0.163267
vt 0.602314 0.161652
vt 0.572767 0.161652
vt 0.586673 0.161652
vt 0.624693 0.167649
vt 0.577930 0.167649
vt 0.564714 0.161421
vt 0.577450 0.161421
vt 0.595082 0.161421
vt 0.609375 0.161421
vt 0.617022 0.161652
vt 0.622541 0.163267
vt 0.157841 0.167649
vt 0.182840 0.163267
vt 0.173246 0.167649
vt 0.152229 0.163267
vt 0.168981 0.163267
vt 0.208280 0.161652
vt 0.178734 0.161652
vt 0.198712 0.161652
vt 0.188627 0.167649
vt 0.142075 0.167649
vt 0.224176 0.161421
vt 0.254051 0.161421
vt 0.254544 0.161421
vt 0.244792 0.161421
vt 0.216754 0.161652
vt 0.196518 0.163267
vt 0.655720 0.167649
vt 0.667794 0.163267
vt 0.671365 0.167649
vt 0.637183 0.163267
vt 0.652006 0.163267
vt 0.658604 0.161652
vt 0.629058 0.161652
vt 0.642096 0.161652
vt 0.686988 0.167649
vt 0.640195 0.167649
vt 0.613363 0.161421
vt 0.623650 0.161421
vt 0.643730 0.161421
vt 0.661458 0.161421
vt 0.674203 0.161652
vt 0.683401 0.163267
vt 0.220076 0.167649
vt 0.243459 0.163267
vt 0.235511 0.167649
vt 0.212848 0.163267
vt 0.229360 0.163267
vt 0.264571 0.161652
vt 0.235024 0.161652
vt 0.254135 0.161652
vt 0.250922 0.167649
vt 0.204340 0.167649
vt 0.272825 0.161421
vt 0.300251 0.161421
vt 0.303193 0.161421
vt 0.296875 0.161421
vt 0.273935 0.161652
vt 0.257378 0.163267
vt 0.780189 0.167649
vt 0.789032 0.163267
vt 0.795895 0.167649
vt 0.758421 0.163267
vt 0.772762 0.163267
vt 0.771185 0.161652
vt 0.741639 0.161652
vt 0.752942 0.161652
vt 0.811578 0.167649
vt 0.764724 0.167649
vt 0.749283 0.167649
vt 0.744261 0.163267
vt 0.731384 0.161652
vt 0.713542 0.161421
vt 0.710659 0.161421
vt 0.716049 0.161421
vt 0.741027 0.161421
vt 0.765625 0.161421
vt 0.788565 0.161652
vt 0.805122 0.163267
vt 0.717954 0.167649
vt 0.728413 0.163267
vt 0.733630 0.167649
vt 0.697802 0.163267
vt 0.712384 0.163267
vt 0.714895 0.161652
vt 0.685348 0.161652
vt 0.697519 0.161652
vt 0.702460 0.167649
vt 0.662011 0.161421
vt 0.669850 0.161421
vt 0.692379 0.161421
vt 0.282311 0.167649
vt 0.304079 0.163267
vt 0.297775 0.167649
vt 0.273468 0.163267
vt 0.289738 0.163267
vt 0.320861 0.161652
vt 0.291315 0.161652
vt 0.309558 0.161652
vt 0.313217 0.167649
vt 0.266605 0.167649
vt 0.321473 0.161421
vt 0.346451 0.161421
vt 0.351841 0.161421
vt 0.348958 0.161421
vt 0.331116 0.161652
vt 0.318239 0.163267
vt 0.842424 0.167649
vt 0.849651 0.163267
vt 0.858159 0.167649
vt 0.819040 0.163267
vt 0.833140 0.163267
vt 0.827476 0.161652
vt 0.797929 0.161652
vt 0.808365 0.161652
vt 0.873873 0.167649
vt 0.826989 0.167649
vt 0.759308 0.161421
vt 0.762249 0.161421
vt 0.789675 0.161421
vt 0.817708 0.161421
vt 0.845746 0.161652
vt 0.865982 0.163267
vt 0.344546 0.167649
vt 0.364698 0.163267
vt 0.360040 0.167649
vt 0.334087 0.163267
vt 0.350116 0.163267
vt 0.377152 0.161652
vt 0.347605 0.161652
vt 0.364981 0.161652
vt 0.328870 0.167649
vt 0.370121 0.161421
vt 0.392650 0.161421
vt 0.400489 0.161421
vt 0.904658 0.167649
vt 0.910271 0.163267
vt 0.920424 0.167649
vt 0.879660 0.163267
vt 0.893518 0.163267
vt 0.883766 0.161652
vt 0.854220 0.161652
vt 0.863788 0.161652
vt 0.889254 0.167649
vt 0.807956 0.161421
vt 0.808449 0.161421
vt 0.838324 0.161421
vt 0.656587 0.161421
vt 0.687921 0.161421
vt 0.703536 0.161421
vt 0.625252 0.161421
vt 0.665250 0.161421
vt 0.593918 0.161421
vt 0.626964 0.161421
vt 0.562584 0.161421
vt 0.588679 0.161421
vt 0.531249 0.161421
vt 0.550393 0.161421
vt 0.499915 0.161421
vt 0.512107 0.161421
vt 0.468580 0.161421
vt 0.473821 0.161421
vt 0.437246 0.161421
vt 0.435535 0.161421
vt 0.405912 0.161421
vt 0.397249 0.161421
vt 0.374577 0.161421
vt 0.358963 0.161421
vt 0.343993 0.161421
vt 0.320677 0.161421
vt 0.345158 0.161421
vt 0.285706 0.161421
vt 0.530585 0.161421
vt 0.361379 0.161421
vt 0.716716 0.161421
vt 0.698984 0.161421
vt 0.718491 0.161421
vt 0.776719 0.161421
vt 0.741822 0.161421
vt 0.355957 0.161421
vt 0.529948 0.161421
vt 0.701986 0.161421
vt 0.265625 0.875000
vt 0.281250 0.875000
vt 0.265625 0.875000
vt 0.296875 0.875000
vt 0.281250 0.875000
vt 0.281250 0.875000
vt 0.265625 0.875000
vt 0.296875 0.875000
vt 0.250000 0.875000
vt 0.250000 0.875000
vt 0.265625 0.875000
vt 0.296875 0.875000
vt 0.281250 0.875000
vt 0.312500 0.875000
vt 0.312500 0.875000
vt 0.312500 0.875000
vt 0.296875 0.875000
vt 0.312500 0.875000
vt 0.296875 0.875000
vt 0.281250 0.875000
vt 0.265625 0.875000
vt 0.250000 0.875000
vt 0.250000 0.875000
vt 0.250000 0.875000
vt 0.000000 0.000000
vt 0.000000 0.000000
vt 0.000000 0.000000
vt 0.000000 0.000000
vt 0.000000 0.000000
vt 0.000000 0.000000
vt 0.000000 0.000000
vt 0.000000 0.000000
vt 0.000000 0.000000
vt 0.000000 0.000000
vt 0.000000 0.000000
vt 0.000000 0.000000
vt 0.000000 0.000000
vt 0.000000 0.000000
vt 0.000000 0.000000
vt 0.000000 0.000000
vt 0.000000 0.000000
vt 0.000000 0.000000
vt 0.000000 0.000000
vt 0.000000 0.000000
vt 0.000000 0.000000
vt 0.000000 0.000000
vt 0.000000 0.000000
vt 0.000000 0.000000
vt 0.828125 0.875000
vt 0.843750 0.875000
vt 0.828125 0.875000
vt 0.859375 0.875000
vt 0.843750 0.875000
vt 0.843750 0.875000
vt 0.828125 0.875000
vt 0.859375 0.875000
vt 0.812500 0.875000
vt 0.812500 0.875000
vt 0.828125 0.875000
vt 0.859375 0.875000
vt 0.843750 0.875000
vt 0.875000 0.875000
vt 0.875000 0.875000
vt 0.875000 0.875000
vt 0.859375 0.875000
vt 0.875000 0.875000
vt 0.859375 0.875000
vt 0.843750 0.875000
vt 0.828125 0.875000
vt 0.812500 0.875000
vt 0.812500 0.875000
vt 0.812500 0.875000
vt 0.000000 0.000000
vt 0.000000 0.000000
vt 0.000000 0.000000
vt 0.000000 0.000000
vt 0.000000 0.000000
vt 0.000000 0.000000
vt 0.000000 0.000000
vt 0.000000 0.000000
vt 0.000000 0.000000
vt 0.000000 0.000000
vt 0.000000 0.000000
vt 0.000000 0.000000
vt 0.000000 0.000000
vt 0.000000 0.000000
vt 0.000000 0.000000
vt 0.000000 0.000000
vt 0.000000 0.000000
vt 0.000000 0.000000
vt 0.000000 0.000000
vt 0.000000 0.000000
vt 0.328122 0.875000
vt 0.343533 0.875000
vt 0.328098 0.875000
vt 0.359297 0.875000
vt 0.343723 0.875000
vt 0.343072 0.875000
vt 0.328040 0.875000
vt 0.358751 0.875000
vt 0.328125 0.875000
vt 0.359375 0.875000
vt 0.343750 0.875000
vt 0.375000 0.875000
vt 0.374892 0.875000
vt 0.374132 0.875000
vt 0.357317 0.875000
vt 0.371880 0.875000
vt 0.354981 0.875000
vt 0.342448 0.875000
vt 0.327962 0.875000
vt 0.312500 0.875000
vt 0.000000 0.000000
vt 0.000000 0.000000
vt 0.000000 0.000000
vt 0.000000 0.000000
vt 0.000000 0.000000
vt 0.000000 0.000000
vt 0.000000 0.000000
vt 0.000000 0.000000
vt 0.000000 0.000000
vt 0.000000 0.000000
vt 0.000000 0.000000
vt 0.000000 0.000000
vt 0.000000 0.000000
vt 0.000000 0.000000
vt 0.000000 0.000000
vt 0.000000 0.000000
vt 0.000000 0.000000
vt 0.000000 0.000000
vt 0.000000 0.000000
vt 0.000000 0.000000
vt 0.890625 0.875000
vt 0.906250 0.875000
vt 0.890625 0.875000
vt 0.921875 0.875000
vt 0.906250 0.875000
vt 0.906250 0.875000
vt 0.890625 0.875000
vt 0.921875 0.875000
vt 0.890625 0.875000
vt 0.921875 0.875000
vt 0.906250 0.875000
vt 0.937500 0.875000
vt 0.937500 0.875000
vt 0.937500 0.875000
vt 0.921875 0.875000
vt 0.937500 0.875000
vt 0.921875 0.875000
vt 0.906250 0.875000
vt 0.890625 0.875000
vt 0.875000 0.875000
vt 0.453125 0.875000
vt 0.468750 0.875000
vt 0.453125 0.875000
vt 0.484375 0.875000
vt 0.468750 0.875000
vt 0.468750 0.875000
vt 0.453125 0.875000
vt 0.484375 0.875000
vt 0.437500 0.875000
vt 0.437500 0.875000
vt 0.453125 0.875000
vt 0.484375 0.875000
vt 0.468750 0.875000
vt 0.500000 0.875000
vt 0.500000 0.875000
vt 0.500000 0.875000
vt 0.484375 0.875000
vt 0.500000 0.875000
vt 0.484375 0.875000
vt 0.468750 0.875000
vt 0.453125 0.875000
vt 0.437500 0.875000
vt 0.437500 0.875000
vt 0.437500 0.875000
vt 0.000000 0.000000
vt 0.000000 0.000000
vt 0.000000 0.000000
vt 0.000000 0.000000
vt 0.000000 0.000000
vt 0.000000 0.000000
vt 0.000000 0.000000
vt 0.000000 0.000000
vt 0.000000 0.000000
vt 0.000000 0.000000
vt 0.000000 0.000000
vt 0.000000 0.000000
vt 0.000000 0.000000
vt 0.000000 0.000000
vt 0.000000 0.000000
vt 0.000000 0.000000
vt 0.000000 0.000000
vt 0.000000 0.000000
vt 0.000000 0.000000
vt 0.000000 0.000000
vt 0.390547 0.875000
vt 0.406033 0.875000
vt 0.390001 0.875000
vt 0.421872 0.875000
vt 0.406223 0.875000
vt 0.405626 0.875000
vt 0.388682 0.875000
vt 0.421848 0.875000
vt 0.390625 0.875000
vt 0.421875 0.875000
vt 0.406250 0.875000
vt 0.421797 0.875000
vt 0.421767 0.875000
vt 0.405382 0.875000
vt 0.387506 0.875000
vt 0.364583 0.875000
vt 0.703125 0.875000
vt 0.718750 0.875000
vt 0.703125 0.875000
vt 0.734375 0.875000
vt 0.718750 0.875000
vt 0.718750 0.875000
vt 0.703125 0.875000
vt 0.734375 0.875000
vt 0.687500 0.875000
vt 0.687500 0.875000
vt 0.703125 0.875000
vt 0.734375 0.875000
vt 0.718750 0.875000
vt 0.750000 0.875000
vt 0.750000 0.875000
vt 0.750000 0.875000
vt 0.734375 0.875000
vt 0.750000 0.875000
vt 0.734375 0.875000
vt 0.718750 0.875000
vt 0.703125 0.875000
vt 0.687500 0.875000
vt 0.687500 0.875000
vt 0.687500 0.875000
vt 0.000000 0.000000
vt 0.000000 0.000000
vt 0.000000 0.000000
vt 0.000000 0.000000
vt 0.000000 0.000000
vt 0.000000 0.000000
vt 0.000000 0.000000
vt 0.000000 0.000000
vt 0.000000 0.000000
vt 0.000000 0.000000
vt 0.000000 0.000000
vt 0.000000 0.000000
vt 0.000000 0.000000
vt 0.000000 0.000000
vt 0.000000 0.000000
vt 0.000000 0.000000
vt 0.000000 0.000000
vt 0.000000 0.000000
vt 0.000000 0.000000
vt 0.000000 0.000000
vt 0.953125 0.875000
vt 0.968750 0.875000
vt 0.953125 0.875000
vt 0.984375 0.875000
vt 0.968750 0.875000
vt 0.968750 0.875000
vt 0.953125 0.875000
vt 0.984375 0.875000
vt 0.953125 0.875000
vt 0.984375 0.875000
vt 0.968750 0.875000
vt 1.000000 0.875000
vt 1.000000 0.875000
vt 1.000000 0.875000
vt 0.984375 0.875000
vt 1.000000 0.875000
vt 0.984375 0.875000
vt 0.968750 0.875000
vt 0.953125 0.875000
vt 0.937500 0.875000
vt 0.015544 0.875000
vt 0.031250 0.875000
vt 0.015625 0.875000
vt 0.044895 0.875000
vt 0.030599 0.875000
vt 0.031847 0.875000
vt 0.015700 0.875000
vt 0.046875 0.875000
vt 0.000000 0.875000
vt 0.000000 0.875000
vt 0.015462 0.875000
vt 0.042480 0.875000
vt 0.029948 0.875000
vt 0.052083 0.875000
vt 0.059489 0.875000
vt 0.062500 0.875000
vt 0.048740 0.875000
vt 0.065511 0.875000
vt 0.049995 0.875000
vt 0.032118 0.875000
vt 0.015733 0.875000
vt 0.000000 0.875000
vt 0.000000 0.875000
vt 0.000000 0.875000
vt 0.000000 0.000000
vt 0.000000 0.000000
vt 0.000000 0.000000
vt 0.000000 0.000000
vt 0.000000 0.000000
vt 0.000000 0.000000
vt 0.000000 0.000000
vt 0.000000 0.000000
vt 0.000000 0.000000
vt 0.000000 0.000000
vt 0.000000 0.000000
vt 0.000000 0.000000
vt 0.000000 0.000000
vt 0.000000 0.000000
vt 0.000000 0.000000
vt 0.000000 0.000000
vt 0.000000 0.000000
vt 0.000000 0.000000
vt 0.000000 0.000000
vt 0.000000 0.000000
vt 0.765625 0.875000
vt 0.781250 0.875000
vt 0.765625 0.875000
vt 0.796875 0.875000
vt 0.781250 0.875000
vt 0.781250 0.875000
vt 0.765625 0.875000
vt 0.796875 0.875000
vt 0.765625 0.875000
vt 0.796875 0.875000
vt 0.781250 0.875000
vt 0.796875 0.875000
vt 0.796875 0.875000
vt 0.781250 0.875000
vt 0.765625 0.875000
vt 0.750000 0.875000
vt 0.953125 0.875000
vt 0.968750 0.875000
vt 0.953125 0.875000
vt 0.984375 0.875000
vt 0.968750 0.875000
vt 0.968750 0.875000
vt 0.953125 0.875000
vt 0.984375 0.875000
vt 0.937500 0.875000
vt 0.937500 0.875000
vt 0.953125 0.875000
vt 0.984375 0.875000
vt 0.968750 0.875000
vt 1.000000 0.875000
vt 1.000000 0.875000
vt 1.000000 0.875000
vt 0.984375 0.875000
vt 1.000000 0.875000
vt 0.937500 0.875000
vt 0.937500 0.875000
vt 0.390625 0.875000
vt 0.406250 0.875000
vt 0.390625 0.875000
vt 0.421875 0.875000
vt 0.406250 0.875000
vt 0.406250 0.875000
vt 0.390625 0.875000
vt 0.421875 0.875000
vt 0.375000 0.875000
vt 0.375000 0.875000
vt 0.390625 0.875000
vt 0.421875 0.875000
vt 0.406250 0.875000
vt 0.437500 0.875000
vt 0.437500 0.875000
vt 0.437500 0.875000
vt 0.421875 0.875000
vt 0.437500 0.875000
vt 0.375000 0.875000
vt 0.375000 0.875000
vt 0.890625 0.875000
vt 0.906250 0.875000
vt 0.890625 0.875000
vt 0.921875 0.875000
vt 0.906250 0.875000
vt 0.906250 0.875000
vt 0.890625 0.875000
vt 0.921875 0.875000
vt 0.890625 0.875000
vt 0.875000 0.875000
vt 0.875000 0.875000
vt 0.921875 0.875000
vt 0.906250 0.875000
vt 0.921875 0.875000
vt 0.875000 0.875000
vt 0.875000 0.875000
vt 0.328125 0.875000
vt 0.343750 0.875000
vt 0.328125 0.875000
vt 0.359375 0.875000
vt 0.343750 0.875000
vt 0.343750 0.875000
vt 0.328125 0.875000
vt 0.359375 0.875000
vt 0.328125 0.875000
vt 0.312500 0.875000
vt 0.312500 0.875000
vt 0.359375 0.875000
vt 0.343750 0.875000
vt 0.359375 0.875000
vt 0.312500 0.875000
vt 0.312500 0.875000
vt 0.828125 0.875000
vt 0.843750 0.875000
vt 0.828125 0.875000
vt 0.859375 0.875000
vt 0.843750 0.875000
vt 0.843750 0.875000
vt 0.828125 0.875000
vt 0.859375 0.875000
vt 0.828125 0.875000
vt 0.812500 0.875000
vt 0.812500 0.875000
vt 0.859375 0.875000
vt 0.843750 0.875000
vt 0.859375 0.875000
vt 0.812500 0.875000
vt 0.812500 0.875000
vt 0.265625 0.875000
vt 0.281250 0.875000
vt 0.265625 0.875000
vt 0.296875 0.875000
vt 0.281250 0.875000
vt 0.281250 0.875000
vt 0.265625 0.875000
vt 0.296875 0.875000
vt 0.265625 0.875000
vt 0.250000 0.875000
vt 0.250000 0.875000
vt 0.296875 0.875000
vt 0.281250 0.875000
vt 0.296875 0.875000
vt 0.250000 0.875000
vt 0.250000 0.875000
vt 0.200982 0.875000
vt 0.218316 0.875000
vt 0.201769 0.875000
vt 0.234294 0.875000
vt 0.218099 0.875000
vt 0.218099 0.875000
vt 0.200982 0.875000
vt 0.234321 0.875000
vt 0.177083 0.875000
vt 0.182943 0.875000
vt 0.217882 0.875000
vt 0.200005 0.875000
vt 0.234266 0.875000
vt 0.234294 0.875000
vt 0.234266 0.875000
vt 0.217882 0.875000
vt 0.200005 0.875000
vt 0.182943 0.875000
vt 0.177083 0.875000
vt 0.184896 0.875000
vt 0.640625 0.875000
vt 0.656250 0.875000
vt 0.640625 0.875000
vt 0.671875 0.875000
vt 0.656250 0.875000
vt 0.656250 0.875000
vt 0.640625 0.875000
vt 0.671875 0.875000
vt 0.640625 0.875000
vt 0.625000 0.875000
vt 0.625000 0.875000
vt 0.671875 0.875000
vt 0.656250 0.875000
vt 0.687500 0.875000
vt 0.687500 0.875000
vt 0.687500 0.875000
vt 0.671875 0.875000
vt 0.687500 0.875000
vt 0.671875 0.875000
vt 0.656250 0.875000
vt 0.640625 0.875000
vt 0.625000 0.875000
vt 0.625000 0.875000
vt 0.625000 0.875000
vt 0.140625 0.875000
vt 0.156250 0.875000
vt 0.140625 0.875000
vt 0.171875 0.875000
vt 0.156250 0.875000
vt 0.156250 0.875000
vt 0.140625 0.875000
vt 0.171875 0.875000
vt 0.125000 0.875000
vt 0.125000 0.875000
vt 0.156250 0.875000
vt 0.140625 0.875000
vt 0.171875 0.875000
vt 0.187500 0.875000
vt 0.187500 0.875000
vt 0.171875 0.875000
vt 0.187500 0.875000
vt 0.171875 0.875000
vt 0.156250 0.875000
vt 0.140625 0.875000
vt 0.125000 0.875000
vt 0.125000 0.875000
vt 0.125000 0.875000
vt 0.578125 0.875000
vt 0.593750 0.875000
vt 0.578125 0.875000
vt 0.609375 0.875000
vt 0.593750 0.875000
vt 0.593750 0.875000
vt 0.578125 0.875000
vt 0.609375 0.875000
vt 0.578125 0.875000
vt 0.562500 0.875000
vt 0.562500 0.875000
vt 0.609375 0.875000
vt 0.593750 0.875000
vt 0.609375 0.875000
vt 0.609375 0.875000
vt 0.593750 0.875000
vt 0.578125 0.875000
vt 0.562500 0.875000
vt 0.562500 0.875000
vt 0.562500 0.875000
vt 0.093750 0.875000
vt 0.076823 0.875000
vt 0.076063 0.875000
vt 0.111437 0.875000
vt 0.093750 0.875000
vt 0.093750 0.875000
vt 0.076063 0.875000
vt 0.110677 0.875000
vt 0.052083 0.875000
vt 0.057943 0.875000
vt 0.093750 0.875000
vt 0.075114 0.875000
vt 0.112386 0.875000
vt 0.129557 0.875000
vt 0.127604 0.875000
vt 0.111437 0.875000
vt 0.129557 0.875000
vt 0.112386 0.875000
vt 0.093750 0.875000
vt 0.075114 0.875000
vt 0.057943 0.875000
vt 0.059896 0.875000
vt 0.515625 0.875000
vt 0.531250 0.875000
vt 0.515625 0.875000
vt 0.546875 0.875000
vt 0.531250 0.875000
vt 0.531250 0.875000
vt 0.515625 0.875000
vt 0.546875 0.875000
vt 0.515625 0.875000
vt 0.500000 0.875000
vt 0.500000 0.875000
vt 0.546875 0.875000
vt 0.531250 0.875000
vt 0.546875 0.875000
vt 0.546875 0.875000
vt 0.531250 0.875000
vt 0.515625 0.875000
vt 0.500000 0.875000
vt 0.500000 0.875000
vt 0.765625 0.875000
vt 0.781250 0.875000
vt 0.765625 0.875000
vt 0.796875 0.875000
vt 0.781250 0.875000
vt 0.781250 0.875000
vt 0.765625 0.875000
vt 0.796875 0.875000
vt 0.765625 0.875000
vt 0.750000 0.875000
vt 0.750000 0.875000
vt 0.796875 0.875000
vt 0.781250 0.875000
vt 0.796875 0.875000
vt 0.750000 0.875000
vt 0.750000 0.875000
vt 0.015625 0.875000
vt 0.031250 0.875000
vt 0.015625 0.875000
vt 0.046875 0.875000
vt 0.031250 0.875000
vt 0.031250 0.875000
vt 0.015625 0.875000
vt 0.046875 0.875000
vt 0.015625 0.875000
vt 0.000000 0.875000
vt 0.000000 0.875000
vt 0.031250 0.875000
vt 0.062500 0.875000
vt 0.046875 0.875000
vt 0.062500 0.875000
vt 0.062500 0.875000
vt 0.046875 0.875000
vt 0.062500 0.875000
vt 0.046875 0.875000
vt 0.031250 0.875000
vt 0.015625 0.875000
vt 0.000000 0.875000
vt 0.000000 0.875000
vt 0.703125 0.875000
vt 0.718750 0.875000
vt 0.703125 0.875000
vt 0.734375 0.875000
vt 0.718750 0.875000
vt 0.718750 0.875000
vt 0.703125 0.875000
vt 0.734375 0.875000
vt 0.718750 0.875000
vt 0.703125 0.875000
vt 0.734375 0.875000
vt 0.734375 0.875000
vt 0.453125 0.875000
vt 0.468750 0.875000
vt 0.453125 0.875000
vt 0.484375 0.875000
vt 0.468750 0.875000
vt 0.468750 0.875000
vt 0.453125 0.875000
vt 0.484375 0.875000
vt 0.468750 0.875000
vt 0.453125 0.875000
vt 0.484375 0.875000
vt 0.484375 0.875000
vt 0.453125 0.875000
vt 0.468750 0.875000
vt 0.453125 0.875000
vt 0.484375 0.875000
vt 0.468750 0.875000
vt 0.453125 0.875000
vt 0.484375 0.875000
vt 0.468750 0.875000
vt 0.437500 0.875000
vt 0.500000 0.875000
vt 0.500000 0.875000
vt 0.484375 0.875000
vt 0.500000 0.875000
vt 0.500000 0.875000
vt 0.484375 0.875000
vt 0.468750 0.875000
vt 0.453125 0.875000
vt 0.437500 0.875000
vt 0.437500 0.875000
vt 0.437500 0.875000
vt 0.703125 0.875000
vt 0.718750 0.875000
vt 0.703125 0.875000
vt 0.734375 0.875000
vt 0.718750 0.875000
vt 0.703125 0.875000
vt 0.734375 0.875000
vt 0.718750 0.875000
vt 0.687500 0.875000
vt 0.750000 0.875000
vt 0.734375 0.875000
vt 0.750000 0.875000
vt 0.750000 0.875000
vt 0.734375 0.875000
vt 0.718750 0.875000
vt 0.703125 0.875000
vt 0.687500 0.875000
vt 0.687500 0.875000
vt 0.687500 0.875000
vt 0.015703 0.875000
vt 0.031467 0.875000
vt 0.015652 0.875000
vt 0.048933 0.875000
vt 0.031874 0.875000
vt 0.015628 0.875000
vt 0.046960 0.875000
vt 0.031277 0.875000
vt 0.000000 0.875000
vt 0.072917 0.875000
vt 0.066894 0.875000
vt 0.047553 0.875000
vt 0.062663 0.875000
vt 0.062500 0.875000
vt 0.046875 0.875000
vt 0.031250 0.875000
vt 0.015625 0.875000
vt 0.000000 0.875000
vt 0.000000 0.875000
vt 0.000000 0.875000
vt 0.765625 0.875000
vt 0.781250 0.875000
vt 0.765625 0.875000
vt 0.796875 0.875000
vt 0.781250 0.875000
vt 0.765625 0.875000
vt 0.796875 0.875000
vt 0.781250 0.875000
vt 0.812500 0.875000
vt 0.796875 0.875000
vt 0.812500 0.875000
vt 0.812500 0.875000
vt 0.796875 0.875000
vt 0.781250 0.875000
vt 0.765625 0.875000
vt 0.750000 0.875000
vt 0.515625 0.875000
vt 0.531250 0.875000
vt 0.515625 0.875000
vt 0.546875 0.875000
vt 0.531250 0.875000
vt 0.515625 0.875000
vt 0.546875 0.875000
vt 0.531250 0.875000
vt 0.515625 0.875000
vt 0.546875 0.875000
vt 0.531250 0.875000
vt 0.562500 0.875000
vt 0.562500 0.875000
vt 0.546875 0.875000
vt 0.562500 0.875000
vt 0.562500 0.875000
vt 0.546875 0.875000
vt 0.531250 0.875000
vt 0.515625 0.875000
vt 0.500000 0.875000
vt 0.078125 0.875000
vt 0.093750 0.875000
vt 0.078125 0.875000
vt 0.109375 0.875000
vt 0.093750 0.875000
vt 0.078125 0.875000
vt 0.109375 0.875000
vt 0.093750 0.875000
vt 0.062500 0.875000
vt 0.062500 0.875000
vt 0.078125 0.875000
vt 0.109375 0.875000
vt 0.093750 0.875000
vt 0.125000 0.875000
vt 0.125000 0.875000
vt 0.109375 0.875000
vt 0.125000 0.875000
vt 0.125000 0.875000
vt 0.109375 0.875000
vt 0.093750 0.875000
vt 0.078125 0.875000
vt 0.062500 0.875000
vt 0.062500 0.875000
vt 0.578125 0.875000
vt 0.593750 0.875000
vt 0.578125 0.875000
vt 0.609375 0.875000
vt 0.593750 0.875000
vt 0.578125 0.875000
vt 0.609375 0.875000
vt 0.593750 0.875000
vt 0.578125 0.875000
vt 0.609375 0.875000
vt 0.593750 0.875000
vt 0.625000 0.875000
vt 0.625000 0.875000
vt 0.609375 0.875000
vt 0.625000 0.875000
vt 0.625000 0.875000
vt 0.609375 0.875000
vt 0.593750 0.875000
vt 0.578125 0.875000
vt 0.562500 0.875000
vt 0.138645 0.875000
vt 0.156250 0.875000
vt 0.139974 0.875000
vt 0.173855 0.875000
vt 0.156250 0.875000
vt 0.140544 0.875000
vt 0.171956 0.875000
vt 0.156250 0.875000
vt 0.114583 0.875000
vt 0.120605 0.875000
vt 0.137614 0.875000
vt 0.174886 0.875000
vt 0.156250 0.875000
vt 0.197917 0.875000
vt 0.191894 0.875000
vt 0.172526 0.875000
vt 0.187663 0.875000
vt 0.187500 0.875000
vt 0.171875 0.875000
vt 0.156250 0.875000
vt 0.140625 0.875000
vt 0.124837 0.875000
vt 0.123698 0.875000
vt 0.640625 0.875000
vt 0.656250 0.875000
vt 0.640625 0.875000
vt 0.671875 0.875000
vt 0.656250 0.875000
vt 0.640625 0.875000
vt 0.671875 0.875000
vt 0.656250 0.875000
vt 0.640625 0.875000
vt 0.671875 0.875000
vt 0.656250 0.875000
vt 0.671875 0.875000
vt 0.671875 0.875000
vt 0.656250 0.875000
vt 0.640625 0.875000
vt 0.625000 0.875000
vt 0.203125 0.875000
vt 0.218750 0.875000
vt 0.203125 0.875000
vt 0.234375 0.875000
vt 0.218750 0.875000
vt 0.203125 0.875000
vt 0.234375 0.875000
vt 0.218750 0.875000
vt 0.187500 0.875000
vt 0.187500 0.875000
vt 0.203125 0.875000
vt 0.234375 0.875000
vt 0.218750 0.875000
vt 0.250000 0.875000
vt 0.234375 0.875000
vt 0.250000 0.875000
vt 0.250000 0.875000
vt 0.234375 0.875000
vt 0.218750 0.875000
vt 0.203125 0.875000
vt 0.187500 0.875000
vt 0.187500 0.875000
vt 0.265625 0.875000
vt 0.281250 0.875000
vt 0.265625 0.875000
vt 0.296875 0.875000
vt 0.281250 0.875000
vt 0.265625 0.875000
vt 0.296875 0.875000
vt 0.281250 0.875000
vt 0.312500 0.875000
vt 0.296875 0.875000
vt 0.312500 0.875000
vt 0.312500 0.875000
vt 0.296875 0.875000
vt 0.281250 0.875000
vt 0.265625 0.875000
vt 0.250000 0.875000
vt 0.828125 0.875000
vt 0.843750 0.875000
vt 0.828125 0.875000
vt 0.859375 0.875000
vt 0.843750 0.875000
vt 0.828125 0.875000
vt 0.859375 0.875000
vt 0.843750 0.875000
vt 0.875000 0.875000
vt 0.859375 0.875000
vt 0.875000 0.875000
vt 0.875000 0.875000
vt 0.859375 0.875000
vt 0.843750 0.875000
vt 0.828125 0.875000
vt 0.812500 0.875000
vt 0.328125 0.875000
vt 0.343750 0.875000
vt 0.328125 0.875000
vt 0.359375 0.875000
vt 0.343750 0.875000
vt 0.328125 0.875000
vt 0.359375 0.875000
vt 0.343750 0.875000
vt 0.328125 0.875000
vt 0.359375 0.875000
vt 0.343750 0.875000
vt 0.375000 0.875000
vt 0.375000 0.875000
vt 0.359375 0.875000
vt 0.375000 0.875000
vt 0.375000 0.875000
vt 0.359375 0.875000
vt 0.343750 0.875000
vt 0.328125 0.875000
vt 0.312500 0.875000
vt 0.890625 0.875000
vt 0.906250 0.875000
vt 0.890625 0.875000
vt 0.921875 0.875000
vt 0.906250 0.875000
vt 0.890625 0.875000
vt 0.921875 0.875000
vt 0.906250 0.875000
vt 0.937500 0.875000
vt 0.921875 0.875000
vt 0.937500 0.875000
vt 0.937500 0.875000
vt 0.921875 0.875000
vt 0.906250 0.875000
vt 0.890625 0.875000
vt 0.875000 0.875000
vt 0.388567 0.875000
vt 0.406033 0.875000
vt 0.389947 0.875000
vt 0.421797 0.875000
vt 0.405626 0.875000
vt 0.390540 0.875000
vt 0.421872 0.875000
vt 0.406223 0.875000
vt 0.370606 0.875000
vt 0.421848 0.875000
vt 0.421875 0.875000
vt 0.406250 0.875000
vt 0.390625 0.875000
vt 0.374837 0.875000
vt 0.373698 0.875000
vt 0.953125 0.875000
vt 0.968750 0.875000
vt 0.953125 0.875000
vt 0.984375 0.875000
vt 0.968750 0.875000
vt 0.953125 0.875000
vt 0.984375 0.875000
vt 0.968750 0.875000
vt 1.000000 0.875000
vt 1.000000 0.875000
vt 0.984375 0.875000
vt 1.000000 0.875000
vt 1.000000 0.875000
vt 0.984375 0.875000
vt 0.968750 0.875000
vt 0.953125 0.875000
vt 0.937500 0.875000
vt 0.000000 0.000000
vt 0.000000 0.000000
vt 0.000000 0.000000
vt 0.000000 0.000000
vt 0.000000 0.000000
vt 0.000000 0.000000
vt 0.000000 0.000000
vt 0.000000 0.000000
vt 0.000000 0.000000
vt 0.000000 0.000000
vt 0.000000 0.000000
vt 0.000000 0.000000
vt 0.000000 0.000000
vt 0.000000 0.000000
vt 0.000000 0.000000
vt 0.000000 0.000000
vt 0.000000 0.000000
vt 0.000000 0.000000
vt 0.000000 0.000000
vt 0.000000 0.000000
vt 0.000000 0.000000
vt 0.000000 0.000000
vt 0.000000 0.000000
vt 0.000000 0.000000
vt 0.000000 0.000000
vt 0.000000 0.000000
vt 0.000000 0.000000
vt 0.000000 0.000000
vt 0.000000 0.000000
vt 0.000000 0.000000
vt 0.000000 0.000000
vt 0.000000 0.000000
vt 0.000000 0.000000
vt 0.000000 0.000000
vt 0.000000 0.000000
vt 0.000000 0.000000
vt 0.000000 0.000000
vt 0.000000 0.000000
vt 0.000000 0.000000
vt 0.000000 0.000000
vt 0.000000 0.000000
vt 0.000000 0.000000
vt 0.000000 0.000000
vt 0.000000 0.000000
vt 0.201260 0.875000
vt 0.218750 0.875000
vt 0.203125 0.875000
vt 0.234300 0.875000
vt 0.218153 0.875000
vt 0.219401 0.875000
vt 0.205105 0.875000
vt 0.234375 0.875000
vt 0.184489 0.875000
vt 0.234456 0.875000
vt 0.234538 0.875000
vt 0.220052 0.875000
vt 0.207520 0.875000
vt 0.190511 0.875000
vt 0.187500 0.875000
vt 0.000000 0.000000
vt 0.000000 0.000000
vt 0.000000 0.000000
vt 0.000000 0.000000
vt 0.000000 0.000000
vt 0.000000 0.000000
vt 0.000000 0.000000
vt 0.000000 0.000000
vt 0.000000 0.000000
vt 0.000000 0.000000
vt 0.000000 0.000000
vt 0.000000 0.000000
vt 0.000000 0.000000
vt 0.000000 0.000000
vt 0.000000 0.000000
vt 0.000000 0.000000
vt 0.000000 0.000000
vt 0.000000 0.000000
vt 0.000000 0.000000
vt 0.000000 0.000000
vt 0.000000 0.000000
vt 0.000000 0.000000
vt 0.000000 0.000000
vt 0.000000 0.000000
vt 0.000000 0.000000
vt 0.000000 0.000000
vt 0.000000 0.000000
vt 0.000000 0.000000
vt 0.000000 0.000000
vt 0.000000 0.000000
vt 0.000000 0.000000
vt 0.000000 0.000000
vt 0.000000 0.000000
vt 0.000000 0.000000
vt 0.000000 0.000000
vt 0.000000 0.000000
vt 0.000000 0.000000
vt 0.000000 0.000000
vt 0.000000 0.000000
vt 0.000000 0.000000
vt 0.640625 0.875000
vt 0.656250 0.875000
vt 0.640625 0.875000
vt 0.671875 0.875000
vt 0.656250 0.875000
vt 0.656250 0.875000
vt 0.640625 0.875000
vt 0.671875 0.875000
vt 0.625000 0.875000
vt 0.671875 0.875000
vt 0.625000 0.875000
vt 0.625000 0.875000
vt 0.000000 0.000000
vt 0.000000 0.000000
vt 0.000000 0.000000
vt 0.000000 0.000000
vt 0.000000 0.000000
vt 0.000000 0.000000
vt 0.000000 0.000000
vt 0.000000 0.000000
vt 0.000000 0.000000
vt 0.000000 0.000000
vt 0.000000 0.000000
vt 0.000000 0.000000
vt 0.000000 0.000000
vt 0.000000 0.000000
vt 0.000000 0.000000
vt 0.000000 0.000000
vt 0.000000 0.000000
vt 0.000000 0.000000
vt 0.000000 0.000000
vt 0.000000 0.000000
vt 0.000000 0.000000
vt 0.000000 0.000000
vt 0.000000 0.000000
vt 0.000000 0.000000
vt 0.000000 0.000000
vt 0.000000 0.000000
vt 0.000000 0.000000
vt 0.000000 0.000000
vt 0.000000 0.000000
vt 0.000000 0.000000
vt 0.000000 0.000000
vt 0.000000 0.000000
vt 0.000000 0.000000
vt 0.000000 0.000000
vt 0.000000 0.000000
vt 0.000000 0.000000
vt 0.142524 0.875000
vt 0.156250 0.875000
vt 0.140625 0.875000
vt 0.169976 0.875000
vt 0.156250 0.875000
vt 0.156250 0.875000
vt 0.138835 0.875000
vt 0.171875 0.875000
vt 0.135417 0.875000
vt 0.128011 0.875000
vt 0.144857 0.875000
vt 0.167643 0.875000
vt 0.173665 0.875000
vt 0.121989 0.875000
vt 0.125000 0.875000
vt 0.000000 0.000000
vt 0.000000 0.000000
vt 0.000000 0.000000
vt 0.000000 0.000000
vt 0.000000 0.000000
vt 0.000000 0.000000
vt 0.000000 0.000000
vt 0.000000 0.000000
vt 0.000000 0.000000
vt 0.000000 0.000000
vt 0.000000 0.000000
vt 0.000000 0.000000
vt 0.000000 0.000000
vt 0.000000 0.000000
vt 0.000000 0.000000
vt 0.000000 0.000000
vt 0.000000 0.000000
vt 0.000000 0.000000
vt 0.000000 0.000000
vt 0.000000 0.000000
vt 0.578125 0.875000
vt 0.593750 0.875000
vt 0.578125 0.875000
vt 0.609375 0.875000
vt 0.593750 0.875000
vt 0.593750 0.875000
vt 0.578125 0.875000
vt 0.609375 0.875000
vt 0.562500 0.875000
vt 0.609375 0.875000
vt 0.562500 0.875000
vt 0.562500 0.875000
vt 0.000000 0.000000
vt 0.000000 0.000000
vt 0.000000 0.000000
vt 0.000000 0.000000
vt 0.000000 0.000000
vt 0.000000 0.000000
vt 0.000000 0.000000
vt 0.000000 0.000000
vt 0.000000 0.000000
vt 0.000000 0.000000
vt 0.000000 0.000000
vt 0.000000 0.000000
vt 0.000000 0.000000
vt 0.000000 0.000000
vt 0.000000 0.000000
vt 0.000000 0.000000
vt 0.000000 0.000000
vt 0.000000 0.000000
vt 0.000000 0.000000
vt 0.000000 0.000000
vt 0.076335 0.875000
vt 0.093750 0.875000
vt 0.078125 0.875000
vt 0.111165 0.875000
vt 0.093750 0.875000
vt 0.093750 0.875000
vt 0.080024 0.875000
vt 0.109375 0.875000
vt 0.107476 0.875000
vt 0.105143 0.875000
vt 0.082357 0.875000
vt 0.000000 0.000000
vt 0.000000 0.000000
vt 0.000000 0.000000
vt 0.000000 0.000000
vt 0.000000 0.000000
vt 0.000000 0.000000
vt 0.000000 0.000000
vt 0.000000 0.000000
vt 0.000000 0.000000
vt 0.000000 0.000000
vt 0.000000 0.000000
vt 0.000000 0.000000
vt 0.000000 0.000000
vt 0.000000 0.000000
vt 0.000000 0.000000
vt 0.000000 0.000000
vt 0.000000 0.000000
vt 0.000000 0.000000
vt 0.000000 0.000000
vt 0.000000 0.000000
vt 0.515625 0.875000
vt 0.531250 0.875000
vt 0.515625 0.875000
vt 0.546875 0.875000
vt 0.531250 0.875000
vt 0.531250 0.875000
vt 0.515625 0.875000
vt 0.546875 0.875000
vt 0.546875 0.875000
vt 0.000000 0.000000
vt 0.000000 0.000000
vt 0.000000 0.000000
vt 0.000000 0.000000
vt 0.000000 0.000000
vt 0.000000 0.000000
vt 0.000000 0.000000
vt 0.000000 0.000000
vt 0.000000 0.000000
vt 0.000000 0.000000
vt 0.000000 0.000000
vt 0.000000 0.000000
vt 0.000000 0.000000
vt 0.000000 0.000000
vt 0.000000 0.000000
vt 0.000000 0.000000
vt 0.468750 0.875000
vt 0.453125 0.875000
vt 0.453125 0.875000
vt 0.484375 0.875000
vt 0.468750 0.875000
vt 0.453125 0.875000
vt 0.468750 0.875000
vt 0.437500 0.875000
vt 0.484375 0.875000
vt 0.500000 0.875000
vt 0.500000 0.875000
vt 0.500000 0.875000
vt 0.484375 0.875000
vt 0.437500 0.875000
vt 0.437500 0.875000
vt 0.718750 0.875000
vt 0.703125 0.875000
vt 0.703125 0.875000
vt 0.734375 0.875000
vt 0.718750 0.875000
vt 0.703125 0.875000
vt 0.718750 0.875000
vt 0.687500 0.875000
vt 0.734375 0.875000
vt 0.750000 0.875000
vt 0.750000 0.875000
vt 0.750000 0.875000
vt 0.734375 0.875000
vt 0.687500 0.875000
vt 0.687500 0.875000
vt 0.031223 0.875000
vt 0.015598 0.875000
vt 0.015622 0.875000
vt 0.046251 0.875000
vt 0.031033 0.875000
vt 0.030572 0.875000
vt 0.015540 0.875000
vt 0.044817 0.875000
vt 0.000000 0.875000
vt 0.046797 0.875000
vt 0.062391 0.875000
vt 0.061632 0.875000
vt 0.059380 0.875000
vt 0.042480 0.875000
vt 0.029948 0.875000
vt 0.015462 0.875000
vt 0.000000 0.875000
vt 0.000000 0.875000
vt 0.781250 0.875000
vt 0.765625 0.875000
vt 0.765625 0.875000
vt 0.796875 0.875000
vt 0.781250 0.875000
vt 0.765625 0.875000
vt 0.796875 0.875000
vt 0.781250 0.875000
vt 0.796875 0.875000
vt 0.812500 0.875000
vt 0.812500 0.875000
vt 0.812500 0.875000
vt 0.531250 0.875000
vt 0.515625 0.875000
vt 0.515625 0.875000
vt 0.546875 0.875000
vt 0.531250 0.875000
vt 0.515625 0.875000
vt 0.531250 0.875000
vt 0.546875 0.875000
vt 0.562500 0.875000
vt 0.562500 0.875000
vt 0.562500 0.875000
vt 0.546875 0.875000
vt 0.093750 0.875000
vt 0.077528 0.875000
vt 0.078050 0.875000
vt 0.109972 0.875000
vt 0.093750 0.875000
vt 0.076260 0.875000
vt 0.111240 0.875000
vt 0.093750 0.875000
vt 0.109450 0.875000
vt 0.125108 0.875000
vt 0.125868 0.875000
vt 0.128120 0.875000
vt 0.135417 0.875000
vt 0.593750 0.875000
vt 0.578125 0.875000
vt 0.578125 0.875000
vt 0.609375 0.875000
vt 0.593750 0.875000
vt 0.578125 0.875000
vt 0.593750 0.875000
vt 0.609375 0.875000
vt 0.625000 0.875000
vt 0.625000 0.875000
vt 0.625000 0.875000
vt 0.609375 0.875000
vt 0.156250 0.875000
vt 0.141222 0.875000
vt 0.140700 0.875000
vt 0.171278 0.875000
vt 0.156250 0.875000
vt 0.142598 0.875000
vt 0.169901 0.875000
vt 0.156250 0.875000
vt 0.171800 0.875000
vt 0.187391 0.875000
vt 0.186632 0.875000
vt 0.184380 0.875000
vt 0.167643 0.875000
vt 0.144857 0.875000
vt 0.656250 0.875000
vt 0.640625 0.875000
vt 0.640625 0.875000
vt 0.671875 0.875000
vt 0.656250 0.875000
vt 0.640625 0.875000
vt 0.656250 0.875000
vt 0.671875 0.875000
vt 0.671875 0.875000
vt 0.218723 0.875000
vt 0.202501 0.875000
vt 0.203047 0.875000
vt 0.234348 0.875000
vt 0.218533 0.875000
vt 0.201182 0.875000
vt 0.234297 0.875000
vt 0.218126 0.875000
vt 0.234372 0.875000
vt 0.250000 0.875000
vt 0.250000 0.875000
vt 0.250000 0.875000
vt 0.281250 0.875000
vt 0.265625 0.875000
vt 0.265625 0.875000
vt 0.296875 0.875000
vt 0.281250 0.875000
vt 0.265625 0.875000
vt 0.281250 0.875000
vt 0.296875 0.875000
vt 0.312500 0.875000
vt 0.312500 0.875000
vt 0.312500 0.875000
vt 0.296875 0.875000
vt 0.843750 0.875000
vt 0.828125 0.875000
vt 0.828125 0.875000
vt 0.859375 0.875000
vt 0.843750 0.875000
vt 0.828125 0.875000
vt 0.859375 0.875000
vt 0.843750 0.875000
vt 0.859375 0.875000
vt 0.875000 0.875000
vt 0.875000 0.875000
vt 0.875000 0.875000
vt 0.343750 0.875000
vt 0.328125 0.875000
vt 0.328125 0.875000
vt 0.359375 0.875000
vt 0.343750 0.875000
vt 0.328125 0.875000
vt 0.343750 0.875000
vt 0.359375 0.875000
vt 0.375000 0.875000
vt 0.375000 0.875000
vt 0.375000 0.875000
vt 0.359375 0.875000
vt 0.906250 0.875000
vt 0.890625 0.875000
vt 0.890625 0.875000
vt 0.921875 0.875000
vt 0.906250 0.875000
vt 0.890625 0.875000
vt 0.906250 0.875000
vt 0.921875 0.875000
vt 0.937500 0.875000
vt 0.937500 0.875000
vt 0.937500 0.875000
vt 0.921875 0.875000
vt 0.406250 0.875000
vt 0.390625 0.875000
vt 0.390625 0.875000
vt 0.421875 0.875000
vt 0.406250 0.875000
vt 0.390625 0.875000
vt 0.406250 0.875000
vt 0.421875 0.875000
vt 0.421875 0.875000
vt 0.968750 0.875000
vt 0.953125 0.875000
vt 0.953125 0.875000
vt 0.984375 0.875000
vt 0.968750 0.875000
vt 0.968750 0.875000
vt 0.953125 0.875000
vt 0.984375 0.875000
vt 1.000000 0.875000
vt 1.000000 0.875000
vt 1.000000 0.875000
vt 0.984375 0.875000
vt 0.734375 0.283811
vt 0.718750 0.313259
vt 0.734375 0.313259
vt 0.703125 0.283811
vt 0.718750 0.283811
vt 0.718750 0.343845
vt 0.734375 0.343845
vt 0.703125 0.313259
vt 0.750000 0.256070
vt 0.750000 0.283811
vt 0.734375 0.256070
vt 0.703125 0.256070
vt 0.718750 0.256070
vt 0.687500 0.256070
vt 0.687500 0.283811
vt 0.687500 0.313259
vt 0.703125 0.343845
vt 0.687500 0.343845
vt 0.703125 0.375000
vt 0.718750 0.375000
vt 0.734375 0.375000
vt 0.750000 0.343845
vt 0.750000 0.375000
vt 0.750000 0.313259
vt 0.718750 0.531250
vt 0.734375 0.562500
vt 0.734375 0.531250
vt 0.703125 0.562500
vt 0.718750 0.562500
vt 0.734375 0.593750
vt 0.703125 0.593750
vt 0.718750 0.593750
vt 0.734375 0.500000
vt 0.750000 0.531250
vt 0.750000 0.500000
vt 0.718750 0.500000
vt 0.703125 0.531250
vt 0.703125 0.500000
vt 0.687500 0.531250
vt 0.687500 0.562500
vt 0.687500 0.593750
vt 0.687500 0.625000
vt 0.703125 0.625000
vt 0.718750 0.625000
vt 0.734375 0.625000
vt 0.750000 0.625000
vt 0.750000 0.593750
vt 0.750000 0.562500
vt 0.718750 0.781250
vt 0.734375 0.812500
vt 0.734375 0.781250
vt 0.703125 0.812500
vt 0.718750 0.812500
vt 0.734375 0.843750
vt 0.703125 0.843750
vt 0.718750 0.843750
vt 0.734375 0.750000
vt 0.750000 0.781250
vt 0.750000 0.750000
vt 0.718750 0.750000
vt 0.703125 0.781250
vt 0.703125 0.750000
vt 0.687500 0.781250
vt 0.687500 0.812500
vt 0.687500 0.843750
vt 0.687500 0.875000
vt 0.703125 0.875000
vt 0.718750 0.875000
vt 0.734375 0.875000
vt 0.750000 0.875000
vt 0.750000 0.843750
vt 0.750000 0.812500
vt 0.734375 0.183661
vt 0.718750 0.206469
vt 0.734375 0.206469
vt 0.703125 0.183661
vt 0.718750 0.183661
vt 0.718750 0.230416
vt 0.734375 0.230416
vt 0.703125 0.206469
vt 0.750000 0.161421
vt 0.750000 0.183661
vt 0.734375 0.161421
vt 0.703125 0.161421
vt 0.718750 0.161421
vt 0.687500 0.161421
vt 0.687500 0.183661
vt 0.687500 0.206469
vt 0.703125 0.230416
vt 0.687500 0.230416
vt 0.750000 0.230416
vt 0.750000 0.206469
vt 0.734375 0.406250
vt 0.718750 0.437500
vt 0.734375 0.437500
vt 0.703125 0.406250
vt 0.718750 0.406250
vt 0.718750 0.468750
vt 0.734375 0.468750
vt 0.703125 0.437500
vt 0.750000 0.406250
vt 0.687500 0.375000
vt 0.687500 0.406250
vt 0.687500 0.437500
vt 0.703125 0.468750
vt 0.687500 0.468750
vt 0.750000 0.468750
vt 0.750000 0.437500
vt 0.718750 0.656250
vt 0.734375 0.687500
vt 0.734375 0.656250
vt 0.703125 0.687500
vt 0.718750 0.687500
vt 0.734375 0.718750
vt 0.703125 0.718750
vt 0.718750 0.718750
vt 0.750000 0.656250
vt 0.703125 0.656250
vt 0.687500 0.656250
vt 0.687500 0.687500
vt 0.687500 0.718750
vt 0.687500 0.750000
vt 0.750000 0.718750
vt 0.750000 0.687500
vt 0.515625 0.875000
vt 0.531250 0.875000
vt 0.515625 0.875000
vt 0.515625 0.875000
vt 0.531250 0.875000
vt 0.546875 0.875000
vt 0.546875 0.875000
vt 0.546875 0.875000
vt 0.500000 0.875000
vt 0.515625 0.875000
vt 0.500000 0.875000
vt 0.500000 0.875000
vt 0.500000 0.875000
vt 0.500000 0.875000
vt 0.515625 0.875000
vt 0.531250 0.875000
vt 0.546875 0.875000
vt 0.562500 0.875000
vt 0.562500 0.875000
vt 0.562500 0.875000
vt 0.562500 0.875000
vt 0.546875 0.875000
vt 0.562500 0.875000
vt 0.531250 0.875000
vt 0.656250 0.781250
vt 0.671875 0.812500
vt 0.671875 0.781250
vt 0.640625 0.812500
vt 0.656250 0.812500
vt 0.671875 0.843750
vt 0.640625 0.843750
vt 0.656250 0.843750
vt 0.671875 0.750000
vt 0.656250 0.750000
vt 0.640625 0.781250
vt 0.640625 0.750000
vt 0.625000 0.781250
vt 0.625000 0.812500
vt 0.625000 0.843750
vt 0.625000 0.875000
vt 0.640625 0.875000
vt 0.656250 0.875000
vt 0.671875 0.875000
vt 0.671875 0.183661
vt 0.656250 0.206469
vt 0.671875 0.206469
vt 0.640625 0.183661
vt 0.656250 0.183661
vt 0.656250 0.230416
vt 0.671875 0.230416
vt 0.640625 0.206469
vt 0.671875 0.161421
vt 0.640625 0.161421
vt 0.656250 0.161421
vt 0.625000 0.161421
vt 0.625000 0.183661
vt 0.625000 0.206469
vt 0.640625 0.230416
vt 0.625000 0.230416
vt 0.640625 0.256070
vt 0.656250 0.256070
vt 0.671875 0.256070
vt 0.671875 0.406250
vt 0.656250 0.437500
vt 0.671875 0.437500
vt 0.640625 0.406250
vt 0.656250 0.406250
vt 0.656250 0.468750
vt 0.671875 0.468750
vt 0.640625 0.437500
vt 0.671875 0.375000
vt 0.640625 0.375000
vt 0.656250 0.375000
vt 0.625000 0.375000
vt 0.625000 0.406250
vt 0.625000 0.437500
vt 0.640625 0.468750
vt 0.625000 0.468750
vt 0.640625 0.500000
vt 0.656250 0.500000
vt 0.671875 0.500000
vt 0.687500 0.500000
vt 0.656250 0.656250
vt 0.671875 0.687500
vt 0.671875 0.656250
vt 0.640625 0.687500
vt 0.656250 0.687500
vt 0.671875 0.718750
vt 0.640625 0.718750
vt 0.656250 0.718750
vt 0.671875 0.625000
vt 0.656250 0.625000
vt 0.640625 0.656250
vt 0.640625 0.625000
vt 0.625000 0.656250
vt 0.625000 0.687500
vt 0.625000 0.718750
vt 0.625000 0.750000
vt 0.203098 0.875000
vt 0.218723 0.875000
vt 0.203122 0.875000
vt 0.203040 0.875000
vt 0.218533 0.875000
vt 0.233751 0.875000
vt 0.234297 0.875000
vt 0.232317 0.875000
vt 0.187500 0.875000
vt 0.203125 0.875000
vt 0.187500 0.875000
vt 0.187500 0.875000
vt 0.187500 0.875000
vt 0.187500 0.875000
vt 0.202962 0.875000
vt 0.218072 0.875000
vt 0.229980 0.875000
vt 0.239583 0.875000
vt 0.246880 0.875000
vt 0.249132 0.875000
vt 0.249892 0.875000
vt 0.234375 0.875000
vt 0.250000 0.875000
vt 0.218750 0.875000
vt 0.671875 0.283811
vt 0.656250 0.313259
vt 0.671875 0.313259
vt 0.640625 0.283811
vt 0.656250 0.283811
vt 0.656250 0.343845
vt 0.671875 0.343845
vt 0.640625 0.313259
vt 0.625000 0.256070
vt 0.625000 0.283811
vt 0.625000 0.313259
vt 0.640625 0.343845
vt 0.625000 0.343845
vt 0.656250 0.531250
vt 0.671875 0.562500
vt 0.671875 0.531250
vt 0.640625 0.562500
vt 0.656250 0.562500
vt 0.671875 0.593750
vt 0.640625 0.593750
vt 0.656250 0.593750
vt 0.640625 0.531250
vt 0.625000 0.531250
vt 0.625000 0.562500
vt 0.625000 0.593750
vt 0.625000 0.625000
vt 0.609375 0.183661
vt 0.593750 0.206469
vt 0.609375 0.206469
vt 0.578125 0.183661
vt 0.593750 0.183661
vt 0.593750 0.230416
vt 0.609375 0.230416
vt 0.578125 0.206469
vt 0.609375 0.161421
vt 0.578125 0.161421
vt 0.593750 0.161421
vt 0.562500 0.161421
vt 0.562500 0.183661
vt 0.562500 0.206469
vt 0.578125 0.230416
vt 0.562500 0.230416
vt 0.578125 0.256070
vt 0.593750 0.256070
vt 0.609375 0.256070
vt 0.609375 0.406250
vt 0.593750 0.437500
vt 0.609375 0.437500
vt 0.578125 0.406250
vt 0.593750 0.406250
vt 0.593750 0.468750
vt 0.609375 0.468750
vt 0.578125 0.437500
vt 0.609375 0.375000
vt 0.578125 0.375000
vt 0.593750 0.375000
vt 0.562500 0.375000
vt 0.562500 0.406250
vt 0.562500 0.437500
vt 0.578125 0.468750
vt 0.562500 0.468750
vt 0.578125 0.500000
vt 0.593750 0.500000
vt 0.609375 0.500000
vt 0.625000 0.500000
vt 0.593750 0.656250
vt 0.609375 0.687500
vt 0.609375 0.656250
vt 0.578125 0.687500
vt 0.593750 0.687500
vt 0.609375 0.718750
vt 0.578125 0.718750
vt 0.593750 0.718750
vt 0.609375 0.625000
vt 0.593750 0.625000
vt 0.578125 0.656250
vt 0.578125 0.625000
vt 0.562500 0.656250
vt 0.562500 0.687500
vt 0.562500 0.718750
vt 0.562500 0.750000
vt 0.578125 0.750000
vt 0.593750 0.750000
vt 0.609375 0.750000
vt 0.078125 0.875000
vt 0.093750 0.875000
vt 0.078125 0.875000
vt 0.078125 0.875000
vt 0.093750 0.875000
vt 0.109375 0.875000
vt 0.109375 0.875000
vt 0.109375 0.875000
vt 0.062500 0.875000
vt 0.078125 0.875000
vt 0.062500 0.875000
vt 0.062500 0.875000
vt 0.062500 0.875000
vt 0.062500 0.875000
vt 0.078125 0.875000
vt 0.093750 0.875000
vt 0.109375 0.875000
vt 0.125000 0.875000
vt 0.125000 0.875000
vt 0.125000 0.875000
vt 0.125000 0.875000
vt 0.109375 0.875000
vt 0.125000 0.875000
vt 0.093750 0.875000
vt 0.609375 0.283811
vt 0.593750 0.313259
vt 0.609375 0.313259
vt 0.578125 0.283811
vt 0.593750 0.283811
vt 0.593750 0.343845
vt 0.609375 0.343845
vt 0.578125 0.313259
vt 0.562500 0.256070
vt 0.562500 0.283811
vt 0.562500 0.313259
vt 0.578125 0.343845
vt 0.562500 0.343845
vt 0.593750 0.531250
vt 0.609375 0.562500
vt 0.609375 0.531250
vt 0.578125 0.562500
vt 0.593750 0.562500
vt 0.609375 0.593750
vt 0.578125 0.593750
vt 0.593750 0.593750
vt 0.578125 0.531250
vt 0.562500 0.531250
vt 0.562500 0.562500
vt 0.562500 0.593750
vt 0.562500 0.625000
vt 0.593750 0.781250
vt 0.609375 0.812500
vt 0.609375 0.781250
vt 0.578125 0.812500
vt 0.593750 0.812500
vt 0.609375 0.843750
vt 0.578125 0.843750
vt 0.593750 0.843750
vt 0.578125 0.781250
vt 0.562500 0.781250
vt 0.562500 0.812500
vt 0.562500 0.843750
vt 0.578125 0.875000
vt 0.593750 0.875000
vt 0.609375 0.875000
vt 0.390625 0.875000
vt 0.406250 0.875000
vt 0.390625 0.875000
vt 0.390625 0.875000
vt 0.406250 0.875000
vt 0.421875 0.875000
vt 0.421875 0.875000
vt 0.421875 0.875000
vt 0.375000 0.875000
vt 0.390625 0.875000
vt 0.375000 0.875000
vt 0.375000 0.875000
vt 0.375000 0.875000
vt 0.375000 0.875000
vt 0.390625 0.875000
vt 0.406250 0.875000
vt 0.421875 0.875000
vt 0.437500 0.875000
vt 0.437500 0.875000
vt 0.437500 0.875000
vt 0.437500 0.875000
vt 0.421875 0.875000
vt 0.437500 0.875000
vt 0.406250 0.875000
vt 0.546875 0.283811
vt 0.531250 0.313259
vt 0.546875 0.313259
vt 0.515625 0.283811
vt 0.531250 0.283811
vt 0.531250 0.343845
vt 0.546875 0.343845
vt 0.515625 0.313259
vt 0.546875 0.256070
vt 0.515625 0.256070
vt 0.531250 0.256070
vt 0.500000 0.256070
vt 0.500000 0.283811
vt 0.500000 0.313259
vt 0.515625 0.343845
vt 0.500000 0.343845
vt 0.515625 0.375000
vt 0.531250 0.375000
vt 0.546875 0.375000
vt 0.531250 0.531250
vt 0.546875 0.562500
vt 0.546875 0.531250
vt 0.515625 0.562500
vt 0.531250 0.562500
vt 0.546875 0.593750
vt 0.515625 0.593750
vt 0.531250 0.593750
vt 0.546875 0.500000
vt 0.562500 0.500000
vt 0.531250 0.500000
vt 0.515625 0.531250
vt 0.515625 0.500000
vt 0.500000 0.531250
vt 0.500000 0.562500
vt 0.500000 0.593750
vt 0.500000 0.625000
vt 0.515625 0.625000
vt 0.531250 0.625000
vt 0.546875 0.625000
vt 0.531250 0.781250
vt 0.546875 0.812500
vt 0.546875 0.781250
vt 0.515625 0.812500
vt 0.531250 0.812500
vt 0.546875 0.843750
vt 0.515625 0.843750
vt 0.531250 0.843750
vt 0.546875 0.750000
vt 0.531250 0.750000
vt 0.515625 0.781250
vt 0.515625 0.750000
vt 0.500000 0.781250
vt 0.500000 0.812500
vt 0.500000 0.843750
vt 0.546875 0.183661
vt 0.531250 0.206469
vt 0.546875 0.206469
vt 0.515625 0.183661
vt 0.531250 0.183661
vt 0.531250 0.230416
vt 0.546875 0.230416
vt 0.515625 0.206469
vt 0.546875 0.161421
vt 0.515625 0.161421
vt 0.531250 0.161421
vt 0.500000 0.161421
vt 0.500000 0.183661
vt 0.500000 0.206469
vt 0.515625 0.230416
vt 0.500000 0.230416
vt 0.546875 0.406250
vt 0.531250 0.437500
vt 0.546875 0.437500
vt 0.515625 0.406250
vt 0.531250 0.406250
vt 0.531250 0.468750
vt 0.546875 0.468750
vt 0.515625 0.437500
vt 0.500000 0.375000
vt 0.500000 0.406250
vt 0.500000 0.437500
vt 0.515625 0.468750
vt 0.500000 0.468750
vt 0.531250 0.656250
vt 0.546875 0.687500
vt 0.546875 0.656250
vt 0.515625 0.687500
vt 0.531250 0.687500
vt 0.546875 0.718750
vt 0.515625 0.718750
vt 0.531250 0.718750
vt 0.515625 0.656250
vt 0.500000 0.656250
vt 0.500000 0.687500
vt 0.500000 0.718750
vt 0.500000 0.750000
vt 0.484375 0.283811
vt 0.468750 0.313259
vt 0.484375 0.313259
vt 0.453125 0.283811
vt 0.468750 0.283811
vt 0.468750 0.343845
vt 0.484375 0.343845
vt 0.453125 0.313259
vt 0.484375 0.256070
vt 0.453125 0.256070
vt 0.468750 0.256070
vt 0.437500 0.256070
vt 0.437500 0.283811
vt 0.437500 0.313259
vt 0.453125 0.343845
vt 0.437500 0.343845
vt 0.453125 0.375000
vt 0.468750 0.375000
vt 0.484375 0.375000
vt 0.468750 0.531250
vt 0.484375 0.562500
vt 0.484375 0.531250
vt 0.453125 0.562500
vt 0.468750 0.562500
vt 0.484375 0.593750
vt 0.453125 0.593750
vt 0.468750 0.593750
vt 0.484375 0.500000
vt 0.500000 0.500000
vt 0.468750 0.500000
vt 0.453125 0.531250
vt 0.453125 0.500000
vt 0.437500 0.531250
vt 0.437500 0.562500
vt 0.437500 0.593750
vt 0.437500 0.625000
vt 0.453125 0.625000
vt 0.468750 0.625000
vt 0.484375 0.625000
vt 0.468750 0.781250
vt 0.484375 0.812500
vt 0.484375 0.781250
vt 0.453125 0.812500
vt 0.468750 0.812500
vt 0.484375 0.843750
vt 0.453125 0.843750
vt 0.468750 0.843750
vt 0.484375 0.750000
vt 0.468750 0.750000
vt 0.453125 0.781250
vt 0.453125 0.750000
vt 0.437500 0.781250
vt 0.437500 0.812500
vt 0.437500 0.843750
vt 0.453125 0.875000
vt 0.468750 0.875000
vt 0.484375 0.875000
vt 0.484375 0.183661
vt 0.468750 0.206469
vt 0.484375 0.206469
vt 0.453125 0.183661
vt 0.468750 0.183661
vt 0.468750 0.230416
vt 0.484375 0.230416
vt 0.453125 0.206469
vt 0.484375 0.161421
vt 0.453125 0.161421
vt 0.468750 0.161421
vt 0.437500 0.161421
vt 0.437500 0.183661
vt 0.437500 0.206469
vt 0.453125 0.230416
vt 0.437500 0.230416
vt 0.484375 0.406250
vt 0.468750 0.437500
vt 0.484375 0.437500
vt 0.453125 0.406250
vt 0.468750 0.406250
vt 0.468750 0.468750
vt 0.484375 0.468750
vt 0.453125 0.437500
vt 0.437500 0.375000
vt 0.437500 0.406250
vt 0.437500 0.437500
vt 0.453125 0.468750
vt 0.437500 0.468750
vt 0.468750 0.656250
vt 0.484375 0.687500
vt 0.484375 0.656250
vt 0.453125 0.687500
vt 0.468750 0.687500
vt 0.484375 0.718750
vt 0.453125 0.718750
vt 0.468750 0.718750
vt 0.453125 0.656250
vt 0.437500 0.656250
vt 0.437500 0.687500
vt 0.437500 0.718750
vt 0.437500 0.750000
vt 0.703125 0.875000
vt 0.718750 0.875000
vt 0.703125 0.875000
vt 0.703125 0.875000
vt 0.718750 0.875000
vt 0.734375 0.875000
vt 0.734375 0.875000
vt 0.734375 0.875000
vt 0.687500 0.875000
vt 0.687500 0.875000
vt 0.687500 0.875000
vt 0.687500 0.875000
vt 0.703125 0.875000
vt 0.718750 0.875000
vt 0.734375 0.875000
vt 0.750000 0.875000
vt 0.750000 0.875000
vt 0.750000 0.875000
vt 0.750000 0.875000
vt 0.421875 0.183661
vt 0.406250 0.206469
vt 0.421875 0.206469
vt 0.390625 0.183661
vt 0.406250 0.183661
vt 0.406250 0.230416
vt 0.421875 0.230416
vt 0.390625 0.206469
vt 0.421875 0.161421
vt 0.390625 0.161421
vt 0.406250 0.161421
vt 0.375000 0.161421
vt 0.375000 0.183661
vt 0.375000 0.206469
vt 0.390625 0.230416
vt 0.375000 0.230416
vt 0.390625 0.256070
vt 0.406250 0.256070
vt 0.421875 0.256070
vt 0.421875 0.406250
vt 0.406250 0.437500
vt 0.421875 0.437500
vt 0.390625 0.406250
vt 0.406250 0.406250
vt 0.406250 0.468750
vt 0.421875 0.468750
vt 0.390625 0.437500
vt 0.421875 0.375000
vt 0.390625 0.375000
vt 0.406250 0.375000
vt 0.375000 0.375000
vt 0.375000 0.406250
vt 0.375000 0.437500
vt 0.390625 0.468750
vt 0.375000 0.468750
vt 0.390625 0.500000
vt 0.406250 0.500000
vt 0.421875 0.500000
vt 0.437500 0.500000
vt 0.406250 0.656250
vt 0.421875 0.687500
vt 0.421875 0.656250
vt 0.390625 0.687500
vt 0.406250 0.687500
vt 0.421875 0.718750
vt 0.390625 0.718750
vt 0.406250 0.718750
vt 0.421875 0.625000
vt 0.406250 0.625000
vt 0.390625 0.656250
vt 0.390625 0.625000
vt 0.375000 0.656250
vt 0.375000 0.687500
vt 0.375000 0.718750
vt 0.375000 0.750000
vt 0.390625 0.750000
vt 0.406250 0.750000
vt 0.421875 0.750000
vt 0.265001 0.875000
vt 0.281223 0.875000
vt 0.265547 0.875000
vt 0.263682 0.875000
vt 0.281033 0.875000
vt 0.296848 0.875000
vt 0.296872 0.875000
vt 0.296797 0.875000
vt 0.265625 0.875000
vt 0.262505 0.875000
vt 0.280626 0.875000
vt 0.296766 0.875000
vt 0.312500 0.875000
vt 0.312500 0.875000
vt 0.312500 0.875000
vt 0.312500 0.875000
vt 0.296875 0.875000
vt 0.312500 0.875000
vt 0.281250 0.875000
vt 0.421875 0.283811
vt 0.406250 0.313259
vt 0.421875 0.313259
vt 0.390625 0.283811
vt 0.406250 0.283811
vt 0.406250 0.343845
vt 0.421875 0.343845
vt 0.390625 0.313259
vt 0.375000 0.256070
vt 0.375000 0.283811
vt 0.375000 0.313259
vt 0.390625 0.343845
vt 0.375000 0.343845
vt 0.406250 0.531250
vt 0.421875 0.562500
vt 0.421875 0.531250
vt 0.390625 0.562500
vt 0.406250 0.562500
vt 0.421875 0.593750
vt 0.390625 0.593750
vt 0.406250 0.593750
vt 0.390625 0.531250
vt 0.375000 0.531250
vt 0.375000 0.562500
vt 0.375000 0.593750
vt 0.375000 0.625000
vt 0.406250 0.781250
vt 0.421875 0.812500
vt 0.421875 0.781250
vt 0.390625 0.812500
vt 0.406250 0.812500
vt 0.421875 0.843750
vt 0.390625 0.843750
vt 0.406250 0.843750
vt 0.390625 0.781250
vt 0.375000 0.781250
vt 0.375000 0.812500
vt 0.375000 0.843750
vt 0.359375 0.406250
vt 0.343750 0.437500
vt 0.359375 0.437500
vt 0.328125 0.406250
vt 0.343750 0.406250
vt 0.343750 0.468750
vt 0.359375 0.468750
vt 0.328125 0.437500
vt 0.359375 0.375000
vt 0.328125 0.375000
vt 0.343750 0.375000
vt 0.312500 0.375000
vt 0.312500 0.406250
vt 0.312500 0.437500
vt 0.328125 0.468750
vt 0.312500 0.468750
vt 0.328125 0.500000
vt 0.343750 0.500000
vt 0.359375 0.500000
vt 0.375000 0.500000
vt 0.343750 0.656250
vt 0.359375 0.687500
vt 0.359375 0.656250
vt 0.328125 0.687500
vt 0.343750 0.687500
vt 0.359375 0.718750
vt 0.328125 0.718750
vt 0.343750 0.718750
vt 0.359375 0.625000
vt 0.343750 0.625000
vt 0.328125 0.656250
vt 0.328125 0.625000
vt 0.312500 0.656250
vt 0.312500 0.687500
vt 0.312500 0.718750
vt 0.312500 0.750000
vt 0.328125 0.750000
vt 0.343750 0.750000
vt 0.359375 0.750000
vt 0.140625 0.875000
vt 0.156250 0.875000
vt 0.140625 0.875000
vt 0.140625 0.875000
vt 0.156250 0.875000
vt 0.171875 0.875000
vt 0.171875 0.875000
vt 0.171875 0.875000
vt 0.140625 0.875000
vt 0.140625 0.875000
vt 0.156250 0.875000
vt 0.171875 0.875000
vt 0.171875 0.875000
vt 0.156250 0.875000
vt 0.359375 0.283811
vt 0.343750 0.313259
vt 0.359375 0.313259
vt 0.328125 0.283811
vt 0.343750 0.283811
vt 0.343750 0.343845
vt 0.359375 0.343845
vt 0.328125 0.313259
vt 0.359375 0.256070
vt 0.328125 0.256070
vt 0.343750 0.256070
vt 0.312500 0.256070
vt 0.312500 0.283811
vt 0.312500 0.313259
vt 0.328125 0.343845
vt 0.312500 0.343845
vt 0.343750 0.531250
vt 0.359375 0.562500
vt 0.359375 0.531250
vt 0.328125 0.562500
vt 0.343750 0.562500
vt 0.359375 0.593750
vt 0.328125 0.593750
vt 0.343750 0.593750
vt 0.328125 0.531250
vt 0.312500 0.531250
vt 0.312500 0.562500
vt 0.312500 0.593750
vt 0.312500 0.625000
vt 0.343750 0.781250
vt 0.359375 0.812500
vt 0.359375 0.781250
vt 0.328125 0.812500
vt 0.343750 0.812500
vt 0.359375 0.843750
vt 0.328125 0.843750
vt 0.343750 0.843750
vt 0.328125 0.781250
vt 0.312500 0.781250
vt 0.312500 0.812500
vt 0.312500 0.843750
vt 0.328125 0.875000
vt 0.343750 0.875000
vt 0.359375 0.875000
vt 0.359375 0.183661
vt 0.343750 0.206469
vt 0.359375 0.206469
vt 0.328125 0.183661
vt 0.343750 0.183661
vt 0.343750 0.230416
vt 0.359375 0.230416
vt 0.328125 0.206469
vt 0.359375 0.161421
vt 0.328125 0.161421
vt 0.343750 0.161421
vt 0.312500 0.161421
vt 0.312500 0.183661
vt 0.312500 0.206469
vt 0.328125 0.230416
vt 0.312500 0.230416
vt 0.296875 0.283811
vt 0.281250 0.313259
vt 0.296875 0.313259
vt 0.265625 0.283811
vt 0.281250 0.283811
vt 0.281250 0.343845
vt 0.296875 0.343845
vt 0.265625 0.313259
vt 0.296875 0.256070
vt 0.265625 0.256070
vt 0.281250 0.256070
vt 0.250000 0.256070
vt 0.250000 0.283811
vt 0.250000 0.313259
vt 0.265625 0.343845
vt 0.250000 0.343845
vt 0.265625 0.375000
vt 0.281250 0.375000
vt 0.296875 0.375000
vt 0.281250 0.531250
vt 0.296875 0.562500
vt 0.296875 0.531250
vt 0.265625 0.562500
vt 0.281250 0.562500
vt 0.296875 0.593750
vt 0.265625 0.593750
vt 0.281250 0.593750
vt 0.296875 0.500000
vt 0.312500 0.500000
vt 0.281250 0.500000
vt 0.265625 0.531250
vt 0.265625 0.500000
vt 0.250000 0.531250
vt 0.250000 0.562500
vt 0.250000 0.593750
vt 0.250000 0.625000
vt 0.265625 0.625000
vt 0.281250 0.625000
vt 0.296875 0.625000
vt 0.281250 0.781250
vt 0.296875 0.812500
vt 0.296875 0.781250
vt 0.265625 0.812500
vt 0.281250 0.812500
vt 0.296875 0.843750
vt 0.265625 0.843750
vt 0.281250 0.843750
vt 0.296875 0.750000
vt 0.281250 0.750000
vt 0.265625 0.781250
vt 0.265625 0.750000
vt 0.250000 0.781250
vt 0.250000 0.812500
vt 0.250000 0.843750
vt 0.281250 0.875000
vt 0.296875 0.183661
vt 0.281250 0.206469
vt 0.296875 0.206469
vt 0.265625 0.183661
vt 0.281250 0.183661
vt 0.281250 0.230416
vt 0.296875 0.230416
vt 0.265625 0.206469
vt 0.296875 0.161421
vt 0.265625 0.161421
vt 0.281250 0.161421
vt 0.250000 0.161421
vt 0.250000 0.183661
vt 0.250000 0.206469
vt 0.265625 0.230416
vt 0.250000 0.230416
vt 0.296875 0.406250
vt 0.281250 0.437500
vt 0.296875 0.437500
vt 0.265625 0.406250
vt 0.281250 0.406250
vt 0.281250 0.468750
vt 0.296875 0.468750
vt 0.265625 0.437500
vt 0.250000 0.375000
vt 0.250000 0.406250
vt 0.250000 0.437500
vt 0.265625 0.468750
vt 0.250000 0.468750
vt 0.281250 0.656250
vt 0.296875 0.687500
vt 0.296875 0.656250
vt 0.265625 0.687500
vt 0.281250 0.687500
vt 0.296875 0.718750
vt 0.265625 0.718750
vt 0.281250 0.718750
vt 0.265625 0.656250
vt 0.250000 0.656250
vt 0.250000 0.687500
vt 0.250000 0.718750
vt 0.250000 0.750000
vt 0.015625 0.875000
vt 0.031250 0.875000
vt 0.015625 0.875000
vt 0.015625 0.875000
vt 0.031250 0.875000
vt 0.046875 0.875000
vt 0.046875 0.875000
vt 0.046875 0.875000
vt 0.000000 0.875000
vt 0.015625 0.875000
vt 0.000000 0.875000
vt 0.000000 0.875000
vt 0.000000 0.875000
vt 0.000000 0.875000
vt 0.015625 0.875000
vt 0.031250 0.875000
vt 0.046875 0.875000
vt 0.046875 0.875000
vt 0.031250 0.875000
vt 0.218750 0.531250
vt 0.234375 0.562500
vt 0.234375 0.531250
vt 0.203125 0.562500
vt 0.218750 0.562500
vt 0.234375 0.593750
vt 0.203125 0.593750
vt 0.218750 0.593750
vt 0.234375 0.500000
vt 0.250000 0.500000
vt 0.218750 0.500000
vt 0.203125 0.531250
vt 0.203125 0.500000
vt 0.187500 0.531250
vt 0.187500 0.562500
vt 0.187500 0.593750
vt 0.187500 0.625000
vt 0.203125 0.625000
vt 0.218750 0.625000
vt 0.234375 0.625000
vt 0.218750 0.781250
vt 0.234375 0.812500
vt 0.234375 0.781250
vt 0.203125 0.812500
vt 0.218750 0.812500
vt 0.234375 0.843750
vt 0.203125 0.843750
vt 0.218750 0.843750
vt 0.234375 0.750000
vt 0.218750 0.750000
vt 0.203125 0.781250
vt 0.203125 0.750000
vt 0.187500 0.781250
vt 0.187500 0.812500
vt 0.187500 0.843750
vt 0.234375 0.183661
vt 0.218750 0.206469
vt 0.234375 0.206469
vt 0.203125 0.183661
vt 0.218750 0.183661
vt 0.218750 0.230416
vt 0.234375 0.230416
vt 0.203125 0.206469
vt 0.234375 0.161421
vt 0.203125 0.161421
vt 0.218750 0.161421
vt 0.187500 0.161421
vt 0.187500 0.183661
vt 0.187500 0.206469
vt 0.203125 0.230416
vt 0.187500 0.230416
vt 0.203125 0.256070
vt 0.218750 0.256070
vt 0.234375 0.256070
vt 0.234375 0.406250
vt 0.218750 0.437500
vt 0.234375 0.437500
vt 0.203125 0.406250
vt 0.218750 0.406250
vt 0.218750 0.468750
vt 0.234375 0.468750
vt 0.203125 0.437500
vt 0.234375 0.375000
vt 0.203125 0.375000
vt 0.218750 0.375000
vt 0.187500 0.375000
vt 0.187500 0.406250
vt 0.187500 0.437500
vt 0.203125 0.468750
vt 0.187500 0.468750
vt 0.218750 0.656250
vt 0.234375 0.687500
vt 0.234375 0.656250
vt 0.203125 0.687500
vt 0.218750 0.687500
vt 0.234375 0.718750
vt 0.203125 0.718750
vt 0.218750 0.718750
vt 0.203125 0.656250
vt 0.187500 0.656250
vt 0.187500 0.687500
vt 0.187500 0.718750
vt 0.187500 0.750000
vt 0.765625 0.875000
vt 0.781250 0.875000
vt 0.765625 0.875000
vt 0.765625 0.875000
vt 0.781250 0.875000
vt 0.796875 0.875000
vt 0.796875 0.875000
vt 0.796875 0.875000
vt 0.765625 0.875000
vt 0.765625 0.875000
vt 0.781250 0.875000
vt 0.796875 0.875000
vt 0.812500 0.875000
vt 0.812500 0.875000
vt 0.812500 0.875000
vt 0.812500 0.875000
vt 0.796875 0.875000
vt 0.812500 0.875000
vt 0.781250 0.875000
vt 0.234375 0.283811
vt 0.218750 0.313259
vt 0.234375 0.313259
vt 0.203125 0.283811
vt 0.218750 0.283811
vt 0.218750 0.343845
vt 0.234375 0.343845
vt 0.203125 0.313259
vt 0.187500 0.256070
vt 0.187500 0.283811
vt 0.187500 0.313259
vt 0.203125 0.343845
vt 0.187500 0.343845
vt 0.171875 0.183661
vt 0.156250 0.206469
vt 0.171875 0.206469
vt 0.140625 0.183661
vt 0.156250 0.183661
vt 0.156250 0.230416
vt 0.171875 0.230416
vt 0.140625 0.206469
vt 0.171875 0.161421
vt 0.140625 0.161421
vt 0.156250 0.161421
vt 0.125000 0.161421
vt 0.125000 0.183661
vt 0.125000 0.206469
vt 0.140625 0.230416
vt 0.125000 0.230416
vt 0.140625 0.256070
vt 0.156250 0.256070
vt 0.171875 0.256070
vt 0.171875 0.406250
vt 0.156250 0.437500
vt 0.171875 0.437500
vt 0.140625 0.406250
vt 0.156250 0.406250
vt 0.156250 0.468750
vt 0.171875 0.468750
vt 0.140625 0.437500
vt 0.171875 0.375000
vt 0.140625 0.375000
vt 0.156250 0.375000
vt 0.125000 0.375000
vt 0.125000 0.406250
vt 0.125000 0.437500
vt 0.140625 0.468750
vt 0.125000 0.468750
vt 0.140625 0.500000
vt 0.156250 0.500000
vt 0.171875 0.500000
vt 0.187500 0.500000
vt 0.156250 0.656250
vt 0.171875 0.687500
vt 0.171875 0.656250
vt 0.140625 0.687500
vt 0.156250 0.687500
vt 0.171875 0.718750
vt 0.140625 0.718750
vt 0.156250 0.718750
vt 0.171875 0.625000
vt 0.156250 0.625000
vt 0.140625 0.656250
vt 0.140625 0.625000
vt 0.125000 0.656250
vt 0.125000 0.687500
vt 0.125000 0.718750
vt 0.125000 0.750000
vt 0.140625 0.750000
vt 0.156250 0.750000
vt 0.171875 0.750000
vt 0.890625 0.875000
vt 0.906250 0.875000
vt 0.890625 0.875000
vt 0.890625 0.875000
vt 0.906250 0.875000
vt 0.921875 0.875000
vt 0.921875 0.875000
vt 0.921875 0.875000
vt 0.875000 0.875000
vt 0.890625 0.875000
vt 0.875000 0.875000
vt 0.875000 0.875000
vt 0.875000 0.875000
vt 0.875000 0.875000
vt 0.890625 0.875000
vt 0.906250 0.875000
vt 0.921875 0.875000
vt 0.937500 0.875000
vt 0.937500 0.875000
vt 0.937500 0.875000
vt 0.937500 0.875000
vt 0.921875 0.875000
vt 0.937500 0.875000
vt 0.906250 0.875000
vt 0.171875 0.283811
vt 0.156250 0.313259
vt 0.171875 0.313259
vt 0.140625 0.283811
vt 0.156250 0.283811
vt 0.156250 0.343845
vt 0.171875 0.343845
vt 0.140625 0.313259
vt 0.125000 0.256070
vt 0.125000 0.283811
vt 0.125000 0.313259
vt 0.140625 0.343845
vt 0.125000 0.343845
vt 0.156250 0.531250
vt 0.171875 0.562500
vt 0.171875 0.531250
vt 0.140625 0.562500
vt 0.156250 0.562500
vt 0.171875 0.593750
vt 0.140625 0.593750
vt 0.156250 0.593750
vt 0.140625 0.531250
vt 0.125000 0.531250
vt 0.125000 0.562500
vt 0.125000 0.593750
vt 0.125000 0.625000
vt 0.156250 0.781250
vt 0.171875 0.812500
vt 0.171875 0.781250
vt 0.140625 0.812500
vt 0.156250 0.812500
vt 0.171875 0.843750
vt 0.140625 0.843750
vt 0.156250 0.843750
vt 0.140625 0.781250
vt 0.125000 0.781250
vt 0.125000 0.812500
vt 0.125000 0.843750
vt 0.093750 0.656250
vt 0.109375 0.687500
vt 0.109375 0.656250
vt 0.078125 0.687500
vt 0.093750 0.687500
vt 0.109375 0.718750
vt 0.078125 0.718750
vt 0.093750 0.718750
vt 0.109375 0.625000
vt 0.093750 0.625000
vt 0.078125 0.656250
vt 0.078125 0.625000
vt 0.062500 0.656250
vt 0.062500 0.687500
vt 0.062500 0.718750
vt 0.062500 0.750000
vt 0.078125 0.750000
vt 0.093750 0.750000
vt 0.109375 0.750000
vt 0.953125 0.875000
vt 0.968750 0.875000
vt 0.953125 0.875000
vt 0.953125 0.875000
vt 0.968750 0.875000
vt 0.984375 0.875000
vt 0.984375 0.875000
vt 0.984375 0.875000
vt 0.953125 0.875000
vt 0.953125 0.875000
vt 0.968750 0.875000
vt 0.984375 0.875000
vt 1.000000 0.875000
vt 1.000000 0.875000
vt 1.000000 0.875000
vt 1.000000 0.875000
vt 0.984375 0.875000
vt 1.000000 0.875000
vt 0.968750 0.875000
vt 0.109375 0.283811
vt 0.093750 0.313259
vt 0.109375 0.313259
vt 0.078125 0.283811
vt 0.093750 0.283811
vt 0.093750 0.343845
vt 0.109375 0.343845
vt 0.078125 0.313259
vt 0.109375 0.256070
vt 0.078125 0.256070
vt 0.093750 0.256070
vt 0.062500 0.256070
vt 0.062500 0.283811
vt 0.062500 0.313259
vt 0.078125 0.343845
vt 0.062500 0.343845
vt 0.078125 0.375000
vt 0.093750 0.375000
vt 0.109375 0.375000
vt 0.093750 0.531250
vt 0.109375 0.562500
vt 0.109375 0.531250
vt 0.078125 0.562500
vt 0.093750 0.562500
vt 0.109375 0.593750
vt 0.078125 0.593750
vt 0.093750 0.593750
vt 0.109375 0.500000
vt 0.125000 0.500000
vt 0.093750 0.500000
vt 0.078125 0.531250
vt 0.078125 0.500000
vt 0.062500 0.531250
vt 0.062500 0.562500
vt 0.062500 0.593750
vt 0.062500 0.625000
vt 0.093750 0.781250
vt 0.109375 0.812500
vt 0.109375 0.781250
vt 0.078125 0.812500
vt 0.093750 0.812500
vt 0.109375 0.843750
vt 0.078125 0.843750
vt 0.093750 0.843750
vt 0.078125 0.781250
vt 0.062500 0.781250
vt 0.062500 0.812500
vt 0.062500 0.843750
vt 0.109375 0.183661
vt 0.093750 0.206469
vt 0.109375 0.206469
vt 0.078125 0.183661
vt 0.093750 0.183661
vt 0.093750 0.230416
vt 0.109375 0.230416
vt 0.078125 0.206469
vt 0.109375 0.161421
vt 0.078125 0.161421
vt 0.093750 0.161421
vt 0.062500 0.161421
vt 0.062500 0.183661
vt 0.062500 0.206469
vt 0.078125 0.230416
vt 0.062500 0.230416
vt 0.109375 0.406250
vt 0.093750 0.437500
vt 0.109375 0.437500
vt 0.078125 0.406250
vt 0.093750 0.406250
vt 0.093750 0.468750
vt 0.109375 0.468750
vt 0.078125 0.437500
vt 0.062500 0.375000
vt 0.062500 0.406250
vt 0.062500 0.437500
vt 0.078125 0.468750
vt 0.062500 0.468750
vt 0.046875 0.283811
vt 0.031250 0.313259
vt 0.046875 0.313259
vt 0.015625 0.283811
vt 0.031250 0.283811
vt 0.031250 0.343845
vt 0.046875 0.343845
vt 0.015625 0.313259
vt 0.046875 0.256070
vt 0.015625 0.256070
vt 0.031250 0.256070
vt 0.000000 0.256070
vt 0.000000 0.283811
vt 0.000000 0.313259
vt 0.015625 0.343845
vt 0.000000 0.343845
vt 0.015625 0.375000
vt 0.031250 0.375000
vt 0.046875 0.375000
vt 0.031250 0.531250
vt 0.046875 0.562500
vt 0.046875 0.531250
vt 0.015625 0.562500
vt 0.031250 0.562500
vt 0.046875 0.593750
vt 0.015625 0.593750
vt 0.031250 0.593750
vt 0.046875 0.500000
vt 0.062500 0.500000
vt 0.031250 0.500000
vt 0.015625 0.531250
vt 0.015625 0.500000
vt 0.000000 0.531250
vt 0.000000 0.562500
vt 0.000000 0.593750
vt 0.000000 0.625000
vt 0.015625 0.625000
vt 0.031250 0.625000
vt 0.046875 0.625000
vt 0.031250 0.781250
vt 0.046875 0.812500
vt 0.046875 0.781250
vt 0.015625 0.812500
vt 0.031250 0.812500
vt 0.046875 0.843750
vt 0.015625 0.843750
vt 0.031250 0.843750
vt 0.046875 0.750000
vt 0.031250 0.750000
vt 0.015625 0.781250
vt 0.015625 0.750000
vt 0.000000 0.781250
vt 0.000000 0.812500
vt 0.000000 0.843750
vt 0.046875 0.183661
vt 0.031250 0.206469
vt 0.046875 0.206469
vt 0.015625 0.183661
vt 0.031250 0.183661
vt 0.031250 0.230416
vt 0.046875 0.230416
vt 0.015625 0.206469
vt 0.046875 0.161421
vt 0.015625 0.161421
vt 0.031250 0.161421
vt 0.000000 0.161421
vt 0.000000 0.183661
vt 0.000000 0.206469
vt 0.015625 0.230416
vt 0.000000 0.230416
vt 0.046875 0.406250
vt 0.031250 0.437500
vt 0.046875 0.437500
vt 0.015625 0.406250
vt 0.031250 0.406250
vt 0.031250 0.468750
vt 0.046875 0.468750
vt 0.015625 0.437500
vt 0.000000 0.375000
vt 0.000000 0.406250
vt 0.000000 0.437500
vt 0.015625 0.468750
vt 0.000000 0.468750
vt 0.031250 0.656250
vt 0.046875 0.687500
vt 0.046875 0.656250
vt 0.015625 0.687500
vt 0.031250 0.687500
vt 0.046875 0.718750
vt 0.015625 0.718750
vt 0.031250 0.718750
vt 0.015625 0.656250
vt 0.000000 0.656250
vt 0.000000 0.687500
vt 0.000000 0.718750
vt 0.000000 0.750000
vt 0.828125 0.875000
vt 0.843750 0.875000
vt 0.828125 0.875000
vt 0.828125 0.875000
vt 0.843750 0.875000
vt 0.859375 0.875000
vt 0.859375 0.875000
vt 0.859375 0.875000
vt 0.828125 0.875000
vt 0.828125 0.875000
vt 0.843750 0.875000
vt 0.859375 0.875000
vt 0.859375 0.875000
vt 0.843750 0.875000
vt 0.968750 0.781250
vt 0.984375 0.812500
vt 0.984375 0.781250
vt 0.953125 0.812500
vt 0.968750 0.812500
vt 0.984375 0.843750
vt 0.953125 0.843750
vt 0.968750 0.843750
vt 0.984375 0.750000
vt 1.000000 0.781250
vt 1.000000 0.750000
vt 0.968750 0.750000
vt 0.953125 0.781250
vt 0.953125 0.750000
vt 0.937500 0.781250
vt 0.937500 0.812500
vt 0.937500 0.843750
vt 1.000000 0.843750
vt 1.000000 0.812500
vt 0.984375 0.183661
vt 0.968750 0.206469
vt 0.984375 0.206469
vt 0.953125 0.183661
vt 0.968750 0.183661
vt 0.968750 0.230416
vt 0.984375 0.230416
vt 0.953125 0.206469
vt 1.000000 0.161421
vt 1.000000 0.183661
vt 0.984375 0.161421
vt 0.953125 0.161421
vt 0.968750 0.161421
vt 0.937500 0.161421
vt 0.937500 0.183661
vt 0.937500 0.206469
vt 0.953125 0.230416
vt 0.937500 0.230416
vt 0.953125 0.256070
vt 0.968750 0.256070
vt 0.984375 0.256070
vt 1.000000 0.230416
vt 1.000000 0.256070
vt 1.000000 0.206469
vt 0.984375 0.406250
vt 0.968750 0.437500
vt 0.984375 0.437500
vt 0.953125 0.406250
vt 0.968750 0.406250
vt 0.968750 0.468750
vt 0.984375 0.468750
vt 0.953125 0.437500
vt 1.000000 0.375000
vt 1.000000 0.406250
vt 0.984375 0.375000
vt 0.953125 0.375000
vt 0.968750 0.375000
vt 0.937500 0.375000
vt 0.937500 0.406250
vt 0.937500 0.437500
vt 0.953125 0.468750
vt 0.937500 0.468750
vt 0.953125 0.500000
vt 0.968750 0.500000
vt 0.984375 0.500000
vt 1.000000 0.468750
vt 1.000000 0.500000
vt 1.000000 0.437500
vt 0.968750 0.656250
vt 0.984375 0.687500
vt 0.984375 0.656250
vt 0.953125 0.687500
vt 0.968750 0.687500
vt 0.984375 0.718750
vt 0.953125 0.718750
vt 0.968750 0.718750
vt 0.984375 0.625000
vt 1.000000 0.656250
vt 1.000000 0.625000
vt 0.968750 0.625000
vt 0.953125 0.656250
vt 0.953125 0.625000
vt 0.937500 0.656250
vt 0.937500 0.687500
vt 0.937500 0.718750
vt 0.937500 0.750000
vt 1.000000 0.718750
vt 1.000000 0.687500
vt 0.578125 0.875000
vt 0.593750 0.875000
vt 0.578125 0.875000
vt 0.578125 0.875000
vt 0.593750 0.875000
vt 0.609375 0.875000
vt 0.609375 0.875000
vt 0.609375 0.875000
vt 0.578125 0.875000
vt 0.593750 0.875000
vt 0.609375 0.875000
vt 0.625000 0.875000
vt 0.625000 0.875000
vt 0.625000 0.875000
vt 0.625000 0.875000
vt 0.984375 0.283811
vt 0.968750 0.313259
vt 0.984375 0.313259
vt 0.953125 0.283811
vt 0.968750 0.283811
vt 0.968750 0.343845
vt 0.984375 0.343845
vt 0.953125 0.313259
vt 1.000000 0.283811
vt 0.937500 0.256070
vt 0.937500 0.283811
vt 0.937500 0.313259
vt 0.953125 0.343845
vt 0.937500 0.343845
vt 1.000000 0.343845
vt 1.000000 0.313259
vt 0.968750 0.531250
vt 0.984375 0.562500
vt 0.984375 0.531250
vt 0.953125 0.562500
vt 0.968750 0.562500
vt 0.984375 0.593750
vt 0.953125 0.593750
vt 0.968750 0.593750
vt 1.000000 0.531250
vt 0.953125 0.531250
vt 0.937500 0.531250
vt 0.937500 0.562500
vt 0.937500 0.593750
vt 0.937500 0.625000
vt 1.000000 0.593750
vt 1.000000 0.562500
vt 0.921875 0.183661
vt 0.906250 0.206469
vt 0.921875 0.206469
vt 0.890625 0.183661
vt 0.906250 0.183661
vt 0.906250 0.230416
vt 0.921875 0.230416
vt 0.890625 0.206469
vt 0.921875 0.161421
vt 0.890625 0.161421
vt 0.906250 0.161421
vt 0.875000 0.161421
vt 0.875000 0.183661
vt 0.875000 0.206469
vt 0.890625 0.230416
vt 0.875000 0.230416
vt 0.890625 0.256070
vt 0.906250 0.256070
vt 0.921875 0.256070
vt 0.921875 0.406250
vt 0.906250 0.437500
vt 0.921875 0.437500
vt 0.890625 0.406250
vt 0.906250 0.406250
vt 0.906250 0.468750
vt 0.921875 0.468750
vt 0.890625 0.437500
vt 0.921875 0.375000
vt 0.890625 0.375000
vt 0.906250 0.375000
vt 0.875000 0.375000
vt 0.875000 0.406250
vt 0.875000 0.437500
vt 0.890625 0.468750
vt 0.875000 0.468750
vt 0.890625 0.500000
vt 0.906250 0.500000
vt 0.921875 0.500000
vt 0.937500 0.500000
vt 0.906250 0.656250
vt 0.921875 0.687500
vt 0.921875 0.656250
vt 0.890625 0.687500
vt 0.906250 0.687500
vt 0.921875 0.718750
vt 0.890625 0.718750
vt 0.906250 0.718750
vt 0.921875 0.625000
vt 0.906250 0.625000
vt 0.890625 0.656250
vt 0.890625 0.625000
vt 0.875000 0.656250
vt 0.875000 0.687500
vt 0.875000 0.718750
vt 0.875000 0.750000
vt 0.890625 0.750000
vt 0.906250 0.750000
vt 0.921875 0.750000
vt 0.453125 0.875000
vt 0.468750 0.875000
vt 0.453125 0.875000
vt 0.453125 0.875000
vt 0.468750 0.875000
vt 0.484375 0.875000
vt 0.484375 0.875000
vt 0.484375 0.875000
vt 0.453125 0.875000
vt 0.468750 0.875000
vt 0.484375 0.875000
vt 0.921875 0.283811
vt 0.906250 0.313259
vt 0.921875 0.313259
vt 0.890625 0.283811
vt 0.906250 0.283811
vt 0.906250 0.343845
vt 0.921875 0.343845
vt 0.890625 0.313259
vt 0.875000 0.256070
vt 0.875000 0.283811
vt 0.875000 0.313259
vt 0.890625 0.343845
vt 0.875000 0.343845
vt 0.906250 0.531250
vt 0.921875 0.562500
vt 0.921875 0.531250
vt 0.890625 0.562500
vt 0.906250 0.562500
vt 0.921875 0.593750
vt 0.890625 0.593750
vt 0.906250 0.593750
vt 0.890625 0.531250
vt 0.875000 0.531250
vt 0.875000 0.562500
vt 0.875000 0.593750
vt 0.875000 0.625000
vt 0.906250 0.781250
vt 0.921875 0.812500
vt 0.921875 0.781250
vt 0.890625 0.812500
vt 0.906250 0.812500
vt 0.921875 0.843750
vt 0.890625 0.843750
vt 0.906250 0.843750
vt 0.890625 0.781250
vt 0.875000 0.781250
vt 0.875000 0.812500
vt 0.875000 0.843750
vt 0.640625 0.875000
vt 0.656250 0.875000
vt 0.640625 0.875000
vt 0.640625 0.875000
vt 0.656250 0.875000
vt 0.671875 0.875000
vt 0.671875 0.875000
vt 0.671875 0.875000
vt 0.640625 0.875000
vt 0.656250 0.875000
vt 0.671875 0.875000
vt 0.859375 0.283811
vt 0.843750 0.313259
vt 0.859375 0.313259
vt 0.828125 0.283811
vt 0.843750 0.283811
vt 0.843750 0.343845
vt 0.859375 0.343845
vt 0.828125 0.313259
vt 0.859375 0.256070
vt 0.828125 0.256070
vt 0.843750 0.256070
vt 0.812500 0.256070
vt 0.812500 0.283811
vt 0.812500 0.313259
vt 0.828125 0.343845
vt 0.812500 0.343845
vt 0.828125 0.375000
vt 0.843750 0.375000
vt 0.859375 0.375000
vt 0.843750 0.531250
vt 0.859375 0.562500
vt 0.859375 0.531250
vt 0.828125 0.562500
vt 0.843750 0.562500
vt 0.859375 0.593750
vt 0.828125 0.593750
vt 0.843750 0.593750
vt 0.859375 0.500000
vt 0.875000 0.500000
vt 0.843750 0.500000
vt 0.828125 0.531250
vt 0.828125 0.500000
vt 0.812500 0.531250
vt 0.812500 0.562500
vt 0.812500 0.593750
vt 0.812500 0.625000
vt 0.828125 0.625000
vt 0.843750 0.625000
vt 0.859375 0.625000
vt 0.843750 0.781250
vt 0.859375 0.812500
vt 0.859375 0.781250
vt 0.828125 0.812500
vt 0.843750 0.812500
vt 0.859375 0.843750
vt 0.828125 0.843750
vt 0.843750 0.843750
vt 0.859375 0.750000
vt 0.843750 0.750000
vt 0.828125 0.781250
vt 0.828125 0.750000
vt 0.812500 0.781250
vt 0.812500 0.812500
vt 0.812500 0.843750
vt 0.859375 0.183661
vt 0.843750 0.206469
vt 0.859375 0.206469
vt 0.828125 0.183661
vt 0.843750 0.183661
vt 0.843750 0.230416
vt 0.859375 0.230416
vt 0.828125 0.206469
vt 0.859375 0.161421
vt 0.828125 0.161421
vt 0.843750 0.161421
vt 0.812500 0.161421
vt 0.812500 0.183661
vt 0.812500 0.206469
vt 0.828125 0.230416
vt 0.812500 0.230416
vt 0.859375 0.406250
vt 0.843750 0.437500
vt 0.859375 0.437500
vt 0.828125 0.406250
vt 0.843750 0.406250
vt 0.843750 0.468750
vt 0.859375 0.468750
vt 0.828125 0.437500
vt 0.812500 0.375000
vt 0.812500 0.406250
vt 0.812500 0.437500
vt 0.828125 0.468750
vt 0.812500 0.468750
vt 0.843750 0.656250
vt 0.859375 0.687500
vt 0.859375 0.656250
vt 0.828125 0.687500
vt 0.843750 0.687500
vt 0.859375 0.718750
vt 0.828125 0.718750
vt 0.843750 0.718750
vt 0.828125 0.656250
vt 0.812500 0.656250
vt 0.812500 0.687500
vt 0.812500 0.718750
vt 0.812500 0.750000
vt 0.796875 0.283811
vt 0.781250 0.313259
vt 0.796875 0.313259
vt 0.765625 0.283811
vt 0.781250 0.283811
vt 0.781250 0.343845
vt 0.796875 0.343845
vt 0.765625 0.313259
vt 0.796875 0.256070
vt 0.765625 0.256070
vt 0.781250 0.256070
vt 0.765625 0.343845
vt 0.765625 0.375000
vt 0.781250 0.375000
vt 0.796875 0.375000
vt 0.781250 0.531250
vt 0.796875 0.562500
vt 0.796875 0.531250
vt 0.765625 0.562500
vt 0.781250 0.562500
vt 0.796875 0.593750
vt 0.765625 0.593750
vt 0.781250 0.593750
vt 0.796875 0.500000
vt 0.812500 0.500000
vt 0.781250 0.500000
vt 0.765625 0.531250
vt 0.765625 0.500000
vt 0.765625 0.625000
vt 0.781250 0.625000
vt 0.796875 0.625000
vt 0.781250 0.781250
vt 0.796875 0.812500
vt 0.796875 0.781250
vt 0.765625 0.812500
vt 0.781250 0.812500
vt 0.796875 0.843750
vt 0.765625 0.843750
vt 0.781250 0.843750
vt 0.796875 0.750000
vt 0.781250 0.750000
vt 0.765625 0.781250
vt 0.765625 0.750000
vt 0.796875 0.183661
vt 0.781250 0.206469
vt 0.796875 0.206469
vt 0.765625 0.183661
vt 0.781250 0.183661
vt 0.781250 0.230416
vt 0.796875 0.230416
vt 0.765625 0.206469
vt 0.796875 0.161421
vt 0.765625 0.161421
vt 0.781250 0.161421
vt 0.765625 0.230416
vt 0.796875 0.406250
vt 0.781250 0.437500
vt 0.796875 0.437500
vt 0.765625 0.406250
vt 0.781250 0.406250
vt 0.781250 0.468750
vt 0.796875 0.468750
vt 0.765625 0.437500
vt 0.765625 0.468750
vt 0.781250 0.656250
vt 0.796875 0.687500
vt 0.796875 0.656250
vt 0.765625 0.687500
vt 0.781250 0.687500
vt 0.796875 0.718750
vt 0.765625 0.718750
vt 0.781250 0.718750
vt 0.765625 0.656250
vt 0.328125 0.875000
vt 0.343750 0.875000
vt 0.328125 0.875000
vt 0.328125 0.875000
vt 0.343750 0.875000
vt 0.359375 0.875000
vt 0.359375 0.875000
vt 0.359375 0.875000
vt 0.328125 0.875000
vt 0.343750 0.875000
vt 0.359375 0.875000
vt 0.421875 0.161421
vt 0.406250 0.161421
vt 0.421875 0.161421
vt 0.421875 0.161421
vt 0.406250 0.161421
vt 0.390625 0.161421
vt 0.390625 0.161421
vt 0.390625 0.161421
vt 0.437500 0.161421
vt 0.437500 0.161421
vt 0.437500 0.161421
vt 0.437500 0.161421
vt 0.421875 0.161421
vt 0.406250 0.161421
vt 0.390625 0.161421
vt 0.375000 0.161421
vt 0.375000 0.161421
vt 0.375000 0.161421
vt 0.375000 0.161421
vt 0.984375 0.161421
vt 0.968750 0.161421
vt 0.984375 0.161421
vt 0.984375 0.161421
vt 0.968750 0.161421
vt 0.953125 0.161421
vt 0.953125 0.161421
vt 0.953125 0.161421
vt 1.000000 0.161421
vt 1.000000 0.161421
vt 1.000000 0.161421
vt 1.000000 0.161421
vt 0.984375 0.161421
vt 0.968750 0.161421
vt 0.953125 0.161421
vt 0.937500 0.161421
vt 0.937500 0.161421
vt 0.937500 0.161421
vt 0.937500 0.161421
vt 0.484375 0.161421
vt 0.468750 0.161421
vt 0.484375 0.161421
vt 0.484375 0.161421
vt 0.468750 0.161421
vt 0.453125 0.161421
vt 0.453125 0.161421
vt 0.453125 0.161421
vt 0.500000 0.161421
vt 0.500000 0.161421
vt 0.500000 0.161421
vt 0.500000 0.161421
vt 0.484375 0.161421
vt 0.468750 0.161421
vt 0.453125 0.161421
vt 0.046875 0.161421
vt 0.031250 0.161421
vt 0.046875 0.161421
vt 0.046875 0.161421
vt 0.031250 0.161421
vt 0.015625 0.161421
vt 0.015625 0.161421
vt 0.015625 0.161421
vt 0.062500 0.161421
vt 0.062500 0.161421
vt 0.062500 0.161421
vt 0.062500 0.161421
vt 0.046875 0.161421
vt 0.031250 0.161421
vt 0.015625 0.161421
vt 0.000000 0.161421
vt 0.000000 0.161421
vt 0.000000 0.161421
vt 0.000000 0.161421
vt 0.546875 0.161421
vt 0.531250 0.161421
vt 0.546875 0.161421
vt 0.546875 0.161421
vt 0.531250 0.161421
vt 0.515625 0.161421
vt 0.515625 0.161421
vt 0.515625 0.161421
vt 0.562500 0.161421
vt 0.562500 0.161421
vt 0.562500 0.161421
vt 0.562500 0.161421
vt 0.546875 0.161421
vt 0.531250 0.161421
vt 0.515625 0.161421
vt 0.109375 0.161421
vt 0.093750 0.161421
vt 0.109375 0.161421
vt 0.109375 0.161421
vt 0.093750 0.161421
vt 0.078125 0.161421
vt 0.078125 0.161421
vt 0.078125 0.161421
vt 0.125000 0.161421
vt 0.125000 0.161421
vt 0.125000 0.161421
vt 0.125000 0.161421
vt 0.109375 0.161421
vt 0.093750 0.161421
vt 0.078125 0.161421
vt 0.609375 0.161421
vt 0.593750 0.161421
vt 0.609375 0.161421
vt 0.609375 0.161421
vt 0.593750 0.161421
vt 0.578125 0.161421
vt 0.578125 0.161421
vt 0.578125 0.161421
vt 0.625000 0.161421
vt 0.625000 0.161421
vt 0.625000 0.161421
vt 0.625000 0.161421
vt 0.609375 0.161421
vt 0.593750 0.161421
vt 0.578125 0.161421
vt 0.171875 0.161421
vt 0.156250 0.161421
vt 0.171875 0.161421
vt 0.171875 0.161421
vt 0.156250 0.161421
vt 0.140625 0.161421
vt 0.140625 0.161421
vt 0.140625 0.161421
vt 0.187500 0.161421
vt 0.187500 0.161421
vt 0.187500 0.161421
vt 0.187500 0.161421
vt 0.171875 0.161421
vt 0.156250 0.161421
vt 0.140625 0.161421
vt 0.671875 0.161421
vt 0.656250 0.161421
vt 0.671875 0.161421
vt 0.671875 0.161421
vt 0.656250 0.161421
vt 0.640625 0.161421
vt 0.640625 0.161421
vt 0.640625 0.161421
vt 0.687500 0.161421
vt 0.687500 0.161421
vt 0.687500 0.161421
vt 0.687500 0.161421
vt 0.671875 0.161421
vt 0.656250 0.161421
vt 0.640625 0.161421
vt 0.234375 0.161421
vt 0.218750 0.161421
vt 0.234375 0.161421
vt 0.234375 0.161421
vt 0.218750 0.161421
vt 0.203125 0.161421
vt 0.203125 0.161421
vt 0.203125 0.161421
vt 0.250000 0.161421
vt 0.250000 0.161421
vt 0.250000 0.161421
vt 0.250000 0.161421
vt 0.234375 0.161421
vt 0.218750 0.161421
vt 0.203125 0.161421
vt 0.796875 0.161421
vt 0.781250 0.161421
vt 0.796875 0.161421
vt 0.796875 0.161421
vt 0.781250 0.161421
vt 0.765625 0.161421
vt 0.765625 0.161421
vt 0.765625 0.161421
vt 0.812500 0.161421
vt 0.812500 0.161421
vt 0.812500 0.161421
vt 0.812500 0.161421
vt 0.796875 0.161421
vt 0.781250 0.161421
vt 0.765625 0.161421
vt 0.750000 0.161421
vt 0.750000 0.161421
vt 0.750000 0.161421
vt 0.750000 0.161421
vt 0.734375 0.161421
vt 0.718750 0.161421
vt 0.734375 0.161421
vt 0.734375 0.161421
vt 0.718750 0.161421
vt 0.703125 0.161421
vt 0.703125 0.161421
vt 0.703125 0.161421
vt 0.734375 0.161421
vt 0.718750 0.161421
vt 0.703125 0.161421
vt 0.296875 0.161421
vt 0.281250 0.161421
vt 0.296875 0.161421
vt 0.296875 0.161421
vt 0.281250 0.161421
vt 0.265625 0.161421
vt 0.265625 0.161421
vt 0.265625 0.161421
vt 0.312500 0.161421
vt 0.312500 0.161421
vt 0.312500 0.161421
vt 0.312500 0.161421
vt 0.296875 0.161421
vt 0.281250 0.161421
vt 0.265625 0.161421
vt 0.859375 0.161421
vt 0.843750 0.161421
vt 0.859375 0.161421
vt 0.859375 0.161421
vt 0.843750 0.161421
vt 0.828125 0.161421
vt 0.828125 0.161421
vt 0.828125 0.161421
vt 0.875000 0.161421
vt 0.875000 0.161421
vt 0.875000 0.161421
vt 0.875000 0.161421
vt 0.859375 0.161421
vt 0.843750 0.161421
vt 0.828125 0.161421
vt 0.843750 0.161421
vt 0.359375 0.161421
vt 0.343750 0.161421
vt 0.359375 0.161421
vt 0.359375 0.161421
vt 0.343750 0.161421
vt 0.328125 0.161421
vt 0.328125 0.161421
vt 0.328125 0.161421
vt 0.359375 0.161421
vt 0.343750 0.161421
vt 0.328125 0.161421
vt 0.921875 0.161421
vt 0.906250 0.161421
vt 0.921875 0.161421
vt 0.921875 0.161421
vt 0.906250 0.161421
vt 0.890625 0.161421
vt 0.890625 0.161421
vt 0.890625 0.161421
vt 0.921875 0.161421
vt 0.906250 0.161421
vt 0.890625 0.161421
vt 0.733073 0.161421
vt 0.692708 0.161421
vt 0.750000 0.161421
vt 0.772569 0.161421
vt 0.798611 0.161421
vt 0.777344 0.161421
vt 0.843750 0.161421
vt 0.531250 0.161421
vt 0.760417 0.161421
vt 0.285156 0.161421
vt 0.302083 0.161421
vt 0.289931 0.161421
vt 0.218750 0.161421
vt 0.329427 0.161421
vt 0.263889 0.161421
vt 0.369792 0.161421
vt 0.312500 0.161421
vt 0.410156 0.161421
vt 0.361111 0.161421
vt 0.450521 0.161421
vt 0.409722 0.161421
vt 0.490885 0.161421
vt 0.458333 0.161421
vt 0.531250 0.161421
vt 0.506944 0.161421
vt 0.571615 0.161421
vt 0.555556 0.161421
vt 0.611979 0.161421
vt 0.604167 0.161421
vt 0.652344 0.161421
vt 0.652778 0.161421
vt 0.701389 0.161421
vt 0.843750 0.161421
vt 0.781250 0.161421
vt 0.906250 0.161421
vt 0.843750 0.161421
vt 0.968750 0.161421
vt 0.765625 0.161421
vt 0.531250 0.161421
vt 0.296875 0.161421
vt 0.093750 0.161421
vt 0.156250 0.161421
vt 0.218750 0.161421
vt 0.281250 0.161421
vt 0.343750 0.161421
vt 0.406250 0.161421
vt 0.468750 0.161421
vt 0.531250 0.161421
vt 0.593750 0.161421
vt 0.656250 0.161421
vt 0.718750 0.161421
vt 0.453125 0.875000
vt 0.468750 0.875000
vt 0.453125 0.875000
vt 0.453125 0.875000
vt 0.468750 0.875000
vt 0.484375 0.875000
vt 0.484375 0.875000
vt 0.484375 0.875000
vt 0.437500 0.875000
vt 0.437500 0.875000
vt 0.437500 0.875000
vt 0.453125 0.875000
vt 0.468750 0.875000
vt 0.484375 0.875000
vt 0.500000 0.875000
vt 0.500000 0.875000
vt 0.500000 0.875000
vt 0.468750 0.875000
vt 0.703125 0.875000
vt 0.718750 0.875000
vt 0.703125 0.875000
vt 0.703125 0.875000
vt 0.718750 0.875000
vt 0.734375 0.875000
vt 0.734375 0.875000
vt 0.734375 0.875000
vt 0.687500 0.875000
vt 0.687500 0.875000
vt 0.687500 0.875000
vt 0.703125 0.875000
vt 0.718750 0.875000
vt 0.734375 0.875000
vt 0.750000 0.875000
vt 0.750000 0.875000
vt 0.750000 0.875000
vt 0.718750 0.875000
vt 0.015625 0.875000
vt 0.031250 0.875000
vt 0.015625 0.875000
vt 0.015625 0.875000
vt 0.031250 0.875000
vt 0.046875 0.875000
vt 0.046875 0.875000
vt 0.046875 0.875000
vt 0.000000 0.875000
vt 0.000000 0.875000
vt 0.000000 0.875000
vt 0.015625 0.875000
vt 0.031250 0.875000
vt 0.046875 0.875000
vt 0.062500 0.875000
vt 0.062500 0.875000
vt 0.062500 0.875000
vt 0.031250 0.875000
vt 0.765625 0.875000
vt 0.781250 0.875000
vt 0.765625 0.875000
vt 0.765625 0.875000
vt 0.781250 0.875000
vt 0.796875 0.875000
vt 0.796875 0.875000
vt 0.796875 0.875000
vt 0.765625 0.875000
vt 0.781250 0.875000
vt 0.796875 0.875000
vt 0.812500 0.875000
vt 0.812500 0.875000
vt 0.812500 0.875000
vt 0.781250 0.875000
vt 0.515625 0.875000
vt 0.531250 0.875000
vt 0.515625 0.875000
vt 0.515625 0.875000
vt 0.531250 0.875000
vt 0.546875 0.875000
vt 0.546875 0.875000
vt 0.546875 0.875000
vt 0.515625 0.875000
vt 0.531250 0.875000
vt 0.546875 0.875000
vt 0.562500 0.875000
vt 0.562500 0.875000
vt 0.562500 0.875000
vt 0.531250 0.875000
vt 0.078125 0.875000
vt 0.093750 0.875000
vt 0.078125 0.875000
vt 0.078125 0.875000
vt 0.093750 0.875000
vt 0.109375 0.875000
vt 0.109375 0.875000
vt 0.109375 0.875000
vt 0.078125 0.875000
vt 0.093750 0.875000
vt 0.109375 0.875000
vt 0.125000 0.875000
vt 0.125000 0.875000
vt 0.125000 0.875000
vt 0.093750 0.875000
vt 0.578125 0.875000
vt 0.593750 0.875000
vt 0.578125 0.875000
vt 0.578125 0.875000
vt 0.593750 0.875000
vt 0.609375 0.875000
vt 0.609375 0.875000
vt 0.609375 0.875000
vt 0.578125 0.875000
vt 0.593750 0.875000
vt 0.609375 0.875000
vt 0.625000 0.875000
vt 0.625000 0.875000
vt 0.625000 0.875000
vt 0.593750 0.875000
vt 0.140625 0.875000
vt 0.156250 0.875000
vt 0.140625 0.875000
vt 0.140625 0.875000
vt 0.156250 0.875000
vt 0.171875 0.875000
vt 0.171875 0.875000
vt 0.171875 0.875000
vt 0.140625 0.875000
vt 0.156250 0.875000
vt 0.171875 0.875000
vt 0.187500 0.875000
vt 0.187500 0.875000
vt 0.187500 0.875000
vt 0.156250 0.875000
vt 0.640625 0.875000
vt 0.656250 0.875000
vt 0.640625 0.875000
vt 0.640625 0.875000
vt 0.656250 0.875000
vt 0.671875 0.875000
vt 0.671875 0.875000
vt 0.671875 0.875000
vt 0.640625 0.875000
vt 0.656250 0.875000
vt 0.671875 0.875000
vt 0.656250 0.875000
vt 0.203125 0.875000
vt 0.218750 0.875000
vt 0.203125 0.875000
vt 0.203125 0.875000
vt 0.218750 0.875000
vt 0.234375 0.875000
vt 0.234375 0.875000
vt 0.234375 0.875000
vt 0.203125 0.875000
vt 0.203125 0.875000
vt 0.218750 0.875000
vt 0.218750 0.875000
vt 0.234375 0.875000
vt 0.250000 0.875000
vt 0.250000 0.875000
vt 0.250000 0.875000
vt 0.234375 0.875000
vt 0.250000 0.875000
vt 0.218750 0.875000
vt 0.264947 0.875000
vt 0.280626 0.875000
vt 0.263567 0.875000
vt 0.265540 0.875000
vt 0.281033 0.875000
vt 0.296848 0.875000
vt 0.296797 0.875000
vt 0.296872 0.875000
vt 0.245605 0.875000
vt 0.248698 0.875000
vt 0.249837 0.875000
vt 0.265625 0.875000
vt 0.281250 0.875000
vt 0.281223 0.875000
vt 0.296875 0.875000
vt 0.312500 0.875000
vt 0.312500 0.875000
vt 0.312500 0.875000
vt 0.280382 0.875000
vt 0.828125 0.875000
vt 0.843750 0.875000
vt 0.828125 0.875000
vt 0.828125 0.875000
vt 0.843750 0.875000
vt 0.859375 0.875000
vt 0.859375 0.875000
vt 0.859375 0.875000
vt 0.828125 0.875000
vt 0.843750 0.875000
vt 0.859375 0.875000
vt 0.875000 0.875000
vt 0.875000 0.875000
vt 0.875000 0.875000
vt 0.843750 0.875000
vt 0.328125 0.875000
vt 0.343750 0.875000
vt 0.328125 0.875000
vt 0.328125 0.875000
vt 0.343750 0.875000
vt 0.359375 0.875000
vt 0.359375 0.875000
vt 0.359375 0.875000
vt 0.312500 0.875000
vt 0.328125 0.875000
vt 0.343750 0.875000
vt 0.359375 0.875000
vt 0.375000 0.875000
vt 0.375000 0.875000
vt 0.375000 0.875000
vt 0.343750 0.875000
vt 0.890625 0.875000
vt 0.906250 0.875000
vt 0.890625 0.875000
vt 0.890625 0.875000
vt 0.906250 0.875000
vt 0.921875 0.875000
vt 0.921875 0.875000
vt 0.921875 0.875000
vt 0.890625 0.875000
vt 0.906250 0.875000
vt 0.921875 0.875000
vt 0.937500 0.875000
vt 0.937500 0.875000
vt 0.937500 0.875000
vt 0.906250 0.875000
vt 0.390625 0.875000
vt 0.406250 0.875000
vt 0.390625 0.875000
vt 0.390625 0.875000
vt 0.406250 0.875000
vt 0.421875 0.875000
vt 0.421875 0.875000
vt 0.421875 0.875000
vt 0.390625 0.875000
vt 0.406250 0.875000
vt 0.421875 0.875000
vt 0.406250 0.875000
vt 0.953125 0.875000
vt 0.968750 0.875000
vt 0.953125 0.875000
vt 0.953125 0.875000
vt 0.968750 0.875000
vt 0.984375 0.875000
vt 0.984375 0.875000
vt 0.984375 0.875000
vt 0.953125 0.875000
vt 0.968750 0.875000
vt 0.984375 0.875000
vt 1.000000 0.875000
vt 1.000000 0.875000
vt 1.000000 0.875000
vt 0.968750 0.875000
vt 0.000000 0.000000
vt 0.000000 0.000000
vt 0.000000 0.000000
vt 0.000000 0.000000
vt 0.000000 0.000000
vt 0.000000 0.000000
vt 0.000000 0.000000
vt 0.000000 0.000000
vt 0.000000 0.000000
vt 0.000000 0.000000
vt 0.000000 0.000000
vt 0.000000 0.000000
vt 0.000000 0.000000
vt 0.000000 0.000000
vt 0.000000 0.000000
vt 0.000000 0.000000
vt 0.000000 0.000000
vt 0.000000 0.000000
vt 0.000000 0.000000
vt 0.000000 0.000000
vt 0.000000 0.000000
vt 0.000000 0.000000
vt 0.000000 0.000000
vt 0.000000 0.000000
vt 0.000000 0.000000
vt 0.000000 0.000000
vt 0.000000 0.000000
vt 0.000000 0.000000
vt 0.000000 0.000000
vt 0.000000 0.000000
vt 0.000000 0.000000
vt 0.000000 0.000000
vt 0.000000 0.000000
vt 0.000000 0.000000
vt 0.000000 0.000000
vt 0.000000 0.000000
vt 0.000000 0.000000
vt 0.000000 0.000000
vt 0.000000 0.000000
vt 0.000000 0.000000
vt 0.000000 0.000000
vt 0.000000 0.000000
vt 0.000000 0.000000
vt 0.000000 0.000000
vt 0.000000 0.000000
vt 0.000000 0.000000
vt 0.000000 0.000000
vt 0.000000 0.000000
vt 0.000000 0.000000
vt 0.000000 0.000000
vt 0.000000 0.000000
vt 0.000000 0.000000
vt 0.000000 0.000000
vt 0.000000 0.000000
vt 0.000000 0.000000
vt 0.000000 0.000000
vt 0.000000 0.000000
vt 0.000000 0.000000
vt 0.000000 0.000000
vt 0.000000 0.000000
vt 0.000000 0.000000
vt 0.000000 0.000000
vt 0.000000 0.000000
vt 0.000000 0.000000
vt 0.000000 0.000000
vt 0.000000 0.000000
vt 0.000000 0.000000
vt 0.000000 0.000000
vt 0.000000 0.000000
vt 0.000000 0.000000
vt 0.000000 0.000000
vt 0.000000 0.000000
vt 0.000000 0.000000
vt 0.000000 0.000000
vt 0.000000 0.000000
vt 0.000000 0.000000
vt 0.000000 0.000000
vt 0.000000 0.000000
vt 0.000000 0.000000
vt 0.000000 0.000000
vt 0.000000 0.000000
vt 0.000000 0.000000
vt 0.000000 0.000000
vt 0.000000 0.000000
vt 0.000000 0.000000
vt 0.000000 0.000000
vt 0.000000 0.000000
vt 0.000000 0.000000
vt 0.000000 0.000000
vt 0.000000 0.000000
vt 0.000000 0.000000
vt 0.000000 0.000000
vt 0.000000 0.000000
vt 0.000000 0.000000
vt 0.000000 0.000000
vt 0.000000 0.000000
vt 0.000000 0.000000
vt 0.000000 0.000000
vt 0.000000 0.000000
vt 0.000000 0.000000
vt 0.000000 0.000000
vt 0.000000 0.000000
vt 0.000000 0.000000
vt 0.000000 0.000000
vt 0.000000 0.000000
vt 0.000000 0.000000
vt 0.000000 0.000000
vt 0.000000 0.000000
vt 0.000000 0.000000
vt 0.000000 0.000000
vt 0.000000 0.000000
vt 0.000000 0.000000
vt 0.000000 0.000000
vt 0.000000 0.000000
vt 0.000000 0.000000
vt 0.000000 0.000000
vt 0.000000 0.000000
vt 0.000000 0.000000
vt 0.000000 0.000000
vt 0.000000 0.000000
vt 0.000000 0.000000
vt 0.000000 0.000000
vt 0.000000 0.000000
vt 0.000000 0.000000
vt 0.000000 0.000000
vt 0.000000 0.000000
vt 0.000000 0.000000
vt 0.000000 0.000000
vt 0.000000 0.000000
vt 0.000000 0.000000
vt 0.000000 0.000000
vt 0.000000 0.000000
vt 0.000000 0.000000
vt 0.000000 0.000000
vt 0.000000 0.000000
vt 0.000000 0.000000
vt 0.000000 0.000000
vt 0.000000 0.000000
vt 0.000000 0.000000
vt 0.000000 0.000000
vt 0.000000 0.000000
vt 0.000000 0.000000
vt 0.000000 0.000000
vt 0.000000 0.000000
vt 0.000000 0.000000
vt 0.000000 0.000000
vt 0.000000 0.000000
vt 0.000000 0.000000
vt 0.000000 0.000000
vt 0.000000 0.000000
vt 0.000000 0.000000
vt 0.000000 0.000000
vt 0.000000 0.000000
vt 0.000000 0.000000
vt 0.000000 0.000000
vt 0.000000 0.000000
vt 0.000000 0.000000
vt 0.000000 0.000000
vt 0.000000 0.000000
vt 0.000000 0.000000
vt 0.000000 0.000000
vt 0.000000 0.000000
vt 0.000000 0.000000
vt 0.000000 0.000000
vt 0.000000 0.000000
vt 0.000000 0.000000
vt 0.000000 0.000000
vt 0.000000 0.000000
vt 0.000000 0.000000
vt 0.000000 0.000000
vt 0.000000 0.000000
vt 0.000000 0.000000
vt 0.000000 0.000000
vt 0.000000 0.000000
vt 0.000000 0.000000
vt 0.000000 0.000000
vt 0.000000 0.000000
vt 0.000000 0.000000
vt 0.000000 0.000000
vt 0.000000 0.000000
vt 0.000000 0.000000
vt 0.000000 0.000000
vt 0.000000 0.000000
vt 0.000000 0.000000
vt 0.000000 0.000000
vt 0.000000 0.000000
vt 0.000000 0.000000
vt 0.000000 0.000000
vt 0.000000 0.000000
vt 0.000000 0.000000
vt 0.000000 0.000000
vt 0.000000 0.000000
vt 0.000000 0.000000
vt 0.000000 0.000000
vt 0.000000 0.000000
vt 0.000000 0.000000
vt 0.000000 0.000000
vt 0.000000 0.000000
vt 0.000000 0.000000
vt 0.000000 0.000000
vt 0.000000 0.000000
vt 0.000000 0.000000
vt 0.000000 0.000000
vt 0.000000 0.000000
vt 0.000000 0.000000
vt 0.000000 0.000000
vt 0.000000 0.000000
vt 0.000000 0.000000
vt 0.000000 0.000000
vt 0.000000 0.000000
vt 0.000000 0.000000
vt 0.000000 0.000000
vt 0.000000 0.000000
vt 0.000000 0.000000
vt 0.000000 0.000000
vt 0.000000 0.000000
vt 0.000000 0.000000
vt 0.000000 0.000000
vt 0.000000 0.000000
vt 0.000000 0.000000
vt 0.000000 0.000000
vt 0.000000 0.000000
vt 0.000000 0.000000
vt 0.000000 0.000000
vt 0.000000 0.000000
vt 0.000000 0.000000
vt 0.000000 0.000000
vt 0.000000 0.000000
vt 0.000000 0.000000
vt 0.000000 0.000000
vt 0.000000 0.000000
vt 0.000000 0.000000
vt 0.000000 0.000000
vt 0.000000 0.000000
vt 0.000000 0.000000
vt 0.000000 0.000000
vt 0.000000 0.000000
vt 0.000000 0.000000
vt 0.000000 0.000000
vt 0.000000 0.000000
vt 0.000000 0.000000
vt 0.000000 0.000000
vt 0.000000 0.000000
vt 0.000000 0.000000
vt 0.000000 0.000000
vt 0.000000 0.000000
vt 0.000000 0.000000
vt 0.000000 0.000000
vt 0.000000 0.000000
vt 0.000000 0.000000
vt 0.000000 0.000000
vt 0.000000 0.000000
vt 0.000000 0.000000
vt 0.000000 0.000000
vt 0.000000 0.000000
vt 0.000000 0.000000
vt 0.656250 0.854167
vt 0.281250 0.854167
vt 0.843750 0.854167
vt 0.531227 0.161421
vt 0.187500 0.875000
vt 0.187500 0.875000
vt 0.062500 0.875000
vt 0.063802 0.875000
vt 0.125000 0.875000
vt 0.188802 0.875000
vt 0.375000 0.875000
vt 1.000000 0.875000
vt 0.217448 0.875000
vt 0.000000 0.500000
vt 0.031250 0.161421
vt 0.531250 0.161421
vt 0.437500 0.875000
vt 0.468750 0.875000
vt 0.500000 0.875000
vt 0.687500 0.875000
vt 0.718750 0.875000
vt 0.750000 0.875000
vt 0.000000 0.875000
vt 0.031250 0.875000
vt 0.062500 0.875000
vt 0.781250 0.875000
vt 0.812500 0.875000
vt 0.531250 0.875000
vt 0.562500 0.875000
vt 0.093750 0.875000
vt 0.125000 0.875000
vt 0.593750 0.875000
vt 0.625000 0.875000
vt 0.156250 0.875000
vt 0.187500 0.875000
vt 0.656250 0.875000
vt 0.250000 0.875000
vt 0.843750 0.875000
vt 0.875000 0.875000
vt 0.343750 0.875000
vt 0.375000 0.875000
vt 0.906250 0.875000
vt 0.937500 0.875000
vt 0.406250 0.875000
vt 0.968750 0.875000
vt 1.000000 0.875000
vn 0.0784 0.7937 -0.6032
vn 0.1651 0.8302 -0.5324
vn 0.1556 0.7823 -0.6032
vn 0.0832 0.8423 -0.5324
vn 0.1735 0.8724 -0.4569
vn 0.2313 0.7633 -0.6032
vn 0.2454 0.8101 -0.5324
vn 0.0000 0.7407 -0.6718
vn 0.0728 0.7371 -0.6718
vn 0.0000 0.7975 -0.6032
vn 0.0000 0.8464 -0.5325
vn 0.0875 0.8852 -0.4569
vn 0.0000 0.8895 -0.4569
vn 0.0912 0.9233 -0.3731
vn 0.1810 0.9099 -0.3731
vn 0.2579 0.8513 -0.4569
vn 0.2690 0.8879 -0.3731
vn 0.3404 0.8218 -0.4569
vn 0.3239 0.7820 -0.5325
vn 0.3052 0.7368 -0.6032
vn 0.2834 0.6843 -0.6718
vn 0.2148 0.7089 -0.6718
vn 0.1445 0.7265 -0.6718
vn 0.0965 0.9770 0.1900
vn 0.1942 0.9763 0.0957
vn 0.0979 0.9906 0.0957
vn 0.0943 0.9545 0.2828
vn 0.1915 0.9629 0.1900
vn 0.2847 0.9396 0.1900
vn 0.2886 0.9526 0.0957
vn 0.2781 0.9179 0.2828
vn 0.0000 0.9954 0.0957
vn 0.0983 0.9951 0.0000
vn 0.0000 1.0000 0.0000
vn 0.0000 0.9817 0.1900
vn 0.0000 0.9592 0.2828
vn 0.0000 0.9275 0.3739
vn 0.0912 0.9230 0.3739
vn 0.1871 0.9407 0.2828
vn 0.2689 0.8876 0.3739
vn 0.3549 0.8569 0.3739
vn 0.3670 0.8861 0.2828
vn 0.3757 0.9070 0.1900
vn 0.3809 0.9196 0.0957
vn 0.2900 0.9570 0.0000
vn 0.3827 0.9239 0.0000
vn 0.1951 0.9808 0.0000
vn 0.0640 0.6476 0.7592
vn 0.1305 0.6563 0.7431
vn 0.0658 0.6659 0.7431
vn 0.0662 0.6696 0.7398
vn 0.1270 0.6383 0.7592
vn 0.1887 0.6228 0.7592
vn 0.1940 0.6404 0.7431
vn 0.1951 0.6439 0.7398
vn 0.0000 0.6691 0.7431
vn 0.0708 0.7162 0.6943
vn 0.0000 0.7197 0.6943
vn 0.0000 0.6508 0.7592
vn 0.0000 0.6728 0.7398
vn 0.0000 0.7393 0.6733
vn 0.0727 0.7358 0.6733
vn 0.1313 0.6599 0.7398
vn 0.2144 0.7076 0.6733
vn 0.2829 0.6831 0.6733
vn 0.2575 0.6216 0.7398
vn 0.2490 0.6012 0.7592
vn 0.2561 0.6182 0.7431
vn 0.2087 0.6887 0.6943
vn 0.2754 0.6649 0.6943
vn 0.1404 0.7058 0.6943
vn 0.0569 0.5757 -0.8157
vn 0.1219 0.6128 -0.7807
vn 0.1129 0.5673 -0.8157
vn 0.0614 0.6218 -0.7807
vn 0.1327 0.6672 -0.7329
vn 0.1677 0.5536 -0.8157
vn 0.1812 0.5980 -0.7807
vn 0.0000 0.5318 -0.8469
vn 0.0525 0.5279 -0.8476
vn 0.0000 0.5784 -0.8157
vn 0.0000 0.6248 -0.7807
vn 0.0669 0.6770 -0.7329
vn 0.0000 0.6803 -0.7329
vn 0.1972 0.6511 -0.7329
vn 0.2603 0.6285 -0.7329
vn 0.2391 0.5773 -0.7807
vn 0.2214 0.5344 -0.8157
vn 0.2035 0.4913 -0.8469
vn 0.1535 0.5079 -0.8476
vn 0.1032 0.5192 -0.8484
vn 0.0943 0.9545 -0.2828
vn 0.1915 0.9629 -0.1900
vn 0.1871 0.9407 -0.2828
vn 0.0965 0.9770 -0.1900
vn 0.1942 0.9763 -0.0957
vn 0.2781 0.9179 -0.2828
vn 0.2847 0.9396 -0.1900
vn 0.0000 0.9278 -0.3731
vn 0.0000 0.9592 -0.2828
vn 0.0000 0.9817 -0.1900
vn 0.0979 0.9906 -0.0957
vn 0.0000 0.9954 -0.0957
vn 0.2886 0.9526 -0.0957
vn 0.3809 0.9196 -0.0957
vn 0.3757 0.9070 -0.1900
vn 0.3670 0.8861 -0.2828
vn 0.3550 0.8571 -0.3731
vn 0.0824 0.8343 0.5450
vn 0.1730 0.8700 0.4617
vn 0.0872 0.8827 0.4617
vn 0.0768 0.7779 0.6236
vn 0.1635 0.8223 0.5450
vn 0.2431 0.8024 0.5450
vn 0.2572 0.8489 0.4617
vn 0.2267 0.7481 0.6236
vn 0.0000 0.8870 0.4617
vn 0.0000 0.8384 0.5451
vn 0.0000 0.7817 0.6236
vn 0.1525 0.7667 0.6236
vn 0.2991 0.7222 0.6236
vn 0.3208 0.7746 0.5451
vn 0.3394 0.8195 0.4617
vn 0.1809 0.9097 0.3738
vn 0.8219 0.1635 0.5457
vn 0.9218 0.0911 0.3769
vn 0.8339 0.0824 0.5457
vn 0.8864 0.2686 0.3769
vn 0.9084 0.1807 0.3769
vn 0.9703 0.0959 0.2219
vn 0.9332 0.2827 0.2219
vn 0.9563 0.1902 0.2219
vn 0.7358 0.0727 0.6733
vn 0.8379 0.0000 0.5457
vn 0.7393 0.0000 0.6733
vn 0.7252 0.1442 0.6733
vn 0.8020 0.2430 0.5457
vn 0.7076 0.2144 0.6733
vn 0.7742 0.3207 0.5457
vn 0.8557 0.3544 0.3769
vn 0.9008 0.3731 0.2219
vn 0.9177 0.3801 0.1150
vn 0.9507 0.2880 0.1150
vn 0.9743 0.1938 0.1150
vn 0.9885 0.0977 0.1150
vn 0.9933 0.0000 0.1150
vn 0.9751 0.0000 0.2219
vn 0.9262 0.0000 0.3769
vn 0.3070 0.5738 0.7592
vn 0.3717 0.5564 0.7431
vn 0.3156 0.5900 0.7431
vn 0.3174 0.5933 0.7398
vn 0.3616 0.5411 0.7592
vn 0.4127 0.5032 0.7592
vn 0.4243 0.5174 0.7431
vn 0.4267 0.5202 0.7398
vn 0.3395 0.6346 0.6943
vn 0.3487 0.6519 0.6733
vn 0.3738 0.5594 0.7398
vn 0.4689 0.5717 0.6733
vn 0.5228 0.5228 0.6733
vn 0.4758 0.4758 0.7398
vn 0.4602 0.4602 0.7592
vn 0.4732 0.4732 0.7431
vn 0.4564 0.5564 0.6943
vn 0.5089 0.5089 0.6943
vn 0.3998 0.5984 0.6943
vn 0.2728 0.5101 -0.8157
vn 0.3471 0.5195 -0.7807
vn 0.3214 0.4810 -0.8157
vn 0.2947 0.5510 -0.7807
vn 0.3779 0.5656 -0.7329
vn 0.3668 0.4473 -0.8157
vn 0.3962 0.4831 -0.7807
vn 0.2506 0.4676 -0.8476
vn 0.3209 0.5998 -0.7329
vn 0.3494 0.6531 -0.6718
vn 0.4115 0.6159 -0.6718
vn 0.4314 0.5260 -0.7329
vn 0.4697 0.5727 -0.6718
vn 0.4810 0.4810 -0.7329
vn 0.4418 0.4418 -0.7807
vn 0.4090 0.4090 -0.8157
vn 0.3760 0.3760 -0.8469
vn 0.3362 0.4104 -0.8476
vn 0.2941 0.4401 -0.8484
vn 0.4524 0.8458 -0.2828
vn 0.5454 0.8163 -0.1900
vn 0.5329 0.7975 -0.2828
vn 0.4631 0.8657 -0.1900
vn 0.5530 0.8276 -0.0957
vn 0.6082 0.7416 -0.2828
vn 0.6226 0.7591 -0.1900
vn 0.4376 0.8181 -0.3731
vn 0.4695 0.8777 -0.0957
vn 0.4717 0.8817 0.0000
vn 0.5556 0.8314 0.0000
vn 0.6312 0.7696 -0.0957
vn 0.6341 0.7732 0.0000
vn 0.7038 0.7038 -0.0957
vn 0.6942 0.6942 -0.1900
vn 0.6782 0.6782 -0.2828
vn 0.6560 0.6560 -0.3731
vn 0.5883 0.7174 -0.3731
vn 0.5154 0.7714 -0.3731
vn 0.3955 0.7392 0.5450
vn 0.4928 0.7375 0.4617
vn 0.4184 0.7821 0.4617
vn 0.3687 0.6893 0.6236
vn 0.4658 0.6971 0.5450
vn 0.5317 0.6482 0.5450
vn 0.5625 0.6858 0.4617
vn 0.4957 0.6044 0.6236
vn 0.4375 0.8178 0.3739
vn 0.4343 0.6500 0.6236
vn 0.5527 0.5527 0.6236
vn 0.5928 0.5928 0.5451
vn 0.6272 0.6272 0.4617
vn 0.5882 0.7171 0.3739
vn 0.6558 0.6558 0.3739
vn 0.5153 0.7712 0.3738
vn -0.1635 -0.8219 0.5457
vn -0.2686 -0.8864 0.3769
vn -0.2430 -0.8020 0.5457
vn -0.0911 -0.9218 0.3769
vn -0.1807 -0.9084 0.3769
vn -0.2827 -0.9332 0.2219
vn -0.0959 -0.9703 0.2219
vn -0.1902 -0.9563 0.2219
vn -0.2144 -0.7076 0.6733
vn -0.3207 -0.7742 0.5457
vn -0.2829 -0.6831 0.6733
vn -0.1442 -0.7252 0.6733
vn -0.0824 -0.8339 0.5457
vn -0.0727 -0.7358 0.6733
vn 0.0000 -0.8379 0.5457
vn 0.0000 -0.9262 0.3769
vn 0.0000 -0.9751 0.2219
vn 0.0000 -0.9933 0.1150
vn -0.0977 -0.9885 0.1150
vn -0.1938 -0.9743 0.1150
vn -0.2880 -0.9507 0.1150
vn -0.3801 -0.9177 0.1150
vn -0.3731 -0.9008 0.2219
vn -0.3544 -0.8557 0.3769
vn 0.3762 0.7033 -0.6032
vn 0.4703 0.7038 -0.5324
vn 0.4431 0.6631 -0.6032
vn 0.3992 0.7464 -0.5324
vn 0.4942 0.7396 -0.4569
vn 0.5058 0.6167 -0.6032
vn 0.5368 0.6545 -0.5324
vn 0.4195 0.7843 -0.4569
vn 0.5640 0.6878 -0.4569
vn 0.6290 0.6290 -0.4569
vn 0.5985 0.5985 -0.5325
vn 0.5640 0.5640 -0.6032
vn 0.5237 0.5237 -0.6718
vn 0.4631 0.8657 0.1900
vn 0.5530 0.8276 0.0957
vn 0.4695 0.8777 0.0957
vn 0.4524 0.8458 0.2828
vn 0.5454 0.8163 0.1900
vn 0.6226 0.7591 0.1900
vn 0.6312 0.7696 0.0957
vn 0.6082 0.7416 0.2828
vn 0.5329 0.7975 0.2828
vn 0.6782 0.6782 0.2828
vn 0.6942 0.6942 0.1900
vn 0.7038 0.7038 0.0957
vn 0.7071 0.7071 0.0000
vn 0.4473 0.3668 -0.8157
vn 0.5195 0.3471 -0.7807
vn 0.4810 0.3214 -0.8157
vn 0.4831 0.3962 -0.7807
vn 0.5656 0.3779 -0.7329
vn 0.5101 0.2728 -0.8157
vn 0.5510 0.2947 -0.7807
vn 0.4104 0.3362 -0.8476
vn 0.5260 0.4314 -0.7329
vn 0.5727 0.4697 -0.6718
vn 0.6159 0.4115 -0.6718
vn 0.5998 0.3209 -0.7329
vn 0.6531 0.3494 -0.6718
vn 0.6285 0.2603 -0.7329
vn 0.5773 0.2391 -0.7807
vn 0.5344 0.2214 -0.8157
vn 0.4913 0.2035 -0.8469
vn 0.4677 0.2506 -0.8476
vn 0.4401 0.2941 -0.8484
vn 0.7416 0.6082 -0.2828
vn 0.8163 0.5454 -0.1900
vn 0.7975 0.5329 -0.2828
vn 0.7591 0.6226 -0.1900
vn 0.8276 0.5530 -0.0957
vn 0.8458 0.4524 -0.2828
vn 0.8657 0.4631 -0.1900
vn 0.7174 0.5883 -0.3731
vn 0.7696 0.6312 -0.0957
vn 0.7732 0.6341 0.0000
vn 0.8314 0.5556 0.0000
vn 0.8777 0.4695 -0.0957
vn 0.8817 0.4717 0.0000
vn 0.9196 0.3809 -0.0957
vn 0.9070 0.3757 -0.1900
vn 0.8861 0.3670 -0.2828
vn 0.8571 0.3550 -0.3731
vn 0.8181 0.4376 -0.3731
vn 0.7714 0.5154 -0.3731
vn 0.6482 0.5317 0.5450
vn 0.7375 0.4928 0.4617
vn 0.6858 0.5625 0.4617
vn 0.6044 0.4957 0.6236
vn 0.6971 0.4658 0.5450
vn 0.7392 0.3954 0.5450
vn 0.7821 0.4184 0.4617
vn 0.6893 0.3687 0.6236
vn 0.7171 0.5882 0.3739
vn 0.5564 0.4564 0.6943
vn 0.6500 0.4343 0.6236
vn 0.6346 0.3395 0.6943
vn 0.6649 0.2754 0.6943
vn 0.7222 0.2991 0.6236
vn 0.7746 0.3208 0.5451
vn 0.8195 0.3394 0.4617
vn 0.8178 0.4375 0.3739
vn 0.8569 0.3549 0.3739
vn 0.7712 0.5153 0.3738
vn -0.6967 -0.4656 0.5457
vn -0.8167 -0.4369 0.3769
vn -0.7389 -0.3952 0.5457
vn -0.7162 -0.5874 0.3769
vn -0.7701 -0.5146 0.3769
vn -0.8598 -0.4599 0.2219
vn -0.7539 -0.6183 0.2219
vn -0.8107 -0.5417 0.2219
vn -0.6519 -0.3487 0.6733
vn -0.7742 -0.3207 0.5457
vn -0.6831 -0.2829 0.6733
vn -0.6148 -0.4108 0.6733
vn -0.6479 -0.5314 0.5457
vn -0.5717 -0.4689 0.6733
vn -0.5925 -0.5925 0.5457
vn -0.6549 -0.6549 0.3769
vn -0.6895 -0.6895 0.2219
vn -0.7024 -0.7024 0.1150
vn -0.7681 -0.6299 0.1150
vn -0.8259 -0.5519 0.1150
vn -0.8759 -0.4685 0.1150
vn -0.9177 -0.3801 0.1150
vn -0.9008 -0.3731 0.2219
vn -0.8557 -0.3544 0.3769
vn 0.6167 0.5058 -0.6032
vn 0.7038 0.4703 -0.5324
vn 0.6631 0.4431 -0.6032
vn 0.6545 0.5368 -0.5324
vn 0.7396 0.4942 -0.4569
vn 0.7033 0.3762 -0.6032
vn 0.7464 0.3992 -0.5324
vn 0.6878 0.5640 -0.4569
vn 0.7843 0.4195 -0.4569
vn 0.8218 0.3404 -0.4569
vn 0.7820 0.3239 -0.5325
vn 0.7368 0.3052 -0.6032
vn 0.6843 0.2834 -0.6718
vn 0.7591 0.6226 0.1900
vn 0.8276 0.5530 0.0957
vn 0.7696 0.6312 0.0957
vn 0.7416 0.6082 0.2828
vn 0.8163 0.5454 0.1900
vn 0.8657 0.4631 0.1900
vn 0.8777 0.4695 0.0957
vn 0.8458 0.4524 0.2828
vn 0.7975 0.5329 0.2828
vn 0.8861 0.3670 0.2828
vn 0.9070 0.3757 0.1900
vn 0.9196 0.3809 0.0957
vn 0.9239 0.3827 0.0000
vn 0.5032 0.4127 0.7592
vn 0.5564 0.3717 0.7431
vn 0.5174 0.4243 0.7431
vn 0.5202 0.4267 0.7398
vn 0.5411 0.3616 0.7592
vn 0.5738 0.3070 0.7592
vn 0.5900 0.3156 0.7431
vn 0.5933 0.3174 0.7398
vn 0.5717 0.4689 0.6733
vn 0.5594 0.3738 0.7398
vn 0.6519 0.3487 0.6733
vn 0.6831 0.2829 0.6733
vn 0.6216 0.2575 0.7398
vn 0.6012 0.2490 0.7592
vn 0.6182 0.2561 0.7431
vn 0.5984 0.3998 0.6943
vn 0.6967 -0.4656 0.5457
vn 0.7162 -0.5874 0.3769
vn 0.6479 -0.5314 0.5457
vn 0.8167 -0.4369 0.3769
vn 0.7701 -0.5146 0.3769
vn 0.7539 -0.6183 0.2219
vn 0.8598 -0.4599 0.2219
vn 0.8107 -0.5417 0.2219
vn 0.5717 -0.4689 0.6733
vn 0.5925 -0.5925 0.5457
vn 0.5228 -0.5228 0.6733
vn 0.6148 -0.4108 0.6733
vn 0.7389 -0.3952 0.5457
vn 0.6519 -0.3487 0.6733
vn 0.7742 -0.3207 0.5457
vn 0.8557 -0.3544 0.3769
vn 0.9008 -0.3731 0.2219
vn 0.9177 -0.3801 0.1150
vn 0.8759 -0.4685 0.1150
vn 0.8259 -0.5519 0.1150
vn 0.7681 -0.6299 0.1150
vn 0.7024 -0.7024 0.1150
vn 0.6895 -0.6895 0.2219
vn 0.6549 -0.6549 0.3769
vn 0.7633 0.2313 -0.6032
vn 0.8302 0.1651 -0.5324
vn 0.7823 0.1556 -0.6032
vn 0.8101 0.2454 -0.5324
vn 0.8724 0.1735 -0.4569
vn 0.7937 0.0784 -0.6032
vn 0.8423 0.0832 -0.5324
vn 0.7089 0.2148 -0.6718
vn 0.8513 0.2579 -0.4569
vn 0.8879 0.2690 -0.3731
vn 0.9099 0.1810 -0.3731
vn 0.8852 0.0875 -0.4569
vn 0.9233 0.0912 -0.3731
vn 0.8895 0.0000 -0.4569
vn 0.8464 0.0000 -0.5325
vn 0.7975 0.0000 -0.6032
vn 0.7407 0.0000 -0.6718
vn 0.7371 0.0728 -0.6718
vn 0.7265 0.1445 -0.6718
vn 0.9396 0.2847 0.1900
vn 0.9763 0.1942 0.0957
vn 0.9526 0.2886 0.0957
vn 0.9179 0.2781 0.2828
vn 0.9629 0.1915 0.1900
vn 0.9770 0.0965 0.1900
vn 0.9906 0.0979 0.0957
vn 0.9545 0.0943 0.2828
vn 0.9570 0.2900 0.0000
vn 0.8876 0.2689 0.3739
vn 0.9407 0.1871 0.2828
vn 0.9230 0.0912 0.3739
vn 0.9275 0.0000 0.3739
vn 0.9592 0.0000 0.2828
vn 0.9817 0.0000 0.1900
vn 0.9954 0.0000 0.0957
vn 0.9951 0.0983 0.0000
vn 1.0000 0.0000 0.0000
vn 0.9808 0.1951 0.0000
vn 0.6228 0.1887 0.7592
vn 0.6563 0.1305 0.7431
vn 0.6404 0.1940 0.7431
vn 0.6439 0.1951 0.7398
vn 0.6383 0.1270 0.7592
vn 0.6476 0.0640 0.7592
vn 0.6659 0.0658 0.7431
vn 0.6696 0.0662 0.7398
vn 0.6887 0.2087 0.6943
vn 0.6599 0.1313 0.7398
vn 0.6728 0.0000 0.7398
vn 0.6508 0.0000 0.7592
vn 0.6691 0.0000 0.7431
vn 0.7162 0.0708 0.6943
vn 0.7197 0.0000 0.6943
vn 0.7058 0.1404 0.6943
vn 0.5536 0.1677 -0.8157
vn 0.6128 0.1219 -0.7807
vn 0.5673 0.1128 -0.8157
vn 0.5980 0.1812 -0.7807
vn 0.6672 0.1327 -0.7329
vn 0.5757 0.0569 -0.8157
vn 0.6218 0.0614 -0.7807
vn 0.5079 0.1535 -0.8476
vn 0.6511 0.1972 -0.7329
vn 0.6770 0.0669 -0.7329
vn 0.6803 0.0000 -0.7329
vn 0.6248 0.0000 -0.7808
vn 0.5784 0.0000 -0.8157
vn 0.5318 0.0000 -0.8469
vn 0.5279 0.0525 -0.8476
vn 0.5192 0.1032 -0.8484
vn 0.9179 0.2781 -0.2828
vn 0.9629 0.1915 -0.1900
vn 0.9407 0.1871 -0.2828
vn 0.9396 0.2847 -0.1900
vn 0.9763 0.1942 -0.0957
vn 0.9545 0.0943 -0.2828
vn 0.9770 0.0965 -0.1900
vn 0.9526 0.2886 -0.0957
vn 0.9906 0.0979 -0.0957
vn 0.9954 0.0000 -0.0957
vn 0.9817 0.0000 -0.1900
vn 0.9592 0.0000 -0.2828
vn 0.9278 0.0000 -0.3731
vn 0.8024 0.2431 0.5450
vn 0.8700 0.1730 0.4617
vn 0.8489 0.2572 0.4617
vn 0.7481 0.2267 0.6236
vn 0.8223 0.1635 0.5450
vn 0.8343 0.0824 0.5450
vn 0.8827 0.0872 0.4617
vn 0.7779 0.0768 0.6236
vn 0.7667 0.1525 0.6236
vn 0.7817 0.0000 0.6236
vn 0.8384 0.0000 0.5451
vn 0.8870 0.0000 0.4617
vn 0.9097 0.1809 0.3738
vn 0.7937 -0.0784 -0.6032
vn 0.8302 -0.1651 -0.5324
vn 0.7823 -0.1556 -0.6032
vn 0.8423 -0.0832 -0.5324
vn 0.8724 -0.1735 -0.4569
vn 0.7633 -0.2313 -0.6032
vn 0.8101 -0.2454 -0.5324
vn 0.7371 -0.0728 -0.6718
vn 0.8852 -0.0875 -0.4569
vn 0.9233 -0.0912 -0.3731
vn 0.9099 -0.1810 -0.3731
vn 0.8513 -0.2579 -0.4569
vn 0.8879 -0.2690 -0.3731
vn 0.8218 -0.3404 -0.4569
vn 0.7820 -0.3239 -0.5325
vn 0.7368 -0.3052 -0.6032
vn 0.6843 -0.2834 -0.6718
vn 0.7089 -0.2148 -0.6718
vn 0.7265 -0.1445 -0.6718
vn 0.9770 -0.0965 0.1900
vn 0.9763 -0.1942 0.0957
vn 0.9906 -0.0979 0.0957
vn 0.9545 -0.0943 0.2828
vn 0.9629 -0.1915 0.1900
vn 0.9396 -0.2847 0.1900
vn 0.9526 -0.2886 0.0957
vn 0.9179 -0.2781 0.2828
vn 0.9951 -0.0983 0.0000
vn 0.9230 -0.0912 0.3739
vn 0.9407 -0.1871 0.2828
vn 0.8876 -0.2689 0.3739
vn 0.8569 -0.3549 0.3739
vn 0.8861 -0.3670 0.2828
vn 0.9070 -0.3757 0.1900
vn 0.9196 -0.3809 0.0957
vn 0.9570 -0.2900 0.0000
vn 0.9239 -0.3827 0.0000
vn 0.9808 -0.1951 0.0000
vn 0.6476 -0.0640 0.7592
vn 0.6563 -0.1305 0.7431
vn 0.6659 -0.0658 0.7431
vn 0.6696 -0.0662 0.7398
vn 0.6383 -0.1270 0.7592
vn 0.6228 -0.1887 0.7592
vn 0.6404 -0.1940 0.7431
vn 0.6439 -0.1951 0.7398
vn 0.7162 -0.0708 0.6943
vn 0.7358 -0.0727 0.6733
vn 0.6599 -0.1313 0.7398
vn 0.7076 -0.2144 0.6733
vn 0.6831 -0.2829 0.6733
vn 0.6216 -0.2575 0.7398
vn 0.6012 -0.2490 0.7592
vn 0.6182 -0.2561 0.7431
vn 0.6887 -0.2087 0.6943
vn 0.6649 -0.2754 0.6943
vn 0.7058 -0.1404 0.6943
vn 0.5756 -0.0569 -0.8157
vn 0.6128 -0.1219 -0.7807
vn 0.5673 -0.1129 -0.8157
vn 0.6218 -0.0614 -0.7807
vn 0.6672 -0.1327 -0.7329
vn 0.5536 -0.1677 -0.8157
vn 0.5980 -0.1812 -0.7807
vn 0.5279 -0.0525 -0.8476
vn 0.6770 -0.0669 -0.7329
vn 0.6511 -0.1972 -0.7329
vn 0.6285 -0.2603 -0.7329
vn 0.5773 -0.2391 -0.7807
vn 0.5344 -0.2214 -0.8157
vn 0.4913 -0.2035 -0.8469
vn 0.5079 -0.1535 -0.8476
vn 0.5192 -0.1032 -0.8484
vn 0.9545 -0.0943 -0.2828
vn 0.9629 -0.1915 -0.1900
vn 0.9407 -0.1871 -0.2828
vn 0.9770 -0.0965 -0.1900
vn 0.9763 -0.1942 -0.0957
vn 0.9179 -0.2781 -0.2828
vn 0.9396 -0.2847 -0.1900
vn 0.9906 -0.0979 -0.0957
vn 0.9526 -0.2886 -0.0957
vn 0.9196 -0.3809 -0.0957
vn 0.9070 -0.3757 -0.1900
vn 0.8861 -0.3670 -0.2828
vn 0.8571 -0.3550 -0.3731
vn 0.8343 -0.0824 0.5450
vn 0.8700 -0.1730 0.4617
vn 0.8827 -0.0872 0.4617
vn 0.7779 -0.0768 0.6236
vn 0.8223 -0.1635 0.5450
vn 0.8024 -0.2431 0.5450
vn 0.8489 -0.2572 0.4617
vn 0.7481 -0.2267 0.6236
vn 0.7667 -0.1525 0.6236
vn 0.7222 -0.2991 0.6236
vn 0.7746 -0.3208 0.5451
vn 0.8195 -0.3394 0.4617
vn 0.9097 -0.1809 0.3738
vn 0.1635 0.8219 0.5457
vn 0.2686 0.8864 0.3769
vn 0.2430 0.8020 0.5457
vn 0.0911 0.9218 0.3769
vn 0.1807 0.9084 0.3769
vn 0.2827 0.9332 0.2219
vn 0.0959 0.9703 0.2219
vn 0.1902 0.9563 0.2219
vn 0.3207 0.7742 0.5457
vn 0.1442 0.7252 0.6733
vn 0.0824 0.8339 0.5457
vn 0.0000 0.8379 0.5457
vn 0.0000 0.9262 0.3769
vn 0.0000 0.9751 0.2219
vn 0.0000 0.9933 0.1150
vn 0.0977 0.9885 0.1150
vn 0.1938 0.9743 0.1150
vn 0.2880 0.9507 0.1150
vn 0.3801 0.9177 0.1150
vn 0.3731 0.9008 0.2219
vn 0.3544 0.8557 0.3769
vn 0.5101 -0.2728 -0.8157
vn 0.5195 -0.3471 -0.7807
vn 0.4810 -0.3214 -0.8157
vn 0.5510 -0.2947 -0.7807
vn 0.5656 -0.3779 -0.7329
vn 0.4473 -0.3668 -0.8157
vn 0.4831 -0.3962 -0.7807
vn 0.4676 -0.2506 -0.8476
vn 0.5998 -0.3209 -0.7329
vn 0.6531 -0.3494 -0.6718
vn 0.6159 -0.4115 -0.6718
vn 0.5260 -0.4314 -0.7329
vn 0.5727 -0.4697 -0.6718
vn 0.4810 -0.4810 -0.7329
vn 0.4418 -0.4418 -0.7807
vn 0.4090 -0.4090 -0.8157
vn 0.3760 -0.3760 -0.8469
vn 0.4104 -0.3362 -0.8476
vn 0.4401 -0.2941 -0.8484
vn 0.8458 -0.4524 -0.2828
vn 0.8163 -0.5454 -0.1900
vn 0.7975 -0.5329 -0.2828
vn 0.8657 -0.4631 -0.1900
vn 0.8276 -0.5530 -0.0957
vn 0.7416 -0.6082 -0.2828
vn 0.7591 -0.6226 -0.1900
vn 0.8181 -0.4376 -0.3731
vn 0.8777 -0.4695 -0.0957
vn 0.8817 -0.4717 0.0000
vn 0.8314 -0.5556 0.0000
vn 0.7696 -0.6312 -0.0957
vn 0.7732 -0.6341 0.0000
vn 0.7038 -0.7038 -0.0957
vn 0.6942 -0.6942 -0.1900
vn 0.6782 -0.6782 -0.2828
vn 0.6560 -0.6560 -0.3731
vn 0.7174 -0.5883 -0.3731
vn 0.7714 -0.5154 -0.3731
vn 0.7392 -0.3955 0.5450
vn 0.7375 -0.4928 0.4617
vn 0.7821 -0.4184 0.4617
vn 0.6893 -0.3687 0.6236
vn 0.6971 -0.4658 0.5450
vn 0.6482 -0.5317 0.5450
vn 0.6858 -0.5625 0.4617
vn 0.6044 -0.4957 0.6236
vn 0.8178 -0.4375 0.3739
vn 0.6346 -0.3395 0.6943
vn 0.6500 -0.4343 0.6236
vn 0.5564 -0.4564 0.6943
vn 0.5089 -0.5089 0.6943
vn 0.5527 -0.5527 0.6236
vn 0.5928 -0.5928 0.5451
vn 0.6272 -0.6272 0.4617
vn 0.7171 -0.5882 0.3739
vn 0.6558 -0.6558 0.3739
vn 0.7712 -0.5153 0.3738
vn 0.1635 -0.8219 0.5457
vn 0.0911 -0.9218 0.3769
vn 0.0824 -0.8339 0.5457
vn 0.2686 -0.8864 0.3769
vn 0.1807 -0.9084 0.3769
vn 0.0959 -0.9703 0.2219
vn 0.2827 -0.9332 0.2219
vn 0.1902 -0.9563 0.2219
vn 0.0727 -0.7358 0.6733
vn 0.0000 -0.7393 0.6733
vn 0.1442 -0.7252 0.6733
vn 0.2430 -0.8020 0.5457
vn 0.2144 -0.7076 0.6733
vn 0.3207 -0.7742 0.5457
vn 0.3544 -0.8557 0.3769
vn 0.3731 -0.9008 0.2219
vn 0.3801 -0.9177 0.1150
vn 0.2880 -0.9507 0.1150
vn 0.1938 -0.9743 0.1150
vn 0.0977 -0.9885 0.1150
vn 0.7033 -0.3762 -0.6032
vn 0.7038 -0.4703 -0.5324
vn 0.6631 -0.4431 -0.6032
vn 0.7464 -0.3992 -0.5324
vn 0.7396 -0.4942 -0.4569
vn 0.6167 -0.5058 -0.6032
vn 0.6545 -0.5368 -0.5324
vn 0.7843 -0.4195 -0.4569
vn 0.6878 -0.5640 -0.4569
vn 0.6290 -0.6290 -0.4569
vn 0.5985 -0.5985 -0.5325
vn 0.5640 -0.5640 -0.6032
vn 0.5237 -0.5237 -0.6718
vn 0.8657 -0.4631 0.1900
vn 0.8276 -0.5530 0.0957
vn 0.8777 -0.4695 0.0957
vn 0.8458 -0.4524 0.2828
vn 0.8163 -0.5454 0.1900
vn 0.7591 -0.6226 0.1900
vn 0.7696 -0.6312 0.0957
vn 0.7416 -0.6082 0.2828
vn 0.7975 -0.5329 0.2828
vn 0.6782 -0.6782 0.2828
vn 0.6942 -0.6942 0.1900
vn 0.7038 -0.7038 0.0957
vn 0.7071 -0.7071 0.0000
vn 0.5738 -0.3070 0.7592
vn 0.5564 -0.3717 0.7431
vn 0.5900 -0.3156 0.7431
vn 0.5933 -0.3174 0.7398
vn 0.5411 -0.3616 0.7592
vn 0.5032 -0.4127 0.7592
vn 0.5174 -0.4243 0.7431
vn 0.5202 -0.4267 0.7398
vn 0.5594 -0.3738 0.7398
vn 0.4758 -0.4758 0.7398
vn 0.4602 -0.4602 0.7592
vn 0.4732 -0.4732 0.7431
vn 0.5984 -0.3998 0.6943
vn 0.6082 -0.7416 -0.2828
vn 0.5454 -0.8163 -0.1900
vn 0.5329 -0.7975 -0.2828
vn 0.6226 -0.7591 -0.1900
vn 0.5530 -0.8276 -0.0957
vn 0.4524 -0.8458 -0.2828
vn 0.4631 -0.8657 -0.1900
vn 0.5883 -0.7174 -0.3731
vn 0.6312 -0.7696 -0.0957
vn 0.6341 -0.7732 0.0000
vn 0.5556 -0.8314 0.0000
vn 0.4695 -0.8777 -0.0957
vn 0.4717 -0.8817 0.0000
vn 0.3809 -0.9196 -0.0957
vn 0.3757 -0.9070 -0.1900
vn 0.3670 -0.8861 -0.2828
vn 0.3550 -0.8571 -0.3731
vn 0.4376 -0.8181 -0.3731
vn 0.5154 -0.7714 -0.3731
vn 0.5317 -0.6482 0.5450
vn 0.4928 -0.7375 0.4617
vn 0.5625 -0.6858 0.4617
vn 0.4957 -0.6044 0.6236
vn 0.4658 -0.6971 0.5450
vn 0.3954 -0.7392 0.5450
vn 0.4184 -0.7821 0.4617
vn 0.3687 -0.6893 0.6236
vn 0.5882 -0.7171 0.3739
vn 0.4564 -0.5564 0.6943
vn 0.4343 -0.6500 0.6236
vn 0.3395 -0.6346 0.6943
vn 0.2754 -0.6649 0.6943
vn 0.2991 -0.7222 0.6236
vn 0.3208 -0.7746 0.5451
vn 0.3394 -0.8195 0.4617
vn 0.4375 -0.8178 0.3739
vn 0.3549 -0.8569 0.3739
vn 0.5153 -0.7712 0.3738
vn -0.4656 -0.6967 0.5457
vn -0.5874 -0.7162 0.3769
vn -0.5314 -0.6479 0.5457
vn -0.4369 -0.8167 0.3769
vn -0.5146 -0.7701 0.3769
vn -0.6183 -0.7539 0.2219
vn -0.4599 -0.8598 0.2219
vn -0.5417 -0.8107 0.2219
vn -0.4689 -0.5717 0.6733
vn -0.5228 -0.5228 0.6733
vn -0.4108 -0.6148 0.6733
vn -0.3952 -0.7389 0.5457
vn -0.3487 -0.6519 0.6733
vn -0.4686 -0.8759 0.1150
vn -0.5519 -0.8259 0.1150
vn -0.6299 -0.7681 0.1150
vn 0.5058 -0.6167 -0.6032
vn 0.4703 -0.7038 -0.5324
vn 0.4431 -0.6631 -0.6032
vn 0.5368 -0.6545 -0.5324
vn 0.4942 -0.7396 -0.4569
vn 0.3762 -0.7033 -0.6032
vn 0.3992 -0.7464 -0.5324
vn 0.4697 -0.5727 -0.6718
vn 0.5640 -0.6878 -0.4569
vn 0.4195 -0.7843 -0.4569
vn 0.3404 -0.8218 -0.4569
vn 0.3239 -0.7820 -0.5325
vn 0.3052 -0.7368 -0.6032
vn 0.2834 -0.6843 -0.6718
vn 0.3494 -0.6531 -0.6718
vn 0.4115 -0.6159 -0.6718
vn 0.6226 -0.7591 0.1900
vn 0.5530 -0.8276 0.0957
vn 0.6312 -0.7696 0.0957
vn 0.6082 -0.7416 0.2828
vn 0.5454 -0.8163 0.1900
vn 0.4631 -0.8657 0.1900
vn 0.4695 -0.8777 0.0957
vn 0.4524 -0.8458 0.2828
vn 0.5329 -0.7975 0.2828
vn 0.3670 -0.8861 0.2828
vn 0.3757 -0.9070 0.1900
vn 0.3809 -0.9196 0.0957
vn 0.3827 -0.9239 0.0000
vn 0.4127 -0.5032 0.7592
vn 0.3717 -0.5564 0.7431
vn 0.4243 -0.5174 0.7431
vn 0.4267 -0.5202 0.7398
vn 0.3616 -0.5411 0.7592
vn 0.3070 -0.5738 0.7592
vn 0.3156 -0.5900 0.7431
vn 0.3174 -0.5933 0.7398
vn 0.4689 -0.5717 0.6733
vn 0.3738 -0.5594 0.7398
vn 0.3487 -0.6519 0.6733
vn 0.2829 -0.6831 0.6733
vn 0.2575 -0.6216 0.7398
vn 0.2490 -0.6012 0.7592
vn 0.2561 -0.6182 0.7431
vn 0.3998 -0.5984 0.6943
vn 0.3668 -0.4473 -0.8157
vn 0.3471 -0.5195 -0.7807
vn 0.3214 -0.4810 -0.8157
vn 0.3962 -0.4831 -0.7807
vn 0.3779 -0.5656 -0.7329
vn 0.2728 -0.5101 -0.8157
vn 0.2947 -0.5510 -0.7807
vn 0.3362 -0.4104 -0.8476
vn 0.4314 -0.5260 -0.7329
vn 0.3209 -0.5998 -0.7329
vn 0.2603 -0.6285 -0.7329
vn 0.2391 -0.5773 -0.7807
vn 0.2214 -0.5344 -0.8157
vn 0.2035 -0.4913 -0.8469
vn 0.2506 -0.4676 -0.8476
vn 0.2941 -0.4401 -0.8484
vn 0.2313 -0.7633 -0.6032
vn 0.1651 -0.8302 -0.5324
vn 0.1556 -0.7823 -0.6032
vn 0.2454 -0.8101 -0.5324
vn 0.1735 -0.8724 -0.4569
vn 0.0784 -0.7937 -0.6032
vn 0.0832 -0.8423 -0.5324
vn 0.2148 -0.7089 -0.6718
vn 0.2579 -0.8513 -0.4569
vn 0.2690 -0.8879 -0.3731
vn 0.1810 -0.9099 -0.3731
vn 0.0875 -0.8852 -0.4569
vn 0.0912 -0.9233 -0.3731
vn 0.0000 -0.8895 -0.4569
vn 0.0000 -0.8464 -0.5325
vn 0.0000 -0.7975 -0.6032
vn 0.0000 -0.7407 -0.6718
vn 0.0728 -0.7371 -0.6718
vn 0.1445 -0.7265 -0.6718
vn 0.2847 -0.9396 0.1900
vn 0.1942 -0.9763 0.0957
vn 0.2886 -0.9526 0.0957
vn 0.2781 -0.9179 0.2828
vn 0.1915 -0.9629 0.1900
vn 0.0965 -0.9770 0.1900
vn 0.0979 -0.9906 0.0957
vn 0.0943 -0.9545 0.2828
vn 0.2900 -0.9570 0.0000
vn 0.2689 -0.8876 0.3739
vn 0.1871 -0.9407 0.2828
vn 0.0912 -0.9230 0.3739
vn 0.0000 -0.9275 0.3739
vn 0.0000 -0.9592 0.2828
vn 0.0000 -0.9817 0.1900
vn 0.0000 -0.9954 0.0957
vn 0.0983 -0.9951 0.0000
vn 0.0000 -1.0000 0.0000
vn 0.1951 -0.9808 0.0000
vn 0.1887 -0.6228 0.7592
vn 0.1305 -0.6563 0.7431
vn 0.1940 -0.6404 0.7431
vn 0.1951 -0.6439 0.7398
vn 0.1270 -0.6383 0.7592
vn 0.0640 -0.6476 0.7592
vn 0.0658 -0.6659 0.7431
vn 0.0662 -0.6696 0.7398
vn 0.2087 -0.6887 0.6943
vn 0.1313 -0.6599 0.7398
vn 0.0000 -0.6728 0.7398
vn 0.0000 -0.6508 0.7592
vn 0.0000 -0.6691 0.7431
vn 0.0708 -0.7162 0.6943
vn 0.0000 -0.7197 0.6943
vn 0.1404 -0.7058 0.6943
vn 0.1677 -0.5536 -0.8157
vn 0.1219 -0.6128 -0.7807
vn 0.1128 -0.5673 -0.8157
vn 0.1812 -0.5980 -0.7807
vn 0.1327 -0.6672 -0.7329
vn 0.0569 -0.5757 -0.8157
vn 0.0614 -0.6218 -0.7807
vn 0.1535 -0.5079 -0.8476
vn 0.1972 -0.6511 -0.7329
vn 0.0669 -0.6770 -0.7329
vn 0.0000 -0.6803 -0.7329
vn 0.0000 -0.6248 -0.7807
vn 0.0000 -0.5784 -0.8157
vn 0.0000 -0.5318 -0.8469
vn 0.0525 -0.5279 -0.8476
vn 0.1032 -0.5192 -0.8484
vn 0.2781 -0.9179 -0.2828
vn 0.1915 -0.9629 -0.1900
vn 0.1871 -0.9407 -0.2828
vn 0.2847 -0.9396 -0.1900
vn 0.1942 -0.9763 -0.0957
vn 0.0943 -0.9545 -0.2828
vn 0.0965 -0.9770 -0.1900
vn 0.2886 -0.9526 -0.0957
vn 0.0979 -0.9906 -0.0957
vn 0.0000 -0.9954 -0.0957
vn 0.0000 -0.9817 -0.1900
vn 0.0000 -0.9592 -0.2828
vn 0.0000 -0.9278 -0.3731
vn 0.2431 -0.8024 0.5450
vn 0.1730 -0.8700 0.4617
vn 0.2572 -0.8489 0.4617
vn 0.2267 -0.7481 0.6236
vn 0.1635 -0.8223 0.5450
vn 0.0824 -0.8343 0.5450
vn 0.0872 -0.8827 0.4617
vn 0.0768 -0.7779 0.6236
vn 0.1525 -0.7667 0.6236
vn 0.0000 -0.7817 0.6236
vn 0.0000 -0.8384 0.5451
vn 0.0000 -0.8870 0.4617
vn 0.1809 -0.9097 0.3738
vn -0.8219 -0.1635 0.5457
vn -0.9218 -0.0911 0.3769
vn -0.8339 -0.0824 0.5457
vn -0.8864 -0.2686 0.3769
vn -0.9084 -0.1807 0.3769
vn -0.9703 -0.0959 0.2219
vn -0.9332 -0.2827 0.2219
vn -0.9563 -0.1902 0.2219
vn -0.7358 -0.0727 0.6733
vn -0.8379 0.0000 0.5457
vn -0.7393 0.0000 0.6733
vn -0.7252 -0.1442 0.6733
vn -0.8020 -0.2430 0.5457
vn -0.7076 -0.2144 0.6733
vn -0.9507 -0.2880 0.1150
vn -0.9743 -0.1938 0.1150
vn -0.9885 -0.0977 0.1150
vn -0.9933 0.0000 0.1150
vn -0.9751 0.0000 0.2219
vn -0.9262 0.0000 0.3769
vn -0.0965 -0.9770 0.1900
vn -0.1942 -0.9763 0.0957
vn -0.0979 -0.9906 0.0957
vn -0.0943 -0.9545 0.2828
vn -0.1915 -0.9629 0.1900
vn -0.2847 -0.9396 0.1900
vn -0.2886 -0.9526 0.0957
vn -0.2781 -0.9179 0.2828
vn -0.0983 -0.9951 0.0000
vn -0.0912 -0.9230 0.3739
vn -0.1871 -0.9407 0.2828
vn -0.2689 -0.8876 0.3739
vn -0.3549 -0.8569 0.3739
vn -0.3670 -0.8861 0.2828
vn -0.3757 -0.9070 0.1900
vn -0.3809 -0.9196 0.0957
vn -0.2900 -0.9570 0.0000
vn -0.3827 -0.9239 0.0000
vn -0.1951 -0.9808 0.0000
vn -0.0640 -0.6476 0.7592
vn -0.1305 -0.6563 0.7431
vn -0.0658 -0.6659 0.7431
vn -0.0662 -0.6696 0.7398
vn -0.1270 -0.6383 0.7592
vn -0.1887 -0.6228 0.7592
vn -0.1940 -0.6404 0.7431
vn -0.1951 -0.6439 0.7398
vn -0.0708 -0.7162 0.6943
vn -0.1313 -0.6599 0.7398
vn -0.2575 -0.6216 0.7398
vn -0.2490 -0.6012 0.7592
vn -0.2561 -0.6182 0.7431
vn -0.2087 -0.6887 0.6943
vn -0.2754 -0.6649 0.6943
vn -0.1404 -0.7058 0.6943
vn -0.0569 -0.5756 -0.8157
vn -0.1219 -0.6128 -0.7807
vn -0.1128 -0.5673 -0.8157
vn -0.0614 -0.6218 -0.7807
vn -0.1327 -0.6672 -0.7329
vn -0.1677 -0.5536 -0.8157
vn -0.1812 -0.5980 -0.7807
vn -0.0525 -0.5279 -0.8476
vn -0.0669 -0.6770 -0.7329
vn -0.0728 -0.7371 -0.6718
vn -0.1445 -0.7265 -0.6718
vn -0.1972 -0.6511 -0.7329
vn -0.2148 -0.7089 -0.6718
vn -0.2603 -0.6285 -0.7329
vn -0.2391 -0.5773 -0.7807
vn -0.2214 -0.5344 -0.8157
vn -0.2035 -0.4913 -0.8469
vn -0.1535 -0.5079 -0.8476
vn -0.1032 -0.5192 -0.8484
vn -0.0943 -0.9545 -0.2828
vn -0.1915 -0.9629 -0.1900
vn -0.1871 -0.9407 -0.2828
vn -0.0965 -0.9770 -0.1900
vn -0.1942 -0.9763 -0.0957
vn -0.2781 -0.9179 -0.2828
vn -0.2847 -0.9396 -0.1900
vn -0.0912 -0.9233 -0.3731
vn -0.0979 -0.9906 -0.0957
vn -0.2886 -0.9526 -0.0957
vn -0.3809 -0.9196 -0.0957
vn -0.3757 -0.9070 -0.1900
vn -0.3670 -0.8861 -0.2828
vn -0.3550 -0.8571 -0.3731
vn -0.2690 -0.8879 -0.3731
vn -0.1810 -0.9099 -0.3731
vn -0.0824 -0.8343 0.5450
vn -0.1730 -0.8700 0.4617
vn -0.0872 -0.8827 0.4617
vn -0.0768 -0.7779 0.6236
vn -0.1635 -0.8223 0.5450
vn -0.2431 -0.8024 0.5450
vn -0.2572 -0.8489 0.4617
vn -0.2267 -0.7481 0.6236
vn -0.1525 -0.7667 0.6236
vn -0.2991 -0.7222 0.6236
vn -0.3208 -0.7746 0.5451
vn -0.3394 -0.8195 0.4617
vn -0.1809 -0.9097 0.3738
vn -0.1635 0.8219 0.5457
vn -0.0911 0.9218 0.3769
vn -0.0824 0.8339 0.5457
vn -0.2686 0.8864 0.3769
vn -0.1807 0.9084 0.3769
vn -0.0959 0.9703 0.2219
vn -0.2827 0.9332 0.2219
vn -0.1902 0.9563 0.2219
vn -0.0727 0.7358 0.6733
vn -0.1442 0.7252 0.6733
vn -0.2430 0.8020 0.5457
vn -0.2144 0.7076 0.6733
vn -0.3207 0.7742 0.5457
vn -0.3544 0.8557 0.3769
vn -0.3731 0.9008 0.2219
vn -0.3801 0.9177 0.1150
vn -0.2880 0.9507 0.1150
vn -0.1938 0.9743 0.1150
vn -0.0977 0.9885 0.1150
vn -0.0784 -0.7937 -0.6032
vn -0.1651 -0.8302 -0.5324
vn -0.1556 -0.7823 -0.6032
vn -0.0832 -0.8423 -0.5324
vn -0.1735 -0.8724 -0.4569
vn -0.2313 -0.7633 -0.6032
vn -0.2454 -0.8101 -0.5324
vn -0.0875 -0.8852 -0.4569
vn -0.2579 -0.8513 -0.4569
vn -0.3404 -0.8218 -0.4569
vn -0.3239 -0.7820 -0.5325
vn -0.3052 -0.7368 -0.6032
vn -0.2834 -0.6843 -0.6718
vn -0.2728 -0.5101 -0.8157
vn -0.3471 -0.5195 -0.7807
vn -0.3214 -0.4810 -0.8157
vn -0.2947 -0.5510 -0.7807
vn -0.3779 -0.5656 -0.7329
vn -0.3668 -0.4473 -0.8157
vn -0.3962 -0.4831 -0.7807
vn -0.2506 -0.4676 -0.8476
vn -0.3209 -0.5998 -0.7329
vn -0.3494 -0.6531 -0.6718
vn -0.4115 -0.6159 -0.6718
vn -0.4314 -0.5260 -0.7329
vn -0.4697 -0.5727 -0.6718
vn -0.4810 -0.4810 -0.7329
vn -0.4418 -0.4418 -0.7807
vn -0.4090 -0.4090 -0.8157
vn -0.3760 -0.3760 -0.8469
vn -0.3362 -0.4104 -0.8476
vn -0.2941 -0.4401 -0.8484
vn -0.4524 -0.8458 -0.2828
vn -0.5454 -0.8163 -0.1900
vn -0.5329 -0.7975 -0.2828
vn -0.4631 -0.8657 -0.1900
vn -0.5530 -0.8276 -0.0957
vn -0.6082 -0.7416 -0.2828
vn -0.6226 -0.7591 -0.1900
vn -0.4376 -0.8181 -0.3731
vn -0.4695 -0.8777 -0.0957
vn -0.4717 -0.8817 0.0000
vn -0.5556 -0.8314 0.0000
vn -0.6312 -0.7696 -0.0957
vn -0.6341 -0.7732 0.0000
vn -0.7038 -0.7038 -0.0957
vn -0.6942 -0.6942 -0.1900
vn -0.6782 -0.6782 -0.2828
vn -0.6560 -0.6560 -0.3731
vn -0.5883 -0.7174 -0.3731
vn -0.5154 -0.7714 -0.3731
vn -0.3955 -0.7392 0.5450
vn -0.4928 -0.7375 0.4617
vn -0.4184 -0.7821 0.4617
vn -0.3687 -0.6893 0.6236
vn -0.4658 -0.6971 0.5450
vn -0.5317 -0.6482 0.5450
vn -0.5625 -0.6858 0.4617
vn -0.4957 -0.6044 0.6236
vn -0.4375 -0.8178 0.3739
vn -0.3395 -0.6346 0.6943
vn -0.4343 -0.6500 0.6236
vn -0.4564 -0.5564 0.6943
vn -0.5089 -0.5089 0.6943
vn -0.5527 -0.5527 0.6236
vn -0.5928 -0.5928 0.5451
vn -0.6272 -0.6272 0.4617
vn -0.5882 -0.7171 0.3739
vn -0.6558 -0.6558 0.3739
vn -0.5153 -0.7712 0.3738
vn -0.6967 0.4656 0.5457
vn -0.7162 0.5874 0.3769
vn -0.6479 0.5314 0.5457
vn -0.8167 0.4369 0.3769
vn -0.7701 0.5146 0.3769
vn -0.7539 0.6183 0.2219
vn -0.8598 0.4599 0.2219
vn -0.8107 0.5417 0.2219
vn -0.5717 0.4689 0.6733
vn -0.5925 0.5925 0.5457
vn -0.5228 0.5228 0.6733
vn -0.6148 0.4108 0.6733
vn -0.7389 0.3952 0.5457
vn -0.6519 0.3487 0.6733
vn -0.7742 0.3207 0.5457
vn -0.8557 0.3544 0.3769
vn -0.9008 0.3731 0.2219
vn -0.9177 0.3801 0.1150
vn -0.8759 0.4685 0.1150
vn -0.8259 0.5519 0.1150
vn -0.7681 0.6299 0.1150
vn -0.7024 0.7024 0.1150
vn -0.6895 0.6895 0.2219
vn -0.6549 0.6549 0.3769
vn -0.3762 -0.7033 -0.6032
vn -0.4703 -0.7038 -0.5324
vn -0.4431 -0.6631 -0.6032
vn -0.3992 -0.7464 -0.5324
vn -0.4942 -0.7396 -0.4569
vn -0.5058 -0.6167 -0.6032
vn -0.5368 -0.6545 -0.5324
vn -0.4195 -0.7843 -0.4569
vn -0.5640 -0.6878 -0.4569
vn -0.6290 -0.6290 -0.4569
vn -0.5985 -0.5985 -0.5325
vn -0.5640 -0.5640 -0.6032
vn -0.5237 -0.5237 -0.6718
vn -0.4631 -0.8657 0.1900
vn -0.5530 -0.8276 0.0957
vn -0.4695 -0.8777 0.0957
vn -0.4524 -0.8458 0.2828
vn -0.5454 -0.8163 0.1900
vn -0.6226 -0.7591 0.1900
vn -0.6312 -0.7696 0.0957
vn -0.6082 -0.7416 0.2828
vn -0.5329 -0.7975 0.2828
vn -0.6782 -0.6782 0.2828
vn -0.6942 -0.6942 0.1900
vn -0.7038 -0.7038 0.0957
vn -0.7071 -0.7071 0.0000
vn -0.3070 -0.5738 0.7592
vn -0.3717 -0.5564 0.7431
vn -0.3156 -0.5900 0.7431
vn -0.3174 -0.5933 0.7398
vn -0.3616 -0.5411 0.7592
vn -0.4127 -0.5032 0.7592
vn -0.4243 -0.5174 0.7431
vn -0.4267 -0.5202 0.7398
vn -0.3738 -0.5594 0.7398
vn -0.4758 -0.4758 0.7398
vn -0.4602 -0.4602 0.7592
vn -0.4732 -0.4732 0.7431
vn -0.3998 -0.5984 0.6943
vn -0.6482 -0.5317 0.5450
vn -0.7375 -0.4928 0.4617
vn -0.6858 -0.5625 0.4617
vn -0.6044 -0.4957 0.6236
vn -0.6971 -0.4658 0.5450
vn -0.7392 -0.3954 0.5450
vn -0.7821 -0.4184 0.4617
vn -0.6893 -0.3687 0.6236
vn -0.7171 -0.5882 0.3739
vn -0.5564 -0.4564 0.6943
vn -0.6500 -0.4343 0.6236
vn -0.6346 -0.3395 0.6943
vn -0.6649 -0.2754 0.6943
vn -0.7222 -0.2991 0.6236
vn -0.7746 -0.3208 0.5451
vn -0.8195 -0.3394 0.4617
vn -0.8178 -0.4375 0.3739
vn -0.8569 -0.3549 0.3739
vn -0.7712 -0.5153 0.3738
vn -0.8219 0.1635 0.5457
vn -0.8864 0.2686 0.3769
vn -0.8020 0.2430 0.5457
vn -0.9218 0.0911 0.3769
vn -0.9084 0.1807 0.3769
vn -0.9332 0.2827 0.2219
vn -0.9703 0.0959 0.2219
vn -0.9563 0.1902 0.2219
vn -0.7076 0.2144 0.6733
vn -0.6831 0.2829 0.6733
vn -0.7252 0.1442 0.6733
vn -0.8339 0.0824 0.5457
vn -0.7358 0.0727 0.6733
vn -0.9885 0.0977 0.1150
vn -0.9743 0.1938 0.1150
vn -0.9507 0.2880 0.1150
vn -0.6167 -0.5058 -0.6032
vn -0.7038 -0.4703 -0.5324
vn -0.6631 -0.4431 -0.6032
vn -0.6545 -0.5368 -0.5324
vn -0.7396 -0.4942 -0.4569
vn -0.7033 -0.3762 -0.6032
vn -0.7464 -0.3992 -0.5324
vn -0.5727 -0.4697 -0.6718
vn -0.6878 -0.5640 -0.4569
vn -0.7174 -0.5883 -0.3731
vn -0.7714 -0.5154 -0.3731
vn -0.7843 -0.4195 -0.4569
vn -0.8181 -0.4376 -0.3731
vn -0.8218 -0.3404 -0.4569
vn -0.7820 -0.3239 -0.5325
vn -0.7368 -0.3052 -0.6032
vn -0.6843 -0.2834 -0.6718
vn -0.6531 -0.3494 -0.6718
vn -0.6159 -0.4115 -0.6718
vn -0.7591 -0.6226 0.1900
vn -0.8276 -0.5530 0.0957
vn -0.7696 -0.6312 0.0957
vn -0.7416 -0.6082 0.2828
vn -0.8163 -0.5454 0.1900
vn -0.8657 -0.4631 0.1900
vn -0.8777 -0.4695 0.0957
vn -0.8458 -0.4524 0.2828
vn -0.7732 -0.6341 0.0000
vn -0.7975 -0.5329 0.2828
vn -0.8861 -0.3670 0.2828
vn -0.9070 -0.3757 0.1900
vn -0.9196 -0.3809 0.0957
vn -0.8817 -0.4717 0.0000
vn -0.9239 -0.3827 0.0000
vn -0.8314 -0.5556 0.0000
vn -0.5032 -0.4127 0.7592
vn -0.5564 -0.3717 0.7431
vn -0.5174 -0.4243 0.7431
vn -0.5202 -0.4267 0.7398
vn -0.5411 -0.3616 0.7592
vn -0.5738 -0.3070 0.7592
vn -0.5900 -0.3156 0.7431
vn -0.5933 -0.3174 0.7398
vn -0.5594 -0.3738 0.7398
vn -0.6216 -0.2575 0.7398
vn -0.6012 -0.2490 0.7592
vn -0.6182 -0.2561 0.7431
vn -0.5984 -0.3998 0.6943
vn -0.4473 -0.3668 -0.8157
vn -0.5195 -0.3471 -0.7807
vn -0.4810 -0.3214 -0.8157
vn -0.4831 -0.3962 -0.7807
vn -0.5656 -0.3779 -0.7329
vn -0.5101 -0.2728 -0.8157
vn -0.5510 -0.2947 -0.7807
vn -0.4104 -0.3362 -0.8476
vn -0.5260 -0.4314 -0.7329
vn -0.5998 -0.3209 -0.7329
vn -0.6285 -0.2603 -0.7329
vn -0.5773 -0.2391 -0.7807
vn -0.5344 -0.2214 -0.8157
vn -0.4913 -0.2035 -0.8469
vn -0.4677 -0.2506 -0.8476
vn -0.4401 -0.2941 -0.8484
vn -0.7416 -0.6082 -0.2828
vn -0.8163 -0.5454 -0.1900
vn -0.7975 -0.5329 -0.2828
vn -0.7591 -0.6226 -0.1900
vn -0.8276 -0.5530 -0.0957
vn -0.8458 -0.4524 -0.2828
vn -0.8657 -0.4631 -0.1900
vn -0.7696 -0.6312 -0.0957
vn -0.8777 -0.4695 -0.0957
vn -0.9196 -0.3809 -0.0957
vn -0.9070 -0.3757 -0.1900
vn -0.8861 -0.3670 -0.2828
vn -0.8571 -0.3550 -0.3731
vn -0.7633 -0.2313 -0.6032
vn -0.8302 -0.1651 -0.5324
vn -0.7823 -0.1556 -0.6032
vn -0.8101 -0.2454 -0.5324
vn -0.8724 -0.1735 -0.4569
vn -0.7937 -0.0784 -0.6032
vn -0.8423 -0.0832 -0.5324
vn -0.7089 -0.2148 -0.6718
vn -0.8513 -0.2579 -0.4569
vn -0.8879 -0.2690 -0.3731
vn -0.9099 -0.1810 -0.3731
vn -0.8852 -0.0875 -0.4569
vn -0.9233 -0.0912 -0.3731
vn -0.8895 0.0000 -0.4569
vn -0.8464 0.0000 -0.5325
vn -0.7975 0.0000 -0.6032
vn -0.7407 0.0000 -0.6718
vn -0.7371 -0.0728 -0.6718
vn -0.7265 -0.1445 -0.6718
vn -0.9396 -0.2847 0.1900
vn -0.9763 -0.1942 0.0957
vn -0.9526 -0.2886 0.0957
vn -0.9179 -0.2781 0.2828
vn -0.9629 -0.1915 0.1900
vn -0.9770 -0.0965 0.1900
vn -0.9906 -0.0979 0.0957
vn -0.9545 -0.0943 0.2828
vn -0.9570 -0.2900 0.0000
vn -0.8876 -0.2689 0.3739
vn -0.9407 -0.1871 0.2828
vn -0.9230 -0.0912 0.3739
vn -0.9275 0.0000 0.3739
vn -0.9592 0.0000 0.2828
vn -0.9817 0.0000 0.1900
vn -0.9954 0.0000 0.0957
vn -0.9951 -0.0983 0.0000
vn -1.0000 0.0000 0.0000
vn -0.9808 -0.1951 0.0000
vn -0.6228 -0.1887 0.7592
vn -0.6563 -0.1305 0.7431
vn -0.6404 -0.1940 0.7431
vn -0.6439 -0.1951 0.7398
vn -0.6383 -0.1270 0.7592
vn -0.6476 -0.0640 0.7592
vn -0.6659 -0.0658 0.7431
vn -0.6696 -0.0662 0.7398
vn -0.6887 -0.2087 0.6943
vn -0.6599 -0.1313 0.7398
vn -0.6728 0.0000 0.7398
vn -0.6508 0.0000 0.7592
vn -0.6691 0.0000 0.7431
vn -0.7162 -0.0708 0.6943
vn -0.7197 0.0000 0.6943
vn -0.7058 -0.1404 0.6943
vn -0.5536 -0.1677 -0.8157
vn -0.6128 -0.1219 -0.7807
vn -0.5673 -0.1128 -0.8157
vn -0.5980 -0.1812 -0.7807
vn -0.6672 -0.1327 -0.7329
vn -0.5757 -0.0569 -0.8157
vn -0.6218 -0.0614 -0.7807
vn -0.5079 -0.1535 -0.8476
vn -0.6511 -0.1972 -0.7329
vn -0.6770 -0.0669 -0.7329
vn -0.6803 0.0000 -0.7329
vn -0.6248 0.0000 -0.7808
vn -0.5784 0.0000 -0.8157
vn -0.5318 0.0000 -0.8469
vn -0.5279 -0.0525 -0.8476
vn -0.5192 -0.1032 -0.8484
vn -0.9179 -0.2781 -0.2828
vn -0.9629 -0.1915 -0.1900
vn -0.9407 -0.1871 -0.2828
vn -0.9396 -0.2847 -0.1900
vn -0.9763 -0.1942 -0.0957
vn -0.9545 -0.0943 -0.2828
vn -0.9770 -0.0965 -0.1900
vn -0.9526 -0.2886 -0.0957
vn -0.9906 -0.0979 -0.0957
vn -0.9954 0.0000 -0.0957
vn -0.9817 0.0000 -0.1900
vn -0.9592 0.0000 -0.2828
vn -0.9278 0.0000 -0.3731
vn -0.8024 -0.2431 0.5450
vn -0.8700 -0.1730 0.4617
vn -0.8489 -0.2572 0.4617
vn -0.7481 -0.2267 0.6236
vn -0.8223 -0.1635 0.5450
vn -0.8343 -0.0824 0.5450
vn -0.8827 -0.0872 0.4617
vn -0.7779 -0.0768 0.6236
vn -0.7667 -0.1525 0.6236
vn -0.7817 0.0000 0.6236
vn -0.8384 0.0000 0.5451
vn -0.8870 0.0000 0.4617
vn -0.9097 -0.1809 0.3738
vn -0.4656 0.6967 0.5457
vn -0.4369 0.8167 0.3769
vn -0.3952 0.7389 0.5457
vn -0.5874 0.7162 0.3769
vn -0.5146 0.7701 0.3769
vn -0.4599 0.8598 0.2219
vn -0.6183 0.7539 0.2219
vn -0.5417 0.8107 0.2219
vn -0.3487 0.6519 0.6733
vn -0.2829 0.6831 0.6733
vn -0.4108 0.6148 0.6733
vn -0.5314 0.6479 0.5457
vn -0.4689 0.5717 0.6733
vn -0.6299 0.7681 0.1150
vn -0.5519 0.8259 0.1150
vn -0.4685 0.8759 0.1150
vn -0.6476 0.0640 0.7592
vn -0.6563 0.1305 0.7431
vn -0.6659 0.0658 0.7431
vn -0.6696 0.0662 0.7398
vn -0.6383 0.1270 0.7592
vn -0.6228 0.1887 0.7592
vn -0.6404 0.1940 0.7431
vn -0.6439 0.1951 0.7398
vn -0.7162 0.0708 0.6943
vn -0.6599 0.1313 0.7398
vn -0.6216 0.2575 0.7398
vn -0.6012 0.2490 0.7592
vn -0.6182 0.2561 0.7431
vn -0.6887 0.2087 0.6943
vn -0.6649 0.2754 0.6943
vn -0.7058 0.1404 0.6943
vn -0.5756 0.0569 -0.8157
vn -0.6128 0.1219 -0.7807
vn -0.5673 0.1129 -0.8157
vn -0.6218 0.0614 -0.7807
vn -0.6672 0.1327 -0.7329
vn -0.5536 0.1677 -0.8157
vn -0.5980 0.1812 -0.7807
vn -0.5279 0.0525 -0.8476
vn -0.6770 0.0669 -0.7329
vn -0.7371 0.0728 -0.6718
vn -0.7265 0.1445 -0.6718
vn -0.6511 0.1972 -0.7329
vn -0.7089 0.2148 -0.6718
vn -0.6285 0.2603 -0.7329
vn -0.5773 0.2391 -0.7807
vn -0.5344 0.2214 -0.8157
vn -0.4913 0.2035 -0.8469
vn -0.5079 0.1535 -0.8476
vn -0.5192 0.1032 -0.8484
vn -0.9545 0.0943 -0.2828
vn -0.9629 0.1915 -0.1900
vn -0.9407 0.1871 -0.2828
vn -0.9770 0.0965 -0.1900
vn -0.9763 0.1942 -0.0957
vn -0.9179 0.2781 -0.2828
vn -0.9396 0.2847 -0.1900
vn -0.9233 0.0912 -0.3731
vn -0.9906 0.0979 -0.0957
vn -0.9951 0.0983 0.0000
vn -0.9808 0.1951 0.0000
vn -0.9526 0.2886 -0.0957
vn -0.9570 0.2900 0.0000
vn -0.9196 0.3809 -0.0957
vn -0.9070 0.3757 -0.1900
vn -0.8861 0.3670 -0.2828
vn -0.8571 0.3550 -0.3731
vn -0.8879 0.2690 -0.3731
vn -0.9099 0.1810 -0.3731
vn -0.8343 0.0824 0.5450
vn -0.8700 0.1730 0.4617
vn -0.8827 0.0872 0.4617
vn -0.7779 0.0768 0.6236
vn -0.8223 0.1635 0.5450
vn -0.8024 0.2431 0.5450
vn -0.8489 0.2572 0.4617
vn -0.7481 0.2267 0.6236
vn -0.9230 0.0912 0.3739
vn -0.7667 0.1525 0.6236
vn -0.7222 0.2991 0.6236
vn -0.7746 0.3208 0.5451
vn -0.8195 0.3394 0.4617
vn -0.8876 0.2689 0.3739
vn -0.8569 0.3549 0.3739
vn -0.9097 0.1809 0.3738
vn 0.6967 0.4656 0.5457
vn 0.8167 0.4369 0.3769
vn 0.7389 0.3952 0.5457
vn 0.7162 0.5874 0.3769
vn 0.7701 0.5146 0.3769
vn 0.8598 0.4599 0.2219
vn 0.7539 0.6183 0.2219
vn 0.8107 0.5417 0.2219
vn 0.6148 0.4108 0.6733
vn 0.6479 0.5314 0.5457
vn 0.5925 0.5925 0.5457
vn 0.6549 0.6549 0.3769
vn 0.6895 0.6895 0.2219
vn 0.7024 0.7024 0.1150
vn 0.7681 0.6299 0.1150
vn 0.8259 0.5519 0.1150
vn 0.8759 0.4686 0.1150
vn -0.7937 0.0784 -0.6032
vn -0.8302 0.1651 -0.5324
vn -0.7823 0.1556 -0.6032
vn -0.8423 0.0832 -0.5324
vn -0.8724 0.1735 -0.4569
vn -0.7633 0.2313 -0.6032
vn -0.8101 0.2454 -0.5324
vn -0.8852 0.0875 -0.4569
vn -0.8513 0.2579 -0.4569
vn -0.8218 0.3404 -0.4569
vn -0.7820 0.3239 -0.5325
vn -0.7368 0.3052 -0.6032
vn -0.6843 0.2834 -0.6718
vn -0.9770 0.0965 0.1900
vn -0.9763 0.1942 0.0957
vn -0.9906 0.0979 0.0957
vn -0.9545 0.0943 0.2828
vn -0.9629 0.1915 0.1900
vn -0.9396 0.2847 0.1900
vn -0.9526 0.2886 0.0957
vn -0.9179 0.2781 0.2828
vn -0.9407 0.1871 0.2828
vn -0.8861 0.3670 0.2828
vn -0.9070 0.3757 0.1900
vn -0.9196 0.3809 0.0957
vn -0.9239 0.3827 0.0000
vn -0.5101 0.2728 -0.8157
vn -0.5195 0.3471 -0.7807
vn -0.4810 0.3214 -0.8157
vn -0.5510 0.2947 -0.7807
vn -0.5656 0.3779 -0.7329
vn -0.4473 0.3668 -0.8157
vn -0.4831 0.3962 -0.7807
vn -0.4676 0.2506 -0.8476
vn -0.5998 0.3209 -0.7329
vn -0.6531 0.3494 -0.6718
vn -0.6159 0.4115 -0.6718
vn -0.5260 0.4314 -0.7329
vn -0.5727 0.4697 -0.6718
vn -0.4810 0.4810 -0.7329
vn -0.4418 0.4418 -0.7807
vn -0.4090 0.4090 -0.8157
vn -0.3760 0.3760 -0.8469
vn -0.4104 0.3362 -0.8476
vn -0.4401 0.2941 -0.8484
vn -0.8458 0.4524 -0.2828
vn -0.8163 0.5454 -0.1900
vn -0.7975 0.5329 -0.2828
vn -0.8657 0.4631 -0.1900
vn -0.8276 0.5530 -0.0957
vn -0.7416 0.6082 -0.2828
vn -0.7591 0.6226 -0.1900
vn -0.8181 0.4376 -0.3731
vn -0.8777 0.4695 -0.0957
vn -0.8817 0.4717 0.0000
vn -0.8314 0.5556 0.0000
vn -0.7696 0.6312 -0.0957
vn -0.7732 0.6341 0.0000
vn -0.7038 0.7038 -0.0957
vn -0.6942 0.6942 -0.1900
vn -0.6782 0.6782 -0.2828
vn -0.6560 0.6560 -0.3731
vn -0.7174 0.5883 -0.3731
vn -0.7714 0.5154 -0.3731
vn -0.7392 0.3955 0.5450
vn -0.7375 0.4928 0.4617
vn -0.7821 0.4184 0.4617
vn -0.6893 0.3687 0.6236
vn -0.6971 0.4658 0.5450
vn -0.6482 0.5317 0.5450
vn -0.6858 0.5625 0.4617
vn -0.6044 0.4957 0.6236
vn -0.8178 0.4375 0.3739
vn -0.6346 0.3395 0.6943
vn -0.6500 0.4343 0.6236
vn -0.5564 0.4564 0.6943
vn -0.5089 0.5089 0.6943
vn -0.5527 0.5527 0.6236
vn -0.5928 0.5928 0.5451
vn -0.6272 0.6272 0.4617
vn -0.7171 0.5882 0.3739
vn -0.6558 0.6558 0.3739
vn -0.7712 0.5153 0.3738
vn 0.8219 -0.1635 0.5457
vn 0.8864 -0.2686 0.3769
vn 0.8020 -0.2430 0.5457
vn 0.9218 -0.0911 0.3769
vn 0.9084 -0.1807 0.3769
vn 0.9332 -0.2827 0.2219
vn 0.9703 -0.0959 0.2219
vn 0.9563 -0.1902 0.2219
vn 0.7252 -0.1442 0.6733
vn 0.8339 -0.0824 0.5457
vn 0.9885 -0.0977 0.1150
vn 0.9743 -0.1938 0.1150
vn 0.9507 -0.2880 0.1150
vn -0.7033 0.3762 -0.6032
vn -0.7038 0.4703 -0.5324
vn -0.6631 0.4431 -0.6032
vn -0.7464 0.3992 -0.5324
vn -0.7396 0.4942 -0.4569
vn -0.6167 0.5058 -0.6032
vn -0.6545 0.5368 -0.5324
vn -0.7843 0.4195 -0.4569
vn -0.6878 0.5640 -0.4569
vn -0.6290 0.6290 -0.4569
vn -0.5985 0.5985 -0.5325
vn -0.5640 0.5640 -0.6032
vn -0.5237 0.5237 -0.6718
vn -0.8657 0.4631 0.1900
vn -0.8276 0.5530 0.0957
vn -0.8777 0.4695 0.0957
vn -0.8458 0.4524 0.2828
vn -0.8163 0.5454 0.1900
vn -0.7591 0.6226 0.1900
vn -0.7696 0.6312 0.0957
vn -0.7416 0.6082 0.2828
vn -0.7975 0.5329 0.2828
vn -0.6782 0.6782 0.2828
vn -0.6942 0.6942 0.1900
vn -0.7038 0.7038 0.0957
vn -0.7071 0.7071 0.0000
vn -0.5738 0.3070 0.7592
vn -0.5564 0.3717 0.7431
vn -0.5900 0.3156 0.7431
vn -0.5933 0.3174 0.7398
vn -0.5411 0.3616 0.7592
vn -0.5032 0.4127 0.7592
vn -0.5174 0.4243 0.7431
vn -0.5202 0.4267 0.7398
vn -0.5594 0.3738 0.7398
vn -0.4758 0.4758 0.7398
vn -0.4602 0.4602 0.7592
vn -0.4732 0.4732 0.7431
vn -0.5984 0.3998 0.6943
vn 0.4656 0.6967 0.5457
vn 0.5874 0.7162 0.3769
vn 0.5314 0.6479 0.5457
vn 0.4369 0.8167 0.3769
vn 0.5146 0.7701 0.3769
vn 0.6183 0.7539 0.2219
vn 0.4599 0.8598 0.2219
vn 0.5417 0.8107 0.2219
vn 0.4108 0.6148 0.6733
vn 0.3952 0.7389 0.5457
vn 0.4686 0.8759 0.1150
vn 0.5519 0.8259 0.1150
vn 0.6299 0.7681 0.1150
vn -0.5058 0.6167 -0.6032
vn -0.4703 0.7038 -0.5324
vn -0.4431 0.6631 -0.6032
vn -0.5368 0.6545 -0.5324
vn -0.4942 0.7396 -0.4569
vn -0.3762 0.7033 -0.6032
vn -0.3992 0.7464 -0.5324
vn -0.4697 0.5727 -0.6718
vn -0.5640 0.6878 -0.4569
vn -0.5883 0.7174 -0.3731
vn -0.5154 0.7714 -0.3731
vn -0.4195 0.7843 -0.4569
vn -0.4376 0.8181 -0.3731
vn -0.3404 0.8218 -0.4569
vn -0.3239 0.7820 -0.5325
vn -0.3052 0.7368 -0.6032
vn -0.2834 0.6843 -0.6718
vn -0.3494 0.6531 -0.6718
vn -0.4115 0.6159 -0.6718
vn -0.6226 0.7591 0.1900
vn -0.5530 0.8276 0.0957
vn -0.6312 0.7696 0.0957
vn -0.6082 0.7416 0.2828
vn -0.5454 0.8163 0.1900
vn -0.4631 0.8657 0.1900
vn -0.4695 0.8777 0.0957
vn -0.4524 0.8458 0.2828
vn -0.6341 0.7732 0.0000
vn -0.5882 0.7171 0.3739
vn -0.5329 0.7975 0.2828
vn -0.4375 0.8178 0.3739
vn -0.3549 0.8569 0.3739
vn -0.3670 0.8861 0.2828
vn -0.3757 0.9070 0.1900
vn -0.3809 0.9196 0.0957
vn -0.4717 0.8817 0.0000
vn -0.3827 0.9239 0.0000
vn -0.5556 0.8314 0.0000
vn -0.4127 0.5032 0.7592
vn -0.3717 0.5564 0.7431
vn -0.4243 0.5174 0.7431
vn -0.4267 0.5202 0.7398
vn -0.3616 0.5411 0.7592
vn -0.3070 0.5738 0.7592
vn -0.3156 0.5900 0.7431
vn -0.3174 0.5933 0.7398
vn -0.4564 0.5564 0.6943
vn -0.3738 0.5594 0.7398
vn -0.2575 0.6216 0.7398
vn -0.2490 0.6012 0.7592
vn -0.2561 0.6182 0.7431
vn -0.3395 0.6346 0.6943
vn -0.2754 0.6649 0.6943
vn -0.3998 0.5984 0.6943
vn -0.3668 0.4473 -0.8157
vn -0.3471 0.5195 -0.7807
vn -0.3214 0.4810 -0.8157
vn -0.3962 0.4831 -0.7807
vn -0.3779 0.5656 -0.7329
vn -0.2728 0.5101 -0.8157
vn -0.2947 0.5510 -0.7807
vn -0.3362 0.4104 -0.8476
vn -0.4314 0.5260 -0.7329
vn -0.3209 0.5998 -0.7329
vn -0.2603 0.6285 -0.7329
vn -0.2391 0.5773 -0.7807
vn -0.2214 0.5344 -0.8157
vn -0.2035 0.4913 -0.8469
vn -0.2506 0.4676 -0.8476
vn -0.2941 0.4401 -0.8484
vn -0.6082 0.7416 -0.2828
vn -0.5454 0.8163 -0.1900
vn -0.5329 0.7975 -0.2828
vn -0.6226 0.7591 -0.1900
vn -0.5530 0.8276 -0.0957
vn -0.4524 0.8458 -0.2828
vn -0.4631 0.8657 -0.1900
vn -0.6312 0.7696 -0.0957
vn -0.4695 0.8777 -0.0957
vn -0.3809 0.9196 -0.0957
vn -0.3757 0.9070 -0.1900
vn -0.3670 0.8861 -0.2828
vn -0.3550 0.8571 -0.3731
vn -0.5317 0.6482 0.5450
vn -0.4928 0.7375 0.4617
vn -0.5625 0.6858 0.4617
vn -0.4957 0.6044 0.6236
vn -0.4658 0.6971 0.5450
vn -0.3954 0.7392 0.5450
vn -0.4184 0.7821 0.4617
vn -0.3687 0.6893 0.6236
vn -0.4343 0.6500 0.6236
vn -0.2991 0.7222 0.6236
vn -0.3208 0.7746 0.5451
vn -0.3394 0.8195 0.4617
vn -0.5153 0.7712 0.3738
vn -0.2313 0.7633 -0.6032
vn -0.1651 0.8302 -0.5324
vn -0.1556 0.7823 -0.6032
vn -0.2454 0.8101 -0.5324
vn -0.1735 0.8724 -0.4569
vn -0.0784 0.7937 -0.6032
vn -0.0832 0.8423 -0.5324
vn -0.2148 0.7089 -0.6718
vn -0.2579 0.8513 -0.4569
vn -0.2690 0.8879 -0.3731
vn -0.1810 0.9099 -0.3731
vn -0.0875 0.8852 -0.4569
vn -0.0912 0.9233 -0.3731
vn -0.0728 0.7371 -0.6718
vn -0.1445 0.7265 -0.6718
vn -0.2847 0.9396 0.1900
vn -0.1942 0.9763 0.0957
vn -0.2886 0.9526 0.0957
vn -0.2781 0.9179 0.2828
vn -0.1915 0.9629 0.1900
vn -0.0965 0.9770 0.1900
vn -0.0979 0.9906 0.0957
vn -0.0943 0.9545 0.2828
vn -0.2900 0.9570 0.0000
vn -0.2689 0.8876 0.3739
vn -0.1871 0.9407 0.2828
vn -0.0912 0.9230 0.3739
vn -0.0983 0.9951 0.0000
vn -0.1951 0.9808 0.0000
vn -0.1887 0.6228 0.7592
vn -0.1305 0.6563 0.7431
vn -0.1940 0.6404 0.7431
vn -0.1951 0.6439 0.7398
vn -0.1270 0.6383 0.7592
vn -0.0640 0.6476 0.7592
vn -0.0658 0.6659 0.7431
vn -0.0662 0.6696 0.7398
vn -0.2087 0.6887 0.6943
vn -0.1313 0.6599 0.7398
vn -0.0708 0.7162 0.6943
vn -0.1404 0.7058 0.6943
vn -0.1677 0.5536 -0.8157
vn -0.1219 0.6128 -0.7807
vn -0.1128 0.5673 -0.8157
vn -0.1812 0.5980 -0.7807
vn -0.1327 0.6672 -0.7329
vn -0.0569 0.5757 -0.8157
vn -0.0614 0.6218 -0.7807
vn -0.1535 0.5079 -0.8476
vn -0.1972 0.6511 -0.7329
vn -0.0669 0.6770 -0.7329
vn -0.0525 0.5279 -0.8476
vn -0.1032 0.5192 -0.8484
vn -0.2781 0.9179 -0.2828
vn -0.1915 0.9629 -0.1900
vn -0.1871 0.9407 -0.2828
vn -0.2847 0.9396 -0.1900
vn -0.1942 0.9763 -0.0957
vn -0.0943 0.9545 -0.2828
vn -0.0965 0.9770 -0.1900
vn -0.2886 0.9526 -0.0957
vn -0.0979 0.9906 -0.0957
vn -0.2431 0.8024 0.5450
vn -0.1730 0.8700 0.4617
vn -0.2572 0.8489 0.4617
vn -0.2267 0.7481 0.6236
vn -0.1635 0.8223 0.5450
vn -0.0824 0.8343 0.5450
vn -0.0872 0.8827 0.4617
vn -0.0768 0.7779 0.6236
vn -0.1525 0.7667 0.6236
vn -0.1809 0.9097 0.3738
vn 0.4656 -0.6967 0.5457
vn 0.4369 -0.8167 0.3769
vn 0.3952 -0.7389 0.5457
vn 0.5874 -0.7162 0.3769
vn 0.5146 -0.7701 0.3769
vn 0.4599 -0.8598 0.2219
vn 0.6183 -0.7539 0.2219
vn 0.5417 -0.8107 0.2219
vn 0.4108 -0.6148 0.6733
vn 0.5314 -0.6479 0.5457
vn 0.6299 -0.7681 0.1150
vn 0.5519 -0.8259 0.1150
vn 0.4685 -0.8759 0.1150
vn 0.3254 -0.2174 -0.9202
vn 0.1567 -0.0912 -0.9834
vn 0.3500 -0.1906 -0.9171
vn 0.1443 -0.1099 -0.9834
vn 0.1412 -0.0943 -0.9855
vn 0.0324 -0.0237 -0.9992
vn 0.0342 -0.0208 -0.9992
vn 0.0282 -0.0188 -0.9994
vn 0.3755 -0.1555 -0.9137
vn 0.3100 -0.2505 -0.9171
vn 0.2874 -0.2874 -0.9137
vn 0.1375 -0.1375 -0.9809
vn 0.0342 -0.0342 -0.9988
vn 0.0039 -0.0039 -1.0000
vn 0.0031 -0.0006 -1.0000
vn 0.0018 -0.0012 -1.0000
vn 0.0017 -0.0026 -1.0000
vn 0.0051 -0.0021 -1.0000
vn 0.0446 -0.0185 -0.9988
vn 0.1797 -0.0744 -0.9809
vn -0.3838 0.0763 -0.9202
vn -0.1797 0.0243 -0.9834
vn -0.3963 0.0421 -0.9171
vn -0.1754 0.0463 -0.9834
vn -0.1665 0.0331 -0.9855
vn -0.0390 0.0095 -0.9992
vn -0.0396 0.0062 -0.9992
vn -0.0332 0.0066 -0.9994
vn -0.4064 0.0000 -0.9137
vn -0.3823 0.1127 -0.9171
vn -0.3755 0.1555 -0.9137
vn -0.1797 0.0744 -0.9809
vn -0.0446 0.0185 -0.9988
vn -0.0051 0.0021 -1.0000
vn -0.0031 -0.0006 -1.0000
vn -0.0022 0.0004 -1.0000
vn -0.0026 0.0017 -1.0000
vn -0.0055 0.0000 -1.0000
vn -0.0483 0.0000 -0.9988
vn -0.1945 0.0000 -0.9809
vn 0.3838 -0.0763 -0.9202
vn 0.1797 -0.0243 -0.9834
vn 0.3963 -0.0421 -0.9171
vn 0.1754 -0.0463 -0.9834
vn 0.1665 -0.0331 -0.9855
vn 0.0390 -0.0095 -0.9992
vn 0.0396 -0.0062 -0.9992
vn 0.0332 -0.0066 -0.9994
vn 0.4064 0.0000 -0.9137
vn 0.3823 -0.1127 -0.9171
vn 0.0031 0.0006 -1.0000
vn 0.0022 -0.0004 -1.0000
vn 0.0026 -0.0017 -1.0000
vn 0.0055 0.0000 -1.0000
vn 0.0483 0.0000 -0.9988
vn 0.1945 0.0000 -0.9809
vn -0.3838 -0.0763 -0.9202
vn -0.1754 -0.0463 -0.9834
vn -0.3823 -0.1127 -0.9171
vn -0.1797 -0.0243 -0.9834
vn -0.1665 -0.0331 -0.9855
vn -0.0396 -0.0062 -0.9992
vn -0.0389 -0.0095 -0.9992
vn -0.0332 -0.0066 -0.9994
vn -0.3755 -0.1555 -0.9137
vn -0.3963 -0.0421 -0.9171
vn -0.0026 -0.0017 -1.0000
vn -0.0022 -0.0004 -1.0000
vn -0.0031 0.0006 -1.0000
vn -0.0051 -0.0021 -1.0000
vn -0.0446 -0.0185 -0.9988
vn -0.1797 -0.0744 -0.9809
vn 0.3838 0.0763 -0.9202
vn 0.1754 0.0463 -0.9834
vn 0.3823 0.1127 -0.9171
vn 0.1797 0.0243 -0.9834
vn 0.1665 0.0331 -0.9855
vn 0.0396 0.0062 -0.9992
vn 0.0390 0.0095 -0.9992
vn 0.0332 0.0066 -0.9994
vn 0.3755 0.1555 -0.9137
vn 0.3963 0.0421 -0.9171
vn 0.0026 0.0017 -1.0000
vn 0.0022 0.0004 -1.0000
vn 0.0051 0.0021 -1.0000
vn 0.0446 0.0185 -0.9988
vn 0.1797 0.0744 -0.9809
vn -0.3254 -0.2174 -0.9202
vn -0.1443 -0.1099 -0.9834
vn -0.3100 -0.2505 -0.9171
vn -0.1567 -0.0912 -0.9834
vn -0.1412 -0.0943 -0.9855
vn -0.0342 -0.0208 -0.9992
vn -0.0324 -0.0237 -0.9992
vn -0.0282 -0.0188 -0.9994
vn -0.2874 -0.2874 -0.9137
vn -0.3500 -0.1906 -0.9171
vn -0.0017 -0.0026 -1.0000
vn -0.0018 -0.0012 -1.0000
vn -0.0039 -0.0039 -1.0000
vn -0.0342 -0.0342 -0.9988
vn -0.1375 -0.1375 -0.9809
vn 0.3254 0.2174 -0.9202
vn 0.1443 0.1099 -0.9834
vn 0.3100 0.2505 -0.9171
vn 0.1567 0.0912 -0.9834
vn 0.1412 0.0943 -0.9855
vn 0.0342 0.0208 -0.9992
vn 0.0324 0.0237 -0.9992
vn 0.0282 0.0188 -0.9994
vn 0.2874 0.2874 -0.9137
vn 0.3500 0.1906 -0.9171
vn 0.0017 0.0026 -1.0000
vn 0.0018 0.0012 -1.0000
vn 0.0039 0.0039 -1.0000
vn 0.0342 0.0342 -0.9988
vn 0.1375 0.1375 -0.9809
vn -0.2174 -0.3254 -0.9202
vn -0.0912 -0.1567 -0.9834
vn -0.1906 -0.3500 -0.9171
vn -0.1099 -0.1443 -0.9834
vn -0.0943 -0.1412 -0.9855
vn -0.0237 -0.0324 -0.9992
vn -0.0208 -0.0342 -0.9992
vn -0.0188 -0.0282 -0.9994
vn -0.1555 -0.3755 -0.9137
vn -0.2505 -0.3100 -0.9171
vn -0.0006 -0.0031 -1.0000
vn -0.0012 -0.0018 -1.0000
vn -0.0021 -0.0051 -1.0000
vn -0.0185 -0.0446 -0.9988
vn -0.0744 -0.1797 -0.9809
vn 0.2174 0.3254 -0.9202
vn 0.0912 0.1567 -0.9834
vn 0.1906 0.3500 -0.9171
vn 0.1099 0.1443 -0.9834
vn 0.0943 0.1412 -0.9855
vn 0.0237 0.0324 -0.9992
vn 0.0208 0.0342 -0.9992
vn 0.0188 0.0282 -0.9994
vn 0.1555 0.3755 -0.9137
vn 0.2505 0.3100 -0.9171
vn 0.0006 0.0031 -1.0000
vn 0.0012 0.0018 -1.0000
vn 0.0021 0.0051 -1.0000
vn 0.0185 0.0446 -0.9988
vn 0.0744 0.1797 -0.9809
vn -0.0763 -0.3838 -0.9202
vn -0.0243 -0.1797 -0.9834
vn -0.0421 -0.3963 -0.9171
vn -0.0463 -0.1754 -0.9834
vn -0.0331 -0.1665 -0.9855
vn -0.0095 -0.0390 -0.9992
vn -0.0062 -0.0396 -0.9992
vn -0.0066 -0.0332 -0.9994
vn 0.0000 -0.4064 -0.9137
vn -0.1127 -0.3823 -0.9171
vn 0.0006 -0.0031 -1.0000
vn -0.0004 -0.0022 -1.0000
vn 0.0000 -0.0055 -1.0000
vn 0.0000 -0.0483 -0.9988
vn 0.0000 -0.1945 -0.9809
vn -0.0763 0.3838 -0.9202
vn -0.0463 0.1754 -0.9834
vn -0.1127 0.3823 -0.9171
vn -0.0243 0.1797 -0.9834
vn -0.0331 0.1665 -0.9855
vn -0.0062 0.0396 -0.9992
vn -0.0095 0.0390 -0.9992
vn -0.0066 0.0332 -0.9994
vn -0.1555 0.3755 -0.9137
vn -0.0421 0.3963 -0.9171
vn 0.0000 0.4064 -0.9137
vn 0.0000 0.1945 -0.9809
vn 0.0000 0.0483 -0.9988
vn 0.0000 0.0055 -1.0000
vn -0.0017 0.0026 -1.0000
vn -0.0004 0.0022 -1.0000
vn -0.0021 0.0051 -1.0000
vn -0.0185 0.0446 -0.9988
vn -0.0744 0.1797 -0.9809
vn 0.0763 0.3838 -0.9202
vn 0.0243 0.1797 -0.9834
vn 0.0421 0.3963 -0.9171
vn 0.0463 0.1754 -0.9834
vn 0.0331 0.1665 -0.9855
vn 0.0095 0.0390 -0.9992
vn 0.0062 0.0396 -0.9992
vn 0.0066 0.0332 -0.9994
vn 0.1127 0.3823 -0.9171
vn -0.0006 0.0031 -1.0000
vn 0.0004 0.0022 -1.0000
vn 0.0763 -0.3838 -0.9202
vn 0.0463 -0.1754 -0.9834
vn 0.1127 -0.3823 -0.9171
vn 0.0243 -0.1797 -0.9834
vn 0.0331 -0.1665 -0.9855
vn 0.0062 -0.0396 -0.9992
vn 0.0095 -0.0390 -0.9992
vn 0.0066 -0.0332 -0.9994
vn 0.1555 -0.3755 -0.9137
vn 0.0421 -0.3963 -0.9171
vn 0.0004 -0.0022 -1.0000
vn 0.0021 -0.0051 -1.0000
vn 0.0185 -0.0446 -0.9988
vn 0.0744 -0.1797 -0.9809
vn -0.2174 0.3254 -0.9202
vn -0.1099 0.1443 -0.9834
vn -0.2505 0.3100 -0.9171
vn -0.0912 0.1567 -0.9834
vn -0.0943 0.1412 -0.9855
vn -0.0208 0.0342 -0.9992
vn -0.0237 0.0324 -0.9992
vn -0.0188 0.0282 -0.9994
vn -0.2874 0.2874 -0.9137
vn -0.1906 0.3500 -0.9171
vn -0.0012 0.0018 -1.0000
vn -0.0039 0.0039 -1.0000
vn -0.0342 0.0342 -0.9988
vn -0.1375 0.1375 -0.9809
vn 0.2174 -0.3254 -0.9202
vn 0.1099 -0.1443 -0.9834
vn 0.2505 -0.3100 -0.9171
vn 0.0912 -0.1567 -0.9834
vn 0.0943 -0.1412 -0.9855
vn 0.0208 -0.0342 -0.9992
vn 0.0237 -0.0324 -0.9992
vn 0.0188 -0.0282 -0.9994
vn 0.1906 -0.3500 -0.9171
vn 0.0012 -0.0018 -1.0000
vn -0.3254 0.2174 -0.9202
vn -0.1567 0.0912 -0.9834
vn -0.3500 0.1906 -0.9171
vn -0.1443 0.1099 -0.9834
vn -0.1412 0.0943 -0.9855
vn -0.0324 0.0237 -0.9992
vn -0.0342 0.0208 -0.9992
vn -0.0282 0.0188 -0.9994
vn -0.3100 0.2505 -0.9171
vn -0.0018 0.0012 -1.0000
vn 0.0000 0.0000 -1.0000
vn 0.0097 -0.0984 -0.9951
vn 0.0327 -0.1642 -0.9859
vn 0.0164 -0.1666 -0.9859
vn 0.0287 -0.0946 -0.9951
vn 0.0193 -0.0969 -0.9951
vn 0.1057 -0.5317 -0.8403
vn 0.0533 -0.5395 -0.8403
vn 0.0485 -0.1602 -0.9859
vn 0.0000 -0.5237 -0.8519
vn 0.0000 -0.0988 -0.9951
vn 0.0515 -0.5213 -0.8518
vn 0.1519 -0.5013 -0.8518
vn 0.1022 -0.5138 -0.8518
vn 0.2004 -0.4839 -0.8519
vn 0.0378 -0.0913 -0.9951
vn 0.0641 -0.1547 -0.9859
vn 0.1572 -0.5188 -0.8403
vn 0.2075 -0.5009 -0.8402
vn 0.2541 -0.8386 -0.4818
vn 0.1709 -0.8594 -0.4818
vn 0.0862 -0.8720 -0.4818
vn 0.0000 -0.5422 -0.8403
vn 0.0000 -0.8763 -0.4817
vn 0.0000 -0.1674 -0.9859
vn 0.1319 -0.0130 0.9911
vn 0.3845 -0.0765 0.9199
vn 0.3902 -0.0385 0.9199
vn 0.1268 -0.0384 0.9912
vn 0.1299 -0.0258 0.9912
vn 0.6958 -0.1384 0.7048
vn 0.7060 -0.0698 0.7047
vn 0.3753 -0.1137 0.9199
vn -0.1675 0.0000 0.9858
vn 0.1325 0.0000 0.9911
vn -0.1668 0.0164 0.9858
vn -0.1604 0.0486 0.9858
vn -0.1644 0.0327 0.9858
vn -0.1548 0.0641 0.9858
vn 0.1224 -0.0507 0.9911
vn 0.3623 -0.1500 0.9199
vn 0.6789 -0.2057 0.7047
vn 0.6554 -0.2715 0.7047
vn 0.8774 -0.2658 0.3992
vn 0.8992 -0.1789 0.3992
vn 0.9124 -0.0902 0.3992
vn 0.7095 0.0000 0.7047
vn 0.9168 0.0000 0.3992
vn 0.3921 0.0000 0.9199
vn -0.0466 0.0872 -0.9951
vn -0.0930 0.1392 -0.9859
vn -0.0790 0.1476 -0.9859
vn -0.0627 0.0764 -0.9951
vn -0.0549 0.0822 -0.9951
vn -0.3012 0.4508 -0.8403
vn -0.2557 0.4780 -0.8403
vn -0.1061 0.1294 -0.9859
vn -0.2004 0.4839 -0.8519
vn -0.0378 0.0913 -0.9951
vn -0.2471 0.4619 -0.8518
vn -0.3322 0.4050 -0.8518
vn -0.2910 0.4356 -0.8518
vn -0.3703 0.3703 -0.8519
vn -0.0699 0.0699 -0.9951
vn -0.1184 0.1184 -0.9859
vn -0.3438 0.4192 -0.8403
vn -0.3834 0.3834 -0.8402
vn -0.5557 0.6775 -0.4818
vn -0.4868 0.7286 -0.4818
vn -0.4133 0.7727 -0.4818
vn -0.2075 0.5009 -0.8402
vn -0.3353 0.8096 -0.4818
vn -0.0641 0.1547 -0.9859
vn 0.1168 -0.0625 0.9911
vn 0.3260 -0.2178 0.9199
vn 0.3457 -0.1849 0.9199
vn 0.1025 -0.0840 0.9911
vn 0.1102 -0.0736 0.9912
vn 0.5899 -0.3941 0.7048
vn 0.6256 -0.3346 0.7047
vn 0.3032 -0.2486 0.9199
vn -0.1478 0.0790 0.9858
vn -0.1296 0.1063 0.9858
vn -0.1394 0.0931 0.9858
vn -0.1184 0.1184 0.9858
vn 0.0937 -0.0937 0.9911
vn 0.2773 -0.2773 0.9199
vn 0.5485 -0.4499 0.7047
vn 0.5017 -0.5017 0.7047
vn 0.7089 -0.5814 0.3992
vn 0.7623 -0.5094 0.3992
vn 0.8084 -0.4324 0.3992
vn 0.8470 -0.3508 0.3992
vn 0.0466 -0.0871 -0.9951
vn 0.0930 -0.1392 -0.9859
vn 0.0790 -0.1476 -0.9859
vn 0.0627 -0.0764 -0.9951
vn 0.0549 -0.0822 -0.9951
vn 0.3012 -0.4508 -0.8403
vn 0.2557 -0.4780 -0.8403
vn 0.1061 -0.1294 -0.9859
vn 0.2471 -0.4619 -0.8518
vn 0.3322 -0.4050 -0.8518
vn 0.2911 -0.4356 -0.8518
vn 0.3703 -0.3703 -0.8519
vn 0.0699 -0.0699 -0.9951
vn 0.1184 -0.1184 -0.9859
vn 0.3438 -0.4192 -0.8403
vn 0.3834 -0.3834 -0.8402
vn 0.5557 -0.6775 -0.4818
vn 0.4868 -0.7286 -0.4818
vn 0.4133 -0.7727 -0.4818
vn 0.3353 -0.8096 -0.4818
vn 0.0840 -0.1025 0.9911
vn 0.2178 -0.3260 0.9199
vn 0.2486 -0.3032 0.9199
vn 0.0625 -0.1168 0.9911
vn 0.0736 -0.1102 0.9912
vn 0.3941 -0.5899 0.7048
vn 0.4499 -0.5485 0.7047
vn 0.1849 -0.3457 0.9199
vn -0.1063 0.1296 0.9858
vn -0.0790 0.1478 0.9858
vn -0.0931 0.1394 0.9858
vn -0.0641 0.1548 0.9858
vn 0.0507 -0.1224 0.9911
vn 0.1501 -0.3623 0.9199
vn 0.3346 -0.6256 0.7047
vn 0.2715 -0.6554 0.7047
vn 0.4324 -0.8084 0.3992
vn 0.5094 -0.7623 0.3992
vn 0.5814 -0.7089 0.3992
vn 0.6483 -0.6483 0.3992
vn -0.0764 0.0627 -0.9951
vn -0.1392 0.0930 -0.9859
vn -0.1294 0.1061 -0.9859
vn -0.0871 0.0466 -0.9951
vn -0.0822 0.0549 -0.9951
vn -0.4508 0.3012 -0.8403
vn -0.4192 0.3438 -0.8403
vn -0.1476 0.0790 -0.9859
vn -0.4050 0.3322 -0.8518
vn -0.4619 0.2471 -0.8518
vn -0.4356 0.2910 -0.8518
vn -0.4839 0.2004 -0.8519
vn -0.0913 0.0378 -0.9951
vn -0.1547 0.0641 -0.9859
vn -0.4780 0.2557 -0.8403
vn -0.5009 0.2075 -0.8402
vn -0.7727 0.4133 -0.4818
vn -0.7286 0.4868 -0.4818
vn -0.6775 0.5557 -0.4818
vn -0.6196 0.6196 -0.4818
vn 0.0946 -0.0287 -0.9951
vn 0.1642 -0.0326 -0.9859
vn 0.1602 -0.0485 -0.9859
vn 0.0984 -0.0097 -0.9951
vn 0.0969 -0.0193 -0.9951
vn 0.5317 -0.1057 -0.8403
vn 0.5188 -0.1572 -0.8403
vn 0.1666 -0.0164 -0.9859
vn 0.4838 -0.2004 -0.8519
vn 0.0913 -0.0378 -0.9951
vn 0.5013 -0.1519 -0.8518
vn 0.5213 -0.0515 -0.8518
vn 0.5138 -0.1022 -0.8518
vn 0.5237 0.0000 -0.8519
vn 0.0988 0.0000 -0.9951
vn 0.1674 0.0000 -0.9859
vn 0.5395 -0.0533 -0.8403
vn 0.5422 0.0000 -0.8403
vn 0.8720 -0.0862 -0.4818
vn 0.8594 -0.1709 -0.4818
vn 0.8386 -0.2541 -0.4818
vn 0.5009 -0.2075 -0.8403
vn 0.8096 -0.3353 -0.4818
vn 0.1547 -0.0641 -0.9859
vn 0.0384 -0.1268 0.9912
vn 0.0765 -0.3845 0.9199
vn 0.1137 -0.3753 0.9199
vn 0.0130 -0.1319 0.9912
vn 0.0258 -0.1299 0.9912
vn 0.1384 -0.6958 0.7047
vn 0.2057 -0.6789 0.7047
vn 0.0385 -0.3902 0.9199
vn -0.0486 0.1604 0.9858
vn -0.0165 0.1668 0.9858
vn -0.0327 0.1644 0.9858
vn 0.0000 0.1675 0.9858
vn 0.0000 -0.1325 0.9911
vn 0.0000 -0.3921 0.9199
vn 0.0698 -0.7060 0.7047
vn 0.0000 -0.7095 0.7047
vn 0.0902 -0.9124 0.3992
vn 0.1789 -0.8992 0.3992
vn 0.2658 -0.8774 0.3992
vn 0.3508 -0.8470 0.3992
vn 0.0764 -0.0627 -0.9951
vn 0.1392 -0.0930 -0.9859
vn 0.1294 -0.1061 -0.9859
vn 0.0871 -0.0466 -0.9951
vn 0.0822 -0.0549 -0.9951
vn 0.4507 -0.3012 -0.8403
vn 0.4192 -0.3438 -0.8403
vn 0.1476 -0.0790 -0.9859
vn 0.4050 -0.3322 -0.8518
vn 0.4619 -0.2471 -0.8518
vn 0.4356 -0.2910 -0.8518
vn 0.4780 -0.2557 -0.8403
vn 0.7727 -0.4133 -0.4818
vn 0.7286 -0.4868 -0.4818
vn 0.6775 -0.5557 -0.4818
vn 0.6196 -0.6196 -0.4817
vn 0.0287 0.0946 -0.9951
vn 0.0326 0.1642 -0.9859
vn 0.0485 0.1602 -0.9859
vn 0.0097 0.0984 -0.9951
vn 0.0193 0.0970 -0.9951
vn 0.1057 0.5317 -0.8403
vn 0.1572 0.5188 -0.8403
vn 0.0164 0.1666 -0.9859
vn 0.2004 0.4838 -0.8519
vn 0.0378 0.0913 -0.9951
vn 0.1519 0.5013 -0.8518
vn 0.0515 0.5213 -0.8518
vn 0.1022 0.5138 -0.8518
vn 0.0000 0.5237 -0.8519
vn 0.0000 0.0988 -0.9951
vn 0.0000 0.1674 -0.9859
vn 0.0533 0.5395 -0.8403
vn 0.0000 0.5422 -0.8403
vn 0.0862 0.8720 -0.4818
vn 0.1709 0.8594 -0.4818
vn 0.2541 0.8386 -0.4818
vn 0.2075 0.5009 -0.8402
vn 0.3353 0.8096 -0.4817
vn 0.0641 0.1547 -0.9859
vn -0.0130 -0.1319 0.9911
vn -0.0765 -0.3845 0.9199
vn -0.0385 -0.3902 0.9199
vn -0.0384 -0.1268 0.9911
vn -0.0258 -0.1299 0.9912
vn -0.1384 -0.6958 0.7047
vn -0.0698 -0.7060 0.7047
vn -0.1137 -0.3753 0.9199
vn 0.0165 0.1668 0.9858
vn 0.0486 0.1604 0.9858
vn 0.0327 0.1644 0.9858
vn 0.0641 0.1548 0.9858
vn -0.0507 -0.1224 0.9911
vn -0.1501 -0.3623 0.9199
vn -0.2057 -0.6789 0.7047
vn -0.2715 -0.6554 0.7047
vn -0.2658 -0.8774 0.3992
vn -0.1789 -0.8992 0.3992
vn -0.0902 -0.9124 0.3992
vn 0.0000 -0.9168 0.3992
vn -0.0946 0.0287 -0.9951
vn -0.1642 0.0327 -0.9859
vn -0.1602 0.0485 -0.9859
vn -0.0983 0.0097 -0.9951
vn -0.0969 0.0193 -0.9951
vn -0.5317 0.1057 -0.8403
vn -0.5188 0.1572 -0.8403
vn -0.1666 0.0164 -0.9859
vn -0.5013 0.1519 -0.8518
vn -0.5213 0.0515 -0.8518
vn -0.5138 0.1022 -0.8518
vn -0.5237 0.0000 -0.8519
vn -0.0988 0.0000 -0.9951
vn -0.1675 0.0000 -0.9859
vn -0.5395 0.0533 -0.8403
vn -0.5422 0.0000 -0.8403
vn -0.8720 0.0862 -0.4818
vn -0.8594 0.1709 -0.4818
vn -0.8386 0.2541 -0.4818
vn -0.8096 0.3353 -0.4818
vn -0.0983 -0.0097 -0.9951
vn -0.1642 -0.0327 -0.9859
vn -0.1666 -0.0164 -0.9859
vn -0.0946 -0.0287 -0.9951
vn -0.0970 -0.0193 -0.9951
vn -0.5317 -0.1057 -0.8403
vn -0.5395 -0.0533 -0.8403
vn -0.1602 -0.0485 -0.9859
vn -0.5213 -0.0515 -0.8518
vn -0.5013 -0.1519 -0.8518
vn -0.5138 -0.1022 -0.8518
vn -0.4838 -0.2004 -0.8519
vn -0.0913 -0.0378 -0.9951
vn -0.1547 -0.0641 -0.9859
vn -0.5188 -0.1572 -0.8403
vn -0.5009 -0.2075 -0.8402
vn -0.8386 -0.2541 -0.4818
vn -0.8594 -0.1709 -0.4818
vn -0.8720 -0.0862 -0.4818
vn -0.8763 0.0000 -0.4818
vn -0.0625 -0.1168 0.9911
vn -0.2178 -0.3260 0.9199
vn -0.1849 -0.3457 0.9199
vn -0.0840 -0.1025 0.9912
vn -0.0736 -0.1102 0.9912
vn -0.3941 -0.5899 0.7047
vn -0.3346 -0.6256 0.7047
vn -0.2486 -0.3032 0.9199
vn 0.0790 0.1478 0.9858
vn 0.1063 0.1296 0.9858
vn 0.0931 0.1394 0.9858
vn 0.1184 0.1184 0.9858
vn -0.0937 -0.0937 0.9911
vn -0.2773 -0.2773 0.9199
vn -0.4499 -0.5485 0.7047
vn -0.5017 -0.5017 0.7047
vn -0.5814 -0.7089 0.3992
vn -0.5094 -0.7623 0.3992
vn -0.4324 -0.8084 0.3992
vn -0.3508 -0.8470 0.3992
vn -0.0097 0.0984 -0.9951
vn -0.0327 0.1642 -0.9859
vn -0.0164 0.1666 -0.9859
vn -0.0287 0.0946 -0.9951
vn -0.0193 0.0969 -0.9951
vn -0.1057 0.5317 -0.8403
vn -0.0533 0.5395 -0.8403
vn -0.0485 0.1602 -0.9859
vn -0.0515 0.5213 -0.8518
vn -0.1519 0.5013 -0.8518
vn -0.1022 0.5138 -0.8518
vn -0.1572 0.5188 -0.8403
vn -0.2541 0.8386 -0.4818
vn -0.1709 0.8594 -0.4818
vn -0.0862 0.8720 -0.4818
vn 0.0000 0.8763 -0.4818
vn -0.9570 0.2900 -0.0098
vn -0.9788 0.1947 -0.0634
vn -0.9551 0.2894 -0.0634
vn -0.9951 0.0983 -0.0098
vn -0.9807 0.1951 -0.0098
vn -0.9168 0.1823 -0.3552
vn -0.8946 0.2710 -0.3552
vn -0.9931 0.0981 -0.0634
vn -0.9239 0.3827 0.0004
vn -0.9238 0.3826 -0.0098
vn -0.9570 0.2900 0.0004
vn -0.9951 0.0983 0.0004
vn -0.9808 0.1951 0.0004
vn -1.0000 0.0000 0.0004
vn -0.9999 0.0000 -0.0098
vn -0.9980 0.0000 -0.0634
vn -0.9302 0.0919 -0.3552
vn -0.9348 0.0000 -0.3552
vn -0.8636 0.3577 -0.3552
vn -0.9220 0.3819 -0.0634
vn 0.7732 -0.6341 -0.0098
vn 0.8298 -0.5544 -0.0634
vn 0.7716 -0.6329 -0.0634
vn 0.8817 -0.4716 -0.0098
vn 0.8314 -0.5555 -0.0098
vn 0.7772 -0.5193 -0.3552
vn 0.7228 -0.5928 -0.3552
vn 0.8800 -0.4707 -0.0634
vn 0.7071 -0.7071 0.0004
vn 0.7071 -0.7071 -0.0098
vn 0.7732 -0.6341 0.0004
vn 0.8817 -0.4717 0.0004
vn 0.8314 -0.5556 0.0004
vn 0.9239 -0.3827 0.0004
vn 0.9238 -0.3826 -0.0098
vn 0.9220 -0.3819 -0.0634
vn 0.8242 -0.4409 -0.3552
vn 0.8636 -0.3577 -0.3552
vn 0.6610 -0.6610 -0.3552
vn 0.7057 -0.7057 -0.0634
vn -0.7732 0.6341 -0.0098
vn -0.8298 0.5544 -0.0634
vn -0.7716 0.6329 -0.0634
vn -0.8817 0.4716 -0.0098
vn -0.8314 0.5555 -0.0098
vn -0.7772 0.5193 -0.3552
vn -0.7228 0.5928 -0.3552
vn -0.8800 0.4707 -0.0634
vn -0.7732 0.6341 0.0004
vn -0.7071 0.7071 -0.0098
vn -0.7071 0.7071 0.0004
vn -0.8817 0.4717 0.0004
vn -0.8314 0.5556 0.0004
vn -0.8242 0.4409 -0.3552
vn -0.6610 0.6610 -0.3552
vn -0.7057 0.7057 -0.0634
vn 0.4716 -0.8817 -0.0098
vn 0.5544 -0.8298 -0.0634
vn 0.4707 -0.8800 -0.0634
vn 0.6341 -0.7732 -0.0098
vn 0.5555 -0.8314 -0.0098
vn 0.5193 -0.7772 -0.3552
vn 0.4409 -0.8242 -0.3552
vn 0.6329 -0.7716 -0.0634
vn 0.4717 -0.8817 0.0004
vn 0.3826 -0.9238 -0.0098
vn 0.3827 -0.9239 0.0004
vn 0.6341 -0.7732 0.0004
vn 0.5556 -0.8314 0.0004
vn 0.5928 -0.7228 -0.3552
vn 0.3577 -0.8636 -0.3552
vn 0.3819 -0.9220 -0.0634
vn -0.4716 0.8817 -0.0098
vn -0.5544 0.8298 -0.0634
vn -0.4707 0.8800 -0.0634
vn -0.6341 0.7732 -0.0098
vn -0.5555 0.8314 -0.0098
vn -0.5193 0.7772 -0.3552
vn -0.4409 0.8242 -0.3552
vn -0.6329 0.7716 -0.0634
vn -0.4717 0.8817 0.0004
vn -0.3826 0.9238 -0.0098
vn -0.3827 0.9239 0.0004
vn -0.6341 0.7732 0.0004
vn -0.5556 0.8314 0.0004
vn -0.5928 0.7228 -0.3552
vn -0.3577 0.8636 -0.3552
vn -0.3819 0.9220 -0.0634
vn 0.0983 -0.9951 -0.0098
vn 0.1947 -0.9788 -0.0634
vn 0.0981 -0.9931 -0.0634
vn 0.2900 -0.9570 -0.0098
vn 0.1951 -0.9807 -0.0098
vn 0.1823 -0.9168 -0.3552
vn 0.0919 -0.9302 -0.3552
vn 0.2894 -0.9551 -0.0634
vn 0.0983 -0.9951 0.0004
vn 0.0000 -0.9999 -0.0098
vn 0.0000 -1.0000 0.0004
vn 0.2900 -0.9570 0.0004
vn 0.1951 -0.9808 0.0004
vn 0.2710 -0.8946 -0.3552
vn 0.0000 -0.9348 -0.3552
vn 0.0000 -0.9980 -0.0634
vn -0.2900 -0.9570 -0.0098
vn -0.1947 -0.9788 -0.0634
vn -0.2894 -0.9551 -0.0634
vn -0.0983 -0.9951 -0.0098
vn -0.1951 -0.9807 -0.0098
vn -0.1823 -0.9168 -0.3552
vn -0.2710 -0.8946 -0.3552
vn -0.0981 -0.9931 -0.0634
vn -0.3827 -0.9239 0.0004
vn -0.3826 -0.9238 -0.0098
vn -0.1951 -0.9808 0.0004
vn -0.2900 -0.9570 0.0004
vn -0.0983 -0.9951 0.0004
vn -0.0919 -0.9302 -0.3552
vn -0.0515 -0.5213 -0.8518
vn -0.1022 -0.5138 -0.8518
vn -0.1519 -0.5013 -0.8518
vn -0.3577 -0.8636 -0.3552
vn -0.2004 -0.4838 -0.8519
vn -0.3819 -0.9220 -0.0634
vn 0.6341 0.7732 -0.0098
vn 0.5544 0.8298 -0.0634
vn 0.6329 0.7716 -0.0634
vn 0.4716 0.8817 -0.0098
vn 0.5555 0.8314 -0.0098
vn 0.5193 0.7772 -0.3552
vn 0.5928 0.7228 -0.3552
vn 0.4707 0.8800 -0.0634
vn 0.6341 0.7732 0.0004
vn 0.7071 0.7071 -0.0098
vn 0.7071 0.7071 0.0004
vn 0.4717 0.8817 0.0004
vn 0.5556 0.8314 0.0004
vn 0.3827 0.9239 0.0004
vn 0.3826 0.9238 -0.0098
vn 0.3819 0.9220 -0.0634
vn 0.4409 0.8242 -0.3552
vn 0.3577 0.8636 -0.3552
vn 0.2471 0.4619 -0.8518
vn 0.2910 0.4356 -0.8518
vn 0.3322 0.4050 -0.8518
vn 0.6610 0.6610 -0.3552
vn 0.3703 0.3703 -0.8519
vn 0.7057 0.7057 -0.0634
vn -0.6341 -0.7732 -0.0098
vn -0.5544 -0.8298 -0.0634
vn -0.6329 -0.7716 -0.0634
vn -0.4716 -0.8817 -0.0098
vn -0.5555 -0.8314 -0.0098
vn -0.5193 -0.7772 -0.3552
vn -0.5928 -0.7228 -0.3552
vn -0.4707 -0.8800 -0.0634
vn -0.7071 -0.7071 0.0004
vn -0.7071 -0.7071 -0.0098
vn -0.5556 -0.8314 0.0004
vn -0.6341 -0.7732 0.0004
vn -0.4717 -0.8817 0.0004
vn -0.4409 -0.8242 -0.3552
vn -0.2471 -0.4619 -0.8518
vn -0.2911 -0.4356 -0.8518
vn -0.3322 -0.4050 -0.8518
vn -0.6610 -0.6610 -0.3552
vn -0.3703 -0.3703 -0.8519
vn -0.7057 -0.7057 -0.0634
vn 0.8817 0.4716 -0.0098
vn 0.8298 0.5544 -0.0634
vn 0.8800 0.4707 -0.0634
vn 0.7732 0.6341 -0.0098
vn 0.8314 0.5555 -0.0098
vn 0.7772 0.5193 -0.3552
vn 0.8242 0.4409 -0.3552
vn 0.7716 0.6329 -0.0634
vn 0.8817 0.4717 0.0004
vn 0.9238 0.3826 -0.0098
vn 0.9239 0.3827 0.0004
vn 0.7732 0.6341 0.0004
vn 0.8314 0.5556 0.0004
vn 0.7228 0.5928 -0.3552
vn 0.4050 0.3322 -0.8518
vn 0.4356 0.2910 -0.8518
vn 0.4619 0.2471 -0.8518
vn 0.8636 0.3577 -0.3552
vn 0.4839 0.2004 -0.8519
vn 0.9220 0.3819 -0.0634
vn -0.8314 -0.5555 -0.0098
vn -0.8800 -0.4707 -0.0634
vn -0.8817 -0.4716 -0.0098
vn -0.7732 -0.6341 -0.0098
vn -0.8298 -0.5544 -0.0634
vn -0.7772 -0.5193 -0.3552
vn -0.8242 -0.4409 -0.3552
vn -0.7716 -0.6329 -0.0634
vn -0.9239 -0.3827 0.0004
vn -0.9238 -0.3826 -0.0098
vn -0.8314 -0.5556 0.0004
vn -0.8817 -0.4717 0.0004
vn -0.7732 -0.6341 0.0004
vn -0.7228 -0.5928 -0.3552
vn -0.4050 -0.3322 -0.8518
vn -0.4356 -0.2911 -0.8518
vn -0.4619 -0.2470 -0.8518
vn -0.8636 -0.3577 -0.3552
vn -0.9220 -0.3819 -0.0634
vn 0.9951 0.0983 -0.0098
vn 0.9788 0.1947 -0.0634
vn 0.9931 0.0981 -0.0634
vn 0.9570 0.2900 -0.0098
vn 0.9807 0.1951 -0.0098
vn 0.9168 0.1823 -0.3552
vn 0.9302 0.0919 -0.3552
vn 0.9551 0.2894 -0.0634
vn 0.9951 0.0983 0.0004
vn 0.9999 0.0000 -0.0098
vn 1.0000 0.0000 0.0004
vn 0.9570 0.2900 0.0004
vn 0.9808 0.1951 0.0004
vn 0.8946 0.2710 -0.3552
vn 0.5013 0.1519 -0.8518
vn 0.5138 0.1022 -0.8518
vn 0.5213 0.0515 -0.8518
vn 0.9348 0.0000 -0.3552
vn 0.9980 0.0000 -0.0634
vn -0.0983 0.9951 -0.0098
vn -0.1947 0.9788 -0.0634
vn -0.0981 0.9931 -0.0634
vn -0.2900 0.9570 -0.0098
vn -0.1951 0.9807 -0.0098
vn -0.1823 0.9168 -0.3552
vn -0.0919 0.9302 -0.3552
vn -0.2894 0.9551 -0.0634
vn -0.0983 0.9951 0.0004
vn 0.0000 0.9999 -0.0098
vn 0.0000 1.0000 0.0004
vn -0.2900 0.9570 0.0004
vn -0.1951 0.9808 0.0004
vn -0.2710 0.8946 -0.3552
vn 0.0000 0.9348 -0.3552
vn 0.0000 0.9980 -0.0634
vn -0.9951 -0.0983 -0.0098
vn -0.9788 -0.1947 -0.0634
vn -0.9931 -0.0981 -0.0634
vn -0.9570 -0.2900 -0.0098
vn -0.9807 -0.1951 -0.0098
vn -0.9168 -0.1823 -0.3552
vn -0.9302 -0.0919 -0.3552
vn -0.9551 -0.2894 -0.0634
vn -0.9951 -0.0983 0.0004
vn -0.9808 -0.1951 0.0004
vn -0.9570 -0.2900 0.0004
vn -0.8946 -0.2710 -0.3552
vn 0.2900 0.9570 -0.0098
vn 0.1947 0.9788 -0.0634
vn 0.2894 0.9551 -0.0634
vn 0.0983 0.9951 -0.0098
vn 0.1951 0.9807 -0.0098
vn 0.1823 0.9168 -0.3552
vn 0.2710 0.8946 -0.3552
vn 0.0981 0.9931 -0.0634
vn 0.1951 0.9808 0.0004
vn 0.2900 0.9570 0.0004
vn 0.0983 0.9951 0.0004
vn 0.0919 0.9302 -0.3552
vn 0.9570 -0.2900 -0.0098
vn 0.9788 -0.1947 -0.0634
vn 0.9551 -0.2894 -0.0634
vn 0.9951 -0.0983 -0.0098
vn 0.9807 -0.1951 -0.0098
vn 0.9168 -0.1823 -0.3552
vn 0.8946 -0.2710 -0.3552
vn 0.9931 -0.0981 -0.0634
vn 0.9808 -0.1951 0.0004
vn 0.9570 -0.2900 0.0004
vn 0.9951 -0.0983 0.0004
vn 0.9302 -0.0919 -0.3552
vn 0.9420 -0.2854 -0.1764
vn 0.9808 -0.1951 -0.0012
vn 0.9570 -0.2900 -0.0012
vn 0.9795 -0.0968 -0.1764
vn 0.9654 -0.1920 -0.1764
vn 0.9447 -0.2862 0.1601
vn 0.9823 -0.0970 0.1601
vn 0.9681 -0.1926 0.1601
vn 0.9094 -0.3767 -0.1764
vn 0.8763 0.0000 -0.4818
vn 0.9843 0.0000 -0.1764
vn 0.9951 -0.0983 -0.0012
vn 0.9871 0.0000 0.1601
vn 0.9120 -0.3777 0.1601
vn 0.9239 -0.3827 -0.0012
vn 0.2854 0.9420 -0.1764
vn 0.1951 0.9808 -0.0012
vn 0.2900 0.9570 -0.0012
vn 0.0968 0.9795 -0.1764
vn 0.1920 0.9654 -0.1764
vn 0.2862 0.9447 0.1601
vn 0.0970 0.9823 0.1601
vn 0.1926 0.9681 0.1601
vn 0.3767 0.9094 -0.1764
vn 0.0000 0.9843 -0.1764
vn 0.0983 0.9951 -0.0012
vn 0.0000 0.9871 0.1601
vn 0.0000 0.9168 0.3992
vn 0.0902 0.9124 0.3992
vn 0.1789 0.8992 0.3992
vn 0.2658 0.8774 0.3992
vn 0.3508 0.8470 0.3992
vn 0.3777 0.9120 0.1601
vn 0.3827 0.9239 -0.0012
vn -0.9795 -0.0968 -0.1764
vn -0.9808 -0.1951 -0.0012
vn -0.9951 -0.0983 -0.0012
vn -0.9420 -0.2854 -0.1764
vn -0.9654 -0.1920 -0.1764
vn -0.9823 -0.0970 0.1601
vn -0.9447 -0.2862 0.1601
vn -0.9681 -0.1926 0.1601
vn -0.9843 0.0000 -0.1764
vn -0.8096 -0.3353 -0.4817
vn -0.9094 -0.3767 -0.1764
vn -0.9570 -0.2900 -0.0012
vn -0.9120 -0.3777 0.1601
vn -0.8470 -0.3508 0.3992
vn -0.8774 -0.2658 0.3992
vn -0.8992 -0.1789 0.3992
vn -0.9124 -0.0902 0.3992
vn -0.9168 0.0000 0.3992
vn -0.9871 0.0000 0.1601
vn -1.0000 0.0000 -0.0012
vn -0.0968 0.9795 -0.1764
vn -0.1951 0.9808 -0.0012
vn -0.0983 0.9951 -0.0012
vn -0.2854 0.9420 -0.1764
vn -0.1920 0.9654 -0.1764
vn -0.0970 0.9823 0.1601
vn -0.2862 0.9447 0.1601
vn -0.1926 0.9681 0.1601
vn -0.3767 0.9094 -0.1764
vn -0.2900 0.9570 -0.0012
vn -0.3777 0.9120 0.1601
vn -0.3508 0.8470 0.3992
vn -0.2658 0.8774 0.3992
vn -0.1789 0.8992 0.3992
vn -0.0902 0.9124 0.3992
vn 0.0000 1.0000 -0.0012
vn 0.9795 0.0968 -0.1764
vn 0.9808 0.1951 -0.0012
vn 0.9951 0.0983 -0.0012
vn 0.9420 0.2854 -0.1764
vn 0.9654 0.1920 -0.1764
vn 0.9823 0.0970 0.1601
vn 0.9447 0.2862 0.1601
vn 0.9681 0.1926 0.1601
vn 0.8720 0.0862 -0.4818
vn 0.8386 0.2541 -0.4818
vn 0.8594 0.1709 -0.4818
vn 0.8096 0.3353 -0.4818
vn 0.9094 0.3767 -0.1764
vn 0.9570 0.2900 -0.0012
vn 0.9120 0.3777 0.1601
vn 0.8470 0.3508 0.3992
vn 0.8774 0.2658 0.3992
vn 0.8992 0.1789 0.3992
vn 0.9124 0.0902 0.3992
vn 1.0000 0.0000 -0.0012
vn -0.8679 -0.4643 -0.1764
vn -0.8314 -0.5556 -0.0012
vn -0.8817 -0.4717 -0.0012
vn -0.7611 -0.6242 -0.1764
vn -0.8184 -0.5468 -0.1764
vn -0.8704 -0.4656 0.1601
vn -0.7632 -0.6259 0.1601
vn -0.8207 -0.5484 0.1601
vn -0.7727 -0.4133 -0.4818
vn -0.6775 -0.5557 -0.4818
vn -0.7286 -0.4868 -0.4818
vn -0.6196 -0.6196 -0.4817
vn -0.6960 -0.6960 -0.1764
vn -0.7732 -0.6341 -0.0012
vn -0.6980 -0.6980 0.1601
vn -0.6483 -0.6483 0.3992
vn -0.7089 -0.5814 0.3992
vn -0.7623 -0.5094 0.3992
vn -0.8084 -0.4324 0.3992
vn -0.9239 -0.3827 -0.0012
vn 0.8679 0.4643 -0.1764
vn 0.8314 0.5556 -0.0012
vn 0.8817 0.4717 -0.0012
vn 0.7611 0.6242 -0.1764
vn 0.8184 0.5468 -0.1764
vn 0.8704 0.4656 0.1601
vn 0.7632 0.6260 0.1601
vn 0.8207 0.5484 0.1601
vn 0.7727 0.4133 -0.4818
vn 0.6775 0.5557 -0.4818
vn 0.7286 0.4868 -0.4818
vn 0.6196 0.6196 -0.4818
vn 0.6960 0.6960 -0.1764
vn 0.7732 0.6341 -0.0012
vn 0.6980 0.6980 0.1601
vn 0.6483 0.6483 0.3992
vn 0.7089 0.5814 0.3992
vn 0.7623 0.5094 0.3992
vn 0.8084 0.4324 0.3992
vn 0.9239 0.3827 -0.0012
vn -0.6242 -0.7611 -0.1764
vn -0.5556 -0.8314 -0.0012
vn -0.6341 -0.7732 -0.0012
vn -0.4643 -0.8679 -0.1764
vn -0.5468 -0.8184 -0.1764
vn -0.6259 -0.7632 0.1601
vn -0.4656 -0.8704 0.1601
vn -0.5484 -0.8207 0.1601
vn -0.5557 -0.6775 -0.4818
vn -0.4133 -0.7727 -0.4818
vn -0.4868 -0.7286 -0.4818
vn -0.3353 -0.8096 -0.4817
vn -0.3767 -0.9094 -0.1764
vn -0.4717 -0.8817 -0.0012
vn -0.3777 -0.9120 0.1601
vn -0.7071 -0.7071 -0.0012
vn 0.6242 0.7611 -0.1764
vn 0.5556 0.8314 -0.0012
vn 0.6341 0.7732 -0.0012
vn 0.4643 0.8679 -0.1764
vn 0.5468 0.8184 -0.1764
vn 0.6260 0.7632 0.1601
vn 0.4656 0.8704 0.1601
vn 0.5484 0.8207 0.1601
vn 0.5557 0.6775 -0.4818
vn 0.4133 0.7727 -0.4818
vn 0.4868 0.7286 -0.4818
vn 0.4717 0.8817 -0.0012
vn 0.4324 0.8084 0.3992
vn 0.5094 0.7623 0.3992
vn 0.5814 0.7089 0.3992
vn 0.7071 0.7071 -0.0012
vn -0.2854 -0.9420 -0.1764
vn -0.1951 -0.9808 -0.0012
vn -0.2900 -0.9570 -0.0012
vn -0.0968 -0.9795 -0.1764
vn -0.1920 -0.9654 -0.1764
vn -0.2862 -0.9447 0.1601
vn -0.0970 -0.9823 0.1601
vn -0.1926 -0.9681 0.1601
vn -0.2541 -0.8386 -0.4818
vn -0.0862 -0.8720 -0.4818
vn -0.1709 -0.8594 -0.4818
vn 0.0000 -0.9843 -0.1764
vn -0.0983 -0.9951 -0.0012
vn 0.0000 -0.9871 0.1601
vn -0.3827 -0.9239 -0.0012
vn 0.0968 -0.9795 -0.1764
vn 0.1951 -0.9808 -0.0012
vn 0.0983 -0.9951 -0.0012
vn 0.2854 -0.9420 -0.1764
vn 0.1920 -0.9654 -0.1764
vn 0.0970 -0.9823 0.1601
vn 0.2862 -0.9447 0.1601
vn 0.1926 -0.9681 0.1601
vn 0.3767 -0.9094 -0.1764
vn 0.2900 -0.9570 -0.0012
vn 0.3777 -0.9120 0.1601
vn 0.0000 -1.0000 -0.0012
vn -0.4643 0.8679 -0.1764
vn -0.5556 0.8314 -0.0012
vn -0.4717 0.8817 -0.0012
vn -0.6242 0.7611 -0.1764
vn -0.5468 0.8184 -0.1764
vn -0.4656 0.8704 0.1601
vn -0.6260 0.7632 0.1601
vn -0.5484 0.8207 0.1601
vn -0.6960 0.6960 -0.1764
vn -0.6341 0.7732 -0.0012
vn -0.6980 0.6980 0.1601
vn -0.6483 0.6483 0.3992
vn -0.5814 0.7089 0.3992
vn -0.5094 0.7623 0.3992
vn -0.4324 0.8084 0.3992
vn -0.3827 0.9239 -0.0012
vn 0.4643 -0.8679 -0.1764
vn 0.5556 -0.8314 -0.0012
vn 0.4717 -0.8817 -0.0012
vn 0.6242 -0.7611 -0.1764
vn 0.5468 -0.8184 -0.1764
vn 0.4656 -0.8704 0.1601
vn 0.6259 -0.7632 0.1601
vn 0.5484 -0.8207 0.1601
vn 0.6960 -0.6960 -0.1764
vn 0.6341 -0.7732 -0.0012
vn 0.6980 -0.6980 0.1601
vn 0.3827 -0.9239 -0.0012
vn -0.7611 0.6242 -0.1764
vn -0.8314 0.5556 -0.0012
vn -0.7732 0.6341 -0.0012
vn -0.8679 0.4643 -0.1764
vn -0.8184 0.5469 -0.1764
vn -0.7632 0.6260 0.1601
vn -0.8704 0.4656 0.1601
vn -0.8207 0.5484 0.1601
vn -0.9094 0.3767 -0.1764
vn -0.8817 0.4717 -0.0012
vn -0.9120 0.3777 0.1601
vn -0.8470 0.3508 0.3992
vn -0.8084 0.4324 0.3992
vn -0.7623 0.5094 0.3992
vn -0.7089 0.5814 0.3992
vn -0.7071 0.7071 -0.0012
vn 0.7611 -0.6242 -0.1764
vn 0.8314 -0.5556 -0.0012
vn 0.7732 -0.6341 -0.0012
vn 0.8679 -0.4643 -0.1764
vn 0.8184 -0.5468 -0.1764
vn 0.7632 -0.6260 0.1601
vn 0.8704 -0.4656 0.1601
vn 0.8207 -0.5484 0.1601
vn 0.8817 -0.4717 -0.0012
vn 0.7071 -0.7071 -0.0012
vn -0.9420 0.2854 -0.1764
vn -0.9808 0.1951 -0.0012
vn -0.9570 0.2900 -0.0012
vn -0.9795 0.0968 -0.1764
vn -0.9654 0.1920 -0.1764
vn -0.9447 0.2862 0.1601
vn -0.9823 0.0970 0.1601
vn -0.9681 0.1926 0.1601
vn -0.9951 0.0983 -0.0012
vn -0.9124 0.0902 0.3992
vn -0.8992 0.1789 0.3992
vn -0.8774 0.2658 0.3992
vn -0.9239 0.3827 -0.0012
vn 0.1268 0.0384 0.9912
vn 0.3845 0.0765 0.9199
vn 0.3752 0.1137 0.9199
vn 0.1319 0.0130 0.9911
vn 0.1299 0.0258 0.9912
vn 0.6958 0.1384 0.7047
vn 0.6789 0.2057 0.7047
vn 0.3902 0.0385 0.9199
vn -0.1548 -0.0641 0.9858
vn 0.1224 0.0507 0.9911
vn -0.1604 -0.0486 0.9858
vn -0.1668 -0.0164 0.9858
vn -0.1644 -0.0327 0.9858
vn 0.7060 0.0698 0.7047
vn 0.6554 0.2715 0.7047
vn 0.3623 0.1500 0.9199
vn 0.0130 0.1319 0.9912
vn 0.0765 0.3845 0.9199
vn 0.0385 0.3902 0.9199
vn 0.0384 0.1268 0.9912
vn 0.0258 0.1299 0.9912
vn 0.1384 0.6958 0.7047
vn 0.0698 0.7060 0.7047
vn 0.1137 0.3753 0.9199
vn 0.0000 -0.1675 0.9858
vn 0.0000 0.1325 0.9911
vn -0.0165 -0.1668 0.9858
vn -0.0486 -0.1604 0.9858
vn -0.0327 -0.1644 0.9858
vn -0.0641 -0.1548 0.9858
vn 0.0507 0.1224 0.9911
vn 0.1501 0.3623 0.9199
vn 0.2057 0.6789 0.7047
vn 0.2715 0.6554 0.7047
vn 0.0000 0.7095 0.7047
vn 0.0000 0.3921 0.9199
vn -0.0287 -0.0946 -0.9951
vn -0.0327 -0.1642 -0.9859
vn -0.0485 -0.1602 -0.9859
vn -0.0097 -0.0984 -0.9951
vn -0.0193 -0.0970 -0.9951
vn -0.1057 -0.5317 -0.8403
vn -0.1572 -0.5188 -0.8403
vn -0.0164 -0.1666 -0.9859
vn -0.0378 -0.0913 -0.9951
vn -0.0533 -0.5395 -0.8403
vn -0.2075 -0.5009 -0.8402
vn -0.0641 -0.1547 -0.9859
vn 0.1025 0.0840 0.9912
vn 0.3260 0.2178 0.9199
vn 0.3032 0.2486 0.9199
vn 0.1169 0.0625 0.9911
vn 0.1102 0.0736 0.9912
vn 0.5899 0.3941 0.7047
vn 0.5485 0.4499 0.7047
vn 0.3457 0.1849 0.9199
vn -0.1184 -0.1184 0.9858
vn 0.0937 0.0937 0.9911
vn -0.1296 -0.1063 0.9858
vn -0.1478 -0.0790 0.9858
vn -0.1394 -0.0931 0.9858
vn 0.6256 0.3346 0.7047
vn 0.5017 0.5017 0.7047
vn 0.2773 0.2773 0.9199
vn -0.0384 0.1268 0.9912
vn -0.0765 0.3845 0.9199
vn -0.1137 0.3753 0.9199
vn -0.0130 0.1319 0.9911
vn -0.0258 0.1299 0.9912
vn -0.1384 0.6958 0.7047
vn -0.2057 0.6789 0.7047
vn -0.0385 0.3902 0.9199
vn 0.0641 -0.1548 0.9858
vn -0.0507 0.1224 0.9911
vn 0.0486 -0.1604 0.9858
vn 0.0164 -0.1668 0.9858
vn 0.0327 -0.1644 0.9858
vn -0.0698 0.7060 0.7047
vn -0.2715 0.6554 0.7047
vn -0.1501 0.3623 0.9199
vn 0.0627 0.0764 -0.9951
vn 0.0930 0.1392 -0.9859
vn 0.1061 0.1294 -0.9859
vn 0.0466 0.0871 -0.9951
vn 0.0549 0.0822 -0.9951
vn 0.3012 0.4508 -0.8403
vn 0.3438 0.4192 -0.8403
vn 0.0790 0.1476 -0.9859
vn 0.0699 0.0699 -0.9951
vn 0.2557 0.4780 -0.8403
vn 0.3834 0.3833 -0.8403
vn 0.1184 0.1184 -0.9859
vn 0.0625 0.1168 0.9912
vn 0.2178 0.3260 0.9199
vn 0.1849 0.3457 0.9199
vn 0.0840 0.1025 0.9912
vn 0.0736 0.1102 0.9912
vn 0.3941 0.5899 0.7047
vn 0.3346 0.6256 0.7047
vn 0.2486 0.3032 0.9199
vn -0.0790 -0.1478 0.9858
vn -0.1063 -0.1296 0.9858
vn -0.0931 -0.1394 0.9858
vn 0.4499 0.5485 0.7047
vn -0.0840 0.1025 0.9912
vn -0.2178 0.3260 0.9199
vn -0.2486 0.3032 0.9199
vn -0.0625 0.1168 0.9911
vn -0.0736 0.1102 0.9912
vn -0.3941 0.5899 0.7047
vn -0.4499 0.5485 0.7047
vn -0.1849 0.3457 0.9199
vn 0.1184 -0.1184 0.9858
vn -0.0937 0.0937 0.9911
vn 0.1063 -0.1296 0.9858
vn 0.0790 -0.1478 0.9858
vn 0.0931 -0.1394 0.9858
vn -0.3346 0.6256 0.7047
vn -0.5017 0.5017 0.7047
vn -0.2773 0.2773 0.9199
vn -0.0627 -0.0764 -0.9951
vn -0.0930 -0.1392 -0.9859
vn -0.1061 -0.1294 -0.9859
vn -0.0466 -0.0871 -0.9951
vn -0.0549 -0.0822 -0.9951
vn -0.3012 -0.4507 -0.8403
vn -0.3438 -0.4192 -0.8403
vn -0.0790 -0.1476 -0.9859
vn -0.0699 -0.0699 -0.9951
vn -0.2557 -0.4780 -0.8403
vn -0.3834 -0.3834 -0.8402
vn -0.1184 -0.1184 -0.9859
vn -0.1168 0.0625 0.9912
vn -0.3260 0.2178 0.9199
vn -0.3457 0.1849 0.9199
vn -0.1025 0.0840 0.9911
vn -0.1102 0.0736 0.9912
vn -0.5899 0.3941 0.7047
vn -0.6256 0.3346 0.7047
vn -0.3032 0.2486 0.9199
vn 0.1548 -0.0641 0.9858
vn -0.1224 0.0507 0.9911
vn 0.1478 -0.0790 0.9858
vn 0.1296 -0.1063 0.9858
vn 0.1394 -0.0931 0.9858
vn -0.5485 0.4499 0.7047
vn -0.6554 0.2715 0.7047
vn -0.3623 0.1500 0.9199
vn 0.0872 0.0466 -0.9951
vn 0.1392 0.0930 -0.9859
vn 0.1476 0.0790 -0.9859
vn 0.0764 0.0627 -0.9951
vn 0.0822 0.0549 -0.9951
vn 0.4508 0.3012 -0.8403
vn 0.4780 0.2557 -0.8403
vn 0.1294 0.1061 -0.9859
vn 0.0913 0.0378 -0.9951
vn 0.4192 0.3438 -0.8403
vn 0.5009 0.2075 -0.8402
vn 0.1547 0.0641 -0.9859
vn -0.1319 0.0130 0.9912
vn -0.3845 0.0765 0.9199
vn -0.3902 0.0385 0.9199
vn -0.1268 0.0384 0.9912
vn -0.1299 0.0258 0.9912
vn -0.6958 0.1384 0.7047
vn -0.7060 0.0698 0.7047
vn -0.3753 0.1137 0.9199
vn 0.1675 0.0000 0.9858
vn -0.1325 0.0000 0.9911
vn 0.1668 -0.0164 0.9858
vn 0.1604 -0.0486 0.9858
vn 0.1644 -0.0327 0.9858
vn -0.6789 0.2057 0.7047
vn -0.7095 0.0000 0.7047
vn -0.3921 0.0000 0.9199
vn -0.0872 -0.0466 -0.9951
vn -0.1392 -0.0930 -0.9859
vn -0.1476 -0.0790 -0.9859
vn -0.0764 -0.0627 -0.9951
vn -0.0822 -0.0549 -0.9951
vn -0.4507 -0.3012 -0.8403
vn -0.4780 -0.2557 -0.8403
vn -0.1294 -0.1061 -0.9859
vn -0.4192 -0.3438 -0.8403
vn -0.1268 -0.0384 0.9912
vn -0.3845 -0.0765 0.9199
vn -0.3753 -0.1137 0.9199
vn -0.1319 -0.0130 0.9911
vn -0.1299 -0.0258 0.9912
vn -0.6958 -0.1384 0.7047
vn -0.6789 -0.2057 0.7047
vn -0.3902 -0.0385 0.9199
vn 0.1548 0.0641 0.9858
vn -0.1224 -0.0507 0.9911
vn 0.1604 0.0486 0.9858
vn 0.1668 0.0164 0.9858
vn 0.1644 0.0327 0.9858
vn -0.7060 -0.0698 0.7047
vn -0.6554 -0.2715 0.7047
vn -0.3623 -0.1500 0.9199
vn 0.0984 0.0097 -0.9951
vn 0.1642 0.0327 -0.9859
vn 0.1666 0.0164 -0.9859
vn 0.0946 0.0287 -0.9951
vn 0.0969 0.0193 -0.9951
vn 0.5317 0.1057 -0.8403
vn 0.5395 0.0533 -0.8403
vn 0.1602 0.0485 -0.9859
vn 0.5188 0.1572 -0.8403
vn -0.1025 -0.0840 0.9911
vn -0.3260 -0.2178 0.9199
vn -0.3032 -0.2486 0.9199
vn -0.1169 -0.0625 0.9911
vn -0.1102 -0.0736 0.9912
vn -0.5899 -0.3941 0.7047
vn -0.5485 -0.4499 0.7047
vn -0.3457 -0.1849 0.9199
vn 0.1296 0.1063 0.9858
vn 0.1478 0.0790 0.9858
vn 0.1394 0.0931 0.9858
vn -0.6256 -0.3346 0.7047
vn 0.9793 -0.1948 0.0550
vn 0.9567 -0.2899 0.0242
vn 0.9556 -0.2895 0.0550
vn 0.9948 -0.0983 0.0242
vn 0.9805 -0.1950 0.0242
vn 0.9570 -0.2900 0.0078
vn 0.9807 -0.1951 0.0078
vn 0.9225 -0.3821 0.0550
vn 0.9936 -0.0982 0.0550
vn 0.9985 0.0000 0.0550
vn 0.9997 0.0000 0.0242
vn 0.9999 0.0000 0.0078
vn 0.9951 -0.0983 0.0078
vn 0.9238 -0.3827 0.0078
vn 0.9236 -0.3825 0.0242
vn 0.1948 0.9793 0.0550
vn 0.2899 0.9567 0.0242
vn 0.2895 0.9556 0.0550
vn 0.0983 0.9948 0.0242
vn 0.1950 0.9805 0.0242
vn 0.2900 0.9570 0.0078
vn 0.1951 0.9807 0.0078
vn 0.3821 0.9225 0.0550
vn 0.0982 0.9936 0.0550
vn 0.0000 0.9985 0.0550
vn 0.0000 0.9997 0.0242
vn 0.0000 0.9999 0.0078
vn 0.0983 0.9951 0.0078
vn 0.3826 0.9238 0.0078
vn 0.3825 0.9236 0.0242
vn -0.9793 -0.1948 0.0550
vn -0.9948 -0.0983 0.0242
vn -0.9936 -0.0982 0.0550
vn -0.9567 -0.2899 0.0242
vn -0.9805 -0.1950 0.0242
vn -0.9807 -0.1951 0.0078
vn -0.9951 -0.0983 0.0078
vn -0.9570 -0.2900 0.0078
vn -0.9985 0.0000 0.0550
vn -0.9556 -0.2895 0.0550
vn -0.9225 -0.3821 0.0550
vn -0.9236 -0.3825 0.0242
vn -0.9238 -0.3827 0.0078
vn -0.9999 0.0000 0.0078
vn -0.9997 0.0000 0.0242
vn -0.1948 0.9793 0.0550
vn -0.0983 0.9948 0.0242
vn -0.0982 0.9936 0.0550
vn -0.2899 0.9567 0.0242
vn -0.1950 0.9805 0.0242
vn -0.0983 0.9951 0.0078
vn -0.2900 0.9570 0.0078
vn -0.1951 0.9807 0.0078
vn -0.2895 0.9556 0.0550
vn -0.3821 0.9225 0.0550
vn -0.3825 0.9236 0.0242
vn -0.3827 0.9238 0.0078
vn 0.9793 0.1948 0.0550
vn 0.9948 0.0983 0.0242
vn 0.9936 0.0982 0.0550
vn 0.9567 0.2899 0.0242
vn 0.9805 0.1950 0.0242
vn 0.9951 0.0983 0.0078
vn 0.9807 0.1951 0.0078
vn 0.9556 0.2895 0.0550
vn 0.9225 0.3821 0.0550
vn 0.9236 0.3825 0.0242
vn 0.9238 0.3827 0.0078
vn 0.9570 0.2900 0.0078
vn -0.8302 -0.5547 0.0550
vn -0.8815 -0.4715 0.0242
vn -0.8804 -0.4710 0.0550
vn -0.7730 -0.6339 0.0242
vn -0.8312 -0.5554 0.0242
vn -0.8817 -0.4717 0.0078
vn -0.7732 -0.6341 0.0078
vn -0.8314 -0.5555 0.0078
vn -0.7720 -0.6332 0.0550
vn -0.7060 -0.7060 0.0550
vn -0.7069 -0.7069 0.0242
vn -0.7071 -0.7071 0.0078
vn 0.8302 0.5547 0.0550
vn 0.8815 0.4715 0.0242
vn 0.8804 0.4710 0.0550
vn 0.7730 0.6339 0.0242
vn 0.8312 0.5554 0.0242
vn 0.8817 0.4717 0.0078
vn 0.8314 0.5555 0.0078
vn 0.7720 0.6332 0.0550
vn 0.7060 0.7060 0.0550
vn 0.7069 0.7069 0.0242
vn 0.7071 0.7071 0.0078
vn 0.7732 0.6341 0.0078
vn -0.5547 -0.8302 0.0550
vn -0.6339 -0.7730 0.0242
vn -0.6332 -0.7720 0.0550
vn -0.4715 -0.8815 0.0242
vn -0.5554 -0.8312 0.0242
vn -0.6341 -0.7732 0.0078
vn -0.4717 -0.8817 0.0078
vn -0.5555 -0.8314 0.0078
vn -0.4710 -0.8804 0.0550
vn -0.3821 -0.9225 0.0550
vn -0.3825 -0.9236 0.0242
vn -0.3826 -0.9238 0.0078
vn 0.5547 0.8302 0.0550
vn 0.6339 0.7730 0.0242
vn 0.6332 0.7720 0.0550
vn 0.4715 0.8815 0.0242
vn 0.5554 0.8312 0.0242
vn 0.6341 0.7732 0.0078
vn 0.5555 0.8314 0.0078
vn 0.4710 0.8804 0.0550
vn 0.4717 0.8817 0.0078
vn -0.1948 -0.9793 0.0550
vn -0.2899 -0.9567 0.0242
vn -0.2895 -0.9556 0.0550
vn -0.0983 -0.9948 0.0242
vn -0.1950 -0.9805 0.0242
vn -0.2900 -0.9570 0.0078
vn -0.0983 -0.9951 0.0078
vn -0.1951 -0.9807 0.0078
vn -0.0982 -0.9936 0.0550
vn 0.0000 -0.9985 0.0550
vn 0.0000 -0.9997 0.0242
vn 0.0000 -0.9999 0.0078
vn 0.1948 -0.9793 0.0550
vn 0.0983 -0.9948 0.0242
vn 0.0982 -0.9936 0.0550
vn 0.2899 -0.9567 0.0242
vn 0.1950 -0.9805 0.0242
vn 0.0983 -0.9951 0.0078
vn 0.1951 -0.9807 0.0078
vn 0.2895 -0.9556 0.0550
vn 0.3821 -0.9225 0.0550
vn 0.3825 -0.9236 0.0242
vn 0.3827 -0.9238 0.0078
vn 0.2900 -0.9570 0.0078
vn -0.5547 0.8302 0.0550
vn -0.4715 0.8815 0.0242
vn -0.4710 0.8804 0.0550
vn -0.6339 0.7730 0.0242
vn -0.5554 0.8312 0.0242
vn -0.4717 0.8817 0.0078
vn -0.6341 0.7732 0.0078
vn -0.5555 0.8314 0.0078
vn -0.6332 0.7720 0.0550
vn -0.7060 0.7060 0.0550
vn -0.7069 0.7069 0.0242
vn -0.7071 0.7071 0.0078
vn 0.5547 -0.8302 0.0550
vn 0.4715 -0.8815 0.0242
vn 0.4710 -0.8804 0.0550
vn 0.6339 -0.7730 0.0242
vn 0.5554 -0.8312 0.0242
vn 0.4717 -0.8817 0.0078
vn 0.5555 -0.8314 0.0078
vn 0.6332 -0.7720 0.0550
vn 0.7060 -0.7060 0.0550
vn 0.7069 -0.7069 0.0242
vn 0.7071 -0.7071 0.0078
vn 0.6341 -0.7732 0.0078
vn -0.8302 0.5547 0.0550
vn -0.7730 0.6339 0.0242
vn -0.7720 0.6332 0.0550
vn -0.8815 0.4715 0.0242
vn -0.8312 0.5554 0.0242
vn -0.7732 0.6341 0.0078
vn -0.8314 0.5555 0.0078
vn -0.8804 0.4710 0.0550
vn -0.9225 0.3821 0.0550
vn -0.9236 0.3825 0.0242
vn -0.9238 0.3827 0.0078
vn -0.8817 0.4717 0.0078
vn 0.8302 -0.5547 0.0550
vn 0.7730 -0.6339 0.0242
vn 0.7720 -0.6332 0.0550
vn 0.8815 -0.4715 0.0242
vn 0.8312 -0.5554 0.0242
vn 0.7732 -0.6341 0.0078
vn 0.8314 -0.5555 0.0078
vn 0.8804 -0.4710 0.0550
vn 0.8817 -0.4717 0.0078
vn -0.9793 0.1948 0.0550
vn -0.9567 0.2899 0.0242
vn -0.9556 0.2895 0.0550
vn -0.9948 0.0983 0.0242
vn -0.9805 0.1950 0.0242
vn -0.9807 0.1951 0.0078
vn -0.9570 0.2900 0.0078
vn -0.9936 0.0982 0.0550
vn -0.9951 0.0983 0.0078
vn -0.0784 -0.7937 0.6032
vn -0.1651 -0.8302 0.5324
vn -0.0832 -0.8423 0.5324
vn -0.2313 -0.7633 0.6032
vn -0.1556 -0.7823 0.6032
vn -0.1735 -0.8724 0.4569
vn -0.0875 -0.8852 0.4569
vn -0.2454 -0.8101 0.5324
vn 0.0000 -0.7407 0.6718
vn 0.0000 -0.7975 0.6032
vn -0.0728 -0.7371 0.6718
vn -0.2148 -0.7089 0.6718
vn -0.1445 -0.7265 0.6718
vn -0.2834 -0.6843 0.6718
vn -0.3052 -0.7368 0.6032
vn -0.3239 -0.7820 0.5325
vn -0.2579 -0.8513 0.4569
vn -0.3404 -0.8218 0.4569
vn -0.2690 -0.8879 0.3731
vn -0.1810 -0.9099 0.3731
vn -0.0912 -0.9233 0.3731
vn 0.0000 -0.8895 0.4569
vn 0.0000 -0.9278 0.3731
vn 0.0000 -0.8464 0.5325
vn -0.3549 -0.8569 -0.3739
vn -0.2689 -0.8876 -0.3739
vn -0.1809 -0.9097 -0.3738
vn -0.0912 -0.9230 -0.3738
vn 0.0000 -0.9275 -0.3739
vn -0.1305 -0.6563 -0.7431
vn -0.0640 -0.6476 -0.7592
vn -0.0658 -0.6659 -0.7431
vn -0.1887 -0.6228 -0.7592
vn -0.1270 -0.6383 -0.7592
vn -0.0662 -0.6696 -0.7398
vn -0.1951 -0.6439 -0.7398
vn -0.1313 -0.6599 -0.7398
vn -0.0708 -0.7162 -0.6943
vn 0.0000 -0.6691 -0.7431
vn 0.0000 -0.7197 -0.6943
vn -0.1404 -0.7058 -0.6943
vn -0.1940 -0.6404 -0.7431
vn -0.2087 -0.6887 -0.6943
vn -0.2561 -0.6182 -0.7431
vn -0.2490 -0.6012 -0.7592
vn -0.2575 -0.6216 -0.7398
vn -0.2836 -0.6846 -0.6715
vn -0.2149 -0.7092 -0.6714
vn -0.1446 -0.7268 -0.6714
vn -0.0728 -0.7374 -0.6714
vn 0.0000 -0.7410 -0.6715
vn 0.0000 -0.6728 -0.7398
vn 0.0000 -0.6508 -0.7592
vn -0.0569 -0.5756 0.8157
vn -0.1219 -0.6128 0.7807
vn -0.0614 -0.6218 0.7807
vn -0.1677 -0.5536 0.8157
vn -0.1128 -0.5673 0.8157
vn -0.1327 -0.6672 0.7329
vn -0.0669 -0.6770 0.7329
vn -0.1812 -0.5980 0.7807
vn 0.0000 -0.5318 0.8469
vn 0.0000 -0.5784 0.8157
vn -0.0525 -0.5279 0.8476
vn -0.1535 -0.5079 0.8476
vn -0.1032 -0.5192 0.8484
vn -0.2035 -0.4913 0.8469
vn -0.2214 -0.5344 0.8157
vn -0.2391 -0.5773 0.7807
vn -0.1972 -0.6511 0.7329
vn -0.2603 -0.6285 0.7329
vn 0.0000 -0.6803 0.7329
vn 0.0000 -0.6248 0.7807
vn -0.3550 -0.8571 0.3731
vn -0.1730 -0.8700 -0.4617
vn -0.0824 -0.8343 -0.5450
vn -0.0872 -0.8827 -0.4617
vn -0.2431 -0.8024 -0.5450
vn -0.1635 -0.8223 -0.5450
vn -0.0768 -0.7779 -0.6236
vn -0.2267 -0.7481 -0.6236
vn -0.1525 -0.7667 -0.6236
vn 0.0000 -0.8870 -0.4617
vn -0.2572 -0.8489 -0.4617
vn -0.3394 -0.8195 -0.4617
vn -0.3208 -0.7746 -0.5451
vn -0.2991 -0.7222 -0.6236
vn -0.2754 -0.6649 -0.6943
vn 0.0000 -0.7817 -0.6236
vn 0.0000 -0.8384 -0.5451
vn -0.9320 -0.0921 -0.3504
vn -0.8296 -0.1650 -0.5334
vn -0.8417 -0.0832 -0.5334
vn -0.9763 -0.0965 -0.1936
vn -0.9186 -0.1827 -0.3504
vn -0.8963 -0.2716 -0.3504
vn -0.8095 -0.2452 -0.5334
vn -0.9389 -0.2845 -0.1936
vn -0.8458 0.0000 -0.5334
vn -0.7374 -0.0728 -0.6714
vn -0.7410 0.0000 -0.6715
vn -0.9366 0.0000 -0.3504
vn -0.9810 0.0000 -0.1936
vn -0.9955 0.0000 -0.0952
vn -0.9906 -0.0979 -0.0952
vn -0.9622 -0.1914 -0.1936
vn -0.9527 -0.2886 -0.0952
vn -0.9197 -0.3809 -0.0952
vn -0.9064 -0.3754 -0.1936
vn -0.8653 -0.3584 -0.3504
vn -0.7814 -0.3237 -0.5334
vn -0.7092 -0.2149 -0.6714
vn -0.6846 -0.2836 -0.6715
vn -0.7268 -0.1446 -0.6714
vn -0.3717 -0.5564 -0.7431
vn -0.3070 -0.5738 -0.7592
vn -0.3156 -0.5900 -0.7431
vn -0.4127 -0.5032 -0.7592
vn -0.3616 -0.5411 -0.7592
vn -0.3174 -0.5933 -0.7398
vn -0.4267 -0.5202 -0.7398
vn -0.3738 -0.5594 -0.7398
vn -0.3395 -0.6346 -0.6943
vn -0.3998 -0.5984 -0.6943
vn -0.4243 -0.5174 -0.7431
vn -0.4564 -0.5564 -0.6943
vn -0.4732 -0.4732 -0.7431
vn -0.4602 -0.4602 -0.7592
vn -0.4758 -0.4758 -0.7398
vn -0.5240 -0.5240 -0.6715
vn -0.4699 -0.5730 -0.6714
vn -0.4117 -0.6162 -0.6714
vn -0.3495 -0.6534 -0.6714
vn -0.2728 -0.5101 0.8157
vn -0.3471 -0.5195 0.7807
vn -0.2947 -0.5510 0.7807
vn -0.3668 -0.4473 0.8157
vn -0.3214 -0.4810 0.8157
vn -0.3779 -0.5656 0.7329
vn -0.3209 -0.5998 0.7329
vn -0.3962 -0.4831 0.7807
vn -0.2506 -0.4676 0.8476
vn -0.3362 -0.4104 0.8476
vn -0.2941 -0.4401 0.8484
vn -0.3760 -0.3760 0.8469
vn -0.4090 -0.4090 0.8157
vn -0.4418 -0.4418 0.7807
vn -0.4314 -0.5260 0.7329
vn -0.4810 -0.4810 0.7329
vn -0.4697 -0.5727 0.6718
vn -0.4115 -0.6159 0.6718
vn -0.3494 -0.6531 0.6718
vn -0.4376 -0.8181 0.3731
vn -0.5883 -0.7174 0.3731
vn -0.5154 -0.7714 0.3731
vn -0.6560 -0.6560 0.3731
vn -0.4928 -0.7375 -0.4617
vn -0.3955 -0.7392 -0.5450
vn -0.4184 -0.7821 -0.4617
vn -0.5317 -0.6482 -0.5450
vn -0.4658 -0.6971 -0.5450
vn -0.3687 -0.6893 -0.6236
vn -0.4957 -0.6044 -0.6236
vn -0.4343 -0.6500 -0.6236
vn -0.4375 -0.8178 -0.3739
vn -0.5153 -0.7712 -0.3738
vn -0.5625 -0.6858 -0.4617
vn -0.5882 -0.7171 -0.3739
vn -0.6272 -0.6272 -0.4617
vn -0.5928 -0.5928 -0.5451
vn -0.5527 -0.5527 -0.6236
vn -0.5089 -0.5089 -0.6943
vn 0.2716 0.8963 -0.3504
vn 0.1650 0.8296 -0.5334
vn 0.2452 0.8095 -0.5334
vn 0.2845 0.9389 -0.1936
vn 0.1827 0.9186 -0.3504
vn 0.0921 0.9320 -0.3504
vn 0.0832 0.8417 -0.5334
vn 0.0965 0.9763 -0.1936
vn 0.3237 0.7814 -0.5334
vn 0.2149 0.7092 -0.6714
vn 0.2836 0.6846 -0.6715
vn 0.3584 0.8653 -0.3504
vn 0.3754 0.9064 -0.1936
vn 0.3809 0.9197 -0.0952
vn 0.2886 0.9527 -0.0952
vn 0.1914 0.9622 -0.1936
vn 0.0979 0.9906 -0.0952
vn 0.0000 0.9955 -0.0952
vn 0.0000 0.9810 -0.1936
vn 0.0000 0.9366 -0.3504
vn 0.0000 0.8458 -0.5334
vn 0.0728 0.7374 -0.6714
vn 0.0000 0.7410 -0.6715
vn 0.1446 0.7268 -0.6714
vn -0.3762 -0.7033 0.6032
vn -0.4703 -0.7038 0.5324
vn -0.3992 -0.7464 0.5324
vn -0.5058 -0.6167 0.6032
vn -0.4431 -0.6631 0.6032
vn -0.4942 -0.7396 0.4569
vn -0.4195 -0.7843 0.4569
vn -0.5368 -0.6545 0.5324
vn -0.5237 -0.5237 0.6718
vn -0.5640 -0.5640 0.6032
vn -0.5985 -0.5985 0.5325
vn -0.5640 -0.6878 0.4569
vn -0.6290 -0.6290 0.4569
vn -0.6558 -0.6558 -0.3739
vn -0.4473 -0.3668 0.8157
vn -0.5195 -0.3471 0.7807
vn -0.4831 -0.3962 0.7807
vn -0.5101 -0.2728 0.8157
vn -0.4810 -0.3214 0.8157
vn -0.5656 -0.3779 0.7329
vn -0.5260 -0.4314 0.7329
vn -0.5510 -0.2947 0.7807
vn -0.4104 -0.3362 0.8476
vn -0.4676 -0.2506 0.8476
vn -0.4401 -0.2941 0.8484
vn -0.4913 -0.2035 0.8469
vn -0.5344 -0.2214 0.8157
vn -0.5773 -0.2391 0.7807
vn -0.5998 -0.3209 0.7329
vn -0.6285 -0.2603 0.7329
vn -0.6531 -0.3494 0.6718
vn -0.6159 -0.4115 0.6718
vn -0.5727 -0.4697 0.6718
vn -0.7174 -0.5883 0.3731
vn -0.8181 -0.4376 0.3731
vn -0.7714 -0.5154 0.3731
vn -0.8571 -0.3550 0.3731
vn -0.7375 -0.4928 -0.4617
vn -0.6482 -0.5317 -0.5450
vn -0.6858 -0.5625 -0.4617
vn -0.7392 -0.3954 -0.5450
vn -0.6971 -0.4658 -0.5450
vn -0.6044 -0.4957 -0.6236
vn -0.6893 -0.3687 -0.6236
vn -0.6500 -0.4343 -0.6236
vn -0.7171 -0.5882 -0.3739
vn -0.7712 -0.5153 -0.3738
vn -0.7821 -0.4184 -0.4617
vn -0.8178 -0.4375 -0.3739
vn -0.8195 -0.3394 -0.4617
vn -0.7746 -0.3208 -0.5451
vn -0.7222 -0.2991 -0.6236
vn -0.6649 -0.2754 -0.6943
vn -0.6346 -0.3395 -0.6943
vn -0.5984 -0.3998 -0.6943
vn -0.5564 -0.4564 -0.6943
vn 0.8258 0.4418 -0.3504
vn 0.7033 0.4699 -0.5334
vn 0.7458 0.3990 -0.5334
vn 0.8650 0.4628 -0.1936
vn 0.7787 0.5203 -0.3504
vn 0.7242 0.5939 -0.3504
vn 0.6540 0.5364 -0.5334
vn 0.7586 0.6221 -0.1936
vn 0.7814 0.3237 -0.5334
vn 0.6534 0.3495 -0.6714
vn 0.6846 0.2836 -0.6715
vn 0.8653 0.3584 -0.3504
vn 0.9064 0.3754 -0.1936
vn 0.9197 0.3809 -0.0952
vn 0.8777 0.4695 -0.0952
vn 0.8157 0.5450 -0.1936
vn 0.7697 0.6312 -0.0952
vn 0.7039 0.7039 -0.0952
vn 0.6937 0.6937 -0.1936
vn 0.6623 0.6623 -0.3504
vn 0.5981 0.5981 -0.5334
vn 0.5730 0.4699 -0.6714
vn 0.5240 0.5240 -0.6715
vn 0.6162 0.4117 -0.6714
vn -0.6167 -0.5058 0.6032
vn -0.7038 -0.4703 0.5324
vn -0.6545 -0.5368 0.5324
vn -0.7033 -0.3762 0.6032
vn -0.6631 -0.4431 0.6032
vn -0.7396 -0.4942 0.4569
vn -0.6878 -0.5640 0.4569
vn -0.7464 -0.3992 0.5324
vn -0.6843 -0.2834 0.6718
vn -0.7368 -0.3052 0.6032
vn -0.7820 -0.3239 0.5325
vn -0.7843 -0.4195 0.4569
vn -0.8218 -0.3404 0.4569
vn -0.8569 -0.3549 -0.3739
vn -0.5564 -0.3717 -0.7431
vn -0.5032 -0.4127 -0.7592
vn -0.5174 -0.4243 -0.7431
vn -0.5738 -0.3070 -0.7592
vn -0.5411 -0.3616 -0.7592
vn -0.5202 -0.4267 -0.7398
vn -0.5933 -0.3174 -0.7398
vn -0.5594 -0.3738 -0.7398
vn -0.5900 -0.3156 -0.7431
vn -0.6182 -0.2561 -0.7431
vn -0.6012 -0.2490 -0.7592
vn -0.6216 -0.2575 -0.7398
vn -0.6534 -0.3495 -0.6714
vn -0.6162 -0.4117 -0.6714
vn -0.5730 -0.4699 -0.6714
vn -0.7242 0.5939 -0.3504
vn -0.7033 0.4699 -0.5334
vn -0.6540 0.5364 -0.5334
vn -0.7586 0.6221 -0.1936
vn -0.7787 0.5203 -0.3504
vn -0.8258 0.4418 -0.3504
vn -0.7458 0.3990 -0.5334
vn -0.8650 0.4628 -0.1936
vn -0.5981 0.5981 -0.5334
vn -0.5730 0.4699 -0.6714
vn -0.5240 0.5240 -0.6715
vn -0.6623 0.6623 -0.3504
vn -0.6937 0.6937 -0.1936
vn -0.7039 0.7039 -0.0952
vn -0.7697 0.6312 -0.0952
vn -0.8157 0.5450 -0.1936
vn -0.8777 0.4695 -0.0952
vn -0.9197 0.3809 -0.0952
vn -0.9064 0.3754 -0.1936
vn -0.8653 0.3584 -0.3504
vn -0.7814 0.3237 -0.5334
vn -0.6534 0.3495 -0.6714
vn -0.6846 0.2836 -0.6715
vn -0.6162 0.4117 -0.6714
vn -0.7633 -0.2313 0.6032
vn -0.8302 -0.1651 0.5324
vn -0.8101 -0.2454 0.5324
vn -0.7937 -0.0784 0.6032
vn -0.7823 -0.1556 0.6032
vn -0.8724 -0.1735 0.4569
vn -0.8513 -0.2579 0.4569
vn -0.8423 -0.0832 0.5324
vn -0.7089 -0.2148 0.6718
vn -0.7371 -0.0728 0.6718
vn -0.7265 -0.1445 0.6718
vn -0.7407 0.0000 0.6718
vn -0.7975 0.0000 0.6032
vn -0.8464 0.0000 0.5325
vn -0.8852 -0.0875 0.4569
vn -0.8895 0.0000 0.4569
vn -0.9233 -0.0912 0.3731
vn -0.9099 -0.1810 0.3731
vn -0.8879 -0.2690 0.3731
vn -0.9275 0.0000 -0.3739
vn -0.9230 -0.0912 -0.3739
vn -0.9097 -0.1809 -0.3738
vn -0.8876 -0.2689 -0.3739
vn -0.6563 -0.1305 -0.7431
vn -0.6228 -0.1887 -0.7592
vn -0.6404 -0.1940 -0.7431
vn -0.6476 -0.0640 -0.7592
vn -0.6383 -0.1270 -0.7592
vn -0.6439 -0.1951 -0.7398
vn -0.6696 -0.0662 -0.7398
vn -0.6599 -0.1313 -0.7398
vn -0.6887 -0.2087 -0.6943
vn -0.7058 -0.1404 -0.6943
vn -0.6659 -0.0658 -0.7431
vn -0.7162 -0.0708 -0.6943
vn -0.6691 0.0000 -0.7431
vn -0.6508 0.0000 -0.7592
vn -0.6728 0.0000 -0.7398
vn -0.5536 -0.1677 0.8157
vn -0.6128 -0.1219 0.7807
vn -0.5980 -0.1812 0.7807
vn -0.5756 -0.0569 0.8157
vn -0.5673 -0.1128 0.8157
vn -0.6672 -0.1327 0.7329
vn -0.6511 -0.1972 0.7329
vn -0.6218 -0.0614 0.7807
vn -0.5079 -0.1535 0.8476
vn -0.5279 -0.0525 0.8476
vn -0.5192 -0.1032 0.8484
vn -0.5318 0.0000 0.8469
vn -0.5784 0.0000 0.8157
vn -0.6248 0.0000 0.7807
vn -0.6770 -0.0669 0.7329
vn -0.6803 0.0000 0.7329
vn -0.9278 0.0000 0.3731
vn -0.8700 -0.1730 -0.4617
vn -0.8024 -0.2431 -0.5450
vn -0.8489 -0.2572 -0.4617
vn -0.8343 -0.0824 -0.5450
vn -0.8223 -0.1635 -0.5450
vn -0.7481 -0.2267 -0.6236
vn -0.7779 -0.0768 -0.6236
vn -0.7667 -0.1525 -0.6236
vn -0.8827 -0.0872 -0.4617
vn -0.8870 0.0000 -0.4617
vn -0.8384 0.0000 -0.5451
vn -0.7817 0.0000 -0.6236
vn -0.7197 0.0000 -0.6943
vn -0.7937 0.0784 0.6032
vn -0.8302 0.1651 0.5324
vn -0.8423 0.0832 0.5324
vn -0.7633 0.2313 0.6032
vn -0.7823 0.1556 0.6032
vn -0.8724 0.1735 0.4569
vn -0.8852 0.0875 0.4569
vn -0.8101 0.2454 0.5324
vn -0.7371 0.0728 0.6718
vn -0.7089 0.2148 0.6718
vn -0.7265 0.1445 0.6718
vn -0.6843 0.2834 0.6718
vn -0.7368 0.3052 0.6032
vn -0.7820 0.3239 0.5325
vn -0.8513 0.2579 0.4569
vn -0.8218 0.3404 0.4569
vn -0.8879 0.2690 0.3731
vn -0.9099 0.1810 0.3731
vn -0.9233 0.0912 0.3731
vn -0.8569 0.3549 -0.3739
vn -0.8876 0.2689 -0.3739
vn -0.9097 0.1809 -0.3738
vn -0.9230 0.0912 -0.3739
vn -0.6563 0.1305 -0.7431
vn -0.6476 0.0640 -0.7592
vn -0.6659 0.0658 -0.7431
vn -0.6228 0.1887 -0.7592
vn -0.6383 0.1270 -0.7592
vn -0.6696 0.0662 -0.7398
vn -0.6439 0.1951 -0.7398
vn -0.6599 0.1313 -0.7398
vn -0.7162 0.0708 -0.6943
vn -0.7058 0.1404 -0.6943
vn -0.6404 0.1940 -0.7431
vn -0.6887 0.2087 -0.6943
vn -0.6182 0.2561 -0.7431
vn -0.6012 0.2490 -0.7592
vn -0.6216 0.2575 -0.7398
vn -0.7092 0.2149 -0.6714
vn -0.7268 0.1446 -0.6714
vn -0.7374 0.0728 -0.6714
vn -0.5756 0.0569 0.8157
vn -0.6128 0.1219 0.7807
vn -0.6218 0.0614 0.7807
vn -0.5536 0.1677 0.8157
vn -0.5673 0.1128 0.8157
vn -0.6672 0.1327 0.7329
vn -0.6770 0.0669 0.7329
vn -0.5980 0.1812 0.7807
vn -0.5279 0.0525 0.8476
vn -0.5079 0.1535 0.8476
vn -0.5192 0.1032 0.8484
vn -0.4913 0.2035 0.8469
vn -0.5344 0.2214 0.8157
vn -0.5773 0.2391 0.7807
vn -0.6511 0.1972 0.7329
vn -0.6285 0.2603 0.7329
vn -0.8571 0.3550 0.3731
vn -0.8700 0.1730 -0.4617
vn -0.8343 0.0824 -0.5450
vn -0.8827 0.0872 -0.4617
vn -0.8024 0.2431 -0.5450
vn -0.8223 0.1635 -0.5450
vn -0.7779 0.0768 -0.6236
vn -0.7481 0.2267 -0.6236
vn -0.7667 0.1525 -0.6236
vn -0.8489 0.2572 -0.4617
vn -0.8195 0.3394 -0.4617
vn -0.7746 0.3208 -0.5451
vn -0.7222 0.2991 -0.6236
vn -0.6649 0.2754 -0.6943
vn -0.2716 -0.8963 -0.3504
vn -0.1650 -0.8296 -0.5334
vn -0.2452 -0.8095 -0.5334
vn -0.2845 -0.9389 -0.1936
vn -0.1827 -0.9186 -0.3504
vn -0.0921 -0.9320 -0.3504
vn -0.0832 -0.8417 -0.5334
vn -0.0965 -0.9763 -0.1936
vn -0.3237 -0.7814 -0.5334
vn -0.3584 -0.8653 -0.3504
vn -0.3754 -0.9064 -0.1936
vn -0.3809 -0.9197 -0.0952
vn -0.2886 -0.9527 -0.0952
vn -0.1914 -0.9622 -0.1936
vn -0.0979 -0.9906 -0.0952
vn 0.0000 -0.9955 -0.0952
vn 0.0000 -0.9810 -0.1936
vn 0.0000 -0.9366 -0.3504
vn 0.0000 -0.8458 -0.5334
vn -0.5101 0.2728 0.8157
vn -0.5195 0.3471 0.7807
vn -0.5510 0.2947 0.7807
vn -0.4473 0.3668 0.8157
vn -0.4810 0.3214 0.8157
vn -0.5656 0.3779 0.7329
vn -0.5998 0.3209 0.7329
vn -0.4831 0.3962 0.7807
vn -0.4676 0.2506 0.8476
vn -0.4104 0.3362 0.8476
vn -0.4401 0.2941 0.8484
vn -0.3760 0.3760 0.8469
vn -0.4090 0.4090 0.8157
vn -0.4418 0.4418 0.7807
vn -0.5260 0.4314 0.7329
vn -0.4810 0.4810 0.7329
vn -0.5727 0.4697 0.6718
vn -0.6159 0.4115 0.6718
vn -0.6531 0.3494 0.6718
vn -0.8181 0.4376 0.3731
vn -0.7174 0.5883 0.3731
vn -0.7714 0.5154 0.3731
vn -0.6560 0.6560 0.3731
vn -0.7375 0.4928 -0.4617
vn -0.7392 0.3955 -0.5450
vn -0.7821 0.4184 -0.4617
vn -0.6482 0.5317 -0.5450
vn -0.6971 0.4658 -0.5450
vn -0.6893 0.3687 -0.6236
vn -0.6044 0.4957 -0.6236
vn -0.6500 0.4343 -0.6236
vn -0.8178 0.4375 -0.3739
vn -0.7712 0.5153 -0.3738
vn -0.6858 0.5625 -0.4617
vn -0.7171 0.5882 -0.3739
vn -0.6272 0.6272 -0.4617
vn -0.5928 0.5928 -0.5451
vn -0.5527 0.5527 -0.6236
vn -0.5089 0.5089 -0.6943
vn -0.5564 0.4564 -0.6943
vn -0.5984 0.3998 -0.6943
vn -0.6346 0.3395 -0.6943
vn -0.0921 0.9320 -0.3504
vn -0.1650 0.8296 -0.5334
vn -0.0832 0.8417 -0.5334
vn -0.0965 0.9763 -0.1936
vn -0.1827 0.9186 -0.3504
vn -0.2716 0.8963 -0.3504
vn -0.2452 0.8095 -0.5334
vn -0.2845 0.9389 -0.1936
vn -0.0728 0.7374 -0.6714
vn -0.0979 0.9906 -0.0952
vn -0.1914 0.9622 -0.1936
vn -0.2886 0.9527 -0.0952
vn -0.3809 0.9197 -0.0952
vn -0.3754 0.9064 -0.1936
vn -0.3584 0.8653 -0.3504
vn -0.3237 0.7814 -0.5334
vn -0.2149 0.7092 -0.6714
vn -0.2836 0.6846 -0.6715
vn -0.1446 0.7268 -0.6714
vn -0.7033 0.3762 0.6032
vn -0.7038 0.4703 0.5324
vn -0.7464 0.3992 0.5324
vn -0.6167 0.5058 0.6032
vn -0.6631 0.4431 0.6032
vn -0.7396 0.4942 0.4569
vn -0.7843 0.4195 0.4569
vn -0.6545 0.5368 0.5324
vn -0.5237 0.5237 0.6718
vn -0.5640 0.5640 0.6032
vn -0.5985 0.5985 0.5325
vn -0.6878 0.5640 0.4569
vn -0.6290 0.6290 0.4569
vn -0.6558 0.6558 -0.3739
vn -0.5564 0.3717 -0.7431
vn -0.5738 0.3070 -0.7592
vn -0.5900 0.3156 -0.7431
vn -0.5032 0.4127 -0.7592
vn -0.5411 0.3616 -0.7592
vn -0.5933 0.3174 -0.7398
vn -0.5202 0.4267 -0.7398
vn -0.5594 0.3738 -0.7398
vn -0.5174 0.4243 -0.7431
vn -0.4732 0.4732 -0.7431
vn -0.4602 0.4602 -0.7592
vn -0.4758 0.4758 -0.7398
vn -0.5883 0.7174 0.3731
vn -0.4376 0.8181 0.3731
vn -0.5154 0.7714 0.3731
vn -0.3550 0.8571 0.3731
vn -0.4928 0.7375 -0.4617
vn -0.5317 0.6482 -0.5450
vn -0.5625 0.6858 -0.4617
vn -0.3955 0.7392 -0.5450
vn -0.4658 0.6971 -0.5450
vn -0.4957 0.6044 -0.6236
vn -0.3687 0.6893 -0.6236
vn -0.4343 0.6500 -0.6236
vn -0.5882 0.7171 -0.3739
vn -0.5153 0.7712 -0.3738
vn -0.4184 0.7821 -0.4617
vn -0.4375 0.8178 -0.3739
vn -0.3394 0.8195 -0.4617
vn -0.3208 0.7746 -0.5451
vn -0.2991 0.7222 -0.6236
vn -0.2754 0.6649 -0.6943
vn -0.3395 0.6346 -0.6943
vn -0.3998 0.5984 -0.6943
vn -0.4564 0.5564 -0.6943
vn 0.5939 0.7242 -0.3504
vn 0.4699 0.7033 -0.5334
vn 0.5364 0.6540 -0.5334
vn 0.6221 0.7586 -0.1936
vn 0.5203 0.7787 -0.3504
vn 0.4418 0.8258 -0.3504
vn 0.3990 0.7458 -0.5334
vn 0.4628 0.8650 -0.1936
vn 0.4699 0.5730 -0.6714
vn 0.6312 0.7697 -0.0952
vn 0.5450 0.8157 -0.1936
vn 0.4695 0.8777 -0.0952
vn 0.3495 0.6534 -0.6714
vn 0.4117 0.6162 -0.6714
vn -0.5058 0.6167 0.6032
vn -0.4703 0.7038 0.5324
vn -0.5368 0.6545 0.5324
vn -0.3762 0.7033 0.6032
vn -0.4431 0.6631 0.6032
vn -0.4942 0.7396 0.4569
vn -0.5640 0.6878 0.4569
vn -0.3992 0.7464 0.5324
vn -0.4697 0.5727 0.6718
vn -0.3494 0.6531 0.6718
vn -0.4115 0.6159 0.6718
vn -0.2834 0.6843 0.6718
vn -0.3052 0.7368 0.6032
vn -0.3239 0.7820 0.5325
vn -0.4195 0.7843 0.4569
vn -0.3404 0.8218 0.4569
vn -0.3549 0.8569 -0.3739
vn -0.3717 0.5564 -0.7431
vn -0.4127 0.5032 -0.7592
vn -0.4243 0.5174 -0.7431
vn -0.3070 0.5738 -0.7592
vn -0.3616 0.5411 -0.7592
vn -0.4267 0.5202 -0.7398
vn -0.3174 0.5933 -0.7398
vn -0.3738 0.5594 -0.7398
vn -0.3156 0.5900 -0.7431
vn -0.2561 0.6182 -0.7431
vn -0.2490 0.6012 -0.7592
vn -0.2575 0.6216 -0.7398
vn -0.3495 0.6534 -0.6714
vn -0.4117 0.6162 -0.6714
vn -0.4699 0.5730 -0.6714
vn -0.3668 0.4473 0.8157
vn -0.3471 0.5195 0.7807
vn -0.3962 0.4831 0.7807
vn -0.2728 0.5101 0.8157
vn -0.3214 0.4810 0.8157
vn -0.3779 0.5656 0.7329
vn -0.4314 0.5260 0.7329
vn -0.2947 0.5510 0.7807
vn -0.3362 0.4104 0.8476
vn -0.2506 0.4676 0.8476
vn -0.2941 0.4401 0.8484
vn -0.2035 0.4913 0.8469
vn -0.2214 0.5344 0.8157
vn -0.2391 0.5773 0.7807
vn -0.3209 0.5998 0.7329
vn -0.2603 0.6285 0.7329
vn -0.2313 0.7633 0.6032
vn -0.1651 0.8302 0.5324
vn -0.2454 0.8101 0.5324
vn -0.0784 0.7937 0.6032
vn -0.1556 0.7823 0.6032
vn -0.1735 0.8724 0.4569
vn -0.2579 0.8513 0.4569
vn -0.0832 0.8423 0.5324
vn -0.2148 0.7089 0.6718
vn -0.0728 0.7371 0.6718
vn -0.1445 0.7265 0.6718
vn 0.0000 0.7407 0.6718
vn 0.0000 0.7975 0.6032
vn 0.0000 0.8464 0.5325
vn -0.0875 0.8852 0.4569
vn 0.0000 0.8895 0.4569
vn -0.0912 0.9233 0.3731
vn -0.1810 0.9099 0.3731
vn -0.2690 0.8879 0.3731
vn 0.0000 0.9275 -0.3739
vn -0.0912 0.9230 -0.3739
vn -0.1809 0.9097 -0.3738
vn -0.2689 0.8876 -0.3739
vn -0.1305 0.6563 -0.7431
vn -0.1887 0.6228 -0.7592
vn -0.1940 0.6404 -0.7431
vn -0.0640 0.6476 -0.7592
vn -0.1270 0.6383 -0.7592
vn -0.1951 0.6439 -0.7398
vn -0.0662 0.6696 -0.7398
vn -0.1313 0.6599 -0.7398
vn -0.2087 0.6887 -0.6943
vn -0.1404 0.7058 -0.6943
vn -0.0658 0.6659 -0.7431
vn -0.0708 0.7162 -0.6943
vn 0.0000 0.6691 -0.7431
vn 0.0000 0.6508 -0.7592
vn 0.0000 0.6728 -0.7398
vn -0.1677 0.5536 0.8157
vn -0.1219 0.6128 0.7807
vn -0.1812 0.5980 0.7807
vn -0.0569 0.5756 0.8157
vn -0.1128 0.5673 0.8157
vn -0.1327 0.6672 0.7329
vn -0.1972 0.6511 0.7329
vn -0.0614 0.6218 0.7807
vn -0.1535 0.5079 0.8476
vn -0.0525 0.5279 0.8476
vn -0.1032 0.5192 0.8484
vn 0.0000 0.5318 0.8469
vn 0.0000 0.5784 0.8157
vn 0.0000 0.6248 0.7807
vn -0.0669 0.6770 0.7329
vn 0.0000 0.6803 0.7329
vn 0.0000 0.9278 0.3731
vn -0.1730 0.8700 -0.4617
vn -0.2431 0.8024 -0.5450
vn -0.2572 0.8489 -0.4617
vn -0.0824 0.8343 -0.5450
vn -0.1635 0.8223 -0.5450
vn -0.2267 0.7481 -0.6236
vn -0.0768 0.7779 -0.6236
vn -0.1525 0.7667 -0.6236
vn -0.0872 0.8827 -0.4617
vn 0.0000 0.8870 -0.4617
vn 0.0000 0.8384 -0.5451
vn 0.0000 0.7817 -0.6236
vn 0.0000 0.7197 -0.6943
vn 0.9320 0.0921 -0.3504
vn 0.8296 0.1650 -0.5334
vn 0.8417 0.0832 -0.5334
vn 0.9763 0.0965 -0.1936
vn 0.9186 0.1827 -0.3504
vn 0.8963 0.2716 -0.3504
vn 0.8095 0.2452 -0.5334
vn 0.9389 0.2845 -0.1936
vn 0.8458 0.0000 -0.5334
vn 0.7374 0.0728 -0.6714
vn 0.7410 0.0000 -0.6715
vn 0.9366 0.0000 -0.3504
vn 0.9810 0.0000 -0.1936
vn 0.9955 0.0000 -0.0952
vn 0.9906 0.0979 -0.0952
vn 0.9622 0.1914 -0.1936
vn 0.9527 0.2886 -0.0952
vn 0.7092 0.2149 -0.6714
vn 0.7268 0.1446 -0.6714
vn 0.3549 0.8569 -0.3739
vn 0.2689 0.8876 -0.3739
vn 0.1809 0.9097 -0.3738
vn 0.0912 0.9230 -0.3739
vn 0.1305 0.6563 -0.7431
vn 0.0640 0.6476 -0.7592
vn 0.0658 0.6659 -0.7431
vn 0.1887 0.6228 -0.7592
vn 0.1270 0.6383 -0.7592
vn 0.0662 0.6696 -0.7398
vn 0.1951 0.6439 -0.7398
vn 0.1313 0.6599 -0.7398
vn 0.0708 0.7162 -0.6943
vn 0.1404 0.7058 -0.6943
vn 0.1940 0.6404 -0.7431
vn 0.2087 0.6887 -0.6943
vn 0.2561 0.6182 -0.7431
vn 0.2490 0.6012 -0.7592
vn 0.2575 0.6216 -0.7398
vn 0.0569 0.5756 0.8157
vn 0.1219 0.6128 0.7807
vn 0.0614 0.6218 0.7807
vn 0.1677 0.5536 0.8157
vn 0.1128 0.5673 0.8157
vn 0.1327 0.6672 0.7329
vn 0.0669 0.6770 0.7329
vn 0.1812 0.5980 0.7807
vn 0.0525 0.5279 0.8476
vn 0.1535 0.5079 0.8476
vn 0.1032 0.5192 0.8484
vn 0.2035 0.4913 0.8469
vn 0.2214 0.5344 0.8157
vn 0.2391 0.5773 0.7807
vn 0.1972 0.6511 0.7329
vn 0.2603 0.6285 0.7329
vn 0.2148 0.7089 0.6718
vn 0.1445 0.7265 0.6718
vn 0.0728 0.7371 0.6718
vn 0.0912 0.9233 0.3731
vn 0.2690 0.8879 0.3731
vn 0.1810 0.9099 0.3731
vn 0.3550 0.8571 0.3731
vn 0.1730 0.8700 -0.4617
vn 0.0824 0.8343 -0.5450
vn 0.0872 0.8827 -0.4617
vn 0.2431 0.8024 -0.5450
vn 0.1635 0.8223 -0.5450
vn 0.0768 0.7779 -0.6236
vn 0.2267 0.7481 -0.6236
vn 0.1525 0.7667 -0.6236
vn 0.2572 0.8489 -0.4617
vn 0.3394 0.8195 -0.4617
vn 0.3208 0.7746 -0.5451
vn 0.2991 0.7222 -0.6236
vn 0.2754 0.6649 -0.6943
vn 0.0921 -0.9320 -0.3504
vn 0.1650 -0.8296 -0.5334
vn 0.0832 -0.8417 -0.5334
vn 0.0965 -0.9763 -0.1936
vn 0.1827 -0.9186 -0.3504
vn 0.2716 -0.8963 -0.3504
vn 0.2452 -0.8095 -0.5334
vn 0.2845 -0.9389 -0.1936
vn 0.0728 -0.7374 -0.6714
vn 0.0979 -0.9906 -0.0952
vn 0.1914 -0.9622 -0.1936
vn 0.2886 -0.9527 -0.0952
vn 0.3809 -0.9197 -0.0952
vn 0.3754 -0.9064 -0.1936
vn 0.3584 -0.8653 -0.3504
vn 0.3237 -0.7814 -0.5334
vn 0.2149 -0.7092 -0.6714
vn 0.2836 -0.6846 -0.6715
vn 0.1446 -0.7268 -0.6714
vn 0.0784 0.7937 0.6032
vn 0.1651 0.8302 0.5324
vn 0.0832 0.8423 0.5324
vn 0.2313 0.7633 0.6032
vn 0.1556 0.7823 0.6032
vn 0.1735 0.8724 0.4569
vn 0.0875 0.8852 0.4569
vn 0.2454 0.8101 0.5324
vn 0.2834 0.6843 0.6718
vn 0.3052 0.7368 0.6032
vn 0.3239 0.7820 0.5325
vn 0.2579 0.8513 0.4569
vn 0.3404 0.8218 0.4569
vn 0.2728 0.5101 0.8157
vn 0.3471 0.5195 0.7807
vn 0.2947 0.5510 0.7807
vn 0.3668 0.4473 0.8157
vn 0.3214 0.4810 0.8157
vn 0.3779 0.5656 0.7329
vn 0.3209 0.5998 0.7329
vn 0.3962 0.4831 0.7807
vn 0.2506 0.4676 0.8476
vn 0.3362 0.4104 0.8476
vn 0.2941 0.4401 0.8484
vn 0.3760 0.3760 0.8469
vn 0.4090 0.4090 0.8157
vn 0.4418 0.4418 0.7807
vn 0.4314 0.5260 0.7329
vn 0.4810 0.4810 0.7329
vn 0.4697 0.5727 0.6718
vn 0.4115 0.6159 0.6718
vn 0.3494 0.6531 0.6718
vn 0.4376 0.8181 0.3731
vn 0.5883 0.7174 0.3731
vn 0.5154 0.7714 0.3731
vn 0.6560 0.6560 0.3731
vn 0.4928 0.7375 -0.4617
vn 0.3955 0.7392 -0.5450
vn 0.4184 0.7821 -0.4617
vn 0.5317 0.6482 -0.5450
vn 0.4658 0.6971 -0.5450
vn 0.3687 0.6893 -0.6236
vn 0.4957 0.6044 -0.6236
vn 0.4343 0.6500 -0.6236
vn 0.4375 0.8178 -0.3739
vn 0.5153 0.7712 -0.3738
vn 0.5625 0.6858 -0.4617
vn 0.5882 0.7171 -0.3739
vn 0.6272 0.6272 -0.4617
vn 0.5928 0.5928 -0.5451
vn 0.5527 0.5527 -0.6236
vn 0.5089 0.5089 -0.6943
vn 0.4564 0.5564 -0.6943
vn 0.3998 0.5984 -0.6943
vn 0.3395 0.6346 -0.6943
vn 0.7242 -0.5939 -0.3504
vn 0.7033 -0.4699 -0.5334
vn 0.6540 -0.5364 -0.5334
vn 0.7586 -0.6221 -0.1936
vn 0.7787 -0.5203 -0.3504
vn 0.8258 -0.4418 -0.3504
vn 0.7458 -0.3990 -0.5334
vn 0.8650 -0.4628 -0.1936
vn 0.5981 -0.5981 -0.5334
vn 0.5730 -0.4699 -0.6714
vn 0.5240 -0.5240 -0.6715
vn 0.6623 -0.6623 -0.3504
vn 0.6937 -0.6937 -0.1936
vn 0.7039 -0.7039 -0.0952
vn 0.7697 -0.6312 -0.0952
vn 0.8157 -0.5450 -0.1936
vn 0.8777 -0.4695 -0.0952
vn 0.9197 -0.3809 -0.0952
vn 0.9064 -0.3754 -0.1936
vn 0.8653 -0.3584 -0.3504
vn 0.7814 -0.3237 -0.5334
vn 0.6534 -0.3495 -0.6714
vn 0.6846 -0.2836 -0.6715
vn 0.6162 -0.4117 -0.6714
vn 0.3762 0.7033 0.6032
vn 0.4703 0.7038 0.5324
vn 0.3992 0.7464 0.5324
vn 0.5058 0.6167 0.6032
vn 0.4431 0.6631 0.6032
vn 0.4942 0.7396 0.4569
vn 0.4195 0.7843 0.4569
vn 0.5368 0.6545 0.5324
vn 0.5237 0.5237 0.6718
vn 0.5640 0.5640 0.6032
vn 0.5985 0.5985 0.5325
vn 0.5641 0.6878 0.4569
vn 0.6290 0.6290 0.4569
vn 0.6558 0.6558 -0.3739
vn 0.3717 0.5564 -0.7431
vn 0.3070 0.5738 -0.7592
vn 0.3156 0.5900 -0.7431
vn 0.4127 0.5032 -0.7592
vn 0.3616 0.5411 -0.7592
vn 0.3174 0.5933 -0.7398
vn 0.4267 0.5202 -0.7398
vn 0.3738 0.5594 -0.7398
vn 0.4243 0.5174 -0.7431
vn 0.4732 0.4732 -0.7431
vn 0.4602 0.4602 -0.7592
vn 0.4758 0.4758 -0.7398
vn 0.7375 0.4928 -0.4617
vn 0.6482 0.5317 -0.5450
vn 0.6858 0.5625 -0.4617
vn 0.7392 0.3954 -0.5450
vn 0.6971 0.4658 -0.5450
vn 0.6044 0.4957 -0.6236
vn 0.6893 0.3687 -0.6236
vn 0.6500 0.4343 -0.6236
vn 0.7171 0.5882 -0.3739
vn 0.7712 0.5153 -0.3738
vn 0.7821 0.4184 -0.4617
vn 0.8178 0.4375 -0.3739
vn 0.8195 0.3394 -0.4617
vn 0.7746 0.3208 -0.5451
vn 0.7222 0.2991 -0.6236
vn 0.6649 0.2754 -0.6943
vn 0.6346 0.3395 -0.6943
vn 0.5984 0.3998 -0.6943
vn 0.5564 0.4564 -0.6943
vn 0.8963 -0.2716 -0.3504
vn 0.8296 -0.1650 -0.5334
vn 0.8095 -0.2452 -0.5334
vn 0.9389 -0.2845 -0.1936
vn 0.9186 -0.1827 -0.3504
vn 0.9320 -0.0921 -0.3504
vn 0.8417 -0.0832 -0.5334
vn 0.9763 -0.0965 -0.1936
vn 0.7092 -0.2149 -0.6714
vn 0.9527 -0.2886 -0.0952
vn 0.9622 -0.1914 -0.1936
vn 0.9906 -0.0979 -0.0952
vn 0.7374 -0.0728 -0.6714
vn 0.7268 -0.1446 -0.6714
vn 0.6167 0.5058 0.6032
vn 0.7038 0.4703 0.5324
vn 0.6545 0.5368 0.5324
vn 0.7033 0.3762 0.6032
vn 0.6631 0.4431 0.6032
vn 0.7396 0.4942 0.4569
vn 0.6878 0.5640 0.4569
vn 0.7464 0.3992 0.5324
vn 0.5727 0.4697 0.6718
vn 0.6531 0.3494 0.6718
vn 0.6159 0.4115 0.6718
vn 0.6843 0.2834 0.6718
vn 0.7368 0.3052 0.6032
vn 0.7820 0.3239 0.5325
vn 0.7843 0.4195 0.4569
vn 0.8218 0.3404 0.4569
vn 0.8181 0.4376 0.3731
vn 0.7714 0.5154 0.3731
vn 0.7174 0.5883 0.3731
vn 0.8569 0.3549 -0.3739
vn 0.5564 0.3717 -0.7431
vn 0.5032 0.4127 -0.7592
vn 0.5174 0.4243 -0.7431
vn 0.5738 0.3070 -0.7592
vn 0.5411 0.3616 -0.7592
vn 0.5202 0.4267 -0.7398
vn 0.5933 0.3174 -0.7398
vn 0.5594 0.3738 -0.7398
vn 0.5900 0.3156 -0.7431
vn 0.6182 0.2561 -0.7431
vn 0.6012 0.2490 -0.7592
vn 0.6216 0.2575 -0.7398
vn 0.4473 0.3668 0.8157
vn 0.5195 0.3471 0.7807
vn 0.4831 0.3962 0.7807
vn 0.5101 0.2728 0.8157
vn 0.4810 0.3214 0.8157
vn 0.5656 0.3779 0.7329
vn 0.5260 0.4314 0.7329
vn 0.5510 0.2947 0.7807
vn 0.4104 0.3362 0.8476
vn 0.4676 0.2506 0.8476
vn 0.4401 0.2941 0.8484
vn 0.4913 0.2035 0.8469
vn 0.5344 0.2214 0.8157
vn 0.5773 0.2391 0.7807
vn 0.5998 0.3209 0.7329
vn 0.6285 0.2603 0.7329
vn 0.8571 0.3550 0.3731
vn 0.7633 0.2313 0.6032
vn 0.8302 0.1651 0.5324
vn 0.8101 0.2454 0.5324
vn 0.7937 0.0784 0.6032
vn 0.7823 0.1556 0.6032
vn 0.8724 0.1735 0.4569
vn 0.8513 0.2579 0.4569
vn 0.8423 0.0832 0.5324
vn 0.7089 0.2148 0.6718
vn 0.7371 0.0728 0.6718
vn 0.7265 0.1445 0.6718
vn 0.7407 0.0000 0.6718
vn 0.7975 0.0000 0.6032
vn 0.8464 0.0000 0.5325
vn 0.8852 0.0875 0.4569
vn 0.8895 0.0000 0.4569
vn 0.9233 0.0912 0.3731
vn 0.9099 0.1810 0.3731
vn 0.8879 0.2690 0.3731
vn 0.9275 0.0000 -0.3739
vn 0.9230 0.0912 -0.3739
vn 0.9097 0.1809 -0.3738
vn 0.8876 0.2689 -0.3739
vn 0.6563 0.1305 -0.7431
vn 0.6228 0.1887 -0.7592
vn 0.6404 0.1940 -0.7431
vn 0.6476 0.0640 -0.7592
vn 0.6383 0.1270 -0.7592
vn 0.6439 0.1951 -0.7398
vn 0.6696 0.0662 -0.7398
vn 0.6599 0.1313 -0.7398
vn 0.6887 0.2087 -0.6943
vn 0.7058 0.1404 -0.6943
vn 0.6659 0.0658 -0.7431
vn 0.7162 0.0708 -0.6943
vn 0.6691 0.0000 -0.7431
vn 0.6508 0.0000 -0.7592
vn 0.6728 0.0000 -0.7398
vn 0.5536 0.1677 0.8157
vn 0.6128 0.1219 0.7807
vn 0.5980 0.1812 0.7807
vn 0.5756 0.0569 0.8157
vn 0.5673 0.1128 0.8157
vn 0.6672 0.1327 0.7329
vn 0.6511 0.1972 0.7329
vn 0.6218 0.0614 0.7807
vn 0.5079 0.1535 0.8476
vn 0.5279 0.0525 0.8476
vn 0.5192 0.1032 0.8484
vn 0.5318 0.0000 0.8469
vn 0.5784 0.0000 0.8157
vn 0.6248 0.0000 0.7807
vn 0.6770 0.0669 0.7329
vn 0.6803 0.0000 0.7329
vn 0.9278 0.0000 0.3731
vn 0.8700 0.1730 -0.4617
vn 0.8024 0.2431 -0.5450
vn 0.8489 0.2572 -0.4617
vn 0.8343 0.0824 -0.5450
vn 0.8223 0.1635 -0.5450
vn 0.7481 0.2267 -0.6236
vn 0.7779 0.0768 -0.6236
vn 0.7667 0.1525 -0.6236
vn 0.8827 0.0872 -0.4617
vn 0.8870 0.0000 -0.4617
vn 0.8384 0.0000 -0.5451
vn 0.7817 0.0000 -0.6236
vn 0.7197 0.0000 -0.6943
vn 0.4418 -0.8258 -0.3504
vn 0.4699 -0.7033 -0.5334
vn 0.3990 -0.7458 -0.5334
vn 0.4628 -0.8650 -0.1936
vn 0.5203 -0.7787 -0.3504
vn 0.5939 -0.7242 -0.3504
vn 0.5364 -0.6540 -0.5334
vn 0.6221 -0.7586 -0.1936
vn 0.3495 -0.6534 -0.6714
vn 0.4695 -0.8777 -0.0952
vn 0.5450 -0.8157 -0.1936
vn 0.6312 -0.7697 -0.0952
vn 0.4699 -0.5730 -0.6714
vn 0.4117 -0.6162 -0.6714
vn 0.6563 -0.1305 -0.7431
vn 0.6476 -0.0640 -0.7592
vn 0.6659 -0.0658 -0.7431
vn 0.6228 -0.1887 -0.7592
vn 0.6383 -0.1270 -0.7592
vn 0.6696 -0.0662 -0.7398
vn 0.6439 -0.1951 -0.7398
vn 0.6599 -0.1313 -0.7398
vn 0.7162 -0.0708 -0.6943
vn 0.7058 -0.1404 -0.6943
vn 0.6404 -0.1940 -0.7431
vn 0.6887 -0.2087 -0.6943
vn 0.6182 -0.2561 -0.7431
vn 0.6012 -0.2490 -0.7592
vn 0.6216 -0.2575 -0.7398
vn 0.5756 -0.0569 0.8157
vn 0.6128 -0.1219 0.7807
vn 0.6218 -0.0614 0.7807
vn 0.5536 -0.1677 0.8157
vn 0.5673 -0.1128 0.8157
vn 0.6672 -0.1327 0.7329
vn 0.6770 -0.0669 0.7329
vn 0.5980 -0.1812 0.7807
vn 0.5279 -0.0525 0.8476
vn 0.5079 -0.1535 0.8476
vn 0.5192 -0.1032 0.8484
vn 0.4913 -0.2035 0.8469
vn 0.5344 -0.2214 0.8157
vn 0.5773 -0.2391 0.7807
vn 0.6511 -0.1972 0.7329
vn 0.6285 -0.2603 0.7329
vn 0.7089 -0.2148 0.6718
vn 0.7265 -0.1445 0.6718
vn 0.7371 -0.0728 0.6718
vn 0.9233 -0.0912 0.3731
vn 0.8879 -0.2690 0.3731
vn 0.9099 -0.1810 0.3731
vn 0.8571 -0.3550 0.3731
vn 0.8700 -0.1730 -0.4617
vn 0.8343 -0.0824 -0.5450
vn 0.8827 -0.0872 -0.4617
vn 0.8024 -0.2431 -0.5450
vn 0.8223 -0.1635 -0.5450
vn 0.7779 -0.0768 -0.6236
vn 0.7481 -0.2267 -0.6236
vn 0.7667 -0.1525 -0.6236
vn 0.9230 -0.0912 -0.3738
vn 0.9097 -0.1809 -0.3738
vn 0.8489 -0.2572 -0.4617
vn 0.8876 -0.2689 -0.3739
vn 0.8195 -0.3394 -0.4617
vn 0.7746 -0.3208 -0.5451
vn 0.7222 -0.2991 -0.6236
vn 0.6649 -0.2754 -0.6943
vn -0.8258 -0.4418 -0.3504
vn -0.7033 -0.4699 -0.5334
vn -0.7458 -0.3990 -0.5334
vn -0.8650 -0.4628 -0.1936
vn -0.7787 -0.5203 -0.3504
vn -0.7242 -0.5939 -0.3504
vn -0.6540 -0.5364 -0.5334
vn -0.7586 -0.6221 -0.1936
vn -0.8777 -0.4695 -0.0952
vn -0.8157 -0.5450 -0.1936
vn -0.7697 -0.6312 -0.0952
vn -0.7039 -0.7039 -0.0952
vn -0.6937 -0.6937 -0.1936
vn -0.6623 -0.6623 -0.3504
vn -0.5981 -0.5981 -0.5334
vn 0.7937 -0.0784 0.6032
vn 0.8302 -0.1651 0.5324
vn 0.8423 -0.0832 0.5324
vn 0.7633 -0.2313 0.6032
vn 0.7823 -0.1556 0.6032
vn 0.8724 -0.1735 0.4569
vn 0.8852 -0.0875 0.4569
vn 0.8101 -0.2454 0.5324
vn 0.6843 -0.2834 0.6718
vn 0.7368 -0.3052 0.6032
vn 0.7820 -0.3239 0.5325
vn 0.8513 -0.2579 0.4569
vn 0.8218 -0.3404 0.4569
vn 0.8569 -0.3549 -0.3739
vn 0.5101 -0.2728 0.8157
vn 0.5195 -0.3471 0.7807
vn 0.5510 -0.2947 0.7807
vn 0.4473 -0.3668 0.8157
vn 0.4810 -0.3214 0.8157
vn 0.5656 -0.3779 0.7329
vn 0.5998 -0.3209 0.7329
vn 0.4831 -0.3962 0.7807
vn 0.4676 -0.2506 0.8476
vn 0.4104 -0.3362 0.8476
vn 0.4401 -0.2941 0.8484
vn 0.3760 -0.3760 0.8469
vn 0.4090 -0.4090 0.8157
vn 0.4418 -0.4418 0.7807
vn 0.5260 -0.4314 0.7329
vn 0.4810 -0.4810 0.7329
vn 0.5727 -0.4697 0.6718
vn 0.6159 -0.4115 0.6718
vn 0.6531 -0.3494 0.6718
vn 0.8181 -0.4376 0.3731
vn 0.7174 -0.5883 0.3731
vn 0.7714 -0.5154 0.3731
vn 0.6560 -0.6560 0.3731
vn 0.7375 -0.4928 -0.4617
vn 0.7392 -0.3955 -0.5450
vn 0.7821 -0.4184 -0.4617
vn 0.6482 -0.5317 -0.5450
vn 0.6971 -0.4658 -0.5450
vn 0.6893 -0.3687 -0.6236
vn 0.6044 -0.4957 -0.6236
vn 0.6500 -0.4343 -0.6236
vn 0.8178 -0.4375 -0.3739
vn 0.7712 -0.5153 -0.3738
vn 0.6858 -0.5625 -0.4617
vn 0.7171 -0.5882 -0.3739
vn 0.6272 -0.6272 -0.4617
vn 0.5928 -0.5928 -0.5451
vn 0.5527 -0.5527 -0.6236
vn 0.5089 -0.5089 -0.6943
vn 0.5564 -0.4564 -0.6943
vn 0.5984 -0.3998 -0.6943
vn 0.6346 -0.3395 -0.6943
vn -0.8963 0.2716 -0.3504
vn -0.8296 0.1650 -0.5334
vn -0.8095 0.2452 -0.5334
vn -0.9389 0.2845 -0.1936
vn -0.9186 0.1827 -0.3504
vn -0.9320 0.0921 -0.3504
vn -0.8417 0.0832 -0.5334
vn -0.9763 0.0965 -0.1936
vn -0.9527 0.2886 -0.0952
vn -0.9622 0.1914 -0.1936
vn -0.9906 0.0979 -0.0952
vn 0.7033 -0.3762 0.6032
vn 0.7038 -0.4703 0.5324
vn 0.7464 -0.3992 0.5324
vn 0.6167 -0.5058 0.6032
vn 0.6631 -0.4431 0.6032
vn 0.7396 -0.4942 0.4569
vn 0.7843 -0.4195 0.4569
vn 0.6545 -0.5368 0.5324
vn 0.5237 -0.5237 0.6718
vn 0.5640 -0.5640 0.6032
vn 0.5985 -0.5985 0.5325
vn 0.6878 -0.5640 0.4569
vn 0.6290 -0.6290 0.4569
vn 0.6558 -0.6558 -0.3739
vn 0.5564 -0.3717 -0.7431
vn 0.5738 -0.3070 -0.7592
vn 0.5900 -0.3156 -0.7431
vn 0.5032 -0.4127 -0.7592
vn 0.5411 -0.3616 -0.7592
vn 0.5933 -0.3174 -0.7398
vn 0.5202 -0.4267 -0.7398
vn 0.5594 -0.3738 -0.7398
vn 0.5174 -0.4243 -0.7431
vn 0.4732 -0.4732 -0.7431
vn 0.4602 -0.4602 -0.7592
vn 0.4758 -0.4758 -0.7398
vn -0.5939 -0.7242 -0.3504
vn -0.4699 -0.7033 -0.5334
vn -0.5364 -0.6540 -0.5334
vn -0.6221 -0.7586 -0.1936
vn -0.5203 -0.7787 -0.3504
vn -0.4418 -0.8258 -0.3504
vn -0.3990 -0.7458 -0.5334
vn -0.4628 -0.8650 -0.1936
vn -0.6312 -0.7697 -0.0952
vn -0.5450 -0.8157 -0.1936
vn -0.4695 -0.8777 -0.0952
vn 0.5058 -0.6167 0.6032
vn 0.4703 -0.7038 0.5324
vn 0.5368 -0.6545 0.5324
vn 0.3762 -0.7033 0.6032
vn 0.4431 -0.6631 0.6032
vn 0.4942 -0.7396 0.4569
vn 0.5640 -0.6878 0.4569
vn 0.3992 -0.7464 0.5324
vn 0.4697 -0.5727 0.6718
vn 0.3494 -0.6531 0.6718
vn 0.4115 -0.6159 0.6718
vn 0.2834 -0.6843 0.6718
vn 0.3052 -0.7368 0.6032
vn 0.3239 -0.7820 0.5325
vn 0.4195 -0.7843 0.4569
vn 0.3404 -0.8218 0.4569
vn 0.4376 -0.8181 0.3731
vn 0.5154 -0.7714 0.3731
vn 0.5883 -0.7174 0.3731
vn 0.3549 -0.8569 -0.3739
vn 0.4375 -0.8178 -0.3739
vn 0.5153 -0.7712 -0.3738
vn 0.5882 -0.7171 -0.3739
vn 0.3717 -0.5564 -0.7431
vn 0.4127 -0.5032 -0.7592
vn 0.4243 -0.5174 -0.7431
vn 0.3070 -0.5738 -0.7592
vn 0.3616 -0.5411 -0.7592
vn 0.4267 -0.5202 -0.7398
vn 0.3174 -0.5933 -0.7398
vn 0.3738 -0.5594 -0.7398
vn 0.4564 -0.5564 -0.6943
vn 0.3998 -0.5984 -0.6943
vn 0.3156 -0.5900 -0.7431
vn 0.3395 -0.6346 -0.6943
vn 0.2561 -0.6182 -0.7431
vn 0.2490 -0.6012 -0.7592
vn 0.2575 -0.6216 -0.7398
vn 0.3668 -0.4473 0.8157
vn 0.3471 -0.5195 0.7807
vn 0.3962 -0.4831 0.7807
vn 0.2728 -0.5101 0.8157
vn 0.3214 -0.4810 0.8157
vn 0.3779 -0.5656 0.7329
vn 0.4314 -0.5260 0.7329
vn 0.2947 -0.5510 0.7807
vn 0.3362 -0.4104 0.8476
vn 0.2506 -0.4676 0.8476
vn 0.2941 -0.4401 0.8484
vn 0.2035 -0.4913 0.8469
vn 0.2214 -0.5344 0.8157
vn 0.2391 -0.5773 0.7807
vn 0.3209 -0.5998 0.7329
vn 0.2603 -0.6285 0.7329
vn 0.3550 -0.8571 0.3731
vn 0.4928 -0.7375 -0.4617
vn 0.5317 -0.6482 -0.5450
vn 0.5625 -0.6858 -0.4617
vn 0.3955 -0.7392 -0.5450
vn 0.4658 -0.6971 -0.5450
vn 0.4957 -0.6044 -0.6236
vn 0.3687 -0.6893 -0.6236
vn 0.4343 -0.6500 -0.6236
vn 0.4184 -0.7821 -0.4617
vn 0.3394 -0.8195 -0.4617
vn 0.3208 -0.7746 -0.5451
vn 0.2991 -0.7222 -0.6236
vn 0.2754 -0.6649 -0.6943
vn 0.2313 -0.7633 0.6032
vn 0.1651 -0.8302 0.5324
vn 0.2454 -0.8101 0.5324
vn 0.0784 -0.7937 0.6032
vn 0.1556 -0.7823 0.6032
vn 0.1735 -0.8724 0.4569
vn 0.2579 -0.8513 0.4569
vn 0.0832 -0.8423 0.5324
vn 0.2148 -0.7089 0.6718
vn 0.0728 -0.7371 0.6718
vn 0.1445 -0.7265 0.6718
vn 0.0875 -0.8852 0.4569
vn 0.0912 -0.9233 0.3731
vn 0.1810 -0.9099 0.3731
vn 0.2690 -0.8879 0.3731
vn 0.0912 -0.9230 -0.3739
vn 0.1809 -0.9097 -0.3738
vn 0.2689 -0.8876 -0.3739
vn 0.1305 -0.6563 -0.7431
vn 0.1887 -0.6228 -0.7592
vn 0.1940 -0.6404 -0.7431
vn 0.0640 -0.6476 -0.7592
vn 0.1270 -0.6383 -0.7592
vn 0.1951 -0.6439 -0.7398
vn 0.0662 -0.6696 -0.7398
vn 0.1313 -0.6599 -0.7398
vn 0.2087 -0.6887 -0.6943
vn 0.1404 -0.7058 -0.6943
vn 0.0658 -0.6659 -0.7431
vn 0.0708 -0.7162 -0.6943
vn 0.1677 -0.5536 0.8157
vn 0.1219 -0.6128 0.7807
vn 0.1812 -0.5980 0.7807
vn 0.0569 -0.5756 0.8157
vn 0.1128 -0.5673 0.8157
vn 0.1327 -0.6672 0.7329
vn 0.1972 -0.6511 0.7329
vn 0.0614 -0.6218 0.7807
vn 0.1535 -0.5079 0.8476
vn 0.0525 -0.5279 0.8476
vn 0.1032 -0.5192 0.8484
vn 0.0669 -0.6770 0.7329
vn 0.1730 -0.8700 -0.4617
vn 0.2431 -0.8024 -0.5450
vn 0.2572 -0.8489 -0.4617
vn 0.0824 -0.8343 -0.5450
vn 0.1635 -0.8223 -0.5450
vn 0.2267 -0.7481 -0.6236
vn 0.0768 -0.7779 -0.6236
vn 0.1525 -0.7667 -0.6236
vn 0.0872 -0.8827 -0.4617
vn -0.4418 0.8258 -0.3504
vn -0.4699 0.7033 -0.5334
vn -0.3990 0.7458 -0.5334
vn -0.4628 0.8650 -0.1936
vn -0.5203 0.7787 -0.3504
vn -0.5939 0.7242 -0.3504
vn -0.5364 0.6540 -0.5334
vn -0.6221 0.7586 -0.1936
vn -0.4695 0.8777 -0.0952
vn -0.5450 0.8157 -0.1936
vn -0.6312 0.7697 -0.0952
vn -0.1567 0.0912 0.9834
vn -0.3254 0.2174 0.9202
vn -0.3500 0.1906 0.9171
vn -0.0324 0.0237 0.9992
vn -0.1412 0.0943 0.9854
vn -0.1443 0.1099 0.9834
vn -0.3100 0.2505 0.9171
vn -0.0342 0.0208 0.9992
vn -0.3755 0.1555 0.9137
vn -0.1797 0.0744 0.9809
vn -0.0446 0.0185 0.9988
vn -0.0051 0.0021 1.0000
vn -0.0017 0.0026 1.0000
vn -0.0282 0.0188 0.9994
vn -0.0030 0.0006 1.0000
vn -0.0039 0.0039 1.0000
vn -0.0342 0.0342 0.9988
vn -0.1375 0.1375 0.9809
vn -0.2874 0.2874 0.9137
vn 0.1798 -0.0243 0.9834
vn 0.3838 -0.0763 0.9202
vn 0.3963 -0.0421 0.9171
vn 0.0390 -0.0095 0.9992
vn 0.1665 -0.0331 0.9854
vn 0.1754 -0.0463 0.9834
vn 0.3823 -0.1127 0.9171
vn 0.0396 -0.0062 0.9992
vn 0.4064 0.0000 0.9137
vn 0.1945 0.0000 0.9809
vn 0.0483 0.0000 0.9988
vn 0.0055 0.0000 1.0000
vn 0.0026 -0.0017 1.0000
vn 0.0332 -0.0066 0.9994
vn 0.0030 0.0006 1.0000
vn 0.0051 -0.0021 1.0000
vn 0.0446 -0.0185 0.9988
vn 0.1797 -0.0744 0.9809
vn 0.3755 -0.1555 0.9137
vn -0.1798 0.0243 0.9834
vn -0.3838 0.0763 0.9202
vn -0.3963 0.0421 0.9171
vn -0.0390 0.0095 0.9992
vn -0.1665 0.0331 0.9854
vn -0.1754 0.0463 0.9834
vn -0.3823 0.1127 0.9171
vn -0.0396 0.0062 0.9992
vn -0.4064 0.0000 0.9137
vn -0.1945 0.0000 0.9809
vn -0.0483 0.0000 0.9988
vn -0.0055 0.0000 1.0000
vn -0.0026 0.0017 1.0000
vn -0.0332 0.0066 0.9994
vn -0.0030 -0.0006 1.0000
vn 0.1754 0.0463 0.9834
vn 0.3838 0.0763 0.9202
vn 0.3823 0.1127 0.9171
vn 0.0396 0.0062 0.9992
vn 0.1666 0.0331 0.9854
vn 0.1797 0.0243 0.9834
vn 0.3963 0.0421 0.9171
vn 0.0390 0.0095 0.9992
vn 0.3755 0.1555 0.9137
vn 0.1797 0.0744 0.9809
vn 0.0446 0.0185 0.9988
vn 0.0051 0.0021 1.0000
vn 0.0030 -0.0006 1.0000
vn 0.0332 0.0066 0.9994
vn 0.0026 0.0017 1.0000
vn -0.1754 -0.0463 0.9834
vn -0.3838 -0.0763 0.9202
vn -0.3823 -0.1127 0.9171
vn -0.0396 -0.0062 0.9992
vn -0.1666 -0.0331 0.9854
vn -0.1797 -0.0243 0.9834
vn -0.3963 -0.0421 0.9171
vn -0.0390 -0.0095 0.9992
vn -0.3755 -0.1555 0.9137
vn -0.1797 -0.0744 0.9809
vn -0.0446 -0.0185 0.9988
vn -0.0051 -0.0021 1.0000
vn -0.0332 -0.0066 0.9994
vn -0.0026 -0.0017 1.0000
vn 0.1443 0.1099 0.9834
vn 0.3254 0.2174 0.9202
vn 0.3100 0.2505 0.9171
vn 0.0342 0.0208 0.9992
vn 0.1412 0.0943 0.9854
vn 0.1567 0.0912 0.9834
vn 0.3500 0.1906 0.9171
vn 0.0324 0.0237 0.9992
vn 0.2874 0.2874 0.9137
vn 0.1375 0.1375 0.9809
vn 0.0342 0.0342 0.9988
vn 0.0039 0.0039 1.0000
vn 0.0282 0.0188 0.9994
vn 0.0017 0.0026 1.0000
vn -0.1443 -0.1099 0.9834
vn -0.3254 -0.2174 0.9202
vn -0.3100 -0.2505 0.9171
vn -0.0342 -0.0208 0.9992
vn -0.1412 -0.0943 0.9854
vn -0.1567 -0.0912 0.9834
vn -0.3500 -0.1906 0.9171
vn -0.0324 -0.0237 0.9992
vn -0.2874 -0.2874 0.9137
vn -0.1375 -0.1375 0.9809
vn -0.0342 -0.0342 0.9988
vn -0.0039 -0.0039 1.0000
vn -0.0282 -0.0188 0.9994
vn -0.0017 -0.0026 1.0000
vn 0.0912 0.1567 0.9834
vn 0.2174 0.3254 0.9202
vn 0.1906 0.3500 0.9171
vn 0.0237 0.0324 0.9992
vn 0.0943 0.1412 0.9854
vn 0.1099 0.1443 0.9834
vn 0.2505 0.3100 0.9171
vn 0.0208 0.0342 0.9992
vn 0.1555 0.3755 0.9137
vn 0.0744 0.1797 0.9809
vn 0.0185 0.0446 0.9988
vn 0.0021 0.0051 1.0000
vn 0.0188 0.0282 0.9994
vn 0.0006 0.0030 1.0000
vn -0.0912 -0.1567 0.9834
vn -0.2174 -0.3254 0.9202
vn -0.1906 -0.3500 0.9171
vn -0.0237 -0.0324 0.9992
vn -0.0943 -0.1412 0.9854
vn -0.1099 -0.1443 0.9834
vn -0.2505 -0.3100 0.9171
vn -0.0208 -0.0342 0.9992
vn -0.1555 -0.3755 0.9137
vn -0.0744 -0.1797 0.9809
vn -0.0185 -0.0446 0.9988
vn -0.0021 -0.0051 1.0000
vn -0.0188 -0.0282 0.9994
vn -0.0006 -0.0030 1.0000
vn 0.0243 0.1798 0.9834
vn 0.0763 0.3838 0.9202
vn 0.0421 0.3963 0.9171
vn 0.0095 0.0390 0.9992
vn 0.0331 0.1666 0.9854
vn 0.0463 0.1754 0.9834
vn 0.1127 0.3823 0.9171
vn 0.0062 0.0396 0.9992
vn 0.0000 0.4064 0.9137
vn 0.0000 0.1945 0.9809
vn 0.0000 0.0483 0.9988
vn 0.0000 0.0055 1.0000
vn 0.0066 0.0332 0.9994
vn -0.0006 0.0030 1.0000
vn 0.0463 -0.1754 0.9834
vn 0.0763 -0.3838 0.9202
vn 0.1127 -0.3823 0.9171
vn 0.0062 -0.0396 0.9992
vn 0.0331 -0.1666 0.9854
vn 0.0243 -0.1797 0.9834
vn 0.0421 -0.3963 0.9171
vn 0.0095 -0.0390 0.9992
vn 0.1555 -0.3755 0.9137
vn 0.0744 -0.1797 0.9809
vn 0.0185 -0.0446 0.9988
vn 0.0021 -0.0051 1.0000
vn 0.0066 -0.0332 0.9994
vn 0.0017 -0.0026 1.0000
vn 0.0000 -0.0055 1.0000
vn 0.0000 -0.0483 0.9988
vn 0.0000 -0.1945 0.9809
vn 0.0000 -0.4064 0.9137
vn -0.0243 -0.1798 0.9834
vn -0.0763 -0.3838 0.9202
vn -0.0421 -0.3963 0.9171
vn -0.0094 -0.0390 0.9992
vn -0.0331 -0.1666 0.9854
vn -0.0463 -0.1754 0.9834
vn -0.1127 -0.3823 0.9171
vn -0.0062 -0.0396 0.9992
vn -0.0066 -0.0332 0.9994
vn 0.0006 -0.0030 1.0000
vn -0.0463 0.1754 0.9834
vn -0.0763 0.3838 0.9202
vn -0.1127 0.3823 0.9171
vn -0.0062 0.0396 0.9992
vn -0.0331 0.1666 0.9854
vn -0.0243 0.1797 0.9834
vn -0.0421 0.3963 0.9171
vn -0.0095 0.0390 0.9992
vn -0.1555 0.3755 0.9137
vn -0.0744 0.1797 0.9809
vn -0.0185 0.0446 0.9988
vn -0.0021 0.0051 1.0000
vn -0.0066 0.0332 0.9994
vn 0.1099 -0.1443 0.9834
vn 0.2174 -0.3254 0.9202
vn 0.2505 -0.3100 0.9171
vn 0.0208 -0.0342 0.9992
vn 0.0943 -0.1412 0.9854
vn 0.0912 -0.1567 0.9834
vn 0.1906 -0.3500 0.9171
vn 0.0237 -0.0324 0.9992
vn 0.2874 -0.2874 0.9137
vn 0.1375 -0.1375 0.9809
vn 0.0342 -0.0342 0.9988
vn 0.0039 -0.0039 1.0000
vn 0.0188 -0.0282 0.9994
vn -0.1099 0.1443 0.9834
vn -0.2174 0.3254 0.9202
vn -0.2505 0.3100 0.9171
vn -0.0208 0.0342 0.9992
vn -0.0943 0.1412 0.9854
vn -0.0912 0.1567 0.9834
vn -0.1906 0.3500 0.9171
vn -0.0237 0.0324 0.9992
vn -0.0188 0.0282 0.9994
vn 0.1567 -0.0912 0.9834
vn 0.3254 -0.2174 0.9202
vn 0.3500 -0.1906 0.9171
vn 0.0324 -0.0237 0.9992
vn 0.1412 -0.0943 0.9854
vn 0.1443 -0.1099 0.9834
vn 0.3101 -0.2505 0.9171
vn 0.0342 -0.0208 0.9992
vn 0.0282 -0.0188 0.9994
vn 0.0031 -0.0006 1.0000
vn 0.0000 0.0000 1.0000
vn 0.0012 -0.0018 1.0000
vn 0.0004 -0.0022 1.0000
vn 0.0018 -0.0012 1.0000
vn 0.0022 -0.0004 1.0000
vn 0.0022 0.0004 1.0000
vn 0.0018 0.0012 1.0000
vn 0.0012 0.0018 1.0000
vn 0.0004 0.0021 1.0000
vn -0.0004 0.0022 1.0000
vn -0.0012 0.0018 1.0000
vn -0.0018 0.0012 1.0000
vn -0.0022 0.0004 1.0000
vn -0.0022 -0.0004 1.0000
vn -0.0018 -0.0012 1.0000
vn -0.0012 -0.0018 1.0000
vn -0.0004 -0.0021 1.0000
vn -0.9569 0.2899 -0.0171
vn -0.9798 0.1949 -0.0435
vn -0.9561 0.2897 -0.0435
vn -0.9570 0.2900 -0.0009
vn -0.9806 0.1950 -0.0171
vn -0.9950 0.0983 -0.0171
vn -0.9942 0.0982 -0.0435
vn -0.9951 0.0983 -0.0009
vn -0.9230 0.3823 -0.0435
vn -0.9237 0.3826 -0.0171
vn -0.9239 0.3827 -0.0009
vn -0.9569 0.2899 0.0128
vn -0.9808 0.1951 -0.0009
vn -0.9951 0.0983 0.0128
vn -1.0000 0.0000 -0.0009
vn -0.9998 0.0000 -0.0171
vn -0.9990 0.0000 -0.0435
vn -0.9763 0.1942 -0.0952
vn -0.2899 -0.9569 -0.0171
vn -0.1949 -0.9798 -0.0435
vn -0.2897 -0.9561 -0.0435
vn -0.2900 -0.9570 -0.0009
vn -0.1950 -0.9806 -0.0171
vn -0.0983 -0.9950 -0.0171
vn -0.0982 -0.9942 -0.0435
vn -0.0983 -0.9951 -0.0009
vn -0.3823 -0.9230 -0.0435
vn -0.3826 -0.9237 -0.0171
vn -0.3827 -0.9239 -0.0009
vn -0.2899 -0.9569 0.0128
vn -0.1951 -0.9808 -0.0009
vn -0.0983 -0.9951 0.0128
vn 0.0000 -1.0000 -0.0009
vn 0.0000 -0.9998 -0.0171
vn 0.0000 -0.9990 -0.0435
vn -0.1942 -0.9763 -0.0952
vn 0.9950 0.0983 -0.0171
vn 0.9798 0.1949 -0.0435
vn 0.9942 0.0982 -0.0435
vn 0.9951 0.0983 -0.0009
vn 0.9806 0.1950 -0.0171
vn 0.9569 0.2899 -0.0171
vn 0.9561 0.2897 -0.0435
vn 0.9570 0.2900 -0.0009
vn 0.9990 0.0000 -0.0435
vn 0.9998 0.0000 -0.0171
vn 1.0000 0.0000 -0.0009
vn 0.9951 0.0983 0.0128
vn 0.9808 0.1951 -0.0009
vn 0.9569 0.2899 0.0128
vn 0.9239 0.3827 -0.0009
vn 0.9237 0.3826 -0.0171
vn 0.9230 0.3823 -0.0435
vn 0.9763 0.1942 -0.0952
vn 0.0983 -0.9950 -0.0171
vn 0.1949 -0.9798 -0.0435
vn 0.0982 -0.9942 -0.0435
vn 0.0983 -0.9951 -0.0009
vn 0.1950 -0.9806 -0.0171
vn 0.2899 -0.9569 -0.0171
vn 0.2897 -0.9561 -0.0435
vn 0.2900 -0.9570 -0.0009
vn 0.0983 -0.9951 0.0128
vn 0.1951 -0.9808 -0.0009
vn 0.2899 -0.9569 0.0128
vn 0.3827 -0.9239 -0.0009
vn 0.3826 -0.9237 -0.0171
vn 0.3823 -0.9230 -0.0435
vn 0.1942 -0.9763 -0.0952
vn -0.9950 -0.0983 -0.0171
vn -0.9798 -0.1949 -0.0435
vn -0.9942 -0.0982 -0.0435
vn -0.9951 -0.0983 -0.0009
vn -0.9806 -0.1950 -0.0171
vn -0.9569 -0.2899 -0.0171
vn -0.9561 -0.2897 -0.0435
vn -0.9570 -0.2900 -0.0009
vn -0.9951 -0.0983 0.0128
vn -0.9808 -0.1951 -0.0009
vn -0.9569 -0.2899 0.0128
vn -0.9239 -0.3827 -0.0009
vn -0.9237 -0.3826 -0.0171
vn -0.9230 -0.3823 -0.0435
vn -0.9763 -0.1942 -0.0952
vn 0.8816 0.4716 -0.0171
vn 0.8307 0.5550 -0.0435
vn 0.8809 0.4712 -0.0435
vn 0.8817 0.4717 -0.0009
vn 0.8313 0.5555 -0.0171
vn 0.7731 0.6340 -0.0171
vn 0.7725 0.6335 -0.0435
vn 0.7732 0.6341 -0.0009
vn 0.8817 0.4716 0.0128
vn 0.8314 0.5556 -0.0009
vn 0.7731 0.6341 0.0128
vn 0.7071 0.7071 -0.0009
vn 0.7070 0.7070 -0.0171
vn 0.7064 0.7064 -0.0435
vn 0.8277 0.5530 -0.0952
vn -0.8816 -0.4716 -0.0171
vn -0.8307 -0.5550 -0.0435
vn -0.8809 -0.4712 -0.0435
vn -0.8817 -0.4717 -0.0009
vn -0.8313 -0.5555 -0.0171
vn -0.7731 -0.6340 -0.0171
vn -0.7725 -0.6335 -0.0435
vn -0.7732 -0.6341 -0.0009
vn -0.8817 -0.4716 0.0128
vn -0.8314 -0.5556 -0.0009
vn -0.7731 -0.6341 0.0128
vn -0.7071 -0.7071 -0.0009
vn -0.7070 -0.7070 -0.0171
vn -0.7064 -0.7064 -0.0435
vn -0.8277 -0.5530 -0.0952
vn 0.6340 0.7731 -0.0171
vn 0.5550 0.8307 -0.0435
vn 0.6335 0.7725 -0.0435
vn 0.6341 0.7732 -0.0009
vn 0.5555 0.8313 -0.0171
vn 0.4716 0.8816 -0.0171
vn 0.4712 0.8809 -0.0435
vn 0.4717 0.8817 -0.0009
vn 0.6341 0.7731 0.0128
vn 0.5556 0.8314 -0.0009
vn 0.4716 0.8817 0.0128
vn 0.3827 0.9239 -0.0009
vn 0.3826 0.9237 -0.0171
vn 0.3823 0.9230 -0.0435
vn 0.5530 0.8277 -0.0952
vn -0.6340 -0.7731 -0.0171
vn -0.5550 -0.8307 -0.0435
vn -0.6335 -0.7725 -0.0435
vn -0.6341 -0.7732 -0.0009
vn -0.5555 -0.8313 -0.0171
vn -0.4716 -0.8816 -0.0171
vn -0.4712 -0.8809 -0.0435
vn -0.4717 -0.8817 -0.0009
vn -0.6341 -0.7731 0.0128
vn -0.5556 -0.8314 -0.0009
vn -0.4716 -0.8817 0.0128
vn -0.5530 -0.8277 -0.0952
vn 0.2899 0.9569 -0.0171
vn 0.1949 0.9798 -0.0435
vn 0.2897 0.9561 -0.0435
vn 0.2900 0.9570 -0.0009
vn 0.1950 0.9806 -0.0171
vn 0.0983 0.9950 -0.0171
vn 0.0982 0.9942 -0.0435
vn 0.0983 0.9951 -0.0009
vn 0.2899 0.9569 0.0128
vn 0.1951 0.9807 0.0128
vn 0.1951 0.9808 -0.0009
vn 0.0983 0.9951 0.0128
vn 0.0000 1.0000 -0.0009
vn 0.0000 0.9998 -0.0171
vn 0.0000 0.9990 -0.0435
vn 0.1942 0.9763 -0.0952
vn -0.0983 0.9950 -0.0171
vn -0.1949 0.9798 -0.0435
vn -0.0982 0.9942 -0.0435
vn -0.0983 0.9951 -0.0009
vn -0.1950 0.9806 -0.0171
vn -0.2899 0.9569 -0.0171
vn -0.2897 0.9561 -0.0435
vn -0.2900 0.9570 -0.0009
vn -0.0983 0.9951 0.0128
vn -0.1950 0.9807 0.0128
vn -0.1951 0.9808 -0.0009
vn -0.2899 0.9569 0.0128
vn -0.3827 0.9239 -0.0009
vn -0.3826 0.9237 -0.0171
vn -0.3823 0.9230 -0.0435
vn -0.1942 0.9763 -0.0952
vn 0.4716 -0.8816 -0.0171
vn 0.5550 -0.8307 -0.0435
vn 0.4712 -0.8809 -0.0435
vn 0.4717 -0.8817 -0.0009
vn 0.5555 -0.8313 -0.0171
vn 0.6340 -0.7731 -0.0171
vn 0.6335 -0.7725 -0.0435
vn 0.6341 -0.7732 -0.0009
vn 0.4716 -0.8817 0.0128
vn 0.5556 -0.8314 -0.0009
vn 0.6341 -0.7731 0.0128
vn 0.7071 -0.7071 -0.0009
vn 0.7070 -0.7070 -0.0171
vn 0.7064 -0.7064 -0.0435
vn 0.5530 -0.8277 -0.0952
vn -0.4716 0.8816 -0.0171
vn -0.5550 0.8307 -0.0435
vn -0.4712 0.8809 -0.0435
vn -0.4717 0.8817 -0.0009
vn -0.5555 0.8313 -0.0171
vn -0.6340 0.7731 -0.0171
vn -0.6335 0.7725 -0.0435
vn -0.6341 0.7732 -0.0009
vn -0.3826 0.9238 0.0128
vn -0.4716 0.8817 0.0128
vn -0.5556 0.8314 -0.0009
vn -0.6341 0.7731 0.0128
vn -0.7071 0.7071 -0.0009
vn -0.7070 0.7070 -0.0171
vn -0.7064 0.7064 -0.0435
vn -0.5530 0.8277 -0.0952
vn 0.7731 -0.6340 -0.0171
vn 0.8307 -0.5550 -0.0435
vn 0.7725 -0.6335 -0.0435
vn 0.7732 -0.6341 -0.0009
vn 0.8313 -0.5555 -0.0171
vn 0.8816 -0.4716 -0.0171
vn 0.8809 -0.4712 -0.0435
vn 0.8817 -0.4717 -0.0009
vn 0.7731 -0.6341 0.0128
vn 0.8314 -0.5556 -0.0009
vn 0.8817 -0.4716 0.0128
vn 0.9239 -0.3827 -0.0009
vn 0.9237 -0.3826 -0.0171
vn 0.9230 -0.3823 -0.0435
vn 0.8277 -0.5530 -0.0952
vn -0.7731 0.6340 -0.0171
vn -0.8307 0.5550 -0.0435
vn -0.7725 0.6335 -0.0435
vn -0.7732 0.6341 -0.0009
vn -0.8313 0.5555 -0.0171
vn -0.8816 0.4716 -0.0171
vn -0.8809 0.4712 -0.0435
vn -0.8817 0.4717 -0.0009
vn -0.7731 0.6341 0.0128
vn -0.8314 0.5556 -0.0009
vn -0.8817 0.4716 0.0128
vn -0.8277 0.5530 -0.0952
vn 0.9569 -0.2899 -0.0171
vn 0.9798 -0.1949 -0.0435
vn 0.9561 -0.2897 -0.0435
vn 0.9570 -0.2900 -0.0009
vn 0.9806 -0.1950 -0.0171
vn 0.9950 -0.0983 -0.0171
vn 0.9942 -0.0982 -0.0435
vn 0.9951 -0.0983 -0.0009
vn 0.9569 -0.2899 0.0128
vn 0.9808 -0.1951 -0.0009
vn 0.9951 -0.0983 0.0128
vn 0.9763 -0.1942 -0.0952
vn 0.7725 0.6336 0.0408
vn 0.8217 0.5490 0.1527
vn 0.7641 0.6267 0.1527
vn 0.8810 0.4713 0.0408
vn 0.8308 0.5551 0.0408
vn 0.6229 0.4162 0.6623
vn 0.5792 0.4751 0.6624
vn 0.8714 0.4661 0.1527
vn 0.7070 0.7070 0.0128
vn 0.7065 0.7065 0.0408
vn 0.8314 0.5555 0.0128
vn 0.9238 0.3826 0.0128
vn 0.9231 0.3823 0.0408
vn 0.9130 0.3782 0.1527
vn 0.6605 0.3533 0.6624
vn 0.6920 0.2866 0.6625
vn 0.5296 0.5296 0.6625
vn 0.6988 0.6988 0.1527
vn 0.9562 0.2897 0.0408
vn 0.9693 0.1928 0.1527
vn 0.9458 0.2866 0.1527
vn 0.9943 0.0982 0.0408
vn 0.9799 0.1949 0.0408
vn 0.7348 0.1462 0.6623
vn 0.7169 0.2172 0.6624
vn 0.9835 0.0972 0.1527
vn 0.9807 0.1950 0.0128
vn 0.9999 0.0000 0.0128
vn 0.9991 0.0000 0.0408
vn 0.9883 0.0000 0.1527
vn 0.7455 0.0736 0.6624
vn 0.7491 0.0000 0.6625
vn 0.9943 -0.0982 0.0408
vn 0.9693 -0.1928 0.1527
vn 0.9835 -0.0972 0.1527
vn 0.9562 -0.2897 0.0408
vn 0.9799 -0.1949 0.0408
vn 0.7348 -0.1462 0.6623
vn 0.7455 -0.0736 0.6624
vn 0.9458 -0.2866 0.1527
vn 0.9807 -0.1950 0.0128
vn 0.9238 -0.3826 0.0128
vn 0.9231 -0.3823 0.0408
vn 0.9130 -0.3782 0.1527
vn 0.7169 -0.2172 0.6624
vn 0.6920 -0.2866 0.6625
vn 0.8810 -0.4713 0.0408
vn 0.8217 -0.5490 0.1527
vn 0.8714 -0.4661 0.1527
vn 0.7725 -0.6336 0.0408
vn 0.8308 -0.5551 0.0408
vn 0.6229 -0.4162 0.6624
vn 0.6605 -0.3533 0.6624
vn 0.7641 -0.6267 0.1527
vn 0.8314 -0.5555 0.0128
vn 0.7070 -0.7070 0.0128
vn 0.7065 -0.7065 0.0408
vn 0.6988 -0.6988 0.1527
vn 0.5792 -0.4751 0.6624
vn 0.5296 -0.5296 0.6625
vn 0.6336 -0.7725 0.0408
vn 0.5490 -0.8217 0.1527
vn 0.6267 -0.7641 0.1527
vn 0.4713 -0.8810 0.0408
vn 0.5551 -0.8308 0.0408
vn 0.4162 -0.6229 0.6624
vn 0.4751 -0.5792 0.6624
vn 0.4661 -0.8714 0.1527
vn 0.5555 -0.8314 0.0128
vn 0.3826 -0.9238 0.0128
vn 0.3823 -0.9231 0.0408
vn 0.3782 -0.9130 0.1527
vn 0.3533 -0.6605 0.6624
vn 0.2866 -0.6920 0.6625
vn -0.4713 -0.8810 0.0408
vn -0.5490 -0.8217 0.1527
vn -0.4661 -0.8714 0.1527
vn -0.6336 -0.7725 0.0408
vn -0.5551 -0.8308 0.0408
vn -0.4162 -0.6229 0.6624
vn -0.3533 -0.6605 0.6624
vn -0.6267 -0.7641 0.1527
vn -0.3826 -0.9238 0.0128
vn -0.3823 -0.9231 0.0408
vn -0.5555 -0.8314 0.0128
vn -0.7070 -0.7070 0.0128
vn -0.7065 -0.7065 0.0408
vn -0.6988 -0.6988 0.1527
vn -0.4751 -0.5792 0.6624
vn -0.5296 -0.5296 0.6625
vn -0.2866 -0.6920 0.6625
vn -0.3782 -0.9130 0.1527
vn 0.2897 -0.9562 0.0408
vn 0.1928 -0.9693 0.1527
vn 0.2866 -0.9458 0.1527
vn 0.0982 -0.9943 0.0408
vn 0.1949 -0.9799 0.0408
vn 0.1462 -0.7348 0.6624
vn 0.2172 -0.7169 0.6624
vn 0.0972 -0.9835 0.1527
vn 0.1950 -0.9807 0.0128
vn 0.0000 -0.9999 0.0128
vn 0.0000 -0.9991 0.0408
vn 0.0000 -0.9883 0.1527
vn 0.0736 -0.7455 0.6624
vn 0.0000 -0.7490 0.6625
vn -0.7725 -0.6336 0.0408
vn -0.8217 -0.5490 0.1527
vn -0.7641 -0.6267 0.1527
vn -0.8810 -0.4713 0.0408
vn -0.8308 -0.5551 0.0408
vn -0.6229 -0.4162 0.6624
vn -0.5792 -0.4751 0.6624
vn -0.8714 -0.4661 0.1527
vn -0.8314 -0.5555 0.0128
vn -0.9238 -0.3826 0.0128
vn -0.9231 -0.3823 0.0408
vn -0.9130 -0.3782 0.1527
vn -0.6605 -0.3533 0.6624
vn -0.6920 -0.2866 0.6625
vn -0.0982 -0.9943 0.0408
vn -0.1928 -0.9693 0.1527
vn -0.0972 -0.9835 0.1527
vn -0.2897 -0.9562 0.0408
vn -0.1949 -0.9799 0.0408
vn -0.1462 -0.7348 0.6624
vn -0.0736 -0.7455 0.6624
vn -0.2866 -0.9458 0.1527
vn -0.1950 -0.9807 0.0128
vn -0.2172 -0.7169 0.6624
vn -0.9562 -0.2897 0.0408
vn -0.9693 -0.1928 0.1527
vn -0.9458 -0.2866 0.1527
vn -0.9943 -0.0982 0.0408
vn -0.9799 -0.1949 0.0408
vn -0.7348 -0.1462 0.6624
vn -0.7169 -0.2172 0.6624
vn -0.9835 -0.0972 0.1527
vn -0.9807 -0.1950 0.0128
vn -0.9999 0.0000 0.0128
vn -0.9991 0.0000 0.0408
vn -0.9883 0.0000 0.1527
vn -0.7455 -0.0736 0.6624
vn -0.7490 0.0000 0.6625
vn 0.4713 0.8810 0.0408
vn 0.5490 0.8217 0.1527
vn 0.4661 0.8714 0.1527
vn 0.6336 0.7725 0.0408
vn 0.5551 0.8308 0.0408
vn 0.4162 0.6229 0.6624
vn 0.3533 0.6605 0.6624
vn 0.6267 0.7641 0.1527
vn 0.3826 0.9238 0.0128
vn 0.3823 0.9231 0.0408
vn 0.5555 0.8314 0.0128
vn 0.4751 0.5792 0.6624
vn 0.2866 0.6920 0.6625
vn 0.3782 0.9130 0.1527
vn 0.0982 0.9943 0.0408
vn 0.1928 0.9693 0.1527
vn 0.0972 0.9835 0.1527
vn 0.2897 0.9562 0.0408
vn 0.1949 0.9799 0.0408
vn 0.1462 0.7348 0.6624
vn 0.0736 0.7455 0.6624
vn 0.2866 0.9458 0.1527
vn 0.0000 0.9999 0.0128
vn 0.0000 0.9991 0.0408
vn 0.2172 0.7169 0.6624
vn 0.0000 0.7490 0.6625
vn 0.0000 0.9883 0.1527
vn -0.2897 0.9562 0.0408
vn -0.1928 0.9693 0.1527
vn -0.2866 0.9458 0.1527
vn -0.0982 0.9943 0.0408
vn -0.1949 0.9799 0.0408
vn -0.1462 0.7348 0.6624
vn -0.2172 0.7169 0.6624
vn -0.0972 0.9835 0.1527
vn -0.3823 0.9231 0.0408
vn -0.0736 0.7455 0.6624
vn -0.2866 0.6920 0.6625
vn -0.3782 0.9130 0.1527
vn -0.6336 0.7725 0.0408
vn -0.5490 0.8217 0.1527
vn -0.6267 0.7641 0.1527
vn -0.4713 0.8810 0.0408
vn -0.5551 0.8308 0.0408
vn -0.4162 0.6229 0.6624
vn -0.4751 0.5792 0.6624
vn -0.4661 0.8714 0.1527
vn -0.7070 0.7070 0.0128
vn -0.7065 0.7065 0.0408
vn -0.5555 0.8314 0.0128
vn -0.3533 0.6605 0.6624
vn -0.5296 0.5296 0.6625
vn -0.6988 0.6988 0.1527
vn -0.8810 0.4713 0.0408
vn -0.8217 0.5490 0.1527
vn -0.8714 0.4661 0.1527
vn -0.7725 0.6336 0.0408
vn -0.8308 0.5551 0.0408
vn -0.6229 0.4162 0.6624
vn -0.6605 0.3533 0.6624
vn -0.7641 0.6267 0.1527
vn -0.9238 0.3826 0.0128
vn -0.9231 0.3823 0.0408
vn -0.8314 0.5555 0.0128
vn -0.5792 0.4751 0.6624
vn -0.6920 0.2866 0.6625
vn -0.9130 0.3782 0.1527
vn -0.9943 0.0982 0.0408
vn -0.9693 0.1928 0.1527
vn -0.9835 0.0972 0.1527
vn -0.9562 0.2897 0.0408
vn -0.9799 0.1949 0.0408
vn -0.7348 0.1462 0.6623
vn -0.7455 0.0736 0.6624
vn -0.9458 0.2866 0.1527
vn -0.9807 0.1950 0.0128
vn -0.7169 0.2172 0.6624
usemtl vidrio
s 1
f 2641/1/1 2645/2/2 2644/3/3
f 2642/4/4 2646/5/5 2645/2/2
f 2645/2/2 2647/6/6 2644/3/3
f 2646/5/5 2648/7/7 2645/2/2
f 97/8/8 2641/1/1 903/9/9
f 897/10/10 2642/4/4 2641/1/1
f 896/11/11 2643/12/12 2642/4/4
f 895/13/13 403/14/14 2643/12/12
f 2643/12/12 404/15/15 2646/5/5
f 404/15/15 2649/16/16 2646/5/5
f 405/17/17 400/18/18 2649/16/16
f 2649/16/16 401/19/19 2648/7/7
f 2648/7/7 402/20/20 2647/6/6
f 2647/6/6 9/21/21 901/22/22
f 2644/3/3 901/22/22 902/23/23
f 903/9/9 2644/3/3 902/23/23
f 2651/24/24 2653/25/25 2650/26/26
f 2652/27/27 2654/28/28 2651/24/24
f 2653/25/25 2657/29/29 2656/30/30
f 2654/28/28 2658/31/31 2657/29/29
f 891/32/32 906/33/33 96/34/34
f 890/35/35 2650/26/26 891/32/32
f 889/36/36 2651/24/24 890/35/35
f 2/37/37 2652/27/27 889/36/36
f 406/38/38 2655/39/39 2652/27/27
f 2655/39/39 408/40/40 2658/31/31
f 2658/31/31 6/41/41 394/42/42
f 2657/29/29 394/42/42 395/43/43
f 2656/30/30 395/43/43 396/44/44
f 904/45/45 396/44/44 7/46/46
f 905/47/47 2656/30/30 904/45/45
f 2650/26/26 905/47/47 906/33/33
f 2660/48/48 2662/49/49 2659/50/50
f 2661/51/51 2663/52/52 2660/48/48
f 2662/49/49 2666/53/53 2665/54/54
f 2663/52/52 2667/55/55 2666/53/53
f 888/56/56 411/57/57 1/58/58
f 887/59/59 2659/50/50 888/56/56
f 886/60/60 2660/48/48 887/59/59
f 95/61/61 2661/51/51 886/60/60
f 907/62/62 2664/63/63 2661/51/51
f 2664/63/63 909/64/64 2667/55/55
f 2667/55/55 4/65/65 388/66/66
f 2666/53/53 388/66/66 389/67/67
f 2665/54/54 389/67/67 390/68/68
f 409/69/69 390/68/68 5/70/70
f 410/71/71 2665/54/54 409/69/69
f 2659/50/50 410/71/71 411/57/57
f 2668/72/72 2672/73/73 2671/74/74
f 2669/75/75 2673/76/76 2672/73/73
f 2672/73/73 2674/77/77 2671/74/74
f 2673/76/76 2675/78/78 2672/73/73
f 113/79/79 2668/72/72 1054/80/80
f 1008/81/81 2669/75/75 2668/72/72
f 1007/82/82 2670/83/83 2669/75/75
f 1006/84/84 903/9/9 2670/83/83
f 2670/83/83 902/23/23 2673/76/76
f 902/23/23 2676/85/85 2673/76/76
f 901/22/22 961/86/86 2676/85/85
f 2676/85/85 962/87/87 2675/78/78
f 2675/78/78 963/88/88 2674/77/77
f 2674/77/77 98/89/89 1056/90/90
f 2671/74/74 1056/90/90 1055/91/91
f 1054/80/80 2671/74/74 1055/91/91
f 2677/92/92 2681/93/93 2680/94/94
f 2678/95/95 2682/96/96 2681/93/93
f 2681/93/93 2683/97/97 2680/94/94
f 2682/96/96 2684/98/98 2681/93/93
f 3/99/99 2677/92/92 403/14/14
f 894/100/100 2678/95/95 2677/92/92
f 893/101/101 2679/102/102 2678/95/95
f 892/103/103 906/33/33 2679/102/102
f 2679/102/102 905/47/47 2682/96/96
f 905/47/47 2685/104/104 2682/96/96
f 904/45/45 397/105/105 2685/104/104
f 2685/104/104 398/106/106 2684/98/98
f 2684/98/98 399/107/107 2683/97/97
f 2683/97/97 8/108/108 405/17/17
f 2680/94/94 405/17/17 404/15/15
f 403/14/14 2680/94/94 404/15/15
f 2687/109/109 2689/110/110 2686/111/111
f 2688/112/112 2690/113/113 2687/109/109
f 2689/110/110 2693/114/114 2692/115/115
f 2690/113/113 2694/116/116 2693/114/114
f 387/117/117 406/38/38 2/37/37
f 386/118/118 2686/111/111 387/117/117
f 385/119/119 2687/109/109 386/118/118
f 1/58/58 2688/112/112 385/119/119
f 411/57/57 2691/120/120 2688/112/112
f 2691/120/120 409/69/69 2694/116/116
f 2694/116/116 5/70/70 391/121/121
f 2693/114/114 391/121/121 392/122/122
f 2692/115/115 392/122/122 393/123/123
f 408/40/40 393/123/123 6/41/41
f 407/124/124 2692/115/115 408/40/40
f 2686/111/111 407/124/124 406/38/38
f 2696/125/125 2698/126/126 2695/127/127
f 2696/125/125 2700/128/128 2699/129/129
f 2699/129/129 2701/130/130 2698/126/126
f 2699/129/129 2703/131/131 2702/132/132
f 493/133/133 1159/134/134 22/135/135
f 494/136/136 2695/127/127 493/133/133
f 494/136/136 2697/137/137 2696/125/125
f 495/138/138 1167/139/139 2697/137/137
f 2697/137/137 1166/140/140 2700/128/128
f 2700/128/128 1165/141/141 2703/131/131
f 2703/131/131 131/142/142 945/143/143
f 2702/132/132 945/143/143 944/144/144
f 2702/132/132 943/145/145 2701/130/130
f 2701/130/130 132/146/146 1161/147/147
f 2698/126/126 1161/147/147 1160/148/148
f 2695/127/127 1160/148/148 1159/134/134
f 2705/149/149 2707/150/150 2704/151/151
f 2706/152/152 2708/153/153 2705/149/149
f 2707/150/150 2711/154/154 2710/155/155
f 2708/153/153 2712/156/156 2711/154/154
f 390/68/68 429/157/157 5/70/70
f 389/67/67 2704/151/151 390/68/68
f 388/66/66 2705/149/149 389/67/67
f 4/65/65 2706/152/152 388/66/66
f 430/158/158 2709/159/159 2706/152/152
f 2709/159/159 432/160/160 2712/156/156
f 2712/156/156 10/161/161 412/162/162
f 2711/154/154 412/162/162 413/163/163
f 2710/155/155 413/163/163 414/164/164
f 427/165/165 414/164/164 11/166/166
f 428/167/167 2710/155/155 427/165/165
f 2704/151/151 428/167/167 429/157/157
f 2713/168/168 2717/169/169 2716/170/170
f 2714/171/171 2718/172/172 2717/169/169
f 2717/169/169 2719/173/173 2716/170/170
f 2718/172/172 2720/174/174 2717/169/169
f 98/89/89 2713/168/168 1051/175/175
f 963/88/88 2714/171/171 2713/168/168
f 962/87/87 2715/176/176 2714/171/171
f 961/86/86 433/177/177 2715/176/176
f 2715/176/176 434/178/178 2718/172/172
f 434/178/178 2721/179/179 2718/172/172
f 435/180/180 964/181/181 2721/179/179
f 2721/179/179 965/182/182 2720/174/174
f 2720/174/174 966/183/183 2719/173/173
f 2719/173/173 99/184/184 1053/185/185
f 2716/170/170 1053/185/185 1052/186/186
f 1051/175/175 2716/170/170 1052/186/186
f 2722/187/187 2726/188/188 2725/189/189
f 2723/190/190 2727/191/191 2726/188/188
f 2726/188/188 2728/192/192 2725/189/189
f 2727/191/191 2729/193/193 2726/188/188
f 8/108/108 2722/187/187 438/194/194
f 399/107/107 2723/190/190 2722/187/187
f 398/106/106 2724/195/195 2723/190/190
f 397/105/105 439/196/196 2724/195/195
f 2724/195/195 440/197/197 2727/191/191
f 440/197/197 2730/198/198 2727/191/191
f 441/199/199 421/200/200 2730/198/198
f 2730/198/198 422/201/201 2729/193/193
f 2729/193/193 423/202/202 2728/192/192
f 2728/192/192 14/203/203 436/204/204
f 2725/189/189 436/204/204 437/205/205
f 438/194/194 2725/189/189 437/205/205
f 2732/206/206 2734/207/207 2731/208/208
f 2733/209/209 2735/210/210 2732/206/206
f 2734/207/207 2738/211/211 2737/212/212
f 2735/210/210 2739/213/213 2738/211/211
f 393/123/123 444/214/214 6/41/41
f 392/122/122 2731/208/208 393/123/123
f 391/121/121 2732/206/206 392/122/122
f 5/70/70 2733/209/209 391/121/121
f 429/157/157 2736/215/215 2733/209/209
f 2736/215/215 427/165/165 2739/213/213
f 2739/213/213 11/166/166 415/216/216
f 2738/211/211 415/216/216 416/217/217
f 2737/212/212 416/217/217 417/218/218
f 442/219/219 417/218/218 12/220/220
f 443/221/221 2737/212/212 442/219/219
f 2731/208/208 443/221/221 444/214/214
f 2741/222/222 2743/223/223 2740/224/224
f 2741/222/222 2745/225/225 2744/226/226
f 2744/226/226 2746/227/227 2743/223/223
f 2744/226/226 2748/228/228 2747/229/229
f 669/230/230 1186/231/231 52/232/232
f 668/233/233 2740/224/224 669/230/230
f 668/233/233 2742/234/234 2741/222/222
f 667/235/235 1197/236/236 2742/234/234
f 2742/234/234 1196/237/237 2745/225/225
f 2745/225/225 1195/238/238 2748/228/228
f 2748/228/228 136/239/239 928/240/240
f 2747/229/229 928/240/240 929/241/241
f 2747/229/229 930/242/242 2746/227/227
f 2746/227/227 137/243/243 1188/244/244
f 2743/223/223 1188/244/244 1187/245/245
f 2740/224/224 1187/245/245 1186/231/231
f 2749/246/246 2753/247/247 2752/248/248
f 2750/249/249 2754/250/250 2753/247/247
f 2753/247/247 2755/251/251 2752/248/248
f 2754/250/250 2756/252/252 2753/247/247
f 9/21/21 2749/246/246 433/177/177
f 402/20/20 2750/249/249 2749/246/246
f 401/19/19 2751/253/253 2750/249/249
f 400/18/18 438/194/194 2751/253/253
f 2751/253/253 437/205/205 2754/250/250
f 437/205/205 2757/254/254 2754/250/250
f 436/204/204 424/255/255 2757/254/254
f 2757/254/254 425/256/256 2756/252/252
f 2756/252/252 426/257/257 2755/251/251
f 2755/251/251 15/258/258 435/180/180
f 2752/248/248 435/180/180 434/178/178
f 433/177/177 2752/248/248 434/178/178
f 2759/259/259 2761/260/260 2758/261/261
f 2760/262/262 2762/263/263 2759/259/259
f 2761/260/260 2765/264/264 2764/265/265
f 2762/263/263 2766/266/266 2765/264/264
f 396/44/44 439/196/196 7/46/46
f 395/43/43 2758/261/261 396/44/44
f 394/42/42 2759/259/259 395/43/43
f 6/41/41 2760/262/262 394/42/42
f 444/214/214 2763/267/267 2760/262/262
f 2763/267/267 442/219/219 2766/266/266
f 2766/266/266 12/220/220 418/268/268
f 2765/264/264 418/268/268 419/269/269
f 2764/265/265 419/269/269 420/270/270
f 441/199/199 420/270/270 13/271/271
f 440/197/197 2764/265/265 441/199/199
f 2758/261/261 440/197/197 439/196/196
f 2767/272/272 2771/273/273 2770/274/274
f 2768/275/275 2772/276/276 2771/273/273
f 2771/273/273 2773/277/277 2770/274/274
f 2772/276/276 2774/278/278 2771/273/273
f 99/184/184 2767/272/272 1048/279/279
f 966/183/183 2768/275/275 2767/272/272
f 965/182/182 2769/280/280 2768/275/275
f 964/181/181 460/281/281 2769/280/280
f 2769/280/280 461/282/282 2772/276/276
f 461/282/282 2775/283/283 2772/276/276
f 462/284/284 967/285/285 2775/283/283
f 2775/283/283 968/286/286 2774/278/278
f 2774/278/278 969/287/287 2773/277/277
f 2773/277/277 100/288/288 1050/289/289
f 2770/274/274 1050/289/289 1049/290/290
f 1048/279/279 2770/274/274 1049/290/290
f 2776/291/291 2780/292/292 2779/293/293
f 2777/294/294 2781/295/295 2780/292/292
f 2780/292/292 2782/296/296 2779/293/293
f 2781/295/295 2783/297/297 2780/292/292
f 14/203/203 2776/291/291 465/298/298
f 423/202/202 2777/294/294 2776/291/291
f 422/201/201 2778/299/299 2777/294/294
f 421/200/200 466/300/300 2778/299/299
f 2778/299/299 467/301/301 2781/295/295
f 467/301/301 2784/302/302 2781/295/295
f 468/303/303 454/304/304 2784/302/302
f 2784/302/302 455/305/305 2783/297/297
f 2783/297/297 456/306/306 2782/296/296
f 2782/296/296 20/307/307 463/308/308
f 2779/293/293 463/308/308 464/309/309
f 465/298/298 2779/293/293 464/309/309
f 2786/310/310 2788/311/311 2785/312/312
f 2787/313/313 2789/314/314 2786/310/310
f 2788/311/311 2792/315/315 2791/316/316
f 2789/314/314 2793/317/317 2792/315/315
f 417/218/218 471/318/318 12/220/220
f 416/217/217 2785/312/312 417/218/218
f 415/216/216 2786/310/310 416/217/217
f 11/166/166 2787/313/313 415/216/216
f 472/319/319 2790/320/320 2787/313/313
f 2790/320/320 474/321/321 2793/317/317
f 2793/317/317 17/322/322 448/323/323
f 2792/315/315 448/323/323 449/324/324
f 2791/316/316 449/324/324 450/325/325
f 469/326/326 450/325/325 18/327/327
f 470/328/328 2791/316/316 469/326/326
f 2785/312/312 470/328/328 471/318/318
f 2795/329/329 2797/330/330 2794/331/331
f 2795/329/329 2799/332/332 2798/333/333
f 2798/333/333 2800/334/334 2797/330/330
f 2798/333/333 2802/335/335 2801/336/336
f 730/337/337 1183/338/338 64/339/339
f 731/340/340 2794/331/331 730/337/337
f 731/340/340 2796/341/341 2795/329/329
f 732/342/342 1191/343/343 2796/341/341
f 2796/341/341 1190/344/344 2799/332/332
f 2799/332/332 1189/345/345 2802/335/335
f 2802/335/335 138/346/346 924/347/347
f 2801/336/336 924/347/347 923/348/348
f 2801/336/336 922/349/349 2800/334/334
f 2800/334/334 139/350/350 1185/351/351
f 2797/330/330 1185/351/351 1184/352/352
f 2794/331/331 1184/352/352 1183/338/338
f 2803/353/353 2807/354/354 2806/355/355
f 2804/356/356 2808/357/357 2807/354/354
f 2807/354/354 2809/358/358 2806/355/355
f 2808/357/357 2810/359/359 2807/354/354
f 15/258/258 2803/353/353 460/281/281
f 426/257/257 2804/356/356 2803/353/353
f 425/256/256 2805/360/360 2804/356/356
f 424/255/255 465/298/298 2805/360/360
f 2805/360/360 464/309/309 2808/357/357
f 464/309/309 2811/361/361 2808/357/357
f 463/308/308 457/362/362 2811/361/361
f 2811/361/361 458/363/363 2810/359/359
f 2810/359/359 459/364/364 2809/358/358
f 2809/358/358 21/365/365 462/284/284
f 2806/355/355 462/284/284 461/282/282
f 460/281/281 2806/355/355 461/282/282
f 2813/366/366 2815/367/367 2812/368/368
f 2814/369/369 2816/370/370 2813/366/366
f 2815/367/367 2819/371/371 2818/372/372
f 2816/370/370 2820/373/373 2819/371/371
f 420/270/270 466/300/300 13/271/271
f 419/269/269 2812/368/368 420/270/270
f 418/268/268 2813/366/366 419/269/269
f 12/220/220 2814/369/369 418/268/268
f 471/318/318 2817/374/374 2814/369/369
f 2817/374/374 469/326/326 2820/373/373
f 2820/373/373 18/327/327 451/375/375
f 2819/371/371 451/375/375 452/376/376
f 2818/372/372 452/376/376 453/377/377
f 468/303/303 453/377/377 19/378/378
f 467/301/301 2818/372/372 468/303/303
f 2812/368/368 467/301/301 466/300/300
f 2822/379/379 2824/380/380 2821/381/381
f 2823/382/382 2825/383/383 2822/379/379
f 2824/380/380 2828/384/384 2827/385/385
f 2825/383/383 2829/386/386 2828/384/384
f 414/164/164 472/319/319 11/166/166
f 413/163/163 2821/381/381 414/164/164
f 412/162/162 2822/379/379 413/163/163
f 10/161/161 2823/382/382 412/162/162
f 477/387/387 2826/388/388 2823/382/382
f 2826/388/388 475/389/389 2829/386/386
f 2829/386/386 16/390/390 445/391/391
f 2828/384/384 445/391/391 446/392/392
f 2827/385/385 446/392/392 447/393/393
f 474/321/321 447/393/393 17/322/322
f 473/394/394 2827/385/385 474/321/321
f 2821/381/381 473/394/394 472/319/319
f 2831/395/395 2833/396/396 2830/397/397
f 2831/395/395 2835/398/398 2834/399/399
f 2834/399/399 2836/400/400 2833/396/396
f 2834/399/399 2838/401/401 2837/402/402
f 574/403/403 1200/404/404 34/405/405
f 575/406/406 2830/397/397 574/403/403
f 575/406/406 2832/407/407 2831/395/395
f 576/408/408 1164/409/409 2832/407/407
f 2832/407/407 1163/410/410 2835/398/398
f 2835/398/398 1162/411/411 2838/401/401
f 2838/401/401 133/412/412 939/413/413
f 2837/402/402 939/413/413 938/414/414
f 2837/402/402 937/415/415 2836/400/400
f 2836/400/400 134/416/416 1198/417/417
f 2833/396/396 1198/417/417 1199/418/418
f 2830/397/397 1199/418/418 1200/404/404
f 2839/419/419 2843/420/420 2842/421/421
f 2840/422/422 2844/423/423 2843/420/420
f 2843/420/420 2845/424/424 2842/421/421
f 2844/423/423 2846/425/425 2843/420/420
f 21/365/365 2839/419/419 498/426/426
f 459/364/364 2840/422/422 2839/419/419
f 458/363/363 2841/427/427 2840/422/422
f 457/362/362 499/428/428 2841/427/427
f 2841/427/427 500/429/429 2844/423/423
f 500/429/429 2847/430/430 2844/423/423
f 501/431/431 490/432/432 2847/430/430
f 2847/430/430 491/433/433 2846/425/425
f 2846/425/425 492/434/434 2845/424/424
f 2845/424/424 27/435/435 496/436/436
f 2842/421/421 496/436/436 497/437/437
f 498/426/426 2842/421/421 497/437/437
f 2849/438/438 2851/439/439 2848/440/440
f 2850/441/441 2852/442/442 2849/438/438
f 2851/439/439 2855/443/443 2854/444/444
f 2852/442/442 2856/445/445 2855/443/443
f 453/377/377 504/446/446 19/378/378
f 452/376/376 2848/440/440 453/377/377
f 451/375/375 2849/438/438 452/376/376
f 18/327/327 2850/441/441 451/375/375
f 505/447/447 2853/448/448 2850/441/441
f 2853/448/448 507/449/449 2856/445/445
f 2856/445/445 24/450/450 484/451/451
f 2855/443/443 484/451/451 485/452/452
f 2854/444/444 485/452/452 486/453/453
f 502/454/454 486/453/453 25/455/455
f 503/456/456 2854/444/444 502/454/454
f 2848/440/440 503/456/456 504/446/446
f 2858/457/457 2860/458/458 2857/459/459
f 2859/460/460 2861/461/461 2858/457/457
f 2860/458/458 2864/462/462 2863/463/463
f 2861/461/461 2865/464/464 2864/462/462
f 447/393/393 510/465/465 17/322/322
f 446/392/392 2857/459/459 447/393/393
f 445/391/391 2858/457/457 446/392/392
f 16/390/390 2859/460/460 445/391/391
f 495/138/138 2862/466/466 2859/460/460
f 2862/466/466 493/133/133 2865/464/464
f 2865/464/464 22/135/135 478/467/467
f 2864/462/462 478/467/467 479/468/468
f 2863/463/463 479/468/468 480/469/469
f 508/470/470 480/469/469 23/471/471
f 509/472/472 2863/463/463 508/470/470
f 2857/459/459 509/472/472 510/465/465
f 2866/473/473 2870/474/474 2869/475/475
f 2867/476/476 2871/477/477 2870/474/474
f 2870/474/474 2872/478/478 2869/475/475
f 2871/477/477 2873/479/479 2870/474/474
f 100/288/288 2866/473/473 1045/480/480
f 969/287/287 2867/476/476 2866/473/473
f 968/286/286 2868/481/481 2867/476/476
f 967/285/285 498/426/426 2868/481/481
f 2868/481/481 497/437/437 2871/477/477
f 497/437/437 2874/482/482 2871/477/477
f 496/436/436 970/483/483 2874/482/482
f 2874/482/482 971/484/484 2873/479/479
f 2873/479/479 972/485/485 2872/478/478
f 2872/478/478 101/486/486 1047/487/487
f 2869/475/475 1047/487/487 1046/488/488
f 1045/480/480 2869/475/475 1046/488/488
f 2875/489/489 2879/490/490 2878/491/491
f 2876/492/492 2880/493/493 2879/490/490
f 2879/490/490 2881/494/494 2878/491/491
f 2880/493/493 2882/495/495 2879/490/490
f 20/307/307 2875/489/489 499/428/428
f 456/306/306 2876/492/492 2875/489/489
f 455/305/305 2877/496/496 2876/492/492
f 454/304/304 504/446/446 2877/496/496
f 2877/496/496 503/456/456 2880/493/493
f 503/456/456 2883/497/497 2880/493/493
f 502/454/454 487/498/498 2883/497/497
f 2883/497/497 488/499/499 2882/495/495
f 2882/495/495 489/500/500 2881/494/494
f 2881/494/494 26/501/501 501/431/431
f 2878/491/491 501/431/431 500/429/429
f 499/428/428 2878/491/491 500/429/429
f 2885/502/502 2887/503/503 2884/504/504
f 2886/505/505 2888/506/506 2885/502/502
f 2887/503/503 2891/507/507 2890/508/508
f 2888/506/506 2892/509/509 2891/507/507
f 450/325/325 505/447/447 18/327/327
f 449/324/324 2884/504/504 450/325/325
f 448/323/323 2885/502/502 449/324/324
f 17/322/322 2886/505/505 448/323/323
f 510/465/465 2889/510/510 2886/505/505
f 2889/510/510 508/470/470 2892/509/509
f 2892/509/509 23/471/471 481/511/511
f 2891/507/507 481/511/511 482/512/512
f 2890/508/508 482/512/512 483/513/513
f 507/449/449 483/513/513 24/450/450
f 506/514/514 2890/508/508 507/449/449
f 2884/504/504 506/514/514 505/447/447
f 2893/515/515 2897/516/516 2896/517/517
f 2894/518/518 2898/519/519 2897/516/516
f 2897/516/516 2899/520/520 2896/517/517
f 2898/519/519 2900/521/521 2897/516/516
f 27/435/435 2893/515/515 528/522/522
f 492/434/434 2894/518/518 2893/515/515
f 491/433/433 2895/523/523 2894/518/518
f 490/432/432 529/524/524 2895/523/523
f 2895/523/523 530/525/525 2898/519/519
f 530/525/525 2901/526/526 2898/519/519
f 531/527/527 523/528/528 2901/526/526
f 2901/526/526 524/529/529 2900/521/521
f 2900/521/521 525/530/530 2899/520/520
f 2899/520/520 33/531/531 526/532/532
f 2896/517/517 526/532/532 527/533/533
f 528/522/522 2896/517/517 527/533/533
f 2903/534/534 2905/535/535 2902/536/536
f 2904/537/537 2906/538/538 2903/534/534
f 2905/535/535 2909/539/539 2908/540/540
f 2906/538/538 2910/541/541 2909/539/539
f 486/453/453 534/542/542 25/455/455
f 485/452/452 2902/536/536 486/453/453
f 484/451/451 2903/534/534 485/452/452
f 24/450/450 2904/537/537 484/451/451
f 535/543/543 2907/544/544 2904/537/537
f 2907/544/544 537/545/545 2910/541/541
f 2910/541/541 30/546/546 517/547/547
f 2909/539/539 517/547/547 518/548/548
f 2908/540/540 518/548/548 519/549/549
f 532/550/550 519/549/549 31/551/551
f 533/552/552 2908/540/540 532/550/550
f 2902/536/536 533/552/552 534/542/542
f 2912/553/553 2914/554/554 2911/555/555
f 2913/556/556 2915/557/557 2912/553/553
f 2914/554/554 2918/558/558 2917/559/559
f 2915/557/557 2919/560/560 2918/558/558
f 480/469/469 540/561/561 23/471/471
f 479/468/468 2911/555/555 480/469/469
f 478/467/467 2912/553/553 479/468/468
f 22/135/135 2913/556/556 478/467/467
f 541/562/562 2916/563/563 2913/556/556
f 2916/563/563 543/564/564 2919/560/560
f 2919/560/560 28/565/565 511/566/566
f 2918/558/558 511/566/566 512/567/567
f 2917/559/559 512/567/567 513/568/568
f 538/569/569 513/568/568 29/570/570
f 539/571/571 2917/559/559 538/569/569
f 2911/555/555 539/571/571 540/561/561
f 2920/572/572 2924/573/573 2923/574/574
f 2921/575/575 2925/576/576 2924/573/573
f 2924/573/573 2926/577/577 2923/574/574
f 2925/576/576 2927/578/578 2924/573/573
f 101/486/486 2920/572/572 1042/579/579
f 972/485/485 2921/575/575 2920/572/572
f 971/484/484 2922/580/580 2921/575/575
f 970/483/483 528/522/522 2922/580/580
f 2922/580/580 527/533/533 2925/576/576
f 527/533/533 2928/581/581 2925/576/576
f 526/532/532 973/582/582 2928/581/581
f 2928/581/581 974/583/583 2927/578/578
f 2927/578/578 975/584/584 2926/577/577
f 2926/577/577 102/585/585 1044/586/586
f 2923/574/574 1044/586/586 1043/587/587
f 1042/579/579 2923/574/574 1043/587/587
f 2929/588/588 2933/589/589 2932/590/590
f 2930/591/591 2934/592/592 2933/589/589
f 2933/589/589 2935/593/593 2932/590/590
f 2934/592/592 2936/594/594 2933/589/589
f 26/501/501 2929/588/588 529/524/524
f 489/500/500 2930/591/591 2929/588/588
f 488/499/499 2931/595/595 2930/591/591
f 487/498/498 534/542/542 2931/595/595
f 2931/595/595 533/552/552 2934/592/592
f 533/552/552 2937/596/596 2934/592/592
f 532/550/550 520/597/597 2937/596/596
f 2937/596/596 521/598/598 2936/594/594
f 2936/594/594 522/599/599 2935/593/593
f 2935/593/593 32/600/600 531/527/527
f 2932/590/590 531/527/527 530/525/525
f 529/524/524 2932/590/590 530/525/525
f 2939/601/601 2941/602/602 2938/603/603
f 2940/604/604 2942/605/605 2939/601/601
f 2941/602/602 2945/606/606 2944/607/607
f 2942/605/605 2946/608/608 2945/606/606
f 483/513/513 535/543/543 24/450/450
f 482/512/512 2938/603/603 483/513/513
f 481/511/511 2939/601/601 482/512/512
f 23/471/471 2940/604/604 481/511/511
f 540/561/561 2943/609/609 2940/604/604
f 2943/609/609 538/569/569 2946/608/608
f 2946/608/608 29/570/570 514/610/610
f 2945/606/606 514/610/610 515/611/611
f 2944/607/607 515/611/611 516/612/612
f 537/545/545 516/612/612 30/546/546
f 536/613/613 2944/607/607 537/545/545
f 2938/603/603 536/613/613 535/543/543
f 2948/614/614 2950/615/615 2947/616/616
f 2948/614/614 2952/617/617 2951/618/618
f 2951/618/618 2953/619/619 2950/615/615
f 2951/618/618 2955/620/620 2954/621/621
f 909/64/64 1153/622/622 4/65/65
f 908/623/623 2947/616/616 909/64/64
f 908/623/623 2949/624/624 2948/614/614
f 907/62/62 1182/625/625 2949/624/624
f 2949/624/624 1181/626/626 2952/617/617
f 2952/617/617 1180/627/627 2955/620/620
f 2955/620/620 144/628/628 874/629/629
f 2954/621/621 874/629/629 875/630/630
f 2954/621/621 876/631/631 2953/619/619
f 2953/619/619 94/632/632 1155/633/633
f 2950/615/615 1155/633/633 1154/634/634
f 2947/616/616 1154/634/634 1153/622/622
f 2956/635/635 2960/636/636 2959/637/637
f 2957/638/638 2961/639/639 2960/636/636
f 2960/636/636 2962/640/640 2959/637/637
f 2961/639/639 2963/641/641 2960/636/636
f 102/585/585 2956/635/635 1039/642/642
f 975/584/584 2957/638/638 2956/635/635
f 974/583/583 2958/643/643 2957/638/638
f 973/582/582 559/644/644 2958/643/643
f 2958/643/643 560/645/645 2961/639/639
f 560/645/645 2964/646/646 2961/639/639
f 561/647/647 976/648/648 2964/646/646
f 2964/646/646 977/649/649 2963/641/641
f 2963/641/641 978/650/650 2962/640/640
f 2962/640/640 103/651/651 1041/652/652
f 2959/637/637 1041/652/652 1040/653/653
f 1039/642/642 2959/637/637 1040/653/653
f 2965/654/654 2969/655/655 2968/656/656
f 2966/657/657 2970/658/658 2969/655/655
f 2969/655/655 2971/659/659 2968/656/656
f 2970/658/658 2972/660/660 2969/655/655
f 32/600/600 2965/654/654 564/661/661
f 522/599/599 2966/657/657 2965/654/654
f 521/598/598 2967/662/662 2966/657/657
f 520/597/597 565/663/663 2967/662/662
f 2967/662/662 566/664/664 2970/658/658
f 566/664/664 2973/665/665 2970/658/658
f 567/666/666 553/667/667 2973/665/665
f 2973/665/665 554/668/668 2972/660/660
f 2972/660/660 555/669/669 2971/659/659
f 2971/659/659 38/670/670 562/671/671
f 2968/656/656 562/671/671 563/672/672
f 564/661/661 2968/656/656 563/672/672
f 2975/673/673 2977/674/674 2974/675/675
f 2976/676/676 2978/677/677 2975/673/673
f 2977/674/674 2981/678/678 2980/679/679
f 2978/677/677 2982/680/680 2981/678/678
f 516/612/612 570/681/681 30/546/546
f 515/611/611 2974/675/675 516/612/612
f 514/610/610 2975/673/673 515/611/611
f 29/570/570 2976/676/676 514/610/610
f 571/682/682 2979/683/683 2976/676/676
f 2979/683/683 573/684/684 2982/680/680
f 2982/680/680 35/685/685 547/686/686
f 2981/678/678 547/686/686 548/687/687
f 2980/679/679 548/687/687 549/688/688
f 568/689/689 549/688/688 36/690/690
f 569/691/691 2980/679/679 568/689/689
f 2974/675/675 569/691/691 570/681/681
f 2984/692/692 2986/693/693 2983/694/694
f 2984/692/692 2988/695/695 2987/696/696
f 2987/696/696 2989/697/697 2986/693/693
f 2987/696/696 2991/698/698 2990/699/699
f 642/700/700 1197/236/236 46/701/701
f 641/702/702 2983/694/694 642/700/700
f 641/702/702 2985/703/703 2984/692/692
f 640/704/704 1192/705/705 2985/703/703
f 2985/703/703 1193/706/706 2988/695/695
f 2988/695/695 1194/707/707 2991/698/698
f 2991/698/698 135/708/708 931/709/709
f 2990/699/699 931/709/709 932/710/710
f 2990/699/699 933/711/711 2989/697/697
f 2989/697/697 136/239/239 1195/238/238
f 2986/693/693 1195/238/238 1196/237/237
f 2983/694/694 1196/237/237 1197/236/236
f 2992/712/712 2996/713/713 2995/714/714
f 2993/715/715 2997/716/716 2996/713/713
f 2996/713/713 2998/717/717 2995/714/714
f 2997/716/716 2999/718/718 2996/713/713
f 33/531/531 2992/712/712 559/644/644
f 525/530/530 2993/715/715 2992/712/712
f 524/529/529 2994/719/719 2993/715/715
f 523/528/528 564/661/661 2994/719/719
f 2994/719/719 563/672/672 2997/716/716
f 563/672/672 3000/720/720 2997/716/716
f 562/671/671 556/721/721 3000/720/720
f 3000/720/720 557/722/722 2999/718/718
f 2999/718/718 558/723/723 2998/717/717
f 2998/717/717 39/724/724 561/647/647
f 2995/714/714 561/647/647 560/645/645
f 559/644/644 2995/714/714 560/645/645
f 3002/725/725 3004/726/726 3001/727/727
f 3003/728/728 3005/729/729 3002/725/725
f 3004/726/726 3008/730/730 3007/731/731
f 3005/729/729 3009/732/732 3008/730/730
f 519/549/549 565/663/663 31/551/551
f 518/548/548 3001/727/727 519/549/549
f 517/547/547 3002/725/725 518/548/548
f 30/546/546 3003/728/728 517/547/547
f 570/681/681 3006/733/733 3003/728/728
f 3006/733/733 568/689/689 3009/732/732
f 3009/732/732 36/690/690 550/734/734
f 3008/730/730 550/734/734 551/735/735
f 3007/731/731 551/735/735 552/736/736
f 567/666/666 552/736/736 37/737/737
f 566/664/664 3007/731/731 567/666/666
f 3001/727/727 566/664/664 565/663/663
f 3011/738/738 3013/739/739 3010/740/740
f 3012/741/741 3014/742/742 3011/738/738
f 3013/739/739 3017/743/743 3016/744/744
f 3014/742/742 3018/745/745 3017/743/743
f 513/568/568 571/682/682 29/570/570
f 512/567/567 3010/740/740 513/568/568
f 511/566/566 3011/738/738 512/567/567
f 28/565/565 3012/741/741 511/566/566
f 576/408/408 3015/746/746 3012/741/741
f 3015/746/746 574/403/403 3018/745/745
f 3018/745/745 34/405/405 544/747/747
f 3017/743/743 544/747/747 545/748/748
f 3016/744/744 545/748/748 546/749/749
f 573/684/684 546/749/749 35/685/685
f 572/750/750 3016/744/744 573/684/684
f 3010/740/740 572/750/750 571/682/682
f 3019/751/751 3023/752/752 3022/753/753
f 3020/754/754 3024/755/755 3023/752/752
f 3023/752/752 3025/756/756 3022/753/753
f 3024/755/755 3026/757/757 3023/752/752
f 38/670/670 3019/751/751 594/758/758
f 555/669/669 3020/754/754 3019/751/751
f 554/668/668 3021/759/759 3020/754/754
f 553/667/667 595/760/760 3021/759/759
f 3021/759/759 596/761/761 3024/755/755
f 596/761/761 3027/762/762 3024/755/755
f 597/763/763 586/764/764 3027/762/762
f 3027/762/762 587/765/765 3026/757/757
f 3026/757/757 588/766/766 3025/756/756
f 3025/756/756 44/767/767 592/768/768
f 3022/753/753 592/768/768 593/769/769
f 594/758/758 3022/753/753 593/769/769
f 3029/770/770 3031/771/771 3028/772/772
f 3030/773/773 3032/774/774 3029/770/770
f 3031/771/771 3035/775/775 3034/776/776
f 3032/774/774 3036/777/777 3035/775/775
f 549/688/688 600/778/778 36/690/690
f 548/687/687 3028/772/772 549/688/688
f 547/686/686 3029/770/770 548/687/687
f 35/685/685 3030/773/773 547/686/686
f 601/779/779 3033/780/780 3030/773/773
f 3033/780/780 603/781/781 3036/777/777
f 3036/777/777 41/782/782 580/783/783
f 3035/775/775 580/783/783 581/784/784
f 3034/776/776 581/784/784 582/785/785
f 598/786/786 582/785/785 42/787/787
f 599/788/788 3034/776/776 598/786/786
f 3028/772/772 599/788/788 600/778/778
f 3038/789/789 3040/790/790 3037/791/791
f 3038/789/789 3042/792/792 3041/793/793
f 3041/793/793 3043/794/794 3040/790/790
f 3041/793/793 3045/795/795 3044/796/796
f 706/797/797 1191/343/343 58/798/798
f 707/799/799 3037/791/791 706/797/797
f 707/799/799 3039/800/800 3038/789/789
f 708/801/801 1186/231/231 3039/800/800
f 3039/800/800 1187/245/245 3042/792/792
f 3042/792/792 1188/244/244 3045/795/795
f 3045/795/795 137/243/243 927/802/802
f 3044/796/796 927/802/802 926/803/803
f 3044/796/796 925/804/804 3043/794/794
f 3043/794/794 138/346/346 1189/345/345
f 3040/790/790 1189/345/345 1190/344/344
f 3037/791/791 1190/344/344 1191/343/343
f 3046/805/805 3050/806/806 3049/807/807
f 3047/808/808 3051/809/809 3050/806/806
f 3050/806/806 3052/810/810 3049/807/807
f 3051/809/809 3053/811/811 3050/806/806
f 39/724/724 3046/805/805 609/812/812
f 558/723/723 3047/808/808 3046/805/805
f 557/722/722 3048/813/813 3047/808/808
f 556/721/721 594/758/758 3048/813/813
f 3048/813/813 593/769/769 3051/809/809
f 593/769/769 3054/814/814 3051/809/809
f 592/768/768 589/815/815 3054/814/814
f 3054/814/814 590/816/816 3053/811/811
f 3053/811/811 591/817/817 3052/810/810
f 3052/810/810 45/818/818 607/819/819
f 3049/807/807 607/819/819 608/820/820
f 609/812/812 3049/807/807 608/820/820
f 3056/821/821 3058/822/822 3055/823/823
f 3057/824/824 3059/825/825 3056/821/821
f 3058/822/822 3062/826/826 3061/827/827
f 3059/825/825 3063/828/828 3062/826/826
f 552/736/736 595/760/760 37/737/737
f 551/735/735 3055/823/823 552/736/736
f 550/734/734 3056/821/821 551/735/735
f 36/690/690 3057/824/824 550/734/734
f 600/778/778 3060/829/829 3057/824/824
f 3060/829/829 598/786/786 3063/828/828
f 3063/828/828 42/787/787 583/830/830
f 3062/826/826 583/830/830 584/831/831
f 3061/827/827 584/831/831 585/832/832
f 597/763/763 585/832/832 43/833/833
f 596/761/761 3061/827/827 597/763/763
f 3055/823/823 596/761/761 595/760/760
f 3065/834/834 3067/835/835 3064/836/836
f 3066/837/837 3068/838/838 3065/834/834
f 3067/835/835 3071/839/839 3070/840/840
f 3068/838/838 3072/841/841 3071/839/839
f 546/749/749 601/779/779 35/685/685
f 545/748/748 3064/836/836 546/749/749
f 544/747/747 3065/834/834 545/748/748
f 34/405/405 3066/837/837 544/747/747
f 606/842/842 3069/843/843 3066/837/837
f 3069/843/843 604/844/844 3072/841/841
f 3072/841/841 40/845/845 577/846/846
f 3071/839/839 577/846/846 578/847/847
f 3070/840/840 578/847/847 579/848/848
f 603/781/781 579/848/848 41/782/782
f 602/849/849 3070/840/840 603/781/781
f 3064/836/836 602/849/849 601/779/779
f 3073/850/850 3077/851/851 3076/852/852
f 3074/853/853 3078/854/854 3077/851/851
f 3077/851/851 3079/855/855 3076/852/852
f 3078/854/854 3080/856/856 3077/851/851
f 103/651/651 3073/850/850 1036/857/857
f 978/650/650 3074/853/853 3073/850/850
f 977/649/649 3075/858/858 3074/853/853
f 976/648/648 609/812/812 3075/858/858
f 3075/858/858 608/820/820 3078/854/854
f 608/820/820 3081/859/859 3078/854/854
f 607/819/819 979/860/860 3081/859/859
f 3081/859/859 980/861/861 3080/856/856
f 3080/856/856 981/862/862 3079/855/855
f 3079/855/855 104/863/863 1038/864/864
f 3076/852/852 1038/864/864 1037/865/865
f 1036/857/857 3076/852/852 1037/865/865
f 3082/866/866 3086/867/867 3085/868/868
f 3083/869/869 3087/870/870 3086/867/867
f 3086/867/867 3088/871/871 3085/868/868
f 3087/870/870 3089/872/872 3086/867/867
f 45/818/818 3082/866/866 627/873/873
f 591/817/817 3083/869/869 3082/866/866
f 590/816/816 3084/874/874 3083/869/869
f 589/815/815 628/875/875 3084/874/874
f 3084/874/874 629/876/876 3087/870/870
f 629/876/876 3090/877/877 3087/870/870
f 630/878/878 622/879/879 3090/877/877
f 3090/877/877 623/880/880 3089/872/872
f 3089/872/872 624/881/881 3088/871/871
f 3088/871/871 51/882/882 625/883/883
f 3085/868/868 625/883/883 626/884/884
f 627/873/873 3085/868/868 626/884/884
f 3092/885/885 3094/886/886 3091/887/887
f 3093/888/888 3095/889/889 3092/885/885
f 3094/886/886 3098/890/890 3097/891/891
f 3095/889/889 3099/892/892 3098/890/890
f 585/832/832 633/893/893 43/833/833
f 584/831/831 3091/887/887 585/832/832
f 583/830/830 3092/885/885 584/831/831
f 42/787/787 3093/888/888 583/830/830
f 634/894/894 3096/895/895 3093/888/888
f 3096/895/895 636/896/896 3099/892/892
f 3099/892/892 48/897/897 616/898/898
f 3098/890/890 616/898/898 617/899/899
f 3097/891/891 617/899/899 618/900/900
f 631/901/901 618/900/900 49/902/902
f 632/903/903 3097/891/891 631/901/901
f 3091/887/887 632/903/903 633/893/893
f 3101/904/904 3103/905/905 3100/906/906
f 3102/907/907 3104/908/908 3101/904/904
f 3103/905/905 3107/909/909 3106/910/910
f 3104/908/908 3108/911/911 3107/909/909
f 579/848/848 639/912/912 41/782/782
f 578/847/847 3100/906/906 579/848/848
f 577/846/846 3101/904/904 578/847/847
f 40/845/845 3102/907/907 577/846/846
f 640/704/704 3105/913/913 3102/907/907
f 3105/913/913 642/700/700 3108/911/911
f 3108/911/911 46/701/701 610/914/914
f 3107/909/909 610/914/914 611/915/915
f 3106/910/910 611/915/915 612/916/916
f 637/917/917 612/916/916 47/918/918
f 638/919/919 3106/910/910 637/917/917
f 3100/906/906 638/919/919 639/912/912
f 3109/920/920 3113/921/921 3112/922/922
f 3110/923/923 3114/924/924 3113/921/921
f 3113/921/921 3115/925/925 3112/922/922
f 3114/924/924 3116/926/926 3113/921/921
f 104/863/863 3109/920/920 1033/927/927
f 981/862/862 3110/923/923 3109/920/920
f 980/861/861 3111/928/928 3110/923/923
f 979/860/860 627/873/873 3111/928/928
f 3111/928/928 626/884/884 3114/924/924
f 626/884/884 3117/929/929 3114/924/924
f 625/883/883 982/930/930 3117/929/929
f 3117/929/929 983/931/931 3116/926/926
f 3116/926/926 984/932/932 3115/925/925
f 3115/925/925 105/933/933 1035/934/934
f 3112/922/922 1035/934/934 1034/935/935
f 1033/927/927 3112/922/922 1034/935/935
f 3118/936/936 3122/937/937 3121/938/938
f 3119/939/939 3123/940/940 3122/937/937
f 3122/937/937 3124/941/941 3121/938/938
f 3123/940/940 3125/942/942 3122/937/937
f 44/767/767 3118/936/936 628/875/875
f 588/766/766 3119/939/939 3118/936/936
f 587/765/765 3120/943/943 3119/939/939
f 586/764/764 633/893/893 3120/943/943
f 3120/943/943 632/903/903 3123/940/940
f 632/903/903 3126/944/944 3123/940/940
f 631/901/901 619/945/945 3126/944/944
f 3126/944/944 620/946/946 3125/942/942
f 3125/942/942 621/947/947 3124/941/941
f 3124/941/941 50/948/948 630/878/878
f 3121/938/938 630/878/878 629/876/876
f 628/875/875 3121/938/938 629/876/876
f 3128/949/949 3130/950/950 3127/951/951
f 3129/952/952 3131/953/953 3128/949/949
f 3130/950/950 3134/954/954 3133/955/955
f 3131/953/953 3135/956/956 3134/954/954
f 582/785/785 634/894/894 42/787/787
f 581/784/784 3127/951/951 582/785/785
f 580/783/783 3128/949/949 581/784/784
f 41/782/782 3129/952/952 580/783/783
f 639/912/912 3132/957/957 3129/952/952
f 3132/957/957 637/917/917 3135/956/956
f 3135/956/956 47/918/918 613/958/958
f 3134/954/954 613/958/958 614/959/959
f 3133/955/955 614/959/959 615/960/960
f 636/896/896 615/960/960 48/897/897
f 635/961/961 3133/955/955 636/896/896
f 3127/951/951 635/961/961 634/894/894
f 3137/962/962 3139/963/963 3136/964/964
f 3137/962/962 3141/965/965 3140/966/966
f 3140/966/966 3142/967/967 3139/963/963
f 3140/966/966 3144/968/968 3143/969/969
f 774/970/970 1174/971/971 70/972/972
f 773/973/973 3136/964/964 774/970/970
f 773/973/973 3138/974/974 3137/962/962
f 772/975/975 1183/338/338 3138/974/974
f 3138/974/974 1184/352/352 3141/965/965
f 3141/965/965 1185/351/351 3144/968/968
f 3144/968/968 139/350/350 919/976/976
f 3143/969/969 919/976/976 920/977/977
f 3143/969/969 921/978/978 3142/967/967
f 3142/967/967 140/979/979 1176/980/980
f 3139/963/963 1176/980/980 1175/981/981
f 3136/964/964 1175/981/981 1174/971/971
f 3146/982/982 3148/983/983 3145/984/984
f 3147/985/985 3149/986/986 3146/982/982
f 3148/983/983 3152/987/987 3151/988/988
f 3149/986/986 3153/989/989 3152/987/987
f 618/900/900 660/990/990 49/902/902
f 617/899/899 3145/984/984 618/900/900
f 616/898/898 3146/982/982 617/899/899
f 48/897/897 3147/985/985 616/898/898
f 661/991/991 3150/992/992 3147/985/985
f 3150/992/992 663/993/993 3153/989/989
f 3153/989/989 54/994/994 649/995/995
f 3152/987/987 649/995/995 650/996/996
f 3151/988/988 650/996/996 651/997/997
f 658/998/998 651/997/997 55/999/999
f 659/1000/1000 3151/988/988 658/998/998
f 3145/984/984 659/1000/1000 660/990/990
f 3155/1001/1001 3157/1002/1002 3154/1003/1003
f 3156/1004/1004 3158/1005/1005 3155/1001/1001
f 3157/1002/1002 3161/1006/1006 3160/1007/1007
f 3158/1005/1005 3162/1008/1008 3161/1006/1006
f 612/916/916 666/1009/1009 47/918/918
f 611/915/915 3154/1003/1003 612/916/916
f 610/914/914 3155/1001/1001 611/915/915
f 46/701/701 3156/1004/1004 610/914/914
f 667/235/235 3159/1010/1010 3156/1004/1004
f 3159/1010/1010 669/230/230 3162/1008/1008
f 3162/1008/1008 52/232/232 643/1011/1011
f 3161/1006/1006 643/1011/1011 644/1012/1012
f 3160/1007/1007 644/1012/1012 645/1013/1013
f 664/1014/1014 645/1013/1013 53/1015/1015
f 665/1016/1016 3160/1007/1007 664/1014/1014
f 3154/1003/1003 665/1016/1016 666/1009/1009
f 3163/1017/1017 3167/1018/1018 3166/1019/1019
f 3164/1020/1020 3168/1021/1021 3167/1018/1018
f 3167/1018/1018 3169/1022/1022 3166/1019/1019
f 3168/1021/1021 3170/1023/1023 3167/1018/1018
f 105/933/933 3163/1017/1017 1030/1024/1024
f 984/932/932 3164/1020/1020 3163/1017/1017
f 983/931/931 3165/1025/1025 3164/1020/1020
f 982/930/930 670/1026/1026 3165/1025/1025
f 3165/1025/1025 671/1027/1027 3168/1021/1021
f 671/1027/1027 3171/1028/1028 3168/1021/1021
f 672/1029/1029 985/1030/1030 3171/1028/1028
f 3171/1028/1028 986/1031/1031 3170/1023/1023
f 3170/1023/1023 987/1032/1032 3169/1022/1022
f 3169/1022/1022 106/1033/1033 1032/1034/1034
f 3166/1019/1019 1032/1034/1034 1031/1035/1035
f 1030/1024/1024 3166/1019/1019 1031/1035/1035
f 3172/1036/1036 3176/1037/1037 3175/1038/1038
f 3173/1039/1039 3177/1040/1040 3176/1037/1037
f 3176/1037/1037 3178/1041/1041 3175/1038/1038
f 3177/1040/1040 3179/1042/1042 3176/1037/1037
f 50/948/948 3172/1036/1036 675/1043/1043
f 621/947/947 3173/1039/1039 3172/1036/1036
f 620/946/946 3174/1044/1044 3173/1039/1039
f 619/945/945 660/990/990 3174/1044/1044
f 3174/1044/1044 659/1000/1000 3177/1040/1040
f 659/1000/1000 3180/1045/1045 3177/1040/1040
f 658/998/998 652/1046/1046 3180/1045/1045
f 3180/1045/1045 653/1047/1047 3179/1042/1042
f 3179/1042/1042 654/1048/1048 3178/1041/1041
f 3178/1041/1041 56/1049/1049 673/1050/1050
f 3175/1038/1038 673/1050/1050 674/1051/1051
f 675/1043/1043 3175/1038/1038 674/1051/1051
f 3182/1052/1052 3184/1053/1053 3181/1054/1054
f 3183/1055/1055 3185/1056/1056 3182/1052/1052
f 3184/1053/1053 3188/1057/1057 3187/1058/1058
f 3185/1056/1056 3189/1059/1059 3188/1057/1057
f 615/960/960 661/991/991 48/897/897
f 614/959/959 3181/1054/1054 615/960/960
f 613/958/958 3182/1052/1052 614/959/959
f 47/918/918 3183/1055/1055 613/958/958
f 666/1009/1009 3186/1060/1060 3183/1055/1055
f 3186/1060/1060 664/1014/1014 3189/1059/1059
f 3189/1059/1059 53/1015/1015 646/1061/1061
f 3188/1057/1057 646/1061/1061 647/1062/1062
f 3187/1058/1058 647/1062/1062 648/1063/1063
f 663/993/993 648/1063/1063 54/994/994
f 662/1064/1064 3187/1058/1058 663/993/993
f 3181/1054/1054 662/1064/1064 661/991/991
f 3191/1065/1065 3193/1066/1066 3190/1067/1067
f 3191/1065/1065 3195/1068/1068 3194/1069/1069
f 3194/1069/1069 3196/1070/1070 3193/1066/1066
f 3194/1069/1069 3198/1071/1071 3197/1072/1072
f 885/1073/1073 1182/625/625 95/61/61
f 884/1074/1074 3190/1067/1067 885/1073/1073
f 884/1074/1074 3192/1075/1075 3191/1065/1065
f 883/1076/1076 1173/1077/1077 3192/1075/1075
f 3192/1075/1075 1172/1078/1078 3195/1068/1068
f 3195/1068/1068 1171/1079/1079 3198/1071/1071
f 3198/1071/1071 143/1080/1080 898/1081/1081
f 3197/1072/1072 898/1081/1081 899/1082/1082
f 3197/1072/1072 900/1083/1083 3196/1070/1070
f 3196/1070/1070 144/628/628 1180/627/627
f 3193/1066/1066 1180/627/627 1181/626/626
f 3190/1067/1067 1181/626/626 1182/625/625
f 3199/1084/1084 3203/1085/1085 3202/1086/1086
f 3200/1087/1087 3204/1088/1088 3203/1085/1085
f 3203/1085/1085 3205/1089/1089 3202/1086/1086
f 3204/1088/1088 3206/1090/1090 3203/1085/1085
f 51/882/882 3199/1084/1084 670/1026/1026
f 624/881/881 3200/1087/1087 3199/1084/1084
f 623/880/880 3201/1091/1091 3200/1087/1087
f 622/879/879 675/1043/1043 3201/1091/1091
f 3201/1091/1091 674/1051/1051 3204/1088/1088
f 674/1051/1051 3207/1092/1092 3204/1088/1088
f 673/1050/1050 655/1093/1093 3207/1092/1092
f 3207/1092/1092 656/1094/1094 3206/1090/1090
f 3206/1090/1090 657/1095/1095 3205/1089/1089
f 3205/1089/1089 57/1096/1096 672/1029/1029
f 3202/1086/1086 672/1029/1029 671/1027/1027
f 670/1026/1026 3202/1086/1086 671/1027/1027
f 3208/1097/1097 3212/1098/1098 3211/1099/1099
f 3209/1100/1100 3213/1101/1101 3212/1098/1098
f 3212/1098/1098 3214/1102/1102 3211/1099/1099
f 3213/1101/1101 3215/1103/1103 3212/1098/1098
f 106/1033/1033 3208/1097/1097 1027/1104/1104
f 987/1032/1032 3209/1100/1100 3208/1097/1097
f 986/1031/1031 3210/1105/1105 3209/1100/1100
f 985/1030/1030 691/1106/1106 3210/1105/1105
f 3210/1105/1105 692/1107/1107 3213/1101/1101
f 692/1107/1107 3216/1108/1108 3213/1101/1101
f 693/1109/1109 988/1110/1110 3216/1108/1108
f 3216/1108/1108 989/1111/1111 3215/1103/1103
f 3215/1103/1103 990/1112/1112 3214/1102/1102
f 3214/1102/1102 107/1113/1113 1029/1114/1114
f 3211/1099/1099 1029/1114/1114 1028/1115/1115
f 1027/1104/1104 3211/1099/1099 1028/1115/1115
f 3217/1116/1116 3221/1117/1117 3220/1118/1118
f 3218/1119/1119 3222/1120/1120 3221/1117/1117
f 3221/1117/1117 3223/1121/1121 3220/1118/1118
f 3222/1120/1120 3224/1122/1122 3221/1117/1117
f 56/1049/1049 3217/1116/1116 696/1123/1123
f 654/1048/1048 3218/1119/1119 3217/1116/1116
f 653/1047/1047 3219/1124/1124 3218/1119/1119
f 652/1046/1046 697/1125/1125 3219/1124/1124
f 3219/1124/1124 698/1126/1126 3222/1120/1120
f 698/1126/1126 3225/1127/1127 3222/1120/1120
f 699/1128/1128 685/1129/1129 3225/1127/1127
f 3225/1127/1127 686/1130/1130 3224/1122/1122
f 3224/1122/1122 687/1131/1131 3223/1121/1121
f 3223/1121/1121 62/1132/1132 694/1133/1133
f 3220/1118/1118 694/1133/1133 695/1134/1134
f 696/1123/1123 3220/1118/1118 695/1134/1134
f 3227/1135/1135 3229/1136/1136 3226/1137/1137
f 3228/1138/1138 3230/1139/1139 3227/1135/1135
f 3229/1136/1136 3233/1140/1140 3232/1141/1141
f 3230/1139/1139 3234/1142/1142 3233/1140/1140
f 648/1063/1063 702/1143/1143 54/994/994
f 647/1062/1062 3226/1137/1137 648/1063/1063
f 646/1061/1061 3227/1135/1135 647/1062/1062
f 53/1015/1015 3228/1138/1138 646/1061/1061
f 703/1144/1144 3231/1145/1145 3228/1138/1138
f 3231/1145/1145 705/1146/1146 3234/1142/1142
f 3234/1142/1142 59/1147/1147 679/1148/1148
f 3233/1140/1140 679/1148/1148 680/1149/1149
f 3232/1141/1141 680/1149/1149 681/1150/1150
f 700/1151/1151 681/1150/1150 60/1152/1152
f 701/1153/1153 3232/1141/1141 700/1151/1151
f 3226/1137/1137 701/1153/1153 702/1143/1143
f 3236/1154/1154 3238/1155/1155 3235/1156/1156
f 3236/1154/1154 3240/1157/1157 3239/1158/1158
f 3239/1158/1158 3241/1159/1159 3238/1155/1155
f 3239/1158/1158 3243/1160/1160 3242/1161/1161
f 838/1162/1162 1168/1163/1163 82/1164/1164
f 839/1165/1165 3235/1156/1156 838/1162/1162
f 839/1165/1165 3237/1166/1166 3236/1154/1154
f 840/1167/1167 1179/1168/1168 3237/1166/1166
f 3237/1166/1166 1178/1169/1169 3240/1157/1157
f 3240/1157/1157 1177/1170/1170 3243/1160/1160
f 3243/1160/1160 141/1171/1171 915/1172/1172
f 3242/1161/1161 915/1172/1172 914/1173/1173
f 3242/1161/1161 913/1174/1174 3241/1159/1159
f 3241/1159/1159 142/1175/1175 1170/1176/1176
f 3238/1155/1155 1170/1176/1176 1169/1177/1177
f 3235/1156/1156 1169/1177/1177 1168/1163/1163
f 3244/1178/1178 3248/1179/1179 3247/1180/1180
f 3245/1181/1181 3249/1182/1182 3248/1179/1179
f 3248/1179/1179 3250/1183/1183 3247/1180/1180
f 3249/1182/1182 3251/1184/1184 3248/1179/1179
f 57/1096/1096 3244/1178/1178 691/1106/1106
f 657/1095/1095 3245/1181/1181 3244/1178/1178
f 656/1094/1094 3246/1185/1185 3245/1181/1181
f 655/1093/1093 696/1123/1123 3246/1185/1185
f 3246/1185/1185 695/1134/1134 3249/1182/1182
f 695/1134/1134 3252/1186/1186 3249/1182/1182
f 694/1133/1133 688/1187/1187 3252/1186/1186
f 3252/1186/1186 689/1188/1188 3251/1184/1184
f 3251/1184/1184 690/1189/1189 3250/1183/1183
f 3250/1183/1183 63/1190/1190 693/1109/1109
f 3247/1180/1180 693/1109/1109 692/1107/1107
f 691/1106/1106 3247/1180/1180 692/1107/1107
f 3254/1191/1191 3256/1192/1192 3253/1193/1193
f 3255/1194/1194 3257/1195/1195 3254/1191/1191
f 3256/1192/1192 3260/1196/1196 3259/1197/1197
f 3257/1195/1195 3261/1198/1198 3260/1196/1196
f 651/997/997 697/1125/1125 55/999/999
f 650/996/996 3253/1193/1193 651/997/997
f 649/995/995 3254/1191/1191 650/996/996
f 54/994/994 3255/1194/1194 649/995/995
f 702/1143/1143 3258/1199/1199 3255/1194/1194
f 3258/1199/1199 700/1151/1151 3261/1198/1198
f 3261/1198/1198 60/1152/1152 682/1200/1200
f 3260/1196/1196 682/1200/1200 683/1201/1201
f 3259/1197/1197 683/1201/1201 684/1202/1202
f 699/1128/1128 684/1202/1202 61/1203/1203
f 698/1126/1126 3259/1197/1197 699/1128/1128
f 3253/1193/1193 698/1126/1126 697/1125/1125
f 3263/1204/1204 3265/1205/1205 3262/1206/1206
f 3264/1207/1207 3266/1208/1208 3263/1204/1204
f 3265/1205/1205 3269/1209/1209 3268/1210/1210
f 3266/1208/1208 3270/1211/1211 3269/1209/1209
f 645/1013/1013 703/1144/1144 53/1015/1015
f 644/1012/1012 3262/1206/1206 645/1013/1013
f 643/1011/1011 3263/1204/1204 644/1012/1012
f 52/232/232 3264/1207/1207 643/1011/1011
f 708/801/801 3267/1212/1212 3264/1207/1207
f 3267/1212/1212 706/797/797 3270/1211/1211
f 3270/1211/1211 58/798/798 676/1213/1213
f 3269/1209/1209 676/1213/1213 677/1214/1214
f 3268/1210/1210 677/1214/1214 678/1215/1215
f 705/1146/1146 678/1215/1215 59/1147/1147
f 704/1216/1216 3268/1210/1210 705/1146/1146
f 3262/1206/1206 704/1216/1216 703/1144/1144
f 3272/1217/1217 3274/1218/1218 3271/1219/1219
f 3273/1220/1220 3275/1221/1221 3272/1217/1217
f 3274/1218/1218 3278/1222/1222 3277/1223/1223
f 3275/1221/1221 3279/1224/1224 3278/1222/1222
f 681/1150/1150 726/1225/1225 60/1152/1152
f 680/1149/1149 3271/1219/1219 681/1150/1150
f 679/1148/1148 3272/1217/1217 680/1149/1149
f 59/1147/1147 3273/1220/1220 679/1148/1148
f 727/1226/1226 3276/1227/1227 3273/1220/1220
f 3276/1227/1227 729/1228/1228 3279/1224/1224
f 3279/1224/1224 65/1229/1229 712/1230/1230
f 3278/1222/1222 712/1230/1230 713/1231/1231
f 3277/1223/1223 713/1231/1231 714/1232/1232
f 724/1233/1233 714/1232/1232 66/1234/1234
f 725/1235/1235 3277/1223/1223 724/1233/1233
f 3271/1219/1219 725/1235/1235 726/1225/1225
f 3281/1236/1236 3283/1237/1237 3280/1238/1238
f 3281/1236/1236 3285/1239/1239 3284/1240/1240
f 3284/1240/1240 3286/1241/1241 3283/1237/1237
f 3284/1240/1240 3288/1242/1242 3287/1243/1243
f 795/1244/1244 1179/1168/1168 76/1245/1245
f 794/1246/1246 3280/1238/1238 795/1244/1244
f 794/1246/1246 3282/1247/1247 3281/1236/1236
f 793/1248/1248 1174/1249/971 3282/1247/1247
f 3282/1247/1247 1175/1250/981 3285/1239/1239
f 3285/1239/1239 1176/1251/980 3288/1242/1242
f 3288/1242/1242 140/1252/979 916/1253/1249
f 3287/1243/1243 916/1253/1249 917/1254/1250
f 3287/1243/1243 918/1255/1251 3286/1241/1241
f 3286/1241/1241 141/1171/1171 1177/1170/1170
f 3283/1237/1237 1177/1170/1170 1178/1169/1169
f 3280/1238/1238 1178/1169/1169 1179/1168/1168
f 3289/1256/1252 3293/1257/1253 3292/1258/1254
f 3290/1259/1255 3294/1260/1256 3293/1257/1253
f 3293/1257/1253 3295/1261/1257 3292/1258/1254
f 3294/1260/1256 3296/1262/1258 3293/1257/1253
f 63/1190/1190 3289/1256/1252 735/1263/1259
f 690/1189/1189 3290/1259/1255 3289/1256/1252
f 689/1188/1188 3291/1264/1260 3290/1259/1255
f 688/1187/1187 736/1265/1261 3291/1264/1260
f 3291/1264/1260 737/1266/1262 3294/1260/1256
f 737/1266/1262 3297/1267/1263 3294/1260/1256
f 738/1268/1264 721/1269/1265 3297/1267/1263
f 3297/1267/1263 722/1270/1266 3296/1262/1258
f 3296/1262/1258 723/1271/1267 3295/1261/1257
f 3295/1261/1257 69/1272/1268 733/1273/1269
f 3292/1258/1254 733/1273/1269 734/1274/1270
f 735/1263/1259 3292/1258/1254 734/1274/1270
f 3299/1275/1271 3301/1276/1272 3298/1277/1273
f 3300/1278/1274 3302/1279/1275 3299/1275/1271
f 3301/1276/1272 3305/1280/1276 3304/1281/1277
f 3302/1279/1275 3306/1282/1278 3305/1280/1276
f 684/1202/1202 741/1283/1279 61/1203/1203
f 683/1201/1201 3298/1277/1273 684/1202/1202
f 682/1200/1200 3299/1275/1271 683/1201/1201
f 60/1152/1152 3300/1278/1274 682/1200/1200
f 726/1225/1225 3303/1284/1280 3300/1278/1274
f 3303/1284/1280 724/1233/1233 3306/1282/1278
f 3306/1282/1278 66/1234/1234 715/1285/1281
f 3305/1280/1276 715/1285/1281 716/1286/1282
f 3304/1281/1277 716/1286/1282 717/1287/1283
f 739/1288/1284 717/1287/1283 67/1289/1285
f 740/1290/1286 3304/1281/1277 739/1288/1284
f 3298/1277/1273 740/1290/1286 741/1283/1279
f 3308/1291/1287 3310/1292/1288 3307/1293/1289
f 3309/1294/1290 3311/1295/1291 3308/1291/1287
f 3310/1292/1288 3314/1296/1292 3313/1297/1293
f 3311/1295/1291 3315/1298/1294 3314/1296/1292
f 678/1215/1215 727/1226/1226 59/1147/1147
f 677/1214/1214 3307/1293/1289 678/1215/1215
f 676/1213/1213 3308/1291/1287 677/1214/1214
f 58/798/798 3309/1294/1290 676/1213/1213
f 732/342/342 3312/1299/1295 3309/1294/1290
f 3312/1299/1295 730/337/337 3315/1298/1294
f 3315/1298/1294 64/339/339 709/1300/1296
f 3314/1296/1292 709/1300/1296 710/1301/1297
f 3313/1297/1293 710/1301/1297 711/1302/1298
f 729/1228/1228 711/1302/1298 65/1229/1229
f 728/1303/1299 3313/1297/1293 729/1228/1228
f 3307/1293/1289 728/1303/1299 727/1226/1226
f 3316/1304/1300 3320/1305/1301 3319/1306/1302
f 3317/1307/1303 3321/1308/1304 3320/1305/1301
f 3320/1305/1301 3322/1309/1305 3319/1306/1302
f 3321/1308/1304 3323/1310/1306 3320/1305/1301
f 107/1113/1113 3316/1304/1300 1024/1311/1307
f 990/1112/1112 3317/1307/1303 3316/1304/1300
f 989/1111/1111 3318/1312/1308 3317/1307/1303
f 988/1110/1110 735/1263/1259 3318/1312/1308
f 3318/1312/1308 734/1274/1270 3321/1308/1304
f 734/1274/1270 3324/1313/1309 3321/1308/1304
f 733/1273/1269 991/1314/1310 3324/1313/1309
f 3324/1313/1309 992/1315/1311 3323/1310/1306
f 3323/1310/1306 993/1316/1312 3322/1309/1305
f 3322/1309/1305 108/1317/1313 1026/1318/1314
f 3319/1306/1302 1026/1318/1314 1025/1319/1315
f 1024/1311/1307 3319/1306/1302 1025/1319/1315
f 3325/1320/1316 3329/1321/1317 3328/1322/1318
f 3326/1323/1319 3330/1324/1320 3329/1321/1317
f 3329/1321/1317 3331/1325/1321 3328/1322/1318
f 3330/1324/1320 3332/1326/1322 3329/1321/1317
f 62/1132/1132 3325/1320/1316 736/1265/1261
f 687/1131/1131 3326/1323/1319 3325/1320/1316
f 686/1130/1130 3327/1327/1323 3326/1323/1319
f 685/1129/1129 741/1283/1279 3327/1327/1323
f 3327/1327/1323 740/1290/1286 3330/1324/1320
f 740/1290/1286 3333/1328/1324 3330/1324/1320
f 739/1288/1284 718/1329/1325 3333/1328/1324
f 3333/1328/1324 719/1330/1326 3332/1326/1322
f 3332/1326/1322 720/1331/1327 3331/1325/1321
f 3331/1325/1321 68/1332/1328 738/1268/1264
f 3328/1322/1318 738/1268/1264 737/1266/1262
f 736/1265/1261 3328/1322/1318 737/1266/1262
f 3334/1333/1329 3338/1334/1330 3337/1335/1331
f 3335/1336/1332 3339/1337/1333 3338/1334/1330
f 3338/1334/1330 3340/1338/1334 3337/1335/1331
f 3339/1337/1333 3341/1339/1335 3338/1334/1330
f 69/1272/1268 3334/1333/1329 759/1340/1336
f 723/1271/1267 3335/1336/1332 3334/1333/1329
f 722/1270/1266 3336/1341/1337 3335/1336/1332
f 721/1269/1265 760/1342/1338 3336/1341/1337
f 3336/1341/1337 761/1343/1339 3339/1337/1333
f 761/1343/1339 3342/1344/1340 3339/1337/1333
f 762/1345/1341 754/1346/1342 3342/1344/1340
f 3342/1344/1340 755/1347/1343 3341/1339/1335
f 3341/1339/1335 756/1348/1344 3340/1338/1334
f 3340/1338/1334 75/1349/1345 757/1350/1346
f 3337/1335/1331 757/1350/1346 758/1351/1347
f 759/1340/1336 3337/1335/1331 758/1351/1347
f 3344/1352/1348 3346/1353/1349 3343/1354/1350
f 3345/1355/1351 3347/1356/1352 3344/1352/1348
f 3346/1353/1349 3350/1357/1353 3349/1358/1354
f 3347/1356/1352 3351/1359/1355 3350/1357/1353
f 717/1287/1283 765/1360/1356 67/1289/1285
f 716/1286/1282 3343/1354/1350 717/1287/1283
f 715/1285/1281 3344/1352/1348 716/1286/1282
f 66/1234/1234 3345/1355/1351 715/1285/1281
f 766/1361/1357 3348/1362/1358 3345/1355/1351
f 3348/1362/1358 768/1363/1359 3351/1359/1355
f 3351/1359/1355 72/1364/1360 748/1365/1361
f 3350/1357/1353 748/1365/1361 749/1366/1362
f 3349/1358/1354 749/1366/1362 750/1367/1363
f 763/1368/1364 750/1367/1363 73/1369/1365
f 764/1370/1366 3349/1358/1354 763/1368/1364
f 3343/1354/1350 764/1370/1366 765/1360/1356
f 3353/1371/1367 3355/1372/1368 3352/1373/1369
f 3354/1374/1370 3356/1375/1371 3353/1371/1367
f 3355/1372/1368 3359/1376/1372 3358/1377/1373
f 3356/1375/1371 3360/1378/1374 3359/1376/1372
f 711/1302/1298 771/1379/1375 65/1229/1229
f 710/1301/1297 3352/1373/1369 711/1302/1298
f 709/1300/1296 3353/1371/1367 710/1301/1297
f 64/339/339 3354/1374/1370 709/1300/1296
f 772/975/975 3357/1380/1376 3354/1374/1370
f 3357/1380/1376 774/970/970 3360/1378/1374
f 3360/1378/1374 70/972/972 742/1381/1377
f 3359/1376/1372 742/1381/1377 743/1382/1378
f 3358/1377/1373 743/1382/1378 744/1383/1379
f 769/1384/1380 744/1383/1379 71/1385/1381
f 770/1386/1382 3358/1377/1373 769/1384/1380
f 3352/1373/1369 770/1386/1382 771/1379/1375
f 3361/1387/1383 3365/1388/1384 3364/1389/1385
f 3362/1390/1386 3366/1391/1387 3365/1388/1384
f 3365/1388/1384 3367/1392/1388 3364/1389/1385
f 3366/1391/1387 3368/1393/1389 3365/1388/1384
f 108/1317/1313 3361/1387/1383 1021/1394/1390
f 993/1316/1312 3362/1390/1386 3361/1387/1383
f 992/1315/1311 3363/1395/1391 3362/1390/1386
f 991/1314/1310 759/1340/1336 3363/1395/1391
f 3363/1395/1391 758/1351/1347 3366/1391/1387
f 758/1351/1347 3369/1396/1392 3366/1391/1387
f 757/1350/1346 994/1397/1393 3369/1396/1392
f 3369/1396/1392 995/1398/1394 3368/1393/1389
f 3368/1393/1389 996/1399/1395 3367/1392/1388
f 3367/1392/1388 109/1400/1396 1023/1401/1397
f 3364/1389/1385 1023/1401/1397 1022/1402/1398
f 1021/1394/1390 3364/1389/1385 1022/1402/1398
f 3370/1403/1399 3374/1404/1400 3373/1405/1401
f 3371/1406/1402 3375/1407/1403 3374/1404/1400
f 3374/1404/1400 3376/1408/1404 3373/1405/1401
f 3375/1407/1403 3377/1409/1405 3374/1404/1400
f 68/1332/1328 3370/1403/1399 760/1342/1338
f 720/1331/1327 3371/1406/1402 3370/1403/1399
f 719/1330/1326 3372/1410/1406 3371/1406/1402
f 718/1329/1325 765/1360/1356 3372/1410/1406
f 3372/1410/1406 764/1370/1366 3375/1407/1403
f 764/1370/1366 3378/1411/1407 3375/1407/1403
f 763/1368/1364 751/1412/1408 3378/1411/1407
f 3378/1411/1407 752/1413/1409 3377/1409/1405
f 3377/1409/1405 753/1414/1410 3376/1408/1404
f 3376/1408/1404 74/1415/1411 762/1345/1341
f 3373/1405/1401 762/1345/1341 761/1343/1339
f 760/1342/1338 3373/1405/1401 761/1343/1339
f 3380/1416/1412 3382/1417/1413 3379/1418/1414
f 3381/1419/1415 3383/1420/1416 3380/1416/1412
f 3382/1417/1413 3386/1421/1417 3385/1422/1418
f 3383/1420/1416 3387/1423/1419 3386/1421/1417
f 714/1232/1232 766/1361/1357 66/1234/1234
f 713/1231/1231 3379/1418/1414 714/1232/1232
f 712/1230/1230 3380/1416/1412 713/1231/1231
f 65/1229/1229 3381/1419/1415 712/1230/1230
f 771/1379/1375 3384/1424/1420 3381/1419/1415
f 3384/1424/1420 769/1384/1380 3387/1423/1419
f 3387/1423/1419 71/1385/1381 745/1425/1421
f 3386/1421/1417 745/1425/1421 746/1426/1422
f 3385/1422/1418 746/1426/1422 747/1427/1423
f 768/1363/1359 747/1427/1423 72/1364/1360
f 767/1428/1424 3385/1422/1418 768/1363/1359
f 3379/1418/1414 767/1428/1424 766/1361/1357
f 3389/1429/1425 3391/1430/1426 3388/1431/1427
f 3389/1429/1425 3393/1432/1428 3392/1433/1429
f 3392/1433/1429 3394/1434/1430 3391/1430/1426
f 3392/1433/1429 3396/1435/1431 3395/1436/1432
f 856/1437/1433 1173/1077/1077 88/1438/1434
f 857/1439/1435 3388/1431/1427 856/1437/1433
f 857/1439/1435 3390/1440/1436 3389/1429/1425
f 858/1441/1437 1168/1163/1163 3390/1440/1436
f 3390/1440/1436 1169/1177/1177 3393/1432/1428
f 3393/1432/1428 1170/1176/1176 3396/1435/1431
f 3396/1435/1431 142/1175/1175 912/1442/1438
f 3395/1436/1432 912/1442/1438 911/1443/1439
f 3395/1436/1432 910/1444/1440 3394/1434/1430
f 3394/1434/1430 143/1080/1080 1171/1079/1079
f 3391/1430/1426 1171/1079/1079 1172/1078/1078
f 3388/1431/1427 1172/1078/1078 1173/1077/1077
f 3398/1445/1441 3400/1446/1442 3397/1447/1443
f 3399/1448/1444 3401/1449/1445 3398/1445/1441
f 3400/1446/1442 3404/1450/1446 3403/1451/1447
f 3401/1449/1445 3405/1452/1448 3404/1450/1446
f 744/1453/1379 792/1454/1449 71/1455/1381
f 743/1456/1378 3397/1447/1443 744/1453/1379
f 742/1457/1377 3398/1445/1441 743/1456/1378
f 70/1458/972 3399/1448/1444 742/1457/1377
f 793/1248/1248 3402/1459/1450 3399/1448/1444
f 3402/1459/1450 795/1244/1244 3405/1452/1448
f 3405/1452/1448 76/1245/1245 775/1460/1451
f 3404/1450/1446 775/1460/1451 776/1461/1452
f 3403/1451/1447 776/1461/1452 777/1462/1453
f 790/1463/1454 777/1462/1453 77/1464/1455
f 791/1465/1456 3403/1451/1447 790/1463/1454
f 3397/1447/1443 791/1465/1456 792/1454/1449
f 3406/1466/1457 3410/1467/1458 3409/1468/1459
f 3407/1469/1460 3411/1470/1461 3410/1467/1458
f 3410/1467/1458 3412/1471/1462 3409/1468/1459
f 3411/1470/1461 3413/1472/1463 3410/1467/1458
f 109/1473/1396 3406/1466/1457 1018/1474/1464
f 996/1475/1395 3407/1469/1460 3406/1466/1457
f 995/1476/1394 3408/1477/1465 3407/1469/1460
f 994/1478/1393 796/1479/1466 3408/1477/1465
f 3408/1477/1465 797/1480/1467 3411/1470/1461
f 797/1480/1467 3414/1481/1468 3411/1470/1461
f 798/1482/1469 997/1483/1470 3414/1481/1468
f 3414/1481/1468 998/1484/1471 3413/1472/1463
f 3413/1472/1463 999/1485/1472 3412/1471/1462
f 3412/1471/1462 110/1486/1473 1020/1487/1474
f 3409/1468/1459 1020/1487/1474 1019/1488/1475
f 1018/1474/1464 3409/1468/1459 1019/1488/1475
f 3415/1489/1476 3419/1490/1477 3418/1491/1478
f 3416/1492/1479 3420/1493/1480 3419/1490/1477
f 3419/1490/1477 3421/1494/1481 3418/1491/1478
f 3420/1493/1480 3422/1495/1482 3419/1490/1477
f 74/1496/1411 3415/1489/1476 801/1497/1483
f 753/1498/1410 3416/1492/1479 3415/1489/1476
f 752/1499/1409 3417/1500/1484 3416/1492/1479
f 751/1501/1408 802/1502/1485 3417/1500/1484
f 3417/1500/1484 803/1503/1486 3420/1493/1480
f 803/1503/1486 3423/1504/1487 3420/1493/1480
f 804/1505/1488 784/1506/1489 3423/1504/1487
f 3423/1504/1487 785/1507/1490 3422/1495/1482
f 3422/1495/1482 786/1508/1491 3421/1494/1481
f 3421/1494/1481 80/1509/1492 799/1510/1493
f 3418/1491/1478 799/1510/1493 800/1511/1494
f 801/1497/1483 3418/1491/1478 800/1511/1494
f 3425/1512/1495 3427/1513/1496 3424/1514/1497
f 3426/1515/1498 3428/1516/1499 3425/1512/1495
f 3427/1513/1496 3431/1517/1500 3430/1518/1501
f 3428/1516/1499 3432/1519/1502 3431/1517/1500
f 747/1520/1423 807/1521/1503 72/1522/1360
f 746/1523/1422 3424/1514/1497 747/1520/1423
f 745/1524/1421 3425/1512/1495 746/1523/1422
f 71/1455/1381 3426/1515/1498 745/1524/1421
f 792/1454/1449 3429/1525/1504 3426/1515/1498
f 3429/1525/1504 790/1463/1454 3432/1519/1502
f 3432/1519/1502 77/1464/1455 778/1526/1505
f 3431/1517/1500 778/1526/1505 779/1527/1506
f 3430/1518/1501 779/1527/1506 780/1528/1507
f 805/1529/1508 780/1528/1507 78/1530/1509
f 806/1531/1510 3430/1518/1501 805/1529/1508
f 3424/1514/1497 806/1531/1510 807/1521/1503
f 3434/1532/1511 3436/1533/1512 3433/1534/1513
f 3434/1532/1511 3438/1535/1514 3437/1536/1515
f 3437/1536/1515 3439/1537/1516 3436/1533/1512
f 3437/1536/1515 3441/1538/1517 3440/1539/1518
f 475/389/389 1167/139/139 16/390/390
f 476/1540/1519 3433/1534/1513 475/389/389
f 476/1540/1519 3435/1541/1520 3434/1532/1511
f 477/387/387 1158/1542/1521 3435/1541/1520
f 3435/1541/1520 1157/1543/1522 3438/1535/1514
f 3438/1535/1514 1156/1544/1523 3441/1538/1517
f 3441/1538/1517 130/1545/1524 948/1546/1525
f 3440/1539/1518 948/1546/1525 947/1547/1526
f 3440/1539/1518 946/1548/1527 3439/1537/1516
f 3439/1537/1516 131/142/142 1165/141/141
f 3436/1533/1512 1165/141/141 1166/140/140
f 3433/1534/1513 1166/140/140 1167/139/139
f 3442/1549/1528 3446/1550/1529 3445/1551/1530
f 3443/1552/1531 3447/1553/1532 3446/1550/1529
f 3446/1550/1529 3448/1554/1533 3445/1551/1530
f 3447/1553/1532 3449/1555/1534 3446/1550/1529
f 75/1556/1345 3442/1549/1528 796/1479/1466
f 756/1557/1344 3443/1552/1531 3442/1549/1528
f 755/1558/1343 3444/1559/1535 3443/1552/1531
f 754/1560/1342 801/1497/1483 3444/1559/1535
f 3444/1559/1535 800/1511/1494 3447/1553/1532
f 800/1511/1494 3450/1561/1536 3447/1553/1532
f 799/1510/1493 787/1562/1537 3450/1561/1536
f 3450/1561/1536 788/1563/1538 3449/1555/1534
f 3449/1555/1534 789/1564/1539 3448/1554/1533
f 3448/1554/1533 81/1565/1540 798/1482/1469
f 3445/1551/1530 798/1482/1469 797/1480/1467
f 796/1479/1466 3445/1551/1530 797/1480/1467
f 3452/1566/1541 3454/1567/1542 3451/1568/1543
f 3453/1569/1544 3455/1570/1545 3452/1566/1541
f 3454/1567/1542 3458/1571/1546 3457/1572/1547
f 3455/1570/1545 3459/1573/1548 3458/1571/1546
f 750/1574/1363 802/1502/1485 73/1575/1365
f 749/1576/1362 3451/1568/1543 750/1574/1363
f 748/1577/1361 3452/1566/1541 749/1576/1362
f 72/1522/1360 3453/1569/1544 748/1577/1361
f 807/1521/1503 3456/1578/1549 3453/1569/1544
f 3456/1578/1549 805/1529/1508 3459/1573/1548
f 3459/1573/1548 78/1530/1509 781/1579/1550
f 3458/1571/1546 781/1579/1550 782/1580/1551
f 3457/1572/1547 782/1580/1551 783/1581/1552
f 804/1505/1488 783/1581/1552 79/1582/1553
f 803/1503/1486 3457/1572/1547 804/1505/1488
f 3451/1568/1543 803/1503/1486 802/1502/1485
f 3460/1583/1554 3464/1584/1555 3463/1585/1556
f 3461/1586/1557 3465/1587/1558 3464/1584/1555
f 3464/1584/1555 3466/1588/1559 3463/1585/1556
f 3465/1587/1558 3467/1589/1560 3464/1584/1555
f 110/1486/1473 3460/1583/1554 1015/1590/1561
f 999/1485/1472 3461/1586/1557 3460/1583/1554
f 998/1484/1471 3462/1591/1562 3461/1586/1557
f 997/1483/1470 823/1592/1563 3462/1591/1562
f 3462/1591/1562 824/1593/1564 3465/1587/1558
f 824/1593/1564 3468/1594/1565 3465/1587/1558
f 825/1595/1566 1000/1596/1567 3468/1594/1565
f 3468/1594/1565 1001/1597/1568 3467/1589/1560
f 3467/1589/1560 1002/1598/1569 3466/1588/1559
f 3466/1588/1559 111/1599/1570 1017/1600/1571
f 3463/1585/1556 1017/1600/1571 1016/1601/1572
f 1015/1590/1561 3463/1585/1556 1016/1601/1572
f 3469/1602/1573 3473/1603/1574 3472/1604/1575
f 3470/1605/1576 3474/1606/1577 3473/1603/1574
f 3473/1603/1574 3475/1607/1578 3472/1604/1575
f 3474/1606/1577 3476/1608/1579 3473/1603/1574
f 80/1509/1492 3469/1602/1573 828/1609/1580
f 786/1508/1491 3470/1605/1576 3469/1602/1573
f 785/1507/1490 3471/1610/1581 3470/1605/1576
f 784/1506/1489 829/1611/1582 3471/1610/1581
f 3471/1610/1581 830/1612/1583 3474/1606/1577
f 830/1612/1583 3477/1613/1584 3474/1606/1577
f 831/1614/1585 817/1615/1586 3477/1613/1584
f 3477/1613/1584 818/1616/1587 3476/1608/1579
f 3476/1608/1579 819/1617/1588 3475/1607/1578
f 3475/1607/1578 86/1618/1589 826/1619/1590
f 3472/1604/1575 826/1619/1590 827/1620/1591
f 828/1609/1580 3472/1604/1575 827/1620/1591
f 3479/1621/1592 3481/1622/1593 3478/1623/1594
f 3480/1624/1595 3482/1625/1596 3479/1621/1592
f 3481/1622/1593 3485/1626/1597 3484/1627/1598
f 3482/1625/1596 3486/1628/1599 3485/1626/1597
f 780/1528/1507 834/1629/1600 78/1530/1509
f 779/1527/1506 3478/1623/1594 780/1528/1507
f 778/1526/1505 3479/1621/1592 779/1527/1506
f 77/1464/1455 3480/1624/1595 778/1526/1505
f 835/1630/1601 3483/1631/1602 3480/1624/1595
f 3483/1631/1602 837/1632/1603 3486/1628/1599
f 3486/1628/1599 83/1633/1604 811/1634/1605
f 3485/1626/1597 811/1634/1605 812/1635/1606
f 3484/1627/1598 812/1635/1606 813/1636/1607
f 832/1637/1608 813/1636/1607 84/1638/1609
f 833/1639/1610 3484/1627/1598 832/1637/1608
f 3478/1623/1594 833/1639/1610 834/1629/1600
f 3488/1640/1611 3490/1641/1612 3487/1642/1613
f 3488/1640/1611 3492/1643/1614 3491/1644/1615
f 3491/1644/1615 3493/1645/1616 3490/1641/1612
f 3491/1644/1615 3495/1646/1617 3494/1647/1618
f 543/564/564 1164/409/409 28/565/565
f 542/1648/1619 3487/1642/1613 543/564/564
f 542/1648/1619 3489/1649/1620 3488/1640/1611
f 541/562/562 1159/134/134 3489/1649/1620
f 3489/1649/1620 1160/148/148 3492/1643/1614
f 3492/1643/1614 1161/147/147 3495/1646/1617
f 3495/1646/1617 132/146/146 940/1650/1621
f 3494/1647/1618 940/1650/1621 941/1651/1622
f 3494/1647/1618 942/1652/1623 3493/1645/1616
f 3493/1645/1616 133/412/412 1162/411/411
f 3490/1641/1612 1162/411/411 1163/410/410
f 3487/1642/1613 1163/410/410 1164/409/409
f 3496/1653/1624 3500/1654/1625 3499/1655/1626
f 3497/1656/1627 3501/1657/1628 3500/1654/1625
f 3500/1654/1625 3502/1658/1629 3499/1655/1626
f 3501/1657/1628 3503/1659/1630 3500/1654/1625
f 81/1565/1540 3496/1653/1624 823/1592/1563
f 789/1564/1539 3497/1656/1627 3496/1653/1624
f 788/1563/1538 3498/1660/1631 3497/1656/1627
f 787/1562/1537 828/1609/1580 3498/1660/1631
f 3498/1660/1631 827/1620/1591 3501/1657/1628
f 827/1620/1591 3504/1661/1632 3501/1657/1628
f 826/1619/1590 820/1662/1633 3504/1661/1632
f 3504/1661/1632 821/1663/1634 3503/1659/1630
f 3503/1659/1630 822/1664/1635 3502/1658/1629
f 3502/1658/1629 87/1665/1636 825/1595/1566
f 3499/1655/1626 825/1595/1566 824/1593/1564
f 823/1592/1563 3499/1655/1626 824/1593/1564
f 3506/1666/1637 3508/1667/1638 3505/1668/1639
f 3507/1669/1640 3509/1670/1641 3506/1666/1637
f 3508/1667/1638 3512/1671/1642 3511/1672/1643
f 3509/1670/1641 3513/1673/1644 3512/1671/1642
f 783/1581/1552 829/1611/1582 79/1582/1553
f 782/1580/1551 3505/1668/1639 783/1581/1552
f 781/1579/1550 3506/1666/1637 782/1580/1551
f 78/1530/1509 3507/1669/1640 781/1579/1550
f 834/1629/1600 3510/1674/1645 3507/1669/1640
f 3510/1674/1645 832/1637/1608 3513/1673/1644
f 3513/1673/1644 84/1638/1609 814/1675/1646
f 3512/1671/1642 814/1675/1646 815/1676/1647
f 3511/1672/1643 815/1676/1647 816/1677/1648
f 831/1614/1585 816/1677/1648 85/1678/1649
f 830/1612/1583 3511/1672/1643 831/1614/1585
f 3505/1668/1639 830/1612/1583 829/1611/1582
f 3515/1679/1650 3517/1680/1651 3514/1681/1652
f 3516/1682/1653 3518/1683/1654 3515/1679/1650
f 3517/1680/1651 3521/1684/1655 3520/1685/1656
f 3518/1683/1654 3522/1686/1657 3521/1684/1655
f 777/1462/1453 835/1630/1601 77/1464/1455
f 776/1461/1452 3514/1681/1652 777/1462/1453
f 775/1460/1451 3515/1679/1650 776/1461/1452
f 76/1245/1245 3516/1682/1653 775/1460/1451
f 840/1167/1167 3519/1687/1658 3516/1682/1653
f 3519/1687/1658 838/1162/1162 3522/1686/1657
f 3522/1686/1657 82/1164/1164 808/1688/1659
f 3521/1684/1655 808/1688/1659 809/1689/1660
f 3520/1685/1656 809/1689/1660 810/1690/1661
f 837/1632/1603 810/1690/1661 83/1633/1604
f 836/1691/1662 3520/1685/1656 837/1632/1603
f 3514/1681/1652 836/1691/1662 835/1630/1601
f 3524/1692/1663 3526/1693/1664 3523/1694/1665
f 3524/1692/1663 3528/1695/1666 3527/1696/1667
f 3527/1696/1667 3529/1697/1668 3526/1693/1664
f 3527/1696/1667 3531/1698/1669 3530/1699/1670
f 432/160/160 1158/1542/1521 10/161/161
f 431/1700/1671 3523/1694/1665 432/160/160
f 431/1700/1671 3525/1701/1672 3524/1692/1663
f 430/158/158 1153/622/622 3525/1701/1672
f 3525/1701/1672 1154/634/634 3528/1695/1666
f 3528/1695/1666 1155/633/633 3531/1698/1669
f 3531/1698/1669 94/632/632 949/1702/1673
f 3530/1699/1670 949/1702/1673 950/1703/1674
f 3530/1699/1670 951/1704/1675 3529/1697/1668
f 3529/1697/1668 130/1545/1524 1156/1544/1523
f 3526/1693/1664 1156/1544/1523 1157/1543/1522
f 3523/1694/1665 1157/1543/1522 1158/1542/1521
f 3532/1705/1676 3536/1706/1677 3535/1707/1678
f 3533/1708/1679 3537/1709/1680 3536/1706/1677
f 3536/1706/1677 3538/1710/1681 3535/1707/1678
f 3537/1709/1680 3539/1711/1682 3536/1706/1677
f 87/1665/1636 3532/1705/1676 861/1712/1683
f 822/1664/1635 3533/1708/1679 3532/1705/1676
f 821/1663/1634 3534/1713/1684 3533/1708/1679
f 820/1662/1633 862/1714/1685 3534/1713/1684
f 3534/1713/1684 863/1715/1686 3537/1709/1680
f 863/1715/1686 3540/1716/1687 3537/1709/1680
f 864/1717/1688 853/1718/1689 3540/1716/1687
f 3540/1716/1687 854/1719/1690 3539/1711/1682
f 3539/1711/1682 855/1720/1691 3538/1710/1681
f 3538/1710/1681 93/1721/1692 859/1722/1693
f 3535/1707/1678 859/1722/1693 860/1723/1694
f 861/1712/1683 3535/1707/1678 860/1723/1694
f 3542/1724/1695 3544/1725/1696 3541/1726/1697
f 3543/1727/1698 3545/1728/1699 3542/1724/1695
f 3544/1725/1696 3548/1729/1700 3547/1730/1701
f 3545/1728/1699 3549/1731/1702 3548/1729/1700
f 816/1677/1648 867/1732/1703 85/1678/1649
f 815/1676/1647 3541/1726/1697 816/1677/1648
f 814/1675/1646 3542/1724/1695 815/1676/1647
f 84/1638/1609 3543/1727/1698 814/1675/1646
f 868/1733/1704 3546/1734/1705 3543/1727/1698
f 3546/1734/1705 870/1735/1706 3549/1731/1702
f 3549/1731/1702 90/1736/1707 847/1737/1708
f 3548/1729/1700 847/1737/1708 848/1738/1709
f 3547/1730/1701 848/1738/1709 849/1739/1710
f 865/1740/1711 849/1739/1710 91/1741/1712
f 866/1742/1713 3547/1730/1701 865/1740/1711
f 3541/1726/1697 866/1742/1713 867/1732/1703
f 3551/1743/1714 3553/1744/1715 3550/1745/1716
f 3552/1746/1717 3554/1747/1718 3551/1743/1714
f 3553/1744/1715 3557/1748/1719 3556/1749/1720
f 3554/1747/1718 3558/1750/1721 3557/1748/1719
f 810/1690/1661 873/1751/1722 83/1633/1604
f 809/1689/1660 3550/1745/1716 810/1690/1661
f 808/1688/1659 3551/1743/1714 809/1689/1660
f 82/1164/1164 3552/1746/1717 808/1688/1659
f 858/1441/1437 3555/1752/1723 3552/1746/1717
f 3555/1752/1723 856/1437/1433 3558/1750/1721
f 3558/1750/1721 88/1438/1434 841/1753/1724
f 3557/1748/1719 841/1753/1724 842/1754/1725
f 3556/1749/1720 842/1754/1725 843/1755/1726
f 871/1756/1727 843/1755/1726 89/1757/1728
f 872/1758/1729 3556/1749/1720 871/1756/1727
f 3550/1745/1716 872/1758/1729 873/1751/1722
f 3559/1759/1730 3563/1760/1731 3562/1761/1732
f 3560/1762/1733 3564/1763/1734 3563/1760/1731
f 3563/1760/1731 3565/1764/1735 3562/1761/1732
f 3564/1763/1734 3566/1765/1736 3563/1760/1731
f 111/1599/1570 3559/1759/1730 1012/1766/1737
f 1002/1598/1569 3560/1762/1733 3559/1759/1730
f 1001/1597/1568 3561/1767/1738 3560/1762/1733
f 1000/1596/1567 861/1712/1683 3561/1767/1738
f 3561/1767/1738 860/1723/1694 3564/1763/1734
f 860/1723/1694 3567/1768/1739 3564/1763/1734
f 859/1722/1693 1003/1769/1740 3567/1768/1739
f 3567/1768/1739 1004/1770/1741 3566/1765/1736
f 3566/1765/1736 1005/1771/1742 3565/1764/1735
f 3565/1764/1735 112/1772/1743 1014/1773/1744
f 3562/1761/1732 1014/1773/1744 1013/1774/1745
f 1012/1766/1737 3562/1761/1732 1013/1774/1745
f 3568/1775/1746 3572/1776/1747 3571/1777/1748
f 3569/1778/1749 3573/1779/1750 3572/1776/1747
f 3572/1776/1747 3574/1780/1751 3571/1777/1748
f 3573/1779/1750 3575/1781/1752 3572/1776/1747
f 86/1618/1589 3568/1775/1746 862/1714/1685
f 819/1617/1588 3569/1778/1749 3568/1775/1746
f 818/1616/1587 3570/1782/1753 3569/1778/1749
f 817/1615/1586 867/1732/1703 3570/1782/1753
f 3570/1782/1753 866/1742/1713 3573/1779/1750
f 866/1742/1713 3576/1783/1754 3573/1779/1750
f 865/1740/1711 850/1784/1755 3576/1783/1754
f 3576/1783/1754 851/1785/1756 3575/1781/1752
f 3575/1781/1752 852/1786/1757 3574/1780/1751
f 3574/1780/1751 92/1787/1758 864/1717/1688
f 3571/1777/1748 864/1717/1688 863/1715/1686
f 862/1714/1685 3571/1777/1748 863/1715/1686
f 3578/1788/1759 3580/1789/1760 3577/1790/1761
f 3579/1791/1762 3581/1792/1763 3578/1788/1759
f 3580/1789/1760 3584/1793/1764 3583/1794/1765
f 3581/1792/1763 3585/1795/1766 3584/1793/1764
f 813/1636/1607 868/1733/1704 84/1638/1609
f 812/1635/1606 3577/1790/1761 813/1636/1607
f 811/1634/1605 3578/1788/1759 812/1635/1606
f 83/1633/1604 3579/1791/1762 811/1634/1605
f 873/1751/1722 3582/1796/1767 3579/1791/1762
f 3582/1796/1767 871/1756/1727 3585/1795/1766
f 3585/1795/1766 89/1757/1728 844/1797/1768
f 3584/1793/1764 844/1797/1768 845/1798/1769
f 3583/1794/1765 845/1798/1769 846/1799/1770
f 870/1735/1706 846/1799/1770 90/1736/1707
f 869/1800/1771 3583/1794/1765 870/1735/1706
f 3577/1790/1761 869/1800/1771 868/1733/1704
f 3586/1801/1772 3590/1802/1773 3589/1803/1774
f 3587/1804/1775 3591/1805/1776 3590/1802/1773
f 3590/1802/1773 3592/1806/1777 3589/1803/1774
f 3591/1805/1776 3593/1807/1778 3590/1802/1773
f 93/1721/1692 3586/1801/1772 879/1808/1779
f 855/1720/1691 3587/1804/1775 3586/1801/1772
f 854/1719/1690 3588/1809/1780 3587/1804/1775
f 853/1718/1689 952/1810/1781 3588/1809/1780
f 3588/1809/1780 953/1811/1782 3591/1805/1776
f 953/1811/1782 3594/1812/1783 3591/1805/1776
f 954/1813/1784 895/13/13 3594/1812/1783
f 3594/1812/1783 896/11/11 3593/1807/1778
f 3593/1807/1778 897/10/10 3592/1806/1777
f 3592/1806/1777 97/8/8 877/1814/1785
f 3589/1803/1774 877/1814/1785 878/1815/1786
f 879/1808/1779 3589/1803/1774 878/1815/1786
f 3596/1816/1787 3598/1817/1788 3595/1818/1789
f 3597/1819/1790 3599/1820/1791 3596/1816/1787
f 3598/1817/1788 3602/1821/1792 3601/1822/1793
f 3599/1820/1791 3603/1823/1794 3602/1821/1792
f 849/1739/1710 882/1824/1795 91/1741/1712
f 848/1738/1709 3595/1818/1789 849/1739/1710
f 847/1737/1708 3596/1816/1787 848/1738/1709
f 90/1736/1707 3597/1819/1790 847/1737/1708
f 955/1825/1796 3600/1826/1797 3597/1819/1790
f 3600/1826/1797 957/1827/1798 3603/1823/1794
f 3603/1823/1794 2/37/37 889/36/36
f 3602/1821/1792 889/36/36 890/35/35
f 3601/1822/1793 890/35/35 891/32/32
f 880/1828/1799 891/32/32 96/34/34
f 881/1829/1800 3601/1822/1793 880/1828/1799
f 3595/1818/1789 881/1829/1800 882/1824/1795
f 3605/1830/1801 3607/1831/1802 3604/1832/1803
f 3606/1833/1804 3608/1834/1805 3605/1830/1801
f 3607/1831/1802 3611/1835/1806 3610/1836/1807
f 3608/1834/1805 3612/1837/1808 3611/1835/1806
f 843/1755/1726 960/1838/1809 89/1757/1728
f 842/1754/1725 3604/1832/1803 843/1755/1726
f 841/1753/1724 3605/1830/1801 842/1754/1725
f 88/1438/1434 3606/1833/1804 841/1753/1724
f 883/1076/1076 3609/1839/1810 3606/1833/1804
f 3609/1839/1810 885/1073/1073 3612/1837/1808
f 3612/1837/1808 95/61/61 886/60/60
f 3611/1835/1806 886/60/60 887/59/59
f 3610/1836/1807 887/59/59 888/56/56
f 958/1840/1811 888/56/56 1/58/58
f 959/1841/1812 3610/1836/1807 958/1840/1811
f 3604/1832/1803 959/1841/1812 960/1838/1809
f 3613/1842/1813 3617/1843/1814 3616/1844/1815
f 3614/1845/1816 3618/1846/1817 3617/1843/1814
f 3617/1843/1814 3619/1847/1818 3616/1844/1815
f 3618/1846/1817 3620/1848/1819 3617/1843/1814
f 112/1772/1743 3613/1842/1813 1009/1849/1820
f 1005/1771/1742 3614/1845/1816 3613/1842/1813
f 1004/1770/1741 3615/1850/1821 3614/1845/1816
f 1003/1769/1740 879/1808/1779 3615/1850/1821
f 3615/1850/1821 878/1815/1786 3618/1846/1817
f 878/1815/1786 3621/1851/1822 3618/1846/1817
f 877/1814/1785 1006/84/84 3621/1851/1822
f 3621/1851/1822 1007/82/82 3620/1848/1819
f 3620/1848/1819 1008/81/81 3619/1847/1818
f 3619/1847/1818 113/79/79 1011/1852/1823
f 3616/1844/1815 1011/1852/1823 1010/1853/1824
f 1009/1849/1820 3616/1844/1815 1010/1853/1824
f 3622/1854/1825 3626/1855/1826 3625/1856/1827
f 3623/1857/1828 3627/1858/1829 3626/1855/1826
f 3626/1855/1826 3628/1859/1830 3625/1856/1827
f 3627/1858/1829 3629/1860/1831 3626/1855/1826
f 92/1787/1758 3622/1854/1825 952/1810/1781
f 852/1786/1757 3623/1857/1828 3622/1854/1825
f 851/1785/1756 3624/1861/1832 3623/1857/1828
f 850/1784/1755 882/1824/1795 3624/1861/1832
f 3624/1861/1832 881/1829/1800 3627/1858/1829
f 881/1829/1800 3630/1862/1833 3627/1858/1829
f 880/1828/1799 892/103/103 3630/1862/1833
f 3630/1862/1833 893/101/101 3629/1860/1831
f 3629/1860/1831 894/100/100 3628/1859/1830
f 3628/1859/1830 3/99/99 954/1813/1784
f 3625/1856/1827 954/1813/1784 953/1811/1782
f 952/1810/1781 3625/1856/1827 953/1811/1782
f 3632/1863/1834 3634/1864/1835 3631/1865/1836
f 3633/1866/1837 3635/1867/1838 3632/1863/1834
f 3634/1864/1835 3638/1868/1839 3637/1869/1840
f 3635/1867/1838 3639/1870/1841 3638/1868/1839
f 846/1799/1770 955/1825/1796 90/1736/1707
f 845/1798/1769 3631/1865/1836 846/1799/1770
f 844/1797/1768 3632/1863/1834 845/1798/1769
f 89/1757/1728 3633/1866/1837 844/1797/1768
f 960/1838/1809 3636/1871/1842 3633/1866/1837
f 3636/1871/1842 958/1840/1811 3639/1870/1841
f 3639/1870/1841 1/58/58 385/119/119
f 3638/1868/1839 385/119/119 386/118/118
f 3637/1869/1840 386/118/118 387/117/117
f 957/1827/1798 387/117/117 2/37/37
f 956/1872/1843 3637/1869/1840 957/1827/1798
f 3631/1865/1836 956/1872/1843 955/1825/1796
f 3641/1873/1844 3643/1874/1845 3640/1875/1846
f 3641/1873/1844 3645/1876/1847 3644/1877/1848
f 3644/1877/1848 3646/1878/1849 3643/1874/1845
f 3644/1877/1848 3648/1879/1850 3647/1880/1851
f 604/844/844 1192/705/705 40/845/845
f 605/1881/1852 3640/1875/1846 604/844/844
f 605/1881/1852 3642/1882/1853 3641/1873/1844
f 606/842/842 1200/404/404 3642/1882/1853
f 3642/1882/1853 1199/418/418 3645/1876/1847
f 3645/1876/1847 1198/417/417 3648/1879/1850
f 3648/1879/1850 134/416/416 936/1883/1854
f 3647/1880/1851 936/1883/1854 935/1884/1855
f 3647/1880/1851 934/1885/1856 3646/1878/1849
f 3646/1878/1849 135/708/708 1194/707/707
f 3643/1874/1845 1194/707/707 1193/706/706
f 3640/1875/1846 1193/706/706 1192/705/705
f 3650/1886/1857 3652/1887/1858 3649/1888/1859
f 3650/1886/1857 3654/1889/1860 3653/1890/1861
f 3653/1890/1861 3655/1891/1862 3652/1887/1858
f 3653/1890/1861 3657/1892/1863 3656/1893/1864
f 1039/642/642 1110/1894/1865 102/585/585
f 1040/653/653 3649/1888/1859 1039/642/642
f 1040/653/653 3651/1895/1866 3650/1886/1857
f 1041/652/652 1105/1896/1867 3651/1895/1866
f 3651/1895/1866 1106/1897/1868 3654/1889/1860
f 3654/1889/1860 1107/1898/1869 3657/1892/1863
f 3657/1892/1863 119/1899/1870 1089/1900/1871
f 3656/1893/1864 1089/1900/1871 1088/1901/1872
f 3656/1893/1864 1087/1902/1873 3655/1891/1862
f 3655/1891/1862 118/1903/1874 1108/1904/1875
f 3652/1887/1858 1108/1904/1875 1109/1905/1876
f 3649/1888/1859 1109/1905/1876 1110/1894/1865
f 3659/1906/1877 3661/1907/1878 3658/1908/1879
f 3659/1906/1877 3663/1909/1880 3662/1910/1881
f 3662/1910/1881 3664/1911/1882 3661/1907/1878
f 3662/1910/1881 3666/1912/1883 3665/1913/1884
f 1018/1474/1464 1116/1914/1885 109/1473/1396
f 1019/1488/1475 3658/1908/1879 1018/1474/1464
f 1019/1488/1475 3660/1915/1886 3659/1906/1877
f 1020/1487/1474 1111/1916/1887 3660/1915/1886
f 3660/1915/1886 1112/1917/1888 3663/1909/1880
f 3663/1909/1880 1113/1918/1889 3666/1912/1883
f 3666/1912/1883 126/1919/1890 1068/1920/1891
f 3665/1913/1884 1068/1920/1891 1067/1921/1892
f 3665/1913/1884 1066/1922/1893 3664/1911/1882
f 3664/1911/1882 125/1923/1894 1114/1924/1895
f 3661/1907/1878 1114/1924/1895 1115/1925/1896
f 3658/1908/1879 1115/1925/1896 1116/1914/1885
f 3668/1926/1897 3670/1927/1898 3667/1928/1899
f 3668/1926/1897 3672/1929/1900 3671/1930/1901
f 3671/1930/1901 3673/1931/1902 3670/1927/1898
f 3671/1930/1901 3675/1932/1903 3674/1933/1904
f 1042/579/579 1119/1934/1905 101/486/486
f 1043/587/587 3667/1928/1899 1042/579/579
f 1043/587/587 3669/1935/1906 3668/1926/1897
f 1044/586/586 1110/1894/1865 3669/1935/1906
f 3669/1935/1906 1109/1905/1876 3672/1929/1900
f 3672/1929/1900 1108/1904/1875 3675/1932/1903
f 3675/1932/1903 118/1903/1874 1092/1936/1907
f 3674/1933/1904 1092/1936/1907 1091/1937/1908
f 3674/1933/1904 1090/1938/1909 3673/1931/1902
f 3673/1931/1902 117/1939/1910 1117/1940/1911
f 3670/1927/1898 1117/1940/1911 1118/1941/1912
f 3667/1928/1899 1118/1941/1912 1119/1934/1905
f 3677/1942/1913 3679/1943/1914 3676/1944/1915
f 3677/1942/1913 3681/1945/1916 3680/1946/1917
f 3680/1946/1917 3682/1947/1918 3679/1943/1914
f 3680/1946/1917 3684/1948/1919 3683/1949/1920
f 1021/1394/1390 1122/1950/1921 108/1317/1313
f 1022/1402/1398 3676/1944/1915 1021/1394/1390
f 1022/1402/1398 3678/1951/1922 3677/1942/1913
f 1023/1401/1397 1116/1952/1885 3678/1951/1922
f 3678/1951/1922 1115/1953/1896 3681/1945/1916
f 3681/1945/1916 1114/1954/1895 3684/1948/1919
f 3684/1948/1919 125/1955/1894 1071/1956/1923
f 3683/1949/1920 1071/1956/1923 1070/1957/1924
f 3683/1949/1920 1069/1958/1925 3682/1947/1918
f 3682/1947/1918 124/1959/1926 1120/1960/1927
f 3679/1943/1914 1120/1960/1927 1121/1961/1928
f 3676/1944/1915 1121/1961/1928 1122/1950/1921
f 3686/1962/1929 3688/1963/1930 3685/1964/1931
f 3686/1962/1929 3690/1965/1932 3689/1966/1933
f 3689/1966/1933 3691/1967/1934 3688/1963/1930
f 3689/1966/1933 3693/1968/1935 3692/1969/1936
f 1045/480/480 1125/1970/1937 100/288/288
f 1046/1971/488 3685/1964/1931 1045/480/480
f 1046/1971/488 3687/1972/1938 3686/1962/1929
f 1047/487/487 1119/1934/1905 3687/1972/1938
f 3687/1972/1938 1118/1941/1912 3690/1965/1932
f 3690/1965/1932 1117/1940/1911 3693/1968/1935
f 3693/1968/1935 117/1939/1910 1095/1973/1939
f 3692/1969/1936 1095/1973/1939 1094/1974/1940
f 3692/1969/1936 1093/1975/1871 3691/1967/1934
f 3691/1967/1934 116/1976/1941 1123/1977/1942
f 3688/1963/1930 1123/1977/1942 1124/1978/1943
f 3685/1964/1931 1124/1978/1943 1125/1970/1937
f 3695/1979/1944 3697/1980/1945 3694/1981/1946
f 3695/1979/1944 3699/1982/1947 3698/1983/1948
f 3698/1983/1948 3700/1984/1949 3697/1980/1945
f 3698/1983/1948 3702/1985/1950 3701/1986/1951
f 1024/1311/1307 1128/1987/1952 107/1113/1113
f 1025/1319/1315 3694/1981/1946 1024/1311/1307
f 1025/1319/1315 3696/1988/1953 3695/1979/1944
f 1026/1318/1314 1122/1950/1921 3696/1988/1953
f 3696/1988/1953 1121/1961/1928 3699/1982/1947
f 3699/1982/1947 1120/1960/1927 3702/1985/1950
f 3702/1985/1950 124/1959/1926 1074/1989/1954
f 3701/1986/1951 1074/1989/1954 1073/1990/1955
f 3701/1986/1951 1072/1991/1891 3700/1984/1949
f 3700/1984/1949 123/1992/1956 1126/1993/1957
f 3697/1980/1945 1126/1993/1957 1127/1994/1958
f 3694/1981/1946 1127/1994/1958 1128/1987/1952
f 3704/1995/1959 3706/1996/1960 3703/1997/1961
f 3704/1995/1959 3708/1998/1962 3707/1999/1963
f 3707/1999/1963 3709/2000/1964 3706/1996/1960
f 3707/1999/1963 3711/2001/1965 3710/2002/1966
f 1048/279/279 1131/2003/1967 99/184/184
f 1049/290/290 3703/1997/1961 1048/279/279
f 1049/290/290 3705/2004/1968 3704/1995/1959
f 1050/289/289 1125/1970/1937 3705/2004/1968
f 3705/2004/1968 1124/1978/1943 3708/1998/1962
f 3708/1998/1962 1123/1977/1942 3711/2001/1965
f 3711/2001/1965 116/1976/1941 1098/2005/1969
f 3710/2002/1966 1098/2005/1969 1097/2006/1970
f 3710/2002/1966 1096/2007/1907 3709/2000/1964
f 3709/2000/1964 115/2008/1971 1129/2009/1972
f 3706/1996/1960 1129/2009/1972 1130/2010/1973
f 3703/1997/1961 1130/2010/1973 1131/2003/1967
f 3713/2011/1974 3715/2012/1975 3712/2013/1976
f 3713/2011/1974 3717/2014/1977 3716/2015/1978
f 3716/2015/1978 3718/2016/1979 3715/2012/1975
f 3716/2015/1978 3720/2017/1980 3719/2018/1981
f 1027/1104/1104 1134/2019/1982 106/1033/1033
f 1028/1115/1115 3712/2013/1976 1027/1104/1104
f 1028/1115/1115 3714/2020/1983 3713/2011/1974
f 1029/1114/1114 1128/1987/1952 3714/2020/1983
f 3714/2020/1983 1127/1994/1958 3717/2014/1977
f 3717/2014/1977 1126/1993/1957 3720/2017/1980
f 3720/2017/1980 123/1992/1956 1077/2021/1984
f 3719/2018/1981 1077/2021/1984 1076/2022/1985
f 3719/2018/1981 1075/2023/1923 3718/2016/1979
f 3718/2016/1979 122/2024/1986 1132/2025/1987
f 3715/2012/1975 1132/2025/1987 1133/2026/1988
f 3712/2013/1976 1133/2026/1988 1134/2019/1982
f 3722/2027/1989 3724/2028/1990 3721/2029/1991
f 3722/2027/1989 3726/2030/1992 3725/2031/1993
f 3725/2031/1993 3727/2032/1994 3724/2028/1990
f 3725/2031/1993 3729/2033/1995 3728/2034/1996
f 1051/175/175 1137/2035/1997 98/89/89
f 1052/186/186 3721/2029/1991 1051/175/175
f 1052/186/186 3723/2036/1998 3722/2027/1989
f 1053/185/185 1131/2003/1967 3723/2036/1998
f 3723/2036/1998 1130/2010/1973 3726/2030/1992
f 3726/2030/1992 1129/2009/1972 3729/2033/1995
f 3729/2033/1995 115/2008/1971 1101/2037/1999
f 3728/2034/1996 1101/2037/1999 1100/2038/2000
f 3728/2034/1996 1099/2039/1939 3727/2032/1994
f 3727/2032/1994 114/2040/2001 1135/2041/2002
f 3724/2028/1990 1135/2041/2002 1136/2042/2003
f 3721/2029/1991 1136/2042/2003 1137/2035/1997
f 3731/2043/2004 3733/2044/2005 3730/2045/2006
f 3731/2043/2004 3735/2046/2007 3734/2047/2008
f 3734/2047/2008 3736/2048/2009 3733/2044/2005
f 3734/2047/2008 3738/2049/2010 3737/2050/2011
f 1030/1024/1024 1140/2051/2012 105/933/933
f 1031/1035/1035 3730/2045/2006 1030/1024/1024
f 1031/1035/1035 3732/2052/2013 3731/2043/2004
f 1032/1034/1034 1134/2019/1982 3732/2052/2013
f 3732/2052/2013 1133/2026/1988 3735/2046/2007
f 3735/2046/2007 1132/2025/1987 3738/2049/2010
f 3738/2049/2010 122/2024/1986 1080/2053/2014
f 3737/2050/2011 1080/2053/2014 1079/2054/2015
f 3737/2050/2011 1078/2055/1954 3736/2048/2009
f 3736/2048/2009 121/2056/2016 1138/2057/2017
f 3733/2044/2005 1138/2057/2017 1139/2058/2018
f 3730/2045/2006 1139/2058/2018 1140/2051/2012
f 3740/2059/2019 3742/2060/2020 3739/2061/2021
f 3740/2059/2019 3744/2062/2022 3743/2063/2023
f 3743/2063/2023 3745/2064/2024 3742/2060/2020
f 3743/2063/2023 3747/2065/2025 3746/2066/2026
f 1009/1849/1820 1146/2067/2027 112/1772/1743
f 1010/1853/1824 3739/2061/2021 1009/1849/1820
f 1010/1853/1824 3741/2068/2028 3740/2059/2019
f 1011/1852/1823 1141/2069/2029 3741/2068/2028
f 3741/2068/2028 1142/2070/2030 3744/2062/2022
f 3744/2062/2022 1143/2071/2031 3747/2065/2025
f 3747/2065/2025 129/2072/2032 1059/2073/2033
f 3746/2066/2026 1059/2073/2033 1058/2074/2034
f 3746/2066/2026 1057/2075/1999 3745/2064/2024
f 3745/2064/2024 128/2076/2035 1144/2077/2036
f 3742/2060/2020 1144/2077/2036 1145/2078/2037
f 3739/2061/2021 1145/2078/2037 1146/2067/2027
f 3749/2079/2038 3751/2080/2039 3748/2081/2040
f 3749/2079/2038 3753/2082/2041 3752/2083/2042
f 3752/2083/2042 3754/2084/2043 3751/2080/2039
f 3752/2083/2042 3756/2085/2044 3755/2086/2045
f 1054/80/80 1141/2069/2029 113/79/79
f 1055/91/91 3748/2081/2040 1054/80/80
f 1055/91/91 3750/2087/2046 3749/2079/2038
f 1056/90/90 1137/2035/1997 3750/2087/2046
f 3750/2087/2046 1136/2042/2003 3753/2082/2041
f 3753/2082/2041 1135/2041/2002 3756/2085/2044
f 3756/2085/2044 114/2040/2001 1104/2088/2047
f 3755/2086/2045 1104/2088/2047 1103/2089/2048
f 3755/2086/2045 1102/2090/1969 3754/2084/2043
f 3754/2084/2043 129/2072/2032 1143/2071/2031
f 3751/2080/2039 1143/2071/2031 1142/2070/2030
f 3748/2081/2040 1142/2070/2030 1141/2069/2029
f 3758/2091/2049 3760/2092/2050 3757/2093/2051
f 3758/2091/2049 3762/2094/2052 3761/2095/2053
f 3761/2095/2053 3763/2096/2054 3760/2092/2050
f 3761/2095/2053 3765/2097/2055 3764/2098/2056
f 1033/927/927 1149/2099/2057 104/863/863
f 1034/935/935 3757/2093/2051 1033/927/927
f 1034/935/935 3759/2100/2058 3758/2091/2049
f 1035/934/934 1140/2051/2012 3759/2100/2058
f 3759/2100/2058 1139/2058/2018 3762/2094/2052
f 3762/2094/2052 1138/2057/2017 3765/2097/2055
f 3765/2097/2055 121/2056/2016 1083/2101/1873
f 3764/2098/2056 1083/2101/1873 1082/2102/2059
f 3764/2098/2056 1081/2103/1984 3763/2096/2054
f 3763/2096/2054 120/2104/2060 1147/2105/2061
f 3760/2092/2050 1147/2105/2061 1148/2106/2062
f 3757/2093/2051 1148/2106/2062 1149/2099/2057
f 3767/2107/2063 3769/2108/2064 3766/2109/2065
f 3767/2107/2063 3771/2110/2066 3770/2111/2067
f 3770/2111/2067 3772/2112/2068 3769/2108/2064
f 3770/2111/2067 3774/2113/2069 3773/2114/2070
f 1012/1766/1737 1152/2115/2071 111/1599/1570
f 1013/1774/1745 3766/2109/2065 1012/1766/1737
f 1013/1774/1745 3768/2116/2072 3767/2107/2063
f 1014/1773/1744 1146/2067/2027 3768/2116/2072
f 3768/2116/2072 1145/2078/2037 3771/2110/2066
f 3771/2110/2066 1144/2077/2036 3774/2113/2069
f 3774/2113/2069 128/2076/2035 1062/2117/1893
f 3773/2114/2070 1062/2117/1893 1061/2118/2073
f 3773/2114/2070 1060/2119/2047 3772/2112/2068
f 3772/2112/2068 127/2120/2074 1150/2121/2075
f 3769/2108/2064 1150/2121/2075 1151/2122/2076
f 3766/2109/2065 1151/2122/2076 1152/2115/2071
f 3776/2123/2077 3778/2124/2078 3775/2125/2079
f 3776/2123/2077 3780/2126/2080 3779/2127/2081
f 3779/2127/2081 3781/2128/2082 3778/2124/2078
f 3779/2127/2081 3783/2129/2083 3782/2130/2084
f 1036/857/857 1105/1896/1867 103/651/651
f 1037/865/865 3775/2125/2079 1036/857/857
f 1037/865/865 3777/2131/2085 3776/2123/2077
f 1038/864/864 1149/2099/2057 3777/2131/2085
f 3777/2131/2085 1148/2106/2062 3780/2126/2080
f 3780/2126/2080 1147/2105/2061 3783/2129/2083
f 3783/2129/2083 120/2104/2060 1086/2132/1909
f 3782/2130/2084 1086/2132/1909 1085/2133/2086
f 3782/2130/2084 1084/2134/2014 3781/2128/2082
f 3781/2128/2082 119/1899/1870 1107/1898/1869
f 3778/2124/2078 1107/1898/1869 1106/1897/1868
f 3775/2125/2079 1106/1897/1868 1105/1896/1867
f 3785/2135/2087 3787/2136/2088 3784/2137/2089
f 3785/2135/2087 3789/2138/2090 3788/2139/2091
f 3788/2139/2091 3790/2140/2092 3787/2136/2088
f 3788/2139/2091 3792/2141/2093 3791/2142/2094
f 1015/1590/1561 1111/1916/1887 110/1486/1473
f 1016/1601/1572 3784/2137/2089 1015/1590/1561
f 1016/1601/1572 3786/2143/2095 3785/2135/2087
f 1017/1600/1571 1152/2115/2071 3786/2143/2095
f 3786/2143/2095 1151/2122/2076 3789/2138/2090
f 3789/2138/2090 1150/2121/2075 3792/2141/2093
f 3792/2141/2093 127/2120/2074 1065/2144/1925
f 3791/2142/2094 1065/2144/1925 1064/2145/2096
f 3791/2142/2094 1063/2146/2033 3790/2140/2092
f 3790/2140/2092 126/1919/1890 1113/1918/1889
f 3787/2136/2088 1113/1918/1889 1112/1917/1888
f 3784/2137/2089 1112/1917/1888 1111/1916/1887
f 3795/2147/2097 3825/2148/2097 3794/2149/2097
f 3797/2150/2097 3795/2147/2097 3796/2151/2097
f 3799/2152/2097 3797/2150/2097 3798/2153/2097
f 3801/2154/2097 3799/2152/2097 3800/2155/2097
f 3803/2156/2097 3801/2154/2097 3802/2157/2097
f 3805/2158/2097 3803/2156/2097 3804/2159/2097
f 3807/2160/2097 3805/2158/2097 3806/2161/2097
f 3809/2162/2097 3807/2160/2097 3808/2163/2097
f 3811/2164/2097 3809/2162/2097 3810/2165/2097
f 3813/2166/2097 3811/2164/2097 3812/2167/2097
f 3815/2168/2097 3813/2166/2097 3814/2169/2097
f 3817/2170/2097 3815/2168/2097 3816/2171/2097
f 3819/2172/2097 3817/2170/2097 3818/2173/2097
f 3821/2174/2097 3819/2172/2097 3820/2175/2097
f 3823/2176/2097 3821/2174/2097 3822/2177/2097
f 3825/2148/2097 3823/2176/2097 3824/2178/2097
f 1057/2075/1999 1062/2117/1893 128/2076/2035
f 1058/2074/2034 3794/2149/2097 1057/2075/1999
f 3794/2149/2097 1061/2118/2073 1062/2117/1893
f 1102/2090/1969 1059/2073/2033 129/2072/2032
f 1103/2089/2048 3796/2151/2097 1102/2090/1969
f 3796/2151/2097 1058/2074/2034 1059/2073/2033
f 1099/2039/1939 1104/2088/2047 114/2040/2001
f 1100/2038/2000 3798/2153/2097 1099/2039/1939
f 3798/2153/2097 1103/2089/2048 1104/2088/2047
f 1096/2007/1907 1101/2037/1999 115/2008/1971
f 1097/2006/1970 3800/2155/2097 1096/2007/1907
f 3800/2155/2097 1100/2038/2000 1101/2037/1999
f 1093/1975/1871 1098/2005/1969 116/1976/1941
f 1094/1974/1940 3802/2157/2097 1093/1975/1871
f 3802/2157/2097 1097/2006/1970 1098/2005/1969
f 1090/1938/1909 1095/1973/1939 117/1939/1910
f 1091/1937/1908 3804/2159/2097 1090/1938/1909
f 3804/2159/2097 1094/1974/1940 1095/1973/1939
f 1087/1902/1873 1092/1936/1907 118/1903/1874
f 1088/1901/1872 3806/2161/2097 1087/1902/1873
f 3806/2161/2097 1091/1937/1908 1092/1936/1907
f 1084/2134/2014 1089/1900/1871 119/1899/1870
f 1085/2133/2086 3808/2163/2097 1084/2134/2014
f 3808/2163/2097 1088/1901/1872 1089/1900/1871
f 1081/2103/1984 1086/2132/1909 120/2104/2060
f 1082/2102/2059 3810/2165/2097 1081/2103/1984
f 3810/2165/2097 1085/2133/2086 1086/2132/1909
f 1078/2055/1954 1083/2101/1873 121/2056/2016
f 1079/2054/2015 3812/2167/2097 1078/2055/1954
f 3812/2167/2097 1082/2102/2059 1083/2101/1873
f 1075/2023/1923 1080/2053/2014 122/2024/1986
f 1076/2022/1985 3814/2169/2097 1075/2023/1923
f 3814/2169/2097 1079/2054/2015 1080/2053/2014
f 1072/1991/1891 1077/2021/1984 123/1992/1956
f 1073/1990/1955 3816/2171/2097 1072/1991/1891
f 3816/2171/2097 1076/2022/1985 1077/2021/1984
f 1069/2179/1925 1074/1989/1954 124/1959/1926
f 1070/2180/1924 3818/2173/2097 1069/2179/1925
f 3818/2173/2097 1073/1990/1955 1074/1989/1954
f 1066/1922/1893 1071/2181/1923 125/1923/1894
f 1067/1921/1892 3820/2175/2097 1066/1922/1893
f 3820/2175/2097 1070/2180/1924 1071/2181/1923
f 1063/2146/2033 1068/1920/1891 126/1919/1890
f 1064/2145/2096 3822/2177/2097 1063/2146/2033
f 3822/2177/2097 1067/1921/1892 1068/1920/1891
f 1060/2119/2047 1065/2144/1925 127/2120/2074
f 1061/2118/2073 3824/2178/2097 1060/2119/2047
f 3824/2178/2097 1064/2145/2096 1065/2144/1925
f 3826/2182/2098 3830/2183/2099 3829/2184/2100
f 3828/2185/2101 3830/2183/2099 3827/2186/2102
f 3829/2184/2100 3833/2187/2103 3832/2188/2104
f 3831/2189/2105 3833/2187/2103 3830/2183/2099
f 172/2190/2106 3826/2182/2098 1545/2191/2107
f 1362/2192/2108 3827/2186/2102 3826/2182/2098
f 1360/2193/2109 3827/2186/2102 1361/2194/2110
f 173/2195/2111 3828/2185/2101 1360/2193/2109
f 1251/2196/2112 3831/2189/2105 3828/2185/2101
f 1250/2197/2113 3834/2198/2114 3831/2189/2105
f 1249/2199/2115 1504/2200/2116 3834/2198/2114
f 3834/2198/2114 1505/2201/2117 3833/2187/2103
f 3832/2188/2104 1505/2201/2117 1506/2202/2118
f 1543/2203/2119 1506/2202/2118 201/2204/2120
f 1544/2205/2121 3832/2188/2104 1543/2203/2119
f 1545/2191/2107 3829/2184/2100 1544/2205/2121
f 3835/2206/2122 3839/2207/2123 3838/2208/2124
f 3837/2209/2125 3839/2207/2123 3836/2210/2126
f 3838/2208/2124 3842/2211/2127 3841/2212/2128
f 3840/2213/2129 3842/2211/2127 3839/2207/2123
f 375/2214/2130 3835/2206/2122 2565/2215/2131
f 2640/2216/2132 3836/2210/2126 3835/2206/2122
f 2638/2217/2133 3836/2210/2126 2639/2218/2134
f 374/2219/2135 3837/2209/2125 2638/2217/2133
f 2562/2220/2136 3840/2213/2129 3837/2209/2125
f 2561/2221/2137 3843/2222/2138 3840/2213/2129
f 2560/2223/2139 1431/2224/2140 3843/2222/2138
f 3843/2222/2138 1430/2225/2141 3842/2211/2127
f 3841/2212/2128 1430/2225/2141 1429/2226/2142
f 2563/2227/2143 1429/2226/2142 190/2228/2144
f 2564/2229/2145 3841/2212/2128 2563/2227/2143
f 2565/2215/2131 3838/2208/2124 2564/2229/2145
f 3844/2230/2146 3848/2231/2147 3847/2232/2148
f 3846/2233/2149 3848/2231/2147 3845/2234/2150
f 3847/2232/2148 3851/2235/2151 3850/2236/2152
f 3849/2237/2153 3851/2235/2151 3848/2231/2147
f 167/2238/2154 3844/2230/2146 1312/2239/2155
f 1359/2240/2156 3845/2234/2150 3844/2230/2146
f 1357/2241/2157 3845/2234/2150 1358/2242/2158
f 174/2243/2159 3846/2233/2149 1357/2241/2157
f 1263/2244/2160 3849/2237/2153 3846/2233/2149
f 1262/2245/2161 3852/2246/2162 3849/2237/2153
f 1261/2247/2163 1501/2248/2164 3852/2246/2162
f 3852/2246/2162 1502/2249/2165 3851/2235/2151
f 3850/2236/2152 1502/2249/2165 1503/2250/2166
f 1314/2251/2167 1503/2250/2166 196/2252/2168
f 1313/2253/2169 3850/2236/2152 1314/2251/2167
f 1312/2239/2155 3847/2232/2148 1313/2253/2169
f 3853/2254/2170 3857/2255/2171 3856/2256/2172
f 3855/2257/2173 3857/2255/2171 3854/2258/2174
f 3856/2256/2172 3860/2259/2175 3859/2260/2176
f 3858/2261/2177 3860/2259/2175 3857/2255/2171
f 374/2219/2135 3853/2254/2170 2562/2220/2136
f 2637/2262/2178 3854/2258/2174 3853/2254/2170
f 2635/2263/2179 3854/2258/2174 2636/2264/2180
f 369/2265/2181 3855/2257/2173 2635/2263/2179
f 2547/2266/2182 3858/2261/2177 3855/2257/2173
f 2546/2267/2183 3861/2268/2184 3858/2261/2177
f 2545/2269/2185 1426/2270/2186 3861/2268/2184
f 3861/2268/2184 1427/2271/2187 3860/2259/2175
f 3859/2260/2176 1427/2271/2187 1428/2272/2188
f 2560/2223/2139 1428/2272/2188 189/2273/2189
f 2561/2221/2137 3859/2260/2176 2560/2223/2139
f 2562/2220/2136 3856/2256/2172 2561/2221/2137
f 3862/2274/2190 3866/2275/2191 3865/2276/2192
f 3864/2277/2193 3866/2275/2191 3863/2278/2194
f 3865/2276/2192 3869/2279/2195 3868/2280/2196
f 3867/2281/2197 3869/2279/2195 3866/2275/2191
f 173/2195/2111 3862/2274/2190 1251/2196/2112
f 1356/2282/2198 3863/2278/2194 3862/2274/2190
f 1354/2283/2199 3863/2278/2194 1355/2284/2200
f 175/2285/2201 3864/2277/2193 1354/2283/2199
f 1275/2286/2202 3867/2281/2197 3864/2277/2193
f 1274/2287/2203 3870/2288/2204 3867/2281/2197
f 1273/2289/2205 1498/2290/2206 3870/2288/2204
f 3870/2288/2204 1499/2291/2207 3869/2279/2195
f 3868/2280/2196 1499/2291/2207 1500/2292/2208
f 1249/2199/2115 1500/2292/2208 202/2293/2209
f 1250/2197/2113 3868/2280/2196 1249/2199/2115
f 1251/2196/2112 3865/2276/2192 1250/2197/2113
f 3871/2294/2210 3875/2295/2211 3874/2296/2212
f 3873/2297/2213 3875/2295/2211 3872/2298/2214
f 3874/2296/2212 3878/2299/2215 3877/2300/2216
f 3876/2301/2217 3878/2299/2215 3875/2295/2211
f 369/2265/2181 3871/2294/2210 2547/2266/2182
f 2634/2302/2218 3872/2298/2214 3871/2294/2210
f 2632/2303/2219 3872/2298/2214 2633/2304/2220
f 370/2305/2221 3873/2297/2213 2632/2303/2219
f 2550/2306/2222 3876/2301/2217 3873/2297/2213
f 2549/2307/2223 3879/2308/2224 3876/2301/2217
f 2548/2309/2225 1423/2310/2226 3879/2308/2224
f 3879/2308/2224 1424/2311/2227 3878/2299/2215
f 3877/2300/2216 1424/2311/2227 1425/2312/2228
f 2545/2269/2185 1425/2312/2228 188/2313/2229
f 2546/2267/2183 3877/2300/2216 2545/2269/2185
f 2547/2266/2182 3874/2296/2212 2546/2267/2183
f 3880/2314/2230 3884/2315/2231 3883/2316/2232
f 3882/2317/2233 3884/2315/2231 3881/2318/2234
f 3883/2316/2232 3887/2319/2235 3886/2320/2236
f 3885/2321/2237 3887/2319/2235 3884/2315/2231
f 174/2243/2159 3880/2314/2230 1263/2244/2160
f 1353/2322/2238 3881/2318/2234 3880/2314/2230
f 1351/2323/2239 3881/2318/2234 1352/2324/2240
f 176/2325/2241 3882/2317/2233 1351/2323/2239
f 1287/2326/2242 3885/2321/2237 3882/2317/2233
f 1286/2327/2243 3888/2328/2244 3885/2321/2237
f 1285/2329/2245 1495/2330/2246 3888/2328/2244
f 3888/2328/2244 1496/2331/2247 3887/2319/2235
f 3886/2320/2236 1496/2331/2247 1497/2332/2248
f 1261/2247/2163 1497/2332/2248 203/2333/2249
f 1262/2245/2161 3886/2320/2236 1261/2247/2163
f 1263/2244/2160 3883/2316/2232 1262/2245/2161
f 3889/2334/2250 3893/2335/2251 3892/2336/2252
f 3891/2337/2253 3893/2335/2251 3890/2338/2254
f 3892/2336/2252 3896/2339/2255 3895/2340/2256
f 3894/2341/2257 3896/2339/2255 3893/2335/2251
f 162/2342/2258 3889/2334/2250 1276/2343/2259
f 1392/2344/2260 3890/2338/2254 3889/2334/2250
f 1390/2345/2261 3890/2338/2254 1391/2346/2262
f 161/2347/2263 3891/2337/2253 1390/2345/2261
f 1267/2348/2264 3894/2341/2257 3891/2337/2253
f 1268/2349/2265 3897/2350/2266 3894/2341/2257
f 1269/2351/2267 1534/2352/2268 3897/2350/2266
f 3897/2350/2266 1535/2353/2269 3896/2339/2255
f 3895/2340/2256 1535/2353/2269 1536/2354/2270
f 1278/2355/2271 1536/2354/2270 206/2356/2272
f 1277/2357/2273 3895/2340/2256 1278/2355/2271
f 1276/2343/2259 3892/2336/2252 1277/2357/2273
f 3898/2358/2274 3902/2359/2275 3901/2360/2276
f 3900/2361/2277 3902/2359/2275 3899/2362/2278
f 3901/2360/2276 3905/2363/2279 3904/2364/2280
f 3903/2365/2281 3905/2363/2279 3902/2359/2275
f 370/2305/2221 3898/2358/2274 2550/2306/2222
f 2631/2366/2282 3899/2362/2278 3898/2358/2274
f 2629/2367/2283 3899/2362/2278 2630/2368/2284
f 371/2369/2285 3900/2361/2277 2629/2367/2283
f 2553/2370/2286 3903/2365/2281 3900/2361/2277
f 2552/2371/2287 3906/2372/2288 3903/2365/2281
f 2551/2373/2289 1422/2374/2290 3906/2372/2288
f 3906/2372/2288 1421/2375/2291 3905/2363/2279
f 3904/2364/2280 1421/2375/2291 1420/2376/2292
f 2548/2309/2225 1420/2376/2292 187/2377/2293
f 2549/2307/2223 3904/2364/2280 2548/2309/2225
f 2550/2306/2222 3901/2360/2276 2549/2307/2223
f 3907/2378/2294 3911/2379/2295 3910/2380/2296
f 3909/2381/2297 3911/2379/2295 3908/2382/2298
f 3910/2380/2296 3914/2383/2299 3913/2384/2300
f 3912/2385/2301 3914/2383/2299 3911/2379/2295
f 175/2285/2201 3907/2378/2294 1275/2286/2202
f 1350/2386/2302 3908/2382/2298 3907/2378/2294
f 1348/2387/2303 3908/2382/2298 1349/2388/2304
f 162/2342/2258 3909/2381/2297 1348/2387/2303
f 1276/2343/2259 3912/2385/2301 3909/2381/2297
f 1277/2357/2273 3915/2389/2305 3912/2385/2301
f 1278/2355/2271 1492/2390/2306 3915/2389/2305
f 3915/2389/2305 1493/2391/2307 3914/2383/2299
f 3913/2384/2300 1493/2391/2307 1494/2392/2308
f 1273/2289/2205 1494/2392/2308 204/2393/2309
f 1274/2287/2203 3913/2384/2300 1273/2289/2205
f 1275/2286/2202 3910/2380/2296 1274/2287/2203
f 3916/2394/2310 3920/2395/2311 3919/2396/2312
f 3918/2397/2313 3920/2395/2311 3917/2398/2314
f 3919/2396/2312 3923/2399/2315 3922/2400/2316
f 3921/2401/2317 3923/2399/2315 3920/2395/2311
f 164/2402/2318 3916/2394/2310 1281/2403/2319
f 1389/2404/2320 3917/2398/2314 3916/2394/2310
f 1387/2405/2321 3917/2398/2314 1388/2406/2322
f 163/2407/2323 3918/2397/2313 1387/2405/2321
f 1308/2408/2324 3921/2401/2317 3918/2397/2313
f 1307/2409/2325 3924/2410/2326 3921/2401/2317
f 1306/2411/2327 1531/2412/2328 3924/2410/2326
f 3924/2410/2326 1532/2413/2329 3923/2399/2315
f 3922/2400/2316 1532/2413/2329 1533/2414/2330
f 1279/2415/2331 1533/2414/2330 207/2416/2332
f 1280/2417/2333 3922/2400/2316 1279/2415/2331
f 1281/2403/2319 3919/2396/2312 1280/2417/2333
f 3925/2418/2334 3929/2419/2335 3928/2420/2336
f 3927/2421/2337 3929/2419/2335 3926/2422/2338
f 3928/2420/2336 3932/2423/2339 3931/2424/2340
f 3930/2425/2341 3932/2423/2339 3929/2419/2335
f 371/2369/2285 3925/2418/2334 2553/2370/2286
f 2628/2426/2342 3926/2422/2338 3925/2418/2334
f 2626/2427/2343 3926/2422/2338 2627/2428/2344
f 372/2429/2345 3927/2421/2337 2626/2427/2343
f 2556/2430/2346 3930/2425/2341 3927/2421/2337
f 2555/2431/2347 3933/2432/2348 3930/2425/2341
f 2554/2433/2349 1419/2434/2350 3933/2432/2348
f 3933/2432/2348 1418/2435/2351 3932/2423/2339
f 3931/2424/2340 1418/2435/2351 1417/2436/2352
f 2551/2373/2289 1417/2436/2352 186/2437/2353
f 2552/2371/2287 3931/2424/2340 2551/2373/2289
f 2553/2370/2286 3928/2420/2336 2552/2371/2287
f 3934/2438/2354 3938/2439/2355 3937/2440/2356
f 3936/2441/2357 3938/2439/2355 3935/2442/2358
f 3937/2440/2356 3941/2443/2359 3940/2444/2360
f 3939/2445/2361 3941/2443/2359 3938/2439/2355
f 176/2325/2241 3934/2438/2354 1287/2326/2242
f 1347/2446/2362 3935/2442/2358 3934/2438/2354
f 1345/2447/2363 3935/2442/2358 1346/2448/2364
f 166/2449/2365 3936/2441/2357 1345/2447/2363
f 1290/2450/2366 3939/2445/2361 3936/2441/2357
f 1289/2451/2367 3942/2452/2368 3939/2445/2361
f 1288/2453/2369 1489/2454/2370 3942/2452/2368
f 3942/2452/2368 1490/2455/2371 3941/2443/2359
f 3940/2444/2360 1490/2455/2371 1491/2456/2372
f 1285/2329/2245 1491/2456/2372 205/2457/2373
f 1286/2327/2243 3940/2444/2360 1285/2329/2245
f 1287/2326/2242 3937/2440/2356 1286/2327/2243
f 3943/2458/2374 3947/2459/2375 3946/2460/2376
f 3945/2461/2377 3947/2459/2375 3944/2462/2378
f 3946/2460/2376 3950/2463/2379 3949/2464/2380
f 3948/2465/2381 3950/2463/2379 3947/2459/2375
f 166/2466/2365 3943/2458/2374 1290/2467/2366
f 1386/2468/2382 3944/2462/2378 3943/2458/2374
f 1384/2469/2383 3944/2462/2378 1385/2470/2384
f 165/2471/2385 3945/2461/2377 1384/2469/2383
f 1291/2472/2386 3948/2465/2381 3945/2461/2377
f 1292/2473/2387 3951/2474/2388 3948/2465/2381
f 1293/2475/2389 1528/2476/2390 3951/2474/2388
f 3951/2474/2388 1529/2477/2391 3950/2463/2379
f 3949/2464/2380 1529/2477/2391 1530/2478/2392
f 1288/2479/2369 1530/2478/2392 208/2480/2393
f 1289/2481/2367 3949/2464/2380 1288/2479/2369
f 1290/2467/2366 3946/2460/2376 1289/2481/2367
f 3952/2482/2394 3956/2483/2395 3955/2484/2396
f 3954/2485/2397 3956/2483/2395 3953/2486/2398
f 3955/2484/2396 3959/2487/2399 3958/2488/2400
f 3957/2489/2401 3959/2487/2399 3956/2483/2395
f 372/2429/2345 3952/2482/2394 2556/2430/2346
f 2625/2490/2402 3953/2486/2398 3952/2482/2394
f 2623/2491/2403 3953/2486/2398 2624/2492/2404
f 373/2493/2405 3954/2485/2397 2623/2491/2403
f 1300/2494/2406 3957/2489/2401 3954/2485/2397
f 1301/2495/2407 3960/2496/2408 3957/2489/2401
f 1302/2497/2409 1414/2498/2410 3960/2496/2408
f 3960/2496/2408 1415/2499/2411 3959/2487/2399
f 3958/2488/2400 1415/2499/2411 1416/2500/2412
f 2554/2433/2349 1416/2500/2412 185/2501/2413
f 2555/2431/2347 3958/2488/2400 2554/2433/2349
f 2556/2430/2346 3955/2484/2396 2555/2431/2347
f 3961/2502/2414 3965/2503/2415 3964/2504/2416
f 3963/2505/2417 3965/2503/2415 3962/2506/2418
f 3964/2504/2416 3968/2507/2419 3967/2508/2420
f 3966/2509/2421 3968/2507/2419 3965/2503/2415
f 163/2407/2323 3961/2502/2414 1308/2408/2324
f 1383/2510/2422 3962/2506/2418 3961/2502/2414
f 1381/2511/2423 3962/2506/2418 1382/2512/2424
f 167/2238/2154 3963/2505/2417 1381/2511/2423
f 1312/2239/2155 3966/2509/2421 3963/2505/2417
f 1313/2253/2169 3969/2513/2425 3966/2509/2421
f 1314/2251/2167 1525/2514/2426 3969/2513/2425
f 3969/2513/2425 1526/2515/2427 3968/2507/2419
f 3967/2508/2420 1526/2515/2427 1527/2516/2428
f 1306/2411/2327 1527/2516/2428 194/2517/2429
f 1307/2409/2325 3967/2508/2420 1306/2411/2327
f 1308/2408/2324 3964/2504/2416 1307/2409/2325
f 3970/2518/2430 3974/2519/2431 3973/2520/2432
f 3972/2521/2433 3974/2519/2431 3971/2522/2434
f 3973/2520/2432 3977/2523/2435 3976/2524/2436
f 3975/2525/2437 3977/2523/2435 3974/2519/2431
f 224/2526/2438 3970/2518/2430 1342/2527/2439
f 1680/2528/2440 3971/2522/2434 3970/2518/2430
f 1678/2529/2441 3971/2522/2434 1679/2530/2442
f 211/2531/2443 3972/2521/2433 1678/2529/2441
f 1593/2532/2444 3975/2525/2437 3972/2521/2433
f 1592/2533/2445 3978/2534/2446 3975/2525/2437
f 1591/2535/2447 1345/2447/2363 3978/2534/2446
f 3978/2534/2446 1346/2448/2364 3977/2523/2435
f 3976/2524/2436 1346/2448/2364 1347/2446/2362
f 1344/2536/2448 1347/2446/2362 176/2325/2241
f 1343/2537/2449 3976/2524/2436 1344/2536/2448
f 1342/2527/2439 3973/2520/2432 1343/2537/2449
f 3979/2538/2450 3983/2539/2451 3982/2540/2452
f 3981/2541/2453 3983/2539/2451 3980/2542/2454
f 3982/2540/2452 3986/2543/2455 3985/2544/2456
f 3984/2545/2457 3986/2543/2455 3983/2539/2451
f 223/2546/2458 3979/2538/2450 1339/2547/2459
f 1677/2548/2460 3980/2542/2454 3979/2538/2450
f 1675/2549/2461 3980/2542/2454 1676/2550/2462
f 209/2551/2463 3981/2541/2453 1675/2549/2461
f 1587/2552/2464 3984/2545/2457 3981/2541/2453
f 1586/2553/2465 3987/2554/2466 3984/2545/2457
f 1585/2555/2467 1348/2387/2303 3987/2554/2466
f 3987/2554/2466 1349/2388/2304 3986/2543/2455
f 3985/2544/2456 1349/2388/2304 1350/2386/2302
f 1341/2556/2468 1350/2386/2302 175/2285/2201
f 1340/2557/2469 3985/2544/2456 1341/2556/2468
f 1339/2547/2459 3982/2540/2452 1340/2557/2469
f 3988/2558/2470 3992/2559/2471 3991/2560/2472
f 3990/2561/2473 3992/2559/2471 3989/2562/2474
f 3991/2560/2472 3995/2563/2475 3994/2564/2476
f 3993/2565/2477 3995/2563/2475 3992/2559/2471
f 1674/2566/2478 1336/2567/2479 222/2568/2480
f 1674/2566/2478 3989/2562/2474 3988/2558/2470
f 1672/2569/2481 3989/2562/2474 1673/2570/2482
f 1672/2569/2481 1342/2527/2439 3990/2561/2473
f 1342/2527/2439 3993/2565/2477 3990/2561/2473
f 1343/2537/2449 3996/2571/2483 3993/2565/2477
f 1344/2536/2448 1351/2323/2239 3996/2571/2483
f 3996/2571/2483 1352/2324/2240 3995/2563/2475
f 3994/2564/2476 1352/2324/2240 1353/2322/2238
f 1338/2572/2484 1353/2322/2238 174/2243/2159
f 1337/2573/2485 3994/2564/2476 1338/2572/2484
f 1336/2567/2479 3991/2560/2472 1337/2573/2485
f 3997/2574/2486 4001/2575/2487 4000/2576/2488
f 3999/2577/2489 4001/2575/2487 3998/2578/2490
f 4000/2576/2488 4004/2579/2491 4003/2580/2492
f 4002/2581/2493 4004/2579/2491 4001/2575/2487
f 1671/2582/2494 1333/2583/2495 221/2584/2496
f 1671/2582/2494 3998/2578/2490 3997/2574/2486
f 1669/2585/2497 3998/2578/2490 1670/2586/2498
f 1669/2585/2497 1339/2547/2459 3999/2577/2489
f 1339/2547/2459 4002/2581/2493 3999/2577/2489
f 1340/2557/2469 4005/2587/2499 4002/2581/2493
f 1341/2556/2468 1354/2283/2199 4005/2587/2499
f 4005/2587/2499 1355/2284/2200 4004/2579/2491
f 4003/2580/2492 1355/2284/2200 1356/2282/2198
f 1335/2588/2500 1356/2282/2198 173/2195/2111
f 1334/2589/2501 4003/2580/2492 1335/2588/2500
f 1333/2583/2495 4000/2576/2488 1334/2589/2501
f 4006/2590/2502 4010/2591/2503 4009/2592/2504
f 4008/2593/2505 4010/2591/2503 4007/2594/2506
f 4009/2592/2504 4013/2595/2507 4012/2596/2508
f 4011/2597/2509 4013/2595/2507 4010/2591/2503
f 1668/2598/2510 1315/2599/2511 215/2600/2512
f 1668/2598/2510 4007/2594/2506 4006/2590/2502
f 1666/2601/2513 4007/2594/2506 1667/2602/2514
f 1666/2601/2513 1336/2567/2479 4008/2593/2505
f 1336/2567/2479 4011/2597/2509 4008/2593/2505
f 1337/2573/2485 4014/2603/2515 4011/2597/2509
f 1338/2572/2484 1357/2241/2157 4014/2603/2515
f 4014/2603/2515 1358/2242/2158 4013/2595/2507
f 4012/2596/2508 1358/2242/2158 1359/2240/2156
f 1317/2604/2516 1359/2240/2156 167/2238/2154
f 1316/2605/2517 4012/2596/2508 1317/2604/2516
f 1315/2599/2511 4009/2592/2504 1316/2605/2517
f 4015/2606/2518 4019/2607/2519 4018/2608/2520
f 4017/2609/2521 4019/2607/2519 4016/2610/2522
f 4018/2608/2520 4022/2611/2523 4021/2612/2524
f 4020/2613/2525 4022/2611/2523 4019/2607/2519
f 1665/2614/2526 1330/2615/2527 220/2616/2528
f 1665/2614/2526 4016/2610/2522 4015/2606/2518
f 1663/2617/2529 4016/2610/2522 1664/2618/2530
f 1663/2617/2529 1333/2583/2495 4017/2609/2521
f 1333/2583/2495 4020/2613/2525 4017/2609/2521
f 1334/2589/2501 4023/2619/2531 4020/2613/2525
f 1335/2588/2500 1360/2193/2109 4023/2619/2531
f 4023/2619/2531 1361/2194/2110 4022/2611/2523
f 4021/2612/2524 1361/2194/2110 1362/2192/2108
f 1332/2620/2532 1362/2192/2108 172/2190/2106
f 1331/2621/2533 4021/2612/2524 1332/2620/2532
f 1330/2615/2527 4018/2608/2520 1331/2621/2533
f 4024/2622/2534 4028/2623/2535 4027/2624/2536
f 4026/2625/2537 4028/2623/2535 4025/2626/2538
f 4027/2624/2536 4031/2627/2539 4030/2628/2540
f 4029/2629/2541 4031/2627/2539 4028/2623/2535
f 219/2630/2542 4024/2622/2534 1327/2631/2543
f 1661/2632/2544 4024/2622/2534 1662/2633/2545
f 1660/2634/2546 4025/2626/2538 1661/2632/2544
f 1660/2634/2546 1330/2615/2527 4026/2625/2537
f 1330/2615/2527 4029/2629/2541 4026/2625/2537
f 1331/2621/2533 4032/2635/2547 4029/2629/2541
f 1332/2620/2532 1363/2636/2548 4032/2635/2547
f 4032/2635/2547 1364/2637/2549 4031/2627/2539
f 4030/2628/2540 1364/2637/2549 1365/2638/2550
f 1329/2639/2551 1365/2638/2550 171/2640/2552
f 1328/2641/2553 4030/2628/2540 1329/2639/2551
f 1327/2631/2543 4027/2624/2536 1328/2641/2553
f 4033/2642/2554 4037/2643/2555 4036/2644/2556
f 4035/2645/2557 4037/2643/2555 4034/2646/2558
f 4036/2644/2556 4040/2647/2559 4039/2648/2560
f 4038/2649/2561 4040/2647/2559 4037/2643/2555
f 1659/2650/2562 1324/2651/2563 218/2652/2564
f 1659/2650/2562 4034/2646/2558 4033/2642/2554
f 1657/2653/2565 4034/2646/2558 1658/2654/2566
f 210/2655/2567 4035/2645/2557 1657/2653/2565
f 1590/2656/2568 4038/2649/2561 4035/2645/2557
f 1589/2657/2569 4041/2658/2570 4038/2649/2561
f 1588/2659/2571 1366/2660/2572 4041/2658/2570
f 4041/2658/2570 1367/2661/2573 4040/2647/2559
f 4039/2648/2560 1367/2661/2573 1368/2662/2574
f 1326/2663/2575 1368/2662/2574 170/2664/2576
f 1325/2665/2577 4039/2648/2560 1326/2663/2575
f 1324/2651/2563 4036/2644/2556 1325/2665/2577
f 4042/2666/2578 4046/2667/2579 4045/2668/2580
f 4044/2669/2581 4046/2667/2579 4043/2670/2582
f 4045/2668/2580 4049/2671/2583 4048/2672/2584
f 4047/2673/2585 4049/2671/2583 4046/2667/2579
f 217/2674/2586 4042/2666/2578 1321/2675/2587
f 1655/2676/2588 4042/2666/2578 1656/2677/2589
f 1654/2678/2590 4043/2670/2582 1655/2676/2588
f 1654/2678/2590 1327/2679/2543 4044/2669/2581
f 1327/2679/2543 4047/2673/2585 4044/2669/2581
f 1328/2680/2553 4050/2681/2591 4047/2673/2585
f 1329/2682/2551 1369/2683/2592 4050/2681/2591
f 4050/2681/2591 1370/2684/2593 4049/2671/2583
f 4048/2672/2584 1370/2684/2593 1371/2685/2594
f 1323/2686/2595 1371/2685/2594 169/2687/2596
f 1322/2688/2597 4048/2672/2584 1323/2686/2595
f 1321/2675/2587 4045/2668/2580 1322/2688/2597
f 4051/2689/2598 4055/2690/2599 4054/2691/2600
f 4053/2692/2601 4055/2690/2599 4052/2693/2602
f 4054/2691/2600 4058/2694/2603 4057/2695/2604
f 4056/2696/2605 4058/2694/2603 4055/2690/2599
f 1653/2697/2606 1318/2698/2607 216/2699/2608
f 1653/2697/2606 4052/2693/2602 4051/2689/2598
f 1651/2700/2609 4052/2693/2602 1652/2701/2610
f 1651/2700/2609 1324/2651/2563 4053/2692/2601
f 1324/2651/2563 4056/2696/2605 4053/2692/2601
f 1325/2665/2577 4059/2702/2611 4056/2696/2605
f 1326/2663/2575 1372/2703/2612 4059/2702/2611
f 4059/2702/2611 1373/2704/2613 4058/2694/2603
f 4057/2695/2604 1373/2704/2613 1374/2705/2614
f 1320/2706/2615 1374/2705/2614 168/2707/2616
f 1319/2708/2617 4057/2695/2604 1320/2706/2615
f 1318/2698/2607 4054/2691/2600 1319/2708/2617
f 4061/2709/2618 4063/2710/2619 4060/2711/2620
f 4062/2712/2621 4064/2713/2622 4061/2709/2618
f 4063/2710/2619 4067/2714/2623 4066/2715/2624
f 4065/2716/2625 4067/2714/2623 4064/2713/2622
f 214/2717/2626 4060/2711/2620 1309/2718/2627
f 1649/2719/2628 4060/2711/2620 1650/2720/2629
f 1648/2721/2630 4061/2709/2618 1649/2719/2628
f 1648/2721/2630 1321/2722/2587 4062/2712/2621
f 1321/2722/2587 4065/2716/2625 4062/2712/2621
f 1322/2723/2597 4068/2724/2631 4065/2716/2625
f 1323/2725/2595 1375/2726/2632 4068/2724/2631
f 4068/2724/2631 1376/2727/2633 4067/2714/2623
f 4066/2715/2624 1376/2727/2633 1377/2728/2634
f 1311/2729/2635 1377/2728/2634 165/2471/2385
f 1310/2730/2636 4066/2715/2624 1311/2729/2635
f 1309/2718/2627 4063/2710/2619 1310/2730/2636
f 4069/2731/2637 4073/2732/2638 4072/2733/2639
f 4071/2734/2640 4073/2732/2638 4070/2735/2641
f 4072/2733/2639 4076/2736/2642 4075/2737/2643
f 4074/2738/2644 4076/2736/2642 4073/2732/2638
f 1647/2739/2645 1297/2740/2646 212/2741/2647
f 1647/2739/2645 4070/2735/2641 4069/2731/2637
f 1645/2742/2648 4070/2735/2641 1646/2743/2649
f 1645/2742/2648 1318/2698/2607 4071/2734/2640
f 1318/2698/2607 4074/2738/2644 4071/2734/2640
f 1319/2708/2617 4077/2744/2650 4074/2738/2644
f 1320/2706/2615 1378/2745/2651 4077/2744/2650
f 4077/2744/2650 1379/2746/2652 4076/2736/2642
f 4075/2737/2643 1379/2746/2652 1380/2747/2653
f 1299/2748/2654 1380/2747/2653 161/2347/2263
f 1298/2749/2655 4075/2737/2643 1299/2748/2654
f 1297/2740/2646 4072/2733/2639 1298/2749/2655
f 4078/2750/2656 4082/2751/2657 4081/2752/2658
f 4080/2753/2659 4082/2751/2657 4079/2754/2660
f 4081/2752/2658 4085/2755/2661 4084/2756/2662
f 4083/2757/2663 4085/2755/2661 4082/2751/2657
f 1644/2758/2664 1303/2759/2665 213/2760/2666
f 1644/2758/2664 4079/2754/2660 4078/2750/2656
f 1642/2761/2667 4079/2754/2660 1643/2762/2668
f 1642/2761/2667 1315/2599/2511 4080/2753/2659
f 1315/2599/2511 4083/2757/2663 4080/2753/2659
f 1316/2605/2517 4086/2763/2669 4083/2757/2663
f 1317/2604/2516 1381/2511/2423 4086/2763/2669
f 4086/2763/2669 1382/2512/2424 4085/2755/2661
f 4084/2756/2662 1382/2512/2424 1383/2510/2422
f 1305/2764/2670 1383/2510/2422 163/2407/2323
f 1304/2765/2671 4084/2756/2662 1305/2764/2670
f 1303/2759/2665 4081/2752/2658 1304/2765/2671
f 4087/2766/2672 4091/2767/2673 4090/2768/2674
f 4089/2769/2675 4091/2767/2673 4088/2770/2676
f 4090/2768/2674 4094/2771/2677 4093/2772/2678
f 4092/2773/2679 4094/2771/2677 4091/2767/2673
f 1641/2774/2680 1593/2775/2444 211/2776/2443
f 1641/2774/2680 4088/2770/2676 4087/2766/2672
f 1640/2777/2681 4089/2769/2675 4088/2770/2676
f 214/2778/2626 4089/2769/2675 1639/2779/2682
f 1309/2780/2627 4092/2773/2679 4089/2769/2675
f 1310/2781/2636 4095/2782/2683 4092/2773/2679
f 1311/2783/2635 1384/2784/2383 4095/2782/2683
f 4095/2782/2683 1385/2785/2384 4094/2771/2677
f 4093/2772/2678 1385/2785/2384 1386/2786/2382
f 1591/2787/2447 1386/2786/2382 166/2466/2365
f 1592/2788/2445 4093/2772/2678 1591/2787/2447
f 1593/2775/2444 4090/2768/2674 1592/2788/2445
f 4096/2789/2684 4100/2790/2685 4099/2791/2686
f 4098/2792/2687 4100/2790/2685 4097/2793/2688
f 4099/2791/2686 4103/2794/2689 4102/2795/2690
f 4101/2796/2691 4103/2794/2689 4100/2790/2685
f 210/2655/2567 4096/2789/2684 1590/2656/2568
f 1637/2797/2692 4096/2789/2684 1638/2798/2693
f 1636/2799/2694 4097/2793/2688 1637/2797/2692
f 1636/2799/2694 1303/2759/2665 4098/2792/2687
f 1303/2759/2665 4101/2796/2691 4098/2792/2687
f 1304/2765/2671 4104/2800/2695 4101/2796/2691
f 1305/2764/2670 1387/2405/2321 4104/2800/2695
f 4104/2800/2695 1388/2406/2322 4103/2794/2689
f 4102/2795/2690 1388/2406/2322 1389/2404/2320
f 1588/2659/2571 1389/2404/2320 164/2402/2318
f 1589/2657/2569 4102/2795/2690 1588/2659/2571
f 1590/2656/2568 4099/2791/2686 1589/2657/2569
f 4105/2801/2696 4109/2802/2697 4108/2803/2698
f 4107/2804/2699 4109/2802/2697 4106/2805/2700
f 4108/2803/2698 4112/2806/2701 4111/2807/2702
f 4110/2808/2703 4112/2806/2701 4109/2802/2697
f 209/2551/2463 4105/2801/2696 1587/2552/2464
f 1634/2809/2704 4105/2801/2696 1635/2810/2705
f 1633/2811/2706 4106/2805/2700 1634/2809/2704
f 1633/2811/2706 1297/2740/2646 4107/2804/2699
f 1297/2740/2646 4110/2808/2703 4107/2804/2699
f 1298/2749/2655 4113/2812/2707 4110/2808/2703
f 1299/2748/2654 1390/2345/2261 4113/2812/2707
f 4113/2812/2707 1391/2346/2262 4112/2806/2701
f 4111/2807/2702 1391/2346/2262 1392/2344/2260
f 1585/2555/2467 1392/2344/2260 162/2342/2258
f 1586/2553/2465 4111/2807/2702 1585/2555/2467
f 1587/2552/2464 4108/2803/2698 1586/2553/2465
f 4114/2813/2708 4118/2814/2709 4117/2815/2710
f 4116/2816/2711 4118/2814/2709 4115/2817/2712
f 4118/2814/2709 4120/2818/2713 4117/2815/2710
f 4118/2814/2709 4122/2819/2714 4121/2820/2715
f 206/2356/2272 4114/2813/2708 1482/2821/2716
f 1536/2354/2270 4115/2817/2712 4114/2813/2708
f 1534/2352/2268 4115/2817/2712 1535/2353/2269
f 193/2822/2717 4116/2816/2711 1534/2352/2268
f 1441/2823/2718 4119/2824/2719 4116/2816/2711
f 4119/2824/2719 1443/2825/2720 4122/2819/2714
f 4122/2819/2714 190/2826/2144 1429/2827/2142
f 4121/2820/2715 1429/2827/2142 1430/2828/2141
f 4121/2820/2715 1431/2829/2140 4120/2818/2713
f 4120/2818/2713 189/2830/2189 1480/2831/2721
f 4117/2815/2710 1480/2831/2721 1481/2832/2722
f 1482/2821/2716 4117/2815/2710 1481/2832/2722
f 4123/2833/2723 4127/2834/2724 4126/2835/2725
f 4125/2836/2726 4127/2834/2724 4124/2837/2727
f 4127/2834/2724 4129/2838/2728 4126/2835/2725
f 4127/2834/2724 4131/2839/2729 4130/2840/2730
f 207/2416/2332 4123/2833/2723 1485/2841/2731
f 1533/2414/2330 4124/2837/2727 4123/2833/2723
f 1531/2412/2328 4124/2837/2727 1532/2413/2329
f 194/2517/2429 4125/2836/2726 1531/2412/2328
f 1444/2842/2732 4128/2843/2733 4125/2836/2726
f 4128/2843/2733 1446/2844/2734 4131/2839/2729
f 4131/2839/2729 177/2845/2735 1393/2846/2736
f 4130/2840/2730 1393/2846/2736 1394/2847/2737
f 4130/2840/2730 1395/2848/2738 4129/2838/2728
f 4129/2838/2728 178/2849/2739 1483/2850/2740
f 4126/2835/2725 1483/2850/2740 1484/2851/2741
f 1485/2841/2731 4126/2835/2725 1484/2851/2741
f 4132/2852/2742 4136/2853/2743 4135/2854/2744
f 4134/2855/2745 4136/2853/2743 4133/2856/2746
f 4136/2853/2743 4138/2857/2747 4135/2854/2744
f 4136/2853/2743 4140/2858/2748 4139/2859/2749
f 208/2480/2393 4132/2852/2742 1488/2860/2750
f 1530/2478/2392 4133/2856/2746 4132/2852/2742
f 1528/2476/2390 4133/2856/2746 1529/2477/2391
f 195/2861/2751 4134/2855/2745 1528/2476/2390
f 1447/2862/2752 4137/2863/2753 4134/2855/2745
f 4137/2863/2753 1449/2864/2754 4140/2858/2748
f 4140/2858/2748 183/2865/2755 1408/2866/2756
f 4139/2859/2749 1408/2866/2756 1409/2867/2757
f 4139/2859/2749 1410/2868/2758 4138/2857/2747
f 4138/2857/2747 182/2869/2759 1486/2870/2760
f 4135/2854/2744 1486/2870/2760 1487/2871/2761
f 1488/2860/2750 4135/2854/2744 1487/2871/2761
f 4141/2872/2762 4145/2873/2763 4144/2874/2764
f 4143/2875/2765 4145/2873/2763 4142/2876/2766
f 4145/2873/2763 4147/2877/2767 4144/2874/2764
f 4145/2873/2763 4149/2878/2768 4148/2879/2769
f 194/2517/2429 4141/2872/2762 1444/2842/2732
f 1527/2516/2428 4142/2876/2766 4141/2872/2762
f 1525/2514/2426 4142/2876/2766 1526/2515/2427
f 196/2252/2168 4143/2875/2765 1525/2514/2426
f 1450/2880/2770 4146/2881/2771 4143/2875/2765
f 4146/2881/2771 1452/2882/2772 4149/2878/2768
f 4149/2878/2768 179/2883/2773 1396/2884/2774
f 4148/2879/2769 1396/2884/2774 1397/2885/2775
f 4148/2879/2769 1398/2886/2776 4147/2877/2767
f 4147/2877/2767 177/2845/2735 1446/2844/2734
f 4144/2874/2764 1446/2844/2734 1445/2887/2777
f 1444/2842/2732 4144/2874/2764 1445/2887/2777
f 4150/2888/2778 4154/2889/2779 4153/2890/2780
f 4152/2891/2781 4154/2889/2779 4151/2892/2782
f 4154/2889/2779 4156/2893/2783 4153/2890/2780
f 4154/2889/2779 4158/2894/2784 4157/2895/2785
f 193/2822/2717 4150/2888/2778 1441/2823/2718
f 1524/2896/2786 4151/2892/2782 4150/2888/2778
f 1522/2897/2787 4151/2892/2782 1523/2898/2788
f 197/2899/2789 4152/2891/2781 1522/2897/2787
f 1453/2900/2790 4155/2901/2791 4152/2891/2781
f 4155/2901/2791 1455/2902/2792 4158/2894/2784
f 4158/2894/2784 191/2903/2793 1434/2904/2794
f 4157/2895/2785 1434/2904/2794 1433/2905/2795
f 4157/2895/2785 1432/2906/2796 4156/2893/2783
f 4156/2893/2783 190/2826/2144 1443/2825/2720
f 4153/2890/2780 1443/2825/2720 1442/2907/2797
f 1441/2823/2718 4153/2890/2780 1442/2907/2797
f 4159/2908/2798 4163/2909/2799 4162/2910/2800
f 4161/2911/2801 4163/2909/2799 4160/2912/2802
f 4163/2909/2799 4165/2913/2803 4162/2910/2800
f 4163/2909/2799 4167/2914/2804 4166/2915/2805
f 195/2916/2751 4159/2908/2798 1447/2917/2752
f 1521/2918/2806 4160/2912/2802 4159/2908/2798
f 1519/2919/2807 4160/2912/2802 1520/2920/2808
f 198/2921/2809 4161/2911/2801 1519/2919/2807
f 1456/2922/2810 4164/2923/2811 4161/2911/2801
f 4164/2923/2811 1458/2924/2812 4167/2914/2804
f 4167/2914/2804 184/2925/2813 1413/2926/2814
f 4166/2915/2805 1413/2926/2814 1412/2927/2815
f 4166/2915/2805 1411/2928/2816 4165/2913/2803
f 4165/2913/2803 183/2865/2755 1449/2929/2754
f 4162/2910/2800 1449/2929/2754 1448/2930/2817
f 1447/2917/2752 4162/2910/2800 1448/2930/2817
f 4168/2931/2818 4172/2932/2819 4171/2933/2820
f 4170/2934/2821 4172/2932/2819 4169/2935/2822
f 4172/2932/2819 4174/2936/2823 4171/2933/2820
f 4172/2932/2819 4176/2937/2824 4175/2938/2825
f 197/2899/2789 4168/2931/2818 1453/2900/2790
f 1518/2939/2826 4169/2935/2822 4168/2931/2818
f 1516/2940/2827 4169/2935/2822 1517/2941/2828
f 199/2942/2829 4170/2934/2821 1516/2940/2827
f 1459/2943/2830 4173/2944/2831 4170/2934/2821
f 4173/2944/2831 1461/2945/2832 4176/2937/2824
f 4176/2937/2824 192/2946/2833 1437/2947/2834
f 4175/2938/2825 1437/2947/2834 1436/2948/2835
f 4175/2938/2825 1435/2949/2836 4174/2936/2823
f 4174/2936/2823 191/2903/2793 1455/2902/2792
f 4171/2933/2820 1455/2902/2792 1454/2950/2837
f 1453/2900/2790 4171/2933/2820 1454/2950/2837
f 4177/2951/2838 4181/2952/2839 4180/2953/2840
f 4179/2954/2841 4181/2952/2839 4178/2955/2842
f 4181/2952/2839 4183/2956/2843 4180/2953/2840
f 4181/2952/2839 4185/2957/2844 4184/2958/2845
f 198/2959/2809 4177/2951/2838 1456/2960/2810
f 1515/2961/2846 4178/2955/2842 4177/2951/2838
f 1513/2962/2847 4178/2955/2842 1514/2963/2848
f 200/2964/2849 4179/2954/2841 1513/2962/2847
f 1462/2965/2850 4182/2966/2851 4179/2954/2841
f 4182/2966/2851 1464/2967/2852 4185/2957/2844
f 4185/2957/2844 185/2968/2413 1416/2969/2412
f 4184/2958/2845 1416/2969/2412 1415/2970/2411
f 4184/2958/2845 1414/2971/2410 4183/2956/2843
f 4183/2956/2843 184/2925/2813 1458/2972/2812
f 4180/2953/2840 1458/2972/2812 1457/2973/2853
f 1456/2960/2810 4180/2953/2840 1457/2973/2853
f 4186/2974/2854 4190/2975/2855 4189/2976/2856
f 4188/2977/2857 4190/2975/2855 4187/2978/2858
f 4190/2975/2855 4192/2979/2859 4189/2976/2856
f 4190/2975/2855 4194/2980/2860 4193/2981/2861
f 199/2942/2829 4186/2974/2854 1459/2943/2830
f 1512/2982/2862 4187/2978/2858 4186/2974/2854
f 1510/2983/2863 4187/2978/2858 1511/2984/2864
f 207/2416/2332 4188/2977/2857 1510/2983/2863
f 1485/2841/2731 4191/2985/2865 4188/2977/2857
f 4191/2985/2865 1483/2850/2740 4194/2980/2860
f 4194/2980/2860 178/2849/2739 1438/2986/2866
f 4193/2981/2861 1438/2986/2866 1439/2987/2867
f 4193/2981/2861 1440/2988/2868 4192/2979/2859
f 4192/2979/2859 192/2946/2833 1461/2945/2832
f 4189/2976/2856 1461/2945/2832 1460/2989/2869
f 1459/2943/2830 4189/2976/2856 1460/2989/2869
f 4195/2990/2870 4199/2991/2871 4198/2992/2872
f 4197/2993/2873 4199/2991/2871 4196/2994/2874
f 4199/2991/2871 4201/2995/2875 4198/2992/2872
f 4199/2991/2871 4203/2996/2876 4202/2997/2877
f 200/2998/2849 4195/2990/2870 1462/2999/2850
f 1509/3000/2878 4196/2994/2874 4195/2990/2870
f 1507/3001/2879 4196/2994/2874 1508/3002/2880
f 201/2204/2120 4197/2993/2873 1507/3001/2879
f 1465/3003/2881 4200/3004/2882 4197/2993/2873
f 4200/3004/2882 1467/3005/2883 4203/2996/2876
f 4203/2996/2876 186/3006/2353 1417/3007/2352
f 4202/2997/2877 1417/3007/2352 1418/3008/2351
f 4202/2997/2877 1419/3009/2350 4201/2995/2875
f 4201/2995/2875 185/2968/2413 1464/3010/2852
f 4198/2992/2872 1464/3010/2852 1463/3011/2884
f 1462/2999/2850 4198/2992/2872 1463/3011/2884
f 4204/3012/2885 4208/3013/2886 4207/3014/2887
f 4206/3015/2888 4208/3013/2886 4205/3016/2889
f 4208/3013/2886 4210/3017/2890 4207/3014/2887
f 4208/3013/2886 4212/3018/2891 4211/3019/2892
f 201/2204/2120 4204/3012/2885 1465/3003/2881
f 1506/2202/2118 4205/3016/2889 4204/3012/2885
f 1504/2200/2116 4205/3016/2889 1505/2201/2117
f 202/2293/2209 4206/3015/2888 1504/2200/2116
f 1468/3020/2893 4209/3021/2894 4206/3015/2888
f 4209/3021/2894 1470/3022/2895 4212/3018/2891
f 4212/3018/2891 187/3023/2293 1420/3024/2292
f 4211/3019/2892 1420/3024/2292 1421/3025/2291
f 4211/3019/2892 1422/3026/2290 4210/3017/2890
f 4210/3017/2890 186/3006/2353 1467/3005/2883
f 4207/3014/2887 1467/3005/2883 1466/3027/2896
f 1465/3003/2881 4207/3014/2887 1466/3027/2896
f 4213/3028/2897 4217/3029/2898 4216/3030/2899
f 4215/3031/2900 4217/3029/2898 4214/3032/2901
f 4217/3029/2898 4219/3033/2902 4216/3030/2899
f 4217/3029/2898 4221/3034/2903 4220/3035/2904
f 196/2252/2168 4213/3028/2897 1450/2880/2770
f 1503/2250/2166 4214/3032/2901 4213/3028/2897
f 1501/2248/2164 4214/3032/2901 1502/2249/2165
f 203/2333/2249 4215/3031/2900 1501/2248/2164
f 1471/3036/2905 4218/3037/2906 4215/3031/2900
f 4218/3037/2906 1473/3038/2907 4221/3034/2903
f 4221/3034/2903 180/3039/2908 1401/3040/2909
f 4220/3035/2904 1401/3040/2909 1400/3041/2910
f 4220/3035/2904 1399/3042/2911 4219/3033/2902
f 4219/3033/2902 179/2883/2773 1452/2882/2772
f 4216/3030/2899 1452/2882/2772 1451/3043/2912
f 1450/2880/2770 4216/3030/2899 1451/3043/2912
f 4222/3044/2913 4226/3045/2914 4225/3046/2915
f 4224/3047/2916 4226/3045/2914 4223/3048/2917
f 4226/3045/2914 4228/3049/2918 4225/3046/2915
f 4226/3045/2914 4230/3050/2919 4229/3051/2920
f 202/2293/2209 4222/3044/2913 1468/3020/2893
f 1500/3052/2208 4223/3048/2917 4222/3044/2913
f 1498/3053/2206 4223/3048/2917 1499/3054/2207
f 204/3055/2309 4224/3047/2916 1498/3053/2206
f 1474/3056/2921 4227/3057/2922 4224/3047/2916
f 4227/3057/2922 1476/3058/2923 4230/3050/2919
f 4230/3050/2919 188/3059/2229 1425/3060/2228
f 4229/3051/2920 1425/3060/2228 1424/3061/2227
f 4229/3051/2920 1423/3062/2226 4228/3049/2918
f 4228/3049/2918 187/3023/2293 1470/3022/2895
f 4225/3046/2915 1470/3022/2895 1469/3063/2924
f 1468/3020/2893 4225/3046/2915 1469/3063/2924
f 4231/3064/2925 4235/3065/2926 4234/3066/2927
f 4233/3067/2928 4235/3065/2926 4232/3068/2929
f 4235/3065/2926 4237/3069/2930 4234/3066/2927
f 4235/3065/2926 4239/3070/2931 4238/3071/2932
f 203/2333/2249 4231/3064/2925 1471/3036/2905
f 1497/2332/2248 4232/3068/2929 4231/3064/2925
f 1495/2330/2246 4232/3068/2929 1496/2331/2247
f 205/2457/2373 4233/3067/2928 1495/2330/2246
f 1477/3072/2933 4236/3073/2934 4233/3067/2928
f 4236/3073/2934 1479/3074/2935 4239/3070/2931
f 4239/3070/2931 181/3075/2936 1404/3076/2937
f 4238/3071/2932 1404/3076/2937 1403/3077/2938
f 4238/3071/2932 1402/3078/2939 4237/3069/2930
f 4237/3069/2930 180/3039/2908 1473/3038/2907
f 4234/3066/2927 1473/3038/2907 1472/3079/2940
f 1471/3036/2905 4234/3066/2927 1472/3079/2940
f 4240/3080/2941 4244/3081/2942 4243/3082/2943
f 4242/3083/2944 4244/3081/2942 4241/3084/2945
f 4244/3081/2942 4246/3085/2946 4243/3082/2943
f 4244/3081/2942 4248/3086/2947 4247/3087/2948
f 204/2393/2309 4240/3080/2941 1474/3088/2921
f 1494/2392/2308 4241/3084/2945 4240/3080/2941
f 1492/2390/2306 4241/3084/2945 1493/2391/2307
f 206/2356/2272 4242/3083/2944 1492/2390/2306
f 1482/2821/2716 4245/3089/2949 4242/3083/2944
f 4245/3089/2949 1480/2831/2721 4248/3086/2947
f 4248/3086/2947 189/2830/2189 1428/3090/2188
f 4247/3087/2948 1428/3090/2188 1427/3091/2187
f 4247/3087/2948 1426/3092/2186 4246/3085/2946
f 4246/3085/2946 188/3059/2229 1476/3093/2923
f 4243/3082/2943 1476/3093/2923 1475/3094/2950
f 1474/3088/2921 4243/3082/2943 1475/3094/2950
f 4249/3095/2951 4253/3096/2952 4252/3097/2953
f 4251/3098/2954 4253/3096/2952 4250/3099/2955
f 4253/3096/2952 4255/3100/2956 4252/3097/2953
f 4253/3096/2952 4257/3101/2957 4256/3102/2958
f 205/2457/2373 4249/3095/2951 1477/3072/2933
f 1491/2456/2372 4250/3099/2955 4249/3095/2951
f 1489/2454/2370 4250/3099/2955 1490/2455/2371
f 208/3103/2393 4251/3098/2954 1489/2454/2370
f 1488/3104/2750 4254/3105/2959 4251/3098/2954
f 4254/3105/2959 1486/3106/2760 4257/3101/2957
f 4257/3101/2957 182/3107/2759 1405/3108/2960
f 4256/3102/2958 1405/3108/2960 1406/3109/2961
f 4256/3102/2958 1407/3110/2962 4255/3100/2956
f 4255/3100/2956 181/3075/2936 1479/3074/2935
f 4252/3097/2953 1479/3074/2935 1478/3111/2963
f 1477/3072/2933 4252/3097/2953 1478/3111/2963
f 4258/3112/2964 4262/3113/2965 4261/3114/2966
f 4260/3115/2967 4262/3113/2965 4259/3116/2968
f 4261/3114/2966 4265/3117/2969 4264/3118/2970
f 4263/3119/2971 4265/3117/2969 4262/3113/2965
f 376/3120/2972 4258/3112/2964 2568/3121/2973
f 2622/3122/2974 4259/3116/2968 4258/3112/2964
f 2620/3123/2975 4259/3116/2968 2621/3124/2976
f 375/2214/2130 4260/3115/2967 2620/3123/2975
f 2565/2215/2131 4263/3119/2971 4260/3115/2967
f 2564/2229/2145 4266/3125/2977 4263/3119/2971
f 2563/2227/2143 1432/3126/2796 4266/3125/2977
f 4266/3125/2977 1433/3127/2795 4265/3117/2969
f 4264/3118/2970 1433/3127/2795 1434/3128/2794
f 2566/3129/2978 1434/3128/2794 191/3130/2793
f 2567/3131/2979 4264/3118/2970 2566/3129/2978
f 2568/3121/2973 4261/3114/2966 2567/3131/2979
f 4267/3132/2980 4271/3133/2981 4270/3134/2982
f 4269/3135/2983 4271/3133/2981 4268/3136/2984
f 4270/3134/2982 4274/3137/2985 4273/3138/2986
f 4272/3139/2987 4274/3137/2985 4271/3133/2981
f 378/3140/2988 4267/3132/2980 2574/3141/2989
f 2619/3142/2990 4268/3136/2984 4267/3132/2980
f 2617/3143/2991 4268/3136/2984 2618/3144/2992
f 377/3145/2993 4269/3135/2983 2617/3143/2991
f 1549/3146/2994 4272/3139/2987 4269/3135/2983
f 1550/3147/2995 4275/3148/2996 4272/3139/2987
f 1551/3149/2997 1395/3150/2738 4275/3148/2996
f 4275/3148/2996 1394/3151/2737 4274/3137/2985
f 4273/3138/2986 1394/3151/2737 1393/3152/2736
f 2572/3153/2998 1393/3152/2736 177/3154/2735
f 2573/3155/2999 4273/3138/2986 2572/3153/2998
f 2574/3141/2989 4270/3134/2982 2573/3155/2999
f 4276/3156/3000 4280/3157/3001 4279/3158/3002
f 4278/3159/3003 4280/3157/3001 4277/3160/3004
f 4279/3158/3002 4283/3161/3005 4282/3162/3006
f 4281/3163/3007 4283/3161/3005 4280/3157/3001
f 171/2640/2552 4276/3156/3000 1557/3164/3008
f 1365/2638/2550 4277/3160/3004 4276/3156/3000
f 1363/2636/2548 4277/3160/3004 1364/2637/2549
f 172/2190/2106 4278/3159/3003 1363/2636/2548
f 1545/2191/2107 4281/3163/3007 4278/3159/3003
f 1544/2205/2121 4284/3165/3009 4281/3163/3007
f 1543/2203/2119 1507/3166/2879 4284/3165/3009
f 4284/3165/3009 1508/3167/2880 4283/3161/3005
f 4282/3162/3006 1508/3167/2880 1509/3168/2878
f 1555/3169/3010 1509/3168/2878 200/2964/2849
f 1556/3170/3011 4282/3162/3006 1555/3169/3010
f 1557/3164/3008 4279/3158/3002 1556/3170/3011
f 4285/3171/3012 4289/3172/3013 4288/3173/3014
f 4287/3174/3015 4289/3172/3013 4286/3175/3016
f 4288/3173/3014 4292/3176/3017 4291/3177/3018
f 4290/3178/3019 4292/3176/3017 4289/3172/3013
f 379/3179/3020 4285/3171/3012 2577/3180/3021
f 2616/3181/3022 4286/3175/3016 4285/3171/3012
f 2614/3182/3023 4286/3175/3016 2615/3183/3024
f 376/3120/2972 4287/3174/3015 2614/3182/3023
f 2568/3121/2973 4290/3178/3019 4287/3174/3015
f 2567/3131/2979 4293/3184/3025 4290/3178/3019
f 2566/3129/2978 1435/3185/2836 4293/3184/3025
f 4293/3184/3025 1436/3186/2835 4292/3176/3017
f 4291/3177/3018 1436/3186/2835 1437/3187/2834
f 2575/3188/3026 1437/3187/2834 192/3189/2833
f 2576/3190/3027 4291/3177/3018 2575/3188/3026
f 2577/3180/3021 4288/3173/3014 2576/3190/3027
f 4294/3191/3028 4298/3192/3029 4297/3193/3030
f 4296/3194/3031 4298/3192/3029 4295/3195/3032
f 4297/3193/3030 4301/3196/3033 4300/3197/3034
f 4299/3198/3035 4301/3196/3033 4298/3192/3029
f 380/3199/3036 4294/3191/3028 2580/3200/3037
f 2613/3201/3038 4295/3195/3032 4294/3191/3028
f 2611/3202/3039 4295/3195/3032 2612/3203/3040
f 378/3140/2988 4296/3194/3031 2611/3202/3039
f 2574/3141/2989 4299/3198/3035 4296/3194/3031
f 2573/3155/2999 4302/3204/3041 4299/3198/3035
f 2572/3153/2998 1398/3205/2776 4302/3204/3041
f 4302/3204/3041 1397/3206/2775 4301/3196/3033
f 4300/3197/3034 1397/3206/2775 1396/3207/2774
f 2578/3208/3042 1396/3207/2774 179/3209/2773
f 2579/3210/3043 4300/3197/3034 2578/3208/3042
f 2580/3200/3037 4297/3193/3030 2579/3210/3043
f 4303/3211/3044 4307/3212/3045 4306/3213/3046
f 4305/3214/3047 4307/3212/3045 4304/3215/3048
f 4306/3213/3046 4310/3216/3049 4309/3217/3050
f 4308/3218/3051 4310/3216/3049 4307/3212/3045
f 170/2664/2576 4303/3211/3044 1566/3219/3052
f 1368/2662/2574 4304/3215/3048 4303/3211/3044
f 1366/2660/2572 4304/3215/3048 1367/2661/2573
f 164/2402/2318 4305/3214/3047 1366/2660/2572
f 1281/2403/2319 4308/3218/3051 4305/3214/3047
f 1280/2417/2333 4311/3220/3053 4308/3218/3051
f 1279/2415/2331 1510/2983/2863 4311/3220/3053
f 4311/3220/3053 1511/2984/2864 4310/3216/3049
f 4309/3217/3050 1511/2984/2864 1512/2982/2862
f 1564/3221/3054 1512/2982/2862 199/2942/2829
f 1565/3222/3055 4309/3217/3050 1564/3221/3054
f 1566/3219/3052 4306/3213/3046 1565/3222/3055
f 4312/3223/3056 4316/3224/3057 4315/3225/3058
f 4314/3226/3059 4316/3224/3057 4313/3227/3060
f 4315/3225/3058 4319/3228/3061 4318/3229/3062
f 4317/3230/3063 4319/3228/3061 4316/3224/3057
f 377/3145/2993 4312/3223/3056 1549/3146/2994
f 2610/3231/3064 4313/3227/3060 4312/3223/3056
f 2608/3232/3065 4313/3227/3060 2609/3233/3066
f 379/3179/3020 4314/3226/3059 2608/3232/3065
f 2577/3180/3021 4317/3230/3063 4314/3226/3059
f 2576/3190/3027 4320/3234/3067 4317/3230/3063
f 2575/3188/3026 1440/3235/2868 4320/3234/3067
f 4320/3234/3067 1439/3236/2867 4319/3228/3061
f 4318/3229/3062 1439/3236/2867 1438/3237/2866
f 1551/3149/2997 1438/3237/2866 178/3238/2739
f 1550/3147/2995 4318/3229/3062 1551/3149/2997
f 1549/3146/2994 4315/3225/3058 1550/3147/2995
f 4321/3239/3068 4325/3240/3069 4324/3241/3070
f 4323/3242/3071 4325/3240/3069 4322/3243/3072
f 4324/3241/3070 4328/3244/3073 4327/3245/3074
f 4326/3246/3075 4328/3244/3073 4325/3240/3069
f 381/3247/3076 4321/3239/3068 2583/3248/3077
f 2607/3249/3078 4322/3243/3072 4321/3239/3068
f 2605/3250/3079 4322/3243/3072 2606/3251/3080
f 380/3199/3036 4323/3242/3071 2605/3250/3079
f 2580/3200/3037 4326/3246/3075 4323/3242/3071
f 2579/3210/3043 4329/3252/3081 4326/3246/3075
f 2578/3208/3042 1399/3253/2911 4329/3252/3081
f 4329/3252/3081 1400/3254/2910 4328/3244/3073
f 4327/3245/3074 1400/3254/2910 1401/3255/2909
f 2581/3256/3082 1401/3255/2909 180/3257/2908
f 2582/3258/3083 4327/3245/3074 2581/3256/3082
f 2583/3248/3077 4324/3241/3070 2582/3258/3083
f 4330/3259/3084 4334/3260/3085 4333/3261/3086
f 4332/3262/3087 4334/3260/3085 4331/3263/3088
f 4333/3261/3086 4337/3264/3089 4336/3265/3090
f 4335/3266/3091 4337/3264/3089 4334/3260/3085
f 169/3267/2596 4330/3259/3084 1572/3268/3092
f 1371/3269/2594 4331/3263/3088 4330/3259/3084
f 1369/3270/2592 4331/3263/3088 1370/2684/2593
f 171/2640/2552 4332/3262/3087 1369/3270/2592
f 1557/3164/3008 4335/3266/3091 4332/3262/3087
f 1556/3170/3011 4338/3271/3093 4335/3266/3091
f 1555/3169/3010 1513/2962/2847 4338/3271/3093
f 4338/3271/3093 1514/2963/2848 4337/3264/3089
f 4336/3265/3090 1514/2963/2848 1515/2961/2846
f 1570/3272/3094 1515/2961/2846 198/2959/2809
f 1571/3273/3095 4336/3265/3090 1570/3272/3094
f 1572/3268/3092 4333/3261/3086 1571/3273/3095
f 4339/3274/3096 4343/3275/3097 4342/3276/3098
f 4341/3277/3099 4343/3275/3097 4340/3278/3100
f 4342/3276/3098 4346/3279/3101 4345/3280/3102
f 4344/3281/3103 4346/3279/3101 4343/3275/3097
f 382/3282/3104 4339/3274/3096 2586/3283/3105
f 2604/3284/3106 4340/3278/3100 4339/3274/3096
f 2602/3285/3107 4340/3278/3100 2603/3286/3108
f 381/3247/3076 4341/3277/3099 2602/3285/3107
f 2583/3248/3077 4344/3281/3103 4341/3277/3099
f 2582/3258/3083 4347/3287/3109 4344/3281/3103
f 2581/3256/3082 1402/3288/2939 4347/3287/3109
f 4347/3287/3109 1403/3289/2938 4346/3279/3101
f 4345/3280/3102 1403/3289/2938 1404/3290/2937
f 2584/3291/3110 1404/3290/2937 181/3292/2936
f 2585/3293/3111 4345/3280/3102 2584/3291/3110
f 2586/3283/3105 4342/3276/3098 2585/3293/3111
f 4348/3294/3112 4352/3295/3113 4351/3296/3114
f 4350/3297/3115 4352/3295/3113 4349/3298/3116
f 4351/3296/3114 4355/3299/3117 4354/3300/3118
f 4353/3301/3119 4355/3299/3117 4352/3295/3113
f 168/2707/2616 4348/3294/3112 1578/3302/3120
f 1374/2705/2614 4349/3298/3116 4348/3294/3112
f 1372/2703/2612 4349/3298/3116 1373/2704/2613
f 170/2664/2576 4350/3297/3115 1372/2703/2612
f 1566/3219/3052 4353/3301/3119 4350/3297/3115
f 1565/3222/3055 4356/3303/3121 4353/3301/3119
f 1564/3221/3054 1516/2940/2827 4356/3303/3121
f 4356/3303/3121 1517/2941/2828 4355/3299/3117
f 4354/3300/3118 1517/2941/2828 1518/2939/2826
f 1576/3304/3122 1518/2939/2826 197/2899/2789
f 1577/3305/3123 4354/3300/3118 1576/3304/3122
f 1578/3302/3120 4351/3296/3114 1577/3305/3123
f 4357/3306/3124 4361/3307/3125 4360/3308/3126
f 4359/3309/3127 4361/3307/3125 4358/3310/3128
f 4360/3308/3126 4364/3311/3129 4363/3312/3130
f 4362/3313/3131 4364/3311/3129 4361/3307/3125
f 383/3314/3132 4357/3306/3124 2589/3315/3133
f 2601/3316/3134 4358/3310/3128 4357/3306/3124
f 2599/3317/3135 4358/3310/3128 2600/3318/3136
f 382/3282/3104 4359/3309/3127 2599/3317/3135
f 2586/3283/3105 4362/3313/3131 4359/3309/3127
f 2585/3293/3111 4365/3319/3137 4362/3313/3131
f 2584/3291/3110 1407/3320/2962 4365/3319/3137
f 4365/3319/3137 1406/3321/2961 4364/3311/3129
f 4363/3312/3130 1406/3321/2961 1405/3322/2960
f 2587/3323/3138 1405/3322/2960 182/3324/2759
f 2588/3325/3139 4363/3312/3130 2587/3323/3138
f 2589/3315/3133 4360/3308/3126 2588/3325/3139
f 4366/3326/3140 4370/3327/3141 4369/3328/3142
f 4368/3329/3143 4370/3327/3141 4367/3330/3144
f 4369/3328/3142 4373/3331/3145 4372/3332/3146
f 4371/3333/3147 4373/3331/3145 4370/3327/3141
f 165/2471/2385 4366/3326/3140 1291/2472/2386
f 1377/2728/2634 4367/3330/3144 4366/3326/3140
f 1375/2726/2632 4367/3330/3144 1376/2727/2633
f 169/3267/2596 4368/3329/3143 1375/2726/2632
f 1572/3268/3092 4371/3333/3147 4368/3329/3143
f 1571/3273/3095 4374/3334/3148 4371/3333/3147
f 1570/3272/3094 1519/3335/2807 4374/3334/3148
f 4374/3334/3148 1520/2920/2808 4373/3331/3145
f 4372/3332/3146 1520/2920/2808 1521/3336/2806
f 1293/2475/2389 1521/3336/2806 195/2861/2751
f 1292/2473/2387 4372/3332/3146 1293/2475/2389
f 1291/2472/2386 4369/3328/3142 1292/2473/2387
f 4375/3337/3149 4379/3338/3150 4378/3339/3151
f 4377/3340/3152 4379/3338/3150 4376/3341/3153
f 4378/3339/3151 4382/3342/3154 4381/3343/3155
f 4380/3344/3156 4382/3342/3154 4379/3338/3150
f 384/3345/3157 4375/3337/3149 2592/3346/3158
f 2598/3347/3159 4376/3341/3153 4375/3337/3149
f 2596/3348/3160 4376/3341/3153 2597/3349/3161
f 383/3314/3132 4377/3340/3152 2596/3348/3160
f 2589/3315/3133 4380/3344/3156 4377/3340/3152
f 2588/3325/3139 4383/3350/3162 4380/3344/3156
f 2587/3323/3138 1410/3351/2758 4383/3350/3162
f 4383/3350/3162 1409/3352/2757 4382/3342/3154
f 4381/3343/3155 1409/3352/2757 1408/3353/2756
f 2590/3354/3163 1408/3353/2756 183/3355/2755
f 2591/3356/3164 4381/3343/3155 2590/3354/3163
f 2592/3346/3158 4378/3339/3151 2591/3356/3164
f 4384/3357/3165 4388/3358/3166 4387/3359/3167
f 4386/3360/3168 4388/3358/3166 4385/3361/3169
f 4387/3359/3167 4391/3362/3170 4390/3363/3171
f 4389/3364/3172 4391/3362/3170 4388/3358/3166
f 161/2347/2263 4384/3357/3165 1267/2348/2264
f 1380/2747/2653 4385/3361/3169 4384/3357/3165
f 1378/2745/2651 4385/3361/3169 1379/2746/2652
f 168/2707/2616 4386/3360/3168 1378/2745/2651
f 1578/3302/3120 4389/3364/3172 4386/3360/3168
f 1577/3305/3123 4392/3365/3173 4389/3364/3172
f 1576/3304/3122 1522/2897/2787 4392/3365/3173
f 4392/3365/3173 1523/2898/2788 4391/3362/3170
f 4390/3363/3171 1523/2898/2788 1524/2896/2786
f 1269/2351/2267 1524/2896/2786 193/2822/2717
f 1268/2349/2265 4390/3363/3171 1269/2351/2267
f 1267/2348/2264 4387/3359/3167 1268/2349/2265
f 4393/3366/3174 4397/3367/3175 4396/3368/3176
f 4395/3369/3177 4397/3367/3175 4394/3370/3178
f 4396/3368/3176 4400/3371/3179 4399/3372/3180
f 4398/3373/3181 4400/3371/3179 4397/3367/3175
f 373/2493/2405 4393/3366/3174 1300/2494/2406
f 2595/3374/3182 4394/3370/3178 4393/3366/3174
f 2593/3375/3183 4394/3370/3178 2594/3376/3184
f 384/3345/3157 4395/3369/3177 2593/3375/3183
f 2592/3346/3158 4398/3373/3181 4395/3369/3177
f 2591/3356/3164 4401/3377/3185 4398/3373/3181
f 2590/3354/3163 1411/3378/2816 4401/3377/3185
f 4401/3377/3185 1412/3379/2815 4400/3371/3179
f 4399/3372/3180 1412/3379/2815 1413/3380/2814
f 1302/2497/2409 1413/3380/2814 184/3381/2813
f 1301/2495/2407 4399/3372/3180 1302/2497/2409
f 1300/2494/2406 4396/3368/3176 1301/2495/2407
f 4403/3382/3186 4405/3383/3187 4402/3384/3188
f 4403/3382/3186 4407/3385/3189 4406/3386/3190
f 4406/3386/3190 4408/3387/3191 4405/3383/3187
f 4407/3385/3189 4409/3388/3192 4406/3386/3190
f 942/1652/1623 1254/3389/3193 133/412/412
f 941/1651/1622 4402/3384/3188 942/1652/1623
f 941/1651/1622 4404/3390/3194 4403/3382/3186
f 940/1650/1621 1594/3391/3195 4404/3390/3194
f 4404/3390/3194 1595/3392/3196 4407/3385/3189
f 4407/3385/3189 1596/3393/3197 4410/3394/3198
f 4410/3394/3198 212/2741/2647 1633/2811/2706
f 4410/3394/3198 1634/2809/2704 4409/3388/3192
f 4409/3388/3192 1635/2810/2705 4408/3387/3191
f 1252/3395/3199 1635/2810/2705 209/2551/2463
f 4405/3383/3187 1252/3395/3199 1253/3396/3200
f 4402/3384/3188 1253/3396/3200 1254/3389/3193
f 4412/3397/3201 4414/3398/3202 4411/3399/3203
f 4412/3397/3201 4416/3400/3204 4415/3401/3205
f 4415/3401/3205 4417/3402/3206 4414/3398/3202
f 4416/3400/3204 4418/3403/3207 4415/3401/3205
f 876/631/631 1260/3404/3208 94/632/632
f 875/630/630 4411/3399/3203 876/631/631
f 875/630/630 4413/3405/3209 4412/3397/3201
f 874/629/629 1597/3406/3210 4413/3405/3209
f 4413/3405/3209 1598/3407/3211 4416/3400/3204
f 4416/3400/3204 1599/3408/3212 4419/3409/3213
f 4419/3409/3213 213/2760/2666 1636/2799/2694
f 4419/3409/3213 1637/2797/2692 4418/3403/3207
f 4418/3403/3207 1638/2798/2693 4417/3402/3206
f 1258/3410/3214 1638/2798/2693 210/2655/2567
f 4414/3398/3202 1258/3410/3214 1259/3411/3215
f 4411/3399/3203 1259/3411/3215 1260/3404/3208
f 4421/3412/3216 4423/3413/3217 4420/3414/3218
f 4421/3412/3216 4425/3415/3219 4424/3416/3220
f 4423/3413/3217 4427/3417/3221 4426/3418/3222
f 4424/3416/3220 4428/3419/3223 4427/3417/3221
f 921/978/978 1266/3420/3224 140/979/979
f 920/977/977 4420/3414/3218 921/978/978
f 920/977/977 4422/3421/3225 4421/3412/3216
f 919/976/976 1600/3422/3226 4422/3421/3225
f 4422/3421/3225 1601/3423/3227 4425/3415/3219
f 4425/3415/3219 1602/3424/3228 4428/3419/3223
f 4428/3419/3223 214/2717/2626 1639/3425/2682
f 4427/3417/3221 1639/3425/2682 1640/3426/2681
f 4426/3418/3222 1640/3426/2681 1641/3427/2680
f 4426/3418/3222 211/2776/2443 1264/3428/3229
f 4423/3413/3217 1264/3428/3229 1265/3429/3230
f 4420/3414/3218 1265/3429/3230 1266/3420/3224
f 4430/3430/3231 4432/3431/3232 4429/3432/3233
f 4430/3430/3231 4434/3433/3234 4433/3434/3235
f 4433/3434/3235 4435/3435/3236 4432/3431/3232
f 4433/3434/3235 4437/3436/3237 4436/3437/3238
f 900/1083/1083 1597/3406/3210 144/628/628
f 899/1082/1082 4429/3432/3233 900/1083/1083
f 899/1082/1082 4431/3438/3239 4430/3430/3231
f 898/1081/1081 1603/3439/3240 4431/3438/3239
f 4431/3438/3239 1604/3440/3241 4434/3433/3234
f 4434/3433/3234 1605/3441/3242 4437/3436/3237
f 4437/3436/3237 215/2600/2512 1642/2761/2667
f 4436/3437/3238 1642/2761/2667 1643/2762/2668
f 4435/3435/3236 1643/2762/2668 1644/2758/2664
f 4435/3435/3236 213/2760/2666 1599/3408/3212
f 4432/3431/3232 1599/3408/3212 1598/3407/3211
f 4429/3432/3233 1598/3407/3211 1597/3406/3210
f 4439/3442/3243 4441/3443/3244 4438/3444/3245
f 4439/3442/3243 4443/3445/3246 4442/3446/3247
f 4442/3446/3247 4444/3447/3248 4441/3443/3244
f 4443/3445/3246 4445/3448/3249 4442/3446/3247
f 943/145/145 1594/3391/3195 132/146/146
f 944/144/144 4438/3444/3245 943/145/145
f 944/144/144 4440/3449/3250 4439/3442/3243
f 945/143/143 1606/3450/3251 4440/3449/3250
f 4440/3449/3250 1607/3451/3252 4443/3445/3246
f 4443/3445/3246 1608/3452/3253 4446/3453/3254
f 4446/3453/3254 216/2699/2608 1645/2742/2648
f 4445/3448/3249 1645/2742/2648 1646/2743/2649
f 4445/3448/3249 1647/2739/2645 4444/3447/3248
f 4444/3447/3248 212/2741/2647 1596/3393/3197
f 4441/3443/3244 1596/3393/3197 1595/3392/3196
f 4438/3444/3245 1595/3392/3196 1594/3391/3195
f 4448/3454/3255 4450/3455/3256 4447/3456/3257
f 4448/3454/3255 4452/3457/3258 4451/3458/3259
f 4451/3458/3259 4453/3459/3260 4450/3455/3256
f 4451/3458/3259 4455/3460/3261 4454/3461/3262
f 922/349/349 1600/3422/3226 139/350/350
f 923/348/348 4447/3456/3257 922/349/349
f 923/348/348 4449/3462/3263 4448/3454/3255
f 924/347/347 1609/3463/3264 4449/3462/3263
f 4449/3462/3263 1610/3464/3265 4452/3457/3258
f 4452/3457/3258 1611/3465/3266 4455/3460/3261
f 4455/3460/3261 217/3466/2586 1648/2721/2630
f 4454/3461/3262 1648/2721/2630 1649/2719/2628
f 4454/3461/3262 1650/2720/2629 4453/3459/3260
f 4453/3459/3260 214/2717/2626 1602/3424/3228
f 4450/3455/3256 1602/3424/3228 1601/3423/3227
f 4447/3456/3257 1601/3423/3227 1600/3422/3226
f 4457/3467/3267 4459/3468/3268 4456/3469/3269
f 4457/3467/3267 4461/3470/3270 4460/3471/3271
f 4460/3471/3271 4462/3472/3272 4459/3468/3268
f 4461/3470/3270 4463/3473/3273 4460/3471/3271
f 946/1548/1527 1606/3450/3251 131/142/142
f 947/1547/1526 4456/3469/3269 946/1548/1527
f 947/1547/1526 4458/3474/3274 4457/3467/3267
f 948/1546/1525 1612/3475/3275 4458/3474/3274
f 4458/3474/3274 1613/3476/3276 4461/3470/3270
f 4461/3470/3270 1614/3477/3277 4464/3478/3278
f 4464/3478/3278 218/2652/2564 1651/2700/2609
f 4463/3473/3273 1651/2700/2609 1652/2701/2610
f 4463/3473/3273 1653/2697/2606 4462/3472/3272
f 4462/3472/3272 216/2699/2608 1608/3452/3253
f 4459/3468/3268 1608/3452/3253 1607/3451/3252
f 4456/3469/3269 1607/3451/3252 1606/3450/3251
f 4466/3479/3279 4468/3480/3280 4465/3481/3281
f 4466/3479/3279 4470/3482/3282 4469/3483/3283
f 4469/3483/3283 4471/3484/3284 4468/3480/3280
f 4469/3483/3283 4473/3485/3285 4472/3486/3286
f 925/804/804 1609/3463/3264 138/346/346
f 926/803/803 4465/3481/3281 925/804/804
f 926/803/803 4467/3487/3287 4466/3479/3279
f 927/802/802 1615/3488/3288 4467/3487/3287
f 4467/3487/3287 1616/3489/3289 4470/3482/3282
f 4470/3482/3282 1617/3490/3290 4473/3485/3285
f 4473/3485/3285 219/2630/2542 1654/3491/2590
f 4472/3486/3286 1654/3491/2590 1655/2676/2588
f 4472/3486/3286 1656/3492/2589 4471/3484/3284
f 4471/3484/3284 217/3466/2586 1611/3465/3266
f 4468/3480/3280 1611/3465/3266 1610/3464/3265
f 4465/3481/3281 1610/3464/3265 1609/3463/3264
f 4475/3493/3291 4477/3494/3292 4474/3495/3293
f 4475/3493/3291 4479/3496/3294 4478/3497/3295
f 4478/3497/3295 4480/3498/3296 4477/3494/3292
f 4479/3496/3294 4481/3499/3297 4478/3497/3295
f 951/1704/1675 1612/3475/3275 130/1545/1524
f 950/1703/1674 4474/3495/3293 951/1704/1675
f 950/1703/1674 4476/3500/3298 4475/3493/3291
f 949/1702/1673 1260/3404/3208 4476/3500/3298
f 4476/3500/3298 1259/3411/3215 4479/3496/3294
f 4479/3496/3294 1258/3410/3214 4482/3501/3299
f 4482/3501/3299 210/2655/2567 1657/2653/2565
f 4481/3499/3297 1657/2653/2565 1658/2654/2566
f 4481/3499/3297 1659/2650/2562 4480/3498/3296
f 1614/3477/3277 1659/2650/2562 218/2652/2564
f 4477/3494/3292 1614/3477/3277 1613/3476/3276
f 4474/3495/3293 1613/3476/3276 1612/3475/3275
f 4484/3502/3300 4486/3503/3301 4483/3504/3302
f 4484/3502/3300 4488/3505/3303 4487/3506/3304
f 4487/3506/3304 4489/3507/3305 4486/3503/3301
f 4487/3506/3304 4491/3508/3306 4490/3509/3307
f 930/242/242 1615/3488/3288 137/243/243
f 929/241/241 4483/3504/3302 930/242/242
f 929/241/241 4485/3510/3308 4484/3502/3300
f 928/240/240 1618/3511/3309 4485/3510/3308
f 4485/3510/3308 1619/3512/3310 4488/3505/3303
f 4488/3505/3303 1620/3513/3311 4491/3508/3306
f 4491/3508/3306 220/2616/2528 1660/2634/2546
f 4491/3508/3306 1661/2632/2544 4490/3509/3307
f 4490/3509/3307 1662/2633/2545 4489/3507/3305
f 4489/3507/3305 219/2630/2542 1617/3490/3290
f 4486/3503/3301 1617/3490/3290 1616/3489/3289
f 4483/3504/3302 1616/3489/3289 1615/3488/3288
f 4493/3514/3312 4495/3515/3313 4492/3516/3314
f 4493/3514/3312 4497/3517/3315 4496/3518/3316
f 4496/3518/3316 4498/3519/3317 4495/3515/3313
f 4497/3517/3315 4499/3520/3318 4496/3518/3316
f 933/711/711 1618/3511/3309 136/239/239
f 932/710/710 4492/3516/3314 933/711/711
f 932/710/710 4494/3521/3319 4493/3514/3312
f 931/709/709 1621/3522/3320 4494/3521/3319
f 4494/3521/3319 1622/3523/3321 4497/3517/3315
f 4497/3517/3315 1623/3524/3322 4500/3525/3323
f 4500/3525/3323 221/2584/2496 1663/2617/2529
f 4500/3525/3323 1664/2618/2530 4499/3520/3318
f 4499/3520/3318 1665/2614/2526 4498/3519/3317
f 4498/3519/3317 220/2616/2528 1620/3513/3311
f 4495/3515/3313 1620/3513/3311 1619/3512/3310
f 4492/3516/3314 1619/3512/3310 1618/3511/3309
f 4502/3526/3324 4504/3527/3325 4501/3528/3326
f 4502/3526/3324 4506/3529/3327 4505/3530/3328
f 4505/3530/3328 4507/3531/3329 4504/3527/3325
f 4505/3530/3328 4509/3532/3330 4508/3533/3331
f 910/1444/1440 1603/3439/3240 143/1080/1080
f 911/1443/1439 4501/3528/3326 910/1444/1440
f 911/1443/1439 4503/3534/3332 4502/3526/3324
f 912/1442/1438 1624/3535/3333 4503/3534/3332
f 4503/3534/3332 1625/3536/3334 4506/3529/3327
f 4506/3529/3327 1626/3537/3335 4509/3532/3330
f 4509/3532/3330 222/2568/2480 1666/2601/2513
f 4508/3533/3331 1666/2601/2513 1667/2602/2514
f 4508/3533/3331 1668/2598/2510 4507/3531/3329
f 4507/3531/3329 215/2600/2512 1605/3441/3242
f 4504/3527/3325 1605/3441/3242 1604/3440/3241
f 4501/3528/3326 1604/3440/3241 1603/3439/3240
f 4511/3538/3336 4513/3539/3337 4510/3540/3338
f 4511/3538/3336 4515/3541/3339 4514/3542/3340
f 4514/3542/3340 4516/3543/3341 4513/3539/3337
f 4515/3541/3339 4517/3544/3342 4514/3542/3340
f 934/1885/1856 1621/3522/3320 135/708/708
f 935/1884/1855 4510/3540/3338 934/1885/1856
f 935/1884/1855 4512/3545/3343 4511/3538/3336
f 936/1883/1854 1627/3546/3344 4512/3545/3343
f 4512/3545/3343 1628/3547/3345 4515/3541/3339
f 4515/3541/3339 1629/3548/3346 4518/3549/3347
f 4518/3549/3347 223/2546/2458 1669/2585/2497
f 4517/3544/3342 1669/2585/2497 1670/2586/2498
f 4517/3544/3342 1671/2582/2494 4516/3543/3341
f 4516/3543/3341 221/2584/2496 1623/3524/3322
f 4513/3539/3337 1623/3524/3322 1622/3523/3321
f 4510/3540/3338 1622/3523/3321 1621/3522/3320
f 4520/3550/3348 4522/3551/3349 4519/3552/3350
f 4520/3550/3348 4524/3553/3351 4523/3554/3352
f 4523/3554/3352 4525/3555/3353 4522/3551/3349
f 4524/3553/3351 4526/3556/3354 4523/3554/3352
f 913/1174/1174 1624/3535/3333 142/1175/1175
f 914/1173/1173 4519/3552/3350 913/1174/1174
f 914/1173/1173 4521/3557/3355 4520/3550/3348
f 915/1172/1172 1630/3558/3356 4521/3557/3355
f 4521/3557/3355 1631/3559/3357 4524/3553/3351
f 4524/3553/3351 1632/3560/3358 4527/3561/3359
f 4527/3561/3359 224/2526/2438 1672/2569/2481
f 4526/3556/3354 1672/2569/2481 1673/2570/2482
f 4526/3556/3354 1674/2566/2478 4525/3555/3353
f 4525/3555/3353 222/2568/2480 1626/3537/3335
f 4522/3551/3349 1626/3537/3335 1625/3536/3334
f 4519/3552/3350 1625/3536/3334 1624/3535/3333
f 4529/3562/3360 4531/3563/3361 4528/3564/3362
f 4529/3562/3360 4533/3565/3363 4532/3566/3364
f 4532/3566/3364 4534/3567/3365 4531/3563/3361
f 4533/3565/3363 4535/3568/3366 4532/3566/3364
f 937/415/415 1627/3546/3344 134/416/416
f 938/414/414 4528/3564/3362 937/415/415
f 938/414/414 4530/3569/3367 4529/3562/3360
f 939/413/413 1254/3389/3193 4530/3569/3367
f 4530/3569/3367 1253/3396/3200 4533/3565/3363
f 4533/3565/3363 1252/3395/3199 4536/3570/3368
f 4536/3570/3368 209/2551/2463 1675/2549/2461
f 4535/3568/3366 1675/2549/2461 1676/2550/2462
f 4535/3568/3366 1677/2548/2460 4534/3567/3365
f 1629/3548/3346 1677/2548/2460 223/2546/2458
f 4531/3563/3361 1629/3548/3346 1628/3547/3345
f 4528/3564/3362 1628/3547/3345 1627/3546/3344
f 4538/3571/3369 4540/3572/3370 4537/3573/3371
f 4538/3571/3369 4542/3574/3372 4541/3575/3373
f 4540/3572/3370 4544/3576/3374 4543/3577/3375
f 4542/3574/3372 4544/3576/3374 4541/3575/3373
f 918/1255/1251 1630/3558/3356 141/1171/1171
f 917/1254/1250 4537/3573/3371 918/1255/1251
f 917/1254/1250 4539/3578/3376 4538/3571/3369
f 916/1253/1249 1266/3579/3224 4539/3578/3376
f 4539/3578/3376 1265/3580/3230 4542/3574/3372
f 4542/3574/3372 1264/3581/3229 4545/3582/3377
f 1264/3581/3229 1678/2529/2441 4545/3582/3377
f 4545/3582/3377 1679/2530/2442 4544/3576/3374
f 4544/3576/3374 1680/2528/2440 4543/3577/3375
f 1632/3560/3358 1680/2528/2440 224/2526/2438
f 4540/3572/3370 1632/3560/3358 1631/3559/3357
f 4537/3573/3371 1631/3559/3357 1630/3558/3356
f 4546/3583/3378 4550/3584/3379 4549/3585/3380
f 4548/3586/3381 4550/3584/3379 4547/3587/3382
f 4549/3585/3380 4553/3588/3383 4552/3589/3384
f 4551/3590/3385 4553/3588/3383 4550/3584/3379
f 321/3591/3386 4546/3583/3378 2193/3592/3387
f 2199/3593/3388 4547/3587/3382 4546/3583/3378
f 2197/3594/3389 4547/3587/3382 2198/3595/3390
f 233/3596/3391 4548/3586/3381 2197/3594/3389
f 1698/3597/3392 4551/3590/3385 4548/3586/3381
f 1697/3598/3393 4554/3599/3394 4551/3590/3385
f 1696/3600/3395 1701/3601/3396 4554/3599/3394
f 4554/3599/3394 1700/3602/3397 4553/3588/3383
f 4552/3589/3384 1700/3602/3397 1699/3603/3398
f 2191/3604/3399 1699/3603/3398 227/3605/3400
f 2192/3606/3401 4552/3589/3384 2191/3604/3399
f 2193/3592/3387 4549/3585/3380 2192/3606/3401
f 4556/3607/1040 4558/3608/1039 4555/3609/1044
f 4556/3607/1040 4560/3610/1042 4559/3611/1037
f 4559/3611/1037 4561/3612/1036 4558/3608/1039
f 4559/3611/1037 4563/3613/1041 4562/3614/1038
f 2202/3615/990 2187/3616/945 320/3617/902
f 2201/3618/1000 4555/3609/1044 2202/3615/990
f 2201/3618/1000 4557/3619/1045 4556/3607/1040
f 2200/3620/998 1692/3621/1046 4557/3619/1045
f 4557/3619/1045 1691/3622/1047 4560/3610/1042
f 4560/3610/1042 1690/3623/1048 4563/3613/1041
f 4563/3613/1041 230/3624/3402 1704/3625/3403
f 4562/3614/1038 1704/3625/3403 1703/3626/3404
f 4562/3614/1038 1702/3627/3405 4561/3612/1036
f 4561/3612/1036 226/3628/3406 2185/3629/947
f 4558/3608/1039 2185/3629/947 2186/3630/946
f 4555/3609/1044 2186/3630/946 2187/3616/945
f 4565/3631/3407 4567/3632/3408 4564/3633/3409
f 4565/3631/3407 4569/3634/3410 4568/3635/3411
f 4568/3635/3411 4570/3636/3412 4567/3632/3408
f 4568/3635/3411 4572/3637/3413 4571/3638/3414
f 1707/3639/3415 2184/3640/3416 225/3641/3417
f 1706/3642/3418 4564/3633/3409 1707/3639/3415
f 1706/3642/3418 4566/3643/3419 4565/3631/3407
f 1705/3644/3420 1686/3645/3421 4566/3643/3419
f 4566/3643/3419 1685/3646/3422 4569/3634/3410
f 4569/3634/3410 1684/3647/3423 4572/3637/3413
f 4572/3637/3413 228/3648/3424 2205/3649/3425
f 4571/3638/3414 2205/3649/3425 2204/3650/3426
f 4571/3638/3414 2203/3651/3427 4570/3636/3412
f 4570/3636/3412 319/3652/3428 2182/3653/3429
f 4567/3632/3408 2182/3653/3429 2183/3654/3430
f 4564/3633/3409 2183/3654/3430 2184/3640/3416
f 4573/3655/3431 4577/3656/3432 4576/3657/3433
f 4575/3658/3434 4577/3656/3432 4574/3659/3435
f 4576/3657/3433 4580/3660/3436 4579/3661/3437
f 4578/3662/3438 4580/3660/3436 4577/3656/3432
f 337/3663/3439 4573/3655/3431 2304/3664/3440
f 2350/3665/3441 4574/3659/3435 4573/3655/3431
f 2352/3666/3442 4574/3659/3435 2351/3667/3443
f 322/3668/3444 4575/3658/3434 2352/3666/3442
f 2259/3669/3445 4578/3662/3438 4575/3658/3434
f 2258/3670/3446 4581/3671/3447 4578/3662/3438
f 2257/3672/3448 2197/3594/3389 4581/3671/3447
f 4581/3671/3447 2198/3595/3390 4580/3660/3436
f 4579/3661/3437 2198/3595/3390 2199/3593/3388
f 2302/3673/3449 2199/3593/3388 321/3591/3386
f 2303/3674/3450 4579/3661/3437 2302/3673/3449
f 2304/3664/3440 4576/3657/3433 2303/3674/3450
f 4582/3675/985 4586/3676/986 4585/3677/982
f 4584/3678/989 4586/3676/986 4583/3679/992
f 4585/3677/982 4589/3680/983 4588/3681/984
f 4587/3682/987 4589/3680/983 4586/3676/986
f 227/3605/3400 4582/3675/985 2190/3683/898
f 1699/3603/3398 4583/3679/992 4582/3675/985
f 1701/3601/3396 4583/3679/992 1700/3602/3397
f 232/3684/3451 4584/3678/989 1701/3601/3396
f 1695/3685/995 4587/3682/987 4584/3678/989
f 1694/3686/996 4590/3687/988 4587/3682/987
f 1693/3688/997 2200/3620/998 4590/3687/988
f 4590/3687/988 2201/3618/1000 4589/3680/983
f 4588/3681/984 2201/3618/1000 2202/3615/990
f 2188/3689/900 2202/3615/990 320/3617/902
f 2189/3690/899 4588/3681/984 2188/3689/900
f 2190/3683/898 4585/3677/982 2189/3690/899
f 4592/3691/3452 4594/3692/3453 4591/3693/3454
f 4592/3691/3452 4596/3694/3455 4595/3695/3456
f 4595/3695/3456 4597/3696/3457 4594/3692/3453
f 4595/3695/3456 4599/3697/3458 4598/3698/3459
f 1702/3627/3405 1683/3699/3460 226/3628/3406
f 1703/3626/3404 4591/3693/3454 1702/3627/3405
f 1703/3626/3404 4593/3700/3461 4592/3691/3452
f 1704/3625/3403 1689/3701/3462 4593/3700/3461
f 4593/3700/3461 1688/3702/3463 4596/3694/3455
f 4596/3694/3455 1687/3703/3464 4599/3697/3458
f 4599/3697/3458 229/3704/3465 1705/3644/3420
f 4598/3698/3459 1705/3644/3420 1706/3642/3418
f 4598/3698/3459 1707/3639/3415 4597/3696/3457
f 4597/3696/3457 225/3641/3417 1681/3705/3466
f 4594/3692/3453 1681/3705/3466 1682/3706/3467
f 4591/3693/3454 1682/3706/3467 1683/3699/3460
f 4601/3707/3468 4603/3708/3469 4600/3709/3470
f 4602/3710/3471 4604/3711/3472 4601/3707/3468
f 4603/3708/3469 4607/3712/3473 4606/3713/3474
f 4604/3711/3472 4608/3714/3475 4607/3712/3473
f 2455/3715/3476 1789/3716/3477 246/3717/3478
f 2456/3718/3479 4600/3709/3470 2455/3715/3476
f 2457/3719/3480 4601/3707/3468 2456/3718/3479
f 356/3720/3481 4602/3710/3471 2457/3719/3480
f 2239/3721/3482 4605/3722/3483 4602/3710/3471
f 4605/3722/3483 2241/3723/3484 4608/3714/3475
f 4608/3714/3475 355/3724/3485 2461/3725/3486
f 4607/3712/3473 2461/3725/3486 2462/3726/3487
f 4606/3713/3474 2462/3726/3487 2463/3727/3488
f 1791/3728/3489 2463/3727/3488 240/3729/3490
f 1790/3730/3491 4606/3713/3474 1791/3728/3489
f 4600/3709/3470 1790/3730/3491 1789/3716/3477
f 4610/3731/3492 4612/3732/3493 4609/3733/3494
f 4610/3731/3492 4614/3734/3495 4613/3735/3496
f 4613/3735/3496 4615/3736/3497 4612/3732/3493
f 4613/3735/3496 4617/3737/3498 4616/3738/3499
f 1725/3739/3500 1686/3645/3421 229/3704/3465
f 1724/3740/3501 4609/3733/3494 1725/3739/3500
f 1724/3740/3501 4611/3741/3502 4610/3731/3492
f 1723/3742/3503 1710/3743/3504 4611/3741/3502
f 4611/3741/3502 1709/3744/3505 4614/3734/3495
f 4614/3734/3495 1708/3745/3506 4617/3737/3498
f 4617/3737/3498 234/3746/3507 1728/3747/3508
f 4616/3738/3499 1728/3747/3508 1727/3748/3509
f 4616/3738/3499 1726/3749/3510 4615/3736/3497
f 4615/3736/3497 228/3648/3424 1684/3647/3423
f 4612/3732/3493 1684/3647/3423 1685/3646/3422
f 4609/3733/3494 1685/3646/3422 1686/3645/3421
f 4618/3750/3511 4622/3751/3512 4621/3752/3513
f 4620/3753/3514 4622/3751/3512 4619/3754/3515
f 4621/3752/3513 4625/3755/3516 4624/3756/3517
f 4623/3757/3518 4625/3755/3516 4622/3751/3512
f 322/3668/3444 4618/3750/3511 2259/3669/3445
f 2347/3758/3519 4619/3754/3515 4618/3750/3511
f 2349/3759/3520 4619/3754/3515 2348/3760/3521
f 323/3761/3522 4620/3753/3514 2349/3759/3520
f 2262/3762/3523 4623/3757/3518 4620/3753/3514
f 2261/3763/3524 4626/3764/3525 4623/3757/3518
f 2260/3765/3526 1731/3766/3527 4626/3764/3525
f 4626/3764/3525 1730/3767/3528 4625/3755/3516
f 4624/3756/3517 1730/3767/3528 1729/3768/3529
f 2257/3672/3448 1729/3768/3529 233/3596/3391
f 2258/3670/3446 4624/3756/3517 2257/3672/3448
f 2259/3669/3445 4621/3752/3513 2258/3670/3446
f 4627/3769/1194 4631/3770/1195 4630/3771/1191
f 4629/3772/1198 4631/3770/1195 4628/3773/1199
f 4630/3771/1191 4634/3774/1192 4633/3775/1193
f 4632/3776/1196 4634/3774/1192 4631/3770/1195
f 232/3684/3451 4627/3769/1194 1695/3685/995
f 1734/3777/3530 4628/3773/1199 4627/3769/1194
f 1732/3778/3531 4628/3773/1199 1733/3779/3532
f 238/3780/3533 4629/3772/1198 1732/3778/3531
f 1719/3781/1200 4632/3776/1196 4629/3772/1198
f 1718/3782/1201 4635/3783/1197 4632/3776/1196
f 1717/3784/1202 1737/3785/1128 4635/3783/1197
f 4635/3783/1197 1736/3786/1126 4634/3774/1192
f 4633/3775/1193 1736/3786/1126 1735/3787/1125
f 1693/3688/997 1735/3787/1125 231/3788/999
f 1694/3686/996 4633/3775/1193 1693/3688/997
f 1695/3685/995 4630/3771/1191 1694/3686/996
f 4637/3789/3534 4639/3790/3535 4636/3791/3536
f 4637/3789/3534 4641/3792/3537 4640/3793/3538
f 4640/3793/3538 4642/3794/3539 4639/3790/3535
f 4640/3793/3538 4644/3795/3540 4643/3796/3541
f 1740/3797/3542 1689/3701/3462 230/3624/3402
f 1739/3798/3543 4636/3791/3536 1740/3797/3542
f 1739/3798/3543 4638/3799/3544 4637/3789/3534
f 1738/3800/3545 1713/3801/3546 4638/3799/3544
f 4638/3799/3544 1712/3802/3547 4641/3792/3537
f 4641/3792/3537 1711/3803/3548 4644/3795/3540
f 4644/3795/3540 235/3804/3549 1723/3742/3503
f 4643/3796/3541 1723/3742/3503 1724/3740/3501
f 4643/3796/3541 1725/3739/3500 4642/3794/3539
f 4642/3794/3539 229/3704/3465 1687/3703/3464
f 4639/3790/3535 1687/3703/3464 1688/3702/3463
f 4636/3791/3536 1688/3702/3463 1689/3701/3462
f 4646/3805/3550 4648/3806/3551 4645/3807/3552
f 4647/3808/3553 4649/3809/3554 4646/3805/3550
f 4648/3806/3551 4652/3810/3555 4651/3811/3556
f 4649/3809/3554 4653/3812/3557 4652/3810/3555
f 2482/3813/3558 1965/3814/3559 276/3815/3560
f 2483/3816/3561 4645/3807/3552 2482/3813/3558
f 2484/3817/3562 4646/3805/3550 2483/3816/3561
f 361/3818/3563 4647/3808/3553 2484/3817/3562
f 2226/3819/3564 4650/3820/3565 4647/3808/3553
f 4650/3820/3565 2224/3821/3566 4653/3812/3557
f 4653/3812/3557 360/3822/3567 2491/3823/3568
f 4652/3810/3555 2491/3823/3568 2492/3824/3569
f 4651/3811/3556 2492/3824/3569 2493/3825/3570
f 1963/3826/3571 2493/3825/3570 270/3827/3572
f 1964/3828/3573 4651/3811/3556 1963/3826/3571
f 4645/3807/3552 1964/3828/3573 1965/3814/3559
f 4654/3829/3574 4658/3830/3575 4657/3831/3576
f 4656/3832/3577 4658/3830/3575 4655/3833/3578
f 4657/3831/3576 4661/3834/3579 4660/3835/3580
f 4659/3836/3581 4661/3834/3579 4658/3830/3575
f 233/3596/3391 4654/3829/3574 1698/3597/3392
f 1729/3768/3529 4655/3833/3578 4654/3829/3574
f 1731/3766/3527 4655/3833/3578 1730/3767/3528
f 239/3837/3582 4656/3832/3577 1731/3766/3527
f 1722/3838/3583 4659/3836/3581 4656/3832/3577
f 1721/3839/3584 4662/3840/3585 4659/3836/3581
f 1720/3841/3586 1732/3778/3531 4662/3840/3585
f 4662/3840/3585 1733/3779/3532 4661/3834/3579
f 4660/3835/3580 1733/3779/3532 1734/3777/3530
f 1696/3600/3395 1734/3777/3530 232/3684/3451
f 1697/3598/3393 4660/3835/3580 1696/3600/3395
f 1698/3597/3392 4657/3831/3576 1697/3598/3393
f 4664/3842/1120 4666/3843/1119 4663/3844/1124
f 4664/3842/1120 4668/3845/1122 4667/3846/1117
f 4667/3846/1117 4669/3847/1116 4666/3843/1119
f 4667/3846/1117 4671/3848/1121 4670/3849/1118
f 1735/3787/1125 1692/3621/1046 231/3788/999
f 1736/3786/1126 4663/3844/1124 1735/3787/1125
f 1736/3786/1126 4665/3850/1127 4664/3842/1120
f 1737/3785/1128 1716/3851/1129 4665/3850/1127
f 4665/3850/1127 1715/3852/1130 4668/3845/1122
f 4668/3845/1122 1714/3853/1131 4671/3848/1121
f 4671/3848/1121 236/3854/3587 1738/3800/3545
f 4670/3849/1118 1738/3800/3545 1739/3798/3543
f 4670/3849/1118 1740/3797/3542 4669/3847/1116
f 4669/3847/1116 230/3624/3402 1690/3623/1048
f 4666/3843/1119 1690/3623/1048 1691/3622/1047
f 4663/3844/1124 1691/3622/1047 1692/3621/1046
f 4672/3855/3588 4676/3856/3589 4675/3857/3590
f 4674/3858/3591 4676/3856/3589 4673/3859/3592
f 4675/3857/3590 4679/3860/3593 4678/3861/3594
f 4677/3862/3595 4679/3860/3593 4676/3856/3589
f 323/3761/3522 4672/3855/3588 2262/3762/3523
f 2344/3863/3596 4673/3859/3592 4672/3855/3588
f 2346/3864/3597 4673/3859/3592 2345/3865/3598
f 324/3866/3599 4674/3858/3591 2346/3864/3597
f 2265/3867/3600 4677/3862/3595 4674/3858/3591
f 2264/3868/3601 4680/3869/3602 4677/3862/3595
f 2263/3870/3603 1758/3871/3604 4680/3869/3602
f 4680/3869/3602 1757/3872/3605 4679/3860/3593
f 4678/3861/3594 1757/3872/3605 1756/3873/3606
f 2260/3765/3526 1756/3873/3606 239/3837/3582
f 2261/3763/3524 4678/3861/3594 2260/3765/3526
f 2262/3762/3523 4675/3857/3590 2261/3763/3524
f 4681/3874/1274 4685/3875/1275 4684/3876/1271
f 4683/3877/1278 4685/3875/1275 4682/3878/1280
f 4684/3876/1271 4688/3879/1272 4687/3880/1273
f 4686/3881/1276 4688/3879/1272 4685/3875/1275
f 238/3780/3533 4681/3874/1274 1719/3781/1200
f 1761/3882/3607 4682/3878/1280 4681/3874/1274
f 1759/3883/3608 4682/3878/1280 1760/3884/3609
f 244/3885/3610 4683/3877/1278 1759/3883/3608
f 1752/3886/1281 4686/3881/1276 4683/3877/1278
f 1751/3887/1282 4689/3888/1277 4686/3881/1276
f 1750/3889/1283 1764/3890/1284 4689/3888/1277
f 4689/3888/1277 1763/3891/1286 4688/3879/1272
f 4687/3880/1273 1763/3891/1286 1762/3892/1279
f 1717/3784/1202 1762/3892/1279 237/3893/1203
f 1718/3782/1201 4687/3880/1273 1717/3784/1202
f 1719/3781/1200 4684/3876/1271 1718/3782/1201
f 4691/3894/3611 4693/3895/3612 4690/3896/3613
f 4691/3894/3611 4695/3897/3614 4694/3898/3615
f 4694/3898/3615 4696/3899/3616 4693/3895/3612
f 4694/3898/3615 4698/3900/3617 4697/3901/3618
f 1767/3902/3619 1713/3801/3546 236/3854/3587
f 1766/3903/3620 4690/3896/3613 1767/3902/3619
f 1766/3903/3620 4692/3904/3621 4691/3894/3611
f 1765/3905/3622 1746/3906/3623 4692/3904/3621
f 4692/3904/3621 1745/3907/3624 4695/3897/3614
f 4695/3897/3614 1744/3908/3625 4698/3900/3617
f 4698/3900/3617 241/3909/3626 1770/3910/3627
f 4697/3901/3618 1770/3910/3627 1769/3911/3628
f 4697/3901/3618 1768/3912/3629 4696/3899/3616
f 4696/3899/3616 235/3804/3549 1711/3803/3548
f 4693/3895/3612 1711/3803/3548 1712/3802/3547
f 4690/3896/3613 1712/3802/3547 1713/3801/3546
f 4700/3913/3630 4702/3914/3631 4699/3915/3632
f 4701/3916/3633 4703/3917/3634 4700/3913/3630
f 4702/3914/3631 4706/3918/3635 4705/3919/3636
f 4703/3917/3634 4707/3920/3637 4706/3918/3635
f 2479/3921/3638 2026/3922/3639 288/3923/3640
f 2480/3924/3641 4699/3915/3632 2479/3921/3638
f 2481/3925/3642 4700/3913/3630 2480/3924/3641
f 363/3926/3643 4701/3916/3633 2481/3925/3642
f 2218/3927/3644 4704/3928/3645 4701/3916/3633
f 4704/3928/3645 2220/3929/3646 4707/3920/3637
f 4707/3920/3637 362/3930/3647 2485/3931/3648
f 4706/3918/3635 2485/3931/3648 2486/3932/3649
f 4705/3919/3636 2486/3932/3649 2487/3933/3650
f 2028/3934/3651 2487/3933/3650 282/3935/3652
f 2027/3936/3653 4705/3919/3636 2028/3934/3651
f 4699/3915/3632 2027/3936/3653 2026/3922/3639
f 4708/3937/3654 4712/3938/3655 4711/3939/3656
f 4710/3940/3657 4712/3938/3655 4709/3941/3658
f 4711/3939/3656 4715/3942/3659 4714/3943/3660
f 4713/3944/3661 4715/3942/3659 4712/3938/3655
f 239/3837/3582 4708/3937/3654 1722/3838/3583
f 1756/3873/3606 4709/3941/3658 4708/3937/3654
f 1758/3871/3604 4709/3941/3658 1757/3872/3605
f 245/3945/3662 4710/3940/3657 1758/3871/3604
f 1755/3946/3663 4713/3944/3661 4710/3940/3657
f 1754/3947/3664 4716/3948/3665 4713/3944/3661
f 1753/3949/3666 1759/3883/3608 4716/3948/3665
f 4716/3948/3665 1760/3884/3609 4715/3942/3659
f 4714/3943/3660 1760/3884/3609 1761/3882/3607
f 1720/3841/3586 1761/3882/3607 238/3780/3533
f 1721/3839/3584 4714/3943/3660 1720/3841/3586
f 1722/3838/3583 4711/3939/3656 1721/3839/3584
f 4718/3950/1320 4720/3951/1319 4717/3952/1323
f 4718/3950/1320 4722/3953/1322 4721/3954/1317
f 4721/3954/1317 4723/3955/1316 4720/3951/1319
f 4721/3954/1317 4725/3956/1321 4724/3957/1318
f 1762/3892/1279 1716/3851/1129 237/3893/1203
f 1763/3891/1286 4717/3952/1323 1762/3892/1279
f 1763/3891/1286 4719/3958/1324 4718/3950/1320
f 1764/3890/1284 1749/3959/1325 4719/3958/1324
f 4719/3958/1324 1748/3960/1326 4722/3953/1322
f 4722/3953/1322 1747/3961/1327 4725/3956/1321
f 4725/3956/1321 242/3962/3667 1765/3905/3622
f 4724/3957/1318 1765/3905/3622 1766/3903/3620
f 4724/3957/1318 1767/3902/3619 4723/3955/1316
f 4723/3955/1316 236/3854/3587 1714/3853/1131
f 4720/3951/1319 1714/3853/1131 1715/3852/1130
f 4717/3952/1323 1715/3852/1130 1716/3851/1129
f 4727/3963/3668 4729/3964/3669 4726/3965/3670
f 4727/3963/3668 4731/3966/3671 4730/3967/3672
f 4730/3967/3672 4732/3968/3673 4729/3964/3669
f 4730/3967/3672 4734/3969/3674 4733/3970/3675
f 1768/3912/3629 1710/3743/3504 235/3804/3549
f 1769/3911/3628 4726/3965/3670 1768/3912/3629
f 1769/3911/3628 4728/3971/3676 4727/3963/3668
f 1770/3910/3627 1743/3972/3677 4728/3971/3676
f 4728/3971/3676 1742/3973/3678 4731/3966/3671
f 4731/3966/3671 1741/3974/3679 4734/3969/3674
f 4734/3969/3674 240/3729/3490 1771/3975/3680
f 4733/3970/3675 1771/3975/3680 1772/3976/3681
f 4733/3970/3675 1773/3977/3682 4732/3968/3673
f 4732/3968/3673 234/3746/3507 1708/3745/3506
f 4729/3964/3669 1708/3745/3506 1709/3744/3505
f 4726/3965/3670 1709/3744/3505 1710/3743/3504
f 4736/3978/3683 4738/3979/3684 4735/3980/3685
f 4737/3981/3686 4739/3982/3687 4736/3978/3683
f 4738/3979/3684 4742/3983/3688 4741/3984/3689
f 4739/3982/3687 4743/3985/3690 4742/3983/3688
f 2496/3986/3691 1870/3987/3692 258/3988/3693
f 2495/3989/3694 4735/3980/3685 2496/3986/3691
f 2494/3990/3695 4736/3978/3683 2495/3989/3694
f 358/3991/3696 4737/3981/3686 2494/3990/3695
f 2233/3992/3697 4740/3993/3698 4737/3981/3686
f 4740/3993/3698 2235/3994/3699 4743/3985/3690
f 4743/3985/3690 357/3995/3700 2458/3996/3701
f 4742/3983/3688 2458/3996/3701 2459/3997/3702
f 4741/3984/3689 2459/3997/3702 2460/3998/3703
f 1872/3999/3704 2460/3998/3703 252/4000/3705
f 1871/4001/3706 4741/3984/3689 1872/3999/3704
f 4735/3980/3685 1871/4001/3706 1870/3987/3692
f 4744/4002/3707 4748/4003/3708 4747/4004/3709
f 4746/4005/3710 4748/4003/3708 4745/4006/3711
f 4747/4004/3709 4751/4007/3712 4750/4008/3713
f 4749/4009/3714 4751/4007/3712 4748/4003/3708
f 245/3945/3662 4744/4002/3707 1755/3946/3663
f 1794/4010/3715 4745/4006/3711 4744/4002/3707
f 1792/4011/3716 4745/4006/3711 1793/4012/3717
f 251/4013/3718 4746/4005/3710 1792/4011/3716
f 1788/4014/3719 4749/4009/3714 4746/4005/3710
f 1787/4015/3720 4752/4016/3721 4749/4009/3714
f 1786/4017/3722 1797/4018/3723 4752/4016/3721
f 4752/4016/3721 1796/4019/3724 4751/4007/3712
f 4750/4008/3713 1796/4019/3724 1795/4020/3725
f 1753/3949/3666 1795/4020/3725 244/3885/3610
f 1754/3947/3664 4750/4008/3713 1753/3949/3666
f 1755/3946/3663 4747/4004/3709 1754/3947/3664
f 4754/4021/1403 4756/4022/1402 4753/4023/1406
f 4754/4021/1403 4758/4024/1405 4757/4025/1400
f 4757/4025/1400 4759/4026/1399 4756/4022/1402
f 4757/4025/1400 4761/4027/1404 4760/4028/1401
f 1800/4029/1356 1749/3959/1325 243/4030/1285
f 1799/4031/1366 4753/4023/1406 1800/4029/1356
f 1799/4031/1366 4755/4032/1407 4754/4021/1403
f 1798/4033/1364 1782/4034/1408 4755/4032/1407
f 4755/4032/1407 1781/4035/1409 4758/4024/1405
f 4758/4024/1405 1780/4036/1410 4761/4027/1404
f 4761/4027/1404 248/4037/3726 1803/4038/3727
f 4760/4028/1401 1803/4038/3727 1802/4039/3728
f 4760/4028/1401 1801/4040/3729 4759/4026/1399
f 4759/4026/1399 242/3962/3667 1747/3961/1327
f 4756/4022/1402 1747/3961/1327 1748/3960/1326
f 4753/4023/1406 1748/3960/1326 1749/3959/1325
f 4763/4041/3730 4765/4042/3731 4762/4043/3732
f 4763/4041/3730 4767/4044/3733 4766/4045/3734
f 4766/4045/3734 4768/4046/3735 4765/4042/3731
f 4766/4045/3734 4770/4047/3736 4769/4048/3737
f 1806/4049/3738 1743/3972/3677 241/3909/3626
f 1805/4050/3739 4762/4043/3732 1806/4049/3738
f 1805/4050/3739 4764/4051/3740 4763/4041/3730
f 1804/4052/3741 1776/4053/3742 4764/4051/3740
f 4764/4051/3740 1775/4054/3743 4767/4044/3733
f 4767/4044/3733 1774/4055/3744 4770/4047/3736
f 4770/4047/3736 246/3717/3478 1789/3716/3477
f 4769/4048/3737 1789/3716/3477 1790/3730/3491
f 4769/4048/3737 1791/3728/3489 4768/4046/3735
f 4768/4046/3735 240/3729/3490 1741/3974/3679
f 4765/4042/3731 1741/3974/3679 1742/3973/3678
f 4762/4043/3732 1742/3973/3678 1743/3972/3677
f 4771/4056/3745 4775/4057/3746 4774/4058/3747
f 4773/4059/3748 4775/4057/3746 4772/4060/3749
f 4774/4058/3747 4778/4061/3750 4777/4062/3751
f 4776/4063/3752 4778/4061/3750 4775/4057/3746
f 324/3866/3599 4771/4056/3745 2265/3867/3600
f 2341/4064/3753 4772/4060/3749 4771/4056/3745
f 2343/4065/3754 4772/4060/3749 2342/4066/3755
f 325/4067/3756 4773/4059/3748 2343/4065/3754
f 2268/4068/3757 4776/4063/3752 4773/4059/3748
f 2267/4069/3758 4779/4070/3759 4776/4063/3752
f 2266/4071/3760 1792/4011/3716 4779/4070/3759
f 4779/4070/3759 1793/4012/3717 4778/4061/3750
f 4777/4062/3751 1793/4012/3717 1794/4010/3715
f 2263/3870/3603 1794/4010/3715 245/3945/3662
f 2264/3868/3601 4777/4062/3751 2263/3870/3603
f 2265/3867/3600 4774/4058/3747 2264/3868/3601
f 4780/4072/1351 4784/4073/1352 4783/4074/1348
f 4782/4075/1355 4784/4073/1352 4781/4076/1358
f 4783/4074/1348 4787/4077/1349 4786/4078/1350
f 4785/4079/1353 4787/4077/1349 4784/4073/1352
f 244/3885/3610 4780/4072/1351 1752/3886/1281
f 1795/4020/3725 4781/4076/1358 4780/4072/1351
f 1797/4018/3723 4781/4076/1358 1796/4019/3724
f 250/4080/3761 4782/4075/1355 1797/4018/3723
f 1785/4081/1361 4785/4079/1353 4782/4075/1355
f 1784/4082/1362 4788/4083/1354 4785/4079/1353
f 1783/4084/1363 1798/4033/1364 4788/4083/1354
f 4788/4083/1354 1799/4031/1366 4787/4077/1349
f 4786/4078/1350 1799/4031/1366 1800/4029/1356
f 1750/3889/1283 1800/4029/1356 243/4030/1285
f 1751/3887/1282 4786/4078/1350 1750/3889/1283
f 1752/3886/1281 4783/4074/1348 1751/3887/1282
f 4790/4085/3762 4792/4086/3763 4789/4087/3764
f 4790/4085/3762 4794/4088/3765 4793/4089/3766
f 4793/4089/3766 4795/4090/3767 4792/4086/3763
f 4793/4089/3766 4797/4091/3768 4796/4092/3769
f 1801/4040/3729 1746/3906/3623 242/3962/3667
f 1802/4039/3728 4789/4087/3764 1801/4040/3729
f 1802/4039/3728 4791/4093/3770 4790/4085/3762
f 1803/4038/3727 1779/4094/3771 4791/4093/3770
f 4791/4093/3770 1778/4095/3772 4794/4088/3765
f 4794/4088/3765 1777/4096/3773 4797/4091/3768
f 4797/4091/3768 247/4097/3774 1804/4052/3741
f 4796/4092/3769 1804/4052/3741 1805/4050/3739
f 4796/4092/3769 1806/4049/3738 4795/4090/3767
f 4795/4090/3767 241/3909/3626 1744/3908/3625
f 4792/4086/3763 1744/3908/3625 1745/3907/3624
f 4789/4087/3764 1745/3907/3624 1746/3906/3623
f 4798/4098/3775 4802/4099/3776 4801/4100/3777
f 4800/4101/3778 4802/4099/3776 4799/4102/3779
f 4801/4100/3777 4805/4103/3780 4804/4104/3781
f 4803/4105/3782 4805/4103/3780 4802/4099/3776
f 251/4013/3718 4798/4098/3775 1788/4014/3719
f 1824/4106/3783 4799/4102/3779 4798/4098/3775
f 1822/4107/3784 4799/4102/3779 1823/4108/3785
f 257/4109/3786 4800/4101/3778 1822/4107/3784
f 1821/4110/3787 4803/4105/3782 4800/4101/3778
f 1820/4111/3788 4806/4112/3789 4803/4105/3782
f 1819/4113/3790 1827/4114/3791 4806/4112/3789
f 4806/4112/3789 1826/4115/3792 4805/4103/3780
f 4804/4104/3781 1826/4115/3792 1825/4116/3793
f 1786/4017/3722 1825/4116/3793 250/4080/3761
f 1787/4015/3720 4804/4104/3781 1786/4017/3722
f 1788/4014/3719 4801/4100/3777 1787/4015/3720
f 4808/4117/1480 4810/4118/1479 4807/4119/1484
f 4808/4117/1480 4812/4120/1482 4811/4121/1477
f 4811/4121/1477 4813/4122/1476 4810/4118/1479
f 4811/4121/1477 4815/4123/1481 4814/4124/1478
f 1830/4125/1485 1782/4034/1408 249/4126/1365
f 1829/4127/1486 4807/4119/1484 1830/4125/1485
f 1829/4127/1486 4809/4128/1487 4808/4117/1480
f 1828/4129/1488 1815/4130/1489 4809/4128/1487
f 4809/4128/1487 1814/4131/1490 4812/4120/1482
f 4812/4120/1482 1813/4132/1491 4815/4123/1481
f 4815/4123/1481 254/4133/3794 1833/4134/3795
f 4814/4124/1478 1833/4134/3795 1832/4135/3796
f 4814/4124/1478 1831/4136/3797 4813/4122/1476
f 4813/4122/1476 248/4037/3726 1780/4036/1410
f 4810/4118/1479 1780/4036/1410 1781/4035/1409
f 4807/4119/1484 1781/4035/1409 1782/4034/1408
f 4817/4137/3798 4819/4138/3799 4816/4139/3800
f 4817/4137/3798 4821/4140/3801 4820/4141/3802
f 4820/4141/3802 4822/4142/3803 4819/4138/3799
f 4820/4141/3802 4824/4143/3804 4823/4144/3805
f 1836/4145/3806 1776/4053/3742 247/4097/3774
f 1835/4146/3807 4816/4139/3800 1836/4145/3806
f 1835/4146/3807 4818/4147/3808 4817/4137/3798
f 1834/4148/3809 1809/4149/3810 4818/4147/3808
f 4818/4147/3808 1808/4150/3811 4821/4140/3801
f 4821/4140/3801 1807/4151/3812 4824/4143/3804
f 4824/4143/3804 252/4000/3705 1839/4152/3813
f 4823/4144/3805 1839/4152/3813 1838/4153/3814
f 4823/4144/3805 1837/4154/3815 4822/4142/3803
f 4822/4142/3803 246/3717/3478 1774/4055/3744
f 4819/4138/3799 1774/4055/3744 1775/4054/3743
f 4816/4139/3800 1775/4054/3743 1776/4053/3742
f 4825/4155/3816 4829/4156/3817 4828/4157/3818
f 4827/4158/3819 4829/4156/3817 4826/4159/3820
f 4828/4157/3818 4832/4160/3821 4831/4161/3822
f 4830/4162/3823 4832/4160/3821 4829/4156/3817
f 325/4067/3756 4825/4155/3816 2268/4068/3757
f 2338/4163/3824 4826/4159/3820 4825/4155/3816
f 2340/4164/3825 4826/4159/3820 2339/4165/3826
f 326/4166/3827 4827/4158/3819 2340/4164/3825
f 2271/4167/3828 4830/4162/3823 4827/4158/3819
f 2270/4168/3829 4833/4169/3830 4830/4162/3823
f 2269/4170/3831 1822/4107/3784 4833/4169/3830
f 4833/4169/3830 1823/4108/3785 4832/4160/3821
f 4831/4161/3822 1823/4108/3785 1824/4106/3783
f 2266/4071/3760 1824/4106/3783 251/4013/3718
f 2267/4069/3758 4831/4161/3822 2266/4071/3760
f 2268/4068/3757 4828/4157/3818 2267/4069/3758
f 4834/4171/1544 4838/4172/1545 4837/4173/1541
f 4836/4174/1548 4838/4172/1545 4835/4175/1549
f 4837/4173/1541 4841/4176/1542 4840/4177/1543
f 4839/4178/1546 4841/4176/1542 4838/4172/1545
f 250/4080/3761 4834/4171/1544 1785/4081/1361
f 1825/4116/3793 4835/4175/1549 4834/4171/1544
f 1827/4114/3791 4835/4175/1549 1826/4115/3792
f 256/4179/3832 4836/4174/1548 1827/4114/3791
f 1818/4180/1550 4839/4178/1546 4836/4174/1548
f 1817/4181/1551 4842/4182/1547 4839/4178/1546
f 1816/4183/1552 1828/4129/1488 4842/4182/1547
f 4842/4182/1547 1829/4127/1486 4841/4176/1542
f 4840/4177/1543 1829/4127/1486 1830/4125/1485
f 1783/4084/1363 1830/4125/1485 249/4126/1365
f 1784/4082/1362 4840/4177/1543 1783/4084/1363
f 1785/4081/1361 4837/4173/1541 1784/4082/1362
f 4844/4184/3833 4846/4185/3834 4843/4186/3835
f 4844/4184/3833 4848/4187/3836 4847/4188/3837
f 4847/4188/3837 4849/4189/3838 4846/4185/3834
f 4847/4188/3837 4851/4190/3839 4850/4191/3840
f 1831/4136/3797 1779/4094/3771 248/4037/3726
f 1832/4135/3796 4843/4186/3835 1831/4136/3797
f 1832/4135/3796 4845/4192/3841 4844/4184/3833
f 1833/4134/3795 1812/4193/3842 4845/4192/3841
f 4845/4192/3841 1811/4194/3843 4848/4187/3836
f 4848/4187/3836 1810/4195/3844 4851/4190/3839
f 4851/4190/3839 253/4196/3845 1834/4148/3809
f 4850/4191/3840 1834/4148/3809 1835/4146/3807
f 4850/4191/3840 1836/4145/3806 4849/4189/3838
f 4849/4189/3838 247/4097/3774 1777/4096/3773
f 4846/4185/3834 1777/4096/3773 1778/4095/3772
f 4843/4186/3835 1778/4095/3772 1779/4094/3771
f 4853/4197/3846 4855/4198/3847 4852/4199/3848
f 4854/4200/3849 4856/4201/3850 4853/4197/3846
f 4855/4198/3847 4859/4202/3851 4858/4203/3852
f 4856/4201/3850 4860/4204/3853 4859/4202/3851
f 2449/4205/3854 2205/3649/3425 228/3648/3424
f 2450/4206/3855 4852/4199/3848 2449/4205/3854
f 2451/4207/3856 4853/4197/3846 2450/4206/3855
f 318/4208/3857 4854/4200/3849 2451/4207/3856
f 2172/4209/3858 4857/4210/3859 4854/4200/3849
f 4857/4210/3859 2170/4211/3860 4860/4204/3853
f 4860/4204/3853 368/4212/3861 2476/4213/3862
f 4859/4202/3851 2476/4213/3862 2477/4214/3863
f 4858/4203/3852 2477/4214/3863 2478/4215/3864
f 2203/3651/3427 2478/4215/3864 319/3652/3428
f 2204/3650/3426 4858/4203/3852 2203/3651/3427
f 4852/4199/3848 2204/3650/3426 2205/3649/3425
f 4861/4216/3865 4865/4217/3866 4864/4218/3867
f 4863/4219/3868 4865/4217/3866 4862/4220/3869
f 4864/4218/3867 4868/4221/3870 4867/4222/3871
f 4866/4223/3872 4868/4221/3870 4865/4217/3866
f 326/4166/3827 4861/4216/3865 2271/4167/3828
f 2335/4224/3873 4862/4220/3869 4861/4216/3865
f 2337/4225/3874 4862/4220/3869 2336/4226/3875
f 327/4227/3876 4863/4219/3868 2337/4225/3874
f 2274/4228/3877 4866/4223/3872 4863/4219/3868
f 2273/4229/3878 4869/4230/3879 4866/4223/3872
f 2272/4231/3880 1857/4232/3881 4869/4230/3879
f 4869/4230/3879 1856/4233/3882 4868/4221/3870
f 4867/4222/3871 1856/4233/3882 1855/4234/3883
f 2269/4170/3831 1855/4234/3883 257/4109/3786
f 2270/4168/3829 4867/4222/3871 2269/4170/3831
f 2271/4167/3828 4864/4218/3867 2270/4168/3829
f 4870/4235/1640 4874/4236/1641 4873/4237/1637
f 4872/4238/1644 4874/4236/1641 4871/4239/1645
f 4873/4237/1637 4877/4240/1638 4876/4241/1639
f 4875/4242/1642 4877/4240/1638 4874/4236/1641
f 256/4179/3832 4870/4235/1640 1818/4180/1550
f 1860/4243/3884 4871/4239/1645 4870/4235/1640
f 1858/4244/3885 4871/4239/1645 1859/4245/3886
f 262/4246/3887 4872/4238/1644 1858/4244/3885
f 1851/4247/1646 4875/4242/1642 4872/4238/1644
f 1850/4248/1647 4878/4249/1643 4875/4242/1642
f 1849/4250/1648 1863/4251/1585 4878/4249/1643
f 4878/4249/1643 1862/4252/1583 4877/4240/1638
f 4876/4241/1639 1862/4252/1583 1861/4253/1582
f 1816/4183/1552 1861/4253/1582 255/4254/1553
f 1817/4181/1551 4876/4241/1639 1816/4183/1552
f 1818/4180/1550 4873/4237/1637 1817/4181/1551
f 4880/4255/3888 4882/4256/3889 4879/4257/3890
f 4880/4255/3888 4884/4258/3891 4883/4259/3892
f 4883/4259/3892 4885/4260/3893 4882/4256/3889
f 4883/4259/3892 4887/4261/3894 4886/4262/3895
f 1866/4263/3896 1812/4193/3842 254/4133/3794
f 1865/4264/3897 4879/4257/3890 1866/4263/3896
f 1865/4264/3897 4881/4265/3898 4880/4255/3888
f 1864/4266/3899 1845/4267/3900 4881/4265/3898
f 4881/4265/3898 1844/4268/3901 4884/4258/3891
f 4884/4258/3891 1843/4269/3902 4887/4261/3894
f 4887/4261/3894 259/4270/3903 1869/4271/3904
f 4886/4262/3895 1869/4271/3904 1868/4272/3905
f 4886/4262/3895 1867/4273/3906 4885/4260/3893
f 4885/4260/3893 253/4196/3845 1810/4195/3844
f 4882/4256/3889 1810/4195/3844 1811/4194/3843
f 4879/4257/3890 1811/4194/3843 1812/4193/3842
f 4889/4274/3907 4891/4275/3908 4888/4276/3909
f 4890/4277/3910 4892/4278/3911 4889/4274/3907
f 4891/4275/3908 4895/4279/3912 4894/4280/3913
f 4892/4278/3911 4896/4281/3914 4895/4279/3912
f 2493/3825/3570 1938/4282/3915 270/3827/3572
f 2492/3824/3569 4888/4276/3909 2493/3825/3570
f 2491/3823/3568 4889/4274/3907 2492/3824/3569
f 360/3822/3567 4890/4277/3910 2491/3823/3568
f 2229/4283/3916 4893/4284/3917 4890/4277/3910
f 4893/4284/3917 2227/4285/3918 4896/4281/3914
f 4896/4281/3914 359/4286/3919 2490/4287/3920
f 4895/4279/3912 2490/4287/3920 2489/4288/3921
f 4894/4280/3913 2489/4288/3921 2488/4289/3922
f 1936/4290/3923 2488/4289/3922 264/4291/3924
f 1937/4292/3925 4894/4280/3913 1936/4290/3923
f 4888/4276/3909 1937/4292/3925 1938/4282/3915
f 4897/4293/3926 4901/4294/3927 4900/4295/3928
f 4899/4296/3929 4901/4294/3927 4898/4297/3930
f 4900/4295/3928 4904/4298/3931 4903/4299/3932
f 4902/4300/3933 4904/4298/3931 4901/4294/3927
f 257/4109/3786 4897/4293/3926 1821/4110/3787
f 1855/4234/3883 4898/4297/3930 4897/4293/3926
f 1857/4232/3881 4898/4297/3930 1856/4233/3882
f 263/4301/3934 4899/4296/3929 1857/4232/3881
f 1854/4302/3935 4902/4300/3933 4899/4296/3929
f 1853/4303/3936 4905/4304/3937 4902/4300/3933
f 1852/4305/3938 1858/4244/3885 4905/4304/3937
f 4905/4304/3937 1859/4245/3886 4904/4298/3931
f 4903/4299/3932 1859/4245/3886 1860/4243/3884
f 1819/4113/3790 1860/4243/3884 256/4179/3832
f 1820/4111/3788 4903/4299/3932 1819/4113/3790
f 1821/4110/3787 4900/4295/3928 1820/4111/3788
f 4907/4306/1577 4909/4307/1576 4906/4308/1581
f 4907/4306/1577 4911/4309/1579 4910/4310/1574
f 4910/4310/1574 4912/4311/1573 4909/4307/1576
f 4910/4310/1574 4914/4312/1578 4913/4313/1575
f 1861/4253/1582 1815/4130/1489 255/4254/1553
f 1862/4252/1583 4906/4308/1581 1861/4253/1582
f 1862/4252/1583 4908/4314/1584 4907/4306/1577
f 1863/4251/1585 1848/4315/1586 4908/4314/1584
f 4908/4314/1584 1847/4316/1587 4911/4309/1579
f 4911/4309/1579 1846/4317/1588 4914/4312/1578
f 4914/4312/1578 260/4318/3939 1864/4266/3899
f 4913/4313/1575 1864/4266/3899 1865/4264/3897
f 4913/4313/1575 1866/4263/3896 4912/4311/1573
f 4912/4311/1573 254/4133/3794 1813/4132/1491
f 4909/4307/1576 1813/4132/1491 1814/4131/1490
f 4906/4308/1581 1814/4131/1490 1815/4130/1489
f 4916/4319/3940 4918/4320/3941 4915/4321/3942
f 4916/4319/3940 4920/4322/3943 4919/4323/3944
f 4919/4323/3944 4921/4324/3945 4918/4320/3941
f 4919/4323/3944 4923/4325/3946 4922/4326/3947
f 1867/4273/3906 1809/4149/3810 253/4196/3845
f 1868/4272/3905 4915/4321/3942 1867/4273/3906
f 1868/4272/3905 4917/4327/3948 4916/4319/3940
f 1869/4271/3904 1842/4328/3949 4917/4327/3948
f 4917/4327/3948 1841/4329/3950 4920/4322/3943
f 4920/4322/3943 1840/4330/3951 4923/4325/3946
f 4923/4325/3946 258/3988/3693 1870/3987/3692
f 4922/4326/3947 1870/3987/3692 1871/4001/3706
f 4922/4326/3947 1872/3999/3704 4921/4324/3945
f 4921/4324/3945 252/4000/3705 1807/4151/3812
f 4918/4320/3941 1807/4151/3812 1808/4150/3811
f 4915/4321/3942 1808/4150/3811 1809/4149/3810
f 4924/4331/1698 4928/4332/1699 4927/4333/1695
f 4926/4334/1702 4928/4332/1699 4925/4335/1705
f 4927/4333/1695 4931/4336/1696 4930/4337/1697
f 4929/4338/1700 4931/4336/1696 4928/4332/1699
f 262/4246/3887 4924/4331/1698 1851/4247/1646
f 1890/4339/3952 4925/4335/1705 4924/4331/1698
f 1888/4340/3953 4925/4335/1705 1889/4341/3954
f 268/4342/3955 4926/4334/1702 1888/4340/3953
f 1884/4343/1708 4929/4338/1700 4926/4334/1702
f 1883/4344/1709 4932/4345/1701 4929/4338/1700
f 1882/4346/1710 1893/4347/1711 4932/4345/1701
f 4932/4345/1701 1892/4348/1713 4931/4336/1696
f 4930/4337/1697 1892/4348/1713 1891/4349/1703
f 1849/4250/1648 1891/4349/1703 261/4350/1649
f 1850/4248/1647 4930/4337/1697 1849/4250/1648
f 1851/4247/1646 4927/4333/1695 1850/4248/1647
f 4934/4351/3956 4936/4352/3957 4933/4353/3958
f 4934/4351/3956 4938/4354/3959 4937/4355/3960
f 4937/4355/3960 4939/4356/3961 4936/4352/3957
f 4937/4355/3960 4941/4357/3962 4940/4358/3963
f 1896/4359/3964 1845/4267/3900 260/4318/3939
f 1895/4360/3965 4933/4353/3958 1896/4359/3964
f 1895/4360/3965 4935/4361/3966 4934/4351/3956
f 1894/4362/3967 1878/4363/3968 4935/4361/3966
f 4935/4361/3966 1877/4364/3969 4938/4354/3959
f 4938/4354/3959 1876/4365/3970 4941/4357/3962
f 4941/4357/3962 265/4366/3971 1899/4367/3972
f 4940/4358/3963 1899/4367/3972 1898/4368/3973
f 4940/4358/3963 1897/4369/3974 4939/4356/3961
f 4939/4356/3961 259/4270/3903 1843/4269/3902
f 4936/4352/3957 1843/4269/3902 1844/4268/3901
f 4933/4353/3958 1844/4268/3901 1845/4267/3900
f 4943/4370/3975 4945/4371/3976 4942/4372/3977
f 4944/4373/3978 4946/4374/3979 4943/4370/3975
f 4945/4371/3976 4949/4375/3980 4948/4376/3981
f 4946/4374/3979 4950/4377/3982 4949/4375/3980
f 2487/3933/3650 2002/4378/3983 282/3935/3652
f 2486/3932/3649 4942/4372/3977 2487/3933/3650
f 2485/3931/3648 4943/4370/3975 2486/3932/3649
f 362/3930/3647 4944/4373/3978 2485/3931/3648
f 2221/4379/3984 4947/4380/3985 4944/4373/3978
f 4947/4380/3985 2223/4381/3986 4950/4377/3982
f 4950/4377/3982 361/3818/3563 2484/3817/3562
f 4949/4375/3980 2484/3817/3562 2483/3816/3561
f 4948/4376/3981 2483/3816/3561 2482/3813/3558
f 2004/4382/3987 2482/3813/3558 276/3815/3560
f 2003/4383/3988 4948/4376/3981 2004/4382/3987
f 4942/4372/3977 2003/4383/3988 2002/4378/3983
f 4951/4384/3989 4955/4385/3990 4954/4386/3991
f 4953/4387/3992 4955/4385/3990 4952/4388/3993
f 4954/4386/3991 4958/4389/3994 4957/4390/3995
f 4956/4391/3996 4958/4389/3994 4955/4385/3990
f 263/4301/3934 4951/4384/3989 1854/4302/3935
f 1905/4392/3997 4952/4388/3993 4951/4384/3989
f 1903/4393/3998 4952/4388/3993 1904/4394/3999
f 269/4395/4000 4953/4387/3992 1903/4393/3998
f 1887/4396/4001 4956/4391/3996 4953/4387/3992
f 1886/4397/4002 4959/4398/4003 4956/4391/3996
f 1885/4399/4004 1888/4340/3953 4959/4398/4003
f 4959/4398/4003 1889/4341/3954 4958/4389/3994
f 4957/4390/3995 1889/4341/3954 1890/4339/3952
f 1852/4305/3938 1890/4339/3952 262/4246/3887
f 1853/4303/3936 4957/4390/3995 1852/4305/3938
f 1854/4302/3935 4954/4386/3991 1853/4303/3936
f 4961/4400/1750 4963/4401/1749 4960/4402/1753
f 4961/4400/1750 4965/4403/1752 4964/4404/1747
f 4964/4404/1747 4966/4405/1746 4963/4401/1749
f 4964/4404/1747 4968/4406/1751 4967/4407/1748
f 1891/4349/1703 1848/4315/1586 261/4350/1649
f 1892/4348/1713 4960/4402/1753 1891/4349/1703
f 1892/4348/1713 4962/4408/1754 4961/4400/1750
f 1893/4347/1711 1881/4409/1755 4962/4408/1754
f 4962/4408/1754 1880/4410/1756 4965/4403/1752
f 4965/4403/1752 1879/4411/1757 4968/4406/1751
f 4968/4406/1751 266/4412/4005 1894/4362/3967
f 4967/4407/1748 1894/4362/3967 1895/4360/3965
f 4967/4407/1748 1896/4359/3964 4966/4405/1746
f 4966/4405/1746 260/4318/3939 1846/4317/1588
f 4963/4401/1749 1846/4317/1588 1847/4316/1587
f 4960/4402/1753 1847/4316/1587 1848/4315/1586
f 4970/4413/4006 4972/4414/4007 4969/4415/4008
f 4970/4413/4006 4974/4416/4009 4973/4417/4010
f 4973/4417/4010 4975/4418/4011 4972/4414/4007
f 4973/4417/4010 4977/4419/4012 4976/4420/4013
f 1897/4369/3974 1842/4328/3949 259/4270/3903
f 1898/4368/3973 4969/4415/4008 1897/4369/3974
f 1898/4368/3973 4971/4421/4014 4970/4413/4006
f 1899/4367/3972 1875/4422/4015 4971/4421/4014
f 4971/4421/4014 1874/4423/4016 4974/4416/4009
f 4974/4416/4009 1873/4424/4017 4977/4419/4012
f 4977/4419/4012 264/4291/3924 1900/4425/4018
f 4976/4420/4013 1900/4425/4018 1901/4426/4019
f 4976/4420/4013 1902/4427/4020 4975/4418/4011
f 4975/4418/4011 258/3988/3693 1840/4330/3951
f 4972/4414/4007 1840/4330/3951 1841/4329/3950
f 4969/4415/4008 1841/4329/3950 1842/4328/3949
f 4978/4428/4021 4982/4429/4022 4981/4430/4023
f 4980/4431/4024 4982/4429/4022 4979/4432/4025
f 4981/4430/4023 4985/4433/4026 4984/4434/4027
f 4983/4435/4028 4985/4433/4026 4982/4429/4022
f 327/4227/3876 4978/4428/4021 2274/4228/3877
f 2332/4436/4029 4979/4432/4025 4978/4428/4021
f 2334/4437/4030 4979/4432/4025 2333/4438/4031
f 328/4439/4032 4980/4431/4024 2334/4437/4030
f 2277/4440/4033 4983/4435/4028 4980/4431/4024
f 2276/4441/4034 4986/4442/4035 4983/4435/4028
f 2275/4443/4036 1903/4393/3998 4986/4442/4035
f 4986/4442/4035 1904/4394/3999 4985/4433/4026
f 4984/4434/4027 1904/4394/3999 1905/4392/3997
f 2272/4231/3880 1905/4392/3997 263/4301/3934
f 2273/4229/3878 4984/4434/4027 2272/4231/3880
f 2274/4228/3877 4981/4430/4023 2273/4229/3878
f 4987/4444/4037 4991/4445/4038 4990/4446/4039
f 4989/4447/4040 4991/4445/4038 4988/4448/4041
f 4990/4446/4039 4994/4449/4042 4993/4450/4043
f 4992/4451/4044 4994/4449/4042 4991/4445/4038
f 269/4395/4000 4987/4444/4037 1887/4396/4001
f 1923/4452/4045 4988/4448/4041 4987/4444/4037
f 1921/4453/4046 4988/4448/4041 1922/4454/4047
f 275/4455/4048 4989/4447/4040 1921/4453/4046
f 1920/4456/4049 4992/4451/4044 4989/4447/4040
f 1919/4457/4050 4995/4458/4051 4992/4451/4044
f 1918/4459/4052 1926/4460/4053 4995/4458/4051
f 4995/4458/4051 1925/4461/4054 4994/4449/4042
f 4993/4450/4043 1925/4461/4054 1924/4462/4055
f 1885/4399/4004 1924/4462/4055 268/4342/3955
f 1886/4397/4002 4993/4450/4043 1885/4399/4004
f 1887/4396/4001 4990/4446/4039 1886/4397/4002
f 4997/4463/1829 4999/4464/1828 4996/4465/1832
f 4997/4463/1829 5001/4466/1831 5000/4467/1826
f 5000/4467/1826 5002/4468/1825 4999/4464/1828
f 5000/4467/1826 5004/4469/1830 5003/4470/1827
f 1929/4471/1795 1881/4409/1755 267/4472/1712
f 1928/4473/1800 4996/4465/1832 1929/4471/1795
f 1928/4473/1800 4998/4474/1833 4997/4463/1829
f 1927/4475/1799 1914/4476/103 4998/4474/1833
f 4998/4474/1833 1913/4477/101 5001/4466/1831
f 5001/4466/1831 1912/4478/100 5004/4469/1830
f 5004/4469/1830 272/4479/4056 1932/4480/4057
f 5003/4470/1827 1932/4480/4057 1931/4481/4058
f 5003/4470/1827 1930/4482/4059 5002/4468/1825
f 5002/4468/1825 266/4412/4005 1879/4411/1757
f 4999/4464/1828 1879/4411/1757 1880/4410/1756
f 4996/4465/1832 1880/4410/1756 1881/4409/1755
f 5006/4483/4060 5008/4484/4061 5005/4485/4062
f 5006/4483/4060 5010/4486/4063 5009/4487/4064
f 5009/4487/4064 5011/4488/4065 5008/4484/4061
f 5009/4487/4064 5013/4489/4066 5012/4490/4067
f 1935/4491/4068 1875/4422/4015 265/4366/3971
f 1934/4492/4069 5005/4485/4062 1935/4491/4068
f 1934/4492/4069 5007/4493/4070 5006/4483/4060
f 1933/4494/4071 1908/4495/4072 5007/4493/4070
f 5007/4493/4070 1907/4496/4073 5010/4486/4063
f 5010/4486/4063 1906/4497/4074 5013/4489/4066
f 5013/4489/4066 270/3827/3572 1938/4282/3915
f 5012/4490/4067 1938/4282/3915 1937/4498/3925
f 5012/4490/4067 1936/4290/3923 5011/4488/4065
f 5011/4488/4065 264/4291/3924 1873/4424/4017
f 5008/4484/4061 1873/4424/4017 1874/4423/4016
f 5005/4485/4062 1874/4423/4016 1875/4422/4015
f 5014/4499/4075 5018/4500/4076 5017/4501/4077
f 5016/4502/4078 5018/4500/4076 5015/4503/4079
f 5017/4501/4077 5021/4504/4080 5020/4505/4081
f 5019/4506/4082 5021/4504/4080 5018/4500/4076
f 328/4439/4032 5014/4499/4075 2277/4440/4033
f 2329/4507/4083 5015/4503/4079 5014/4499/4075
f 2331/4508/4084 5015/4503/4079 2330/4509/4085
f 329/4510/4086 5016/4502/4078 2331/4508/4084
f 2280/4511/4087 5019/4506/4082 5016/4502/4078
f 2279/4512/4088 5022/4513/4089 5019/4506/4082
f 2278/4514/4090 1921/4453/4046 5022/4513/4089
f 5022/4513/4089 1922/4454/4047 5021/4504/4080
f 5020/4505/4081 1922/4454/4047 1923/4452/4045
f 2275/4443/4036 1923/4452/4045 269/4395/4000
f 2276/4441/4034 5020/4505/4081 2275/4443/4036
f 2277/4440/4033 5017/4501/4077 2276/4441/4034
f 5023/4515/1790 5027/4516/1791 5026/4517/1787
f 5025/4518/1794 5027/4516/1791 5024/4519/1797
f 5026/4517/1787 5030/4520/1788 5029/4521/1789
f 5028/4522/1792 5030/4520/1788 5027/4516/1791
f 268/4342/3955 5023/4515/1790 1884/4343/1708
f 1924/4462/4055 5024/4519/1797 5023/4515/1790
f 1926/4460/4053 5024/4519/1797 1925/4461/4054
f 274/4523/4091 5025/4518/1794 1926/4460/4053
f 1917/4524/36 5028/4522/1792 5025/4518/1794
f 1916/4525/35 5031/4526/1793 5028/4522/1792
f 1915/4527/32 1927/4475/1799 5031/4526/1793
f 5031/4526/1793 1928/4473/1800 5030/4520/1788
f 5029/4521/1789 1928/4473/1800 1929/4471/1795
f 1882/4346/1710 1929/4471/1795 267/4472/1712
f 1883/4344/1709 5029/4521/1789 1882/4346/1710
f 1884/4343/1708 5026/4517/1787 1883/4344/1709
f 5033/4528/4092 5035/4529/4093 5032/4530/4094
f 5033/4528/4092 5037/4531/4095 5036/4532/4096
f 5036/4532/4096 5038/4533/4097 5035/4529/4093
f 5036/4532/4096 5040/4534/4098 5039/4535/4099
f 1930/4482/4059 1878/4363/3968 266/4412/4005
f 1931/4481/4058 5032/4530/4094 1930/4482/4059
f 1931/4481/4058 5034/4536/4100 5033/4528/4092
f 1932/4480/4057 1911/4537/4101 5034/4536/4100
f 5034/4536/4100 1910/4538/4102 5037/4531/4095
f 5037/4531/4095 1909/4539/4103 5040/4534/4098
f 5040/4534/4098 271/4540/4104 1933/4494/4071
f 5039/4535/4099 1933/4494/4071 1934/4492/4069
f 5039/4535/4099 1935/4491/4068 5038/4533/4097
f 5038/4533/4097 265/4366/3971 1876/4365/3970
f 5035/4529/4093 1876/4365/3970 1877/4364/3969
f 5032/4530/4094 1877/4364/3969 1878/4363/3968
f 5042/4541/4105 5044/4542/4106 5041/4543/4107
f 5043/4544/4108 5045/4545/4109 5042/4541/4105
f 5044/4542/4106 5048/4546/4110 5047/4547/4111
f 5045/4545/4109 5049/4548/4112 5048/4546/4110
f 2470/4549/4113 2070/4550/4114 294/4551/4115
f 2471/4552/4116 5041/4543/4107 2470/4549/4113
f 2472/4553/4117 5042/4541/4105 2471/4552/4116
f 364/4554/4118 5043/4544/4108 2472/4553/4117
f 2217/4555/4119 5046/4556/4120 5043/4544/4108
f 5046/4556/4120 2215/4557/4121 5049/4548/4112
f 5049/4548/4112 363/3926/3643 2481/3925/3642
f 5048/4546/4110 2481/3925/3642 2480/3924/3641
f 5047/4547/4111 2480/3924/3641 2479/3921/3638
f 2068/4558/4122 2479/3921/3638 288/3923/3640
f 2069/4559/4123 5047/4547/4111 2068/4558/4122
f 5041/4543/4107 2069/4559/4123 2070/4550/4114
f 5051/4560/96 5053/4561/95 5050/4562/102
f 5051/4560/96 5055/4563/98 5054/4564/93
f 5054/4564/93 5056/4565/92 5053/4561/95
f 5054/4564/93 5058/4566/97 5057/4567/94
f 1956/4568/33 1914/4476/103 273/4569/34
f 1955/4570/47 5050/4562/102 1956/4568/33
f 1955/4570/47 5052/4571/104 5051/4560/96
f 1954/4572/45 1947/4573/105 5052/4571/104
f 5052/4571/104 1946/4574/106 5055/4563/98
f 5055/4563/98 1945/4575/107 5058/4566/97
f 5058/4566/97 278/4576/4124 1959/4577/4125
f 5057/4567/94 1959/4577/4125 1958/4578/4126
f 5057/4567/94 1957/4579/4127 5056/4565/92
f 5056/4565/92 272/4479/4056 1912/4478/100
f 5053/4561/95 1912/4478/100 1913/4477/101
f 5050/4562/102 1913/4477/101 1914/4476/103
f 5060/4580/4128 5062/4581/4129 5059/4582/4130
f 5060/4580/4128 5064/4583/4131 5063/4584/4132
f 5063/4584/4132 5065/4585/4133 5062/4581/4129
f 5063/4584/4132 5067/4586/4134 5066/4587/4135
f 1962/4588/4136 1908/4495/4072 271/4540/4104
f 1961/4589/4137 5059/4582/4130 1962/4588/4136
f 1961/4589/4137 5061/4590/4138 5060/4580/4128
f 1960/4591/4139 1941/4592/4140 5061/4590/4138
f 5061/4590/4138 1940/4593/4141 5064/4583/4131
f 5064/4583/4131 1939/4594/4142 5067/4586/4134
f 5067/4586/4134 276/3815/3560 1965/3814/3559
f 5066/4587/4135 1965/3814/3559 1964/3828/3573
f 5066/4587/4135 1963/3826/3571 5065/4585/4133
f 5065/4585/4133 270/3827/3572 1906/4497/4074
f 5062/4581/4129 1906/4497/4074 1907/4496/4073
f 5059/4582/4130 1907/4496/4073 1908/4495/4072
f 5068/4595/4143 5072/4596/4144 5071/4597/4145
f 5070/4598/4146 5072/4596/4144 5069/4599/4147
f 5071/4597/4145 5075/4600/4148 5074/4601/4149
f 5073/4602/4150 5075/4600/4148 5072/4596/4144
f 329/4510/4086 5068/4595/4143 2280/4511/4087
f 2326/4603/4151 5069/4599/4147 5068/4595/4143
f 2328/4604/4152 5069/4599/4147 2327/4605/4153
f 330/4606/4154 5070/4598/4146 2328/4604/4152
f 2283/4607/4155 5073/4602/4150 5070/4598/4146
f 2282/4608/4156 5076/4609/4157 5073/4602/4150
f 2281/4610/4158 1968/4611/4159 5076/4609/4157
f 5076/4609/4157 1967/4612/4160 5075/4600/4148
f 5074/4601/4149 1967/4612/4160 1966/4613/4161
f 2278/4514/4090 1966/4613/4161 275/4455/4048
f 2279/4512/4088 5074/4601/4149 2278/4514/4090
f 2280/4511/4087 5071/4597/4145 2279/4512/4088
f 5077/4614/27 5081/4615/28 5080/4616/24
f 5079/4617/31 5081/4615/28 5078/4618/39
f 5080/4616/24 5084/4619/25 5083/4620/26
f 5082/4621/29 5084/4619/25 5081/4615/28
f 274/4523/4091 5077/4614/27 1917/4524/36
f 1971/4622/4162 5078/4618/39 5077/4614/27
f 1969/4623/4163 5078/4618/39 1970/4624/4164
f 280/4625/4165 5079/4617/31 1969/4623/4163
f 1950/4626/42 5082/4621/29 5079/4617/31
f 1949/4627/43 5085/4628/30 5082/4621/29
f 1948/4629/44 1954/4572/45 5085/4628/30
f 5085/4628/30 1955/4570/47 5084/4619/25
f 5083/4620/26 1955/4570/47 1956/4568/33
f 1915/4527/32 1956/4568/33 273/4569/34
f 1916/4525/35 5083/4620/26 1915/4527/32
f 1917/4524/36 5080/4616/24 1916/4525/35
f 5087/4630/4166 5089/4631/4167 5086/4632/4168
f 5087/4630/4166 5091/4633/4169 5090/4634/4170
f 5090/4634/4170 5092/4635/4171 5089/4631/4167
f 5090/4634/4170 5094/4636/4172 5093/4637/4173
f 1957/4579/4127 1911/4537/4101 272/4479/4056
f 1958/4578/4126 5086/4632/4168 1957/4579/4127
f 1958/4578/4126 5088/4638/4174 5087/4630/4166
f 1959/4577/4125 1944/4639/4175 5088/4638/4174
f 5088/4638/4174 1943/4640/4176 5091/4633/4169
f 5091/4633/4169 1942/4641/4177 5094/4636/4172
f 5094/4636/4172 277/4642/4178 1960/4591/4139
f 5093/4637/4173 1960/4591/4139 1961/4589/4137
f 5093/4637/4173 1962/4588/4136 5092/4635/4171
f 5092/4635/4171 271/4540/4104 1909/4539/4103
f 5089/4631/4167 1909/4539/4103 1910/4538/4102
f 5086/4632/4168 1910/4538/4102 1911/4537/4101
f 5096/4643/4179 5098/4644/4180 5095/4645/4181
f 5097/4646/4182 5099/4647/4183 5096/4643/4179
f 5098/4644/4180 5102/4648/4184 5101/4649/4185
f 5099/4647/4183 5103/4650/4186 5102/4648/4184
f 2478/4215/3864 2181/4651/4187 319/3652/3428
f 2477/4214/3863 5095/4645/4181 2478/4215/3864
f 2476/4213/3862 5096/4643/4179 2477/4214/3863
f 368/4212/3861 5097/4646/4182 2476/4213/3862
f 2196/4652/4188 5100/4653/4189 5097/4646/4182
f 5100/4653/4189 2194/4654/4190 5103/4650/4186
f 5103/4650/4186 367/4655/4191 2467/4656/4192
f 5102/4648/4184 2467/4656/4192 2468/4657/4193
f 5101/4649/4185 2468/4657/4193 2469/4658/4194
f 2179/4659/4195 2469/4658/4194 312/4660/4196
f 2180/4661/4197 5101/4649/4185 2179/4659/4195
f 5095/4645/4181 2180/4661/4197 2181/4651/4187
f 5104/4662/4198 5108/4663/4199 5107/4664/4200
f 5106/4665/4201 5108/4663/4199 5105/4666/4202
f 5107/4664/4200 5111/4667/4203 5110/4668/4204
f 5109/4669/4205 5111/4667/4203 5108/4663/4199
f 275/4455/4048 5104/4662/4198 1920/4456/4049
f 1966/4613/4161 5105/4666/4202 5104/4662/4198
f 1968/4611/4159 5105/4666/4202 1967/4612/4160
f 281/4670/4206 5106/4665/4201 1968/4611/4159
f 1953/4671/4207 5109/4669/4205 5106/4665/4201
f 1952/4672/4208 5112/4673/4209 5109/4669/4205
f 1951/4674/4210 1969/4623/4163 5112/4673/4209
f 5112/4673/4209 1970/4624/4164 5111/4667/4203
f 5110/4668/4204 1970/4624/4164 1971/4622/4162
f 1918/4459/4052 1971/4622/4162 274/4523/4091
f 1919/4457/4050 5110/4668/4204 1918/4459/4052
f 1920/4456/4049 5107/4664/4200 1919/4457/4050
f 5113/4675/4211 5117/4676/4212 5116/4677/4213
f 5115/4678/4214 5117/4676/4212 5114/4679/4215
f 5116/4677/4213 5120/4680/4216 5119/4681/4217
f 5118/4682/4218 5120/4680/4216 5117/4676/4212
f 330/4606/4154 5113/4675/4211 2283/4607/4155
f 2323/4683/4219 5114/4679/4215 5113/4675/4211
f 2325/4684/4220 5114/4679/4215 2324/4685/4221
f 331/4686/4222 5115/4678/4214 2325/4684/4220
f 2286/4687/4223 5118/4682/4218 5115/4678/4214
f 2285/4688/4224 5121/4689/4225 5118/4682/4218
f 2284/4690/4226 1989/4691/4227 5121/4689/4225
f 5121/4689/4225 1988/4692/4228 5120/4680/4216
f 5119/4681/4217 1988/4692/4228 1987/4693/4229
f 2281/4610/4158 1987/4693/4229 281/4670/4206
f 2282/4608/4156 5119/4681/4217 2281/4610/4158
f 2283/4607/4155 5116/4677/4213 2282/4608/4156
f 5122/4694/262 5126/4695/263 5125/4696/259
f 5124/4697/266 5126/4695/263 5123/4698/267
f 5125/4696/259 5129/4699/260 5128/4700/261
f 5127/4701/264 5129/4699/260 5126/4695/263
f 280/4625/4165 5122/4694/262 1950/4626/42
f 1992/4702/4230 5123/4698/267 5122/4694/262
f 1990/4703/4231 5123/4698/267 1991/4704/4232
f 286/4705/4233 5124/4697/266 1990/4703/4231
f 1983/4706/268 5127/4701/264 5124/4697/266
f 1982/4707/269 5130/4708/265 5127/4701/264
f 1981/4709/270 1995/4710/199 5130/4708/265
f 5130/4708/265 1994/4711/197 5129/4699/260
f 5128/4700/261 1994/4711/197 1993/4712/196
f 1948/4629/44 1993/4712/196 279/4713/46
f 1949/4627/43 5128/4700/261 1948/4629/44
f 1950/4626/42 5125/4696/259 1949/4627/43
f 5132/4714/4234 5134/4715/4235 5131/4716/4236
f 5132/4714/4234 5136/4717/4237 5135/4718/4238
f 5135/4718/4238 5137/4719/4239 5134/4715/4235
f 5135/4718/4238 5139/4720/4240 5138/4721/4241
f 1998/4722/4242 1944/4639/4175 278/4576/4124
f 1997/4723/4243 5131/4716/4236 1998/4722/4242
f 1997/4723/4243 5133/4724/4244 5132/4714/4234
f 1996/4725/4245 1977/4726/4246 5133/4724/4244
f 5133/4724/4244 1976/4727/4247 5136/4717/4237
f 5136/4717/4237 1975/4728/4248 5139/4720/4240
f 5139/4720/4240 283/4729/4249 2001/4730/4250
f 5138/4721/4241 2001/4730/4250 2000/4731/4251
f 5138/4721/4241 1999/4732/4252 5137/4719/4239
f 5137/4719/4239 277/4642/4178 1942/4641/4177
f 5134/4715/4235 1942/4641/4177 1943/4640/4176
f 5131/4716/4236 1943/4640/4176 1944/4639/4175
f 5141/4733/4253 5143/4734/4254 5140/4735/4255
f 5142/4736/4256 5144/4737/4257 5141/4733/4253
f 5143/4734/4254 5147/4738/4258 5146/4739/4259
f 5144/4737/4257 5148/4740/4260 5147/4738/4258
f 2464/4741/4261 2134/4742/4262 306/4743/4263
f 2465/4744/4264 5140/4735/4255 2464/4741/4261
f 2466/4745/4265 5141/4733/4253 2465/4744/4264
f 366/4746/4266 5142/4736/4256 2466/4745/4265
f 2209/4747/4267 5145/4748/4268 5142/4736/4256
f 5145/4748/4268 2211/4749/4269 5148/4740/4260
f 5148/4740/4260 365/4750/4270 2473/4751/4271
f 5147/4738/4258 2473/4751/4271 2474/4752/4272
f 5146/4739/4259 2474/4752/4272 2475/4753/4273
f 2136/4754/4274 2475/4753/4273 300/4755/4275
f 2135/4756/4276 5146/4739/4259 2136/4754/4274
f 5140/4735/4255 2135/4756/4276 2134/4742/4262
f 5149/4757/4277 5153/4758/4278 5152/4759/4279
f 5151/4760/4280 5153/4758/4278 5150/4761/4281
f 5152/4759/4279 5156/4762/4282 5155/4763/4283
f 5154/4764/4284 5156/4762/4282 5153/4758/4278
f 281/4670/4206 5149/4757/4277 1953/4671/4207
f 1987/4693/4229 5150/4761/4281 5149/4757/4277
f 1989/4691/4227 5150/4761/4281 1988/4692/4228
f 287/4765/4285 5151/4760/4280 1989/4691/4227
f 1986/4766/4286 5154/4764/4284 5151/4760/4280
f 1985/4767/4287 5157/4768/4288 5154/4764/4284
f 1984/4769/4289 1990/4703/4231 5157/4768/4288
f 5157/4768/4288 1991/4704/4232 5156/4762/4282
f 5155/4763/4283 1991/4704/4232 1992/4702/4230
f 1951/4674/4210 1992/4702/4230 280/4625/4165
f 1952/4672/4208 5155/4763/4283 1951/4674/4210
f 1953/4671/4207 5152/4759/4279 1952/4672/4208
f 5159/4770/191 5161/4771/190 5158/4772/195
f 5159/4770/191 5163/4773/193 5162/4774/188
f 5162/4774/188 5164/4775/187 5161/4771/190
f 5162/4774/188 5166/4776/192 5165/4777/189
f 1993/4712/196 1947/4573/105 279/4713/46
f 1994/4711/197 5158/4772/195 1993/4712/196
f 1994/4711/197 5160/4778/198 5159/4770/191
f 1995/4710/199 1980/4779/200 5160/4778/198
f 5160/4778/198 1979/4780/201 5163/4773/193
f 5163/4773/193 1978/4781/202 5166/4776/192
f 5166/4776/192 284/4782/4290 1996/4725/4245
f 5165/4777/189 1996/4725/4245 1997/4723/4243
f 5165/4777/189 1998/4722/4242 5164/4775/187
f 5164/4775/187 278/4576/4124 1945/4575/107
f 5161/4771/190 1945/4575/107 1946/4574/106
f 5158/4772/195 1946/4574/106 1947/4573/105
f 5168/4783/4291 5170/4784/4292 5167/4785/4293
f 5168/4783/4291 5172/4786/4294 5171/4787/4295
f 5171/4787/4295 5173/4788/4296 5170/4784/4292
f 5171/4787/4295 5175/4789/4297 5174/4790/4298
f 1999/4732/4252 1941/4592/4140 277/4642/4178
f 2000/4731/4251 5167/4785/4293 1999/4732/4252
f 2000/4731/4251 5169/4791/4299 5168/4783/4291
f 2001/4730/4250 1974/4792/4300 5169/4791/4299
f 5169/4791/4299 1973/4793/4301 5172/4786/4294
f 5172/4786/4294 1972/4794/4302 5175/4789/4297
f 5175/4789/4297 282/3935/3652 2002/4378/3983
f 5174/4790/4298 2002/4378/3983 2003/4383/3988
f 5174/4790/4298 2004/4382/3987 5173/4788/4296
f 5173/4788/4296 276/3815/3560 1939/4594/4142
f 5170/4784/4292 1939/4594/4142 1940/4593/4141
f 5167/4785/4293 1940/4593/4141 1941/4592/4140
f 5177/4795/4303 5179/4796/4304 5176/4797/4305
f 5177/4795/4303 5181/4798/4306 5180/4799/4307
f 5180/4799/4307 5182/4800/4308 5179/4796/4304
f 5180/4799/4307 5184/4801/4309 5183/4802/4310
f 2022/4803/4311 1977/4726/4246 284/4782/4290
f 2021/4804/4312 5176/4797/4305 2022/4803/4311
f 2021/4804/4312 5178/4805/4313 5177/4795/4303
f 2020/4806/4314 2010/4807/4315 5178/4805/4313
f 5178/4805/4313 2009/4808/4316 5181/4798/4306
f 5181/4798/4306 2008/4809/4317 5184/4801/4309
f 5184/4801/4309 289/4810/4318 2025/4811/4319
f 5183/4802/4310 2025/4811/4319 2024/4812/4320
f 5183/4802/4310 2023/4813/4321 5182/4800/4308
f 5182/4800/4308 283/4729/4249 1975/4728/4248
f 5179/4796/4304 1975/4728/4248 1976/4727/4247
f 5176/4797/4305 1976/4727/4247 1977/4726/4246
f 5186/4814/4322 5188/4815/4323 5185/4816/4324
f 5187/4817/4325 5189/4818/4326 5186/4814/4322
f 5188/4815/4323 5192/4819/4327 5191/4820/4328
f 5189/4818/4326 5193/4821/4329 5192/4819/4327
f 2475/4753/4273 2091/4822/4330 300/4755/4275
f 2474/4752/4272 5185/4816/4324 2475/4753/4273
f 2473/4751/4271 5186/4814/4322 2474/4752/4272
f 365/4750/4270 5187/4817/4325 2473/4751/4271
f 2214/4823/4331 5190/4824/4332 5187/4817/4325
f 5190/4824/4332 2212/4825/4333 5193/4821/4329
f 5193/4821/4329 364/4826/4118 2472/4827/4117
f 5192/4819/4327 2472/4827/4117 2471/4828/4116
f 5191/4820/4328 2471/4828/4116 2470/4829/4113
f 2089/4830/4334 2470/4829/4113 294/4831/4115
f 2090/4832/4335 5191/4820/4328 2089/4830/4334
f 5185/4816/4324 2090/4832/4335 2091/4822/4330
f 5194/4833/4336 5198/4834/4337 5197/4835/4338
f 5196/4836/4339 5198/4834/4337 5195/4837/4340
f 5197/4835/4338 5201/4838/4341 5200/4839/4342
f 5199/4840/4343 5201/4838/4341 5198/4834/4337
f 287/4765/4285 5194/4833/4336 1986/4766/4286
f 2031/4841/4344 5195/4837/4340 5194/4833/4336
f 2029/4842/4345 5195/4837/4340 2030/4843/4346
f 293/4844/4347 5196/4836/4339 2029/4842/4345
f 2019/4845/4348 5199/4840/4343 5196/4836/4339
f 2018/4846/4349 5202/4847/4350 5199/4840/4343
f 2017/4848/4351 2034/4849/4352 5202/4847/4350
f 5202/4847/4350 2033/4850/4353 5201/4838/4341
f 5200/4839/4342 2033/4850/4353 2032/4851/4354
f 1984/4769/4289 2032/4851/4354 286/4705/4233
f 1985/4767/4287 5200/4839/4342 1984/4769/4289
f 1986/4766/4286 5197/4835/4338 1985/4767/4287
f 5204/4852/295 5206/4853/294 5203/4854/299
f 5204/4852/295 5208/4855/297 5207/4856/292
f 5207/4856/292 5209/4857/291 5206/4853/294
f 5207/4856/292 5211/4858/296 5210/4859/293
f 2037/4860/300 1980/4779/200 285/4861/271
f 2036/4862/301 5203/4854/299 2037/4860/300
f 2036/4862/301 5205/4863/302 5204/4852/295
f 2035/4864/303 2013/4865/304 5205/4863/302
f 5205/4863/302 2012/4866/305 5208/4855/297
f 5208/4855/297 2011/4867/306 5211/4858/296
f 5211/4858/296 290/4868/4355 2020/4806/4314
f 5210/4859/293 2020/4806/4314 2021/4804/4312
f 5210/4859/293 2022/4803/4311 5209/4857/291
f 5209/4857/291 284/4782/4290 1978/4781/202
f 5206/4853/294 1978/4781/202 1979/4780/201
f 5203/4854/299 1979/4780/201 1980/4779/200
f 5213/4869/4356 5215/4870/4357 5212/4871/4358
f 5213/4869/4356 5217/4872/4359 5216/4873/4360
f 5216/4873/4360 5218/4874/4361 5215/4870/4357
f 5216/4873/4360 5220/4875/4362 5219/4876/4363
f 2023/4813/4321 1974/4792/4300 283/4729/4249
f 2024/4812/4320 5212/4871/4358 2023/4813/4321
f 2024/4812/4320 5214/4877/4364 5213/4869/4356
f 2025/4811/4319 2007/4878/4365 5214/4877/4364
f 5214/4877/4364 2006/4879/4366 5217/4872/4359
f 5217/4872/4359 2005/4880/4367 5220/4875/4362
f 5220/4875/4362 288/3923/3640 2026/3922/3639
f 5219/4876/4363 2026/3922/3639 2027/3936/3653
f 5219/4876/4363 2028/3934/3651 5218/4874/4361
f 5218/4874/4361 282/3935/3652 1972/4794/4302
f 5215/4870/4357 1972/4794/4302 1973/4793/4301
f 5212/4871/4358 1973/4793/4301 1974/4792/4300
f 5221/4881/4368 5225/4882/4369 5224/4883/4370
f 5223/4884/4371 5225/4882/4369 5222/4885/4372
f 5224/4883/4370 5228/4886/4373 5227/4887/4374
f 5226/4888/4375 5228/4886/4373 5225/4882/4369
f 331/4686/4222 5221/4881/4368 2286/4687/4223
f 2320/4889/4376 5222/4885/4372 5221/4881/4368
f 2322/4890/4377 5222/4885/4372 2321/4891/4378
f 332/4892/4379 5223/4884/4371 2322/4890/4377
f 2289/4893/4380 5226/4888/4375 5223/4884/4371
f 2288/4894/4381 5229/4895/4382 5226/4888/4375
f 2287/4896/4383 2029/4842/4345 5229/4895/4382
f 5229/4895/4382 2030/4843/4346 5228/4886/4373
f 5227/4887/4374 2030/4843/4346 2031/4841/4344
f 2284/4690/4226 2031/4841/4344 287/4765/4285
f 2285/4688/4224 5227/4887/4374 2284/4690/4226
f 2286/4687/4223 5224/4883/4370 2285/4688/4224
f 5230/4897/369 5234/4898/370 5233/4899/366
f 5232/4900/373 5234/4898/370 5231/4901/374
f 5233/4899/366 5237/4902/367 5236/4903/368
f 5235/4904/371 5237/4902/367 5234/4898/370
f 286/4705/4233 5230/4897/369 1983/4706/268
f 2032/4851/4354 5231/4901/374 5230/4897/369
f 2034/4849/4352 5231/4901/374 2033/4850/4353
f 292/4905/4384 5232/4900/373 2034/4849/4352
f 2016/4906/375 5235/4904/371 5232/4900/373
f 2015/4907/376 5238/4908/372 5235/4904/371
f 2014/4909/377 2035/4864/303 5238/4908/372
f 5238/4908/372 2036/4862/301 5237/4902/367
f 5236/4903/368 2036/4862/301 2037/4860/300
f 1981/4709/270 2037/4860/300 285/4861/271
f 1982/4707/269 5236/4903/368 1981/4709/270
f 1983/4706/268 5233/4899/366 1982/4707/269
f 5239/4910/4385 5243/4911/4386 5242/4912/4387
f 5241/4913/4388 5243/4911/4386 5240/4914/4389
f 5242/4912/4387 5246/4915/4390 5245/4916/4391
f 5244/4917/4392 5246/4915/4390 5243/4911/4386
f 293/4844/4347 5239/4910/4385 2019/4845/4348
f 2055/4918/4393 5240/4914/4389 5239/4910/4385
f 2053/4919/4394 5240/4914/4389 2054/4920/4395
f 299/4921/4396 5241/4913/4388 2053/4919/4394
f 2052/4922/4397 5244/4917/4392 5241/4913/4388
f 2051/4923/4398 5247/4924/4399 5244/4917/4392
f 2050/4925/4400 2058/4926/4401 5247/4924/4399
f 5247/4924/4399 2057/4927/4402 5246/4915/4390
f 5245/4916/4391 2057/4927/4402 2056/4928/4403
f 2017/4848/4351 2056/4928/4403 292/4905/4384
f 2018/4846/4349 5245/4916/4391 2017/4848/4351
f 2019/4845/4348 5242/4912/4387 2018/4846/4349
f 5249/4929/493 5251/4930/492 5248/4931/496
f 5249/4929/493 5253/4932/495 5252/4933/490
f 5252/4933/490 5254/4934/489 5251/4930/492
f 5252/4933/490 5256/4935/494 5255/4936/491
f 2061/4937/446 2013/4865/304 291/4938/378
f 2060/4939/456 5248/4931/496 2061/4937/446
f 2060/4939/456 5250/4940/497 5249/4929/493
f 2059/4941/454 2046/4942/498 5250/4940/497
f 5250/4940/497 2045/4943/499 5253/4932/495
f 5253/4932/495 2044/4944/500 5256/4935/494
f 5256/4935/494 296/4945/4404 2064/4946/4405
f 5255/4936/491 2064/4946/4405 2063/4947/4406
f 5255/4936/491 2062/4948/4407 5254/4934/489
f 5254/4934/489 290/4868/4355 2011/4867/306
f 5251/4930/492 2011/4867/306 2012/4866/305
f 5248/4931/496 2012/4866/305 2013/4865/304
f 5258/4949/4408 5260/4950/4409 5257/4951/4410
f 5258/4949/4408 5262/4952/4411 5261/4953/4412
f 5261/4953/4412 5263/4954/4413 5260/4950/4409
f 5261/4953/4412 5265/4955/4414 5264/4956/4415
f 2067/4957/4416 2007/4878/4365 289/4810/4318
f 2066/4958/4417 5257/4951/4410 2067/4957/4416
f 2066/4958/4417 5259/4959/4418 5258/4949/4408
f 2065/4960/4419 2040/4961/4420 5259/4959/4418
f 5259/4959/4418 2039/4962/4421 5262/4952/4411
f 5262/4952/4411 2038/4963/4422 5265/4955/4414
f 5265/4955/4414 294/4551/4115 2070/4550/4114
f 5264/4956/4415 2070/4550/4114 2069/4559/4123
f 5264/4956/4415 2068/4558/4122 5263/4954/4413
f 5263/4954/4413 288/3923/3640 2005/4880/4367
f 5260/4950/4409 2005/4880/4367 2006/4879/4366
f 5257/4951/4410 2006/4879/4366 2007/4878/4365
f 5266/4964/4423 5270/4965/4424 5269/4966/4425
f 5268/4967/4426 5270/4965/4424 5267/4968/4427
f 5269/4966/4425 5273/4969/4428 5272/4970/4429
f 5271/4971/4430 5273/4969/4428 5270/4965/4424
f 332/4892/4379 5266/4964/4423 2289/4893/4380
f 2317/4972/4431 5267/4968/4427 5266/4964/4423
f 2319/4973/4432 5267/4968/4427 2318/4974/4433
f 333/4975/4434 5268/4967/4426 2319/4973/4432
f 2292/4976/4435 5271/4971/4430 5268/4967/4426
f 2291/4977/4436 5274/4978/4437 5271/4971/4430
f 2290/4979/4438 2053/4919/4394 5274/4978/4437
f 5274/4978/4437 2054/4920/4395 5273/4969/4428
f 5272/4970/4429 2054/4920/4395 2055/4918/4393
f 2287/4896/4383 2055/4918/4393 293/4844/4347
f 2288/4894/4381 5272/4970/4429 2287/4896/4383
f 2289/4893/4380 5269/4966/4425 2288/4894/4381
f 5275/4980/441 5279/4981/442 5278/4982/438
f 5277/4983/445 5279/4981/442 5276/4984/448
f 5278/4982/438 5282/4985/439 5281/4986/440
f 5280/4987/443 5282/4985/439 5279/4981/442
f 292/4905/4384 5275/4980/441 2016/4906/375
f 2056/4928/4403 5276/4984/448 5275/4980/441
f 2058/4926/4401 5276/4984/448 2057/4927/4402
f 298/4988/4439 5277/4983/445 2058/4926/4401
f 2049/4989/451 5280/4987/443 5277/4983/445
f 2048/4990/452 5283/4991/444 5280/4987/443
f 2047/4992/453 2059/4941/454 5283/4991/444
f 5283/4991/444 2060/4939/456 5282/4985/439
f 5281/4986/440 2060/4939/456 2061/4937/446
f 2014/4909/377 2061/4937/446 291/4938/378
f 2015/4907/376 5281/4986/440 2014/4909/377
f 2016/4906/375 5278/4982/438 2015/4907/376
f 5285/4993/4440 5287/4994/4441 5284/4995/4442
f 5285/4993/4440 5289/4996/4443 5288/4997/4444
f 5288/4997/4444 5290/4998/4445 5287/4994/4441
f 5288/4997/4444 5292/4999/4446 5291/5000/4447
f 2062/4948/4407 2010/4807/4315 290/4868/4355
f 2063/4947/4406 5284/4995/4442 2062/4948/4407
f 2063/4947/4406 5286/5001/4448 5285/4993/4440
f 2064/4946/4405 2043/5002/4449 5286/5001/4448
f 5286/5001/4448 2042/5003/4450 5289/4996/4443
f 5289/4996/4443 2041/5004/4451 5292/4999/4446
f 5292/4999/4446 295/5005/4452 2065/4960/4419
f 5291/5000/4447 2065/4960/4419 2066/4958/4417
f 5291/5000/4447 2067/4957/4416 5290/4998/4445
f 5290/4998/4445 289/4810/4318 2008/4809/4317
f 5287/4994/4441 2008/4809/4317 2009/4808/4316
f 5284/4995/4442 2009/4808/4316 2010/4807/4315
f 5294/5006/4453 5296/5007/4454 5293/5008/4455
f 5295/5009/4456 5297/5010/4457 5294/5006/4453
f 5296/5007/4454 5300/5011/4458 5299/5012/4459
f 5297/5010/4457 5301/5013/4460 5300/5011/4458
f 2469/4658/4194 2152/5014/4461 312/4660/4196
f 2468/4657/4193 5293/5008/4455 2469/4658/4194
f 2467/4656/4192 5294/5006/4453 2468/4657/4193
f 367/4655/4191 5295/5009/4456 2467/4656/4192
f 2206/5015/4462 5298/5016/4463 5295/5009/4456
f 5298/5016/4463 2208/5017/4464 5301/5013/4460
f 5301/5013/4460 366/4746/4266 2466/4745/4265
f 5300/5011/4458 2466/4745/4265 2465/4744/4264
f 5299/5012/4459 2465/4744/4264 2464/4741/4261
f 2154/5018/4465 2464/4741/4261 306/4743/4263
f 2153/5019/4466 5299/5012/4459 2154/5018/4465
f 5293/5008/4455 2153/5019/4466 2152/5014/4461
f 5303/5020/4467 5305/5021/4468 5302/5022/4469
f 5303/5020/4467 5307/5023/4470 5306/5024/4471
f 5306/5024/4471 5308/5025/4472 5305/5021/4468
f 5306/5024/4471 5310/5026/4473 5309/5027/4474
f 2088/5028/4475 2040/5029/4420 295/5030/4452
f 2087/5031/4476 5302/5022/4469 2088/5028/4475
f 2087/5031/4476 5304/5032/4477 5303/5020/4467
f 2086/5033/4478 2073/5034/4479 5304/5032/4477
f 5304/5032/4477 2072/5035/4480 5307/5023/4470
f 5307/5023/4470 2071/5036/4481 5310/5026/4473
f 5310/5026/4473 300/4755/4275 2091/4822/4330
f 5309/5027/4474 2091/4822/4330 2090/4832/4335
f 5309/5027/4474 2089/4830/4334 5308/5025/4472
f 5308/5025/4472 294/4831/4115 2038/5037/4422
f 5305/5021/4468 2038/5037/4422 2039/5038/4421
f 5302/5022/4469 2039/5038/4421 2040/5029/4420
f 5311/5039/4482 5315/5040/4483 5314/5041/4484
f 5313/5042/4485 5315/5040/4483 5312/5043/4486
f 5314/5041/4484 5318/5044/4487 5317/5045/4488
f 5316/5046/4489 5318/5044/4487 5315/5040/4483
f 333/5047/4434 5311/5039/4482 2292/5048/4435
f 2314/5049/4490 5312/5043/4486 5311/5039/4482
f 2316/5050/4491 5312/5043/4486 2315/5051/4492
f 334/5052/4493 5313/5042/4485 2316/5050/4491
f 2295/5053/4494 5316/5046/4489 5313/5042/4485
f 2294/5054/4495 5319/5055/4496 5316/5046/4489
f 2293/5056/4497 2094/5057/4498 5319/5055/4496
f 5319/5055/4496 2093/5058/4499 5318/5044/4487
f 5317/5045/4488 2093/5058/4499 2092/5059/4500
f 2290/5060/4438 2092/5059/4500 299/5061/4396
f 2291/5062/4436 5317/5045/4488 2290/5060/4438
f 2292/5048/4435 5314/5041/4484 2291/5062/4436
f 5320/5063/537 5324/5064/538 5323/5065/534
f 5322/5066/541 5324/5064/538 5321/5067/544
f 5323/5065/534 5327/5068/535 5326/5069/536
f 5325/5070/539 5327/5068/535 5324/5064/538
f 298/5071/4439 5320/5063/537 2049/5072/451
f 2097/5073/4501 5321/5067/544 5320/5063/537
f 2095/5074/4502 5321/5067/544 2096/5075/4503
f 304/5076/4504 5322/5066/541 2095/5074/4502
f 2082/5077/547 5325/5070/539 5322/5066/541
f 2081/5078/548 5328/5079/540 5325/5070/539
f 2080/5080/549 2100/5081/550 5328/5079/540
f 5328/5079/540 2099/5082/552 5327/5068/535
f 5326/5069/536 2099/5082/552 2098/5083/542
f 2047/5084/453 2098/5083/542 297/5085/455
f 2048/5086/452 5326/5069/536 2047/5084/453
f 2049/5072/451 5323/5065/534 2048/5086/452
f 5330/5087/4505 5332/5088/4506 5329/5089/4507
f 5330/5087/4505 5334/5090/4508 5333/5091/4509
f 5333/5091/4509 5335/5092/4510 5332/5088/4506
f 5333/5091/4509 5337/5093/4511 5336/5094/4512
f 2103/5095/4513 2043/5096/4449 296/5097/4404
f 2102/5098/4514 5329/5089/4507 2103/5095/4513
f 2102/5098/4514 5331/5099/4515 5330/5087/4505
f 2101/5100/4516 2076/5101/4517 5331/5099/4515
f 5331/5099/4515 2075/5102/4518 5334/5090/4508
f 5334/5090/4508 2074/5103/4519 5337/5093/4511
f 5337/5093/4511 301/5104/4520 2086/5033/4478
f 5336/5094/4512 2086/5033/4478 2087/5031/4476
f 5336/5094/4512 2088/5028/4475 5335/5092/4510
f 5335/5092/4510 295/5030/4452 2041/5105/4451
f 5332/5088/4506 2041/5105/4451 2042/5106/4450
f 5329/5089/4507 2042/5106/4450 2043/5096/4449
f 5339/5107/4521 5341/5108/4522 5338/5109/4523
f 5340/5110/4524 5342/5111/4525 5339/5107/4521
f 5341/5108/4522 5345/5112/4526 5344/5113/4527
f 5342/5111/4525 5346/5114/4528 5345/5112/4526
f 2463/3727/3488 1771/3975/3680 240/3729/3490
f 2462/3726/3487 5338/5109/4523 2463/3727/3488
f 2461/3725/3486 5339/5107/4521 2462/3726/3487
f 355/3724/3485 5340/5110/4524 2461/3725/3486
f 2242/5115/4529 5343/5116/4530 5340/5110/4524
f 5343/5116/4530 2244/5117/4531 5346/5114/4528
f 5346/5114/4528 354/5118/4532 2452/5119/4533
f 5345/5112/4526 2452/5119/4533 2453/5120/4534
f 5344/5113/4527 2453/5120/4534 2454/5121/4535
f 1773/3977/3682 2454/5121/4535 234/3746/3507
f 1772/3976/3681 5344/5113/4527 1773/3977/3682
f 5338/5109/4523 1772/3976/3681 1771/3975/3680
f 5347/5122/4536 5351/5123/4537 5350/5124/4538
f 5349/5125/4539 5351/5123/4537 5348/5126/4540
f 5350/5124/4538 5354/5127/4541 5353/5128/4542
f 5352/5129/4543 5354/5127/4541 5351/5123/4537
f 299/5061/4396 5347/5122/4536 2052/5130/4397
f 2092/5059/4500 5348/5126/4540 5347/5122/4536
f 2094/5057/4498 5348/5126/4540 2093/5058/4499
f 305/5131/4544 5349/5125/4539 2094/5057/4498
f 2085/5132/4545 5352/5129/4543 5349/5125/4539
f 2084/5133/4546 5355/5134/4547 5352/5129/4543
f 2083/5135/4548 2095/5074/4502 5355/5134/4547
f 5355/5134/4547 2096/5075/4503 5354/5127/4541
f 5353/5128/4542 2096/5075/4503 2097/5073/4501
f 2050/5136/4400 2097/5073/4501 298/5071/4439
f 2051/5137/4398 5353/5128/4542 2050/5136/4400
f 2052/5130/4397 5350/5124/4538 2051/5137/4398
f 5357/5138/592 5359/5139/591 5356/5140/595
f 5357/5138/592 5361/5141/594 5360/5142/589
f 5360/5142/589 5362/5143/588 5359/5139/591
f 5360/5142/589 5364/5144/593 5363/5145/590
f 2098/5083/542 2046/5146/498 297/5085/455
f 2099/5082/552 5356/5140/595 2098/5083/542
f 2099/5082/552 5358/5147/596 5357/5138/592
f 2100/5081/550 2079/5148/597 5358/5147/596
f 5358/5147/596 2078/5149/598 5361/5141/594
f 5361/5141/594 2077/5150/599 5364/5144/593
f 5364/5144/593 302/5151/4549 2101/5100/4516
f 5363/5145/590 2101/5100/4516 2102/5098/4514
f 5363/5145/590 2103/5095/4513 5362/5143/588
f 5362/5143/588 296/5097/4404 2044/5152/500
f 5359/5139/591 2044/5152/500 2045/5153/499
f 5356/5140/595 2045/5153/499 2046/5146/498
f 5365/5154/4550 5369/5155/4551 5368/5156/4552
f 5367/5157/4553 5369/5155/4551 5366/5158/4554
f 5368/5156/4552 5372/5159/4555 5371/5160/4556
f 5370/5161/4557 5372/5159/4555 5369/5155/4551
f 334/5052/4493 5365/5154/4550 2295/5053/4494
f 2311/5162/4558 5366/5158/4554 5365/5154/4550
f 2313/5163/4559 5366/5158/4554 2312/5164/4560
f 335/5165/4561 5367/5157/4553 2313/5163/4559
f 2298/5166/4562 5370/5161/4557 5367/5157/4553
f 2297/5167/4563 5373/5168/4564 5370/5161/4557
f 2296/5169/4565 2121/5170/4566 5373/5168/4564
f 5373/5168/4564 2120/5171/4567 5372/5159/4555
f 5371/5160/4556 2120/5171/4567 2119/5172/4568
f 2293/5056/4497 2119/5172/4568 305/5131/4544
f 2294/5054/4495 5371/5160/4556 2293/5056/4497
f 2295/5053/4494 5368/5156/4552 2294/5054/4495
f 5374/5173/728 5378/5174/729 5377/5175/725
f 5376/5176/732 5378/5174/729 5375/5177/733
f 5377/5175/725 5381/5178/726 5380/5179/727
f 5379/5180/730 5381/5178/726 5378/5174/729
f 304/5076/4504 5374/5173/728 2082/5077/547
f 2124/5181/4569 5375/5177/733 5374/5173/728
f 2122/5182/4570 5375/5177/733 2123/5183/4571
f 310/5184/4572 5376/5176/732 2122/5182/4570
f 2115/5185/734 5379/5180/730 5376/5176/732
f 2114/5186/735 5382/5187/731 5379/5180/730
f 2113/5188/736 2127/5189/666 5382/5187/731
f 5382/5187/731 2126/5190/664 5381/5178/726
f 5380/5179/727 2126/5190/664 2125/5191/663
f 2080/5080/549 2125/5191/663 303/5192/551
f 2081/5078/548 5380/5179/727 2080/5080/549
f 2082/5077/547 5377/5175/725 2081/5078/548
f 5384/5193/4573 5386/5194/4574 5383/5195/4575
f 5384/5193/4573 5388/5196/4576 5387/5197/4577
f 5387/5197/4577 5389/5198/4578 5386/5194/4574
f 5387/5197/4577 5391/5199/4579 5390/5200/4580
f 2130/5201/4581 2076/5101/4517 302/5151/4549
f 2129/5202/4582 5383/5195/4575 2130/5201/4581
f 2129/5202/4582 5385/5203/4583 5384/5193/4573
f 2128/5204/4584 2109/5205/4585 5385/5203/4583
f 5385/5203/4583 2108/5206/4586 5388/5196/4576
f 5388/5196/4576 2107/5207/4587 5391/5199/4579
f 5391/5199/4579 307/5208/4588 2133/5209/4589
f 5390/5200/4580 2133/5209/4589 2132/5210/4590
f 5390/5200/4580 2131/5211/4591 5389/5198/4578
f 5389/5198/4578 301/5104/4520 2074/5103/4519
f 5386/5194/4574 2074/5103/4519 2075/5102/4518
f 5383/5195/4575 2075/5102/4518 2076/5101/4517
f 5393/5212/4592 5395/5213/4593 5392/5214/4594
f 5394/5215/4595 5396/5216/4596 5393/5212/4592
f 5395/5213/4593 5399/5217/4597 5398/5218/4598
f 5396/5216/4596 5400/5219/4599 5399/5217/4597
f 2460/3998/3703 1839/4152/3813 252/4000/3705
f 2459/3997/3702 5392/5214/4594 2460/3998/3703
f 2458/3996/3701 5393/5212/4592 2459/3997/3702
f 357/3995/3700 5394/5215/4595 2458/3996/3701
f 2238/5220/4600 5397/5221/4601 5394/5215/4595
f 5397/5221/4601 2236/5222/4602 5400/5219/4599
f 5400/5219/4599 356/3720/3481 2457/3719/3480
f 5399/5217/4597 2457/3719/3480 2456/3718/3479
f 5398/5218/4598 2456/3718/3479 2455/3715/3476
f 1837/4154/3815 2455/3715/3476 246/3717/3478
f 1838/4153/3814 5398/5218/4598 1837/4154/3815
f 5392/5214/4594 1838/4153/3814 1839/4152/3813
f 5401/5223/4603 5405/5224/4604 5404/5225/4605
f 5403/5226/4606 5405/5224/4604 5402/5227/4607
f 5404/5225/4605 5408/5228/4608 5407/5229/4609
f 5406/5230/4610 5408/5228/4608 5405/5224/4604
f 305/5131/4544 5401/5223/4603 2085/5132/4545
f 2119/5172/4568 5402/5227/4607 5401/5223/4603
f 2121/5170/4566 5402/5227/4607 2120/5171/4567
f 311/5231/4611 5403/5226/4606 2121/5170/4566
f 2118/5232/4612 5406/5230/4610 5403/5226/4606
f 2117/5233/4613 5409/5234/4614 5406/5230/4610
f 2116/5235/4615 2122/5182/4570 5409/5234/4614
f 5409/5234/4614 2123/5183/4571 5408/5228/4608
f 5407/5229/4609 2123/5183/4571 2124/5181/4569
f 2083/5135/4548 2124/5181/4569 304/5076/4504
f 2084/5133/4546 5407/5229/4609 2083/5135/4548
f 2085/5132/4545 5404/5225/4605 2084/5133/4546
f 5411/5236/658 5413/5237/657 5410/5238/662
f 5411/5236/658 5415/5239/660 5414/5240/655
f 5414/5240/655 5416/5241/654 5413/5237/657
f 5414/5240/655 5418/5242/659 5417/5243/656
f 2125/5191/663 2079/5148/597 303/5192/551
f 2126/5190/664 5410/5238/662 2125/5191/663
f 2126/5190/664 5412/5244/665 5411/5236/658
f 2127/5189/666 2112/5245/667 5412/5244/665
f 5412/5244/665 2111/5246/668 5415/5239/660
f 5415/5239/660 2110/5247/669 5418/5242/659
f 5418/5242/659 308/5248/4616 2128/5204/4584
f 5417/5243/656 2128/5204/4584 2129/5202/4582
f 5417/5243/656 2130/5201/4581 5416/5241/654
f 5416/5241/654 302/5151/4549 2077/5150/599
f 5413/5237/657 2077/5150/599 2078/5149/598
f 5410/5238/662 2078/5149/598 2079/5148/597
f 5420/5249/4617 5422/5250/4618 5419/5251/4619
f 5420/5249/4617 5424/5252/4620 5423/5253/4621
f 5423/5253/4621 5425/5254/4622 5422/5250/4618
f 5423/5253/4621 5427/5255/4623 5426/5256/4624
f 2131/5211/4591 2073/5034/4479 301/5104/4520
f 2132/5210/4590 5419/5251/4619 2131/5211/4591
f 2132/5210/4590 5421/5257/4625 5420/5249/4617
f 2133/5209/4589 2106/5258/4626 5421/5257/4625
f 5421/5257/4625 2105/5259/4627 5424/5252/4620
f 5424/5252/4620 2104/5260/4628 5427/5255/4623
f 5427/5255/4623 306/4743/4263 2134/4742/4262
f 5426/5256/4624 2134/4742/4262 2135/4756/4276
f 5426/5256/4624 2136/4754/4274 5425/5254/4622
f 5425/5254/4622 300/4755/4275 2071/5036/4481
f 5422/5250/4618 2071/5036/4481 2072/5035/4480
f 5419/5251/4619 2072/5035/4480 2073/5034/4479
f 5429/5261/4629 5431/5262/4630 5428/5263/4631
f 5430/5264/4632 5432/5265/4633 5429/5261/4629
f 5431/5262/4630 5435/5266/4634 5434/5267/4635
f 5432/5265/4633 5436/5268/4636 5435/5266/4634
f 2454/5121/4535 1728/3747/3508 234/3746/3507
f 2453/5120/4534 5428/5263/4631 2454/5121/4535
f 2452/5119/4533 5429/5261/4629 2453/5120/4534
f 354/5118/4532 5430/5264/4632 2452/5119/4533
f 2247/5269/4637 5433/5270/4638 5430/5264/4632
f 5433/5270/4638 2245/5271/4639 5436/5268/4636
f 5436/5268/4636 318/4208/3857 2451/4207/3856
f 5435/5266/4634 2451/4207/3856 2450/4206/3855
f 5434/5267/4635 2450/4206/3855 2449/4205/3854
f 1726/3749/3510 2449/4205/3854 228/3648/3424
f 1727/3748/3509 5434/5267/4635 1726/3749/3510
f 5428/5263/4631 1727/3748/3509 1728/3747/3508
f 5437/5272/4640 5441/5273/4641 5440/5274/4642
f 5439/5275/4643 5441/5273/4641 5438/5276/4644
f 5440/5274/4642 5444/5277/4645 5443/5278/4646
f 5442/5279/4647 5444/5277/4645 5441/5273/4641
f 311/5231/4611 5437/5272/4640 2118/5232/4612
f 2157/5280/4648 5438/5276/4644 5437/5272/4640
f 2155/5281/4649 5438/5276/4644 2156/5282/4650
f 317/5283/4651 5439/5275/4643 2155/5281/4649
f 2151/5284/4652 5442/5279/4647 5439/5275/4643
f 2150/5285/4653 5445/5286/4654 5442/5279/4647
f 2149/5287/4655 2160/5288/4656 5445/5286/4654
f 5445/5286/4654 2159/5289/4657 5444/5277/4645
f 5443/5278/4646 2159/5289/4657 2158/5290/4658
f 2116/5235/4615 2158/5290/4658 310/5184/4572
f 2117/5233/4613 5443/5278/4646 2116/5235/4615
f 2118/5232/4612 5440/5274/4642 2117/5233/4613
f 5447/5291/755 5449/5292/754 5446/5293/759
f 5447/5291/755 5451/5294/757 5450/5295/752
f 5450/5295/752 5452/5296/751 5449/5292/754
f 5450/5295/752 5454/5297/756 5453/5298/753
f 2163/5299/760 2112/5245/667 309/5300/737
f 2162/5301/761 5446/5293/759 2163/5299/760
f 2162/5301/761 5448/5302/762 5447/5291/755
f 2161/5303/763 2145/5304/764 5448/5302/762
f 5448/5302/762 2144/5305/765 5451/5294/757
f 5451/5294/757 2143/5306/766 5454/5297/756
f 5454/5297/756 314/5307/4659 2166/5308/4660
f 5453/5298/753 2166/5308/4660 2165/5309/4661
f 5453/5298/753 2164/5310/4662 5452/5296/751
f 5452/5296/751 308/5248/4616 2110/5247/669
f 5449/5292/754 2110/5247/669 2111/5246/668
f 5446/5293/759 2111/5246/668 2112/5245/667
f 5456/5311/4663 5458/5312/4664 5455/5313/4665
f 5456/5311/4663 5460/5314/4666 5459/5315/4667
f 5459/5315/4667 5461/5316/4668 5458/5312/4664
f 5459/5315/4667 5463/5317/4669 5462/5318/4670
f 2169/5319/4671 2106/5258/4626 307/5208/4588
f 2168/5320/4672 5455/5313/4665 2169/5319/4671
f 2168/5320/4672 5457/5321/4673 5456/5311/4663
f 2167/5322/4674 2139/5323/4675 5457/5321/4673
f 5457/5321/4673 2138/5324/4676 5460/5314/4666
f 5460/5314/4666 2137/5325/4677 5463/5317/4669
f 5463/5317/4669 312/4660/4196 2152/5014/4461
f 5462/5318/4670 2152/5014/4461 2153/5019/4466
f 5462/5318/4670 2154/5018/4465 5461/5316/4668
f 5461/5316/4668 306/4743/4263 2104/5260/4628
f 5458/5312/4664 2104/5260/4628 2105/5259/4627
f 5455/5313/4665 2105/5259/4627 2106/5258/4626
f 5464/5326/4678 5468/5327/4679 5467/5328/4680
f 5466/5329/4681 5468/5327/4679 5465/5330/4682
f 5467/5328/4680 5471/5331/4683 5470/5332/4684
f 5469/5333/4685 5471/5331/4683 5468/5327/4679
f 335/5165/4561 5464/5326/4678 2298/5166/4562
f 2308/5334/4686 5465/5330/4682 5464/5326/4678
f 2310/5335/4687 5465/5330/4682 2309/5336/4688
f 336/5337/4689 5466/5329/4681 2310/5335/4687
f 2301/5338/4690 5469/5333/4685 5466/5329/4681
f 2300/5339/4691 5472/5340/4692 5469/5333/4685
f 2299/5341/4693 2155/5281/4649 5472/5340/4692
f 5472/5340/4692 2156/5282/4650 5471/5331/4683
f 5470/5332/4684 2156/5282/4650 2157/5280/4648
f 2296/5169/4565 2157/5280/4648 311/5231/4611
f 2297/5167/4563 5470/5332/4684 2296/5169/4565
f 2298/5166/4562 5467/5328/4680 2297/5167/4563
f 5473/5342/824 5477/5343/825 5476/5344/821
f 5475/5345/828 5477/5343/825 5474/5346/829
f 5476/5344/821 5480/5347/822 5479/5348/823
f 5478/5349/826 5480/5347/822 5477/5343/825
f 310/5184/4572 5473/5342/824 2115/5185/734
f 2158/5290/4658 5474/5346/829 5473/5342/824
f 2160/5288/4656 5474/5346/829 2159/5289/4657
f 316/5350/4694 5475/5345/828 2160/5288/4656
f 2148/5351/830 5478/5349/826 5475/5345/828
f 2147/5352/831 5481/5353/827 5478/5349/826
f 2146/5354/832 2161/5303/763 5481/5353/827
f 5481/5353/827 2162/5301/761 5480/5347/822
f 5479/5348/823 2162/5301/761 2163/5299/760
f 2113/5188/736 2163/5299/760 309/5300/737
f 2114/5186/735 5479/5348/823 2113/5188/736
f 2115/5185/734 5476/5344/821 2114/5186/735
f 5483/5355/4695 5485/5356/4696 5482/5357/4697
f 5483/5355/4695 5487/5358/4698 5486/5359/4699
f 5486/5359/4699 5488/5360/4700 5485/5356/4696
f 5486/5359/4699 5490/5361/4701 5489/5362/4702
f 2164/5310/4662 2109/5205/4585 308/5248/4616
f 2165/5309/4661 5482/5357/4697 2164/5310/4662
f 2165/5309/4661 5484/5363/4703 5483/5355/4695
f 2166/5308/4660 2142/5364/4704 5484/5363/4703
f 5484/5363/4703 2141/5365/4705 5487/5358/4698
f 5487/5358/4698 2140/5366/4706 5490/5361/4701
f 5490/5361/4701 313/5367/4707 2167/5322/4674
f 5489/5362/4702 2167/5322/4674 2168/5320/4672
f 5489/5362/4702 2169/5319/4671 5488/5360/4700
f 5488/5360/4700 307/5208/4588 2107/5207/4587
f 5485/5356/4696 2107/5207/4587 2108/5206/4586
f 5482/5357/4697 2108/5206/4586 2109/5205/4585
f 5491/5368/4708 5495/5369/4709 5494/5370/4710
f 5493/5371/4711 5495/5369/4709 5492/5372/4712
f 5494/5370/4710 5498/5373/4713 5497/5374/4714
f 5496/5375/4715 5498/5373/4713 5495/5369/4709
f 317/5283/4651 5491/5368/4708 2151/5284/4652
f 2175/5376/4716 5492/5372/4712 5491/5368/4708
f 2173/5377/4717 5492/5372/4712 2174/5378/4718
f 321/3591/3386 5493/5371/4711 2173/5377/4717
f 2193/3592/3387 5496/5375/4715 5493/5371/4711
f 2192/3606/3401 5499/5379/4719 5496/5375/4715
f 2191/3604/3399 2250/5380/4720 5499/5379/4719
f 5499/5379/4719 2249/5381/4721 5498/5373/4713
f 5497/5374/4714 2249/5381/4721 2248/5382/4722
f 2149/5287/4655 2248/5382/4722 316/5350/4694
f 2150/5285/4653 5497/5374/4714 2149/5287/4655
f 2151/5284/4652 5494/5370/4710 2150/5285/4653
f 5501/5383/940 5503/5384/939 5500/5385/943
f 5501/5383/940 5505/5386/942 5504/5387/937
f 5504/5387/937 5506/5388/936 5503/5384/939
f 5504/5387/937 5508/5389/941 5507/5390/938
f 2178/5391/893 2145/5304/764 315/5392/833
f 2177/5393/903 5500/5385/943 2178/5391/893
f 2177/5393/903 5502/5394/944 5501/5383/940
f 2176/5395/901 2187/3616/945 5502/5394/944
f 5502/5394/944 2186/3630/946 5505/5386/942
f 5505/5386/942 2185/3629/947 5508/5389/941
f 5508/5389/941 226/3628/3406 2253/5396/4723
f 5507/5390/938 2253/5396/4723 2252/5397/4724
f 5507/5390/938 2251/5398/4725 5506/5388/936
f 5506/5388/936 314/5307/4659 2143/5306/766
f 5503/5384/939 2143/5306/766 2144/5305/765
f 5500/5385/943 2144/5305/765 2145/5304/764
f 5510/5399/4726 5512/5400/4727 5509/5401/4728
f 5510/5399/4726 5514/5402/4729 5513/5403/4730
f 5513/5403/4730 5515/5404/4731 5512/5400/4727
f 5513/5403/4730 5517/5405/4732 5516/5406/4733
f 2256/5407/4734 2139/5323/4675 313/5367/4707
f 2255/5408/4735 5509/5401/4728 2256/5407/4734
f 2255/5408/4735 5511/5409/4736 5510/5399/4726
f 2254/5410/4737 2184/3640/3416 5511/5409/4736
f 5511/5409/4736 2183/3654/3430 5514/5402/4729
f 5514/5402/4729 2182/3653/3429 5517/5405/4732
f 5517/5405/4732 319/3652/3428 2181/4651/4187
f 5516/5406/4733 2181/4651/4187 2180/4661/4197
f 5516/5406/4733 2179/4659/4195 5515/5404/4731
f 5515/5404/4731 312/4660/4196 2137/5325/4677
f 5512/5400/4727 2137/5325/4677 2138/5324/4676
f 5509/5401/4728 2138/5324/4676 2139/5323/4675
f 5518/5411/4738 5522/5412/4739 5521/5413/4740
f 5520/5414/4741 5522/5412/4739 5519/5415/4742
f 5521/5413/4740 5525/5416/4743 5524/5417/4744
f 5523/5418/4745 5525/5416/4743 5522/5412/4739
f 336/5337/4689 5518/5411/4738 2301/5338/4690
f 2305/5419/4746 5519/5415/4742 5518/5411/4738
f 2307/5420/4747 5519/5415/4742 2306/5421/4748
f 337/3663/3439 5520/5414/4741 2307/5420/4747
f 2304/3664/3440 5523/5418/4745 5520/5414/4741
f 2303/3674/3450 5526/5422/4749 5523/5418/4745
f 2302/3673/3449 2173/5377/4717 5526/5422/4749
f 5526/5422/4749 2174/5378/4718 5525/5416/4743
f 5524/5417/4744 2174/5378/4718 2175/5376/4716
f 2299/5341/4693 2175/5376/4716 317/5283/4651
f 2300/5339/4691 5524/5417/4744 2299/5341/4693
f 2301/5338/4690 5521/5413/4740 2300/5339/4691
f 5527/5423/888 5531/5424/889 5530/5425/885
f 5529/5426/892 5531/5424/889 5528/5427/895
f 5530/5425/885 5534/5428/886 5533/5429/887
f 5532/5430/890 5534/5428/886 5531/5424/889
f 316/5350/4694 5527/5423/888 2148/5351/830
f 2248/5382/4722 5528/5427/895 5527/5423/888
f 2250/5380/4720 5528/5427/895 2249/5381/4721
f 227/3605/3400 5529/5426/892 2250/5380/4720
f 2190/3683/898 5532/5430/890 5529/5426/892
f 2189/3690/899 5535/5431/891 5532/5430/890
f 2188/3689/900 2176/5395/901 5535/5431/891
f 5535/5431/891 2177/5393/903 5534/5428/886
f 5533/5429/887 2177/5393/903 2178/5391/893
f 2146/5354/832 2178/5391/893 315/5392/833
f 2147/5352/831 5533/5429/887 2146/5354/832
f 2148/5351/830 5530/5425/885 2147/5352/831
f 5537/5432/4750 5539/5433/4751 5536/5434/4752
f 5537/5432/4750 5541/5435/4753 5540/5436/4754
f 5540/5436/4754 5542/5437/4755 5539/5433/4751
f 5540/5436/4754 5544/5438/4756 5543/5439/4757
f 2251/5398/4725 2142/5364/4704 314/5307/4659
f 2252/5397/4724 5536/5434/4752 2251/5398/4725
f 2252/5397/4724 5538/5440/4758 5537/5432/4750
f 2253/5396/4723 1683/3699/3460 5538/5440/4758
f 5538/5440/4758 1682/3706/3467 5541/5435/4753
f 5541/5435/4753 1681/3705/3466 5544/5438/4756
f 5544/5438/4756 225/3641/3417 2254/5410/4737
f 5543/5439/4757 2254/5410/4737 2255/5408/4735
f 5543/5439/4757 2256/5407/4734 5542/5437/4755
f 5542/5437/4755 313/5367/4707 2140/5366/4706
f 5539/5433/4751 2140/5366/4706 2141/5365/4705
f 5536/5434/4752 2141/5365/4705 2142/5364/4704
f 5546/5441/4759 5548/5442/4760 5545/5443/4761
f 5547/5444/4762 5549/5445/4763 5546/5441/4759
f 5548/5442/4760 5552/5446/4764 5551/5447/4765
f 5549/5445/4763 5553/5448/4766 5552/5446/4764
f 2488/4289/3922 1900/4425/4018 264/4291/3924
f 2489/4288/3921 5545/5443/4761 2488/4289/3922
f 2490/4287/3920 5546/5441/4759 2489/4288/3921
f 359/4286/3919 5547/5444/4762 2490/4287/3920
f 2230/5449/4767 5550/5450/4768 5547/5444/4762
f 5550/5450/4768 2232/5451/4769 5553/5448/4766
f 5553/5448/4766 358/3991/3696 2494/3990/3695
f 5552/5446/4764 2494/3990/3695 2495/3989/3694
f 5551/5447/4765 2495/3989/3694 2496/3986/3691
f 1902/4427/4020 2496/3986/3691 258/3988/3693
f 1901/4426/4019 5551/5447/4765 1902/4427/4020
f 5545/5443/4761 1901/4426/4019 1900/4425/4018
f 5555/5452/4770 5557/5453/4771 5554/5454/4772
f 5556/5455/4773 5558/5456/4774 5555/5452/4770
f 5557/5453/4771 5561/5457/4775 5560/5458/4776
f 5558/5456/4774 5562/5459/4777 5561/5457/4775
f 2406/5460/4778 2335/4224/3873 326/4166/3827
f 2405/5461/4779 5554/5454/4772 2406/5460/4778
f 2404/5462/4780 5555/5452/4770 2405/5461/4779
f 342/5463/4781 5556/5455/4773 2404/5462/4780
f 2383/5464/4782 5559/5465/4783 5556/5455/4773
f 5559/5465/4783 2385/5466/4784 5562/5459/4777
f 5562/5459/4777 343/5467/4785 2403/5468/4786
f 5561/5457/4775 2403/5468/4786 2402/5469/4787
f 5560/5458/4776 2402/5469/4787 2401/5470/4788
f 2337/4225/3874 2401/5470/4788 327/4227/3876
f 2336/4226/3875 5560/5458/4776 2337/4225/3874
f 5554/5454/4772 2336/4226/3875 2335/4224/3873
f 5564/5471/4789 5566/5472/4790 5563/5473/4791
f 5565/5474/4792 5567/5475/4793 5564/5471/4789
f 5566/5472/4790 5570/5476/4794 5569/5477/4795
f 5567/5475/4793 5571/5478/4796 5570/5476/4794
f 2412/5479/4797 2314/5049/4490 333/5047/4434
f 2411/5480/4798 5563/5473/4791 2412/5479/4797
f 2410/5481/4799 5564/5471/4789 2411/5480/4798
f 349/5482/4800 5565/5474/4792 2410/5481/4799
f 2362/5483/4801 5568/5484/4802 5565/5474/4792
f 5568/5484/4802 2364/5485/4803 5571/5478/4796
f 5571/5478/4796 350/5486/4804 2409/5487/4805
f 5570/5476/4794 2409/5487/4805 2408/5488/4806
f 5569/5477/4795 2408/5488/4806 2407/5489/4807
f 2316/5050/4491 2407/5489/4807 334/5052/4493
f 2315/5051/4492 5569/5477/4795 2316/5050/4491
f 5563/5473/4791 2315/5051/4492 2314/5049/4490
f 5573/5490/4808 5575/5491/4809 5572/5492/4810
f 5574/5493/4811 5576/5494/4812 5573/5490/4808
f 5575/5491/4809 5579/5495/4813 5578/5496/4814
f 5576/5494/4812 5580/5497/4815 5579/5495/4813
f 2415/5498/4816 2338/4163/3824 325/4067/3756
f 2414/5499/4817 5572/5492/4810 2415/5498/4816
f 2413/5500/4818 5573/5490/4808 2414/5499/4817
f 341/5501/4819 5574/5493/4811 2413/5500/4818
f 2386/5502/4820 5577/5503/4821 5574/5493/4811
f 5577/5503/4821 2388/5504/4822 5580/5497/4815
f 5580/5497/4815 342/5463/4781 2404/5462/4780
f 5579/5495/4813 2404/5462/4780 2405/5461/4779
f 5578/5496/4814 2405/5461/4779 2406/5460/4778
f 2340/4164/3825 2406/5460/4778 326/4166/3827
f 2339/4165/3826 5578/5496/4814 2340/4164/3825
f 5572/5492/4810 2339/4165/3826 2338/4163/3824
f 5582/5505/4823 5584/5506/4824 5581/5507/4825
f 5583/5508/4826 5585/5509/4827 5582/5505/4823
f 5584/5506/4824 5588/5510/4828 5587/5511/4829
f 5585/5509/4827 5589/5512/4830 5588/5510/4828
f 2418/5513/4831 2317/4972/4431 332/4892/4379
f 2417/5514/4832 5581/5507/4825 2418/5513/4831
f 2416/5515/4833 5582/5505/4823 2417/5514/4832
f 348/5516/4834 5583/5508/4826 2416/5515/4833
f 2365/5517/4835 5586/5518/4836 5583/5508/4826
f 5586/5518/4836 2367/5519/4837 5589/5512/4830
f 5589/5512/4830 349/5520/4800 2410/5521/4799
f 5588/5510/4828 2410/5521/4799 2411/5522/4798
f 5587/5511/4829 2411/5522/4798 2412/5523/4797
f 2319/4973/4432 2412/5523/4797 333/4975/4434
f 2318/4974/4433 5587/5511/4829 2319/4973/4432
f 5581/5507/4825 2318/4974/4433 2317/4972/4431
f 5591/5524/4838 5593/5525/4839 5590/5526/4840
f 5592/5527/4841 5594/5528/4842 5591/5524/4838
f 5593/5525/4839 5597/5529/4843 5596/5530/4844
f 5594/5528/4842 5598/5531/4845 5597/5529/4843
f 2421/5532/4846 2341/4064/3753 324/3866/3599
f 2420/5533/4847 5590/5526/4840 2421/5532/4846
f 2419/5534/4848 5591/5524/4838 2420/5533/4847
f 340/5535/4849 5592/5527/4841 2419/5534/4848
f 2389/5536/4784 5595/5537/4850 5592/5527/4841
f 5595/5537/4850 2391/5538/4851 5598/5531/4845
f 5598/5531/4845 341/5501/4819 2413/5500/4818
f 5597/5529/4843 2413/5500/4818 2414/5499/4817
f 5596/5530/4844 2414/5499/4817 2415/5498/4816
f 2343/4065/3754 2415/5498/4816 325/4067/3756
f 2342/4066/3755 5596/5530/4844 2343/4065/3754
f 5590/5526/4840 2342/4066/3755 2341/4064/3753
f 5600/5539/4852 5602/5540/4853 5599/5541/4854
f 5601/5542/4855 5603/5543/4856 5600/5539/4852
f 5602/5540/4853 5606/5544/4857 5605/5545/4858
f 5603/5543/4856 5607/5546/4859 5606/5544/4857
f 2424/5547/4860 2320/4889/4376 331/4686/4222
f 2423/5548/4861 5599/5541/4854 2424/5547/4860
f 2422/5549/4862 5600/5539/4852 2423/5548/4861
f 347/5550/4863 5601/5542/4855 2422/5549/4862
f 2368/5551/4803 5604/5552/4864 5601/5542/4855
f 5604/5552/4864 2370/5553/4865 5607/5546/4859
f 5607/5546/4859 348/5516/4834 2416/5515/4833
f 5606/5544/4857 2416/5515/4833 2417/5514/4832
f 5605/5545/4858 2417/5514/4832 2418/5513/4831
f 2322/4890/4377 2418/5513/4831 332/4892/4379
f 2321/4891/4378 5605/5545/4858 2322/4890/4377
f 5599/5541/4854 2321/4891/4378 2320/4889/4376
f 5609/5554/4866 5611/5555/4867 5608/5556/4868
f 5610/5557/4869 5612/5558/4870 5609/5554/4866
f 5611/5555/4867 5615/5559/4871 5614/5560/4872
f 5612/5558/4870 5616/5561/4873 5615/5559/4871
f 2427/5562/4874 2344/3863/3596 323/3761/3522
f 2426/5563/4875 5608/5556/4868 2427/5562/4874
f 2425/5564/4876 5609/5554/4866 2426/5563/4875
f 339/5565/4877 5610/5557/4869 2425/5564/4876
f 2392/5566/4822 5613/5567/4878 5610/5557/4869
f 5613/5567/4878 2394/5568/4879 5616/5561/4873
f 5616/5561/4873 340/5535/4849 2419/5534/4848
f 5615/5559/4871 2419/5534/4848 2420/5533/4847
f 5614/5560/4872 2420/5533/4847 2421/5532/4846
f 2346/3864/3597 2421/5532/4846 324/3866/3599
f 2345/3865/3598 5614/5560/4872 2346/3864/3597
f 5608/5556/4868 2345/3865/3598 2344/3863/3596
f 5618/5569/4880 5620/5570/4881 5617/5571/4882
f 5619/5572/4883 5621/5573/4884 5618/5569/4880
f 5620/5570/4881 5624/5574/4885 5623/5575/4886
f 5621/5573/4884 5625/5576/4887 5624/5574/4885
f 2430/5577/4888 2323/4683/4219 330/4606/4154
f 2429/5578/4889 5617/5571/4882 2430/5577/4888
f 2428/5579/4890 5618/5569/4880 2429/5578/4889
f 346/5580/4891 5619/5572/4883 2428/5579/4890
f 2371/5581/4837 5622/5582/4892 5619/5572/4883
f 5622/5582/4892 2373/5583/4893 5625/5576/4887
f 5625/5576/4887 347/5550/4863 2422/5549/4862
f 5624/5574/4885 2422/5549/4862 2423/5548/4861
f 5623/5575/4886 2423/5548/4861 2424/5547/4860
f 2325/4684/4220 2424/5547/4860 331/4686/4222
f 2324/4685/4221 5623/5575/4886 2325/4684/4220
f 5617/5571/4882 2324/4685/4221 2323/4683/4219
f 5627/5584/4894 5629/5585/4895 5626/5586/4896
f 5628/5587/4897 5630/5588/4898 5627/5584/4894
f 5629/5585/4895 5633/5589/4899 5632/5590/4900
f 5630/5588/4898 5634/5591/4901 5633/5589/4899
f 2433/5592/4902 2347/3758/3519 322/3668/3444
f 2432/5593/4903 5626/5586/4896 2433/5592/4902
f 2431/5594/4904 5627/5584/4894 2432/5593/4903
f 338/5595/4905 5628/5587/4897 2431/5594/4904
f 2395/5596/4851 5631/5597/4906 5628/5587/4897
f 5631/5597/4906 2397/5598/4907 5634/5591/4901
f 5634/5591/4901 339/5565/4877 2425/5564/4876
f 5633/5589/4899 2425/5564/4876 2426/5563/4875
f 5632/5590/4900 2426/5563/4875 2427/5562/4874
f 2349/3759/3520 2427/5562/4874 323/3761/3522
f 2348/3760/3521 5632/5590/4900 2349/3759/3520
f 5626/5586/4896 2348/3760/3521 2347/3758/3519
f 5636/5599/4908 5638/5600/4909 5635/5601/4910
f 5637/5602/4911 5639/5603/4912 5636/5599/4908
f 5638/5600/4909 5642/5604/4913 5641/5605/4914
f 5639/5603/4912 5643/5606/4915 5642/5604/4913
f 2436/5607/4916 2326/4603/4151 329/4510/4086
f 2435/5608/4917 5635/5601/4910 2436/5607/4916
f 2434/5609/4918 5636/5599/4908 2435/5608/4917
f 345/5610/4919 5637/5602/4911 2434/5609/4918
f 2374/5611/4865 5640/5612/4920 5637/5602/4911
f 5640/5612/4920 2376/5613/4921 5643/5606/4915
f 5643/5606/4915 346/5580/4891 2428/5579/4890
f 5642/5604/4913 2428/5579/4890 2429/5578/4889
f 5641/5605/4914 2429/5578/4889 2430/5577/4888
f 2328/4604/4152 2430/5577/4888 330/4606/4154
f 2327/4605/4153 5641/5605/4914 2328/4604/4152
f 5635/5601/4910 2327/4605/4153 2326/4603/4151
f 5645/5614/4922 5647/5615/4923 5644/5616/4924
f 5646/5617/4925 5648/5618/4926 5645/5614/4922
f 5647/5615/4923 5651/5619/4927 5650/5620/4928
f 5648/5618/4926 5652/5621/4929 5651/5619/4927
f 2442/5622/4930 2305/5419/4746 336/5337/4689
f 2441/5623/4931 5644/5616/4924 2442/5622/4930
f 2440/5624/4932 5645/5614/4922 2441/5623/4931
f 352/5625/4933 5646/5617/4925 2440/5624/4932
f 2353/5626/4907 5649/5627/4934 5646/5617/4925
f 5649/5627/4934 2355/5628/4935 5652/5621/4929
f 5652/5621/4929 353/5629/4936 2439/5630/4937
f 5651/5619/4927 2439/5630/4937 2438/5631/4938
f 5650/5620/4928 2438/5631/4938 2437/5632/4939
f 2307/5420/4747 2437/5632/4939 337/3663/3439
f 2306/5421/4748 5650/5620/4928 2307/5420/4747
f 5644/5616/4924 2306/5421/4748 2305/5419/4746
f 5654/5633/4940 5656/5634/4941 5653/5635/4942
f 5655/5636/4943 5657/5637/4944 5654/5633/4940
f 5656/5634/4941 5660/5638/4945 5659/5639/4946
f 5657/5637/4944 5661/5640/4947 5660/5638/4945
f 2437/5632/4939 2350/3665/3441 337/3663/3439
f 2438/5631/4938 5653/5635/4942 2437/5632/4939
f 2439/5630/4937 5654/5633/4940 2438/5631/4938
f 353/5629/4936 5655/5636/4943 2439/5630/4937
f 2398/5641/4879 5658/5642/4948 5655/5636/4943
f 5658/5642/4948 2400/5643/4949 5661/5640/4947
f 5661/5640/4947 338/5595/4905 2431/5594/4904
f 5660/5638/4945 2431/5594/4904 2432/5593/4903
f 5659/5639/4946 2432/5593/4903 2433/5592/4902
f 2352/3666/3442 2433/5592/4902 322/3668/3444
f 2351/3667/3443 5659/5639/4946 2352/3666/3442
f 5653/5635/4942 2351/3667/3443 2350/3665/3441
f 5663/5644/4950 5665/5645/4951 5662/5646/4952
f 5664/5647/4953 5666/5648/4954 5663/5644/4950
f 5665/5645/4951 5669/5649/4955 5668/5650/4956
f 5666/5648/4954 5670/5651/4957 5669/5649/4955
f 2445/5652/4958 2329/4507/4083 328/4439/4032
f 2444/5653/4959 5662/5646/4952 2445/5652/4958
f 2443/5654/4960 5663/5644/4950 2444/5653/4959
f 344/5655/4961 5664/5647/4953 2443/5654/4960
f 2377/5656/4893 5667/5657/4962 5664/5647/4953
f 5667/5657/4962 2379/5658/4782 5670/5651/4957
f 5670/5651/4957 345/5610/4919 2434/5609/4918
f 5669/5649/4955 2434/5609/4918 2435/5608/4917
f 5668/5650/4956 2435/5608/4917 2436/5607/4916
f 2331/4508/4084 2436/5607/4916 329/4510/4086
f 2330/4509/4085 5668/5650/4956 2331/4508/4084
f 5662/5646/4952 2330/4509/4085 2329/4507/4083
f 5672/5659/4963 5674/5660/4964 5671/5661/4965
f 5673/5662/4966 5675/5663/4967 5672/5659/4963
f 5674/5660/4964 5678/5664/4968 5677/5665/4969
f 5675/5663/4967 5679/5666/4970 5678/5664/4968
f 2448/5667/4971 2308/5334/4686 335/5165/4561
f 2447/5668/4972 5671/5661/4965 2448/5667/4971
f 2446/5669/4973 5672/5659/4963 2447/5668/4972
f 351/5670/4974 5673/5662/4966 2446/5669/4973
f 2356/5671/4949 5676/5672/4975 5673/5662/4966
f 5676/5672/4975 2358/5673/4801 5679/5666/4970
f 5679/5666/4970 352/5625/4933 2440/5624/4932
f 5678/5664/4968 2440/5624/4932 2441/5623/4931
f 5677/5665/4969 2441/5623/4931 2442/5622/4930
f 2310/5335/4687 2442/5622/4930 336/5337/4689
f 2309/5674/4688 5677/5665/4969 2310/5335/4687
f 5671/5661/4965 2309/5674/4688 2308/5334/4686
f 5681/5675/4976 5683/5676/4977 5680/5677/4978
f 5682/5678/4979 5684/5679/4980 5681/5675/4976
f 5683/5676/4977 5687/5680/4981 5686/5681/4982
f 5684/5679/4980 5688/5682/4983 5687/5680/4981
f 2401/5470/4788 2332/4436/4029 327/4227/3876
f 2402/5469/4787 5680/5677/4978 2401/5470/4788
f 2403/5468/4786 5681/5675/4976 2402/5469/4787
f 343/5467/4785 5682/5678/4979 2403/5468/4786
f 2380/5683/4921 5685/5684/4984 5682/5678/4979
f 5685/5684/4984 2382/5685/4820 5688/5682/4983
f 5688/5682/4983 344/5655/4961 2443/5654/4960
f 5687/5680/4981 2443/5654/4960 2444/5653/4959
f 5686/5681/4982 2444/5653/4959 2445/5652/4958
f 2334/4437/4030 2445/5652/4958 328/4439/4032
f 2333/4438/4031 5686/5681/4982 2334/4437/4030
f 5680/5677/4978 2333/4438/4031 2332/4436/4029
f 5690/5686/4985 5692/5687/4986 5689/5688/4987
f 5691/5689/4988 5693/5690/4989 5690/5686/4985
f 5692/5687/4986 5696/5691/4990 5695/5692/4991
f 5693/5690/4989 5697/5693/4992 5696/5691/4990
f 2407/5489/4807 2311/5162/4558 334/5052/4493
f 2408/5488/4806 5689/5688/4987 2407/5489/4807
f 2409/5487/4805 5690/5686/4985 2408/5488/4806
f 350/5486/4804 5691/5689/4988 2409/5487/4805
f 2359/5694/4935 5694/5695/4993 5691/5689/4988
f 5694/5695/4993 2361/5696/4994 5697/5693/4992
f 5697/5693/4992 351/5670/4974 2446/5669/4973
f 5696/5691/4990 2446/5669/4973 2447/5668/4972
f 5695/5692/4991 2447/5668/4972 2448/5667/4971
f 2313/5163/4559 2448/5667/4971 335/5165/4561
f 2312/5164/4560 5695/5692/4991 2313/5163/4559
f 5689/5688/4987 2312/5164/4560 2311/5162/4558
f 5700/5697/4995 5730/5698/4995 5699/5699/4995
f 5702/5700/4995 5700/5697/4995 5701/5701/4995
f 5704/5702/4995 5702/5700/4995 5703/5703/4995
f 5706/5704/4995 5704/5702/4995 5705/5705/4995
f 5708/5706/4995 5706/5704/4995 5707/5707/4995
f 5710/5708/4995 5708/5706/4995 5709/5709/4995
f 5712/5710/4995 5710/5708/4995 5711/5711/4995
f 5714/5712/4995 5712/5710/4995 5713/5713/4995
f 5716/5714/4995 5714/5712/4995 5715/5715/4995
f 5718/5716/4995 5716/5714/4995 5717/5717/4995
f 5720/5718/4995 5718/5716/4995 5719/5719/4995
f 5722/5720/4995 5720/5718/4995 5721/5721/4995
f 5724/5722/4995 5722/5720/4995 5723/5723/4995
f 5726/5724/4995 5724/5722/4995 5725/5725/4995
f 5728/5726/4995 5726/5724/4995 5727/5727/4995
f 5730/5698/4995 5728/5726/4995 5729/5728/4995
f 2358/5673/4801 2353/5626/4907 352/5625/4933
f 2357/5729/4996 5699/5699/4995 2358/5673/4801
f 5699/5699/4995 2354/5730/4997 2353/5626/4907
f 2361/5696/4994 2356/5671/4949 351/5670/4974
f 2360/5731/4998 5701/5701/4995 2361/5696/4994
f 5701/5701/4995 2357/5732/4996 2356/5671/4949
f 2364/5485/4803 2359/5694/4935 350/5486/4804
f 2363/5733/4999 5703/5703/4995 2364/5485/4803
f 5703/5703/4995 2360/5731/4998 2359/5694/4935
f 2367/5734/4837 2362/5483/4801 349/5482/4800
f 2366/5735/5000 5705/5705/4995 2367/5734/4837
f 5705/5705/4995 2363/5733/4999 2362/5483/4801
f 2370/5553/4865 2365/5736/4835 348/5516/4834
f 2369/5737/5001 5707/5707/4995 2370/5553/4865
f 5707/5707/4995 2366/5735/5000 2365/5736/4835
f 2373/5583/4893 2368/5551/4803 347/5550/4863
f 2372/5738/5002 5709/5709/4995 2373/5583/4893
f 5709/5709/4995 2369/5737/5001 2368/5551/4803
f 2376/5613/4921 2371/5581/4837 346/5580/4891
f 2375/5739/5003 5711/5711/4995 2376/5613/4921
f 5711/5711/4995 2372/5738/5002 2371/5581/4837
f 2379/5658/4782 2374/5611/4865 345/5610/4919
f 2378/5740/5004 5713/5713/4995 2379/5658/4782
f 5713/5713/4995 2375/5739/5003 2374/5611/4865
f 2382/5685/4820 2377/5656/4893 344/5655/4961
f 2381/5741/5005 5715/5715/4995 2382/5685/4820
f 5715/5715/4995 2378/5740/5004 2377/5656/4893
f 2385/5466/4784 2380/5683/4921 343/5467/4785
f 2384/5742/5006 5717/5717/4995 2385/5466/4784
f 5717/5717/4995 2381/5741/5005 2380/5683/4921
f 2388/5504/4822 2383/5464/4782 342/5463/4781
f 2387/5743/5007 5719/5719/4995 2388/5504/4822
f 5719/5719/4995 2384/5742/5006 2383/5464/4782
f 2391/5538/4851 2386/5502/4820 341/5501/4819
f 2390/5744/5008 5721/5721/4995 2391/5538/4851
f 5721/5721/4995 2387/5743/5007 2386/5502/4820
f 2394/5568/4879 2389/5536/4784 340/5535/4849
f 2393/5745/5009 5723/5723/4995 2394/5568/4879
f 5723/5723/4995 2390/5744/5008 2389/5536/4784
f 2397/5598/4907 2392/5566/4822 339/5565/4877
f 2396/5746/5010 5725/5725/4995 2397/5598/4907
f 5725/5725/4995 2393/5745/5009 2392/5566/4822
f 2400/5643/4949 2395/5596/4851 338/5595/4905
f 2399/5747/5011 5727/5727/4995 2400/5643/4949
f 5727/5727/4995 2396/5746/5010 2395/5596/4851
f 2355/5628/4935 2398/5641/4879 353/5629/4936
f 2354/5730/4997 5729/5728/4995 2355/5628/4935
f 5729/5728/4995 2399/5747/5011 2398/5641/4879
f 5732/5748/5012 5734/5749/5013 5731/5750/5014
f 5733/5751/5015 5735/5752/5016 5732/5748/5012
f 5734/5749/5013 5738/5753/5017 5737/5754/5018
f 5735/5752/5016 5739/5755/5019 5738/5753/5017
f 2499/5756/5020 2238/5220/4600 357/3995/3700
f 2498/5757/5021 5731/5750/5014 2499/5756/5020
f 2497/5758/5022 5732/5748/5012 2498/5757/5021
f 2497/5758/5022 1239/5759/5023 5733/5751/5015
f 1239/5759/5023 5736/5760/5024 5733/5751/5015
f 5736/5760/5024 1237/5761/5025 5739/5755/5019
f 1237/5761/5025 2520/5762/5026 5739/5755/5019
f 5738/5753/5017 2520/5762/5026 2519/5763/5027
f 5737/5754/5018 2519/5763/5027 2518/5764/5028
f 2236/5222/4602 2518/5764/5028 356/3720/3481
f 2237/5765/5029 5737/5754/5018 2236/5222/4602
f 5731/5750/5014 2237/5765/5029 2238/5220/4600
f 5741/5766/5030 5743/5767/5031 5740/5768/5032
f 5742/5769/5033 5744/5770/5034 5741/5766/5030
f 5743/5767/5031 5747/5771/5035 5746/5772/5036
f 5744/5770/5034 5748/5773/5037 5747/5771/5035
f 2505/5774/5038 2172/4209/3858 318/4208/3857
f 2504/5775/5039 5740/5768/5032 2505/5774/5038
f 2503/5776/5040 5741/5766/5030 2504/5775/5039
f 2503/5776/5040 1203/5777/5041 5742/5769/5033
f 1203/5777/5041 5745/5778/5042 5742/5769/5033
f 5745/5778/5042 1201/5779/5043 5748/5773/5037
f 1201/5779/5043 2541/5780/5044 5748/5773/5037
f 5747/5771/5035 2541/5780/5044 2540/5781/5045
f 5746/5772/5036 2540/5781/5045 2539/5782/5046
f 2170/4211/3860 2539/5782/5046 368/4212/3861
f 2171/5783/5047 5746/5772/5036 2170/4211/3860
f 5740/5768/5032 2171/5783/5047 2172/4209/3858
f 5750/5784/5048 5752/5785/5049 5749/5786/5050
f 5751/5787/5051 5753/5788/5052 5750/5784/5048
f 5752/5785/5049 5756/5789/5053 5755/5790/5054
f 5753/5788/5052 5757/5791/5055 5756/5789/5053
f 2502/5792/5056 2217/4555/4119 364/4554/4118
f 2501/5793/5057 5749/5786/5050 2502/5792/5056
f 2500/5794/5058 5750/5784/5048 2501/5793/5057
f 2500/5794/5058 1218/5795/5059 5751/5787/5051
f 1218/5795/5059 5754/5796/5060 5751/5787/5051
f 5754/5796/5060 1216/5797/5061 5757/5791/5055
f 1216/5797/5061 2511/5798/5062 5757/5791/5055
f 5756/5789/5053 2511/5798/5062 2510/5799/5063
f 5755/5790/5054 2510/5799/5063 2509/5800/5064
f 2215/4557/4121 2509/5800/5064 363/3926/3643
f 2216/5801/5065 5755/5790/5054 2215/4557/4121
f 5749/5786/5050 2216/5801/5065 2217/4555/4119
f 5759/5802/5066 5761/5803/5067 5758/5804/5068
f 5760/5805/5069 5762/5806/5070 5759/5802/5066
f 5761/5803/5067 5765/5807/5071 5764/5808/5072
f 5762/5806/5070 5766/5809/5073 5765/5807/5071
f 2539/5782/5046 2196/4652/4188 368/4212/3861
f 2540/5781/5045 5758/5804/5068 2539/5782/5046
f 2541/5780/5044 5759/5802/5066 2540/5781/5045
f 2541/5780/5044 1206/5810/5074 5760/5805/5069
f 1206/5810/5074 5763/5811/5075 5760/5805/5069
f 5763/5811/5075 1204/5812/5076 5766/5809/5073
f 1204/5812/5076 2526/5813/5077 5766/5809/5073
f 5765/5807/5071 2526/5813/5077 2525/5814/5078
f 5764/5808/5072 2525/5814/5078 2524/5815/5079
f 2194/4654/4190 2524/5815/5079 367/4655/4191
f 2195/5816/5080 5764/5808/5072 2194/4654/4190
f 5758/5804/5068 2195/5816/5080 2196/4652/4188
f 5768/5817/5081 5770/5818/5082 5767/5819/5083
f 5769/5820/5084 5771/5821/5085 5768/5817/5081
f 5770/5818/5082 5774/5822/5086 5773/5823/5087
f 5771/5821/5085 5775/5824/5088 5774/5822/5086
f 2518/5764/5028 2239/3721/3482 356/3720/3481
f 2519/5763/5027 5767/5819/5083 2518/5764/5028
f 2520/5762/5026 5768/5817/5081 2519/5763/5027
f 2520/5762/5026 1240/5825/5089 5769/5820/5084
f 1240/5825/5089 5772/5826/5090 5769/5820/5084
f 5772/5826/5090 1242/5827/5091 5775/5824/5088
f 1242/5827/5091 2514/5828/5092 5775/5824/5088
f 5774/5822/5086 2514/5828/5092 2513/5829/5093
f 5773/5823/5087 2513/5829/5093 2512/5830/5094
f 2241/3723/3484 2512/5830/5094 355/3724/3485
f 2240/5831/5095 5773/5823/5087 2241/3723/3484
f 5767/5819/5083 2240/5831/5095 2239/3721/3482
f 5777/5832/5096 5779/5833/5097 5776/5834/5098
f 5778/5835/5099 5780/5836/5100 5777/5832/5096
f 5779/5833/5097 5783/5837/5101 5782/5838/5102
f 5780/5836/5100 5784/5839/5103 5783/5837/5101
f 2509/5800/5064 2218/3927/3644 363/3926/3643
f 2510/5799/5063 5776/5834/5098 2509/5800/5064
f 2511/5798/5062 5777/5832/5096 2510/5799/5063
f 2511/5798/5062 1219/5840/5104 5778/5835/5099
f 1219/5840/5104 5781/5841/5105 5778/5835/5099
f 5781/5841/5105 1221/5842/5106 5784/5839/5103
f 1221/5842/5106 2517/5843/5107 5784/5839/5103
f 5783/5837/5101 2517/5843/5107 2516/5844/5108
f 5782/5838/5102 2516/5844/5108 2515/5845/5109
f 2220/3929/3646 2515/5845/5109 362/3930/3647
f 2219/5846/5110 5782/5838/5102 2220/3929/3646
f 5776/5834/5098 2219/5846/5110 2218/3927/3644
f 5786/5847/5111 5788/5848/5112 5785/5849/5113
f 5787/5850/5114 5789/5851/5115 5786/5847/5111
f 5788/5848/5112 5792/5852/5116 5791/5853/5117
f 5789/5851/5115 5793/5854/5118 5792/5852/5116
f 2512/5830/5094 2242/5115/4529 355/3724/3485
f 2513/5829/5093 5785/5849/5113 2512/5830/5094
f 2514/5828/5092 5786/5847/5111 2513/5829/5093
f 2514/5828/5092 1243/5855/5119 5787/5850/5114
f 1243/5855/5119 5790/5856/5120 5787/5850/5114
f 5790/5856/5120 1245/5857/5121 5793/5854/5118
f 1245/5857/5121 2544/5858/5122 5793/5854/5118
f 5792/5852/5116 2544/5858/5122 2543/5859/5123
f 5791/5853/5117 2543/5859/5123 2542/5860/5124
f 2244/5117/4531 2542/5860/5124 354/5118/4532
f 2243/5861/5125 5791/5853/5117 2244/5117/4531
f 5785/5849/5113 2243/5861/5125 2242/5115/4529
f 5795/5862/5126 5797/5863/5127 5794/5864/5128
f 5796/5865/5129 5798/5866/5130 5795/5862/5126
f 5797/5863/5127 5801/5867/5131 5800/5868/5132
f 5798/5866/5130 5802/5869/5133 5801/5867/5131
f 2515/5845/5109 2221/4379/3984 362/3930/3647
f 2516/5844/5108 5794/5864/5128 2515/5845/5109
f 2517/5843/5107 5795/5862/5126 2516/5844/5108
f 2517/5843/5107 1222/5870/5134 5796/5865/5129
f 1222/5870/5134 5799/5871/5135 5796/5865/5129
f 5799/5871/5135 1224/5872/5136 5802/5869/5133
f 1224/5872/5136 2508/5873/5137 5802/5869/5133
f 5801/5867/5131 2508/5873/5137 2507/5874/5138
f 5800/5868/5132 2507/5874/5138 2506/5875/5139
f 2223/4381/3986 2506/5875/5139 361/3818/3563
f 2222/5876/5140 5800/5868/5132 2223/4381/3986
f 5794/5864/5128 2222/5876/5140 2221/4379/3984
f 5804/5877/5141 5806/5878/5142 5803/5879/5143
f 5805/5880/5144 5807/5881/5145 5804/5877/5141
f 5806/5878/5142 5810/5882/5146 5809/5883/5147
f 5807/5881/5145 5811/5884/5148 5810/5882/5146
f 2542/5860/5124 2247/5269/4637 354/5118/4532
f 2543/5859/5123 5803/5879/5143 2542/5860/5124
f 2544/5858/5122 5804/5877/5141 2543/5859/5123
f 2544/5858/5122 1248/5885/5149 5805/5880/5144
f 1248/5885/5149 5808/5886/5150 5805/5880/5144
f 5808/5886/5150 1246/5887/5151 5811/5884/5148
f 1246/5887/5151 2503/5776/5040 5811/5884/5148
f 5810/5882/5146 2503/5776/5040 2504/5775/5039
f 5809/5883/5147 2504/5775/5039 2505/5774/5038
f 2245/5271/4639 2505/5774/5038 318/4208/3857
f 2246/5888/5152 5809/5883/5147 2245/5271/4639
f 5803/5879/5143 2246/5888/5152 2247/5269/4637
f 5813/5889/5153 5815/5890/5154 5812/5891/5155
f 5814/5892/5156 5816/5893/5157 5813/5889/5153
f 5815/5890/5154 5819/5894/5158 5818/5895/5159
f 5816/5893/5157 5820/5896/5160 5819/5894/5158
f 2506/5875/5139 2226/5897/3564 361/3818/3563
f 2507/5874/5138 5812/5891/5155 2506/5875/5139
f 2508/5873/5137 5813/5889/5153 2507/5874/5138
f 2508/5873/5137 1227/5898/5161 5814/5892/5156
f 5814/5892/5156 1226/5899/5162 5817/5900/5163
f 1226/5899/5162 5820/5896/5160 5817/5900/5163
f 1225/5901/5164 2529/5902/5165 5820/5896/5160
f 5819/5894/5158 2529/5902/5165 2528/5903/5166
f 5818/5895/5159 2528/5903/5166 2527/5904/5167
f 2224/5905/3566 2527/5904/5167 360/5906/3567
f 2225/5907/5168 5818/5895/5159 2224/5905/3566
f 5812/5891/5155 2225/5907/5168 2226/5897/3564
f 5822/5908/5169 5824/5909/5170 5821/5910/5171
f 5823/5911/5172 5825/5912/5173 5822/5908/5169
f 5824/5909/5170 5828/5913/5174 5827/5914/5175
f 5825/5912/5173 5829/5915/5176 5828/5913/5174
f 2527/5916/5167 2229/4283/3916 360/3822/3567
f 2528/5917/5166 5821/5910/5171 2527/5916/5167
f 2529/5918/5165 5822/5908/5169 2528/5917/5166
f 2529/5918/5165 1230/5919/5177 5823/5911/5172
f 5823/5911/5172 1229/5920/5178 5826/5921/5179
f 1229/5920/5178 5829/5915/5176 5826/5921/5179
f 1228/5922/5180 2523/5923/5181 5829/5915/5176
f 5828/5913/5174 2523/5923/5181 2522/5924/5182
f 5827/5914/5175 2522/5924/5182 2521/5925/5183
f 2227/4285/3918 2521/5925/5183 359/4286/3919
f 2228/5926/5184 5827/5914/5175 2227/4285/3918
f 5821/5910/5171 2228/5926/5184 2229/4283/3916
f 5831/5927/5185 5833/5928/5186 5830/5929/5187
f 5832/5930/5188 5834/5931/5189 5831/5927/5185
f 5833/5928/5186 5837/5932/5190 5836/5933/5191
f 5834/5931/5189 5838/5934/5192 5837/5932/5190
f 2524/5815/5079 2206/5015/4462 367/4655/4191
f 2525/5814/5078 5830/5929/5187 2524/5815/5079
f 2526/5813/5077 5831/5927/5185 2525/5814/5078
f 2526/5813/5077 1207/5935/5193 5832/5930/5188
f 1207/5935/5193 5835/5936/5194 5832/5930/5188
f 5835/5936/5194 1209/5937/5195 5838/5934/5192
f 1209/5937/5195 2532/5938/5196 5838/5934/5192
f 5837/5932/5190 2532/5938/5196 2531/5939/5197
f 5836/5933/5191 2531/5939/5197 2530/5940/5198
f 2208/5017/4464 2530/5940/5198 366/4746/4266
f 2207/5941/5199 5836/5933/5191 2208/5017/4464
f 5830/5929/5187 2207/5941/5199 2206/5015/4462
f 5840/5942/5200 5842/5943/5201 5839/5944/5202
f 5841/5945/5203 5843/5946/5204 5840/5942/5200
f 5842/5943/5201 5846/5947/5205 5845/5948/5206
f 5843/5946/5204 5847/5949/5207 5846/5947/5205
f 2521/5925/5183 2230/5449/4767 359/4286/3919
f 2522/5924/5182 5839/5944/5202 2521/5925/5183
f 2523/5923/5181 5840/5942/5200 2522/5924/5182
f 151/5950/5208 5841/5945/5203 2523/5923/5181
f 1231/5951/5209 5844/5952/5210 5841/5945/5203
f 5844/5952/5210 1233/5953/5211 5847/5949/5207
f 1233/5953/5211 2535/5954/5212 5847/5949/5207
f 5846/5947/5205 2535/5954/5212 2534/5955/5213
f 5845/5948/5206 2534/5955/5213 2533/5956/5214
f 2232/5451/4769 2533/5956/5214 358/3991/3696
f 2231/5957/5215 5845/5948/5206 2232/5451/4769
f 5839/5944/5202 2231/5957/5215 2230/5449/4767
f 5849/5958/5216 5851/5959/5217 5848/5960/5218
f 5850/5961/5219 5852/5962/5220 5849/5958/5216
f 5851/5959/5217 5855/5963/5221 5854/5964/5222
f 5852/5962/5220 5856/5965/5223 5855/5963/5221
f 2530/5940/5198 2209/4747/4267 366/4746/4266
f 2531/5939/5197 5848/5960/5218 2530/5940/5198
f 2532/5938/5196 5849/5958/5216 2531/5939/5197
f 2532/5938/5196 1210/5966/5224 5850/5961/5219
f 1210/5966/5224 5853/5967/5225 5850/5961/5219
f 5853/5967/5225 1212/5968/5226 5856/5965/5223
f 1212/5968/5226 2538/5969/5227 5856/5965/5223
f 5855/5963/5221 2538/5969/5227 2537/5970/5228
f 5854/5964/5222 2537/5970/5228 2536/5971/5229
f 2211/4749/4269 2536/5971/5229 365/4750/4270
f 2210/5972/5230 5854/5964/5222 2211/4749/4269
f 5848/5960/5218 2210/5972/5230 2209/4747/4267
f 5858/5973/5231 5860/5974/5232 5857/5975/5233
f 5859/5976/5234 5861/5977/5235 5858/5973/5231
f 5860/5974/5232 5864/5978/5236 5863/5979/5237
f 5861/5977/5235 5865/5980/5238 5864/5978/5236
f 2533/5956/5214 2233/3992/3697 358/3991/3696
f 2534/5955/5213 5857/5975/5233 2533/5956/5214
f 2535/5954/5212 5858/5973/5231 2534/5955/5213
f 2535/5954/5212 1234/5981/5239 5859/5976/5234
f 1234/5981/5239 5862/5982/5240 5859/5976/5234
f 5862/5982/5240 1236/5983/5241 5865/5980/5238
f 1236/5983/5241 2497/5758/5022 5865/5980/5238
f 5864/5978/5236 2497/5758/5022 2498/5757/5021
f 5863/5979/5237 2498/5757/5021 2499/5756/5020
f 2235/3994/3699 2499/5756/5020 357/3995/3700
f 2234/5984/5242 5863/5979/5237 2235/3994/3699
f 5857/5975/5233 2234/5984/5242 2233/3992/3697
f 5867/5985/5243 5869/5986/5244 5866/5987/5245
f 5868/5988/5246 5870/5989/5247 5867/5985/5243
f 5869/5986/5244 5873/5990/5248 5872/5991/5249
f 5870/5989/5247 5874/5992/5250 5873/5990/5248
f 2536/5971/5229 2214/4823/4331 365/4750/4270
f 2537/5970/5228 5866/5987/5245 2536/5971/5229
f 2538/5969/5227 5867/5985/5243 2537/5970/5228
f 2538/5969/5227 1215/5993/5251 5868/5988/5246
f 1215/5993/5251 5871/5994/5252 5868/5988/5246
f 5871/5994/5252 1213/5995/5253 5874/5992/5250
f 1213/5995/5253 2500/5996/5058 5874/5992/5250
f 5873/5990/5248 2500/5996/5058 2501/5997/5057
f 5872/5991/5249 2501/5997/5057 2502/5998/5056
f 2212/4825/4333 2502/5998/5056 364/4826/4118
f 2213/5999/5254 5872/5991/5249 2212/4825/4333
f 5866/5987/5245 2213/5999/5254 2214/4823/4331
f 5875/6000/5255 5879/6001/5256 5878/6002/5257
f 5877/6003/5258 5879/6001/5256 5876/6004/5259
f 5878/6002/5257 5882/6005/5260 5881/6006/5261
f 5880/6007/5262 5882/6005/5260 5879/6001/5256
f 154/6008/5263 5875/6000/5255 2557/6009/5264
f 1220/6010/5265 5875/6000/5255 1221/6011/5106
f 1219/6012/5104 5876/6004/5259 1220/6010/5265
f 155/6013/5266 5877/6003/5258 1219/6012/5104
f 1584/6014/5267 5880/6007/5262 5877/6003/5258
f 1583/6015/5268 5883/6016/5269 5880/6007/5262
f 1582/6017/5270 2593/3375/3183 5883/6016/5269
f 5883/6016/5269 2594/3376/3184 5882/6005/5260
f 5881/6006/5261 2594/3376/3184 2595/3374/3182
f 2559/6018/5271 2595/3374/3182 373/2493/2405
f 2558/6019/5272 5881/6006/5261 2559/6018/5271
f 2557/6009/5264 5878/6002/5257 2558/6019/5272
f 5884/6020/5273 5888/6021/5274 5887/6022/5275
f 5886/6023/5276 5888/6021/5274 5885/6024/5277
f 5887/6022/5275 5891/6025/5278 5890/6026/5279
f 5889/6027/5280 5891/6025/5278 5888/6021/5274
f 155/6013/5266 5884/6020/5273 1584/6014/5267
f 1217/6028/5281 5884/6020/5273 1216/6029/5061
f 1218/6030/5059 5885/6024/5277 1217/6028/5281
f 156/6031/5282 5886/6023/5276 1218/6030/5059
f 1581/6032/5283 5889/6027/5280 5886/6023/5276
f 1580/6033/5284 5892/6034/5285 5889/6027/5280
f 1579/6035/5286 2596/3348/3160 5892/6034/5285
f 5892/6034/5285 2597/3349/3161 5891/6025/5278
f 5890/6026/5279 2597/3349/3161 2598/3347/3159
f 1582/6017/5270 2598/3347/3159 384/3345/3157
f 1583/6015/5268 5890/6026/5279 1582/6017/5270
f 1584/6014/5267 5887/6022/5275 1583/6015/5268
f 5893/6036/5287 5897/6037/5288 5896/6038/5289
f 5895/6039/5290 5897/6037/5288 5894/6040/5291
f 5896/6038/5289 5900/6041/5292 5899/6042/5293
f 5898/6043/5294 5900/6041/5292 5897/6037/5288
f 156/6031/5282 5893/6036/5287 1581/6032/5283
f 1214/6044/5295 5893/6036/5287 1213/6045/5253
f 1215/6046/5251 5894/6040/5291 1214/6044/5295
f 157/6047/5296 5895/6039/5290 1215/6046/5251
f 1575/6048/5297 5898/6043/5294 5895/6039/5290
f 1574/6049/5298 5901/6050/5299 5898/6043/5294
f 1573/6051/5300 2599/3317/3135 5901/6050/5299
f 5901/6050/5299 2600/3318/3136 5900/6041/5292
f 5899/6042/5293 2600/3318/3136 2601/3316/3134
f 1579/6035/5286 2601/3316/3134 383/3314/3132
f 1580/6033/5284 5899/6042/5293 1579/6035/5286
f 1581/6032/5283 5896/6038/5289 1580/6033/5284
f 5902/6052/5301 5906/6053/5302 5905/6054/5303
f 5904/6055/5304 5906/6053/5302 5903/6056/5305
f 5905/6054/5303 5909/6057/5306 5908/6058/5307
f 5907/6059/5308 5909/6057/5306 5906/6053/5302
f 157/6047/5296 5902/6052/5301 1575/6048/5297
f 1211/6060/5309 5902/6052/5301 1212/6061/5226
f 1210/6062/5224 5903/6056/5305 1211/6060/5309
f 158/6063/5310 5904/6055/5304 1210/6062/5224
f 1569/6064/5311 5907/6059/5308 5904/6055/5304
f 1568/6065/5312 5910/6066/5313 5907/6059/5308
f 1567/6067/5314 2602/3285/3107 5910/6066/5313
f 5910/6066/5313 2603/3286/3108 5909/6057/5306
f 5908/6058/5307 2603/3286/3108 2604/3284/3106
f 1573/6051/5300 2604/3284/3106 382/3282/3104
f 1574/6049/5298 5908/6058/5307 1573/6051/5300
f 1575/6048/5297 5905/6054/5303 1574/6049/5298
f 5911/6068/5315 5915/6069/5316 5914/6070/5317
f 5913/6071/5318 5915/6069/5316 5912/6072/5319
f 5914/6070/5317 5918/6073/5320 5917/6074/5321
f 5916/6075/5322 5918/6073/5320 5915/6069/5316
f 158/6063/5310 5911/6068/5315 1569/6064/5311
f 1208/6076/5323 5911/6068/5315 1209/6077/5195
f 1207/6078/5193 5912/6072/5319 1208/6076/5323
f 159/6079/5324 5913/6071/5318 1207/6078/5193
f 1563/6080/5325 5916/6075/5322 5913/6071/5318
f 1562/6081/5326 5919/6082/5327 5916/6075/5322
f 1561/6083/5328 2605/3250/3079 5919/6082/5327
f 5919/6082/5327 2606/3251/3080 5918/6073/5320
f 5917/6074/5321 2606/3251/3080 2607/3249/3078
f 1567/6067/5314 2607/3249/3078 381/3247/3076
f 1568/6065/5312 5917/6074/5321 1567/6067/5314
f 1569/6064/5311 5914/6070/5317 1568/6065/5312
f 5920/6084/5329 5924/6085/5330 5923/6086/5331
f 5922/6087/5332 5924/6085/5330 5921/6088/5333
f 5923/6086/5331 5927/6089/5334 5926/6090/5335
f 5925/6091/5336 5927/6089/5334 5924/6085/5330
f 145/6092/5337 5920/6084/5329 2569/6093/5338
f 1247/6094/5339 5920/6084/5329 1246/6095/5151
f 1248/6096/5149 5921/6088/5333 1247/6094/5339
f 146/6097/5340 5922/6087/5332 1248/6096/5149
f 1560/6098/5341 5925/6091/5336 5922/6087/5332
f 1559/6099/5342 5928/6100/5343 5925/6091/5336
f 1558/6101/5344 2608/3232/3065 5928/6100/5343
f 5928/6100/5343 2609/3233/3066 5927/6089/5334
f 5926/6090/5335 2609/3233/3066 2610/3231/3064
f 2571/6102/5345 2610/3231/3064 377/3145/2993
f 2570/6103/5346 5926/6090/5335 2571/6102/5345
f 2569/6093/5338 5923/6086/5331 2570/6103/5346
f 5929/6104/5347 5933/6105/5348 5932/6106/5349
f 5931/6107/5350 5933/6105/5348 5930/6108/5351
f 5932/6106/5349 5936/6109/5352 5935/6110/5353
f 5934/6111/5354 5936/6109/5352 5933/6105/5348
f 159/6079/5324 5929/6104/5347 1563/6080/5325
f 1204/6112/5076 5930/6108/5351 5929/6104/5347
f 1206/6113/5074 5930/6108/5351 1205/6114/5355
f 160/6115/5356 5931/6107/5350 1206/6113/5074
f 1554/6116/5357 5934/6111/5354 5931/6107/5350
f 1553/6117/5358 5937/6118/5359 5934/6111/5354
f 1552/6119/5360 2611/3202/3039 5937/6118/5359
f 5937/6118/5359 2612/3203/3040 5936/6109/5352
f 5935/6110/5353 2612/3203/3040 2613/3201/3038
f 1561/6083/5328 2613/3201/3038 380/3199/3036
f 1562/6081/5326 5935/6110/5353 1561/6083/5328
f 1563/6080/5325 5932/6106/5349 1562/6081/5326
f 5938/6120/5361 5942/6121/5362 5941/6122/5363
f 5940/6123/5364 5942/6121/5362 5939/6124/5365
f 5941/6122/5363 5945/6125/5366 5944/6126/5367
f 5943/6127/5368 5945/6125/5366 5942/6121/5362
f 146/6097/5340 5938/6120/5361 1560/6098/5341
f 1244/6128/5369 5938/6120/5361 1245/6129/5121
f 1243/6130/5119 5939/6124/5365 1244/6128/5369
f 147/6131/5370 5940/6123/5364 1243/6130/5119
f 1548/6132/5371 5943/6127/5368 5940/6123/5364
f 1547/6133/5372 5946/6134/5373 5943/6127/5368
f 1546/6135/5374 2614/3182/3023 5946/6134/5373
f 5946/6134/5373 2615/3183/3024 5945/6125/5366
f 5944/6126/5367 2615/3183/3024 2616/3181/3022
f 1558/6101/5344 2616/3181/3022 379/3179/3020
f 1559/6099/5342 5944/6126/5367 1558/6101/5344
f 1560/6098/5341 5941/6122/5363 1559/6099/5342
f 5947/6136/5375 5951/6137/5376 5950/6138/5377
f 5949/6139/5378 5951/6137/5376 5948/6140/5379
f 5950/6138/5377 5954/6141/5380 5953/6142/5381
f 5952/6143/5382 5954/6141/5380 5951/6137/5376
f 160/6115/5356 5947/6136/5375 1554/6116/5357
f 1201/6144/5043 5948/6140/5379 5947/6136/5375
f 1203/6145/5041 5948/6140/5379 1202/6146/5383
f 145/6092/5337 5949/6139/5378 1203/6145/5041
f 2569/6093/5338 5952/6143/5382 5949/6139/5378
f 2570/6103/5346 5955/6147/5384 5952/6143/5382
f 2571/6102/5345 2617/3143/2991 5955/6147/5384
f 5955/6147/5384 2618/3144/2992 5954/6141/5380
f 5953/6142/5381 2618/3144/2992 2619/3142/2990
f 1552/6119/5360 2619/3142/2990 378/3140/2988
f 1553/6117/5358 5953/6142/5381 1552/6119/5360
f 1554/6116/5357 5950/6138/5377 1553/6117/5358
f 5956/6148/5385 5960/6149/5386 5959/6150/5387
f 5958/6151/5388 5960/6149/5386 5957/6152/5389
f 5959/6150/5387 5963/6153/5390 5962/6154/5391
f 5961/6155/5392 5963/6153/5390 5960/6149/5386
f 147/6131/5370 5956/6148/5385 1548/6132/5371
f 1241/6156/5393 5956/6148/5385 1242/6157/5091
f 1240/6158/5089 5957/6152/5389 1241/6156/5393
f 148/6159/5394 5958/6151/5388 1240/6158/5089
f 1542/6160/5395 5961/6155/5392 5958/6151/5388
f 1541/6161/5396 5964/6162/5397 5961/6155/5392
f 1540/6163/5398 2620/3123/2975 5964/6162/5397
f 5964/6162/5397 2621/3124/2976 5963/6153/5390
f 5962/6154/5391 2621/3124/2976 2622/3122/2974
f 1546/6135/5374 2622/3122/2974 376/3120/2972
f 1547/6133/5372 5962/6154/5391 1546/6135/5374
f 1548/6132/5371 5959/6150/5387 1547/6133/5372
f 5965/6164/5399 5969/6165/5400 5968/6166/5401
f 5967/6167/5402 5969/6165/5400 5966/6168/5403
f 5968/6166/5401 5972/6169/5404 5971/6170/5405
f 5970/6171/5406 5972/6169/5404 5969/6165/5400
f 153/6172/5407 5965/6164/5399 1296/6173/5408
f 1224/6174/5136 5966/6168/5403 5965/6164/5399
f 1222/6175/5134 5966/6168/5403 1223/6176/5409
f 154/6008/5263 5967/6167/5402 1222/6175/5134
f 2557/6009/5264 5970/6171/5406 5967/6167/5402
f 2558/6019/5272 5973/6177/5410 5970/6171/5406
f 2559/6018/5271 2623/2491/2403 5973/6177/5410
f 5973/6177/5410 2624/2492/2404 5972/6169/5404
f 5971/6170/5405 2624/2492/2404 2625/2490/2402
f 1294/6178/5411 2625/2490/2402 372/2429/2345
f 1295/6179/5412 5971/6170/5405 1294/6178/5411
f 1296/6173/5408 5968/6166/5401 1295/6179/5412
f 5974/6180/5413 5978/6181/5414 5977/6182/5415
f 5976/6183/5416 5978/6181/5414 5975/6184/5417
f 5977/6182/5415 5981/6185/5418 5980/6186/5419
f 5979/6187/5420 5981/6185/5418 5978/6181/5414
f 152/6188/5421 5974/6180/5413 1284/6189/5422
f 1225/6190/5164 5975/6184/5417 5974/6180/5413
f 1227/6191/5161 5975/6184/5417 1226/6192/5162
f 153/6172/5407 5976/6183/5416 1227/6191/5161
f 1296/6173/5408 5979/6187/5420 5976/6183/5416
f 1295/6179/5412 5982/6193/5423 5979/6187/5420
f 1294/6178/5411 2626/2427/2343 5982/6193/5423
f 5982/6193/5423 2627/2428/2344 5981/6185/5418
f 5980/6186/5419 2627/2428/2344 2628/2426/2342
f 1282/6194/5424 2628/2426/2342 371/2369/2285
f 1283/6195/5425 5980/6186/5419 1282/6194/5424
f 1284/6189/5422 5977/6182/5415 1283/6195/5425
f 5983/6196/5426 5987/6197/5427 5986/6198/5428
f 5985/6199/5429 5987/6197/5427 5984/6200/5430
f 5986/6198/5428 5990/6201/5431 5989/6202/5432
f 5988/6203/5433 5990/6201/5431 5987/6197/5427
f 151/6204/5208 5983/6196/5426 1272/6205/5434
f 1228/6206/5180 5984/6200/5430 5983/6196/5426
f 1230/6207/5177 5984/6200/5430 1229/6208/5178
f 152/6188/5421 5985/6199/5429 1230/6207/5177
f 1284/6189/5422 5988/6203/5433 5985/6199/5429
f 1283/6195/5425 5991/6209/5435 5988/6203/5433
f 1282/6194/5424 2629/2367/2283 5991/6209/5435
f 5991/6209/5435 2630/2368/2284 5990/6201/5431
f 5989/6202/5432 2630/2368/2284 2631/2366/2282
f 1270/6210/5436 2631/2366/2282 370/2305/2221
f 1271/6211/5437 5989/6202/5432 1270/6210/5436
f 1272/6205/5434 5986/6198/5428 1271/6211/5437
f 5992/6212/5438 5996/6213/5439 5995/6214/5440
f 5994/6215/5441 5996/6213/5439 5993/6216/5442
f 5995/6214/5440 5999/6217/5443 5998/6218/5444
f 5997/6219/5445 5999/6217/5443 5996/6213/5439
f 150/6220/5446 5992/6212/5438 1257/6221/5447
f 1232/6222/5448 5992/6212/5438 1233/6223/5211
f 1231/6224/5209 5993/6216/5442 1232/6222/5448
f 151/6204/5208 5994/6215/5441 1231/6224/5209
f 1272/6205/5434 5997/6219/5445 5994/6215/5441
f 1271/6211/5437 6000/6225/5449 5997/6219/5445
f 1270/6210/5436 2632/2303/2219 6000/6225/5449
f 6000/6225/5449 2633/2304/2220 5999/6217/5443
f 5998/6218/5444 2633/2304/2220 2634/2302/2218
f 1255/6226/5450 2634/2302/2218 369/2265/2181
f 1256/6227/5451 5998/6218/5444 1255/6226/5450
f 1257/6221/5447 5995/6214/5440 1256/6227/5451
f 6001/6228/5452 6005/6229/5453 6004/6230/5454
f 6003/6231/5455 6005/6229/5453 6002/6232/5456
f 6004/6230/5454 6008/6233/5457 6007/6234/5458
f 6006/6235/5459 6008/6233/5457 6005/6229/5453
f 149/6236/5460 6001/6228/5452 1539/6237/5461
f 1235/6238/5462 6001/6228/5452 1236/6239/5241
f 1234/6240/5239 6002/6232/5456 1235/6238/5462
f 150/6220/5446 6003/6231/5455 1234/6240/5239
f 1257/6221/5447 6006/6235/5459 6003/6231/5455
f 1256/6227/5451 6009/6241/5463 6006/6235/5459
f 1255/6226/5450 2635/2263/2179 6009/6241/5463
f 6009/6241/5463 2636/2264/2180 6008/6233/5457
f 6007/6234/5458 2636/2264/2180 2637/2262/2178
f 1537/6242/5464 2637/2262/2178 374/2219/2135
f 1538/6243/5465 6007/6234/5458 1537/6242/5464
f 1539/6237/5461 6004/6230/5454 1538/6243/5465
f 6010/6244/5466 6014/6245/5467 6013/6246/5468
f 6012/6247/5469 6014/6245/5467 6011/6248/5470
f 6013/6246/5468 6017/6249/5471 6016/6250/5472
f 6015/6251/5473 6017/6249/5471 6014/6245/5467
f 148/6159/5394 6010/6244/5466 1542/6160/5395
f 1238/6252/5474 6010/6244/5466 1237/6253/5025
f 1239/6254/5023 6011/6248/5470 1238/6252/5474
f 149/6236/5460 6012/6247/5469 1239/6254/5023
f 1539/6237/5461 6015/6251/5473 6012/6247/5469
f 1538/6243/5465 6018/6255/5475 6015/6251/5473
f 1537/6242/5464 2638/2217/2133 6018/6255/5475
f 6018/6255/5475 2639/2218/2134 6017/6249/5471
f 6016/6250/5472 2639/2218/2134 2640/2216/2132
f 1540/6163/5398 2640/2216/2132 375/2214/2130
f 1541/6161/5396 6016/6250/5472 1540/6163/5398
f 1542/6160/5395 6013/6246/5468 1541/6161/5396
f 2641/1/1 2642/4/4 2645/2/2
f 2642/4/4 2643/12/12 2646/5/5
f 2645/2/2 2648/7/7 2647/6/6
f 2646/5/5 2649/16/16 2648/7/7
f 97/8/8 897/10/10 2641/1/1
f 897/10/10 896/11/11 2642/4/4
f 896/11/11 895/13/13 2643/12/12
f 895/13/13 3/99/99 403/14/14
f 2643/12/12 403/14/14 404/15/15
f 404/15/15 405/17/17 2649/16/16
f 405/17/17 8/108/108 400/18/18
f 2649/16/16 400/18/18 401/19/19
f 2648/7/7 401/19/19 402/20/20
f 2647/6/6 402/20/20 9/21/21
f 2644/3/3 2647/6/6 901/22/22
f 903/9/9 2641/1/1 2644/3/3
f 2651/24/24 2654/28/28 2653/25/25
f 2652/27/27 2655/39/39 2654/28/28
f 2653/25/25 2654/28/28 2657/29/29
f 2654/28/28 2655/39/39 2658/31/31
f 891/32/32 2650/26/26 906/33/33
f 890/35/35 2651/24/24 2650/26/26
f 889/36/36 2652/27/27 2651/24/24
f 2/37/37 406/38/38 2652/27/27
f 406/38/38 407/124/124 2655/39/39
f 2655/39/39 407/124/124 408/40/40
f 2658/31/31 408/40/40 6/41/41
f 2657/29/29 2658/31/31 394/42/42
f 2656/30/30 2657/29/29 395/43/43
f 904/45/45 2656/30/30 396/44/44
f 905/47/47 2653/25/25 2656/30/30
f 2650/26/26 2653/25/25 905/47/47
f 2660/48/48 2663/52/52 2662/49/49
f 2661/51/51 2664/63/63 2663/52/52
f 2662/49/49 2663/52/52 2666/53/53
f 2663/52/52 2664/63/63 2667/55/55
f 888/56/56 2659/50/50 411/57/57
f 887/59/59 2660/48/48 2659/50/50
f 886/60/60 2661/51/51 2660/48/48
f 95/61/61 907/62/62 2661/51/51
f 907/62/62 908/623/623 2664/63/63
f 2664/63/63 908/623/623 909/64/64
f 2667/55/55 909/64/64 4/65/65
f 2666/53/53 2667/55/55 388/66/66
f 2665/54/54 2666/53/53 389/67/67
f 409/69/69 2665/54/54 390/68/68
f 410/71/71 2662/49/49 2665/54/54
f 2659/50/50 2662/49/49 410/71/71
f 2668/72/72 2669/75/75 2672/73/73
f 2669/75/75 2670/83/83 2673/76/76
f 2672/73/73 2675/78/78 2674/77/77
f 2673/76/76 2676/85/85 2675/78/78
f 113/79/79 1008/81/81 2668/72/72
f 1008/81/81 1007/82/82 2669/75/75
f 1007/82/82 1006/84/84 2670/83/83
f 1006/84/84 97/8/8 903/9/9
f 2670/83/83 903/9/9 902/23/23
f 902/23/23 901/22/22 2676/85/85
f 901/22/22 9/21/21 961/86/86
f 2676/85/85 961/86/86 962/87/87
f 2675/78/78 962/87/87 963/88/88
f 2674/77/77 963/88/88 98/89/89
f 2671/74/74 2674/77/77 1056/90/90
f 1054/80/80 2668/72/72 2671/74/74
f 2677/92/92 2678/95/95 2681/93/93
f 2678/95/95 2679/102/102 2682/96/96
f 2681/93/93 2684/98/98 2683/97/97
f 2682/96/96 2685/104/104 2684/98/98
f 3/99/99 894/100/100 2677/92/92
f 894/100/100 893/101/101 2678/95/95
f 893/101/101 892/103/103 2679/102/102
f 892/103/103 96/34/34 906/33/33
f 2679/102/102 906/33/33 905/47/47
f 905/47/47 904/45/45 2685/104/104
f 904/45/45 7/46/46 397/105/105
f 2685/104/104 397/105/105 398/106/106
f 2684/98/98 398/106/106 399/107/107
f 2683/97/97 399/107/107 8/108/108
f 2680/94/94 2683/97/97 405/17/17
f 403/14/14 2677/92/92 2680/94/94
f 2687/109/109 2690/113/113 2689/110/110
f 2688/112/112 2691/120/120 2690/113/113
f 2689/110/110 2690/113/113 2693/114/114
f 2690/113/113 2691/120/120 2694/116/116
f 387/117/117 2686/111/111 406/38/38
f 386/118/118 2687/109/109 2686/111/111
f 385/119/119 2688/112/112 2687/109/109
f 1/58/58 411/57/57 2688/112/112
f 411/57/57 410/71/71 2691/120/120
f 2691/120/120 410/71/71 409/69/69
f 2694/116/116 409/69/69 5/70/70
f 2693/114/114 2694/116/116 391/121/121
f 2692/115/115 2693/114/114 392/122/122
f 408/40/40 2692/115/115 393/123/123
f 407/124/124 2689/110/110 2692/115/115
f 2686/111/111 2689/110/110 407/124/124
f 2696/125/125 2699/129/129 2698/126/126
f 2696/125/125 2697/137/137 2700/128/128
f 2699/129/129 2702/132/132 2701/130/130
f 2699/129/129 2700/128/128 2703/131/131
f 493/133/133 2695/127/127 1159/134/134
f 494/136/136 2696/125/125 2695/127/127
f 494/136/136 495/138/138 2697/137/137
f 495/138/138 16/390/390 1167/139/139
f 2697/137/137 1167/139/139 1166/140/140
f 2700/128/128 1166/140/140 1165/141/141
f 2703/131/131 1165/141/141 131/142/142
f 2702/132/132 2703/131/131 945/143/143
f 2702/132/132 944/144/144 943/145/145
f 2701/130/130 943/145/145 132/146/146
f 2698/126/126 2701/130/130 1161/147/147
f 2695/127/127 2698/126/126 1160/148/148
f 2705/149/149 2708/153/153 2707/150/150
f 2706/152/152 2709/159/159 2708/153/153
f 2707/150/150 2708/153/153 2711/154/154
f 2708/153/153 2709/159/159 2712/156/156
f 390/68/68 2704/151/151 429/157/157
f 389/67/67 2705/149/149 2704/151/151
f 388/66/66 2706/152/152 2705/149/149
f 4/65/65 430/158/158 2706/152/152
f 430/158/158 431/6256/1671 2709/159/159
f 2709/159/159 431/6256/1671 432/160/160
f 2712/156/156 432/160/160 10/161/161
f 2711/154/154 2712/156/156 412/162/162
f 2710/155/155 2711/154/154 413/163/163
f 427/165/165 2710/155/155 414/164/164
f 428/167/167 2707/150/150 2710/155/155
f 2704/151/151 2707/150/150 428/167/167
f 2713/168/168 2714/171/171 2717/169/169
f 2714/171/171 2715/176/176 2718/172/172
f 2717/169/169 2720/174/174 2719/173/173
f 2718/172/172 2721/179/179 2720/174/174
f 98/89/89 963/88/88 2713/168/168
f 963/88/88 962/87/87 2714/171/171
f 962/87/87 961/86/86 2715/176/176
f 961/86/86 9/21/21 433/177/177
f 2715/176/176 433/177/177 434/178/178
f 434/178/178 435/180/180 2721/179/179
f 435/180/180 15/258/258 964/181/181
f 2721/179/179 964/181/181 965/182/182
f 2720/174/174 965/182/182 966/183/183
f 2719/173/173 966/183/183 99/184/184
f 2716/170/170 2719/173/173 1053/185/185
f 1051/175/175 2713/168/168 2716/170/170
f 2722/187/187 2723/190/190 2726/188/188
f 2723/190/190 2724/195/195 2727/191/191
f 2726/188/188 2729/193/193 2728/192/192
f 2727/191/191 2730/198/198 2729/193/193
f 8/108/108 399/107/107 2722/187/187
f 399/107/107 398/106/106 2723/190/190
f 398/106/106 397/105/105 2724/195/195
f 397/105/105 7/46/46 439/196/196
f 2724/195/195 439/196/196 440/197/197
f 440/197/197 441/199/199 2730/198/198
f 441/199/199 13/271/271 421/200/200
f 2730/198/198 421/200/200 422/201/201
f 2729/193/193 422/201/201 423/202/202
f 2728/192/192 423/202/202 14/203/203
f 2725/189/189 2728/192/192 436/204/204
f 438/194/194 2722/187/187 2725/189/189
f 2732/206/206 2735/210/210 2734/207/207
f 2733/209/209 2736/215/215 2735/210/210
f 2734/207/207 2735/210/210 2738/211/211
f 2735/210/210 2736/215/215 2739/213/213
f 393/123/123 2731/208/208 444/214/214
f 392/122/122 2732/206/206 2731/208/208
f 391/121/121 2733/209/209 2732/206/206
f 5/70/70 429/157/157 2733/209/209
f 429/157/157 428/167/167 2736/215/215
f 2736/215/215 428/167/167 427/165/165
f 2739/213/213 427/165/165 11/166/166
f 2738/211/211 2739/213/213 415/216/216
f 2737/212/212 2738/211/211 416/217/217
f 442/219/219 2737/212/212 417/218/218
f 443/221/221 2734/207/207 2737/212/212
f 2731/208/208 2734/207/207 443/221/221
f 2741/222/222 2744/226/226 2743/223/223
f 2741/222/222 2742/234/234 2745/225/225
f 2744/226/226 2747/229/229 2746/227/227
f 2744/226/226 2745/225/225 2748/228/228
f 669/230/230 2740/224/224 1186/231/231
f 668/233/233 2741/222/222 2740/224/224
f 668/233/233 667/235/235 2742/234/234
f 667/235/235 46/701/701 1197/236/236
f 2742/234/234 1197/236/236 1196/237/237
f 2745/225/225 1196/237/237 1195/238/238
f 2748/228/228 1195/238/238 136/239/239
f 2747/229/229 2748/228/228 928/240/240
f 2747/229/229 929/241/241 930/242/242
f 2746/227/227 930/242/242 137/243/243
f 2743/223/223 2746/227/227 1188/244/244
f 2740/224/224 2743/223/223 1187/245/245
f 2749/246/246 2750/249/249 2753/247/247
f 2750/249/249 2751/253/253 2754/250/250
f 2753/247/247 2756/252/252 2755/251/251
f 2754/250/250 2757/254/254 2756/252/252
f 9/21/21 402/20/20 2749/246/246
f 402/20/20 401/19/19 2750/249/249
f 401/19/19 400/18/18 2751/253/253
f 400/18/18 8/108/108 438/194/194
f 2751/253/253 438/194/194 437/205/205
f 437/205/205 436/204/204 2757/254/254
f 436/204/204 14/203/203 424/255/255
f 2757/254/254 424/255/255 425/256/256
f 2756/252/252 425/256/256 426/257/257
f 2755/251/251 426/257/257 15/258/258
f 2752/248/248 2755/251/251 435/180/180
f 433/177/177 2749/246/246 2752/248/248
f 2759/259/259 2762/263/263 2761/260/260
f 2760/262/262 2763/267/267 2762/263/263
f 2761/260/260 2762/263/263 2765/264/264
f 2762/263/263 2763/267/267 2766/266/266
f 396/44/44 2758/261/261 439/196/196
f 395/43/43 2759/259/259 2758/261/261
f 394/42/42 2760/262/262 2759/259/259
f 6/41/41 444/214/214 2760/262/262
f 444/214/214 443/221/221 2763/267/267
f 2763/267/267 443/221/221 442/219/219
f 2766/266/266 442/219/219 12/220/220
f 2765/264/264 2766/266/266 418/268/268
f 2764/265/265 2765/264/264 419/269/269
f 441/199/199 2764/265/265 420/270/270
f 440/197/197 2761/260/260 2764/265/265
f 2758/261/261 2761/260/260 440/197/197
f 2767/272/272 2768/275/275 2771/273/273
f 2768/275/275 2769/280/280 2772/276/276
f 2771/273/273 2774/278/278 2773/277/277
f 2772/276/276 2775/283/283 2774/278/278
f 99/184/184 966/183/183 2767/272/272
f 966/183/183 965/182/182 2768/275/275
f 965/182/182 964/181/181 2769/280/280
f 964/181/181 15/258/258 460/281/281
f 2769/280/280 460/281/281 461/282/282
f 461/282/282 462/284/284 2775/283/283
f 462/284/284 21/365/365 967/285/285
f 2775/283/283 967/285/285 968/286/286
f 2774/278/278 968/286/286 969/287/287
f 2773/277/277 969/287/287 100/288/288
f 2770/274/274 2773/277/277 1050/289/289
f 1048/279/279 2767/272/272 2770/274/274
f 2776/291/291 2777/294/294 2780/292/292
f 2777/294/294 2778/299/299 2781/295/295
f 2780/292/292 2783/297/297 2782/296/296
f 2781/295/295 2784/302/302 2783/297/297
f 14/203/203 423/202/202 2776/291/291
f 423/202/202 422/201/201 2777/294/294
f 422/201/201 421/200/200 2778/299/299
f 421/200/200 13/271/271 466/300/300
f 2778/299/299 466/300/300 467/301/301
f 467/301/301 468/303/303 2784/302/302
f 468/303/303 19/378/378 454/304/304
f 2784/302/302 454/304/304 455/305/305
f 2783/297/297 455/305/305 456/306/306
f 2782/296/296 456/306/306 20/307/307
f 2779/293/293 2782/296/296 463/308/308
f 465/298/298 2776/291/291 2779/293/293
f 2786/310/310 2789/314/314 2788/311/311
f 2787/313/313 2790/320/320 2789/314/314
f 2788/311/311 2789/314/314 2792/315/315
f 2789/314/314 2790/320/320 2793/317/317
f 417/218/218 2785/312/312 471/318/318
f 416/217/217 2786/310/310 2785/312/312
f 415/216/216 2787/313/313 2786/310/310
f 11/166/166 472/319/319 2787/313/313
f 472/319/319 473/394/394 2790/320/320
f 2790/320/320 473/394/394 474/321/321
f 2793/317/317 474/321/321 17/322/322
f 2792/315/315 2793/317/317 448/323/323
f 2791/316/316 2792/315/315 449/324/324
f 469/326/326 2791/316/316 450/325/325
f 470/328/328 2788/311/311 2791/316/316
f 2785/312/312 2788/311/311 470/328/328
f 2795/329/329 2798/333/333 2797/330/330
f 2795/329/329 2796/341/341 2799/332/332
f 2798/333/333 2801/336/336 2800/334/334
f 2798/333/333 2799/332/332 2802/335/335
f 730/337/337 2794/331/331 1183/338/338
f 731/340/340 2795/329/329 2794/331/331
f 731/340/340 732/342/342 2796/341/341
f 732/342/342 58/798/798 1191/343/343
f 2796/341/341 1191/343/343 1190/344/344
f 2799/332/332 1190/344/344 1189/345/345
f 2802/335/335 1189/345/345 138/346/346
f 2801/336/336 2802/335/335 924/347/347
f 2801/336/336 923/348/348 922/349/349
f 2800/334/334 922/349/349 139/350/350
f 2797/330/330 2800/334/334 1185/351/351
f 2794/331/331 2797/330/330 1184/352/352
f 2803/353/353 2804/356/356 2807/354/354
f 2804/356/356 2805/360/360 2808/357/357
f 2807/354/354 2810/359/359 2809/358/358
f 2808/357/357 2811/361/361 2810/359/359
f 15/258/258 426/257/257 2803/353/353
f 426/257/257 425/256/256 2804/356/356
f 425/256/256 424/255/255 2805/360/360
f 424/255/255 14/203/203 465/298/298
f 2805/360/360 465/298/298 464/309/309
f 464/309/309 463/308/308 2811/361/361
f 463/308/308 20/307/307 457/362/362
f 2811/361/361 457/362/362 458/363/363
f 2810/359/359 458/363/363 459/364/364
f 2809/358/358 459/364/364 21/365/365
f 2806/355/355 2809/358/358 462/284/284
f 460/281/281 2803/353/353 2806/355/355
f 2813/366/366 2816/370/370 2815/367/367
f 2814/369/369 2817/374/374 2816/370/370
f 2815/367/367 2816/370/370 2819/371/371
f 2816/370/370 2817/374/374 2820/373/373
f 420/270/270 2812/368/368 466/300/300
f 419/269/269 2813/366/366 2812/368/368
f 418/268/268 2814/369/369 2813/366/366
f 12/220/220 471/318/318 2814/369/369
f 471/318/318 470/328/328 2817/374/374
f 2817/374/374 470/328/328 469/326/326
f 2820/373/373 469/326/326 18/327/327
f 2819/371/371 2820/373/373 451/375/375
f 2818/372/372 2819/371/371 452/376/376
f 468/303/303 2818/372/372 453/377/377
f 467/301/301 2815/367/367 2818/372/372
f 2812/368/368 2815/367/367 467/301/301
f 2822/379/379 2825/383/383 2824/380/380
f 2823/382/382 2826/388/388 2825/383/383
f 2824/380/380 2825/383/383 2828/384/384
f 2825/383/383 2826/388/388 2829/386/386
f 414/164/164 2821/381/381 472/319/319
f 413/163/163 2822/379/379 2821/381/381
f 412/162/162 2823/382/382 2822/379/379
f 10/161/161 477/387/387 2823/382/382
f 477/387/387 476/1540/1519 2826/388/388
f 2826/388/388 476/1540/1519 475/389/389
f 2829/386/386 475/389/389 16/390/390
f 2828/384/384 2829/386/386 445/391/391
f 2827/385/385 2828/384/384 446/392/392
f 474/321/321 2827/385/385 447/393/393
f 473/394/394 2824/380/380 2827/385/385
f 2821/381/381 2824/380/380 473/394/394
f 2831/395/395 2834/399/399 2833/396/396
f 2831/395/395 2832/407/407 2835/398/398
f 2834/399/399 2837/402/402 2836/400/400
f 2834/399/399 2835/398/398 2838/401/401
f 574/403/403 2830/397/397 1200/404/404
f 575/406/406 2831/395/395 2830/397/397
f 575/406/406 576/408/408 2832/407/407
f 576/408/408 28/565/565 1164/409/409
f 2832/407/407 1164/409/409 1163/410/410
f 2835/398/398 1163/410/410 1162/411/411
f 2838/401/401 1162/411/411 133/412/412
f 2837/402/402 2838/401/401 939/413/413
f 2837/402/402 938/414/414 937/415/415
f 2836/400/400 937/415/415 134/416/416
f 2833/396/396 2836/400/400 1198/417/417
f 2830/397/397 2833/396/396 1199/418/418
f 2839/419/419 2840/422/422 2843/420/420
f 2840/422/422 2841/427/427 2844/423/423
f 2843/420/420 2846/425/425 2845/424/424
f 2844/423/423 2847/430/430 2846/425/425
f 21/365/365 459/364/364 2839/419/419
f 459/364/364 458/363/363 2840/422/422
f 458/363/363 457/362/362 2841/427/427
f 457/362/362 20/307/307 499/428/428
f 2841/427/427 499/428/428 500/429/429
f 500/429/429 501/431/431 2847/430/430
f 501/431/431 26/501/501 490/432/432
f 2847/430/430 490/432/432 491/433/433
f 2846/425/425 491/433/433 492/434/434
f 2845/424/424 492/434/434 27/435/435
f 2842/421/421 2845/424/424 496/436/436
f 498/426/426 2839/419/419 2842/421/421
f 2849/438/438 2852/442/442 2851/439/439
f 2850/441/441 2853/448/448 2852/442/442
f 2851/439/439 2852/442/442 2855/443/443
f 2852/442/442 2853/448/448 2856/445/445
f 453/377/377 2848/440/440 504/446/446
f 452/376/376 2849/438/438 2848/440/440
f 451/375/375 2850/441/441 2849/438/438
f 18/327/327 505/447/447 2850/441/441
f 505/447/447 506/514/514 2853/448/448
f 2853/448/448 506/514/514 507/449/449
f 2856/445/445 507/449/449 24/450/450
f 2855/443/443 2856/445/445 484/451/451
f 2854/444/444 2855/443/443 485/452/452
f 502/454/454 2854/444/444 486/453/453
f 503/456/456 2851/439/439 2854/444/444
f 2848/440/440 2851/439/439 503/456/456
f 2858/457/457 2861/461/461 2860/458/458
f 2859/460/460 2862/466/466 2861/461/461
f 2860/458/458 2861/461/461 2864/462/462
f 2861/461/461 2862/466/466 2865/464/464
f 447/393/393 2857/459/459 510/465/465
f 446/392/392 2858/457/457 2857/459/459
f 445/391/391 2859/460/460 2858/457/457
f 16/390/390 495/138/138 2859/460/460
f 495/138/138 494/136/136 2862/466/466
f 2862/466/466 494/136/136 493/133/133
f 2865/464/464 493/133/133 22/135/135
f 2864/462/462 2865/464/464 478/467/467
f 2863/463/463 2864/462/462 479/468/468
f 508/470/470 2863/463/463 480/469/469
f 509/472/472 2860/458/458 2863/463/463
f 2857/459/459 2860/458/458 509/472/472
f 2866/473/473 2867/476/476 2870/474/474
f 2867/476/476 2868/481/481 2871/477/477
f 2870/474/474 2873/479/479 2872/478/478
f 2871/477/477 2874/482/482 2873/479/479
f 100/288/288 969/287/287 2866/473/473
f 969/287/287 968/286/286 2867/476/476
f 968/286/286 967/285/285 2868/481/481
f 967/285/285 21/365/365 498/426/426
f 2868/481/481 498/426/426 497/437/437
f 497/437/437 496/436/436 2874/482/482
f 496/436/436 27/435/435 970/483/483
f 2874/482/482 970/483/483 971/484/484
f 2873/479/479 971/484/484 972/485/485
f 2872/478/478 972/485/485 101/486/486
f 2869/475/475 2872/478/478 1047/487/487
f 1045/480/480 2866/473/473 2869/475/475
f 2875/489/489 2876/492/492 2879/490/490
f 2876/492/492 2877/496/496 2880/493/493
f 2879/490/490 2882/495/495 2881/494/494
f 2880/493/493 2883/497/497 2882/495/495
f 20/307/307 456/306/306 2875/489/489
f 456/306/306 455/305/305 2876/492/492
f 455/305/305 454/304/304 2877/496/496
f 454/304/304 19/378/378 504/446/446
f 2877/496/496 504/446/446 503/456/456
f 503/456/456 502/454/454 2883/497/497
f 502/454/454 25/455/455 487/498/498
f 2883/497/497 487/498/498 488/499/499
f 2882/495/495 488/499/499 489/500/500
f 2881/494/494 489/500/500 26/501/501
f 2878/491/491 2881/494/494 501/431/431
f 499/428/428 2875/489/489 2878/491/491
f 2885/502/502 2888/506/506 2887/503/503
f 2886/505/505 2889/510/510 2888/506/506
f 2887/503/503 2888/506/506 2891/507/507
f 2888/506/506 2889/510/510 2892/509/509
f 450/325/325 2884/504/504 505/447/447
f 449/324/324 2885/502/502 2884/504/504
f 448/323/323 2886/505/505 2885/502/502
f 17/322/322 510/465/465 2886/505/505
f 510/465/465 509/472/472 2889/510/510
f 2889/510/510 509/472/472 508/470/470
f 2892/509/509 508/470/470 23/471/471
f 2891/507/507 2892/509/509 481/511/511
f 2890/508/508 2891/507/507 482/512/512
f 507/449/449 2890/508/508 483/513/513
f 506/514/514 2887/503/503 2890/508/508
f 2884/504/504 2887/503/503 506/514/514
f 2893/515/515 2894/518/518 2897/516/516
f 2894/518/518 2895/523/523 2898/519/519
f 2897/516/516 2900/521/521 2899/520/520
f 2898/519/519 2901/526/526 2900/521/521
f 27/435/435 492/434/434 2893/515/515
f 492/434/434 491/433/433 2894/518/518
f 491/433/433 490/432/432 2895/523/523
f 490/432/432 26/501/501 529/524/524
f 2895/523/523 529/524/524 530/525/525
f 530/525/525 531/527/527 2901/526/526
f 531/527/527 32/600/600 523/528/528
f 2901/526/526 523/528/528 524/529/529
f 2900/521/521 524/529/529 525/530/530
f 2899/520/520 525/530/530 33/531/531
f 2896/517/517 2899/520/520 526/532/532
f 528/522/522 2893/515/515 2896/517/517
f 2903/534/534 2906/538/538 2905/535/535
f 2904/537/537 2907/544/544 2906/538/538
f 2905/535/535 2906/538/538 2909/539/539
f 2906/538/538 2907/544/544 2910/541/541
f 486/453/453 2902/536/536 534/542/542
f 485/452/452 2903/534/534 2902/536/536
f 484/451/451 2904/537/537 2903/534/534
f 24/450/450 535/543/543 2904/537/537
f 535/543/543 536/613/613 2907/544/544
f 2907/544/544 536/613/613 537/545/545
f 2910/541/541 537/545/545 30/546/546
f 2909/539/539 2910/541/541 517/547/547
f 2908/540/540 2909/539/539 518/548/548
f 532/550/550 2908/540/540 519/549/549
f 533/552/552 2905/535/535 2908/540/540
f 2902/536/536 2905/535/535 533/552/552
f 2912/553/553 2915/557/557 2914/554/554
f 2913/556/556 2916/563/563 2915/557/557
f 2914/554/554 2915/557/557 2918/558/558
f 2915/557/557 2916/563/563 2919/560/560
f 480/469/469 2911/555/555 540/561/561
f 479/468/468 2912/553/553 2911/555/555
f 478/467/467 2913/556/556 2912/553/553
f 22/135/135 541/562/562 2913/556/556
f 541/562/562 542/1648/1619 2916/563/563
f 2916/563/563 542/1648/1619 543/564/564
f 2919/560/560 543/564/564 28/565/565
f 2918/558/558 2919/560/560 511/566/566
f 2917/559/559 2918/558/558 512/567/567
f 538/569/569 2917/559/559 513/568/568
f 539/571/571 2914/554/554 2917/559/559
f 2911/555/555 2914/554/554 539/571/571
f 2920/572/572 2921/575/575 2924/573/573
f 2921/575/575 2922/580/580 2925/576/576
f 2924/573/573 2927/578/578 2926/577/577
f 2925/576/576 2928/581/581 2927/578/578
f 101/486/486 972/485/485 2920/572/572
f 972/485/485 971/484/484 2921/575/575
f 971/484/484 970/483/483 2922/580/580
f 970/483/483 27/435/435 528/522/522
f 2922/580/580 528/522/522 527/533/533
f 527/533/533 526/532/532 2928/581/581
f 526/532/532 33/531/531 973/582/582
f 2928/581/581 973/582/582 974/583/583
f 2927/578/578 974/583/583 975/584/584
f 2926/577/577 975/584/584 102/585/585
f 2923/574/574 2926/577/577 1044/586/586
f 1042/579/579 2920/572/572 2923/574/574
f 2929/588/588 2930/591/591 2933/589/589
f 2930/591/591 2931/595/595 2934/592/592
f 2933/589/589 2936/594/594 2935/593/593
f 2934/592/592 2937/596/596 2936/594/594
f 26/501/501 489/500/500 2929/588/588
f 489/500/500 488/499/499 2930/591/591
f 488/499/499 487/498/498 2931/595/595
f 487/498/498 25/455/455 534/542/542
f 2931/595/595 534/542/542 533/552/552
f 533/552/552 532/550/550 2937/596/596
f 532/550/550 31/551/551 520/597/597
f 2937/596/596 520/597/597 521/598/598
f 2936/594/594 521/598/598 522/599/599
f 2935/593/593 522/599/599 32/600/600
f 2932/590/590 2935/593/593 531/527/527
f 529/524/524 2929/588/588 2932/590/590
f 2939/601/601 2942/605/605 2941/602/602
f 2940/604/604 2943/609/609 2942/605/605
f 2941/602/602 2942/605/605 2945/606/606
f 2942/605/605 2943/609/609 2946/608/608
f 483/513/513 2938/603/603 535/543/543
f 482/512/512 2939/601/601 2938/603/603
f 481/511/511 2940/604/604 2939/601/601
f 23/471/471 540/561/561 2940/604/604
f 540/561/561 539/571/571 2943/609/609
f 2943/609/609 539/571/571 538/569/569
f 2946/608/608 538/569/569 29/570/570
f 2945/606/606 2946/608/608 514/610/610
f 2944/607/607 2945/606/606 515/611/611
f 537/545/545 2944/607/607 516/612/612
f 536/613/613 2941/602/602 2944/607/607
f 2938/603/603 2941/602/602 536/613/613
f 2948/614/614 2951/618/618 2950/615/615
f 2948/614/614 2949/624/624 2952/617/617
f 2951/618/618 2954/621/621 2953/619/619
f 2951/618/618 2952/617/617 2955/620/620
f 909/64/64 2947/616/616 1153/622/622
f 908/623/623 2948/614/614 2947/616/616
f 908/623/623 907/62/62 2949/624/624
f 907/62/62 95/61/61 1182/625/625
f 2949/624/624 1182/625/625 1181/626/626
f 2952/617/617 1181/626/626 1180/627/627
f 2955/620/620 1180/627/627 144/628/628
f 2954/621/621 2955/620/620 874/629/629
f 2954/621/621 875/630/630 876/631/631
f 2953/619/619 876/631/631 94/632/632
f 2950/615/615 2953/619/619 1155/633/633
f 2947/616/616 2950/615/615 1154/634/634
f 2956/635/635 2957/638/638 2960/636/636
f 2957/638/638 2958/643/643 2961/639/639
f 2960/636/636 2963/641/641 2962/640/640
f 2961/639/639 2964/646/646 2963/641/641
f 102/585/585 975/584/584 2956/635/635
f 975/584/584 974/583/583 2957/638/638
f 974/583/583 973/582/582 2958/643/643
f 973/582/582 33/531/531 559/644/644
f 2958/643/643 559/644/644 560/645/645
f 560/645/645 561/647/647 2964/646/646
f 561/647/647 39/724/724 976/648/648
f 2964/646/646 976/648/648 977/649/649
f 2963/641/641 977/649/649 978/650/650
f 2962/640/640 978/650/650 103/651/651
f 2959/637/637 2962/640/640 1041/652/652
f 1039/642/642 2956/635/635 2959/637/637
f 2965/654/654 2966/657/657 2969/655/655
f 2966/657/657 2967/662/662 2970/658/658
f 2969/655/655 2972/660/660 2971/659/659
f 2970/658/658 2973/665/665 2972/660/660
f 32/600/600 522/599/599 2965/654/654
f 522/599/599 521/598/598 2966/657/657
f 521/598/598 520/597/597 2967/662/662
f 520/597/597 31/551/551 565/663/663
f 2967/662/662 565/663/663 566/664/664
f 566/664/664 567/666/666 2973/665/665
f 567/666/666 37/737/737 553/667/667
f 2973/665/665 553/667/667 554/668/668
f 2972/660/660 554/668/668 555/669/669
f 2971/659/659 555/669/669 38/670/670
f 2968/656/656 2971/659/659 562/671/671
f 564/661/661 2965/654/654 2968/656/656
f 2975/673/673 2978/677/677 2977/674/674
f 2976/676/676 2979/683/683 2978/677/677
f 2977/674/674 2978/677/677 2981/678/678
f 2978/677/677 2979/683/683 2982/680/680
f 516/612/612 2974/675/675 570/681/681
f 515/611/611 2975/673/673 2974/675/675
f 514/610/610 2976/676/676 2975/673/673
f 29/570/570 571/682/682 2976/676/676
f 571/682/682 572/750/750 2979/683/683
f 2979/683/683 572/750/750 573/684/684
f 2982/680/680 573/684/684 35/685/685
f 2981/678/678 2982/680/680 547/686/686
f 2980/679/679 2981/678/678 548/687/687
f 568/689/689 2980/679/679 549/688/688
f 569/691/691 2977/674/674 2980/679/679
f 2974/675/675 2977/674/674 569/691/691
f 2984/692/692 2987/696/696 2986/693/693
f 2984/692/692 2985/703/703 2988/695/695
f 2987/696/696 2990/699/699 2989/697/697
f 2987/696/696 2988/695/695 2991/698/698
f 642/700/700 2983/694/694 1197/236/236
f 641/702/702 2984/692/692 2983/694/694
f 641/702/702 640/704/704 2985/703/703
f 640/704/704 40/845/845 1192/705/705
f 2985/703/703 1192/705/705 1193/706/706
f 2988/695/695 1193/706/706 1194/707/707
f 2991/698/698 1194/707/707 135/708/708
f 2990/699/699 2991/698/698 931/709/709
f 2990/699/699 932/710/710 933/711/711
f 2989/697/697 933/711/711 136/239/239
f 2986/693/693 2989/697/697 1195/238/238
f 2983/694/694 2986/693/693 1196/237/237
f 2992/712/712 2993/715/715 2996/713/713
f 2993/715/715 2994/719/719 2997/716/716
f 2996/713/713 2999/718/718 2998/717/717
f 2997/716/716 3000/720/720 2999/718/718
f 33/531/531 525/530/530 2992/712/712
f 525/530/530 524/529/529 2993/715/715
f 524/529/529 523/528/528 2994/719/719
f 523/528/528 32/600/600 564/661/661
f 2994/719/719 564/661/661 563/672/672
f 563/672/672 562/671/671 3000/720/720
f 562/671/671 38/670/670 556/721/721
f 3000/720/720 556/721/721 557/722/722
f 2999/718/718 557/722/722 558/723/723
f 2998/717/717 558/723/723 39/724/724
f 2995/714/714 2998/717/717 561/647/647
f 559/644/644 2992/712/712 2995/714/714
f 3002/725/725 3005/729/729 3004/726/726
f 3003/728/728 3006/733/733 3005/729/729
f 3004/726/726 3005/729/729 3008/730/730
f 3005/729/729 3006/733/733 3009/732/732
f 519/549/549 3001/727/727 565/663/663
f 518/548/548 3002/725/725 3001/727/727
f 517/547/547 3003/728/728 3002/725/725
f 30/546/546 570/681/681 3003/728/728
f 570/681/681 569/691/691 3006/733/733
f 3006/733/733 569/691/691 568/689/689
f 3009/732/732 568/689/689 36/690/690
f 3008/730/730 3009/732/732 550/734/734
f 3007/731/731 3008/730/730 551/735/735
f 567/666/666 3007/731/731 552/736/736
f 566/664/664 3004/726/726 3007/731/731
f 3001/727/727 3004/726/726 566/664/664
f 3011/738/738 3014/742/742 3013/739/739
f 3012/741/741 3015/746/746 3014/742/742
f 3013/739/739 3014/742/742 3017/743/743
f 3014/742/742 3015/746/746 3018/745/745
f 513/568/568 3010/740/740 571/682/682
f 512/567/567 3011/738/738 3010/740/740
f 511/566/566 3012/741/741 3011/738/738
f 28/565/565 576/408/408 3012/741/741
f 576/408/408 575/406/406 3015/746/746
f 3015/746/746 575/406/406 574/403/403
f 3018/745/745 574/403/403 34/405/405
f 3017/743/743 3018/745/745 544/747/747
f 3016/744/744 3017/743/743 545/748/748
f 573/684/684 3016/744/744 546/749/749
f 572/750/750 3013/739/739 3016/744/744
f 3010/740/740 3013/739/739 572/750/750
f 3019/751/751 3020/754/754 3023/752/752
f 3020/754/754 3021/759/759 3024/755/755
f 3023/752/752 3026/757/757 3025/756/756
f 3024/755/755 3027/762/762 3026/757/757
f 38/670/670 555/669/669 3019/751/751
f 555/669/669 554/668/668 3020/754/754
f 554/668/668 553/667/667 3021/759/759
f 553/667/667 37/737/737 595/760/760
f 3021/759/759 595/760/760 596/761/761
f 596/761/761 597/763/763 3027/762/762
f 597/763/763 43/833/833 586/764/764
f 3027/762/762 586/764/764 587/765/765
f 3026/757/757 587/765/765 588/766/766
f 3025/756/756 588/766/766 44/767/767
f 3022/753/753 3025/756/756 592/768/768
f 594/758/758 3019/751/751 3022/753/753
f 3029/770/770 3032/774/774 3031/771/771
f 3030/773/773 3033/780/780 3032/774/774
f 3031/771/771 3032/774/774 3035/775/775
f 3032/774/774 3033/780/780 3036/777/777
f 549/688/688 3028/772/772 600/778/778
f 548/687/687 3029/770/770 3028/772/772
f 547/686/686 3030/773/773 3029/770/770
f 35/685/685 601/779/779 3030/773/773
f 601/779/779 602/849/849 3033/780/780
f 3033/780/780 602/849/849 603/781/781
f 3036/777/777 603/781/781 41/782/782
f 3035/775/775 3036/777/777 580/783/783
f 3034/776/776 3035/775/775 581/784/784
f 598/786/786 3034/776/776 582/785/785
f 599/788/788 3031/771/771 3034/776/776
f 3028/772/772 3031/771/771 599/788/788
f 3038/789/789 3041/793/793 3040/790/790
f 3038/789/789 3039/800/800 3042/792/792
f 3041/793/793 3044/796/796 3043/794/794
f 3041/793/793 3042/792/792 3045/795/795
f 706/797/797 3037/791/791 1191/343/343
f 707/799/799 3038/789/789 3037/791/791
f 707/799/799 708/801/801 3039/800/800
f 708/801/801 52/232/232 1186/231/231
f 3039/800/800 1186/231/231 1187/245/245
f 3042/792/792 1187/245/245 1188/244/244
f 3045/795/795 1188/244/244 137/243/243
f 3044/796/796 3045/795/795 927/802/802
f 3044/796/796 926/803/803 925/804/804
f 3043/794/794 925/804/804 138/346/346
f 3040/790/790 3043/794/794 1189/345/345
f 3037/791/791 3040/790/790 1190/344/344
f 3046/805/805 3047/808/808 3050/806/806
f 3047/808/808 3048/813/813 3051/809/809
f 3050/806/806 3053/811/811 3052/810/810
f 3051/809/809 3054/814/814 3053/811/811
f 39/724/724 558/723/723 3046/805/805
f 558/723/723 557/722/722 3047/808/808
f 557/722/722 556/721/721 3048/813/813
f 556/721/721 38/670/670 594/758/758
f 3048/813/813 594/758/758 593/769/769
f 593/769/769 592/768/768 3054/814/814
f 592/768/768 44/767/767 589/815/815
f 3054/814/814 589/815/815 590/816/816
f 3053/811/811 590/816/816 591/817/817
f 3052/810/810 591/817/817 45/818/818
f 3049/807/807 3052/810/810 607/819/819
f 609/812/812 3046/805/805 3049/807/807
f 3056/821/821 3059/825/825 3058/822/822
f 3057/824/824 3060/829/829 3059/825/825
f 3058/822/822 3059/825/825 3062/826/826
f 3059/825/825 3060/829/829 3063/828/828
f 552/736/736 3055/823/823 595/760/760
f 551/735/735 3056/821/821 3055/823/823
f 550/734/734 3057/824/824 3056/821/821
f 36/690/690 600/778/778 3057/824/824
f 600/778/778 599/788/788 3060/829/829
f 3060/829/829 599/788/788 598/786/786
f 3063/828/828 598/786/786 42/787/787
f 3062/826/826 3063/828/828 583/830/830
f 3061/827/827 3062/826/826 584/831/831
f 597/763/763 3061/827/827 585/832/832
f 596/761/761 3058/822/822 3061/827/827
f 3055/823/823 3058/822/822 596/761/761
f 3065/834/834 3068/838/838 3067/835/835
f 3066/837/837 3069/843/843 3068/838/838
f 3067/835/835 3068/838/838 3071/839/839
f 3068/838/838 3069/843/843 3072/841/841
f 546/749/749 3064/836/836 601/779/779
f 545/748/748 3065/834/834 3064/836/836
f 544/747/747 3066/837/837 3065/834/834
f 34/405/405 606/842/842 3066/837/837
f 606/842/842 605/1881/1852 3069/843/843
f 3069/843/843 605/1881/1852 604/844/844
f 3072/841/841 604/844/844 40/845/845
f 3071/839/839 3072/841/841 577/846/846
f 3070/840/840 3071/839/839 578/847/847
f 603/781/781 3070/840/840 579/848/848
f 602/849/849 3067/835/835 3070/840/840
f 3064/836/836 3067/835/835 602/849/849
f 3073/850/850 3074/853/853 3077/851/851
f 3074/853/853 3075/858/858 3078/854/854
f 3077/851/851 3080/856/856 3079/855/855
f 3078/854/854 3081/859/859 3080/856/856
f 103/651/651 978/650/650 3073/850/850
f 978/650/650 977/649/649 3074/853/853
f 977/649/649 976/648/648 3075/858/858
f 976/648/648 39/724/724 609/812/812
f 3075/858/858 609/812/812 608/820/820
f 608/820/820 607/819/819 3081/859/859
f 607/819/819 45/818/818 979/860/860
f 3081/859/859 979/860/860 980/861/861
f 3080/856/856 980/861/861 981/862/862
f 3079/855/855 981/862/862 104/863/863
f 3076/852/852 3079/855/855 1038/864/864
f 1036/857/857 3073/850/850 3076/852/852
f 3082/866/866 3083/869/869 3086/867/867
f 3083/869/869 3084/874/874 3087/870/870
f 3086/867/867 3089/872/872 3088/871/871
f 3087/870/870 3090/877/877 3089/872/872
f 45/818/818 591/817/817 3082/866/866
f 591/817/817 590/816/816 3083/869/869
f 590/816/816 589/815/815 3084/874/874
f 589/815/815 44/767/767 628/875/875
f 3084/874/874 628/875/875 629/876/876
f 629/876/876 630/878/878 3090/877/877
f 630/878/878 50/948/948 622/879/879
f 3090/877/877 622/879/879 623/880/880
f 3089/872/872 623/880/880 624/881/881
f 3088/871/871 624/881/881 51/882/882
f 3085/868/868 3088/871/871 625/883/883
f 627/873/873 3082/866/866 3085/868/868
f 3092/885/885 3095/889/889 3094/886/886
f 3093/888/888 3096/895/895 3095/889/889
f 3094/886/886 3095/889/889 3098/890/890
f 3095/889/889 3096/895/895 3099/892/892
f 585/832/832 3091/887/887 633/893/893
f 584/831/831 3092/885/885 3091/887/887
f 583/830/830 3093/888/888 3092/885/885
f 42/787/787 634/894/894 3093/888/888
f 634/894/894 635/961/961 3096/895/895
f 3096/895/895 635/961/961 636/896/896
f 3099/892/892 636/896/896 48/897/897
f 3098/890/890 3099/892/892 616/898/898
f 3097/891/891 3098/890/890 617/899/899
f 631/901/901 3097/891/891 618/900/900
f 632/903/903 3094/886/886 3097/891/891
f 3091/887/887 3094/886/886 632/903/903
f 3101/904/904 3104/908/908 3103/905/905
f 3102/907/907 3105/913/913 3104/908/908
f 3103/905/905 3104/908/908 3107/909/909
f 3104/908/908 3105/913/913 3108/911/911
f 579/848/848 3100/906/906 639/912/912
f 578/847/847 3101/904/904 3100/906/906
f 577/846/846 3102/907/907 3101/904/904
f 40/845/845 640/704/704 3102/907/907
f 640/704/704 641/6257/702 3105/913/913
f 3105/913/913 641/6257/702 642/700/700
f 3108/911/911 642/700/700 46/701/701
f 3107/909/909 3108/911/911 610/914/914
f 3106/910/910 3107/909/909 611/915/915
f 637/917/917 3106/910/910 612/916/916
f 638/919/919 3103/905/905 3106/910/910
f 3100/906/906 3103/905/905 638/919/919
f 3109/920/920 3110/923/923 3113/921/921
f 3110/923/923 3111/928/928 3114/924/924
f 3113/921/921 3116/926/926 3115/925/925
f 3114/924/924 3117/929/929 3116/926/926
f 104/863/863 981/862/862 3109/920/920
f 981/862/862 980/861/861 3110/923/923
f 980/861/861 979/860/860 3111/928/928
f 979/860/860 45/818/818 627/873/873
f 3111/928/928 627/873/873 626/884/884
f 626/884/884 625/883/883 3117/929/929
f 625/883/883 51/882/882 982/930/930
f 3117/929/929 982/930/930 983/931/931
f 3116/926/926 983/931/931 984/932/932
f 3115/925/925 984/932/932 105/933/933
f 3112/922/922 3115/925/925 1035/934/934
f 1033/927/927 3109/920/920 3112/922/922
f 3118/936/936 3119/939/939 3122/937/937
f 3119/939/939 3120/943/943 3123/940/940
f 3122/937/937 3125/942/942 3124/941/941
f 3123/940/940 3126/944/944 3125/942/942
f 44/767/767 588/766/766 3118/936/936
f 588/766/766 587/765/765 3119/939/939
f 587/765/765 586/764/764 3120/943/943
f 586/764/764 43/833/833 633/893/893
f 3120/943/943 633/893/893 632/903/903
f 632/903/903 631/901/901 3126/944/944
f 631/901/901 49/902/902 619/945/945
f 3126/944/944 619/945/945 620/946/946
f 3125/942/942 620/946/946 621/947/947
f 3124/941/941 621/947/947 50/948/948
f 3121/938/938 3124/941/941 630/878/878
f 628/875/875 3118/936/936 3121/938/938
f 3128/949/949 3131/953/953 3130/950/950
f 3129/952/952 3132/957/957 3131/953/953
f 3130/950/950 3131/953/953 3134/954/954
f 3131/953/953 3132/957/957 3135/956/956
f 582/785/785 3127/951/951 634/894/894
f 581/784/784 3128/949/949 3127/951/951
f 580/783/783 3129/952/952 3128/949/949
f 41/782/782 639/912/912 3129/952/952
f 639/912/912 638/919/919 3132/957/957
f 3132/957/957 638/919/919 637/917/917
f 3135/956/956 637/917/917 47/918/918
f 3134/954/954 3135/956/956 613/958/958
f 3133/955/955 3134/954/954 614/959/959
f 636/896/896 3133/955/955 615/960/960
f 635/961/961 3130/950/950 3133/955/955
f 3127/951/951 3130/950/950 635/961/961
f 3137/962/962 3140/966/966 3139/963/963
f 3137/962/962 3138/974/974 3141/965/965
f 3140/966/966 3143/969/969 3142/967/967
f 3140/966/966 3141/965/965 3144/968/968
f 774/970/970 3136/964/964 1174/971/971
f 773/973/973 3137/962/962 3136/964/964
f 773/973/973 772/975/975 3138/974/974
f 772/975/975 64/339/339 1183/338/338
f 3138/974/974 1183/338/338 1184/352/352
f 3141/965/965 1184/352/352 1185/351/351
f 3144/968/968 1185/351/351 139/350/350
f 3143/969/969 3144/968/968 919/976/976
f 3143/969/969 920/977/977 921/978/978
f 3142/967/967 921/978/978 140/979/979
f 3139/963/963 3142/967/967 1176/980/980
f 3136/964/964 3139/963/963 1175/981/981
f 3146/982/982 3149/986/986 3148/983/983
f 3147/985/985 3150/992/992 3149/986/986
f 3148/983/983 3149/986/986 3152/987/987
f 3149/986/986 3150/992/992 3153/989/989
f 618/900/900 3145/984/984 660/990/990
f 617/899/899 3146/982/982 3145/984/984
f 616/898/898 3147/985/985 3146/982/982
f 48/897/897 661/991/991 3147/985/985
f 661/991/991 662/1064/1064 3150/992/992
f 3150/992/992 662/1064/1064 663/993/993
f 3153/989/989 663/993/993 54/994/994
f 3152/987/987 3153/989/989 649/995/995
f 3151/988/988 3152/987/987 650/996/996
f 658/998/998 3151/988/988 651/997/997
f 659/1000/1000 3148/983/983 3151/988/988
f 3145/984/984 3148/983/983 659/1000/1000
f 3155/1001/1001 3158/1005/1005 3157/1002/1002
f 3156/1004/1004 3159/1010/1010 3158/1005/1005
f 3157/1002/1002 3158/1005/1005 3161/1006/1006
f 3158/1005/1005 3159/1010/1010 3162/1008/1008
f 612/916/916 3154/1003/1003 666/1009/1009
f 611/915/915 3155/1001/1001 3154/1003/1003
f 610/914/914 3156/1004/1004 3155/1001/1001
f 46/701/701 667/235/235 3156/1004/1004
f 667/235/235 668/233/233 3159/1010/1010
f 3159/1010/1010 668/233/233 669/230/230
f 3162/1008/1008 669/230/230 52/232/232
f 3161/1006/1006 3162/1008/1008 643/1011/1011
f 3160/1007/1007 3161/1006/1006 644/1012/1012
f 664/1014/1014 3160/1007/1007 645/1013/1013
f 665/1016/1016 3157/1002/1002 3160/1007/1007
f 3154/1003/1003 3157/1002/1002 665/1016/1016
f 3163/1017/1017 3164/1020/1020 3167/1018/1018
f 3164/1020/1020 3165/1025/1025 3168/1021/1021
f 3167/1018/1018 3170/1023/1023 3169/1022/1022
f 3168/1021/1021 3171/1028/1028 3170/1023/1023
f 105/933/933 984/932/932 3163/1017/1017
f 984/932/932 983/931/931 3164/1020/1020
f 983/931/931 982/930/930 3165/1025/1025
f 982/930/930 51/882/882 670/1026/1026
f 3165/1025/1025 670/1026/1026 671/1027/1027
f 671/1027/1027 672/1029/1029 3171/1028/1028
f 672/1029/1029 57/1096/1096 985/1030/1030
f 3171/1028/1028 985/1030/1030 986/1031/1031
f 3170/1023/1023 986/1031/1031 987/1032/1032
f 3169/1022/1022 987/1032/1032 106/1033/1033
f 3166/1019/1019 3169/1022/1022 1032/1034/1034
f 1030/1024/1024 3163/1017/1017 3166/1019/1019
f 3172/1036/1036 3173/1039/1039 3176/1037/1037
f 3173/1039/1039 3174/1044/1044 3177/1040/1040
f 3176/1037/1037 3179/1042/1042 3178/1041/1041
f 3177/1040/1040 3180/1045/1045 3179/1042/1042
f 50/948/948 621/947/947 3172/1036/1036
f 621/947/947 620/946/946 3173/1039/1039
f 620/946/946 619/945/945 3174/1044/1044
f 619/945/945 49/902/902 660/990/990
f 3174/1044/1044 660/990/990 659/1000/1000
f 659/1000/1000 658/998/998 3180/1045/1045
f 658/998/998 55/999/999 652/1046/1046
f 3180/1045/1045 652/1046/1046 653/1047/1047
f 3179/1042/1042 653/1047/1047 654/1048/1048
f 3178/1041/1041 654/1048/1048 56/1049/1049
f 3175/1038/1038 3178/1041/1041 673/1050/1050
f 675/1043/1043 3172/1036/1036 3175/1038/1038
f 3182/1052/1052 3185/1056/1056 3184/1053/1053
f 3183/1055/1055 3186/1060/1060 3185/1056/1056
f 3184/1053/1053 3185/1056/1056 3188/1057/1057
f 3185/1056/1056 3186/1060/1060 3189/1059/1059
f 615/960/960 3181/1054/1054 661/991/991
f 614/959/959 3182/1052/1052 3181/1054/1054
f 613/958/958 3183/1055/1055 3182/1052/1052
f 47/918/918 666/1009/1009 3183/1055/1055
f 666/1009/1009 665/1016/1016 3186/1060/1060
f 3186/1060/1060 665/1016/1016 664/1014/1014
f 3189/1059/1059 664/1014/1014 53/1015/1015
f 3188/1057/1057 3189/1059/1059 646/1061/1061
f 3187/1058/1058 3188/1057/1057 647/1062/1062
f 663/993/993 3187/1058/1058 648/1063/1063
f 662/1064/1064 3184/1053/1053 3187/1058/1058
f 3181/1054/1054 3184/1053/1053 662/1064/1064
f 3191/1065/1065 3194/1069/1069 3193/1066/1066
f 3191/1065/1065 3192/1075/1075 3195/1068/1068
f 3194/1069/1069 3197/1072/1072 3196/1070/1070
f 3194/1069/1069 3195/1068/1068 3198/1071/1071
f 885/1073/1073 3190/1067/1067 1182/625/625
f 884/1074/1074 3191/1065/1065 3190/1067/1067
f 884/1074/1074 883/1076/1076 3192/1075/1075
f 883/1076/1076 88/1438/1434 1173/1077/1077
f 3192/1075/1075 1173/1077/1077 1172/1078/1078
f 3195/1068/1068 1172/1078/1078 1171/1079/1079
f 3198/1071/1071 1171/1079/1079 143/1080/1080
f 3197/1072/1072 3198/1071/1071 898/1081/1081
f 3197/1072/1072 899/1082/1082 900/1083/1083
f 3196/1070/1070 900/1083/1083 144/628/628
f 3193/1066/1066 3196/1070/1070 1180/627/627
f 3190/1067/1067 3193/1066/1066 1181/626/626
f 3199/1084/1084 3200/1087/1087 3203/1085/1085
f 3200/1087/1087 3201/1091/1091 3204/1088/1088
f 3203/1085/1085 3206/1090/1090 3205/1089/1089
f 3204/1088/1088 3207/1092/1092 3206/1090/1090
f 51/882/882 624/881/881 3199/1084/1084
f 624/881/881 623/880/880 3200/1087/1087
f 623/880/880 622/879/879 3201/1091/1091
f 622/879/879 50/948/948 675/1043/1043
f 3201/1091/1091 675/1043/1043 674/1051/1051
f 674/1051/1051 673/1050/1050 3207/1092/1092
f 673/1050/1050 56/1049/1049 655/1093/1093
f 3207/1092/1092 655/1093/1093 656/1094/1094
f 3206/1090/1090 656/1094/1094 657/1095/1095
f 3205/1089/1089 657/1095/1095 57/1096/1096
f 3202/1086/1086 3205/1089/1089 672/1029/1029
f 670/1026/1026 3199/1084/1084 3202/1086/1086
f 3208/1097/1097 3209/1100/1100 3212/1098/1098
f 3209/1100/1100 3210/1105/1105 3213/1101/1101
f 3212/1098/1098 3215/1103/1103 3214/1102/1102
f 3213/1101/1101 3216/1108/1108 3215/1103/1103
f 106/1033/1033 987/1032/1032 3208/1097/1097
f 987/1032/1032 986/1031/1031 3209/1100/1100
f 986/1031/1031 985/1030/1030 3210/1105/1105
f 985/1030/1030 57/1096/1096 691/1106/1106
f 3210/1105/1105 691/1106/1106 692/1107/1107
f 692/1107/1107 693/1109/1109 3216/1108/1108
f 693/1109/1109 63/1190/1190 988/1110/1110
f 3216/1108/1108 988/1110/1110 989/1111/1111
f 3215/1103/1103 989/1111/1111 990/1112/1112
f 3214/1102/1102 990/1112/1112 107/1113/1113
f 3211/1099/1099 3214/1102/1102 1029/1114/1114
f 1027/1104/1104 3208/1097/1097 3211/1099/1099
f 3217/1116/1116 3218/1119/1119 3221/1117/1117
f 3218/1119/1119 3219/1124/1124 3222/1120/1120
f 3221/1117/1117 3224/1122/1122 3223/1121/1121
f 3222/1120/1120 3225/1127/1127 3224/1122/1122
f 56/1049/1049 654/1048/1048 3217/1116/1116
f 654/1048/1048 653/1047/1047 3218/1119/1119
f 653/1047/1047 652/1046/1046 3219/1124/1124
f 652/1046/1046 55/999/999 697/1125/1125
f 3219/1124/1124 697/1125/1125 698/1126/1126
f 698/1126/1126 699/1128/1128 3225/1127/1127
f 699/1128/1128 61/1203/1203 685/1129/1129
f 3225/1127/1127 685/1129/1129 686/1130/1130
f 3224/1122/1122 686/1130/1130 687/1131/1131
f 3223/1121/1121 687/1131/1131 62/1132/1132
f 3220/1118/1118 3223/1121/1121 694/1133/1133
f 696/1123/1123 3217/1116/1116 3220/1118/1118
f 3227/1135/1135 3230/1139/1139 3229/1136/1136
f 3228/1138/1138 3231/1145/1145 3230/1139/1139
f 3229/1136/1136 3230/1139/1139 3233/1140/1140
f 3230/1139/1139 3231/1145/1145 3234/1142/1142
f 648/1063/1063 3226/1137/1137 702/1143/1143
f 647/1062/1062 3227/1135/1135 3226/1137/1137
f 646/1061/1061 3228/1138/1138 3227/1135/1135
f 53/1015/1015 703/1144/1144 3228/1138/1138
f 703/1144/1144 704/1216/1216 3231/1145/1145
f 3231/1145/1145 704/1216/1216 705/1146/1146
f 3234/1142/1142 705/1146/1146 59/1147/1147
f 3233/1140/1140 3234/1142/1142 679/1148/1148
f 3232/1141/1141 3233/1140/1140 680/1149/1149
f 700/1151/1151 3232/1141/1141 681/1150/1150
f 701/1153/1153 3229/1136/1136 3232/1141/1141
f 3226/1137/1137 3229/1136/1136 701/1153/1153
f 3236/1154/1154 3239/1158/1158 3238/1155/1155
f 3236/1154/1154 3237/1166/1166 3240/1157/1157
f 3239/1158/1158 3242/1161/1161 3241/1159/1159
f 3239/1158/1158 3240/1157/1157 3243/1160/1160
f 838/1162/1162 3235/1156/1156 1168/1163/1163
f 839/1165/1165 3236/1154/1154 3235/1156/1156
f 839/1165/1165 840/1167/1167 3237/1166/1166
f 840/1167/1167 76/1245/1245 1179/1168/1168
f 3237/1166/1166 1179/1168/1168 1178/1169/1169
f 3240/1157/1157 1178/1169/1169 1177/1170/1170
f 3243/1160/1160 1177/1170/1170 141/1171/1171
f 3242/1161/1161 3243/1160/1160 915/1172/1172
f 3242/1161/1161 914/1173/1173 913/1174/1174
f 3241/1159/1159 913/1174/1174 142/1175/1175
f 3238/1155/1155 3241/1159/1159 1170/1176/1176
f 3235/1156/1156 3238/1155/1155 1169/1177/1177
f 3244/1178/1178 3245/1181/1181 3248/1179/1179
f 3245/1181/1181 3246/1185/1185 3249/1182/1182
f 3248/1179/1179 3251/1184/1184 3250/1183/1183
f 3249/1182/1182 3252/1186/1186 3251/1184/1184
f 57/1096/1096 657/1095/1095 3244/1178/1178
f 657/1095/1095 656/1094/1094 3245/1181/1181
f 656/1094/1094 655/1093/1093 3246/1185/1185
f 655/1093/1093 56/1049/1049 696/1123/1123
f 3246/1185/1185 696/1123/1123 695/1134/1134
f 695/1134/1134 694/1133/1133 3252/1186/1186
f 694/1133/1133 62/1132/1132 688/1187/1187
f 3252/1186/1186 688/1187/1187 689/1188/1188
f 3251/1184/1184 689/1188/1188 690/1189/1189
f 3250/1183/1183 690/1189/1189 63/1190/1190
f 3247/1180/1180 3250/1183/1183 693/1109/1109
f 691/1106/1106 3244/1178/1178 3247/1180/1180
f 3254/1191/1191 3257/1195/1195 3256/1192/1192
f 3255/1194/1194 3258/1199/1199 3257/1195/1195
f 3256/1192/1192 3257/1195/1195 3260/1196/1196
f 3257/1195/1195 3258/1199/1199 3261/1198/1198
f 651/997/997 3253/1193/1193 697/1125/1125
f 650/996/996 3254/1191/1191 3253/1193/1193
f 649/995/995 3255/1194/1194 3254/1191/1191
f 54/994/994 702/1143/1143 3255/1194/1194
f 702/1143/1143 701/1153/1153 3258/1199/1199
f 3258/1199/1199 701/1153/1153 700/1151/1151
f 3261/1198/1198 700/1151/1151 60/1152/1152
f 3260/1196/1196 3261/1198/1198 682/1200/1200
f 3259/1197/1197 3260/1196/1196 683/1201/1201
f 699/1128/1128 3259/1197/1197 684/1202/1202
f 698/1126/1126 3256/1192/1192 3259/1197/1197
f 3253/1193/1193 3256/1192/1192 698/1126/1126
f 3263/1204/1204 3266/1208/1208 3265/1205/1205
f 3264/1207/1207 3267/1212/1212 3266/1208/1208
f 3265/1205/1205 3266/1208/1208 3269/1209/1209
f 3266/1208/1208 3267/1212/1212 3270/1211/1211
f 645/1013/1013 3262/1206/1206 703/1144/1144
f 644/1012/1012 3263/1204/1204 3262/1206/1206
f 643/1011/1011 3264/1207/1207 3263/1204/1204
f 52/232/232 708/801/801 3264/1207/1207
f 708/801/801 707/799/799 3267/1212/1212
f 3267/1212/1212 707/799/799 706/797/797
f 3270/1211/1211 706/797/797 58/798/798
f 3269/1209/1209 3270/1211/1211 676/1213/1213
f 3268/1210/1210 3269/1209/1209 677/1214/1214
f 705/1146/1146 3268/1210/1210 678/1215/1215
f 704/1216/1216 3265/1205/1205 3268/1210/1210
f 3262/1206/1206 3265/1205/1205 704/1216/1216
f 3272/1217/1217 3275/1221/1221 3274/1218/1218
f 3273/1220/1220 3276/1227/1227 3275/1221/1221
f 3274/1218/1218 3275/1221/1221 3278/1222/1222
f 3275/1221/1221 3276/1227/1227 3279/1224/1224
f 681/1150/1150 3271/1219/1219 726/1225/1225
f 680/1149/1149 3272/1217/1217 3271/1219/1219
f 679/1148/1148 3273/1220/1220 3272/1217/1217
f 59/1147/1147 727/1226/1226 3273/1220/1220
f 727/1226/1226 728/1303/1299 3276/1227/1227
f 3276/1227/1227 728/1303/1299 729/1228/1228
f 3279/1224/1224 729/1228/1228 65/1229/1229
f 3278/1222/1222 3279/1224/1224 712/1230/1230
f 3277/1223/1223 3278/1222/1222 713/1231/1231
f 724/1233/1233 3277/1223/1223 714/1232/1232
f 725/1235/1235 3274/1218/1218 3277/1223/1223
f 3271/1219/1219 3274/1218/1218 725/1235/1235
f 3281/1236/1236 3284/1240/1240 3283/1237/1237
f 3281/1236/1236 3282/1247/1247 3285/1239/1239
f 3284/1240/1240 3287/1243/1243 3286/1241/1241
f 3284/1240/1240 3285/1239/1239 3288/1242/1242
f 795/1244/1244 3280/1238/1238 1179/1168/1168
f 794/1246/1246 3281/1236/1236 3280/1238/1238
f 794/1246/1246 793/1248/1248 3282/1247/1247
f 793/1248/1248 70/1458/972 1174/1249/971
f 3282/1247/1247 1174/1249/971 1175/1250/981
f 3285/1239/1239 1175/1250/981 1176/1251/980
f 3288/1242/1242 1176/1251/980 140/1252/979
f 3287/1243/1243 3288/1242/1242 916/1253/1249
f 3287/1243/1243 917/1254/1250 918/1255/1251
f 3286/1241/1241 918/1255/1251 141/1171/1171
f 3283/1237/1237 3286/1241/1241 1177/1170/1170
f 3280/1238/1238 3283/1237/1237 1178/1169/1169
f 3289/1256/1252 3290/1259/1255 3293/1257/1253
f 3290/1259/1255 3291/1264/1260 3294/1260/1256
f 3293/1257/1253 3296/1262/1258 3295/1261/1257
f 3294/1260/1256 3297/1267/1263 3296/1262/1258
f 63/1190/1190 690/1189/1189 3289/1256/1252
f 690/1189/1189 689/1188/1188 3290/1259/1255
f 689/1188/1188 688/1187/1187 3291/1264/1260
f 688/1187/1187 62/1132/1132 736/1265/1261
f 3291/1264/1260 736/1265/1261 737/1266/1262
f 737/1266/1262 738/1268/1264 3297/1267/1263
f 738/1268/1264 68/1332/1328 721/1269/1265
f 3297/1267/1263 721/1269/1265 722/1270/1266
f 3296/1262/1258 722/1270/1266 723/1271/1267
f 3295/1261/1257 723/1271/1267 69/1272/1268
f 3292/1258/1254 3295/1261/1257 733/1273/1269
f 735/1263/1259 3289/1256/1252 3292/1258/1254
f 3299/1275/1271 3302/1279/1275 3301/1276/1272
f 3300/1278/1274 3303/1284/1280 3302/1279/1275
f 3301/1276/1272 3302/1279/1275 3305/1280/1276
f 3302/1279/1275 3303/1284/1280 3306/1282/1278
f 684/1202/1202 3298/1277/1273 741/1283/1279
f 683/1201/1201 3299/1275/1271 3298/1277/1273
f 682/1200/1200 3300/1278/1274 3299/1275/1271
f 60/1152/1152 726/1225/1225 3300/1278/1274
f 726/1225/1225 725/1235/1235 3303/1284/1280
f 3303/1284/1280 725/1235/1235 724/1233/1233
f 3306/1282/1278 724/1233/1233 66/1234/1234
f 3305/1280/1276 3306/1282/1278 715/1285/1281
f 3304/1281/1277 3305/1280/1276 716/1286/1282
f 739/1288/1284 3304/1281/1277 717/1287/1283
f 740/1290/1286 3301/1276/1272 3304/1281/1277
f 3298/1277/1273 3301/1276/1272 740/1290/1286
f 3308/1291/1287 3311/1295/1291 3310/1292/1288
f 3309/1294/1290 3312/1299/1295 3311/1295/1291
f 3310/1292/1288 3311/1295/1291 3314/1296/1292
f 3311/1295/1291 3312/1299/1295 3315/1298/1294
f 678/1215/1215 3307/1293/1289 727/1226/1226
f 677/1214/1214 3308/1291/1287 3307/1293/1289
f 676/1213/1213 3309/1294/1290 3308/1291/1287
f 58/798/798 732/342/342 3309/1294/1290
f 732/342/342 731/340/340 3312/1299/1295
f 3312/1299/1295 731/340/340 730/337/337
f 3315/1298/1294 730/337/337 64/339/339
f 3314/1296/1292 3315/1298/1294 709/1300/1296
f 3313/1297/1293 3314/1296/1292 710/1301/1297
f 729/1228/1228 3313/1297/1293 711/1302/1298
f 728/1303/1299 3310/1292/1288 3313/1297/1293
f 3307/1293/1289 3310/1292/1288 728/1303/1299
f 3316/1304/1300 3317/1307/1303 3320/1305/1301
f 3317/1307/1303 3318/1312/1308 3321/1308/1304
f 3320/1305/1301 3323/1310/1306 3322/1309/1305
f 3321/1308/1304 3324/1313/1309 3323/1310/1306
f 107/1113/1113 990/1112/1112 3316/1304/1300
f 990/1112/1112 989/1111/1111 3317/1307/1303
f 989/1111/1111 988/1110/1110 3318/1312/1308
f 988/1110/1110 63/1190/1190 735/1263/1259
f 3318/1312/1308 735/1263/1259 734/1274/1270
f 734/1274/1270 733/1273/1269 3324/1313/1309
f 733/1273/1269 69/1272/1268 991/1314/1310
f 3324/1313/1309 991/1314/1310 992/1315/1311
f 3323/1310/1306 992/1315/1311 993/1316/1312
f 3322/1309/1305 993/1316/1312 108/1317/1313
f 3319/1306/1302 3322/1309/1305 1026/1318/1314
f 1024/1311/1307 3316/1304/1300 3319/1306/1302
f 3325/1320/1316 3326/1323/1319 3329/1321/1317
f 3326/1323/1319 3327/1327/1323 3330/1324/1320
f 3329/1321/1317 3332/1326/1322 3331/1325/1321
f 3330/1324/1320 3333/1328/1324 3332/1326/1322
f 62/1132/1132 687/1131/1131 3325/1320/1316
f 687/1131/1131 686/1130/1130 3326/1323/1319
f 686/1130/1130 685/1129/1129 3327/1327/1323
f 685/1129/1129 61/1203/1203 741/1283/1279
f 3327/1327/1323 741/1283/1279 740/1290/1286
f 740/1290/1286 739/1288/1284 3333/1328/1324
f 739/1288/1284 67/1289/1285 718/1329/1325
f 3333/1328/1324 718/1329/1325 719/1330/1326
f 3332/1326/1322 719/1330/1326 720/1331/1327
f 3331/1325/1321 720/1331/1327 68/1332/1328
f 3328/1322/1318 3331/1325/1321 738/1268/1264
f 736/1265/1261 3325/1320/1316 3328/1322/1318
f 3334/1333/1329 3335/1336/1332 3338/1334/1330
f 3335/1336/1332 3336/1341/1337 3339/1337/1333
f 3338/1334/1330 3341/1339/1335 3340/1338/1334
f 3339/1337/1333 3342/1344/1340 3341/1339/1335
f 69/1272/1268 723/1271/1267 3334/1333/1329
f 723/1271/1267 722/1270/1266 3335/1336/1332
f 722/1270/1266 721/1269/1265 3336/1341/1337
f 721/1269/1265 68/1332/1328 760/1342/1338
f 3336/1341/1337 760/1342/1338 761/1343/1339
f 761/1343/1339 762/1345/1341 3342/1344/1340
f 762/1345/1341 74/1415/1411 754/1346/1342
f 3342/1344/1340 754/1346/1342 755/1347/1343
f 3341/1339/1335 755/1347/1343 756/1348/1344
f 3340/1338/1334 756/1348/1344 75/1349/1345
f 3337/1335/1331 3340/1338/1334 757/1350/1346
f 759/1340/1336 3334/1333/1329 3337/1335/1331
f 3344/1352/1348 3347/1356/1352 3346/1353/1349
f 3345/1355/1351 3348/1362/1358 3347/1356/1352
f 3346/1353/1349 3347/1356/1352 3350/1357/1353
f 3347/1356/1352 3348/1362/1358 3351/1359/1355
f 717/1287/1283 3343/1354/1350 765/1360/1356
f 716/1286/1282 3344/1352/1348 3343/1354/1350
f 715/1285/1281 3345/1355/1351 3344/1352/1348
f 66/1234/1234 766/1361/1357 3345/1355/1351
f 766/1361/1357 767/1428/1424 3348/1362/1358
f 3348/1362/1358 767/1428/1424 768/1363/1359
f 3351/1359/1355 768/1363/1359 72/1364/1360
f 3350/1357/1353 3351/1359/1355 748/1365/1361
f 3349/1358/1354 3350/1357/1353 749/1366/1362
f 763/1368/1364 3349/1358/1354 750/1367/1363
f 764/1370/1366 3346/1353/1349 3349/1358/1354
f 3343/1354/1350 3346/1353/1349 764/1370/1366
f 3353/1371/1367 3356/1375/1371 3355/1372/1368
f 3354/1374/1370 3357/1380/1376 3356/1375/1371
f 3355/1372/1368 3356/1375/1371 3359/1376/1372
f 3356/1375/1371 3357/1380/1376 3360/1378/1374
f 711/1302/1298 3352/1373/1369 771/1379/1375
f 710/1301/1297 3353/1371/1367 3352/1373/1369
f 709/1300/1296 3354/1374/1370 3353/1371/1367
f 64/339/339 772/975/975 3354/1374/1370
f 772/975/975 773/973/973 3357/1380/1376
f 3357/1380/1376 773/973/973 774/970/970
f 3360/1378/1374 774/970/970 70/972/972
f 3359/1376/1372 3360/1378/1374 742/1381/1377
f 3358/1377/1373 3359/1376/1372 743/1382/1378
f 769/1384/1380 3358/1377/1373 744/1383/1379
f 770/1386/1382 3355/1372/1368 3358/1377/1373
f 3352/1373/1369 3355/1372/1368 770/1386/1382
f 3361/1387/1383 3362/1390/1386 3365/1388/1384
f 3362/1390/1386 3363/1395/1391 3366/1391/1387
f 3365/1388/1384 3368/1393/1389 3367/1392/1388
f 3366/1391/1387 3369/1396/1392 3368/1393/1389
f 108/1317/1313 993/1316/1312 3361/1387/1383
f 993/1316/1312 992/1315/1311 3362/1390/1386
f 992/1315/1311 991/1314/1310 3363/1395/1391
f 991/1314/1310 69/1272/1268 759/1340/1336
f 3363/1395/1391 759/1340/1336 758/1351/1347
f 758/1351/1347 757/1350/1346 3369/1396/1392
f 757/1350/1346 75/1349/1345 994/1397/1393
f 3369/1396/1392 994/1397/1393 995/1398/1394
f 3368/1393/1389 995/1398/1394 996/1399/1395
f 3367/1392/1388 996/1399/1395 109/1400/1396
f 3364/1389/1385 3367/1392/1388 1023/1401/1397
f 1021/1394/1390 3361/1387/1383 3364/1389/1385
f 3370/1403/1399 3371/1406/1402 3374/1404/1400
f 3371/1406/1402 3372/1410/1406 3375/1407/1403
f 3374/1404/1400 3377/1409/1405 3376/1408/1404
f 3375/1407/1403 3378/1411/1407 3377/1409/1405
f 68/1332/1328 720/1331/1327 3370/1403/1399
f 720/1331/1327 719/1330/1326 3371/1406/1402
f 719/1330/1326 718/1329/1325 3372/1410/1406
f 718/1329/1325 67/1289/1285 765/1360/1356
f 3372/1410/1406 765/1360/1356 764/1370/1366
f 764/1370/1366 763/1368/1364 3378/1411/1407
f 763/1368/1364 73/1369/1365 751/1412/1408
f 3378/1411/1407 751/1412/1408 752/1413/1409
f 3377/1409/1405 752/1413/1409 753/1414/1410
f 3376/1408/1404 753/1414/1410 74/1415/1411
f 3373/1405/1401 3376/1408/1404 762/1345/1341
f 760/1342/1338 3370/1403/1399 3373/1405/1401
f 3380/1416/1412 3383/1420/1416 3382/1417/1413
f 3381/1419/1415 3384/1424/1420 3383/1420/1416
f 3382/1417/1413 3383/1420/1416 3386/1421/1417
f 3383/1420/1416 3384/1424/1420 3387/1423/1419
f 714/1232/1232 3379/1418/1414 766/1361/1357
f 713/1231/1231 3380/1416/1412 3379/1418/1414
f 712/1230/1230 3381/1419/1415 3380/1416/1412
f 65/1229/1229 771/1379/1375 3381/1419/1415
f 771/1379/1375 770/1386/1382 3384/1424/1420
f 3384/1424/1420 770/1386/1382 769/1384/1380
f 3387/1423/1419 769/1384/1380 71/1385/1381
f 3386/1421/1417 3387/1423/1419 745/1425/1421
f 3385/1422/1418 3386/1421/1417 746/1426/1422
f 768/1363/1359 3385/1422/1418 747/1427/1423
f 767/1428/1424 3382/1417/1413 3385/1422/1418
f 3379/1418/1414 3382/1417/1413 767/1428/1424
f 3389/1429/1425 3392/1433/1429 3391/1430/1426
f 3389/1429/1425 3390/1440/1436 3393/1432/1428
f 3392/1433/1429 3395/1436/1432 3394/1434/1430
f 3392/1433/1429 3393/1432/1428 3396/1435/1431
f 856/1437/1433 3388/1431/1427 1173/1077/1077
f 857/1439/1435 3389/1429/1425 3388/1431/1427
f 857/1439/1435 858/1441/1437 3390/1440/1436
f 858/1441/1437 82/1164/1164 1168/1163/1163
f 3390/1440/1436 1168/1163/1163 1169/1177/1177
f 3393/1432/1428 1169/1177/1177 1170/1176/1176
f 3396/1435/1431 1170/1176/1176 142/1175/1175
f 3395/1436/1432 3396/1435/1431 912/1442/1438
f 3395/1436/1432 911/1443/1439 910/1444/1440
f 3394/1434/1430 910/1444/1440 143/1080/1080
f 3391/1430/1426 3394/1434/1430 1171/1079/1079
f 3388/1431/1427 3391/1430/1426 1172/1078/1078
f 3398/1445/1441 3401/1449/1445 3400/1446/1442
f 3399/1448/1444 3402/1459/1450 3401/1449/1445
f 3400/1446/1442 3401/1449/1445 3404/1450/1446
f 3401/1449/1445 3402/1459/1450 3405/1452/1448
f 744/1453/1379 3397/1447/1443 792/1454/1449
f 743/1456/1378 3398/1445/1441 3397/1447/1443
f 742/1457/1377 3399/1448/1444 3398/1445/1441
f 70/1458/972 793/1248/1248 3399/1448/1444
f 793/1248/1248 794/1246/1246 3402/1459/1450
f 3402/1459/1450 794/1246/1246 795/1244/1244
f 3405/1452/1448 795/1244/1244 76/1245/1245
f 3404/1450/1446 3405/1452/1448 775/1460/1451
f 3403/1451/1447 3404/1450/1446 776/1461/1452
f 790/1463/1454 3403/1451/1447 777/1462/1453
f 791/1465/1456 3400/1446/1442 3403/1451/1447
f 3397/1447/1443 3400/1446/1442 791/1465/1456
f 3406/1466/1457 3407/1469/1460 3410/1467/1458
f 3407/1469/1460 3408/1477/1465 3411/1470/1461
f 3410/1467/1458 3413/1472/1463 3412/1471/1462
f 3411/1470/1461 3414/1481/1468 3413/1472/1463
f 109/1473/1396 996/1475/1395 3406/1466/1457
f 996/1475/1395 995/1476/1394 3407/1469/1460
f 995/1476/1394 994/1478/1393 3408/1477/1465
f 994/1478/1393 75/1556/1345 796/1479/1466
f 3408/1477/1465 796/1479/1466 797/1480/1467
f 797/1480/1467 798/1482/1469 3414/1481/1468
f 798/1482/1469 81/1565/1540 997/1483/1470
f 3414/1481/1468 997/1483/1470 998/1484/1471
f 3413/1472/1463 998/1484/1471 999/1485/1472
f 3412/1471/1462 999/1485/1472 110/1486/1473
f 3409/1468/1459 3412/1471/1462 1020/1487/1474
f 1018/1474/1464 3406/1466/1457 3409/1468/1459
f 3415/1489/1476 3416/1492/1479 3419/1490/1477
f 3416/1492/1479 3417/1500/1484 3420/1493/1480
f 3419/1490/1477 3422/1495/1482 3421/1494/1481
f 3420/1493/1480 3423/1504/1487 3422/1495/1482
f 74/1496/1411 753/1498/1410 3415/1489/1476
f 753/1498/1410 752/1499/1409 3416/1492/1479
f 752/1499/1409 751/1501/1408 3417/1500/1484
f 751/1501/1408 73/1575/1365 802/1502/1485
f 3417/1500/1484 802/1502/1485 803/1503/1486
f 803/1503/1486 804/1505/1488 3423/1504/1487
f 804/1505/1488 79/1582/1553 784/1506/1489
f 3423/1504/1487 784/1506/1489 785/1507/1490
f 3422/1495/1482 785/1507/1490 786/1508/1491
f 3421/1494/1481 786/1508/1491 80/1509/1492
f 3418/1491/1478 3421/1494/1481 799/1510/1493
f 801/1497/1483 3415/1489/1476 3418/1491/1478
f 3425/1512/1495 3428/1516/1499 3427/1513/1496
f 3426/1515/1498 3429/1525/1504 3428/1516/1499
f 3427/1513/1496 3428/1516/1499 3431/1517/1500
f 3428/1516/1499 3429/1525/1504 3432/1519/1502
f 747/1520/1423 3424/1514/1497 807/1521/1503
f 746/1523/1422 3425/1512/1495 3424/1514/1497
f 745/1524/1421 3426/1515/1498 3425/1512/1495
f 71/1455/1381 792/1454/1449 3426/1515/1498
f 792/1454/1449 791/1465/1456 3429/1525/1504
f 3429/1525/1504 791/1465/1456 790/1463/1454
f 3432/1519/1502 790/1463/1454 77/1464/1455
f 3431/1517/1500 3432/1519/1502 778/1526/1505
f 3430/1518/1501 3431/1517/1500 779/1527/1506
f 805/1529/1508 3430/1518/1501 780/1528/1507
f 806/1531/1510 3427/1513/1496 3430/1518/1501
f 3424/1514/1497 3427/1513/1496 806/1531/1510
f 3434/1532/1511 3437/1536/1515 3436/1533/1512
f 3434/1532/1511 3435/1541/1520 3438/1535/1514
f 3437/1536/1515 3440/1539/1518 3439/1537/1516
f 3437/1536/1515 3438/1535/1514 3441/1538/1517
f 475/389/389 3433/1534/1513 1167/139/139
f 476/1540/1519 3434/1532/1511 3433/1534/1513
f 476/1540/1519 477/387/387 3435/1541/1520
f 477/387/387 10/161/161 1158/1542/1521
f 3435/1541/1520 1158/1542/1521 1157/1543/1522
f 3438/1535/1514 1157/1543/1522 1156/1544/1523
f 3441/1538/1517 1156/1544/1523 130/1545/1524
f 3440/1539/1518 3441/1538/1517 948/1546/1525
f 3440/1539/1518 947/1547/1526 946/1548/1527
f 3439/1537/1516 946/1548/1527 131/142/142
f 3436/1533/1512 3439/1537/1516 1165/141/141
f 3433/1534/1513 3436/1533/1512 1166/140/140
f 3442/1549/1528 3443/1552/1531 3446/1550/1529
f 3443/1552/1531 3444/1559/1535 3447/1553/1532
f 3446/1550/1529 3449/1555/1534 3448/1554/1533
f 3447/1553/1532 3450/1561/1536 3449/1555/1534
f 75/1556/1345 756/1557/1344 3442/1549/1528
f 756/1557/1344 755/1558/1343 3443/1552/1531
f 755/1558/1343 754/1560/1342 3444/1559/1535
f 754/1560/1342 74/1496/1411 801/1497/1483
f 3444/1559/1535 801/1497/1483 800/1511/1494
f 800/1511/1494 799/1510/1493 3450/1561/1536
f 799/1510/1493 80/1509/1492 787/1562/1537
f 3450/1561/1536 787/1562/1537 788/1563/1538
f 3449/1555/1534 788/1563/1538 789/1564/1539
f 3448/1554/1533 789/1564/1539 81/1565/1540
f 3445/1551/1530 3448/1554/1533 798/1482/1469
f 796/1479/1466 3442/1549/1528 3445/1551/1530
f 3452/1566/1541 3455/1570/1545 3454/1567/1542
f 3453/1569/1544 3456/1578/1549 3455/1570/1545
f 3454/1567/1542 3455/1570/1545 3458/1571/1546
f 3455/1570/1545 3456/1578/1549 3459/1573/1548
f 750/1574/1363 3451/1568/1543 802/1502/1485
f 749/1576/1362 3452/1566/1541 3451/1568/1543
f 748/1577/1361 3453/1569/1544 3452/1566/1541
f 72/1522/1360 807/1521/1503 3453/1569/1544
f 807/1521/1503 806/1531/1510 3456/1578/1549
f 3456/1578/1549 806/1531/1510 805/1529/1508
f 3459/1573/1548 805/1529/1508 78/1530/1509
f 3458/1571/1546 3459/1573/1548 781/1579/1550
f 3457/1572/1547 3458/1571/1546 782/1580/1551
f 804/1505/1488 3457/1572/1547 783/1581/1552
f 803/1503/1486 3454/1567/1542 3457/1572/1547
f 3451/1568/1543 3454/1567/1542 803/1503/1486
f 3460/1583/1554 3461/1586/1557 3464/1584/1555
f 3461/1586/1557 3462/1591/1562 3465/1587/1558
f 3464/1584/1555 3467/1589/1560 3466/1588/1559
f 3465/1587/1558 3468/1594/1565 3467/1589/1560
f 110/1486/1473 999/1485/1472 3460/1583/1554
f 999/1485/1472 998/1484/1471 3461/1586/1557
f 998/1484/1471 997/1483/1470 3462/1591/1562
f 997/1483/1470 81/1565/1540 823/1592/1563
f 3462/1591/1562 823/1592/1563 824/1593/1564
f 824/1593/1564 825/1595/1566 3468/1594/1565
f 825/1595/1566 87/1665/1636 1000/1596/1567
f 3468/1594/1565 1000/1596/1567 1001/1597/1568
f 3467/1589/1560 1001/1597/1568 1002/1598/1569
f 3466/1588/1559 1002/1598/1569 111/1599/1570
f 3463/1585/1556 3466/1588/1559 1017/1600/1571
f 1015/1590/1561 3460/1583/1554 3463/1585/1556
f 3469/1602/1573 3470/1605/1576 3473/1603/1574
f 3470/1605/1576 3471/1610/1581 3474/1606/1577
f 3473/1603/1574 3476/1608/1579 3475/1607/1578
f 3474/1606/1577 3477/1613/1584 3476/1608/1579
f 80/1509/1492 786/1508/1491 3469/1602/1573
f 786/1508/1491 785/1507/1490 3470/1605/1576
f 785/1507/1490 784/1506/1489 3471/1610/1581
f 784/1506/1489 79/1582/1553 829/1611/1582
f 3471/1610/1581 829/1611/1582 830/1612/1583
f 830/1612/1583 831/1614/1585 3477/1613/1584
f 831/1614/1585 85/1678/1649 817/1615/1586
f 3477/1613/1584 817/1615/1586 818/1616/1587
f 3476/1608/1579 818/1616/1587 819/1617/1588
f 3475/1607/1578 819/1617/1588 86/1618/1589
f 3472/1604/1575 3475/1607/1578 826/1619/1590
f 828/1609/1580 3469/1602/1573 3472/1604/1575
f 3479/1621/1592 3482/1625/1596 3481/1622/1593
f 3480/1624/1595 3483/1631/1602 3482/1625/1596
f 3481/1622/1593 3482/1625/1596 3485/1626/1597
f 3482/1625/1596 3483/1631/1602 3486/1628/1599
f 780/1528/1507 3478/1623/1594 834/1629/1600
f 779/1527/1506 3479/1621/1592 3478/1623/1594
f 778/1526/1505 3480/1624/1595 3479/1621/1592
f 77/1464/1455 835/1630/1601 3480/1624/1595
f 835/1630/1601 836/1691/1662 3483/1631/1602
f 3483/1631/1602 836/1691/1662 837/1632/1603
f 3486/1628/1599 837/1632/1603 83/1633/1604
f 3485/1626/1597 3486/1628/1599 811/1634/1605
f 3484/1627/1598 3485/1626/1597 812/1635/1606
f 832/1637/1608 3484/1627/1598 813/1636/1607
f 833/1639/1610 3481/1622/1593 3484/1627/1598
f 3478/1623/1594 3481/1622/1593 833/1639/1610
f 3488/1640/1611 3491/1644/1615 3490/1641/1612
f 3488/1640/1611 3489/1649/1620 3492/1643/1614
f 3491/1644/1615 3494/1647/1618 3493/1645/1616
f 3491/1644/1615 3492/1643/1614 3495/1646/1617
f 543/564/564 3487/1642/1613 1164/409/409
f 542/1648/1619 3488/1640/1611 3487/1642/1613
f 542/1648/1619 541/562/562 3489/1649/1620
f 541/562/562 22/135/135 1159/134/134
f 3489/1649/1620 1159/134/134 1160/148/148
f 3492/1643/1614 1160/148/148 1161/147/147
f 3495/1646/1617 1161/147/147 132/146/146
f 3494/1647/1618 3495/1646/1617 940/1650/1621
f 3494/1647/1618 941/1651/1622 942/1652/1623
f 3493/1645/1616 942/1652/1623 133/412/412
f 3490/1641/1612 3493/1645/1616 1162/411/411
f 3487/1642/1613 3490/1641/1612 1163/410/410
f 3496/1653/1624 3497/1656/1627 3500/1654/1625
f 3497/1656/1627 3498/1660/1631 3501/1657/1628
f 3500/1654/1625 3503/1659/1630 3502/1658/1629
f 3501/1657/1628 3504/1661/1632 3503/1659/1630
f 81/1565/1540 789/1564/1539 3496/1653/1624
f 789/1564/1539 788/1563/1538 3497/1656/1627
f 788/1563/1538 787/1562/1537 3498/1660/1631
f 787/1562/1537 80/1509/1492 828/1609/1580
f 3498/1660/1631 828/1609/1580 827/1620/1591
f 827/1620/1591 826/1619/1590 3504/1661/1632
f 826/1619/1590 86/1618/1589 820/1662/1633
f 3504/1661/1632 820/1662/1633 821/1663/1634
f 3503/1659/1630 821/1663/1634 822/1664/1635
f 3502/1658/1629 822/1664/1635 87/1665/1636
f 3499/1655/1626 3502/1658/1629 825/1595/1566
f 823/1592/1563 3496/1653/1624 3499/1655/1626
f 3506/1666/1637 3509/1670/1641 3508/1667/1638
f 3507/1669/1640 3510/1674/1645 3509/1670/1641
f 3508/1667/1638 3509/1670/1641 3512/1671/1642
f 3509/1670/1641 3510/1674/1645 3513/1673/1644
f 783/1581/1552 3505/1668/1639 829/1611/1582
f 782/1580/1551 3506/1666/1637 3505/1668/1639
f 781/1579/1550 3507/1669/1640 3506/1666/1637
f 78/1530/1509 834/1629/1600 3507/1669/1640
f 834/1629/1600 833/1639/1610 3510/1674/1645
f 3510/1674/1645 833/1639/1610 832/1637/1608
f 3513/1673/1644 832/1637/1608 84/1638/1609
f 3512/1671/1642 3513/1673/1644 814/1675/1646
f 3511/1672/1643 3512/1671/1642 815/1676/1647
f 831/1614/1585 3511/1672/1643 816/1677/1648
f 830/1612/1583 3508/1667/1638 3511/1672/1643
f 3505/1668/1639 3508/1667/1638 830/1612/1583
f 3515/1679/1650 3518/1683/1654 3517/1680/1651
f 3516/1682/1653 3519/1687/1658 3518/1683/1654
f 3517/1680/1651 3518/1683/1654 3521/1684/1655
f 3518/1683/1654 3519/1687/1658 3522/1686/1657
f 777/1462/1453 3514/1681/1652 835/1630/1601
f 776/1461/1452 3515/1679/1650 3514/1681/1652
f 775/1460/1451 3516/1682/1653 3515/1679/1650
f 76/1245/1245 840/1167/1167 3516/1682/1653
f 840/1167/1167 839/1165/1165 3519/1687/1658
f 3519/1687/1658 839/1165/1165 838/1162/1162
f 3522/1686/1657 838/1162/1162 82/1164/1164
f 3521/1684/1655 3522/1686/1657 808/1688/1659
f 3520/1685/1656 3521/1684/1655 809/1689/1660
f 837/1632/1603 3520/1685/1656 810/1690/1661
f 836/1691/1662 3517/1680/1651 3520/1685/1656
f 3514/1681/1652 3517/1680/1651 836/1691/1662
f 3524/1692/1663 3527/1696/1667 3526/1693/1664
f 3524/1692/1663 3525/1701/1672 3528/1695/1666
f 3527/1696/1667 3530/1699/1670 3529/1697/1668
f 3527/1696/1667 3528/1695/1666 3531/1698/1669
f 432/160/160 3523/1694/1665 1158/1542/1521
f 431/1700/1671 3524/1692/1663 3523/1694/1665
f 431/1700/1671 430/158/158 3525/1701/1672
f 430/158/158 4/65/65 1153/622/622
f 3525/1701/1672 1153/622/622 1154/634/634
f 3528/1695/1666 1154/634/634 1155/633/633
f 3531/1698/1669 1155/633/633 94/632/632
f 3530/1699/1670 3531/1698/1669 949/1702/1673
f 3530/1699/1670 950/1703/1674 951/1704/1675
f 3529/1697/1668 951/1704/1675 130/1545/1524
f 3526/1693/1664 3529/1697/1668 1156/1544/1523
f 3523/1694/1665 3526/1693/1664 1157/1543/1522
f 3532/1705/1676 3533/1708/1679 3536/1706/1677
f 3533/1708/1679 3534/1713/1684 3537/1709/1680
f 3536/1706/1677 3539/1711/1682 3538/1710/1681
f 3537/1709/1680 3540/1716/1687 3539/1711/1682
f 87/1665/1636 822/1664/1635 3532/1705/1676
f 822/1664/1635 821/1663/1634 3533/1708/1679
f 821/1663/1634 820/1662/1633 3534/1713/1684
f 820/1662/1633 86/1618/1589 862/1714/1685
f 3534/1713/1684 862/1714/1685 863/1715/1686
f 863/1715/1686 864/1717/1688 3540/1716/1687
f 864/1717/1688 92/1787/1758 853/1718/1689
f 3540/1716/1687 853/1718/1689 854/1719/1690
f 3539/1711/1682 854/1719/1690 855/1720/1691
f 3538/1710/1681 855/1720/1691 93/1721/1692
f 3535/1707/1678 3538/1710/1681 859/1722/1693
f 861/1712/1683 3532/1705/1676 3535/1707/1678
f 3542/1724/1695 3545/1728/1699 3544/1725/1696
f 3543/1727/1698 3546/1734/1705 3545/1728/1699
f 3544/1725/1696 3545/1728/1699 3548/1729/1700
f 3545/1728/1699 3546/1734/1705 3549/1731/1702
f 816/1677/1648 3541/1726/1697 867/1732/1703
f 815/1676/1647 3542/1724/1695 3541/1726/1697
f 814/1675/1646 3543/1727/1698 3542/1724/1695
f 84/1638/1609 868/1733/1704 3543/1727/1698
f 868/1733/1704 869/1800/1771 3546/1734/1705
f 3546/1734/1705 869/1800/1771 870/1735/1706
f 3549/1731/1702 870/1735/1706 90/1736/1707
f 3548/1729/1700 3549/1731/1702 847/1737/1708
f 3547/1730/1701 3548/1729/1700 848/1738/1709
f 865/1740/1711 3547/1730/1701 849/1739/1710
f 866/1742/1713 3544/1725/1696 3547/1730/1701
f 3541/1726/1697 3544/1725/1696 866/1742/1713
f 3551/1743/1714 3554/1747/1718 3553/1744/1715
f 3552/1746/1717 3555/1752/1723 3554/1747/1718
f 3553/1744/1715 3554/1747/1718 3557/1748/1719
f 3554/1747/1718 3555/1752/1723 3558/1750/1721
f 810/1690/1661 3550/1745/1716 873/1751/1722
f 809/1689/1660 3551/1743/1714 3550/1745/1716
f 808/1688/1659 3552/1746/1717 3551/1743/1714
f 82/1164/1164 858/1441/1437 3552/1746/1717
f 858/1441/1437 857/6258/1435 3555/1752/1723
f 3555/1752/1723 857/6258/1435 856/1437/1433
f 3558/1750/1721 856/1437/1433 88/1438/1434
f 3557/1748/1719 3558/1750/1721 841/1753/1724
f 3556/1749/1720 3557/1748/1719 842/1754/1725
f 871/1756/1727 3556/1749/1720 843/1755/1726
f 872/1758/1729 3553/1744/1715 3556/1749/1720
f 3550/1745/1716 3553/1744/1715 872/1758/1729
f 3559/1759/1730 3560/1762/1733 3563/1760/1731
f 3560/1762/1733 3561/1767/1738 3564/1763/1734
f 3563/1760/1731 3566/1765/1736 3565/1764/1735
f 3564/1763/1734 3567/1768/1739 3566/1765/1736
f 111/1599/1570 1002/1598/1569 3559/1759/1730
f 1002/1598/1569 1001/1597/1568 3560/1762/1733
f 1001/1597/1568 1000/1596/1567 3561/1767/1738
f 1000/1596/1567 87/1665/1636 861/1712/1683
f 3561/1767/1738 861/1712/1683 860/1723/1694
f 860/1723/1694 859/1722/1693 3567/1768/1739
f 859/1722/1693 93/1721/1692 1003/1769/1740
f 3567/1768/1739 1003/1769/1740 1004/1770/1741
f 3566/1765/1736 1004/1770/1741 1005/1771/1742
f 3565/1764/1735 1005/1771/1742 112/1772/1743
f 3562/1761/1732 3565/1764/1735 1014/1773/1744
f 1012/1766/1737 3559/1759/1730 3562/1761/1732
f 3568/1775/1746 3569/1778/1749 3572/1776/1747
f 3569/1778/1749 3570/1782/1753 3573/1779/1750
f 3572/1776/1747 3575/1781/1752 3574/1780/1751
f 3573/1779/1750 3576/1783/1754 3575/1781/1752
f 86/1618/1589 819/1617/1588 3568/1775/1746
f 819/1617/1588 818/1616/1587 3569/1778/1749
f 818/1616/1587 817/1615/1586 3570/1782/1753
f 817/1615/1586 85/1678/1649 867/1732/1703
f 3570/1782/1753 867/1732/1703 866/1742/1713
f 866/1742/1713 865/1740/1711 3576/1783/1754
f 865/1740/1711 91/1741/1712 850/1784/1755
f 3576/1783/1754 850/1784/1755 851/1785/1756
f 3575/1781/1752 851/1785/1756 852/1786/1757
f 3574/1780/1751 852/1786/1757 92/1787/1758
f 3571/1777/1748 3574/1780/1751 864/1717/1688
f 862/1714/1685 3568/1775/1746 3571/1777/1748
f 3578/1788/1759 3581/1792/1763 3580/1789/1760
f 3579/1791/1762 3582/1796/1767 3581/1792/1763
f 3580/1789/1760 3581/1792/1763 3584/1793/1764
f 3581/1792/1763 3582/1796/1767 3585/1795/1766
f 813/1636/1607 3577/1790/1761 868/1733/1704
f 812/1635/1606 3578/1788/1759 3577/1790/1761
f 811/1634/1605 3579/1791/1762 3578/1788/1759
f 83/1633/1604 873/1751/1722 3579/1791/1762
f 873/1751/1722 872/1758/1729 3582/1796/1767
f 3582/1796/1767 872/1758/1729 871/1756/1727
f 3585/1795/1766 871/1756/1727 89/1757/1728
f 3584/1793/1764 3585/1795/1766 844/1797/1768
f 3583/1794/1765 3584/1793/1764 845/1798/1769
f 870/1735/1706 3583/1794/1765 846/1799/1770
f 869/1800/1771 3580/1789/1760 3583/1794/1765
f 3577/1790/1761 3580/1789/1760 869/1800/1771
f 3586/1801/1772 3587/1804/1775 3590/1802/1773
f 3587/1804/1775 3588/1809/1780 3591/1805/1776
f 3590/1802/1773 3593/1807/1778 3592/1806/1777
f 3591/1805/1776 3594/1812/1783 3593/1807/1778
f 93/1721/1692 855/1720/1691 3586/1801/1772
f 855/1720/1691 854/1719/1690 3587/1804/1775
f 854/1719/1690 853/1718/1689 3588/1809/1780
f 853/1718/1689 92/1787/1758 952/1810/1781
f 3588/1809/1780 952/1810/1781 953/1811/1782
f 953/1811/1782 954/1813/1784 3594/1812/1783
f 954/1813/1784 3/99/99 895/13/13
f 3594/1812/1783 895/13/13 896/11/11
f 3593/1807/1778 896/11/11 897/10/10
f 3592/1806/1777 897/10/10 97/8/8
f 3589/1803/1774 3592/1806/1777 877/1814/1785
f 879/1808/1779 3586/1801/1772 3589/1803/1774
f 3596/1816/1787 3599/1820/1791 3598/1817/1788
f 3597/1819/1790 3600/1826/1797 3599/1820/1791
f 3598/1817/1788 3599/1820/1791 3602/1821/1792
f 3599/1820/1791 3600/1826/1797 3603/1823/1794
f 849/1739/1710 3595/1818/1789 882/1824/1795
f 848/1738/1709 3596/1816/1787 3595/1818/1789
f 847/1737/1708 3597/1819/1790 3596/1816/1787
f 90/1736/1707 955/1825/1796 3597/1819/1790
f 955/1825/1796 956/1872/1843 3600/1826/1797
f 3600/1826/1797 956/1872/1843 957/1827/1798
f 3603/1823/1794 957/1827/1798 2/37/37
f 3602/1821/1792 3603/1823/1794 889/36/36
f 3601/1822/1793 3602/1821/1792 890/35/35
f 880/1828/1799 3601/1822/1793 891/32/32
f 881/1829/1800 3598/1817/1788 3601/1822/1793
f 3595/1818/1789 3598/1817/1788 881/1829/1800
f 3605/1830/1801 3608/1834/1805 3607/1831/1802
f 3606/1833/1804 3609/1839/1810 3608/1834/1805
f 3607/1831/1802 3608/1834/1805 3611/1835/1806
f 3608/1834/1805 3609/1839/1810 3612/1837/1808
f 843/1755/1726 3604/1832/1803 960/1838/1809
f 842/1754/1725 3605/1830/1801 3604/1832/1803
f 841/1753/1724 3606/1833/1804 3605/1830/1801
f 88/1438/1434 883/1076/1076 3606/1833/1804
f 883/1076/1076 884/1074/1074 3609/1839/1810
f 3609/1839/1810 884/1074/1074 885/1073/1073
f 3612/1837/1808 885/1073/1073 95/61/61
f 3611/1835/1806 3612/1837/1808 886/60/60
f 3610/1836/1807 3611/1835/1806 887/59/59
f 958/1840/1811 3610/1836/1807 888/56/56
f 959/1841/1812 3607/1831/1802 3610/1836/1807
f 3604/1832/1803 3607/1831/1802 959/1841/1812
f 3613/1842/1813 3614/1845/1816 3617/1843/1814
f 3614/1845/1816 3615/1850/1821 3618/1846/1817
f 3617/1843/1814 3620/1848/1819 3619/1847/1818
f 3618/1846/1817 3621/1851/1822 3620/1848/1819
f 112/1772/1743 1005/1771/1742 3613/1842/1813
f 1005/1771/1742 1004/1770/1741 3614/1845/1816
f 1004/1770/1741 1003/1769/1740 3615/1850/1821
f 1003/1769/1740 93/1721/1692 879/1808/1779
f 3615/1850/1821 879/1808/1779 878/1815/1786
f 878/1815/1786 877/1814/1785 3621/1851/1822
f 877/1814/1785 97/8/8 1006/84/84
f 3621/1851/1822 1006/84/84 1007/82/82
f 3620/1848/1819 1007/82/82 1008/81/81
f 3619/1847/1818 1008/81/81 113/79/79
f 3616/1844/1815 3619/1847/1818 1011/1852/1823
f 1009/1849/1820 3613/1842/1813 3616/1844/1815
f 3622/1854/1825 3623/1857/1828 3626/1855/1826
f 3623/1857/1828 3624/1861/1832 3627/1858/1829
f 3626/1855/1826 3629/1860/1831 3628/1859/1830
f 3627/1858/1829 3630/1862/1833 3629/1860/1831
f 92/1787/1758 852/1786/1757 3622/1854/1825
f 852/1786/1757 851/1785/1756 3623/1857/1828
f 851/1785/1756 850/1784/1755 3624/1861/1832
f 850/1784/1755 91/1741/1712 882/1824/1795
f 3624/1861/1832 882/1824/1795 881/1829/1800
f 881/1829/1800 880/1828/1799 3630/1862/1833
f 880/1828/1799 96/34/34 892/103/103
f 3630/1862/1833 892/103/103 893/101/101
f 3629/1860/1831 893/101/101 894/100/100
f 3628/1859/1830 894/100/100 3/99/99
f 3625/1856/1827 3628/1859/1830 954/1813/1784
f 952/1810/1781 3622/1854/1825 3625/1856/1827
f 3632/1863/1834 3635/1867/1838 3634/1864/1835
f 3633/1866/1837 3636/1871/1842 3635/1867/1838
f 3634/1864/1835 3635/1867/1838 3638/1868/1839
f 3635/1867/1838 3636/1871/1842 3639/1870/1841
f 846/1799/1770 3631/1865/1836 955/1825/1796
f 845/1798/1769 3632/1863/1834 3631/1865/1836
f 844/1797/1768 3633/1866/1837 3632/1863/1834
f 89/1757/1728 960/1838/1809 3633/1866/1837
f 960/1838/1809 959/1841/1812 3636/1871/1842
f 3636/1871/1842 959/1841/1812 958/1840/1811
f 3639/1870/1841 958/1840/1811 1/58/58
f 3638/1868/1839 3639/1870/1841 385/119/119
f 3637/1869/1840 3638/1868/1839 386/118/118
f 957/1827/1798 3637/1869/1840 387/117/117
f 956/1872/1843 3634/1864/1835 3637/1869/1840
f 3631/1865/1836 3634/1864/1835 956/1872/1843
f 3641/1873/1844 3644/1877/1848 3643/1874/1845
f 3641/1873/1844 3642/1882/1853 3645/1876/1847
f 3644/1877/1848 3647/1880/1851 3646/1878/1849
f 3644/1877/1848 3645/1876/1847 3648/1879/1850
f 604/844/844 3640/1875/1846 1192/705/705
f 605/1881/1852 3641/1873/1844 3640/1875/1846
f 605/1881/1852 606/842/842 3642/1882/1853
f 606/842/842 34/405/405 1200/404/404
f 3642/1882/1853 1200/404/404 1199/418/418
f 3645/1876/1847 1199/418/418 1198/417/417
f 3648/1879/1850 1198/417/417 134/416/416
f 3647/1880/1851 3648/1879/1850 936/1883/1854
f 3647/1880/1851 935/1884/1855 934/1885/1856
f 3646/1878/1849 934/1885/1856 135/708/708
f 3643/1874/1845 3646/1878/1849 1194/707/707
f 3640/1875/1846 3643/1874/1845 1193/706/706
f 3650/1886/1857 3653/1890/1861 3652/1887/1858
f 3650/1886/1857 3651/1895/1866 3654/1889/1860
f 3653/1890/1861 3656/1893/1864 3655/1891/1862
f 3653/1890/1861 3654/1889/1860 3657/1892/1863
f 1039/642/642 3649/1888/1859 1110/1894/1865
f 1040/653/653 3650/1886/1857 3649/1888/1859
f 1040/653/653 1041/652/652 3651/1895/1866
f 1041/652/652 103/651/651 1105/1896/1867
f 3651/1895/1866 1105/1896/1867 1106/1897/1868
f 3654/1889/1860 1106/1897/1868 1107/1898/1869
f 3657/1892/1863 1107/1898/1869 119/1899/1870
f 3656/1893/1864 3657/1892/1863 1089/1900/1871
f 3656/1893/1864 1088/1901/1872 1087/1902/1873
f 3655/1891/1862 1087/1902/1873 118/1903/1874
f 3652/1887/1858 3655/1891/1862 1108/1904/1875
f 3649/1888/1859 3652/1887/1858 1109/1905/1876
f 3659/1906/1877 3662/1910/1881 3661/1907/1878
f 3659/1906/1877 3660/1915/1886 3663/1909/1880
f 3662/1910/1881 3665/1913/1884 3664/1911/1882
f 3662/1910/1881 3663/1909/1880 3666/1912/1883
f 1018/1474/1464 3658/1908/1879 1116/1914/1885
f 1019/1488/1475 3659/1906/1877 3658/1908/1879
f 1019/1488/1475 1020/1487/1474 3660/1915/1886
f 1020/1487/1474 110/1486/1473 1111/1916/1887
f 3660/1915/1886 1111/1916/1887 1112/1917/1888
f 3663/1909/1880 1112/1917/1888 1113/1918/1889
f 3666/1912/1883 1113/1918/1889 126/1919/1890
f 3665/1913/1884 3666/1912/1883 1068/1920/1891
f 3665/1913/1884 1067/1921/1892 1066/1922/1893
f 3664/1911/1882 1066/1922/1893 125/1923/1894
f 3661/1907/1878 3664/1911/1882 1114/1924/1895
f 3658/1908/1879 3661/1907/1878 1115/1925/1896
f 3668/1926/1897 3671/1930/1901 3670/1927/1898
f 3668/1926/1897 3669/1935/1906 3672/1929/1900
f 3671/1930/1901 3674/1933/1904 3673/1931/1902
f 3671/1930/1901 3672/1929/1900 3675/1932/1903
f 1042/579/579 3667/1928/1899 1119/1934/1905
f 1043/587/587 3668/1926/1897 3667/1928/1899
f 1043/587/587 1044/586/586 3669/1935/1906
f 1044/586/586 102/585/585 1110/1894/1865
f 3669/1935/1906 1110/1894/1865 1109/1905/1876
f 3672/1929/1900 1109/1905/1876 1108/1904/1875
f 3675/1932/1903 1108/1904/1875 118/1903/1874
f 3674/1933/1904 3675/1932/1903 1092/1936/1907
f 3674/1933/1904 1091/1937/1908 1090/1938/1909
f 3673/1931/1902 1090/1938/1909 117/1939/1910
f 3670/1927/1898 3673/1931/1902 1117/1940/1911
f 3667/1928/1899 3670/1927/1898 1118/1941/1912
f 3677/1942/1913 3680/1946/1917 3679/1943/1914
f 3677/1942/1913 3678/1951/1922 3681/1945/1916
f 3680/1946/1917 3683/1949/1920 3682/1947/1918
f 3680/1946/1917 3681/1945/1916 3684/1948/1919
f 1021/1394/1390 3676/1944/1915 1122/1950/1921
f 1022/1402/1398 3677/1942/1913 3676/1944/1915
f 1022/1402/1398 1023/1401/1397 3678/1951/1922
f 1023/1401/1397 109/1400/1396 1116/1952/1885
f 3678/1951/1922 1116/1952/1885 1115/1953/1896
f 3681/1945/1916 1115/1953/1896 1114/1954/1895
f 3684/1948/1919 1114/1954/1895 125/1955/1894
f 3683/1949/1920 3684/1948/1919 1071/1956/1923
f 3683/1949/1920 1070/1957/1924 1069/1958/1925
f 3682/1947/1918 1069/1958/1925 124/1959/1926
f 3679/1943/1914 3682/1947/1918 1120/1960/1927
f 3676/1944/1915 3679/1943/1914 1121/1961/1928
f 3686/1962/1929 3689/1966/1933 3688/1963/1930
f 3686/1962/1929 3687/1972/1938 3690/1965/1932
f 3689/1966/1933 3692/1969/1936 3691/1967/1934
f 3689/1966/1933 3690/1965/1932 3693/1968/1935
f 1045/480/480 3685/1964/1931 1125/1970/1937
f 1046/1971/488 3686/1962/1929 3685/1964/1931
f 1046/1971/488 1047/487/487 3687/1972/1938
f 1047/487/487 101/486/486 1119/1934/1905
f 3687/1972/1938 1119/1934/1905 1118/1941/1912
f 3690/1965/1932 1118/1941/1912 1117/1940/1911
f 3693/1968/1935 1117/1940/1911 117/1939/1910
f 3692/1969/1936 3693/1968/1935 1095/1973/1939
f 3692/1969/1936 1094/1974/1940 1093/1975/1871
f 3691/1967/1934 1093/1975/1871 116/1976/1941
f 3688/1963/1930 3691/1967/1934 1123/1977/1942
f 3685/1964/1931 3688/1963/1930 1124/1978/1943
f 3695/1979/1944 3698/1983/1948 3697/1980/1945
f 3695/1979/1944 3696/1988/1953 3699/1982/1947
f 3698/1983/1948 3701/1986/1951 3700/1984/1949
f 3698/1983/1948 3699/1982/1947 3702/1985/1950
f 1024/1311/1307 3694/1981/1946 1128/1987/1952
f 1025/1319/1315 3695/1979/1944 3694/1981/1946
f 1025/1319/1315 1026/1318/1314 3696/1988/1953
f 1026/1318/1314 108/1317/1313 1122/1950/1921
f 3696/1988/1953 1122/1950/1921 1121/1961/1928
f 3699/1982/1947 1121/1961/1928 1120/1960/1927
f 3702/1985/1950 1120/1960/1927 124/1959/1926
f 3701/1986/1951 3702/1985/1950 1074/1989/1954
f 3701/1986/1951 1073/1990/1955 1072/1991/1891
f 3700/1984/1949 1072/1991/1891 123/1992/1956
f 3697/1980/1945 3700/1984/1949 1126/1993/1957
f 3694/1981/1946 3697/1980/1945 1127/1994/1958
f 3704/1995/1959 3707/1999/1963 3706/1996/1960
f 3704/1995/1959 3705/2004/1968 3708/1998/1962
f 3707/1999/1963 3710/2002/1966 3709/2000/1964
f 3707/1999/1963 3708/1998/1962 3711/2001/1965
f 1048/279/279 3703/1997/1961 1131/2003/1967
f 1049/290/290 3704/1995/1959 3703/1997/1961
f 1049/290/290 1050/289/289 3705/2004/1968
f 1050/289/289 100/288/288 1125/1970/1937
f 3705/2004/1968 1125/1970/1937 1124/1978/1943
f 3708/1998/1962 1124/1978/1943 1123/1977/1942
f 3711/2001/1965 1123/1977/1942 116/1976/1941
f 3710/2002/1966 3711/2001/1965 1098/2005/1969
f 3710/2002/1966 1097/2006/1970 1096/2007/1907
f 3709/2000/1964 1096/2007/1907 115/2008/1971
f 3706/1996/1960 3709/2000/1964 1129/2009/1972
f 3703/1997/1961 3706/1996/1960 1130/2010/1973
f 3713/2011/1974 3716/2015/1978 3715/2012/1975
f 3713/2011/1974 3714/2020/1983 3717/2014/1977
f 3716/2015/1978 3719/2018/1981 3718/2016/1979
f 3716/2015/1978 3717/2014/1977 3720/2017/1980
f 1027/1104/1104 3712/2013/1976 1134/2019/1982
f 1028/1115/1115 3713/2011/1974 3712/2013/1976
f 1028/1115/1115 1029/1114/1114 3714/2020/1983
f 1029/1114/1114 107/1113/1113 1128/1987/1952
f 3714/2020/1983 1128/1987/1952 1127/1994/1958
f 3717/2014/1977 1127/1994/1958 1126/1993/1957
f 3720/2017/1980 1126/1993/1957 123/1992/1956
f 3719/2018/1981 3720/2017/1980 1077/2021/1984
f 3719/2018/1981 1076/2022/1985 1075/2023/1923
f 3718/2016/1979 1075/2023/1923 122/2024/1986
f 3715/2012/1975 3718/2016/1979 1132/2025/1987
f 3712/2013/1976 3715/2012/1975 1133/2026/1988
f 3722/2027/1989 3725/2031/1993 3724/2028/1990
f 3722/2027/1989 3723/2036/1998 3726/2030/1992
f 3725/2031/1993 3728/2034/1996 3727/2032/1994
f 3725/2031/1993 3726/2030/1992 3729/2033/1995
f 1051/175/175 3721/2029/1991 1137/2035/1997
f 1052/186/186 3722/2027/1989 3721/2029/1991
f 1052/186/186 1053/185/185 3723/2036/1998
f 1053/185/185 99/184/184 1131/2003/1967
f 3723/2036/1998 1131/2003/1967 1130/2010/1973
f 3726/2030/1992 1130/2010/1973 1129/2009/1972
f 3729/2033/1995 1129/2009/1972 115/2008/1971
f 3728/2034/1996 3729/2033/1995 1101/2037/1999
f 3728/2034/1996 1100/2038/2000 1099/2039/1939
f 3727/2032/1994 1099/2039/1939 114/2040/2001
f 3724/2028/1990 3727/2032/1994 1135/2041/2002
f 3721/2029/1991 3724/2028/1990 1136/2042/2003
f 3731/2043/2004 3734/2047/2008 3733/2044/2005
f 3731/2043/2004 3732/2052/2013 3735/2046/2007
f 3734/2047/2008 3737/2050/2011 3736/2048/2009
f 3734/2047/2008 3735/2046/2007 3738/2049/2010
f 1030/1024/1024 3730/2045/2006 1140/2051/2012
f 1031/1035/1035 3731/2043/2004 3730/2045/2006
f 1031/1035/1035 1032/1034/1034 3732/2052/2013
f 1032/1034/1034 106/1033/1033 1134/2019/1982
f 3732/2052/2013 1134/2019/1982 1133/2026/1988
f 3735/2046/2007 1133/2026/1988 1132/2025/1987
f 3738/2049/2010 1132/2025/1987 122/2024/1986
f 3737/2050/2011 3738/2049/2010 1080/2053/2014
f 3737/2050/2011 1079/2054/2015 1078/2055/1954
f 3736/2048/2009 1078/2055/1954 121/2056/2016
f 3733/2044/2005 3736/2048/2009 1138/2057/2017
f 3730/2045/2006 3733/2044/2005 1139/2058/2018
f 3740/2059/2019 3743/2063/2023 3742/2060/2020
f 3740/2059/2019 3741/2068/2028 3744/2062/2022
f 3743/2063/2023 3746/2066/2026 3745/2064/2024
f 3743/2063/2023 3744/2062/2022 3747/2065/2025
f 1009/1849/1820 3739/2061/2021 1146/2067/2027
f 1010/1853/1824 3740/2059/2019 3739/2061/2021
f 1010/1853/1824 1011/1852/1823 3741/2068/2028
f 1011/1852/1823 113/79/79 1141/2069/2029
f 3741/2068/2028 1141/2069/2029 1142/2070/2030
f 3744/2062/2022 1142/2070/2030 1143/2071/2031
f 3747/2065/2025 1143/2071/2031 129/2072/2032
f 3746/2066/2026 3747/2065/2025 1059/2073/2033
f 3746/2066/2026 1058/2074/2034 1057/2075/1999
f 3745/2064/2024 1057/2075/1999 128/2076/2035
f 3742/2060/2020 3745/2064/2024 1144/2077/2036
f 3739/2061/2021 3742/2060/2020 1145/2078/2037
f 3749/2079/2038 3752/2083/2042 3751/2080/2039
f 3749/2079/2038 3750/2087/2046 3753/2082/2041
f 3752/2083/2042 3755/2086/2045 3754/2084/2043
f 3752/2083/2042 3753/2082/2041 3756/2085/2044
f 1054/80/80 3748/2081/2040 1141/2069/2029
f 1055/91/91 3749/2079/2038 3748/2081/2040
f 1055/91/91 1056/90/90 3750/2087/2046
f 1056/90/90 98/89/89 1137/2035/1997
f 3750/2087/2046 1137/2035/1997 1136/2042/2003
f 3753/2082/2041 1136/2042/2003 1135/2041/2002
f 3756/2085/2044 1135/2041/2002 114/2040/2001
f 3755/2086/2045 3756/2085/2044 1104/2088/2047
f 3755/2086/2045 1103/2089/2048 1102/2090/1969
f 3754/2084/2043 1102/2090/1969 129/2072/2032
f 3751/2080/2039 3754/2084/2043 1143/2071/2031
f 3748/2081/2040 3751/2080/2039 1142/2070/2030
f 3758/2091/2049 3761/2095/2053 3760/2092/2050
f 3758/2091/2049 3759/2100/2058 3762/2094/2052
f 3761/2095/2053 3764/2098/2056 3763/2096/2054
f 3761/2095/2053 3762/2094/2052 3765/2097/2055
f 1033/927/927 3757/2093/2051 1149/2099/2057
f 1034/935/935 3758/2091/2049 3757/2093/2051
f 1034/935/935 1035/934/934 3759/2100/2058
f 1035/934/934 105/933/933 1140/2051/2012
f 3759/2100/2058 1140/2051/2012 1139/2058/2018
f 3762/2094/2052 1139/2058/2018 1138/2057/2017
f 3765/2097/2055 1138/2057/2017 121/2056/2016
f 3764/2098/2056 3765/2097/2055 1083/2101/1873
f 3764/2098/2056 1082/2102/2059 1081/2103/1984
f 3763/2096/2054 1081/2103/1984 120/2104/2060
f 3760/2092/2050 3763/2096/2054 1147/2105/2061
f 3757/2093/2051 3760/2092/2050 1148/2106/2062
f 3767/2107/2063 3770/2111/2067 3769/2108/2064
f 3767/2107/2063 3768/2116/2072 3771/2110/2066
f 3770/2111/2067 3773/2114/2070 3772/2112/2068
f 3770/2111/2067 3771/2110/2066 3774/2113/2069
f 1012/1766/1737 3766/2109/2065 1152/2115/2071
f 1013/1774/1745 3767/2107/2063 3766/2109/2065
f 1013/1774/1745 1014/1773/1744 3768/2116/2072
f 1014/1773/1744 112/1772/1743 1146/2067/2027
f 3768/2116/2072 1146/2067/2027 1145/2078/2037
f 3771/2110/2066 1145/2078/2037 1144/2077/2036
f 3774/2113/2069 1144/2077/2036 128/2076/2035
f 3773/2114/2070 3774/2113/2069 1062/2117/1893
f 3773/2114/2070 1061/2118/2073 1060/2119/2047
f 3772/2112/2068 1060/2119/2047 127/2120/2074
f 3769/2108/2064 3772/2112/2068 1150/2121/2075
f 3766/2109/2065 3769/2108/2064 1151/2122/2076
f 3776/2123/2077 3779/2127/2081 3778/2124/2078
f 3776/2123/2077 3777/2131/2085 3780/2126/2080
f 3779/2127/2081 3782/2130/2084 3781/2128/2082
f 3779/2127/2081 3780/2126/2080 3783/2129/2083
f 1036/857/857 3775/2125/2079 1105/1896/1867
f 1037/865/865 3776/2123/2077 3775/2125/2079
f 1037/865/865 1038/864/864 3777/2131/2085
f 1038/864/864 104/863/863 1149/2099/2057
f 3777/2131/2085 1149/2099/2057 1148/2106/2062
f 3780/2126/2080 1148/2106/2062 1147/2105/2061
f 3783/2129/2083 1147/2105/2061 120/2104/2060
f 3782/2130/2084 3783/2129/2083 1086/2132/1909
f 3782/2130/2084 1085/2133/2086 1084/2134/2014
f 3781/2128/2082 1084/2134/2014 119/1899/1870
f 3778/2124/2078 3781/2128/2082 1107/1898/1869
f 3775/2125/2079 3778/2124/2078 1106/1897/1868
f 3785/2135/2087 3788/2139/2091 3787/2136/2088
f 3785/2135/2087 3786/2143/2095 3789/2138/2090
f 3788/2139/2091 3791/2142/2094 3790/2140/2092
f 3788/2139/2091 3789/2138/2090 3792/2141/2093
f 1015/1590/1561 3784/2137/2089 1111/1916/1887
f 1016/1601/1572 3785/2135/2087 3784/2137/2089
f 1016/1601/1572 1017/1600/1571 3786/2143/2095
f 1017/1600/1571 111/1599/1570 1152/2115/2071
f 3786/2143/2095 1152/2115/2071 1151/2122/2076
f 3789/2138/2090 1151/2122/2076 1150/2121/2075
f 3792/2141/2093 1150/2121/2075 127/2120/2074
f 3791/2142/2094 3792/2141/2093 1065/2144/1925
f 3791/2142/2094 1064/2145/2096 1063/2146/2033
f 3790/2140/2092 1063/2146/2033 126/1919/1890
f 3787/2136/2088 3790/2140/2092 1113/1918/1889
f 3784/2137/2089 3787/2136/2088 1112/1917/1888
f 3795/2147/2097 3793/6259/2097 3825/2148/2097
f 3797/2150/2097 3793/6259/2097 3795/2147/2097
f 3799/2152/2097 3793/6259/2097 3797/2150/2097
f 3801/2154/2097 3793/6259/2097 3799/2152/2097
f 3803/2156/2097 3793/6259/2097 3801/2154/2097
f 3805/2158/2097 3793/6259/2097 3803/2156/2097
f 3807/2160/2097 3793/6259/2097 3805/2158/2097
f 3809/2162/2097 3793/6259/2097 3807/2160/2097
f 3811/2164/2097 3793/6259/2097 3809/2162/2097
f 3813/2166/2097 3793/6259/2097 3811/2164/2097
f 3815/2168/2097 3793/6259/2097 3813/2166/2097
f 3817/2170/2097 3793/6259/2097 3815/2168/2097
f 3819/2172/2097 3793/6259/2097 3817/2170/2097
f 3821/2174/2097 3793/6259/2097 3819/2172/2097
f 3823/2176/2097 3793/6259/2097 3821/2174/2097
f 3825/2148/2097 3793/6259/2097 3823/2176/2097
f 1057/2075/1999 3794/2149/2097 1062/2117/1893
f 1058/2074/2034 3795/2147/2097 3794/2149/2097
f 3794/2149/2097 3825/2148/2097 1061/2118/2073
f 1102/2090/1969 3796/2151/2097 1059/2073/2033
f 1103/2089/2048 3797/2150/2097 3796/2151/2097
f 3796/2151/2097 3795/2147/2097 1058/2074/2034
f 1099/2039/1939 3798/2153/2097 1104/2088/2047
f 1100/2038/2000 3799/2152/2097 3798/2153/2097
f 3798/2153/2097 3797/2150/2097 1103/2089/2048
f 1096/2007/1907 3800/2155/2097 1101/2037/1999
f 1097/2006/1970 3801/2154/2097 3800/2155/2097
f 3800/2155/2097 3799/2152/2097 1100/2038/2000
f 1093/1975/1871 3802/2157/2097 1098/2005/1969
f 1094/1974/1940 3803/2156/2097 3802/2157/2097
f 3802/2157/2097 3801/2154/2097 1097/2006/1970
f 1090/1938/1909 3804/2159/2097 1095/1973/1939
f 1091/1937/1908 3805/2158/2097 3804/2159/2097
f 3804/2159/2097 3803/2156/2097 1094/1974/1940
f 1087/1902/1873 3806/2161/2097 1092/1936/1907
f 1088/1901/1872 3807/2160/2097 3806/2161/2097
f 3806/2161/2097 3805/2158/2097 1091/1937/1908
f 1084/2134/2014 3808/2163/2097 1089/1900/1871
f 1085/2133/2086 3809/2162/2097 3808/2163/2097
f 3808/2163/2097 3807/2160/2097 1088/1901/1872
f 1081/2103/1984 3810/2165/2097 1086/2132/1909
f 1082/2102/2059 3811/2164/2097 3810/2165/2097
f 3810/2165/2097 3809/2162/2097 1085/2133/2086
f 1078/2055/1954 3812/2167/2097 1083/2101/1873
f 1079/2054/2015 3813/2166/2097 3812/2167/2097
f 3812/2167/2097 3811/2164/2097 1082/2102/2059
f 1075/2023/1923 3814/2169/2097 1080/2053/2014
f 1076/2022/1985 3815/2168/2097 3814/2169/2097
f 3814/2169/2097 3813/2166/2097 1079/2054/2015
f 1072/1991/1891 3816/2171/2097 1077/2021/1984
f 1073/1990/1955 3817/2170/2097 3816/2171/2097
f 3816/2171/2097 3815/2168/2097 1076/2022/1985
f 1069/2179/1925 3818/2173/2097 1074/1989/1954
f 1070/2180/1924 3819/2172/2097 3818/2173/2097
f 3818/2173/2097 3817/2170/2097 1073/1990/1955
f 1066/1922/1893 3820/2175/2097 1071/2181/1923
f 1067/1921/1892 3821/2174/2097 3820/2175/2097
f 3820/2175/2097 3819/2172/2097 1070/2180/1924
f 1063/2146/2033 3822/2177/2097 1068/1920/1891
f 1064/2145/2096 3823/2176/2097 3822/2177/2097
f 3822/2177/2097 3821/2174/2097 1067/1921/1892
f 1060/2119/2047 3824/2178/2097 1065/2144/1925
f 1061/2118/2073 3825/2148/2097 3824/2178/2097
f 3824/2178/2097 3823/2176/2097 1064/2145/2096
f 3826/2182/2098 3827/2186/2102 3830/2183/2099
f 3828/2185/2101 3831/2189/2105 3830/2183/2099
f 3829/2184/2100 3830/2183/2099 3833/2187/2103
f 3831/2189/2105 3834/2198/2114 3833/2187/2103
f 172/2190/2106 1362/2192/2108 3826/2182/2098
f 1362/2192/2108 1361/2194/2110 3827/2186/2102
f 1360/2193/2109 3828/2185/2101 3827/2186/2102
f 173/2195/2111 1251/2196/2112 3828/2185/2101
f 1251/2196/2112 1250/2197/2113 3831/2189/2105
f 1250/2197/2113 1249/2199/2115 3834/2198/2114
f 1249/2199/2115 202/2293/2209 1504/2200/2116
f 3834/2198/2114 1504/2200/2116 1505/2201/2117
f 3832/2188/2104 3833/2187/2103 1505/2201/2117
f 1543/2203/2119 3832/2188/2104 1506/2202/2118
f 1544/2205/2121 3829/2184/2100 3832/2188/2104
f 1545/2191/2107 3826/2182/2098 3829/2184/2100
f 3835/2206/2122 3836/2210/2126 3839/2207/2123
f 3837/2209/2125 3840/2213/2129 3839/2207/2123
f 3838/2208/2124 3839/2207/2123 3842/2211/2127
f 3840/2213/2129 3843/2222/2138 3842/2211/2127
f 375/2214/2130 2640/2216/2132 3835/2206/2122
f 2640/2216/2132 2639/2218/2134 3836/2210/2126
f 2638/2217/2133 3837/2209/2125 3836/2210/2126
f 374/2219/2135 2562/2220/2136 3837/2209/2125
f 2562/2220/2136 2561/2221/2137 3840/2213/2129
f 2561/2221/2137 2560/2223/2139 3843/2222/2138
f 2560/2223/2139 189/2273/2189 1431/2224/2140
f 3843/2222/2138 1431/2224/2140 1430/2225/2141
f 3841/2212/2128 3842/2211/2127 1430/2225/2141
f 2563/2227/2143 3841/2212/2128 1429/2226/2142
f 2564/2229/2145 3838/2208/2124 3841/2212/2128
f 2565/2215/2131 3835/2206/2122 3838/2208/2124
f 3844/2230/2146 3845/2234/2150 3848/2231/2147
f 3846/2233/2149 3849/2237/2153 3848/2231/2147
f 3847/2232/2148 3848/2231/2147 3851/2235/2151
f 3849/2237/2153 3852/2246/2162 3851/2235/2151
f 167/2238/2154 1359/2240/2156 3844/2230/2146
f 1359/2240/2156 1358/2242/2158 3845/2234/2150
f 1357/2241/2157 3846/2233/2149 3845/2234/2150
f 174/2243/2159 1263/2244/2160 3846/2233/2149
f 1263/2244/2160 1262/2245/2161 3849/2237/2153
f 1262/2245/2161 1261/2247/2163 3852/2246/2162
f 1261/2247/2163 203/2333/2249 1501/2248/2164
f 3852/2246/2162 1501/2248/2164 1502/2249/2165
f 3850/2236/2152 3851/2235/2151 1502/2249/2165
f 1314/2251/2167 3850/2236/2152 1503/2250/2166
f 1313/2253/2169 3847/2232/2148 3850/2236/2152
f 1312/2239/2155 3844/2230/2146 3847/2232/2148
f 3853/2254/2170 3854/2258/2174 3857/2255/2171
f 3855/2257/2173 3858/2261/2177 3857/2255/2171
f 3856/2256/2172 3857/2255/2171 3860/2259/2175
f 3858/2261/2177 3861/2268/2184 3860/2259/2175
f 374/2219/2135 2637/2262/2178 3853/2254/2170
f 2637/2262/2178 2636/2264/2180 3854/2258/2174
f 2635/2263/2179 3855/2257/2173 3854/2258/2174
f 369/2265/2181 2547/2266/2182 3855/2257/2173
f 2547/2266/2182 2546/2267/2183 3858/2261/2177
f 2546/2267/2183 2545/2269/2185 3861/2268/2184
f 2545/2269/2185 188/2313/2229 1426/2270/2186
f 3861/2268/2184 1426/2270/2186 1427/2271/2187
f 3859/2260/2176 3860/2259/2175 1427/2271/2187
f 2560/2223/2139 3859/2260/2176 1428/2272/2188
f 2561/2221/2137 3856/2256/2172 3859/2260/2176
f 2562/2220/2136 3853/2254/2170 3856/2256/2172
f 3862/2274/2190 3863/2278/2194 3866/2275/2191
f 3864/2277/2193 3867/2281/2197 3866/2275/2191
f 3865/2276/2192 3866/2275/2191 3869/2279/2195
f 3867/2281/2197 3870/2288/2204 3869/2279/2195
f 173/2195/2111 1356/2282/2198 3862/2274/2190
f 1356/2282/2198 1355/2284/2200 3863/2278/2194
f 1354/2283/2199 3864/2277/2193 3863/2278/2194
f 175/2285/2201 1275/2286/2202 3864/2277/2193
f 1275/2286/2202 1274/2287/2203 3867/2281/2197
f 1274/2287/2203 1273/2289/2205 3870/2288/2204
f 1273/2289/2205 204/2393/2309 1498/2290/2206
f 3870/2288/2204 1498/2290/2206 1499/2291/2207
f 3868/2280/2196 3869/2279/2195 1499/2291/2207
f 1249/2199/2115 3868/2280/2196 1500/2292/2208
f 1250/2197/2113 3865/2276/2192 3868/2280/2196
f 1251/2196/2112 3862/2274/2190 3865/2276/2192
f 3871/2294/2210 3872/2298/2214 3875/2295/2211
f 3873/2297/2213 3876/2301/2217 3875/2295/2211
f 3874/2296/2212 3875/2295/2211 3878/2299/2215
f 3876/2301/2217 3879/2308/2224 3878/2299/2215
f 369/2265/2181 2634/2302/2218 3871/2294/2210
f 2634/2302/2218 2633/2304/2220 3872/2298/2214
f 2632/2303/2219 3873/2297/2213 3872/2298/2214
f 370/2305/2221 2550/2306/2222 3873/2297/2213
f 2550/2306/2222 2549/2307/2223 3876/2301/2217
f 2549/2307/2223 2548/2309/2225 3879/2308/2224
f 2548/2309/2225 187/2377/2293 1423/2310/2226
f 3879/2308/2224 1423/2310/2226 1424/2311/2227
f 3877/2300/2216 3878/2299/2215 1424/2311/2227
f 2545/2269/2185 3877/2300/2216 1425/2312/2228
f 2546/2267/2183 3874/2296/2212 3877/2300/2216
f 2547/2266/2182 3871/2294/2210 3874/2296/2212
f 3880/2314/2230 3881/2318/2234 3884/2315/2231
f 3882/2317/2233 3885/2321/2237 3884/2315/2231
f 3883/2316/2232 3884/2315/2231 3887/2319/2235
f 3885/2321/2237 3888/2328/2244 3887/2319/2235
f 174/2243/2159 1353/2322/2238 3880/2314/2230
f 1353/2322/2238 1352/2324/2240 3881/2318/2234
f 1351/2323/2239 3882/2317/2233 3881/2318/2234
f 176/2325/2241 1287/2326/2242 3882/2317/2233
f 1287/2326/2242 1286/2327/2243 3885/2321/2237
f 1286/2327/2243 1285/2329/2245 3888/2328/2244
f 1285/2329/2245 205/2457/2373 1495/2330/2246
f 3888/2328/2244 1495/2330/2246 1496/2331/2247
f 3886/2320/2236 3887/2319/2235 1496/2331/2247
f 1261/2247/2163 3886/2320/2236 1497/2332/2248
f 1262/2245/2161 3883/2316/2232 3886/2320/2236
f 1263/2244/2160 3880/2314/2230 3883/2316/2232
f 3889/2334/2250 3890/2338/2254 3893/2335/2251
f 3891/2337/2253 3894/2341/2257 3893/2335/2251
f 3892/2336/2252 3893/2335/2251 3896/2339/2255
f 3894/2341/2257 3897/2350/2266 3896/2339/2255
f 162/2342/2258 1392/2344/2260 3889/2334/2250
f 1392/2344/2260 1391/2346/2262 3890/2338/2254
f 1390/2345/2261 3891/2337/2253 3890/2338/2254
f 161/2347/2263 1267/2348/2264 3891/2337/2253
f 1267/2348/2264 1268/2349/2265 3894/2341/2257
f 1268/2349/2265 1269/2351/2267 3897/2350/2266
f 1269/2351/2267 193/2822/2717 1534/2352/2268
f 3897/2350/2266 1534/2352/2268 1535/2353/2269
f 3895/2340/2256 3896/2339/2255 1535/2353/2269
f 1278/2355/2271 3895/2340/2256 1536/2354/2270
f 1277/2357/2273 3892/2336/2252 3895/2340/2256
f 1276/2343/2259 3889/2334/2250 3892/2336/2252
f 3898/2358/2274 3899/2362/2278 3902/2359/2275
f 3900/2361/2277 3903/2365/2281 3902/2359/2275
f 3901/2360/2276 3902/2359/2275 3905/2363/2279
f 3903/2365/2281 3906/2372/2288 3905/2363/2279
f 370/2305/2221 2631/2366/2282 3898/2358/2274
f 2631/2366/2282 2630/2368/2284 3899/2362/2278
f 2629/2367/2283 3900/2361/2277 3899/2362/2278
f 371/2369/2285 2553/2370/2286 3900/2361/2277
f 2553/2370/2286 2552/2371/2287 3903/2365/2281
f 2552/2371/2287 2551/2373/2289 3906/2372/2288
f 2551/2373/2289 186/2437/2353 1422/2374/2290
f 3906/2372/2288 1422/2374/2290 1421/2375/2291
f 3904/2364/2280 3905/2363/2279 1421/2375/2291
f 2548/2309/2225 3904/2364/2280 1420/2376/2292
f 2549/2307/2223 3901/2360/2276 3904/2364/2280
f 2550/2306/2222 3898/2358/2274 3901/2360/2276
f 3907/2378/2294 3908/2382/2298 3911/2379/2295
f 3909/2381/2297 3912/2385/2301 3911/2379/2295
f 3910/2380/2296 3911/2379/2295 3914/2383/2299
f 3912/2385/2301 3915/2389/2305 3914/2383/2299
f 175/2285/2201 1350/2386/2302 3907/2378/2294
f 1350/2386/2302 1349/2388/2304 3908/2382/2298
f 1348/2387/2303 3909/2381/2297 3908/2382/2298
f 162/2342/2258 1276/2343/2259 3909/2381/2297
f 1276/2343/2259 1277/2357/2273 3912/2385/2301
f 1277/2357/2273 1278/2355/2271 3915/2389/2305
f 1278/2355/2271 206/2356/2272 1492/2390/2306
f 3915/2389/2305 1492/2390/2306 1493/2391/2307
f 3913/2384/2300 3914/2383/2299 1493/2391/2307
f 1273/2289/2205 3913/2384/2300 1494/2392/2308
f 1274/2287/2203 3910/2380/2296 3913/2384/2300
f 1275/2286/2202 3907/2378/2294 3910/2380/2296
f 3916/2394/2310 3917/2398/2314 3920/2395/2311
f 3918/2397/2313 3921/2401/2317 3920/2395/2311
f 3919/2396/2312 3920/2395/2311 3923/2399/2315
f 3921/2401/2317 3924/2410/2326 3923/2399/2315
f 164/2402/2318 1389/2404/2320 3916/2394/2310
f 1389/2404/2320 1388/2406/2322 3917/2398/2314
f 1387/2405/2321 3918/2397/2313 3917/2398/2314
f 163/2407/2323 1308/2408/2324 3918/2397/2313
f 1308/2408/2324 1307/2409/2325 3921/2401/2317
f 1307/2409/2325 1306/2411/2327 3924/2410/2326
f 1306/2411/2327 194/2517/2429 1531/2412/2328
f 3924/2410/2326 1531/2412/2328 1532/2413/2329
f 3922/2400/2316 3923/2399/2315 1532/2413/2329
f 1279/2415/2331 3922/2400/2316 1533/2414/2330
f 1280/2417/2333 3919/2396/2312 3922/2400/2316
f 1281/2403/2319 3916/2394/2310 3919/2396/2312
f 3925/2418/2334 3926/2422/2338 3929/2419/2335
f 3927/2421/2337 3930/2425/2341 3929/2419/2335
f 3928/2420/2336 3929/2419/2335 3932/2423/2339
f 3930/2425/2341 3933/2432/2348 3932/2423/2339
f 371/2369/2285 2628/2426/2342 3925/2418/2334
f 2628/2426/2342 2627/2428/2344 3926/2422/2338
f 2626/2427/2343 3927/2421/2337 3926/2422/2338
f 372/2429/2345 2556/2430/2346 3927/2421/2337
f 2556/2430/2346 2555/2431/2347 3930/2425/2341
f 2555/2431/2347 2554/2433/2349 3933/2432/2348
f 2554/2433/2349 185/2501/2413 1419/2434/2350
f 3933/2432/2348 1419/2434/2350 1418/2435/2351
f 3931/2424/2340 3932/2423/2339 1418/2435/2351
f 2551/2373/2289 3931/2424/2340 1417/2436/2352
f 2552/2371/2287 3928/2420/2336 3931/2424/2340
f 2553/2370/2286 3925/2418/2334 3928/2420/2336
f 3934/2438/2354 3935/2442/2358 3938/2439/2355
f 3936/2441/2357 3939/2445/2361 3938/2439/2355
f 3937/2440/2356 3938/2439/2355 3941/2443/2359
f 3939/2445/2361 3942/2452/2368 3941/2443/2359
f 176/2325/2241 1347/2446/2362 3934/2438/2354
f 1347/2446/2362 1346/2448/2364 3935/2442/2358
f 1345/2447/2363 3936/2441/2357 3935/2442/2358
f 166/2449/2365 1290/2450/2366 3936/2441/2357
f 1290/2450/2366 1289/2451/2367 3939/2445/2361
f 1289/2451/2367 1288/2453/2369 3942/2452/2368
f 1288/2453/2369 208/3103/2393 1489/2454/2370
f 3942/2452/2368 1489/2454/2370 1490/2455/2371
f 3940/2444/2360 3941/2443/2359 1490/2455/2371
f 1285/2329/2245 3940/2444/2360 1491/2456/2372
f 1286/2327/2243 3937/2440/2356 3940/2444/2360
f 1287/2326/2242 3934/2438/2354 3937/2440/2356
f 3943/2458/2374 3944/2462/2378 3947/2459/2375
f 3945/2461/2377 3948/2465/2381 3947/2459/2375
f 3946/2460/2376 3947/2459/2375 3950/2463/2379
f 3948/2465/2381 3951/2474/2388 3950/2463/2379
f 166/2466/2365 1386/2468/2382 3943/2458/2374
f 1386/2468/2382 1385/2470/2384 3944/2462/2378
f 1384/2469/2383 3945/2461/2377 3944/2462/2378
f 165/2471/2385 1291/2472/2386 3945/2461/2377
f 1291/2472/2386 1292/2473/2387 3948/2465/2381
f 1292/2473/2387 1293/2475/2389 3951/2474/2388
f 1293/2475/2389 195/2861/2751 1528/2476/2390
f 3951/2474/2388 1528/2476/2390 1529/2477/2391
f 3949/2464/2380 3950/2463/2379 1529/2477/2391
f 1288/2479/2369 3949/2464/2380 1530/2478/2392
f 1289/2481/2367 3946/2460/2376 3949/2464/2380
f 1290/2467/2366 3943/2458/2374 3946/2460/2376
f 3952/2482/2394 3953/2486/2398 3956/2483/2395
f 3954/2485/2397 3957/2489/2401 3956/2483/2395
f 3955/2484/2396 3956/2483/2395 3959/2487/2399
f 3957/2489/2401 3960/2496/2408 3959/2487/2399
f 372/2429/2345 2625/2490/2402 3952/2482/2394
f 2625/2490/2402 2624/2492/2404 3953/2486/2398
f 2623/2491/2403 3954/2485/2397 3953/2486/2398
f 373/2493/2405 1300/2494/2406 3954/2485/2397
f 1300/2494/2406 1301/2495/2407 3957/2489/2401
f 1301/2495/2407 1302/2497/2409 3960/2496/2408
f 1302/2497/2409 184/3381/2813 1414/2498/2410
f 3960/2496/2408 1414/2498/2410 1415/2499/2411
f 3958/2488/2400 3959/2487/2399 1415/2499/2411
f 2554/2433/2349 3958/2488/2400 1416/2500/2412
f 2555/2431/2347 3955/2484/2396 3958/2488/2400
f 2556/2430/2346 3952/2482/2394 3955/2484/2396
f 3961/2502/2414 3962/2506/2418 3965/2503/2415
f 3963/2505/2417 3966/2509/2421 3965/2503/2415
f 3964/2504/2416 3965/2503/2415 3968/2507/2419
f 3966/2509/2421 3969/2513/2425 3968/2507/2419
f 163/2407/2323 1383/2510/2422 3961/2502/2414
f 1383/2510/2422 1382/2512/2424 3962/2506/2418
f 1381/2511/2423 3963/2505/2417 3962/2506/2418
f 167/2238/2154 1312/2239/2155 3963/2505/2417
f 1312/2239/2155 1313/2253/2169 3966/2509/2421
f 1313/2253/2169 1314/2251/2167 3969/2513/2425
f 1314/2251/2167 196/2252/2168 1525/2514/2426
f 3969/2513/2425 1525/2514/2426 1526/2515/2427
f 3967/2508/2420 3968/2507/2419 1526/2515/2427
f 1306/2411/2327 3967/2508/2420 1527/2516/2428
f 1307/2409/2325 3964/2504/2416 3967/2508/2420
f 1308/2408/2324 3961/2502/2414 3964/2504/2416
f 3970/2518/2430 3971/2522/2434 3974/2519/2431
f 3972/2521/2433 3975/2525/2437 3974/2519/2431
f 3973/2520/2432 3974/2519/2431 3977/2523/2435
f 3975/2525/2437 3978/2534/2446 3977/2523/2435
f 224/2526/2438 1680/2528/2440 3970/2518/2430
f 1680/2528/2440 1679/2530/2442 3971/2522/2434
f 1678/2529/2441 3972/2521/2433 3971/2522/2434
f 211/2531/2443 1593/2532/2444 3972/2521/2433
f 1593/2532/2444 1592/2533/2445 3975/2525/2437
f 1592/2533/2445 1591/2535/2447 3978/2534/2446
f 1591/2535/2447 166/2449/2365 1345/2447/2363
f 3978/2534/2446 1345/2447/2363 1346/2448/2364
f 3976/2524/2436 3977/2523/2435 1346/2448/2364
f 1344/2536/2448 3976/2524/2436 1347/2446/2362
f 1343/2537/2449 3973/2520/2432 3976/2524/2436
f 1342/2527/2439 3970/2518/2430 3973/2520/2432
f 3979/2538/2450 3980/2542/2454 3983/2539/2451
f 3981/2541/2453 3984/2545/2457 3983/2539/2451
f 3982/2540/2452 3983/2539/2451 3986/2543/2455
f 3984/2545/2457 3987/2554/2466 3986/2543/2455
f 223/2546/2458 1677/2548/2460 3979/2538/2450
f 1677/2548/2460 1676/2550/2462 3980/2542/2454
f 1675/2549/2461 3981/2541/2453 3980/2542/2454
f 209/2551/2463 1587/2552/2464 3981/2541/2453
f 1587/2552/2464 1586/2553/2465 3984/2545/2457
f 1586/2553/2465 1585/2555/2467 3987/2554/2466
f 1585/2555/2467 162/2342/2258 1348/2387/2303
f 3987/2554/2466 1348/2387/2303 1349/2388/2304
f 3985/2544/2456 3986/2543/2455 1349/2388/2304
f 1341/2556/2468 3985/2544/2456 1350/2386/2302
f 1340/2557/2469 3982/2540/2452 3985/2544/2456
f 1339/2547/2459 3979/2538/2450 3982/2540/2452
f 3988/2558/2470 3989/2562/2474 3992/2559/2471
f 3990/2561/2473 3993/2565/2477 3992/2559/2471
f 3991/2560/2472 3992/2559/2471 3995/2563/2475
f 3993/2565/2477 3996/2571/2483 3995/2563/2475
f 1674/2566/2478 3988/2558/2470 1336/2567/2479
f 1674/2566/2478 1673/2570/2482 3989/2562/2474
f 1672/2569/2481 3990/2561/2473 3989/2562/2474
f 1672/2569/2481 224/2526/2438 1342/2527/2439
f 1342/2527/2439 1343/2537/2449 3993/2565/2477
f 1343/2537/2449 1344/2536/2448 3996/2571/2483
f 1344/2536/2448 176/2325/2241 1351/2323/2239
f 3996/2571/2483 1351/2323/2239 1352/2324/2240
f 3994/2564/2476 3995/2563/2475 1352/2324/2240
f 1338/2572/2484 3994/2564/2476 1353/2322/2238
f 1337/2573/2485 3991/2560/2472 3994/2564/2476
f 1336/2567/2479 3988/2558/2470 3991/2560/2472
f 3997/2574/2486 3998/2578/2490 4001/2575/2487
f 3999/2577/2489 4002/2581/2493 4001/2575/2487
f 4000/2576/2488 4001/2575/2487 4004/2579/2491
f 4002/2581/2493 4005/2587/2499 4004/2579/2491
f 1671/2582/2494 3997/2574/2486 1333/2583/2495
f 1671/2582/2494 1670/2586/2498 3998/2578/2490
f 1669/2585/2497 3999/2577/2489 3998/2578/2490
f 1669/2585/2497 223/2546/2458 1339/2547/2459
f 1339/2547/2459 1340/2557/2469 4002/2581/2493
f 1340/2557/2469 1341/2556/2468 4005/2587/2499
f 1341/2556/2468 175/2285/2201 1354/2283/2199
f 4005/2587/2499 1354/2283/2199 1355/2284/2200
f 4003/2580/2492 4004/2579/2491 1355/2284/2200
f 1335/2588/2500 4003/2580/2492 1356/2282/2198
f 1334/2589/2501 4000/2576/2488 4003/2580/2492
f 1333/2583/2495 3997/2574/2486 4000/2576/2488
f 4006/2590/2502 4007/2594/2506 4010/2591/2503
f 4008/2593/2505 4011/2597/2509 4010/2591/2503
f 4009/2592/2504 4010/2591/2503 4013/2595/2507
f 4011/2597/2509 4014/2603/2515 4013/2595/2507
f 1668/2598/2510 4006/2590/2502 1315/2599/2511
f 1668/2598/2510 1667/2602/2514 4007/2594/2506
f 1666/2601/2513 4008/2593/2505 4007/2594/2506
f 1666/2601/2513 222/2568/2480 1336/2567/2479
f 1336/2567/2479 1337/2573/2485 4011/2597/2509
f 1337/2573/2485 1338/2572/2484 4014/2603/2515
f 1338/2572/2484 174/2243/2159 1357/2241/2157
f 4014/2603/2515 1357/2241/2157 1358/2242/2158
f 4012/2596/2508 4013/2595/2507 1358/2242/2158
f 1317/2604/2516 4012/2596/2508 1359/2240/2156
f 1316/2605/2517 4009/2592/2504 4012/2596/2508
f 1315/2599/2511 4006/2590/2502 4009/2592/2504
f 4015/2606/2518 4016/2610/2522 4019/2607/2519
f 4017/2609/2521 4020/2613/2525 4019/2607/2519
f 4018/2608/2520 4019/2607/2519 4022/2611/2523
f 4020/2613/2525 4023/2619/2531 4022/2611/2523
f 1665/2614/2526 4015/2606/2518 1330/2615/2527
f 1665/2614/2526 1664/2618/2530 4016/2610/2522
f 1663/2617/2529 4017/2609/2521 4016/2610/2522
f 1663/2617/2529 221/2584/2496 1333/2583/2495
f 1333/2583/2495 1334/2589/2501 4020/2613/2525
f 1334/2589/2501 1335/2588/2500 4023/2619/2531
f 1335/2588/2500 173/2195/2111 1360/2193/2109
f 4023/2619/2531 1360/2193/2109 1361/2194/2110
f 4021/2612/2524 4022/2611/2523 1361/2194/2110
f 1332/2620/2532 4021/2612/2524 1362/2192/2108
f 1331/2621/2533 4018/2608/2520 4021/2612/2524
f 1330/2615/2527 4015/2606/2518 4018/2608/2520
f 4024/2622/2534 4025/2626/2538 4028/2623/2535
f 4026/2625/2537 4029/2629/2541 4028/2623/2535
f 4027/2624/2536 4028/2623/2535 4031/2627/2539
f 4029/2629/2541 4032/2635/2547 4031/2627/2539
f 219/2630/2542 1662/2633/2545 4024/2622/2534
f 1661/2632/2544 4025/2626/2538 4024/2622/2534
f 1660/2634/2546 4026/2625/2537 4025/2626/2538
f 1660/2634/2546 220/2616/2528 1330/2615/2527
f 1330/2615/2527 1331/2621/2533 4029/2629/2541
f 1331/2621/2533 1332/2620/2532 4032/2635/2547
f 1332/2620/2532 172/2190/2106 1363/2636/2548
f 4032/2635/2547 1363/2636/2548 1364/2637/2549
f 4030/2628/2540 4031/2627/2539 1364/2637/2549
f 1329/2639/2551 4030/2628/2540 1365/2638/2550
f 1328/2641/2553 4027/2624/2536 4030/2628/2540
f 1327/2631/2543 4024/2622/2534 4027/2624/2536
f 4033/2642/2554 4034/2646/2558 4037/2643/2555
f 4035/2645/2557 4038/2649/2561 4037/2643/2555
f 4036/2644/2556 4037/2643/2555 4040/2647/2559
f 4038/2649/2561 4041/2658/2570 4040/2647/2559
f 1659/2650/2562 4033/2642/2554 1324/2651/2563
f 1659/2650/2562 1658/2654/2566 4034/2646/2558
f 1657/2653/2565 4035/2645/2557 4034/2646/2558
f 210/2655/2567 1590/2656/2568 4035/2645/2557
f 1590/2656/2568 1589/2657/2569 4038/2649/2561
f 1589/2657/2569 1588/2659/2571 4041/2658/2570
f 1588/2659/2571 164/2402/2318 1366/2660/2572
f 4041/2658/2570 1366/2660/2572 1367/2661/2573
f 4039/2648/2560 4040/2647/2559 1367/2661/2573
f 1326/2663/2575 4039/2648/2560 1368/2662/2574
f 1325/2665/2577 4036/2644/2556 4039/2648/2560
f 1324/2651/2563 4033/2642/2554 4036/2644/2556
f 4042/2666/2578 4043/2670/2582 4046/2667/2579
f 4044/2669/2581 4047/2673/2585 4046/2667/2579
f 4045/2668/2580 4046/2667/2579 4049/2671/2583
f 4047/2673/2585 4050/2681/2591 4049/2671/2583
f 217/2674/2586 1656/2677/2589 4042/2666/2578
f 1655/2676/2588 4043/2670/2582 4042/2666/2578
f 1654/2678/2590 4044/2669/2581 4043/2670/2582
f 1654/2678/2590 219/6260/2542 1327/2679/2543
f 1327/2679/2543 1328/2680/2553 4047/2673/2585
f 1328/2680/2553 1329/2682/2551 4050/2681/2591
f 1329/2682/2551 171/6261/2552 1369/2683/2592
f 4050/2681/2591 1369/2683/2592 1370/2684/2593
f 4048/2672/2584 4049/2671/2583 1370/2684/2593
f 1323/2686/2595 4048/2672/2584 1371/2685/2594
f 1322/2688/2597 4045/2668/2580 4048/2672/2584
f 1321/2675/2587 4042/2666/2578 4045/2668/2580
f 4051/2689/2598 4052/2693/2602 4055/2690/2599
f 4053/2692/2601 4056/2696/2605 4055/2690/2599
f 4054/2691/2600 4055/2690/2599 4058/2694/2603
f 4056/2696/2605 4059/2702/2611 4058/2694/2603
f 1653/2697/2606 4051/2689/2598 1318/2698/2607
f 1653/2697/2606 1652/2701/2610 4052/2693/2602
f 1651/2700/2609 4053/2692/2601 4052/2693/2602
f 1651/2700/2609 218/2652/2564 1324/2651/2563
f 1324/2651/2563 1325/2665/2577 4056/2696/2605
f 1325/2665/2577 1326/2663/2575 4059/2702/2611
f 1326/2663/2575 170/2664/2576 1372/2703/2612
f 4059/2702/2611 1372/2703/2612 1373/2704/2613
f 4057/2695/2604 4058/2694/2603 1373/2704/2613
f 1320/2706/2615 4057/2695/2604 1374/2705/2614
f 1319/2708/2617 4054/2691/2600 4057/2695/2604
f 1318/2698/2607 4051/2689/2598 4054/2691/2600
f 4061/2709/2618 4064/2713/2622 4063/2710/2619
f 4062/2712/2621 4065/2716/2625 4064/2713/2622
f 4063/2710/2619 4064/2713/2622 4067/2714/2623
f 4065/2716/2625 4068/2724/2631 4067/2714/2623
f 214/2717/2626 1650/2720/2629 4060/2711/2620
f 1649/2719/2628 4061/2709/2618 4060/2711/2620
f 1648/2721/2630 4062/2712/2621 4061/2709/2618
f 1648/2721/2630 217/3466/2586 1321/2722/2587
f 1321/2722/2587 1322/2723/2597 4065/2716/2625
f 1322/2723/2597 1323/2725/2595 4068/2724/2631
f 1323/2725/2595 169/3267/2596 1375/2726/2632
f 4068/2724/2631 1375/2726/2632 1376/2727/2633
f 4066/2715/2624 4067/2714/2623 1376/2727/2633
f 1311/2729/2635 4066/2715/2624 1377/2728/2634
f 1310/2730/2636 4063/2710/2619 4066/2715/2624
f 1309/2718/2627 4060/2711/2620 4063/2710/2619
f 4069/2731/2637 4070/2735/2641 4073/2732/2638
f 4071/2734/2640 4074/2738/2644 4073/2732/2638
f 4072/2733/2639 4073/2732/2638 4076/2736/2642
f 4074/2738/2644 4077/2744/2650 4076/2736/2642
f 1647/2739/2645 4069/2731/2637 1297/2740/2646
f 1647/2739/2645 1646/2743/2649 4070/2735/2641
f 1645/2742/2648 4071/2734/2640 4070/2735/2641
f 1645/2742/2648 216/2699/2608 1318/2698/2607
f 1318/2698/2607 1319/2708/2617 4074/2738/2644
f 1319/2708/2617 1320/2706/2615 4077/2744/2650
f 1320/2706/2615 168/2707/2616 1378/2745/2651
f 4077/2744/2650 1378/2745/2651 1379/2746/2652
f 4075/2737/2643 4076/2736/2642 1379/2746/2652
f 1299/2748/2654 4075/2737/2643 1380/2747/2653
f 1298/2749/2655 4072/2733/2639 4075/2737/2643
f 1297/2740/2646 4069/2731/2637 4072/2733/2639
f 4078/2750/2656 4079/2754/2660 4082/2751/2657
f 4080/2753/2659 4083/2757/2663 4082/2751/2657
f 4081/2752/2658 4082/2751/2657 4085/2755/2661
f 4083/2757/2663 4086/2763/2669 4085/2755/2661
f 1644/2758/2664 4078/2750/2656 1303/2759/2665
f 1644/2758/2664 1643/2762/2668 4079/2754/2660
f 1642/2761/2667 4080/2753/2659 4079/2754/2660
f 1642/2761/2667 215/2600/2512 1315/2599/2511
f 1315/2599/2511 1316/2605/2517 4083/2757/2663
f 1316/2605/2517 1317/2604/2516 4086/2763/2669
f 1317/2604/2516 167/2238/2154 1381/2511/2423
f 4086/2763/2669 1381/2511/2423 1382/2512/2424
f 4084/2756/2662 4085/2755/2661 1382/2512/2424
f 1305/2764/2670 4084/2756/2662 1383/2510/2422
f 1304/2765/2671 4081/2752/2658 4084/2756/2662
f 1303/2759/2665 4078/2750/2656 4081/2752/2658
f 4087/2766/2672 4088/2770/2676 4091/2767/2673
f 4089/2769/2675 4092/2773/2679 4091/2767/2673
f 4090/2768/2674 4091/2767/2673 4094/2771/2677
f 4092/2773/2679 4095/2782/2683 4094/2771/2677
f 1641/2774/2680 4087/2766/2672 1593/2775/2444
f 1641/2774/2680 1640/2777/2681 4088/2770/2676
f 1640/2777/2681 1639/2779/2682 4089/2769/2675
f 214/2778/2626 1309/2780/2627 4089/2769/2675
f 1309/2780/2627 1310/2781/2636 4092/2773/2679
f 1310/2781/2636 1311/2783/2635 4095/2782/2683
f 1311/2783/2635 165/6262/2385 1384/2784/2383
f 4095/2782/2683 1384/2784/2383 1385/2785/2384
f 4093/2772/2678 4094/2771/2677 1385/2785/2384
f 1591/2787/2447 4093/2772/2678 1386/2786/2382
f 1592/2788/2445 4090/2768/2674 4093/2772/2678
f 1593/2775/2444 4087/2766/2672 4090/2768/2674
f 4096/2789/2684 4097/2793/2688 4100/2790/2685
f 4098/2792/2687 4101/2796/2691 4100/2790/2685
f 4099/2791/2686 4100/2790/2685 4103/2794/2689
f 4101/2796/2691 4104/2800/2695 4103/2794/2689
f 210/2655/2567 1638/2798/2693 4096/2789/2684
f 1637/2797/2692 4097/2793/2688 4096/2789/2684
f 1636/2799/2694 4098/2792/2687 4097/2793/2688
f 1636/2799/2694 213/2760/2666 1303/2759/2665
f 1303/2759/2665 1304/2765/2671 4101/2796/2691
f 1304/2765/2671 1305/2764/2670 4104/2800/2695
f 1305/2764/2670 163/2407/2323 1387/2405/2321
f 4104/2800/2695 1387/2405/2321 1388/2406/2322
f 4102/2795/2690 4103/2794/2689 1388/2406/2322
f 1588/2659/2571 4102/2795/2690 1389/2404/2320
f 1589/2657/2569 4099/2791/2686 4102/2795/2690
f 1590/2656/2568 4096/2789/2684 4099/2791/2686
f 4105/2801/2696 4106/2805/2700 4109/2802/2697
f 4107/2804/2699 4110/2808/2703 4109/2802/2697
f 4108/2803/2698 4109/2802/2697 4112/2806/2701
f 4110/2808/2703 4113/2812/2707 4112/2806/2701
f 209/2551/2463 1635/2810/2705 4105/2801/2696
f 1634/2809/2704 4106/2805/2700 4105/2801/2696
f 1633/2811/2706 4107/2804/2699 4106/2805/2700
f 1633/2811/2706 212/2741/2647 1297/2740/2646
f 1297/2740/2646 1298/2749/2655 4110/2808/2703
f 1298/2749/2655 1299/2748/2654 4113/2812/2707
f 1299/2748/2654 161/2347/2263 1390/2345/2261
f 4113/2812/2707 1390/2345/2261 1391/2346/2262
f 4111/2807/2702 4112/2806/2701 1391/2346/2262
f 1585/2555/2467 4111/2807/2702 1392/2344/2260
f 1586/2553/2465 4108/2803/2698 4111/2807/2702
f 1587/2552/2464 4105/2801/2696 4108/2803/2698
f 4114/2813/2708 4115/2817/2712 4118/2814/2709
f 4116/2816/2711 4119/2824/2719 4118/2814/2709
f 4118/2814/2709 4121/2820/2715 4120/2818/2713
f 4118/2814/2709 4119/2824/2719 4122/2819/2714
f 206/2356/2272 1536/2354/2270 4114/2813/2708
f 1536/2354/2270 1535/2353/2269 4115/2817/2712
f 1534/2352/2268 4116/2816/2711 4115/2817/2712
f 193/2822/2717 1441/2823/2718 4116/2816/2711
f 1441/2823/2718 1442/2907/2797 4119/2824/2719
f 4119/2824/2719 1442/2907/2797 1443/2825/2720
f 4122/2819/2714 1443/2825/2720 190/2826/2144
f 4121/2820/2715 4122/2819/2714 1429/2827/2142
f 4121/2820/2715 1430/2828/2141 1431/2829/2140
f 4120/2818/2713 1431/2829/2140 189/2830/2189
f 4117/2815/2710 4120/2818/2713 1480/2831/2721
f 1482/2821/2716 4114/2813/2708 4117/2815/2710
f 4123/2833/2723 4124/2837/2727 4127/2834/2724
f 4125/2836/2726 4128/2843/2733 4127/2834/2724
f 4127/2834/2724 4130/2840/2730 4129/2838/2728
f 4127/2834/2724 4128/2843/2733 4131/2839/2729
f 207/2416/2332 1533/2414/2330 4123/2833/2723
f 1533/2414/2330 1532/2413/2329 4124/2837/2727
f 1531/2412/2328 4125/2836/2726 4124/2837/2727
f 194/2517/2429 1444/2842/2732 4125/2836/2726
f 1444/2842/2732 1445/2887/2777 4128/2843/2733
f 4128/2843/2733 1445/2887/2777 1446/2844/2734
f 4131/2839/2729 1446/2844/2734 177/2845/2735
f 4130/2840/2730 4131/2839/2729 1393/2846/2736
f 4130/2840/2730 1394/2847/2737 1395/2848/2738
f 4129/2838/2728 1395/2848/2738 178/2849/2739
f 4126/2835/2725 4129/2838/2728 1483/2850/2740
f 1485/2841/2731 4123/2833/2723 4126/2835/2725
f 4132/2852/2742 4133/2856/2746 4136/2853/2743
f 4134/2855/2745 4137/2863/2753 4136/2853/2743
f 4136/2853/2743 4139/2859/2749 4138/2857/2747
f 4136/2853/2743 4137/2863/2753 4140/2858/2748
f 208/2480/2393 1530/2478/2392 4132/2852/2742
f 1530/2478/2392 1529/2477/2391 4133/2856/2746
f 1528/2476/2390 4134/2855/2745 4133/2856/2746
f 195/2861/2751 1447/2862/2752 4134/2855/2745
f 1447/2862/2752 1448/6263/2817 4137/2863/2753
f 4137/2863/2753 1448/6263/2817 1449/2864/2754
f 4140/2858/2748 1449/2864/2754 183/2865/2755
f 4139/2859/2749 4140/2858/2748 1408/2866/2756
f 4139/2859/2749 1409/2867/2757 1410/2868/2758
f 4138/2857/2747 1410/2868/2758 182/2869/2759
f 4135/2854/2744 4138/2857/2747 1486/2870/2760
f 1488/2860/2750 4132/2852/2742 4135/2854/2744
f 4141/2872/2762 4142/2876/2766 4145/2873/2763
f 4143/2875/2765 4146/2881/2771 4145/2873/2763
f 4145/2873/2763 4148/2879/2769 4147/2877/2767
f 4145/2873/2763 4146/2881/2771 4149/2878/2768
f 194/2517/2429 1527/2516/2428 4141/2872/2762
f 1527/2516/2428 1526/2515/2427 4142/2876/2766
f 1525/2514/2426 4143/2875/2765 4142/2876/2766
f 196/2252/2168 1450/2880/2770 4143/2875/2765
f 1450/2880/2770 1451/3043/2912 4146/2881/2771
f 4146/2881/2771 1451/3043/2912 1452/2882/2772
f 4149/2878/2768 1452/2882/2772 179/2883/2773
f 4148/2879/2769 4149/2878/2768 1396/2884/2774
f 4148/2879/2769 1397/2885/2775 1398/2886/2776
f 4147/2877/2767 1398/2886/2776 177/2845/2735
f 4144/2874/2764 4147/2877/2767 1446/2844/2734
f 1444/2842/2732 4141/2872/2762 4144/2874/2764
f 4150/2888/2778 4151/2892/2782 4154/2889/2779
f 4152/2891/2781 4155/2901/2791 4154/2889/2779
f 4154/2889/2779 4157/2895/2785 4156/2893/2783
f 4154/2889/2779 4155/2901/2791 4158/2894/2784
f 193/2822/2717 1524/2896/2786 4150/2888/2778
f 1524/2896/2786 1523/2898/2788 4151/2892/2782
f 1522/2897/2787 4152/2891/2781 4151/2892/2782
f 197/2899/2789 1453/2900/2790 4152/2891/2781
f 1453/2900/2790 1454/2950/2837 4155/2901/2791
f 4155/2901/2791 1454/2950/2837 1455/2902/2792
f 4158/2894/2784 1455/2902/2792 191/2903/2793
f 4157/2895/2785 4158/2894/2784 1434/2904/2794
f 4157/2895/2785 1433/2905/2795 1432/2906/2796
f 4156/2893/2783 1432/2906/2796 190/2826/2144
f 4153/2890/2780 4156/2893/2783 1443/2825/2720
f 1441/2823/2718 4150/2888/2778 4153/2890/2780
f 4159/2908/2798 4160/2912/2802 4163/2909/2799
f 4161/2911/2801 4164/2923/2811 4163/2909/2799
f 4163/2909/2799 4166/2915/2805 4165/2913/2803
f 4163/2909/2799 4164/2923/2811 4167/2914/2804
f 195/2916/2751 1521/2918/2806 4159/2908/2798
f 1521/2918/2806 1520/2920/2808 4160/2912/2802
f 1519/2919/2807 4161/2911/2801 4160/2912/2802
f 198/2921/2809 1456/2922/2810 4161/2911/2801
f 1456/2922/2810 1457/6264/2853 4164/2923/2811
f 4164/2923/2811 1457/6264/2853 1458/2924/2812
f 4167/2914/2804 1458/2924/2812 184/2925/2813
f 4166/2915/2805 4167/2914/2804 1413/2926/2814
f 4166/2915/2805 1412/2927/2815 1411/2928/2816
f 4165/2913/2803 1411/2928/2816 183/2865/2755
f 4162/2910/2800 4165/2913/2803 1449/2929/2754
f 1447/2917/2752 4159/2908/2798 4162/2910/2800
f 4168/2931/2818 4169/2935/2822 4172/2932/2819
f 4170/2934/2821 4173/2944/2831 4172/2932/2819
f 4172/2932/2819 4175/2938/2825 4174/2936/2823
f 4172/2932/2819 4173/2944/2831 4176/2937/2824
f 197/2899/2789 1518/2939/2826 4168/2931/2818
f 1518/2939/2826 1517/2941/2828 4169/2935/2822
f 1516/2940/2827 4170/2934/2821 4169/2935/2822
f 199/2942/2829 1459/2943/2830 4170/2934/2821
f 1459/2943/2830 1460/2989/2869 4173/2944/2831
f 4173/2944/2831 1460/2989/2869 1461/2945/2832
f 4176/2937/2824 1461/2945/2832 192/2946/2833
f 4175/2938/2825 4176/2937/2824 1437/2947/2834
f 4175/2938/2825 1436/2948/2835 1435/2949/2836
f 4174/2936/2823 1435/2949/2836 191/2903/2793
f 4171/2933/2820 4174/2936/2823 1455/2902/2792
f 1453/2900/2790 4168/2931/2818 4171/2933/2820
f 4177/2951/2838 4178/2955/2842 4181/2952/2839
f 4179/2954/2841 4182/2966/2851 4181/2952/2839
f 4181/2952/2839 4184/2958/2845 4183/2956/2843
f 4181/2952/2839 4182/2966/2851 4185/2957/2844
f 198/2959/2809 1515/2961/2846 4177/2951/2838
f 1515/2961/2846 1514/2963/2848 4178/2955/2842
f 1513/2962/2847 4179/2954/2841 4178/2955/2842
f 200/2964/2849 1462/2965/2850 4179/2954/2841
f 1462/2965/2850 1463/6265/2884 4182/2966/2851
f 4182/2966/2851 1463/6265/2884 1464/2967/2852
f 4185/2957/2844 1464/2967/2852 185/2968/2413
f 4184/2958/2845 4185/2957/2844 1416/2969/2412
f 4184/2958/2845 1415/2970/2411 1414/2971/2410
f 4183/2956/2843 1414/2971/2410 184/2925/2813
f 4180/2953/2840 4183/2956/2843 1458/2972/2812
f 1456/2960/2810 4177/2951/2838 4180/2953/2840
f 4186/2974/2854 4187/2978/2858 4190/2975/2855
f 4188/2977/2857 4191/2985/2865 4190/2975/2855
f 4190/2975/2855 4193/2981/2861 4192/2979/2859
f 4190/2975/2855 4191/2985/2865 4194/2980/2860
f 199/2942/2829 1512/2982/2862 4186/2974/2854
f 1512/2982/2862 1511/2984/2864 4187/2978/2858
f 1510/2983/2863 4188/2977/2857 4187/2978/2858
f 207/2416/2332 1485/2841/2731 4188/2977/2857
f 1485/2841/2731 1484/2851/2741 4191/2985/2865
f 4191/2985/2865 1484/2851/2741 1483/2850/2740
f 4194/2980/2860 1483/2850/2740 178/2849/2739
f 4193/2981/2861 4194/2980/2860 1438/2986/2866
f 4193/2981/2861 1439/2987/2867 1440/2988/2868
f 4192/2979/2859 1440/2988/2868 192/2946/2833
f 4189/2976/2856 4192/2979/2859 1461/2945/2832
f 1459/2943/2830 4186/2974/2854 4189/2976/2856
f 4195/2990/2870 4196/2994/2874 4199/2991/2871
f 4197/2993/2873 4200/3004/2882 4199/2991/2871
f 4199/2991/2871 4202/2997/2877 4201/2995/2875
f 4199/2991/2871 4200/3004/2882 4203/2996/2876
f 200/2998/2849 1509/3000/2878 4195/2990/2870
f 1509/3000/2878 1508/3002/2880 4196/2994/2874
f 1507/3001/2879 4197/2993/2873 4196/2994/2874
f 201/2204/2120 1465/3003/2881 4197/2993/2873
f 1465/3003/2881 1466/3027/2896 4200/3004/2882
f 4200/3004/2882 1466/3027/2896 1467/3005/2883
f 4203/2996/2876 1467/3005/2883 186/3006/2353
f 4202/2997/2877 4203/2996/2876 1417/3007/2352
f 4202/2997/2877 1418/3008/2351 1419/3009/2350
f 4201/2995/2875 1419/3009/2350 185/2968/2413
f 4198/2992/2872 4201/2995/2875 1464/3010/2852
f 1462/2999/2850 4195/2990/2870 4198/2992/2872
f 4204/3012/2885 4205/3016/2889 4208/3013/2886
f 4206/3015/2888 4209/3021/2894 4208/3013/2886
f 4208/3013/2886 4211/3019/2892 4210/3017/2890
f 4208/3013/2886 4209/3021/2894 4212/3018/2891
f 201/2204/2120 1506/2202/2118 4204/3012/2885
f 1506/2202/2118 1505/2201/2117 4205/3016/2889
f 1504/2200/2116 4206/3015/2888 4205/3016/2889
f 202/2293/2209 1468/3020/2893 4206/3015/2888
f 1468/3020/2893 1469/3063/2924 4209/3021/2894
f 4209/3021/2894 1469/3063/2924 1470/3022/2895
f 4212/3018/2891 1470/3022/2895 187/3023/2293
f 4211/3019/2892 4212/3018/2891 1420/3024/2292
f 4211/3019/2892 1421/3025/2291 1422/3026/2290
f 4210/3017/2890 1422/3026/2290 186/3006/2353
f 4207/3014/2887 4210/3017/2890 1467/3005/2883
f 1465/3003/2881 4204/3012/2885 4207/3014/2887
f 4213/3028/2897 4214/3032/2901 4217/3029/2898
f 4215/3031/2900 4218/3037/2906 4217/3029/2898
f 4217/3029/2898 4220/3035/2904 4219/3033/2902
f 4217/3029/2898 4218/3037/2906 4221/3034/2903
f 196/2252/2168 1503/2250/2166 4213/3028/2897
f 1503/2250/2166 1502/2249/2165 4214/3032/2901
f 1501/2248/2164 4215/3031/2900 4214/3032/2901
f 203/2333/2249 1471/3036/2905 4215/3031/2900
f 1471/3036/2905 1472/3079/2940 4218/3037/2906
f 4218/3037/2906 1472/3079/2940 1473/3038/2907
f 4221/3034/2903 1473/3038/2907 180/3039/2908
f 4220/3035/2904 4221/3034/2903 1401/3040/2909
f 4220/3035/2904 1400/3041/2910 1399/3042/2911
f 4219/3033/2902 1399/3042/2911 179/2883/2773
f 4216/3030/2899 4219/3033/2902 1452/2882/2772
f 1450/2880/2770 4213/3028/2897 4216/3030/2899
f 4222/3044/2913 4223/3048/2917 4226/3045/2914
f 4224/3047/2916 4227/3057/2922 4226/3045/2914
f 4226/3045/2914 4229/3051/2920 4228/3049/2918
f 4226/3045/2914 4227/3057/2922 4230/3050/2919
f 202/2293/2209 1500/3052/2208 4222/3044/2913
f 1500/3052/2208 1499/3054/2207 4223/3048/2917
f 1498/3053/2206 4224/3047/2916 4223/3048/2917
f 204/3055/2309 1474/3056/2921 4224/3047/2916
f 1474/3056/2921 1475/6266/2950 4227/3057/2922
f 4227/3057/2922 1475/6266/2950 1476/3058/2923
f 4230/3050/2919 1476/3058/2923 188/3059/2229
f 4229/3051/2920 4230/3050/2919 1425/3060/2228
f 4229/3051/2920 1424/3061/2227 1423/3062/2226
f 4228/3049/2918 1423/3062/2226 187/3023/2293
f 4225/3046/2915 4228/3049/2918 1470/3022/2895
f 1468/3020/2893 4222/3044/2913 4225/3046/2915
f 4231/3064/2925 4232/3068/2929 4235/3065/2926
f 4233/3067/2928 4236/3073/2934 4235/3065/2926
f 4235/3065/2926 4238/3071/2932 4237/3069/2930
f 4235/3065/2926 4236/3073/2934 4239/3070/2931
f 203/2333/2249 1497/2332/2248 4231/3064/2925
f 1497/2332/2248 1496/2331/2247 4232/3068/2929
f 1495/2330/2246 4233/3067/2928 4232/3068/2929
f 205/2457/2373 1477/3072/2933 4233/3067/2928
f 1477/3072/2933 1478/3111/2963 4236/3073/2934
f 4236/3073/2934 1478/3111/2963 1479/3074/2935
f 4239/3070/2931 1479/3074/2935 181/3075/2936
f 4238/3071/2932 4239/3070/2931 1404/3076/2937
f 4238/3071/2932 1403/3077/2938 1402/3078/2939
f 4237/3069/2930 1402/3078/2939 180/3039/2908
f 4234/3066/2927 4237/3069/2930 1473/3038/2907
f 1471/3036/2905 4231/3064/2925 4234/3066/2927
f 4240/3080/2941 4241/3084/2945 4244/3081/2942
f 4242/3083/2944 4245/3089/2949 4244/3081/2942
f 4244/3081/2942 4247/3087/2948 4246/3085/2946
f 4244/3081/2942 4245/3089/2949 4248/3086/2947
f 204/2393/2309 1494/2392/2308 4240/3080/2941
f 1494/2392/2308 1493/2391/2307 4241/3084/2945
f 1492/2390/2306 4242/3083/2944 4241/3084/2945
f 206/2356/2272 1482/2821/2716 4242/3083/2944
f 1482/2821/2716 1481/2832/2722 4245/3089/2949
f 4245/3089/2949 1481/2832/2722 1480/2831/2721
f 4248/3086/2947 1480/2831/2721 189/2830/2189
f 4247/3087/2948 4248/3086/2947 1428/3090/2188
f 4247/3087/2948 1427/3091/2187 1426/3092/2186
f 4246/3085/2946 1426/3092/2186 188/3059/2229
f 4243/3082/2943 4246/3085/2946 1476/3093/2923
f 1474/3088/2921 4240/3080/2941 4243/3082/2943
f 4249/3095/2951 4250/3099/2955 4253/3096/2952
f 4251/3098/2954 4254/3105/2959 4253/3096/2952
f 4253/3096/2952 4256/3102/2958 4255/3100/2956
f 4253/3096/2952 4254/3105/2959 4257/3101/2957
f 205/2457/2373 1491/2456/2372 4249/3095/2951
f 1491/2456/2372 1490/2455/2371 4250/3099/2955
f 1489/2454/2370 4251/3098/2954 4250/3099/2955
f 208/3103/2393 1488/3104/2750 4251/3098/2954
f 1488/3104/2750 1487/6267/2761 4254/3105/2959
f 4254/3105/2959 1487/6267/2761 1486/3106/2760
f 4257/3101/2957 1486/3106/2760 182/3107/2759
f 4256/3102/2958 4257/3101/2957 1405/3108/2960
f 4256/3102/2958 1406/3109/2961 1407/3110/2962
f 4255/3100/2956 1407/3110/2962 181/3075/2936
f 4252/3097/2953 4255/3100/2956 1479/3074/2935
f 1477/3072/2933 4249/3095/2951 4252/3097/2953
f 4258/3112/2964 4259/3116/2968 4262/3113/2965
f 4260/3115/2967 4263/3119/2971 4262/3113/2965
f 4261/3114/2966 4262/3113/2965 4265/3117/2969
f 4263/3119/2971 4266/3125/2977 4265/3117/2969
f 376/3120/2972 2622/3122/2974 4258/3112/2964
f 2622/3122/2974 2621/3124/2976 4259/3116/2968
f 2620/3123/2975 4260/3115/2967 4259/3116/2968
f 375/2214/2130 2565/2215/2131 4260/3115/2967
f 2565/2215/2131 2564/2229/2145 4263/3119/2971
f 2564/2229/2145 2563/2227/2143 4266/3125/2977
f 2563/2227/2143 190/2228/2144 1432/3126/2796
f 4266/3125/2977 1432/3126/2796 1433/3127/2795
f 4264/3118/2970 4265/3117/2969 1433/3127/2795
f 2566/3129/2978 4264/3118/2970 1434/3128/2794
f 2567/3131/2979 4261/3114/2966 4264/3118/2970
f 2568/3121/2973 4258/3112/2964 4261/3114/2966
f 4267/3132/2980 4268/3136/2984 4271/3133/2981
f 4269/3135/2983 4272/3139/2987 4271/3133/2981
f 4270/3134/2982 4271/3133/2981 4274/3137/2985
f 4272/3139/2987 4275/3148/2996 4274/3137/2985
f 378/3140/2988 2619/3142/2990 4267/3132/2980
f 2619/3142/2990 2618/3144/2992 4268/3136/2984
f 2617/3143/2991 4269/3135/2983 4268/3136/2984
f 377/3145/2993 1549/3146/2994 4269/3135/2983
f 1549/3146/2994 1550/3147/2995 4272/3139/2987
f 1550/3147/2995 1551/3149/2997 4275/3148/2996
f 1551/3149/2997 178/3238/2739 1395/3150/2738
f 4275/3148/2996 1395/3150/2738 1394/3151/2737
f 4273/3138/2986 4274/3137/2985 1394/3151/2737
f 2572/3153/2998 4273/3138/2986 1393/3152/2736
f 2573/3155/2999 4270/3134/2982 4273/3138/2986
f 2574/3141/2989 4267/3132/2980 4270/3134/2982
f 4276/3156/3000 4277/3160/3004 4280/3157/3001
f 4278/3159/3003 4281/3163/3007 4280/3157/3001
f 4279/3158/3002 4280/3157/3001 4283/3161/3005
f 4281/3163/3007 4284/3165/3009 4283/3161/3005
f 171/2640/2552 1365/2638/2550 4276/3156/3000
f 1365/2638/2550 1364/2637/2549 4277/3160/3004
f 1363/2636/2548 4278/3159/3003 4277/3160/3004
f 172/2190/2106 1545/2191/2107 4278/3159/3003
f 1545/2191/2107 1544/2205/2121 4281/3163/3007
f 1544/2205/2121 1543/2203/2119 4284/3165/3009
f 1543/2203/2119 201/2204/2120 1507/3166/2879
f 4284/3165/3009 1507/3166/2879 1508/3167/2880
f 4282/3162/3006 4283/3161/3005 1508/3167/2880
f 1555/3169/3010 4282/3162/3006 1509/3168/2878
f 1556/3170/3011 4279/3158/3002 4282/3162/3006
f 1557/3164/3008 4276/3156/3000 4279/3158/3002
f 4285/3171/3012 4286/3175/3016 4289/3172/3013
f 4287/3174/3015 4290/3178/3019 4289/3172/3013
f 4288/3173/3014 4289/3172/3013 4292/3176/3017
f 4290/3178/3019 4293/3184/3025 4292/3176/3017
f 379/3179/3020 2616/3181/3022 4285/3171/3012
f 2616/3181/3022 2615/3183/3024 4286/3175/3016
f 2614/3182/3023 4287/3174/3015 4286/3175/3016
f 376/3120/2972 2568/3121/2973 4287/3174/3015
f 2568/3121/2973 2567/3131/2979 4290/3178/3019
f 2567/3131/2979 2566/3129/2978 4293/3184/3025
f 2566/3129/2978 191/3130/2793 1435/3185/2836
f 4293/3184/3025 1435/3185/2836 1436/3186/2835
f 4291/3177/3018 4292/3176/3017 1436/3186/2835
f 2575/3188/3026 4291/3177/3018 1437/3187/2834
f 2576/3190/3027 4288/3173/3014 4291/3177/3018
f 2577/3180/3021 4285/3171/3012 4288/3173/3014
f 4294/3191/3028 4295/3195/3032 4298/3192/3029
f 4296/3194/3031 4299/3198/3035 4298/3192/3029
f 4297/3193/3030 4298/3192/3029 4301/3196/3033
f 4299/3198/3035 4302/3204/3041 4301/3196/3033
f 380/3199/3036 2613/3201/3038 4294/3191/3028
f 2613/3201/3038 2612/3203/3040 4295/3195/3032
f 2611/3202/3039 4296/3194/3031 4295/3195/3032
f 378/3140/2988 2574/3141/2989 4296/3194/3031
f 2574/3141/2989 2573/3155/2999 4299/3198/3035
f 2573/3155/2999 2572/3153/2998 4302/3204/3041
f 2572/3153/2998 177/3154/2735 1398/3205/2776
f 4302/3204/3041 1398/3205/2776 1397/3206/2775
f 4300/3197/3034 4301/3196/3033 1397/3206/2775
f 2578/3208/3042 4300/3197/3034 1396/3207/2774
f 2579/3210/3043 4297/3193/3030 4300/3197/3034
f 2580/3200/3037 4294/3191/3028 4297/3193/3030
f 4303/3211/3044 4304/3215/3048 4307/3212/3045
f 4305/3214/3047 4308/3218/3051 4307/3212/3045
f 4306/3213/3046 4307/3212/3045 4310/3216/3049
f 4308/3218/3051 4311/3220/3053 4310/3216/3049
f 170/2664/2576 1368/2662/2574 4303/3211/3044
f 1368/2662/2574 1367/2661/2573 4304/3215/3048
f 1366/2660/2572 4305/3214/3047 4304/3215/3048
f 164/2402/2318 1281/2403/2319 4305/3214/3047
f 1281/2403/2319 1280/2417/2333 4308/3218/3051
f 1280/2417/2333 1279/2415/2331 4311/3220/3053
f 1279/2415/2331 207/2416/2332 1510/2983/2863
f 4311/3220/3053 1510/2983/2863 1511/2984/2864
f 4309/3217/3050 4310/3216/3049 1511/2984/2864
f 1564/3221/3054 4309/3217/3050 1512/2982/2862
f 1565/3222/3055 4306/3213/3046 4309/3217/3050
f 1566/3219/3052 4303/3211/3044 4306/3213/3046
f 4312/3223/3056 4313/3227/3060 4316/3224/3057
f 4314/3226/3059 4317/3230/3063 4316/3224/3057
f 4315/3225/3058 4316/3224/3057 4319/3228/3061
f 4317/3230/3063 4320/3234/3067 4319/3228/3061
f 377/3145/2993 2610/3231/3064 4312/3223/3056
f 2610/3231/3064 2609/3233/3066 4313/3227/3060
f 2608/3232/3065 4314/3226/3059 4313/3227/3060
f 379/3179/3020 2577/3180/3021 4314/3226/3059
f 2577/3180/3021 2576/3190/3027 4317/3230/3063
f 2576/3190/3027 2575/3188/3026 4320/3234/3067
f 2575/3188/3026 192/3189/2833 1440/3235/2868
f 4320/3234/3067 1440/3235/2868 1439/3236/2867
f 4318/3229/3062 4319/3228/3061 1439/3236/2867
f 1551/3149/2997 4318/3229/3062 1438/3237/2866
f 1550/3147/2995 4315/3225/3058 4318/3229/3062
f 1549/3146/2994 4312/3223/3056 4315/3225/3058
f 4321/3239/3068 4322/3243/3072 4325/3240/3069
f 4323/3242/3071 4326/3246/3075 4325/3240/3069
f 4324/3241/3070 4325/3240/3069 4328/3244/3073
f 4326/3246/3075 4329/3252/3081 4328/3244/3073
f 381/3247/3076 2607/3249/3078 4321/3239/3068
f 2607/3249/3078 2606/3251/3080 4322/3243/3072
f 2605/3250/3079 4323/3242/3071 4322/3243/3072
f 380/3199/3036 2580/3200/3037 4323/3242/3071
f 2580/3200/3037 2579/3210/3043 4326/3246/3075
f 2579/3210/3043 2578/3208/3042 4329/3252/3081
f 2578/3208/3042 179/3209/2773 1399/3253/2911
f 4329/3252/3081 1399/3253/2911 1400/3254/2910
f 4327/3245/3074 4328/3244/3073 1400/3254/2910
f 2581/3256/3082 4327/3245/3074 1401/3255/2909
f 2582/3258/3083 4324/3241/3070 4327/3245/3074
f 2583/3248/3077 4321/3239/3068 4324/3241/3070
f 4330/3259/3084 4331/3263/3088 4334/3260/3085
f 4332/3262/3087 4335/3266/3091 4334/3260/3085
f 4333/3261/3086 4334/3260/3085 4337/3264/3089
f 4335/3266/3091 4338/3271/3093 4337/3264/3089
f 169/3267/2596 1371/3269/2594 4330/3259/3084
f 1371/3269/2594 1370/2684/2593 4331/3263/3088
f 1369/3270/2592 4332/3262/3087 4331/3263/3088
f 171/2640/2552 1557/3164/3008 4332/3262/3087
f 1557/3164/3008 1556/3170/3011 4335/3266/3091
f 1556/3170/3011 1555/3169/3010 4338/3271/3093
f 1555/3169/3010 200/2964/2849 1513/2962/2847
f 4338/3271/3093 1513/2962/2847 1514/2963/2848
f 4336/3265/3090 4337/3264/3089 1514/2963/2848
f 1570/3272/3094 4336/3265/3090 1515/2961/2846
f 1571/3273/3095 4333/3261/3086 4336/3265/3090
f 1572/3268/3092 4330/3259/3084 4333/3261/3086
f 4339/3274/3096 4340/3278/3100 4343/3275/3097
f 4341/3277/3099 4344/3281/3103 4343/3275/3097
f 4342/3276/3098 4343/3275/3097 4346/3279/3101
f 4344/3281/3103 4347/3287/3109 4346/3279/3101
f 382/3282/3104 2604/3284/3106 4339/3274/3096
f 2604/3284/3106 2603/3286/3108 4340/3278/3100
f 2602/3285/3107 4341/3277/3099 4340/3278/3100
f 381/3247/3076 2583/3248/3077 4341/3277/3099
f 2583/3248/3077 2582/3258/3083 4344/3281/3103
f 2582/3258/3083 2581/3256/3082 4347/3287/3109
f 2581/3256/3082 180/3257/2908 1402/3288/2939
f 4347/3287/3109 1402/3288/2939 1403/3289/2938
f 4345/3280/3102 4346/3279/3101 1403/3289/2938
f 2584/3291/3110 4345/3280/3102 1404/3290/2937
f 2585/3293/3111 4342/3276/3098 4345/3280/3102
f 2586/3283/3105 4339/3274/3096 4342/3276/3098
f 4348/3294/3112 4349/3298/3116 4352/3295/3113
f 4350/3297/3115 4353/3301/3119 4352/3295/3113
f 4351/3296/3114 4352/3295/3113 4355/3299/3117
f 4353/3301/3119 4356/3303/3121 4355/3299/3117
f 168/2707/2616 1374/2705/2614 4348/3294/3112
f 1374/2705/2614 1373/2704/2613 4349/3298/3116
f 1372/2703/2612 4350/3297/3115 4349/3298/3116
f 170/2664/2576 1566/3219/3052 4350/3297/3115
f 1566/3219/3052 1565/3222/3055 4353/3301/3119
f 1565/3222/3055 1564/3221/3054 4356/3303/3121
f 1564/3221/3054 199/2942/2829 1516/2940/2827
f 4356/3303/3121 1516/2940/2827 1517/2941/2828
f 4354/3300/3118 4355/3299/3117 1517/2941/2828
f 1576/3304/3122 4354/3300/3118 1518/2939/2826
f 1577/3305/3123 4351/3296/3114 4354/3300/3118
f 1578/3302/3120 4348/3294/3112 4351/3296/3114
f 4357/3306/3124 4358/3310/3128 4361/3307/3125
f 4359/3309/3127 4362/3313/3131 4361/3307/3125
f 4360/3308/3126 4361/3307/3125 4364/3311/3129
f 4362/3313/3131 4365/3319/3137 4364/3311/3129
f 383/3314/3132 2601/3316/3134 4357/3306/3124
f 2601/3316/3134 2600/3318/3136 4358/3310/3128
f 2599/3317/3135 4359/3309/3127 4358/3310/3128
f 382/3282/3104 2586/3283/3105 4359/3309/3127
f 2586/3283/3105 2585/3293/3111 4362/3313/3131
f 2585/3293/3111 2584/3291/3110 4365/3319/3137
f 2584/3291/3110 181/3292/2936 1407/3320/2962
f 4365/3319/3137 1407/3320/2962 1406/3321/2961
f 4363/3312/3130 4364/3311/3129 1406/3321/2961
f 2587/3323/3138 4363/3312/3130 1405/3322/2960
f 2588/3325/3139 4360/3308/3126 4363/3312/3130
f 2589/3315/3133 4357/3306/3124 4360/3308/3126
f 4366/3326/3140 4367/3330/3144 4370/3327/3141
f 4368/3329/3143 4371/3333/3147 4370/3327/3141
f 4369/3328/3142 4370/3327/3141 4373/3331/3145
f 4371/3333/3147 4374/3334/3148 4373/3331/3145
f 165/2471/2385 1377/2728/2634 4366/3326/3140
f 1377/2728/2634 1376/2727/2633 4367/3330/3144
f 1375/2726/2632 4368/3329/3143 4367/3330/3144
f 169/3267/2596 1572/3268/3092 4368/3329/3143
f 1572/3268/3092 1571/3273/3095 4371/3333/3147
f 1571/3273/3095 1570/3272/3094 4374/3334/3148
f 1570/3272/3094 198/2959/2809 1519/3335/2807
f 4374/3334/3148 1519/3335/2807 1520/2920/2808
f 4372/3332/3146 4373/3331/3145 1520/2920/2808
f 1293/2475/2389 4372/3332/3146 1521/3336/2806
f 1292/2473/2387 4369/3328/3142 4372/3332/3146
f 1291/2472/2386 4366/3326/3140 4369/3328/3142
f 4375/3337/3149 4376/3341/3153 4379/3338/3150
f 4377/3340/3152 4380/3344/3156 4379/3338/3150
f 4378/3339/3151 4379/3338/3150 4382/3342/3154
f 4380/3344/3156 4383/3350/3162 4382/3342/3154
f 384/3345/3157 2598/3347/3159 4375/3337/3149
f 2598/3347/3159 2597/3349/3161 4376/3341/3153
f 2596/3348/3160 4377/3340/3152 4376/3341/3153
f 383/3314/3132 2589/3315/3133 4377/3340/3152
f 2589/3315/3133 2588/3325/3139 4380/3344/3156
f 2588/3325/3139 2587/3323/3138 4383/3350/3162
f 2587/3323/3138 182/3324/2759 1410/3351/2758
f 4383/3350/3162 1410/3351/2758 1409/3352/2757
f 4381/3343/3155 4382/3342/3154 1409/3352/2757
f 2590/3354/3163 4381/3343/3155 1408/3353/2756
f 2591/3356/3164 4378/3339/3151 4381/3343/3155
f 2592/3346/3158 4375/3337/3149 4378/3339/3151
f 4384/3357/3165 4385/3361/3169 4388/3358/3166
f 4386/3360/3168 4389/3364/3172 4388/3358/3166
f 4387/3359/3167 4388/3358/3166 4391/3362/3170
f 4389/3364/3172 4392/3365/3173 4391/3362/3170
f 161/2347/2263 1380/2747/2653 4384/3357/3165
f 1380/2747/2653 1379/2746/2652 4385/3361/3169
f 1378/2745/2651 4386/3360/3168 4385/3361/3169
f 168/2707/2616 1578/3302/3120 4386/3360/3168
f 1578/3302/3120 1577/3305/3123 4389/3364/3172
f 1577/3305/3123 1576/3304/3122 4392/3365/3173
f 1576/3304/3122 197/2899/2789 1522/2897/2787
f 4392/3365/3173 1522/2897/2787 1523/2898/2788
f 4390/3363/3171 4391/3362/3170 1523/2898/2788
f 1269/2351/2267 4390/3363/3171 1524/2896/2786
f 1268/2349/2265 4387/3359/3167 4390/3363/3171
f 1267/2348/2264 4384/3357/3165 4387/3359/3167
f 4393/3366/3174 4394/3370/3178 4397/3367/3175
f 4395/3369/3177 4398/3373/3181 4397/3367/3175
f 4396/3368/3176 4397/3367/3175 4400/3371/3179
f 4398/3373/3181 4401/3377/3185 4400/3371/3179
f 373/2493/2405 2595/3374/3182 4393/3366/3174
f 2595/3374/3182 2594/3376/3184 4394/3370/3178
f 2593/3375/3183 4395/3369/3177 4394/3370/3178
f 384/3345/3157 2592/3346/3158 4395/3369/3177
f 2592/3346/3158 2591/3356/3164 4398/3373/3181
f 2591/3356/3164 2590/3354/3163 4401/3377/3185
f 2590/3354/3163 183/3355/2755 1411/3378/2816
f 4401/3377/3185 1411/3378/2816 1412/3379/2815
f 4399/3372/3180 4400/3371/3179 1412/3379/2815
f 1302/2497/2409 4399/3372/3180 1413/3380/2814
f 1301/2495/2407 4396/3368/3176 4399/3372/3180
f 1300/2494/2406 4393/3366/3174 4396/3368/3176
f 4403/3382/3186 4406/3386/3190 4405/3383/3187
f 4403/3382/3186 4404/3390/3194 4407/3385/3189
f 4406/3386/3190 4409/3388/3192 4408/3387/3191
f 4407/3385/3189 4410/3394/3198 4409/3388/3192
f 942/1652/1623 4402/3384/3188 1254/3389/3193
f 941/1651/1622 4403/3382/3186 4402/3384/3188
f 941/1651/1622 940/1650/1621 4404/3390/3194
f 940/1650/1621 132/146/146 1594/3391/3195
f 4404/3390/3194 1594/3391/3195 1595/3392/3196
f 4407/3385/3189 1595/3392/3196 1596/3393/3197
f 4410/3394/3198 1596/3393/3197 212/2741/2647
f 4410/3394/3198 1633/2811/2706 1634/2809/2704
f 4409/3388/3192 1634/2809/2704 1635/2810/2705
f 1252/3395/3199 4408/3387/3191 1635/2810/2705
f 4405/3383/3187 4408/3387/3191 1252/3395/3199
f 4402/3384/3188 4405/3383/3187 1253/3396/3200
f 4412/3397/3201 4415/3401/3205 4414/3398/3202
f 4412/3397/3201 4413/3405/3209 4416/3400/3204
f 4415/3401/3205 4418/3403/3207 4417/3402/3206
f 4416/3400/3204 4419/3409/3213 4418/3403/3207
f 876/631/631 4411/3399/3203 1260/3404/3208
f 875/630/630 4412/3397/3201 4411/3399/3203
f 875/630/630 874/629/629 4413/3405/3209
f 874/629/629 144/628/628 1597/3406/3210
f 4413/3405/3209 1597/3406/3210 1598/3407/3211
f 4416/3400/3204 1598/3407/3211 1599/3408/3212
f 4419/3409/3213 1599/3408/3212 213/2760/2666
f 4419/3409/3213 1636/2799/2694 1637/2797/2692
f 4418/3403/3207 1637/2797/2692 1638/2798/2693
f 1258/3410/3214 4417/3402/3206 1638/2798/2693
f 4414/3398/3202 4417/3402/3206 1258/3410/3214
f 4411/3399/3203 4414/3398/3202 1259/3411/3215
f 4421/3412/3216 4424/3416/3220 4423/3413/3217
f 4421/3412/3216 4422/3421/3225 4425/3415/3219
f 4423/3413/3217 4424/3416/3220 4427/3417/3221
f 4424/3416/3220 4425/3415/3219 4428/3419/3223
f 921/978/978 4420/3414/3218 1266/3420/3224
f 920/977/977 4421/3412/3216 4420/3414/3218
f 920/977/977 919/976/976 4422/3421/3225
f 919/976/976 139/350/350 1600/3422/3226
f 4422/3421/3225 1600/3422/3226 1601/3423/3227
f 4425/3415/3219 1601/3423/3227 1602/3424/3228
f 4428/3419/3223 1602/3424/3228 214/2717/2626
f 4427/3417/3221 4428/3419/3223 1639/3425/2682
f 4426/3418/3222 4427/3417/3221 1640/3426/2681
f 4426/3418/3222 1641/3427/2680 211/2776/2443
f 4423/3413/3217 4426/3418/3222 1264/3428/3229
f 4420/3414/3218 4423/3413/3217 1265/3429/3230
f 4430/3430/3231 4433/3434/3235 4432/3431/3232
f 4430/3430/3231 4431/3438/3239 4434/3433/3234
f 4433/3434/3235 4436/3437/3238 4435/3435/3236
f 4433/3434/3235 4434/3433/3234 4437/3436/3237
f 900/1083/1083 4429/3432/3233 1597/3406/3210
f 899/1082/1082 4430/3430/3231 4429/3432/3233
f 899/1082/1082 898/1081/1081 4431/3438/3239
f 898/1081/1081 143/1080/1080 1603/3439/3240
f 4431/3438/3239 1603/3439/3240 1604/3440/3241
f 4434/3433/3234 1604/3440/3241 1605/3441/3242
f 4437/3436/3237 1605/3441/3242 215/2600/2512
f 4436/3437/3238 4437/3436/3237 1642/2761/2667
f 4435/3435/3236 4436/3437/3238 1643/2762/2668
f 4435/3435/3236 1644/2758/2664 213/2760/2666
f 4432/3431/3232 4435/3435/3236 1599/3408/3212
f 4429/3432/3233 4432/3431/3232 1598/3407/3211
f 4439/3442/3243 4442/3446/3247 4441/3443/3244
f 4439/3442/3243 4440/3449/3250 4443/3445/3246
f 4442/3446/3247 4445/3448/3249 4444/3447/3248
f 4443/3445/3246 4446/3453/3254 4445/3448/3249
f 943/145/145 4438/3444/3245 1594/3391/3195
f 944/144/144 4439/3442/3243 4438/3444/3245
f 944/144/144 945/143/143 4440/3449/3250
f 945/143/143 131/142/142 1606/3450/3251
f 4440/3449/3250 1606/3450/3251 1607/3451/3252
f 4443/3445/3246 1607/3451/3252 1608/3452/3253
f 4446/3453/3254 1608/3452/3253 216/2699/2608
f 4445/3448/3249 4446/3453/3254 1645/2742/2648
f 4445/3448/3249 1646/2743/2649 1647/2739/2645
f 4444/3447/3248 1647/2739/2645 212/2741/2647
f 4441/3443/3244 4444/3447/3248 1596/3393/3197
f 4438/3444/3245 4441/3443/3244 1595/3392/3196
f 4448/3454/3255 4451/3458/3259 4450/3455/3256
f 4448/3454/3255 4449/3462/3263 4452/3457/3258
f 4451/3458/3259 4454/3461/3262 4453/3459/3260
f 4451/3458/3259 4452/3457/3258 4455/3460/3261
f 922/349/349 4447/3456/3257 1600/3422/3226
f 923/348/348 4448/3454/3255 4447/3456/3257
f 923/348/348 924/347/347 4449/3462/3263
f 924/347/347 138/346/346 1609/3463/3264
f 4449/3462/3263 1609/3463/3264 1610/3464/3265
f 4452/3457/3258 1610/3464/3265 1611/3465/3266
f 4455/3460/3261 1611/3465/3266 217/3466/2586
f 4454/3461/3262 4455/3460/3261 1648/2721/2630
f 4454/3461/3262 1649/2719/2628 1650/2720/2629
f 4453/3459/3260 1650/2720/2629 214/2717/2626
f 4450/3455/3256 4453/3459/3260 1602/3424/3228
f 4447/3456/3257 4450/3455/3256 1601/3423/3227
f 4457/3467/3267 4460/3471/3271 4459/3468/3268
f 4457/3467/3267 4458/3474/3274 4461/3470/3270
f 4460/3471/3271 4463/3473/3273 4462/3472/3272
f 4461/3470/3270 4464/3478/3278 4463/3473/3273
f 946/1548/1527 4456/3469/3269 1606/3450/3251
f 947/1547/1526 4457/3467/3267 4456/3469/3269
f 947/1547/1526 948/1546/1525 4458/3474/3274
f 948/1546/1525 130/1545/1524 1612/3475/3275
f 4458/3474/3274 1612/3475/3275 1613/3476/3276
f 4461/3470/3270 1613/3476/3276 1614/3477/3277
f 4464/3478/3278 1614/3477/3277 218/2652/2564
f 4463/3473/3273 4464/3478/3278 1651/2700/2609
f 4463/3473/3273 1652/2701/2610 1653/2697/2606
f 4462/3472/3272 1653/2697/2606 216/2699/2608
f 4459/3468/3268 4462/3472/3272 1608/3452/3253
f 4456/3469/3269 4459/3468/3268 1607/3451/3252
f 4466/3479/3279 4469/3483/3283 4468/3480/3280
f 4466/3479/3279 4467/3487/3287 4470/3482/3282
f 4469/3483/3283 4472/3486/3286 4471/3484/3284
f 4469/3483/3283 4470/3482/3282 4473/3485/3285
f 925/804/804 4465/3481/3281 1609/3463/3264
f 926/803/803 4466/3479/3279 4465/3481/3281
f 926/803/803 927/802/802 4467/3487/3287
f 927/802/802 137/243/243 1615/3488/3288
f 4467/3487/3287 1615/3488/3288 1616/3489/3289
f 4470/3482/3282 1616/3489/3289 1617/3490/3290
f 4473/3485/3285 1617/3490/3290 219/2630/2542
f 4472/3486/3286 4473/3485/3285 1654/3491/2590
f 4472/3486/3286 1655/2676/2588 1656/3492/2589
f 4471/3484/3284 1656/3492/2589 217/3466/2586
f 4468/3480/3280 4471/3484/3284 1611/3465/3266
f 4465/3481/3281 4468/3480/3280 1610/3464/3265
f 4475/3493/3291 4478/3497/3295 4477/3494/3292
f 4475/3493/3291 4476/3500/3298 4479/3496/3294
f 4478/3497/3295 4481/3499/3297 4480/3498/3296
f 4479/3496/3294 4482/3501/3299 4481/3499/3297
f 951/1704/1675 4474/3495/3293 1612/3475/3275
f 950/1703/1674 4475/3493/3291 4474/3495/3293
f 950/1703/1674 949/1702/1673 4476/3500/3298
f 949/1702/1673 94/632/632 1260/3404/3208
f 4476/3500/3298 1260/3404/3208 1259/3411/3215
f 4479/3496/3294 1259/3411/3215 1258/3410/3214
f 4482/3501/3299 1258/3410/3214 210/2655/2567
f 4481/3499/3297 4482/3501/3299 1657/2653/2565
f 4481/3499/3297 1658/2654/2566 1659/2650/2562
f 1614/3477/3277 4480/3498/3296 1659/2650/2562
f 4477/3494/3292 4480/3498/3296 1614/3477/3277
f 4474/3495/3293 4477/3494/3292 1613/3476/3276
f 4484/3502/3300 4487/3506/3304 4486/3503/3301
f 4484/3502/3300 4485/3510/3308 4488/3505/3303
f 4487/3506/3304 4490/3509/3307 4489/3507/3305
f 4487/3506/3304 4488/3505/3303 4491/3508/3306
f 930/242/242 4483/3504/3302 1615/3488/3288
f 929/241/241 4484/3502/3300 4483/3504/3302
f 929/241/241 928/240/240 4485/3510/3308
f 928/240/240 136/239/239 1618/3511/3309
f 4485/3510/3308 1618/3511/3309 1619/3512/3310
f 4488/3505/3303 1619/3512/3310 1620/3513/3311
f 4491/3508/3306 1620/3513/3311 220/2616/2528
f 4491/3508/3306 1660/2634/2546 1661/2632/2544
f 4490/3509/3307 1661/2632/2544 1662/2633/2545
f 4489/3507/3305 1662/2633/2545 219/2630/2542
f 4486/3503/3301 4489/3507/3305 1617/3490/3290
f 4483/3504/3302 4486/3503/3301 1616/3489/3289
f 4493/3514/3312 4496/3518/3316 4495/3515/3313
f 4493/3514/3312 4494/3521/3319 4497/3517/3315
f 4496/3518/3316 4499/3520/3318 4498/3519/3317
f 4497/3517/3315 4500/3525/3323 4499/3520/3318
f 933/711/711 4492/3516/3314 1618/3511/3309
f 932/710/710 4493/3514/3312 4492/3516/3314
f 932/710/710 931/709/709 4494/3521/3319
f 931/709/709 135/708/708 1621/3522/3320
f 4494/3521/3319 1621/3522/3320 1622/3523/3321
f 4497/3517/3315 1622/3523/3321 1623/3524/3322
f 4500/3525/3323 1623/3524/3322 221/2584/2496
f 4500/3525/3323 1663/2617/2529 1664/2618/2530
f 4499/3520/3318 1664/2618/2530 1665/2614/2526
f 4498/3519/3317 1665/2614/2526 220/2616/2528
f 4495/3515/3313 4498/3519/3317 1620/3513/3311
f 4492/3516/3314 4495/3515/3313 1619/3512/3310
f 4502/3526/3324 4505/3530/3328 4504/3527/3325
f 4502/3526/3324 4503/3534/3332 4506/3529/3327
f 4505/3530/3328 4508/3533/3331 4507/3531/3329
f 4505/3530/3328 4506/3529/3327 4509/3532/3330
f 910/1444/1440 4501/3528/3326 1603/3439/3240
f 911/1443/1439 4502/3526/3324 4501/3528/3326
f 911/1443/1439 912/1442/1438 4503/3534/3332
f 912/1442/1438 142/1175/1175 1624/3535/3333
f 4503/3534/3332 1624/3535/3333 1625/3536/3334
f 4506/3529/3327 1625/3536/3334 1626/3537/3335
f 4509/3532/3330 1626/3537/3335 222/2568/2480
f 4508/3533/3331 4509/3532/3330 1666/2601/2513
f 4508/3533/3331 1667/2602/2514 1668/2598/2510
f 4507/3531/3329 1668/2598/2510 215/2600/2512
f 4504/3527/3325 4507/3531/3329 1605/3441/3242
f 4501/3528/3326 4504/3527/3325 1604/3440/3241
f 4511/3538/3336 4514/3542/3340 4513/3539/3337
f 4511/3538/3336 4512/3545/3343 4515/3541/3339
f 4514/3542/3340 4517/3544/3342 4516/3543/3341
f 4515/3541/3339 4518/3549/3347 4517/3544/3342
f 934/1885/1856 4510/3540/3338 1621/3522/3320
f 935/1884/1855 4511/3538/3336 4510/3540/3338
f 935/1884/1855 936/1883/1854 4512/3545/3343
f 936/1883/1854 134/416/416 1627/3546/3344
f 4512/3545/3343 1627/3546/3344 1628/3547/3345
f 4515/3541/3339 1628/3547/3345 1629/3548/3346
f 4518/3549/3347 1629/3548/3346 223/2546/2458
f 4517/3544/3342 4518/3549/3347 1669/2585/2497
f 4517/3544/3342 1670/2586/2498 1671/2582/2494
f 4516/3543/3341 1671/2582/2494 221/2584/2496
f 4513/3539/3337 4516/3543/3341 1623/3524/3322
f 4510/3540/3338 4513/3539/3337 1622/3523/3321
f 4520/3550/3348 4523/3554/3352 4522/3551/3349
f 4520/3550/3348 4521/3557/3355 4524/3553/3351
f 4523/3554/3352 4526/3556/3354 4525/3555/3353
f 4524/3553/3351 4527/3561/3359 4526/3556/3354
f 913/1174/1174 4519/3552/3350 1624/3535/3333
f 914/1173/1173 4520/3550/3348 4519/3552/3350
f 914/1173/1173 915/1172/1172 4521/3557/3355
f 915/1172/1172 141/1171/1171 1630/3558/3356
f 4521/3557/3355 1630/3558/3356 1631/3559/3357
f 4524/3553/3351 1631/3559/3357 1632/3560/3358
f 4527/3561/3359 1632/3560/3358 224/2526/2438
f 4526/3556/3354 4527/3561/3359 1672/2569/2481
f 4526/3556/3354 1673/2570/2482 1674/2566/2478
f 4525/3555/3353 1674/2566/2478 222/2568/2480
f 4522/3551/3349 4525/3555/3353 1626/3537/3335
f 4519/3552/3350 4522/3551/3349 1625/3536/3334
f 4529/3562/3360 4532/3566/3364 4531/3563/3361
f 4529/3562/3360 4530/3569/3367 4533/3565/3363
f 4532/3566/3364 4535/3568/3366 4534/3567/3365
f 4533/3565/3363 4536/3570/3368 4535/3568/3366
f 937/415/415 4528/3564/3362 1627/3546/3344
f 938/414/414 4529/3562/3360 4528/3564/3362
f 938/414/414 939/413/413 4530/3569/3367
f 939/413/413 133/412/412 1254/3389/3193
f 4530/3569/3367 1254/3389/3193 1253/3396/3200
f 4533/3565/3363 1253/3396/3200 1252/3395/3199
f 4536/3570/3368 1252/3395/3199 209/2551/2463
f 4535/3568/3366 4536/3570/3368 1675/2549/2461
f 4535/3568/3366 1676/2550/2462 1677/2548/2460
f 1629/3548/3346 4534/3567/3365 1677/2548/2460
f 4531/3563/3361 4534/3567/3365 1629/3548/3346
f 4528/3564/3362 4531/3563/3361 1628/3547/3345
f 4538/3571/3369 4541/3575/3373 4540/3572/3370
f 4538/3571/3369 4539/3578/3376 4542/3574/3372
f 4540/3572/3370 4541/3575/3373 4544/3576/3374
f 4542/3574/3372 4545/3582/3377 4544/3576/3374
f 918/1255/1251 4537/3573/3371 1630/3558/3356
f 917/1254/1250 4538/3571/3369 4537/3573/3371
f 917/1254/1250 916/1253/1249 4539/3578/3376
f 916/1253/1249 140/1252/979 1266/3579/3224
f 4539/3578/3376 1266/3579/3224 1265/3580/3230
f 4542/3574/3372 1265/3580/3230 1264/3581/3229
f 1264/3581/3229 211/2531/2443 1678/2529/2441
f 4545/3582/3377 1678/2529/2441 1679/2530/2442
f 4544/3576/3374 1679/2530/2442 1680/2528/2440
f 1632/3560/3358 4543/3577/3375 1680/2528/2440
f 4540/3572/3370 4543/3577/3375 1632/3560/3358
f 4537/3573/3371 4540/3572/3370 1631/3559/3357
f 4546/3583/3378 4547/3587/3382 4550/3584/3379
f 4548/3586/3381 4551/3590/3385 4550/3584/3379
f 4549/3585/3380 4550/3584/3379 4553/3588/3383
f 4551/3590/3385 4554/3599/3394 4553/3588/3383
f 321/3591/3386 2199/3593/3388 4546/3583/3378
f 2199/3593/3388 2198/3595/3390 4547/3587/3382
f 2197/3594/3389 4548/3586/3381 4547/3587/3382
f 233/3596/3391 1698/3597/3392 4548/3586/3381
f 1698/3597/3392 1697/3598/3393 4551/3590/3385
f 1697/3598/3393 1696/3600/3395 4554/3599/3394
f 1696/3600/3395 232/3684/3451 1701/3601/3396
f 4554/3599/3394 1701/3601/3396 1700/3602/3397
f 4552/3589/3384 4553/3588/3383 1700/3602/3397
f 2191/3604/3399 4552/3589/3384 1699/3603/3398
f 2192/3606/3401 4549/3585/3380 4552/3589/3384
f 2193/3592/3387 4546/3583/3378 4549/3585/3380
f 4556/3607/1040 4559/3611/1037 4558/3608/1039
f 4556/3607/1040 4557/3619/1045 4560/3610/1042
f 4559/3611/1037 4562/3614/1038 4561/3612/1036
f 4559/3611/1037 4560/3610/1042 4563/3613/1041
f 2202/3615/990 4555/3609/1044 2187/3616/945
f 2201/3618/1000 4556/3607/1040 4555/3609/1044
f 2201/3618/1000 2200/3620/998 4557/3619/1045
f 2200/3620/998 231/3788/999 1692/3621/1046
f 4557/3619/1045 1692/3621/1046 1691/3622/1047
f 4560/3610/1042 1691/3622/1047 1690/3623/1048
f 4563/3613/1041 1690/3623/1048 230/3624/3402
f 4562/3614/1038 4563/3613/1041 1704/3625/3403
f 4562/3614/1038 1703/3626/3404 1702/3627/3405
f 4561/3612/1036 1702/3627/3405 226/3628/3406
f 4558/3608/1039 4561/3612/1036 2185/3629/947
f 4555/3609/1044 4558/3608/1039 2186/3630/946
f 4565/3631/3407 4568/3635/3411 4567/3632/3408
f 4565/3631/3407 4566/3643/3419 4569/3634/3410
f 4568/3635/3411 4571/3638/3414 4570/3636/3412
f 4568/3635/3411 4569/3634/3410 4572/3637/3413
f 1707/3639/3415 4564/3633/3409 2184/3640/3416
f 1706/3642/3418 4565/3631/3407 4564/3633/3409
f 1706/3642/3418 1705/3644/3420 4566/3643/3419
f 1705/3644/3420 229/3704/3465 1686/3645/3421
f 4566/3643/3419 1686/3645/3421 1685/3646/3422
f 4569/3634/3410 1685/3646/3422 1684/3647/3423
f 4572/3637/3413 1684/3647/3423 228/3648/3424
f 4571/3638/3414 4572/3637/3413 2205/3649/3425
f 4571/3638/3414 2204/3650/3426 2203/3651/3427
f 4570/3636/3412 2203/3651/3427 319/3652/3428
f 4567/3632/3408 4570/3636/3412 2182/3653/3429
f 4564/3633/3409 4567/3632/3408 2183/3654/3430
f 4573/3655/3431 4574/3659/3435 4577/3656/3432
f 4575/3658/3434 4578/3662/3438 4577/3656/3432
f 4576/3657/3433 4577/3656/3432 4580/3660/3436
f 4578/3662/3438 4581/3671/3447 4580/3660/3436
f 337/3663/3439 2350/3665/3441 4573/3655/3431
f 2350/3665/3441 2351/3667/3443 4574/3659/3435
f 2352/3666/3442 4575/3658/3434 4574/3659/3435
f 322/3668/3444 2259/3669/3445 4575/3658/3434
f 2259/3669/3445 2258/3670/3446 4578/3662/3438
f 2258/3670/3446 2257/3672/3448 4581/3671/3447
f 2257/3672/3448 233/3596/3391 2197/3594/3389
f 4581/3671/3447 2197/3594/3389 2198/3595/3390
f 4579/3661/3437 4580/3660/3436 2198/3595/3390
f 2302/3673/3449 4579/3661/3437 2199/3593/3388
f 2303/3674/3450 4576/3657/3433 4579/3661/3437
f 2304/3664/3440 4573/3655/3431 4576/3657/3433
f 4582/3675/985 4583/3679/992 4586/3676/986
f 4584/3678/989 4587/3682/987 4586/3676/986
f 4585/3677/982 4586/3676/986 4589/3680/983
f 4587/3682/987 4590/3687/988 4589/3680/983
f 227/3605/3400 1699/3603/3398 4582/3675/985
f 1699/3603/3398 1700/3602/3397 4583/3679/992
f 1701/3601/3396 4584/3678/989 4583/3679/992
f 232/3684/3451 1695/3685/995 4584/3678/989
f 1695/3685/995 1694/3686/996 4587/3682/987
f 1694/3686/996 1693/3688/997 4590/3687/988
f 1693/3688/997 231/3788/999 2200/3620/998
f 4590/3687/988 2200/3620/998 2201/3618/1000
f 4588/3681/984 4589/3680/983 2201/3618/1000
f 2188/3689/900 4588/3681/984 2202/3615/990
f 2189/3690/899 4585/3677/982 4588/3681/984
f 2190/3683/898 4582/3675/985 4585/3677/982
f 4592/3691/3452 4595/3695/3456 4594/3692/3453
f 4592/3691/3452 4593/3700/3461 4596/3694/3455
f 4595/3695/3456 4598/3698/3459 4597/3696/3457
f 4595/3695/3456 4596/3694/3455 4599/3697/3458
f 1702/3627/3405 4591/3693/3454 1683/3699/3460
f 1703/3626/3404 4592/3691/3452 4591/3693/3454
f 1703/3626/3404 1704/3625/3403 4593/3700/3461
f 1704/3625/3403 230/3624/3402 1689/3701/3462
f 4593/3700/3461 1689/3701/3462 1688/3702/3463
f 4596/3694/3455 1688/3702/3463 1687/3703/3464
f 4599/3697/3458 1687/3703/3464 229/3704/3465
f 4598/3698/3459 4599/3697/3458 1705/3644/3420
f 4598/3698/3459 1706/3642/3418 1707/3639/3415
f 4597/3696/3457 1707/3639/3415 225/3641/3417
f 4594/3692/3453 4597/3696/3457 1681/3705/3466
f 4591/3693/3454 4594/3692/3453 1682/3706/3467
f 4601/3707/3468 4604/3711/3472 4603/3708/3469
f 4602/3710/3471 4605/3722/3483 4604/3711/3472
f 4603/3708/3469 4604/3711/3472 4607/3712/3473
f 4604/3711/3472 4605/3722/3483 4608/3714/3475
f 2455/3715/3476 4600/3709/3470 1789/3716/3477
f 2456/3718/3479 4601/3707/3468 4600/3709/3470
f 2457/3719/3480 4602/3710/3471 4601/3707/3468
f 356/3720/3481 2239/3721/3482 4602/3710/3471
f 2239/3721/3482 2240/5831/5095 4605/3722/3483
f 4605/3722/3483 2240/5831/5095 2241/3723/3484
f 4608/3714/3475 2241/3723/3484 355/3724/3485
f 4607/3712/3473 4608/3714/3475 2461/3725/3486
f 4606/3713/3474 4607/3712/3473 2462/3726/3487
f 1791/3728/3489 4606/3713/3474 2463/3727/3488
f 1790/3730/3491 4603/3708/3469 4606/3713/3474
f 4600/3709/3470 4603/3708/3469 1790/3730/3491
f 4610/3731/3492 4613/3735/3496 4612/3732/3493
f 4610/3731/3492 4611/3741/3502 4614/3734/3495
f 4613/3735/3496 4616/3738/3499 4615/3736/3497
f 4613/3735/3496 4614/3734/3495 4617/3737/3498
f 1725/3739/3500 4609/3733/3494 1686/3645/3421
f 1724/3740/3501 4610/3731/3492 4609/3733/3494
f 1724/3740/3501 1723/3742/3503 4611/3741/3502
f 1723/3742/3503 235/3804/3549 1710/3743/3504
f 4611/3741/3502 1710/3743/3504 1709/3744/3505
f 4614/3734/3495 1709/3744/3505 1708/3745/3506
f 4617/3737/3498 1708/3745/3506 234/3746/3507
f 4616/3738/3499 4617/3737/3498 1728/3747/3508
f 4616/3738/3499 1727/3748/3509 1726/3749/3510
f 4615/3736/3497 1726/3749/3510 228/3648/3424
f 4612/3732/3493 4615/3736/3497 1684/3647/3423
f 4609/3733/3494 4612/3732/3493 1685/3646/3422
f 4618/3750/3511 4619/3754/3515 4622/3751/3512
f 4620/3753/3514 4623/3757/3518 4622/3751/3512
f 4621/3752/3513 4622/3751/3512 4625/3755/3516
f 4623/3757/3518 4626/3764/3525 4625/3755/3516
f 322/3668/3444 2347/3758/3519 4618/3750/3511
f 2347/3758/3519 2348/3760/3521 4619/3754/3515
f 2349/3759/3520 4620/3753/3514 4619/3754/3515
f 323/3761/3522 2262/3762/3523 4620/3753/3514
f 2262/3762/3523 2261/3763/3524 4623/3757/3518
f 2261/3763/3524 2260/3765/3526 4626/3764/3525
f 2260/3765/3526 239/3837/3582 1731/3766/3527
f 4626/3764/3525 1731/3766/3527 1730/3767/3528
f 4624/3756/3517 4625/3755/3516 1730/3767/3528
f 2257/3672/3448 4624/3756/3517 1729/3768/3529
f 2258/3670/3446 4621/3752/3513 4624/3756/3517
f 2259/3669/3445 4618/3750/3511 4621/3752/3513
f 4627/3769/1194 4628/3773/1199 4631/3770/1195
f 4629/3772/1198 4632/3776/1196 4631/3770/1195
f 4630/3771/1191 4631/3770/1195 4634/3774/1192
f 4632/3776/1196 4635/3783/1197 4634/3774/1192
f 232/3684/3451 1734/3777/3530 4627/3769/1194
f 1734/3777/3530 1733/3779/3532 4628/3773/1199
f 1732/3778/3531 4629/3772/1198 4628/3773/1199
f 238/3780/3533 1719/3781/1200 4629/3772/1198
f 1719/3781/1200 1718/3782/1201 4632/3776/1196
f 1718/3782/1201 1717/3784/1202 4635/3783/1197
f 1717/3784/1202 237/3893/1203 1737/3785/1128
f 4635/3783/1197 1737/3785/1128 1736/3786/1126
f 4633/3775/1193 4634/3774/1192 1736/3786/1126
f 1693/3688/997 4633/3775/1193 1735/3787/1125
f 1694/3686/996 4630/3771/1191 4633/3775/1193
f 1695/3685/995 4627/3769/1194 4630/3771/1191
f 4637/3789/3534 4640/3793/3538 4639/3790/3535
f 4637/3789/3534 4638/3799/3544 4641/3792/3537
f 4640/3793/3538 4643/3796/3541 4642/3794/3539
f 4640/3793/3538 4641/3792/3537 4644/3795/3540
f 1740/3797/3542 4636/3791/3536 1689/3701/3462
f 1739/3798/3543 4637/3789/3534 4636/3791/3536
f 1739/3798/3543 1738/3800/3545 4638/3799/3544
f 1738/3800/3545 236/3854/3587 1713/3801/3546
f 4638/3799/3544 1713/3801/3546 1712/3802/3547
f 4641/3792/3537 1712/3802/3547 1711/3803/3548
f 4644/3795/3540 1711/3803/3548 235/3804/3549
f 4643/3796/3541 4644/3795/3540 1723/3742/3503
f 4643/3796/3541 1724/3740/3501 1725/3739/3500
f 4642/3794/3539 1725/3739/3500 229/3704/3465
f 4639/3790/3535 4642/3794/3539 1687/3703/3464
f 4636/3791/3536 4639/3790/3535 1688/3702/3463
f 4646/3805/3550 4649/3809/3554 4648/3806/3551
f 4647/3808/3553 4650/3820/3565 4649/3809/3554
f 4648/3806/3551 4649/3809/3554 4652/3810/3555
f 4649/3809/3554 4650/3820/3565 4653/3812/3557
f 2482/3813/3558 4645/3807/3552 1965/3814/3559
f 2483/3816/3561 4646/3805/3550 4645/3807/3552
f 2484/3817/3562 4647/3808/3553 4646/3805/3550
f 361/3818/3563 2226/3819/3564 4647/3808/3553
f 2226/3819/3564 2225/6268/5168 4650/3820/3565
f 4650/3820/3565 2225/6268/5168 2224/3821/3566
f 4653/3812/3557 2224/3821/3566 360/3822/3567
f 4652/3810/3555 4653/3812/3557 2491/3823/3568
f 4651/3811/3556 4652/3810/3555 2492/3824/3569
f 1963/3826/3571 4651/3811/3556 2493/3825/3570
f 1964/3828/3573 4648/3806/3551 4651/3811/3556
f 4645/3807/3552 4648/3806/3551 1964/3828/3573
f 4654/3829/3574 4655/3833/3578 4658/3830/3575
f 4656/3832/3577 4659/3836/3581 4658/3830/3575
f 4657/3831/3576 4658/3830/3575 4661/3834/3579
f 4659/3836/3581 4662/3840/3585 4661/3834/3579
f 233/3596/3391 1729/3768/3529 4654/3829/3574
f 1729/3768/3529 1730/3767/3528 4655/3833/3578
f 1731/3766/3527 4656/3832/3577 4655/3833/3578
f 239/3837/3582 1722/3838/3583 4656/3832/3577
f 1722/3838/3583 1721/3839/3584 4659/3836/3581
f 1721/3839/3584 1720/3841/3586 4662/3840/3585
f 1720/3841/3586 238/3780/3533 1732/3778/3531
f 4662/3840/3585 1732/3778/3531 1733/3779/3532
f 4660/3835/3580 4661/3834/3579 1733/3779/3532
f 1696/3600/3395 4660/3835/3580 1734/3777/3530
f 1697/3598/3393 4657/3831/3576 4660/3835/3580
f 1698/3597/3392 4654/3829/3574 4657/3831/3576
f 4664/3842/1120 4667/3846/1117 4666/3843/1119
f 4664/3842/1120 4665/3850/1127 4668/3845/1122
f 4667/3846/1117 4670/3849/1118 4669/3847/1116
f 4667/3846/1117 4668/3845/1122 4671/3848/1121
f 1735/3787/1125 4663/3844/1124 1692/3621/1046
f 1736/3786/1126 4664/3842/1120 4663/3844/1124
f 1736/3786/1126 1737/3785/1128 4665/3850/1127
f 1737/3785/1128 237/3893/1203 1716/3851/1129
f 4665/3850/1127 1716/3851/1129 1715/3852/1130
f 4668/3845/1122 1715/3852/1130 1714/3853/1131
f 4671/3848/1121 1714/3853/1131 236/3854/3587
f 4670/3849/1118 4671/3848/1121 1738/3800/3545
f 4670/3849/1118 1739/3798/3543 1740/3797/3542
f 4669/3847/1116 1740/3797/3542 230/3624/3402
f 4666/3843/1119 4669/3847/1116 1690/3623/1048
f 4663/3844/1124 4666/3843/1119 1691/3622/1047
f 4672/3855/3588 4673/3859/3592 4676/3856/3589
f 4674/3858/3591 4677/3862/3595 4676/3856/3589
f 4675/3857/3590 4676/3856/3589 4679/3860/3593
f 4677/3862/3595 4680/3869/3602 4679/3860/3593
f 323/3761/3522 2344/3863/3596 4672/3855/3588
f 2344/3863/3596 2345/3865/3598 4673/3859/3592
f 2346/3864/3597 4674/3858/3591 4673/3859/3592
f 324/3866/3599 2265/3867/3600 4674/3858/3591
f 2265/3867/3600 2264/3868/3601 4677/3862/3595
f 2264/3868/3601 2263/3870/3603 4680/3869/3602
f 2263/3870/3603 245/3945/3662 1758/3871/3604
f 4680/3869/3602 1758/3871/3604 1757/3872/3605
f 4678/3861/3594 4679/3860/3593 1757/3872/3605
f 2260/3765/3526 4678/3861/3594 1756/3873/3606
f 2261/3763/3524 4675/3857/3590 4678/3861/3594
f 2262/3762/3523 4672/3855/3588 4675/3857/3590
f 4681/3874/1274 4682/3878/1280 4685/3875/1275
f 4683/3877/1278 4686/3881/1276 4685/3875/1275
f 4684/3876/1271 4685/3875/1275 4688/3879/1272
f 4686/3881/1276 4689/3888/1277 4688/3879/1272
f 238/3780/3533 1761/3882/3607 4681/3874/1274
f 1761/3882/3607 1760/3884/3609 4682/3878/1280
f 1759/3883/3608 4683/3877/1278 4682/3878/1280
f 244/3885/3610 1752/3886/1281 4683/3877/1278
f 1752/3886/1281 1751/3887/1282 4686/3881/1276
f 1751/3887/1282 1750/3889/1283 4689/3888/1277
f 1750/3889/1283 243/4030/1285 1764/3890/1284
f 4689/3888/1277 1764/3890/1284 1763/3891/1286
f 4687/3880/1273 4688/3879/1272 1763/3891/1286
f 1717/3784/1202 4687/3880/1273 1762/3892/1279
f 1718/3782/1201 4684/3876/1271 4687/3880/1273
f 1719/3781/1200 4681/3874/1274 4684/3876/1271
f 4691/3894/3611 4694/3898/3615 4693/3895/3612
f 4691/3894/3611 4692/3904/3621 4695/3897/3614
f 4694/3898/3615 4697/3901/3618 4696/3899/3616
f 4694/3898/3615 4695/3897/3614 4698/3900/3617
f 1767/3902/3619 4690/3896/3613 1713/3801/3546
f 1766/3903/3620 4691/3894/3611 4690/3896/3613
f 1766/3903/3620 1765/3905/3622 4692/3904/3621
f 1765/3905/3622 242/3962/3667 1746/3906/3623
f 4692/3904/3621 1746/3906/3623 1745/3907/3624
f 4695/3897/3614 1745/3907/3624 1744/3908/3625
f 4698/3900/3617 1744/3908/3625 241/3909/3626
f 4697/3901/3618 4698/3900/3617 1770/3910/3627
f 4697/3901/3618 1769/3911/3628 1768/3912/3629
f 4696/3899/3616 1768/3912/3629 235/3804/3549
f 4693/3895/3612 4696/3899/3616 1711/3803/3548
f 4690/3896/3613 4693/3895/3612 1712/3802/3547
f 4700/3913/3630 4703/3917/3634 4702/3914/3631
f 4701/3916/3633 4704/3928/3645 4703/3917/3634
f 4702/3914/3631 4703/3917/3634 4706/3918/3635
f 4703/3917/3634 4704/3928/3645 4707/3920/3637
f 2479/3921/3638 4699/3915/3632 2026/3922/3639
f 2480/3924/3641 4700/3913/3630 4699/3915/3632
f 2481/3925/3642 4701/3916/3633 4700/3913/3630
f 363/3926/3643 2218/3927/3644 4701/3916/3633
f 2218/3927/3644 2219/5846/5110 4704/3928/3645
f 4704/3928/3645 2219/5846/5110 2220/3929/3646
f 4707/3920/3637 2220/3929/3646 362/3930/3647
f 4706/3918/3635 4707/3920/3637 2485/3931/3648
f 4705/3919/3636 4706/3918/3635 2486/3932/3649
f 2028/3934/3651 4705/3919/3636 2487/3933/3650
f 2027/3936/3653 4702/3914/3631 4705/3919/3636
f 4699/3915/3632 4702/3914/3631 2027/3936/3653
f 4708/3937/3654 4709/3941/3658 4712/3938/3655
f 4710/3940/3657 4713/3944/3661 4712/3938/3655
f 4711/3939/3656 4712/3938/3655 4715/3942/3659
f 4713/3944/3661 4716/3948/3665 4715/3942/3659
f 239/3837/3582 1756/3873/3606 4708/3937/3654
f 1756/3873/3606 1757/3872/3605 4709/3941/3658
f 1758/3871/3604 4710/3940/3657 4709/3941/3658
f 245/3945/3662 1755/3946/3663 4710/3940/3657
f 1755/3946/3663 1754/3947/3664 4713/3944/3661
f 1754/3947/3664 1753/3949/3666 4716/3948/3665
f 1753/3949/3666 244/3885/3610 1759/3883/3608
f 4716/3948/3665 1759/3883/3608 1760/3884/3609
f 4714/3943/3660 4715/3942/3659 1760/3884/3609
f 1720/3841/3586 4714/3943/3660 1761/3882/3607
f 1721/3839/3584 4711/3939/3656 4714/3943/3660
f 1722/3838/3583 4708/3937/3654 4711/3939/3656
f 4718/3950/1320 4721/3954/1317 4720/3951/1319
f 4718/3950/1320 4719/3958/1324 4722/3953/1322
f 4721/3954/1317 4724/3957/1318 4723/3955/1316
f 4721/3954/1317 4722/3953/1322 4725/3956/1321
f 1762/3892/1279 4717/3952/1323 1716/3851/1129
f 1763/3891/1286 4718/3950/1320 4717/3952/1323
f 1763/3891/1286 1764/3890/1284 4719/3958/1324
f 1764/3890/1284 243/4030/1285 1749/3959/1325
f 4719/3958/1324 1749/3959/1325 1748/3960/1326
f 4722/3953/1322 1748/3960/1326 1747/3961/1327
f 4725/3956/1321 1747/3961/1327 242/3962/3667
f 4724/3957/1318 4725/3956/1321 1765/3905/3622
f 4724/3957/1318 1766/3903/3620 1767/3902/3619
f 4723/3955/1316 1767/3902/3619 236/3854/3587
f 4720/3951/1319 4723/3955/1316 1714/3853/1131
f 4717/3952/1323 4720/3951/1319 1715/3852/1130
f 4727/3963/3668 4730/3967/3672 4729/3964/3669
f 4727/3963/3668 4728/3971/3676 4731/3966/3671
f 4730/3967/3672 4733/3970/3675 4732/3968/3673
f 4730/3967/3672 4731/3966/3671 4734/3969/3674
f 1768/3912/3629 4726/3965/3670 1710/3743/3504
f 1769/3911/3628 4727/3963/3668 4726/3965/3670
f 1769/3911/3628 1770/3910/3627 4728/3971/3676
f 1770/3910/3627 241/3909/3626 1743/3972/3677
f 4728/3971/3676 1743/3972/3677 1742/3973/3678
f 4731/3966/3671 1742/3973/3678 1741/3974/3679
f 4734/3969/3674 1741/3974/3679 240/3729/3490
f 4733/3970/3675 4734/3969/3674 1771/3975/3680
f 4733/3970/3675 1772/3976/3681 1773/3977/3682
f 4732/3968/3673 1773/3977/3682 234/3746/3507
f 4729/3964/3669 4732/3968/3673 1708/3745/3506
f 4726/3965/3670 4729/3964/3669 1709/3744/3505
f 4736/3978/3683 4739/3982/3687 4738/3979/3684
f 4737/3981/3686 4740/3993/3698 4739/3982/3687
f 4738/3979/3684 4739/3982/3687 4742/3983/3688
f 4739/3982/3687 4740/3993/3698 4743/3985/3690
f 2496/3986/3691 4735/3980/3685 1870/3987/3692
f 2495/3989/3694 4736/3978/3683 4735/3980/3685
f 2494/3990/3695 4737/3981/3686 4736/3978/3683
f 358/3991/3696 2233/3992/3697 4737/3981/3686
f 2233/3992/3697 2234/5984/5242 4740/3993/3698
f 4740/3993/3698 2234/5984/5242 2235/3994/3699
f 4743/3985/3690 2235/3994/3699 357/3995/3700
f 4742/3983/3688 4743/3985/3690 2458/3996/3701
f 4741/3984/3689 4742/3983/3688 2459/3997/3702
f 1872/3999/3704 4741/3984/3689 2460/3998/3703
f 1871/4001/3706 4738/3979/3684 4741/3984/3689
f 4735/3980/3685 4738/3979/3684 1871/4001/3706
f 4744/4002/3707 4745/4006/3711 4748/4003/3708
f 4746/4005/3710 4749/4009/3714 4748/4003/3708
f 4747/4004/3709 4748/4003/3708 4751/4007/3712
f 4749/4009/3714 4752/4016/3721 4751/4007/3712
f 245/3945/3662 1794/4010/3715 4744/4002/3707
f 1794/4010/3715 1793/4012/3717 4745/4006/3711
f 1792/4011/3716 4746/4005/3710 4745/4006/3711
f 251/4013/3718 1788/4014/3719 4746/4005/3710
f 1788/4014/3719 1787/4015/3720 4749/4009/3714
f 1787/4015/3720 1786/4017/3722 4752/4016/3721
f 1786/4017/3722 250/4080/3761 1797/4018/3723
f 4752/4016/3721 1797/4018/3723 1796/4019/3724
f 4750/4008/3713 4751/4007/3712 1796/4019/3724
f 1753/3949/3666 4750/4008/3713 1795/4020/3725
f 1754/3947/3664 4747/4004/3709 4750/4008/3713
f 1755/3946/3663 4744/4002/3707 4747/4004/3709
f 4754/4021/1403 4757/4025/1400 4756/4022/1402
f 4754/4021/1403 4755/4032/1407 4758/4024/1405
f 4757/4025/1400 4760/4028/1401 4759/4026/1399
f 4757/4025/1400 4758/4024/1405 4761/4027/1404
f 1800/4029/1356 4753/4023/1406 1749/3959/1325
f 1799/4031/1366 4754/4021/1403 4753/4023/1406
f 1799/4031/1366 1798/4033/1364 4755/4032/1407
f 1798/4033/1364 249/4126/1365 1782/4034/1408
f 4755/4032/1407 1782/4034/1408 1781/4035/1409
f 4758/4024/1405 1781/4035/1409 1780/4036/1410
f 4761/4027/1404 1780/4036/1410 248/4037/3726
f 4760/4028/1401 4761/4027/1404 1803/4038/3727
f 4760/4028/1401 1802/4039/3728 1801/4040/3729
f 4759/4026/1399 1801/4040/3729 242/3962/3667
f 4756/4022/1402 4759/4026/1399 1747/3961/1327
f 4753/4023/1406 4756/4022/1402 1748/3960/1326
f 4763/4041/3730 4766/4045/3734 4765/4042/3731
f 4763/4041/3730 4764/4051/3740 4767/4044/3733
f 4766/4045/3734 4769/4048/3737 4768/4046/3735
f 4766/4045/3734 4767/4044/3733 4770/4047/3736
f 1806/4049/3738 4762/4043/3732 1743/3972/3677
f 1805/4050/3739 4763/4041/3730 4762/4043/3732
f 1805/4050/3739 1804/4052/3741 4764/4051/3740
f 1804/4052/3741 247/4097/3774 1776/4053/3742
f 4764/4051/3740 1776/4053/3742 1775/4054/3743
f 4767/4044/3733 1775/4054/3743 1774/4055/3744
f 4770/4047/3736 1774/4055/3744 246/3717/3478
f 4769/4048/3737 4770/4047/3736 1789/3716/3477
f 4769/4048/3737 1790/3730/3491 1791/3728/3489
f 4768/4046/3735 1791/3728/3489 240/3729/3490
f 4765/4042/3731 4768/4046/3735 1741/3974/3679
f 4762/4043/3732 4765/4042/3731 1742/3973/3678
f 4771/4056/3745 4772/4060/3749 4775/4057/3746
f 4773/4059/3748 4776/4063/3752 4775/4057/3746
f 4774/4058/3747 4775/4057/3746 4778/4061/3750
f 4776/4063/3752 4779/4070/3759 4778/4061/3750
f 324/3866/3599 2341/4064/3753 4771/4056/3745
f 2341/4064/3753 2342/4066/3755 4772/4060/3749
f 2343/4065/3754 4773/4059/3748 4772/4060/3749
f 325/4067/3756 2268/4068/3757 4773/4059/3748
f 2268/4068/3757 2267/4069/3758 4776/4063/3752
f 2267/4069/3758 2266/4071/3760 4779/4070/3759
f 2266/4071/3760 251/4013/3718 1792/4011/3716
f 4779/4070/3759 1792/4011/3716 1793/4012/3717
f 4777/4062/3751 4778/4061/3750 1793/4012/3717
f 2263/3870/3603 4777/4062/3751 1794/4010/3715
f 2264/3868/3601 4774/4058/3747 4777/4062/3751
f 2265/3867/3600 4771/4056/3745 4774/4058/3747
f 4780/4072/1351 4781/4076/1358 4784/4073/1352
f 4782/4075/1355 4785/4079/1353 4784/4073/1352
f 4783/4074/1348 4784/4073/1352 4787/4077/1349
f 4785/4079/1353 4788/4083/1354 4787/4077/1349
f 244/3885/3610 1795/4020/3725 4780/4072/1351
f 1795/4020/3725 1796/4019/3724 4781/4076/1358
f 1797/4018/3723 4782/4075/1355 4781/4076/1358
f 250/4080/3761 1785/4081/1361 4782/4075/1355
f 1785/4081/1361 1784/4082/1362 4785/4079/1353
f 1784/4082/1362 1783/4084/1363 4788/4083/1354
f 1783/4084/1363 249/4126/1365 1798/4033/1364
f 4788/4083/1354 1798/4033/1364 1799/4031/1366
f 4786/4078/1350 4787/4077/1349 1799/4031/1366
f 1750/3889/1283 4786/4078/1350 1800/4029/1356
f 1751/3887/1282 4783/4074/1348 4786/4078/1350
f 1752/3886/1281 4780/4072/1351 4783/4074/1348
f 4790/4085/3762 4793/4089/3766 4792/4086/3763
f 4790/4085/3762 4791/4093/3770 4794/4088/3765
f 4793/4089/3766 4796/4092/3769 4795/4090/3767
f 4793/4089/3766 4794/4088/3765 4797/4091/3768
f 1801/4040/3729 4789/4087/3764 1746/3906/3623
f 1802/4039/3728 4790/4085/3762 4789/4087/3764
f 1802/4039/3728 1803/4038/3727 4791/4093/3770
f 1803/4038/3727 248/4037/3726 1779/4094/3771
f 4791/4093/3770 1779/4094/3771 1778/4095/3772
f 4794/4088/3765 1778/4095/3772 1777/4096/3773
f 4797/4091/3768 1777/4096/3773 247/4097/3774
f 4796/4092/3769 4797/4091/3768 1804/4052/3741
f 4796/4092/3769 1805/4050/3739 1806/4049/3738
f 4795/4090/3767 1806/4049/3738 241/3909/3626
f 4792/4086/3763 4795/4090/3767 1744/3908/3625
f 4789/4087/3764 4792/4086/3763 1745/3907/3624
f 4798/4098/3775 4799/4102/3779 4802/4099/3776
f 4800/4101/3778 4803/4105/3782 4802/4099/3776
f 4801/4100/3777 4802/4099/3776 4805/4103/3780
f 4803/4105/3782 4806/4112/3789 4805/4103/3780
f 251/4013/3718 1824/4106/3783 4798/4098/3775
f 1824/4106/3783 1823/4108/3785 4799/4102/3779
f 1822/4107/3784 4800/4101/3778 4799/4102/3779
f 257/4109/3786 1821/4110/3787 4800/4101/3778
f 1821/4110/3787 1820/4111/3788 4803/4105/3782
f 1820/4111/3788 1819/4113/3790 4806/4112/3789
f 1819/4113/3790 256/4179/3832 1827/4114/3791
f 4806/4112/3789 1827/4114/3791 1826/4115/3792
f 4804/4104/3781 4805/4103/3780 1826/4115/3792
f 1786/4017/3722 4804/4104/3781 1825/4116/3793
f 1787/4015/3720 4801/4100/3777 4804/4104/3781
f 1788/4014/3719 4798/4098/3775 4801/4100/3777
f 4808/4117/1480 4811/4121/1477 4810/4118/1479
f 4808/4117/1480 4809/4128/1487 4812/4120/1482
f 4811/4121/1477 4814/4124/1478 4813/4122/1476
f 4811/4121/1477 4812/4120/1482 4815/4123/1481
f 1830/4125/1485 4807/4119/1484 1782/4034/1408
f 1829/4127/1486 4808/4117/1480 4807/4119/1484
f 1829/4127/1486 1828/4129/1488 4809/4128/1487
f 1828/4129/1488 255/4254/1553 1815/4130/1489
f 4809/4128/1487 1815/4130/1489 1814/4131/1490
f 4812/4120/1482 1814/4131/1490 1813/4132/1491
f 4815/4123/1481 1813/4132/1491 254/4133/3794
f 4814/4124/1478 4815/4123/1481 1833/4134/3795
f 4814/4124/1478 1832/4135/3796 1831/4136/3797
f 4813/4122/1476 1831/4136/3797 248/4037/3726
f 4810/4118/1479 4813/4122/1476 1780/4036/1410
f 4807/4119/1484 4810/4118/1479 1781/4035/1409
f 4817/4137/3798 4820/4141/3802 4819/4138/3799
f 4817/4137/3798 4818/4147/3808 4821/4140/3801
f 4820/4141/3802 4823/4144/3805 4822/4142/3803
f 4820/4141/3802 4821/4140/3801 4824/4143/3804
f 1836/4145/3806 4816/4139/3800 1776/4053/3742
f 1835/4146/3807 4817/4137/3798 4816/4139/3800
f 1835/4146/3807 1834/4148/3809 4818/4147/3808
f 1834/4148/3809 253/4196/3845 1809/4149/3810
f 4818/4147/3808 1809/4149/3810 1808/4150/3811
f 4821/4140/3801 1808/4150/3811 1807/4151/3812
f 4824/4143/3804 1807/4151/3812 252/4000/3705
f 4823/4144/3805 4824/4143/3804 1839/4152/3813
f 4823/4144/3805 1838/4153/3814 1837/4154/3815
f 4822/4142/3803 1837/4154/3815 246/3717/3478
f 4819/4138/3799 4822/4142/3803 1774/4055/3744
f 4816/4139/3800 4819/4138/3799 1775/4054/3743
f 4825/4155/3816 4826/4159/3820 4829/4156/3817
f 4827/4158/3819 4830/4162/3823 4829/4156/3817
f 4828/4157/3818 4829/4156/3817 4832/4160/3821
f 4830/4162/3823 4833/4169/3830 4832/4160/3821
f 325/4067/3756 2338/4163/3824 4825/4155/3816
f 2338/4163/3824 2339/4165/3826 4826/4159/3820
f 2340/4164/3825 4827/4158/3819 4826/4159/3820
f 326/4166/3827 2271/4167/3828 4827/4158/3819
f 2271/4167/3828 2270/4168/3829 4830/4162/3823
f 2270/4168/3829 2269/4170/3831 4833/4169/3830
f 2269/4170/3831 257/4109/3786 1822/4107/3784
f 4833/4169/3830 1822/4107/3784 1823/4108/3785
f 4831/4161/3822 4832/4160/3821 1823/4108/3785
f 2266/4071/3760 4831/4161/3822 1824/4106/3783
f 2267/4069/3758 4828/4157/3818 4831/4161/3822
f 2268/4068/3757 4825/4155/3816 4828/4157/3818
f 4834/4171/1544 4835/4175/1549 4838/4172/1545
f 4836/4174/1548 4839/4178/1546 4838/4172/1545
f 4837/4173/1541 4838/4172/1545 4841/4176/1542
f 4839/4178/1546 4842/4182/1547 4841/4176/1542
f 250/4080/3761 1825/4116/3793 4834/4171/1544
f 1825/4116/3793 1826/4115/3792 4835/4175/1549
f 1827/4114/3791 4836/4174/1548 4835/4175/1549
f 256/4179/3832 1818/4180/1550 4836/4174/1548
f 1818/4180/1550 1817/4181/1551 4839/4178/1546
f 1817/4181/1551 1816/4183/1552 4842/4182/1547
f 1816/4183/1552 255/4254/1553 1828/4129/1488
f 4842/4182/1547 1828/4129/1488 1829/4127/1486
f 4840/4177/1543 4841/4176/1542 1829/4127/1486
f 1783/4084/1363 4840/4177/1543 1830/4125/1485
f 1784/4082/1362 4837/4173/1541 4840/4177/1543
f 1785/4081/1361 4834/4171/1544 4837/4173/1541
f 4844/4184/3833 4847/4188/3837 4846/4185/3834
f 4844/4184/3833 4845/4192/3841 4848/4187/3836
f 4847/4188/3837 4850/4191/3840 4849/4189/3838
f 4847/4188/3837 4848/4187/3836 4851/4190/3839
f 1831/4136/3797 4843/4186/3835 1779/4094/3771
f 1832/4135/3796 4844/4184/3833 4843/4186/3835
f 1832/4135/3796 1833/4134/3795 4845/4192/3841
f 1833/4134/3795 254/4133/3794 1812/4193/3842
f 4845/4192/3841 1812/4193/3842 1811/4194/3843
f 4848/4187/3836 1811/4194/3843 1810/4195/3844
f 4851/4190/3839 1810/4195/3844 253/4196/3845
f 4850/4191/3840 4851/4190/3839 1834/4148/3809
f 4850/4191/3840 1835/4146/3807 1836/4145/3806
f 4849/4189/3838 1836/4145/3806 247/4097/3774
f 4846/4185/3834 4849/4189/3838 1777/4096/3773
f 4843/4186/3835 4846/4185/3834 1778/4095/3772
f 4853/4197/3846 4856/4201/3850 4855/4198/3847
f 4854/4200/3849 4857/4210/3859 4856/4201/3850
f 4855/4198/3847 4856/4201/3850 4859/4202/3851
f 4856/4201/3850 4857/4210/3859 4860/4204/3853
f 2449/4205/3854 4852/4199/3848 2205/3649/3425
f 2450/4206/3855 4853/4197/3846 4852/4199/3848
f 2451/4207/3856 4854/4200/3849 4853/4197/3846
f 318/4208/3857 2172/4209/3858 4854/4200/3849
f 2172/4209/3858 2171/5783/5047 4857/4210/3859
f 4857/4210/3859 2171/5783/5047 2170/4211/3860
f 4860/4204/3853 2170/4211/3860 368/4212/3861
f 4859/4202/3851 4860/4204/3853 2476/4213/3862
f 4858/4203/3852 4859/4202/3851 2477/4214/3863
f 2203/3651/3427 4858/4203/3852 2478/4215/3864
f 2204/3650/3426 4855/4198/3847 4858/4203/3852
f 4852/4199/3848 4855/4198/3847 2204/3650/3426
f 4861/4216/3865 4862/4220/3869 4865/4217/3866
f 4863/4219/3868 4866/4223/3872 4865/4217/3866
f 4864/4218/3867 4865/4217/3866 4868/4221/3870
f 4866/4223/3872 4869/4230/3879 4868/4221/3870
f 326/4166/3827 2335/4224/3873 4861/4216/3865
f 2335/4224/3873 2336/4226/3875 4862/4220/3869
f 2337/4225/3874 4863/4219/3868 4862/4220/3869
f 327/4227/3876 2274/4228/3877 4863/4219/3868
f 2274/4228/3877 2273/4229/3878 4866/4223/3872
f 2273/4229/3878 2272/4231/3880 4869/4230/3879
f 2272/4231/3880 263/4301/3934 1857/4232/3881
f 4869/4230/3879 1857/4232/3881 1856/4233/3882
f 4867/4222/3871 4868/4221/3870 1856/4233/3882
f 2269/4170/3831 4867/4222/3871 1855/4234/3883
f 2270/4168/3829 4864/4218/3867 4867/4222/3871
f 2271/4167/3828 4861/4216/3865 4864/4218/3867
f 4870/4235/1640 4871/4239/1645 4874/4236/1641
f 4872/4238/1644 4875/4242/1642 4874/4236/1641
f 4873/4237/1637 4874/4236/1641 4877/4240/1638
f 4875/4242/1642 4878/4249/1643 4877/4240/1638
f 256/4179/3832 1860/4243/3884 4870/4235/1640
f 1860/4243/3884 1859/4245/3886 4871/4239/1645
f 1858/4244/3885 4872/4238/1644 4871/4239/1645
f 262/4246/3887 1851/4247/1646 4872/4238/1644
f 1851/4247/1646 1850/4248/1647 4875/4242/1642
f 1850/4248/1647 1849/4250/1648 4878/4249/1643
f 1849/4250/1648 261/4350/1649 1863/4251/1585
f 4878/4249/1643 1863/4251/1585 1862/4252/1583
f 4876/4241/1639 4877/4240/1638 1862/4252/1583
f 1816/4183/1552 4876/4241/1639 1861/4253/1582
f 1817/4181/1551 4873/4237/1637 4876/4241/1639
f 1818/4180/1550 4870/4235/1640 4873/4237/1637
f 4880/4255/3888 4883/4259/3892 4882/4256/3889
f 4880/4255/3888 4881/4265/3898 4884/4258/3891
f 4883/4259/3892 4886/4262/3895 4885/4260/3893
f 4883/4259/3892 4884/4258/3891 4887/4261/3894
f 1866/4263/3896 4879/4257/3890 1812/4193/3842
f 1865/4264/3897 4880/4255/3888 4879/4257/3890
f 1865/4264/3897 1864/4266/3899 4881/4265/3898
f 1864/4266/3899 260/4318/3939 1845/4267/3900
f 4881/4265/3898 1845/4267/3900 1844/4268/3901
f 4884/4258/3891 1844/4268/3901 1843/4269/3902
f 4887/4261/3894 1843/4269/3902 259/4270/3903
f 4886/4262/3895 4887/4261/3894 1869/4271/3904
f 4886/4262/3895 1868/4272/3905 1867/4273/3906
f 4885/4260/3893 1867/4273/3906 253/4196/3845
f 4882/4256/3889 4885/4260/3893 1810/4195/3844
f 4879/4257/3890 4882/4256/3889 1811/4194/3843
f 4889/4274/3907 4892/4278/3911 4891/4275/3908
f 4890/4277/3910 4893/4284/3917 4892/4278/3911
f 4891/4275/3908 4892/4278/3911 4895/4279/3912
f 4892/4278/3911 4893/4284/3917 4896/4281/3914
f 2493/3825/3570 4888/4276/3909 1938/4282/3915
f 2492/3824/3569 4889/4274/3907 4888/4276/3909
f 2491/3823/3568 4890/4277/3910 4889/4274/3907
f 360/3822/3567 2229/4283/3916 4890/4277/3910
f 2229/4283/3916 2228/5926/5184 4893/4284/3917
f 4893/4284/3917 2228/5926/5184 2227/4285/3918
f 4896/4281/3914 2227/4285/3918 359/4286/3919
f 4895/4279/3912 4896/4281/3914 2490/4287/3920
f 4894/4280/3913 4895/4279/3912 2489/4288/3921
f 1936/4290/3923 4894/4280/3913 2488/4289/3922
f 1937/4292/3925 4891/4275/3908 4894/4280/3913
f 4888/4276/3909 4891/4275/3908 1937/4292/3925
f 4897/4293/3926 4898/4297/3930 4901/4294/3927
f 4899/4296/3929 4902/4300/3933 4901/4294/3927
f 4900/4295/3928 4901/4294/3927 4904/4298/3931
f 4902/4300/3933 4905/4304/3937 4904/4298/3931
f 257/4109/3786 1855/4234/3883 4897/4293/3926
f 1855/4234/3883 1856/4233/3882 4898/4297/3930
f 1857/4232/3881 4899/4296/3929 4898/4297/3930
f 263/4301/3934 1854/4302/3935 4899/4296/3929
f 1854/4302/3935 1853/4303/3936 4902/4300/3933
f 1853/4303/3936 1852/4305/3938 4905/4304/3937
f 1852/4305/3938 262/4246/3887 1858/4244/3885
f 4905/4304/3937 1858/4244/3885 1859/4245/3886
f 4903/4299/3932 4904/4298/3931 1859/4245/3886
f 1819/4113/3790 4903/4299/3932 1860/4243/3884
f 1820/4111/3788 4900/4295/3928 4903/4299/3932
f 1821/4110/3787 4897/4293/3926 4900/4295/3928
f 4907/4306/1577 4910/4310/1574 4909/4307/1576
f 4907/4306/1577 4908/4314/1584 4911/4309/1579
f 4910/4310/1574 4913/4313/1575 4912/4311/1573
f 4910/4310/1574 4911/4309/1579 4914/4312/1578
f 1861/4253/1582 4906/4308/1581 1815/4130/1489
f 1862/4252/1583 4907/4306/1577 4906/4308/1581
f 1862/4252/1583 1863/4251/1585 4908/4314/1584
f 1863/4251/1585 261/4350/1649 1848/4315/1586
f 4908/4314/1584 1848/4315/1586 1847/4316/1587
f 4911/4309/1579 1847/4316/1587 1846/4317/1588
f 4914/4312/1578 1846/4317/1588 260/4318/3939
f 4913/4313/1575 4914/4312/1578 1864/4266/3899
f 4913/4313/1575 1865/4264/3897 1866/4263/3896
f 4912/4311/1573 1866/4263/3896 254/4133/3794
f 4909/4307/1576 4912/4311/1573 1813/4132/1491
f 4906/4308/1581 4909/4307/1576 1814/4131/1490
f 4916/4319/3940 4919/4323/3944 4918/4320/3941
f 4916/4319/3940 4917/4327/3948 4920/4322/3943
f 4919/4323/3944 4922/4326/3947 4921/4324/3945
f 4919/4323/3944 4920/4322/3943 4923/4325/3946
f 1867/4273/3906 4915/4321/3942 1809/4149/3810
f 1868/4272/3905 4916/4319/3940 4915/4321/3942
f 1868/4272/3905 1869/4271/3904 4917/4327/3948
f 1869/4271/3904 259/4270/3903 1842/4328/3949
f 4917/4327/3948 1842/4328/3949 1841/4329/3950
f 4920/4322/3943 1841/4329/3950 1840/4330/3951
f 4923/4325/3946 1840/4330/3951 258/3988/3693
f 4922/4326/3947 4923/4325/3946 1870/3987/3692
f 4922/4326/3947 1871/4001/3706 1872/3999/3704
f 4921/4324/3945 1872/3999/3704 252/4000/3705
f 4918/4320/3941 4921/4324/3945 1807/4151/3812
f 4915/4321/3942 4918/4320/3941 1808/4150/3811
f 4924/4331/1698 4925/4335/1705 4928/4332/1699
f 4926/4334/1702 4929/4338/1700 4928/4332/1699
f 4927/4333/1695 4928/4332/1699 4931/4336/1696
f 4929/4338/1700 4932/4345/1701 4931/4336/1696
f 262/4246/3887 1890/4339/3952 4924/4331/1698
f 1890/4339/3952 1889/4341/3954 4925/4335/1705
f 1888/4340/3953 4926/4334/1702 4925/4335/1705
f 268/4342/3955 1884/4343/1708 4926/4334/1702
f 1884/4343/1708 1883/4344/1709 4929/4338/1700
f 1883/4344/1709 1882/4346/1710 4932/4345/1701
f 1882/4346/1710 267/4472/1712 1893/4347/1711
f 4932/4345/1701 1893/4347/1711 1892/4348/1713
f 4930/4337/1697 4931/4336/1696 1892/4348/1713
f 1849/4250/1648 4930/4337/1697 1891/4349/1703
f 1850/4248/1647 4927/4333/1695 4930/4337/1697
f 1851/4247/1646 4924/4331/1698 4927/4333/1695
f 4934/4351/3956 4937/4355/3960 4936/4352/3957
f 4934/4351/3956 4935/4361/3966 4938/4354/3959
f 4937/4355/3960 4940/4358/3963 4939/4356/3961
f 4937/4355/3960 4938/4354/3959 4941/4357/3962
f 1896/4359/3964 4933/4353/3958 1845/4267/3900
f 1895/4360/3965 4934/4351/3956 4933/4353/3958
f 1895/4360/3965 1894/4362/3967 4935/4361/3966
f 1894/4362/3967 266/4412/4005 1878/4363/3968
f 4935/4361/3966 1878/4363/3968 1877/4364/3969
f 4938/4354/3959 1877/4364/3969 1876/4365/3970
f 4941/4357/3962 1876/4365/3970 265/4366/3971
f 4940/4358/3963 4941/4357/3962 1899/4367/3972
f 4940/4358/3963 1898/4368/3973 1897/4369/3974
f 4939/4356/3961 1897/4369/3974 259/4270/3903
f 4936/4352/3957 4939/4356/3961 1843/4269/3902
f 4933/4353/3958 4936/4352/3957 1844/4268/3901
f 4943/4370/3975 4946/4374/3979 4945/4371/3976
f 4944/4373/3978 4947/4380/3985 4946/4374/3979
f 4945/4371/3976 4946/4374/3979 4949/4375/3980
f 4946/4374/3979 4947/4380/3985 4950/4377/3982
f 2487/3933/3650 4942/4372/3977 2002/4378/3983
f 2486/3932/3649 4943/4370/3975 4942/4372/3977
f 2485/3931/3648 4944/4373/3978 4943/4370/3975
f 362/3930/3647 2221/4379/3984 4944/4373/3978
f 2221/4379/3984 2222/5876/5140 4947/4380/3985
f 4947/4380/3985 2222/5876/5140 2223/4381/3986
f 4950/4377/3982 2223/4381/3986 361/3818/3563
f 4949/4375/3980 4950/4377/3982 2484/3817/3562
f 4948/4376/3981 4949/4375/3980 2483/3816/3561
f 2004/4382/3987 4948/4376/3981 2482/3813/3558
f 2003/4383/3988 4945/4371/3976 4948/4376/3981
f 4942/4372/3977 4945/4371/3976 2003/4383/3988
f 4951/4384/3989 4952/4388/3993 4955/4385/3990
f 4953/4387/3992 4956/4391/3996 4955/4385/3990
f 4954/4386/3991 4955/4385/3990 4958/4389/3994
f 4956/4391/3996 4959/4398/4003 4958/4389/3994
f 263/4301/3934 1905/4392/3997 4951/4384/3989
f 1905/4392/3997 1904/4394/3999 4952/4388/3993
f 1903/4393/3998 4953/4387/3992 4952/4388/3993
f 269/4395/4000 1887/4396/4001 4953/4387/3992
f 1887/4396/4001 1886/4397/4002 4956/4391/3996
f 1886/4397/4002 1885/4399/4004 4959/4398/4003
f 1885/4399/4004 268/4342/3955 1888/4340/3953
f 4959/4398/4003 1888/4340/3953 1889/4341/3954
f 4957/4390/3995 4958/4389/3994 1889/4341/3954
f 1852/4305/3938 4957/4390/3995 1890/4339/3952
f 1853/4303/3936 4954/4386/3991 4957/4390/3995
f 1854/4302/3935 4951/4384/3989 4954/4386/3991
f 4961/4400/1750 4964/4404/1747 4963/4401/1749
f 4961/4400/1750 4962/4408/1754 4965/4403/1752
f 4964/4404/1747 4967/4407/1748 4966/4405/1746
f 4964/4404/1747 4965/4403/1752 4968/4406/1751
f 1891/4349/1703 4960/4402/1753 1848/4315/1586
f 1892/4348/1713 4961/4400/1750 4960/4402/1753
f 1892/4348/1713 1893/4347/1711 4962/4408/1754
f 1893/4347/1711 267/4472/1712 1881/4409/1755
f 4962/4408/1754 1881/4409/1755 1880/4410/1756
f 4965/4403/1752 1880/4410/1756 1879/4411/1757
f 4968/4406/1751 1879/4411/1757 266/4412/4005
f 4967/4407/1748 4968/4406/1751 1894/4362/3967
f 4967/4407/1748 1895/4360/3965 1896/4359/3964
f 4966/4405/1746 1896/4359/3964 260/4318/3939
f 4963/4401/1749 4966/4405/1746 1846/4317/1588
f 4960/4402/1753 4963/4401/1749 1847/4316/1587
f 4970/4413/4006 4973/4417/4010 4972/4414/4007
f 4970/4413/4006 4971/4421/4014 4974/4416/4009
f 4973/4417/4010 4976/4420/4013 4975/4418/4011
f 4973/4417/4010 4974/4416/4009 4977/4419/4012
f 1897/4369/3974 4969/4415/4008 1842/4328/3949
f 1898/4368/3973 4970/4413/4006 4969/4415/4008
f 1898/4368/3973 1899/4367/3972 4971/4421/4014
f 1899/4367/3972 265/4366/3971 1875/4422/4015
f 4971/4421/4014 1875/4422/4015 1874/4423/4016
f 4974/4416/4009 1874/4423/4016 1873/4424/4017
f 4977/4419/4012 1873/4424/4017 264/4291/3924
f 4976/4420/4013 4977/4419/4012 1900/4425/4018
f 4976/4420/4013 1901/4426/4019 1902/4427/4020
f 4975/4418/4011 1902/4427/4020 258/3988/3693
f 4972/4414/4007 4975/4418/4011 1840/4330/3951
f 4969/4415/4008 4972/4414/4007 1841/4329/3950
f 4978/4428/4021 4979/4432/4025 4982/4429/4022
f 4980/4431/4024 4983/4435/4028 4982/4429/4022
f 4981/4430/4023 4982/4429/4022 4985/4433/4026
f 4983/4435/4028 4986/4442/4035 4985/4433/4026
f 327/4227/3876 2332/4436/4029 4978/4428/4021
f 2332/4436/4029 2333/4438/4031 4979/4432/4025
f 2334/4437/4030 4980/4431/4024 4979/4432/4025
f 328/4439/4032 2277/4440/4033 4980/4431/4024
f 2277/4440/4033 2276/4441/4034 4983/4435/4028
f 2276/4441/4034 2275/4443/4036 4986/4442/4035
f 2275/4443/4036 269/4395/4000 1903/4393/3998
f 4986/4442/4035 1903/4393/3998 1904/4394/3999
f 4984/4434/4027 4985/4433/4026 1904/4394/3999
f 2272/4231/3880 4984/4434/4027 1905/4392/3997
f 2273/4229/3878 4981/4430/4023 4984/4434/4027
f 2274/4228/3877 4978/4428/4021 4981/4430/4023
f 4987/4444/4037 4988/4448/4041 4991/4445/4038
f 4989/4447/4040 4992/4451/4044 4991/4445/4038
f 4990/4446/4039 4991/4445/4038 4994/4449/4042
f 4992/4451/4044 4995/4458/4051 4994/4449/4042
f 269/4395/4000 1923/4452/4045 4987/4444/4037
f 1923/4452/4045 1922/4454/4047 4988/4448/4041
f 1921/4453/4046 4989/4447/4040 4988/4448/4041
f 275/4455/4048 1920/4456/4049 4989/4447/4040
f 1920/4456/4049 1919/4457/4050 4992/4451/4044
f 1919/4457/4050 1918/4459/4052 4995/4458/4051
f 1918/4459/4052 274/4523/4091 1926/4460/4053
f 4995/4458/4051 1926/4460/4053 1925/4461/4054
f 4993/4450/4043 4994/4449/4042 1925/4461/4054
f 1885/4399/4004 4993/4450/4043 1924/4462/4055
f 1886/4397/4002 4990/4446/4039 4993/4450/4043
f 1887/4396/4001 4987/4444/4037 4990/4446/4039
f 4997/4463/1829 5000/4467/1826 4999/4464/1828
f 4997/4463/1829 4998/4474/1833 5001/4466/1831
f 5000/4467/1826 5003/4470/1827 5002/4468/1825
f 5000/4467/1826 5001/4466/1831 5004/4469/1830
f 1929/4471/1795 4996/4465/1832 1881/4409/1755
f 1928/4473/1800 4997/4463/1829 4996/4465/1832
f 1928/4473/1800 1927/4475/1799 4998/4474/1833
f 1927/4475/1799 273/4569/34 1914/4476/103
f 4998/4474/1833 1914/4476/103 1913/4477/101
f 5001/4466/1831 1913/4477/101 1912/4478/100
f 5004/4469/1830 1912/4478/100 272/4479/4056
f 5003/4470/1827 5004/4469/1830 1932/4480/4057
f 5003/4470/1827 1931/4481/4058 1930/4482/4059
f 5002/4468/1825 1930/4482/4059 266/4412/4005
f 4999/4464/1828 5002/4468/1825 1879/4411/1757
f 4996/4465/1832 4999/4464/1828 1880/4410/1756
f 5006/4483/4060 5009/4487/4064 5008/4484/4061
f 5006/4483/4060 5007/4493/4070 5010/4486/4063
f 5009/4487/4064 5012/4490/4067 5011/4488/4065
f 5009/4487/4064 5010/4486/4063 5013/4489/4066
f 1935/4491/4068 5005/4485/4062 1875/4422/4015
f 1934/4492/4069 5006/4483/4060 5005/4485/4062
f 1934/4492/4069 1933/4494/4071 5007/4493/4070
f 1933/4494/4071 271/4540/4104 1908/4495/4072
f 5007/4493/4070 1908/4495/4072 1907/4496/4073
f 5010/4486/4063 1907/4496/4073 1906/4497/4074
f 5013/4489/4066 1906/4497/4074 270/3827/3572
f 5012/4490/4067 5013/4489/4066 1938/4282/3915
f 5012/4490/4067 1937/4498/3925 1936/4290/3923
f 5011/4488/4065 1936/4290/3923 264/4291/3924
f 5008/4484/4061 5011/4488/4065 1873/4424/4017
f 5005/4485/4062 5008/4484/4061 1874/4423/4016
f 5014/4499/4075 5015/4503/4079 5018/4500/4076
f 5016/4502/4078 5019/4506/4082 5018/4500/4076
f 5017/4501/4077 5018/4500/4076 5021/4504/4080
f 5019/4506/4082 5022/4513/4089 5021/4504/4080
f 328/4439/4032 2329/4507/4083 5014/4499/4075
f 2329/4507/4083 2330/4509/4085 5015/4503/4079
f 2331/4508/4084 5016/4502/4078 5015/4503/4079
f 329/4510/4086 2280/4511/4087 5016/4502/4078
f 2280/4511/4087 2279/4512/4088 5019/4506/4082
f 2279/4512/4088 2278/4514/4090 5022/4513/4089
f 2278/4514/4090 275/4455/4048 1921/4453/4046
f 5022/4513/4089 1921/4453/4046 1922/4454/4047
f 5020/4505/4081 5021/4504/4080 1922/4454/4047
f 2275/4443/4036 5020/4505/4081 1923/4452/4045
f 2276/4441/4034 5017/4501/4077 5020/4505/4081
f 2277/4440/4033 5014/4499/4075 5017/4501/4077
f 5023/4515/1790 5024/4519/1797 5027/4516/1791
f 5025/4518/1794 5028/4522/1792 5027/4516/1791
f 5026/4517/1787 5027/4516/1791 5030/4520/1788
f 5028/4522/1792 5031/4526/1793 5030/4520/1788
f 268/4342/3955 1924/4462/4055 5023/4515/1790
f 1924/4462/4055 1925/4461/4054 5024/4519/1797
f 1926/4460/4053 5025/4518/1794 5024/4519/1797
f 274/4523/4091 1917/4524/36 5025/4518/1794
f 1917/4524/36 1916/4525/35 5028/4522/1792
f 1916/4525/35 1915/4527/32 5031/4526/1793
f 1915/4527/32 273/4569/34 1927/4475/1799
f 5031/4526/1793 1927/4475/1799 1928/4473/1800
f 5029/4521/1789 5030/4520/1788 1928/4473/1800
f 1882/4346/1710 5029/4521/1789 1929/4471/1795
f 1883/4344/1709 5026/4517/1787 5029/4521/1789
f 1884/4343/1708 5023/4515/1790 5026/4517/1787
f 5033/4528/4092 5036/4532/4096 5035/4529/4093
f 5033/4528/4092 5034/4536/4100 5037/4531/4095
f 5036/4532/4096 5039/4535/4099 5038/4533/4097
f 5036/4532/4096 5037/4531/4095 5040/4534/4098
f 1930/4482/4059 5032/4530/4094 1878/4363/3968
f 1931/4481/4058 5033/4528/4092 5032/4530/4094
f 1931/4481/4058 1932/4480/4057 5034/4536/4100
f 1932/4480/4057 272/4479/4056 1911/4537/4101
f 5034/4536/4100 1911/4537/4101 1910/4538/4102
f 5037/4531/4095 1910/4538/4102 1909/4539/4103
f 5040/4534/4098 1909/4539/4103 271/4540/4104
f 5039/4535/4099 5040/4534/4098 1933/4494/4071
f 5039/4535/4099 1934/4492/4069 1935/4491/4068
f 5038/4533/4097 1935/4491/4068 265/4366/3971
f 5035/4529/4093 5038/4533/4097 1876/4365/3970
f 5032/4530/4094 5035/4529/4093 1877/4364/3969
f 5042/4541/4105 5045/4545/4109 5044/4542/4106
f 5043/4544/4108 5046/4556/4120 5045/4545/4109
f 5044/4542/4106 5045/4545/4109 5048/4546/4110
f 5045/4545/4109 5046/4556/4120 5049/4548/4112
f 2470/4549/4113 5041/4543/4107 2070/4550/4114
f 2471/4552/4116 5042/4541/4105 5041/4543/4107
f 2472/4553/4117 5043/4544/4108 5042/4541/4105
f 364/4554/4118 2217/4555/4119 5043/4544/4108
f 2217/4555/4119 2216/5801/5065 5046/4556/4120
f 5046/4556/4120 2216/5801/5065 2215/4557/4121
f 5049/4548/4112 2215/4557/4121 363/3926/3643
f 5048/4546/4110 5049/4548/4112 2481/3925/3642
f 5047/4547/4111 5048/4546/4110 2480/3924/3641
f 2068/4558/4122 5047/4547/4111 2479/3921/3638
f 2069/4559/4123 5044/4542/4106 5047/4547/4111
f 5041/4543/4107 5044/4542/4106 2069/4559/4123
f 5051/4560/96 5054/4564/93 5053/4561/95
f 5051/4560/96 5052/4571/104 5055/4563/98
f 5054/4564/93 5057/4567/94 5056/4565/92
f 5054/4564/93 5055/4563/98 5058/4566/97
f 1956/4568/33 5050/4562/102 1914/4476/103
f 1955/4570/47 5051/4560/96 5050/4562/102
f 1955/4570/47 1954/4572/45 5052/4571/104
f 1954/4572/45 279/4713/46 1947/4573/105
f 5052/4571/104 1947/4573/105 1946/4574/106
f 5055/4563/98 1946/4574/106 1945/4575/107
f 5058/4566/97 1945/4575/107 278/4576/4124
f 5057/4567/94 5058/4566/97 1959/4577/4125
f 5057/4567/94 1958/4578/4126 1957/4579/4127
f 5056/4565/92 1957/4579/4127 272/4479/4056
f 5053/4561/95 5056/4565/92 1912/4478/100
f 5050/4562/102 5053/4561/95 1913/4477/101
f 5060/4580/4128 5063/4584/4132 5062/4581/4129
f 5060/4580/4128 5061/4590/4138 5064/4583/4131
f 5063/4584/4132 5066/4587/4135 5065/4585/4133
f 5063/4584/4132 5064/4583/4131 5067/4586/4134
f 1962/4588/4136 5059/4582/4130 1908/4495/4072
f 1961/4589/4137 5060/4580/4128 5059/4582/4130
f 1961/4589/4137 1960/4591/4139 5061/4590/4138
f 1960/4591/4139 277/4642/4178 1941/4592/4140
f 5061/4590/4138 1941/4592/4140 1940/4593/4141
f 5064/4583/4131 1940/4593/4141 1939/4594/4142
f 5067/4586/4134 1939/4594/4142 276/3815/3560
f 5066/4587/4135 5067/4586/4134 1965/3814/3559
f 5066/4587/4135 1964/3828/3573 1963/3826/3571
f 5065/4585/4133 1963/3826/3571 270/3827/3572
f 5062/4581/4129 5065/4585/4133 1906/4497/4074
f 5059/4582/4130 5062/4581/4129 1907/4496/4073
f 5068/4595/4143 5069/4599/4147 5072/4596/4144
f 5070/4598/4146 5073/4602/4150 5072/4596/4144
f 5071/4597/4145 5072/4596/4144 5075/4600/4148
f 5073/4602/4150 5076/4609/4157 5075/4600/4148
f 329/4510/4086 2326/4603/4151 5068/4595/4143
f 2326/4603/4151 2327/4605/4153 5069/4599/4147
f 2328/4604/4152 5070/4598/4146 5069/4599/4147
f 330/4606/4154 2283/4607/4155 5070/4598/4146
f 2283/4607/4155 2282/4608/4156 5073/4602/4150
f 2282/4608/4156 2281/4610/4158 5076/4609/4157
f 2281/4610/4158 281/4670/4206 1968/4611/4159
f 5076/4609/4157 1968/4611/4159 1967/4612/4160
f 5074/4601/4149 5075/4600/4148 1967/4612/4160
f 2278/4514/4090 5074/4601/4149 1966/4613/4161
f 2279/4512/4088 5071/4597/4145 5074/4601/4149
f 2280/4511/4087 5068/4595/4143 5071/4597/4145
f 5077/4614/27 5078/4618/39 5081/4615/28
f 5079/4617/31 5082/4621/29 5081/4615/28
f 5080/4616/24 5081/4615/28 5084/4619/25
f 5082/4621/29 5085/4628/30 5084/4619/25
f 274/4523/4091 1971/4622/4162 5077/4614/27
f 1971/4622/4162 1970/4624/4164 5078/4618/39
f 1969/4623/4163 5079/4617/31 5078/4618/39
f 280/4625/4165 1950/4626/42 5079/4617/31
f 1950/4626/42 1949/4627/43 5082/4621/29
f 1949/4627/43 1948/4629/44 5085/4628/30
f 1948/4629/44 279/4713/46 1954/4572/45
f 5085/4628/30 1954/4572/45 1955/4570/47
f 5083/4620/26 5084/4619/25 1955/4570/47
f 1915/4527/32 5083/4620/26 1956/4568/33
f 1916/4525/35 5080/4616/24 5083/4620/26
f 1917/4524/36 5077/4614/27 5080/4616/24
f 5087/4630/4166 5090/4634/4170 5089/4631/4167
f 5087/4630/4166 5088/4638/4174 5091/4633/4169
f 5090/4634/4170 5093/4637/4173 5092/4635/4171
f 5090/4634/4170 5091/4633/4169 5094/4636/4172
f 1957/4579/4127 5086/4632/4168 1911/4537/4101
f 1958/4578/4126 5087/4630/4166 5086/4632/4168
f 1958/4578/4126 1959/4577/4125 5088/4638/4174
f 1959/4577/4125 278/4576/4124 1944/4639/4175
f 5088/4638/4174 1944/4639/4175 1943/4640/4176
f 5091/4633/4169 1943/4640/4176 1942/4641/4177
f 5094/4636/4172 1942/4641/4177 277/4642/4178
f 5093/4637/4173 5094/4636/4172 1960/4591/4139
f 5093/4637/4173 1961/4589/4137 1962/4588/4136
f 5092/4635/4171 1962/4588/4136 271/4540/4104
f 5089/4631/4167 5092/4635/4171 1909/4539/4103
f 5086/4632/4168 5089/4631/4167 1910/4538/4102
f 5096/4643/4179 5099/4647/4183 5098/4644/4180
f 5097/4646/4182 5100/4653/4189 5099/4647/4183
f 5098/4644/4180 5099/4647/4183 5102/4648/4184
f 5099/4647/4183 5100/4653/4189 5103/4650/4186
f 2478/4215/3864 5095/4645/4181 2181/4651/4187
f 2477/4214/3863 5096/4643/4179 5095/4645/4181
f 2476/4213/3862 5097/4646/4182 5096/4643/4179
f 368/4212/3861 2196/4652/4188 5097/4646/4182
f 2196/4652/4188 2195/5816/5080 5100/4653/4189
f 5100/4653/4189 2195/5816/5080 2194/4654/4190
f 5103/4650/4186 2194/4654/4190 367/4655/4191
f 5102/4648/4184 5103/4650/4186 2467/4656/4192
f 5101/4649/4185 5102/4648/4184 2468/4657/4193
f 2179/4659/4195 5101/4649/4185 2469/4658/4194
f 2180/4661/4197 5098/4644/4180 5101/4649/4185
f 5095/4645/4181 5098/4644/4180 2180/4661/4197
f 5104/4662/4198 5105/4666/4202 5108/4663/4199
f 5106/4665/4201 5109/4669/4205 5108/4663/4199
f 5107/4664/4200 5108/4663/4199 5111/4667/4203
f 5109/4669/4205 5112/4673/4209 5111/4667/4203
f 275/4455/4048 1966/4613/4161 5104/4662/4198
f 1966/4613/4161 1967/4612/4160 5105/4666/4202
f 1968/4611/4159 5106/4665/4201 5105/4666/4202
f 281/4670/4206 1953/4671/4207 5106/4665/4201
f 1953/4671/4207 1952/4672/4208 5109/4669/4205
f 1952/4672/4208 1951/4674/4210 5112/4673/4209
f 1951/4674/4210 280/4625/4165 1969/4623/4163
f 5112/4673/4209 1969/4623/4163 1970/4624/4164
f 5110/4668/4204 5111/4667/4203 1970/4624/4164
f 1918/4459/4052 5110/4668/4204 1971/4622/4162
f 1919/4457/4050 5107/4664/4200 5110/4668/4204
f 1920/4456/4049 5104/4662/4198 5107/4664/4200
f 5113/4675/4211 5114/4679/4215 5117/4676/4212
f 5115/4678/4214 5118/4682/4218 5117/4676/4212
f 5116/4677/4213 5117/4676/4212 5120/4680/4216
f 5118/4682/4218 5121/4689/4225 5120/4680/4216
f 330/4606/4154 2323/4683/4219 5113/4675/4211
f 2323/4683/4219 2324/4685/4221 5114/4679/4215
f 2325/4684/4220 5115/4678/4214 5114/4679/4215
f 331/4686/4222 2286/4687/4223 5115/4678/4214
f 2286/4687/4223 2285/4688/4224 5118/4682/4218
f 2285/4688/4224 2284/4690/4226 5121/4689/4225
f 2284/4690/4226 287/4765/4285 1989/4691/4227
f 5121/4689/4225 1989/4691/4227 1988/4692/4228
f 5119/4681/4217 5120/4680/4216 1988/4692/4228
f 2281/4610/4158 5119/4681/4217 1987/4693/4229
f 2282/4608/4156 5116/4677/4213 5119/4681/4217
f 2283/4607/4155 5113/4675/4211 5116/4677/4213
f 5122/4694/262 5123/4698/267 5126/4695/263
f 5124/4697/266 5127/4701/264 5126/4695/263
f 5125/4696/259 5126/4695/263 5129/4699/260
f 5127/4701/264 5130/4708/265 5129/4699/260
f 280/4625/4165 1992/4702/4230 5122/4694/262
f 1992/4702/4230 1991/4704/4232 5123/4698/267
f 1990/4703/4231 5124/4697/266 5123/4698/267
f 286/4705/4233 1983/4706/268 5124/4697/266
f 1983/4706/268 1982/4707/269 5127/4701/264
f 1982/4707/269 1981/4709/270 5130/4708/265
f 1981/4709/270 285/4861/271 1995/4710/199
f 5130/4708/265 1995/4710/199 1994/4711/197
f 5128/4700/261 5129/4699/260 1994/4711/197
f 1948/4629/44 5128/4700/261 1993/4712/196
f 1949/4627/43 5125/4696/259 5128/4700/261
f 1950/4626/42 5122/4694/262 5125/4696/259
f 5132/4714/4234 5135/4718/4238 5134/4715/4235
f 5132/4714/4234 5133/4724/4244 5136/4717/4237
f 5135/4718/4238 5138/4721/4241 5137/4719/4239
f 5135/4718/4238 5136/4717/4237 5139/4720/4240
f 1998/4722/4242 5131/4716/4236 1944/4639/4175
f 1997/4723/4243 5132/4714/4234 5131/4716/4236
f 1997/4723/4243 1996/4725/4245 5133/4724/4244
f 1996/4725/4245 284/4782/4290 1977/4726/4246
f 5133/4724/4244 1977/4726/4246 1976/4727/4247
f 5136/4717/4237 1976/4727/4247 1975/4728/4248
f 5139/4720/4240 1975/4728/4248 283/4729/4249
f 5138/4721/4241 5139/4720/4240 2001/4730/4250
f 5138/4721/4241 2000/4731/4251 1999/4732/4252
f 5137/4719/4239 1999/4732/4252 277/4642/4178
f 5134/4715/4235 5137/4719/4239 1942/4641/4177
f 5131/4716/4236 5134/4715/4235 1943/4640/4176
f 5141/4733/4253 5144/4737/4257 5143/4734/4254
f 5142/4736/4256 5145/4748/4268 5144/4737/4257
f 5143/4734/4254 5144/4737/4257 5147/4738/4258
f 5144/4737/4257 5145/4748/4268 5148/4740/4260
f 2464/4741/4261 5140/4735/4255 2134/4742/4262
f 2465/4744/4264 5141/4733/4253 5140/4735/4255
f 2466/4745/4265 5142/4736/4256 5141/4733/4253
f 366/4746/4266 2209/4747/4267 5142/4736/4256
f 2209/4747/4267 2210/5972/5230 5145/4748/4268
f 5145/4748/4268 2210/5972/5230 2211/4749/4269
f 5148/4740/4260 2211/4749/4269 365/4750/4270
f 5147/4738/4258 5148/4740/4260 2473/4751/4271
f 5146/4739/4259 5147/4738/4258 2474/4752/4272
f 2136/4754/4274 5146/4739/4259 2475/4753/4273
f 2135/4756/4276 5143/4734/4254 5146/4739/4259
f 5140/4735/4255 5143/4734/4254 2135/4756/4276
f 5149/4757/4277 5150/4761/4281 5153/4758/4278
f 5151/4760/4280 5154/4764/4284 5153/4758/4278
f 5152/4759/4279 5153/4758/4278 5156/4762/4282
f 5154/4764/4284 5157/4768/4288 5156/4762/4282
f 281/4670/4206 1987/4693/4229 5149/4757/4277
f 1987/4693/4229 1988/4692/4228 5150/4761/4281
f 1989/4691/4227 5151/4760/4280 5150/4761/4281
f 287/4765/4285 1986/4766/4286 5151/4760/4280
f 1986/4766/4286 1985/4767/4287 5154/4764/4284
f 1985/4767/4287 1984/4769/4289 5157/4768/4288
f 1984/4769/4289 286/4705/4233 1990/4703/4231
f 5157/4768/4288 1990/4703/4231 1991/4704/4232
f 5155/4763/4283 5156/4762/4282 1991/4704/4232
f 1951/4674/4210 5155/4763/4283 1992/4702/4230
f 1952/4672/4208 5152/4759/4279 5155/4763/4283
f 1953/4671/4207 5149/4757/4277 5152/4759/4279
f 5159/4770/191 5162/4774/188 5161/4771/190
f 5159/4770/191 5160/4778/198 5163/4773/193
f 5162/4774/188 5165/4777/189 5164/4775/187
f 5162/4774/188 5163/4773/193 5166/4776/192
f 1993/4712/196 5158/4772/195 1947/4573/105
f 1994/4711/197 5159/4770/191 5158/4772/195
f 1994/4711/197 1995/4710/199 5160/4778/198
f 1995/4710/199 285/4861/271 1980/4779/200
f 5160/4778/198 1980/4779/200 1979/4780/201
f 5163/4773/193 1979/4780/201 1978/4781/202
f 5166/4776/192 1978/4781/202 284/4782/4290
f 5165/4777/189 5166/4776/192 1996/4725/4245
f 5165/4777/189 1997/4723/4243 1998/4722/4242
f 5164/4775/187 1998/4722/4242 278/4576/4124
f 5161/4771/190 5164/4775/187 1945/4575/107
f 5158/4772/195 5161/4771/190 1946/4574/106
f 5168/4783/4291 5171/4787/4295 5170/4784/4292
f 5168/4783/4291 5169/4791/4299 5172/4786/4294
f 5171/4787/4295 5174/4790/4298 5173/4788/4296
f 5171/4787/4295 5172/4786/4294 5175/4789/4297
f 1999/4732/4252 5167/4785/4293 1941/4592/4140
f 2000/4731/4251 5168/4783/4291 5167/4785/4293
f 2000/4731/4251 2001/4730/4250 5169/4791/4299
f 2001/4730/4250 283/4729/4249 1974/4792/4300
f 5169/4791/4299 1974/4792/4300 1973/4793/4301
f 5172/4786/4294 1973/4793/4301 1972/4794/4302
f 5175/4789/4297 1972/4794/4302 282/3935/3652
f 5174/4790/4298 5175/4789/4297 2002/4378/3983
f 5174/4790/4298 2003/4383/3988 2004/4382/3987
f 5173/4788/4296 2004/4382/3987 276/3815/3560
f 5170/4784/4292 5173/4788/4296 1939/4594/4142
f 5167/4785/4293 5170/4784/4292 1940/4593/4141
f 5177/4795/4303 5180/4799/4307 5179/4796/4304
f 5177/4795/4303 5178/4805/4313 5181/4798/4306
f 5180/4799/4307 5183/4802/4310 5182/4800/4308
f 5180/4799/4307 5181/4798/4306 5184/4801/4309
f 2022/4803/4311 5176/4797/4305 1977/4726/4246
f 2021/4804/4312 5177/4795/4303 5176/4797/4305
f 2021/4804/4312 2020/4806/4314 5178/4805/4313
f 2020/4806/4314 290/4868/4355 2010/4807/4315
f 5178/4805/4313 2010/4807/4315 2009/4808/4316
f 5181/4798/4306 2009/4808/4316 2008/4809/4317
f 5184/4801/4309 2008/4809/4317 289/4810/4318
f 5183/4802/4310 5184/4801/4309 2025/4811/4319
f 5183/4802/4310 2024/4812/4320 2023/4813/4321
f 5182/4800/4308 2023/4813/4321 283/4729/4249
f 5179/4796/4304 5182/4800/4308 1975/4728/4248
f 5176/4797/4305 5179/4796/4304 1976/4727/4247
f 5186/4814/4322 5189/4818/4326 5188/4815/4323
f 5187/4817/4325 5190/4824/4332 5189/4818/4326
f 5188/4815/4323 5189/4818/4326 5192/4819/4327
f 5189/4818/4326 5190/4824/4332 5193/4821/4329
f 2475/4753/4273 5185/4816/4324 2091/4822/4330
f 2474/4752/4272 5186/4814/4322 5185/4816/4324
f 2473/4751/4271 5187/4817/4325 5186/4814/4322
f 365/4750/4270 2214/4823/4331 5187/4817/4325
f 2214/4823/4331 2213/5999/5254 5190/4824/4332
f 5190/4824/4332 2213/5999/5254 2212/4825/4333
f 5193/4821/4329 2212/4825/4333 364/4826/4118
f 5192/4819/4327 5193/4821/4329 2472/4827/4117
f 5191/4820/4328 5192/4819/4327 2471/4828/4116
f 2089/4830/4334 5191/4820/4328 2470/4829/4113
f 2090/4832/4335 5188/4815/4323 5191/4820/4328
f 5185/4816/4324 5188/4815/4323 2090/4832/4335
f 5194/4833/4336 5195/4837/4340 5198/4834/4337
f 5196/4836/4339 5199/4840/4343 5198/4834/4337
f 5197/4835/4338 5198/4834/4337 5201/4838/4341
f 5199/4840/4343 5202/4847/4350 5201/4838/4341
f 287/4765/4285 2031/4841/4344 5194/4833/4336
f 2031/4841/4344 2030/4843/4346 5195/4837/4340
f 2029/4842/4345 5196/4836/4339 5195/4837/4340
f 293/4844/4347 2019/4845/4348 5196/4836/4339
f 2019/4845/4348 2018/4846/4349 5199/4840/4343
f 2018/4846/4349 2017/4848/4351 5202/4847/4350
f 2017/4848/4351 292/4905/4384 2034/4849/4352
f 5202/4847/4350 2034/4849/4352 2033/4850/4353
f 5200/4839/4342 5201/4838/4341 2033/4850/4353
f 1984/4769/4289 5200/4839/4342 2032/4851/4354
f 1985/4767/4287 5197/4835/4338 5200/4839/4342
f 1986/4766/4286 5194/4833/4336 5197/4835/4338
f 5204/4852/295 5207/4856/292 5206/4853/294
f 5204/4852/295 5205/4863/302 5208/4855/297
f 5207/4856/292 5210/4859/293 5209/4857/291
f 5207/4856/292 5208/4855/297 5211/4858/296
f 2037/4860/300 5203/4854/299 1980/4779/200
f 2036/4862/301 5204/4852/295 5203/4854/299
f 2036/4862/301 2035/4864/303 5205/4863/302
f 2035/4864/303 291/4938/378 2013/4865/304
f 5205/4863/302 2013/4865/304 2012/4866/305
f 5208/4855/297 2012/4866/305 2011/4867/306
f 5211/4858/296 2011/4867/306 290/4868/4355
f 5210/4859/293 5211/4858/296 2020/4806/4314
f 5210/4859/293 2021/4804/4312 2022/4803/4311
f 5209/4857/291 2022/4803/4311 284/4782/4290
f 5206/4853/294 5209/4857/291 1978/4781/202
f 5203/4854/299 5206/4853/294 1979/4780/201
f 5213/4869/4356 5216/4873/4360 5215/4870/4357
f 5213/4869/4356 5214/4877/4364 5217/4872/4359
f 5216/4873/4360 5219/4876/4363 5218/4874/4361
f 5216/4873/4360 5217/4872/4359 5220/4875/4362
f 2023/4813/4321 5212/4871/4358 1974/4792/4300
f 2024/4812/4320 5213/4869/4356 5212/4871/4358
f 2024/4812/4320 2025/4811/4319 5214/4877/4364
f 2025/4811/4319 289/4810/4318 2007/4878/4365
f 5214/4877/4364 2007/4878/4365 2006/4879/4366
f 5217/4872/4359 2006/4879/4366 2005/4880/4367
f 5220/4875/4362 2005/4880/4367 288/3923/3640
f 5219/4876/4363 5220/4875/4362 2026/3922/3639
f 5219/4876/4363 2027/3936/3653 2028/3934/3651
f 5218/4874/4361 2028/3934/3651 282/3935/3652
f 5215/4870/4357 5218/4874/4361 1972/4794/4302
f 5212/4871/4358 5215/4870/4357 1973/4793/4301
f 5221/4881/4368 5222/4885/4372 5225/4882/4369
f 5223/4884/4371 5226/4888/4375 5225/4882/4369
f 5224/4883/4370 5225/4882/4369 5228/4886/4373
f 5226/4888/4375 5229/4895/4382 5228/4886/4373
f 331/4686/4222 2320/4889/4376 5221/4881/4368
f 2320/4889/4376 2321/4891/4378 5222/4885/4372
f 2322/4890/4377 5223/4884/4371 5222/4885/4372
f 332/4892/4379 2289/4893/4380 5223/4884/4371
f 2289/4893/4380 2288/4894/4381 5226/4888/4375
f 2288/4894/4381 2287/4896/4383 5229/4895/4382
f 2287/4896/4383 293/4844/4347 2029/4842/4345
f 5229/4895/4382 2029/4842/4345 2030/4843/4346
f 5227/4887/4374 5228/4886/4373 2030/4843/4346
f 2284/4690/4226 5227/4887/4374 2031/4841/4344
f 2285/4688/4224 5224/4883/4370 5227/4887/4374
f 2286/4687/4223 5221/4881/4368 5224/4883/4370
f 5230/4897/369 5231/4901/374 5234/4898/370
f 5232/4900/373 5235/4904/371 5234/4898/370
f 5233/4899/366 5234/4898/370 5237/4902/367
f 5235/4904/371 5238/4908/372 5237/4902/367
f 286/4705/4233 2032/4851/4354 5230/4897/369
f 2032/4851/4354 2033/4850/4353 5231/4901/374
f 2034/4849/4352 5232/4900/373 5231/4901/374
f 292/4905/4384 2016/4906/375 5232/4900/373
f 2016/4906/375 2015/4907/376 5235/4904/371
f 2015/4907/376 2014/4909/377 5238/4908/372
f 2014/4909/377 291/4938/378 2035/4864/303
f 5238/4908/372 2035/4864/303 2036/4862/301
f 5236/4903/368 5237/4902/367 2036/4862/301
f 1981/4709/270 5236/4903/368 2037/4860/300
f 1982/4707/269 5233/4899/366 5236/4903/368
f 1983/4706/268 5230/4897/369 5233/4899/366
f 5239/4910/4385 5240/4914/4389 5243/4911/4386
f 5241/4913/4388 5244/4917/4392 5243/4911/4386
f 5242/4912/4387 5243/4911/4386 5246/4915/4390
f 5244/4917/4392 5247/4924/4399 5246/4915/4390
f 293/4844/4347 2055/4918/4393 5239/4910/4385
f 2055/4918/4393 2054/4920/4395 5240/4914/4389
f 2053/4919/4394 5241/4913/4388 5240/4914/4389
f 299/4921/4396 2052/4922/4397 5241/4913/4388
f 2052/4922/4397 2051/4923/4398 5244/4917/4392
f 2051/4923/4398 2050/4925/4400 5247/4924/4399
f 2050/4925/4400 298/4988/4439 2058/4926/4401
f 5247/4924/4399 2058/4926/4401 2057/4927/4402
f 5245/4916/4391 5246/4915/4390 2057/4927/4402
f 2017/4848/4351 5245/4916/4391 2056/4928/4403
f 2018/4846/4349 5242/4912/4387 5245/4916/4391
f 2019/4845/4348 5239/4910/4385 5242/4912/4387
f 5249/4929/493 5252/4933/490 5251/4930/492
f 5249/4929/493 5250/4940/497 5253/4932/495
f 5252/4933/490 5255/4936/491 5254/4934/489
f 5252/4933/490 5253/4932/495 5256/4935/494
f 2061/4937/446 5248/4931/496 2013/4865/304
f 2060/4939/456 5249/4929/493 5248/4931/496
f 2060/4939/456 2059/4941/454 5250/4940/497
f 2059/4941/454 297/6269/455 2046/4942/498
f 5250/4940/497 2046/4942/498 2045/4943/499
f 5253/4932/495 2045/4943/499 2044/4944/500
f 5256/4935/494 2044/4944/500 296/4945/4404
f 5255/4936/491 5256/4935/494 2064/4946/4405
f 5255/4936/491 2063/4947/4406 2062/4948/4407
f 5254/4934/489 2062/4948/4407 290/4868/4355
f 5251/4930/492 5254/4934/489 2011/4867/306
f 5248/4931/496 5251/4930/492 2012/4866/305
f 5258/4949/4408 5261/4953/4412 5260/4950/4409
f 5258/4949/4408 5259/4959/4418 5262/4952/4411
f 5261/4953/4412 5264/4956/4415 5263/4954/4413
f 5261/4953/4412 5262/4952/4411 5265/4955/4414
f 2067/4957/4416 5257/4951/4410 2007/4878/4365
f 2066/4958/4417 5258/4949/4408 5257/4951/4410
f 2066/4958/4417 2065/4960/4419 5259/4959/4418
f 2065/4960/4419 295/5005/4452 2040/4961/4420
f 5259/4959/4418 2040/4961/4420 2039/4962/4421
f 5262/4952/4411 2039/4962/4421 2038/4963/4422
f 5265/4955/4414 2038/4963/4422 294/4551/4115
f 5264/4956/4415 5265/4955/4414 2070/4550/4114
f 5264/4956/4415 2069/4559/4123 2068/4558/4122
f 5263/4954/4413 2068/4558/4122 288/3923/3640
f 5260/4950/4409 5263/4954/4413 2005/4880/4367
f 5257/4951/4410 5260/4950/4409 2006/4879/4366
f 5266/4964/4423 5267/4968/4427 5270/4965/4424
f 5268/4967/4426 5271/4971/4430 5270/4965/4424
f 5269/4966/4425 5270/4965/4424 5273/4969/4428
f 5271/4971/4430 5274/4978/4437 5273/4969/4428
f 332/4892/4379 2317/4972/4431 5266/4964/4423
f 2317/4972/4431 2318/4974/4433 5267/4968/4427
f 2319/4973/4432 5268/4967/4426 5267/4968/4427
f 333/4975/4434 2292/4976/4435 5268/4967/4426
f 2292/4976/4435 2291/4977/4436 5271/4971/4430
f 2291/4977/4436 2290/4979/4438 5274/4978/4437
f 2290/4979/4438 299/4921/4396 2053/4919/4394
f 5274/4978/4437 2053/4919/4394 2054/4920/4395
f 5272/4970/4429 5273/4969/4428 2054/4920/4395
f 2287/4896/4383 5272/4970/4429 2055/4918/4393
f 2288/4894/4381 5269/4966/4425 5272/4970/4429
f 2289/4893/4380 5266/4964/4423 5269/4966/4425
f 5275/4980/441 5276/4984/448 5279/4981/442
f 5277/4983/445 5280/4987/443 5279/4981/442
f 5278/4982/438 5279/4981/442 5282/4985/439
f 5280/4987/443 5283/4991/444 5282/4985/439
f 292/4905/4384 2056/4928/4403 5275/4980/441
f 2056/4928/4403 2057/4927/4402 5276/4984/448
f 2058/4926/4401 5277/4983/445 5276/4984/448
f 298/4988/4439 2049/4989/451 5277/4983/445
f 2049/4989/451 2048/4990/452 5280/4987/443
f 2048/4990/452 2047/4992/453 5283/4991/444
f 2047/4992/453 297/6269/455 2059/4941/454
f 5283/4991/444 2059/4941/454 2060/4939/456
f 5281/4986/440 5282/4985/439 2060/4939/456
f 2014/4909/377 5281/4986/440 2061/4937/446
f 2015/4907/376 5278/4982/438 5281/4986/440
f 2016/4906/375 5275/4980/441 5278/4982/438
f 5285/4993/4440 5288/4997/4444 5287/4994/4441
f 5285/4993/4440 5286/5001/4448 5289/4996/4443
f 5288/4997/4444 5291/5000/4447 5290/4998/4445
f 5288/4997/4444 5289/4996/4443 5292/4999/4446
f 2062/4948/4407 5284/4995/4442 2010/4807/4315
f 2063/4947/4406 5285/4993/4440 5284/4995/4442
f 2063/4947/4406 2064/4946/4405 5286/5001/4448
f 2064/4946/4405 296/4945/4404 2043/5002/4449
f 5286/5001/4448 2043/5002/4449 2042/5003/4450
f 5289/4996/4443 2042/5003/4450 2041/5004/4451
f 5292/4999/4446 2041/5004/4451 295/5005/4452
f 5291/5000/4447 5292/4999/4446 2065/4960/4419
f 5291/5000/4447 2066/4958/4417 2067/4957/4416
f 5290/4998/4445 2067/4957/4416 289/4810/4318
f 5287/4994/4441 5290/4998/4445 2008/4809/4317
f 5284/4995/4442 5287/4994/4441 2009/4808/4316
f 5294/5006/4453 5297/5010/4457 5296/5007/4454
f 5295/5009/4456 5298/5016/4463 5297/5010/4457
f 5296/5007/4454 5297/5010/4457 5300/5011/4458
f 5297/5010/4457 5298/5016/4463 5301/5013/4460
f 2469/4658/4194 5293/5008/4455 2152/5014/4461
f 2468/4657/4193 5294/5006/4453 5293/5008/4455
f 2467/4656/4192 5295/5009/4456 5294/5006/4453
f 367/4655/4191 2206/5015/4462 5295/5009/4456
f 2206/5015/4462 2207/5941/5199 5298/5016/4463
f 5298/5016/4463 2207/5941/5199 2208/5017/4464
f 5301/5013/4460 2208/5017/4464 366/4746/4266
f 5300/5011/4458 5301/5013/4460 2466/4745/4265
f 5299/5012/4459 5300/5011/4458 2465/4744/4264
f 2154/5018/4465 5299/5012/4459 2464/4741/4261
f 2153/5019/4466 5296/5007/4454 5299/5012/4459
f 5293/5008/4455 5296/5007/4454 2153/5019/4466
f 5303/5020/4467 5306/5024/4471 5305/5021/4468
f 5303/5020/4467 5304/5032/4477 5307/5023/4470
f 5306/5024/4471 5309/5027/4474 5308/5025/4472
f 5306/5024/4471 5307/5023/4470 5310/5026/4473
f 2088/5028/4475 5302/5022/4469 2040/5029/4420
f 2087/5031/4476 5303/5020/4467 5302/5022/4469
f 2087/5031/4476 2086/5033/4478 5304/5032/4477
f 2086/5033/4478 301/5104/4520 2073/5034/4479
f 5304/5032/4477 2073/5034/4479 2072/5035/4480
f 5307/5023/4470 2072/5035/4480 2071/5036/4481
f 5310/5026/4473 2071/5036/4481 300/4755/4275
f 5309/5027/4474 5310/5026/4473 2091/4822/4330
f 5309/5027/4474 2090/4832/4335 2089/4830/4334
f 5308/5025/4472 2089/4830/4334 294/4831/4115
f 5305/5021/4468 5308/5025/4472 2038/5037/4422
f 5302/5022/4469 5305/5021/4468 2039/5038/4421
f 5311/5039/4482 5312/5043/4486 5315/5040/4483
f 5313/5042/4485 5316/5046/4489 5315/5040/4483
f 5314/5041/4484 5315/5040/4483 5318/5044/4487
f 5316/5046/4489 5319/5055/4496 5318/5044/4487
f 333/5047/4434 2314/5049/4490 5311/5039/4482
f 2314/5049/4490 2315/5051/4492 5312/5043/4486
f 2316/5050/4491 5313/5042/4485 5312/5043/4486
f 334/5052/4493 2295/5053/4494 5313/5042/4485
f 2295/5053/4494 2294/5054/4495 5316/5046/4489
f 2294/5054/4495 2293/5056/4497 5319/5055/4496
f 2293/5056/4497 305/5131/4544 2094/5057/4498
f 5319/5055/4496 2094/5057/4498 2093/5058/4499
f 5317/5045/4488 5318/5044/4487 2093/5058/4499
f 2290/5060/4438 5317/5045/4488 2092/5059/4500
f 2291/5062/4436 5314/5041/4484 5317/5045/4488
f 2292/5048/4435 5311/5039/4482 5314/5041/4484
f 5320/5063/537 5321/5067/544 5324/5064/538
f 5322/5066/541 5325/5070/539 5324/5064/538
f 5323/5065/534 5324/5064/538 5327/5068/535
f 5325/5070/539 5328/5079/540 5327/5068/535
f 298/5071/4439 2097/5073/4501 5320/5063/537
f 2097/5073/4501 2096/5075/4503 5321/5067/544
f 2095/5074/4502 5322/5066/541 5321/5067/544
f 304/5076/4504 2082/5077/547 5322/5066/541
f 2082/5077/547 2081/5078/548 5325/5070/539
f 2081/5078/548 2080/5080/549 5328/5079/540
f 2080/5080/549 303/5192/551 2100/5081/550
f 5328/5079/540 2100/5081/550 2099/5082/552
f 5326/5069/536 5327/5068/535 2099/5082/552
f 2047/5084/453 5326/5069/536 2098/5083/542
f 2048/5086/452 5323/5065/534 5326/5069/536
f 2049/5072/451 5320/5063/537 5323/5065/534
f 5330/5087/4505 5333/5091/4509 5332/5088/4506
f 5330/5087/4505 5331/5099/4515 5334/5090/4508
f 5333/5091/4509 5336/5094/4512 5335/5092/4510
f 5333/5091/4509 5334/5090/4508 5337/5093/4511
f 2103/5095/4513 5329/5089/4507 2043/5096/4449
f 2102/5098/4514 5330/5087/4505 5329/5089/4507
f 2102/5098/4514 2101/5100/4516 5331/5099/4515
f 2101/5100/4516 302/5151/4549 2076/5101/4517
f 5331/5099/4515 2076/5101/4517 2075/5102/4518
f 5334/5090/4508 2075/5102/4518 2074/5103/4519
f 5337/5093/4511 2074/5103/4519 301/5104/4520
f 5336/5094/4512 5337/5093/4511 2086/5033/4478
f 5336/5094/4512 2087/5031/4476 2088/5028/4475
f 5335/5092/4510 2088/5028/4475 295/5030/4452
f 5332/5088/4506 5335/5092/4510 2041/5105/4451
f 5329/5089/4507 5332/5088/4506 2042/5106/4450
f 5339/5107/4521 5342/5111/4525 5341/5108/4522
f 5340/5110/4524 5343/5116/4530 5342/5111/4525
f 5341/5108/4522 5342/5111/4525 5345/5112/4526
f 5342/5111/4525 5343/5116/4530 5346/5114/4528
f 2463/3727/3488 5338/5109/4523 1771/3975/3680
f 2462/3726/3487 5339/5107/4521 5338/5109/4523
f 2461/3725/3486 5340/5110/4524 5339/5107/4521
f 355/3724/3485 2242/5115/4529 5340/5110/4524
f 2242/5115/4529 2243/5861/5125 5343/5116/4530
f 5343/5116/4530 2243/5861/5125 2244/5117/4531
f 5346/5114/4528 2244/5117/4531 354/5118/4532
f 5345/5112/4526 5346/5114/4528 2452/5119/4533
f 5344/5113/4527 5345/5112/4526 2453/5120/4534
f 1773/3977/3682 5344/5113/4527 2454/5121/4535
f 1772/3976/3681 5341/5108/4522 5344/5113/4527
f 5338/5109/4523 5341/5108/4522 1772/3976/3681
f 5347/5122/4536 5348/5126/4540 5351/5123/4537
f 5349/5125/4539 5352/5129/4543 5351/5123/4537
f 5350/5124/4538 5351/5123/4537 5354/5127/4541
f 5352/5129/4543 5355/5134/4547 5354/5127/4541
f 299/5061/4396 2092/5059/4500 5347/5122/4536
f 2092/5059/4500 2093/5058/4499 5348/5126/4540
f 2094/5057/4498 5349/5125/4539 5348/5126/4540
f 305/5131/4544 2085/5132/4545 5349/5125/4539
f 2085/5132/4545 2084/5133/4546 5352/5129/4543
f 2084/5133/4546 2083/5135/4548 5355/5134/4547
f 2083/5135/4548 304/5076/4504 2095/5074/4502
f 5355/5134/4547 2095/5074/4502 2096/5075/4503
f 5353/5128/4542 5354/5127/4541 2096/5075/4503
f 2050/5136/4400 5353/5128/4542 2097/5073/4501
f 2051/5137/4398 5350/5124/4538 5353/5128/4542
f 2052/5130/4397 5347/5122/4536 5350/5124/4538
f 5357/5138/592 5360/5142/589 5359/5139/591
f 5357/5138/592 5358/5147/596 5361/5141/594
f 5360/5142/589 5363/5145/590 5362/5143/588
f 5360/5142/589 5361/5141/594 5364/5144/593
f 2098/5083/542 5356/5140/595 2046/5146/498
f 2099/5082/552 5357/5138/592 5356/5140/595
f 2099/5082/552 2100/5081/550 5358/5147/596
f 2100/5081/550 303/5192/551 2079/5148/597
f 5358/5147/596 2079/5148/597 2078/5149/598
f 5361/5141/594 2078/5149/598 2077/5150/599
f 5364/5144/593 2077/5150/599 302/5151/4549
f 5363/5145/590 5364/5144/593 2101/5100/4516
f 5363/5145/590 2102/5098/4514 2103/5095/4513
f 5362/5143/588 2103/5095/4513 296/5097/4404
f 5359/5139/591 5362/5143/588 2044/5152/500
f 5356/5140/595 5359/5139/591 2045/5153/499
f 5365/5154/4550 5366/5158/4554 5369/5155/4551
f 5367/5157/4553 5370/5161/4557 5369/5155/4551
f 5368/5156/4552 5369/5155/4551 5372/5159/4555
f 5370/5161/4557 5373/5168/4564 5372/5159/4555
f 334/5052/4493 2311/5162/4558 5365/5154/4550
f 2311/5162/4558 2312/5164/4560 5366/5158/4554
f 2313/5163/4559 5367/5157/4553 5366/5158/4554
f 335/5165/4561 2298/5166/4562 5367/5157/4553
f 2298/5166/4562 2297/5167/4563 5370/5161/4557
f 2297/5167/4563 2296/5169/4565 5373/5168/4564
f 2296/5169/4565 311/5231/4611 2121/5170/4566
f 5373/5168/4564 2121/5170/4566 2120/5171/4567
f 5371/5160/4556 5372/5159/4555 2120/5171/4567
f 2293/5056/4497 5371/5160/4556 2119/5172/4568
f 2294/5054/4495 5368/5156/4552 5371/5160/4556
f 2295/5053/4494 5365/5154/4550 5368/5156/4552
f 5374/5173/728 5375/5177/733 5378/5174/729
f 5376/5176/732 5379/5180/730 5378/5174/729
f 5377/5175/725 5378/5174/729 5381/5178/726
f 5379/5180/730 5382/5187/731 5381/5178/726
f 304/5076/4504 2124/5181/4569 5374/5173/728
f 2124/5181/4569 2123/5183/4571 5375/5177/733
f 2122/5182/4570 5376/5176/732 5375/5177/733
f 310/5184/4572 2115/5185/734 5376/5176/732
f 2115/5185/734 2114/5186/735 5379/5180/730
f 2114/5186/735 2113/5188/736 5382/5187/731
f 2113/5188/736 309/5300/737 2127/5189/666
f 5382/5187/731 2127/5189/666 2126/5190/664
f 5380/5179/727 5381/5178/726 2126/5190/664
f 2080/5080/549 5380/5179/727 2125/5191/663
f 2081/5078/548 5377/5175/725 5380/5179/727
f 2082/5077/547 5374/5173/728 5377/5175/725
f 5384/5193/4573 5387/5197/4577 5386/5194/4574
f 5384/5193/4573 5385/5203/4583 5388/5196/4576
f 5387/5197/4577 5390/5200/4580 5389/5198/4578
f 5387/5197/4577 5388/5196/4576 5391/5199/4579
f 2130/5201/4581 5383/5195/4575 2076/5101/4517
f 2129/5202/4582 5384/5193/4573 5383/5195/4575
f 2129/5202/4582 2128/5204/4584 5385/5203/4583
f 2128/5204/4584 308/5248/4616 2109/5205/4585
f 5385/5203/4583 2109/5205/4585 2108/5206/4586
f 5388/5196/4576 2108/5206/4586 2107/5207/4587
f 5391/5199/4579 2107/5207/4587 307/5208/4588
f 5390/5200/4580 5391/5199/4579 2133/5209/4589
f 5390/5200/4580 2132/5210/4590 2131/5211/4591
f 5389/5198/4578 2131/5211/4591 301/5104/4520
f 5386/5194/4574 5389/5198/4578 2074/5103/4519
f 5383/5195/4575 5386/5194/4574 2075/5102/4518
f 5393/5212/4592 5396/5216/4596 5395/5213/4593
f 5394/5215/4595 5397/5221/4601 5396/5216/4596
f 5395/5213/4593 5396/5216/4596 5399/5217/4597
f 5396/5216/4596 5397/5221/4601 5400/5219/4599
f 2460/3998/3703 5392/5214/4594 1839/4152/3813
f 2459/3997/3702 5393/5212/4592 5392/5214/4594
f 2458/3996/3701 5394/5215/4595 5393/5212/4592
f 357/3995/3700 2238/5220/4600 5394/5215/4595
f 2238/5220/4600 2237/5765/5029 5397/5221/4601
f 5397/5221/4601 2237/5765/5029 2236/5222/4602
f 5400/5219/4599 2236/5222/4602 356/3720/3481
f 5399/5217/4597 5400/5219/4599 2457/3719/3480
f 5398/5218/4598 5399/5217/4597 2456/3718/3479
f 1837/4154/3815 5398/5218/4598 2455/3715/3476
f 1838/4153/3814 5395/5213/4593 5398/5218/4598
f 5392/5214/4594 5395/5213/4593 1838/4153/3814
f 5401/5223/4603 5402/5227/4607 5405/5224/4604
f 5403/5226/4606 5406/5230/4610 5405/5224/4604
f 5404/5225/4605 5405/5224/4604 5408/5228/4608
f 5406/5230/4610 5409/5234/4614 5408/5228/4608
f 305/5131/4544 2119/5172/4568 5401/5223/4603
f 2119/5172/4568 2120/5171/4567 5402/5227/4607
f 2121/5170/4566 5403/5226/4606 5402/5227/4607
f 311/5231/4611 2118/5232/4612 5403/5226/4606
f 2118/5232/4612 2117/5233/4613 5406/5230/4610
f 2117/5233/4613 2116/5235/4615 5409/5234/4614
f 2116/5235/4615 310/5184/4572 2122/5182/4570
f 5409/5234/4614 2122/5182/4570 2123/5183/4571
f 5407/5229/4609 5408/5228/4608 2123/5183/4571
f 2083/5135/4548 5407/5229/4609 2124/5181/4569
f 2084/5133/4546 5404/5225/4605 5407/5229/4609
f 2085/5132/4545 5401/5223/4603 5404/5225/4605
f 5411/5236/658 5414/5240/655 5413/5237/657
f 5411/5236/658 5412/5244/665 5415/5239/660
f 5414/5240/655 5417/5243/656 5416/5241/654
f 5414/5240/655 5415/5239/660 5418/5242/659
f 2125/5191/663 5410/5238/662 2079/5148/597
f 2126/5190/664 5411/5236/658 5410/5238/662
f 2126/5190/664 2127/5189/666 5412/5244/665
f 2127/5189/666 309/5300/737 2112/5245/667
f 5412/5244/665 2112/5245/667 2111/5246/668
f 5415/5239/660 2111/5246/668 2110/5247/669
f 5418/5242/659 2110/5247/669 308/5248/4616
f 5417/5243/656 5418/5242/659 2128/5204/4584
f 5417/5243/656 2129/5202/4582 2130/5201/4581
f 5416/5241/654 2130/5201/4581 302/5151/4549
f 5413/5237/657 5416/5241/654 2077/5150/599
f 5410/5238/662 5413/5237/657 2078/5149/598
f 5420/5249/4617 5423/5253/4621 5422/5250/4618
f 5420/5249/4617 5421/5257/4625 5424/5252/4620
f 5423/5253/4621 5426/5256/4624 5425/5254/4622
f 5423/5253/4621 5424/5252/4620 5427/5255/4623
f 2131/5211/4591 5419/5251/4619 2073/5034/4479
f 2132/5210/4590 5420/5249/4617 5419/5251/4619
f 2132/5210/4590 2133/5209/4589 5421/5257/4625
f 2133/5209/4589 307/5208/4588 2106/5258/4626
f 5421/5257/4625 2106/5258/4626 2105/5259/4627
f 5424/5252/4620 2105/5259/4627 2104/5260/4628
f 5427/5255/4623 2104/5260/4628 306/4743/4263
f 5426/5256/4624 5427/5255/4623 2134/4742/4262
f 5426/5256/4624 2135/4756/4276 2136/4754/4274
f 5425/5254/4622 2136/4754/4274 300/4755/4275
f 5422/5250/4618 5425/5254/4622 2071/5036/4481
f 5419/5251/4619 5422/5250/4618 2072/5035/4480
f 5429/5261/4629 5432/5265/4633 5431/5262/4630
f 5430/5264/4632 5433/5270/4638 5432/5265/4633
f 5431/5262/4630 5432/5265/4633 5435/5266/4634
f 5432/5265/4633 5433/5270/4638 5436/5268/4636
f 2454/5121/4535 5428/5263/4631 1728/3747/3508
f 2453/5120/4534 5429/5261/4629 5428/5263/4631
f 2452/5119/4533 5430/5264/4632 5429/5261/4629
f 354/5118/4532 2247/5269/4637 5430/5264/4632
f 2247/5269/4637 2246/5888/5152 5433/5270/4638
f 5433/5270/4638 2246/5888/5152 2245/5271/4639
f 5436/5268/4636 2245/5271/4639 318/4208/3857
f 5435/5266/4634 5436/5268/4636 2451/4207/3856
f 5434/5267/4635 5435/5266/4634 2450/4206/3855
f 1726/3749/3510 5434/5267/4635 2449/4205/3854
f 1727/3748/3509 5431/5262/4630 5434/5267/4635
f 5428/5263/4631 5431/5262/4630 1727/3748/3509
f 5437/5272/4640 5438/5276/4644 5441/5273/4641
f 5439/5275/4643 5442/5279/4647 5441/5273/4641
f 5440/5274/4642 5441/5273/4641 5444/5277/4645
f 5442/5279/4647 5445/5286/4654 5444/5277/4645
f 311/5231/4611 2157/5280/4648 5437/5272/4640
f 2157/5280/4648 2156/5282/4650 5438/5276/4644
f 2155/5281/4649 5439/5275/4643 5438/5276/4644
f 317/5283/4651 2151/5284/4652 5439/5275/4643
f 2151/5284/4652 2150/5285/4653 5442/5279/4647
f 2150/5285/4653 2149/5287/4655 5445/5286/4654
f 2149/5287/4655 316/5350/4694 2160/5288/4656
f 5445/5286/4654 2160/5288/4656 2159/5289/4657
f 5443/5278/4646 5444/5277/4645 2159/5289/4657
f 2116/5235/4615 5443/5278/4646 2158/5290/4658
f 2117/5233/4613 5440/5274/4642 5443/5278/4646
f 2118/5232/4612 5437/5272/4640 5440/5274/4642
f 5447/5291/755 5450/5295/752 5449/5292/754
f 5447/5291/755 5448/5302/762 5451/5294/757
f 5450/5295/752 5453/5298/753 5452/5296/751
f 5450/5295/752 5451/5294/757 5454/5297/756
f 2163/5299/760 5446/5293/759 2112/5245/667
f 2162/5301/761 5447/5291/755 5446/5293/759
f 2162/5301/761 2161/5303/763 5448/5302/762
f 2161/5303/763 315/5392/833 2145/5304/764
f 5448/5302/762 2145/5304/764 2144/5305/765
f 5451/5294/757 2144/5305/765 2143/5306/766
f 5454/5297/756 2143/5306/766 314/5307/4659
f 5453/5298/753 5454/5297/756 2166/5308/4660
f 5453/5298/753 2165/5309/4661 2164/5310/4662
f 5452/5296/751 2164/5310/4662 308/5248/4616
f 5449/5292/754 5452/5296/751 2110/5247/669
f 5446/5293/759 5449/5292/754 2111/5246/668
f 5456/5311/4663 5459/5315/4667 5458/5312/4664
f 5456/5311/4663 5457/5321/4673 5460/5314/4666
f 5459/5315/4667 5462/5318/4670 5461/5316/4668
f 5459/5315/4667 5460/5314/4666 5463/5317/4669
f 2169/5319/4671 5455/5313/4665 2106/5258/4626
f 2168/5320/4672 5456/5311/4663 5455/5313/4665
f 2168/5320/4672 2167/5322/4674 5457/5321/4673
f 2167/5322/4674 313/5367/4707 2139/5323/4675
f 5457/5321/4673 2139/5323/4675 2138/5324/4676
f 5460/5314/4666 2138/5324/4676 2137/5325/4677
f 5463/5317/4669 2137/5325/4677 312/4660/4196
f 5462/5318/4670 5463/5317/4669 2152/5014/4461
f 5462/5318/4670 2153/5019/4466 2154/5018/4465
f 5461/5316/4668 2154/5018/4465 306/4743/4263
f 5458/5312/4664 5461/5316/4668 2104/5260/4628
f 5455/5313/4665 5458/5312/4664 2105/5259/4627
f 5464/5326/4678 5465/5330/4682 5468/5327/4679
f 5466/5329/4681 5469/5333/4685 5468/5327/4679
f 5467/5328/4680 5468/5327/4679 5471/5331/4683
f 5469/5333/4685 5472/5340/4692 5471/5331/4683
f 335/5165/4561 2308/5334/4686 5464/5326/4678
f 2308/5334/4686 2309/5336/4688 5465/5330/4682
f 2310/5335/4687 5466/5329/4681 5465/5330/4682
f 336/5337/4689 2301/5338/4690 5466/5329/4681
f 2301/5338/4690 2300/5339/4691 5469/5333/4685
f 2300/5339/4691 2299/5341/4693 5472/5340/4692
f 2299/5341/4693 317/5283/4651 2155/5281/4649
f 5472/5340/4692 2155/5281/4649 2156/5282/4650
f 5470/5332/4684 5471/5331/4683 2156/5282/4650
f 2296/5169/4565 5470/5332/4684 2157/5280/4648
f 2297/5167/4563 5467/5328/4680 5470/5332/4684
f 2298/5166/4562 5464/5326/4678 5467/5328/4680
f 5473/5342/824 5474/5346/829 5477/5343/825
f 5475/5345/828 5478/5349/826 5477/5343/825
f 5476/5344/821 5477/5343/825 5480/5347/822
f 5478/5349/826 5481/5353/827 5480/5347/822
f 310/5184/4572 2158/5290/4658 5473/5342/824
f 2158/5290/4658 2159/5289/4657 5474/5346/829
f 2160/5288/4656 5475/5345/828 5474/5346/829
f 316/5350/4694 2148/5351/830 5475/5345/828
f 2148/5351/830 2147/5352/831 5478/5349/826
f 2147/5352/831 2146/5354/832 5481/5353/827
f 2146/5354/832 315/5392/833 2161/5303/763
f 5481/5353/827 2161/5303/763 2162/5301/761
f 5479/5348/823 5480/5347/822 2162/5301/761
f 2113/5188/736 5479/5348/823 2163/5299/760
f 2114/5186/735 5476/5344/821 5479/5348/823
f 2115/5185/734 5473/5342/824 5476/5344/821
f 5483/5355/4695 5486/5359/4699 5485/5356/4696
f 5483/5355/4695 5484/5363/4703 5487/5358/4698
f 5486/5359/4699 5489/5362/4702 5488/5360/4700
f 5486/5359/4699 5487/5358/4698 5490/5361/4701
f 2164/5310/4662 5482/5357/4697 2109/5205/4585
f 2165/5309/4661 5483/5355/4695 5482/5357/4697
f 2165/5309/4661 2166/5308/4660 5484/5363/4703
f 2166/5308/4660 314/5307/4659 2142/5364/4704
f 5484/5363/4703 2142/5364/4704 2141/5365/4705
f 5487/5358/4698 2141/5365/4705 2140/5366/4706
f 5490/5361/4701 2140/5366/4706 313/5367/4707
f 5489/5362/4702 5490/5361/4701 2167/5322/4674
f 5489/5362/4702 2168/5320/4672 2169/5319/4671
f 5488/5360/4700 2169/5319/4671 307/5208/4588
f 5485/5356/4696 5488/5360/4700 2107/5207/4587
f 5482/5357/4697 5485/5356/4696 2108/5206/4586
f 5491/5368/4708 5492/5372/4712 5495/5369/4709
f 5493/5371/4711 5496/5375/4715 5495/5369/4709
f 5494/5370/4710 5495/5369/4709 5498/5373/4713
f 5496/5375/4715 5499/5379/4719 5498/5373/4713
f 317/5283/4651 2175/5376/4716 5491/5368/4708
f 2175/5376/4716 2174/5378/4718 5492/5372/4712
f 2173/5377/4717 5493/5371/4711 5492/5372/4712
f 321/3591/3386 2193/3592/3387 5493/5371/4711
f 2193/3592/3387 2192/3606/3401 5496/5375/4715
f 2192/3606/3401 2191/3604/3399 5499/5379/4719
f 2191/3604/3399 227/3605/3400 2250/5380/4720
f 5499/5379/4719 2250/5380/4720 2249/5381/4721
f 5497/5374/4714 5498/5373/4713 2249/5381/4721
f 2149/5287/4655 5497/5374/4714 2248/5382/4722
f 2150/5285/4653 5494/5370/4710 5497/5374/4714
f 2151/5284/4652 5491/5368/4708 5494/5370/4710
f 5501/5383/940 5504/5387/937 5503/5384/939
f 5501/5383/940 5502/5394/944 5505/5386/942
f 5504/5387/937 5507/5390/938 5506/5388/936
f 5504/5387/937 5505/5386/942 5508/5389/941
f 2178/5391/893 5500/5385/943 2145/5304/764
f 2177/5393/903 5501/5383/940 5500/5385/943
f 2177/5393/903 2176/5395/901 5502/5394/944
f 2176/5395/901 320/3617/902 2187/3616/945
f 5502/5394/944 2187/3616/945 2186/3630/946
f 5505/5386/942 2186/3630/946 2185/3629/947
f 5508/5389/941 2185/3629/947 226/3628/3406
f 5507/5390/938 5508/5389/941 2253/5396/4723
f 5507/5390/938 2252/5397/4724 2251/5398/4725
f 5506/5388/936 2251/5398/4725 314/5307/4659
f 5503/5384/939 5506/5388/936 2143/5306/766
f 5500/5385/943 5503/5384/939 2144/5305/765
f 5510/5399/4726 5513/5403/4730 5512/5400/4727
f 5510/5399/4726 5511/5409/4736 5514/5402/4729
f 5513/5403/4730 5516/5406/4733 5515/5404/4731
f 5513/5403/4730 5514/5402/4729 5517/5405/4732
f 2256/5407/4734 5509/5401/4728 2139/5323/4675
f 2255/5408/4735 5510/5399/4726 5509/5401/4728
f 2255/5408/4735 2254/5410/4737 5511/5409/4736
f 2254/5410/4737 225/3641/3417 2184/3640/3416
f 5511/5409/4736 2184/3640/3416 2183/3654/3430
f 5514/5402/4729 2183/3654/3430 2182/3653/3429
f 5517/5405/4732 2182/3653/3429 319/3652/3428
f 5516/5406/4733 5517/5405/4732 2181/4651/4187
f 5516/5406/4733 2180/4661/4197 2179/4659/4195
f 5515/5404/4731 2179/4659/4195 312/4660/4196
f 5512/5400/4727 5515/5404/4731 2137/5325/4677
f 5509/5401/4728 5512/5400/4727 2138/5324/4676
f 5518/5411/4738 5519/5415/4742 5522/5412/4739
f 5520/5414/4741 5523/5418/4745 5522/5412/4739
f 5521/5413/4740 5522/5412/4739 5525/5416/4743
f 5523/5418/4745 5526/5422/4749 5525/5416/4743
f 336/5337/4689 2305/5419/4746 5518/5411/4738
f 2305/5419/4746 2306/5421/4748 5519/5415/4742
f 2307/5420/4747 5520/5414/4741 5519/5415/4742
f 337/3663/3439 2304/3664/3440 5520/5414/4741
f 2304/3664/3440 2303/3674/3450 5523/5418/4745
f 2303/3674/3450 2302/3673/3449 5526/5422/4749
f 2302/3673/3449 321/3591/3386 2173/5377/4717
f 5526/5422/4749 2173/5377/4717 2174/5378/4718
f 5524/5417/4744 5525/5416/4743 2174/5378/4718
f 2299/5341/4693 5524/5417/4744 2175/5376/4716
f 2300/5339/4691 5521/5413/4740 5524/5417/4744
f 2301/5338/4690 5518/5411/4738 5521/5413/4740
f 5527/5423/888 5528/5427/895 5531/5424/889
f 5529/5426/892 5532/5430/890 5531/5424/889
f 5530/5425/885 5531/5424/889 5534/5428/886
f 5532/5430/890 5535/5431/891 5534/5428/886
f 316/5350/4694 2248/5382/4722 5527/5423/888
f 2248/5382/4722 2249/5381/4721 5528/5427/895
f 2250/5380/4720 5529/5426/892 5528/5427/895
f 227/3605/3400 2190/3683/898 5529/5426/892
f 2190/3683/898 2189/3690/899 5532/5430/890
f 2189/3690/899 2188/3689/900 5535/5431/891
f 2188/3689/900 320/3617/902 2176/5395/901
f 5535/5431/891 2176/5395/901 2177/5393/903
f 5533/5429/887 5534/5428/886 2177/5393/903
f 2146/5354/832 5533/5429/887 2178/5391/893
f 2147/5352/831 5530/5425/885 5533/5429/887
f 2148/5351/830 5527/5423/888 5530/5425/885
f 5537/5432/4750 5540/5436/4754 5539/5433/4751
f 5537/5432/4750 5538/5440/4758 5541/5435/4753
f 5540/5436/4754 5543/5439/4757 5542/5437/4755
f 5540/5436/4754 5541/5435/4753 5544/5438/4756
f 2251/5398/4725 5536/5434/4752 2142/5364/4704
f 2252/5397/4724 5537/5432/4750 5536/5434/4752
f 2252/5397/4724 2253/5396/4723 5538/5440/4758
f 2253/5396/4723 226/3628/3406 1683/3699/3460
f 5538/5440/4758 1683/3699/3460 1682/3706/3467
f 5541/5435/4753 1682/3706/3467 1681/3705/3466
f 5544/5438/4756 1681/3705/3466 225/3641/3417
f 5543/5439/4757 5544/5438/4756 2254/5410/4737
f 5543/5439/4757 2255/5408/4735 2256/5407/4734
f 5542/5437/4755 2256/5407/4734 313/5367/4707
f 5539/5433/4751 5542/5437/4755 2140/5366/4706
f 5536/5434/4752 5539/5433/4751 2141/5365/4705
f 5546/5441/4759 5549/5445/4763 5548/5442/4760
f 5547/5444/4762 5550/5450/4768 5549/5445/4763
f 5548/5442/4760 5549/5445/4763 5552/5446/4764
f 5549/5445/4763 5550/5450/4768 5553/5448/4766
f 2488/4289/3922 5545/5443/4761 1900/4425/4018
f 2489/4288/3921 5546/5441/4759 5545/5443/4761
f 2490/4287/3920 5547/5444/4762 5546/5441/4759
f 359/4286/3919 2230/5449/4767 5547/5444/4762
f 2230/5449/4767 2231/5957/5215 5550/5450/4768
f 5550/5450/4768 2231/5957/5215 2232/5451/4769
f 5553/5448/4766 2232/5451/4769 358/3991/3696
f 5552/5446/4764 5553/5448/4766 2494/3990/3695
f 5551/5447/4765 5552/5446/4764 2495/3989/3694
f 1902/4427/4020 5551/5447/4765 2496/3986/3691
f 1901/4426/4019 5548/5442/4760 5551/5447/4765
f 5545/5443/4761 5548/5442/4760 1901/4426/4019
f 5555/5452/4770 5558/5456/4774 5557/5453/4771
f 5556/5455/4773 5559/5465/4783 5558/5456/4774
f 5557/5453/4771 5558/5456/4774 5561/5457/4775
f 5558/5456/4774 5559/5465/4783 5562/5459/4777
f 2406/5460/4778 5554/5454/4772 2335/4224/3873
f 2405/5461/4779 5555/5452/4770 5554/5454/4772
f 2404/5462/4780 5556/5455/4773 5555/5452/4770
f 342/5463/4781 2383/5464/4782 5556/5455/4773
f 2383/5464/4782 2384/5742/5006 5559/5465/4783
f 5559/5465/4783 2384/5742/5006 2385/5466/4784
f 5562/5459/4777 2385/5466/4784 343/5467/4785
f 5561/5457/4775 5562/5459/4777 2403/5468/4786
f 5560/5458/4776 5561/5457/4775 2402/5469/4787
f 2337/4225/3874 5560/5458/4776 2401/5470/4788
f 2336/4226/3875 5557/5453/4771 5560/5458/4776
f 5554/5454/4772 5557/5453/4771 2336/4226/3875
f 5564/5471/4789 5567/5475/4793 5566/5472/4790
f 5565/5474/4792 5568/5484/4802 5567/5475/4793
f 5566/5472/4790 5567/5475/4793 5570/5476/4794
f 5567/5475/4793 5568/5484/4802 5571/5478/4796
f 2412/5479/4797 5563/5473/4791 2314/5049/4490
f 2411/5480/4798 5564/5471/4789 5563/5473/4791
f 2410/5481/4799 5565/5474/4792 5564/5471/4789
f 349/5482/4800 2362/5483/4801 5565/5474/4792
f 2362/5483/4801 2363/5733/4999 5568/5484/4802
f 5568/5484/4802 2363/5733/4999 2364/5485/4803
f 5571/5478/4796 2364/5485/4803 350/5486/4804
f 5570/5476/4794 5571/5478/4796 2409/5487/4805
f 5569/5477/4795 5570/5476/4794 2408/5488/4806
f 2316/5050/4491 5569/5477/4795 2407/5489/4807
f 2315/5051/4492 5566/5472/4790 5569/5477/4795
f 5563/5473/4791 5566/5472/4790 2315/5051/4492
f 5573/5490/4808 5576/5494/4812 5575/5491/4809
f 5574/5493/4811 5577/5503/4821 5576/5494/4812
f 5575/5491/4809 5576/5494/4812 5579/5495/4813
f 5576/5494/4812 5577/5503/4821 5580/5497/4815
f 2415/5498/4816 5572/5492/4810 2338/4163/3824
f 2414/5499/4817 5573/5490/4808 5572/5492/4810
f 2413/5500/4818 5574/5493/4811 5573/5490/4808
f 341/5501/4819 2386/5502/4820 5574/5493/4811
f 2386/5502/4820 2387/5743/5007 5577/5503/4821
f 5577/5503/4821 2387/5743/5007 2388/5504/4822
f 5580/5497/4815 2388/5504/4822 342/5463/4781
f 5579/5495/4813 5580/5497/4815 2404/5462/4780
f 5578/5496/4814 5579/5495/4813 2405/5461/4779
f 2340/4164/3825 5578/5496/4814 2406/5460/4778
f 2339/4165/3826 5575/5491/4809 5578/5496/4814
f 5572/5492/4810 5575/5491/4809 2339/4165/3826
f 5582/5505/4823 5585/5509/4827 5584/5506/4824
f 5583/5508/4826 5586/5518/4836 5585/5509/4827
f 5584/5506/4824 5585/5509/4827 5588/5510/4828
f 5585/5509/4827 5586/5518/4836 5589/5512/4830
f 2418/5513/4831 5581/5507/4825 2317/4972/4431
f 2417/5514/4832 5582/5505/4823 5581/5507/4825
f 2416/5515/4833 5583/5508/4826 5582/5505/4823
f 348/5516/4834 2365/5517/4835 5583/5508/4826
f 2365/5517/4835 2366/6270/5000 5586/5518/4836
f 5586/5518/4836 2366/6270/5000 2367/5519/4837
f 5589/5512/4830 2367/5519/4837 349/5520/4800
f 5588/5510/4828 5589/5512/4830 2410/5521/4799
f 5587/5511/4829 5588/5510/4828 2411/5522/4798
f 2319/4973/4432 5587/5511/4829 2412/5523/4797
f 2318/4974/4433 5584/5506/4824 5587/5511/4829
f 5581/5507/4825 5584/5506/4824 2318/4974/4433
f 5591/5524/4838 5594/5528/4842 5593/5525/4839
f 5592/5527/4841 5595/5537/4850 5594/5528/4842
f 5593/5525/4839 5594/5528/4842 5597/5529/4843
f 5594/5528/4842 5595/5537/4850 5598/5531/4845
f 2421/5532/4846 5590/5526/4840 2341/4064/3753
f 2420/5533/4847 5591/5524/4838 5590/5526/4840
f 2419/5534/4848 5592/5527/4841 5591/5524/4838
f 340/5535/4849 2389/5536/4784 5592/5527/4841
f 2389/5536/4784 2390/5744/5008 5595/5537/4850
f 5595/5537/4850 2390/5744/5008 2391/5538/4851
f 5598/5531/4845 2391/5538/4851 341/5501/4819
f 5597/5529/4843 5598/5531/4845 2413/5500/4818
f 5596/5530/4844 5597/5529/4843 2414/5499/4817
f 2343/4065/3754 5596/5530/4844 2415/5498/4816
f 2342/4066/3755 5593/5525/4839 5596/5530/4844
f 5590/5526/4840 5593/5525/4839 2342/4066/3755
f 5600/5539/4852 5603/5543/4856 5602/5540/4853
f 5601/5542/4855 5604/5552/4864 5603/5543/4856
f 5602/5540/4853 5603/5543/4856 5606/5544/4857
f 5603/5543/4856 5604/5552/4864 5607/5546/4859
f 2424/5547/4860 5599/5541/4854 2320/4889/4376
f 2423/5548/4861 5600/5539/4852 5599/5541/4854
f 2422/5549/4862 5601/5542/4855 5600/5539/4852
f 347/5550/4863 2368/5551/4803 5601/5542/4855
f 2368/5551/4803 2369/5737/5001 5604/5552/4864
f 5604/5552/4864 2369/5737/5001 2370/5553/4865
f 5607/5546/4859 2370/5553/4865 348/5516/4834
f 5606/5544/4857 5607/5546/4859 2416/5515/4833
f 5605/5545/4858 5606/5544/4857 2417/5514/4832
f 2322/4890/4377 5605/5545/4858 2418/5513/4831
f 2321/4891/4378 5602/5540/4853 5605/5545/4858
f 5599/5541/4854 5602/5540/4853 2321/4891/4378
f 5609/5554/4866 5612/5558/4870 5611/5555/4867
f 5610/5557/4869 5613/5567/4878 5612/5558/4870
f 5611/5555/4867 5612/5558/4870 5615/5559/4871
f 5612/5558/4870 5613/5567/4878 5616/5561/4873
f 2427/5562/4874 5608/5556/4868 2344/3863/3596
f 2426/5563/4875 5609/5554/4866 5608/5556/4868
f 2425/5564/4876 5610/5557/4869 5609/5554/4866
f 339/5565/4877 2392/5566/4822 5610/5557/4869
f 2392/5566/4822 2393/5745/5009 5613/5567/4878
f 5613/5567/4878 2393/5745/5009 2394/5568/4879
f 5616/5561/4873 2394/5568/4879 340/5535/4849
f 5615/5559/4871 5616/5561/4873 2419/5534/4848
f 5614/5560/4872 5615/5559/4871 2420/5533/4847
f 2346/3864/3597 5614/5560/4872 2421/5532/4846
f 2345/3865/3598 5611/5555/4867 5614/5560/4872
f 5608/5556/4868 5611/5555/4867 2345/3865/3598
f 5618/5569/4880 5621/5573/4884 5620/5570/4881
f 5619/5572/4883 5622/5582/4892 5621/5573/4884
f 5620/5570/4881 5621/5573/4884 5624/5574/4885
f 5621/5573/4884 5622/5582/4892 5625/5576/4887
f 2430/5577/4888 5617/5571/4882 2323/4683/4219
f 2429/5578/4889 5618/5569/4880 5617/5571/4882
f 2428/5579/4890 5619/5572/4883 5618/5569/4880
f 346/5580/4891 2371/5581/4837 5619/5572/4883
f 2371/5581/4837 2372/5738/5002 5622/5582/4892
f 5622/5582/4892 2372/5738/5002 2373/5583/4893
f 5625/5576/4887 2373/5583/4893 347/5550/4863
f 5624/5574/4885 5625/5576/4887 2422/5549/4862
f 5623/5575/4886 5624/5574/4885 2423/5548/4861
f 2325/4684/4220 5623/5575/4886 2424/5547/4860
f 2324/4685/4221 5620/5570/4881 5623/5575/4886
f 5617/5571/4882 5620/5570/4881 2324/4685/4221
f 5627/5584/4894 5630/5588/4898 5629/5585/4895
f 5628/5587/4897 5631/5597/4906 5630/5588/4898
f 5629/5585/4895 5630/5588/4898 5633/5589/4899
f 5630/5588/4898 5631/5597/4906 5634/5591/4901
f 2433/5592/4902 5626/5586/4896 2347/3758/3519
f 2432/5593/4903 5627/5584/4894 5626/5586/4896
f 2431/5594/4904 5628/5587/4897 5627/5584/4894
f 338/5595/4905 2395/5596/4851 5628/5587/4897
f 2395/5596/4851 2396/5746/5010 5631/5597/4906
f 5631/5597/4906 2396/5746/5010 2397/5598/4907
f 5634/5591/4901 2397/5598/4907 339/5565/4877
f 5633/5589/4899 5634/5591/4901 2425/5564/4876
f 5632/5590/4900 5633/5589/4899 2426/5563/4875
f 2349/3759/3520 5632/5590/4900 2427/5562/4874
f 2348/3760/3521 5629/5585/4895 5632/5590/4900
f 5626/5586/4896 5629/5585/4895 2348/3760/3521
f 5636/5599/4908 5639/5603/4912 5638/5600/4909
f 5637/5602/4911 5640/5612/4920 5639/5603/4912
f 5638/5600/4909 5639/5603/4912 5642/5604/4913
f 5639/5603/4912 5640/5612/4920 5643/5606/4915
f 2436/5607/4916 5635/5601/4910 2326/4603/4151
f 2435/5608/4917 5636/5599/4908 5635/5601/4910
f 2434/5609/4918 5637/5602/4911 5636/5599/4908
f 345/5610/4919 2374/5611/4865 5637/5602/4911
f 2374/5611/4865 2375/5739/5003 5640/5612/4920
f 5640/5612/4920 2375/5739/5003 2376/5613/4921
f 5643/5606/4915 2376/5613/4921 346/5580/4891
f 5642/5604/4913 5643/5606/4915 2428/5579/4890
f 5641/5605/4914 5642/5604/4913 2429/5578/4889
f 2328/4604/4152 5641/5605/4914 2430/5577/4888
f 2327/4605/4153 5638/5600/4909 5641/5605/4914
f 5635/5601/4910 5638/5600/4909 2327/4605/4153
f 5645/5614/4922 5648/5618/4926 5647/5615/4923
f 5646/5617/4925 5649/5627/4934 5648/5618/4926
f 5647/5615/4923 5648/5618/4926 5651/5619/4927
f 5648/5618/4926 5649/5627/4934 5652/5621/4929
f 2442/5622/4930 5644/5616/4924 2305/5419/4746
f 2441/5623/4931 5645/5614/4922 5644/5616/4924
f 2440/5624/4932 5646/5617/4925 5645/5614/4922
f 352/5625/4933 2353/5626/4907 5646/5617/4925
f 2353/5626/4907 2354/5730/4997 5649/5627/4934
f 5649/5627/4934 2354/5730/4997 2355/5628/4935
f 5652/5621/4929 2355/5628/4935 353/5629/4936
f 5651/5619/4927 5652/5621/4929 2439/5630/4937
f 5650/5620/4928 5651/5619/4927 2438/5631/4938
f 2307/5420/4747 5650/5620/4928 2437/5632/4939
f 2306/5421/4748 5647/5615/4923 5650/5620/4928
f 5644/5616/4924 5647/5615/4923 2306/5421/4748
f 5654/5633/4940 5657/5637/4944 5656/5634/4941
f 5655/5636/4943 5658/5642/4948 5657/5637/4944
f 5656/5634/4941 5657/5637/4944 5660/5638/4945
f 5657/5637/4944 5658/5642/4948 5661/5640/4947
f 2437/5632/4939 5653/5635/4942 2350/3665/3441
f 2438/5631/4938 5654/5633/4940 5653/5635/4942
f 2439/5630/4937 5655/5636/4943 5654/5633/4940
f 353/5629/4936 2398/5641/4879 5655/5636/4943
f 2398/5641/4879 2399/5747/5011 5658/5642/4948
f 5658/5642/4948 2399/5747/5011 2400/5643/4949
f 5661/5640/4947 2400/5643/4949 338/5595/4905
f 5660/5638/4945 5661/5640/4947 2431/5594/4904
f 5659/5639/4946 5660/5638/4945 2432/5593/4903
f 2352/3666/3442 5659/5639/4946 2433/5592/4902
f 2351/3667/3443 5656/5634/4941 5659/5639/4946
f 5653/5635/4942 5656/5634/4941 2351/3667/3443
f 5663/5644/4950 5666/5648/4954 5665/5645/4951
f 5664/5647/4953 5667/5657/4962 5666/5648/4954
f 5665/5645/4951 5666/5648/4954 5669/5649/4955
f 5666/5648/4954 5667/5657/4962 5670/5651/4957
f 2445/5652/4958 5662/5646/4952 2329/4507/4083
f 2444/5653/4959 5663/5644/4950 5662/5646/4952
f 2443/5654/4960 5664/5647/4953 5663/5644/4950
f 344/5655/4961 2377/5656/4893 5664/5647/4953
f 2377/5656/4893 2378/5740/5004 5667/5657/4962
f 5667/5657/4962 2378/5740/5004 2379/5658/4782
f 5670/5651/4957 2379/5658/4782 345/5610/4919
f 5669/5649/4955 5670/5651/4957 2434/5609/4918
f 5668/5650/4956 5669/5649/4955 2435/5608/4917
f 2331/4508/4084 5668/5650/4956 2436/5607/4916
f 2330/4509/4085 5665/5645/4951 5668/5650/4956
f 5662/5646/4952 5665/5645/4951 2330/4509/4085
f 5672/5659/4963 5675/5663/4967 5674/5660/4964
f 5673/5662/4966 5676/5672/4975 5675/5663/4967
f 5674/5660/4964 5675/5663/4967 5678/5664/4968
f 5675/5663/4967 5676/5672/4975 5679/5666/4970
f 2448/5667/4971 5671/5661/4965 2308/5334/4686
f 2447/5668/4972 5672/5659/4963 5671/5661/4965
f 2446/5669/4973 5673/5662/4966 5672/5659/4963
f 351/5670/4974 2356/5671/4949 5673/5662/4966
f 2356/5671/4949 2357/5732/4996 5676/5672/4975
f 5676/5672/4975 2357/5732/4996 2358/5673/4801
f 5679/5666/4970 2358/5673/4801 352/5625/4933
f 5678/5664/4968 5679/5666/4970 2440/5624/4932
f 5677/5665/4969 5678/5664/4968 2441/5623/4931
f 2310/5335/4687 5677/5665/4969 2442/5622/4930
f 2309/5674/4688 5674/5660/4964 5677/5665/4969
f 5671/5661/4965 5674/5660/4964 2309/5674/4688
f 5681/5675/4976 5684/5679/4980 5683/5676/4977
f 5682/5678/4979 5685/5684/4984 5684/5679/4980
f 5683/5676/4977 5684/5679/4980 5687/5680/4981
f 5684/5679/4980 5685/5684/4984 5688/5682/4983
f 2401/5470/4788 5680/5677/4978 2332/4436/4029
f 2402/5469/4787 5681/5675/4976 5680/5677/4978
f 2403/5468/4786 5682/5678/4979 5681/5675/4976
f 343/5467/4785 2380/5683/4921 5682/5678/4979
f 2380/5683/4921 2381/5741/5005 5685/5684/4984
f 5685/5684/4984 2381/5741/5005 2382/5685/4820
f 5688/5682/4983 2382/5685/4820 344/5655/4961
f 5687/5680/4981 5688/5682/4983 2443/5654/4960
f 5686/5681/4982 5687/5680/4981 2444/5653/4959
f 2334/4437/4030 5686/5681/4982 2445/5652/4958
f 2333/4438/4031 5683/5676/4977 5686/5681/4982
f 5680/5677/4978 5683/5676/4977 2333/4438/4031
f 5690/5686/4985 5693/5690/4989 5692/5687/4986
f 5691/5689/4988 5694/5695/4993 5693/5690/4989
f 5692/5687/4986 5693/5690/4989 5696/5691/4990
f 5693/5690/4989 5694/5695/4993 5697/5693/4992
f 2407/5489/4807 5689/5688/4987 2311/5162/4558
f 2408/5488/4806 5690/5686/4985 5689/5688/4987
f 2409/5487/4805 5691/5689/4988 5690/5686/4985
f 350/5486/4804 2359/5694/4935 5691/5689/4988
f 2359/5694/4935 2360/5731/4998 5694/5695/4993
f 5694/5695/4993 2360/5731/4998 2361/5696/4994
f 5697/5693/4992 2361/5696/4994 351/5670/4974
f 5696/5691/4990 5697/5693/4992 2446/5669/4973
f 5695/5692/4991 5696/5691/4990 2447/5668/4972
f 2313/5163/4559 5695/5692/4991 2448/5667/4971
f 2312/5164/4560 5692/5687/4986 5695/5692/4991
f 5689/5688/4987 5692/5687/4986 2312/5164/4560
f 5700/5697/4995 5698/6271/4995 5730/5698/4995
f 5702/5700/4995 5698/6271/4995 5700/5697/4995
f 5704/5702/4995 5698/6271/4995 5702/5700/4995
f 5706/5704/4995 5698/6271/4995 5704/5702/4995
f 5708/5706/4995 5698/6271/4995 5706/5704/4995
f 5710/5708/4995 5698/6271/4995 5708/5706/4995
f 5712/5710/4995 5698/6271/4995 5710/5708/4995
f 5714/5712/4995 5698/6271/4995 5712/5710/4995
f 5716/5714/4995 5698/6271/4995 5714/5712/4995
f 5718/5716/4995 5698/6271/4995 5716/5714/4995
f 5720/5718/4995 5698/6271/4995 5718/5716/4995
f 5722/5720/4995 5698/6271/4995 5720/5718/4995
f 5724/5722/4995 5698/6271/4995 5722/5720/4995
f 5726/5724/4995 5698/6271/4995 5724/5722/4995
f 5728/5726/4995 5698/6271/4995 5726/5724/4995
f 5730/5698/4995 5698/6271/4995 5728/5726/4995
f 2358/5673/4801 5699/5699/4995 2353/5626/4907
f 2357/5729/4996 5700/5697/4995 5699/5699/4995
f 5699/5699/4995 5730/5698/4995 2354/5730/4997
f 2361/5696/4994 5701/5701/4995 2356/5671/4949
f 2360/5731/4998 5702/5700/4995 5701/5701/4995
f 5701/5701/4995 5700/5697/4995 2357/5732/4996
f 2364/5485/4803 5703/5703/4995 2359/5694/4935
f 2363/5733/4999 5704/5702/4995 5703/5703/4995
f 5703/5703/4995 5702/5700/4995 2360/5731/4998
f 2367/5734/4837 5705/5705/4995 2362/5483/4801
f 2366/5735/5000 5706/5704/4995 5705/5705/4995
f 5705/5705/4995 5704/5702/4995 2363/5733/4999
f 2370/5553/4865 5707/5707/4995 2365/5736/4835
f 2369/5737/5001 5708/5706/4995 5707/5707/4995
f 5707/5707/4995 5706/5704/4995 2366/5735/5000
f 2373/5583/4893 5709/5709/4995 2368/5551/4803
f 2372/5738/5002 5710/5708/4995 5709/5709/4995
f 5709/5709/4995 5708/5706/4995 2369/5737/5001
f 2376/5613/4921 5711/5711/4995 2371/5581/4837
f 2375/5739/5003 5712/5710/4995 5711/5711/4995
f 5711/5711/4995 5710/5708/4995 2372/5738/5002
f 2379/5658/4782 5713/5713/4995 2374/5611/4865
f 2378/5740/5004 5714/5712/4995 5713/5713/4995
f 5713/5713/4995 5712/5710/4995 2375/5739/5003
f 2382/5685/4820 5715/5715/4995 2377/5656/4893
f 2381/5741/5005 5716/5714/4995 5715/5715/4995
f 5715/5715/4995 5714/5712/4995 2378/5740/5004
f 2385/5466/4784 5717/5717/4995 2380/5683/4921
f 2384/5742/5006 5718/5716/4995 5717/5717/4995
f 5717/5717/4995 5716/5714/4995 2381/5741/5005
f 2388/5504/4822 5719/5719/4995 2383/5464/4782
f 2387/5743/5007 5720/5718/4995 5719/5719/4995
f 5719/5719/4995 5718/5716/4995 2384/5742/5006
f 2391/5538/4851 5721/5721/4995 2386/5502/4820
f 2390/5744/5008 5722/5720/4995 5721/5721/4995
f 5721/5721/4995 5720/5718/4995 2387/5743/5007
f 2394/5568/4879 5723/5723/4995 2389/5536/4784
f 2393/5745/5009 5724/5722/4995 5723/5723/4995
f 5723/5723/4995 5722/5720/4995 2390/5744/5008
f 2397/5598/4907 5725/5725/4995 2392/5566/4822
f 2396/5746/5010 5726/5724/4995 5725/5725/4995
f 5725/5725/4995 5724/5722/4995 2393/5745/5009
f 2400/5643/4949 5727/5727/4995 2395/5596/4851
f 2399/5747/5011 5728/5726/4995 5727/5727/4995
f 5727/5727/4995 5726/5724/4995 2396/5746/5010
f 2355/5628/4935 5729/5728/4995 2398/5641/4879
f 2354/5730/4997 5730/5698/4995 5729/5728/4995
f 5729/5728/4995 5728/5726/4995 2399/5747/5011
f 5732/5748/5012 5735/5752/5016 5734/5749/5013
f 5733/5751/5015 5736/5760/5024 5735/5752/5016
f 5734/5749/5013 5735/5752/5016 5738/5753/5017
f 5735/5752/5016 5736/5760/5024 5739/5755/5019
f 2499/5756/5020 5731/5750/5014 2238/5220/4600
f 2498/5757/5021 5732/5748/5012 5731/5750/5014
f 2497/5758/5022 5733/5751/5015 5732/5748/5012
f 2497/5758/5022 149/6272/5460 1239/5759/5023
f 1239/5759/5023 1238/6273/5474 5736/5760/5024
f 5736/5760/5024 1238/6273/5474 1237/5761/5025
f 1237/5761/5025 148/6274/5394 2520/5762/5026
f 5738/5753/5017 5739/5755/5019 2520/5762/5026
f 5737/5754/5018 5738/5753/5017 2519/5763/5027
f 2236/5222/4602 5737/5754/5018 2518/5764/5028
f 2237/5765/5029 5734/5749/5013 5737/5754/5018
f 5731/5750/5014 5734/5749/5013 2237/5765/5029
f 5741/5766/5030 5744/5770/5034 5743/5767/5031
f 5742/5769/5033 5745/5778/5042 5744/5770/5034
f 5743/5767/5031 5744/5770/5034 5747/5771/5035
f 5744/5770/5034 5745/5778/5042 5748/5773/5037
f 2505/5774/5038 5740/5768/5032 2172/4209/3858
f 2504/5775/5039 5741/5766/5030 5740/5768/5032
f 2503/5776/5040 5742/5769/5033 5741/5766/5030
f 2503/5776/5040 145/6275/5337 1203/5777/5041
f 1203/5777/5041 1202/6276/5383 5745/5778/5042
f 5745/5778/5042 1202/6276/5383 1201/5779/5043
f 1201/5779/5043 160/6277/5356 2541/5780/5044
f 5747/5771/5035 5748/5773/5037 2541/5780/5044
f 5746/5772/5036 5747/5771/5035 2540/5781/5045
f 2170/4211/3860 5746/5772/5036 2539/5782/5046
f 2171/5783/5047 5743/5767/5031 5746/5772/5036
f 5740/5768/5032 5743/5767/5031 2171/5783/5047
f 5750/5784/5048 5753/5788/5052 5752/5785/5049
f 5751/5787/5051 5754/5796/5060 5753/5788/5052
f 5752/5785/5049 5753/5788/5052 5756/5789/5053
f 5753/5788/5052 5754/5796/5060 5757/5791/5055
f 2502/5792/5056 5749/5786/5050 2217/4555/4119
f 2501/5793/5057 5750/5784/5048 5749/5786/5050
f 2500/5794/5058 5751/5787/5051 5750/5784/5048
f 2500/5794/5058 156/6278/5282 1218/5795/5059
f 1218/5795/5059 1217/6279/5281 5754/5796/5060
f 5754/5796/5060 1217/6279/5281 1216/5797/5061
f 1216/5797/5061 155/6280/5266 2511/5798/5062
f 5756/5789/5053 5757/5791/5055 2511/5798/5062
f 5755/5790/5054 5756/5789/5053 2510/5799/5063
f 2215/4557/4121 5755/5790/5054 2509/5800/5064
f 2216/5801/5065 5752/5785/5049 5755/5790/5054
f 5749/5786/5050 5752/5785/5049 2216/5801/5065
f 5759/5802/5066 5762/5806/5070 5761/5803/5067
f 5760/5805/5069 5763/5811/5075 5762/5806/5070
f 5761/5803/5067 5762/5806/5070 5765/5807/5071
f 5762/5806/5070 5763/5811/5075 5766/5809/5073
f 2539/5782/5046 5758/5804/5068 2196/4652/4188
f 2540/5781/5045 5759/5802/5066 5758/5804/5068
f 2541/5780/5044 5760/5805/5069 5759/5802/5066
f 2541/5780/5044 160/6277/5356 1206/5810/5074
f 1206/5810/5074 1205/6281/5355 5763/5811/5075
f 5763/5811/5075 1205/6281/5355 1204/5812/5076
f 1204/5812/5076 159/6282/5324 2526/5813/5077
f 5765/5807/5071 5766/5809/5073 2526/5813/5077
f 5764/5808/5072 5765/5807/5071 2525/5814/5078
f 2194/4654/4190 5764/5808/5072 2524/5815/5079
f 2195/5816/5080 5761/5803/5067 5764/5808/5072
f 5758/5804/5068 5761/5803/5067 2195/5816/5080
f 5768/5817/5081 5771/5821/5085 5770/5818/5082
f 5769/5820/5084 5772/5826/5090 5771/5821/5085
f 5770/5818/5082 5771/5821/5085 5774/5822/5086
f 5771/5821/5085 5772/5826/5090 5775/5824/5088
f 2518/5764/5028 5767/5819/5083 2239/3721/3482
f 2519/5763/5027 5768/5817/5081 5767/5819/5083
f 2520/5762/5026 5769/5820/5084 5768/5817/5081
f 2520/5762/5026 148/6274/5394 1240/5825/5089
f 1240/5825/5089 1241/6283/5393 5772/5826/5090
f 5772/5826/5090 1241/6283/5393 1242/5827/5091
f 1242/5827/5091 147/6284/5370 2514/5828/5092
f 5774/5822/5086 5775/5824/5088 2514/5828/5092
f 5773/5823/5087 5774/5822/5086 2513/5829/5093
f 2241/3723/3484 5773/5823/5087 2512/5830/5094
f 2240/5831/5095 5770/5818/5082 5773/5823/5087
f 5767/5819/5083 5770/5818/5082 2240/5831/5095
f 5777/5832/5096 5780/5836/5100 5779/5833/5097
f 5778/5835/5099 5781/5841/5105 5780/5836/5100
f 5779/5833/5097 5780/5836/5100 5783/5837/5101
f 5780/5836/5100 5781/5841/5105 5784/5839/5103
f 2509/5800/5064 5776/5834/5098 2218/3927/3644
f 2510/5799/5063 5777/5832/5096 5776/5834/5098
f 2511/5798/5062 5778/5835/5099 5777/5832/5096
f 2511/5798/5062 155/6280/5266 1219/5840/5104
f 1219/5840/5104 1220/6285/5265 5781/5841/5105
f 5781/5841/5105 1220/6285/5265 1221/5842/5106
f 1221/5842/5106 154/6286/5263 2517/5843/5107
f 5783/5837/5101 5784/5839/5103 2517/5843/5107
f 5782/5838/5102 5783/5837/5101 2516/5844/5108
f 2220/3929/3646 5782/5838/5102 2515/5845/5109
f 2219/5846/5110 5779/5833/5097 5782/5838/5102
f 5776/5834/5098 5779/5833/5097 2219/5846/5110
f 5786/5847/5111 5789/5851/5115 5788/5848/5112
f 5787/5850/5114 5790/5856/5120 5789/5851/5115
f 5788/5848/5112 5789/5851/5115 5792/5852/5116
f 5789/5851/5115 5790/5856/5120 5793/5854/5118
f 2512/5830/5094 5785/5849/5113 2242/5115/4529
f 2513/5829/5093 5786/5847/5111 5785/5849/5113
f 2514/5828/5092 5787/5850/5114 5786/5847/5111
f 2514/5828/5092 147/6284/5370 1243/5855/5119
f 1243/5855/5119 1244/6287/5369 5790/5856/5120
f 5790/5856/5120 1244/6287/5369 1245/5857/5121
f 1245/5857/5121 146/6288/5340 2544/5858/5122
f 5792/5852/5116 5793/5854/5118 2544/5858/5122
f 5791/5853/5117 5792/5852/5116 2543/5859/5123
f 2244/5117/4531 5791/5853/5117 2542/5860/5124
f 2243/5861/5125 5788/5848/5112 5791/5853/5117
f 5785/5849/5113 5788/5848/5112 2243/5861/5125
f 5795/5862/5126 5798/5866/5130 5797/5863/5127
f 5796/5865/5129 5799/5871/5135 5798/5866/5130
f 5797/5863/5127 5798/5866/5130 5801/5867/5131
f 5798/5866/5130 5799/5871/5135 5802/5869/5133
f 2515/5845/5109 5794/5864/5128 2221/4379/3984
f 2516/5844/5108 5795/5862/5126 5794/5864/5128
f 2517/5843/5107 5796/5865/5129 5795/5862/5126
f 2517/5843/5107 154/6286/5263 1222/5870/5134
f 1222/5870/5134 1223/6289/5409 5799/5871/5135
f 5799/5871/5135 1223/6289/5409 1224/5872/5136
f 1224/5872/5136 153/6290/5407 2508/5873/5137
f 5801/5867/5131 5802/5869/5133 2508/5873/5137
f 5800/5868/5132 5801/5867/5131 2507/5874/5138
f 2223/4381/3986 5800/5868/5132 2506/5875/5139
f 2222/5876/5140 5797/5863/5127 5800/5868/5132
f 5794/5864/5128 5797/5863/5127 2222/5876/5140
f 5804/5877/5141 5807/5881/5145 5806/5878/5142
f 5805/5880/5144 5808/5886/5150 5807/5881/5145
f 5806/5878/5142 5807/5881/5145 5810/5882/5146
f 5807/5881/5145 5808/5886/5150 5811/5884/5148
f 2542/5860/5124 5803/5879/5143 2247/5269/4637
f 2543/5859/5123 5804/5877/5141 5803/5879/5143
f 2544/5858/5122 5805/5880/5144 5804/5877/5141
f 2544/5858/5122 146/6288/5340 1248/5885/5149
f 1248/5885/5149 1247/6291/5339 5808/5886/5150
f 5808/5886/5150 1247/6291/5339 1246/5887/5151
f 1246/5887/5151 145/6275/5337 2503/5776/5040
f 5810/5882/5146 5811/5884/5148 2503/5776/5040
f 5809/5883/5147 5810/5882/5146 2504/5775/5039
f 2245/5271/4639 5809/5883/5147 2505/5774/5038
f 2246/5888/5152 5806/5878/5142 5809/5883/5147
f 5803/5879/5143 5806/5878/5142 2246/5888/5152
f 5813/5889/5153 5816/5893/5157 5815/5890/5154
f 5814/5892/5156 5817/5900/5163 5816/5893/5157
f 5815/5890/5154 5816/5893/5157 5819/5894/5158
f 5816/5893/5157 5817/5900/5163 5820/5896/5160
f 2506/5875/5139 5812/5891/5155 2226/5897/3564
f 2507/5874/5138 5813/5889/5153 5812/5891/5155
f 2508/5873/5137 5814/5892/5156 5813/5889/5153
f 2508/5873/5137 153/6290/5407 1227/5898/5161
f 5814/5892/5156 1227/5898/5161 1226/5899/5162
f 1226/5899/5162 1225/5901/5164 5820/5896/5160
f 1225/5901/5164 152/6292/5421 2529/5902/5165
f 5819/5894/5158 5820/5896/5160 2529/5902/5165
f 5818/5895/5159 5819/5894/5158 2528/5903/5166
f 2224/5905/3566 5818/5895/5159 2527/5904/5167
f 2225/5907/5168 5815/5890/5154 5818/5895/5159
f 5812/5891/5155 5815/5890/5154 2225/5907/5168
f 5822/5908/5169 5825/5912/5173 5824/5909/5170
f 5823/5911/5172 5826/5921/5179 5825/5912/5173
f 5824/5909/5170 5825/5912/5173 5828/5913/5174
f 5825/5912/5173 5826/5921/5179 5829/5915/5176
f 2527/5916/5167 5821/5910/5171 2229/4283/3916
f 2528/5917/5166 5822/5908/5169 5821/5910/5171
f 2529/5918/5165 5823/5911/5172 5822/5908/5169
f 2529/5918/5165 152/6292/5421 1230/5919/5177
f 5823/5911/5172 1230/5919/5177 1229/5920/5178
f 1229/5920/5178 1228/5922/5180 5829/5915/5176
f 1228/5922/5180 151/5950/5208 2523/5923/5181
f 5828/5913/5174 5829/5915/5176 2523/5923/5181
f 5827/5914/5175 5828/5913/5174 2522/5924/5182
f 2227/4285/3918 5827/5914/5175 2521/5925/5183
f 2228/5926/5184 5824/5909/5170 5827/5914/5175
f 5821/5910/5171 5824/5909/5170 2228/5926/5184
f 5831/5927/5185 5834/5931/5189 5833/5928/5186
f 5832/5930/5188 5835/5936/5194 5834/5931/5189
f 5833/5928/5186 5834/5931/5189 5837/5932/5190
f 5834/5931/5189 5835/5936/5194 5838/5934/5192
f 2524/5815/5079 5830/5929/5187 2206/5015/4462
f 2525/5814/5078 5831/5927/5185 5830/5929/5187
f 2526/5813/5077 5832/5930/5188 5831/5927/5185
f 2526/5813/5077 159/6282/5324 1207/5935/5193
f 1207/5935/5193 1208/6293/5323 5835/5936/5194
f 5835/5936/5194 1208/6293/5323 1209/5937/5195
f 1209/5937/5195 158/6294/5310 2532/5938/5196
f 5837/5932/5190 5838/5934/5192 2532/5938/5196
f 5836/5933/5191 5837/5932/5190 2531/5939/5197
f 2208/5017/4464 5836/5933/5191 2530/5940/5198
f 2207/5941/5199 5833/5928/5186 5836/5933/5191
f 5830/5929/5187 5833/5928/5186 2207/5941/5199
f 5840/5942/5200 5843/5946/5204 5842/5943/5201
f 5841/5945/5203 5844/5952/5210 5843/5946/5204
f 5842/5943/5201 5843/5946/5204 5846/5947/5205
f 5843/5946/5204 5844/5952/5210 5847/5949/5207
f 2521/5925/5183 5839/5944/5202 2230/5449/4767
f 2522/5924/5182 5840/5942/5200 5839/5944/5202
f 2523/5923/5181 5841/5945/5203 5840/5942/5200
f 151/5950/5208 1231/5951/5209 5841/5945/5203
f 1231/5951/5209 1232/6295/5448 5844/5952/5210
f 5844/5952/5210 1232/6295/5448 1233/5953/5211
f 1233/5953/5211 150/6296/5446 2535/5954/5212
f 5846/5947/5205 5847/5949/5207 2535/5954/5212
f 5845/5948/5206 5846/5947/5205 2534/5955/5213
f 2232/5451/4769 5845/5948/5206 2533/5956/5214
f 2231/5957/5215 5842/5943/5201 5845/5948/5206
f 5839/5944/5202 5842/5943/5201 2231/5957/5215
f 5849/5958/5216 5852/5962/5220 5851/5959/5217
f 5850/5961/5219 5853/5967/5225 5852/5962/5220
f 5851/5959/5217 5852/5962/5220 5855/5963/5221
f 5852/5962/5220 5853/5967/5225 5856/5965/5223
f 2530/5940/5198 5848/5960/5218 2209/4747/4267
f 2531/5939/5197 5849/5958/5216 5848/5960/5218
f 2532/5938/5196 5850/5961/5219 5849/5958/5216
f 2532/5938/5196 158/6294/5310 1210/5966/5224
f 1210/5966/5224 1211/6297/5309 5853/5967/5225
f 5853/5967/5225 1211/6297/5309 1212/5968/5226
f 1212/5968/5226 157/6298/5296 2538/5969/5227
f 5855/5963/5221 5856/5965/5223 2538/5969/5227
f 5854/5964/5222 5855/5963/5221 2537/5970/5228
f 2211/4749/4269 5854/5964/5222 2536/5971/5229
f 2210/5972/5230 5851/5959/5217 5854/5964/5222
f 5848/5960/5218 5851/5959/5217 2210/5972/5230
f 5858/5973/5231 5861/5977/5235 5860/5974/5232
f 5859/5976/5234 5862/5982/5240 5861/5977/5235
f 5860/5974/5232 5861/5977/5235 5864/5978/5236
f 5861/5977/5235 5862/5982/5240 5865/5980/5238
f 2533/5956/5214 5857/5975/5233 2233/3992/3697
f 2534/5955/5213 5858/5973/5231 5857/5975/5233
f 2535/5954/5212 5859/5976/5234 5858/5973/5231
f 2535/5954/5212 150/6296/5446 1234/5981/5239
f 1234/5981/5239 1235/6299/5462 5862/5982/5240
f 5862/5982/5240 1235/6299/5462 1236/5983/5241
f 1236/5983/5241 149/6272/5460 2497/5758/5022
f 5864/5978/5236 5865/5980/5238 2497/5758/5022
f 5863/5979/5237 5864/5978/5236 2498/5757/5021
f 2235/3994/3699 5863/5979/5237 2499/5756/5020
f 2234/5984/5242 5860/5974/5232 5863/5979/5237
f 5857/5975/5233 5860/5974/5232 2234/5984/5242
f 5867/5985/5243 5870/5989/5247 5869/5986/5244
f 5868/5988/5246 5871/5994/5252 5870/5989/5247
f 5869/5986/5244 5870/5989/5247 5873/5990/5248
f 5870/5989/5247 5871/5994/5252 5874/5992/5250
f 2536/5971/5229 5866/5987/5245 2214/4823/4331
f 2537/5970/5228 5867/5985/5243 5866/5987/5245
f 2538/5969/5227 5868/5988/5246 5867/5985/5243
f 2538/5969/5227 157/6298/5296 1215/5993/5251
f 1215/5993/5251 1214/6300/5295 5871/5994/5252
f 5871/5994/5252 1214/6300/5295 1213/5995/5253
f 1213/5995/5253 156/6301/5282 2500/5996/5058
f 5873/5990/5248 5874/5992/5250 2500/5996/5058
f 5872/5991/5249 5873/5990/5248 2501/5997/5057
f 2212/4825/4333 5872/5991/5249 2502/5998/5056
f 2213/5999/5254 5869/5986/5244 5872/5991/5249
f 5866/5987/5245 5869/5986/5244 2213/5999/5254
f 5875/6000/5255 5876/6004/5259 5879/6001/5256
f 5877/6003/5258 5880/6007/5262 5879/6001/5256
f 5878/6002/5257 5879/6001/5256 5882/6005/5260
f 5880/6007/5262 5883/6016/5269 5882/6005/5260
f 154/6008/5263 1221/6011/5106 5875/6000/5255
f 1220/6010/5265 5876/6004/5259 5875/6000/5255
f 1219/6012/5104 5877/6003/5258 5876/6004/5259
f 155/6013/5266 1584/6014/5267 5877/6003/5258
f 1584/6014/5267 1583/6015/5268 5880/6007/5262
f 1583/6015/5268 1582/6017/5270 5883/6016/5269
f 1582/6017/5270 384/3345/3157 2593/3375/3183
f 5883/6016/5269 2593/3375/3183 2594/3376/3184
f 5881/6006/5261 5882/6005/5260 2594/3376/3184
f 2559/6018/5271 5881/6006/5261 2595/3374/3182
f 2558/6019/5272 5878/6002/5257 5881/6006/5261
f 2557/6009/5264 5875/6000/5255 5878/6002/5257
f 5884/6020/5273 5885/6024/5277 5888/6021/5274
f 5886/6023/5276 5889/6027/5280 5888/6021/5274
f 5887/6022/5275 5888/6021/5274 5891/6025/5278
f 5889/6027/5280 5892/6034/5285 5891/6025/5278
f 155/6013/5266 1216/6029/5061 5884/6020/5273
f 1217/6028/5281 5885/6024/5277 5884/6020/5273
f 1218/6030/5059 5886/6023/5276 5885/6024/5277
f 156/6031/5282 1581/6032/5283 5886/6023/5276
f 1581/6032/5283 1580/6033/5284 5889/6027/5280
f 1580/6033/5284 1579/6035/5286 5892/6034/5285
f 1579/6035/5286 383/3314/3132 2596/3348/3160
f 5892/6034/5285 2596/3348/3160 2597/3349/3161
f 5890/6026/5279 5891/6025/5278 2597/3349/3161
f 1582/6017/5270 5890/6026/5279 2598/3347/3159
f 1583/6015/5268 5887/6022/5275 5890/6026/5279
f 1584/6014/5267 5884/6020/5273 5887/6022/5275
f 5893/6036/5287 5894/6040/5291 5897/6037/5288
f 5895/6039/5290 5898/6043/5294 5897/6037/5288
f 5896/6038/5289 5897/6037/5288 5900/6041/5292
f 5898/6043/5294 5901/6050/5299 5900/6041/5292
f 156/6031/5282 1213/6045/5253 5893/6036/5287
f 1214/6044/5295 5894/6040/5291 5893/6036/5287
f 1215/6046/5251 5895/6039/5290 5894/6040/5291
f 157/6047/5296 1575/6048/5297 5895/6039/5290
f 1575/6048/5297 1574/6049/5298 5898/6043/5294
f 1574/6049/5298 1573/6051/5300 5901/6050/5299
f 1573/6051/5300 382/3282/3104 2599/3317/3135
f 5901/6050/5299 2599/3317/3135 2600/3318/3136
f 5899/6042/5293 5900/6041/5292 2600/3318/3136
f 1579/6035/5286 5899/6042/5293 2601/3316/3134
f 1580/6033/5284 5896/6038/5289 5899/6042/5293
f 1581/6032/5283 5893/6036/5287 5896/6038/5289
f 5902/6052/5301 5903/6056/5305 5906/6053/5302
f 5904/6055/5304 5907/6059/5308 5906/6053/5302
f 5905/6054/5303 5906/6053/5302 5909/6057/5306
f 5907/6059/5308 5910/6066/5313 5909/6057/5306
f 157/6047/5296 1212/6061/5226 5902/6052/5301
f 1211/6060/5309 5903/6056/5305 5902/6052/5301
f 1210/6062/5224 5904/6055/5304 5903/6056/5305
f 158/6063/5310 1569/6064/5311 5904/6055/5304
f 1569/6064/5311 1568/6065/5312 5907/6059/5308
f 1568/6065/5312 1567/6067/5314 5910/6066/5313
f 1567/6067/5314 381/3247/3076 2602/3285/3107
f 5910/6066/5313 2602/3285/3107 2603/3286/3108
f 5908/6058/5307 5909/6057/5306 2603/3286/3108
f 1573/6051/5300 5908/6058/5307 2604/3284/3106
f 1574/6049/5298 5905/6054/5303 5908/6058/5307
f 1575/6048/5297 5902/6052/5301 5905/6054/5303
f 5911/6068/5315 5912/6072/5319 5915/6069/5316
f 5913/6071/5318 5916/6075/5322 5915/6069/5316
f 5914/6070/5317 5915/6069/5316 5918/6073/5320
f 5916/6075/5322 5919/6082/5327 5918/6073/5320
f 158/6063/5310 1209/6077/5195 5911/6068/5315
f 1208/6076/5323 5912/6072/5319 5911/6068/5315
f 1207/6078/5193 5913/6071/5318 5912/6072/5319
f 159/6079/5324 1563/6080/5325 5913/6071/5318
f 1563/6080/5325 1562/6081/5326 5916/6075/5322
f 1562/6081/5326 1561/6083/5328 5919/6082/5327
f 1561/6083/5328 380/3199/3036 2605/3250/3079
f 5919/6082/5327 2605/3250/3079 2606/3251/3080
f 5917/6074/5321 5918/6073/5320 2606/3251/3080
f 1567/6067/5314 5917/6074/5321 2607/3249/3078
f 1568/6065/5312 5914/6070/5317 5917/6074/5321
f 1569/6064/5311 5911/6068/5315 5914/6070/5317
f 5920/6084/5329 5921/6088/5333 5924/6085/5330
f 5922/6087/5332 5925/6091/5336 5924/6085/5330
f 5923/6086/5331 5924/6085/5330 5927/6089/5334
f 5925/6091/5336 5928/6100/5343 5927/6089/5334
f 145/6092/5337 1246/6095/5151 5920/6084/5329
f 1247/6094/5339 5921/6088/5333 5920/6084/5329
f 1248/6096/5149 5922/6087/5332 5921/6088/5333
f 146/6097/5340 1560/6098/5341 5922/6087/5332
f 1560/6098/5341 1559/6099/5342 5925/6091/5336
f 1559/6099/5342 1558/6101/5344 5928/6100/5343
f 1558/6101/5344 379/3179/3020 2608/3232/3065
f 5928/6100/5343 2608/3232/3065 2609/3233/3066
f 5926/6090/5335 5927/6089/5334 2609/3233/3066
f 2571/6102/5345 5926/6090/5335 2610/3231/3064
f 2570/6103/5346 5923/6086/5331 5926/6090/5335
f 2569/6093/5338 5920/6084/5329 5923/6086/5331
f 5929/6104/5347 5930/6108/5351 5933/6105/5348
f 5931/6107/5350 5934/6111/5354 5933/6105/5348
f 5932/6106/5349 5933/6105/5348 5936/6109/5352
f 5934/6111/5354 5937/6118/5359 5936/6109/5352
f 159/6079/5324 1204/6112/5076 5929/6104/5347
f 1204/6112/5076 1205/6114/5355 5930/6108/5351
f 1206/6113/5074 5931/6107/5350 5930/6108/5351
f 160/6115/5356 1554/6116/5357 5931/6107/5350
f 1554/6116/5357 1553/6117/5358 5934/6111/5354
f 1553/6117/5358 1552/6119/5360 5937/6118/5359
f 1552/6119/5360 378/3140/2988 2611/3202/3039
f 5937/6118/5359 2611/3202/3039 2612/3203/3040
f 5935/6110/5353 5936/6109/5352 2612/3203/3040
f 1561/6083/5328 5935/6110/5353 2613/3201/3038
f 1562/6081/5326 5932/6106/5349 5935/6110/5353
f 1563/6080/5325 5929/6104/5347 5932/6106/5349
f 5938/6120/5361 5939/6124/5365 5942/6121/5362
f 5940/6123/5364 5943/6127/5368 5942/6121/5362
f 5941/6122/5363 5942/6121/5362 5945/6125/5366
f 5943/6127/5368 5946/6134/5373 5945/6125/5366
f 146/6097/5340 1245/6129/5121 5938/6120/5361
f 1244/6128/5369 5939/6124/5365 5938/6120/5361
f 1243/6130/5119 5940/6123/5364 5939/6124/5365
f 147/6131/5370 1548/6132/5371 5940/6123/5364
f 1548/6132/5371 1547/6133/5372 5943/6127/5368
f 1547/6133/5372 1546/6135/5374 5946/6134/5373
f 1546/6135/5374 376/3120/2972 2614/3182/3023
f 5946/6134/5373 2614/3182/3023 2615/3183/3024
f 5944/6126/5367 5945/6125/5366 2615/3183/3024
f 1558/6101/5344 5944/6126/5367 2616/3181/3022
f 1559/6099/5342 5941/6122/5363 5944/6126/5367
f 1560/6098/5341 5938/6120/5361 5941/6122/5363
f 5947/6136/5375 5948/6140/5379 5951/6137/5376
f 5949/6139/5378 5952/6143/5382 5951/6137/5376
f 5950/6138/5377 5951/6137/5376 5954/6141/5380
f 5952/6143/5382 5955/6147/5384 5954/6141/5380
f 160/6115/5356 1201/6144/5043 5947/6136/5375
f 1201/6144/5043 1202/6146/5383 5948/6140/5379
f 1203/6145/5041 5949/6139/5378 5948/6140/5379
f 145/6092/5337 2569/6093/5338 5949/6139/5378
f 2569/6093/5338 2570/6103/5346 5952/6143/5382
f 2570/6103/5346 2571/6102/5345 5955/6147/5384
f 2571/6102/5345 377/3145/2993 2617/3143/2991
f 5955/6147/5384 2617/3143/2991 2618/3144/2992
f 5953/6142/5381 5954/6141/5380 2618/3144/2992
f 1552/6119/5360 5953/6142/5381 2619/3142/2990
f 1553/6117/5358 5950/6138/5377 5953/6142/5381
f 1554/6116/5357 5947/6136/5375 5950/6138/5377
f 5956/6148/5385 5957/6152/5389 5960/6149/5386
f 5958/6151/5388 5961/6155/5392 5960/6149/5386
f 5959/6150/5387 5960/6149/5386 5963/6153/5390
f 5961/6155/5392 5964/6162/5397 5963/6153/5390
f 147/6131/5370 1242/6157/5091 5956/6148/5385
f 1241/6156/5393 5957/6152/5389 5956/6148/5385
f 1240/6158/5089 5958/6151/5388 5957/6152/5389
f 148/6159/5394 1542/6160/5395 5958/6151/5388
f 1542/6160/5395 1541/6161/5396 5961/6155/5392
f 1541/6161/5396 1540/6163/5398 5964/6162/5397
f 1540/6163/5398 375/2214/2130 2620/3123/2975
f 5964/6162/5397 2620/3123/2975 2621/3124/2976
f 5962/6154/5391 5963/6153/5390 2621/3124/2976
f 1546/6135/5374 5962/6154/5391 2622/3122/2974
f 1547/6133/5372 5959/6150/5387 5962/6154/5391
f 1548/6132/5371 5956/6148/5385 5959/6150/5387
f 5965/6164/5399 5966/6168/5403 5969/6165/5400
f 5967/6167/5402 5970/6171/5406 5969/6165/5400
f 5968/6166/5401 5969/6165/5400 5972/6169/5404
f 5970/6171/5406 5973/6177/5410 5972/6169/5404
f 153/6172/5407 1224/6174/5136 5965/6164/5399
f 1224/6174/5136 1223/6176/5409 5966/6168/5403
f 1222/6175/5134 5967/6167/5402 5966/6168/5403
f 154/6008/5263 2557/6009/5264 5967/6167/5402
f 2557/6009/5264 2558/6019/5272 5970/6171/5406
f 2558/6019/5272 2559/6018/5271 5973/6177/5410
f 2559/6018/5271 373/2493/2405 2623/2491/2403
f 5973/6177/5410 2623/2491/2403 2624/2492/2404
f 5971/6170/5405 5972/6169/5404 2624/2492/2404
f 1294/6178/5411 5971/6170/5405 2625/2490/2402
f 1295/6179/5412 5968/6166/5401 5971/6170/5405
f 1296/6173/5408 5965/6164/5399 5968/6166/5401
f 5974/6180/5413 5975/6184/5417 5978/6181/5414
f 5976/6183/5416 5979/6187/5420 5978/6181/5414
f 5977/6182/5415 5978/6181/5414 5981/6185/5418
f 5979/6187/5420 5982/6193/5423 5981/6185/5418
f 152/6188/5421 1225/6190/5164 5974/6180/5413
f 1225/6190/5164 1226/6192/5162 5975/6184/5417
f 1227/6191/5161 5976/6183/5416 5975/6184/5417
f 153/6172/5407 1296/6173/5408 5976/6183/5416
f 1296/6173/5408 1295/6179/5412 5979/6187/5420
f 1295/6179/5412 1294/6178/5411 5982/6193/5423
f 1294/6178/5411 372/2429/2345 2626/2427/2343
f 5982/6193/5423 2626/2427/2343 2627/2428/2344
f 5980/6186/5419 5981/6185/5418 2627/2428/2344
f 1282/6194/5424 5980/6186/5419 2628/2426/2342
f 1283/6195/5425 5977/6182/5415 5980/6186/5419
f 1284/6189/5422 5974/6180/5413 5977/6182/5415
f 5983/6196/5426 5984/6200/5430 5987/6197/5427
f 5985/6199/5429 5988/6203/5433 5987/6197/5427
f 5986/6198/5428 5987/6197/5427 5990/6201/5431
f 5988/6203/5433 5991/6209/5435 5990/6201/5431
f 151/6204/5208 1228/6206/5180 5983/6196/5426
f 1228/6206/5180 1229/6208/5178 5984/6200/5430
f 1230/6207/5177 5985/6199/5429 5984/6200/5430
f 152/6188/5421 1284/6189/5422 5985/6199/5429
f 1284/6189/5422 1283/6195/5425 5988/6203/5433
f 1283/6195/5425 1282/6194/5424 5991/6209/5435
f 1282/6194/5424 371/2369/2285 2629/2367/2283
f 5991/6209/5435 2629/2367/2283 2630/2368/2284
f 5989/6202/5432 5990/6201/5431 2630/2368/2284
f 1270/6210/5436 5989/6202/5432 2631/2366/2282
f 1271/6211/5437 5986/6198/5428 5989/6202/5432
f 1272/6205/5434 5983/6196/5426 5986/6198/5428
f 5992/6212/5438 5993/6216/5442 5996/6213/5439
f 5994/6215/5441 5997/6219/5445 5996/6213/5439
f 5995/6214/5440 5996/6213/5439 5999/6217/5443
f 5997/6219/5445 6000/6225/5449 5999/6217/5443
f 150/6220/5446 1233/6223/5211 5992/6212/5438
f 1232/6222/5448 5993/6216/5442 5992/6212/5438
f 1231/6224/5209 5994/6215/5441 5993/6216/5442
f 151/6204/5208 1272/6205/5434 5994/6215/5441
f 1272/6205/5434 1271/6211/5437 5997/6219/5445
f 1271/6211/5437 1270/6210/5436 6000/6225/5449
f 1270/6210/5436 370/2305/2221 2632/2303/2219
f 6000/6225/5449 2632/2303/2219 2633/2304/2220
f 5998/6218/5444 5999/6217/5443 2633/2304/2220
f 1255/6226/5450 5998/6218/5444 2634/2302/2218
f 1256/6227/5451 5995/6214/5440 5998/6218/5444
f 1257/6221/5447 5992/6212/5438 5995/6214/5440
f 6001/6228/5452 6002/6232/5456 6005/6229/5453
f 6003/6231/5455 6006/6235/5459 6005/6229/5453
f 6004/6230/5454 6005/6229/5453 6008/6233/5457
f 6006/6235/5459 6009/6241/5463 6008/6233/5457
f 149/6236/5460 1236/6239/5241 6001/6228/5452
f 1235/6238/5462 6002/6232/5456 6001/6228/5452
f 1234/6240/5239 6003/6231/5455 6002/6232/5456
f 150/6220/5446 1257/6221/5447 6003/6231/5455
f 1257/6221/5447 1256/6227/5451 6006/6235/5459
f 1256/6227/5451 1255/6226/5450 6009/6241/5463
f 1255/6226/5450 369/2265/2181 2635/2263/2179
f 6009/6241/5463 2635/2263/2179 2636/2264/2180
f 6007/6234/5458 6008/6233/5457 2636/2264/2180
f 1537/6242/5464 6007/6234/5458 2637/2262/2178
f 1538/6243/5465 6004/6230/5454 6007/6234/5458
f 1539/6237/5461 6001/6228/5452 6004/6230/5454
f 6010/6244/5466 6011/6248/5470 6014/6245/5467
f 6012/6247/5469 6015/6251/5473 6014/6245/5467
f 6013/6246/5468 6014/6245/5467 6017/6249/5471
f 6015/6251/5473 6018/6255/5475 6017/6249/5471
f 148/6159/5394 1237/6253/5025 6010/6244/5466
f 1238/6252/5474 6011/6248/5470 6010/6244/5466
f 1239/6254/5023 6012/6247/5469 6011/6248/5470
f 149/6236/5460 1539/6237/5461 6012/6247/5469
f 1539/6237/5461 1538/6243/5465 6015/6251/5473
f 1538/6243/5465 1537/6242/5464 6018/6255/5475
f 1537/6242/5464 374/2219/2135 2638/2217/2133
f 6018/6255/5475 2638/2217/2133 2639/2218/2134
f 6016/6250/5472 6017/6249/5471 2639/2218/2134
f 1540/6163/5398 6016/6250/5472 2640/2216/2132
f 1541/6161/5396 6013/6246/5468 6016/6250/5472
f 1542/6160/5395 6010/6244/5466 6013/6246/5468
