# Blender 5.0.1
# www.blender.org
mtllib textured.mtl
o centrifuge_1-5ml_screw_body
v 0.000604 0.038850 0.005316
v 0.000929 0.038874 0.005269
v 0.000929 0.040672 0.005269
v 0.005235 0.039361 0.001102
v 0.005269 0.039374 0.000929
v 0.005269 0.041172 0.000929
v 0.001830 0.042512 -0.005027
v 0.001639 0.042527 -0.005093
v 0.001830 0.042591 -0.005027
v 0.000987 0.042579 -0.005258
v 0.000929 0.042591 -0.005269
v 0.000837 0.042591 -0.005284
v 0.002259 0.042477 -0.004850
v 0.002675 0.042591 -0.004633
v 0.002675 0.042442 -0.004633
v 0.003439 0.042591 -0.004098
v 0.003384 0.042376 -0.004144
v 0.002840 0.042427 -0.004534
v 0.004309 0.042272 -0.003171
v 0.004098 0.042298 -0.003439
v 0.004098 0.042591 -0.003439
v 0.003877 0.042324 -0.003686
v 0.003439 0.042371 -0.004098
v 0.004633 0.042227 -0.002675
v 0.004633 0.042591 -0.002675
v 0.004670 0.042221 -0.002610
v 0.005027 0.042591 -0.001830
v 0.004956 0.042172 -0.002015
v 0.005269 0.042591 -0.000929
v 0.005169 0.042121 -0.001380
v 0.005027 0.042157 -0.001830
v 0.005350 0.042013 -0.000000
v 0.005350 0.042016 -0.000049
v 0.005350 0.042591 0.000000
v 0.005301 0.042068 -0.000720
v 0.005269 0.042085 -0.000929
v 0.005314 0.041966 0.000616
v 0.005269 0.042591 0.000929
v 0.005269 0.041942 0.000929
v 0.005027 0.042591 0.001830
v 0.004633 0.042591 0.002675
v 0.004720 0.041813 0.002518
v 0.004999 0.041865 0.001905
v 0.005027 0.041871 0.001830
v 0.005198 0.041916 0.001267
v 0.004098 0.042591 0.003439
v 0.004367 0.041761 0.003091
v 0.004633 0.041799 0.002675
v 0.003439 0.041657 0.004098
v 0.003474 0.041661 0.004069
v 0.003439 0.042591 0.004098
v 0.003949 0.041710 0.003610
v 0.004098 0.041727 0.003439
v 0.002939 0.041610 0.004471
v 0.002675 0.042591 0.004633
v 0.002675 0.041586 0.004633
v 0.002354 0.041557 0.004804
v 0.001830 0.042591 0.005027
v 0.001830 0.041513 0.005027
v 0.000929 0.042591 0.005269
v 0.001089 0.041455 0.005238
v 0.001732 0.041505 0.005062
v -0.000233 0.041354 0.005345
v -0.000000 0.041372 0.005350
v -0.000000 0.042591 0.005350
v 0.000435 0.041405 0.005332
v 0.000929 0.041442 0.005269
v -0.000903 0.041302 0.005273
v -0.000929 0.042591 0.005269
v -0.000929 0.041300 0.005269
v -0.001557 0.041250 0.005118
v -0.001830 0.042591 0.005027
v -0.001830 0.041228 0.005027
v -0.002182 0.041199 0.004885
v -0.002675 0.042591 0.004633
v -0.002675 0.041158 0.004633
v -0.003439 0.042591 0.004098
v -0.003317 0.041099 0.004198
v -0.002768 0.041150 0.004579
v -0.004098 0.042591 0.003439
v -0.003818 0.041046 0.003748
v -0.003439 0.041087 0.004098
v -0.004633 0.040943 0.002675
v -0.004628 0.040944 0.002684
v -0.004633 0.042591 0.002675
v -0.004258 0.040994 0.003239
v -0.004098 0.041014 0.003439
v -0.004924 0.040894 0.002093
v -0.005027 0.042591 0.001830
v -0.005027 0.040873 0.001830
v -0.005146 0.040843 0.001463
v -0.005269 0.042591 0.000929
v -0.005269 0.040801 0.000929
v -0.005284 0.042591 0.000837
v -0.005289 0.042589 0.000807
v -0.005289 0.040791 0.000805
v -0.005348 0.042537 0.000139
v -0.005348 0.040739 0.000135
v -0.005350 0.040729 0.000000
v -0.005350 0.042526 0.000000
v -0.005323 0.040688 -0.000532
v -0.005324 0.042486 -0.000525
v -0.005269 0.040658 -0.000929
v -0.005269 0.042456 -0.000929
v -0.005217 0.040639 -0.001184
v -0.005220 0.042437 -0.001174
v -0.005029 0.040588 -0.001825
v -0.005034 0.042386 -0.001812
v -0.005027 0.040587 -0.001830
v -0.005027 0.042385 -0.001830
v -0.004768 0.042335 -0.002427
v -0.004760 0.040536 -0.002442
v -0.004633 0.042313 -0.002675
v -0.004633 0.040515 -0.002675
v -0.004416 0.040483 -0.003021
v -0.004427 0.042283 -0.003004
v -0.004098 0.040443 -0.003439
v -0.004098 0.042241 -0.003439
v -0.004020 0.042232 -0.003530
v -0.004005 0.040432 -0.003547
v -0.003557 0.042183 -0.003996
v -0.003538 0.040383 -0.004014
v -0.003439 0.042171 -0.004098
v -0.003439 0.040373 -0.004098
v -0.003010 0.040332 -0.004423
v -0.003035 0.042132 -0.004406
v -0.002675 0.040302 -0.004633
v -0.002675 0.042099 -0.004633
v -0.002460 0.042080 -0.004751
v -0.002431 0.040280 -0.004766
v -0.001847 0.042028 -0.005021
v -0.001830 0.040229 -0.005027
v -0.001830 0.042027 -0.005027
v -0.001813 0.040228 -0.005033
v -0.001210 0.041977 -0.005211
v -0.001172 0.040177 -0.005220
v 0.000148 0.040077 -0.005348
v 0.000770 0.041826 -0.005294
v 0.000818 0.040025 -0.005287
v 0.000929 0.041813 -0.005269
v 0.000929 0.040016 -0.005269
v -0.000929 0.040158 -0.005269
v -0.000929 0.041956 -0.005269
v -0.000520 0.040128 -0.005325
v -0.000561 0.041928 -0.005320
v 0.000000 0.040088 -0.005350
v 0.000000 0.041886 -0.005350
v 0.000102 0.041878 -0.005349
v 0.001475 0.039972 -0.005143
v 0.001425 0.041774 -0.005157
v 0.001830 0.039944 -0.005027
v 0.001830 0.041741 -0.005027
v 0.002055 0.041723 -0.004940
v 0.002105 0.039921 -0.004919
v 0.002645 0.041674 -0.004650
v 0.002675 0.039874 -0.004633
v 0.002675 0.041671 -0.004633
v 0.002695 0.039872 -0.004622
v 0.003200 0.041624 -0.004287
v 0.003249 0.039821 -0.004250
v 0.003439 0.041600 -0.004098
v 0.003439 0.039803 -0.004098
v 0.003757 0.039769 -0.003809
v 0.003711 0.041572 -0.003854
v 0.004098 0.039730 -0.003439
v 0.004098 0.041528 -0.003439
v 0.004164 0.041520 -0.003360
v 0.004206 0.039717 -0.003307
v 0.004549 0.041469 -0.002816
v 0.004585 0.039666 -0.002757
v 0.004633 0.039659 -0.002675
v 0.004633 0.041456 -0.002675
v 0.004890 0.039617 -0.002171
v 0.004860 0.041420 -0.002237
v 0.005027 0.039589 -0.001830
v 0.005027 0.041386 -0.001830
v 0.005122 0.039566 -0.001545
v 0.005099 0.041369 -0.001618
v 0.005262 0.041318 -0.000969
v 0.005269 0.039517 -0.000929
v 0.005269 0.041314 -0.000929
v 0.005275 0.039514 -0.000890
v 0.005341 0.041266 -0.000303
v 0.005338 0.041214 0.000363
v 0.005331 0.039410 0.000448
v 0.005350 0.041242 -0.000000
v 0.005350 0.039445 -0.000000
v 0.005345 0.039461 -0.000220
v 0.005253 0.041165 0.001015
v 0.005087 0.041115 0.001657
v 0.005058 0.039310 0.001745
v 0.005027 0.041101 0.001830
v 0.005027 0.039303 0.001830
v 0.004840 0.041063 0.002279
v 0.004799 0.039258 0.002365
v 0.004633 0.041029 0.002675
v 0.004633 0.039231 0.002675
v 0.004517 0.041011 0.002866
v 0.004463 0.039206 0.002950
v 0.004126 0.040960 0.003406
v 0.004098 0.039159 0.003439
v 0.004098 0.040957 0.003439
v 0.004061 0.039155 0.003483
v 0.003676 0.040911 0.003887
v 0.003600 0.039106 0.003957
v 0.003439 0.040887 0.004098
v 0.003439 0.039089 0.004098
v 0.003080 0.039055 0.004374
v 0.003168 0.040861 0.004311
v 0.002675 0.039018 0.004633
v 0.002675 0.040815 0.004633
v 0.002605 0.040809 0.004673
v 0.002507 0.039003 0.004726
v 0.002000 0.040757 0.004962
v 0.001367 0.040706 0.005172
v 0.001254 0.038899 0.005201
v 0.001830 0.040743 0.005027
v 0.001830 0.038945 0.005027
v 0.001893 0.038951 0.005004
v 0.000722 0.040656 0.005301
v 0.000062 0.040606 0.005350
v -0.000000 0.038804 0.005350
v -0.000000 0.040602 0.005350
v -0.000062 0.038799 0.005350
v -0.000606 0.040555 0.005316
v -0.000733 0.038747 0.005300
v -0.000929 0.040529 0.005269
v -0.000929 0.038732 0.005269
v -0.001266 0.040503 0.005198
v -0.001393 0.038695 0.005166
v -0.001830 0.040457 0.005027
v -0.001830 0.038660 0.005027
v -0.001904 0.040451 0.005000
v -0.002027 0.038644 0.004951
v -0.002504 0.040402 0.004728
v -0.002622 0.038594 0.004664
v -0.002675 0.040387 0.004633
v -0.002675 0.038590 0.004633
v -0.003068 0.040352 0.004383
v -0.003181 0.038544 0.004302
v -0.003439 0.040316 0.004098
v -0.003439 0.038519 0.004098
v -0.003591 0.040301 0.003966
v -0.003695 0.038492 0.003869
v -0.004059 0.040248 0.003486
v -0.004098 0.038446 0.003439
v -0.004098 0.040244 0.003439
v -0.004152 0.038440 0.003374
v -0.004461 0.040197 0.002953
v -0.004541 0.038388 0.002829
v -0.005097 0.038288 0.001627
v -0.005229 0.040046 0.001130
v -0.005260 0.038236 0.000975
v -0.005269 0.040030 0.000929
v -0.005269 0.038233 0.000929
v -0.004633 0.038375 0.002675
v -0.004633 0.040172 0.002675
v -0.004855 0.038339 0.002247
v -0.004790 0.040148 0.002382
v -0.005027 0.038305 0.001830
v -0.005027 0.040102 0.001830
v -0.005047 0.040098 0.001774
v -0.005341 0.038184 0.000306
v -0.005330 0.039994 0.000467
v -0.005350 0.038161 0.000000
v -0.005350 0.039958 0.000000
v -0.005346 0.039943 -0.000200
v -0.005338 0.038133 -0.000364
v -0.005281 0.039893 -0.000857
v -0.005269 0.038090 -0.000929
v -0.005269 0.039888 -0.000929
v -0.005252 0.038083 -0.001019
v -0.005135 0.039844 -0.001501
v -0.005085 0.038033 -0.001664
v -0.005027 0.039817 -0.001830
v -0.005027 0.038019 -0.001830
v -0.004908 0.039792 -0.002129
v -0.004836 0.037981 -0.002288
v -0.004633 0.039745 -0.002675
v -0.004633 0.037947 -0.002675
v -0.004603 0.039740 -0.002726
v -0.004510 0.037929 -0.002878
v -0.004228 0.039689 -0.003279
v -0.004115 0.037877 -0.003418
v -0.004098 0.037875 -0.003439
v -0.003150 0.037777 -0.004325
v -0.003439 0.037805 -0.004098
v -0.003439 0.039603 -0.004098
v -0.003662 0.037828 -0.003900
v -0.003792 0.039639 -0.003774
v -0.004098 0.039673 -0.003439
v -0.003298 0.039589 -0.004212
v -0.002748 0.039538 -0.004590
v -0.002675 0.037734 -0.004633
v -0.002675 0.039531 -0.004633
v -0.002583 0.037725 -0.004685
v -0.002152 0.039486 -0.004898
v -0.001973 0.037673 -0.004973
v -0.001830 0.037661 -0.005027
v -0.001830 0.039459 -0.005027
v -0.001524 0.039434 -0.005128
v -0.001337 0.037622 -0.005180
v -0.000929 0.039388 -0.005269
v -0.000929 0.037590 -0.005269
v -0.000687 0.037572 -0.005306
v -0.000881 0.039384 -0.005277
v -0.000225 0.039335 -0.005345
v -0.000023 0.037522 -0.005350
v 0.000000 0.039318 -0.005350
v 0.000000 0.037520 -0.005350
v 0.000443 0.039284 -0.005332
v 0.000648 0.037470 -0.005311
v 0.000929 0.039245 -0.005269
v 0.000929 0.037448 -0.005269
v 0.001106 0.039231 -0.005234
v 0.001310 0.037418 -0.005187
v 0.001750 0.039180 -0.005056
v 0.001830 0.037376 -0.005027
v 0.001830 0.039173 -0.005027
v 0.001948 0.037366 -0.004983
v 0.002360 0.039130 -0.004801
v 0.002548 0.037317 -0.004704
v 0.002675 0.039103 -0.004633
v 0.002675 0.037306 -0.004633
v 0.002933 0.039081 -0.004475
v 0.003112 0.037266 -0.004352
v 0.003439 0.039032 -0.004098
v 0.003439 0.037235 -0.004098
v 0.003467 0.039029 -0.004075
v 0.003633 0.037215 -0.003927
v 0.003949 0.038977 -0.003609
v 0.004098 0.037162 -0.003440
v 0.004098 0.038960 -0.003439
v 0.004369 0.038926 -0.003088
v 0.004495 0.037111 -0.002901
v 0.004633 0.038888 -0.002675
v 0.004633 0.037091 -0.002675
v 0.004717 0.038876 -0.002525
v 0.004819 0.037061 -0.002324
v 0.004991 0.038826 -0.001927
v 0.005027 0.037021 -0.001830
v 0.005027 0.038818 -0.001830
v 0.005070 0.037011 -0.001708
v 0.005192 0.038775 -0.001291
v 0.005244 0.036959 -0.001059
v 0.005269 0.038746 -0.000929
v 0.005269 0.036949 -0.000929
v 0.005313 0.038723 -0.000631
v 0.005336 0.036907 -0.000391
v 0.005350 0.038674 -0.000000
v 0.005350 0.036877 -0.000000
v 0.005350 0.038671 0.000037
v 0.005343 0.036855 0.000279
v 0.005304 0.038621 0.000697
v 0.005269 0.036806 0.000929
v 0.005269 0.038604 0.000929
v 0.005267 0.036806 0.000936
v 0.005179 0.038572 0.001344
v 0.005111 0.036755 0.001582
v 0.005027 0.038533 0.001830
v 0.005027 0.036735 0.001830
v 0.004971 0.038521 0.001977
v 0.004872 0.036704 0.002210
v 0.004685 0.038469 0.002583
v 0.004633 0.036663 0.002675
v 0.004633 0.038461 0.002675
v 0.004556 0.036651 0.002805
v 0.004326 0.038417 0.003148
v 0.004169 0.036600 0.003353
v 0.004098 0.038389 0.003439
v 0.004098 0.036591 0.003439
v 0.003904 0.038367 0.003659
v 0.003723 0.036550 0.003842
v 0.003439 0.038319 0.004098
v 0.003439 0.036521 0.004098
v 0.003425 0.038318 0.004110
v 0.003218 0.036500 0.004274
v 0.002887 0.038267 0.004504
v 0.002675 0.036450 0.004633
v 0.002675 0.038247 0.004633
v 0.002657 0.036448 0.004643
v 0.002301 0.038215 0.004830
v 0.002053 0.036396 0.004941
v 0.001830 0.038175 0.005027
v 0.001830 0.036377 0.005027
v 0.001680 0.038163 0.005079
v 0.001419 0.036344 0.005158
v 0.001039 0.038112 0.005248
v 0.000929 0.036306 0.005269
v 0.000929 0.038104 0.005269
v 0.000771 0.036295 0.005294
v 0.000387 0.038063 0.005336
v 0.000109 0.036244 0.005349
v -0.000000 0.038034 0.005350
v -0.000000 0.036236 0.005350
v -0.000279 0.038012 0.005343
v -0.000562 0.036193 0.005320
v -0.000929 0.037961 0.005269
v -0.000929 0.036164 0.005269
v -0.000944 0.037960 0.005266
v -0.001227 0.036140 0.005208
v -0.001595 0.037908 0.005107
v -0.001830 0.036092 0.005027
v -0.001830 0.037889 0.005027
v -0.001868 0.036089 0.005013
v -0.002215 0.037858 0.004870
v -0.002474 0.036039 0.004744
v -0.002675 0.037819 0.004633
v -0.002675 0.036022 0.004633
v -0.002795 0.037809 0.004562
v -0.003042 0.035989 0.004401
v -0.003340 0.037758 0.004179
v -0.003439 0.035951 0.004098
v -0.003439 0.037748 0.004098
v -0.003569 0.035937 0.003985
v -0.003836 0.037706 0.003729
v -0.004042 0.035885 0.003505
v -0.004098 0.037676 0.003439
v -0.004098 0.035878 0.003439
v -0.004272 0.037654 0.003220
v -0.004449 0.035833 0.002972
v -0.004633 0.037604 0.002675
v -0.004633 0.035807 0.002675
v -0.004638 0.037604 0.002666
v -0.004782 0.035783 0.002399
v -0.004930 0.037555 0.002077
v -0.005027 0.035737 0.001830
v -0.005027 0.037534 0.001830
v -0.005042 0.035733 0.001788
v -0.005150 0.037504 0.001449
v -0.005227 0.035682 0.001143
v -0.005269 0.037462 0.000929
v -0.005269 0.035665 0.000929
v -0.005291 0.037452 0.000794
v -0.005329 0.035629 0.000477
v -0.005348 0.037400 0.000127
v -0.005350 0.035593 0.000000
v -0.005350 0.037390 0.000000
v -0.005346 0.035578 -0.000194
v -0.005323 0.037349 -0.000537
v -0.005281 0.035528 -0.000853
v -0.005269 0.037320 -0.000929
v -0.005269 0.035522 -0.000929
v -0.005217 0.037300 -0.001186
v -0.005135 0.035478 -0.001501
v -0.005030 0.037249 -0.001824
v -0.005027 0.035451 -0.001830
v -0.005027 0.037249 -0.001830
v -0.004907 0.035426 -0.002132
v -0.004762 0.037198 -0.002438
v -0.004633 0.035379 -0.002675
v -0.004633 0.037177 -0.002675
v -0.004600 0.035374 -0.002732
v -0.004420 0.037146 -0.003014
v -0.004222 0.035322 -0.003286
v -0.004098 0.037105 -0.003439
v -0.004098 0.035307 -0.003439
v -0.004012 0.037095 -0.003539
v -0.003548 0.037046 -0.004004
v -0.003783 0.035272 -0.003783
v -0.003439 0.037035 -0.004098
v -0.003783 0.034502 -0.003783
v -0.004633 0.034609 -0.002675
v -0.004597 0.034603 -0.002737
v -0.004633 0.012976 -0.002675
v -0.004220 0.034552 -0.003288
v -0.004382 0.012976 -0.003069
v -0.004098 0.034537 -0.003439
v -0.004098 0.012976 -0.003439
v -0.004903 0.034655 -0.002140
v -0.004849 0.012976 -0.002261
v -0.005027 0.034681 -0.001830
v -0.005027 0.012976 -0.001830
v -0.005132 0.034707 -0.001513
v -0.005168 0.012976 -0.001385
v -0.005269 0.034752 -0.000929
v -0.005350 0.012976 0.000000
v -0.005279 0.034756 -0.000869
v -0.005330 0.012976 -0.000466
v -0.005269 0.012976 -0.000929
v -0.005269 0.012976 0.000929
v -0.005269 0.034894 0.000929
v -0.005331 0.034857 0.000455
v -0.005330 0.012976 0.000466
v -0.005350 0.034822 0.000000
v -0.005346 0.034806 -0.000213
v -0.005232 0.034909 0.001118
v -0.005168 0.012976 0.001385
v -0.005052 0.034961 0.001762
v -0.005027 0.012976 0.001830
v -0.005027 0.034966 0.001830
v -0.004796 0.035011 0.002371
v -0.004849 0.012976 0.002261
v -0.004633 0.035036 0.002675
v -0.004633 0.012976 0.002675
v -0.004382 0.012976 0.003069
v -0.004468 0.035060 0.002943
v -0.004098 0.012976 0.003439
v -0.004098 0.035108 0.003439
v -0.003783 0.012976 0.003783
v -0.004067 0.035112 0.003476
v -0.003439 0.012976 0.004098
v -0.003600 0.035164 0.003958
v -0.001915 0.035315 0.004995
v -0.002675 0.012976 0.004633
v -0.002261 0.012976 0.004849
v -0.001830 0.035321 0.005027
v -0.002514 0.035265 0.004722
v -0.002675 0.035251 0.004633
v -0.003069 0.012976 0.004382
v -0.003078 0.035215 0.004376
v -0.003439 0.035180 0.004098
v -0.000929 0.012976 0.005269
v -0.001279 0.035366 0.005195
v -0.001385 0.012976 0.005168
v -0.001830 0.012976 0.005027
v 0.000929 0.035536 0.005269
v 0.000710 0.035520 0.005303
v 0.000466 0.012976 0.005330
v 0.000049 0.035470 0.005350
v -0.000000 0.012976 0.005350
v -0.000000 0.035466 0.005350
v -0.000466 0.012976 0.005330
v -0.000619 0.035418 0.005314
v -0.000929 0.035393 0.005269
v 0.002675 0.035679 0.004633
v 0.002594 0.035672 0.004679
v 0.002675 0.012976 0.004633
v 0.001989 0.035620 0.004967
v 0.002261 0.012976 0.004849
v 0.001830 0.035607 0.005027
v 0.001830 0.012976 0.005027
v 0.001355 0.035569 0.005175
v 0.001385 0.012976 0.005168
v 0.000929 0.012976 0.005269
v 0.003158 0.035724 0.004319
v 0.003069 0.012976 0.004382
v 0.003439 0.035751 0.004098
v 0.003439 0.012976 0.004098
v 0.003667 0.035774 0.003895
v 0.003783 0.012976 0.003783
v 0.004098 0.035821 0.003439
v 0.004098 0.012976 0.003439
v 0.004382 0.012976 0.003069
v 0.004118 0.035823 0.003415
v 0.004633 0.012976 0.002675
v 0.004511 0.035874 0.002877
v 0.005269 0.012976 -0.000929
v 0.005269 0.036178 -0.000929
v 0.005342 0.036129 -0.000291
v 0.005330 0.012976 -0.000466
v 0.005350 0.036106 -0.000000
v 0.005350 0.012976 0.000000
v 0.005337 0.036078 0.000375
v 0.005330 0.012976 0.000466
v 0.005269 0.036036 0.000929
v 0.005269 0.012976 0.000929
v 0.005250 0.036028 0.001027
v 0.005168 0.012976 0.001385
v 0.005083 0.035978 0.001669
v 0.005027 0.012976 0.001830
v 0.005027 0.035965 0.001830
v 0.004849 0.012976 0.002261
v 0.004835 0.035926 0.002290
v 0.004633 0.035893 0.002675
v 0.005264 0.036181 -0.000957
v 0.005168 0.012976 -0.001385
v 0.005103 0.036232 -0.001607
v 0.005027 0.036250 -0.001830
v 0.005027 0.012976 -0.001830
v 0.004865 0.036283 -0.002226
v 0.004849 0.012976 -0.002261
v 0.004633 0.036320 -0.002675
v 0.004633 0.012976 -0.002675
v 0.004382 0.012976 -0.003069
v 0.004555 0.036332 -0.002806
v 0.004098 0.012976 -0.003439
v 0.004171 0.036383 -0.003350
v 0.000929 0.012976 -0.005269
v 0.000929 0.036677 -0.005269
v 0.001437 0.036637 -0.005153
v 0.001385 0.012976 -0.005168
v 0.001830 0.036605 -0.005027
v 0.001830 0.012976 -0.005027
v 0.002066 0.036586 -0.004935
v 0.002261 0.012976 -0.004849
v 0.002656 0.036537 -0.004644
v 0.002675 0.012976 -0.004633
v 0.002675 0.036535 -0.004633
v 0.003069 0.012976 -0.004382
v 0.003210 0.036487 -0.004280
v 0.003439 0.012976 -0.004098
v 0.003439 0.036464 -0.004098
v 0.003783 0.012976 -0.003783
v 0.003720 0.036435 -0.003845
v 0.004098 0.036392 -0.003439
v 0.000782 0.036689 -0.005293
v 0.000466 0.012976 -0.005330
v 0.000115 0.036741 -0.005349
v 0.000000 0.012976 -0.005350
v 0.000000 0.036750 -0.005350
v -0.000549 0.036792 -0.005322
v -0.000466 0.012976 -0.005330
v -0.000929 0.036820 -0.005269
v -0.000929 0.012976 -0.005269
v -0.001385 0.012976 -0.005168
v -0.001198 0.036841 -0.005214
v -0.001830 0.012976 -0.005027
v -0.001830 0.036891 -0.005027
v -0.002261 0.012976 -0.004849
v -0.001835 0.036891 -0.005025
v -0.002675 0.012976 -0.004633
v -0.002449 0.036943 -0.004757
v -0.003783 0.012976 -0.003783
v -0.003439 0.012976 -0.004098
v -0.003069 0.012976 -0.004382
v -0.003024 0.036995 -0.004413
v -0.002675 0.036963 -0.004633
v -0.004737 0.042591 -0.003157
v -0.004921 0.042591 -0.002861
v -0.003818 0.042591 -0.002204
v -0.005480 0.042591 -0.001232
v -0.004341 0.042591 -0.000766
v -0.005462 0.042591 -0.001388
v -0.004143 0.042591 -0.001508
v -0.005388 0.042591 -0.001836
v -0.002658 0.042591 -0.005034
v -0.002928 0.042591 -0.004882
v -0.002204 0.042591 -0.003818
v -0.000791 0.042591 -0.005506
v -0.000766 0.042591 -0.004341
v -0.000404 0.042591 -0.005500
v 0.000000 0.042591 -0.004408
v 0.000032 0.042591 -0.005458
v 0.000323 0.042591 -0.005410
v -0.005442 0.042591 0.000142
v -0.005426 0.042591 0.000237
v -0.004408 0.042591 -0.000000
v -0.005333 0.042591 0.000664
v -0.004341 0.042591 0.000766
v -0.005497 0.042591 -0.001020
v -0.005506 0.042591 -0.000582
v -0.005484 0.042591 -0.000196
v -0.004308 0.042591 -0.003721
v -0.003377 0.042591 -0.002834
v -0.004030 0.042591 -0.004020
v -0.002834 0.042591 -0.003377
v -0.003698 0.042591 -0.004328
v -0.003339 0.042591 -0.004610
v 0.000413 0.042591 -0.005392
v 0.000766 0.042591 -0.004341
v -0.004143 0.042591 0.001508
v -0.003818 0.042591 0.002204
v -0.003377 0.042591 0.002834
v -0.002834 0.042591 0.003377
v -0.002204 0.042591 0.003818
v -0.001508 0.042591 0.004143
v -0.000766 0.042591 0.004341
v -0.000000 0.042591 0.004408
v 0.000766 0.042591 0.004341
v 0.001508 0.042591 0.004143
v 0.002204 0.042591 0.003818
v 0.002834 0.042591 0.003377
v 0.003377 0.042591 0.002834
v 0.003818 0.042591 0.002204
v 0.004143 0.042591 0.001508
v 0.004341 0.042591 0.000766
v 0.004408 0.042591 -0.000000
v 0.004341 0.042591 -0.000766
v 0.004143 0.042591 -0.001508
v 0.003818 0.042591 -0.002204
v 0.003377 0.042591 -0.002834
v 0.002834 0.042591 -0.003377
v 0.002204 0.042591 -0.003818
v 0.001508 0.042591 -0.004143
v -0.005094 0.042591 -0.002540
v -0.005133 0.042591 -0.002462
v -0.005312 0.042591 -0.002047
v -0.004336 0.042591 -0.003689
v -0.004614 0.042591 -0.003333
v -0.004677 0.042591 -0.003245
v -0.003266 0.042591 -0.004662
v -0.001053 0.042591 -0.005495
v -0.001243 0.042591 -0.005479
v -0.001508 0.042591 -0.004143
v -0.001693 0.042591 -0.005416
v -0.001836 0.042591 -0.005388
v -0.002008 0.042591 -0.005327
v -0.002259 0.042591 -0.005225
v -0.002530 0.042591 -0.005099
v -0.000465 0.012772 -0.005317
v -0.000927 0.012772 -0.005257
v -0.001382 0.012772 -0.005156
v -0.001826 0.012772 -0.005016
v -0.002256 0.012772 -0.004838
v -0.002669 0.012772 -0.004623
v -0.003062 0.012772 -0.004372
v -0.003431 0.012772 -0.004089
v -0.003774 0.012772 -0.003774
v -0.004089 0.012772 -0.003431
v -0.004372 0.012772 -0.003062
v -0.004623 0.012772 -0.002669
v -0.004838 0.012772 -0.002256
v -0.005016 0.012772 -0.001826
v -0.005156 0.012772 -0.001382
v -0.005257 0.012772 -0.000927
v -0.005317 0.012772 -0.000465
v -0.005338 0.012772 0.000000
v -0.005317 0.012772 0.000465
v -0.005257 0.012772 0.000927
v -0.005156 0.012772 0.001382
v -0.005016 0.012772 0.001826
v -0.004838 0.012772 0.002256
v -0.004623 0.012772 0.002669
v -0.004372 0.012772 0.003062
v -0.004089 0.012772 0.003431
v -0.003774 0.012772 0.003774
v -0.003431 0.012772 0.004089
v -0.003062 0.012772 0.004372
v -0.002669 0.012772 0.004623
v -0.002256 0.012772 0.004838
v -0.001826 0.012772 0.005016
v -0.001382 0.012772 0.005156
v -0.000927 0.012772 0.005257
v -0.000465 0.012772 0.005317
v -0.000000 0.012772 0.005338
v 0.000465 0.012772 0.005317
v 0.000927 0.012772 0.005257
v 0.001382 0.012772 0.005156
v 0.001826 0.012772 0.005016
v 0.002256 0.012772 0.004838
v 0.002669 0.012772 0.004623
v 0.003062 0.012772 0.004372
v 0.003431 0.012772 0.004089
v 0.003774 0.012772 0.003774
v 0.004089 0.012772 0.003431
v 0.004372 0.012772 0.003062
v 0.004623 0.012772 0.002669
v 0.004838 0.012772 0.002256
v 0.005016 0.012772 0.001826
v 0.005156 0.012772 0.001382
v 0.005257 0.012772 0.000927
v 0.005317 0.012772 0.000465
v 0.005338 0.012772 0.000000
v 0.005317 0.012772 -0.000465
v 0.005257 0.012772 -0.000927
v 0.005156 0.012772 -0.001382
v 0.005016 0.012772 -0.001826
v 0.004838 0.012772 -0.002256
v 0.004623 0.012772 -0.002669
v 0.004372 0.012772 -0.003062
v 0.004089 0.012772 -0.003431
v 0.003774 0.012772 -0.003774
v 0.003431 0.012772 -0.004089
v 0.003062 0.012772 -0.004372
v 0.002669 0.012772 -0.004623
v 0.002256 0.012772 -0.004838
v 0.001826 0.012772 -0.005016
v 0.001382 0.012772 -0.005156
v 0.000927 0.012772 -0.005257
v 0.000465 0.012772 -0.005317
v 0.000000 0.012772 -0.005338
v -0.000462 0.012570 -0.005281
v -0.000921 0.012570 -0.005221
v -0.001372 0.012570 -0.005120
v -0.001813 0.012570 -0.004981
v -0.002240 0.012570 -0.004804
v -0.002651 0.012570 -0.004591
v -0.003041 0.012570 -0.004342
v -0.003407 0.012570 -0.004061
v -0.003748 0.012570 -0.003748
v -0.004061 0.012570 -0.003407
v -0.004342 0.012570 -0.003041
v -0.004591 0.012570 -0.002651
v -0.004804 0.012570 -0.002240
v -0.004981 0.012570 -0.001813
v -0.005120 0.012570 -0.001372
v -0.005221 0.012570 -0.000921
v -0.005281 0.012570 -0.000462
v -0.005301 0.012570 0.000000
v -0.005281 0.012570 0.000462
v -0.005221 0.012570 0.000921
v -0.005120 0.012570 0.001372
v -0.004981 0.012570 0.001813
v -0.004804 0.012570 0.002240
v -0.004591 0.012570 0.002651
v -0.004342 0.012570 0.003041
v -0.004061 0.012570 0.003407
v -0.003748 0.012570 0.003748
v -0.003407 0.012570 0.004061
v -0.003041 0.012570 0.004342
v -0.002651 0.012570 0.004591
v -0.002240 0.012570 0.004804
v -0.001813 0.012570 0.004981
v -0.001372 0.012570 0.005120
v -0.000921 0.012570 0.005221
v -0.000462 0.012570 0.005281
v -0.000000 0.012570 0.005301
v 0.000462 0.012570 0.005281
v 0.000921 0.012570 0.005221
v 0.001372 0.012570 0.005120
v 0.001813 0.012570 0.004981
v 0.002240 0.012570 0.004804
v 0.002651 0.012570 0.004591
v 0.003041 0.012570 0.004342
v 0.003407 0.012570 0.004061
v 0.003748 0.012570 0.003748
v 0.004061 0.012570 0.003407
v 0.004342 0.012570 0.003041
v 0.004591 0.012570 0.002651
v 0.004804 0.012570 0.002240
v 0.004981 0.012570 0.001813
v 0.005120 0.012570 0.001372
v 0.005221 0.012570 0.000921
v 0.005281 0.012570 0.000462
v 0.005301 0.012570 0.000000
v 0.005281 0.012570 -0.000462
v 0.005221 0.012570 -0.000921
v 0.005120 0.012570 -0.001372
v 0.004981 0.012570 -0.001813
v 0.004804 0.012570 -0.002240
v 0.004591 0.012570 -0.002651
v 0.004342 0.012570 -0.003041
v 0.004061 0.012570 -0.003407
v 0.003748 0.012570 -0.003748
v 0.003407 0.012570 -0.004061
v 0.003041 0.012570 -0.004342
v 0.002651 0.012570 -0.004591
v 0.002240 0.012570 -0.004804
v 0.001813 0.012570 -0.004981
v 0.001372 0.012570 -0.005120
v 0.000921 0.012570 -0.005221
v 0.000462 0.012570 -0.005281
v 0.000000 0.012570 -0.005301
v -0.000457 0.012374 -0.005221
v -0.000910 0.012374 -0.005161
v -0.001356 0.012374 -0.005062
v -0.001792 0.012374 -0.004925
v -0.002215 0.012374 -0.004750
v -0.002620 0.012374 -0.004539
v -0.003006 0.012374 -0.004293
v -0.003369 0.012374 -0.004015
v -0.003706 0.012374 -0.003706
v -0.004015 0.012374 -0.003369
v -0.004293 0.012374 -0.003006
v -0.004539 0.012374 -0.002620
v -0.004750 0.012374 -0.002215
v -0.004925 0.012374 -0.001792
v -0.005062 0.012374 -0.001356
v -0.005161 0.012374 -0.000910
v -0.005221 0.012374 -0.000457
v -0.005241 0.012374 0.000000
v -0.005221 0.012374 0.000457
v -0.005161 0.012374 0.000910
v -0.005062 0.012374 0.001356
v -0.004925 0.012374 0.001792
v -0.004750 0.012374 0.002215
v -0.004539 0.012374 0.002620
v -0.004293 0.012374 0.003006
v -0.004015 0.012374 0.003369
v -0.003706 0.012374 0.003706
v -0.003369 0.012374 0.004015
v -0.003006 0.012374 0.004293
v -0.002620 0.012374 0.004539
v -0.002215 0.012374 0.004750
v -0.001792 0.012374 0.004925
v -0.001356 0.012374 0.005062
v -0.000910 0.012374 0.005161
v -0.000457 0.012374 0.005221
v -0.000000 0.012374 0.005241
v 0.000457 0.012374 0.005221
v 0.000910 0.012374 0.005161
v 0.001356 0.012374 0.005062
v 0.001792 0.012374 0.004925
v 0.002215 0.012374 0.004750
v 0.002620 0.012374 0.004539
v 0.003006 0.012374 0.004293
v 0.003369 0.012374 0.004015
v 0.003706 0.012374 0.003706
v 0.004015 0.012374 0.003369
v 0.004293 0.012374 0.003006
v 0.004539 0.012374 0.002620
v 0.004750 0.012374 0.002215
v 0.004925 0.012374 0.001792
v 0.005062 0.012374 0.001356
v 0.005161 0.012374 0.000910
v 0.005221 0.012374 0.000457
v 0.005241 0.012374 0.000000
v 0.005221 0.012374 -0.000457
v 0.005161 0.012374 -0.000910
v 0.005062 0.012374 -0.001356
v 0.004925 0.012374 -0.001792
v 0.004750 0.012374 -0.002215
v 0.004539 0.012374 -0.002620
v 0.004293 0.012374 -0.003006
v 0.004015 0.012374 -0.003369
v 0.003706 0.012374 -0.003706
v 0.003369 0.012374 -0.004015
v 0.003006 0.012374 -0.004293
v 0.002620 0.012374 -0.004539
v 0.002215 0.012374 -0.004750
v 0.001792 0.012374 -0.004925
v 0.001356 0.012374 -0.005062
v 0.000910 0.012374 -0.005161
v 0.000457 0.012374 -0.005221
v 0.000000 0.012374 -0.005241
v 0.000139 0.000555 -0.000789
v 0.000000 0.000555 -0.000801
v 0.000274 0.000555 -0.000753
v 0.000401 0.000555 -0.000694
v 0.000515 0.000555 -0.000614
v 0.000614 0.000555 -0.000515
v 0.000694 0.000555 -0.000401
v 0.000753 0.000555 -0.000274
v 0.000789 0.000555 -0.000139
v 0.000801 0.000555 0.000000
v 0.000789 0.000555 0.000139
v 0.000753 0.000555 0.000274
v 0.000694 0.000555 0.000401
v 0.000614 0.000555 0.000515
v 0.000515 0.000555 0.000614
v 0.000401 0.000555 0.000694
v 0.000274 0.000555 0.000753
v 0.000139 0.000555 0.000789
v -0.000000 0.000555 0.000801
v -0.000139 0.000555 0.000789
v -0.000274 0.000555 0.000753
v -0.000401 0.000555 0.000694
v -0.000515 0.000555 0.000614
v -0.000614 0.000555 0.000515
v -0.000694 0.000555 0.000401
v -0.000753 0.000555 0.000274
v -0.000789 0.000555 0.000139
v -0.000801 0.000555 0.000000
v -0.000789 0.000555 -0.000139
v -0.000753 0.000555 -0.000274
v -0.000694 0.000555 -0.000401
v -0.000614 0.000555 -0.000515
v -0.000515 0.000555 -0.000614
v -0.000401 0.000555 -0.000694
v -0.000274 0.000555 -0.000753
v -0.000139 0.000555 -0.000789
v -0.000050 0.000013 -0.000139
v -0.000026 0.000013 -0.000145
v 0.000000 0.000000 0.000000
v -0.000074 0.000013 -0.000128
v -0.000095 0.000013 -0.000113
v -0.000113 0.000013 -0.000095
v -0.000128 0.000013 -0.000074
v -0.000139 0.000013 -0.000050
v -0.000145 0.000013 -0.000026
v -0.000147 0.000013 0.000000
v -0.000145 0.000013 0.000026
v -0.000139 0.000013 0.000050
v -0.000128 0.000013 0.000074
v -0.000113 0.000013 0.000095
v -0.000095 0.000013 0.000113
v -0.000074 0.000013 0.000128
v -0.000050 0.000013 0.000139
v -0.000026 0.000013 0.000145
v -0.000000 0.000013 0.000147
v 0.000026 0.000013 0.000145
v 0.000050 0.000013 0.000139
v 0.000074 0.000013 0.000128
v 0.000095 0.000013 0.000113
v 0.000113 0.000013 0.000095
v 0.000128 0.000013 0.000074
v 0.000139 0.000013 0.000050
v 0.000145 0.000013 0.000026
v 0.000147 0.000013 0.000000
v 0.000145 0.000013 -0.000026
v 0.000139 0.000013 -0.000050
v 0.000128 0.000013 -0.000074
v 0.000113 0.000013 -0.000095
v 0.000095 0.000013 -0.000113
v 0.000074 0.000013 -0.000128
v 0.000050 0.000013 -0.000139
v 0.000026 0.000013 -0.000145
v 0.000000 0.000013 -0.000147
v -0.000128 0.000422 -0.000726
v -0.000252 0.000422 -0.000693
v -0.000369 0.000422 -0.000639
v -0.000474 0.000422 -0.000565
v -0.000565 0.000422 -0.000474
v -0.000639 0.000422 -0.000369
v -0.000693 0.000422 -0.000252
v -0.000726 0.000422 -0.000128
v -0.000738 0.000422 -0.000000
v -0.000726 0.000422 0.000128
v -0.000693 0.000422 0.000252
v -0.000639 0.000422 0.000369
v -0.000565 0.000422 0.000474
v -0.000474 0.000422 0.000565
v -0.000369 0.000422 0.000639
v -0.000252 0.000422 0.000693
v -0.000128 0.000422 0.000726
v -0.000000 0.000422 0.000738
v 0.000128 0.000422 0.000726
v 0.000252 0.000422 0.000693
v 0.000369 0.000422 0.000639
v 0.000474 0.000422 0.000565
v 0.000565 0.000422 0.000474
v 0.000639 0.000422 0.000369
v 0.000693 0.000422 0.000252
v 0.000726 0.000422 0.000128
v 0.000738 0.000422 0.000000
v 0.000726 0.000422 -0.000128
v 0.000693 0.000422 -0.000252
v 0.000639 0.000422 -0.000369
v 0.000565 0.000422 -0.000474
v 0.000474 0.000422 -0.000565
v 0.000369 0.000422 -0.000639
v 0.000252 0.000422 -0.000693
v 0.000128 0.000422 -0.000726
v 0.000000 0.000422 -0.000738
v -0.000113 0.000301 -0.000642
v -0.000223 0.000301 -0.000612
v -0.000326 0.000301 -0.000564
v -0.000419 0.000301 -0.000499
v -0.000499 0.000301 -0.000419
v -0.000564 0.000301 -0.000326
v -0.000612 0.000301 -0.000223
v -0.000642 0.000301 -0.000113
v -0.000652 0.000301 -0.000000
v -0.000642 0.000301 0.000113
v -0.000612 0.000301 0.000223
v -0.000564 0.000301 0.000326
v -0.000499 0.000301 0.000419
v -0.000419 0.000301 0.000499
v -0.000326 0.000301 0.000564
v -0.000223 0.000301 0.000612
v -0.000113 0.000301 0.000642
v -0.000000 0.000301 0.000652
v 0.000113 0.000301 0.000642
v 0.000223 0.000301 0.000612
v 0.000326 0.000301 0.000564
v 0.000419 0.000301 0.000499
v 0.000499 0.000301 0.000419
v 0.000564 0.000301 0.000326
v 0.000612 0.000301 0.000223
v 0.000642 0.000301 0.000113
v 0.000652 0.000301 0.000000
v 0.000642 0.000301 -0.000113
v 0.000612 0.000301 -0.000223
v 0.000564 0.000301 -0.000326
v 0.000499 0.000301 -0.000419
v 0.000419 0.000301 -0.000499
v 0.000326 0.000301 -0.000564
v 0.000223 0.000301 -0.000612
v 0.000113 0.000301 -0.000642
v 0.000000 0.000301 -0.000652
v -0.000095 0.000197 -0.000538
v -0.000187 0.000197 -0.000513
v -0.000273 0.000197 -0.000473
v -0.000351 0.000197 -0.000419
v -0.000419 0.000197 -0.000351
v -0.000473 0.000197 -0.000273
v -0.000513 0.000197 -0.000187
v -0.000538 0.000197 -0.000095
v -0.000546 0.000197 0.000000
v -0.000538 0.000197 0.000095
v -0.000513 0.000197 0.000187
v -0.000473 0.000197 0.000273
v -0.000419 0.000197 0.000351
v -0.000351 0.000197 0.000419
v -0.000273 0.000197 0.000473
v -0.000187 0.000197 0.000513
v -0.000095 0.000197 0.000538
v -0.000000 0.000197 0.000546
v 0.000095 0.000197 0.000538
v 0.000187 0.000197 0.000513
v 0.000273 0.000197 0.000473
v 0.000351 0.000197 0.000419
v 0.000419 0.000197 0.000351
v 0.000473 0.000197 0.000273
v 0.000513 0.000197 0.000187
v 0.000538 0.000197 0.000095
v 0.000546 0.000197 0.000000
v 0.000538 0.000197 -0.000095
v 0.000513 0.000197 -0.000187
v 0.000473 0.000197 -0.000273
v 0.000419 0.000197 -0.000351
v 0.000351 0.000197 -0.000419
v 0.000273 0.000197 -0.000473
v 0.000187 0.000197 -0.000513
v 0.000095 0.000197 -0.000538
v 0.000000 0.000197 -0.000546
v -0.000074 0.000113 -0.000418
v -0.000145 0.000113 -0.000399
v -0.000212 0.000113 -0.000368
v -0.000273 0.000113 -0.000325
v -0.000325 0.000113 -0.000273
v -0.000368 0.000113 -0.000212
v -0.000399 0.000113 -0.000145
v -0.000418 0.000113 -0.000074
v -0.000425 0.000113 0.000000
v -0.000418 0.000113 0.000074
v -0.000399 0.000113 0.000145
v -0.000368 0.000113 0.000212
v -0.000325 0.000113 0.000273
v -0.000273 0.000113 0.000325
v -0.000212 0.000113 0.000368
v -0.000145 0.000113 0.000399
v -0.000074 0.000113 0.000418
v -0.000000 0.000113 0.000425
v 0.000074 0.000113 0.000418
v 0.000145 0.000113 0.000399
v 0.000212 0.000113 0.000368
v 0.000273 0.000113 0.000325
v 0.000325 0.000113 0.000273
v 0.000368 0.000113 0.000212
v 0.000399 0.000113 0.000145
v 0.000418 0.000113 0.000074
v 0.000425 0.000113 0.000000
v 0.000418 0.000113 -0.000074
v 0.000399 0.000113 -0.000145
v 0.000368 0.000113 -0.000212
v 0.000325 0.000113 -0.000273
v 0.000273 0.000113 -0.000325
v 0.000212 0.000113 -0.000368
v 0.000145 0.000113 -0.000399
v 0.000074 0.000113 -0.000418
v 0.000000 0.000113 -0.000425
v -0.000050 0.000051 -0.000286
v -0.000099 0.000051 -0.000273
v -0.000145 0.000051 -0.000252
v -0.000187 0.000051 -0.000222
v -0.000222 0.000051 -0.000187
v -0.000252 0.000051 -0.000145
v -0.000273 0.000051 -0.000099
v -0.000286 0.000051 -0.000050
v -0.000290 0.000051 0.000000
v -0.000286 0.000051 0.000050
v -0.000273 0.000051 0.000099
v -0.000252 0.000051 0.000145
v -0.000222 0.000051 0.000187
v -0.000187 0.000051 0.000222
v -0.000145 0.000051 0.000252
v -0.000099 0.000051 0.000273
v -0.000050 0.000051 0.000286
v -0.000000 0.000051 0.000290
v 0.000050 0.000051 0.000286
v 0.000099 0.000051 0.000273
v 0.000145 0.000051 0.000252
v 0.000187 0.000051 0.000222
v 0.000222 0.000051 0.000187
v 0.000252 0.000051 0.000145
v 0.000273 0.000051 0.000099
v 0.000286 0.000051 0.000050
v 0.000290 0.000051 0.000000
v 0.000286 0.000051 -0.000050
v 0.000273 0.000051 -0.000099
v 0.000252 0.000051 -0.000145
v 0.000222 0.000051 -0.000187
v 0.000187 0.000051 -0.000222
v 0.000145 0.000051 -0.000252
v 0.000099 0.000051 -0.000273
v 0.000050 0.000051 -0.000286
v 0.000000 0.000051 -0.000290
v -0.000384 0.012976 -0.004392
v -0.001141 0.012976 -0.004258
v -0.000766 0.012976 -0.004341
v -0.001863 0.012976 -0.003995
v -0.001508 0.012976 -0.004143
v -0.002529 0.012976 -0.003611
v -0.002204 0.012976 -0.003818
v -0.003117 0.012976 -0.003117
v -0.002834 0.012976 -0.003377
v -0.003611 0.012976 -0.002529
v -0.003377 0.012976 -0.002834
v -0.003995 0.012976 -0.001863
v -0.003818 0.012976 -0.002204
v -0.004258 0.012976 -0.001141
v -0.004143 0.012976 -0.001508
v -0.004392 0.012976 -0.000384
v -0.004341 0.012976 -0.000766
v -0.004392 0.012976 0.000384
v -0.004408 0.012976 0.000000
v -0.004258 0.012976 0.001141
v -0.004341 0.012976 0.000766
v -0.003995 0.012976 0.001863
v -0.004143 0.012976 0.001508
v -0.003611 0.012976 0.002529
v -0.003818 0.012976 0.002204
v -0.003117 0.012976 0.003117
v -0.003377 0.012976 0.002834
v -0.002529 0.012976 0.003611
v -0.002834 0.012976 0.003377
v -0.001863 0.012976 0.003995
v -0.002204 0.012976 0.003818
v -0.001141 0.012976 0.004258
v -0.001508 0.012976 0.004143
v -0.000384 0.012976 0.004392
v -0.000766 0.012976 0.004341
v 0.000384 0.012976 0.004392
v -0.000000 0.012976 0.004408
v 0.001141 0.012976 0.004258
v 0.000766 0.012976 0.004341
v 0.001863 0.012976 0.003995
v 0.001508 0.012976 0.004143
v 0.002529 0.012976 0.003611
v 0.002204 0.012976 0.003818
v 0.003117 0.012976 0.003117
v 0.002834 0.012976 0.003377
v 0.003611 0.012976 0.002529
v 0.003377 0.012976 0.002834
v 0.003995 0.012976 0.001863
v 0.003818 0.012976 0.002204
v 0.004258 0.012976 0.001141
v 0.004143 0.012976 0.001508
v 0.004392 0.012976 0.000384
v 0.004341 0.012976 0.000766
v 0.004392 0.012976 -0.000384
v 0.004408 0.012976 0.000000
v 0.004258 0.012976 -0.001141
v 0.004341 0.012976 -0.000766
v 0.003995 0.012976 -0.001863
v 0.004143 0.012976 -0.001508
v 0.003611 0.012976 -0.002529
v 0.003818 0.012976 -0.002204
v 0.003117 0.012976 -0.003117
v 0.003377 0.012976 -0.002834
v 0.002529 0.012976 -0.003611
v 0.002834 0.012976 -0.003377
v 0.001863 0.012976 -0.003995
v 0.002204 0.012976 -0.003818
v 0.001141 0.012976 -0.004258
v 0.001508 0.012976 -0.004143
v 0.000000 0.012976 -0.004408
v 0.000384 0.012976 -0.004392
v 0.000766 0.012976 -0.004341
v 0.000000 0.012884 -0.004403
v -0.000384 0.012884 -0.004386
v -0.000765 0.012884 -0.004336
v -0.001140 0.012884 -0.004253
v -0.001506 0.012884 -0.004137
v -0.001861 0.012884 -0.003990
v -0.002201 0.012884 -0.003813
v -0.002525 0.012884 -0.003607
v -0.002830 0.012884 -0.003373
v -0.003113 0.012884 -0.003113
v -0.003373 0.012884 -0.002830
v -0.003607 0.012884 -0.002525
v -0.003813 0.012884 -0.002201
v -0.003990 0.012884 -0.001861
v -0.004137 0.012884 -0.001506
v -0.004253 0.012884 -0.001140
v -0.004336 0.012884 -0.000765
v -0.004386 0.012884 -0.000384
v -0.004403 0.012884 0.000000
v -0.004386 0.012884 0.000384
v -0.004336 0.012884 0.000765
v -0.004253 0.012884 0.001140
v -0.004137 0.012884 0.001506
v -0.003990 0.012884 0.001861
v -0.003813 0.012884 0.002201
v -0.003607 0.012884 0.002525
v -0.003373 0.012884 0.002830
v -0.003113 0.012884 0.003113
v -0.002830 0.012884 0.003373
v -0.002525 0.012884 0.003607
v -0.002201 0.012884 0.003813
v -0.001861 0.012884 0.003990
v -0.001506 0.012884 0.004137
v -0.001140 0.012884 0.004253
v -0.000765 0.012884 0.004336
v -0.000384 0.012884 0.004386
v -0.000000 0.012884 0.004403
v 0.000384 0.012884 0.004386
v 0.000765 0.012884 0.004336
v 0.001140 0.012884 0.004253
v 0.001506 0.012884 0.004137
v 0.001861 0.012884 0.003990
v 0.002201 0.012884 0.003813
v 0.002525 0.012884 0.003607
v 0.002830 0.012884 0.003373
v 0.003113 0.012884 0.003113
v 0.003373 0.012884 0.002830
v 0.003607 0.012884 0.002525
v 0.003813 0.012884 0.002201
v 0.003990 0.012884 0.001861
v 0.004137 0.012884 0.001506
v 0.004253 0.012884 0.001140
v 0.004336 0.012884 0.000765
v 0.004386 0.012884 0.000384
v 0.004403 0.012884 0.000000
v 0.004386 0.012884 -0.000384
v 0.004336 0.012884 -0.000765
v 0.004253 0.012884 -0.001140
v 0.004137 0.012884 -0.001506
v 0.003990 0.012884 -0.001861
v 0.003813 0.012884 -0.002201
v 0.003607 0.012884 -0.002525
v 0.003373 0.012884 -0.002830
v 0.003113 0.012884 -0.003113
v 0.002830 0.012884 -0.003373
v 0.002525 0.012884 -0.003607
v 0.002201 0.012884 -0.003813
v 0.001861 0.012884 -0.003990
v 0.001506 0.012884 -0.004137
v 0.001140 0.012884 -0.004253
v 0.000765 0.012884 -0.004336
v 0.000384 0.012884 -0.004386
v 0.000000 0.012794 -0.004386
v -0.000382 0.012794 -0.004370
v -0.000762 0.012794 -0.004320
v -0.001135 0.012794 -0.004237
v -0.001500 0.012794 -0.004122
v -0.001854 0.012794 -0.003975
v -0.002193 0.012794 -0.003799
v -0.002516 0.012794 -0.003593
v -0.002820 0.012794 -0.003360
v -0.003102 0.012794 -0.003102
v -0.003360 0.012794 -0.002820
v -0.003593 0.012794 -0.002516
v -0.003799 0.012794 -0.002193
v -0.003975 0.012794 -0.001854
v -0.004122 0.012794 -0.001500
v -0.004237 0.012794 -0.001135
v -0.004320 0.012794 -0.000762
v -0.004370 0.012794 -0.000382
v -0.004386 0.012794 0.000000
v -0.004370 0.012794 0.000382
v -0.004320 0.012794 0.000762
v -0.004237 0.012794 0.001135
v -0.004122 0.012794 0.001500
v -0.003975 0.012794 0.001854
v -0.003799 0.012794 0.002193
v -0.003593 0.012794 0.002516
v -0.003360 0.012794 0.002820
v -0.003102 0.012794 0.003102
v -0.002820 0.012794 0.003360
v -0.002516 0.012794 0.003593
v -0.002193 0.012794 0.003799
v -0.001854 0.012794 0.003975
v -0.001500 0.012794 0.004122
v -0.001135 0.012794 0.004237
v -0.000762 0.012794 0.004320
v -0.000382 0.012794 0.004370
v -0.000000 0.012794 0.004386
v 0.000382 0.012794 0.004370
v 0.000762 0.012794 0.004320
v 0.001135 0.012794 0.004237
v 0.001500 0.012794 0.004122
v 0.001854 0.012794 0.003975
v 0.002193 0.012794 0.003799
v 0.002516 0.012794 0.003593
v 0.002820 0.012794 0.003360
v 0.003102 0.012794 0.003102
v 0.003360 0.012794 0.002820
v 0.003593 0.012794 0.002516
v 0.003799 0.012794 0.002193
v 0.003975 0.012794 0.001854
v 0.004122 0.012794 0.001500
v 0.004237 0.012794 0.001135
v 0.004320 0.012794 0.000762
v 0.004370 0.012794 0.000382
v 0.004386 0.012794 0.000000
v 0.004370 0.012794 -0.000382
v 0.004320 0.012794 -0.000762
v 0.004237 0.012794 -0.001135
v 0.004122 0.012794 -0.001500
v 0.003975 0.012794 -0.001854
v 0.003799 0.012794 -0.002193
v 0.003593 0.012794 -0.002516
v 0.003360 0.012794 -0.002820
v 0.003102 0.012794 -0.003102
v 0.002820 0.012794 -0.003360
v 0.002516 0.012794 -0.003593
v 0.002193 0.012794 -0.003799
v 0.001854 0.012794 -0.003975
v 0.001500 0.012794 -0.004122
v 0.001135 0.012794 -0.004237
v 0.000762 0.012794 -0.004320
v 0.000382 0.012794 -0.004370
v 0.000000 0.012705 -0.004359
v -0.000380 0.012705 -0.004343
v -0.000757 0.012705 -0.004293
v -0.001128 0.012705 -0.004211
v -0.001491 0.012705 -0.004096
v -0.001842 0.012705 -0.003951
v -0.002180 0.012705 -0.003775
v -0.002500 0.012705 -0.003571
v -0.002802 0.012705 -0.003339
v -0.003082 0.012705 -0.003082
v -0.003339 0.012705 -0.002802
v -0.003571 0.012705 -0.002500
v -0.003775 0.012705 -0.002180
v -0.003951 0.012705 -0.001842
v -0.004096 0.012705 -0.001491
v -0.004211 0.012705 -0.001128
v -0.004293 0.012705 -0.000757
v -0.004343 0.012705 -0.000380
v -0.004359 0.012705 0.000000
v -0.004343 0.012705 0.000380
v -0.004293 0.012705 0.000757
v -0.004211 0.012705 0.001128
v -0.004096 0.012705 0.001491
v -0.003951 0.012705 0.001842
v -0.003775 0.012705 0.002180
v -0.003571 0.012705 0.002500
v -0.003339 0.012705 0.002802
v -0.003082 0.012705 0.003082
v -0.002802 0.012705 0.003339
v -0.002500 0.012705 0.003571
v -0.002180 0.012705 0.003775
v -0.001842 0.012705 0.003951
v -0.001491 0.012705 0.004096
v -0.001128 0.012705 0.004211
v -0.000757 0.012705 0.004293
v -0.000380 0.012705 0.004343
v -0.000000 0.012705 0.004359
v 0.000380 0.012705 0.004343
v 0.000757 0.012705 0.004293
v 0.001128 0.012705 0.004211
v 0.001491 0.012705 0.004096
v 0.001842 0.012705 0.003951
v 0.002180 0.012705 0.003775
v 0.002500 0.012705 0.003571
v 0.002802 0.012705 0.003339
v 0.003082 0.012705 0.003082
v 0.003339 0.012705 0.002802
v 0.003571 0.012705 0.002500
v 0.003775 0.012705 0.002180
v 0.003951 0.012705 0.001842
v 0.004096 0.012705 0.001491
v 0.004211 0.012705 0.001128
v 0.004293 0.012705 0.000757
v 0.004343 0.012705 0.000380
v 0.004359 0.012705 0.000000
v 0.004343 0.012705 -0.000380
v 0.004293 0.012705 -0.000757
v 0.004211 0.012705 -0.001128
v 0.004096 0.012705 -0.001491
v 0.003951 0.012705 -0.001842
v 0.003775 0.012705 -0.002180
v 0.003571 0.012705 -0.002500
v 0.003339 0.012705 -0.002802
v 0.003082 0.012705 -0.003082
v 0.002802 0.012705 -0.003339
v 0.002500 0.012705 -0.003571
v 0.002180 0.012705 -0.003775
v 0.001842 0.012705 -0.003951
v 0.001491 0.012705 -0.004096
v 0.001128 0.012705 -0.004211
v 0.000757 0.012705 -0.004293
v 0.000380 0.012705 -0.004343
v 0.000000 0.001099 0.000000
v -0.003904 0.035173 -0.003904
v -0.003904 0.034601 -0.003904
v -0.004025 0.034700 -0.004025
v -0.004025 0.034887 -0.004025
v -0.004025 0.035075 -0.004025
v 0.005266 0.036331 -0.001658
v 0.005021 0.036382 -0.002297
v 0.005172 0.036481 -0.002378
v 0.002122 0.035818 0.005282
v 0.002116 0.035818 0.005285
v 0.002052 0.035719 0.005126
v -0.001976 0.035413 0.005155
v -0.001319 0.035465 0.005361
v -0.001360 0.035563 0.005527
v -0.004324 0.035309 0.003702
v -0.004327 0.035309 0.003699
v -0.004197 0.035210 0.003588
v -0.005495 0.042585 -0.000541
v -0.005372 0.042588 -0.001883
v -0.005195 0.042485 -0.001870
v -0.005387 0.042536 -0.001211
v -0.004490 0.034749 -0.003499
v -0.004355 0.034650 -0.003394
v -0.004891 0.034801 -0.002912
v -0.004744 0.034702 -0.002825
v -0.005217 0.034853 -0.002277
v -0.005060 0.034754 -0.002209
v -0.005461 0.034904 -0.001608
v -0.005296 0.034805 -0.001561
v -0.005617 0.034954 -0.000923
v -0.005448 0.034855 -0.000896
v -0.005688 0.035004 -0.000224
v -0.005374 0.035159 0.001877
v -0.005566 0.035107 0.001192
v -0.005399 0.035008 0.001154
v -0.005672 0.035055 0.000486
v -0.005501 0.034956 0.000469
v -0.005672 0.035055 0.000484
v -0.005517 0.034905 -0.000219
v -0.004611 0.035159 0.003037
v -0.004752 0.035258 0.003134
v -0.004949 0.035110 0.002447
v -0.005101 0.035209 0.002526
v -0.005213 0.035060 0.001818
v -0.003827 0.035362 0.004214
v -0.003715 0.035262 0.004084
v -0.003272 0.035413 0.004658
v -0.003177 0.035314 0.004516
v -0.002671 0.035463 0.005027
v -0.002595 0.035364 0.004873
v -0.002033 0.035513 0.005317
v -0.001355 0.035564 0.005529
v -0.000638 0.035517 0.005484
v -0.000653 0.035616 0.005655
v 0.000058 0.035668 0.005692
v 0.000051 0.035568 0.005521
v 0.000761 0.035718 0.005641
v 0.001399 0.035668 0.005341
v 0.001448 0.035767 0.005505
v 0.000732 0.035618 0.005472
v 0.002767 0.035870 0.004975
v 0.002677 0.035771 0.004829
v 0.003366 0.035922 0.004591
v 0.003259 0.035823 0.004457
v 0.003908 0.035972 0.004139
v 0.003785 0.035873 0.004020
v 0.004387 0.036021 0.003628
v 0.004250 0.035922 0.003525
v 0.004799 0.036072 0.003061
v 0.005148 0.036125 0.002429
v 0.004804 0.036073 0.003054
v 0.004990 0.036025 0.002364
v 0.004655 0.035973 0.002969
v 0.005411 0.036176 0.001767
v 0.005246 0.036077 0.001722
v 0.005588 0.036227 0.001084
v 0.005427 0.036431 -0.001719
v 0.005599 0.036379 -0.001028
v 0.005432 0.036279 -0.000987
v 0.005683 0.036327 -0.000319
v 0.005513 0.036227 -0.000300
v 0.005684 0.036326 -0.000310
v 0.005508 0.036176 0.000387
v 0.005679 0.036276 0.000390
v 0.005418 0.036127 0.001060
v 0.004841 0.036530 -0.002995
v 0.004701 0.036431 -0.002896
v 0.004438 0.036580 -0.003564
v 0.004431 0.036581 -0.003573
v 0.004305 0.036482 -0.003457
v 0.003839 0.036534 -0.003968
v 0.003313 0.036585 -0.004417
v 0.003950 0.036633 -0.004099
v 0.003958 0.036632 -0.004091
v 0.002815 0.036736 -0.004947
v 0.002826 0.036735 -0.004941
v 0.002741 0.036636 -0.004793
v 0.003406 0.036685 -0.004561
v 0.003416 0.036684 -0.004554
v 0.002198 0.036784 -0.005251
v 0.002132 0.036685 -0.005093
v 0.002187 0.036785 -0.005256
v 0.001483 0.036736 -0.005318
v 0.000819 0.036888 -0.005633
v 0.000832 0.036887 -0.005631
v 0.000807 0.036788 -0.005462
v 0.001517 0.036836 -0.005487
v 0.001529 0.036835 -0.005483
v 0.000122 0.036939 -0.005691
v 0.000118 0.036840 -0.005520
v 0.000108 0.036940 -0.005691
v -0.000567 0.036890 -0.005492
v -0.001236 0.036939 -0.005381
v -0.000598 0.036990 -0.005661
v -0.000584 0.036989 -0.005662
v -0.001966 0.037090 -0.005342
v -0.001953 0.037089 -0.005347
v -0.001894 0.036990 -0.005186
v -0.001288 0.037039 -0.005545
v -0.001274 0.037038 -0.005548
v -0.002606 0.037141 -0.005061
v -0.002527 0.037042 -0.004909
v -0.002619 0.037142 -0.005054
v -0.003121 0.037094 -0.004554
v -0.003786 0.037245 -0.004250
v -0.003775 0.037244 -0.004261
v -0.003662 0.037145 -0.004132
v -0.003230 0.037194 -0.004687
v -0.003218 0.037193 -0.004696
v -0.004269 0.037293 -0.003765
v -0.004141 0.037194 -0.003652
v -0.004279 0.037294 -0.003754
v -0.004562 0.037244 -0.003110
v -0.004915 0.037296 -0.002516
v -0.004712 0.037344 -0.003194
v -0.004703 0.037343 -0.003207
v -0.005357 0.037448 -0.001925
v -0.005352 0.037447 -0.001940
v -0.005191 0.037348 -0.001882
v -0.005074 0.037396 -0.002579
v -0.005067 0.037395 -0.002594
v -0.005551 0.037498 -0.001262
v -0.005384 0.037399 -0.001224
v -0.005555 0.037499 -0.001245
v -0.005493 0.037448 -0.000554
v -0.005690 0.037599 0.000153
v -0.005691 0.037598 0.000135
v -0.005520 0.037499 0.000131
v -0.005665 0.037548 -0.000554
v -0.005664 0.037547 -0.000571
v -0.005629 0.037649 0.000845
v -0.005460 0.037551 0.000820
v -0.005627 0.037651 0.000863
v -0.005315 0.037603 0.001496
v -0.005088 0.037653 0.002144
v -0.005475 0.037703 0.001560
v -0.005480 0.037701 0.001542
v -0.004926 0.037803 0.002853
v -0.004935 0.037801 0.002837
v -0.004787 0.037702 0.002752
v -0.005239 0.037754 0.002227
v -0.005246 0.037752 0.002210
v -0.004546 0.037852 0.003426
v -0.004409 0.037753 0.003323
v -0.004534 0.037853 0.003442
v -0.003959 0.037805 0.003848
v -0.003539 0.037957 0.004459
v -0.003554 0.037956 0.004447
v -0.003447 0.037857 0.004313
v -0.004068 0.037905 0.003981
v -0.004082 0.037904 0.003967
v -0.002974 0.038007 0.004854
v -0.002885 0.037908 0.004708
v -0.002957 0.038008 0.004864
v -0.002285 0.037957 0.005026
v -0.001646 0.038007 0.005270
v -0.002338 0.038057 0.005190
v -0.002356 0.038056 0.005182
v -0.000984 0.038159 0.005607
v -0.001005 0.038158 0.005603
v -0.000975 0.038059 0.005434
v -0.001677 0.038108 0.005440
v -0.001697 0.038106 0.005434
v -0.000296 0.038210 0.005685
v -0.000287 0.038111 0.005514
v -0.000275 0.038211 0.005686
v 0.000400 0.038162 0.005507
v 0.001127 0.038312 0.005580
v 0.001106 0.038310 0.005584
v 0.001073 0.038211 0.005416
v 0.000433 0.038262 0.005676
v 0.000412 0.038261 0.005677
v 0.001788 0.038360 0.005404
v 0.001734 0.038262 0.005242
v 0.001809 0.038362 0.005397
v 0.002375 0.038313 0.004984
v 0.002980 0.038365 0.004648
v 0.002469 0.038414 0.005129
v 0.002449 0.038412 0.005139
v 0.003662 0.038517 0.004359
v 0.003644 0.038515 0.004373
v 0.003534 0.038416 0.004242
v 0.003091 0.038466 0.004780
v 0.003072 0.038464 0.004792
v 0.004153 0.038564 0.003893
v 0.004028 0.038466 0.003776
v 0.004169 0.038566 0.003876
v 0.004464 0.038516 0.003249
v 0.004996 0.038668 0.002728
v 0.004985 0.038666 0.002749
v 0.004835 0.038568 0.002666
v 0.004616 0.038616 0.003330
v 0.004603 0.038615 0.003349
v 0.005289 0.038718 0.002104
v 0.005130 0.038620 0.002040
v 0.005298 0.038720 0.002081
v 0.005344 0.038671 0.001387
v 0.005474 0.038720 0.000720
v 0.005516 0.038771 0.001406
v 0.005510 0.038770 0.001430
v 0.005692 0.038871 0.000014
v 0.005692 0.038869 0.000039
v 0.005521 0.038770 0.000038
v 0.005647 0.038821 0.000718
v 0.005644 0.038819 0.000742
v 0.005653 0.038921 -0.000671
v 0.005483 0.038822 -0.000651
v 0.005650 0.038923 -0.000697
v 0.005358 0.038874 -0.001332
v 0.005301 0.039026 -0.002074
v 0.005310 0.039024 -0.002050
v 0.005151 0.038925 -0.001988
v 0.005518 0.038975 -0.001398
v 0.005524 0.038973 -0.001373
v 0.005018 0.039073 -0.002687
v 0.004867 0.038974 -0.002606
v 0.005006 0.039075 -0.002710
v 0.004509 0.039024 -0.003187
v 0.004076 0.039076 -0.003724
v 0.004633 0.039125 -0.003307
v 0.004648 0.039123 -0.003286
v 0.003668 0.039229 -0.004353
v 0.003689 0.039227 -0.004335
v 0.003578 0.039128 -0.004205
v 0.004184 0.039177 -0.003860
v 0.004202 0.039175 -0.003840
v 0.003120 0.039278 -0.004761
v 0.003027 0.039179 -0.004618
v 0.003098 0.039280 -0.004776
v 0.002436 0.039229 -0.004955
v 0.001836 0.039380 -0.005388
v 0.001862 0.039378 -0.005379
v 0.001806 0.039279 -0.005217
v 0.002487 0.039330 -0.005120
v 0.002511 0.039328 -0.005108
v 0.001177 0.039429 -0.005569
v 0.001141 0.039330 -0.005402
v 0.001149 0.039431 -0.005575
v 0.000457 0.039382 -0.005502
v -0.000232 0.039434 -0.005516
v 0.000442 0.039483 -0.005675
v 0.000471 0.039481 -0.005673
v -0.000965 0.039584 -0.005610
v -0.000937 0.039582 -0.005615
v -0.000909 0.039483 -0.005446
v -0.000268 0.039535 -0.005686
v -0.000239 0.039533 -0.005687
v -0.001622 0.039632 -0.005456
v -0.001573 0.039533 -0.005292
v -0.001650 0.039634 -0.005448
v -0.002221 0.039585 -0.005055
v -0.002950 0.039738 -0.004869
v -0.002924 0.039736 -0.004884
v -0.002836 0.039637 -0.004737
v -0.002317 0.039686 -0.005199
v -0.002290 0.039683 -0.005212
v -0.003509 0.039787 -0.004482
v -0.003404 0.039688 -0.004347
v -0.003533 0.039789 -0.004463
v -0.003913 0.039738 -0.003895
v -0.004363 0.039787 -0.003384
v -0.004056 0.039839 -0.003994
v -0.004034 0.039837 -0.004016
v -0.004914 0.039940 -0.002874
v -0.004898 0.039938 -0.002901
v -0.004751 0.039839 -0.002814
v -0.004517 0.039888 -0.003464
v -0.004498 0.039886 -0.003488
v -0.005222 0.039990 -0.002265
v -0.005065 0.039891 -0.002197
v -0.005235 0.039992 -0.002236
v -0.005300 0.039942 -0.001549
v -0.005624 0.040093 -0.000880
v -0.005619 0.040091 -0.000911
v -0.005450 0.039992 -0.000884
v -0.005473 0.040044 -0.001566
v -0.005464 0.040041 -0.001597
v -0.005688 0.040141 -0.000213
v -0.005517 0.040042 -0.000207
v -0.005690 0.040143 -0.000180
v -0.005500 0.040093 0.000482
v -0.005397 0.040145 0.001167
v -0.005668 0.040194 0.000530
v -0.005671 0.040192 0.000497
v -0.005359 0.040298 0.001919
v -0.005371 0.040296 0.001887
v -0.005209 0.040197 0.001830
v -0.005557 0.040246 0.001235
v -0.005564 0.040244 0.001203
v -0.005097 0.040345 0.002535
v -0.004944 0.040247 0.002459
v -0.005082 0.040348 0.002565
v -0.004604 0.040296 0.003048
v -0.004296 0.040449 0.003735
v -0.004318 0.040446 0.003709
v -0.004188 0.040347 0.003597
v -0.004728 0.040397 0.003171
v -0.004746 0.040395 0.003142
v -0.003820 0.040498 0.004220
v -0.003705 0.040399 0.004093
v -0.003794 0.040501 0.004243
v -0.003166 0.040451 0.004523
v -0.002633 0.040602 0.005047
v -0.002664 0.040600 0.005031
v -0.002584 0.040501 0.004879
v -0.003235 0.040552 0.004684
v -0.003264 0.040550 0.004664
v -0.002025 0.040649 0.005320
v -0.001964 0.040550 0.005160
v -0.001992 0.040652 0.005332
v -0.001307 0.040602 0.005364
v -0.000626 0.040654 0.005486
v -0.001312 0.040703 0.005539
v -0.001348 0.040700 0.005531
v 0.000102 0.040807 0.005691
v 0.000066 0.040804 0.005692
v 0.000064 0.040705 0.005521
v -0.000609 0.040755 0.005660
v -0.000645 0.040752 0.005656
v 0.000768 0.040854 0.005640
v 0.000745 0.040755 0.005471
v 0.000804 0.040857 0.005635
v 0.001411 0.040805 0.005338
v 0.002163 0.040957 0.005265
v 0.002128 0.040955 0.005280
v 0.002064 0.040856 0.005121
v 0.001491 0.040906 0.005494
v 0.001455 0.040903 0.005503
v 0.002772 0.041007 0.004972
v 0.002689 0.040908 0.004822
v 0.002805 0.041010 0.004953
v 0.003269 0.040960 0.004449
v 0.003794 0.041010 0.004011
v 0.003401 0.041061 0.004564
v 0.003371 0.041058 0.004587
v 0.004414 0.041161 0.003594
v 0.004390 0.041158 0.003624
v 0.004258 0.041059 0.003515
v 0.003939 0.041111 0.004109
v 0.003912 0.041109 0.004136
v 0.004806 0.041209 0.003050
v 0.004662 0.041110 0.002958
v 0.004827 0.041212 0.003017
v 0.004995 0.041162 0.002352
v 0.005425 0.041316 0.001725
v 0.005413 0.041313 0.001763
v 0.005250 0.041214 0.001710
v 0.005167 0.041264 0.002389
v 0.005150 0.041261 0.002425
v 0.005589 0.041363 0.001080
v 0.005421 0.041264 0.001048
v 0.005596 0.041366 0.001042
v 0.005508 0.041313 0.000374
v 0.005512 0.041364 -0.000313
v 0.005682 0.041415 0.000346
v 0.005679 0.041412 0.000386
v 0.005591 0.041518 -0.001071
v 0.005598 0.041515 -0.001031
v 0.005430 0.041416 -0.001000
v 0.005681 0.041466 -0.000363
v 0.005683 0.041463 -0.000323
v 0.005426 0.041567 -0.001722
v 0.005263 0.041468 -0.001670
v 0.005413 0.041570 -0.001761
v 0.005015 0.041519 -0.002308
v 0.004818 0.041669 -0.003032
v 0.004840 0.041666 -0.002997
v 0.004694 0.041568 -0.002906
v 0.005154 0.041620 -0.002417
v 0.005171 0.041617 -0.002380
v 0.004430 0.041717 -0.003575
v 0.004297 0.041619 -0.003467
v 0.004403 0.041721 -0.003607
v 0.003830 0.041671 -0.003977
v 0.003303 0.041722 -0.004424
v 0.003918 0.041773 -0.004130
v 0.003948 0.041769 -0.004100
v 0.002777 0.041875 -0.004969
v 0.002814 0.041872 -0.004948
v 0.002730 0.041773 -0.004799
v 0.003371 0.041824 -0.004587
v 0.003405 0.041821 -0.004561
v 0.002186 0.041921 -0.005256
v 0.002120 0.041822 -0.005098
v 0.002146 0.041924 -0.005272
v 0.001471 0.041873 -0.005322
v 0.000775 0.042027 -0.005639
v 0.000819 0.042024 -0.005633
v 0.000794 0.041925 -0.005464
v 0.001474 0.041975 -0.005498
v 0.001517 0.041972 -0.005487
v 0.000109 0.042076 -0.005691
v 0.000105 0.041977 -0.005520
v 0.000064 0.042079 -0.005692
v -0.000579 0.042027 -0.005491
v -0.001248 0.042076 -0.005378
v -0.000641 0.042129 -0.005656
v -0.000597 0.042126 -0.005661
v -0.002008 0.042229 -0.005327
v -0.001965 0.042226 -0.005342
v -0.001906 0.042127 -0.005182
v -0.001330 0.042178 -0.005535
v -0.001287 0.042175 -0.005545
v -0.002618 0.042278 -0.005055
v -0.002539 0.042179 -0.004903
v -0.002658 0.042281 -0.005034
v -0.003132 0.042231 -0.004547
v -0.003819 0.042384 -0.004221
v -0.003785 0.042380 -0.004252
v -0.003671 0.042282 -0.004124
v -0.003266 0.042333 -0.004662
v -0.003229 0.042330 -0.004688
v -0.004278 0.042430 -0.003756
v -0.004149 0.042331 -0.003643
v -0.004308 0.042433 -0.003721
v -0.004569 0.042381 -0.003100
v -0.004920 0.042433 -0.002505
v -0.004737 0.042484 -0.003157
v -0.004711 0.042480 -0.003196
v -0.005356 0.042584 -0.001928
v -0.005094 0.042536 -0.002540
v -0.005073 0.042532 -0.002582
v 0.003406 0.037060 -0.004561
v 0.003311 0.037069 -0.004630
v 0.003211 0.037168 -0.004491
v 0.003950 0.037008 -0.004099
v 0.003865 0.037017 -0.004179
v 0.003749 0.037116 -0.004053
v 0.004431 0.036956 -0.003573
v 0.004360 0.036965 -0.003660
v 0.004229 0.037063 -0.003550
v 0.004841 0.036905 -0.002995
v 0.004783 0.036913 -0.003086
v 0.004639 0.037012 -0.002993
v 0.005172 0.036856 -0.002378
v 0.005128 0.036864 -0.002472
v 0.004973 0.036962 -0.002398
v 0.005427 0.036806 -0.001719
v 0.005395 0.036813 -0.001817
v 0.005232 0.036912 -0.001762
v 0.005599 0.036754 -0.001028
v 0.005580 0.036761 -0.001127
v 0.005412 0.036860 -0.001093
v 0.005683 0.036702 -0.000319
v 0.005677 0.036709 -0.000416
v 0.005506 0.036808 -0.000404
v 0.005679 0.036651 0.000390
v 0.005685 0.036658 0.000297
v 0.005514 0.036756 0.000288
v 0.005588 0.036602 0.001084
v 0.005605 0.036608 0.000996
v 0.005436 0.036707 0.000966
v 0.005411 0.036551 0.001767
v 0.005438 0.036558 0.001683
v 0.005274 0.036657 0.001633
v 0.005148 0.036500 0.002429
v 0.005184 0.036506 0.002352
v 0.005028 0.036605 0.002281
v 0.004804 0.036448 0.003054
v 0.004847 0.036454 0.002985
v 0.004701 0.036552 0.002895
v 0.004387 0.036396 0.003628
v 0.004436 0.036402 0.003567
v 0.004303 0.036501 0.003460
v 0.003908 0.036347 0.004139
v 0.003962 0.036352 0.004088
v 0.003842 0.036451 0.003965
v 0.003366 0.036297 0.004591
v 0.003424 0.036302 0.004547
v 0.003321 0.036401 0.004411
v 0.002767 0.036245 0.004975
v 0.002827 0.036250 0.004941
v 0.002742 0.036349 0.004792
v 0.002122 0.036193 0.005282
v 0.002184 0.036198 0.005257
v 0.002118 0.036297 0.005099
v 0.001448 0.036142 0.005505
v 0.001509 0.036147 0.005489
v 0.001464 0.036245 0.005324
v 0.000761 0.036093 0.005641
v 0.000820 0.036097 0.005633
v 0.000795 0.036196 0.005464
v 0.000058 0.036043 0.005692
v 0.000116 0.036047 0.005691
v 0.000112 0.036146 0.005520
v -0.000653 0.035991 0.005655
v -0.000598 0.035995 0.005661
v -0.000580 0.036094 0.005491
v -0.001355 0.035939 0.005529
v -0.001305 0.035943 0.005541
v -0.001266 0.036041 0.005374
v -0.002033 0.035888 0.005317
v -0.001988 0.035891 0.005334
v -0.001928 0.035990 0.005174
v -0.002671 0.035838 0.005027
v -0.002632 0.035841 0.005047
v -0.002553 0.035940 0.004896
v -0.003272 0.035788 0.004658
v -0.003237 0.035791 0.004683
v -0.003139 0.035890 0.004542
v -0.003827 0.035737 0.004214
v -0.003798 0.035739 0.004240
v -0.003684 0.035838 0.004113
v -0.004324 0.035685 0.003702
v -0.004301 0.035687 0.003729
v -0.004171 0.035786 0.003617
v -0.004752 0.035633 0.003134
v -0.004734 0.035636 0.003162
v -0.004591 0.035734 0.003067
v -0.005101 0.035584 0.002526
v -0.005088 0.035586 0.002552
v -0.004935 0.035685 0.002476
v -0.005374 0.035534 0.001877
v -0.005365 0.035536 0.001903
v -0.005204 0.035635 0.001846
v -0.005566 0.035482 0.001192
v -0.005561 0.035484 0.001216
v -0.005394 0.035583 0.001179
v -0.005672 0.035430 0.000486
v -0.005670 0.035432 0.000507
v -0.005499 0.035531 0.000492
v -0.005688 0.035379 -0.000224
v -0.005689 0.035380 -0.000206
v -0.005518 0.035479 -0.000200
v -0.005617 0.035329 -0.000923
v -0.005619 0.035330 -0.000908
v -0.005450 0.035429 -0.000881
v -0.005461 0.035279 -0.001608
v -0.005464 0.035280 -0.001597
v -0.005300 0.035379 -0.001549
v 0.000329 0.042533 -0.005511
v -0.000362 0.042584 -0.005509
v -0.000373 0.042485 -0.005680
v -0.000641 0.042504 -0.005656
v -0.001071 0.042535 -0.005591
v -0.001330 0.042553 -0.005535
v -0.001757 0.042585 -0.005414
v -0.004747 0.035275 -0.002819
v -0.004357 0.035223 -0.003391
v -0.005064 0.035327 -0.002200
v 0.002010 0.037267 -0.005142
v 0.002629 0.037218 -0.004855
v 0.000668 0.037371 -0.005481
v 0.001352 0.037319 -0.005353
v -0.000024 0.037423 -0.005521
v -0.000709 0.037473 -0.005475
v -0.002036 0.037574 -0.005132
v -0.001379 0.037523 -0.005346
v -0.002665 0.037627 -0.004835
v -0.003251 0.037679 -0.004463
v -0.003780 0.037729 -0.004025
v -0.004247 0.037778 -0.003528
v -0.004654 0.037830 -0.002970
v -0.004991 0.037882 -0.002361
v -0.005248 0.037934 -0.001717
v -0.005420 0.037985 -0.001052
v -0.005512 0.038085 0.000316
v -0.005508 0.038034 -0.000375
v -0.005429 0.038138 0.001006
v -0.005260 0.038190 0.001679
v -0.004686 0.038289 0.002919
v -0.005010 0.038240 0.002319
v -0.004285 0.038341 0.003482
v -0.003814 0.038393 0.003992
v -0.003283 0.038445 0.004439
v -0.002705 0.038496 0.004813
v -0.002091 0.038545 0.005110
v -0.001437 0.038596 0.005331
v -0.000756 0.038648 0.005469
v -0.000064 0.038701 0.005521
v 0.001294 0.038801 0.005367
v 0.000623 0.038751 0.005486
v 0.001954 0.038852 0.005164
v 0.002587 0.038904 0.004878
v 0.003716 0.039007 0.004084
v 0.003179 0.038956 0.004514
v 0.004191 0.039056 0.003595
v 0.004606 0.039107 0.003044
v 0.005219 0.039211 0.001800
v 0.004952 0.039159 0.002441
v 0.005403 0.039262 0.001137
v 0.005502 0.039312 0.000462
v 0.005517 0.039363 -0.000227
v 0.005444 0.039415 -0.000918
v 0.005286 0.039467 -0.001595
v 0.005046 0.039518 -0.002240
v 0.004732 0.039567 -0.002845
v 0.004340 0.039618 -0.003413
v 0.003353 0.039722 -0.004386
v 0.003877 0.039670 -0.003931
v 0.002781 0.039773 -0.004770
v 0.002172 0.039823 -0.005076
v 0.000844 0.039926 -0.005456
v 0.001523 0.039874 -0.005307
v 0.000152 0.039978 -0.005519
v -0.000536 0.040029 -0.005495
v -0.001209 0.040078 -0.005387
v -0.001871 0.040129 -0.005194
v -0.002509 0.040181 -0.004918
v -0.003106 0.040233 -0.004565
v -0.003651 0.040284 -0.004142
v -0.004133 0.040334 -0.003661
v -0.004912 0.040437 -0.002520
v -0.004557 0.040385 -0.003117
v -0.005190 0.040489 -0.001884
v -0.005384 0.040540 -0.001222
v -0.005519 0.040640 0.000139
v -0.005494 0.040589 -0.000549
v -0.005458 0.040692 0.000831
v -0.005311 0.040744 0.001510
v -0.005081 0.040795 0.002160
v -0.004776 0.040845 0.002770
v -0.004394 0.040896 0.003343
v -0.003940 0.040948 0.003868
v -0.003423 0.041000 0.004332
v -0.002856 0.041051 0.004725
v -0.001607 0.041151 0.005282
v -0.002252 0.041100 0.005041
v -0.000932 0.041203 0.005442
v -0.000241 0.041255 0.005516
v 0.001124 0.041356 0.005406
v 0.000449 0.041306 0.005503
v 0.001788 0.041406 0.005224
v 0.002429 0.041459 0.004958
v 0.003033 0.041511 0.004614
v 0.003585 0.041562 0.004199
v 0.004075 0.041611 0.003725
v 0.004507 0.041662 0.003190
v 0.004871 0.041714 0.002599
v 0.005159 0.041766 0.001966
v 0.005484 0.041867 0.000636
v 0.005364 0.041818 0.001307
v 0.005521 0.041917 -0.000051
v 0.005471 0.041970 -0.000743
v 0.005115 0.042073 -0.002079
v 0.005334 0.042022 -0.001425
v 0.004819 0.042122 -0.002694
v 0.004447 0.042173 -0.003272
v 0.004002 0.042225 -0.003804
v 0.003492 0.042277 -0.004277
v 0.002931 0.042329 -0.004679
v 0.002331 0.042378 -0.005005
v 0.001019 0.042480 -0.005426
v 0.001691 0.042428 -0.005256
v -0.005221 0.035229 -0.002268
v -0.004895 0.035176 -0.002906
v -0.004891 0.035176 -0.002912
v -0.004492 0.035125 -0.003496
v 0.002815 0.037111 -0.004947
v 0.002711 0.037119 -0.005005
v 0.002187 0.037160 -0.005256
v 0.002072 0.037169 -0.005302
v 0.001517 0.037211 -0.005487
v 0.001394 0.037220 -0.005519
v 0.000819 0.037263 -0.005633
v 0.000689 0.037272 -0.005651
v 0.000108 0.037315 -0.005691
v -0.000025 0.037324 -0.005692
v -0.000598 0.037365 -0.005661
v -0.000731 0.037375 -0.005645
v -0.001288 0.037414 -0.005545
v -0.001422 0.037424 -0.005512
v -0.001966 0.037465 -0.005342
v -0.002100 0.037475 -0.005291
v -0.002619 0.037517 -0.005054
v -0.002748 0.037528 -0.004985
v -0.003230 0.037569 -0.004687
v -0.003351 0.037580 -0.004601
v -0.003786 0.037620 -0.004250
v -0.003897 0.037630 -0.004150
v -0.004279 0.037669 -0.003754
v -0.004379 0.037680 -0.003637
v -0.004712 0.037719 -0.003194
v -0.004799 0.037731 -0.003062
v -0.005074 0.037771 -0.002579
v -0.005146 0.037783 -0.002435
v -0.005357 0.037823 -0.001925
v -0.005410 0.037835 -0.001770
v -0.005555 0.037874 -0.001245
v -0.005588 0.037886 -0.001084
v -0.005665 0.037923 -0.000554
v -0.005679 0.037935 -0.000387
v -0.005690 0.037974 0.000153
v -0.005683 0.037986 0.000325
v -0.005627 0.038026 0.000863
v -0.005597 0.038039 0.001037
v -0.005475 0.038078 0.001560
v -0.005423 0.038091 0.001731
v -0.005239 0.038129 0.002227
v -0.005166 0.038141 0.002391
v -0.004926 0.038178 0.002853
v -0.004832 0.038191 0.003010
v -0.004534 0.038228 0.003442
v -0.004418 0.038242 0.003590
v -0.004068 0.038280 0.003981
v -0.003932 0.038294 0.004116
v -0.003539 0.038332 0.004459
v -0.003385 0.038346 0.004577
v -0.002957 0.038383 0.004864
v -0.002789 0.038397 0.004962
v -0.002338 0.038432 0.005190
v -0.002156 0.038446 0.005268
v -0.001677 0.038483 0.005440
v -0.001482 0.038497 0.005496
v -0.000984 0.038535 0.005607
v -0.000780 0.038550 0.005639
v -0.000275 0.038587 0.005686
v -0.000066 0.038602 0.005692
v 0.000433 0.038638 0.005676
v 0.000642 0.038652 0.005656
v 0.001127 0.038687 0.005580
v 0.001335 0.038702 0.005534
v 0.001809 0.038737 0.005397
v 0.002015 0.038753 0.005324
v 0.002469 0.038789 0.005129
v 0.002667 0.038805 0.005029
v 0.003091 0.038841 0.004780
v 0.003277 0.038857 0.004654
v 0.003662 0.038892 0.004359
v 0.003831 0.038908 0.004210
v 0.004169 0.038941 0.003876
v 0.004321 0.038957 0.003706
v 0.004616 0.038991 0.003330
v 0.004749 0.039008 0.003138
v 0.004996 0.039043 0.002728
v 0.005106 0.039061 0.002517
v 0.005298 0.039095 0.002081
v 0.005381 0.039113 0.001856
v 0.005516 0.039146 0.001406
v 0.005570 0.039163 0.001172
v 0.005647 0.039196 0.000718
v 0.005672 0.039213 0.000477
v 0.005692 0.039246 0.000014
v 0.005688 0.039264 -0.000234
v 0.005650 0.039298 -0.000697
v 0.005613 0.039316 -0.000947
v 0.005518 0.039350 -0.001398
v 0.005450 0.039368 -0.001644
v 0.005301 0.039401 -0.002074
v 0.005203 0.039419 -0.002309
v 0.005006 0.039450 -0.002710
v 0.004879 0.039468 -0.002933
v 0.004633 0.039500 -0.003307
v 0.004475 0.039519 -0.003518
v 0.004184 0.039552 -0.003860
v 0.003998 0.039571 -0.004053
v 0.003668 0.039604 -0.004353
v 0.003457 0.039624 -0.004522
v 0.003098 0.039655 -0.004776
v 0.002867 0.039674 -0.004918
v 0.002487 0.039705 -0.005120
v 0.002239 0.039724 -0.005233
v 0.001836 0.039755 -0.005388
v 0.001570 0.039775 -0.005472
v 0.001149 0.039806 -0.005575
v 0.000870 0.039827 -0.005625
v 0.000442 0.039858 -0.005675
v 0.000157 0.039879 -0.005690
v -0.000268 0.039910 -0.005686
v -0.000553 0.039930 -0.005665
v -0.000965 0.039959 -0.005610
v -0.001247 0.039979 -0.005554
v -0.001650 0.040009 -0.005448
v -0.001929 0.040030 -0.005356
v -0.002317 0.040061 -0.005199
v -0.002586 0.040082 -0.005071
v -0.002950 0.040113 -0.004869
v -0.003203 0.040135 -0.004706
v -0.003533 0.040164 -0.004463
v -0.003764 0.040186 -0.004270
v -0.004056 0.040214 -0.003994
v -0.004261 0.040235 -0.003774
v -0.004517 0.040263 -0.003464
v -0.004698 0.040286 -0.003214
v -0.004914 0.040315 -0.002874
v -0.005065 0.040338 -0.002599
v -0.005235 0.040367 -0.002236
v -0.005351 0.040390 -0.001942
v -0.005473 0.040419 -0.001566
v -0.005551 0.040441 -0.001260
v -0.005624 0.040468 -0.000880
v -0.005664 0.040490 -0.000566
v -0.005690 0.040518 -0.000180
v -0.005691 0.040541 0.000143
v -0.005668 0.040569 0.000530
v -0.005628 0.040593 0.000857
v -0.005557 0.040621 0.001235
v -0.005475 0.040646 0.001557
v -0.005359 0.040673 0.001919
v -0.005239 0.040697 0.002227
v -0.005082 0.040723 0.002565
v -0.004924 0.040746 0.002856
v -0.004728 0.040772 0.003171
v -0.004531 0.040797 0.003446
v -0.004296 0.040824 0.003735
v -0.004062 0.040849 0.003988
v -0.003794 0.040876 0.004243
v -0.003529 0.040901 0.004466
v -0.003235 0.040927 0.004684
v -0.002945 0.040952 0.004872
v -0.002633 0.040977 0.005047
v -0.001657 0.041052 0.005446
v -0.001992 0.041027 0.005332
v -0.002322 0.041001 0.005197
v -0.001312 0.041078 0.005539
v -0.000248 0.041157 0.005687
v -0.000609 0.041130 0.005660
v -0.000960 0.041104 0.005611
v 0.000102 0.041182 0.005691
v 0.001159 0.041257 0.005573
v 0.000804 0.041232 0.005635
v 0.000463 0.041208 0.005674
v 0.001491 0.041281 0.005494
v 0.002505 0.041360 0.005112
v 0.002163 0.041332 0.005265
v 0.001843 0.041308 0.005386
v 0.002805 0.041385 0.004953
v 0.003696 0.041463 0.004329
v 0.003401 0.041436 0.004564
v 0.003127 0.041412 0.004757
v 0.003939 0.041486 0.004109
v 0.004646 0.041563 0.003289
v 0.004414 0.041536 0.003594
v 0.004201 0.041512 0.003841
v 0.004827 0.041587 0.003017
v 0.005319 0.041667 0.002027
v 0.005167 0.041639 0.002389
v 0.005022 0.041615 0.002680
v 0.005425 0.041691 0.001725
v 0.005655 0.041768 0.000656
v 0.005596 0.041741 0.001042
v 0.005531 0.041719 0.001348
v 0.005682 0.041790 0.000346
v 0.005641 0.041871 -0.000766
v 0.005681 0.041841 -0.000363
v 0.005692 0.041819 -0.000052
v 0.005591 0.041893 -0.001071
v 0.005273 0.041974 -0.002144
v 0.005413 0.041945 -0.001761
v 0.005500 0.041923 -0.001469
v 0.005154 0.041995 -0.002417
v 0.004585 0.042074 -0.003374
v 0.004818 0.042044 -0.003032
v 0.004969 0.042024 -0.002778
v 0.004403 0.042096 -0.003607
v 0.003600 0.042178 -0.004409
v 0.003918 0.042148 -0.004130
v 0.004126 0.042126 -0.003922
v 0.003371 0.042199 -0.004587
v 0.002403 0.042279 -0.005160
v 0.002777 0.042250 -0.004969
v 0.003021 0.042230 -0.004824
v 0.002146 0.042299 -0.005272
v 0.001050 0.042382 -0.005595
v 0.001474 0.042350 -0.005498
v 0.001744 0.042330 -0.005419
v 0.000775 0.042402 -0.005639
v 0.000064 0.042454 -0.005692
v 0.000339 0.042434 -0.005682
v -0.001330 0.042366 -0.005535
v 0.002146 0.042111 -0.005272
v 0.004818 0.041857 -0.003032
v 0.005682 0.041603 0.000346
v 0.004414 0.041348 0.003594
v 0.001491 0.041094 0.005494
v -0.001992 0.040839 0.005332
v 0.004169 0.038754 0.003876
v 0.001127 0.038499 0.005580
v -0.002338 0.038245 0.005190
v -0.004926 0.037990 0.002853
v -0.005665 0.037736 -0.000554
v -0.004279 0.037481 -0.003754
v -0.001288 0.037227 -0.005545
v 0.002187 0.036972 -0.005256
v 0.004804 0.036260 0.003054
v 0.002122 0.036006 0.005282
v -0.001355 0.035751 0.005529
v -0.004324 0.035497 0.003702
v -0.005672 0.035243 0.000486
v -0.002008 0.042417 -0.005327
v -0.002658 0.042469 -0.005034
v -0.003266 0.042521 -0.004662
v -0.003819 0.042571 -0.004221
v -0.004490 0.034937 -0.003499
v -0.004891 0.034988 -0.002912
v -0.005217 0.035040 -0.002277
v -0.005461 0.035092 -0.001608
v -0.005617 0.035142 -0.000923
v -0.005688 0.035191 -0.000224
v -0.005566 0.035295 0.001192
v -0.005374 0.035346 0.001877
v -0.005101 0.035396 0.002526
v -0.004752 0.035446 0.003134
v -0.003827 0.035549 0.004214
v -0.003272 0.035601 0.004658
v -0.002671 0.035651 0.005027
v -0.002033 0.035700 0.005317
v -0.000653 0.035803 0.005655
v 0.000058 0.035855 0.005692
v 0.000761 0.035905 0.005641
v 0.001448 0.035955 0.005505
v 0.002767 0.036058 0.004975
v 0.003366 0.036110 0.004591
v 0.003908 0.036160 0.004139
v 0.004387 0.036209 0.003628
v 0.005148 0.036312 0.002429
v 0.005411 0.036364 0.001767
v 0.005588 0.036414 0.001084
v 0.005679 0.036463 0.000390
v 0.005683 0.036514 -0.000319
v 0.005599 0.036567 -0.001028
v 0.005427 0.036618 -0.001719
v 0.005172 0.036669 -0.002378
v 0.004841 0.036718 -0.002995
v 0.003950 0.036821 -0.004099
v 0.003406 0.036873 -0.004561
v 0.004431 0.036769 -0.003573
v 0.002815 0.036923 -0.004947
v 0.000819 0.037075 -0.005633
v 0.000108 0.037127 -0.005691
v 0.001517 0.037023 -0.005487
v -0.000598 0.037178 -0.005661
v -0.002619 0.037330 -0.005054
v -0.003230 0.037381 -0.004687
v -0.001966 0.037278 -0.005342
v -0.003786 0.037432 -0.004250
v -0.005074 0.037584 -0.002579
v -0.005357 0.037636 -0.001925
v -0.004712 0.037532 -0.003194
v -0.005555 0.037687 -0.001245
v -0.005627 0.037838 0.000863
v -0.005475 0.037890 0.001560
v -0.005690 0.037786 0.000153
v -0.005239 0.037941 0.002227
v -0.004068 0.038093 0.003981
v -0.003539 0.038145 0.004459
v -0.004534 0.038041 0.003442
v -0.002957 0.038196 0.004864
v -0.000984 0.038347 0.005607
v -0.000275 0.038399 0.005686
v -0.001677 0.038295 0.005440
v 0.000433 0.038450 0.005676
v 0.002469 0.038601 0.005129
v 0.003091 0.038653 0.004780
v 0.001809 0.038550 0.005397
v 0.003662 0.038704 0.004359
v 0.004996 0.038856 0.002728
v 0.004616 0.038804 0.003330
v 0.005298 0.038908 0.002081
v 0.005516 0.038959 0.001406
v 0.005647 0.039008 0.000718
v 0.005650 0.039110 -0.000697
v 0.005692 0.039058 0.000014
v 0.005518 0.039162 -0.001398
v 0.005301 0.039213 -0.002074
v 0.005006 0.039263 -0.002710
v 0.004184 0.039364 -0.003860
v 0.004633 0.039313 -0.003307
v 0.003668 0.039416 -0.004353
v 0.003098 0.039468 -0.004776
v 0.002487 0.039517 -0.005120
v 0.001149 0.039619 -0.005575
v 0.001836 0.039567 -0.005388
v 0.000442 0.039671 -0.005675
v -0.000268 0.039722 -0.005686
v -0.000965 0.039772 -0.005610
v -0.002317 0.039873 -0.005199
v -0.001650 0.039822 -0.005448
v -0.002950 0.039925 -0.004869
v -0.003533 0.039977 -0.004463
v -0.004056 0.040026 -0.003994
v -0.004914 0.040127 -0.002874
v -0.004517 0.040076 -0.003464
v -0.005235 0.040180 -0.002236
v -0.005473 0.040231 -0.001566
v -0.005624 0.040281 -0.000880
v -0.005668 0.040382 0.000530
v -0.005690 0.040330 -0.000180
v -0.005557 0.040434 0.001235
v -0.005359 0.040485 0.001919
v -0.005082 0.040535 0.002565
v -0.004728 0.040585 0.003171
v -0.004296 0.040636 0.003735
v -0.003794 0.040688 0.004243
v -0.003235 0.040740 0.004684
v -0.002633 0.040790 0.005047
v -0.001312 0.040891 0.005539
v -0.000609 0.040943 0.005660
v 0.000102 0.040994 0.005691
v 0.000804 0.041044 0.005635
v 0.002163 0.041145 0.005265
v 0.002805 0.041197 0.004953
v 0.003401 0.041249 0.004564
v 0.003939 0.041299 0.004109
v 0.004827 0.041399 0.003017
v 0.005167 0.041451 0.002389
v 0.005425 0.041503 0.001725
v 0.005596 0.041553 0.001042
v 0.005681 0.041654 -0.000363
v 0.005591 0.041706 -0.001071
v 0.005413 0.041758 -0.001761
v 0.005154 0.041808 -0.002417
v 0.004403 0.041908 -0.003607
v 0.003918 0.041960 -0.004130
v 0.003371 0.042012 -0.004587
v 0.002777 0.042062 -0.004969
v 0.001474 0.042162 -0.005498
v 0.000775 0.042214 -0.005639
v 0.000064 0.042266 -0.005692
v -0.000641 0.042317 -0.005656
vn 0.1433 -0.0000 0.9897
vn 0.9818 -0.0000 0.1898
vn 0.3242 -0.0000 -0.9460
vn 0.2560 0.2031 -0.9451
vn 0.2398 0.3775 -0.8944
vn 0.1647 -0.0710 -0.9838
vn 0.3825 -0.0000 -0.9240
vn 0.4161 0.1753 -0.8923
vn 0.4616 -0.0000 -0.8871
vn 0.5734 0.0269 -0.8189
vn 0.5861 0.1032 -0.8037
vn 0.5155 -0.0000 -0.8569
vn 0.7862 -0.0000 -0.6180
vn 0.7458 -0.0000 -0.6662
vn 0.7054 0.0696 -0.7054
vn 0.6848 -0.0000 -0.7287
vn 0.6376 -0.0000 -0.7703
vn 0.8369 0.1008 -0.5379
vn 0.8192 -0.0000 -0.5736
vn 0.8695 -0.0000 -0.4940
vn 0.9062 0.0161 -0.4226
vn 0.9019 0.0366 -0.4303
vn 0.9650 0.0432 -0.2586
vn 0.9538 -0.0000 -0.3003
vn 0.9332 -0.0000 -0.3594
vn 1.0000 -0.0000 -0.0046
vn 0.9974 0.0057 -0.0716
vn 0.9958 0.0273 -0.0871
vn 0.9880 -0.0000 -0.1542
vn 0.9764 -0.0000 -0.2160
vn 0.9983 -0.0000 0.0577
vn 0.9958 0.0291 0.0871
vn 0.9895 -0.0000 0.1445
vn 0.9062 0.0162 0.4226
vn 0.9099 0.0079 0.4148
vn 0.9371 -0.0000 0.3491
vn 0.9659 -0.0000 0.2588
vn 0.9550 0.0463 0.2929
vn 0.9787 -0.0000 0.2053
vn 0.8189 0.0244 0.5734
vn 0.8420 -0.0000 0.5394
vn 0.8743 -0.0000 0.4854
vn 0.6460 -0.0000 0.7633
vn 0.6948 0.0032 0.7192
vn 0.7070 0.0170 0.7070
vn 0.7522 -0.0000 0.6589
vn 0.7918 -0.0000 0.6108
vn 0.5971 -0.0000 0.8022
vn 0.5735 0.0184 0.8190
vn 0.5249 -0.0000 0.8512
vn 0.4703 -0.0000 0.8825
vn 0.4225 0.0187 0.9061
vn 0.3916 -0.0000 0.9202
vn 0.2588 0.0103 0.9659
vn 0.2637 0.0069 0.9646
vn 0.3329 -0.0000 0.9430
vn -0.0218 -0.0000 0.9998
vn 0.0407 -0.0000 0.9992
vn 0.0871 0.0171 0.9960
vn 0.1276 -0.0000 0.9918
vn 0.1886 -0.0000 0.9820
vn -0.1076 0.0162 0.9941
vn -0.0872 0.0018 0.9962
vn -0.1712 -0.0000 0.9852
vn -0.2328 -0.0000 0.9725
vn -0.2588 0.0129 0.9658
vn -0.3167 -0.0000 0.9485
vn -0.3752 -0.0000 0.9269
vn -0.4226 0.0141 0.9062
vn -0.4545 -0.0000 0.8907
vn -0.5736 0.0076 0.8191
vn -0.5701 0.0054 0.8216
vn -0.5087 -0.0000 0.8610
vn -0.7070 0.0130 0.7070
vn -0.6790 -0.0000 0.7342
vn -0.6314 -0.0000 0.7754
vn -0.8655 -0.0000 0.5008
vn -0.8321 0.0004 0.5546
vn -0.8191 0.0101 0.5735
vn -0.7812 -0.0000 0.6243
vn -0.7404 -0.0000 0.6722
vn -0.8948 -0.0000 0.4464
vn -0.9063 0.0101 0.4226
vn -0.9303 -0.0000 0.3667
vn -0.9514 -0.0000 0.3079
vn -0.9659 0.0113 0.2588
vn -0.9746 -0.0000 0.2238
vn -0.9863 -0.0000 0.1650
vn -0.9881 -0.0006 0.1537
vn -0.9868 -0.0000 0.1621
vn -0.9961 0.0001 0.0886
vn -0.9961 -0.0002 0.0880
vn -0.9999 -0.0000 0.0126
vn -0.9999 -0.0000 0.0130
vn -0.9988 -0.0000 -0.0498
vn -0.9988 -0.0002 -0.0491
vn -0.9906 0.0002 -0.1367
vn -0.9907 -0.0000 -0.1359
vn -0.9803 -0.0000 -0.1976
vn -0.9805 -0.0001 -0.1966
vn -0.9595 0.0004 -0.2818
vn -0.9601 -0.0005 -0.2795
vn -0.9399 -0.0000 -0.3416
vn -0.9403 -0.0000 -0.3404
vn -0.9171 -0.0000 -0.3986
vn -0.9165 -0.0006 -0.4000
vn -0.8789 0.0002 -0.4770
vn -0.8781 -0.0000 -0.4784
vn -0.8463 -0.0000 -0.5327
vn -0.8473 -0.0004 -0.5310
vn -0.7966 0.0006 -0.6045
vn -0.7978 -0.0000 -0.6029
vn -0.7588 -0.0000 -0.6513
vn -0.7574 -0.0001 -0.6529
vn -0.7095 0.0008 -0.7047
vn -0.7063 -0.0009 -0.7079
vn -0.6539 0.0002 -0.7566
vn -0.6520 -0.0000 -0.7582
vn -0.6035 -0.0000 -0.7974
vn -0.6057 -0.0008 -0.7957
vn -0.5316 0.0007 -0.8470
vn -0.5340 -0.0000 -0.8455
vn -0.4800 -0.0000 -0.8772
vn -0.4774 -0.0004 -0.8787
vn -0.4032 0.0011 -0.9151
vn -0.3990 -0.0006 -0.9170
vn -0.3436 -0.0000 -0.9391
vn -0.3405 -0.0000 -0.9403
vn -0.2845 0.0006 -0.9587
vn -0.2796 -0.0013 -0.9601
vn 0.0903 -0.0016 -0.9959
vn 0.1588 0.0003 -0.9873
vn 0.1633 -0.0000 -0.9866
vn -0.1964 0.0006 -0.9805
vn -0.1999 -0.0000 -0.9798
vn -0.1355 -0.0000 -0.9908
vn -0.1394 -0.0009 -0.9902
vn -0.0485 0.0012 -0.9988
vn -0.0525 -0.0000 -0.9986
vn 0.0138 -0.0000 -0.9999
vn 0.0095 -0.0003 -1.0000
vn 0.0817 0.0015 -0.9967
vn 0.2250 -0.0000 -0.9744
vn 0.2202 -0.0015 -0.9755
vn 0.3092 0.0011 -0.9510
vn 0.3045 -0.0000 -0.9525
vn 0.3631 -0.0000 -0.9317
vn 0.3678 -0.0007 -0.9299
vn 0.4402 0.0017 -0.8979
vn 0.4474 -0.0011 -0.8943
vn 0.4972 -0.0000 -0.8676
vn 0.5019 -0.0000 -0.8649
vn 0.5501 0.0007 -0.8351
vn 0.5565 -0.0019 -0.8309
vn 0.6208 0.0008 -0.7840
vn 0.6252 -0.0000 -0.7804
vn 0.6731 -0.0000 -0.7396
vn 0.6685 -0.0014 -0.7437
vn 0.7351 0.0019 -0.6780
vn 0.7309 -0.0000 -0.6825
vn 0.7722 -0.0000 -0.6354
vn 0.7762 -0.0004 -0.6305
vn 0.8159 0.0021 -0.5782
vn 0.8231 -0.0022 -0.5679
vn 0.8616 0.0006 -0.5076
vn 0.8582 -0.0000 -0.5133
vn 0.8913 -0.0000 -0.4535
vn 0.8881 -0.0021 -0.4597
vn 0.9274 0.0017 -0.3740
vn 0.9248 -0.0000 -0.3804
vn 0.9489 -0.0000 -0.3155
vn 0.9466 -0.0012 -0.3224
vn 0.9702 0.0024 -0.2421
vn 0.9728 -0.0013 -0.2317
vn 0.9841 -0.0000 -0.1774
vn 0.9854 -0.0000 -0.1700
vn 0.9933 0.0012 -0.1153
vn 0.9927 -0.0000 0.1209
vn 0.9916 0.0025 0.1290
vn 0.9994 -0.0020 0.0338
vn 0.9991 -0.0000 0.0419
vn 0.9996 -0.0000 -0.0284
vn 0.9998 0.0013 -0.0205
vn 0.9946 -0.0026 -0.1042
vn 0.9834 -0.0008 0.1816
vn 0.9681 0.0026 0.2504
vn 0.9639 -0.0028 0.2663
vn 0.9454 0.0004 0.3259
vn 0.9426 -0.0000 0.3341
vn 0.9232 -0.0000 0.3844
vn 0.9198 -0.0024 0.3925
vn 0.8861 0.0018 0.4635
vn 0.8820 -0.0000 0.4713
vn 0.8554 -0.0000 0.5180
vn 0.8506 -0.0012 0.5258
vn 0.8092 0.0029 0.5875
vn 0.8015 -0.0013 0.5979
vn 0.7686 -0.0000 0.6397
vn 0.7625 -0.0000 0.6469
vn 0.7277 0.0017 0.6859
vn 0.7175 -0.0030 0.6965
vn 0.6652 0.0012 0.7467
vn 0.6580 -0.0000 0.7530
vn 0.6098 -0.0000 0.7925
vn 0.6179 -0.0025 0.7862
vn 0.5382 0.0033 0.8428
vn 0.5469 -0.0000 0.8372
vn 0.4935 -0.0000 0.8698
vn 0.4844 -0.0005 0.8748
vn 0.4310 0.0032 0.9023
vn 0.2148 -0.0000 0.9767
vn 0.2039 0.0027 0.9790
vn 0.2994 -0.0036 0.9541
vn 0.2887 -0.0000 0.9574
vn 0.3580 -0.0000 0.9337
vn 0.3479 0.0011 0.9375
vn 0.4123 -0.0033 0.9110
vn 0.1544 -0.0020 0.9880
vn 0.0731 0.0034 0.9973
vn 0.0566 -0.0017 0.9984
vn 0.0058 -0.0000 1.0000
vn -0.0058 -0.0000 1.0000
vn -0.0569 0.0018 0.9984
vn -0.0742 -0.0036 0.9972
vn -0.1437 0.0013 0.9896
vn -0.1553 -0.0000 0.9879
vn -0.2053 -0.0000 0.9787
vn -0.2170 -0.0023 0.9762
vn -0.2900 0.0031 0.9570
vn -0.3015 -0.0000 0.9535
vn -0.3489 -0.0000 0.9372
vn -0.3604 -0.0005 0.9328
vn -0.4129 0.0036 0.9108
vn -0.4350 -0.0037 0.9004
vn -0.4841 0.0004 0.8750
vn -0.4950 -0.0000 0.8689
vn -0.5372 -0.0000 0.8434
vn -0.5479 -0.0034 0.8365
vn -0.6088 0.0024 0.7933
vn -0.6190 -0.0000 0.7854
vn -0.6571 -0.0000 0.7538
vn -0.6670 -0.0015 0.7450
vn -0.7165 0.0039 0.6976
vn -0.7294 -0.0017 0.6841
vn -0.7623 -0.0000 0.6472
vn -0.7711 -0.0000 0.6367
vn -0.8013 0.0023 0.5982
vn -0.8139 -0.0040 0.5811
vn -0.9698 -0.0042 0.2439
vn -0.9813 0.0004 0.1925
vn -0.9840 -0.0000 0.1779
vn -0.8576 0.0025 0.5143
vn -0.8503 -0.0000 0.5263
vn -0.8877 -0.0000 0.4605
vn -0.8810 -0.0037 0.4731
vn -0.9245 0.0047 0.3811
vn -0.9190 -0.0000 0.3943
vn -0.9464 -0.0000 0.3231
vn -0.9415 -0.0017 0.3369
vn -0.9624 0.0041 0.2716
vn -0.9933 -0.0000 0.1156
vn -0.9914 -0.0053 0.1310
vn -0.9996 0.0039 0.0283
vn -0.9990 -0.0000 0.0437
vn -0.9998 -0.0000 -0.0187
vn -0.9994 -0.0017 -0.0339
vn -0.9951 0.0042 -0.0993
vn -0.9927 -0.0019 -0.1208
vn -0.9860 -0.0000 -0.1669
vn -0.9833 -0.0000 -0.1821
vn -0.9738 0.0024 -0.2276
vn -0.9680 -0.0044 -0.2509
vn -0.9502 0.0016 -0.3115
vn -0.9452 -0.0000 -0.3265
vn -0.9290 -0.0000 -0.3701
vn -0.9229 -0.0029 -0.3851
vn -0.8930 0.0040 -0.4500
vn -0.8857 -0.0000 -0.4642
vn -0.8632 -0.0000 -0.5048
vn -0.8548 -0.0005 -0.5190
vn -0.8267 0.0045 -0.5626
vn -0.8079 -0.0046 -0.5893
vn -0.7675 0.0019 -0.6410
vn -0.6161 -0.0000 -0.7876
vn -0.6639 -0.0000 -0.7478
vn -0.6763 0.0028 -0.7366
vn -0.7268 -0.0043 -0.6868
vn -0.7380 -0.0000 -0.6747
vn -0.7783 -0.0000 -0.6279
vn -0.6299 -0.0036 -0.7766
vn -0.5658 0.0047 -0.8245
vn -0.5453 -0.0021 -0.8383
vn -0.5068 -0.0000 -0.8621
vn -0.4914 -0.0000 -0.8709
vn -0.4516 0.0027 -0.8922
vn -0.4270 -0.0048 -0.9043
vn -0.3552 0.0035 -0.9348
vn -0.3723 -0.0000 -0.9281
vn -0.3136 -0.0000 -0.9495
vn -0.2965 -0.0033 -0.9550
vn -0.2294 0.0042 -0.9733
vn -0.2119 -0.0000 -0.9773
vn -0.1511 -0.0000 -0.9885
vn -0.1693 -0.0025 -0.9856
vn -0.1032 0.0047 -0.9947
vn -0.0669 -0.0049 -0.9977
vn -0.0210 0.0002 -0.9998
vn -0.0022 -0.0000 -1.0000
vn 0.0414 -0.0000 -0.9991
vn 0.0603 -0.0047 -0.9982
vn 0.1285 0.0030 -0.9917
vn 0.1474 -0.0000 -0.9891
vn 0.1902 -0.0000 -0.9817
vn 0.2092 -0.0020 -0.9779
vn 0.2678 0.0050 -0.9635
vn 0.2937 -0.0020 -0.9559
vn 0.3346 -0.0000 -0.9424
vn 0.3531 -0.0000 -0.9356
vn 0.3924 0.0030 -0.9198
vn 0.4206 -0.0049 -0.9072
vn 0.4710 0.0016 -0.8821
vn 0.4882 -0.0000 -0.8728
vn 0.5243 -0.0000 -0.8515
vn 0.5412 -0.0034 -0.8409
vn 0.5968 0.0047 -0.8024
vn 0.6127 -0.0000 -0.7903
vn 0.6454 -0.0000 -0.7638
vn 0.6611 -0.0004 -0.7503
vn 0.6948 0.0052 -0.7192
vn 0.7236 -0.0053 -0.6902
vn 0.7523 -0.0000 -0.6588
vn 0.7920 -0.0000 -0.6105
vn 0.8044 -0.0052 -0.5940
vn 0.8423 0.0031 -0.5390
vn 0.8534 -0.0000 -0.5212
vn 0.8739 -0.0000 -0.4861
vn 0.8839 -0.0020 -0.4676
vn 0.9091 0.0051 -0.4165
vn 0.9213 -0.0023 -0.3888
vn 0.9363 -0.0000 -0.3511
vn 0.9438 -0.0000 -0.3306
vn 0.9565 0.0029 -0.2918
vn 0.9657 -0.0054 -0.2595
vn 0.9782 0.0016 -0.2074
vn 0.9826 -0.0000 -0.1858
vn 0.9893 -0.0000 -0.1459
vn 0.9923 -0.0038 -0.1238
vn 0.9983 0.0049 -0.0587
vn 0.9993 -0.0000 -0.0366
vn 1.0000 -0.0000 0.0035
vn 0.9997 -0.0005 0.0260
vn 0.9976 0.0053 0.0692
vn 0.9936 -0.0051 0.1127
vn 0.9884 -0.0000 0.1520
vn 0.9847 -0.0000 0.1743
vn 0.9771 0.0002 0.2126
vn 0.9719 -0.0054 0.2354
vn 0.9548 0.0034 0.2972
vn 0.9478 -0.0000 0.3190
vn 0.9346 -0.0000 0.3558
vn 0.9259 -0.0021 0.3777
vn 0.9040 0.0055 0.4274
vn 0.8895 -0.0023 0.4569
vn 0.8709 -0.0000 0.4915
vn 0.8589 -0.0000 0.5122
vn 0.8383 0.0032 0.5452
vn 0.8172 -0.0055 0.5763
vn 0.7877 0.0015 0.6161
vn 0.7727 -0.0000 0.6348
vn 0.7481 -0.0000 0.6636
vn 0.7322 -0.0039 0.6811
vn 0.6872 0.0051 0.7265
vn 0.6698 -0.0000 0.7426
vn 0.6415 -0.0000 0.7672
vn 0.6224 -0.0003 0.7827
vn 0.5907 0.0055 0.8068
vn 0.5521 -0.0052 0.8337
vn 0.5200 -0.0000 0.8542
vn 0.4983 -0.0000 0.8670
vn 0.4654 0.0004 0.8851
vn 0.4415 -0.0057 0.8973
vn 0.3863 0.0034 0.9224
vn 0.3629 -0.0000 0.9318
vn 0.3281 -0.0000 0.9446
vn 0.3040 -0.0022 0.9527
vn 0.2543 0.0055 0.9671
vn 0.2198 -0.0023 0.9755
vn 0.1840 -0.0000 0.9829
vn 0.1589 -0.0000 0.9873
vn 0.1230 0.0032 0.9924
vn 0.0827 -0.0056 0.9966
vn 0.0361 0.0016 0.9993
vn 0.0102 -0.0000 0.9999
vn -0.0260 -0.0000 0.9997
vn -0.0523 -0.0041 0.9986
vn -0.1135 0.0055 0.9935
vn -0.1395 -0.0000 0.9902
vn -0.1751 -0.0000 0.9846
vn -0.2015 -0.0002 0.9795
vn -0.2382 0.0057 0.9712
vn -0.2858 -0.0049 0.9583
vn -0.3201 -0.0000 0.9474
vn -0.3456 -0.0000 0.9384
vn -0.3783 0.0008 0.9257
vn -0.4062 -0.0056 0.9138
vn -0.4577 0.0034 0.8891
vn -0.4813 -0.0000 0.8766
vn -0.5113 -0.0000 0.8594
vn -0.5346 -0.0021 0.8451
vn -0.5749 0.0057 0.8182
vn -0.6062 -0.0025 0.7953
vn -0.6336 -0.0000 0.7737
vn -0.6551 -0.0000 0.7556
vn -0.6810 0.0033 0.7323
vn -0.7124 -0.0058 0.7017
vn -0.7421 0.0014 0.6703
vn -0.7608 -0.0000 0.6490
vn -0.7826 -0.0000 0.6226
vn -0.7998 -0.0044 0.6003
vn -0.8341 0.0055 0.5516
vn -0.8492 -0.0000 0.5280
vn -0.8665 -0.0000 0.4992
vn -0.8803 -0.0002 0.4744
vn -0.8961 0.0056 0.4438
vn -0.9181 -0.0049 0.3962
vn -0.9309 -0.0000 0.3653
vn -0.9411 -0.0000 0.3382
vn -0.9518 0.0008 0.3066
vn -0.9614 -0.0058 0.2749
vn -0.9750 0.0036 0.2223
vn -0.9811 -0.0000 0.1937
vn -0.9869 -0.0000 0.1611
vn -0.9913 -0.0023 0.1317
vn -0.9963 0.0058 0.0858
vn -0.9990 -0.0023 0.0448
vn -0.9999 -0.0000 0.0119
vn -0.9998 -0.0000 -0.0181
vn -0.9987 0.0035 -0.0505
vn -0.9952 -0.0057 -0.0976
vn -0.9905 0.0013 -0.1372
vn -0.9860 -0.0000 -0.1666
vn -0.9803 -0.0000 -0.1977
vn -0.9739 -0.0044 -0.2271
vn -0.9593 0.0057 -0.2822
vn -0.9503 -0.0001 -0.3114
vn -0.9400 -0.0000 -0.3413
vn -0.9289 -0.0000 -0.3704
vn -0.9165 0.0057 -0.4000
vn -0.8932 -0.0048 -0.4496
vn -0.8784 -0.0000 -0.4780
vn -0.8629 -0.0000 -0.5053
vn -0.8467 0.0011 -0.5321
vn -0.8264 -0.0059 -0.5631
vn -0.7970 0.0034 -0.6040
vn -0.7777 -0.0000 -0.6286
vn -0.7581 -0.0000 -0.6522
vn -0.7082 -0.0054 -0.7060
vn -0.7365 0.0132 -0.6763
vn -0.6535 -0.0078 -0.7569
vn -0.6756 -0.0000 -0.7373
vn -0.8626 -0.0000 -0.5058
vn -0.8256 -0.0002 -0.5642
vn -0.8434 0.0009 -0.5373
vn -0.7776 -0.0006 -0.6288
vn -0.7934 -0.0000 -0.6088
vn -0.8927 -0.0000 -0.4507
vn -0.8870 0.0003 -0.4617
vn -0.9285 -0.0003 -0.3712
vn -0.9239 -0.0000 -0.3827
vn -0.9499 -0.0000 -0.3125
vn -0.9537 -0.0002 -0.3007
vn -0.9735 0.0003 -0.2286
vn -0.9990 0.0015 -0.0436
vn -0.9858 -0.0008 -0.1679
vn -0.9914 -0.0000 -0.1305
vn -0.9763 -0.0000 -0.2164
vn -0.9916 -0.0000 0.1295
vn -0.9914 -0.0000 0.1305
vn -0.9991 -0.0000 0.0426
vn -0.9990 -0.0000 0.0436
vn -0.9998 -0.0000 -0.0199
vn -0.9949 -0.0008 -0.1012
vn -0.9815 -0.0000 0.1914
vn -0.9763 -0.0002 0.2164
vn -0.9630 0.0005 0.2697
vn -0.9537 -0.0001 0.3007
vn -0.9420 -0.0000 0.3357
vn -0.9194 -0.0000 0.3932
vn -0.9239 0.0003 0.3827
vn -0.8817 -0.0002 0.4719
vn -0.8870 -0.0000 0.4617
vn -0.8434 -0.0000 0.5373
vn -0.8509 -0.0003 0.5253
vn -0.7934 0.0004 0.6088
vn -0.8019 -0.0000 0.5974
vn -0.7373 -0.0000 0.6756
vn -0.7631 -0.0008 0.6463
vn -0.6756 0.0016 0.7373
vn -0.7179 -0.0008 0.6962
vn -0.4617 0.0013 0.8870
vn -0.3500 -0.0007 0.9368
vn -0.4147 -0.0006 0.9099
vn -0.4851 -0.0000 0.8745
vn -0.5373 -0.0000 0.8434
vn -0.5382 -0.0000 0.8428
vn -0.6088 -0.0000 0.7934
vn -0.6096 -0.0000 0.7927
vn -0.6580 -0.0000 0.7531
vn -0.2164 -0.0002 0.9763
vn -0.2909 0.0002 0.9567
vn -0.3007 -0.0000 0.9537
vn -0.3827 -0.0000 0.9239
vn 0.1532 -0.0005 0.9882
vn 0.0710 0.0004 0.9975
vn 0.0436 -0.0001 0.9990
vn 0.0046 -0.0000 1.0000
vn -0.0436 -0.0000 0.9990
vn -0.0579 0.0003 0.9983
vn -0.1305 -0.0002 0.9914
vn -0.1447 -0.0000 0.9895
vn -0.2064 -0.0000 0.9785
vn 0.4925 -0.0000 0.8703
vn 0.4292 -0.0003 0.9032
vn 0.4617 0.0009 0.8870
vn 0.3570 -0.0006 0.9341
vn 0.3827 -0.0000 0.9239
vn 0.2980 -0.0000 0.9546
vn 0.3007 0.0001 0.9537
vn 0.2137 -0.0001 0.9769
vn 0.2164 -0.0000 0.9763
vn 0.1305 -0.0000 0.9914
vn 0.5459 -0.0000 0.8378
vn 0.5373 0.0003 0.8434
vn 0.6169 -0.0002 0.7871
vn 0.6088 -0.0000 0.7934
vn 0.6644 -0.0000 0.7474
vn 0.6756 -0.0002 0.7373
vn 0.7270 0.0003 0.6866
vn 0.7373 -0.0000 0.6756
vn 0.7934 -0.0000 0.6088
vn 0.7679 -0.0008 0.6405
vn 0.8434 0.0016 0.5373
vn 0.8080 -0.0009 0.5892
vn 0.9935 -0.0000 -0.1142
vn 0.9914 0.0005 -0.1305
vn 0.9996 -0.0003 -0.0272
vn 0.9990 -0.0000 -0.0436
vn 0.9994 -0.0000 0.0351
vn 0.9990 -0.0001 0.0436
vn 0.9925 0.0002 0.1221
vn 0.9914 -0.0000 0.1305
vn 0.9831 -0.0000 0.1828
vn 0.9763 -0.0001 0.2164
vn 0.9676 0.0004 0.2525
vn 0.9537 -0.0002 0.3007
vn 0.9450 -0.0000 0.3270
vn 0.9239 -0.0000 0.3827
vn 0.9227 0.0001 0.3855
vn 0.8870 -0.0001 0.4617
vn 0.8856 -0.0000 0.4644
vn 0.8548 -0.0000 0.5190
vn 0.9844 -0.0000 -0.1762
vn 0.9763 -0.0000 -0.2164
vn 0.9708 0.0004 -0.2400
vn 0.9470 -0.0004 -0.3213
vn 0.9537 -0.0000 -0.3007
vn 0.9253 -0.0000 -0.3793
vn 0.9239 -0.0001 -0.3827
vn 0.8887 0.0001 -0.4585
vn 0.8870 -0.0000 -0.4617
vn 0.8434 -0.0000 -0.5373
vn 0.8588 -0.0006 -0.5123
vn 0.7934 0.0010 -0.6088
vn 0.8171 -0.0004 -0.5764
vn 0.2214 -0.0000 -0.9752
vn 0.2164 0.0001 -0.9763
vn 0.3056 -0.0001 -0.9522
vn 0.3007 -0.0000 -0.9537
vn 0.3642 -0.0000 -0.9313
vn 0.3827 -0.0002 -0.9239
vn 0.4422 0.0004 -0.8969
vn 0.4617 -0.0000 -0.8870
vn 0.4982 -0.0000 -0.8671
vn 0.5373 -0.0000 -0.8434
vn 0.5511 0.0003 -0.8345
vn 0.6088 -0.0002 -0.7934
vn 0.6217 -0.0000 -0.7833
vn 0.6756 -0.0000 -0.7373
vn 0.6695 -0.0002 -0.7429
vn 0.7373 0.0002 -0.6756
vn 0.7317 -0.0000 -0.6817
vn 0.7729 -0.0000 -0.6345
vn 0.1599 -0.0000 -0.9871
vn 0.1305 -0.0002 -0.9914
vn 0.0840 0.0004 -0.9965
vn 0.0436 -0.0002 -0.9990
vn 0.0107 -0.0000 -0.9999
vn -0.0514 -0.0000 -0.9987
vn -0.0436 0.0002 -0.9990
vn -0.1382 -0.0002 -0.9904
vn -0.1305 -0.0000 -0.9914
vn -0.2164 -0.0000 -0.9763
vn -0.1988 -0.0004 -0.9800
vn -0.3007 0.0005 -0.9537
vn -0.2835 -0.0000 -0.9590
vn -0.3827 -0.0000 -0.9239
vn -0.3427 -0.0008 -0.9395
vn -0.4617 0.0017 -0.8870
vn -0.4013 -0.0009 -0.9160
vn -0.7373 -0.0000 -0.6756
vn -0.6088 -0.0000 -0.7934
vn -0.6047 0.0001 -0.7964
vn -0.5373 -0.0001 -0.8434
vn -0.5330 -0.0000 -0.8461
vn -0.4790 -0.0000 -0.8778
vn -0.0000 1.0000 -0.0000
vn -0.0001 1.0000 -0.0000
vn 0.0001 1.0000 -0.0000
vn -0.0435 -0.0598 -0.9973
vn -0.1303 -0.0598 -0.9897
vn -0.2161 -0.0598 -0.9745
vn -0.3002 -0.0598 -0.9520
vn -0.3820 -0.0598 -0.9222
vn -0.4609 -0.0598 -0.8854
vn -0.5363 -0.0598 -0.8419
vn -0.6077 -0.0598 -0.7919
vn -0.6744 -0.0598 -0.7360
vn -0.7360 -0.0598 -0.6744
vn -0.7919 -0.0598 -0.6077
vn -0.8419 -0.0598 -0.5363
vn -0.8854 -0.0598 -0.4609
vn -0.9222 -0.0598 -0.3820
vn -0.9520 -0.0598 -0.3002
vn -0.9745 -0.0598 -0.2161
vn -0.9897 -0.0598 -0.1303
vn -0.9973 -0.0598 -0.0435
vn -0.9973 -0.0598 0.0435
vn -0.9897 -0.0598 0.1303
vn -0.9745 -0.0598 0.2161
vn -0.9520 -0.0598 0.3002
vn -0.9222 -0.0598 0.3820
vn -0.8854 -0.0598 0.4609
vn -0.8419 -0.0598 0.5363
vn -0.7919 -0.0598 0.6077
vn -0.7360 -0.0598 0.6744
vn -0.6744 -0.0598 0.7360
vn -0.6077 -0.0598 0.7919
vn -0.5363 -0.0598 0.8419
vn -0.4609 -0.0598 0.8854
vn -0.3820 -0.0598 0.9222
vn -0.3002 -0.0598 0.9520
vn -0.2161 -0.0598 0.9745
vn -0.1303 -0.0598 0.9897
vn -0.0435 -0.0598 0.9973
vn 0.0435 -0.0598 0.9973
vn 0.1303 -0.0598 0.9897
vn 0.2161 -0.0598 0.9745
vn 0.3002 -0.0598 0.9520
vn 0.3820 -0.0598 0.9222
vn 0.4609 -0.0598 0.8854
vn 0.5363 -0.0598 0.8419
vn 0.6077 -0.0598 0.7919
vn 0.6744 -0.0598 0.7360
vn 0.7360 -0.0598 0.6744
vn 0.7919 -0.0598 0.6077
vn 0.8419 -0.0598 0.5363
vn 0.8854 -0.0598 0.4609
vn 0.9222 -0.0598 0.3820
vn 0.9520 -0.0598 0.3002
vn 0.9745 -0.0598 0.2161
vn 0.9897 -0.0598 0.1303
vn 0.9973 -0.0598 0.0435
vn 0.9973 -0.0598 -0.0435
vn 0.9897 -0.0598 -0.1303
vn 0.9745 -0.0598 -0.2161
vn 0.9520 -0.0598 -0.3002
vn 0.9222 -0.0598 -0.3820
vn 0.8854 -0.0598 -0.4609
vn 0.8419 -0.0598 -0.5363
vn 0.7919 -0.0598 -0.6077
vn 0.7360 -0.0598 -0.6744
vn 0.6744 -0.0598 -0.7360
vn 0.6077 -0.0598 -0.7919
vn 0.5363 -0.0598 -0.8419
vn 0.4609 -0.0598 -0.8854
vn 0.3820 -0.0598 -0.9222
vn 0.3002 -0.0598 -0.9520
vn 0.2161 -0.0598 -0.9745
vn 0.1303 -0.0598 -0.9897
vn 0.0435 -0.0598 -0.9973
vn -0.0429 -0.1785 -0.9830
vn -0.1284 -0.1785 -0.9755
vn -0.2130 -0.1785 -0.9606
vn -0.2959 -0.1785 -0.9384
vn -0.3765 -0.1785 -0.9090
vn -0.4543 -0.1785 -0.8728
vn -0.5287 -0.1785 -0.8298
vn -0.5990 -0.1785 -0.7806
vn -0.6647 -0.1785 -0.7254
vn -0.7254 -0.1785 -0.6647
vn -0.7806 -0.1785 -0.5990
vn -0.8298 -0.1785 -0.5287
vn -0.8728 -0.1785 -0.4543
vn -0.9090 -0.1785 -0.3765
vn -0.9384 -0.1785 -0.2959
vn -0.9606 -0.1785 -0.2130
vn -0.9755 -0.1785 -0.1284
vn -0.9830 -0.1785 -0.0429
vn -0.9830 -0.1785 0.0429
vn -0.9755 -0.1785 0.1284
vn -0.9606 -0.1785 0.2130
vn -0.9384 -0.1785 0.2959
vn -0.9090 -0.1785 0.3765
vn -0.8728 -0.1785 0.4543
vn -0.8298 -0.1785 0.5287
vn -0.7806 -0.1785 0.5990
vn -0.7254 -0.1785 0.6647
vn -0.6647 -0.1785 0.7254
vn -0.5990 -0.1785 0.7806
vn -0.5287 -0.1785 0.8298
vn -0.4543 -0.1785 0.8728
vn -0.3765 -0.1785 0.9090
vn -0.2959 -0.1785 0.9384
vn -0.2130 -0.1785 0.9606
vn -0.1284 -0.1785 0.9755
vn -0.0429 -0.1785 0.9830
vn 0.0429 -0.1785 0.9830
vn 0.1284 -0.1785 0.9755
vn 0.2130 -0.1785 0.9606
vn 0.2959 -0.1785 0.9384
vn 0.3765 -0.1785 0.9090
vn 0.4543 -0.1785 0.8728
vn 0.5287 -0.1785 0.8298
vn 0.5990 -0.1785 0.7806
vn 0.6647 -0.1785 0.7254
vn 0.7254 -0.1785 0.6647
vn 0.7806 -0.1785 0.5990
vn 0.8298 -0.1785 0.5287
vn 0.8728 -0.1785 0.4543
vn 0.9090 -0.1785 0.3765
vn 0.9384 -0.1785 0.2959
vn 0.9606 -0.1785 0.2130
vn 0.9755 -0.1785 0.1284
vn 0.9830 -0.1785 0.0429
vn 0.9830 -0.1785 -0.0429
vn 0.9755 -0.1785 -0.1284
vn 0.9606 -0.1785 -0.2130
vn 0.9384 -0.1785 -0.2959
vn 0.9090 -0.1785 -0.3765
vn 0.8728 -0.1785 -0.4543
vn 0.8298 -0.1785 -0.5287
vn 0.7806 -0.1785 -0.5990
vn 0.7254 -0.1785 -0.6647
vn 0.6647 -0.1785 -0.7254
vn 0.5990 -0.1785 -0.7806
vn 0.5287 -0.1785 -0.8298
vn 0.4543 -0.1785 -0.8728
vn 0.3765 -0.1785 -0.9090
vn 0.2959 -0.1785 -0.9384
vn 0.2130 -0.1785 -0.9606
vn 0.1284 -0.1785 -0.9755
vn 0.0429 -0.1785 -0.9830
vn -0.0417 -0.2947 -0.9547
vn -0.1247 -0.2947 -0.9474
vn -0.2068 -0.2947 -0.9329
vn -0.2874 -0.2947 -0.9114
vn -0.3657 -0.2947 -0.8828
vn -0.4412 -0.2947 -0.8476
vn -0.5134 -0.2947 -0.8059
vn -0.5817 -0.2947 -0.7581
vn -0.6456 -0.2947 -0.7045
vn -0.7045 -0.2947 -0.6456
vn -0.7581 -0.2947 -0.5817
vn -0.8059 -0.2947 -0.5134
vn -0.8476 -0.2947 -0.4412
vn -0.8829 -0.2947 -0.3657
vn -0.8828 -0.2947 -0.3657
vn -0.9114 -0.2947 -0.2873
vn -0.9114 -0.2947 -0.2874
vn -0.9329 -0.2947 -0.2068
vn -0.9474 -0.2947 -0.1247
vn -0.9547 -0.2947 -0.0417
vn -0.9547 -0.2947 0.0417
vn -0.9474 -0.2947 0.1247
vn -0.9329 -0.2947 0.2068
vn -0.9114 -0.2947 0.2873
vn -0.9114 -0.2947 0.2874
vn -0.8828 -0.2947 0.3657
vn -0.8476 -0.2947 0.4412
vn -0.8059 -0.2947 0.5134
vn -0.7581 -0.2947 0.5817
vn -0.7045 -0.2947 0.6456
vn -0.6456 -0.2947 0.7045
vn -0.5817 -0.2947 0.7581
vn -0.5134 -0.2947 0.8059
vn -0.4412 -0.2947 0.8476
vn -0.3657 -0.2947 0.8828
vn -0.2874 -0.2947 0.9114
vn -0.2068 -0.2947 0.9329
vn -0.1247 -0.2947 0.9474
vn -0.0417 -0.2947 0.9547
vn 0.0417 -0.2947 0.9547
vn 0.1247 -0.2947 0.9474
vn 0.2068 -0.2947 0.9329
vn 0.2874 -0.2947 0.9114
vn 0.3657 -0.2947 0.8828
vn 0.4412 -0.2947 0.8476
vn 0.5134 -0.2947 0.8059
vn 0.5817 -0.2947 0.7581
vn 0.6456 -0.2947 0.7045
vn 0.7045 -0.2947 0.6456
vn 0.7581 -0.2947 0.5817
vn 0.8059 -0.2947 0.5134
vn 0.8476 -0.2947 0.4412
vn 0.8829 -0.2947 0.3657
vn 0.8828 -0.2947 0.3657
vn 0.9114 -0.2947 0.2873
vn 0.9114 -0.2947 0.2874
vn 0.9329 -0.2947 0.2068
vn 0.9474 -0.2947 0.1247
vn 0.9547 -0.2947 0.0417
vn 0.9547 -0.2947 -0.0417
vn 0.9474 -0.2947 -0.1247
vn 0.9329 -0.2947 -0.2068
vn 0.9114 -0.2947 -0.2873
vn 0.9114 -0.2947 -0.2874
vn 0.8828 -0.2947 -0.3657
vn 0.8476 -0.2947 -0.4412
vn 0.8059 -0.2947 -0.5134
vn 0.7581 -0.2947 -0.5817
vn 0.7045 -0.2947 -0.6456
vn 0.6456 -0.2947 -0.7045
vn 0.5817 -0.2947 -0.7581
vn 0.5134 -0.2947 -0.8059
vn 0.4412 -0.2947 -0.8476
vn 0.3657 -0.2947 -0.8828
vn 0.2874 -0.2947 -0.9114
vn 0.2068 -0.2947 -0.9329
vn 0.1247 -0.2947 -0.9474
vn 0.0417 -0.2947 -0.9547
vn 0.0816 -0.3518 -0.9325
vn 0.1222 -0.3513 -0.9282
vn 0.2026 -0.3513 -0.9141
vn 0.2423 -0.3518 -0.9042
vn 0.2815 -0.3513 -0.8929
vn 0.3583 -0.3513 -0.8650
vn 0.3956 -0.3518 -0.8484
vn 0.4323 -0.3513 -0.8305
vn 0.5030 -0.3513 -0.7896
vn 0.5369 -0.3518 -0.7668
vn 0.5700 -0.3513 -0.7428
vn 0.6325 -0.3513 -0.6903
vn 0.6619 -0.3518 -0.6619
vn 0.6903 -0.3513 -0.6325
vn 0.7428 -0.3513 -0.5700
vn 0.7668 -0.3518 -0.5369
vn 0.7896 -0.3513 -0.5030
vn 0.8305 -0.3513 -0.4323
vn 0.8484 -0.3518 -0.3956
vn 0.8650 -0.3513 -0.3583
vn 0.8929 -0.3513 -0.2815
vn 0.9042 -0.3518 -0.2423
vn 0.9141 -0.3513 -0.2026
vn 0.9282 -0.3513 -0.1222
vn 0.9325 -0.3518 -0.0816
vn 0.9354 -0.3513 -0.0408
vn 0.9354 -0.3513 0.0408
vn 0.9325 -0.3518 0.0816
vn 0.9282 -0.3513 0.1222
vn 0.9141 -0.3513 0.2026
vn 0.9042 -0.3518 0.2423
vn 0.8929 -0.3513 0.2815
vn 0.8650 -0.3513 0.3583
vn 0.8484 -0.3518 0.3956
vn 0.8305 -0.3513 0.4323
vn 0.7896 -0.3513 0.5030
vn 0.7668 -0.3518 0.5369
vn 0.7428 -0.3513 0.5700
vn 0.6903 -0.3513 0.6325
vn 0.6619 -0.3518 0.6619
vn 0.6325 -0.3513 0.6903
vn 0.5700 -0.3513 0.7428
vn 0.5369 -0.3518 0.7668
vn 0.5030 -0.3513 0.7896
vn 0.4323 -0.3513 0.8305
vn 0.3956 -0.3518 0.8484
vn 0.3583 -0.3513 0.8650
vn 0.2815 -0.3513 0.8929
vn 0.2423 -0.3518 0.9042
vn 0.2026 -0.3513 0.9141
vn 0.1222 -0.3513 0.9282
vn 0.0816 -0.3518 0.9325
vn 0.0408 -0.3513 0.9354
vn -0.0408 -0.3513 0.9354
vn -0.0816 -0.3518 0.9325
vn -0.1222 -0.3513 0.9282
vn -0.2026 -0.3513 0.9141
vn -0.2423 -0.3518 0.9042
vn -0.2815 -0.3513 0.8929
vn -0.3583 -0.3513 0.8650
vn -0.3956 -0.3518 0.8484
vn -0.4323 -0.3513 0.8305
vn -0.5030 -0.3513 0.7896
vn -0.5369 -0.3518 0.7668
vn -0.5700 -0.3513 0.7428
vn -0.6325 -0.3513 0.6903
vn -0.6619 -0.3518 0.6619
vn -0.6903 -0.3513 0.6325
vn -0.7428 -0.3513 0.5700
vn -0.7668 -0.3518 0.5369
vn -0.7896 -0.3513 0.5030
vn -0.8305 -0.3513 0.4323
vn -0.8484 -0.3518 0.3956
vn -0.8650 -0.3513 0.3583
vn -0.8929 -0.3513 0.2815
vn -0.9042 -0.3518 0.2423
vn -0.9141 -0.3513 0.2026
vn -0.9282 -0.3513 0.1222
vn -0.9325 -0.3518 0.0816
vn -0.9354 -0.3513 0.0408
vn -0.9354 -0.3513 -0.0408
vn -0.9325 -0.3518 -0.0816
vn -0.9282 -0.3513 -0.1222
vn -0.9141 -0.3513 -0.2026
vn -0.9042 -0.3518 -0.2423
vn -0.8929 -0.3513 -0.2815
vn -0.8650 -0.3513 -0.3583
vn -0.8484 -0.3518 -0.3956
vn -0.8305 -0.3513 -0.4323
vn -0.7896 -0.3513 -0.5030
vn -0.7668 -0.3518 -0.5369
vn -0.7428 -0.3513 -0.5700
vn -0.6903 -0.3513 -0.6325
vn -0.6619 -0.3518 -0.6619
vn -0.6325 -0.3513 -0.6903
vn -0.5700 -0.3513 -0.7428
vn -0.5369 -0.3518 -0.7668
vn -0.5030 -0.3513 -0.7896
vn -0.4323 -0.3513 -0.8305
vn -0.3956 -0.3518 -0.8484
vn -0.3583 -0.3513 -0.8650
vn -0.2815 -0.3513 -0.8929
vn -0.2423 -0.3518 -0.9042
vn -0.2026 -0.3513 -0.9141
vn -0.1222 -0.3513 -0.9282
vn -0.0816 -0.3518 -0.9325
vn -0.0408 -0.3513 -0.9354
vn 0.0408 -0.3513 -0.9354
vn -0.0225 -0.9962 -0.0838
vn -0.0367 -0.9962 -0.0786
vn -0.0498 -0.9962 -0.0711
vn -0.0613 -0.9962 -0.0613
vn -0.0711 -0.9962 -0.0498
vn -0.0786 -0.9962 -0.0367
vn -0.0838 -0.9962 -0.0225
vn -0.0864 -0.9962 -0.0076
vn -0.0864 -0.9962 0.0076
vn -0.0838 -0.9962 0.0225
vn -0.0786 -0.9962 0.0367
vn -0.0711 -0.9962 0.0498
vn -0.0613 -0.9962 0.0613
vn -0.0498 -0.9962 0.0711
vn -0.0367 -0.9962 0.0786
vn -0.0225 -0.9962 0.0838
vn -0.0076 -0.9962 0.0864
vn 0.0076 -0.9962 0.0864
vn 0.0225 -0.9962 0.0838
vn 0.0367 -0.9962 0.0786
vn 0.0498 -0.9962 0.0711
vn 0.0613 -0.9962 0.0613
vn 0.0711 -0.9962 0.0498
vn 0.0786 -0.9962 0.0367
vn 0.0838 -0.9962 0.0225
vn 0.0864 -0.9962 0.0076
vn 0.0864 -0.9962 -0.0076
vn 0.0838 -0.9962 -0.0225
vn 0.0786 -0.9962 -0.0367
vn 0.0711 -0.9962 -0.0498
vn 0.0613 -0.9962 -0.0613
vn 0.0498 -0.9962 -0.0711
vn 0.0367 -0.9962 -0.0786
vn 0.0225 -0.9962 -0.0838
vn 0.0076 -0.9962 -0.0864
vn -0.0076 -0.9962 -0.0864
vn -0.0787 -0.4299 -0.8995
vn -0.2337 -0.4299 -0.8721
vn -0.3816 -0.4299 -0.8183
vn -0.5179 -0.4299 -0.7396
vn -0.6384 -0.4299 -0.6384
vn -0.7396 -0.4299 -0.5179
vn -0.8183 -0.4299 -0.3816
vn -0.8721 -0.4299 -0.2337
vn -0.8995 -0.4299 -0.0787
vn -0.8995 -0.4299 0.0787
vn -0.8721 -0.4299 0.2337
vn -0.8183 -0.4299 0.3816
vn -0.7396 -0.4299 0.5179
vn -0.6384 -0.4299 0.6384
vn -0.5179 -0.4299 0.7396
vn -0.3816 -0.4299 0.8183
vn -0.2337 -0.4299 0.8721
vn -0.0787 -0.4299 0.8995
vn 0.0787 -0.4299 0.8995
vn 0.2337 -0.4299 0.8721
vn 0.3816 -0.4299 0.8183
vn 0.5179 -0.4299 0.7396
vn 0.6384 -0.4299 0.6384
vn 0.7396 -0.4299 0.5179
vn 0.8183 -0.4299 0.3816
vn 0.8721 -0.4299 0.2337
vn 0.8995 -0.4299 0.0787
vn 0.8995 -0.4299 -0.0787
vn 0.8721 -0.4299 -0.2337
vn 0.8183 -0.4299 -0.3816
vn 0.7396 -0.4299 -0.5179
vn 0.6384 -0.4299 -0.6384
vn 0.5179 -0.4299 -0.7396
vn 0.3816 -0.4299 -0.8183
vn 0.2337 -0.4299 -0.8721
vn 0.0787 -0.4299 -0.8995
vn -0.0711 -0.5787 -0.8125
vn -0.2111 -0.5787 -0.7878
vn -0.3447 -0.5787 -0.7391
vn -0.4678 -0.5787 -0.6681
vn -0.5767 -0.5787 -0.5767
vn -0.6681 -0.5787 -0.4678
vn -0.7391 -0.5787 -0.3447
vn -0.7878 -0.5787 -0.2111
vn -0.8125 -0.5787 -0.0711
vn -0.8125 -0.5787 0.0711
vn -0.7878 -0.5787 0.2111
vn -0.7391 -0.5787 0.3447
vn -0.6681 -0.5787 0.4678
vn -0.5767 -0.5787 0.5767
vn -0.4678 -0.5787 0.6681
vn -0.3447 -0.5787 0.7391
vn -0.2111 -0.5787 0.7878
vn -0.0711 -0.5787 0.8125
vn 0.0711 -0.5787 0.8125
vn 0.2111 -0.5787 0.7878
vn 0.3447 -0.5787 0.7391
vn 0.4678 -0.5787 0.6681
vn 0.5767 -0.5787 0.5767
vn 0.6681 -0.5787 0.4678
vn 0.7391 -0.5787 0.3447
vn 0.7878 -0.5787 0.2111
vn 0.8125 -0.5787 0.0711
vn 0.8125 -0.5787 -0.0711
vn 0.7878 -0.5787 -0.2111
vn 0.7391 -0.5787 -0.3447
vn 0.6681 -0.5787 -0.4678
vn 0.5767 -0.5787 -0.5767
vn 0.4678 -0.5787 -0.6681
vn 0.3447 -0.5787 -0.7391
vn 0.2111 -0.5787 -0.7878
vn 0.0711 -0.5787 -0.8125
vn -0.0613 -0.7104 -0.7011
vn -0.1822 -0.7104 -0.6798
vn -0.2974 -0.7104 -0.6379
vn -0.4037 -0.7104 -0.5765
vn -0.4977 -0.7104 -0.4977
vn -0.5765 -0.7104 -0.4037
vn -0.6379 -0.7104 -0.2974
vn -0.6798 -0.7104 -0.1822
vn -0.7011 -0.7104 -0.0613
vn -0.7011 -0.7104 0.0613
vn -0.6798 -0.7104 0.1822
vn -0.6379 -0.7104 0.2974
vn -0.5765 -0.7104 0.4037
vn -0.4977 -0.7104 0.4977
vn -0.4037 -0.7104 0.5765
vn -0.2974 -0.7104 0.6379
vn -0.1822 -0.7104 0.6798
vn -0.0613 -0.7104 0.7011
vn 0.0613 -0.7104 0.7011
vn 0.1822 -0.7104 0.6798
vn 0.2974 -0.7104 0.6379
vn 0.4037 -0.7104 0.5765
vn 0.4977 -0.7104 0.4977
vn 0.5765 -0.7104 0.4037
vn 0.6379 -0.7104 0.2974
vn 0.6798 -0.7104 0.1822
vn 0.7011 -0.7104 0.0613
vn 0.7011 -0.7104 -0.0613
vn 0.6798 -0.7104 -0.1822
vn 0.6379 -0.7104 -0.2974
vn 0.5765 -0.7104 -0.4037
vn 0.4977 -0.7104 -0.4977
vn 0.4037 -0.7104 -0.5765
vn 0.2974 -0.7104 -0.6379
vn 0.1822 -0.7104 -0.6798
vn 0.0613 -0.7104 -0.7011
vn -0.0498 -0.8211 -0.5687
vn -0.1477 -0.8211 -0.5514
vn -0.2412 -0.8211 -0.5174
vn -0.3274 -0.8211 -0.4676
vn -0.4036 -0.8211 -0.4036
vn -0.4676 -0.8211 -0.3274
vn -0.5174 -0.8211 -0.2412
vn -0.5514 -0.8211 -0.1477
vn -0.5687 -0.8211 -0.0498
vn -0.5687 -0.8211 0.0498
vn -0.5514 -0.8211 0.1477
vn -0.5174 -0.8211 0.2412
vn -0.4676 -0.8211 0.3274
vn -0.4036 -0.8211 0.4036
vn -0.3274 -0.8211 0.4676
vn -0.2412 -0.8211 0.5174
vn -0.1477 -0.8211 0.5514
vn -0.0498 -0.8211 0.5687
vn 0.0498 -0.8211 0.5687
vn 0.1477 -0.8211 0.5514
vn 0.2412 -0.8211 0.5174
vn 0.3274 -0.8211 0.4676
vn 0.4036 -0.8211 0.4036
vn 0.4676 -0.8211 0.3274
vn 0.5174 -0.8211 0.2412
vn 0.5514 -0.8211 0.1477
vn 0.5687 -0.8211 0.0498
vn 0.5687 -0.8211 -0.0498
vn 0.5514 -0.8211 -0.1477
vn 0.5174 -0.8211 -0.2412
vn 0.4676 -0.8211 -0.3274
vn 0.4036 -0.8211 -0.4036
vn 0.3274 -0.8211 -0.4676
vn 0.2412 -0.8211 -0.5174
vn 0.1477 -0.8211 -0.5514
vn 0.0498 -0.8211 -0.5687
vn -0.0367 -0.9072 -0.4190
vn -0.1089 -0.9072 -0.4063
vn -0.1778 -0.9072 -0.3812
vn -0.2413 -0.9072 -0.3446
vn -0.2974 -0.9072 -0.2974
vn -0.3446 -0.9072 -0.2413
vn -0.3812 -0.9072 -0.1778
vn -0.4063 -0.9072 -0.1089
vn -0.4190 -0.9072 -0.0367
vn -0.4190 -0.9072 0.0367
vn -0.4063 -0.9072 0.1089
vn -0.3812 -0.9072 0.1778
vn -0.3446 -0.9072 0.2413
vn -0.2974 -0.9072 0.2974
vn -0.2413 -0.9072 0.3446
vn -0.1778 -0.9072 0.3812
vn -0.1089 -0.9072 0.4063
vn -0.0367 -0.9072 0.4190
vn 0.0367 -0.9072 0.4190
vn 0.1089 -0.9072 0.4063
vn 0.1778 -0.9072 0.3812
vn 0.2413 -0.9072 0.3446
vn 0.2974 -0.9072 0.2974
vn 0.3446 -0.9072 0.2413
vn 0.3812 -0.9072 0.1778
vn 0.4063 -0.9072 0.1089
vn 0.4190 -0.9072 0.0367
vn 0.4190 -0.9072 -0.0367
vn 0.4063 -0.9072 -0.1089
vn 0.3812 -0.9072 -0.1778
vn 0.3446 -0.9072 -0.2413
vn 0.2974 -0.9072 -0.2974
vn 0.2413 -0.9072 -0.3446
vn 0.1778 -0.9072 -0.3812
vn 0.1089 -0.9072 -0.4063
vn 0.0367 -0.9072 -0.4190
vn -0.0225 -0.9662 -0.2566
vn -0.0667 -0.9662 -0.2488
vn -0.1089 -0.9662 -0.2335
vn -0.1478 -0.9662 -0.2110
vn -0.1822 -0.9662 -0.1822
vn -0.2110 -0.9662 -0.1478
vn -0.2335 -0.9662 -0.1089
vn -0.2488 -0.9662 -0.0667
vn -0.2566 -0.9662 -0.0225
vn -0.2566 -0.9662 0.0225
vn -0.2488 -0.9662 0.0667
vn -0.2335 -0.9662 0.1089
vn -0.2110 -0.9662 0.1478
vn -0.1822 -0.9662 0.1822
vn -0.1478 -0.9662 0.2110
vn -0.1089 -0.9662 0.2335
vn -0.0667 -0.9662 0.2488
vn -0.0225 -0.9662 0.2566
vn 0.0225 -0.9662 0.2566
vn 0.0667 -0.9662 0.2488
vn 0.1089 -0.9662 0.2335
vn 0.1478 -0.9662 0.2110
vn 0.1822 -0.9662 0.1822
vn 0.2110 -0.9662 0.1478
vn 0.2335 -0.9662 0.1089
vn 0.2488 -0.9662 0.0667
vn 0.2566 -0.9662 0.0225
vn 0.2566 -0.9662 -0.0225
vn 0.2488 -0.9662 -0.0667
vn 0.2335 -0.9662 -0.1089
vn 0.2110 -0.9662 -0.1478
vn 0.1822 -0.9662 -0.1822
vn 0.1478 -0.9662 -0.2110
vn 0.1089 -0.9662 -0.2335
vn 0.0667 -0.9662 -0.2488
vn 0.0225 -0.9662 -0.2566
vn 0.0872 -0.0006 0.9962
vn 0.2588 -0.0006 0.9659
vn 0.4226 -0.0006 0.9063
vn 0.3007 -0.0000 0.9537
vn 0.5736 -0.0006 0.8192
vn 0.5373 -0.0000 0.8434
vn 0.4617 -0.0000 0.8870
vn 0.7071 -0.0006 0.7071
vn 0.6756 -0.0000 0.7373
vn 0.8192 -0.0006 0.5736
vn 0.9063 -0.0006 0.4226
vn 0.8870 -0.0000 0.4617
vn 0.8434 -0.0000 0.5373
vn 0.9659 -0.0006 0.2588
vn 0.9537 -0.0000 0.3007
vn 0.9962 -0.0006 0.0872
vn 0.9763 -0.0000 0.2164
vn 0.9962 -0.0006 -0.0872
vn 0.9990 -0.0000 0.0436
vn 0.9659 -0.0006 -0.2588
vn 0.9914 -0.0000 -0.1305
vn 0.9063 -0.0006 -0.4226
vn 0.9239 -0.0000 -0.3827
vn 0.8192 -0.0006 -0.5736
vn 0.7071 -0.0006 -0.7071
vn 0.7373 -0.0000 -0.6756
vn 0.7934 -0.0000 -0.6088
vn 0.5736 -0.0006 -0.8192
vn 0.6088 -0.0000 -0.7934
vn 0.4226 -0.0006 -0.9063
vn 0.2588 -0.0006 -0.9659
vn 0.3827 -0.0000 -0.9239
vn 0.0872 -0.0006 -0.9962
vn 0.1305 -0.0000 -0.9914
vn 0.2164 -0.0000 -0.9763
vn -0.0872 -0.0006 -0.9962
vn -0.0436 -0.0000 -0.9990
vn 0.0436 -0.0000 -0.9990
vn -0.2588 -0.0006 -0.9659
vn -0.4226 -0.0006 -0.9063
vn -0.3007 -0.0000 -0.9537
vn -0.5736 -0.0006 -0.8192
vn -0.5373 -0.0000 -0.8434
vn -0.4617 -0.0000 -0.8870
vn -0.7071 -0.0006 -0.7071
vn -0.8192 -0.0006 -0.5736
vn -0.9063 -0.0006 -0.4226
vn -0.8870 -0.0000 -0.4617
vn -0.8434 -0.0000 -0.5373
vn -0.9659 -0.0006 -0.2588
vn -0.9537 -0.0000 -0.3007
vn -0.9962 -0.0006 -0.0872
vn -0.9962 -0.0006 0.0872
vn -0.9990 -0.0000 -0.0436
vn -0.9659 -0.0006 0.2588
vn -0.9763 -0.0000 0.2164
vn -0.9063 -0.0006 0.4226
vn -0.9239 -0.0000 0.3827
vn -0.9537 -0.0000 0.3007
vn -0.8192 -0.0006 0.5736
vn -0.7071 -0.0006 0.7071
vn -0.7934 -0.0000 0.6088
vn -0.5736 -0.0006 0.8192
vn -0.6756 -0.0000 0.7373
vn -0.4226 -0.0006 0.9063
vn -0.4617 -0.0000 0.8870
vn -0.2588 -0.0006 0.9659
vn 0.0436 -0.0000 0.9990
vn -0.0872 -0.0006 0.9962
vn -0.1305 -0.0000 0.9914
vn -0.2164 -0.0000 0.9763
vn 0.0435 0.0598 0.9973
vn 0.1303 0.0598 0.9897
vn 0.2161 0.0598 0.9745
vn 0.2161 0.0598 0.9746
vn 0.3002 0.0598 0.9520
vn 0.3820 0.0598 0.9222
vn 0.4609 0.0598 0.8854
vn 0.5363 0.0598 0.8419
vn 0.6077 0.0598 0.7919
vn 0.6744 0.0598 0.7360
vn 0.7360 0.0598 0.6744
vn 0.7919 0.0598 0.6077
vn 0.8419 0.0598 0.5363
vn 0.8854 0.0598 0.4609
vn 0.9222 0.0598 0.3820
vn 0.9520 0.0598 0.3002
vn 0.9745 0.0598 0.2161
vn 0.9897 0.0598 0.1303
vn 0.9973 0.0598 0.0435
vn 0.9973 0.0598 -0.0435
vn 0.9897 0.0598 -0.1303
vn 0.9745 0.0598 -0.2161
vn 0.9520 0.0598 -0.3002
vn 0.9222 0.0598 -0.3820
vn 0.8854 0.0598 -0.4609
vn 0.8419 0.0598 -0.5363
vn 0.7919 0.0598 -0.6077
vn 0.7360 0.0598 -0.6744
vn 0.6744 0.0598 -0.7360
vn 0.6077 0.0598 -0.7919
vn 0.5363 0.0598 -0.8419
vn 0.4609 0.0598 -0.8854
vn 0.3820 0.0598 -0.9222
vn 0.3002 0.0598 -0.9520
vn 0.2160 0.0598 -0.9746
vn 0.2161 0.0598 -0.9745
vn 0.1303 0.0598 -0.9897
vn 0.0435 0.0598 -0.9973
vn -0.0435 0.0598 -0.9973
vn -0.1303 0.0598 -0.9897
vn -0.2161 0.0598 -0.9745
vn -0.2161 0.0598 -0.9746
vn -0.3002 0.0598 -0.9520
vn -0.3820 0.0598 -0.9222
vn -0.4609 0.0598 -0.8854
vn -0.5363 0.0598 -0.8419
vn -0.6077 0.0598 -0.7919
vn -0.6744 0.0598 -0.7360
vn -0.7360 0.0598 -0.6744
vn -0.7919 0.0598 -0.6077
vn -0.8419 0.0598 -0.5363
vn -0.8854 0.0598 -0.4609
vn -0.9222 0.0598 -0.3820
vn -0.9520 0.0598 -0.3002
vn -0.9745 0.0598 -0.2161
vn -0.9897 0.0598 -0.1303
vn -0.9973 0.0598 -0.0435
vn -0.9973 0.0598 0.0435
vn -0.9897 0.0598 0.1303
vn -0.9745 0.0598 0.2161
vn -0.9520 0.0598 0.3002
vn -0.9222 0.0598 0.3820
vn -0.8854 0.0598 0.4609
vn -0.8419 0.0598 0.5363
vn -0.7919 0.0598 0.6077
vn -0.7360 0.0598 0.6744
vn -0.6744 0.0598 0.7360
vn -0.6077 0.0598 0.7919
vn -0.5363 0.0598 0.8419
vn -0.4609 0.0598 0.8854
vn -0.3820 0.0598 0.9222
vn -0.3002 0.0598 0.9520
vn -0.2160 0.0598 0.9746
vn -0.2161 0.0598 0.9745
vn -0.1303 0.0598 0.9897
vn -0.0435 0.0598 0.9973
vn 0.0429 0.1785 0.9830
vn 0.1284 0.1785 0.9755
vn 0.2130 0.1785 0.9606
vn 0.2959 0.1785 0.9384
vn 0.3765 0.1785 0.9090
vn 0.4543 0.1785 0.8728
vn 0.5287 0.1785 0.8298
vn 0.5990 0.1785 0.7806
vn 0.6647 0.1785 0.7254
vn 0.7254 0.1785 0.6647
vn 0.7806 0.1785 0.5990
vn 0.8298 0.1785 0.5287
vn 0.8299 0.1785 0.5287
vn 0.8728 0.1785 0.4543
vn 0.9090 0.1785 0.3765
vn 0.9384 0.1785 0.2959
vn 0.9606 0.1785 0.2130
vn 0.9755 0.1785 0.1284
vn 0.9830 0.1785 0.0429
vn 0.9830 0.1785 -0.0429
vn 0.9755 0.1785 -0.1284
vn 0.9606 0.1785 -0.2130
vn 0.9384 0.1785 -0.2959
vn 0.9090 0.1785 -0.3765
vn 0.8728 0.1785 -0.4543
vn 0.8298 0.1785 -0.5287
vn 0.7806 0.1785 -0.5990
vn 0.7254 0.1785 -0.6647
vn 0.6647 0.1785 -0.7254
vn 0.5990 0.1785 -0.7806
vn 0.5287 0.1785 -0.8298
vn 0.4543 0.1785 -0.8728
vn 0.3765 0.1785 -0.9090
vn 0.2959 0.1785 -0.9384
vn 0.2130 0.1785 -0.9606
vn 0.1284 0.1785 -0.9755
vn 0.0429 0.1785 -0.9830
vn -0.0429 0.1785 -0.9830
vn -0.1284 0.1785 -0.9755
vn -0.2130 0.1785 -0.9606
vn -0.2959 0.1785 -0.9384
vn -0.3765 0.1785 -0.9090
vn -0.4543 0.1785 -0.8728
vn -0.5287 0.1785 -0.8298
vn -0.5990 0.1785 -0.7806
vn -0.6647 0.1785 -0.7254
vn -0.7254 0.1785 -0.6647
vn -0.7806 0.1785 -0.5990
vn -0.8298 0.1785 -0.5287
vn -0.8299 0.1785 -0.5287
vn -0.8728 0.1785 -0.4543
vn -0.9090 0.1785 -0.3765
vn -0.9384 0.1785 -0.2959
vn -0.9606 0.1785 -0.2130
vn -0.9755 0.1785 -0.1284
vn -0.9830 0.1785 -0.0429
vn -0.9830 0.1785 0.0429
vn -0.9755 0.1785 0.1284
vn -0.9606 0.1785 0.2130
vn -0.9384 0.1785 0.2959
vn -0.9090 0.1785 0.3765
vn -0.8728 0.1785 0.4543
vn -0.8298 0.1785 0.5287
vn -0.7806 0.1785 0.5990
vn -0.7254 0.1785 0.6647
vn -0.6647 0.1785 0.7254
vn -0.5990 0.1785 0.7806
vn -0.5287 0.1785 0.8298
vn -0.4543 0.1785 0.8728
vn -0.3765 0.1785 0.9090
vn -0.2959 0.1785 0.9384
vn -0.2130 0.1785 0.9606
vn -0.1284 0.1785 0.9755
vn -0.0429 0.1785 0.9830
vn 0.0417 0.2947 0.9547
vn 0.1247 0.2947 0.9474
vn 0.2068 0.2947 0.9329
vn 0.2874 0.2947 0.9114
vn 0.2873 0.2947 0.9114
vn 0.3657 0.2947 0.8828
vn 0.3657 0.2947 0.8829
vn 0.4412 0.2947 0.8476
vn 0.5134 0.2947 0.8059
vn 0.5817 0.2947 0.7581
vn 0.6456 0.2947 0.7045
vn 0.7045 0.2947 0.6456
vn 0.7581 0.2947 0.5817
vn 0.8059 0.2947 0.5134
vn 0.8476 0.2947 0.4412
vn 0.8828 0.2947 0.3657
vn 0.9114 0.2947 0.2874
vn 0.9329 0.2947 0.2068
vn 0.9474 0.2947 0.1247
vn 0.9547 0.2947 0.0417
vn 0.9547 0.2947 -0.0417
vn 0.9474 0.2947 -0.1247
vn 0.9329 0.2947 -0.2068
vn 0.9114 0.2947 -0.2874
vn 0.8829 0.2947 -0.3657
vn 0.8828 0.2947 -0.3657
vn 0.8476 0.2947 -0.4412
vn 0.8476 0.2947 -0.4413
vn 0.8059 0.2947 -0.5134
vn 0.7581 0.2947 -0.5817
vn 0.7045 0.2947 -0.6456
vn 0.6456 0.2947 -0.7045
vn 0.5817 0.2947 -0.7581
vn 0.5134 0.2947 -0.8059
vn 0.4412 0.2947 -0.8476
vn 0.3657 0.2947 -0.8828
vn 0.3657 0.2947 -0.8829
vn 0.2874 0.2947 -0.9114
vn 0.2873 0.2947 -0.9114
vn 0.2068 0.2947 -0.9329
vn 0.1247 0.2947 -0.9474
vn 0.0417 0.2947 -0.9547
vn -0.0417 0.2947 -0.9547
vn -0.1247 0.2947 -0.9474
vn -0.2068 0.2947 -0.9329
vn -0.2874 0.2947 -0.9114
vn -0.2873 0.2947 -0.9114
vn -0.3657 0.2947 -0.8828
vn -0.3657 0.2947 -0.8829
vn -0.4412 0.2947 -0.8476
vn -0.5134 0.2947 -0.8059
vn -0.5817 0.2947 -0.7581
vn -0.6456 0.2947 -0.7045
vn -0.7045 0.2947 -0.6456
vn -0.7581 0.2947 -0.5817
vn -0.8059 0.2947 -0.5134
vn -0.8476 0.2947 -0.4412
vn -0.8828 0.2947 -0.3657
vn -0.9114 0.2947 -0.2874
vn -0.9329 0.2947 -0.2068
vn -0.9474 0.2947 -0.1247
vn -0.9547 0.2947 -0.0417
vn -0.9547 0.2947 0.0417
vn -0.9474 0.2947 0.1247
vn -0.9329 0.2947 0.2068
vn -0.9114 0.2947 0.2874
vn -0.8829 0.2947 0.3657
vn -0.8828 0.2947 0.3657
vn -0.8476 0.2947 0.4412
vn -0.8476 0.2947 0.4413
vn -0.8059 0.2947 0.5134
vn -0.7581 0.2947 0.5817
vn -0.7045 0.2947 0.6456
vn -0.6456 0.2947 0.7045
vn -0.5817 0.2947 0.7581
vn -0.5134 0.2947 0.8059
vn -0.4412 0.2947 0.8476
vn -0.3657 0.2947 0.8828
vn -0.3657 0.2947 0.8829
vn -0.2874 0.2947 0.9114
vn -0.2873 0.2947 0.9114
vn -0.2068 0.2947 0.9329
vn -0.1247 0.2947 0.9474
vn -0.0417 0.2947 0.9547
vn 0.1222 0.3513 0.9282
vn 0.2815 0.3513 0.8929
vn 0.4323 0.3513 0.8305
vn 0.5700 0.3513 0.7428
vn 0.6903 0.3513 0.6325
vn 0.7896 0.3513 0.5030
vn 0.8650 0.3513 0.3583
vn 0.9141 0.3513 0.2026
vn 0.9354 0.3513 0.0408
vn 0.9282 0.3513 -0.1222
vn 0.8929 0.3513 -0.2815
vn 0.8305 0.3513 -0.4323
vn 0.7428 0.3513 -0.5700
vn 0.6325 0.3513 -0.6903
vn 0.5030 0.3513 -0.7896
vn 0.3583 0.3513 -0.8650
vn 0.2026 0.3513 -0.9141
vn 0.0408 0.3513 -0.9354
vn -0.1222 0.3513 -0.9282
vn -0.2815 0.3513 -0.8929
vn -0.4323 0.3513 -0.8305
vn -0.5700 0.3513 -0.7428
vn -0.6903 0.3513 -0.6325
vn -0.7896 0.3513 -0.5030
vn -0.8650 0.3513 -0.3583
vn -0.9141 0.3513 -0.2026
vn -0.9354 0.3513 -0.0408
vn -0.9282 0.3513 0.1222
vn -0.8929 0.3513 0.2815
vn -0.8305 0.3513 0.4323
vn -0.7428 0.3513 0.5700
vn -0.6325 0.3513 0.6903
vn -0.5030 0.3513 0.7896
vn -0.3583 0.3513 0.8650
vn -0.1222 0.3513 0.9282
vn -0.0408 0.3513 0.9354
vn -0.2026 0.3513 0.9141
vn -0.2815 0.3513 0.8929
vn -0.4323 0.3513 0.8305
vn -0.5700 0.3513 0.7428
vn -0.6903 0.3513 0.6325
vn -0.7896 0.3513 0.5030
vn -0.8650 0.3513 0.3583
vn -0.9141 0.3513 0.2026
vn -0.9354 0.3513 0.0408
vn -0.9282 0.3513 -0.1222
vn -0.8929 0.3513 -0.2815
vn -0.8305 0.3513 -0.4323
vn -0.7428 0.3513 -0.5700
vn -0.6325 0.3513 -0.6903
vn -0.5030 0.3513 -0.7896
vn -0.3583 0.3513 -0.8650
vn -0.2026 0.3513 -0.9141
vn -0.0408 0.3513 -0.9354
vn 0.1222 0.3513 -0.9282
vn 0.2815 0.3513 -0.8929
vn 0.4323 0.3513 -0.8305
vn 0.5700 0.3513 -0.7428
vn 0.6903 0.3513 -0.6325
vn 0.7896 0.3513 -0.5030
vn 0.8650 0.3513 -0.3583
vn 0.9141 0.3513 -0.2026
vn 0.9354 0.3513 -0.0408
vn 0.9282 0.3513 0.1222
vn 0.8929 0.3513 0.2815
vn 0.8305 0.3513 0.4323
vn 0.7428 0.3513 0.5700
vn 0.6325 0.3513 0.6903
vn 0.5030 0.3513 0.7896
vn 0.3583 0.3513 0.8650
vn 0.2026 0.3513 0.9141
vn 0.0408 0.3513 0.9354
vn 0.7071 -0.0000 -0.7071
vn 0.4421 -0.8648 -0.2381
vn 0.2434 -0.8645 0.4398
vn -0.0870 -0.8655 0.4932
vn -0.3387 -0.8643 0.3719
vn -0.5245 -0.8386 0.1474
vn -0.5534 -0.8323 0.0310
vn -0.4918 -0.8645 -0.1039
vn -0.4898 -0.8680 -0.0813
vn -0.4502 -0.8929 -0.0072
vn -0.4616 -0.8870 -0.0098
vn -0.5021 -0.8639 -0.0398
vn -0.3944 -0.9128 0.1061
vn -0.4503 -0.8622 -0.2320
vn -0.4466 -0.8655 -0.2269
vn -0.4936 -0.8623 -0.1131
vn -0.4889 -0.8655 -0.1092
vn -0.5034 -0.8624 -0.0524
vn -0.4985 -0.8655 -0.0492
vn -0.5060 -0.8625 0.0098
vn -0.4668 -0.8624 0.1959
vn -0.4823 -0.8654 0.1359
vn -0.4874 -0.8622 0.1382
vn -0.4919 -0.8643 0.1052
vn -0.4951 -0.8655 0.0758
vn -0.3581 -0.8655 0.3501
vn -0.3638 -0.8625 0.3518
vn -0.4000 -0.8653 0.3020
vn -0.4052 -0.8626 0.3029
vn -0.4339 -0.8654 0.2507
vn -0.2649 -0.8625 0.4312
vn -0.2604 -0.8652 0.4285
vn -0.2104 -0.8626 0.4600
vn -0.2064 -0.8653 0.4569
vn -0.1525 -0.8627 0.4821
vn -0.0572 -0.8643 0.4997
vn -0.0253 -0.8624 0.5055
vn -0.0258 -0.8651 0.5009
vn 0.0363 -0.8626 0.5046
vn 0.0381 -0.8651 0.5001
vn 0.0974 -0.8627 0.4962
vn 0.2167 -0.8656 0.4515
vn 0.2165 -0.8627 0.4570
vn 0.1578 -0.8651 0.4762
vn 0.3236 -0.8627 0.3886
vn 0.3226 -0.8650 0.3843
vn 0.3683 -0.8628 0.3462
vn 0.3670 -0.8650 0.3422
vn 0.4076 -0.8629 0.2986
vn 0.4058 -0.8650 0.2951
vn 0.4421 -0.8628 0.2450
vn 0.4666 -0.8649 0.1850
vn 0.4703 -0.8627 0.1859
vn 0.4893 -0.8628 0.1270
vn 0.4863 -0.8649 0.1243
vn 0.5009 -0.8629 0.0663
vn 0.4714 -0.8629 -0.1821
vn 0.4872 -0.8648 -0.1217
vn 0.4903 -0.8628 -0.1230
vn 0.4948 -0.8643 -0.0904
vn 0.4972 -0.8656 -0.0603
vn 0.5019 -0.8630 -0.0586
vn 0.5020 -0.8649 0.0033
vn 0.4131 -0.8632 -0.2904
vn 0.4100 -0.8648 -0.2899
vn 0.3735 -0.8631 -0.3400
vn 0.3266 -0.8630 -0.3856
vn 0.2759 -0.8630 -0.4232
vn 0.3013 -0.8643 -0.4028
vn 0.3242 -0.8656 -0.3817
vn 0.1950 -0.8643 -0.4636
vn 0.2208 -0.8656 -0.4494
vn 0.2221 -0.8631 -0.4536
vn 0.2492 -0.8642 -0.4371
vn 0.2741 -0.8656 -0.4191
vn 0.1353 -0.8644 -0.4843
vn 0.1039 -0.8632 -0.4941
vn 0.0102 -0.8643 -0.5029
vn 0.0410 -0.8656 -0.4991
vn 0.0406 -0.8631 -0.5034
vn 0.0735 -0.8643 -0.4977
vn 0.1037 -0.8656 -0.4899
vn -0.0526 -0.8643 -0.5002
vn -0.0840 -0.8632 -0.4978
vn -0.1435 -0.8634 -0.4838
vn -0.1128 -0.8644 -0.4901
vn -0.0827 -0.8656 -0.4939
vn -0.2308 -0.8642 -0.4470
vn -0.2012 -0.8656 -0.4585
vn -0.2034 -0.8633 -0.4619
vn -0.1714 -0.8644 -0.4726
vn -0.1417 -0.8656 -0.4802
vn -0.2846 -0.8644 -0.4145
vn -0.3122 -0.8632 -0.3967
vn -0.3769 -0.8645 -0.3327
vn -0.3552 -0.8656 -0.3530
vn -0.3584 -0.8633 -0.3553
vn -0.3340 -0.8644 -0.3759
vn -0.3093 -0.8656 -0.3939
vn -0.4148 -0.8645 -0.2838
vn -0.4343 -0.8634 -0.2567
vn -0.4634 -0.8633 -0.1998
vn -0.4479 -0.8643 -0.2287
vn -0.4308 -0.8656 -0.2553
vn -0.4906 -0.8643 -0.1107
vn -0.4809 -0.8656 -0.1397
vn -0.4847 -0.8634 -0.1402
vn -0.4731 -0.8643 -0.1707
vn -0.4596 -0.8656 -0.1988
vn -0.5003 -0.8644 -0.0504
vn -0.5039 -0.8636 -0.0191
vn -0.4974 -0.8643 0.0752
vn -0.4989 -0.8656 0.0436
vn -0.5023 -0.8636 0.0445
vn -0.5027 -0.8644 0.0113
vn -0.5003 -0.8656 -0.0195
vn -0.4841 -0.8642 0.1372
vn -0.4754 -0.8635 0.1685
vn -0.4510 -0.8635 0.2255
vn -0.4632 -0.8643 0.1962
vn -0.4722 -0.8656 0.1668
vn -0.4019 -0.8644 0.3022
vn -0.4179 -0.8656 0.2758
vn -0.4203 -0.8637 0.2781
vn -0.4357 -0.8644 0.2510
vn -0.4481 -0.8656 0.2235
vn -0.3605 -0.8643 0.3509
vn -0.3375 -0.8636 0.3746
vn -0.2618 -0.8643 0.4295
vn -0.2864 -0.8656 0.4108
vn -0.2879 -0.8636 0.4139
vn -0.3132 -0.8643 0.3936
vn -0.3356 -0.8656 0.3717
vn -0.2078 -0.8643 0.4580
vn -0.1793 -0.8638 0.4708
vn -0.1188 -0.8638 0.4896
vn -0.1505 -0.8644 0.4798
vn -0.1787 -0.8656 0.4677
vn -0.0253 -0.8643 0.5024
vn -0.0561 -0.8656 0.4977
vn -0.0559 -0.8637 0.5009
vn -0.0883 -0.8643 0.4952
vn -0.1186 -0.8656 0.4865
vn 0.0376 -0.8643 0.5016
vn 0.0692 -0.8638 0.4991
vn 0.1572 -0.8644 0.4776
vn 0.1275 -0.8656 0.4842
vn 0.1287 -0.8639 0.4869
vn 0.0984 -0.8643 0.4932
vn 0.0683 -0.8656 0.4961
vn 0.2171 -0.8642 0.4538
vn 0.2464 -0.8638 0.4394
vn 0.2995 -0.8638 0.4051
vn 0.2726 -0.8643 0.4228
vn 0.2445 -0.8656 0.4370
vn 0.3675 -0.8643 0.3434
vn 0.3447 -0.8656 0.3633
vn 0.3471 -0.8639 0.3650
vn 0.3229 -0.8643 0.3856
vn 0.2974 -0.8656 0.4029
vn 0.4063 -0.8644 0.2962
vn 0.4252 -0.8641 0.2694
vn 0.4680 -0.8642 0.1847
vn 0.4534 -0.8656 0.2126
vn 0.4561 -0.8640 0.2134
vn 0.4408 -0.8643 0.2423
vn 0.4228 -0.8656 0.2683
vn 0.4872 -0.8643 0.1250
vn 0.4946 -0.8640 0.0942
vn 0.5021 -0.8641 0.0340
vn 0.4987 -0.8643 0.0648
vn 0.4919 -0.8656 0.0941
vn 0.4994 -0.8643 -0.0601
vn 0.4999 -0.8656 -0.0284
vn 0.5023 -0.8642 -0.0289
vn 0.5028 -0.8644 0.0041
vn 0.4996 -0.8656 0.0342
vn 0.4879 -0.8642 -0.1227
vn 0.4793 -0.8641 -0.1538
vn 0.4429 -0.8643 -0.2384
vn 0.4545 -0.8656 -0.2103
vn 0.4566 -0.8641 -0.2117
vn 0.4688 -0.8643 -0.1824
vn 0.4770 -0.8656 -0.1526
vn 0.4108 -0.8644 -0.2899
vn 0.3912 -0.8643 -0.3161
vn 0.3481 -0.8642 -0.3633
vn 0.3709 -0.8643 -0.3398
vn 0.3897 -0.8656 -0.3144
vn 0.2745 -0.8642 -0.4216
vn 0.2986 -0.8655 -0.4020
vn 0.2997 -0.8642 -0.4042
vn 0.3250 -0.8643 -0.3839
vn 0.3468 -0.8655 -0.3613
vn 0.2208 -0.8643 -0.4519
vn 0.1928 -0.8643 -0.4645
vn 0.1033 -0.8643 -0.4923
vn 0.1334 -0.8656 -0.4827
vn 0.1336 -0.8644 -0.4847
vn 0.1650 -0.8644 -0.4750
vn 0.1923 -0.8656 -0.4624
vn 0.0403 -0.8642 -0.5015
vn 0.0080 -0.8643 -0.5029
vn -0.0543 -0.8643 -0.5000
vn -0.0230 -0.8642 -0.5026
vn 0.0083 -0.8655 -0.5008
vn -0.1425 -0.8644 -0.4822
vn -0.1134 -0.8656 -0.4877
vn -0.1142 -0.8644 -0.4896
vn -0.0837 -0.8643 -0.4959
vn -0.0537 -0.8656 -0.4979
vn -0.2029 -0.8643 -0.4603
vn -0.2323 -0.8645 -0.4458
vn -0.3113 -0.8643 -0.3951
vn -0.2852 -0.8655 -0.4117
vn -0.2865 -0.8644 -0.4131
vn -0.2594 -0.8643 -0.4310
vn -0.2311 -0.8656 -0.4443
vn -0.3575 -0.8643 -0.3539
vn -0.3781 -0.8646 -0.3311
vn -0.4159 -0.8647 -0.2818
vn -0.3970 -0.8644 -0.3085
vn -0.3765 -0.8656 -0.3301
vn -0.4620 -0.8643 -0.1990
vn -0.4467 -0.8656 -0.2263
vn -0.4484 -0.8646 -0.2268
vn -0.4331 -0.8643 -0.2558
vn -0.4144 -0.8656 -0.2811
vn -0.4834 -0.8642 -0.1394
vn -0.4906 -0.8646 -0.1087
vn -0.5025 -0.8644 -0.0194
vn -0.4984 -0.8656 -0.0486
vn -0.5001 -0.8646 -0.0485
vn -0.4968 -0.8643 -0.0790
vn -0.4889 -0.8656 -0.1086
vn -0.5010 -0.8643 0.0446
vn -0.4964 -0.8647 0.0769
vn -0.4828 -0.8647 0.1389
vn -0.4915 -0.8642 0.1077
vn -0.4949 -0.8656 0.0765
vn -0.4497 -0.8643 0.2254
vn -0.4605 -0.8656 0.1968
vn -0.4618 -0.8647 0.1976
vn -0.4742 -0.8642 0.1683
vn -0.4814 -0.8656 0.1382
vn -0.4193 -0.8644 0.2773
vn -0.4000 -0.8649 0.3033
vn -0.3365 -0.8643 0.3739
vn -0.3576 -0.8655 0.3506
vn -0.3583 -0.8648 0.3516
vn -0.3812 -0.8643 0.3282
vn -0.3991 -0.8656 0.3024
vn -0.2870 -0.8642 0.4132
vn -0.2599 -0.8648 0.4296
vn -0.1788 -0.8644 0.4700
vn -0.2055 -0.8656 0.4567
vn -0.2058 -0.8649 0.4579
vn -0.2341 -0.8642 0.4453
vn -0.2594 -0.8656 0.4284
vn -0.1184 -0.8643 0.4889
vn -0.0862 -0.8649 0.4944
vn -0.0232 -0.8649 0.5014
vn -0.0554 -0.8642 0.5001
vn -0.0862 -0.8656 0.4933
vn 0.0694 -0.8643 0.4982
vn 0.0390 -0.8655 0.4993
vn 0.0393 -0.8649 0.5004
vn 0.0076 -0.8642 0.5031
vn -0.0234 -0.8655 0.5003
vn 0.1285 -0.8644 0.4861
vn 0.1589 -0.8651 0.4757
vn 0.2464 -0.8642 0.4387
vn 0.2175 -0.8656 0.4511
vn 0.2180 -0.8651 0.4518
vn 0.1886 -0.8643 0.4663
vn 0.1585 -0.8656 0.4750
vn 0.2994 -0.8642 0.4043
vn 0.3235 -0.8650 0.3835
vn 0.3676 -0.8651 0.3413
vn 0.3469 -0.8642 0.3643
vn 0.3228 -0.8655 0.3830
vn 0.4250 -0.8643 0.2689
vn 0.4057 -0.8656 0.2936
vn 0.4063 -0.8652 0.2939
vn 0.3881 -0.8644 0.3198
vn 0.3669 -0.8656 0.3408
vn 0.4559 -0.8642 0.2128
vn 0.4671 -0.8652 0.1826
vn 0.4943 -0.8642 0.0937
vn 0.4855 -0.8656 0.1230
vn 0.4862 -0.8651 0.1230
vn 0.4790 -0.8642 0.1539
vn 0.4664 -0.8655 0.1824
vn 0.5018 -0.8643 0.0336
vn 0.5012 -0.8653 0.0020
vn 0.4975 -0.8653 -0.0615
vn 0.5021 -0.8643 -0.0293
vn 0.5008 -0.8656 0.0021
vn 0.4789 -0.8642 -0.1542
vn 0.4853 -0.8655 -0.1236
vn 0.4858 -0.8653 -0.1238
vn 0.4945 -0.8642 -0.0928
vn 0.4970 -0.8656 -0.0614
vn 0.4562 -0.8643 -0.2120
vn 0.4407 -0.8653 -0.2389
vn 0.3909 -0.8643 -0.3166
vn 0.4081 -0.8656 -0.2902
vn 0.4084 -0.8654 -0.2904
vn 0.4272 -0.8643 -0.2655
vn 0.4403 -0.8656 -0.2386
vn 0.3477 -0.8642 -0.3636
vn 0.3225 -0.8654 -0.3836
vn 0.2722 -0.8653 -0.4208
vn 0.2991 -0.8642 -0.4045
vn 0.3223 -0.8655 -0.3834
vn 0.1923 -0.8643 -0.4647
vn 0.2186 -0.8656 -0.4506
vn 0.2187 -0.8654 -0.4508
vn 0.2469 -0.8642 -0.4383
vn 0.2720 -0.8655 -0.4205
vn 0.1333 -0.8643 -0.4850
vn 0.1012 -0.8655 -0.4905
vn 0.0076 -0.8642 -0.5031
vn 0.0384 -0.8655 -0.4994
vn 0.0384 -0.8655 -0.4995
vn 0.0705 -0.8642 -0.4982
vn -0.0548 -0.8642 -0.5001
vn -0.0851 -0.8655 -0.4936
vn -0.1441 -0.8656 -0.4795
vn -0.1149 -0.8643 -0.4897
vn -0.0851 -0.8656 -0.4935
vn -0.2328 -0.8642 -0.4460
vn -0.2036 -0.8655 -0.4576
vn -0.2035 -0.8657 -0.4574
vn -0.1745 -0.8643 -0.4718
vn -0.1441 -0.8656 -0.4796
vn -0.2873 -0.8642 -0.4131
vn -0.3112 -0.8656 -0.3923
vn -0.3789 -0.8643 -0.3308
vn -0.3569 -0.8656 -0.3513
vn -0.3568 -0.8656 -0.3513
vn -0.3361 -0.8642 -0.3744
vn -0.3113 -0.8655 -0.3924
vn -0.4167 -0.8643 -0.2818
vn -0.4318 -0.8658 -0.2530
vn -0.4604 -0.8657 -0.1964
vn -0.4493 -0.8642 -0.2266
vn -0.4322 -0.8655 -0.2531
vn -0.4913 -0.8642 -0.1082
vn -0.4817 -0.8655 -0.1374
vn -0.4814 -0.8657 -0.1373
vn -0.4742 -0.8642 -0.1683
vn -0.4607 -0.8655 -0.1965
vn -0.4182 -0.8622 -0.2857
vn -0.4141 -0.8655 -0.2817
vn -0.4170 -0.8624 -0.2871
vn -0.4475 -0.8655 -0.2251
vn -0.4513 -0.8621 -0.2305
vn -0.4286 -0.8646 -0.2621
vn -0.4297 -0.8490 -0.3075
vn -0.4645 -0.8639 -0.1947
vn -0.4841 -0.8571 -0.1760
vn -0.4768 -0.8620 -0.1719
vn -0.4709 -0.8655 -0.1707
vn -0.4736 -0.8654 -0.1639
vn -0.4897 -0.8631 -0.1239
vn -0.5133 -0.8499 -0.1193
vn -0.4933 -0.8649 -0.0924
vn -0.5040 -0.8622 -0.0507
vn -0.5061 -0.8609 -0.0521
vn -0.5024 -0.8644 -0.0206
vn -0.5064 -0.8622 0.0115
vn -0.5009 -0.8654 0.0123
vn -0.5008 -0.8624 0.0738
vn -0.5007 -0.8655 0.0144
vn -0.5012 -0.8635 0.0561
vn -0.5201 -0.8508 0.0753
vn -0.4938 -0.8651 0.0878
vn -0.4877 -0.8620 0.1382
vn -0.5108 -0.8493 0.1332
vn -0.4760 -0.8646 0.1612
vn -0.4667 -0.8620 0.1976
vn -0.4611 -0.8653 0.1963
vn -0.4393 -0.8625 0.2510
vn -0.4601 -0.8655 0.1982
vn -0.4481 -0.8639 0.2297
vn -0.4465 -0.8575 0.2554
vn -0.4312 -0.8654 0.2553
vn -0.4048 -0.8622 0.3045
vn -0.4498 -0.8371 0.3114
vn -0.3891 -0.8649 0.3170
vn -0.3631 -0.8621 0.3535
vn -0.3641 -0.8616 0.3538
vn -0.3373 -0.8642 0.3733
vn -0.3158 -0.8620 0.3965
vn -0.3153 -0.8623 0.3962
vn -0.3128 -0.8653 0.3918
vn -0.3096 -0.8655 0.3939
vn -0.2786 -0.8635 0.4205
vn -0.2762 -0.8511 0.4465
vn -0.2502 -0.8651 0.4347
vn -0.2095 -0.8622 0.4613
vn -0.2262 -0.8509 0.4742
vn -0.1852 -0.8647 0.4670
vn -0.1515 -0.8622 0.4833
vn -0.1492 -0.8652 0.4787
vn -0.0905 -0.8626 0.4977
vn -0.1470 -0.8655 0.4788
vn -0.1131 -0.8639 0.4908
vn -0.0926 -0.8560 0.5086
vn -0.0808 -0.8654 0.4946
vn -0.0255 -0.8620 0.5062
vn -0.0484 -0.8375 0.5443
vn -0.0056 -0.8648 0.5020
vn 0.0376 -0.8620 0.5054
vn 0.0374 -0.8617 0.5061
vn 0.0685 -0.8643 0.4984
vn 0.0988 -0.8622 0.4969
vn 0.0986 -0.8651 0.4918
vn 0.1571 -0.8628 0.4805
vn 0.1006 -0.8655 0.4907
vn 0.1399 -0.8636 0.4843
vn 0.1614 -0.8508 0.5000
vn 0.1698 -0.8652 0.4719
vn 0.2183 -0.8621 0.4573
vn 0.2174 -0.8512 0.4778
vn 0.2402 -0.8645 0.4415
vn 0.2743 -0.8620 0.4263
vn 0.2740 -0.8626 0.4253
vn 0.2711 -0.8650 0.4222
vn 0.2737 -0.8655 0.4196
vn 0.3042 -0.8638 0.4016
vn 0.3303 -0.8560 0.3976
vn 0.3272 -0.8653 0.3797
vn 0.3699 -0.8622 0.3461
vn 0.3831 -0.8396 0.3851
vn 0.3793 -0.8649 0.3288
vn 0.4092 -0.8622 0.2985
vn 0.4084 -0.8631 0.2970
vn 0.4249 -0.8643 0.2693
vn 0.4439 -0.8621 0.2444
vn 0.4392 -0.8656 0.2407
vn 0.4548 -0.8643 0.2149
vn 0.4403 -0.8655 0.2389
vn 0.4621 -0.8634 0.2024
vn 0.4882 -0.8502 0.1969
vn 0.4715 -0.8651 0.1714
vn 0.4909 -0.8620 0.1264
vn 0.5054 -0.8515 0.1396
vn 0.4925 -0.8645 0.1001
vn 0.5024 -0.8622 0.0656
vn 0.4978 -0.8649 0.0642
vn 0.5051 -0.8631 0.0049
vn 0.4971 -0.8655 0.0618
vn 0.5028 -0.8640 0.0281
vn 0.5171 -0.8559 0.0060
vn 0.5011 -0.8654 -0.0035
vn 0.5032 -0.8621 -0.0600
vn 0.5414 -0.8395 -0.0450
vn 0.4957 -0.8648 -0.0801
vn 0.4917 -0.8620 -0.1231
vn 0.4894 -0.8632 -0.1237
vn 0.4791 -0.8641 -0.1540
vn 0.4725 -0.8620 -0.1834
vn 0.4678 -0.8648 -0.1825
vn 0.4454 -0.8630 -0.2382
vn 0.4659 -0.8655 -0.1842
vn 0.4523 -0.8635 -0.2232
vn 0.4642 -0.8510 -0.2456
vn 0.4353 -0.8651 -0.2491
vn 0.4140 -0.8623 -0.2918
vn 0.4314 -0.8529 -0.2940
vn 0.3945 -0.8646 -0.3112
vn 0.3739 -0.8621 -0.3420
vn 0.3689 -0.8656 -0.3388
vn 0.3495 -0.8643 -0.3618
vn 0.3676 -0.8655 -0.3403
vn 0.3437 -0.8638 -0.3685
vn 0.3374 -0.8547 -0.3946
vn 0.3177 -0.8653 -0.3878
vn 0.2770 -0.8620 -0.4245
vn 0.3121 -0.8401 -0.4436
vn 0.2571 -0.8648 -0.4313
vn 0.2230 -0.8621 -0.4549
vn 0.2203 -0.8639 -0.4530
vn 0.1927 -0.8642 -0.4648
vn 0.1663 -0.8623 -0.4784
vn 0.1655 -0.8632 -0.4769
vn 0.1648 -0.8656 -0.4728
vn 0.1617 -0.8655 -0.4741
vn 0.1212 -0.8634 -0.4897
vn 0.1122 -0.8499 -0.5149
vn 0.0887 -0.8651 -0.4938
vn 0.0411 -0.8620 -0.5052
vn 0.0501 -0.8531 -0.5193
vn 0.0134 -0.8644 -0.5025
vn -0.0223 -0.8620 -0.5064
vn -0.0225 -0.8631 -0.5045
vn -0.0217 -0.8656 -0.5003
vn -0.0251 -0.8655 -0.5003
vn -0.0610 -0.8638 -0.5001
vn -0.0840 -0.8552 -0.5115
vn -0.0912 -0.8653 -0.4928
vn -0.1437 -0.8623 -0.4856
vn -0.1361 -0.8418 -0.5223
vn -0.1624 -0.8649 -0.4750
vn -0.2039 -0.8621 -0.4639
vn -0.2043 -0.8650 -0.4582
vn -0.2344 -0.8639 -0.4458
vn -0.2610 -0.8620 -0.4345
vn -0.2602 -0.8632 -0.4326
vn -0.2577 -0.8656 -0.4294
vn -0.2606 -0.8655 -0.4278
vn -0.2985 -0.8633 -0.4070
vn -0.3227 -0.8501 -0.4162
vn -0.3216 -0.8650 -0.3850
vn -0.3595 -0.8621 -0.3570
vn -0.3640 -0.8541 -0.3715
vn -0.3748 -0.8645 -0.3348
vn -0.3998 -0.8623 -0.3109
vn -0.3984 -0.8635 -0.3093
vn -0.3951 -0.8656 -0.3076
vn -0.3972 -0.8655 -0.3051
vn -0.4212 -0.8638 -0.2764
vn -0.4467 -0.8539 -0.2672
vn -0.4360 -0.8653 -0.2473
vn -0.4653 -0.8620 -0.2010
vn -0.4883 -0.8418 -0.2300
vn -0.4693 -0.8647 -0.1789
vn -0.4868 -0.8620 -0.1412
vn -0.4827 -0.8650 -0.1373
vn -0.4916 -0.8642 -0.1078
vn -0.5003 -0.8621 -0.0805
vn -0.4981 -0.8634 -0.0797
vn -0.4944 -0.8656 -0.0797
vn -0.4950 -0.8655 -0.0765
vn -0.5032 -0.8635 -0.0356
vn -0.5252 -0.8506 -0.0235
vn -0.5015 -0.8651 -0.0044
vn -0.5048 -0.8621 0.0443
vn -0.5172 -0.8550 0.0391
vn -0.4975 -0.8645 0.0723
vn -0.4953 -0.8620 0.1078
vn -0.4928 -0.8635 0.1077
vn -0.4894 -0.8656 0.1064
vn -0.4888 -0.8655 0.1096
vn -0.4822 -0.8637 0.1467
vn -0.4917 -0.8537 0.1713
vn -0.4695 -0.8653 0.1759
vn -0.4534 -0.8621 0.2263
vn -0.4163 -0.8655 0.2785
vn -0.4226 -0.8623 0.2791
vn -0.4394 -0.8648 0.2429
vn -0.4882 -0.8431 0.2253
vn -0.4000 -0.8641 0.3053
vn -0.3854 -0.8614 0.3308
vn -0.3821 -0.8637 0.3288
vn -0.3800 -0.8656 0.3262
vn -0.3777 -0.8655 0.3290
vn -0.3501 -0.8633 0.3636
vn -0.3561 -0.8495 0.3892
vn -0.3241 -0.8650 0.3831
vn -0.2899 -0.8620 0.4158
vn -0.3014 -0.8552 0.4218
vn -0.2640 -0.8644 0.4279
vn -0.2365 -0.8621 0.4482
vn -0.2348 -0.8637 0.4460
vn -0.2338 -0.8656 0.4428
vn -0.2311 -0.8655 0.4445
vn -0.1995 -0.8638 0.4626
vn -0.1876 -0.8542 0.4849
vn -0.1701 -0.8653 0.4715
vn -0.1200 -0.8621 0.4922
vn -0.0530 -0.8655 0.4982
vn -0.0567 -0.8620 0.5037
vn -0.0966 -0.8647 0.4928
vn -0.1425 -0.8438 0.5174
vn -0.0209 -0.8640 0.5030
vn 0.0065 -0.8609 0.5088
vn 0.0073 -0.8637 0.5039
vn 0.0067 -0.8656 0.5007
vn 0.0106 -0.8654 0.5009
vn 0.0534 -0.8633 0.5019
vn 0.0684 -0.8502 0.5220
vn 0.0839 -0.8650 0.4947
vn 0.1290 -0.8623 0.4898
vn 0.1266 -0.8566 0.5001
vn 0.1550 -0.8645 0.4781
vn 0.1893 -0.8621 0.4700
vn 0.1887 -0.8639 0.4669
vn 0.1872 -0.8656 0.4645
vn 0.1900 -0.8655 0.4635
vn 0.2267 -0.8637 0.4502
vn 0.2527 -0.8527 0.4573
vn 0.2539 -0.8652 0.4324
vn 0.3009 -0.8620 0.4079
vn 0.3470 -0.8655 0.3613
vn 0.3488 -0.8621 0.3676
vn 0.3161 -0.8647 0.3904
vn 0.3057 -0.8442 0.4404
vn 0.3703 -0.8641 0.3408
vn 0.3917 -0.8610 0.3244
vn 0.3883 -0.8640 0.3204
vn 0.3859 -0.8656 0.3191
vn 0.3884 -0.8655 0.3163
vn 0.4174 -0.8633 0.2835
vn 0.4434 -0.8496 0.2858
vn 0.4325 -0.8650 0.2545
vn 0.4589 -0.8620 0.2153
vn 0.4647 -0.8569 0.2231
vn 0.4670 -0.8644 0.1865
vn 0.4822 -0.8620 0.1561
vn 0.4793 -0.8639 0.1545
vn 0.4765 -0.8656 0.1541
vn 0.4776 -0.8654 0.1513
vn 0.4907 -0.8637 0.1155
vn 0.5119 -0.8531 0.1007
vn 0.4942 -0.8652 0.0843
vn 0.5053 -0.8622 0.0347
vn 0.4999 -0.8655 -0.0312
vn 0.5058 -0.8622 -0.0285
vn 0.5020 -0.8648 0.0124
vn 0.5302 -0.8464 0.0503
vn 0.4993 -0.8640 -0.0645
vn 0.5029 -0.8594 -0.0925
vn 0.4948 -0.8641 -0.0924
vn 0.4924 -0.8656 -0.0915
vn 0.4917 -0.8654 -0.0961
vn 0.4853 -0.8632 -0.1393
vn 0.5036 -0.8495 -0.1571
vn 0.4726 -0.8649 -0.1689
vn 0.4600 -0.8621 -0.2126
vn 0.4690 -0.8574 -0.2121
vn 0.4436 -0.8644 -0.2366
vn 0.4308 -0.8622 -0.2664
vn 0.4276 -0.8642 -0.2651
vn 0.4258 -0.8656 -0.2635
vn 0.4244 -0.8655 -0.2659
vn 0.4054 -0.8638 -0.2993
vn 0.4091 -0.8522 -0.3261
vn 0.3832 -0.8653 -0.3233
vn 0.3511 -0.8620 -0.3655
vn 0.2964 -0.8655 -0.4039
vn 0.3025 -0.8620 -0.4068
vn 0.3305 -0.8646 -0.3784
vn 0.3793 -0.8460 -0.3747
vn 0.2711 -0.8640 -0.4243
vn 0.2526 -0.8595 -0.4443
vn 0.2475 -0.8642 -0.4380
vn 0.2467 -0.8656 -0.4358
vn 0.2428 -0.8654 -0.4382
vn 0.2069 -0.8633 -0.4604
vn 0.2052 -0.8506 -0.4842
vn 0.1776 -0.8650 -0.4692
vn 0.1353 -0.8622 -0.4882
vn 0.1399 -0.8586 -0.4931
vn 0.1047 -0.8643 -0.4919
vn 0.0724 -0.8620 -0.5016
vn 0.0711 -0.8643 -0.4978
vn 0.0711 -0.8656 -0.4957
vn 0.0684 -0.8655 -0.4963
vn 0.0293 -0.8636 -0.5034
vn 0.0119 -0.8519 -0.5236
vn -0.0028 -0.8652 -0.5015
vn -0.0540 -0.8621 -0.5039
vn -0.1160 -0.8655 -0.4873
vn -0.1144 -0.8622 -0.4934
vn -0.0765 -0.8647 -0.4964
vn -0.0434 -0.8468 -0.5302
vn -0.1477 -0.8641 -0.4812
vn -0.1756 -0.8587 -0.4815
vn -0.1738 -0.8646 -0.4715
vn -0.1729 -0.8656 -0.4700
vn -0.1776 -0.8654 -0.4685
vn -0.2199 -0.8631 -0.4545
vn -0.2399 -0.8494 -0.4701
vn -0.2473 -0.8649 -0.4368
vn -0.2883 -0.8620 -0.4169
vn -0.2890 -0.8587 -0.4231
vn -0.3103 -0.8643 -0.3958
vn -0.3376 -0.8621 -0.3780
vn -0.3354 -0.8645 -0.3744
vn -0.3339 -0.8656 -0.3732
vn -0.3360 -0.8655 -0.3715
vn -0.3657 -0.8636 -0.3470
vn -0.3908 -0.8526 -0.3468
vn -0.3840 -0.8652 -0.3224
vn -0.4190 -0.8622 -0.2847
vn -0.4481 -0.8655 -0.2240
vn -0.4519 -0.8621 -0.2295
vn -0.4289 -0.8647 -0.2616
vn -0.4314 -0.8478 -0.3084
vn -0.4647 -0.8639 -0.1941
vn -0.4834 -0.8579 -0.1743
vn -0.4734 -0.8646 -0.1686
vn -0.4717 -0.8655 -0.1683
vn -0.4738 -0.8654 -0.1633
vn -0.4897 -0.8631 -0.1233
vn -0.5136 -0.8498 -0.1181
vn -0.4934 -0.8649 -0.0918
vn -0.5041 -0.8622 -0.0496
vn -0.5077 -0.8600 -0.0520
vn -0.5023 -0.8644 -0.0201
vn -0.5064 -0.8622 0.0127
vn -0.5019 -0.8648 0.0134
vn -0.5006 -0.8656 0.0131
vn -0.5006 -0.8655 0.0156
vn -0.5011 -0.8636 0.0567
vn -0.5193 -0.8511 0.0765
vn -0.4937 -0.8651 0.0884
vn -0.4874 -0.8620 0.1394
vn -0.4596 -0.8655 0.1992
vn -0.4663 -0.8620 0.1987
vn -0.4758 -0.8646 0.1617
vn -0.5126 -0.8481 0.1340
vn -0.4478 -0.8640 0.2302
vn -0.4448 -0.8583 0.2560
vn -0.4344 -0.8648 0.2521
vn -0.4332 -0.8656 0.2511
vn -0.4308 -0.8654 0.2557
vn -0.4108 -0.8633 0.2933
vn -0.4227 -0.8497 0.3151
vn -0.3887 -0.8649 0.3175
vn -0.3623 -0.8621 0.3544
vn -0.3651 -0.8605 0.3552
vn -0.3367 -0.8643 0.3737
vn -0.3148 -0.8620 0.3973
vn -0.3112 -0.8648 0.3941
vn -0.3106 -0.8655 0.3929
vn -0.3087 -0.8655 0.3946
vn -0.2780 -0.8635 0.4208
vn -0.2748 -0.8515 0.4467
vn -0.2497 -0.8652 0.4349
vn -0.2084 -0.8622 0.4617
vn -0.2267 -0.8498 0.4758
vn -0.1847 -0.8647 0.4671
vn -0.1504 -0.8622 0.4837
vn -0.1482 -0.8650 0.4794
vn -0.1481 -0.8656 0.4784
vn -0.1459 -0.8655 0.4792
vn -0.1125 -0.8639 0.4909
vn -0.0910 -0.8567 0.5077
vn -0.0802 -0.8654 0.4947
vn -0.0243 -0.8620 0.5063
vn -0.0483 -0.8362 0.5462
vn -0.0049 -0.8649 0.5020
vn 0.0388 -0.8620 0.5053
vn 0.0377 -0.8607 0.5077
vn 0.0692 -0.8643 0.4982
vn 0.0999 -0.8622 0.4966
vn 0.0997 -0.8650 0.4918
vn 0.0993 -0.8656 0.4908
vn 0.1017 -0.8655 0.4905
vn 0.1404 -0.8637 0.4841
vn 0.1625 -0.8511 0.4991
vn 0.1703 -0.8652 0.4717
vn 0.2194 -0.8621 0.4568
vn 0.2185 -0.8500 0.4793
vn 0.2407 -0.8646 0.4412
vn 0.2753 -0.8620 0.4256
vn 0.2733 -0.8650 0.4208
vn 0.2726 -0.8655 0.4201
vn 0.2747 -0.8655 0.4189
vn 0.3046 -0.8639 0.4012
vn 0.3306 -0.8567 0.3958
vn 0.3276 -0.8653 0.3793
vn 0.3707 -0.8622 0.3453
vn 0.3846 -0.8384 0.3862
vn 0.3796 -0.8649 0.3283
vn 0.4098 -0.8623 0.2976
vn 0.4100 -0.8621 0.2978
vn 0.4251 -0.8643 0.2688
vn 0.4445 -0.8621 0.2434
vn 0.4403 -0.8652 0.2400
vn 0.4397 -0.8656 0.2398
vn 0.4409 -0.8655 0.2379
vn 0.4623 -0.8634 0.2018
vn 0.4883 -0.8505 0.1955
vn 0.4717 -0.8651 0.1708
vn 0.4911 -0.8620 0.1252
vn 0.5072 -0.8504 0.1398
vn 0.4926 -0.8646 0.0995
vn 0.5025 -0.8622 0.0644
vn 0.4975 -0.8652 0.0629
vn 0.4968 -0.8656 0.0629
vn 0.4972 -0.8655 0.0607
vn 0.5028 -0.8640 0.0275
vn 0.5161 -0.8565 0.0046
vn 0.5011 -0.8654 -0.0041
vn 0.5031 -0.8621 -0.0612
vn 0.5434 -0.8382 -0.0455
vn 0.4955 -0.8648 -0.0807
vn 0.4914 -0.8620 -0.1243
vn 0.4909 -0.8623 -0.1244
vn 0.4788 -0.8642 -0.1546
vn 0.4721 -0.8620 -0.1845
vn 0.4666 -0.8653 -0.1834
vn 0.4662 -0.8655 -0.1831
vn 0.4655 -0.8655 -0.1852
vn 0.4520 -0.8635 -0.2237
vn 0.4632 -0.8513 -0.2465
vn 0.4350 -0.8652 -0.2496
vn 0.4132 -0.8623 -0.2928
vn 0.4327 -0.8518 -0.2953
vn 0.3941 -0.8646 -0.3116
vn 0.3731 -0.8621 -0.3429
vn 0.3683 -0.8654 -0.3397
vn 0.3681 -0.8655 -0.3396
vn 0.3668 -0.8655 -0.3412
vn 0.3432 -0.8638 -0.3689
vn 0.3356 -0.8553 -0.3947
vn 0.3172 -0.8653 -0.3881
vn 0.2761 -0.8620 -0.4251
vn 0.3128 -0.8389 -0.4453
vn 0.2566 -0.8648 -0.4315
vn 0.2220 -0.8622 -0.4554
vn 0.2208 -0.8629 -0.4546
vn 0.1918 -0.8643 -0.4650
vn 0.1652 -0.8623 -0.4788
vn 0.1625 -0.8655 -0.4738
vn 0.1625 -0.8656 -0.4737
vn 0.1606 -0.8655 -0.4744
vn 0.1205 -0.8635 -0.4898
vn 0.1108 -0.8501 -0.5148
vn 0.0881 -0.8651 -0.4938
vn 0.0399 -0.8620 -0.5053
vn 0.0500 -0.8520 -0.5211
vn 0.0128 -0.8645 -0.5025
vn -0.0234 -0.8620 -0.5063
vn -0.0242 -0.8655 -0.5004
vn -0.0241 -0.8655 -0.5003
vn -0.0263 -0.8655 -0.5003
vn -0.0616 -0.8638 -0.5000
vn -0.0851 -0.8558 -0.5103
vn -0.0917 -0.8653 -0.4927
vn -0.1448 -0.8623 -0.4853
vn -0.1369 -0.8406 -0.5241
vn -0.1630 -0.8649 -0.4748
vn -0.2050 -0.8621 -0.4634
vn -0.2053 -0.8641 -0.4596
vn -0.2338 -0.8642 -0.4456
vn -0.2620 -0.8620 -0.4339
vn -0.2598 -0.8656 -0.4281
vn -0.2598 -0.8655 -0.4282
vn -0.2616 -0.8655 -0.4272
vn -0.2989 -0.8634 -0.4065
vn -0.3236 -0.8503 -0.4151
vn -0.3221 -0.8651 -0.3846
vn -0.3604 -0.8621 -0.3562
vn -0.3655 -0.8530 -0.3725
vn -0.3752 -0.8646 -0.3343
vn -0.4005 -0.8623 -0.3099
vn -0.3964 -0.8657 -0.3055
vn -0.3967 -0.8656 -0.3057
vn -0.3979 -0.8655 -0.3042
vn -0.4215 -0.8638 -0.2759
vn -0.4465 -0.8545 -0.2655
vn -0.4363 -0.8653 -0.2468
vn -0.4658 -0.8620 -0.1999
vn -0.4902 -0.8406 -0.2305
vn -0.4694 -0.8648 -0.1784
vn -0.4872 -0.8620 -0.1401
vn -0.4844 -0.8640 -0.1375
vn -0.4917 -0.8641 -0.1071
vn -0.5004 -0.8621 -0.0793
vn -0.4742 -0.8776 -0.0705
vn -0.4992 -0.8647 -0.0558
vn -0.4762 -0.8731 0.1044
vn -0.4968 -0.8639 0.0830
vn -0.4973 -0.8645 0.0729
vn -0.5080 -0.8590 0.0635
vn -0.4848 -0.8736 0.0427
vn -0.5038 -0.8633 0.0301
vn -0.5015 -0.8651 -0.0038
vn -0.5250 -0.8508 -0.0223
vn -0.5031 -0.8635 -0.0350
vn -0.4952 -0.8655 -0.0754
vn 0.3451 0.8641 -0.3665
vn 0.3887 0.8640 -0.3199
vn 0.4256 0.8640 -0.2689
vn 0.4551 0.8641 -0.2148
vn 0.4777 0.8642 -0.1580
vn 0.4941 0.8641 -0.0960
vn 0.5024 0.8640 -0.0326
vn 0.5024 0.8641 0.0304
vn 0.4948 0.8642 0.0916
vn 0.4800 0.8642 0.1507
vn 0.4570 0.8641 0.2107
vn 0.4268 0.8641 0.2669
vn 0.3900 0.8641 0.3181
vn 0.3480 0.8642 0.3634
vn 0.3016 0.8643 0.4026
vn 0.2479 0.8642 0.4379
vn 0.1905 0.8641 0.4658
vn 0.1307 0.8642 0.4860
vn 0.0700 0.8642 0.4982
vn 0.0095 0.8643 0.5029
vn -0.0545 0.8642 0.5002
vn -0.1176 0.8642 0.4893
vn -0.1779 0.8642 0.4707
vn -0.2342 0.8642 0.4452
vn -0.2860 0.8643 0.4137
vn -0.3362 0.8643 0.3741
vn -0.3811 0.8642 0.3285
vn -0.4193 0.8642 0.2782
vn -0.4500 0.8643 0.2246
vn -0.4736 0.8644 0.1688
vn -0.4914 0.8643 0.1073
vn -0.5011 0.8643 0.0440
vn -0.5027 0.8643 -0.0192
vn -0.4964 0.8643 -0.0807
vn -0.4830 0.8644 -0.1396
vn -0.4615 0.8642 -0.2003
vn 0.0816 0.8649 -0.4953
vn 0.0591 0.8191 -0.5706
vn 0.0432 0.8883 -0.4572
vn 0.0185 0.8734 -0.4867
vn -0.0225 0.8555 -0.5173
vn -0.0158 0.8633 -0.5045
vn -0.0416 0.8648 -0.5004
vn -0.0474 0.8606 -0.5071
vn -0.0677 0.8728 -0.4834
vn -0.0904 0.8361 -0.5411
vn -0.0924 0.8736 -0.4778
vn -0.3790 0.8620 -0.3364
vn -0.3726 0.8655 -0.3348
vn -0.3476 0.8636 -0.3653
vn -0.4980 0.8359 -0.2307
vn -0.4374 0.8649 -0.2464
vn -0.4180 0.8620 -0.2867
vn -0.4213 0.8603 -0.2871
vn -0.3963 0.8643 -0.3098
vn -0.4878 0.8655 -0.1134
vn -0.5259 0.8495 -0.0421
vn -0.4957 0.8655 0.0721
vn -0.4874 0.8620 0.1395
vn -0.4925 0.8390 0.2315
vn -0.4010 0.8655 0.3003
vn -0.3682 0.8509 0.3748
vn -0.2612 0.8655 0.4273
vn -0.2072 0.8623 0.4620
vn -0.1399 0.8385 0.5266
vn -0.0242 0.8655 0.5003
vn 0.0512 0.8528 0.5197
vn 0.1587 0.8655 0.4752
vn 0.2199 0.8639 0.4532
vn 0.3139 0.8403 0.4420
vn 0.3673 0.8655 0.3406
vn 0.4302 0.8530 0.2956
vn 0.4672 0.8655 0.1807
vn 0.4871 0.8650 0.1207
vn 0.5382 0.8416 0.0452
vn 0.4968 0.8655 -0.0641
vn 0.4996 0.8548 -0.1408
vn 0.4390 0.8655 -0.2413
vn 0.3787 0.8427 -0.3826
vn 0.2683 0.8622 -0.4296
vn 0.2678 0.8655 -0.4232
vn 0.0969 0.8654 -0.4916
vn 0.1401 0.8632 -0.4850
vn 0.1588 0.8495 -0.5031
vn 0.1697 0.8650 -0.4722
vn 0.2144 0.8621 -0.4592
vn 0.2138 0.8555 -0.4717
vn 0.2375 0.8645 -0.4431
vn 0.0324 0.8655 -0.4998
vn 0.0297 0.8622 -0.5058
vn -0.0118 0.8648 -0.5019
vn -0.0504 0.8453 -0.5319
vn -0.1510 0.8655 -0.4777
vn -0.1153 0.8637 -0.4907
vn -0.1001 0.8532 -0.5119
vn -0.2233 0.8568 -0.4648
vn -0.2154 0.8620 -0.4588
vn -0.2545 0.8650 -0.4324
vn -0.3165 0.8655 -0.3883
vn -0.3256 0.8604 -0.3920
vn -0.3413 0.8640 -0.3701
vn -0.3619 0.8655 -0.3463
vn -0.4393 0.8452 -0.3044
vn -0.4086 0.8620 -0.2999
vn -0.4328 0.8652 -0.2533
vn -0.4641 0.8655 -0.1883
vn -0.4706 0.8622 -0.1876
vn -0.4785 0.8645 -0.1541
vn -0.4975 0.8584 -0.1253
vn -0.5009 0.8654 -0.0093
vn -0.5022 0.8632 -0.0521
vn -0.5228 0.8499 -0.0659
vn -0.4978 0.8655 0.0560
vn -0.5033 0.8620 0.0598
vn -0.4926 0.8647 0.0983
vn -0.5124 0.8469 0.1422
vn -0.4427 0.8655 0.2344
vn -0.4621 0.8637 0.2013
vn -0.4858 0.8526 0.1923
vn -0.4163 0.8587 0.2989
vn -0.4134 0.8620 0.2933
vn -0.3818 0.8649 0.3258
vn -0.3273 0.8654 0.3794
vn -0.3302 0.8578 0.3939
vn -0.3034 0.8640 0.4018
vn -0.2744 0.8655 0.4190
vn -0.2206 0.8481 0.4817
vn -0.2216 0.8621 0.4558
vn -0.1734 0.8651 0.4706
vn -0.1038 0.8655 0.4901
vn -0.1019 0.8620 0.4965
vn -0.0691 0.8643 0.4982
vn -0.0367 0.8605 0.5081
vn 0.0801 0.8654 0.4947
vn 0.0389 0.8632 0.5033
vn 0.0303 0.8504 0.5253
vn 0.1434 0.8655 0.4800
vn 0.1481 0.8620 0.4848
vn 0.1825 0.8646 0.4682
vn 0.2268 0.8491 0.4770
vn 0.3113 0.8655 0.3924
vn 0.2800 0.8636 0.4193
vn 0.2776 0.8507 0.4464
vn 0.3648 0.8610 0.3544
vn 0.3628 0.8621 0.3538
vn 0.3880 0.8649 0.3186
vn 0.4489 0.8367 0.3136
vn 0.4610 0.8655 0.1958
vn 0.4484 0.8639 0.2295
vn 0.4488 0.8559 0.2568
vn 0.5087 0.8511 0.1301
vn 0.4883 0.8622 0.1346
vn 0.4940 0.8651 0.0866
vn 0.5007 0.8655 0.0152
vn 0.5068 0.8620 0.0122
vn 0.5028 0.8642 -0.0186
vn 0.5037 0.8623 -0.0513
vn 0.5257 0.8385 -0.1437
vn 0.4934 0.8621 -0.1153
vn 0.4721 0.8654 -0.1679
vn 0.4463 0.8655 -0.2275
vn 0.4500 0.8621 -0.2329
vn 0.4288 0.8645 -0.2622
vn 0.4272 0.8514 -0.3043
vn 0.3312 0.8655 -0.3758
vn 0.3647 0.8634 -0.3486
vn 0.3913 0.8499 -0.3528
vn 0.2813 0.8638 -0.4181
vn 0.2816 0.8623 -0.4210
vn 0.2440 0.8649 -0.4387
vn 0.2277 0.8402 -0.4921
vn 0.1117 0.8655 -0.4884
vn 0.1478 0.8637 -0.4818
vn 0.1733 0.8548 -0.4891
vn 0.0396 0.8531 -0.5202
vn 0.0461 0.8621 -0.5046
vn -0.0036 0.8651 -0.5015
vn -0.0754 0.8655 -0.4952
vn -0.0793 0.8621 -0.5005
vn -0.1071 0.8642 -0.4917
vn -0.1376 0.8641 -0.4841
vn -0.2306 0.8409 -0.4897
vn -0.2004 0.8620 -0.4656
vn -0.2471 0.8653 -0.4361
vn -0.3051 0.8655 -0.3972
vn -0.3109 0.8623 -0.3999
vn -0.3348 0.8646 -0.3748
vn -0.3716 0.8541 -0.3638
vn -0.4281 0.8655 -0.2601
vn -0.4072 0.8633 -0.2982
vn -0.4169 0.8498 -0.3225
vn -0.4578 0.8655 -0.2033
vn -0.4643 0.8621 -0.2028
vn -0.4753 0.8648 -0.1618
vn -0.5205 0.8431 -0.1352
vn -0.5004 0.8655 -0.0231
vn -0.5003 0.8637 -0.0601
vn -0.5135 0.8541 -0.0822
vn -0.5159 0.8551 0.0505
vn -0.5051 0.8620 0.0435
vn -0.4936 0.8650 0.0900
vn -0.4733 0.8655 0.1640
vn -0.4785 0.8615 0.1697
vn -0.4643 0.8642 0.1939
vn -0.4497 0.8655 0.2205
vn -0.4387 0.8435 0.3099
vn -0.4225 0.8620 0.2800
vn -0.3867 0.8652 0.3192
vn -0.3372 0.8655 0.3704
vn -0.3389 0.8621 0.3768
vn -0.3096 0.8644 0.3961
vn -0.2894 0.8568 0.4268
vn -0.1808 0.8654 0.4673
vn -0.2212 0.8633 0.4537
vn -0.2418 0.8502 0.4677
vn -0.1195 0.8655 0.4865
vn -0.1179 0.8620 0.4930
vn -0.0774 0.8647 0.4963
vn -0.0427 0.8451 0.5329
vn 0.0677 0.8655 0.4963
vn 0.0310 0.8638 0.5029
vn 0.0129 0.8530 0.5218
vn 0.1389 0.8572 0.4959
vn 0.1326 0.8620 0.4892
vn 0.1746 0.8649 0.4705
vn 0.2433 0.8654 0.4380
vn 0.2543 0.8588 0.4447
vn 0.2726 0.8640 0.4232
vn 0.2987 0.8655 0.4020
vn 0.3786 0.8468 0.3736
vn 0.3516 0.8621 0.3649
vn 0.3824 0.8652 0.3244
vn 0.4240 0.8655 0.2668
vn 0.4307 0.8620 0.2673
vn 0.4439 0.8643 0.2365
vn 0.4671 0.8589 0.2100
vn 0.4921 0.8654 0.0942
vn 0.4860 0.8633 0.1358
vn 0.5045 0.8498 0.1528
vn 0.5000 0.8655 0.0310
vn 0.5061 0.8620 0.0283
vn 0.5024 0.8646 -0.0104
vn 0.5286 0.8474 -0.0497
vn 0.4757 0.8655 -0.1568
vn 0.4901 0.8636 -0.1184
vn 0.5142 0.8511 -0.1058
vn 0.4596 0.8598 -0.2224
vn 0.4570 0.8621 -0.2188
vn 0.4323 0.8649 -0.2550
vn 0.3891 0.8654 -0.3159
vn 0.3948 0.8571 -0.3310
vn 0.3699 0.8639 -0.3420
vn 0.3432 0.8655 -0.3648
vn 0.2980 0.8492 -0.4360
vn 0.2948 0.8622 -0.4119
vn 0.2505 0.8652 -0.4344
vn 0.1279 0.8554 -0.5019
vn 0.1511 0.8645 -0.4794
vn 0.1863 0.8620 -0.4714
vn 0.1870 0.8655 -0.4648
vn -0.3306 0.8656 -0.3761
vn -0.3485 0.8521 -0.3906
vn -0.3228 0.8652 -0.3836
vn -0.4189 0.8621 -0.2850
vn -0.4125 0.8655 -0.2842
vn -0.3968 0.8643 -0.3091
vn -0.3783 0.8625 -0.3360
vn -0.3749 0.8656 -0.3319
vn -0.3364 0.8624 -0.3784
vn -0.4456 0.8656 -0.2284
vn -0.4492 0.8631 -0.2310
vn -0.4509 0.8620 -0.2315
vn -0.4689 0.8654 -0.1765
vn -0.4710 0.8656 -0.1699
vn -0.4743 0.8634 -0.1718
vn -0.4853 0.8569 -0.1737
vn -0.4817 0.8640 -0.1463
vn -0.4884 0.8656 -0.1103
vn -0.4916 0.8636 -0.1116
vn -0.4941 0.8622 -0.1118
vn -0.4968 0.8646 -0.0751
vn -0.4982 0.8656 -0.0504
vn -0.5013 0.8638 -0.0512
vn -0.5043 0.8620 -0.0510
vn -0.5016 0.8651 -0.0012
vn -0.5006 0.8656 0.0118
vn -0.5034 0.8640 0.0115
vn -0.5256 0.8506 0.0159
vn -0.5035 0.8634 0.0311
vn -0.4952 0.8656 0.0749
vn -0.4974 0.8643 0.0748
vn -0.5011 0.8620 0.0761
vn -0.4916 0.8642 0.1067
vn -0.4816 0.8656 0.1372
vn -0.4833 0.8646 0.1374
vn -0.4871 0.8622 0.1392
vn -0.4687 0.8649 0.1795
vn -0.4609 0.8656 0.1958
vn -0.4623 0.8648 0.1962
vn -0.4660 0.8622 0.1985
vn -0.4373 0.8654 0.2448
vn -0.4338 0.8656 0.2502
vn -0.4349 0.8649 0.2506
vn -0.4461 0.8564 0.2599
vn -0.4233 0.8638 0.2732
vn -0.3995 0.8655 0.3021
vn -0.4001 0.8651 0.3024
vn -0.4038 0.8620 0.3064
vn -0.3769 0.8645 0.3325
vn -0.3582 0.8655 0.3500
vn -0.3584 0.8654 0.3501
vn -0.3618 0.8620 0.3549
vn -0.3213 0.8651 0.3851
vn -0.3108 0.8656 0.3927
vn -0.3106 0.8657 0.3925
vn -0.3231 0.8504 0.4153
vn -0.2971 0.8636 0.4074
vn -0.2596 0.8656 0.4282
vn -0.2593 0.8658 0.4279
vn -0.2616 0.8622 0.4337
vn -0.2341 0.8643 0.4452
vn -0.2059 0.8655 0.4565
vn -0.2055 0.8660 0.4559
vn -0.2072 0.8621 0.4625
vn -0.1660 0.8648 0.4739
vn -0.1478 0.8655 0.4786
vn -0.1472 0.8662 0.4774
vn -0.1482 0.8620 0.4848
vn -0.0929 0.8653 0.4926
vn -0.0863 0.8655 0.4934
vn -0.0857 0.8665 0.4917
vn -0.0857 0.8549 0.5116
vn -0.0611 0.8638 0.5001
vn -0.0230 0.8655 0.5003
vn -0.0224 0.8668 0.4981
vn -0.0214 0.8622 0.5061
vn 0.0159 0.8646 0.5021
vn 0.0395 0.8656 0.4992
vn 0.0398 0.8668 0.4970
vn 0.0417 0.8622 0.5048
vn 0.0879 0.8651 0.4938
vn 0.0996 0.8655 0.4909
vn 0.0995 0.8670 0.4882
vn 0.1098 0.8505 0.5144
vn 0.1193 0.8634 0.4902
vn 0.1596 0.8655 0.4748
vn 0.1591 0.8673 0.4717
vn 0.1635 0.8620 0.4798
vn 0.1906 0.8641 0.4659
vn 0.2181 0.8655 0.4509
vn 0.2171 0.8675 0.4475
vn 0.2228 0.8620 0.4553
vn 0.2583 0.8648 0.4306
vn 0.2736 0.8655 0.4195
vn 0.2721 0.8678 0.4158
vn 0.2788 0.8622 0.4230
vn 0.3197 0.8653 0.3859
vn 0.3237 0.8656 0.3821
vn 0.3218 0.8678 0.3787
vn 0.3381 0.8555 0.3923
vn 0.3444 0.8639 0.3676
vn 0.3676 0.8655 0.3403
vn 0.3650 0.8680 0.3367
vn 0.3737 0.8621 0.3423
vn 0.3936 0.8645 0.3127
vn 0.4069 0.8655 0.2922
vn 0.4035 0.8682 0.2887
vn 0.4134 0.8620 0.2934
vn 0.4351 0.8650 0.2499
vn 0.4404 0.8655 0.2387
vn 0.4363 0.8685 0.2353
vn 0.4668 0.8496 0.2454
vn 0.4529 0.8633 0.2224
vn 0.4672 0.8655 0.1808
vn 0.4623 0.8688 0.1776
vn 0.4736 0.8622 0.1799
vn 0.4802 0.8642 0.1501
vn 0.4861 0.8655 0.1209
vn 0.4810 0.8686 0.1185
vn 0.4922 0.8622 0.1194
vn 0.4959 0.8648 0.0790
vn 0.4971 0.8655 0.0614
vn 0.4914 0.8689 0.0595
vn 0.5033 0.8621 0.0589
vn 0.5013 0.8653 0.0053
vn 0.5009 0.8655 -0.0005
vn 0.4946 0.8691 -0.0018
vn 0.5205 0.8538 -0.0065
vn 0.5033 0.8637 -0.0269
vn 0.4969 0.8655 -0.0635
vn 0.4899 0.8694 -0.0640
vn 0.5023 0.8620 -0.0679
vn 0.4922 0.8645 -0.1024
vn 0.4848 0.8655 -0.1261
vn 0.4773 0.8697 -0.1258
vn 0.4893 0.8622 -0.1313
vn 0.4698 0.8651 -0.1757
vn 0.4651 0.8655 -0.1858
vn 0.4581 0.8695 -0.1847
vn 0.4855 0.8507 -0.2015
vn 0.4609 0.8634 -0.2051
vn 0.4394 0.8655 -0.2406
vn 0.4321 0.8697 -0.2384
vn 0.4426 0.8621 -0.2468
vn 0.4057 0.8655 -0.2938
vn 0.4064 0.8654 -0.2931
vn 0.3989 0.8700 -0.2897
vn 0.4087 0.8620 -0.2999
vn 0.3794 0.8647 -0.3292
vn 0.3663 0.8654 -0.3418
vn 0.3589 0.8703 -0.3374
vn 0.3676 0.8620 -0.3490
vn 0.3243 0.8653 -0.3822
vn 0.3199 0.8655 -0.3856
vn 0.3128 0.8705 -0.3800
vn 0.3275 0.8532 -0.4060
vn 0.3002 0.8638 -0.4046
vn 0.2955 0.8641 -0.4073
vn 0.2690 0.8655 -0.4226
vn 0.2629 0.8703 -0.4166
vn 0.2439 0.8641 -0.4403
vn 0.2128 0.8655 -0.4534
vn 0.2132 0.8713 -0.4421
vn 0.1884 0.8640 -0.4669
vn 0.1550 0.8655 -0.4763
vn 0.1569 0.8716 -0.4644
vn 0.1287 0.8640 -0.4868
vn 0.0937 0.8655 -0.4920
vn 0.0939 0.8603 -0.5011
vn 0.0649 0.8641 -0.4992
vn 0.0973 0.8720 -0.4798
vn 0.0660 0.8640 -0.4991
vn 0.0303 0.8656 -0.4999
vn 0.0356 0.8722 -0.4878
vn 0.0020 0.8641 -0.5033
vn -0.0326 0.8656 -0.4997
vn -0.0339 0.8622 -0.5054
vn -0.0840 0.8653 -0.4943
vn -0.0262 0.8719 -0.4889
vn -0.0593 0.8641 -0.4999
vn -0.0928 0.8655 -0.4922
vn -0.0846 0.8723 -0.4816
vn -0.1199 0.8640 -0.4891
vn -0.1530 0.8655 -0.4769
vn -0.1558 0.8620 -0.4824
vn -0.1865 0.8644 -0.4670
vn -0.1430 0.8727 -0.4669
vn -0.1799 0.8639 -0.4704
vn -0.2119 0.8655 -0.4538
vn -0.2003 0.8730 -0.4448
vn -0.2379 0.8640 -0.4438
vn -0.2679 0.8656 -0.4231
vn -0.2863 0.8494 -0.4434
vn -0.2837 0.8633 -0.4173
vn -0.2548 0.8732 -0.4154
vn -0.2924 0.8641 -0.4098
vn -0.3189 0.8656 -0.3861
vn -0.3055 0.8729 -0.3804
vn -0.3403 0.8640 -0.3711
vn -0.3633 0.8655 -0.3448
vn -0.3683 0.8621 -0.3481
vn -0.3907 0.8647 -0.3157
vn -0.3485 0.8733 -0.3404
vn -0.3831 0.8639 -0.3270
vn -0.4032 0.8655 -0.2972
vn -0.3872 0.8737 -0.2946
vn -0.4208 0.8639 -0.2767
vn -0.4374 0.8655 -0.2440
vn -0.4593 0.8519 -0.2517
vn -0.4507 0.8636 -0.2260
vn -0.4205 0.8740 -0.2434
vn -0.4524 0.8639 -0.2212
vn -0.4649 0.8656 -0.1863
vn -0.4476 0.8743 -0.1879
vn -0.4767 0.8640 -0.1618
vn -0.4845 0.8656 -0.1265
vn -0.4904 0.8622 -0.1270
vn -0.4949 0.8650 -0.0828
vn -0.4684 0.8739 -0.1300
vn -0.4930 0.8640 -0.1024
vn -0.4963 0.8656 -0.0670
vn -0.4800 0.8743 -0.0727
vn -0.5019 0.8639 -0.0416
vn -0.5008 0.8655 -0.0051
vn -0.5124 0.8587 -0.0032
vn -0.5031 0.8639 0.0227
vn -0.4845 0.8747 -0.0132
vn -0.5033 0.8639 0.0212
vn -0.4975 0.8655 0.0580
vn -0.4818 0.8750 0.0475
vn -0.4965 0.8639 0.0847
vn -0.4860 0.8656 0.1209
vn -0.4915 0.8621 0.1233
vn -0.4710 0.8653 0.1718
vn -0.4714 0.8753 0.1082
vn -0.4816 0.8640 0.1471
vn -0.4669 0.8656 0.1810
vn -0.4546 0.8748 0.1673
vn -0.4600 0.8640 0.2050
vn -0.4416 0.8656 0.2362
vn -0.4464 0.8621 0.2399
vn -0.4269 0.8643 0.2659
vn -0.4306 0.8752 0.2203
vn -0.4318 0.8639 0.2595
vn -0.4091 0.8655 0.2890
vn -0.3997 0.8757 0.2710
vn -0.3962 0.8638 0.3113
vn -0.3695 0.8655 0.3382
vn -0.3862 0.8492 0.3600
vn -0.3622 0.8631 0.3520
vn -0.3621 0.8760 0.3185
vn -0.3537 0.8638 0.3588
vn -0.3234 0.8656 0.3824
vn -0.3184 0.8763 0.3615
vn -0.3050 0.8639 0.4007
vn -0.2726 0.8656 0.4200
vn -0.2749 0.8622 0.4254
vn -0.2408 0.8647 0.4409
vn -0.2705 0.8758 0.3997
vn -0.2535 0.8639 0.4352
vn -0.2199 0.8656 0.4500
vn -0.2202 0.8762 0.4287
vn -0.1989 0.8638 0.4629
vn -0.1626 0.8655 0.4737
vn -0.1664 0.8512 0.4977
vn -0.1439 0.8635 0.4834
vn -0.1658 0.8767 0.4517
vn -0.1397 0.8638 0.4841
vn -0.1017 0.8655 0.4904
vn -0.1078 0.8770 0.4682
vn -0.0775 0.8638 0.4979
vn -0.0385 0.8656 0.4993
vn -0.0379 0.8621 0.5053
vn 0.0077 0.8650 0.5017
vn -0.0475 0.8773 0.4777
vn -0.0136 0.8639 0.5035
vn 0.0248 0.8656 0.5001
vn 0.0137 0.8768 0.4807
vn 0.0485 0.8639 0.5014
vn 0.0851 0.8656 0.4935
vn 0.0897 0.8576 0.5065
vn 0.1112 0.8639 0.4912
vn 0.0712 0.8771 0.4749
vn 0.1091 0.8638 0.4919
vn 0.1453 0.8655 0.4793
vn 0.1286 0.8776 0.4618
vn 0.1693 0.8637 0.4747
vn 0.2045 0.8655 0.4572
vn 0.2079 0.8620 0.4623
vn 0.2508 0.8651 0.4343
vn 0.1850 0.8780 0.4415
vn 0.2279 0.8638 0.4494
vn 0.2610 0.8656 0.4274
vn 0.2393 0.8782 0.4141
vn 0.2831 0.8638 0.4167
vn 0.3128 0.8656 0.3910
vn 0.3171 0.8623 0.3949
vn 0.3380 0.8643 0.3724
vn 0.2906 0.8777 0.3810
vn 0.3324 0.8638 0.3786
vn 0.3578 0.8656 0.3504
vn 0.3339 0.8780 0.3429
vn 0.3760 0.8637 0.3356
vn 0.3983 0.8655 0.3036
vn 0.4038 0.8620 0.3064
vn 0.4305 0.8653 0.2567
vn 0.3725 0.8786 0.2989
vn 0.4148 0.8637 0.2864
vn 0.4334 0.8655 0.2511
vn 0.4063 0.8790 0.2496
vn 0.4475 0.8637 0.2317
vn 0.4618 0.8656 0.1939
vn 0.4676 0.8621 0.1952
vn 0.4769 0.8647 0.1579
vn 0.4342 0.8792 0.1959
vn 0.4733 0.8638 0.1729
vn 0.4825 0.8656 0.1340
vn 0.4567 0.8786 0.1392
vn 0.4910 0.8638 0.1130
vn 0.4952 0.8656 0.0747
vn 0.5197 0.8511 0.0741
vn 0.5012 0.8635 0.0561
vn 0.4696 0.8790 0.0832
vn 0.5013 0.8637 0.0528
vn 0.5007 0.8655 0.0131
vn 0.4752 0.8795 0.0252
vn 0.5040 0.8636 -0.0099
vn 0.4984 0.8655 -0.0500
vn 0.5043 0.8620 -0.0516
vn 0.4932 0.8648 -0.0941
vn 0.4739 0.8799 -0.0343
vn 0.4987 0.8637 -0.0733
vn 0.4879 0.8656 -0.1129
vn 0.4653 0.8801 -0.0940
vn 0.4852 0.8637 -0.1361
vn 0.4697 0.8656 -0.1737
vn 0.4835 0.8563 -0.1816
vn 0.4633 0.8639 -0.1975
vn 0.4505 0.8796 -0.1530
vn 0.4646 0.8638 -0.1952
vn 0.4453 0.8655 -0.2293
vn 0.4283 0.8799 -0.2058
vn 0.4377 0.8636 -0.2500
vn 0.4136 0.8655 -0.2824
vn 0.4180 0.8620 -0.2867
vn 0.3842 0.8651 -0.3225
vn 0.3992 0.8804 -0.2560
vn 0.4034 0.8636 -0.3024
vn 0.3749 0.8655 -0.3321
vn 0.3635 0.8809 -0.3033
vn 0.3620 0.8636 -0.3509
vn 0.3296 0.8656 -0.3771
vn 0.3327 0.8621 -0.3822
vn 0.3067 0.8642 -0.3989
vn 0.3218 0.8811 -0.3465
vn 0.3144 0.8637 -0.3939
vn 0.2792 0.8656 -0.4157
vn 0.2755 0.8805 -0.3857
vn 0.2630 0.8637 -0.4299
vn 0.2268 0.8656 -0.4465
vn 0.2286 0.8621 -0.4522
vn 0.1771 0.8653 -0.4689
vn 0.2268 0.8807 -0.4157
vn 0.2092 0.8636 -0.4587
vn 0.1702 0.8655 -0.4711
vn 0.1741 0.8813 -0.4392
vn 0.1508 0.8636 -0.4812
vn 0.1096 0.8655 -0.4887
vn 0.1099 0.8620 -0.4948
vn 0.0733 0.8645 -0.4973
vn 0.1178 0.8818 -0.4567
vn 0.0889 0.8636 -0.4963
vn 0.0466 0.8656 -0.4986
vn 0.0589 0.8820 -0.4675
vn 0.0251 0.8637 -0.5034
vn -0.0169 0.8656 -0.5005
vn -0.0219 0.8507 -0.5252
vn -0.0350 0.8635 -0.5031
vn -0.0013 0.8815 -0.4722
vn -0.0377 0.8637 -0.5026
vn -0.0774 0.8656 -0.4948
vn -0.0583 0.8816 -0.4683
vn -0.0982 0.8636 -0.4946
vn -0.1377 0.8655 -0.4815
vn -0.1404 0.8620 -0.4871
vn -0.1786 0.8647 -0.4694
vn -0.1146 0.8822 -0.4566
vn -0.1587 0.8635 -0.4787
vn -0.1970 0.8655 -0.4604
vn -0.1703 0.8827 -0.4380
vn -0.2177 0.8635 -0.4549
vn -0.2540 0.8656 -0.4316
vn -0.2669 0.8539 -0.4468
vn -0.2763 0.8638 -0.4213
vn -0.2241 0.8830 -0.4125
vn -0.2737 0.8636 -0.4234
vn -0.3066 0.8656 -0.3959
vn -0.2757 0.8824 -0.3813
vn -0.3244 0.8637 -0.3859
vn -0.3523 0.8656 -0.3559
vn -0.3572 0.8621 -0.3594
vn -0.3851 0.8650 -0.3215
vn -0.3197 0.8825 -0.3450
vn -0.3687 0.8635 -0.3441
vn -0.3935 0.8655 -0.3099
vn -0.3583 0.8831 -0.3029
vn -0.4085 0.8635 -0.2959
vn -0.4293 0.8655 -0.2581
vn -0.4356 0.8616 -0.2605
vn -0.4461 0.8641 -0.2331
vn -0.3925 0.8836 -0.2554
vn -0.4425 0.8635 -0.2421
vn -0.4585 0.8656 -0.2014
vn -0.4212 0.8839 -0.2035
vn -0.4695 0.8636 -0.1839
vn -0.4803 0.8656 -0.1416
vn -0.4861 0.8622 -0.1423
vn -0.4930 0.8653 -0.0904
vn -0.4446 0.8834 -0.1482
vn -0.4888 0.8636 -0.1236
vn -0.4940 0.8656 -0.0824
vn -0.4594 0.8833 -0.0932
vn -0.5003 0.8635 -0.0638
vn -0.5004 0.8655 -0.0210
vn -0.5065 0.8620 -0.0202
vn -0.5026 0.8644 0.0145
vn -0.4660 0.8840 -0.0367
vn -0.5045 0.8634 -0.0015
vn -0.4991 0.8655 0.0419
vn -0.4660 0.8845 0.0215
vn -0.5006 0.8634 0.0620
vn -0.4897 0.8656 0.1050
vn -0.5150 0.8494 0.1152
vn -0.4895 0.8633 0.1226
vn -0.4591 0.8848 0.0802
vn -0.4886 0.8635 0.1250
vn -0.4724 0.8656 0.1662
vn -0.4459 0.8843 0.1385
vn -0.4689 0.8636 0.1853
vn -0.4487 0.8656 0.2223
vn -0.4536 0.8621 0.2259
vn -0.4305 0.8647 0.2586
vn -0.4260 0.8842 0.1918
vn -0.4434 0.8634 0.2405
vn -0.4181 0.8655 0.2758
vn -0.3984 0.8849 0.2414
vn -0.4104 0.8634 0.2935
vn -0.3802 0.8655 0.3260
vn -0.3941 0.8526 0.3431
vn -0.3672 0.8637 0.3453
vn -0.3646 0.8854 0.2884
vn -0.3702 0.8634 0.3428
vn -0.3356 0.8656 0.3717
vn -0.3248 0.8857 0.3318
vn -0.3236 0.8635 0.3869
vn -0.2970 0.8651 0.4041
vn -0.2771 0.8768 0.3930
vn -0.2882 0.8623 0.4165
vn -0.2473 0.8650 0.4365
vn -0.2194 0.8634 0.4543
vn -0.2276 0.8765 0.4242
vn -0.2456 0.8651 0.4374
vn -0.2723 0.8635 0.4244
vn -0.1905 0.8651 0.4641
vn -0.1737 0.8769 0.4482
vn -0.1794 0.8601 0.4776
vn -0.1517 0.8640 0.4801
vn -0.1003 0.8633 0.4945
vn -0.1162 0.8771 0.4660
vn -0.1312 0.8650 0.4842
vn -0.1617 0.8633 0.4780
vn -0.0689 0.8651 0.4969
vn -0.0560 0.8772 0.4768
vn -0.0543 0.8621 0.5038
vn -0.0006 0.8653 0.5013
vn 0.0269 0.8635 0.5036
vn 0.0052 0.8769 0.4806
vn -0.0051 0.8651 0.5016
vn -0.0367 0.8634 0.5031
vn 0.0562 0.8651 0.4985
vn 0.0637 0.8766 0.4770
vn 0.0715 0.8621 0.5016
vn 0.1033 0.8644 0.4921
vn 0.1480 0.8633 0.4825
vn 0.1214 0.8769 0.4650
vn 0.1165 0.8650 0.4880
vn 0.0874 0.8634 0.4970
vn 0.1764 0.8650 0.4697
vn 0.1785 0.8771 0.4458
vn 0.2043 0.8492 0.4869
vn 0.2059 0.8632 0.4611
vn 0.2641 0.8634 0.4299
vn 0.2336 0.8772 0.4194
vn 0.2344 0.8650 0.4436
vn 0.2075 0.8633 0.4601
vn 0.2889 0.8651 0.4101
vn 0.2855 0.8770 0.3866
vn 0.3045 0.8622 0.4047
vn 0.3317 0.8647 0.3771
vn 0.3613 0.8633 0.3523
vn 0.3309 0.8766 0.3495
vn 0.3369 0.8651 0.3717
vn 0.3161 0.8635 0.3930
vn 0.3797 0.8650 0.3280
vn 0.3706 0.8769 0.3061
vn 0.4086 0.8520 0.3273
vn 0.4044 0.8636 0.3012
vn 0.4372 0.8632 0.2523
vn 0.4057 0.8771 0.2571
vn 0.4176 0.8650 0.2782
vn 0.4021 0.8633 0.3052
vn 0.4494 0.8650 0.2232
vn 0.4349 0.8772 0.2034
vn 0.4610 0.8621 0.2104
vn 0.4737 0.8650 0.1656
vn 0.4863 0.8634 0.1343
vn 0.4576 0.8770 0.1464
vn 0.4740 0.8651 0.1642
vn 0.4656 0.8633 0.1948
vn 0.4906 0.8650 0.1049
vn 0.4730 0.8765 0.0897
vn 0.5043 0.8588 0.0901
vn 0.4995 0.8640 0.0640
vn 0.5047 0.8632 0.0129
vn 0.4797 0.8769 0.0313
vn 0.4999 0.8650 0.0444
vn 0.4991 0.8633 0.0749
vn 0.5015 0.8650 -0.0181
vn 0.4795 0.8771 -0.0289
vn 0.5057 0.8620 -0.0353
vn 0.4941 0.8652 -0.0859
vn 0.4917 0.8633 -0.1139
vn 0.4718 0.8772 -0.0895
vn 0.4952 0.8650 -0.0813
vn 0.5023 0.8632 -0.0506
vn 0.4807 0.8650 -0.1436
vn 0.4569 0.8770 -0.1491
vn 0.4801 0.8623 -0.1614
vn 0.4655 0.8644 -0.1901
vn 0.4489 0.8632 -0.2309
vn 0.4361 0.8764 -0.2041
vn 0.4595 0.8650 -0.2016
vn 0.4732 0.8634 -0.1751
vn 0.4317 0.8650 -0.2559
vn 0.4074 0.8768 -0.2555
vn 0.4423 0.8496 -0.2874
vn 0.4179 0.8631 -0.2836
vn 0.3783 0.8631 -0.3345
vn 0.3720 0.8770 -0.3042
vn 0.3966 0.8649 -0.3076
vn 0.4172 0.8632 -0.2844
vn 0.3545 0.8649 -0.3552
vn 0.3303 0.8770 -0.3489
vn 0.3450 0.8621 -0.3712
vn 0.3126 0.8647 -0.3933
vn 0.2818 0.8633 -0.4186
vn 0.2833 0.8769 -0.3884
vn 0.3064 0.8650 -0.3974
vn 0.3327 0.8632 -0.3797
vn 0.2551 0.8650 -0.4321
vn 0.2342 0.8763 -0.4210
vn 0.2481 0.8517 -0.4615
vn 0.2246 0.8636 -0.4515
vn 0.1725 0.8631 -0.4746
vn 0.1809 0.8766 -0.4459
vn 0.2008 0.8649 -0.4600
vn 0.2295 0.8632 -0.4497
vn 0.1422 0.8649 -0.4814
vn 0.1237 0.8768 -0.4646
vn 0.1271 0.8523 -0.5073
vn 0.1000 0.8639 -0.4937
vn 0.0084 0.8632 -0.5048
vn 0.0286 0.8644 -0.5020
vn 0.0483 0.8632 -0.5026
vn 0.0637 0.8769 -0.4764
vn 0.0803 0.8649 -0.4955
vn 0.1117 0.8631 -0.4925
vn -0.2299 -0.0000 -0.9732
vn 0.3805 -0.0000 -0.9248
vn 0.8483 -0.0000 -0.5295
vn 0.9979 -0.0000 0.0643
vn 0.7733 -0.0000 0.6340
vn 0.2587 -0.0000 0.9659
vn -0.3529 -0.0000 0.9357
vn 0.7310 -0.0000 0.6824
vn 0.1961 -0.0000 0.9806
vn -0.4123 -0.0000 0.9110
vn -0.8661 -0.0000 0.4998
vn -0.9951 -0.0000 -0.0989
vn -0.7509 -0.0000 -0.6604
vn -0.2250 -0.0000 -0.9744
vn 0.3851 -0.0000 -0.9229
vn 0.3419 -0.0000 -0.9397
vn 0.8265 -0.0000 -0.5630
vn 0.9997 -0.0000 0.0258
vn 0.7963 -0.0000 0.6049
vn 0.2930 -0.0000 0.9561
vn -0.3207 -0.0000 0.9472
vn 0.8477 -0.0000 0.5304
vn 0.3783 -0.0000 0.9257
vn -0.2337 -0.0000 0.9723
vn -0.7576 -0.0000 0.6527
vn -0.9962 -0.0000 0.0872
vn -0.9197 0.2073 -0.3335
vn -0.7542 -0.0000 -0.6567
vn -0.2714 -0.0000 -0.9625
vn -0.3748 -0.0000 -0.9271
vn -0.3377 -0.0000 -0.9413
vn -0.4195 -0.0775 -0.9044
vn -0.4136 -0.0541 -0.9088
vn -0.4558 -0.0000 -0.8901
vn -0.5214 -0.0000 -0.8533
vn -0.5377 -0.1563 -0.8285
vn -0.4908 -0.0000 -0.8713
vn -0.7114 0.0179 -0.7026
vn -0.7301 -0.0860 -0.6779
vn -0.6896 -0.0000 -0.7242
vn -0.6651 0.2029 -0.7186
vn -0.6189 -0.2387 -0.7484
vn -0.6175 -0.0608 -0.7843
vn -0.5803 -0.0000 -0.8144
vn -0.8162 -0.0079 -0.5778
vn -0.7947 -0.0591 -0.6042
vn -0.7867 -0.0116 -0.6172
vn -0.7592 -0.0000 -0.6508
vn -0.8269 0.0022 -0.5623
vn -0.8298 -0.0000 -0.5580
vn -0.8487 -0.0000 -0.5289
vn -0.8614 -0.1177 -0.4940
vn -0.8799 0.0224 -0.4745
vn -0.8930 -0.0000 -0.4500
vn -0.8983 -0.0000 -0.4393
vn -0.9156 -0.0740 -0.3952
vn -0.8719 -0.3470 -0.3455
vn -0.9327 0.1194 -0.3402
vn -0.8259 -0.0010 -0.5639
vn -0.8257 -0.0000 -0.5641
vn -0.8596 -0.0000 -0.5110
vn -0.8903 -0.0021 -0.4553
vn -0.8896 0.0031 -0.4568
vn -0.9401 -0.0030 -0.3409
vn -0.9397 -0.0000 -0.3419
vn -0.9595 -0.0000 -0.2816
vn -0.9749 -0.0039 -0.2225
vn -0.9751 -0.0000 -0.2217
vn -0.9997 -0.0000 0.0230
vn -0.9997 -0.0060 0.0251
vn -0.9993 -0.0000 -0.0378
vn -0.9949 -0.0000 -0.1009
vn -0.9950 -0.0049 -0.0993
vn -0.9870 -0.0000 -0.1608
vn -0.9886 -0.0071 0.1501
vn -0.9890 -0.0000 0.1477
vn -0.9774 -0.0000 0.2115
vn -0.9626 -0.0078 0.2707
vn -0.9622 -0.0000 0.2722
vn -0.9433 -0.0000 0.3320
vn -0.9216 -0.0086 0.3880
vn -0.9209 -0.0000 0.3897
vn -0.7988 -0.0000 0.6016
vn -0.7965 -0.0110 0.6046
vn -0.8332 -0.0000 0.5530
vn -0.8671 -0.0000 0.4981
vn -0.8654 -0.0098 0.5009
vn -0.8950 -0.0000 0.4461
vn -0.7145 -0.0122 0.6995
vn -0.7174 -0.0000 0.6966
vn -0.6697 -0.0000 0.7426
vn -0.6240 -0.0125 0.7813
vn -0.6220 -0.0000 0.7830
vn -0.5717 -0.0000 0.8205
vn -0.5222 -0.0131 0.8527
vn -0.5198 -0.0000 0.8543
vn -0.2982 -0.0000 0.9545
vn -0.2930 -0.0160 0.9560
vn -0.3532 -0.0000 0.9355
vn -0.4140 -0.0000 0.9103
vn -0.4095 -0.0147 0.9122
vn -0.4658 -0.0000 0.8849
vn -0.1710 -0.0173 0.9851
vn -0.1767 -0.0000 0.9843
vn -0.1099 -0.0000 0.9939
vn -0.0511 -0.0169 0.9986
vn -0.0475 -0.0000 0.9989
vn 0.0153 -0.0000 0.9999
vn 0.0733 -0.0174 0.9972
vn 0.0771 -0.0000 0.9970
vn 0.3142 -0.0000 0.9493
vn 0.3209 -0.0210 0.9469
vn 0.2598 -0.0000 0.9657
vn 0.1944 -0.0000 0.9809
vn 0.2009 -0.0196 0.9794
vn 0.1389 -0.0000 0.9903
vn 0.4369 -0.0224 0.8992
vn 0.4303 -0.0000 0.9027
vn 0.4914 -0.0000 0.8710
vn 0.5409 -0.0211 0.8408
vn 0.5449 -0.0000 0.8385
vn 0.5965 -0.0000 0.8026
vn 0.6412 -0.0215 0.7671
vn 0.6450 -0.0000 0.7642
vn 0.8088 -0.0000 0.5881
vn 0.8136 -0.0260 0.5808
vn 0.7750 -0.0000 0.6320
vn 0.7299 -0.0000 0.6835
vn 0.7353 -0.0245 0.6773
vn 0.6912 -0.0000 0.7226
vn 0.8799 -0.0274 0.4743
vn 0.8759 -0.0000 0.4826
vn 0.9076 -0.0000 0.4199
vn 0.9297 -0.0250 0.3675
vn 0.9321 -0.0000 0.3623
vn 0.9530 -0.0000 0.3031
vn 0.9681 -0.0254 0.2491
vn 0.9699 -0.0000 0.2435
vn 0.9916 -0.0000 0.1297
vn 0.9924 -0.0293 0.1198
vn 0.9832 -0.0000 0.1827
vn 0.9929 -0.0000 -0.1186
vn 0.9911 -0.0325 -0.1293
vn 0.9979 -0.0000 -0.0646
vn 1.0000 -0.0000 0.0062
vn 0.9995 -0.0310 -0.0042
vn 0.9982 -0.0000 0.0603
vn 0.9327 -0.0000 -0.3606
vn 0.9280 -0.0340 -0.3710
vn 0.9505 -0.0000 -0.3106
vn 0.9703 -0.0000 -0.2418
vn 0.9670 -0.0335 -0.2526
vn 0.9819 -0.0000 -0.1893
vn 0.8085 -0.0359 -0.5875
vn 0.8454 -0.0000 -0.5342
vn 0.8812 -0.0000 -0.4728
vn 0.8751 -0.0342 -0.4827
vn 0.9047 -0.0000 -0.4260
vn 0.6474 -0.0000 -0.7622
vn 0.7285 -0.0376 -0.6840
vn 0.7376 -0.0000 -0.6752
vn 0.6865 -0.0000 -0.7272
vn 0.6369 -0.0386 -0.7699
vn 0.4279 -0.0391 -0.9030
vn 0.4854 -0.0000 -0.8743
vn 0.5475 -0.0000 -0.8368
vn 0.5361 -0.0390 -0.8433
vn 0.5901 -0.0000 -0.8074
vn 0.3127 -0.0409 -0.9490
vn 0.0816 -0.0000 -0.9967
vn 0.1914 -0.0426 -0.9806
vn 0.2056 -0.0000 -0.9786
vn 0.1325 -0.0000 -0.9912
vn 0.0669 -0.0437 -0.9968
vn -0.1804 -0.0440 -0.9826
vn -0.1167 -0.0000 -0.9932
vn -0.0431 -0.0000 -0.9991
vn -0.0578 -0.0440 -0.9974
vn 0.0073 -0.0000 -1.0000
vn -0.3008 -0.0458 -0.9526
vn -0.5148 -0.0000 -0.8573
vn -0.4177 -0.0476 -0.9074
vn -0.4035 -0.0000 -0.9150
vn -0.4714 -0.0000 -0.8819
vn -0.5281 -0.0487 -0.8478
vn -0.7205 -0.0489 -0.6917
vn -0.6749 -0.0000 -0.7379
vn -0.6175 -0.0000 -0.7866
vn -0.6297 -0.0491 -0.7753
vn -0.5781 -0.0000 -0.8159
vn -0.8006 -0.0507 -0.5970
vn -0.9181 -0.0000 -0.3964
vn -0.8690 -0.0527 -0.4921
vn -0.8613 -0.0000 -0.5081
vn -0.8978 -0.0000 -0.4405
vn -0.9238 -0.0538 -0.3792
vn -0.9887 -0.0538 -0.1401
vn -0.9788 -0.0000 -0.2046
vn -0.9603 -0.0000 -0.2790
vn -0.9638 -0.0541 -0.2610
vn -0.9459 -0.0000 -0.3246
vn -0.9983 -0.0557 -0.0166
vn -0.9770 -0.0000 0.2132
vn -0.9924 -0.0577 0.1085
vn -0.9960 -0.0000 0.0894
vn -0.9860 -0.0000 0.1669
vn -0.9709 -0.0589 0.2321
vn -0.8839 -0.0587 0.4640
vn -0.9140 -0.0000 0.4057
vn -0.9428 -0.0000 0.3332
vn -0.9344 -0.0592 0.3514
vn -0.9573 -0.0000 0.2891
vn -0.8196 -0.0605 0.5698
vn -0.6695 -0.0000 0.7428
vn -0.7417 -0.0627 0.6678
vn -0.7571 -0.0000 0.6533
vn -0.7028 -0.0000 0.7114
vn -0.6520 -0.0640 0.7555
vn -0.4459 -0.0637 0.8928
vn -0.5048 -0.0000 0.8632
vn -0.5527 -0.0642 0.8309
vn -0.6082 -0.0000 0.7938
vn -0.3319 -0.0654 0.9410
vn -0.1109 -0.0000 0.9938
vn -0.2115 -0.0677 0.9750
vn -0.2342 -0.0000 0.9722
vn -0.1550 -0.0000 0.9879
vn -0.0875 -0.0690 0.9938
vn 0.1599 -0.0686 0.9847
vn 0.0945 -0.0000 0.9955
vn 0.0139 -0.0000 0.9999
vn 0.0372 -0.0692 0.9969
vn -0.0300 -0.0000 0.9996
vn 0.2805 -0.0703 0.9573
vn 0.4894 -0.0000 0.8721
vn 0.3980 -0.0727 0.9145
vn 0.3765 -0.0000 0.9264
vn 0.4512 -0.0000 0.8924
vn 0.5095 -0.0741 0.8573
vn 0.7050 -0.0735 0.7054
vn 0.6582 -0.0000 0.7528
vn 0.5943 -0.0000 0.8042
vn 0.6126 -0.0743 0.7869
vn 0.5595 -0.0000 0.8288
vn 0.7868 -0.0751 0.6126
vn 0.8460 -0.0000 0.5332
vn 0.8571 -0.0777 0.5093
vn 0.9566 -0.0793 0.2804
vn 0.9383 -0.0000 0.3459
vn 0.9060 -0.0000 0.4232
vn 0.9141 -0.0791 0.3977
vn 0.8875 -0.0000 0.4608
vn 0.9840 -0.0784 0.1602
vn 0.9824 -0.0000 0.1869
vn 0.9945 -0.0000 0.1049
vn 0.9961 -0.0799 0.0373
vn 0.9982 -0.0000 -0.0601
vn 0.9927 -0.0827 -0.0876
vn 0.9397 -0.0844 -0.3314
vn 0.9636 -0.0000 -0.2673
vn 0.9829 -0.0000 -0.1844
vn 0.9738 -0.0842 -0.2114
vn 0.9895 -0.0000 -0.1444
vn 0.8917 -0.0834 -0.4449
vn 0.9071 -0.0000 -0.4210
vn 0.8685 -0.0000 -0.4958
vn 0.8298 -0.0847 -0.5516
vn 0.7760 -0.0000 -0.6308
vn 0.7541 -0.0876 -0.6509
vn 0.5686 -0.0894 -0.8177
vn 0.6260 -0.0000 -0.7798
vn 0.6910 -0.0000 -0.7228
vn 0.6663 -0.0892 -0.7403
vn 0.7188 -0.0000 -0.6952
vn 0.4633 -0.0883 -0.8818
vn 0.4914 -0.0000 -0.8709
vn 0.4153 -0.0000 -0.9097
vn 0.3508 -0.0895 -0.9322
vn 0.2627 -0.0000 -0.9649
vn 0.2314 -0.0926 -0.9684
vn -0.0165 -0.0945 -0.9954
vn 0.0526 -0.0000 -0.9986
vn 0.1400 -0.0000 -0.9901
vn 0.1080 -0.0942 -0.9897
vn 0.1774 -0.0000 -0.9841
vn -0.1393 -0.0932 -0.9858
vn -0.1086 -0.0000 -0.9941
vn -0.1944 -0.0000 -0.9809
vn -0.2600 -0.0943 -0.9610
vn -0.3492 -0.0000 -0.9371
vn -0.3780 -0.0975 -0.9207
vn -0.5949 -0.0995 -0.7976
vn -0.5406 -0.0000 -0.8413
vn -0.4635 -0.0000 -0.8861
vn -0.4905 -0.0993 -0.8658
vn -0.4309 -0.0000 -0.9024
vn -0.6889 -0.0982 -0.7182
vn -0.6678 -0.0000 -0.7443
vn -0.7308 -0.0000 -0.6826
vn -0.7722 -0.0990 -0.6276
vn -0.8300 -0.0000 -0.5577
vn -0.8443 -0.1024 -0.5259
vn -0.9484 -0.1045 -0.2995
vn -0.9302 -0.0000 -0.3671
vn -0.8932 -0.0000 -0.4497
vn -0.9035 -0.1043 -0.4157
vn -0.8768 -0.0000 -0.4808
vn -0.9782 -0.1032 -0.1800
vn -0.9766 -0.0000 -0.2153
vn -0.9919 -0.0000 -0.1271
vn -0.9929 -0.1037 -0.0579
vn -0.9995 -0.0000 0.0308
vn -0.9920 -0.1073 0.0666
vn -0.9440 -0.1095 0.3111
vn -0.9694 -0.0000 0.2453
vn -0.9879 -0.0000 0.1554
vn -0.9756 -0.1093 0.1906
vn -0.9925 -0.0000 0.1219
vn -0.8985 -0.1081 0.4255
vn -0.9189 -0.0000 0.3945
vn -0.8793 -0.0000 0.4763
vn -0.8391 -0.1084 0.5330
vn -0.7656 -0.1122 0.6334
vn -0.7941 -0.0000 0.6078
vn -0.7345 -0.0000 0.6787
vn -0.7077 -0.0596 0.7040
vn -0.6905 -0.0000 0.7234
vn -0.6436 -0.0000 0.7654
vn -0.5431 -0.0000 0.8397
vn -0.5121 -0.0578 0.8570
vn -0.4902 -0.0000 0.8716
vn -0.4354 -0.0000 0.9002
vn -0.1997 -0.0000 0.9799
vn -0.1645 -0.0596 0.9846
vn -0.0402 -0.0592 0.9974
vn -0.0753 -0.0000 0.9972
vn -0.1379 -0.0000 0.9904
vn 0.1725 -0.0000 0.9850
vn 0.1113 -0.0000 0.9938
vn 0.0837 -0.0579 0.9948
vn 0.0497 -0.0000 0.9988
vn -0.0128 -0.0000 0.9999
vn 0.4102 -0.0000 0.9120
vn 0.4404 -0.0595 0.8958
vn 0.5489 -0.0591 0.8338
vn 0.5213 -0.0000 0.8534
vn 0.4666 -0.0000 0.8845
vn 0.7154 -0.0000 0.6987
vn 0.6709 -0.0000 0.7415
vn 0.6480 -0.0577 0.7594
vn 0.6237 -0.0000 0.7816
vn 0.5737 -0.0000 0.8191
vn 0.8657 -0.0000 0.5006
vn 0.8801 -0.0591 0.4711
vn 0.9321 -0.0587 0.3575
vn 0.9216 -0.0000 0.3881
vn 0.8953 -0.0000 0.4454
vn 0.9888 -0.0000 0.1492
vn 0.9777 -0.0000 0.2099
vn 0.9693 -0.0574 0.2391
vn 0.9628 -0.0000 0.2701
vn 0.9441 -0.0000 0.3297
vn 0.9951 -0.0000 -0.0993
vn 0.9897 -0.0586 -0.1303
vn 0.9657 -0.0581 -0.2530
vn 0.9748 -0.0000 -0.2233
vn 0.9869 -0.0000 -0.1615
vn 0.8897 -0.0000 -0.4566
vn 0.9162 -0.0000 -0.4008
vn 0.9269 -0.0568 -0.3709
vn 0.9393 -0.0000 -0.3432
vn 0.9589 -0.0000 -0.2838
vn 0.7497 -0.0000 -0.6618
vn 0.7282 -0.0578 -0.6829
vn 0.6372 -0.0573 -0.7686
vn 0.6608 -0.0000 -0.7506
vn 0.7067 -0.0000 -0.7075
vn 0.4554 -0.0000 -0.8903
vn 0.5095 -0.0000 -0.8605
vn 0.5369 -0.0560 -0.8418
vn 0.5619 -0.0000 -0.8272
vn 0.6125 -0.0000 -0.7905
vn 0.2219 -0.0000 -0.9751
vn 0.1936 -0.0568 -0.9794
vn 0.0697 -0.0563 -0.9960
vn 0.0979 -0.0000 -0.9952
vn 0.1604 -0.0000 -0.9871
vn -0.1505 -0.0000 -0.9886
vn -0.0891 -0.0000 -0.9960
vn -0.0546 -0.0550 -0.9970
vn -0.0272 -0.0000 -0.9996
vn 0.0354 -0.0000 -0.9994
vn -0.7494 -0.0000 -0.6621
vn -0.7494 0.0010 -0.6622
vn -0.7496 -0.0000 -0.6619
vn -0.8257 -0.0000 -0.5642
vn -0.8897 -0.0000 -0.4566
vn -0.9749 -0.0000 -0.2227
vn -0.9997 -0.0000 0.0229
vn -0.9997 0.0007 0.0230
vn -0.9964 -0.0000 0.0851
vn -0.9628 -0.0000 0.2701
vn -0.9219 -0.0000 0.3875
vn -0.7990 -0.0000 0.6014
vn -0.7988 0.0012 0.6015
vn -0.7599 -0.0000 0.6500
vn -0.6247 -0.0000 0.7808
vn -0.5230 -0.0000 0.8523
vn -0.2986 -0.0000 0.9544
vn -0.2983 0.0017 0.9545
vn -0.2385 -0.0000 0.9712
vn -0.0523 -0.0000 0.9986
vn 0.0721 -0.0000 0.9974
vn 0.3137 -0.0000 0.9495
vn 0.3141 0.0022 0.9494
vn 0.3722 -0.0000 0.9281
vn 0.4302 -0.0000 0.9027
vn 0.5397 -0.0000 0.8418
vn 0.6401 -0.0000 0.7683
vn 0.8084 -0.0000 0.5887
vn 0.8087 0.0027 0.5882
vn 0.8435 -0.0000 0.5372
vn 0.9293 -0.0000 0.3693
vn 0.9680 -0.0000 0.2509
vn 0.9985 -0.0000 -0.0553
vn 1.0000 0.0032 0.0064
vn 1.0000 -0.0000 0.0071
vn 0.8166 -0.0000 -0.5772
vn 0.8162 0.0037 -0.5778
vn 0.8160 -0.0000 -0.5780
vn 0.7722 -0.0000 -0.6353
vn 0.7791 -0.0000 -0.6269
vn 0.7383 -0.0000 -0.6745
vn 0.7378 0.0038 -0.6750
vn 0.6945 -0.0000 -0.7194
vn 0.6484 0.0040 -0.7613
vn 0.5992 -0.0000 -0.8006
vn 0.5487 0.0040 -0.8360
vn 0.4955 -0.0000 -0.8686
vn 0.4412 -0.0000 -0.8974
vn 0.4404 0.0040 -0.8978
vn 0.4402 -0.0000 -0.8979
vn 0.3741 -0.0000 -0.9274
vn 0.3270 -0.0000 -0.9450
vn 0.3262 0.0042 -0.9453
vn 0.3260 -0.0000 -0.9454
vn 0.2557 -0.0000 -0.9668
vn 0.2676 -0.0000 -0.9635
vn 0.2067 -0.0000 -0.9784
vn 0.2059 0.0043 -0.9786
vn 0.1450 -0.0000 -0.9894
vn 0.0831 0.0045 -0.9965
vn 0.0202 -0.0000 -0.9998
vn -0.0415 0.0045 -0.9991
vn -0.1038 -0.0000 -0.9946
vn -0.1647 -0.0000 -0.9863
vn -0.1656 0.0045 -0.9862
vn -0.1659 -0.0000 -0.9861
vn -0.2381 -0.0000 -0.9713
vn -0.2852 -0.0000 -0.9585
vn -0.2861 0.0047 -0.9582
vn -0.2864 -0.0000 -0.9581
vn -0.3572 -0.0000 -0.9340
vn -0.3442 -0.0000 -0.9389
vn -0.4023 -0.0000 -0.9155
vn -0.4032 0.0048 -0.9151
vn -0.4589 -0.0000 -0.8885
vn -0.5133 0.0050 -0.8582
vn -0.5664 -0.0000 -0.8241
vn -0.6162 0.0050 -0.7876
vn -0.6642 -0.0000 -0.7476
vn -0.7088 -0.0000 -0.7054
vn -0.7096 0.0049 -0.7046
vn -0.7098 -0.0000 -0.7044
vn -0.7606 -0.0000 -0.6493
vn -0.7905 -0.0000 -0.6125
vn -0.7911 0.0052 -0.6117
vn -0.7913 -0.0000 -0.6114
vn -0.8355 -0.0000 -0.5495
vn -0.8270 -0.0000 -0.5622
vn -0.8606 -0.0000 -0.5093
vn -0.8611 0.0053 -0.5084
vn -0.8908 -0.0000 -0.4544
vn -0.9173 0.0055 -0.3981
vn -0.9406 -0.0000 -0.3395
vn -0.9598 0.0055 -0.2808
vn -0.9755 -0.0000 -0.2202
vn -0.9871 -0.0000 -0.1598
vn -0.9873 0.0054 -0.1587
vn -0.9874 -0.0000 -0.1584
vn -0.9966 -0.0000 -0.0827
vn -0.9993 -0.0000 -0.0369
vn -0.9993 0.0056 -0.0358
vn -0.9994 -0.0000 -0.0354
vn -0.9991 -0.0000 0.0420
vn -0.9997 -0.0000 0.0252
vn -0.9961 -0.0000 0.0878
vn -0.9960 0.0058 0.0889
vn -0.9887 -0.0000 0.1500
vn -0.9774 0.0060 0.2112
vn -0.9622 -0.0000 0.2724
vn -0.9435 0.0060 0.3313
vn -0.9209 -0.0000 0.3898
vn -0.8952 -0.0000 0.4456
vn -0.8947 0.0059 0.4467
vn -0.8945 -0.0000 0.4471
vn -0.8572 -0.0000 0.5150
vn -0.8335 -0.0000 0.5526
vn -0.8328 0.0061 0.5536
vn -0.8325 -0.0000 0.5540
vn -0.7864 -0.0000 0.6177
vn -0.7976 -0.0000 0.6032
vn -0.7582 -0.0000 0.6520
vn -0.7574 0.0063 0.6529
vn -0.7159 -0.0000 0.6982
vn -0.6711 0.0066 0.7413
vn -0.6230 -0.0000 0.7823
vn -0.5735 0.0065 0.8192
vn -0.5210 -0.0000 0.8535
vn -0.4676 -0.0000 0.8840
vn -0.4664 0.0063 0.8846
vn -0.4660 -0.0000 0.8848
vn -0.3948 -0.0000 0.9188
vn -0.3551 -0.0000 0.9348
vn -0.3538 0.0066 0.9353
vn -0.3534 -0.0000 0.9355
vn -0.2775 -0.0000 0.9607
vn -0.2964 -0.0000 0.9551
vn -0.2360 -0.0000 0.9717
vn -0.2347 0.0068 0.9720
vn -0.1747 -0.0000 0.9846
vn -0.1132 0.0071 0.9935
vn -0.0502 -0.0000 0.9987
vn 0.0115 0.0070 0.9999
vn 0.0742 -0.0000 0.9972
vn 0.1354 -0.0000 0.9908
vn 0.1368 0.0068 0.9906
vn 0.1373 -0.0000 0.9905
vn 0.2162 -0.0000 0.9763
vn 0.2565 -0.0000 0.9665
vn 0.2579 0.0070 0.9662
vn 0.2584 -0.0000 0.9661
vn 0.3359 -0.0000 0.9419
vn 0.3159 -0.0000 0.9488
vn 0.3747 -0.0000 0.9272
vn 0.3760 0.0072 0.9266
vn 0.4319 -0.0000 0.9019
vn 0.4871 0.0076 0.8733
vn 0.5414 -0.0000 0.8408
vn 0.5922 0.0076 0.8057
vn 0.6417 -0.0000 0.7670
vn 0.6877 -0.0000 0.7260
vn 0.6887 0.0073 0.7250
vn 0.6891 -0.0000 0.7247
vn 0.7458 -0.0000 0.6661
vn 0.7718 -0.0000 0.6358
vn 0.7728 0.0075 0.6346
vn 0.7732 -0.0000 0.6342
vn 0.8228 -0.0000 0.5683
vn 0.8098 -0.0000 0.5867
vn 0.8449 -0.0000 0.5349
vn 0.8457 0.0077 0.5336
vn 0.8767 -0.0000 0.4810
vn 0.9048 0.0081 0.4257
vn 0.9300 -0.0000 0.3676
vn 0.9517 -0.0000 0.3069
vn 0.9740 -0.0000 0.2265
vn 0.9509 0.0081 0.3095
vn 0.9685 -0.0000 0.2491
vn 0.9818 0.0080 0.1896
vn 0.9918 -0.0000 0.1282
vn 0.9978 -0.0000 0.0666
vn 0.9979 0.0080 0.0650
vn 0.9979 -0.0000 0.0644
vn 0.9998 -0.0000 -0.0193
vn 1.0000 -0.0000 0.0047
vn 0.9983 -0.0000 -0.0578
vn 0.9982 0.0082 -0.0595
vn 0.9927 -0.0000 -0.1202
vn 0.9833 0.0086 -0.1815
vn 0.9699 -0.0000 -0.2434
vn 0.9522 -0.0000 -0.3056
vn 0.9229 -0.0000 -0.3851
vn 0.9530 0.0086 -0.3028
vn 0.9321 -0.0000 -0.3622
vn 0.9083 0.0085 -0.4183
vn 0.8805 -0.0000 -0.4740
vn 0.8495 -0.0000 -0.5276
vn 0.8486 0.0084 -0.5290
vn 0.8002 -0.0000 -0.5997
vn 0.8152 -0.0000 -0.5791
vn 0.7774 -0.0000 -0.6289
vn 0.7763 0.0087 -0.6303
vn 0.7366 -0.0000 -0.6763
vn 0.6932 0.0091 -0.7207
vn 0.6462 -0.0000 -0.7632
vn 0.5954 -0.0000 -0.8034
vn 0.5241 -0.0000 -0.8517
vn 0.5978 0.0091 -0.8016
vn 0.5462 -0.0000 -0.8377
vn 0.4915 -0.0000 -0.8709
vn 0.4941 0.0090 -0.8694
vn 0.4390 -0.0000 -0.8985
vn 0.3810 0.0089 -0.9245
vn 0.3804 -0.0000 -0.9248
vn 0.2992 -0.0000 -0.9542
vn 0.3248 -0.0000 -0.9458
vn 0.2651 -0.0000 -0.9642
vn 0.2633 0.0091 -0.9647
vn 0.2043 -0.0000 -0.9789
vn 0.1432 0.0096 -0.9896
vn 0.0802 -0.0000 -0.9968
vn 0.0153 -0.0000 -0.9999
vn -0.0721 -0.0000 -0.9974
vn 0.0185 0.0096 -0.9998
vn -0.0446 -0.0000 -0.9990
vn -0.1054 0.0095 -0.9944
vn -0.1671 -0.0000 -0.9859
vn -0.2277 -0.0000 -0.9737
vn -0.2295 0.0093 -0.9733
vn -0.2302 -0.0000 -0.9731
vn -0.3145 -0.0000 -0.9493
vn -0.2874 -0.0000 -0.9578
vn -0.3467 -0.0000 -0.9380
vn -0.3485 0.0096 -0.9373
vn -0.4046 -0.0000 -0.9145
vn -0.4605 0.0102 -0.8876
vn -0.5159 -0.0000 -0.8567
vn -0.5705 -0.0000 -0.8213
vn -0.6412 -0.0000 -0.7674
vn -0.5677 0.0101 -0.8232
vn -0.6186 -0.0000 -0.7857
vn -0.6679 -0.0000 -0.7443
vn -0.6653 0.0100 -0.7465
vn -0.7106 -0.0000 -0.7036
vn -0.7526 -0.0000 -0.6584
vn -0.7540 0.0098 -0.6568
vn -0.7544 -0.0000 -0.6564
vn -0.8098 -0.0000 -0.5868
vn -0.7919 -0.0000 -0.6107
vn -0.8285 -0.0000 -0.5600
vn -0.8296 0.0101 -0.5583
vn -0.8618 -0.0000 -0.5072
vn -0.8915 0.0107 -0.4529
vn -0.9185 -0.0000 -0.3954
vn -0.9424 -0.0000 -0.3346
vn -0.9687 -0.0000 -0.2483
vn -0.9411 0.0106 -0.3380
vn -0.9606 -0.0000 -0.2778
vn -0.9757 0.0105 -0.2187
vn -0.9875 -0.0000 -0.1574
vn -0.9954 -0.0000 -0.0962
vn -0.9955 0.0102 -0.0940
vn -0.9956 -0.0000 -0.0933
vn -1.0000 -0.0000 -0.0033
vn -0.9994 -0.0000 -0.0345
vn -0.9996 -0.0000 0.0279
vn -0.9995 0.0105 0.0300
vn -0.9959 -0.0000 0.0902
vn -0.9884 0.0112 0.1517
vn -0.9768 -0.0000 0.2142
vn -0.9607 -0.0000 0.2776
vn -0.9313 -0.0000 0.3643
vn -0.9617 0.0112 0.2740
vn -0.9425 -0.0000 0.3343
vn -0.9203 0.0110 0.3911
vn -0.8941 -0.0000 0.4479
vn -0.8648 -0.0000 0.5021
vn -0.8636 0.0107 0.5040
vn -0.8633 -0.0000 0.5047
vn -0.8136 -0.0000 0.5815
vn -0.8322 -0.0000 0.5545
vn -0.7960 -0.0000 0.6054
vn -0.7945 0.0110 0.6071
vn -0.7566 -0.0000 0.6539
vn -0.7120 -0.0000 0.7022
vn -0.7147 0.0117 0.6993
vn -0.6689 -0.0000 0.7434
vn -0.6187 -0.0000 0.7857
vn -0.6142 -0.0591 0.7869
vn -0.5945 -0.0000 0.8041
vn -0.6217 0.0117 0.7831
vn -0.5709 -0.0000 0.8210
vn -0.5165 -0.0000 0.8563
vn -0.5197 0.0115 0.8542
vn -0.4653 -0.0000 0.8852
vn -0.4099 -0.0000 0.9121
vn -0.4077 0.0111 0.9130
vn -0.4026 -0.0577 0.9135
vn -0.3791 -0.0000 0.9254
vn -0.2939 -0.0000 0.9559
vn -0.2916 0.0114 0.9565
vn -0.2862 -0.0591 0.9563
vn -0.2609 -0.0000 0.9654
vn -0.1722 -0.0000 0.9851
vn -0.1699 0.0116 0.9854
vn -0.1101 -0.0000 0.9939
vn -0.0446 -0.0000 0.9990
vn -0.0487 0.0122 0.9987
vn 0.0147 -0.0000 0.9999
vn 0.0797 -0.0000 0.9968
vn 0.0757 0.0120 0.9971
vn 0.1380 -0.0000 0.9904
vn 0.1987 -0.0000 0.9801
vn 0.2011 0.0115 0.9795
vn 0.2056 -0.0576 0.9769
vn 0.2328 -0.0000 0.9725
vn 0.3184 -0.0000 0.9479
vn 0.3207 0.0119 0.9471
vn 0.3251 -0.0590 0.9439
vn 0.3521 -0.0000 0.9360
vn 0.3769 -0.0000 0.9262
vn 0.4342 -0.0000 0.9008
vn 0.4364 0.0121 0.8996
vn 0.4899 -0.0000 0.8718
vn 0.5462 -0.0000 0.8376
vn 0.5426 0.0127 0.8399
vn 0.5948 -0.0000 0.8038
vn 0.6460 -0.0000 0.7634
vn 0.6427 0.0125 0.7660
vn 0.6896 -0.0000 0.7242
vn 0.7328 -0.0000 0.6804
vn 0.7345 0.0120 0.6785
vn 0.7367 -0.0573 0.6738
vn 0.7571 -0.0000 0.6533
vn 0.8113 -0.0000 0.5846
vn 0.8128 0.0123 0.5825
vn 0.8144 -0.0586 0.5774
vn 0.8325 -0.0000 0.5541
vn 0.8462 -0.0000 0.5329
vn 0.8779 -0.0000 0.4788
vn 0.8791 0.0125 0.4765
vn 0.9062 -0.0000 0.4228
vn 0.9322 -0.0000 0.3621
vn 0.9305 0.0132 0.3662
vn 0.9519 -0.0000 0.3064
vn 0.9687 0.0130 0.2477
vn 0.9825 -0.0000 0.1863
vn 0.9921 -0.0000 0.1256
vn 0.9923 0.0124 0.1230
vn 0.9914 -0.0568 0.1179
vn 0.9961 -0.0000 0.0880
vn 1.0000 -0.0000 0.0020
vn 0.9999 0.0128 -0.0006
vn 0.9983 -0.0581 -0.0057
vn 0.9993 -0.0000 -0.0365
vn 0.9982 -0.0000 -0.0603
vn 0.9924 -0.0000 -0.1227
vn 0.9920 0.0130 -0.1253
vn 0.9828 -0.0000 -0.1847
vn 0.9684 -0.0000 -0.2493
vn 0.9695 0.0138 -0.2448
vn 0.9520 -0.0000 -0.3060
vn 0.9299 -0.0000 -0.3677
vn 0.9315 0.0135 -0.3634
vn 0.9069 -0.0000 -0.4213
vn 0.8793 -0.0000 -0.4763
vn 0.8779 0.0128 -0.4787
vn 0.8743 -0.0561 -0.4822
vn 0.8599 -0.0000 -0.5104
vn 0.8137 -0.0000 -0.5813
vn 0.8120 0.0132 -0.5835
vn 0.8078 -0.0573 -0.5867
vn 0.7898 -0.0000 -0.6134
vn 0.7759 -0.0000 -0.6308
vn 0.7349 -0.0000 -0.6782
vn 0.7329 0.0134 -0.6802
vn 0.6909 -0.0000 -0.7229
vn 0.6414 -0.0000 -0.7672
vn 0.6451 0.0143 -0.7640
vn 0.5952 -0.0000 -0.8036
vn 0.5411 -0.0000 -0.8410
vn 0.5450 0.0141 -0.8383
vn 0.4912 -0.0000 -0.8711
vn 0.4367 -0.0000 -0.8996
vn 0.4341 0.0133 -0.9008
vn 0.4292 -0.0551 -0.9015
vn 0.3998 -0.0000 -0.9166
vn 0.3223 -0.0000 -0.9466
vn 0.3196 0.0137 -0.9475
vn 0.3143 -0.0563 -0.9477
vn 0.2828 -0.0000 -0.9592
vn 0.2018 -0.0000 -0.9794
vn 0.1989 0.0139 -0.9799
vn 0.1400 -0.0000 -0.9902
vn 0.0739 -0.0000 -0.9973
vn 0.0788 0.0148 -0.9968
vn 0.0152 -0.0000 -0.9999
vn -0.0507 -0.0000 -0.9987
vn -0.0458 0.0146 -0.9988
vn -0.1088 -0.0000 -0.9941
vn -0.1696 -0.0000 -0.9855
vn -0.1725 0.0137 -0.9849
vn -0.1770 -0.0540 -0.9827
vn -0.2110 -0.0000 -0.9775
vn -0.2900 -0.0000 -0.9570
vn -0.2928 0.0141 -0.9561
vn -0.2971 -0.0551 -0.9533
vn -0.3171 -0.0226 -0.9481
vn -0.3490 -0.0000 -0.9371
vn -0.4070 -0.0000 -0.9134
vn -0.4096 0.0143 -0.9121
vn -0.4634 -0.0000 -0.8862
vn -0.5170 0.0153 -0.8559
vn -0.6235 -0.0000 -0.7818
vn -0.6195 0.0151 -0.7849
s 0
usemtl Material
f 1//1 2//1 3//1
f 4//2 5//2 6//2
f 7//3 8//3 9//3
f 9//4 8//4 10//4
f 9//5 10//5 11//5
f 11//6 10//6 12//6
f 7//7 9//7 13//7
f 13//8 9//8 14//8
f 13//9 14//9 15//9
f 16//10 17//10 14//10
f 14//11 17//11 18//11
f 14//12 18//12 15//12
f 19//13 20//13 21//13
f 21//14 20//14 22//14
f 21//15 22//15 16//15
f 16//16 22//16 23//16
f 16//17 23//17 17//17
f 19//18 21//18 24//18
f 24//19 21//19 25//19
f 24//20 25//20 26//20
f 26//21 25//21 27//21
f 26//22 27//22 28//22
f 29//23 30//23 27//23
f 27//24 30//24 31//24
f 27//25 31//25 28//25
f 32//26 33//26 34//26
f 34//27 33//27 35//27
f 34//28 35//28 29//28
f 29//29 35//29 36//29
f 29//30 36//30 30//30
f 32//31 34//31 37//31
f 37//32 34//32 38//32
f 37//33 38//33 39//33
f 40//34 41//34 42//34
f 42//35 43//35 40//35
f 40//36 43//36 44//36
f 40//37 44//37 38//37
f 38//38 44//38 45//38
f 38//39 45//39 39//39
f 46//40 47//40 41//40
f 41//41 47//41 48//41
f 41//42 48//42 42//42
f 49//43 50//43 51//43
f 51//44 50//44 52//44
f 51//45 52//45 46//45
f 46//46 52//46 53//46
f 46//47 53//47 47//47
f 49//48 51//48 54//48
f 54//49 51//49 55//49
f 54//50 55//50 56//50
f 56//51 55//51 57//51
f 57//52 55//52 58//52
f 57//53 58//53 59//53
f 60//54 61//54 58//54
f 58//55 61//55 62//55
f 58//56 62//56 59//56
f 63//57 64//57 65//57
f 65//58 64//58 66//58
f 65//59 66//59 60//59
f 60//60 66//60 67//60
f 60//61 67//61 61//61
f 63//62 65//62 68//62
f 68//63 65//63 69//63
f 68//64 69//64 70//64
f 70//65 69//65 71//65
f 71//66 69//66 72//66
f 71//67 72//67 73//67
f 73//68 72//68 74//68
f 74//69 72//69 75//69
f 74//70 75//70 76//70
f 77//71 78//71 75//71
f 75//72 78//72 79//72
f 75//73 79//73 76//73
f 80//74 81//74 77//74
f 77//75 81//75 82//75
f 77//76 82//76 78//76
f 83//77 84//77 85//77
f 85//78 84//78 86//78
f 85//79 86//79 80//79
f 80//80 86//80 87//80
f 80//81 87//81 81//81
f 83//82 85//82 88//82
f 88//83 85//83 89//83
f 88//84 89//84 90//84
f 90//85 89//85 91//85
f 91//86 89//86 92//86
f 91//87 92//87 93//87
f 92//88 94//88 93//88
f 93//89 94//89 95//89
f 93//90 95//90 96//90
f 96//91 95//91 97//91
f 96//92 97//92 98//92
f 98//93 97//93 99//93
f 99//94 97//94 100//94
f 99//95 100//95 101//95
f 101//96 100//96 102//96
f 101//97 102//97 103//97
f 103//98 102//98 104//98
f 103//99 104//99 105//99
f 105//100 104//100 106//100
f 105//101 106//101 107//101
f 107//102 106//102 108//102
f 107//103 108//103 109//103
f 108//104 110//104 109//104
f 109//105 110//105 111//105
f 109//106 111//106 112//106
f 112//107 111//107 113//107
f 112//108 113//108 114//108
f 114//109 113//109 115//109
f 115//110 113//110 116//110
f 115//111 116//111 117//111
f 116//112 118//112 117//112
f 117//113 118//113 119//113
f 117//114 119//114 120//114
f 120//115 119//115 121//115
f 120//116 121//116 122//116
f 122//117 121//117 123//117
f 122//118 123//118 124//118
f 124//119 123//119 125//119
f 125//120 123//120 126//120
f 125//121 126//121 127//121
f 126//122 128//122 127//122
f 127//123 128//123 129//123
f 127//124 129//124 130//124
f 130//125 129//125 131//125
f 130//126 131//126 132//126
f 132//127 131//127 133//127
f 132//128 133//128 134//128
f 134//129 133//129 135//129
f 134//130 135//130 136//130
f 137//131 138//131 139//131
f 139//132 138//132 140//132
f 139//133 140//133 141//133
f 136//134 135//134 142//134
f 142//135 135//135 143//135
f 142//136 143//136 144//136
f 144//137 143//137 145//137
f 144//138 145//138 146//138
f 146//139 145//139 147//139
f 146//140 147//140 137//140
f 137//141 147//141 148//141
f 137//142 148//142 138//142
f 141//143 140//143 149//143
f 149//144 140//144 150//144
f 149//145 150//145 151//145
f 150//146 152//146 151//146
f 151//147 152//147 153//147
f 151//148 153//148 154//148
f 154//149 153//149 155//149
f 154//150 155//150 156//150
f 156//151 155//151 157//151
f 156//152 157//152 158//152
f 158//153 157//153 159//153
f 158//154 159//154 160//154
f 160//155 159//155 161//155
f 160//156 161//156 162//156
f 162//157 161//157 163//157
f 163//158 161//158 164//158
f 163//159 164//159 165//159
f 164//160 166//160 165//160
f 165//161 166//161 167//161
f 165//162 167//162 168//162
f 168//163 167//163 169//163
f 168//164 169//164 170//164
f 170//165 169//165 171//165
f 171//166 169//166 172//166
f 171//167 172//167 173//167
f 173//168 172//168 174//168
f 173//169 174//169 175//169
f 175//170 174//170 176//170
f 175//171 176//171 177//171
f 176//172 178//172 177//172
f 177//173 178//173 179//173
f 177//174 179//174 180//174
f 180//175 179//175 181//175
f 180//176 181//176 182//176
f 182//177 181//177 183//177
f 6//178 5//178 184//178
f 184//179 5//179 185//179
f 184//180 185//180 186//180
f 186//181 185//181 187//181
f 186//182 187//182 183//182
f 183//183 187//183 188//183
f 183//184 188//184 182//184
f 6//185 189//185 4//185
f 4//186 189//186 190//186
f 4//187 190//187 191//187
f 191//188 190//188 192//188
f 191//189 192//189 193//189
f 193//190 192//190 194//190
f 193//191 194//191 195//191
f 195//192 194//192 196//192
f 195//193 196//193 197//193
f 197//194 196//194 198//194
f 197//195 198//195 199//195
f 199//196 198//196 200//196
f 199//197 200//197 201//197
f 201//198 200//198 202//198
f 201//199 202//199 203//199
f 203//200 202//200 204//200
f 203//201 204//201 205//201
f 205//202 204//202 206//202
f 205//203 206//203 207//203
f 207//204 206//204 208//204
f 208//205 206//205 209//205
f 208//206 209//206 210//206
f 209//207 211//207 210//207
f 210//208 211//208 212//208
f 210//209 212//209 213//209
f 213//210 212//210 214//210
f 3//211 2//211 215//211
f 215//212 2//212 216//212
f 215//213 216//213 217//213
f 217//214 216//214 218//214
f 217//215 218//215 214//215
f 214//216 218//216 219//216
f 214//217 219//217 213//217
f 3//218 220//218 1//218
f 1//219 220//219 221//219
f 1//220 221//220 222//220
f 222//221 221//221 223//221
f 222//222 223//222 224//222
f 224//223 223//223 225//223
f 224//224 225//224 226//224
f 226//225 225//225 227//225
f 226//226 227//226 228//226
f 228//227 227//227 229//227
f 228//228 229//228 230//228
f 230//229 229//229 231//229
f 230//230 231//230 232//230
f 232//231 231//231 233//231
f 232//232 233//232 234//232
f 234//233 233//233 235//233
f 234//234 235//234 236//234
f 236//235 235//235 237//235
f 236//236 237//236 238//236
f 238//237 237//237 239//237
f 238//238 239//238 240//238
f 240//239 239//239 241//239
f 240//240 241//240 242//240
f 242//241 241//241 243//241
f 242//242 243//242 244//242
f 244//243 243//243 245//243
f 244//244 245//244 246//244
f 246//245 245//245 247//245
f 246//246 247//246 248//246
f 248//247 247//247 249//247
f 248//248 249//248 250//248
f 251//249 252//249 253//249
f 253//250 252//250 254//250
f 253//251 254//251 255//251
f 250//252 249//252 256//252
f 256//253 249//253 257//253
f 256//254 257//254 258//254
f 258//255 257//255 259//255
f 258//256 259//256 260//256
f 260//257 259//257 261//257
f 260//258 261//258 251//258
f 251//259 261//259 262//259
f 251//260 262//260 252//260
f 255//261 254//261 263//261
f 263//262 254//262 264//262
f 263//263 264//263 265//263
f 264//264 266//264 265//264
f 265//265 266//265 267//265
f 265//266 267//266 268//266
f 268//267 267//267 269//267
f 268//268 269//268 270//268
f 270//269 269//269 271//269
f 270//270 271//270 272//270
f 272//271 271//271 273//271
f 272//272 273//272 274//272
f 274//273 273//273 275//273
f 274//274 275//274 276//274
f 276//275 275//275 277//275
f 276//276 277//276 278//276
f 278//277 277//277 279//277
f 278//278 279//278 280//278
f 280//279 279//279 281//279
f 280//280 281//280 282//280
f 282//281 281//281 283//281
f 282//282 283//282 284//282
f 284//283 283//283 285//283
f 286//284 287//284 288//284
f 288//285 287//285 289//285
f 288//286 289//286 290//286
f 290//287 289//287 285//287
f 290//288 285//288 291//288
f 291//289 285//289 283//289
f 288//290 292//290 286//290
f 286//291 292//291 293//291
f 286//292 293//292 294//292
f 294//293 293//293 295//293
f 294//294 295//294 296//294
f 296//295 295//295 297//295
f 296//296 297//296 298//296
f 298//297 297//297 299//297
f 297//298 300//298 299//298
f 299//299 300//299 301//299
f 299//300 301//300 302//300
f 302//301 301//301 303//301
f 302//302 303//302 304//302
f 304//303 303//303 305//303
f 303//304 306//304 305//304
f 305//305 306//305 307//305
f 305//306 307//306 308//306
f 308//307 307//307 309//307
f 308//308 309//308 310//308
f 310//309 309//309 311//309
f 310//310 311//310 312//310
f 312//311 311//311 313//311
f 312//312 313//312 314//312
f 314//313 313//313 315//313
f 314//314 315//314 316//314
f 316//315 315//315 317//315
f 316//316 317//316 318//316
f 318//317 317//317 319//317
f 318//318 319//318 320//318
f 320//319 319//319 321//319
f 320//320 321//320 322//320
f 322//321 321//321 323//321
f 322//322 323//322 324//322
f 324//323 323//323 325//323
f 324//324 325//324 326//324
f 326//325 325//325 327//325
f 326//326 327//326 328//326
f 328//327 327//327 329//327
f 328//328 329//328 330//328
f 330//329 329//329 331//329
f 330//330 331//330 332//330
f 331//331 333//331 332//331
f 332//332 333//332 334//332
f 332//333 334//333 335//333
f 335//334 334//334 336//334
f 335//335 336//335 337//335
f 337//336 336//336 338//336
f 337//337 338//337 339//337
f 339//338 338//338 340//338
f 339//339 340//339 341//339
f 341//340 340//340 342//340
f 341//341 342//341 343//341
f 343//342 342//342 344//342
f 343//343 344//343 345//343
f 345//344 344//344 346//344
f 345//345 346//345 347//345
f 347//346 346//346 348//346
f 347//347 348//347 349//347
f 349//348 348//348 350//348
f 349//349 350//349 351//349
f 351//350 350//350 352//350
f 351//351 352//351 353//351
f 353//352 352//352 354//352
f 353//353 354//353 355//353
f 355//354 354//354 356//354
f 355//355 356//355 357//355
f 357//356 356//356 358//356
f 357//357 358//357 359//357
f 359//358 358//358 360//358
f 359//359 360//359 361//359
f 361//360 360//360 362//360
f 361//361 362//361 363//361
f 363//362 362//362 364//362
f 363//363 364//363 365//363
f 365//364 364//364 366//364
f 365//365 366//365 367//365
f 367//366 366//366 368//366
f 367//367 368//367 369//367
f 369//368 368//368 370//368
f 369//369 370//369 371//369
f 371//370 370//370 372//370
f 371//371 372//371 373//371
f 373//372 372//372 374//372
f 373//373 374//373 375//373
f 375//374 374//374 376//374
f 375//375 376//375 377//375
f 377//376 376//376 378//376
f 377//377 378//377 379//377
f 379//378 378//378 380//378
f 379//379 380//379 381//379
f 381//380 380//380 382//380
f 381//381 382//381 383//381
f 383//382 382//382 384//382
f 383//383 384//383 385//383
f 385//384 384//384 386//384
f 385//385 386//385 387//385
f 387//386 386//386 388//386
f 387//387 388//387 389//387
f 389//388 388//388 390//388
f 389//389 390//389 391//389
f 391//390 390//390 392//390
f 391//391 392//391 393//391
f 393//392 392//392 394//392
f 393//393 394//393 395//393
f 395//394 394//394 396//394
f 395//395 396//395 397//395
f 397//396 396//396 398//396
f 397//397 398//397 399//397
f 399//398 398//398 400//398
f 399//399 400//399 401//399
f 401//400 400//400 402//400
f 401//401 402//401 403//401
f 403//402 402//402 404//402
f 403//403 404//403 405//403
f 405//404 404//404 406//404
f 405//405 406//405 407//405
f 407//406 406//406 408//406
f 407//407 408//407 409//407
f 409//408 408//408 410//408
f 409//409 410//409 411//409
f 411//410 410//410 412//410
f 411//411 412//411 413//411
f 413//412 412//412 414//412
f 413//413 414//413 415//413
f 415//414 414//414 416//414
f 415//415 416//415 417//415
f 417//416 416//416 418//416
f 417//417 418//417 419//417
f 419//418 418//418 420//418
f 419//419 420//419 421//419
f 421//420 420//420 422//420
f 421//421 422//421 423//421
f 423//422 422//422 424//422
f 423//423 424//423 425//423
f 425//424 424//424 426//424
f 425//425 426//425 427//425
f 427//426 426//426 428//426
f 427//427 428//427 429//427
f 429//428 428//428 430//428
f 429//429 430//429 431//429
f 431//430 430//430 432//430
f 431//431 432//431 433//431
f 433//432 432//432 434//432
f 433//433 434//433 435//433
f 435//434 434//434 436//434
f 435//435 436//435 437//435
f 437//436 436//436 438//436
f 437//437 438//437 439//437
f 439//438 438//438 440//438
f 439//439 440//439 441//439
f 441//440 440//440 442//440
f 441//441 442//441 443//441
f 443//442 442//442 444//442
f 443//443 444//443 445//443
f 445//444 444//444 446//444
f 445//445 446//445 447//445
f 447//446 446//446 448//446
f 447//447 448//447 449//447
f 449//448 448//448 450//448
f 449//449 450//449 451//449
f 451//450 450//450 452//450
f 451//451 452//451 453//451
f 453//452 452//452 454//452
f 453//453 454//453 455//453
f 455//454 454//454 456//454
f 455//455 456//455 457//455
f 456//456 458//456 457//456
f 457//457 458//457 459//457
f 457//458 459//458 460//458
f 460//459 459//459 461//459
f 460//460 461//460 462//460
f 463//461 464//461 465//461
f 465//462 464//462 466//462
f 465//463 466//463 467//463
f 467//464 466//464 468//464
f 467//465 468//465 469//465
f 463//466 465//466 470//466
f 470//467 465//467 471//467
f 470//468 471//468 472//468
f 472//469 471//469 473//469
f 472//470 473//470 474//470
f 474//471 473//471 475//471
f 474//472 475//472 476//472
f 477//473 478//473 479//473
f 479//474 478//474 476//474
f 479//475 476//475 480//475
f 480//476 476//476 475//476
f 481//477 482//477 483//477
f 481//478 483//478 484//478
f 484//479 483//479 485//479
f 484//480 485//480 477//480
f 477//481 485//481 486//481
f 477//482 486//482 478//482
f 482//483 481//483 487//483
f 487//484 481//484 488//484
f 487//485 488//485 489//485
f 489//486 488//486 490//486
f 489//487 490//487 491//487
f 491//488 490//488 492//488
f 492//489 490//489 493//489
f 492//490 493//490 494//490
f 493//491 495//491 494//491
f 494//492 495//492 496//492
f 494//493 496//493 497//493
f 497//494 496//494 498//494
f 497//495 498//495 499//495
f 499//496 498//496 500//496
f 499//497 500//497 501//497
f 501//498 500//498 502//498
f 501//499 502//499 503//499
f 504//500 505//500 506//500
f 504//501 506//501 507//501
f 504//502 508//502 505//502
f 505//503 508//503 509//503
f 505//504 509//504 510//504
f 510//505 509//505 511//505
f 510//506 511//506 502//506
f 502//507 511//507 512//507
f 502//508 512//508 503//508
f 513//509 514//509 515//509
f 515//510 514//510 507//510
f 515//511 507//511 516//511
f 516//512 507//512 506//512
f 517//513 518//513 519//513
f 519//514 518//514 520//514
f 519//515 520//515 521//515
f 521//516 520//516 522//516
f 521//517 522//517 523//517
f 523//518 522//518 524//518
f 523//519 524//519 513//519
f 513//520 524//520 525//520
f 513//521 525//521 514//521
f 526//522 527//522 528//522
f 528//523 527//523 529//523
f 528//524 529//524 530//524
f 530//525 529//525 531//525
f 530//526 531//526 532//526
f 532//527 531//527 533//527
f 532//528 533//528 534//528
f 534//529 533//529 517//529
f 534//530 517//530 535//530
f 535//531 517//531 519//531
f 526//532 528//532 536//532
f 536//533 528//533 537//533
f 536//534 537//534 538//534
f 538//535 537//535 539//535
f 538//536 539//536 540//536
f 540//537 539//537 541//537
f 540//538 541//538 542//538
f 541//539 543//539 542//539
f 542//540 543//540 544//540
f 542//541 544//541 545//541
f 545//542 544//542 546//542
f 545//543 546//543 547//543
f 548//544 549//544 550//544
f 548//545 550//545 551//545
f 551//546 550//546 552//546
f 551//547 552//547 553//547
f 553//548 552//548 554//548
f 553//549 554//549 555//549
f 555//550 554//550 556//550
f 555//551 556//551 557//551
f 557//552 556//552 558//552
f 557//553 558//553 559//553
f 559//554 558//554 560//554
f 559//555 560//555 561//555
f 561//556 560//556 562//556
f 561//557 562//557 563//557
f 563//558 562//558 564//558
f 563//559 564//559 546//559
f 546//560 564//560 565//560
f 546//561 565//561 547//561
f 549//562 548//562 566//562
f 566//563 548//563 567//563
f 566//564 567//564 568//564
f 568//565 567//565 569//565
f 569//566 567//566 570//566
f 569//567 570//567 571//567
f 571//568 570//568 572//568
f 571//569 572//569 573//569
f 572//570 574//570 573//570
f 573//571 574//571 575//571
f 573//572 575//572 576//572
f 576//573 575//573 577//573
f 576//574 577//574 578//574
f 579//575 580//575 581//575
f 579//576 581//576 582//576
f 582//577 581//577 583//577
f 582//578 583//578 584//578
f 584//579 583//579 585//579
f 584//580 585//580 586//580
f 586//581 585//581 587//581
f 586//582 587//582 588//582
f 588//583 587//583 589//583
f 588//584 589//584 590//584
f 590//585 589//585 591//585
f 590//586 591//586 592//586
f 592//587 591//587 593//587
f 592//588 593//588 594//588
f 594//589 593//589 595//589
f 594//590 595//590 577//590
f 577//591 595//591 596//591
f 577//592 596//592 578//592
f 580//593 579//593 597//593
f 597//594 579//594 598//594
f 597//595 598//595 599//595
f 599//596 598//596 600//596
f 599//597 600//597 601//597
f 601//598 600//598 602//598
f 602//599 600//599 603//599
f 602//600 603//600 604//600
f 603//601 605//601 604//601
f 604//602 605//602 606//602
f 604//603 606//603 607//603
f 607//604 606//604 608//604
f 607//605 608//605 609//605
f 609//606 608//606 610//606
f 609//607 610//607 611//607
f 611//608 610//608 612//608
f 611//609 612//609 613//609
f 469//610 468//610 614//610
f 614//610 468//610 462//610
f 614//460 462//460 615//460
f 615//460 462//460 461//460
f 615//611 461//611 616//611
f 616//612 461//612 617//612
f 616//613 617//613 612//613
f 612//614 617//614 618//614
f 612//615 618//615 613//615
f 619//616 620//616 621//616
f 622//616 623//616 624//616
f 624//616 623//616 625//616
f 624//616 625//616 626//616
f 627//616 628//616 629//616
f 630//616 631//616 632//616
f 632//616 631//616 633//616
f 632//616 633//616 634//616
f 634//616 633//616 635//616
f 636//616 637//616 638//616
f 638//616 637//616 639//616
f 638//616 639//616 640//616
f 622//616 641//616 623//616
f 623//616 641//616 642//616
f 623//616 642//616 638//616
f 638//616 642//616 643//616
f 638//616 643//616 636//616
f 644//616 645//616 646//616
f 646//616 645//616 647//616
f 646//616 647//616 648//616
f 648//616 647//616 649//616
f 635//617 633//617 650//617
f 650//616 633//616 651//616
f 650//616 651//616 12//616
f 639//616 94//616 640//616
f 640//616 94//616 92//616
f 640//616 92//616 652//616
f 652//616 92//616 89//616
f 652//616 89//616 653//616
f 653//616 89//616 85//616
f 653//616 85//616 654//616
f 654//616 85//616 80//616
f 654//616 80//616 655//616
f 655//616 80//616 77//616
f 655//616 77//616 656//616
f 656//616 77//616 75//616
f 656//616 75//616 657//616
f 657//616 75//616 72//616
f 657//616 72//616 658//616
f 658//616 72//616 69//616
f 658//616 69//616 659//616
f 659//616 69//616 65//616
f 659//616 65//616 660//616
f 660//616 65//616 60//616
f 660//616 60//616 661//616
f 661//616 60//616 58//616
f 661//616 58//616 662//616
f 662//616 58//616 55//616
f 662//616 55//616 663//616
f 663//616 55//616 51//616
f 663//616 51//616 664//616
f 664//616 51//616 46//616
f 664//616 46//616 665//616
f 665//616 46//616 41//616
f 665//616 41//616 666//616
f 666//616 41//616 40//616
f 666//616 40//616 667//616
f 667//616 40//616 38//616
f 667//616 38//616 668//616
f 668//616 38//616 34//616
f 668//616 34//616 669//616
f 669//616 34//616 29//616
f 669//616 29//616 670//616
f 670//616 29//616 27//616
f 670//616 27//616 671//616
f 671//616 27//616 25//616
f 671//616 25//616 672//616
f 672//616 25//616 21//616
f 672//616 21//616 673//616
f 673//616 21//616 16//616
f 673//616 16//616 674//616
f 674//616 16//616 14//616
f 674//616 14//616 675//616
f 675//616 14//616 9//616
f 675//616 9//616 651//616
f 651//616 9//616 11//616
f 651//616 11//616 12//616
f 620//616 676//616 621//616
f 621//616 676//616 677//616
f 621//616 677//616 625//616
f 625//616 677//616 678//616
f 625//616 678//616 626//616
f 644//618 679//618 645//618
f 645//616 679//616 680//616
f 645//616 680//616 621//616
f 621//616 680//616 681//616
f 621//616 681//616 619//616
f 629//616 628//616 647//616
f 647//616 628//616 682//616
f 647//616 682//616 649//616
f 630//616 683//616 631//616
f 631//616 683//616 684//616
f 631//616 684//616 685//616
f 685//616 684//616 686//616
f 685//616 686//616 687//616
f 687//616 688//616 685//616
f 685//616 688//616 689//616
f 685//616 689//616 629//616
f 629//616 689//616 690//616
f 629//616 690//616 627//616
f 600//619 691//619 603//619
f 603//620 691//620 692//620
f 603//620 692//620 605//620
f 605//621 692//621 693//621
f 605//621 693//621 606//621
f 606//622 693//622 694//622
f 606//622 694//622 608//622
f 608//623 694//623 695//623
f 608//623 695//623 610//623
f 610//624 695//624 696//624
f 610//624 696//624 612//624
f 612//625 696//625 697//625
f 612//625 697//625 616//625
f 616//626 697//626 698//626
f 616//626 698//626 615//626
f 615//627 698//627 699//627
f 615//627 699//627 614//627
f 614//628 699//628 700//628
f 614//628 700//628 469//628
f 469//629 700//629 701//629
f 469//629 701//629 467//629
f 467//630 701//630 702//630
f 467//630 702//630 465//630
f 465//631 702//631 703//631
f 465//631 703//631 471//631
f 471//632 703//632 704//632
f 471//632 704//632 473//632
f 473//633 704//633 705//633
f 473//633 705//633 475//633
f 475//634 705//634 706//634
f 475//634 706//634 480//634
f 480//635 706//635 707//635
f 480//635 707//635 479//635
f 479//636 707//636 708//636
f 479//636 708//636 477//636
f 477//637 708//637 709//637
f 477//637 709//637 484//637
f 484//638 709//638 710//638
f 484//638 710//638 481//638
f 481//639 710//639 711//639
f 481//639 711//639 488//639
f 488//640 711//640 712//640
f 488//640 712//640 490//640
f 490//641 712//641 713//641
f 490//641 713//641 493//641
f 493//642 713//642 714//642
f 493//642 714//642 495//642
f 495//643 714//643 715//643
f 495//643 715//643 496//643
f 496//644 715//644 716//644
f 496//644 716//644 498//644
f 498//645 716//645 717//645
f 498//645 717//645 500//645
f 500//646 717//646 718//646
f 500//646 718//646 502//646
f 502//647 718//647 719//647
f 502//647 719//647 510//647
f 510//648 719//648 720//648
f 510//648 720//648 505//648
f 505//649 720//649 721//649
f 505//649 721//649 506//649
f 506//650 721//650 722//650
f 506//650 722//650 516//650
f 516//651 722//651 723//651
f 516//651 723//651 515//651
f 515//652 723//652 724//652
f 515//652 724//652 513//652
f 513//653 724//653 725//653
f 513//653 725//653 523//653
f 523//654 725//654 726//654
f 523//654 726//654 521//654
f 521//655 726//655 727//655
f 521//655 727//655 519//655
f 519//656 727//656 728//656
f 519//656 728//656 535//656
f 535//657 728//657 729//657
f 535//657 729//657 534//657
f 534//658 729//658 730//658
f 534//658 730//658 532//658
f 532//659 730//659 731//659
f 532//659 731//659 530//659
f 530//660 731//660 732//660
f 530//660 732//660 528//660
f 528//661 732//661 733//661
f 528//661 733//661 537//661
f 537//662 733//662 734//662
f 537//662 734//662 539//662
f 539//663 734//663 735//663
f 539//663 735//663 541//663
f 541//664 735//664 736//664
f 541//664 736//664 543//664
f 543//665 736//665 737//665
f 543//665 737//665 544//665
f 544//666 737//666 738//666
f 544//666 738//666 546//666
f 546//667 738//667 739//667
f 546//667 739//667 563//667
f 563//668 739//668 740//668
f 563//668 740//668 561//668
f 561//669 740//669 741//669
f 561//669 741//669 559//669
f 559//670 741//670 742//670
f 559//670 742//670 557//670
f 557//671 742//671 743//671
f 557//671 743//671 555//671
f 555//672 743//672 744//672
f 555//672 744//672 553//672
f 553//673 744//673 745//673
f 553//673 745//673 551//673
f 551//674 745//674 746//674
f 551//674 746//674 548//674
f 548//675 746//675 747//675
f 548//675 747//675 567//675
f 567//676 747//676 748//676
f 567//676 748//676 570//676
f 570//677 748//677 749//677
f 570//677 749//677 572//677
f 572//678 749//678 750//678
f 572//678 750//678 574//678
f 574//679 750//679 751//679
f 574//679 751//679 575//679
f 575//680 751//680 752//680
f 575//680 752//680 577//680
f 577//681 752//681 753//681
f 577//681 753//681 594//681
f 594//682 753//682 754//682
f 594//682 754//682 592//682
f 592//683 754//683 755//683
f 592//683 755//683 590//683
f 590//684 755//684 756//684
f 590//684 756//684 588//684
f 588//685 756//685 757//685
f 588//685 757//685 586//685
f 586//686 757//686 758//686
f 586//686 758//686 584//686
f 584//687 758//687 759//687
f 584//687 759//687 582//687
f 582//688 759//688 760//688
f 582//688 760//688 579//688
f 579//689 760//689 761//689
f 579//689 761//689 598//689
f 598//690 761//690 762//690
f 598//690 762//690 600//690
f 600//619 762//619 691//619
f 762//691 763//691 691//691
f 691//692 763//692 764//692
f 691//692 764//692 692//692
f 692//693 764//693 765//693
f 692//693 765//693 693//693
f 693//694 765//694 766//694
f 693//694 766//694 694//694
f 694//695 766//695 767//695
f 694//695 767//695 695//695
f 695//696 767//696 768//696
f 695//696 768//696 696//696
f 696//697 768//697 769//697
f 696//697 769//697 697//697
f 697//698 769//698 770//698
f 697//698 770//698 698//698
f 698//699 770//699 771//699
f 698//699 771//699 699//699
f 699//700 771//700 772//700
f 699//700 772//700 700//700
f 700//701 772//701 773//701
f 700//701 773//701 701//701
f 701//702 773//702 774//702
f 701//702 774//702 702//702
f 702//703 774//703 775//703
f 702//703 775//703 703//703
f 703//704 775//704 776//704
f 703//704 776//704 704//704
f 704//705 776//705 777//705
f 704//705 777//705 705//705
f 705//706 777//706 778//706
f 705//706 778//706 706//706
f 706//707 778//707 779//707
f 706//707 779//707 707//707
f 707//708 779//708 780//708
f 707//708 780//708 708//708
f 708//709 780//709 781//709
f 708//709 781//709 709//709
f 709//710 781//710 782//710
f 709//710 782//710 710//710
f 710//711 782//711 783//711
f 710//711 783//711 711//711
f 711//712 783//712 784//712
f 711//712 784//712 712//712
f 712//713 784//713 785//713
f 712//713 785//713 713//713
f 713//714 785//714 786//714
f 713//714 786//714 714//714
f 714//715 786//715 787//715
f 714//715 787//715 715//715
f 715//716 787//716 788//716
f 715//716 788//716 716//716
f 716//717 788//717 789//717
f 716//717 789//717 717//717
f 717//718 789//718 790//718
f 717//718 790//718 718//718
f 718//719 790//719 791//719
f 718//719 791//719 719//719
f 719//720 791//720 792//720
f 719//720 792//720 720//720
f 720//721 792//721 793//721
f 720//721 793//721 721//721
f 721//722 793//722 794//722
f 721//722 794//722 722//722
f 722//723 794//723 795//723
f 722//723 795//723 723//723
f 723//724 795//724 796//724
f 723//724 796//724 724//724
f 724//725 796//725 797//725
f 724//725 797//725 725//725
f 725//726 797//726 798//726
f 725//726 798//726 726//726
f 726//727 798//727 799//727
f 726//727 799//727 727//727
f 727//728 799//728 800//728
f 727//728 800//728 728//728
f 728//729 800//729 801//729
f 728//729 801//729 729//729
f 729//730 801//730 802//730
f 729//730 802//730 730//730
f 730//731 802//731 803//731
f 730//731 803//731 731//731
f 731//732 803//732 804//732
f 731//732 804//732 732//732
f 732//733 804//733 805//733
f 732//733 805//733 733//733
f 733//734 805//734 806//734
f 733//734 806//734 734//734
f 734//735 806//735 807//735
f 734//735 807//735 735//735
f 735//736 807//736 808//736
f 735//736 808//736 736//736
f 736//737 808//737 809//737
f 736//737 809//737 737//737
f 737//738 809//738 810//738
f 737//738 810//738 738//738
f 738//739 810//739 811//739
f 738//739 811//739 739//739
f 739//740 811//740 812//740
f 739//740 812//740 740//740
f 740//741 812//741 813//741
f 740//741 813//741 741//741
f 741//742 813//742 814//742
f 741//742 814//742 742//742
f 742//743 814//743 815//743
f 742//743 815//743 743//743
f 743//744 815//744 816//744
f 743//744 816//744 744//744
f 744//745 816//745 817//745
f 744//745 817//745 745//745
f 745//746 817//746 818//746
f 745//746 818//746 746//746
f 746//747 818//747 819//747
f 746//747 819//747 747//747
f 747//748 819//748 820//748
f 747//748 820//748 748//748
f 748//749 820//749 821//749
f 748//749 821//749 749//749
f 749//750 821//750 822//750
f 749//750 822//750 750//750
f 750//751 822//751 823//751
f 750//751 823//751 751//751
f 751//752 823//752 824//752
f 751//752 824//752 752//752
f 752//753 824//753 825//753
f 752//753 825//753 753//753
f 753//754 825//754 826//754
f 753//754 826//754 754//754
f 754//755 826//755 827//755
f 754//755 827//755 755//755
f 755//756 827//756 828//756
f 755//756 828//756 756//756
f 756//757 828//757 829//757
f 756//757 829//757 757//757
f 757//758 829//758 830//758
f 757//758 830//758 758//758
f 758//759 830//759 831//759
f 758//759 831//759 759//759
f 759//760 831//760 832//760
f 759//760 832//760 760//760
f 760//761 832//761 833//761
f 760//761 833//761 761//761
f 761//762 833//762 834//762
f 761//762 834//762 762//762
f 762//691 834//691 763//691
f 834//763 835//763 763//763
f 763//764 835//764 836//764
f 763//764 836//764 764//764
f 764//765 836//765 837//765
f 764//765 837//765 765//765
f 765//766 837//766 838//766
f 765//766 838//766 766//766
f 766//767 838//767 839//767
f 766//767 839//767 767//767
f 767//768 839//768 840//768
f 767//768 840//768 768//768
f 768//769 840//769 841//769
f 768//769 841//769 769//769
f 769//770 841//770 842//770
f 769//770 842//770 770//770
f 770//771 842//771 843//771
f 770//771 843//771 771//771
f 771//772 843//772 844//772
f 771//772 844//772 772//772
f 772//773 844//773 845//773
f 772//773 845//773 773//773
f 773//774 845//774 846//774
f 773//774 846//774 774//774
f 774//775 846//775 847//775
f 774//775 847//775 775//775
f 775//776 847//776 848//776
f 775//777 848//777 776//777
f 776//778 848//778 849//778
f 776//779 849//779 777//779
f 777//780 849//780 850//780
f 777//780 850//780 778//780
f 778//781 850//781 851//781
f 778//781 851//781 779//781
f 779//782 851//782 852//782
f 779//782 852//782 780//782
f 780//783 852//783 853//783
f 780//783 853//783 781//783
f 781//784 853//784 854//784
f 781//784 854//784 782//784
f 782//785 854//785 855//785
f 782//785 855//785 783//785
f 783//786 855//786 856//786
f 783//787 856//787 784//787
f 784//788 856//788 857//788
f 784//788 857//788 785//788
f 785//789 857//789 858//789
f 785//789 858//789 786//789
f 786//790 858//790 859//790
f 786//790 859//790 787//790
f 787//791 859//791 860//791
f 787//791 860//791 788//791
f 788//792 860//792 861//792
f 788//792 861//792 789//792
f 789//793 861//793 862//793
f 789//793 862//793 790//793
f 790//794 862//794 863//794
f 790//794 863//794 791//794
f 791//795 863//795 864//795
f 791//795 864//795 792//795
f 792//796 864//796 865//796
f 792//796 865//796 793//796
f 793//797 865//797 866//797
f 793//797 866//797 794//797
f 794//798 866//798 867//798
f 794//798 867//798 795//798
f 795//799 867//799 868//799
f 795//799 868//799 796//799
f 796//800 868//800 869//800
f 796//800 869//800 797//800
f 797//801 869//801 870//801
f 797//801 870//801 798//801
f 798//802 870//802 871//802
f 798//802 871//802 799//802
f 799//803 871//803 872//803
f 799//803 872//803 800//803
f 800//804 872//804 873//804
f 800//804 873//804 801//804
f 801//805 873//805 874//805
f 801//805 874//805 802//805
f 802//806 874//806 875//806
f 802//806 875//806 803//806
f 803//807 875//807 876//807
f 803//807 876//807 804//807
f 804//808 876//808 877//808
f 804//808 877//808 805//808
f 805//809 877//809 878//809
f 805//809 878//809 806//809
f 806//810 878//810 879//810
f 806//810 879//810 807//810
f 807//811 879//811 880//811
f 807//811 880//811 808//811
f 808//812 880//812 881//812
f 808//812 881//812 809//812
f 809//813 881//813 882//813
f 809//813 882//813 810//813
f 810//814 882//814 883//814
f 810//814 883//814 811//814
f 811//815 883//815 884//815
f 811//816 884//816 812//816
f 812//817 884//817 885//817
f 812//818 885//818 813//818
f 813//819 885//819 886//819
f 813//819 886//819 814//819
f 814//820 886//820 887//820
f 814//820 887//820 815//820
f 815//821 887//821 888//821
f 815//821 888//821 816//821
f 816//822 888//822 889//822
f 816//822 889//822 817//822
f 817//823 889//823 890//823
f 817//823 890//823 818//823
f 818//824 890//824 891//824
f 818//824 891//824 819//824
f 819//825 891//825 892//825
f 819//826 892//826 820//826
f 820//827 892//827 893//827
f 820//827 893//827 821//827
f 821//828 893//828 894//828
f 821//828 894//828 822//828
f 822//829 894//829 895//829
f 822//829 895//829 823//829
f 823//830 895//830 896//830
f 823//830 896//830 824//830
f 824//831 896//831 897//831
f 824//831 897//831 825//831
f 825//832 897//832 898//832
f 825//832 898//832 826//832
f 826//833 898//833 899//833
f 826//833 899//833 827//833
f 827//834 899//834 900//834
f 827//834 900//834 828//834
f 828//835 900//835 901//835
f 828//835 901//835 829//835
f 829//836 901//836 902//836
f 829//836 902//836 830//836
f 830//837 902//837 903//837
f 830//837 903//837 831//837
f 831//838 903//838 904//838
f 831//838 904//838 832//838
f 832//839 904//839 905//839
f 832//839 905//839 833//839
f 833//840 905//840 906//840
f 833//840 906//840 834//840
f 834//763 906//763 835//763
f 907//841 908//841 905//841
f 905//842 904//842 907//842
f 907//843 904//843 903//843
f 907//844 903//844 909//844
f 903//845 902//845 909//845
f 909//846 902//846 901//846
f 909//847 901//847 910//847
f 901//848 900//848 910//848
f 910//849 900//849 899//849
f 910//850 899//850 911//850
f 899//851 898//851 911//851
f 911//852 898//852 897//852
f 911//853 897//853 912//853
f 897//854 896//854 912//854
f 912//855 896//855 895//855
f 912//856 895//856 913//856
f 895//857 894//857 913//857
f 913//858 894//858 893//858
f 913//859 893//859 914//859
f 893//860 892//860 914//860
f 914//861 892//861 891//861
f 914//862 891//862 915//862
f 891//863 890//863 915//863
f 915//864 890//864 889//864
f 915//865 889//865 916//865
f 889//866 888//866 916//866
f 916//867 888//867 887//867
f 916//868 887//868 917//868
f 887//869 886//869 917//869
f 917//870 886//870 885//870
f 917//871 885//871 918//871
f 885//872 884//872 918//872
f 918//873 884//873 883//873
f 918//874 883//874 919//874
f 883//875 882//875 919//875
f 919//876 882//876 881//876
f 919//877 881//877 920//877
f 881//878 880//878 920//878
f 920//879 880//879 879//879
f 920//880 879//880 921//880
f 879//881 878//881 921//881
f 921//882 878//882 877//882
f 921//883 877//883 922//883
f 877//884 876//884 922//884
f 922//885 876//885 875//885
f 922//886 875//886 923//886
f 875//887 874//887 923//887
f 923//888 874//888 873//888
f 923//889 873//889 924//889
f 873//890 872//890 924//890
f 924//891 872//891 871//891
f 924//892 871//892 925//892
f 871//893 870//893 925//893
f 925//894 870//894 869//894
f 925//895 869//895 926//895
f 869//896 868//896 926//896
f 926//897 868//897 867//897
f 926//898 867//898 927//898
f 867//899 866//899 927//899
f 927//900 866//900 865//900
f 927//901 865//901 928//901
f 865//902 864//902 928//902
f 928//903 864//903 863//903
f 928//904 863//904 929//904
f 863//905 862//905 929//905
f 929//906 862//906 861//906
f 929//907 861//907 930//907
f 861//908 860//908 930//908
f 930//909 860//909 859//909
f 930//910 859//910 931//910
f 859//911 858//911 931//911
f 931//912 858//912 857//912
f 931//913 857//913 932//913
f 857//914 856//914 932//914
f 932//915 856//915 855//915
f 932//916 855//916 933//916
f 855//917 854//917 933//917
f 933//918 854//918 853//918
f 933//919 853//919 934//919
f 853//920 852//920 934//920
f 934//921 852//921 851//921
f 934//922 851//922 935//922
f 851//923 850//923 935//923
f 935//924 850//924 849//924
f 935//925 849//925 936//925
f 849//926 848//926 936//926
f 936//927 848//927 847//927
f 936//928 847//928 937//928
f 847//929 846//929 937//929
f 937//930 846//930 845//930
f 937//931 845//931 938//931
f 845//932 844//932 938//932
f 938//933 844//933 843//933
f 938//934 843//934 939//934
f 843//935 842//935 939//935
f 939//936 842//936 841//936
f 939//937 841//937 940//937
f 841//938 840//938 940//938
f 940//939 840//939 839//939
f 940//940 839//940 941//940
f 839//941 838//941 941//941
f 941//942 838//942 837//942
f 941//943 837//943 942//943
f 837//944 836//944 942//944
f 942//945 836//945 835//945
f 942//946 835//946 908//946
f 908//947 835//947 906//947
f 908//948 906//948 905//948
f 943//949 944//949 945//949
f 943//950 945//950 946//950
f 947//951 946//951 945//951
f 948//952 947//952 945//952
f 949//953 948//953 945//953
f 950//954 949//954 945//954
f 951//955 950//955 945//955
f 952//956 951//956 945//956
f 953//957 952//957 945//957
f 954//958 953//958 945//958
f 955//959 954//959 945//959
f 956//960 955//960 945//960
f 957//961 956//961 945//961
f 958//962 957//962 945//962
f 959//963 958//963 945//963
f 960//964 959//964 945//964
f 961//965 960//965 945//965
f 962//966 961//966 945//966
f 963//967 962//967 945//967
f 964//968 963//968 945//968
f 965//969 964//969 945//969
f 966//970 965//970 945//970
f 967//971 966//971 945//971
f 968//972 967//972 945//972
f 969//973 968//973 945//973
f 970//974 969//974 945//974
f 971//975 970//975 945//975
f 972//976 971//976 945//976
f 973//977 972//977 945//977
f 974//978 973//978 945//978
f 975//979 974//979 945//979
f 976//980 975//980 945//980
f 977//981 976//981 945//981
f 978//982 977//982 945//982
f 979//983 978//983 945//983
f 944//984 979//984 945//984
f 908//985 980//985 942//985
f 942//986 980//986 981//986
f 942//986 981//986 941//986
f 941//987 981//987 982//987
f 941//987 982//987 940//987
f 940//988 982//988 983//988
f 940//988 983//988 939//988
f 939//989 983//989 984//989
f 939//989 984//989 938//989
f 938//990 984//990 985//990
f 938//990 985//990 937//990
f 937//991 985//991 986//991
f 937//991 986//991 936//991
f 936//992 986//992 987//992
f 936//992 987//992 935//992
f 935//993 987//993 988//993
f 935//993 988//993 934//993
f 934//994 988//994 989//994
f 934//994 989//994 933//994
f 933//995 989//995 990//995
f 933//995 990//995 932//995
f 932//996 990//996 991//996
f 932//996 991//996 931//996
f 931//997 991//997 992//997
f 931//997 992//997 930//997
f 930//998 992//998 993//998
f 930//998 993//998 929//998
f 929//999 993//999 994//999
f 929//999 994//999 928//999
f 928//1000 994//1000 995//1000
f 928//1000 995//1000 927//1000
f 927//1001 995//1001 996//1001
f 927//1001 996//1001 926//1001
f 926//1002 996//1002 997//1002
f 926//1002 997//1002 925//1002
f 925//1003 997//1003 998//1003
f 925//1003 998//1003 924//1003
f 924//1004 998//1004 999//1004
f 924//1004 999//1004 923//1004
f 923//1005 999//1005 1000//1005
f 923//1005 1000//1005 922//1005
f 922//1006 1000//1006 1001//1006
f 922//1006 1001//1006 921//1006
f 921//1007 1001//1007 1002//1007
f 921//1007 1002//1007 920//1007
f 920//1008 1002//1008 1003//1008
f 920//1008 1003//1008 919//1008
f 919//1009 1003//1009 1004//1009
f 919//1009 1004//1009 918//1009
f 918//1010 1004//1010 1005//1010
f 918//1010 1005//1010 917//1010
f 917//1011 1005//1011 1006//1011
f 917//1011 1006//1011 916//1011
f 916//1012 1006//1012 1007//1012
f 916//1012 1007//1012 915//1012
f 915//1013 1007//1013 1008//1013
f 915//1013 1008//1013 914//1013
f 914//1014 1008//1014 1009//1014
f 914//1014 1009//1014 913//1014
f 913//1015 1009//1015 1010//1015
f 913//1015 1010//1015 912//1015
f 912//1016 1010//1016 1011//1016
f 912//1016 1011//1016 911//1016
f 911//1017 1011//1017 1012//1017
f 911//1017 1012//1017 910//1017
f 910//1018 1012//1018 1013//1018
f 910//1018 1013//1018 909//1018
f 909//1019 1013//1019 1014//1019
f 909//1019 1014//1019 907//1019
f 907//1020 1014//1020 1015//1020
f 907//1020 1015//1020 908//1020
f 908//985 1015//985 980//985
f 1015//1021 1016//1021 980//1021
f 980//1022 1016//1022 1017//1022
f 980//1022 1017//1022 981//1022
f 981//1023 1017//1023 1018//1023
f 981//1023 1018//1023 982//1023
f 982//1024 1018//1024 1019//1024
f 982//1024 1019//1024 983//1024
f 983//1025 1019//1025 1020//1025
f 983//1025 1020//1025 984//1025
f 984//1026 1020//1026 1021//1026
f 984//1026 1021//1026 985//1026
f 985//1027 1021//1027 1022//1027
f 985//1027 1022//1027 986//1027
f 986//1028 1022//1028 1023//1028
f 986//1028 1023//1028 987//1028
f 987//1029 1023//1029 1024//1029
f 987//1029 1024//1029 988//1029
f 988//1030 1024//1030 1025//1030
f 988//1030 1025//1030 989//1030
f 989//1031 1025//1031 1026//1031
f 989//1031 1026//1031 990//1031
f 990//1032 1026//1032 1027//1032
f 990//1032 1027//1032 991//1032
f 991//1033 1027//1033 1028//1033
f 991//1033 1028//1033 992//1033
f 992//1034 1028//1034 1029//1034
f 992//1034 1029//1034 993//1034
f 993//1035 1029//1035 1030//1035
f 993//1035 1030//1035 994//1035
f 994//1036 1030//1036 1031//1036
f 994//1036 1031//1036 995//1036
f 995//1037 1031//1037 1032//1037
f 995//1037 1032//1037 996//1037
f 996//1038 1032//1038 1033//1038
f 996//1038 1033//1038 997//1038
f 997//1039 1033//1039 1034//1039
f 997//1039 1034//1039 998//1039
f 998//1040 1034//1040 1035//1040
f 998//1040 1035//1040 999//1040
f 999//1041 1035//1041 1036//1041
f 999//1041 1036//1041 1000//1041
f 1000//1042 1036//1042 1037//1042
f 1000//1042 1037//1042 1001//1042
f 1001//1043 1037//1043 1038//1043
f 1001//1043 1038//1043 1002//1043
f 1002//1044 1038//1044 1039//1044
f 1002//1044 1039//1044 1003//1044
f 1003//1045 1039//1045 1040//1045
f 1003//1045 1040//1045 1004//1045
f 1004//1046 1040//1046 1041//1046
f 1004//1046 1041//1046 1005//1046
f 1005//1047 1041//1047 1042//1047
f 1005//1047 1042//1047 1006//1047
f 1006//1048 1042//1048 1043//1048
f 1006//1048 1043//1048 1007//1048
f 1007//1049 1043//1049 1044//1049
f 1007//1049 1044//1049 1008//1049
f 1008//1050 1044//1050 1045//1050
f 1008//1050 1045//1050 1009//1050
f 1009//1051 1045//1051 1046//1051
f 1009//1051 1046//1051 1010//1051
f 1010//1052 1046//1052 1047//1052
f 1010//1052 1047//1052 1011//1052
f 1011//1053 1047//1053 1048//1053
f 1011//1053 1048//1053 1012//1053
f 1012//1054 1048//1054 1049//1054
f 1012//1054 1049//1054 1013//1054
f 1013//1055 1049//1055 1050//1055
f 1013//1055 1050//1055 1014//1055
f 1014//1056 1050//1056 1051//1056
f 1014//1056 1051//1056 1015//1056
f 1015//1021 1051//1021 1016//1021
f 1051//1057 1052//1057 1016//1057
f 1016//1058 1052//1058 1053//1058
f 1016//1058 1053//1058 1017//1058
f 1017//1059 1053//1059 1054//1059
f 1017//1059 1054//1059 1018//1059
f 1018//1060 1054//1060 1055//1060
f 1018//1060 1055//1060 1019//1060
f 1019//1061 1055//1061 1056//1061
f 1019//1061 1056//1061 1020//1061
f 1020//1062 1056//1062 1057//1062
f 1020//1062 1057//1062 1021//1062
f 1021//1063 1057//1063 1058//1063
f 1021//1063 1058//1063 1022//1063
f 1022//1064 1058//1064 1059//1064
f 1022//1064 1059//1064 1023//1064
f 1023//1065 1059//1065 1060//1065
f 1023//1065 1060//1065 1024//1065
f 1024//1066 1060//1066 1061//1066
f 1024//1066 1061//1066 1025//1066
f 1025//1067 1061//1067 1062//1067
f 1025//1067 1062//1067 1026//1067
f 1026//1068 1062//1068 1063//1068
f 1026//1068 1063//1068 1027//1068
f 1027//1069 1063//1069 1064//1069
f 1027//1069 1064//1069 1028//1069
f 1028//1070 1064//1070 1065//1070
f 1028//1070 1065//1070 1029//1070
f 1029//1071 1065//1071 1066//1071
f 1029//1071 1066//1071 1030//1071
f 1030//1072 1066//1072 1067//1072
f 1030//1072 1067//1072 1031//1072
f 1031//1073 1067//1073 1068//1073
f 1031//1073 1068//1073 1032//1073
f 1032//1074 1068//1074 1069//1074
f 1032//1074 1069//1074 1033//1074
f 1033//1075 1069//1075 1070//1075
f 1033//1075 1070//1075 1034//1075
f 1034//1076 1070//1076 1071//1076
f 1034//1076 1071//1076 1035//1076
f 1035//1077 1071//1077 1072//1077
f 1035//1077 1072//1077 1036//1077
f 1036//1078 1072//1078 1073//1078
f 1036//1078 1073//1078 1037//1078
f 1037//1079 1073//1079 1074//1079
f 1037//1079 1074//1079 1038//1079
f 1038//1080 1074//1080 1075//1080
f 1038//1080 1075//1080 1039//1080
f 1039//1081 1075//1081 1076//1081
f 1039//1081 1076//1081 1040//1081
f 1040//1082 1076//1082 1077//1082
f 1040//1082 1077//1082 1041//1082
f 1041//1083 1077//1083 1078//1083
f 1041//1083 1078//1083 1042//1083
f 1042//1084 1078//1084 1079//1084
f 1042//1084 1079//1084 1043//1084
f 1043//1085 1079//1085 1080//1085
f 1043//1085 1080//1085 1044//1085
f 1044//1086 1080//1086 1081//1086
f 1044//1086 1081//1086 1045//1086
f 1045//1087 1081//1087 1082//1087
f 1045//1087 1082//1087 1046//1087
f 1046//1088 1082//1088 1083//1088
f 1046//1088 1083//1088 1047//1088
f 1047//1089 1083//1089 1084//1089
f 1047//1089 1084//1089 1048//1089
f 1048//1090 1084//1090 1085//1090
f 1048//1090 1085//1090 1049//1090
f 1049//1091 1085//1091 1086//1091
f 1049//1091 1086//1091 1050//1091
f 1050//1092 1086//1092 1087//1092
f 1050//1092 1087//1092 1051//1092
f 1051//1057 1087//1057 1052//1057
f 1087//1093 1088//1093 1052//1093
f 1052//1094 1088//1094 1089//1094
f 1052//1094 1089//1094 1053//1094
f 1053//1095 1089//1095 1090//1095
f 1053//1095 1090//1095 1054//1095
f 1054//1096 1090//1096 1091//1096
f 1054//1096 1091//1096 1055//1096
f 1055//1097 1091//1097 1092//1097
f 1055//1097 1092//1097 1056//1097
f 1056//1098 1092//1098 1093//1098
f 1056//1098 1093//1098 1057//1098
f 1057//1099 1093//1099 1094//1099
f 1057//1099 1094//1099 1058//1099
f 1058//1100 1094//1100 1095//1100
f 1058//1100 1095//1100 1059//1100
f 1059//1101 1095//1101 1096//1101
f 1059//1101 1096//1101 1060//1101
f 1060//1102 1096//1102 1097//1102
f 1060//1102 1097//1102 1061//1102
f 1061//1103 1097//1103 1098//1103
f 1061//1103 1098//1103 1062//1103
f 1062//1104 1098//1104 1099//1104
f 1062//1104 1099//1104 1063//1104
f 1063//1105 1099//1105 1100//1105
f 1063//1105 1100//1105 1064//1105
f 1064//1106 1100//1106 1101//1106
f 1064//1106 1101//1106 1065//1106
f 1065//1107 1101//1107 1102//1107
f 1065//1107 1102//1107 1066//1107
f 1066//1108 1102//1108 1103//1108
f 1066//1108 1103//1108 1067//1108
f 1067//1109 1103//1109 1104//1109
f 1067//1109 1104//1109 1068//1109
f 1068//1110 1104//1110 1105//1110
f 1068//1110 1105//1110 1069//1110
f 1069//1111 1105//1111 1106//1111
f 1069//1111 1106//1111 1070//1111
f 1070//1112 1106//1112 1107//1112
f 1070//1112 1107//1112 1071//1112
f 1071//1113 1107//1113 1108//1113
f 1071//1113 1108//1113 1072//1113
f 1072//1114 1108//1114 1109//1114
f 1072//1114 1109//1114 1073//1114
f 1073//1115 1109//1115 1110//1115
f 1073//1115 1110//1115 1074//1115
f 1074//1116 1110//1116 1111//1116
f 1074//1116 1111//1116 1075//1116
f 1075//1117 1111//1117 1112//1117
f 1075//1117 1112//1117 1076//1117
f 1076//1118 1112//1118 1113//1118
f 1076//1118 1113//1118 1077//1118
f 1077//1119 1113//1119 1114//1119
f 1077//1119 1114//1119 1078//1119
f 1078//1120 1114//1120 1115//1120
f 1078//1120 1115//1120 1079//1120
f 1079//1121 1115//1121 1116//1121
f 1079//1121 1116//1121 1080//1121
f 1080//1122 1116//1122 1117//1122
f 1080//1122 1117//1122 1081//1122
f 1081//1123 1117//1123 1118//1123
f 1081//1123 1118//1123 1082//1123
f 1082//1124 1118//1124 1119//1124
f 1082//1124 1119//1124 1083//1124
f 1083//1125 1119//1125 1120//1125
f 1083//1125 1120//1125 1084//1125
f 1084//1126 1120//1126 1121//1126
f 1084//1126 1121//1126 1085//1126
f 1085//1127 1121//1127 1122//1127
f 1085//1127 1122//1127 1086//1127
f 1086//1128 1122//1128 1123//1128
f 1086//1128 1123//1128 1087//1128
f 1087//1093 1123//1093 1088//1093
f 1123//1129 1124//1129 1088//1129
f 1088//1130 1124//1130 1125//1130
f 1088//1130 1125//1130 1089//1130
f 1089//1131 1125//1131 1126//1131
f 1089//1131 1126//1131 1090//1131
f 1090//1132 1126//1132 1127//1132
f 1090//1132 1127//1132 1091//1132
f 1091//1133 1127//1133 1128//1133
f 1091//1133 1128//1133 1092//1133
f 1092//1134 1128//1134 1129//1134
f 1092//1134 1129//1134 1093//1134
f 1093//1135 1129//1135 1130//1135
f 1093//1135 1130//1135 1094//1135
f 1094//1136 1130//1136 1131//1136
f 1094//1136 1131//1136 1095//1136
f 1095//1137 1131//1137 1132//1137
f 1095//1137 1132//1137 1096//1137
f 1096//1138 1132//1138 1133//1138
f 1096//1138 1133//1138 1097//1138
f 1097//1139 1133//1139 1134//1139
f 1097//1139 1134//1139 1098//1139
f 1098//1140 1134//1140 1135//1140
f 1098//1140 1135//1140 1099//1140
f 1099//1141 1135//1141 1136//1141
f 1099//1141 1136//1141 1100//1141
f 1100//1142 1136//1142 1137//1142
f 1100//1142 1137//1142 1101//1142
f 1101//1143 1137//1143 1138//1143
f 1101//1143 1138//1143 1102//1143
f 1102//1144 1138//1144 1139//1144
f 1102//1144 1139//1144 1103//1144
f 1103//1145 1139//1145 1140//1145
f 1103//1145 1140//1145 1104//1145
f 1104//1146 1140//1146 1141//1146
f 1104//1146 1141//1146 1105//1146
f 1105//1147 1141//1147 1142//1147
f 1105//1147 1142//1147 1106//1147
f 1106//1148 1142//1148 1143//1148
f 1106//1148 1143//1148 1107//1148
f 1107//1149 1143//1149 1144//1149
f 1107//1149 1144//1149 1108//1149
f 1108//1150 1144//1150 1145//1150
f 1108//1150 1145//1150 1109//1150
f 1109//1151 1145//1151 1146//1151
f 1109//1151 1146//1151 1110//1151
f 1110//1152 1146//1152 1147//1152
f 1110//1152 1147//1152 1111//1152
f 1111//1153 1147//1153 1148//1153
f 1111//1153 1148//1153 1112//1153
f 1112//1154 1148//1154 1149//1154
f 1112//1154 1149//1154 1113//1154
f 1113//1155 1149//1155 1150//1155
f 1113//1155 1150//1155 1114//1155
f 1114//1156 1150//1156 1151//1156
f 1114//1156 1151//1156 1115//1156
f 1115//1157 1151//1157 1152//1157
f 1115//1157 1152//1157 1116//1157
f 1116//1158 1152//1158 1153//1158
f 1116//1158 1153//1158 1117//1158
f 1117//1159 1153//1159 1154//1159
f 1117//1159 1154//1159 1118//1159
f 1118//1160 1154//1160 1155//1160
f 1118//1160 1155//1160 1119//1160
f 1119//1161 1155//1161 1156//1161
f 1119//1161 1156//1161 1120//1161
f 1120//1162 1156//1162 1157//1162
f 1120//1162 1157//1162 1121//1162
f 1121//1163 1157//1163 1158//1163
f 1121//1163 1158//1163 1122//1163
f 1122//1164 1158//1164 1159//1164
f 1122//1164 1159//1164 1123//1164
f 1123//1129 1159//1129 1124//1129
f 1159//1165 944//1165 1124//1165
f 1124//1166 944//1166 943//1166
f 1124//1166 943//1166 1125//1166
f 1125//1167 943//1167 946//1167
f 1125//1167 946//1167 1126//1167
f 1126//1168 946//1168 947//1168
f 1126//1168 947//1168 1127//1168
f 1127//1169 947//1169 948//1169
f 1127//1169 948//1169 1128//1169
f 1128//1170 948//1170 949//1170
f 1128//1170 949//1170 1129//1170
f 1129//1171 949//1171 950//1171
f 1129//1171 950//1171 1130//1171
f 1130//1172 950//1172 951//1172
f 1130//1172 951//1172 1131//1172
f 1131//1173 951//1173 952//1173
f 1131//1173 952//1173 1132//1173
f 1132//1174 952//1174 953//1174
f 1132//1174 953//1174 1133//1174
f 1133//1175 953//1175 954//1175
f 1133//1175 954//1175 1134//1175
f 1134//1176 954//1176 955//1176
f 1134//1176 955//1176 1135//1176
f 1135//1177 955//1177 956//1177
f 1135//1177 956//1177 1136//1177
f 1136//1178 956//1178 957//1178
f 1136//1178 957//1178 1137//1178
f 1137//1179 957//1179 958//1179
f 1137//1179 958//1179 1138//1179
f 1138//1180 958//1180 959//1180
f 1138//1180 959//1180 1139//1180
f 1139//1181 959//1181 960//1181
f 1139//1181 960//1181 1140//1181
f 1140//1182 960//1182 961//1182
f 1140//1182 961//1182 1141//1182
f 1141//1183 961//1183 962//1183
f 1141//1183 962//1183 1142//1183
f 1142//1184 962//1184 963//1184
f 1142//1184 963//1184 1143//1184
f 1143//1185 963//1185 964//1185
f 1143//1185 964//1185 1144//1185
f 1144//1186 964//1186 965//1186
f 1144//1186 965//1186 1145//1186
f 1145//1187 965//1187 966//1187
f 1145//1187 966//1187 1146//1187
f 1146//1188 966//1188 967//1188
f 1146//1188 967//1188 1147//1188
f 1147//1189 967//1189 968//1189
f 1147//1189 968//1189 1148//1189
f 1148//1190 968//1190 969//1190
f 1148//1190 969//1190 1149//1190
f 1149//1191 969//1191 970//1191
f 1149//1191 970//1191 1150//1191
f 1150//1192 970//1192 971//1192
f 1150//1192 971//1192 1151//1192
f 1151//1193 971//1193 972//1193
f 1151//1193 972//1193 1152//1193
f 1152//1194 972//1194 973//1194
f 1152//1194 973//1194 1153//1194
f 1153//1195 973//1195 974//1195
f 1153//1195 974//1195 1154//1195
f 1154//1196 974//1196 975//1196
f 1154//1196 975//1196 1155//1196
f 1155//1197 975//1197 976//1197
f 1155//1197 976//1197 1156//1197
f 1156//1198 976//1198 977//1198
f 1156//1198 977//1198 1157//1198
f 1157//1199 977//1199 978//1199
f 1157//1199 978//1199 1158//1199
f 1158//1200 978//1200 979//1200
f 1158//1200 979//1200 1159//1200
f 1159//1165 979//1165 944//1165
f 633//1201 631//1201 1160//1201
f 685//1202 1161//1202 631//1202
f 631//530 1161//530 1162//530
f 631//531 1162//531 1160//531
f 629//1203 1163//1203 685//1203
f 685//526 1163//526 1164//526
f 685//1204 1164//1204 1161//1204
f 647//1205 1165//1205 629//1205
f 629//1206 1165//1206 1166//1206
f 629//1207 1166//1207 1163//1207
f 645//1208 1167//1208 647//1208
f 647//1209 1167//1209 1168//1209
f 647//535 1168//535 1165//535
f 621//1210 1169//1210 645//1210
f 645//540 1169//540 1170//540
f 645//539 1170//539 1167//539
f 625//1211 1171//1211 621//1211
f 621//1212 1171//1212 1172//1212
f 621//1213 1172//1213 1169//1213
f 623//1214 1173//1214 625//1214
f 625//1215 1173//1215 1174//1215
f 625//557 1174//557 1171//557
f 638//1216 1175//1216 623//1216
f 623//551 1175//551 1176//551
f 623//1217 1176//1217 1173//1217
f 640//1218 1177//1218 638//1218
f 638//547 1177//547 1178//547
f 638//1219 1178//1219 1175//1219
f 652//1220 1179//1220 640//1220
f 640//563 1179//563 1180//563
f 640//1221 1180//1221 1177//1221
f 653//1222 1181//1222 652//1222
f 652//1223 1181//1223 1182//1223
f 652//566 1182//566 1179//566
f 654//1224 1183//1224 653//1224
f 653//571 1183//571 1184//571
f 653//570 1184//570 1181//570
f 655//1225 1185//1225 654//1225
f 654//1226 1185//1226 1186//1226
f 654//1227 1186//1227 1183//1227
f 656//1228 1187//1228 655//1228
f 655//1229 1187//1229 1188//1229
f 655//588 1188//588 1185//588
f 657//1230 1189//1230 656//1230
f 656//582 1189//582 1190//582
f 656//584 1190//584 1187//584
f 658//1231 1191//1231 657//1231
f 657//578 1191//578 1192//578
f 657//1232 1192//1232 1189//1232
f 659//1233 1193//1233 658//1233
f 658//1234 1193//1234 1194//1234
f 658//1235 1194//1235 1191//1235
f 660//1236 1195//1236 659//1236
f 659//1237 1195//1237 1196//1237
f 659//1238 1196//1238 1193//1238
f 661//1239 1197//1239 660//1239
f 660//602 1197//602 1198//602
f 660//601 1198//601 1195//601
f 662//1240 1199//1240 661//1240
f 661//606 1199//606 1200//606
f 661//1241 1200//1241 1197//1241
f 663//1242 1201//1242 662//1242
f 662//1243 1201//1243 1202//1243
f 662//1244 1202//1244 1199//1244
f 664//1245 1203//1245 663//1245
f 663//460 1203//460 1204//460
f 663//611 1204//611 1201//611
f 665//1246 1205//1246 664//1246
f 664//465 1205//465 1206//465
f 664//610 1206//610 1203//610
f 666//1247 1207//1247 665//1247
f 665//1248 1207//1248 1208//1248
f 665//1249 1208//1249 1205//1249
f 667//1250 1209//1250 666//1250
f 666//1251 1209//1251 1210//1251
f 666//469 1210//469 1207//469
f 668//1252 1211//1252 667//1252
f 667//475 1211//475 1212//475
f 667//476 1212//476 1209//476
f 669//1253 1213//1253 668//1253
f 668//480 1213//480 1214//480
f 668//1254 1214//1254 1211//1254
f 670//1255 1215//1255 669//1255
f 669//1256 1215//1256 1216//1256
f 669//478 1216//478 1213//478
f 671//1257 1217//1257 670//1257
f 670//1258 1217//1258 1218//1258
f 670//1259 1218//1259 1215//1259
f 672//1260 1219//1260 671//1260
f 671//492 1219//492 1220//492
f 671//491 1220//491 1217//491
f 673//1261 1221//1261 672//1261
f 672//496 1221//496 1222//496
f 672//1262 1222//1262 1219//1262
f 674//1263 1223//1263 673//1263
f 673//506 1223//506 1224//506
f 673//1264 1224//1264 1221//1264
f 675//1265 1225//1265 674//1265
f 674//1266 1225//1266 1226//1266
f 674//504 1226//504 1223//504
f 651//1267 1227//1267 675//1267
f 675//511 1227//511 1228//511
f 675//512 1228//512 1225//512
f 1160//1268 1229//1268 633//1268
f 633//517 1229//517 1230//517
f 633//1269 1230//1269 651//1269
f 651//1270 1230//1270 1231//1270
f 651//1271 1231//1271 1227//1271
f 1232//1272 1229//1272 1233//1272
f 1233//1272 1229//1272 1160//1272
f 1233//1273 1160//1273 1234//1273
f 1234//1273 1160//1273 1162//1273
f 1234//1274 1162//1274 1235//1274
f 1235//1275 1162//1275 1161//1275
f 1235//1276 1161//1276 1236//1276
f 1236//1276 1161//1276 1164//1276
f 1236//1277 1164//1277 1237//1277
f 1237//1277 1164//1277 1163//1277
f 1237//1278 1163//1278 1238//1278
f 1238//1278 1163//1278 1166//1278
f 1238//1279 1166//1279 1239//1279
f 1239//1279 1166//1279 1165//1279
f 1239//1280 1165//1280 1240//1280
f 1240//1280 1165//1280 1168//1280
f 1240//1281 1168//1281 1241//1281
f 1241//1281 1168//1281 1167//1281
f 1241//1282 1167//1282 1242//1282
f 1242//1282 1167//1282 1170//1282
f 1242//1283 1170//1283 1243//1283
f 1243//1283 1170//1283 1169//1283
f 1243//1284 1169//1284 1244//1284
f 1244//1284 1169//1284 1172//1284
f 1244//1285 1172//1285 1245//1285
f 1245//1285 1172//1285 1171//1285
f 1245//1286 1171//1286 1246//1286
f 1246//1286 1171//1286 1174//1286
f 1246//1287 1174//1287 1247//1287
f 1247//1287 1174//1287 1173//1287
f 1247//1288 1173//1288 1248//1288
f 1248//1288 1173//1288 1176//1288
f 1248//1289 1176//1289 1249//1289
f 1249//1289 1176//1289 1175//1289
f 1249//1290 1175//1290 1250//1290
f 1250//1290 1175//1290 1178//1290
f 1250//1291 1178//1291 1251//1291
f 1251//1291 1178//1291 1177//1291
f 1251//1292 1177//1292 1252//1292
f 1252//1292 1177//1292 1180//1292
f 1252//1293 1180//1293 1253//1293
f 1253//1293 1180//1293 1179//1293
f 1253//1294 1179//1294 1254//1294
f 1254//1294 1179//1294 1182//1294
f 1254//1295 1182//1295 1255//1295
f 1255//1295 1182//1295 1181//1295
f 1255//1296 1181//1296 1256//1296
f 1256//1296 1181//1296 1184//1296
f 1256//1297 1184//1297 1257//1297
f 1257//1297 1184//1297 1183//1297
f 1257//1298 1183//1298 1258//1298
f 1258//1298 1183//1298 1186//1298
f 1258//1299 1186//1299 1259//1299
f 1259//1299 1186//1299 1185//1299
f 1259//1300 1185//1300 1260//1300
f 1260//1300 1185//1300 1188//1300
f 1260//1301 1188//1301 1261//1301
f 1261//1301 1188//1301 1187//1301
f 1261//1302 1187//1302 1262//1302
f 1262//1302 1187//1302 1190//1302
f 1262//1303 1190//1303 1263//1303
f 1263//1303 1190//1303 1189//1303
f 1263//1304 1189//1304 1264//1304
f 1264//1304 1189//1304 1192//1304
f 1264//1305 1192//1305 1265//1305
f 1265//1305 1192//1305 1191//1305
f 1265//1306 1191//1306 1266//1306
f 1266//1307 1191//1307 1194//1307
f 1266//1308 1194//1308 1267//1308
f 1267//1308 1194//1308 1193//1308
f 1267//1309 1193//1309 1268//1309
f 1268//1309 1193//1309 1196//1309
f 1268//1310 1196//1310 1269//1310
f 1269//1310 1196//1310 1195//1310
f 1269//1311 1195//1311 1270//1311
f 1270//1311 1195//1311 1198//1311
f 1270//1312 1198//1312 1271//1312
f 1271//1313 1198//1313 1197//1313
f 1271//1314 1197//1314 1272//1314
f 1272//1314 1197//1314 1200//1314
f 1272//1315 1200//1315 1273//1315
f 1273//1315 1200//1315 1199//1315
f 1273//1316 1199//1316 1274//1316
f 1274//1316 1199//1316 1202//1316
f 1274//1317 1202//1317 1275//1317
f 1275//1317 1202//1317 1201//1317
f 1275//1318 1201//1318 1276//1318
f 1276//1318 1201//1318 1204//1318
f 1276//1319 1204//1319 1277//1319
f 1277//1319 1204//1319 1203//1319
f 1277//1320 1203//1320 1278//1320
f 1278//1320 1203//1320 1206//1320
f 1278//1321 1206//1321 1279//1321
f 1279//1321 1206//1321 1205//1321
f 1279//1322 1205//1322 1280//1322
f 1280//1322 1205//1322 1208//1322
f 1280//1323 1208//1323 1281//1323
f 1281//1323 1208//1323 1207//1323
f 1281//1324 1207//1324 1282//1324
f 1282//1324 1207//1324 1210//1324
f 1282//1325 1210//1325 1283//1325
f 1283//1325 1210//1325 1209//1325
f 1283//1326 1209//1326 1284//1326
f 1284//1326 1209//1326 1212//1326
f 1284//1327 1212//1327 1285//1327
f 1285//1327 1212//1327 1211//1327
f 1285//1328 1211//1328 1286//1328
f 1286//1328 1211//1328 1214//1328
f 1286//1329 1214//1329 1287//1329
f 1287//1329 1214//1329 1213//1329
f 1287//1330 1213//1330 1288//1330
f 1288//1330 1213//1330 1216//1330
f 1288//1331 1216//1331 1289//1331
f 1289//1331 1216//1331 1215//1331
f 1289//1332 1215//1332 1290//1332
f 1290//1332 1215//1332 1218//1332
f 1290//1333 1218//1333 1291//1333
f 1291//1333 1218//1333 1217//1333
f 1291//1334 1217//1334 1292//1334
f 1292//1334 1217//1334 1220//1334
f 1292//1335 1220//1335 1293//1335
f 1293//1335 1220//1335 1219//1335
f 1293//1336 1219//1336 1294//1336
f 1294//1336 1219//1336 1222//1336
f 1294//1337 1222//1337 1295//1337
f 1295//1337 1222//1337 1221//1337
f 1295//1338 1221//1338 1296//1338
f 1296//1338 1221//1338 1224//1338
f 1296//1339 1224//1339 1297//1339
f 1297//1339 1224//1339 1223//1339
f 1297//1340 1223//1340 1298//1340
f 1298//1340 1223//1340 1226//1340
f 1298//1341 1226//1341 1299//1341
f 1299//1341 1226//1341 1225//1341
f 1299//1342 1225//1342 1300//1342
f 1300//1342 1225//1342 1228//1342
f 1300//1343 1228//1343 1301//1343
f 1301//1343 1228//1343 1227//1343
f 1301//1344 1227//1344 1302//1344
f 1302//1345 1227//1345 1231//1345
f 1302//1346 1231//1346 1303//1346
f 1303//1346 1231//1346 1230//1346
f 1303//1347 1230//1347 1232//1347
f 1232//1347 1230//1347 1229//1347
f 1304//1348 1232//1348 1305//1348
f 1305//1348 1232//1348 1233//1348
f 1305//1349 1233//1349 1306//1349
f 1306//1349 1233//1349 1234//1349
f 1306//1350 1234//1350 1307//1350
f 1307//1350 1234//1350 1235//1350
f 1307//1351 1235//1351 1308//1351
f 1308//1351 1235//1351 1236//1351
f 1308//1352 1236//1352 1309//1352
f 1309//1352 1236//1352 1237//1352
f 1309//1353 1237//1353 1310//1353
f 1310//1353 1237//1353 1238//1353
f 1310//1354 1238//1354 1311//1354
f 1311//1354 1238//1354 1239//1354
f 1311//1355 1239//1355 1312//1355
f 1312//1355 1239//1355 1240//1355
f 1312//1356 1240//1356 1313//1356
f 1313//1356 1240//1356 1241//1356
f 1313//1357 1241//1357 1314//1357
f 1314//1357 1241//1357 1242//1357
f 1314//1358 1242//1358 1315//1358
f 1315//1358 1242//1358 1243//1358
f 1315//1359 1243//1359 1316//1359
f 1316//1360 1243//1360 1244//1360
f 1316//1361 1244//1361 1317//1361
f 1317//1361 1244//1361 1245//1361
f 1317//1362 1245//1362 1318//1362
f 1318//1362 1245//1362 1246//1362
f 1318//1363 1246//1363 1319//1363
f 1319//1363 1246//1363 1247//1363
f 1319//1364 1247//1364 1320//1364
f 1320//1364 1247//1364 1248//1364
f 1320//1365 1248//1365 1321//1365
f 1321//1365 1248//1365 1249//1365
f 1321//1366 1249//1366 1322//1366
f 1322//1366 1249//1366 1250//1366
f 1322//1367 1250//1367 1323//1367
f 1323//1367 1250//1367 1251//1367
f 1323//1368 1251//1368 1324//1368
f 1324//1368 1251//1368 1252//1368
f 1324//1369 1252//1369 1325//1369
f 1325//1369 1252//1369 1253//1369
f 1325//1370 1253//1370 1326//1370
f 1326//1370 1253//1370 1254//1370
f 1326//1371 1254//1371 1327//1371
f 1327//1371 1254//1371 1255//1371
f 1327//1372 1255//1372 1328//1372
f 1328//1372 1255//1372 1256//1372
f 1328//1373 1256//1373 1329//1373
f 1329//1373 1256//1373 1257//1373
f 1329//1374 1257//1374 1330//1374
f 1330//1374 1257//1374 1258//1374
f 1330//1375 1258//1375 1331//1375
f 1331//1375 1258//1375 1259//1375
f 1331//1376 1259//1376 1332//1376
f 1332//1376 1259//1376 1260//1376
f 1332//1377 1260//1377 1333//1377
f 1333//1377 1260//1377 1261//1377
f 1333//1378 1261//1378 1334//1378
f 1334//1378 1261//1378 1262//1378
f 1334//1379 1262//1379 1335//1379
f 1335//1379 1262//1379 1263//1379
f 1335//1380 1263//1380 1336//1380
f 1336//1380 1263//1380 1264//1380
f 1336//1381 1264//1381 1337//1381
f 1337//1381 1264//1381 1265//1381
f 1337//1382 1265//1382 1338//1382
f 1338//1382 1265//1382 1266//1382
f 1338//1383 1266//1383 1339//1383
f 1339//1383 1266//1383 1267//1383
f 1339//1384 1267//1384 1340//1384
f 1340//1384 1267//1384 1268//1384
f 1340//1385 1268//1385 1341//1385
f 1341//1385 1268//1385 1269//1385
f 1341//1386 1269//1386 1342//1386
f 1342//1386 1269//1386 1270//1386
f 1342//1387 1270//1387 1343//1387
f 1343//1387 1270//1387 1271//1387
f 1343//1388 1271//1388 1344//1388
f 1344//1388 1271//1388 1272//1388
f 1344//1389 1272//1389 1345//1389
f 1345//1389 1272//1389 1273//1389
f 1345//1390 1273//1390 1346//1390
f 1346//1390 1273//1390 1274//1390
f 1346//1391 1274//1391 1347//1391
f 1347//1391 1274//1391 1275//1391
f 1347//1392 1275//1392 1348//1392
f 1348//1392 1275//1392 1276//1392
f 1348//1393 1276//1393 1349//1393
f 1349//1393 1276//1393 1277//1393
f 1349//1394 1277//1394 1350//1394
f 1350//1394 1277//1394 1278//1394
f 1350//1395 1278//1395 1351//1395
f 1351//1395 1278//1395 1279//1395
f 1351//1396 1279//1396 1352//1396
f 1352//1397 1279//1397 1280//1397
f 1352//1398 1280//1398 1353//1398
f 1353//1398 1280//1398 1281//1398
f 1353//1399 1281//1399 1354//1399
f 1354//1399 1281//1399 1282//1399
f 1354//1400 1282//1400 1355//1400
f 1355//1400 1282//1400 1283//1400
f 1355//1401 1283//1401 1356//1401
f 1356//1401 1283//1401 1284//1401
f 1356//1402 1284//1402 1357//1402
f 1357//1402 1284//1402 1285//1402
f 1357//1403 1285//1403 1358//1403
f 1358//1403 1285//1403 1286//1403
f 1358//1404 1286//1404 1359//1404
f 1359//1404 1286//1404 1287//1404
f 1359//1405 1287//1405 1360//1405
f 1360//1405 1287//1405 1288//1405
f 1360//1406 1288//1406 1361//1406
f 1361//1406 1288//1406 1289//1406
f 1361//1407 1289//1407 1362//1407
f 1362//1407 1289//1407 1290//1407
f 1362//1408 1290//1408 1363//1408
f 1363//1408 1290//1408 1291//1408
f 1363//1409 1291//1409 1364//1409
f 1364//1409 1291//1409 1292//1409
f 1364//1410 1292//1410 1365//1410
f 1365//1410 1292//1410 1293//1410
f 1365//1411 1293//1411 1366//1411
f 1366//1411 1293//1411 1294//1411
f 1366//1412 1294//1412 1367//1412
f 1367//1412 1294//1412 1295//1412
f 1367//1413 1295//1413 1368//1413
f 1368//1413 1295//1413 1296//1413
f 1368//1414 1296//1414 1369//1414
f 1369//1414 1296//1414 1297//1414
f 1369//1415 1297//1415 1370//1415
f 1370//1415 1297//1415 1298//1415
f 1370//1416 1298//1416 1371//1416
f 1371//1416 1298//1416 1299//1416
f 1371//1417 1299//1417 1372//1417
f 1372//1417 1299//1417 1300//1417
f 1372//1418 1300//1418 1373//1418
f 1373//1418 1300//1418 1301//1418
f 1373//1419 1301//1419 1374//1419
f 1374//1419 1301//1419 1302//1419
f 1374//1420 1302//1420 1375//1420
f 1375//1420 1302//1420 1303//1420
f 1375//1421 1303//1421 1304//1421
f 1304//1421 1303//1421 1232//1421
f 1376//1422 1304//1422 1377//1422
f 1377//1422 1304//1422 1305//1422
f 1377//1423 1305//1423 1378//1423
f 1378//1423 1305//1423 1306//1423
f 1378//1424 1306//1424 1379//1424
f 1379//1424 1306//1424 1307//1424
f 1379//1425 1307//1425 1380//1425
f 1380//1426 1307//1426 1308//1426
f 1380//1427 1308//1427 1381//1427
f 1381//1428 1308//1428 1309//1428
f 1381//1429 1309//1429 1382//1429
f 1382//1429 1309//1429 1310//1429
f 1382//1430 1310//1430 1383//1430
f 1383//1430 1310//1430 1311//1430
f 1383//1431 1311//1431 1384//1431
f 1384//1431 1311//1431 1312//1431
f 1384//1432 1312//1432 1385//1432
f 1385//1432 1312//1432 1313//1432
f 1385//1433 1313//1433 1386//1433
f 1386//1433 1313//1433 1314//1433
f 1386//1434 1314//1434 1387//1434
f 1387//1434 1314//1434 1315//1434
f 1387//1435 1315//1435 1388//1435
f 1388//1435 1315//1435 1316//1435
f 1388//1436 1316//1436 1389//1436
f 1389//1436 1316//1436 1317//1436
f 1389//1437 1317//1437 1390//1437
f 1390//1437 1317//1437 1318//1437
f 1390//1438 1318//1438 1391//1438
f 1391//1438 1318//1438 1319//1438
f 1391//1439 1319//1439 1392//1439
f 1392//1439 1319//1439 1320//1439
f 1392//1440 1320//1440 1393//1440
f 1393//1440 1320//1440 1321//1440
f 1393//1441 1321//1441 1394//1441
f 1394//1441 1321//1441 1322//1441
f 1394//1442 1322//1442 1395//1442
f 1395//1442 1322//1442 1323//1442
f 1395//1443 1323//1443 1396//1443
f 1396//1443 1323//1443 1324//1443
f 1396//1444 1324//1444 1397//1444
f 1397//1444 1324//1444 1325//1444
f 1397//1445 1325//1445 1398//1445
f 1398//1445 1325//1445 1326//1445
f 1398//1446 1326//1446 1399//1446
f 1399//1447 1326//1447 1327//1447
f 1399//1448 1327//1448 1400//1448
f 1400//1449 1327//1449 1328//1449
f 1400//1450 1328//1450 1401//1450
f 1401//1450 1328//1450 1329//1450
f 1401//1451 1329//1451 1402//1451
f 1402//1451 1329//1451 1330//1451
f 1402//1452 1330//1452 1403//1452
f 1403//1452 1330//1452 1331//1452
f 1403//1453 1331//1453 1404//1453
f 1404//1453 1331//1453 1332//1453
f 1404//1454 1332//1454 1405//1454
f 1405//1454 1332//1454 1333//1454
f 1405//1455 1333//1455 1406//1455
f 1406//1455 1333//1455 1334//1455
f 1406//1456 1334//1456 1407//1456
f 1407//1456 1334//1456 1335//1456
f 1407//1457 1335//1457 1408//1457
f 1408//1458 1335//1458 1336//1458
f 1408//1459 1336//1459 1409//1459
f 1409//1460 1336//1460 1337//1460
f 1409//1461 1337//1461 1410//1461
f 1410//1461 1337//1461 1338//1461
f 1410//1462 1338//1462 1411//1462
f 1411//1462 1338//1462 1339//1462
f 1411//1463 1339//1463 1412//1463
f 1412//1463 1339//1463 1340//1463
f 1412//1464 1340//1464 1413//1464
f 1413//1464 1340//1464 1341//1464
f 1413//1465 1341//1465 1414//1465
f 1414//1465 1341//1465 1342//1465
f 1414//1466 1342//1466 1415//1466
f 1415//1466 1342//1466 1343//1466
f 1415//1467 1343//1467 1416//1467
f 1416//1468 1343//1468 1344//1468
f 1416//1469 1344//1469 1417//1469
f 1417//1470 1344//1470 1345//1470
f 1417//1471 1345//1471 1418//1471
f 1418//1471 1345//1471 1346//1471
f 1418//1472 1346//1472 1419//1472
f 1419//1472 1346//1472 1347//1472
f 1419//1473 1347//1473 1420//1473
f 1420//1473 1347//1473 1348//1473
f 1420//1474 1348//1474 1421//1474
f 1421//1474 1348//1474 1349//1474
f 1421//1475 1349//1475 1422//1475
f 1422//1475 1349//1475 1350//1475
f 1422//1476 1350//1476 1423//1476
f 1423//1476 1350//1476 1351//1476
f 1423//1477 1351//1477 1424//1477
f 1424//1477 1351//1477 1352//1477
f 1424//1478 1352//1478 1425//1478
f 1425//1478 1352//1478 1353//1478
f 1425//1479 1353//1479 1426//1479
f 1426//1479 1353//1479 1354//1479
f 1426//1480 1354//1480 1427//1480
f 1427//1480 1354//1480 1355//1480
f 1427//1481 1355//1481 1428//1481
f 1428//1481 1355//1481 1356//1481
f 1428//1482 1356//1482 1429//1482
f 1429//1482 1356//1482 1357//1482
f 1429//1483 1357//1483 1430//1483
f 1430//1483 1357//1483 1358//1483
f 1430//1484 1358//1484 1431//1484
f 1431//1484 1358//1484 1359//1484
f 1431//1485 1359//1485 1432//1485
f 1432//1485 1359//1485 1360//1485
f 1432//1486 1360//1486 1433//1486
f 1433//1486 1360//1486 1361//1486
f 1433//1487 1361//1487 1434//1487
f 1434//1487 1361//1487 1362//1487
f 1434//1488 1362//1488 1435//1488
f 1435//1489 1362//1489 1363//1489
f 1435//1490 1363//1490 1436//1490
f 1436//1491 1363//1491 1364//1491
f 1436//1492 1364//1492 1437//1492
f 1437//1492 1364//1492 1365//1492
f 1437//1493 1365//1493 1438//1493
f 1438//1493 1365//1493 1366//1493
f 1438//1494 1366//1494 1439//1494
f 1439//1494 1366//1494 1367//1494
f 1439//1495 1367//1495 1440//1495
f 1440//1495 1367//1495 1368//1495
f 1440//1496 1368//1496 1441//1496
f 1441//1496 1368//1496 1369//1496
f 1441//1497 1369//1497 1442//1497
f 1442//1497 1369//1497 1370//1497
f 1442//1498 1370//1498 1443//1498
f 1443//1498 1370//1498 1371//1498
f 1443//1499 1371//1499 1444//1499
f 1444//1500 1371//1500 1372//1500
f 1444//1501 1372//1501 1445//1501
f 1445//1502 1372//1502 1373//1502
f 1445//1503 1373//1503 1446//1503
f 1446//1503 1373//1503 1374//1503
f 1446//1504 1374//1504 1447//1504
f 1447//1504 1374//1504 1375//1504
f 1447//1505 1375//1505 1376//1505
f 1376//1505 1375//1505 1304//1505
f 1377//1506 1378//1506 1448//1506
f 1379//1507 1380//1507 1448//1507
f 1381//1508 1382//1508 1448//1508
f 1383//1509 1384//1509 1448//1509
f 1385//1510 1386//1510 1448//1510
f 1387//1511 1388//1511 1448//1511
f 1389//1512 1390//1512 1448//1512
f 1391//1513 1392//1513 1448//1513
f 1393//1514 1394//1514 1448//1514
f 1395//1515 1396//1515 1448//1515
f 1397//1516 1398//1516 1448//1516
f 1399//1517 1400//1517 1448//1517
f 1401//1518 1402//1518 1448//1518
f 1403//1519 1404//1519 1448//1519
f 1405//1520 1406//1520 1448//1520
f 1407//1521 1408//1521 1448//1521
f 1409//1522 1410//1522 1448//1522
f 1411//1523 1412//1523 1448//1523
f 1413//1524 1414//1524 1448//1524
f 1415//1525 1416//1525 1448//1525
f 1417//1526 1418//1526 1448//1526
f 1419//1527 1420//1527 1448//1527
f 1421//1528 1422//1528 1448//1528
f 1423//1529 1424//1529 1448//1529
f 1425//1530 1426//1530 1448//1530
f 1427//1531 1428//1531 1448//1531
f 1429//1532 1430//1532 1448//1532
f 1431//1533 1432//1533 1448//1533
f 1433//1534 1434//1534 1448//1534
f 1435//1535 1436//1535 1448//1535
f 1437//1536 1438//1536 1448//1536
f 1439//1537 1440//1537 1448//1537
f 1441//1538 1442//1538 1448//1538
f 1443//1539 1444//1539 1448//1539
f 1448//1540 1446//1540 1447//1540
f 1376//1541 1448//1541 1447//1541
f 1445//1542 1446//1542 1448//1542
f 1444//1543 1445//1543 1448//1543
f 1442//1544 1443//1544 1448//1544
f 1440//1545 1441//1545 1448//1545
f 1438//1546 1439//1546 1448//1546
f 1436//1547 1437//1547 1448//1547
f 1434//1548 1435//1548 1448//1548
f 1432//1549 1433//1549 1448//1549
f 1430//1550 1431//1550 1448//1550
f 1428//1551 1429//1551 1448//1551
f 1426//1552 1427//1552 1448//1552
f 1424//1553 1425//1553 1448//1553
f 1422//1554 1423//1554 1448//1554
f 1420//1555 1421//1555 1448//1555
f 1418//1556 1419//1556 1448//1556
f 1416//1557 1417//1557 1448//1557
f 1414//1558 1415//1558 1448//1558
f 1412//1559 1413//1559 1448//1559
f 1410//1560 1411//1560 1448//1560
f 1408//1561 1409//1561 1448//1561
f 1406//1562 1407//1562 1448//1562
f 1404//1563 1405//1563 1448//1563
f 1402//1564 1403//1564 1448//1564
f 1400//1565 1401//1565 1448//1565
f 1398//1566 1399//1566 1448//1566
f 1396//1567 1397//1567 1448//1567
f 1394//1568 1395//1568 1448//1568
f 1392//1569 1393//1569 1448//1569
f 1390//1570 1391//1570 1448//1570
f 1388//1571 1389//1571 1448//1571
f 1386//1572 1387//1572 1448//1572
f 1384//1573 1385//1573 1448//1573
f 1382//1574 1383//1574 1448//1574
f 1380//1575 1381//1575 1448//1575
f 1378//1576 1379//1576 1448//1576
f 1376//1577 1377//1577 1448//1577
f 460//1578 462//1578 1449//1578
f 1449//1578 462//1578 1450//1578
f 1450//1578 1451//1578 1449//1578
f 1449//1578 1451//1578 1452//1578
f 1449//1578 1452//1578 1453//1578
f 1454//1579 1455//1579 1456//1579
f 1457//1580 1458//1580 1459//1580
f 1460//1581 1461//1581 1462//1581
f 1463//1582 1464//1582 1465//1582
f 639//1583 95//1583 94//1583
f 642//1584 1466//1584 643//1584
f 626//1585 1467//1585 1468//1585
f 626//1586 1468//1586 624//1586
f 1466//1587 642//1587 1469//1587
f 1469//1588 642//1588 641//1588
f 1469//1589 641//1589 622//1589
f 95//1590 639//1590 97//1590
f 1470//1591 1471//1591 1472//1591
f 1472//1592 1471//1592 1473//1592
f 1474//1593 1475//1593 1476//1593
f 1476//1594 1475//1594 1477//1594
f 1476//1595 1477//1595 1478//1595
f 1478//1596 1477//1596 1479//1596
f 1478//1597 1479//1597 1480//1597
f 1481//1598 1482//1598 1483//1598
f 1483//1599 1482//1599 1484//1599
f 1483//1600 1484//1600 1485//1600
f 1485//1601 1484//1601 1486//1601
f 1485//1602 1486//1602 1487//1602
f 1465//1603 1464//1603 1488//1603
f 1488//1604 1464//1604 1489//1604
f 1488//1605 1489//1605 1490//1605
f 1490//1606 1489//1606 1491//1606
f 1490//1607 1491//1607 1492//1607
f 1493//1608 1494//1608 1495//1608
f 1495//1609 1494//1609 1496//1609
f 1495//1610 1496//1610 1497//1610
f 1497//1611 1496//1611 1498//1611
f 1497//1612 1498//1612 1499//1612
f 1462//1613 1461//1613 1500//1613
f 1500//1614 1461//1614 1501//1614
f 1500//1615 1501//1615 1502//1615
f 1502//1616 1501//1616 1503//1616
f 1503//1617 1501//1617 1504//1617
f 1503//1618 1504//1618 1505//1618
f 1459//1619 1458//1619 1506//1619
f 1506//1620 1458//1620 1507//1620
f 1506//1621 1507//1621 1508//1621
f 1509//1622 1510//1622 1511//1622
f 1511//1623 1510//1623 1512//1623
f 1511//1624 1512//1624 1513//1624
f 1513//1625 1512//1625 1514//1625
f 1513//1626 1514//1626 1515//1626
f 1515//1627 1514//1627 1516//1627
f 1515//1628 1516//1628 1517//1628
f 1518//1629 1519//1629 1520//1629
f 1520//1630 1519//1630 1521//1630
f 1518//1631 1520//1631 1522//1631
f 1522//1632 1520//1632 1523//1632
f 1522//1633 1523//1633 1524//1633
f 1525//1634 1526//1634 1527//1634
f 1527//1635 1526//1635 1528//1635
f 1527//1636 1528//1636 1529//1636
f 1529//1637 1528//1637 1530//1637
f 1529//1638 1530//1638 1531//1638
f 1531//1639 1530//1639 1532//1639
f 1531//1640 1532//1640 1533//1640
f 1456//1641 1455//1641 1534//1641
f 1534//1642 1455//1642 1535//1642
f 1534//1643 1535//1643 1536//1643
f 1537//1644 1538//1644 1539//1644
f 1540//1645 1541//1645 1539//1645
f 1539//1646 1541//1646 1542//1646
f 1539//1647 1542//1647 1537//1647
f 1543//1648 1544//1648 1545//1648
f 1545//1649 1544//1649 1546//1649
f 1545//1650 1546//1650 1540//1650
f 1540//1651 1546//1651 1547//1651
f 1540//1652 1547//1652 1541//1652
f 1548//1653 1549//1653 1550//1653
f 1550//1654 1549//1654 1551//1654
f 1552//1655 1553//1655 1554//1655
f 1554//1656 1553//1656 1555//1656
f 1554//1657 1555//1657 1551//1657
f 1551//1658 1555//1658 1556//1658
f 1551//1659 1556//1659 1550//1659
f 1557//1660 1558//1660 1559//1660
f 1559//1661 1558//1661 1560//1661
f 1561//1662 1562//1662 1560//1662
f 1560//1663 1562//1663 1563//1663
f 1560//1664 1563//1664 1559//1664
f 1564//1665 1565//1665 1566//1665
f 1566//1666 1565//1666 1567//1666
f 1566//1667 1567//1667 1561//1667
f 1561//1668 1567//1668 1568//1668
f 1561//1669 1568//1669 1562//1669
f 1569//1670 1570//1670 1571//1670
f 1571//1671 1570//1671 1572//1671
f 1573//1672 1574//1672 1575//1672
f 1575//1673 1574//1673 1576//1673
f 1575//1674 1576//1674 1572//1674
f 1572//1675 1576//1675 1577//1675
f 1572//1676 1577//1676 1571//1676
f 1578//1677 1579//1677 1580//1677
f 1580//1678 1579//1678 1581//1678
f 1582//1679 1583//1679 1581//1679
f 1581//1680 1583//1680 1584//1680
f 1581//1681 1584//1681 1580//1681
f 1585//1682 1586//1682 1587//1682
f 1587//1683 1586//1683 1588//1683
f 1587//1684 1588//1684 1582//1684
f 1582//1685 1588//1685 1589//1685
f 1582//1686 1589//1686 1583//1686
f 1590//1687 1591//1687 1592//1687
f 1592//1688 1591//1688 1593//1688
f 1594//1689 1595//1689 1596//1689
f 1596//1690 1595//1690 1597//1690
f 1596//1691 1597//1691 1593//1691
f 1593//1692 1597//1692 1598//1692
f 1593//1693 1598//1693 1592//1693
f 1599//1694 1600//1694 1601//1694
f 1601//1695 1600//1695 1602//1695
f 1603//1696 1604//1696 1602//1696
f 1602//1697 1604//1697 1605//1697
f 1602//1698 1605//1698 1601//1698
f 1606//1699 1607//1699 1608//1699
f 1608//1700 1607//1700 1609//1700
f 1608//1701 1609//1701 1603//1701
f 1603//1702 1609//1702 1610//1702
f 1603//1703 1610//1703 1604//1703
f 1611//1704 1612//1704 1613//1704
f 1613//1705 1612//1705 1614//1705
f 1615//1706 1616//1706 1617//1706
f 1617//1707 1616//1707 1618//1707
f 1617//1708 1618//1708 1614//1708
f 1614//1709 1618//1709 1619//1709
f 1614//1710 1619//1710 1613//1710
f 1620//1711 1621//1711 1622//1711
f 1622//1712 1621//1712 1623//1712
f 1624//1713 1625//1713 1623//1713
f 1623//1714 1625//1714 1626//1714
f 1623//1715 1626//1715 1622//1715
f 1627//1716 1628//1716 1629//1716
f 1629//1717 1628//1717 1630//1717
f 1629//1718 1630//1718 1624//1718
f 1624//1719 1630//1719 1631//1719
f 1624//1720 1631//1720 1625//1720
f 1632//1721 1633//1721 1634//1721
f 1634//1722 1633//1722 1635//1722
f 1636//1723 1637//1723 1638//1723
f 1638//1724 1637//1724 1639//1724
f 1638//1725 1639//1725 1635//1725
f 1635//1726 1639//1726 1640//1726
f 1635//1727 1640//1727 1634//1727
f 1641//1728 1642//1728 1643//1728
f 1643//1729 1642//1729 1644//1729
f 1645//1730 1646//1730 1644//1730
f 1644//1731 1646//1731 1647//1731
f 1644//1732 1647//1732 1643//1732
f 1648//1733 1649//1733 1650//1733
f 1650//1734 1649//1734 1651//1734
f 1650//1735 1651//1735 1645//1735
f 1645//1736 1651//1736 1652//1736
f 1645//1737 1652//1737 1646//1737
f 1653//1738 1654//1738 1655//1738
f 1655//1739 1654//1739 1656//1739
f 1657//1740 1658//1740 1659//1740
f 1659//1741 1658//1741 1660//1741
f 1659//1742 1660//1742 1656//1742
f 1656//1743 1660//1743 1661//1743
f 1656//1744 1661//1744 1655//1744
f 1662//1745 1663//1745 1664//1745
f 1664//1746 1663//1746 1665//1746
f 1666//1747 1667//1747 1665//1747
f 1665//1748 1667//1748 1668//1748
f 1665//1749 1668//1749 1664//1749
f 1669//1750 1670//1750 1671//1750
f 1671//1751 1670//1751 1672//1751
f 1671//1752 1672//1752 1666//1752
f 1666//1753 1672//1753 1673//1753
f 1666//1754 1673//1754 1667//1754
f 1674//1755 1675//1755 1676//1755
f 1676//1756 1675//1756 1677//1756
f 1678//1757 1679//1757 1680//1757
f 1680//1758 1679//1758 1681//1758
f 1680//1759 1681//1759 1677//1759
f 1677//1760 1681//1760 1682//1760
f 1677//1761 1682//1761 1676//1761
f 1683//1762 1684//1762 1685//1762
f 1685//1763 1684//1763 1686//1763
f 1687//1764 1688//1764 1686//1764
f 1686//1765 1688//1765 1689//1765
f 1686//1766 1689//1766 1685//1766
f 1690//1767 1691//1767 1692//1767
f 1692//1768 1691//1768 1693//1768
f 1692//1769 1693//1769 1687//1769
f 1687//1770 1693//1770 1694//1770
f 1687//1771 1694//1771 1688//1771
f 1695//1772 1696//1772 1697//1772
f 1697//1773 1696//1773 1698//1773
f 1699//1774 1700//1774 1701//1774
f 1701//1775 1700//1775 1702//1775
f 1701//1776 1702//1776 1698//1776
f 1698//1777 1702//1777 1703//1777
f 1698//1778 1703//1778 1697//1778
f 1704//1779 1705//1779 1706//1779
f 1706//1780 1705//1780 1707//1780
f 1708//1781 1709//1781 1707//1781
f 1707//1782 1709//1782 1710//1782
f 1707//1783 1710//1783 1706//1783
f 1711//1784 1712//1784 1713//1784
f 1713//1785 1712//1785 1714//1785
f 1713//1786 1714//1786 1708//1786
f 1708//1787 1714//1787 1715//1787
f 1708//1788 1715//1788 1709//1788
f 1716//1789 1717//1789 1718//1789
f 1718//1790 1717//1790 1719//1790
f 1720//1791 1721//1791 1722//1791
f 1722//1792 1721//1792 1723//1792
f 1722//1793 1723//1793 1719//1793
f 1719//1794 1723//1794 1724//1794
f 1719//1795 1724//1795 1718//1795
f 1725//1796 1726//1796 1727//1796
f 1727//1797 1726//1797 1728//1797
f 1729//1798 1730//1798 1728//1798
f 1728//1799 1730//1799 1731//1799
f 1728//1800 1731//1800 1727//1800
f 1732//1801 1733//1801 1734//1801
f 1734//1802 1733//1802 1735//1802
f 1734//1803 1735//1803 1729//1803
f 1729//1804 1735//1804 1736//1804
f 1729//1805 1736//1805 1730//1805
f 1737//1806 1738//1806 1739//1806
f 1739//1807 1738//1807 1740//1807
f 1741//1808 1742//1808 1743//1808
f 1743//1809 1742//1809 1744//1809
f 1743//1810 1744//1810 1740//1810
f 1740//1811 1744//1811 1745//1811
f 1740//1812 1745//1812 1739//1812
f 1746//1813 1747//1813 1748//1813
f 1748//1814 1747//1814 1749//1814
f 1750//1815 1751//1815 1749//1815
f 1749//1816 1751//1816 1752//1816
f 1749//1817 1752//1817 1748//1817
f 1753//1818 1754//1818 1755//1818
f 1755//1819 1754//1819 1756//1819
f 1755//1820 1756//1820 1750//1820
f 1750//1821 1756//1821 1757//1821
f 1750//1822 1757//1822 1751//1822
f 1758//1823 1759//1823 1760//1823
f 1760//1824 1759//1824 1761//1824
f 1762//1825 1763//1825 1764//1825
f 1764//1826 1763//1826 1765//1826
f 1764//1827 1765//1827 1761//1827
f 1761//1828 1765//1828 1766//1828
f 1761//1829 1766//1829 1760//1829
f 1767//1830 1768//1830 1769//1830
f 1769//1831 1768//1831 1770//1831
f 1771//1832 1772//1832 1773//1832
f 1773//1833 1772//1833 1774//1833
f 1773//1834 1774//1834 1770//1834
f 1770//1835 1774//1835 1775//1835
f 1770//1836 1775//1836 1769//1836
f 1776//1837 1777//1837 1778//1837
f 1778//1838 1777//1838 1779//1838
f 1780//1839 1781//1839 1779//1839
f 1779//1840 1781//1840 1782//1840
f 1779//1841 1782//1841 1778//1841
f 1783//1842 1784//1842 1785//1842
f 1785//1843 1784//1843 1786//1843
f 1785//1844 1786//1844 1780//1844
f 1780//1845 1786//1845 1787//1845
f 1780//1846 1787//1846 1781//1846
f 1788//1847 1789//1847 1790//1847
f 1790//1848 1789//1848 1791//1848
f 1792//1849 1793//1849 1794//1849
f 1794//1850 1793//1850 1795//1850
f 1794//1851 1795//1851 1791//1851
f 1791//1852 1795//1852 1796//1852
f 1791//1853 1796//1853 1790//1853
f 1797//1854 1798//1854 1799//1854
f 1799//1855 1798//1855 1800//1855
f 1801//1856 1802//1856 1800//1856
f 1800//1857 1802//1857 1803//1857
f 1800//1858 1803//1858 1799//1858
f 1804//1859 1805//1859 1806//1859
f 1806//1860 1805//1860 1807//1860
f 1806//1861 1807//1861 1801//1861
f 1801//1862 1807//1862 1808//1862
f 1801//1863 1808//1863 1802//1863
f 1809//1864 1810//1864 1811//1864
f 1811//1865 1810//1865 1812//1865
f 1813//1866 1814//1866 1815//1866
f 1815//1867 1814//1867 1816//1867
f 1815//1868 1816//1868 1812//1868
f 1812//1869 1816//1869 1817//1869
f 1812//1870 1817//1870 1811//1870
f 1818//1871 1819//1871 1820//1871
f 1820//1872 1819//1872 1821//1872
f 1822//1873 1823//1873 1821//1873
f 1821//1874 1823//1874 1824//1874
f 1821//1875 1824//1875 1820//1875
f 1825//1876 1826//1876 1827//1876
f 1827//1877 1826//1877 1828//1877
f 1827//1878 1828//1878 1822//1878
f 1822//1879 1828//1879 1829//1879
f 1822//1880 1829//1880 1823//1880
f 1830//1881 1831//1881 1832//1881
f 1832//1882 1831//1882 1833//1882
f 1834//1883 1835//1883 1836//1883
f 1836//1884 1835//1884 1837//1884
f 1836//1885 1837//1885 1833//1885
f 1833//1886 1837//1886 1838//1886
f 1833//1887 1838//1887 1832//1887
f 1839//1888 1840//1888 1841//1888
f 1841//1889 1840//1889 1842//1889
f 1843//1890 1844//1890 1842//1890
f 1842//1891 1844//1891 1845//1891
f 1842//1892 1845//1892 1841//1892
f 1846//1893 1847//1893 1848//1893
f 1848//1894 1847//1894 1849//1894
f 1848//1895 1849//1895 1843//1895
f 1843//1896 1849//1896 1850//1896
f 1843//1897 1850//1897 1844//1897
f 1851//1898 1852//1898 1853//1898
f 1853//1899 1852//1899 1854//1899
f 1855//1900 1856//1900 1857//1900
f 1857//1901 1856//1901 1858//1901
f 1857//1902 1858//1902 1854//1902
f 1854//1903 1858//1903 1859//1903
f 1854//1899 1859//1899 1853//1899
f 1860//1904 1861//1904 1862//1904
f 1862//1905 1861//1905 1863//1905
f 1864//1906 1865//1906 1863//1906
f 1863//1907 1865//1907 1866//1907
f 1863//1908 1866//1908 1862//1908
f 1867//1909 1868//1909 1869//1909
f 1869//1910 1868//1910 1870//1910
f 1869//1911 1870//1911 1864//1911
f 1864//1912 1870//1912 1871//1912
f 1864//1913 1871//1913 1865//1913
f 1872//1914 1873//1914 1874//1914
f 1874//1915 1873//1915 1875//1915
f 1876//1916 1877//1916 1878//1916
f 1878//1917 1877//1917 1879//1917
f 1878//1918 1879//1918 1875//1918
f 1875//1919 1879//1919 1880//1919
f 1875//1920 1880//1920 1874//1920
f 1881//1921 1882//1921 1883//1921
f 1883//1922 1882//1922 1884//1922
f 1885//1923 1886//1923 1884//1923
f 1884//1924 1886//1924 1887//1924
f 1884//1925 1887//1925 1883//1925
f 1467//1926 1888//1926 1468//1926
f 1468//1927 1888//1927 1889//1927
f 1468//1928 1889//1928 1885//1928
f 1885//1929 1889//1929 1890//1929
f 1885//1930 1890//1930 1886//1930
f 462//1931 1471//1931 1450//1931
f 1450//1932 1471//1932 1470//1932
f 1450//1933 1470//1933 1451//1933
f 464//1934 1473//1934 466//1934
f 466//1935 1473//1935 1471//1935
f 466//1936 1471//1936 468//1936
f 468//1937 1471//1937 462//1937
f 464//1938 463//1938 1473//1938
f 1473//1939 463//1939 1475//1939
f 1473//1940 1475//1940 1472//1940
f 1472//1941 1475//1941 1474//1941
f 463//1942 470//1942 1475//1942
f 1475//1943 470//1943 472//1943
f 1475//1944 472//1944 1477//1944
f 1477//1945 472//1945 474//1945
f 1477//1946 474//1946 1479//1946
f 1479//1947 474//1947 476//1947
f 476//1948 478//1948 1479//1948
f 1479//1949 478//1949 1487//1949
f 1479//1950 1487//1950 1480//1950
f 1480//1951 1487//1951 1486//1951
f 478//1952 486//1952 1487//1952
f 1487//1953 486//1953 485//1953
f 1487//1954 485//1954 1485//1954
f 1485//1955 485//1955 483//1955
f 1485//1956 483//1956 1483//1956
f 1483//1957 483//1957 482//1957
f 482//1958 487//1958 1483//1958
f 1483//1959 487//1959 1492//1959
f 1483//1960 1492//1960 1481//1960
f 1481//1961 1492//1961 1491//1961
f 487//1962 489//1962 1492//1962
f 1492//1963 489//1963 491//1963
f 1492//1964 491//1964 1490//1964
f 1490//1965 491//1965 492//1965
f 1490//1966 492//1966 1488//1966
f 492//1967 494//1967 1488//1967
f 1488//1968 494//1968 497//1968
f 1488//1969 497//1969 1465//1969
f 1465//1970 497//1970 499//1970
f 499//1971 501//1971 1465//1971
f 1465//1972 501//1972 1494//1972
f 1465//1973 1494//1973 1463//1973
f 1463//1974 1494//1974 1493//1974
f 501//1975 503//1975 1494//1975
f 1494//1976 503//1976 512//1976
f 1494//1977 512//1977 1496//1977
f 1496//1978 512//1978 511//1978
f 1496//1979 511//1979 1498//1979
f 1498//1980 511//1980 509//1980
f 509//1981 508//1981 1498//1981
f 1498//1982 508//1982 1460//1982
f 1498//1983 1460//1983 1499//1983
f 1499//1984 1460//1984 1462//1984
f 508//1985 504//1985 1460//1985
f 1460//1986 504//1986 507//1986
f 1460//1987 507//1987 1461//1987
f 1461//1988 507//1988 514//1988
f 1461//1989 514//1989 1501//1989
f 514//1990 525//1990 1501//1990
f 1501//1991 525//1991 524//1991
f 1501//1992 524//1992 1504//1992
f 1504//1993 524//1993 522//1993
f 522//1994 520//1994 1504//1994
f 1504//1995 520//1995 1508//1995
f 1504//1996 1508//1996 1505//1996
f 1505//1997 1508//1997 1507//1997
f 520//1998 518//1998 1508//1998
f 1508//1999 518//1999 517//1999
f 1508//2000 517//2000 1506//2000
f 1506//2001 517//2001 533//2001
f 1506//2002 533//2002 1459//2002
f 1459//2003 533//2003 531//2003
f 531//2004 529//2004 1459//2004
f 1459//2005 529//2005 1510//2005
f 1459//2006 1510//2006 1457//2006
f 1457//2007 1510//2007 1509//2007
f 529//2008 527//2008 1510//2008
f 1510//2009 527//2009 526//2009
f 1510//2010 526//2010 1512//2010
f 1512//2011 526//2011 536//2011
f 1512//2012 536//2012 1514//2012
f 536//2013 538//2013 1514//2013
f 1514//2014 538//2014 540//2014
f 1514//2015 540//2015 1516//2015
f 1516//2016 540//2016 542//2016
f 542//2017 545//2017 1516//2017
f 1516//2018 545//2018 1521//2018
f 1516//2019 1521//2019 1517//2019
f 1517//2020 1521//2020 1519//2020
f 545//2021 547//2021 1521//2021
f 1521//2022 547//2022 565//2022
f 1521//2023 565//2023 1520//2023
f 1520//2024 565//2024 564//2024
f 1520//2025 564//2025 1523//2025
f 1523//2026 564//2026 562//2026
f 562//2027 560//2027 1523//2027
f 1523//2028 560//2028 1533//2028
f 1523//2029 1533//2029 1524//2029
f 1524//2030 1533//2030 1532//2030
f 560//2031 558//2031 1533//2031
f 1533//2032 558//2032 556//2032
f 1533//2033 556//2033 1531//2033
f 1531//2034 556//2034 554//2034
f 1531//2035 554//2035 1529//2035
f 554//2036 552//2036 1529//2036
f 1529//2037 552//2037 550//2037
f 1529//2038 550//2038 1527//2038
f 1527//2039 550//2039 549//2039
f 549//2040 566//2040 1527//2040
f 1527//2041 566//2041 1454//2041
f 1527//2042 1454//2042 1525//2042
f 1525//2043 1454//2043 1456//2043
f 566//2044 568//2044 1454//2044
f 1454//2045 568//2045 569//2045
f 1454//2046 569//2046 1455//2046
f 1455//2047 569//2047 571//2047
f 1455//2048 571//2048 1535//2048
f 1535//2049 571//2049 573//2049
f 573//2050 576//2050 1535//2050
f 1535//2051 576//2051 1538//2051
f 1535//2052 1538//2052 1536//2052
f 1536//2053 1538//2053 1537//2053
f 576//2054 578//2054 1538//2054
f 1538//2055 578//2055 596//2055
f 1538//2056 596//2056 1539//2056
f 1539//2057 596//2057 595//2057
f 1539//2058 595//2058 1540//2058
f 595//2059 593//2059 1540//2059
f 1540//2060 593//2060 591//2060
f 1540//2061 591//2061 1545//2061
f 1545//2062 591//2062 589//2062
f 589//2063 587//2063 1545//2063
f 1545//2064 587//2064 1549//2064
f 1545//2065 1549//2065 1543//2065
f 1543//2066 1549//2066 1548//2066
f 587//2067 585//2067 1549//2067
f 1549//2068 585//2068 583//2068
f 1549//2069 583//2069 1551//2069
f 1551//2070 583//2070 581//2070
f 1551//2071 581//2071 1554//2071
f 1554//2072 581//2072 580//2072
f 580//2073 597//2073 1554//2073
f 1554//2074 597//2074 1558//2074
f 1554//2075 1558//2075 1552//2075
f 1552//2076 1558//2076 1557//2076
f 597//2077 599//2077 1558//2077
f 1558//2078 599//2078 601//2078
f 1558//2079 601//2079 1560//2079
f 1560//2080 601//2080 602//2080
f 1560//2081 602//2081 1561//2081
f 602//2082 604//2082 1561//2082
f 1561//2083 604//2083 607//2083
f 1561//2084 607//2084 1566//2084
f 1566//2085 607//2085 609//2085
f 609//2086 611//2086 1566//2086
f 1566//2087 611//2087 1570//2087
f 1566//2088 1570//2088 1564//2088
f 1564//2089 1570//2089 1569//2089
f 611//2090 613//2090 1570//2090
f 1570//2091 613//2091 618//2091
f 1570//2092 618//2092 1572//2092
f 1572//2093 618//2093 617//2093
f 1572//2094 617//2094 1575//2094
f 1575//2095 617//2095 461//2095
f 461//2096 459//2096 1575//2096
f 1575//2097 459//2097 1579//2097
f 1575//2098 1579//2098 1573//2098
f 1573//2099 1579//2099 1578//2099
f 459//2100 458//2100 1579//2100
f 1579//2101 458//2101 456//2101
f 1579//2102 456//2102 1581//2102
f 1581//2103 456//2103 454//2103
f 1581//2104 454//2104 1582//2104
f 454//2105 452//2105 1582//2105
f 1582//2106 452//2106 450//2106
f 1582//2107 450//2107 1587//2107
f 1587//2108 450//2108 448//2108
f 448//2109 446//2109 1587//2109
f 1587//2110 446//2110 1591//2110
f 1587//2111 1591//2111 1585//2111
f 1585//2112 1591//2112 1590//2112
f 446//2113 444//2113 1591//2113
f 1591//2114 444//2114 442//2114
f 1591//2115 442//2115 1593//2115
f 1593//2116 442//2116 440//2116
f 1593//2117 440//2117 1596//2117
f 1596//2118 440//2118 438//2118
f 438//2119 436//2119 1596//2119
f 1596//2120 436//2120 1600//2120
f 1596//2121 1600//2121 1594//2121
f 1594//2122 1600//2122 1599//2122
f 436//2123 434//2123 1600//2123
f 1600//2124 434//2124 432//2124
f 1600//2125 432//2125 1602//2125
f 1602//2126 432//2126 430//2126
f 1602//2127 430//2127 1603//2127
f 424//2128 1608//2128 426//2128
f 426//2129 1608//2129 1603//2129
f 426//2130 1603//2130 428//2130
f 428//2131 1603//2131 430//2131
f 424//2132 422//2132 1608//2132
f 1608//2133 422//2133 1612//2133
f 1608//2134 1612//2134 1606//2134
f 1606//2135 1612//2135 1611//2135
f 422//2136 420//2136 1612//2136
f 1612//2137 420//2137 418//2137
f 1612//2138 418//2138 1614//2138
f 1614//2139 418//2139 416//2139
f 1614//2140 416//2140 1617//2140
f 1617//2141 416//2141 414//2141
f 414//2142 412//2142 1617//2142
f 1617//2143 412//2143 1621//2143
f 1617//2144 1621//2144 1615//2144
f 1615//2145 1621//2145 1620//2145
f 412//2146 410//2146 1621//2146
f 1621//2147 410//2147 408//2147
f 1621//2148 408//2148 1623//2148
f 1623//2149 408//2149 406//2149
f 1623//2150 406//2150 1624//2150
f 400//2151 1629//2151 402//2151
f 402//2152 1629//2152 1624//2152
f 402//2153 1624//2153 404//2153
f 404//2154 1624//2154 406//2154
f 400//2155 398//2155 1629//2155
f 1629//2156 398//2156 1633//2156
f 1629//2157 1633//2157 1627//2157
f 1627//2158 1633//2158 1632//2158
f 398//2159 396//2159 1633//2159
f 1633//2160 396//2160 394//2160
f 1633//2161 394//2161 1635//2161
f 1635//2162 394//2162 392//2162
f 1635//2163 392//2163 1638//2163
f 1638//2164 392//2164 390//2164
f 390//2165 388//2165 1638//2165
f 1638//2166 388//2166 1642//2166
f 1638//2167 1642//2167 1636//2167
f 1636//2168 1642//2168 1641//2168
f 388//2169 386//2169 1642//2169
f 1642//2170 386//2170 384//2170
f 1642//2171 384//2171 1644//2171
f 1644//2172 384//2172 382//2172
f 1644//2173 382//2173 1645//2173
f 376//2174 1650//2174 378//2174
f 378//2175 1650//2175 1645//2175
f 378//2176 1645//2176 380//2176
f 380//2177 1645//2177 382//2177
f 376//2178 374//2178 1650//2178
f 1650//2179 374//2179 1654//2179
f 1650//2180 1654//2180 1648//2180
f 1648//2181 1654//2181 1653//2181
f 374//2182 372//2182 1654//2182
f 1654//2183 372//2183 370//2183
f 1654//2184 370//2184 1656//2184
f 1656//2185 370//2185 368//2185
f 1656//2186 368//2186 1659//2186
f 1659//2187 368//2187 366//2187
f 366//2188 364//2188 1659//2188
f 1659//2189 364//2189 1663//2189
f 1659//2190 1663//2190 1657//2190
f 1657//2191 1663//2191 1662//2191
f 364//2192 362//2192 1663//2192
f 1663//2193 362//2193 360//2193
f 1663//2194 360//2194 1665//2194
f 1665//2195 360//2195 358//2195
f 1665//2196 358//2196 1666//2196
f 352//2197 1671//2197 354//2197
f 354//2198 1671//2198 1666//2198
f 354//2199 1666//2199 356//2199
f 356//2200 1666//2200 358//2200
f 352//2201 350//2201 1671//2201
f 1671//2202 350//2202 1675//2202
f 1671//2203 1675//2203 1669//2203
f 1669//2204 1675//2204 1674//2204
f 350//2205 348//2205 1675//2205
f 1675//2206 348//2206 346//2206
f 1675//2207 346//2207 1677//2207
f 1677//2208 346//2208 344//2208
f 1677//2209 344//2209 1680//2209
f 1680//2210 344//2210 342//2210
f 342//2211 340//2211 1680//2211
f 1680//2212 340//2212 1684//2212
f 1680//2213 1684//2213 1678//2213
f 1678//2214 1684//2214 1683//2214
f 340//2215 338//2215 1684//2215
f 1684//2216 338//2216 336//2216
f 1684//2217 336//2217 1686//2217
f 1686//2218 336//2218 334//2218
f 1686//2219 334//2219 1687//2219
f 329//2220 1692//2220 331//2220
f 331//2221 1692//2221 1687//2221
f 331//2222 1687//2222 333//2222
f 333//2223 1687//2223 334//2223
f 329//2224 327//2224 1692//2224
f 1692//2225 327//2225 1696//2225
f 1692//2226 1696//2226 1690//2226
f 1690//2227 1696//2227 1695//2227
f 327//2228 325//2228 1696//2228
f 1696//2229 325//2229 323//2229
f 1696//2230 323//2230 1698//2230
f 1698//2231 323//2231 321//2231
f 1698//2232 321//2232 1701//2232
f 1701//2233 321//2233 319//2233
f 319//2234 317//2234 1701//2234
f 1701//2235 317//2235 1705//2235
f 1701//2236 1705//2236 1699//2236
f 1699//2237 1705//2237 1704//2237
f 317//2238 315//2238 1705//2238
f 1705//2239 315//2239 313//2239
f 1705//2240 313//2240 1707//2240
f 1707//2241 313//2241 311//2241
f 1707//2242 311//2242 1708//2242
f 306//2243 1713//2243 307//2243
f 307//2244 1713//2244 1708//2244
f 307//2245 1708//2245 309//2245
f 309//2246 1708//2246 311//2246
f 306//2247 303//2247 1713//2247
f 1713//2248 303//2248 1717//2248
f 1713//2249 1717//2249 1711//2249
f 1711//2250 1717//2250 1716//2250
f 303//2251 301//2251 1717//2251
f 1717//2252 301//2252 300//2252
f 1717//2253 300//2253 1719//2253
f 1719//2254 300//2254 297//2254
f 1719//2255 297//2255 1722//2255
f 1722//2256 297//2256 295//2256
f 295//2257 293//2257 1722//2257
f 1722//2258 293//2258 1726//2258
f 1722//2259 1726//2259 1720//2259
f 1720//2260 1726//2260 1725//2260
f 293//2261 292//2261 1726//2261
f 1726//2262 292//2262 288//2262
f 1726//2263 288//2263 1728//2263
f 1728//2264 288//2264 290//2264
f 1728//2265 290//2265 1729//2265
f 281//2266 1734//2266 283//2266
f 283//2267 1734//2267 1729//2267
f 283//2268 1729//2268 291//2268
f 291//2269 1729//2269 290//2269
f 281//2270 279//2270 1734//2270
f 1734//2271 279//2271 1738//2271
f 1734//2272 1738//2272 1732//2272
f 1732//2273 1738//2273 1737//2273
f 279//2274 277//2274 1738//2274
f 1738//2275 277//2275 275//2275
f 1738//2276 275//2276 1740//2276
f 1740//2277 275//2277 273//2277
f 1740//2278 273//2278 1743//2278
f 1743//2279 273//2279 271//2279
f 271//2280 269//2280 1743//2280
f 1743//2281 269//2281 1747//2281
f 1743//2282 1747//2282 1741//2282
f 1741//2283 1747//2283 1746//2283
f 269//2284 267//2284 1747//2284
f 1747//2285 267//2285 266//2285
f 1747//2286 266//2286 1749//2286
f 1749//2287 266//2287 264//2287
f 1749//2288 264//2288 1750//2288
f 262//2289 1755//2289 252//2289
f 252//2290 1755//2290 1750//2290
f 252//2291 1750//2291 254//2291
f 254//2292 1750//2292 264//2292
f 262//2293 261//2293 1755//2293
f 1755//2294 261//2294 1759//2294
f 1755//2295 1759//2295 1753//2295
f 1753//2296 1759//2296 1758//2296
f 261//2297 259//2297 1759//2297
f 1759//2298 259//2298 257//2298
f 1759//2299 257//2299 1761//2299
f 1761//2300 257//2300 249//2300
f 1761//2301 249//2301 1764//2301
f 1764//2302 249//2302 247//2302
f 247//2303 245//2303 1764//2303
f 1764//2304 245//2304 1768//2304
f 1764//2305 1768//2305 1762//2305
f 1762//2306 1768//2306 1767//2306
f 245//2307 243//2307 1768//2307
f 1768//2308 243//2308 241//2308
f 1768//2309 241//2309 1770//2309
f 1770//2310 241//2310 239//2310
f 1770//2311 239//2311 1773//2311
f 1773//2312 239//2312 237//2312
f 237//2313 235//2313 1773//2313
f 1773//2314 235//2314 1777//2314
f 1773//2315 1777//2315 1771//2315
f 1771//2316 1777//2316 1776//2316
f 235//2317 233//2317 1777//2317
f 1777//2318 233//2318 231//2318
f 1777//2319 231//2319 1779//2319
f 1779//2320 231//2320 229//2320
f 1779//2321 229//2321 1780//2321
f 229//2322 227//2322 1780//2322
f 1780//2323 227//2323 225//2323
f 1780//2324 225//2324 1785//2324
f 1785//2325 225//2325 223//2325
f 223//2326 221//2326 1785//2326
f 1785//2327 221//2327 1789//2327
f 1785//2328 1789//2328 1783//2328
f 1783//2329 1789//2329 1788//2329
f 221//2330 220//2330 1789//2330
f 1789//2331 220//2331 3//2331
f 1789//2332 3//2332 1791//2332
f 1791//2333 3//2333 215//2333
f 1791//2334 215//2334 1794//2334
f 1794//2335 215//2335 217//2335
f 217//2336 214//2336 1794//2336
f 1794//2337 214//2337 1798//2337
f 1794//2338 1798//2338 1792//2338
f 1792//2339 1798//2339 1797//2339
f 214//2340 212//2340 1798//2340
f 1798//2341 212//2341 211//2341
f 1798//2342 211//2342 1800//2342
f 1800//2343 211//2343 209//2343
f 1800//2344 209//2344 1801//2344
f 209//2345 206//2345 1801//2345
f 1801//2346 206//2346 204//2346
f 1801//2347 204//2347 1806//2347
f 1806//2348 204//2348 202//2348
f 202//2349 200//2349 1806//2349
f 1806//2350 200//2350 1810//2350
f 1806//2351 1810//2351 1804//2351
f 1804//2352 1810//2352 1809//2352
f 200//2353 198//2353 1810//2353
f 1810//2354 198//2354 196//2354
f 1810//2355 196//2355 1812//2355
f 1812//2356 196//2356 194//2356
f 1812//2357 194//2357 1815//2357
f 1815//2358 194//2358 192//2358
f 192//2359 190//2359 1815//2359
f 1815//2360 190//2360 1819//2360
f 1815//2361 1819//2361 1813//2361
f 1813//2362 1819//2362 1818//2362
f 190//2363 189//2363 1819//2363
f 1819//2364 189//2364 6//2364
f 1819//2365 6//2365 1821//2365
f 1821//2366 6//2366 184//2366
f 1821//2367 184//2367 1822//2367
f 184//2368 186//2368 1822//2368
f 1822//2369 186//2369 183//2369
f 1822//2370 183//2370 1827//2370
f 1827//2371 183//2371 181//2371
f 181//2372 179//2372 1827//2372
f 1827//2373 179//2373 1831//2373
f 1827//2374 1831//2374 1825//2374
f 1825//2375 1831//2375 1830//2375
f 179//2376 178//2376 1831//2376
f 1831//2377 178//2377 176//2377
f 1831//2378 176//2378 1833//2378
f 1833//2379 176//2379 174//2379
f 1833//2380 174//2380 1836//2380
f 1836//2381 174//2381 172//2381
f 172//2382 169//2382 1836//2382
f 1836//2383 169//2383 1840//2383
f 1836//2384 1840//2384 1834//2384
f 1834//2385 1840//2385 1839//2385
f 169//2386 167//2386 1840//2386
f 1840//2387 167//2387 166//2387
f 1840//2388 166//2388 1842//2388
f 1842//2389 166//2389 164//2389
f 1842//2390 164//2390 1843//2390
f 164//2391 161//2391 1843//2391
f 1843//2392 161//2392 159//2392
f 1843//2393 159//2393 1848//2393
f 1848//2394 159//2394 157//2394
f 157//2395 155//2395 1848//2395
f 1848//2396 155//2396 1852//2396
f 1848//2397 1852//2397 1846//2397
f 1846//2398 1852//2398 1851//2398
f 155//2399 153//2399 1852//2399
f 1852//2400 153//2400 152//2400
f 1852//2401 152//2401 1854//2401
f 1854//2402 152//2402 150//2402
f 1854//2403 150//2403 1857//2403
f 1857//2404 150//2404 140//2404
f 140//2405 138//2405 1857//2405
f 1857//2406 138//2406 1861//2406
f 1857//2407 1861//2407 1855//2407
f 1855//2408 1861//2408 1860//2408
f 138//2409 148//2409 1861//2409
f 1861//2410 148//2410 147//2410
f 1861//2411 147//2411 1863//2411
f 1863//2412 147//2412 145//2412
f 1863//2413 145//2413 1864//2413
f 145//2414 143//2414 1864//2414
f 1864//2415 143//2415 135//2415
f 1864//2416 135//2416 1869//2416
f 1869//2417 135//2417 133//2417
f 133//2418 131//2418 1869//2418
f 1869//2419 131//2419 1873//2419
f 1869//2420 1873//2420 1867//2420
f 1867//2421 1873//2421 1872//2421
f 131//2422 129//2422 1873//2422
f 1873//2423 129//2423 128//2423
f 1873//2424 128//2424 1875//2424
f 1875//2425 128//2425 126//2425
f 1875//2426 126//2426 1878//2426
f 1878//2427 126//2427 123//2427
f 123//2428 121//2428 1878//2428
f 1878//2429 121//2429 1882//2429
f 1878//2430 1882//2430 1876//2430
f 1876//2431 1882//2431 1881//2431
f 121//2432 119//2432 1882//2432
f 1882//2433 119//2433 118//2433
f 1882//2434 118//2434 1884//2434
f 1884//2435 118//2435 116//2435
f 1884//2436 116//2436 1885//2436
f 116//2437 113//2437 1885//2437
f 1885//2438 113//2438 111//2438
f 1885//2439 111//2439 1468//2439
f 1468//2440 111//2440 110//2440
f 110//2441 108//2441 1468//2441
f 1468//2442 108//2442 1469//2442
f 1468//2443 1469//2443 624//2443
f 624//2444 1469//2444 622//2444
f 639//2445 637//2445 97//2445
f 97//2446 637//2446 636//2446
f 97//2447 636//2447 100//2447
f 100//2448 636//2448 643//2448
f 100//2449 643//2449 102//2449
f 102//2450 643//2450 1466//2450
f 102//2451 1466//2451 104//2451
f 104//2452 1466//2452 1469//2452
f 104//2453 1469//2453 106//2453
f 106//2454 1469//2454 108//2454
f 1891//2455 1892//2455 1893//2455
f 1894//2456 1895//2456 1896//2456
f 1897//2457 1898//2457 1899//2457
f 1900//2458 1901//2458 1902//2458
f 1903//2459 1904//2459 1905//2459
f 1906//2460 1907//2460 1908//2460
f 1909//2461 1910//2461 1911//2461
f 1912//2462 1913//2462 1914//2462
f 1915//2463 1916//2463 1917//2463
f 1918//2464 1919//2464 1920//2464
f 1921//2465 1922//2465 1923//2465
f 1924//2466 1925//2466 1926//2466
f 1927//2467 1928//2467 1929//2467
f 1930//2468 1931//2468 1932//2468
f 1933//2469 1934//2469 1935//2469
f 1936//2470 1937//2470 1938//2470
f 1939//2471 1940//2471 1941//2471
f 1942//2472 1943//2472 1944//2472
f 1945//2473 1946//2473 1947//2473
f 1948//2474 1949//2474 1950//2474
f 1951//2475 1952//2475 1953//2475
f 1954//2476 1955//2476 1956//2476
f 1957//2477 1958//2477 1959//2477
f 1960//2478 1961//2478 1962//2478
f 1963//2479 1964//2479 1965//2479
f 1966//2480 1967//2480 1968//2480
f 1969//2481 1970//2481 1971//2481
f 1972//2482 1973//2482 1974//2482
f 1975//2483 1976//2483 1977//2483
f 1978//2484 1979//2484 1980//2484
f 1981//2485 1982//2485 1983//2485
f 1984//2486 1985//2486 1986//2486
f 1987//2487 1988//2487 1989//2487
f 1990//2488 1991//2488 1992//2488
f 1993//2489 1994//2489 1995//2489
f 1996//2490 1997//2490 1998//2490
f 635//2491 1999//2491 634//2491
f 634//2492 1999//2492 2000//2492
f 634//2493 2000//2493 632//2493
f 2001//2494 2002//2494 630//2494
f 630//2495 2002//2495 683//2495
f 683//2496 2002//2496 2003//2496
f 683//2497 2003//2497 684//2497
f 684//2498 2003//2498 2004//2498
f 684//2499 2004//2499 686//2499
f 686//2500 2004//2500 2005//2500
f 686//2501 2005//2501 687//2501
f 2006//2502 453//2502 2007//2502
f 2007//2503 453//2503 455//2503
f 2007//2504 455//2504 457//2504
f 445//2505 447//2505 2008//2505
f 2008//2506 447//2506 449//2506
f 2008//2507 449//2507 2006//2507
f 2006//2508 449//2508 451//2508
f 2006//2509 451//2509 453//2509
f 439//2510 441//2510 1995//2510
f 435//2511 437//2511 1992//2511
f 429//2512 431//2512 1986//2512
f 425//2513 427//2513 1983//2513
f 421//2514 423//2514 1980//2514
f 415//2515 417//2515 1974//2515
f 411//2516 413//2516 1971//2516
f 405//2517 407//2517 1965//2517
f 401//2518 403//2518 1962//2518
f 397//2519 399//2519 1959//2519
f 391//2520 393//2520 1953//2520
f 387//2521 389//2521 1950//2521
f 381//2522 383//2522 1944//2522
f 377//2523 379//2523 1941//2523
f 373//2524 375//2524 1938//2524
f 367//2525 369//2525 1932//2525
f 363//2526 365//2526 1929//2526
f 357//2527 359//2527 1923//2527
f 353//2528 355//2528 1920//2528
f 349//2529 351//2529 1917//2529
f 343//2530 345//2530 1911//2530
f 339//2531 341//2531 1908//2531
f 332//2532 335//2532 1902//2532
f 326//2533 328//2533 1896//2533
f 2009//2534 320//2534 2010//2534
f 2010//2535 320//2535 322//2535
f 310//2536 312//2536 2011//2536
f 2011//2537 312//2537 314//2537
f 2011//2538 314//2538 2012//2538
f 2012//2539 314//2539 316//2539
f 2012//2540 316//2540 2009//2540
f 2009//2541 316//2541 318//2541
f 2009//2542 318//2542 320//2542
f 308//2543 2013//2543 305//2543
f 305//2544 2013//2544 2014//2544
f 305//2545 2014//2545 304//2545
f 304//2546 2014//2546 302//2546
f 296//2547 298//2547 2015//2547
f 2015//2548 298//2548 299//2548
f 2015//2549 299//2549 2016//2549
f 294//2550 2017//2550 286//2550
f 286//2551 2017//2551 2018//2551
f 286//2552 2018//2552 287//2552
f 289//2553 2019//2553 285//2553
f 285//2554 2019//2554 2020//2554
f 285//2555 2020//2555 284//2555
f 284//2556 2020//2556 282//2556
f 280//2557 2021//2557 278//2557
f 278//2558 2021//2558 2022//2558
f 278//2559 2022//2559 276//2559
f 274//2560 2023//2560 272//2560
f 272//2561 2023//2561 2024//2561
f 272//2562 2024//2562 270//2562
f 270//2563 2024//2563 268//2563
f 255//2564 263//2564 2025//2564
f 2025//2565 263//2565 265//2565
f 2025//2566 265//2566 2026//2566
f 253//2567 2027//2567 251//2567
f 251//2568 2027//2568 2028//2568
f 251//2569 2028//2569 260//2569
f 260//2570 2028//2570 258//2570
f 248//2571 250//2571 2029//2571
f 2029//2572 250//2572 256//2572
f 2029//2573 256//2573 2030//2573
f 246//2574 2031//2574 244//2574
f 244//2575 2031//2575 2032//2575
f 244//2576 2032//2576 242//2576
f 240//2577 2033//2577 238//2577
f 238//2578 2033//2578 2034//2578
f 238//2579 2034//2579 236//2579
f 236//2580 2034//2580 234//2580
f 232//2581 2035//2581 230//2581
f 230//2582 2035//2582 2036//2582
f 230//2583 2036//2583 228//2583
f 226//2584 2037//2584 224//2584
f 224//2585 2037//2585 2038//2585
f 224//2586 2038//2586 222//2586
f 222//2587 2038//2587 1//2587
f 218//2588 216//2588 2039//2588
f 2039//2589 216//2589 2//2589
f 2039//2590 2//2590 2040//2590
f 219//2591 2041//2591 213//2591
f 213//2592 2041//2592 2042//2592
f 213//2593 2042//2593 210//2593
f 210//2594 2042//2594 208//2594
f 203//2595 205//2595 2043//2595
f 2043//2596 205//2596 207//2596
f 2043//2597 207//2597 2044//2597
f 201//2598 2045//2598 199//2598
f 199//2599 2045//2599 2046//2599
f 199//2600 2046//2600 197//2600
f 197//2601 2046//2601 195//2601
f 4//2602 191//2602 2047//2602
f 2047//2603 191//2603 193//2603
f 2047//2604 193//2604 2048//2604
f 5//2605 2049//2605 185//2605
f 185//2606 2049//2606 2050//2606
f 185//2607 2050//2607 187//2607
f 188//2608 2051//2608 182//2608
f 182//2609 2051//2609 2052//2609
f 182//2610 2052//2610 180//2610
f 180//2611 2052//2611 177//2611
f 175//2612 2053//2612 173//2612
f 173//2613 2053//2613 2054//2613
f 173//2614 2054//2614 171//2614
f 170//2615 2055//2615 168//2615
f 168//2616 2055//2616 2056//2616
f 168//2617 2056//2617 165//2617
f 165//2618 2056//2618 163//2618
f 158//2619 160//2619 2057//2619
f 2057//2620 160//2620 162//2620
f 2057//2621 162//2621 2058//2621
f 156//2622 2059//2622 154//2622
f 154//2623 2059//2623 2060//2623
f 154//2624 2060//2624 151//2624
f 151//2625 2060//2625 149//2625
f 137//2626 139//2626 2061//2626
f 2061//2627 139//2627 141//2627
f 2061//2628 141//2628 2062//2628
f 146//2629 2063//2629 144//2629
f 144//2630 2063//2630 2064//2630
f 144//2631 2064//2631 142//2631
f 136//2632 2065//2632 134//2632
f 134//2633 2065//2633 2066//2633
f 134//2634 2066//2634 132//2634
f 132//2635 2066//2635 130//2635
f 127//2636 2067//2636 125//2636
f 125//2637 2067//2637 2068//2637
f 125//2638 2068//2638 124//2638
f 122//2639 2069//2639 120//2639
f 120//2640 2069//2640 2070//2640
f 120//2641 2070//2641 117//2641
f 117//2642 2070//2642 115//2642
f 109//2643 112//2643 2071//2643
f 2071//2644 112//2644 114//2644
f 2071//2645 114//2645 2072//2645
f 107//2646 2073//2646 105//2646
f 105//2647 2073//2647 2074//2647
f 105//2648 2074//2648 103//2648
f 103//2649 2074//2649 101//2649
f 96//2650 98//2650 2075//2650
f 2075//2651 98//2651 99//2651
f 2075//2652 99//2652 2076//2652
f 93//2653 2077//2653 91//2653
f 91//2654 2077//2654 2078//2654
f 91//2655 2078//2655 90//2655
f 88//2656 2079//2656 83//2656
f 83//2657 2079//2657 2080//2657
f 83//2658 2080//2658 84//2658
f 84//2659 2080//2659 86//2659
f 87//2660 2081//2660 81//2660
f 81//2661 2081//2661 2082//2661
f 81//2662 2082//2662 82//2662
f 78//2663 2083//2663 79//2663
f 79//2664 2083//2664 2084//2664
f 79//2665 2084//2665 76//2665
f 76//2666 2084//2666 74//2666
f 70//2667 71//2667 2085//2667
f 2085//2668 71//2668 73//2668
f 2085//2669 73//2669 2086//2669
f 68//2670 2087//2670 63//2670
f 63//2671 2087//2671 2088//2671
f 63//2672 2088//2672 64//2672
f 64//2673 2088//2673 66//2673
f 62//2674 61//2674 2089//2674
f 2089//2675 61//2675 67//2675
f 2089//2676 67//2676 2090//2676
f 59//2677 2091//2677 57//2677
f 57//2678 2091//2678 2092//2678
f 57//2679 2092//2679 56//2679
f 54//2680 2093//2680 49//2680
f 49//2681 2093//2681 2094//2681
f 49//2682 2094//2682 50//2682
f 50//2683 2094//2683 52//2683
f 53//2684 2095//2684 47//2684
f 47//2685 2095//2685 2096//2685
f 47//2686 2096//2686 48//2686
f 42//2687 2097//2687 43//2687
f 43//2688 2097//2688 2098//2688
f 43//2689 2098//2689 44//2689
f 44//2690 2098//2690 45//2690
f 32//2691 37//2691 2099//2691
f 2099//2692 37//2692 39//2692
f 2099//2693 39//2693 2100//2693
f 33//2694 2101//2694 35//2694
f 35//2695 2101//2695 2102//2695
f 35//2696 2102//2696 36//2696
f 36//2697 2102//2697 30//2697
f 26//2698 28//2698 2103//2698
f 2103//2699 28//2699 31//2699
f 2103//2700 31//2700 2104//2700
f 24//2701 2105//2701 19//2701
f 19//2702 2105//2702 2106//2702
f 19//2703 2106//2703 20//2703
f 22//2704 2107//2704 23//2704
f 23//2705 2107//2705 2108//2705
f 23//2706 2108//2706 17//2706
f 17//2707 2108//2707 18//2707
f 15//2708 2109//2708 13//2708
f 13//2709 2109//2709 2110//2709
f 13//2710 2110//2710 7//2710
f 650//2711 12//2711 2111//2711
f 2111//2712 12//2712 10//2712
f 2111//2713 10//2713 2112//2713
f 2112//2714 10//2714 8//2714
f 1453//2715 2007//2715 1449//2715
f 1449//2716 2007//2716 457//2716
f 1449//2717 457//2717 460//2717
f 2113//2718 2008//2718 2114//2718
f 2114//2719 2008//2719 2006//2719
f 2114//2720 2006//2720 2115//2720
f 2115//2721 2006//2721 2007//2721
f 2115//2722 2007//2722 2116//2722
f 2116//2723 2007//2723 1453//2723
f 2113//2724 1996//2724 2008//2724
f 2008//2725 1996//2725 1998//2725
f 2008//2726 1998//2726 445//2726
f 445//2727 1998//2727 443//2727
f 1997//2728 1993//2728 1998//2728
f 1998//2729 1993//2729 1995//2729
f 1998//2730 1995//2730 443//2730
f 443//2731 1995//2731 441//2731
f 1994//2732 1990//2732 1995//2732
f 1995//2733 1990//2733 1992//2733
f 1995//2734 1992//2734 439//2734
f 439//2735 1992//2735 437//2735
f 1991//2736 1987//2736 1992//2736
f 1992//2737 1987//2737 1989//2737
f 1992//2738 1989//2738 435//2738
f 435//2739 1989//2739 433//2739
f 1988//2740 1984//2740 1989//2740
f 1989//2741 1984//2741 1986//2741
f 1989//2742 1986//2742 433//2742
f 433//2743 1986//2743 431//2743
f 1985//2744 1981//2744 1986//2744
f 1986//2745 1981//2745 1983//2745
f 1986//2746 1983//2746 429//2746
f 429//2747 1983//2747 427//2747
f 1982//2748 1978//2748 1983//2748
f 1983//2749 1978//2749 1980//2749
f 1983//2750 1980//2750 425//2750
f 425//2751 1980//2751 423//2751
f 1979//2752 1975//2752 1980//2752
f 1980//2753 1975//2753 1977//2753
f 1980//2754 1977//2754 421//2754
f 421//2755 1977//2755 419//2755
f 1976//2756 1972//2756 1977//2756
f 1977//2757 1972//2757 1974//2757
f 1977//2758 1974//2758 419//2758
f 419//2759 1974//2759 417//2759
f 1973//2760 1969//2760 1974//2760
f 1974//2761 1969//2761 1971//2761
f 1974//2762 1971//2762 415//2762
f 415//2763 1971//2763 413//2763
f 1970//2764 1966//2764 1971//2764
f 1971//2765 1966//2765 1968//2765
f 1971//2766 1968//2766 411//2766
f 411//2767 1968//2767 409//2767
f 1967//2768 1963//2768 1968//2768
f 1968//2769 1963//2769 1965//2769
f 1968//2770 1965//2770 409//2770
f 409//2771 1965//2771 407//2771
f 1964//2772 1960//2772 1965//2772
f 1965//2773 1960//2773 1962//2773
f 1965//2774 1962//2774 405//2774
f 405//2775 1962//2775 403//2775
f 1961//2776 1957//2776 1962//2776
f 1962//2777 1957//2777 1959//2777
f 1962//2778 1959//2778 401//2778
f 401//2779 1959//2779 399//2779
f 1958//2780 1954//2780 1959//2780
f 1959//2781 1954//2781 1956//2781
f 1959//2782 1956//2782 397//2782
f 397//2783 1956//2783 395//2783
f 1955//2784 1951//2784 1956//2784
f 1956//2785 1951//2785 1953//2785
f 1956//2786 1953//2786 395//2786
f 395//2787 1953//2787 393//2787
f 1952//2788 1948//2788 1953//2788
f 1953//2789 1948//2789 1950//2789
f 1953//2790 1950//2790 391//2790
f 391//2791 1950//2791 389//2791
f 1949//2792 1945//2792 1950//2792
f 1950//2793 1945//2793 1947//2793
f 1950//2794 1947//2794 387//2794
f 387//2795 1947//2795 385//2795
f 1946//2796 1942//2796 1947//2796
f 1947//2797 1942//2797 1944//2797
f 1947//2798 1944//2798 385//2798
f 385//2799 1944//2799 383//2799
f 1943//2800 1939//2800 1944//2800
f 1944//2801 1939//2801 1941//2801
f 1944//2802 1941//2802 381//2802
f 381//2803 1941//2803 379//2803
f 1940//2804 1936//2804 1941//2804
f 1941//2805 1936//2805 1938//2805
f 1941//2806 1938//2806 377//2806
f 377//2807 1938//2807 375//2807
f 1937//2808 1933//2808 1938//2808
f 1938//2809 1933//2809 1935//2809
f 1938//2810 1935//2810 373//2810
f 373//2811 1935//2811 371//2811
f 1934//2812 1930//2812 1935//2812
f 1935//2813 1930//2813 1932//2813
f 1935//2814 1932//2814 371//2814
f 371//2815 1932//2815 369//2815
f 1931//2816 1927//2816 1932//2816
f 1932//2817 1927//2817 1929//2817
f 1932//2818 1929//2818 367//2818
f 367//2819 1929//2819 365//2819
f 1928//2820 1924//2820 1929//2820
f 1929//2821 1924//2821 1926//2821
f 1929//2822 1926//2822 363//2822
f 363//2823 1926//2823 361//2823
f 1925//2824 1921//2824 1926//2824
f 1926//2825 1921//2825 1923//2825
f 1926//2826 1923//2826 361//2826
f 361//2827 1923//2827 359//2827
f 1922//2828 1918//2828 1923//2828
f 1923//2829 1918//2829 1920//2829
f 1923//2830 1920//2830 357//2830
f 357//2831 1920//2831 355//2831
f 1919//2832 1915//2832 1920//2832
f 1920//2833 1915//2833 1917//2833
f 1920//2834 1917//2834 353//2834
f 353//2835 1917//2835 351//2835
f 1916//2836 1912//2836 1917//2836
f 1917//2837 1912//2837 1914//2837
f 1917//2838 1914//2838 349//2838
f 349//2839 1914//2839 347//2839
f 1913//2840 1909//2840 1914//2840
f 1914//2841 1909//2841 1911//2841
f 1914//2842 1911//2842 347//2842
f 347//2843 1911//2843 345//2843
f 1910//2844 1906//2844 1911//2844
f 1911//2845 1906//2845 1908//2845
f 1911//2846 1908//2846 343//2846
f 343//2847 1908//2847 341//2847
f 1907//2848 1903//2848 1908//2848
f 1908//2849 1903//2849 1905//2849
f 1908//2850 1905//2850 339//2850
f 339//2851 1905//2851 337//2851
f 1904//2852 1900//2852 1905//2852
f 1905//2853 1900//2853 1902//2853
f 1905//2854 1902//2854 337//2854
f 337//2855 1902//2855 335//2855
f 1901//2856 1897//2856 1902//2856
f 1902//2857 1897//2857 1899//2857
f 1902//2858 1899//2858 332//2858
f 332//2859 1899//2859 330//2859
f 1898//2860 1894//2860 1899//2860
f 1899//2861 1894//2861 1896//2861
f 1899//2862 1896//2862 330//2862
f 330//2863 1896//2863 328//2863
f 1895//2864 1891//2864 1896//2864
f 1896//2865 1891//2865 1893//2865
f 1896//2866 1893//2866 326//2866
f 326//2867 1893//2867 324//2867
f 1892//2868 2117//2868 1893//2868
f 1893//2869 2117//2869 2010//2869
f 1893//2870 2010//2870 324//2870
f 324//2871 2010//2871 322//2871
f 2117//2872 2118//2872 2010//2872
f 2010//2873 2118//2873 2119//2873
f 2010//2874 2119//2874 2009//2874
f 2009//2875 2119//2875 2120//2875
f 2009//2876 2120//2876 2012//2876
f 2120//2877 2121//2877 2012//2877
f 2012//2878 2121//2878 2122//2878
f 2012//2879 2122//2879 2011//2879
f 2011//2880 2122//2880 2123//2880
f 2123//2881 2124//2881 2011//2881
f 2011//2882 2124//2882 2013//2882
f 2011//2883 2013//2883 310//2883
f 310//2884 2013//2884 308//2884
f 2124//2885 2125//2885 2013//2885
f 2013//2886 2125//2886 2126//2886
f 2013//2887 2126//2887 2014//2887
f 2014//2888 2126//2888 2127//2888
f 2127//2889 2128//2889 2014//2889
f 2014//2890 2128//2890 2016//2890
f 2014//2891 2016//2891 302//2891
f 302//2892 2016//2892 299//2892
f 2128//2893 2129//2893 2016//2893
f 2016//2894 2129//2894 2130//2894
f 2016//2895 2130//2895 2015//2895
f 2015//2896 2130//2896 2131//2896
f 2131//2897 2132//2897 2015//2897
f 2015//2898 2132//2898 2017//2898
f 2015//2899 2017//2899 296//2899
f 296//2900 2017//2900 294//2900
f 2132//2901 2133//2901 2017//2901
f 2017//2902 2133//2902 2134//2902
f 2017//2903 2134//2903 2018//2903
f 2018//2904 2134//2904 2135//2904
f 2135//2905 2136//2905 2018//2905
f 2018//2906 2136//2906 2019//2906
f 2018//2907 2019//2907 287//2907
f 287//2908 2019//2908 289//2908
f 2136//2909 2137//2909 2019//2909
f 2019//2910 2137//2910 2138//2910
f 2019//2911 2138//2911 2020//2911
f 2020//2912 2138//2912 2139//2912
f 2139//2913 2140//2913 2020//2913
f 2020//2914 2140//2914 2021//2914
f 2020//2915 2021//2915 282//2915
f 282//2916 2021//2916 280//2916
f 2140//2917 2141//2917 2021//2917
f 2021//2918 2141//2918 2142//2918
f 2021//2919 2142//2919 2022//2919
f 2022//2920 2142//2920 2143//2920
f 2143//2921 2144//2921 2022//2921
f 2022//2922 2144//2922 2023//2922
f 2022//2923 2023//2923 276//2923
f 276//2924 2023//2924 274//2924
f 2144//2925 2145//2925 2023//2925
f 2023//2926 2145//2926 2146//2926
f 2023//2927 2146//2927 2024//2927
f 2024//2928 2146//2928 2147//2928
f 2147//2929 2148//2929 2024//2929
f 2024//2930 2148//2930 2026//2930
f 2024//2931 2026//2931 268//2931
f 268//2932 2026//2932 265//2932
f 2148//2933 2149//2933 2026//2933
f 2026//2934 2149//2934 2150//2934
f 2026//2935 2150//2935 2025//2935
f 2025//2936 2150//2936 2151//2936
f 2151//2937 2152//2937 2025//2937
f 2025//2938 2152//2938 2027//2938
f 2025//2939 2027//2939 255//2939
f 255//2940 2027//2940 253//2940
f 2152//2941 2153//2941 2027//2941
f 2027//2942 2153//2942 2154//2942
f 2027//2943 2154//2943 2028//2943
f 2028//2944 2154//2944 2155//2944
f 2155//2945 2156//2945 2028//2945
f 2028//2946 2156//2946 2030//2946
f 2028//2947 2030//2947 258//2947
f 258//2948 2030//2948 256//2948
f 2156//2949 2157//2949 2030//2949
f 2030//2950 2157//2950 2158//2950
f 2030//2951 2158//2951 2029//2951
f 2029//2952 2158//2952 2159//2952
f 2159//2953 2160//2953 2029//2953
f 2029//2954 2160//2954 2031//2954
f 2029//2955 2031//2955 248//2955
f 248//2956 2031//2956 246//2956
f 2160//2957 2161//2957 2031//2957
f 2031//2958 2161//2958 2162//2958
f 2031//2959 2162//2959 2032//2959
f 2032//2960 2162//2960 2163//2960
f 2163//2961 2164//2961 2032//2961
f 2032//2962 2164//2962 2033//2962
f 2032//2963 2033//2963 242//2963
f 242//2964 2033//2964 240//2964
f 2164//2965 2165//2965 2033//2965
f 2033//2966 2165//2966 2166//2966
f 2033//2967 2166//2967 2034//2967
f 2034//2968 2166//2968 2167//2968
f 2167//2969 2168//2969 2034//2969
f 2034//2970 2168//2970 2035//2970
f 2034//2971 2035//2971 234//2971
f 234//2972 2035//2972 232//2972
f 2168//2973 2169//2973 2035//2973
f 2035//2974 2169//2974 2170//2974
f 2035//2975 2170//2975 2036//2975
f 2036//2976 2170//2976 2171//2976
f 2171//2977 2172//2977 2036//2977
f 2036//2978 2172//2978 2037//2978
f 2036//2979 2037//2979 228//2979
f 228//2980 2037//2980 226//2980
f 2172//2981 2173//2981 2037//2981
f 2037//2982 2173//2982 2174//2982
f 2037//2983 2174//2983 2038//2983
f 2038//2984 2174//2984 2175//2984
f 2175//2985 2176//2985 2038//2985
f 2038//2986 2176//2986 2040//2986
f 2038//2987 2040//2987 1//2987
f 1//2988 2040//2988 2//2988
f 2176//2989 2177//2989 2040//2989
f 2040//2990 2177//2990 2178//2990
f 2040//2991 2178//2991 2039//2991
f 2039//2992 2178//2992 2179//2992
f 2179//2993 2180//2993 2039//2993
f 2039//2994 2180//2994 2041//2994
f 2039//2995 2041//2995 218//2995
f 218//2996 2041//2996 219//2996
f 2180//2997 2181//2997 2041//2997
f 2041//2998 2181//2998 2182//2998
f 2041//2999 2182//2999 2042//2999
f 2042//3000 2182//3000 2183//3000
f 2183//3001 2184//3001 2042//3001
f 2042//3002 2184//3002 2044//3002
f 2042//3003 2044//3003 208//3003
f 208//3004 2044//3004 207//3004
f 2184//3005 2185//3005 2044//3005
f 2044//3006 2185//3006 2186//3006
f 2044//3007 2186//3007 2043//3007
f 2043//3008 2186//3008 2187//3008
f 2187//3009 2188//3009 2043//3009
f 2043//3010 2188//3010 2045//3010
f 2043//3011 2045//3011 203//3011
f 203//3012 2045//3012 201//3012
f 2188//3013 2189//3013 2045//3013
f 2045//3014 2189//3014 2190//3014
f 2045//3015 2190//3015 2046//3015
f 2046//3016 2190//3016 2191//3016
f 2191//3017 2192//3017 2046//3017
f 2046//3018 2192//3018 2048//3018
f 2046//3019 2048//3019 195//3019
f 195//3020 2048//3020 193//3020
f 2192//3021 2193//3021 2048//3021
f 2048//3022 2193//3022 2194//3022
f 2048//3023 2194//3023 2047//3023
f 2047//3024 2194//3024 2195//3024
f 2195//3025 2196//3025 2047//3025
f 2047//3026 2196//3026 2049//3026
f 2047//3027 2049//3027 4//3027
f 4//3028 2049//3028 5//3028
f 2196//3029 2197//3029 2049//3029
f 2049//3030 2197//3030 2198//3030
f 2049//3031 2198//3031 2050//3031
f 2050//3032 2198//3032 2199//3032
f 2199//3033 2200//3033 2050//3033
f 2050//3034 2200//3034 2051//3034
f 2050//3035 2051//3035 187//3035
f 187//3036 2051//3036 188//3036
f 2200//3037 2201//3037 2051//3037
f 2051//3038 2201//3038 2202//3038
f 2051//3039 2202//3039 2052//3039
f 2052//3040 2202//3040 2203//3040
f 2203//3041 2204//3041 2052//3041
f 2052//3042 2204//3042 2053//3042
f 2052//3043 2053//3043 177//3043
f 177//3044 2053//3044 175//3044
f 2204//3045 2205//3045 2053//3045
f 2053//3046 2205//3046 2206//3046
f 2053//3047 2206//3047 2054//3047
f 2054//3048 2206//3048 2207//3048
f 2207//3049 2208//3049 2054//3049
f 2054//3050 2208//3050 2055//3050
f 2054//3051 2055//3051 171//3051
f 171//3052 2055//3052 170//3052
f 2208//3053 2209//3053 2055//3053
f 2055//3054 2209//3054 2210//3054
f 2055//3055 2210//3055 2056//3055
f 2056//3056 2210//3056 2211//3056
f 2211//3057 2212//3057 2056//3057
f 2056//3058 2212//3058 2058//3058
f 2056//3059 2058//3059 163//3059
f 163//3060 2058//3060 162//3060
f 2212//3061 2213//3061 2058//3061
f 2058//3062 2213//3062 2214//3062
f 2058//3063 2214//3063 2057//3063
f 2057//3064 2214//3064 2215//3064
f 2215//3065 2216//3065 2057//3065
f 2057//3066 2216//3066 2059//3066
f 2057//3067 2059//3067 158//3067
f 158//3068 2059//3068 156//3068
f 2216//3069 2217//3069 2059//3069
f 2059//3070 2217//3070 2218//3070
f 2059//3071 2218//3071 2060//3071
f 2060//3072 2218//3072 2219//3072
f 2219//3073 2220//3073 2060//3073
f 2060//3074 2220//3074 2062//3074
f 2060//3075 2062//3075 149//3075
f 149//3076 2062//3076 141//3076
f 2220//3077 2221//3077 2062//3077
f 2062//3078 2221//3078 2222//3078
f 2062//3079 2222//3079 2061//3079
f 2061//3080 2222//3080 2223//3080
f 2223//3081 2224//3081 2061//3081
f 2061//3082 2224//3082 2063//3082
f 2061//3083 2063//3083 137//3083
f 137//3084 2063//3084 146//3084
f 2224//3085 2225//3085 2063//3085
f 2063//3086 2225//3086 2226//3086
f 2063//3087 2226//3087 2064//3087
f 2064//3088 2226//3088 2227//3088
f 2227//3089 2228//3089 2064//3089
f 2064//3090 2228//3090 2065//3090
f 2064//3091 2065//3091 142//3091
f 142//3092 2065//3092 136//3092
f 2228//3093 2229//3093 2065//3093
f 2065//3094 2229//3094 2230//3094
f 2065//3095 2230//3095 2066//3095
f 2066//3096 2230//3096 2231//3096
f 2231//3097 2232//3097 2066//3097
f 2066//3098 2232//3098 2067//3098
f 2066//3099 2067//3099 130//3099
f 130//3100 2067//3100 127//3100
f 2232//3101 2233//3101 2067//3101
f 2067//3102 2233//3102 2234//3102
f 2067//3103 2234//3103 2068//3103
f 2068//3104 2234//3104 2235//3104
f 2235//3105 2236//3105 2068//3105
f 2068//3106 2236//3106 2069//3106
f 2068//3107 2069//3107 124//3107
f 124//3108 2069//3108 122//3108
f 2236//3109 2237//3109 2069//3109
f 2069//3110 2237//3110 2238//3110
f 2069//3111 2238//3111 2070//3111
f 2070//3112 2238//3112 2239//3112
f 2239//3113 2240//3113 2070//3113
f 2070//3114 2240//3114 2072//3114
f 2070//3115 2072//3115 115//3115
f 115//3116 2072//3116 114//3116
f 2240//3117 2241//3117 2072//3117
f 2072//3118 2241//3118 2242//3118
f 2072//3119 2242//3119 2071//3119
f 2071//3120 2242//3120 2243//3120
f 2243//3121 2244//3121 2071//3121
f 2071//3122 2244//3122 2073//3122
f 2071//3123 2073//3123 109//3123
f 109//3124 2073//3124 107//3124
f 2244//3125 2245//3125 2073//3125
f 2073//3126 2245//3126 2246//3126
f 2073//3127 2246//3127 2074//3127
f 2074//3128 2246//3128 2247//3128
f 2247//3129 2248//3129 2074//3129
f 2074//3130 2248//3130 2076//3130
f 2074//3131 2076//3131 101//3131
f 101//3132 2076//3132 99//3132
f 2248//3133 2249//3133 2076//3133
f 2076//3134 2249//3134 2250//3134
f 2076//3135 2250//3135 2075//3135
f 2075//3136 2250//3136 2251//3136
f 2251//3137 2252//3137 2075//3137
f 2075//3138 2252//3138 2077//3138
f 2075//3139 2077//3139 96//3139
f 96//3140 2077//3140 93//3140
f 2252//3141 2253//3141 2077//3141
f 2077//3142 2253//3142 2254//3142
f 2077//3143 2254//3143 2078//3143
f 2078//3144 2254//3144 2255//3144
f 2255//3145 2256//3145 2078//3145
f 2078//3146 2256//3146 2079//3146
f 2078//3147 2079//3147 90//3147
f 90//3148 2079//3148 88//3148
f 2256//3149 2257//3149 2079//3149
f 2079//3150 2257//3150 2258//3150
f 2079//3151 2258//3151 2080//3151
f 2080//3152 2258//3152 2259//3152
f 2259//3153 2260//3153 2080//3153
f 2080//3154 2260//3154 2081//3154
f 2080//3155 2081//3155 86//3155
f 86//3156 2081//3156 87//3156
f 2260//3157 2261//3157 2081//3157
f 2081//3158 2261//3158 2262//3158
f 2081//3159 2262//3159 2082//3159
f 2082//3160 2262//3160 2263//3160
f 2263//3161 2264//3161 2082//3161
f 2082//3162 2264//3162 2083//3162
f 2082//3163 2083//3163 82//3163
f 82//3164 2083//3164 78//3164
f 2264//3165 2265//3165 2083//3165
f 2083//3166 2265//3166 2266//3166
f 2083//3167 2266//3167 2084//3167
f 2084//3168 2266//3168 2267//3168
f 2084//3169 2267//3169 2268//3169
f 2268//3170 2269//3170 2084//3170
f 2084//3171 2269//3171 2086//3171
f 2084//3172 2086//3172 74//3172
f 74//3173 2086//3173 73//3173
f 2270//3174 2085//3174 2271//3174
f 2271//3175 2085//3175 2086//3175
f 2271//3176 2086//3176 2272//3176
f 2272//3177 2086//3177 2269//3177
f 2270//3178 2273//3178 2085//3178
f 2085//3179 2273//3179 2087//3179
f 2085//3180 2087//3180 70//3180
f 70//3181 2087//3181 68//3181
f 2274//3182 2088//3182 2275//3182
f 2275//3183 2088//3183 2087//3183
f 2275//3184 2087//3184 2276//3184
f 2276//3185 2087//3185 2273//3185
f 2274//3186 2277//3186 2088//3186
f 2088//3187 2277//3187 2090//3187
f 2088//3188 2090//3188 66//3188
f 66//3189 2090//3189 67//3189
f 2278//3190 2089//3190 2279//3190
f 2279//3191 2089//3191 2090//3191
f 2279//3192 2090//3192 2280//3192
f 2280//3193 2090//3193 2277//3193
f 2278//3194 2281//3194 2089//3194
f 2089//3195 2281//3195 2091//3195
f 2089//3196 2091//3196 62//3196
f 62//3197 2091//3197 59//3197
f 2282//3198 2092//3198 2283//3198
f 2283//3199 2092//3199 2091//3199
f 2283//3200 2091//3200 2284//3200
f 2284//3201 2091//3201 2281//3201
f 2282//3202 2285//3202 2092//3202
f 2092//3203 2285//3203 2093//3203
f 2092//3204 2093//3204 56//3204
f 56//3205 2093//3205 54//3205
f 2286//3206 2094//3206 2287//3206
f 2287//3207 2094//3207 2093//3207
f 2287//3208 2093//3208 2288//3208
f 2288//3209 2093//3209 2285//3209
f 2286//3210 2289//3210 2094//3210
f 2094//3211 2289//3211 2095//3211
f 2094//3212 2095//3212 52//3212
f 52//3213 2095//3213 53//3213
f 2290//3214 2096//3214 2291//3214
f 2291//3215 2096//3215 2095//3215
f 2291//3216 2095//3216 2292//3216
f 2292//3217 2095//3217 2289//3217
f 2290//3218 2293//3218 2096//3218
f 2096//3219 2293//3219 2097//3219
f 2096//3220 2097//3220 48//3220
f 48//3221 2097//3221 42//3221
f 2294//3222 2098//3222 2295//3222
f 2295//3223 2098//3223 2097//3223
f 2295//3224 2097//3224 2296//3224
f 2296//3225 2097//3225 2293//3225
f 2294//3226 2297//3226 2098//3226
f 2098//3227 2297//3227 2100//3227
f 2098//3228 2100//3228 45//3228
f 45//3229 2100//3229 39//3229
f 2298//3230 2099//3230 2299//3230
f 2299//3231 2099//3231 2100//3231
f 2299//3232 2100//3232 2300//3232
f 2300//3233 2100//3233 2297//3233
f 2298//3234 2301//3234 2099//3234
f 2099//3235 2301//3235 2101//3235
f 2099//3236 2101//3236 32//3236
f 32//3237 2101//3237 33//3237
f 2302//3238 2102//3238 2303//3238
f 2303//3239 2102//3239 2101//3239
f 2303//3240 2101//3240 2304//3240
f 2304//3241 2101//3241 2301//3241
f 2302//3242 2305//3242 2102//3242
f 2102//3243 2305//3243 2104//3243
f 2102//3244 2104//3244 30//3244
f 30//3245 2104//3245 31//3245
f 2306//3246 2103//3246 2307//3246
f 2307//3247 2103//3247 2104//3247
f 2307//3248 2104//3248 2308//3248
f 2308//3249 2104//3249 2305//3249
f 2306//3250 2309//3250 2103//3250
f 2103//3251 2309//3251 2105//3251
f 2103//3252 2105//3252 26//3252
f 26//3253 2105//3253 24//3253
f 2310//3254 2106//3254 2311//3254
f 2311//3255 2106//3255 2105//3255
f 2311//3256 2105//3256 2312//3256
f 2312//3257 2105//3257 2309//3257
f 2310//3258 2313//3258 2106//3258
f 2106//3259 2313//3259 2107//3259
f 2106//3260 2107//3260 20//3260
f 20//3261 2107//3261 22//3261
f 2314//3262 2108//3262 2315//3262
f 2315//3263 2108//3263 2107//3263
f 2315//3264 2107//3264 2316//3264
f 2316//3265 2107//3265 2313//3265
f 2314//3266 2317//3266 2108//3266
f 2108//3267 2317//3267 2109//3267
f 2108//3268 2109//3268 18//3268
f 18//3269 2109//3269 15//3269
f 2318//3270 2110//3270 2319//3270
f 2319//3271 2110//3271 2109//3271
f 2319//3272 2109//3272 2320//3272
f 2320//3273 2109//3273 2317//3273
f 2318//3274 2321//3274 2110//3274
f 2110//3275 2321//3275 2112//3275
f 2110//3276 2112//3276 7//3276
f 7//3277 2112//3277 8//3277
f 2322//3278 2111//3278 2323//3278
f 2323//3279 2111//3279 2112//3279
f 2323//3280 2112//3280 2324//3280
f 2324//3281 2112//3281 2321//3281
f 2322//3282 2325//3282 2111//3282
f 2111//3283 2325//3283 1999//3283
f 2111//3284 1999//3284 650//3284
f 650//3285 1999//3285 635//3285
f 630//3286 632//3286 2001//3286
f 2001//3287 632//3287 2000//3287
f 2001//3288 2000//3288 2326//3288
f 2326//3289 2000//3289 1999//3289
f 2326//3290 1999//3290 2327//3290
f 2327//3291 1999//3291 2325//3291
f 1871//3292 1870//3292 2328//3292
f 1851//3293 1853//3293 2329//3293
f 1835//3294 1834//3294 2330//3294
f 1824//3295 1823//3295 2331//3295
f 1805//3296 1804//3296 2332//3296
f 1796//3297 1795//3297 2333//3297
f 1776//3298 1778//3298 2334//3298
f 1653//3299 1655//3299 2335//3299
f 1637//3300 1636//3300 2336//3300
f 1626//3301 1625//3301 2337//3301
f 1607//3302 1606//3302 2338//3302
f 1598//3303 1597//3303 2339//3303
f 1578//3304 1580//3304 2340//3304
f 1568//3305 1567//3305 2341//3305
f 1548//3306 1550//3306 2342//3306
f 2324//3307 2321//3307 2329//3307
f 2310//3308 2311//3308 2330//3308
f 2304//3309 2301//3309 2331//3309
f 2290//3310 2291//3310 2332//3310
f 2284//3311 2281//3311 2333//3311
f 2270//3312 2271//3312 2334//3312
f 1928//3313 1927//3313 2343//3313
f 1943//3314 1942//3314 2344//3314
f 1958//3315 1957//3315 2345//3315
f 1973//3316 1972//3316 2346//3316
f 1988//3317 1987//3317 2347//3317
f 678//3318 1467//3318 626//3318
f 1881//3319 1883//3319 644//3319
f 2005//3320 2004//3320 2328//3320
f 689//3321 688//3321 2348//3321
f 2348//3322 688//3322 687//3322
f 689//3323 2348//3323 690//3323
f 690//3324 2348//3324 2349//3324
f 690//3325 2349//3325 627//3325
f 2350//3326 682//3326 2349//3326
f 2349//3327 682//3327 628//3327
f 2349//3328 628//3328 627//3328
f 1881//3329 644//3329 1876//3329
f 1876//3330 644//3330 646//3330
f 1876//3331 646//3331 2351//3331
f 2351//3332 646//3332 648//3332
f 2351//3333 648//3333 2350//3333
f 2350//3334 648//3334 649//3334
f 2350//3335 649//3335 682//3335
f 1887//3336 681//3336 680//3336
f 1887//3337 680//3337 1883//3337
f 1883//3338 680//3338 679//3338
f 1883//3339 679//3339 644//3339
f 681//3340 1887//3340 619//3340
f 619//3341 1887//3341 1886//3341
f 619//3342 1886//3342 620//3342
f 620//3343 1886//3343 1890//3343
f 620//3344 1890//3344 676//3344
f 676//3345 1890//3345 1889//3345
f 676//3346 1889//3346 677//3346
f 677//3347 1889//3347 678//3347
f 678//3348 1889//3348 1888//3348
f 678//3349 1888//3349 1467//3349
f 2116//3350 2352//3350 2115//3350
f 2115//3351 2352//3351 2353//3351
f 2115//3352 2353//3352 2114//3352
f 2114//3353 2353//3353 2113//3353
f 2113//3354 2353//3354 2354//3354
f 2113//3355 2354//3355 1996//3355
f 1996//3356 2354//3356 2355//3356
f 1996//3357 2355//3357 1997//3357
f 1997//3358 2355//3358 2356//3358
f 1997//3359 2356//3359 1993//3359
f 2347//3360 1987//3360 2357//3360
f 1987//3361 1991//3361 2357//3361
f 2357//3362 1991//3362 1990//3362
f 2357//3363 1990//3363 2356//3363
f 2356//3364 1990//3364 1994//3364
f 2356//3365 1994//3365 1993//3365
f 1988//3366 2347//3366 1984//3366
f 1984//3367 2347//3367 2358//3367
f 1984//3368 2358//3368 1985//3368
f 1985//3369 2358//3369 2359//3369
f 1985//3370 2359//3370 1981//3370
f 1981//3371 2359//3371 1982//3371
f 1982//3372 2359//3372 2360//3372
f 1982//3373 2360//3373 1978//3373
f 2346//3374 1972//3374 2361//3374
f 1972//3375 1976//3375 2361//3375
f 2361//3376 1976//3376 1975//3376
f 2361//3377 1975//3377 2360//3377
f 2360//3378 1975//3378 1979//3378
f 2360//3379 1979//3379 1978//3379
f 1973//3380 2346//3380 1969//3380
f 1969//3381 2346//3381 2362//3381
f 1969//3382 2362//3382 1970//3382
f 1970//3383 2362//3383 2363//3383
f 1970//3384 2363//3384 1966//3384
f 1966//3385 2363//3385 1967//3385
f 1967//3386 2363//3386 2364//3386
f 1967//3387 2364//3387 1963//3387
f 2345//3388 1957//3388 2365//3388
f 1957//3389 1961//3389 2365//3389
f 2365//3390 1961//3390 1960//3390
f 2365//3391 1960//3391 2364//3391
f 2364//3392 1960//3392 1964//3392
f 2364//3393 1964//3393 1963//3393
f 1958//3394 2345//3394 1954//3394
f 1954//3395 2345//3395 2366//3395
f 1954//3396 2366//3396 1955//3396
f 1955//3397 2366//3397 2367//3397
f 1955//3398 2367//3398 1951//3398
f 1951//3399 2367//3399 1952//3399
f 1952//3400 2367//3400 2368//3400
f 1952//3401 2368//3401 1948//3401
f 2344//3402 1942//3402 2369//3402
f 1942//3403 1946//3403 2369//3403
f 2369//3404 1946//3404 1945//3404
f 2369//3405 1945//3405 2368//3405
f 2368//3406 1945//3406 1949//3406
f 2368//3407 1949//3407 1948//3407
f 1943//3408 2344//3408 1939//3408
f 1939//3409 2344//3409 2370//3409
f 1939//3410 2370//3410 1940//3410
f 1940//3411 2370//3411 2371//3411
f 1940//3412 2371//3412 1936//3412
f 1936//3413 2371//3413 1937//3413
f 1937//3414 2371//3414 2372//3414
f 1937//3415 2372//3415 1933//3415
f 2343//3416 1927//3416 2373//3416
f 1927//3417 1931//3417 2373//3417
f 2373//3418 1931//3418 1930//3418
f 2373//3419 1930//3419 2372//3419
f 2372//3420 1930//3420 1934//3420
f 2372//3421 1934//3421 1933//3421
f 1928//3422 2343//3422 1924//3422
f 1924//3423 2343//3423 2374//3423
f 1924//3424 2374//3424 1925//3424
f 1925//3425 2374//3425 2375//3425
f 1925//3426 2375//3426 1921//3426
f 1921//3427 2375//3427 1922//3427
f 1922//3428 2375//3428 2376//3428
f 1922//3429 2376//3429 1918//3429
f 2377//3430 1915//3430 2376//3430
f 2376//3431 1915//3431 1919//3431
f 2376//3432 1919//3432 1918//3432
f 2378//3433 2379//3433 1909//3433
f 1909//3434 1913//3434 2378//3434
f 2378//3435 1913//3435 1912//3435
f 2378//3436 1912//3436 2377//3436
f 2377//3437 1912//3437 1916//3437
f 2377//3438 1916//3438 1915//3438
f 2380//3439 2381//3439 1903//3439
f 1903//3440 1907//3440 2380//3440
f 2380//3441 1907//3441 1906//3441
f 2380//3442 1906//3442 2379//3442
f 2379//3443 1906//3443 1910//3443
f 2379//3444 1910//3444 1909//3444
f 1897//3445 1901//3445 2382//3445
f 2382//3446 1901//3446 1900//3446
f 2382//3447 1900//3447 2381//3447
f 2381//3448 1900//3448 1904//3448
f 2381//3449 1904//3449 1903//3449
f 2383//3450 2384//3450 1891//3450
f 1898//3451 2385//3451 1894//3451
f 1894//3452 2385//3452 2383//3452
f 1894//3453 2383//3453 1895//3453
f 1895//3454 2383//3454 1891//3454
f 2119//3455 2118//3455 2386//3455
f 2386//3456 2118//3456 2117//3456
f 2386//3457 2117//3457 2384//3457
f 2384//3458 2117//3458 1892//3458
f 2384//3459 1892//3459 1891//3459
f 2121//3460 2120//3460 2342//3460
f 2387//3461 2388//3461 2125//3461
f 2122//3462 2389//3462 2123//3462
f 2123//3463 2389//3463 2387//3463
f 2123//3464 2387//3464 2124//3464
f 2124//3465 2387//3465 2125//3465
f 2129//3466 2128//3466 2390//3466
f 2390//3467 2128//3467 2127//3467
f 2390//3468 2127//3468 2388//3468
f 2388//3469 2127//3469 2126//3469
f 2388//3470 2126//3470 2125//3470
f 2131//3471 2130//3471 2341//3471
f 2391//3472 2392//3472 2135//3472
f 2132//3473 2393//3473 2133//3473
f 2133//3474 2393//3474 2391//3474
f 2133//3475 2391//3475 2134//3475
f 2134//3476 2391//3476 2135//3476
f 2139//3477 2138//3477 2394//3477
f 2394//3478 2138//3478 2137//3478
f 2394//3479 2137//3479 2392//3479
f 2392//3480 2137//3480 2136//3480
f 2392//3481 2136//3481 2135//3481
f 2141//3482 2140//3482 2340//3482
f 2395//3483 2396//3483 2145//3483
f 2142//3484 2397//3484 2143//3484
f 2143//3485 2397//3485 2395//3485
f 2143//3486 2395//3486 2144//3486
f 2144//3487 2395//3487 2145//3487
f 2149//3488 2148//3488 2398//3488
f 2398//3489 2148//3489 2147//3489
f 2398//3490 2147//3490 2396//3490
f 2396//3491 2147//3491 2146//3491
f 2396//3492 2146//3492 2145//3492
f 2151//3493 2150//3493 2339//3493
f 2399//3494 2400//3494 2155//3494
f 2152//3495 2401//3495 2153//3495
f 2153//3496 2401//3496 2399//3496
f 2153//3497 2399//3497 2154//3497
f 2154//3498 2399//3498 2155//3498
f 2159//3499 2158//3499 2402//3499
f 2402//3500 2158//3500 2157//3500
f 2402//3501 2157//3501 2400//3501
f 2400//3502 2157//3502 2156//3502
f 2400//3503 2156//3503 2155//3503
f 2161//3504 2160//3504 2338//3504
f 2403//3505 2404//3505 2165//3505
f 2162//3506 2405//3506 2163//3506
f 2163//3507 2405//3507 2403//3507
f 2163//3508 2403//3508 2164//3508
f 2164//3509 2403//3509 2165//3509
f 2169//3510 2168//3510 2406//3510
f 2406//3511 2168//3511 2167//3511
f 2406//3385 2167//3385 2404//3385
f 2404//3512 2167//3512 2166//3512
f 2404//3513 2166//3513 2165//3513
f 2171//3514 2170//3514 2337//3514
f 2407//3515 2408//3515 2175//3515
f 2172//3516 2409//3516 2173//3516
f 2173//3517 2409//3517 2407//3517
f 2173//3518 2407//3518 2174//3518
f 2174//3519 2407//3519 2175//3519
f 2179//3520 2178//3520 2410//3520
f 2410//3521 2178//3521 2177//3521
f 2410//3522 2177//3522 2408//3522
f 2408//3523 2177//3523 2176//3523
f 2408//3524 2176//3524 2175//3524
f 2181//3525 2180//3525 2336//3525
f 2411//3526 2412//3526 2185//3526
f 2182//3527 2413//3527 2183//3527
f 2183//3528 2413//3528 2411//3528
f 2183//3529 2411//3529 2184//3529
f 2184//3530 2411//3530 2185//3530
f 2189//3531 2188//3531 2414//3531
f 2414//3532 2188//3532 2187//3532
f 2414//3533 2187//3533 2412//3533
f 2412//3534 2187//3534 2186//3534
f 2412//3535 2186//3535 2185//3535
f 2191//3536 2190//3536 2335//3536
f 2415//3537 2193//3537 2416//3537
f 2416//3538 2193//3538 2192//3538
f 2197//3539 2196//3539 2417//3539
f 2417//3540 2196//3540 2195//3540
f 2417//3541 2195//3541 2415//3541
f 2415//3542 2195//3542 2194//3542
f 2415//3543 2194//3543 2193//3543
f 2198//3544 2418//3544 2199//3544
f 2199//3545 2418//3545 2419//3545
f 2199//3546 2419//3546 2200//3546
f 2200//3547 2419//3547 2201//3547
f 2420//3548 2203//3548 2421//3548
f 2421//3549 2203//3549 2202//3549
f 2207//3550 2206//3550 2422//3550
f 2422//3551 2206//3551 2205//3551
f 2422//3552 2205//3552 2420//3552
f 2420//3553 2205//3553 2204//3553
f 2420//3554 2204//3554 2203//3554
f 2208//3555 2423//3555 2209//3555
f 2209//3556 2423//3556 2424//3556
f 2209//3557 2424//3557 2210//3557
f 2210//3558 2424//3558 2211//3558
f 2425//3559 2213//3559 2426//3559
f 2426//3560 2213//3560 2212//3560
f 2217//3561 2216//3561 2427//3561
f 2427//3562 2216//3562 2215//3562
f 2427//3563 2215//3563 2425//3563
f 2425//3564 2215//3564 2214//3564
f 2425//3565 2214//3565 2213//3565
f 2218//3566 2428//3566 2219//3566
f 2219//3567 2428//3567 2429//3567
f 2219//3568 2429//3568 2220//3568
f 2220//3569 2429//3569 2221//3569
f 2430//3570 2223//3570 2431//3570
f 2431//3571 2223//3571 2222//3571
f 2227//3572 2226//3572 2432//3572
f 2432//3573 2226//3573 2225//3573
f 2432//3574 2225//3574 2430//3574
f 2430//3575 2225//3575 2224//3575
f 2430//3576 2224//3576 2223//3576
f 2228//3577 2433//3577 2229//3577
f 2229//3578 2433//3578 2434//3578
f 2229//3579 2434//3579 2230//3579
f 2230//3580 2434//3580 2231//3580
f 2435//3581 2233//3581 2436//3581
f 2436//3582 2233//3582 2232//3582
f 2237//3583 2236//3583 2437//3583
f 2437//3584 2236//3584 2235//3584
f 2437//3585 2235//3585 2435//3585
f 2435//3586 2235//3586 2234//3586
f 2435//3587 2234//3587 2233//3587
f 2238//3588 2438//3588 2239//3588
f 2239//3589 2438//3589 2439//3589
f 2239//3590 2439//3590 2240//3590
f 2240//3591 2439//3591 2241//3591
f 2440//3592 2243//3592 2441//3592
f 2441//3593 2243//3593 2242//3593
f 2247//3594 2246//3594 2442//3594
f 2442//3595 2246//3595 2245//3595
f 2442//3596 2245//3596 2440//3596
f 2440//3597 2245//3597 2244//3597
f 2440//3598 2244//3598 2243//3598
f 2248//3599 2443//3599 2249//3599
f 2249//3600 2443//3600 2444//3600
f 2249//3601 2444//3601 2250//3601
f 2250//3602 2444//3602 2251//3602
f 2445//3603 2253//3603 2446//3603
f 2446//3604 2253//3604 2252//3604
f 2257//3605 2256//3605 2447//3605
f 2447//3606 2256//3606 2255//3606
f 2447//3607 2255//3607 2445//3607
f 2445//3608 2255//3608 2254//3608
f 2445//3609 2254//3609 2253//3609
f 2258//3610 2448//3610 2259//3610
f 2259//3611 2448//3611 2449//3611
f 2259//3612 2449//3612 2260//3612
f 2260//3613 2449//3613 2261//3613
f 2262//3614 2450//3614 2263//3614
f 2263//3615 2450//3615 2451//3615
f 2263//3616 2451//3616 2264//3616
f 2264//3617 2451//3617 2452//3617
f 2264//3618 2452//3618 2265//3618
f 2265//3619 2452//3619 2266//3619
f 2267//3620 2453//3620 2268//3620
f 2268//3621 2453//3621 2454//3621
f 2268//3622 2454//3622 2269//3622
f 2269//3623 2454//3623 2272//3623
f 2273//3624 2455//3624 2276//3624
f 2276//3625 2455//3625 2456//3625
f 2457//3626 2274//3626 2456//3626
f 2456//3627 2274//3627 2275//3627
f 2456//3628 2275//3628 2276//3628
f 2278//3629 2279//3629 2458//3629
f 2458//3630 2279//3630 2280//3630
f 2458//3631 2280//3631 2457//3631
f 2457//3632 2280//3632 2277//3632
f 2457//3633 2277//3633 2274//3633
f 2283//3634 2459//3634 2282//3634
f 2282//3635 2459//3635 2460//3635
f 2461//3636 2288//3636 2460//3636
f 2460//3637 2288//3637 2285//3637
f 2460//3638 2285//3638 2282//3638
f 2292//3639 2289//3639 2462//3639
f 2462//3640 2289//3640 2286//3640
f 2462//3641 2286//3641 2461//3641
f 2461//3642 2286//3642 2287//3642
f 2461//3643 2287//3643 2288//3643
f 2293//3644 2463//3644 2296//3644
f 2296//3645 2463//3645 2464//3645
f 2465//3646 2294//3646 2464//3646
f 2464//3647 2294//3647 2295//3647
f 2464//3648 2295//3648 2296//3648
f 2298//3649 2299//3649 2466//3649
f 2466//3650 2299//3650 2300//3650
f 2466//3651 2300//3651 2465//3651
f 2465//3652 2300//3652 2297//3652
f 2465//3653 2297//3653 2294//3653
f 2303//3654 2467//3654 2302//3654
f 2302//3655 2467//3655 2468//3655
f 2469//3656 2308//3656 2468//3656
f 2468//3657 2308//3657 2305//3657
f 2468//3658 2305//3658 2302//3658
f 2312//3659 2309//3659 2470//3659
f 2470//3660 2309//3660 2306//3660
f 2470//3661 2306//3661 2469//3661
f 2469//3662 2306//3662 2307//3662
f 2469//3663 2307//3663 2308//3663
f 2313//3664 2471//3664 2316//3664
f 2316//3665 2471//3665 2472//3665
f 2473//3666 2314//3666 2472//3666
f 2472//3667 2314//3667 2315//3667
f 2472//3668 2315//3668 2316//3668
f 2318//3669 2319//3669 2474//3669
f 2474//3670 2319//3670 2320//3670
f 2474//3671 2320//3671 2473//3671
f 2473//3672 2320//3672 2317//3672
f 2473//3673 2317//3673 2314//3673
f 2323//3674 2475//3674 2322//3674
f 2322//3675 2475//3675 2476//3675
f 2477//3676 2327//3676 2476//3676
f 2476//3677 2327//3677 2325//3677
f 2476//3678 2325//3678 2322//3678
f 2003//3679 2002//3679 2478//3679
f 2478//3680 2002//3680 2001//3680
f 2478//3681 2001//3681 2477//3681
f 2477//3682 2001//3682 2326//3682
f 2477//3683 2326//3683 2327//3683
f 1451//3684 2352//3684 1452//3684
f 1452//3685 2352//3685 2116//3685
f 1452//3686 2116//3686 1453//3686
f 1451//3684 1470//3684 2352//3684
f 2352//3687 1470//3687 1472//3687
f 2352//3687 1472//3687 2353//3687
f 2353//3688 1472//3688 2354//3688
f 2354//3688 1472//3688 1474//3688
f 2354//3356 1474//3356 2355//3356
f 2355//3356 1474//3356 1476//3356
f 2355//3689 1476//3689 2356//3689
f 2356//3689 1476//3689 1478//3689
f 2356//3363 1478//3363 2357//3363
f 1478//3363 1480//3363 2357//3363
f 2357//3690 1480//3690 1486//3690
f 2357//3691 1486//3691 2347//3691
f 2347//3692 1486//3692 1484//3692
f 2347//3367 1484//3367 2358//3367
f 2358//3367 1484//3367 1482//3367
f 2358//3693 1482//3693 2359//3693
f 2359//3693 1482//3693 1481//3693
f 2359//3694 1481//3694 2360//3694
f 2360//3694 1481//3694 1491//3694
f 2360//3377 1491//3377 2361//3377
f 1491//3377 1489//3377 2361//3377
f 2361//3695 1489//3695 1464//3695
f 2361//3696 1464//3696 2346//3696
f 2346//3697 1464//3697 1463//3697
f 2346//3381 1463//3381 2362//3381
f 2362//3381 1463//3381 1493//3381
f 2362//3698 1493//3698 2363//3698
f 2363//3698 1493//3698 1495//3698
f 2363//3699 1495//3699 2364//3699
f 2364//3699 1495//3699 1497//3699
f 2364//3391 1497//3391 2365//3391
f 1497//3391 1499//3391 2365//3391
f 2365//3700 1499//3700 1462//3700
f 2365//3701 1462//3701 2345//3701
f 2345//3702 1462//3702 1500//3702
f 2345//3395 1500//3395 2366//3395
f 2366//3395 1500//3395 1502//3395
f 2366//3703 1502//3703 2367//3703
f 2367//3703 1502//3703 1503//3703
f 2367//3704 1503//3704 2368//3704
f 2368//3704 1503//3704 1505//3704
f 2368//3405 1505//3405 2369//3405
f 1505//3405 1507//3405 2369//3405
f 2369//3705 1507//3705 1458//3705
f 2369//3706 1458//3706 2344//3706
f 2344//3707 1458//3707 1457//3707
f 2344//3409 1457//3409 2370//3409
f 2370//3708 1457//3708 1509//3708
f 2370//3709 1509//3709 2371//3709
f 2371//3709 1509//3709 1511//3709
f 2371//3710 1511//3710 2372//3710
f 2372//3710 1511//3710 1513//3710
f 2372//3419 1513//3419 2373//3419
f 1513//3419 1515//3419 2373//3419
f 2373//3711 1515//3711 1517//3711
f 2373//3712 1517//3712 2343//3712
f 2343//3713 1517//3713 1519//3713
f 2343//3423 1519//3423 2374//3423
f 2374//3423 1519//3423 1518//3423
f 2374//3714 1518//3714 2375//3714
f 2375//3714 1518//3714 1522//3714
f 2375//3715 1522//3715 2376//3715
f 2376//3715 1522//3715 1524//3715
f 2376//3430 1524//3430 2377//3430
f 1534//3447 2382//3447 1456//3447
f 1456//3447 2382//3447 2381//3447
f 1456//3439 2381//3439 1525//3439
f 1525//3439 2381//3439 2380//3439
f 1525//3442 2380//3442 1526//3442
f 1526//3442 2380//3442 2379//3442
f 1526//3433 2379//3433 1528//3433
f 1528//3433 2379//3433 2378//3433
f 1528//3716 2378//3716 1530//3716
f 1530//3717 2378//3717 2377//3717
f 1530//3718 2377//3718 1532//3718
f 1532//3430 2377//3430 1524//3430
f 1534//3719 1536//3719 2382//3719
f 2382//3720 1536//3720 2385//3720
f 2382//3721 2385//3721 1897//3721
f 1897//3722 2385//3722 1898//3722
f 1536//3723 1537//3723 2385//3723
f 2385//3724 1537//3724 1542//3724
f 2385//3725 1542//3725 2383//3725
f 2383//3726 1542//3726 1541//3726
f 2383//3450 1541//3450 2384//3450
f 1541//3727 1547//3727 2384//3727
f 2384//3728 1547//3728 1546//3728
f 2384//3457 1546//3457 2386//3457
f 2386//3729 1546//3729 1544//3729
f 2386//3730 1544//3730 1543//3730
f 1543//3731 1548//3731 2386//3731
f 2386//3732 1548//3732 2342//3732
f 2386//3733 2342//3733 2119//3733
f 2119//3734 2342//3734 2120//3734
f 1550//3735 1556//3735 2342//3735
f 2342//3736 1556//3736 2389//3736
f 2342//3737 2389//3737 2121//3737
f 2121//3738 2389//3738 2122//3738
f 1556//3739 1555//3739 2389//3739
f 2389//3740 1555//3740 1553//3740
f 2389//3741 1553//3741 2387//3741
f 2387//3742 1553//3742 1552//3742
f 2387//3461 1552//3461 2388//3461
f 1552//3743 1557//3743 2388//3743
f 2388//3744 1557//3744 1559//3744
f 2388//3468 1559//3468 2390//3468
f 2390//3745 1559//3745 1563//3745
f 2390//3746 1563//3746 1562//3746
f 1562//3747 1568//3747 2390//3747
f 2390//3748 1568//3748 2341//3748
f 2390//3749 2341//3749 2129//3749
f 2129//3750 2341//3750 2130//3750
f 1567//3751 1565//3751 2341//3751
f 2341//3752 1565//3752 2393//3752
f 2341//3753 2393//3753 2131//3753
f 2131//3754 2393//3754 2132//3754
f 1565//3755 1564//3755 2393//3755
f 2393//3756 1564//3756 1569//3756
f 2393//3757 1569//3757 2391//3757
f 2391//3758 1569//3758 1571//3758
f 2391//3472 1571//3472 2392//3472
f 1571//3759 1577//3759 2392//3759
f 2392//3760 1577//3760 1576//3760
f 2392//3479 1576//3479 2394//3479
f 2394//3761 1576//3761 1574//3761
f 2394//3762 1574//3762 1573//3762
f 1573//3763 1578//3763 2394//3763
f 2394//3764 1578//3764 2340//3764
f 2394//3765 2340//3765 2139//3765
f 2139//3766 2340//3766 2140//3766
f 1580//3767 1584//3767 2340//3767
f 2340//3768 1584//3768 2397//3768
f 2340//3769 2397//3769 2141//3769
f 2141//3770 2397//3770 2142//3770
f 1584//3771 1583//3771 2397//3771
f 2397//3772 1583//3772 1589//3772
f 2397//3773 1589//3773 2395//3773
f 2395//3774 1589//3774 1588//3774
f 2395//3483 1588//3483 2396//3483
f 1588//3775 1586//3775 2396//3775
f 2396//3776 1586//3776 1585//3776
f 2396//3490 1585//3490 2398//3490
f 2398//3777 1585//3777 1590//3777
f 2398//3778 1590//3778 1592//3778
f 1592//3779 1598//3779 2398//3779
f 2398//3780 1598//3780 2339//3780
f 2398//3781 2339//3781 2149//3781
f 2149//3782 2339//3782 2150//3782
f 1597//3783 1595//3783 2339//3783
f 2339//3784 1595//3784 2401//3784
f 2339//3785 2401//3785 2151//3785
f 2151//3786 2401//3786 2152//3786
f 1595//3787 1594//3787 2401//3787
f 2401//3788 1594//3788 1599//3788
f 2401//3789 1599//3789 2399//3789
f 2399//3790 1599//3790 1601//3790
f 2399//3494 1601//3494 2400//3494
f 1601//3791 1605//3791 2400//3791
f 2400//3792 1605//3792 1604//3792
f 2400//3501 1604//3501 2402//3501
f 2402//3793 1604//3793 1610//3793
f 2402//3794 1610//3794 1609//3794
f 1609//3795 1607//3795 2402//3795
f 2402//3796 1607//3796 2338//3796
f 2402//3797 2338//3797 2159//3797
f 2159//3798 2338//3798 2160//3798
f 1606//3799 1611//3799 2338//3799
f 2338//3800 1611//3800 2405//3800
f 2338//3801 2405//3801 2161//3801
f 2161//3802 2405//3802 2162//3802
f 1611//3803 1613//3803 2405//3803
f 2405//3804 1613//3804 1619//3804
f 2405//3805 1619//3805 2403//3805
f 2403//3806 1619//3806 1618//3806
f 2403//3505 1618//3505 2404//3505
f 1618//3807 1616//3807 2404//3807
f 2404//3808 1616//3808 1615//3808
f 2404//3385 1615//3385 2406//3385
f 2406//3809 1615//3809 1620//3809
f 2406//3810 1620//3810 1622//3810
f 1622//3811 1626//3811 2406//3811
f 2406//3812 1626//3812 2337//3812
f 2406//3813 2337//3813 2169//3813
f 2169//3814 2337//3814 2170//3814
f 1625//3815 1631//3815 2337//3815
f 2337//3816 1631//3816 2409//3816
f 2337//3817 2409//3817 2171//3817
f 2171//3818 2409//3818 2172//3818
f 1631//3819 1630//3819 2409//3819
f 2409//3820 1630//3820 1628//3820
f 2409//3821 1628//3821 2407//3821
f 2407//3822 1628//3822 1627//3822
f 2407//3515 1627//3515 2408//3515
f 1627//3823 1632//3823 2408//3823
f 2408//3824 1632//3824 1634//3824
f 2408//3522 1634//3522 2410//3522
f 2410//3825 1634//3825 1640//3825
f 2410//3826 1640//3826 1639//3826
f 1639//3827 1637//3827 2410//3827
f 2410//3828 1637//3828 2336//3828
f 2410//3829 2336//3829 2179//3829
f 2179//3830 2336//3830 2180//3830
f 1636//3831 1641//3831 2336//3831
f 2336//3832 1641//3832 2413//3832
f 2336//3833 2413//3833 2181//3833
f 2181//3834 2413//3834 2182//3834
f 1641//3835 1643//3835 2413//3835
f 2413//3836 1643//3836 1647//3836
f 2413//3837 1647//3837 2411//3837
f 2411//3838 1647//3838 1646//3838
f 2411//3526 1646//3526 2412//3526
f 1646//3839 1652//3839 2412//3839
f 2412//3840 1652//3840 1651//3840
f 2412//3533 1651//3533 2414//3533
f 2414//3841 1651//3841 1649//3841
f 2414//3842 1649//3842 1648//3842
f 1648//3843 1653//3843 2414//3843
f 2414//3844 1653//3844 2335//3844
f 2414//3845 2335//3845 2189//3845
f 2189//3846 2335//3846 2190//3846
f 1655//3847 1661//3847 2335//3847
f 2335//3848 1661//3848 2416//3848
f 2335//3849 2416//3849 2191//3849
f 2191//3850 2416//3850 2192//3850
f 1661//3851 1660//3851 2416//3851
f 2416//3852 1660//3852 1658//3852
f 2416//3853 1658//3853 2415//3853
f 2415//3854 1658//3854 1657//3854
f 2415//3541 1657//3541 2417//3541
f 2417//3855 1657//3855 1662//3855
f 1662//3856 1664//3856 2417//3856
f 2417//3857 1664//3857 2418//3857
f 2417//3857 2418//3857 2197//3857
f 2197//3858 2418//3858 2198//3858
f 1664//3859 1668//3859 2418//3859
f 2418//3860 1668//3860 1667//3860
f 2418//3545 1667//3545 2419//3545
f 2419//3861 1667//3861 1673//3861
f 2419//3862 1673//3862 1672//3862
f 1672//3863 1670//3863 2419//3863
f 2419//3864 1670//3864 2421//3864
f 2419//3865 2421//3865 2201//3865
f 2201//3866 2421//3866 2202//3866
f 1670//3867 1669//3867 2421//3867
f 2421//3868 1669//3868 1674//3868
f 2421//3869 1674//3869 2420//3869
f 2420//3870 1674//3870 1676//3870
f 2420//3552 1676//3552 2422//3552
f 2422//3871 1676//3871 1682//3871
f 1682//3872 1681//3872 2422//3872
f 2422//3873 1681//3873 2423//3873
f 2422//3873 2423//3873 2207//3873
f 2207//3874 2423//3874 2208//3874
f 1681//3875 1679//3875 2423//3875
f 2423//3876 1679//3876 1678//3876
f 2423//3556 1678//3556 2424//3556
f 2424//3877 1678//3877 1683//3877
f 2424//3878 1683//3878 1685//3878
f 1685//3879 1689//3879 2424//3879
f 2424//3880 1689//3880 2426//3880
f 2424//3294 2426//3294 2211//3294
f 2211//3881 2426//3881 2212//3881
f 1689//3882 1688//3882 2426//3882
f 2426//3883 1688//3883 1694//3883
f 2426//3884 1694//3884 2425//3884
f 2425//3885 1694//3885 1693//3885
f 2425//3563 1693//3563 2427//3563
f 2427//3886 1693//3886 1691//3886
f 1691//3887 1690//3887 2427//3887
f 2427//3888 1690//3888 2428//3888
f 2427//3888 2428//3888 2217//3888
f 2217//3889 2428//3889 2218//3889
f 1690//3890 1695//3890 2428//3890
f 2428//3891 1695//3891 1697//3891
f 2428//3892 1697//3892 2429//3892
f 2429//3893 1697//3893 1703//3893
f 2429//3894 1703//3894 1702//3894
f 1702//1232 1700//1232 2429//1232
f 2429//3895 1700//3895 2431//3895
f 2429//3896 2431//3896 2221//3896
f 2221//3897 2431//3897 2222//3897
f 1700//3898 1699//3898 2431//3898
f 2431//3899 1699//3899 1704//3899
f 2431//3900 1704//3900 2430//3900
f 2430//3901 1704//3901 1706//3901
f 2430//3574 1706//3574 2432//3574
f 2432//3902 1706//3902 1710//3902
f 1710//3903 1709//3903 2432//3903
f 2432//3904 1709//3904 2433//3904
f 2432//3904 2433//3904 2227//3904
f 2227//3905 2433//3905 2228//3905
f 1709//3906 1715//3906 2433//3906
f 2433//3907 1715//3907 1714//3907
f 2433//3578 1714//3578 2434//3578
f 2434//3908 1714//3908 1712//3908
f 2434//3909 1712//3909 1711//3909
f 1711//3910 1716//3910 2434//3910
f 2434//3911 1716//3911 2436//3911
f 2434//3912 2436//3912 2231//3912
f 2231//3913 2436//3913 2232//3913
f 1716//3914 1718//3914 2436//3914
f 2436//3915 1718//3915 1724//3915
f 2436//3916 1724//3916 2435//3916
f 2435//3917 1724//3917 1723//3917
f 2435//3585 1723//3585 2437//3585
f 2437//3918 1723//3918 1721//3918
f 1721//3919 1720//3919 2437//3919
f 2437//3920 1720//3920 2438//3920
f 2437//3920 2438//3920 2237//3920
f 2237//3921 2438//3921 2238//3921
f 1720//3922 1725//3922 2438//3922
f 2438//3923 1725//3923 1727//3923
f 2438//3924 1727//3924 2439//3924
f 2439//3925 1727//3925 1731//3925
f 2439//3926 1731//3926 1730//3926
f 1730//3927 1736//3927 2439//3927
f 2439//3928 1736//3928 2441//3928
f 2439//3929 2441//3929 2241//3929
f 2241//3930 2441//3930 2242//3930
f 1736//3931 1735//3931 2441//3931
f 2441//3932 1735//3932 1733//3932
f 2441//3933 1733//3933 2440//3933
f 2440//3934 1733//3934 1732//3934
f 2440//3596 1732//3596 2442//3596
f 2442//3935 1732//3935 1737//3935
f 1737//3936 1739//3936 2442//3936
f 2442//3937 1739//3937 2443//3937
f 2442//3937 2443//3937 2247//3937
f 2247//3938 2443//3938 2248//3938
f 1739//3939 1745//3939 2443//3939
f 2443//3940 1745//3940 1744//3940
f 2443//3600 1744//3600 2444//3600
f 2444//3941 1744//3941 1742//3941
f 2444//3942 1742//3942 1741//3942
f 1741//3943 1746//3943 2444//3943
f 2444//3944 1746//3944 2446//3944
f 2444//3945 2446//3945 2251//3945
f 2251//3946 2446//3946 2252//3946
f 1746//3947 1748//3947 2446//3947
f 2446//3948 1748//3948 1752//3948
f 2446//3949 1752//3949 2445//3949
f 2445//3950 1752//3950 1751//3950
f 2445//3607 1751//3607 2447//3607
f 2447//3951 1751//3951 1757//3951
f 1757//3952 1756//3952 2447//3952
f 2447//3953 1756//3953 2448//3953
f 2447//3953 2448//3953 2257//3953
f 2257//3954 2448//3954 2258//3954
f 1756//3955 1754//3955 2448//3955
f 2448//3956 1754//3956 1753//3956
f 2448//3611 1753//3611 2449//3611
f 2449//3957 1753//3957 1758//3957
f 2449//3958 1758//3958 1760//3958
f 1760//3959 1766//3959 2449//3959
f 2449//3960 1766//3960 2450//3960
f 2449//3961 2450//3961 2261//3961
f 2261//3962 2450//3962 2262//3962
f 1766//3963 1765//3963 2450//3963
f 2450//3964 1765//3964 1763//3964
f 2450//3965 1763//3965 2451//3965
f 2451//3966 1763//3966 1762//3966
f 2451//3967 1762//3967 2452//3967
f 2452//3968 1762//3968 1767//3968
f 1767//3969 1769//3969 2452//3969
f 2452//3970 1769//3970 2453//3970
f 2452//3971 2453//3971 2266//3971
f 2266//3972 2453//3972 2267//3972
f 1769//3973 1775//3973 2453//3973
f 2453//3974 1775//3974 1774//3974
f 2453//3975 1774//3975 2454//3975
f 2454//3976 1774//3976 1772//3976
f 2454//3977 1772//3977 1771//3977
f 1771//3978 1776//3978 2454//3978
f 2454//3979 1776//3979 2334//3979
f 2454//3980 2334//3980 2272//3980
f 2272//3981 2334//3981 2271//3981
f 1778//3982 1782//3982 2334//3982
f 2334//3983 1782//3983 2455//3983
f 2334//3984 2455//3984 2270//3984
f 2270//3985 2455//3985 2273//3985
f 1782//3315 1781//3315 2455//3315
f 2455//3986 1781//3986 1787//3986
f 2455//3987 1787//3987 2456//3987
f 2456//3988 1787//3988 1786//3988
f 2456//3989 1786//3989 2457//3989
f 1786//3990 1784//3990 2457//3990
f 2457//3991 1784//3991 1783//3991
f 2457//3992 1783//3992 2458//3992
f 2458//3993 1783//3993 1788//3993
f 2458//3994 1788//3994 1790//3994
f 1790//3995 1796//3995 2458//3995
f 2458//3996 1796//3996 2333//3996
f 2458//3997 2333//3997 2278//3997
f 2278//3998 2333//3998 2281//3998
f 1795//3999 1793//3999 2333//3999
f 2333//4000 1793//4000 2459//4000
f 2333//4001 2459//4001 2284//4001
f 2284//4002 2459//4002 2283//4002
f 1793//4003 1792//4003 2459//4003
f 2459//4004 1792//4004 1797//4004
f 2459//4005 1797//4005 2460//4005
f 2460//4006 1797//4006 1799//4006
f 2460//4007 1799//4007 2461//4007
f 1799//4008 1803//4008 2461//4008
f 2461//4009 1803//4009 1802//4009
f 2461//4010 1802//4010 2462//4010
f 2462//4011 1802//4011 1808//4011
f 2462//4012 1808//4012 1807//4012
f 1807//4013 1805//4013 2462//4013
f 2462//4014 1805//4014 2332//4014
f 2462//4015 2332//4015 2292//4015
f 2292//4016 2332//4016 2291//4016
f 1804//4017 1809//4017 2332//4017
f 2332//4018 1809//4018 2463//4018
f 2332//4019 2463//4019 2290//4019
f 2290//4020 2463//4020 2293//4020
f 1809//4021 1811//4021 2463//4021
f 2463//4022 1811//4022 1817//4022
f 2463//4023 1817//4023 2464//4023
f 2464//4024 1817//4024 1816//4024
f 2464//4025 1816//4025 2465//4025
f 1816//4026 1814//4026 2465//4026
f 2465//4027 1814//4027 1813//4027
f 2465//3429 1813//3429 2466//3429
f 2466//4028 1813//4028 1818//4028
f 2466//4029 1818//4029 1820//4029
f 1820//4030 1824//4030 2466//4030
f 2466//4031 1824//4031 2331//4031
f 2466//4032 2331//4032 2298//4032
f 2298//4033 2331//4033 2301//4033
f 1823//4034 1829//4034 2331//4034
f 2331//4035 1829//4035 2467//4035
f 2331//4036 2467//4036 2304//4036
f 2304//4037 2467//4037 2303//4037
f 1829//4038 1828//4038 2467//4038
f 2467//4039 1828//4039 1826//4039
f 2467//4040 1826//4040 2468//4040
f 2468//4041 1826//4041 1825//4041
f 2468//4042 1825//4042 2469//4042
f 1825//4043 1830//4043 2469//4043
f 2469//4044 1830//4044 1832//4044
f 2469//4045 1832//4045 2470//4045
f 2470//4046 1832//4046 1838//4046
f 2470//4047 1838//4047 1837//4047
f 1837//4048 1835//4048 2470//4048
f 2470//4049 1835//4049 2330//4049
f 2470//4050 2330//4050 2312//4050
f 2312//4051 2330//4051 2311//4051
f 1834//4052 1839//4052 2330//4052
f 2330//4053 1839//4053 2471//4053
f 2330//4054 2471//4054 2310//4054
f 2310//4055 2471//4055 2313//4055
f 1839//4056 1841//4056 2471//4056
f 2471//4057 1841//4057 1845//4057
f 2471//4058 1845//4058 2472//4058
f 2472//4059 1845//4059 1844//4059
f 2472//4060 1844//4060 2473//4060
f 1844//4061 1850//4061 2473//4061
f 2473//4062 1850//4062 1849//4062
f 2473//4063 1849//4063 2474//4063
f 2474//4064 1849//4064 1847//4064
f 2474//4065 1847//4065 1846//4065
f 1846//4066 1851//4066 2474//4066
f 2474//4067 1851//4067 2329//4067
f 2474//4068 2329//4068 2318//4068
f 2318//4069 2329//4069 2321//4069
f 1853//4070 1859//4070 2329//4070
f 2329//4071 1859//4071 2475//4071
f 2329//4072 2475//4072 2324//4072
f 2324//4073 2475//4073 2323//4073
f 1859//3570 1858//3570 2475//3570
f 2475//4074 1858//4074 1856//4074
f 2475//4075 1856//4075 2476//4075
f 2476//4076 1856//4076 1855//4076
f 2476//4077 1855//4077 2477//4077
f 1855//4078 1860//4078 2477//4078
f 2477//4079 1860//4079 1862//4079
f 2477//4080 1862//4080 2478//4080
f 2478//4081 1862//4081 1866//4081
f 2478//4082 1866//4082 1865//4082
f 1865//4083 1871//4083 2478//4083
f 2478//4084 1871//4084 2328//4084
f 2478//4085 2328//4085 2003//4085
f 2003//4086 2328//4086 2004//4086
f 1870//4087 1868//4087 2328//4087
f 2328//4088 1868//4088 2348//4088
f 2328//4089 2348//4089 2005//4089
f 2005//4090 2348//4090 687//4090
f 1868//4091 1867//4091 2348//4091
f 2348//4092 1867//4092 1872//4092
f 2348//4093 1872//4093 2349//4093
f 2349//4094 1872//4094 1874//4094
f 2349//3326 1874//3326 2350//3326
f 1874//4095 1880//4095 2350//4095
f 2350//3920 1880//3920 1879//3920
f 2350//4096 1879//4096 2351//4096
f 2351//4097 1879//4097 1877//4097
f 2351//3924 1877//3924 1876//3924
o centrifuge_1-5ml_screw_cap
v 0.003414 0.042682 0.005165
v 0.003418 0.042646 0.005172
v 0.003706 0.042646 0.004970
v 0.003982 0.042635 0.004754
v 0.003981 0.042646 0.004752
v 0.003908 0.042892 0.004634
v 0.003905 0.042900 0.004625
v 0.003618 0.042900 0.004853
v 0.003896 0.042919 0.004601
v 0.003890 0.042933 0.004579
v 0.003880 0.042943 0.004566
v 0.003906 0.042998 0.004313
v 0.003921 0.042999 0.004280
v 0.003741 0.043000 0.004403
v 0.003959 0.043000 0.004218
v 0.004007 0.043000 0.004163
v 0.003836 0.042974 0.004515
v 0.003876 0.042974 0.004480
v 0.003789 0.042993 0.004460
v 0.003876 0.042980 0.004456
v 0.003879 0.042988 0.004419
v 0.003885 0.042993 0.004383
v 0.003887 0.042994 0.004375
v 0.003894 0.042996 0.004348
v 0.003886 0.042941 0.004564
v 0.003880 0.042958 0.004529
v 0.003876 0.042971 0.004492
v 0.003582 0.042943 0.004804
v 0.003650 0.042847 0.004895
v 0.003675 0.042786 0.004929
v 0.003950 0.042786 0.004712
v 0.003942 0.042811 0.004699
v 0.003928 0.042847 0.004675
v 0.003925 0.042854 0.004670
v 0.003694 0.042718 0.004955
v 0.003973 0.042697 0.004743
v 0.003969 0.042718 0.004737
v 0.003959 0.042756 0.004725
v 0.003419 0.042635 0.005173
v 0.003422 0.042572 0.005177
v 0.003483 0.042572 0.005137
v 0.003986 0.042572 0.004757
v 0.003710 0.042572 0.004975
v 0.003408 0.042718 0.005156
v 0.003400 0.042749 0.005146
v 0.003389 0.042786 0.005131
v 0.003378 0.042811 0.005119
v 0.003360 0.042847 0.005098
v 0.003355 0.042854 0.005094
v 0.003326 0.042892 0.005068
v 0.003298 0.042919 0.005047
v 0.003318 0.042900 0.005062
v 0.003269 0.042943 0.005022
v 0.003263 0.042943 0.005026
v 0.003265 0.042941 0.005027
v 0.003233 0.042958 0.005011
v 0.003232 0.042974 0.004965
v 0.003199 0.042971 0.004997
v 0.003092 0.042993 0.004974
v 0.003128 0.042988 0.004979
v 0.003193 0.042993 0.004905
v 0.003164 0.042980 0.004987
v 0.003188 0.042974 0.004993
v 0.002846 0.043000 0.005028
v 0.002912 0.043000 0.004998
v 0.003152 0.043000 0.004842
v 0.002983 0.042999 0.004979
v 0.003019 0.042998 0.004975
v 0.003056 0.042996 0.004973
v 0.003083 0.042994 0.004974
v 0.003541 0.042974 0.004750
v 0.003498 0.042993 0.004692
v 0.003454 0.043000 0.004632
v 0.002632 0.042958 0.005352
v 0.002614 0.042953 0.005370
v 0.002629 0.042941 0.005387
v 0.002673 0.042993 0.005212
v 0.002683 0.042995 0.005192
v 0.002558 0.042995 0.005256
v 0.002022 0.042682 0.005852
v 0.002025 0.042635 0.005861
v 0.002354 0.042639 0.005737
v 0.002027 0.042572 0.005866
v 0.002297 0.042572 0.005765
v 0.002356 0.042572 0.005742
v 0.002020 0.042704 0.005846
v 0.002348 0.042704 0.005722
v 0.002014 0.042749 0.005830
v 0.002338 0.042766 0.005698
v 0.002011 0.042766 0.005822
v 0.001961 0.042892 0.005736
v 0.001972 0.042875 0.005752
v 0.002308 0.042875 0.005626
v 0.001983 0.042854 0.005768
v 0.002325 0.042824 0.005666
v 0.001995 0.042824 0.005790
v 0.001999 0.042811 0.005798
v 0.002267 0.042953 0.005525
v 0.001913 0.042941 0.005681
v 0.002289 0.042918 0.005578
v 0.001939 0.042919 0.005709
v 0.001886 0.042958 0.005658
v 0.001911 0.042953 0.005658
v 0.001856 0.042971 0.005636
v 0.001892 0.042979 0.005599
v 0.001825 0.042980 0.005617
v 0.001792 0.042988 0.005601
v 0.001871 0.042995 0.005538
v 0.001758 0.042993 0.005587
v 0.001506 0.043000 0.005578
v 0.001578 0.043000 0.005565
v 0.001849 0.043000 0.005474
v 0.001651 0.042999 0.005565
v 0.001687 0.042998 0.005569
v 0.001723 0.042996 0.005577
v 0.001737 0.042995 0.005581
v 0.002711 0.042998 0.005149
v 0.002733 0.042999 0.005121
v 0.002529 0.043000 0.005195
v 0.002786 0.043000 0.005070
v 0.002690 0.042996 0.005180
v 0.002586 0.042979 0.005314
v 0.002638 0.042971 0.005315
v 0.002646 0.042980 0.005280
v 0.002658 0.042988 0.005245
v 0.002636 0.042875 0.005479
v 0.002633 0.042892 0.005460
v 0.002658 0.042766 0.005556
v 0.002649 0.042811 0.005531
v 0.002647 0.042824 0.005523
v 0.002640 0.042854 0.005499
v 0.002675 0.042635 0.005595
v 0.002669 0.042697 0.005582
v 0.002668 0.042704 0.005580
v 0.002660 0.042756 0.005561
v 0.002677 0.042572 0.005599
v 0.002243 0.042979 0.005468
v 0.002219 0.042995 0.005407
v 0.002193 0.043000 0.005346
v 0.002629 0.042919 0.005425
v 0.001218 0.042958 0.005838
v 0.001196 0.042953 0.005851
v 0.001207 0.042941 0.005872
v 0.001293 0.042993 0.005713
v 0.001307 0.042995 0.005696
v 0.001170 0.042995 0.005727
v 0.000503 0.042682 0.006171
v 0.000504 0.042635 0.006181
v 0.000853 0.042639 0.006142
v 0.000503 0.042704 0.006165
v 0.000851 0.042704 0.006126
v 0.000501 0.042749 0.006147
v 0.000847 0.042766 0.006101
v 0.000500 0.042766 0.006139
v 0.000473 0.042892 0.006043
v 0.000480 0.042875 0.006062
v 0.000837 0.042875 0.006023
v 0.000486 0.042854 0.006080
v 0.000843 0.042824 0.006066
v 0.000493 0.042824 0.006104
v 0.000495 0.042811 0.006113
v 0.000822 0.042953 0.005916
v 0.000440 0.042941 0.005979
v 0.000830 0.042918 0.005972
v 0.000458 0.042919 0.006012
v 0.000419 0.042958 0.005949
v 0.000444 0.042953 0.005956
v 0.000396 0.042971 0.005920
v 0.000440 0.042979 0.005894
v 0.000370 0.042980 0.005894
v 0.000343 0.042988 0.005870
v 0.000435 0.042995 0.005829
v 0.000313 0.042993 0.005849
v 0.000071 0.043000 0.005778
v 0.000144 0.043000 0.005783
v 0.000430 0.043000 0.005762
v 0.000215 0.042999 0.005800
v 0.000249 0.042998 0.005814
v 0.000282 0.042996 0.005830
v 0.000295 0.042995 0.005837
v 0.001345 0.042998 0.005662
v 0.001374 0.042999 0.005639
v 0.001157 0.043000 0.005661
v 0.001437 0.043000 0.005603
v 0.001318 0.042996 0.005686
v 0.001184 0.042979 0.005791
v 0.001233 0.042971 0.005804
v 0.001250 0.042980 0.005772
v 0.001270 0.042988 0.005741
v 0.001191 0.042875 0.005963
v 0.001192 0.042892 0.005944
v 0.001193 0.042766 0.006043
v 0.001190 0.042811 0.006017
v 0.001190 0.042824 0.006008
v 0.001190 0.042854 0.005983
v 0.001200 0.042635 0.006084
v 0.001197 0.042697 0.006070
v 0.001197 0.042704 0.006068
v 0.001193 0.042756 0.006048
v 0.000504 0.042572 0.006185
v 0.000854 0.042572 0.006147
v 0.001004 0.042572 0.006124
v 0.001201 0.042572 0.006089
v 0.000813 0.042979 0.005854
v 0.000804 0.042995 0.005789
v 0.000795 0.043000 0.005723
v 0.001198 0.042919 0.005909
v -0.000309 0.042919 0.006021
v -0.000299 0.042933 0.006001
v -0.000298 0.042943 0.005985
v -0.001044 0.042749 0.006079
v -0.001045 0.042718 0.006091
v -0.000699 0.042718 0.006141
v -0.001004 0.042572 0.006124
v -0.000702 0.042572 0.006166
v -0.000701 0.042646 0.006160
v -0.001047 0.042682 0.006103
v -0.001049 0.042646 0.006110
v -0.001049 0.042635 0.006112
v -0.001050 0.042572 0.006117
v -0.001042 0.042786 0.006060
v -0.000695 0.042786 0.006109
v -0.001041 0.042811 0.006044
v -0.000690 0.042847 0.006067
v -0.001041 0.042847 0.006016
v -0.001041 0.042854 0.006010
v -0.000684 0.042900 0.006014
v -0.001045 0.042892 0.005971
v -0.000677 0.042943 0.005954
v -0.001051 0.042919 0.005937
v -0.001046 0.042900 0.005962
v -0.001054 0.042943 0.005899
v -0.001062 0.042943 0.005897
v -0.001061 0.042941 0.005900
v -0.001073 0.042958 0.005866
v -0.001042 0.042974 0.005832
v -0.001089 0.042971 0.005833
v -0.001151 0.042993 0.005743
v -0.001128 0.042988 0.005771
v -0.001030 0.042993 0.005761
v -0.001107 0.042980 0.005801
v -0.001095 0.042974 0.005822
v -0.001368 0.043000 0.005614
v -0.001298 0.043000 0.005637
v -0.001017 0.043000 0.005688
v -0.001234 0.042999 0.005672
v -0.001205 0.042998 0.005693
v -0.001177 0.042996 0.005717
v -0.001157 0.042994 0.005737
v -0.000105 0.042998 0.005818
v -0.000072 0.042999 0.005804
v -0.000287 0.043000 0.005771
v -0.000001 0.043000 0.005785
v -0.000294 0.042974 0.005917
v -0.000241 0.042974 0.005919
v -0.000291 0.042993 0.005845
v -0.000225 0.042980 0.005902
v -0.000197 0.042988 0.005877
v -0.000168 0.042993 0.005855
v -0.000161 0.042994 0.005850
v -0.000138 0.042996 0.005835
v -0.000292 0.042941 0.005988
v -0.000272 0.042958 0.005957
v -0.000249 0.042971 0.005928
v -0.000336 0.042854 0.006091
v -0.000323 0.042892 0.006053
v -0.000320 0.042900 0.006045
v -0.000337 0.042847 0.006097
v -0.000350 0.042697 0.006177
v -0.000350 0.042718 0.006170
v -0.000348 0.042756 0.006155
v -0.000346 0.042786 0.006139
v -0.000343 0.042811 0.006124
v -0.000351 0.042646 0.006190
v -0.000351 0.042635 0.006191
v -0.000351 0.042572 0.006196
v -0.000670 0.042974 0.005886
v -0.000662 0.042993 0.005815
v -0.000653 0.043000 0.005741
v -0.001797 0.042919 0.005755
v -0.001782 0.042933 0.005738
v -0.001777 0.042943 0.005723
v -0.002523 0.042749 0.005628
v -0.002527 0.042718 0.005640
v -0.002204 0.042718 0.005774
v -0.002297 0.042572 0.005765
v -0.002213 0.042572 0.005798
v -0.002211 0.042646 0.005792
v -0.002538 0.042572 0.005663
v -0.002536 0.042635 0.005659
v -0.002535 0.042646 0.005657
v -0.002532 0.042682 0.005650
v -0.002516 0.042786 0.005610
v -0.002193 0.042786 0.005744
v -0.002512 0.042811 0.005595
v -0.002177 0.042847 0.005704
v -0.002505 0.042847 0.005568
v -0.002503 0.042854 0.005562
v -0.002159 0.042900 0.005655
v -0.002497 0.042892 0.005524
v -0.002137 0.042943 0.005598
v -0.002495 0.042919 0.005489
v -0.002496 0.042900 0.005514
v -0.002488 0.042943 0.005451
v -0.002495 0.042943 0.005448
v -0.002495 0.042941 0.005451
v -0.002498 0.042958 0.005415
v -0.002460 0.042974 0.005389
v -0.002505 0.042971 0.005379
v -0.002543 0.042993 0.005276
v -0.002528 0.042988 0.005309
v -0.002430 0.042993 0.005324
v -0.002515 0.042980 0.005344
v -0.002508 0.042974 0.005367
v -0.002721 0.043000 0.005097
v -0.002660 0.043000 0.005137
v -0.002399 0.043000 0.005256
v -0.002606 0.042999 0.005187
v -0.002583 0.042998 0.005215
v -0.002562 0.042996 0.005245
v -0.002547 0.042994 0.005269
v -0.001549 0.042998 0.005609
v -0.001513 0.042999 0.005604
v -0.001713 0.043000 0.005518
v -0.001440 0.043000 0.005603
v -0.001757 0.042974 0.005658
v -0.001706 0.042974 0.005673
v -0.001735 0.042993 0.005589
v -0.001685 0.042980 0.005660
v -0.001653 0.042988 0.005643
v -0.001619 0.042993 0.005629
v -0.001611 0.042994 0.005626
v -0.001584 0.042996 0.005618
v -0.001772 0.042941 0.005727
v -0.001745 0.042958 0.005703
v -0.001716 0.042971 0.005680
v -0.001840 0.042854 0.005816
v -0.001819 0.042892 0.005783
v -0.001813 0.042900 0.005775
v -0.001843 0.042847 0.005821
v -0.001876 0.042697 0.005896
v -0.001873 0.042718 0.005889
v -0.001868 0.042756 0.005875
v -0.001862 0.042786 0.005860
v -0.001855 0.042811 0.005846
v -0.001879 0.042646 0.005908
v -0.001880 0.042635 0.005910
v -0.001881 0.042572 0.005914
v -0.002113 0.042974 0.005535
v -0.002087 0.042993 0.005468
v -0.002060 0.043000 0.005398
v -0.003172 0.042919 0.005127
v -0.003153 0.042933 0.005114
v -0.003144 0.042943 0.005101
v -0.003864 0.042635 0.004851
v -0.003867 0.042572 0.004854
v -0.003585 0.042572 0.005065
v -0.003582 0.042646 0.005060
v -0.003862 0.042646 0.004849
v -0.003571 0.042718 0.005044
v -0.003850 0.042718 0.004834
v -0.003858 0.042682 0.004843
v -0.003808 0.042854 0.004765
v -0.003811 0.042847 0.004771
v -0.003528 0.042847 0.004984
v -0.003824 0.042811 0.004795
v -0.003552 0.042786 0.005019
v -0.003832 0.042786 0.004808
v -0.003843 0.042749 0.004824
v -0.003497 0.042900 0.004941
v -0.003792 0.042892 0.004729
v -0.003462 0.042943 0.004891
v -0.003781 0.042919 0.004696
v -0.003789 0.042900 0.004720
v -0.003766 0.042943 0.004661
v -0.003772 0.042943 0.004656
v -0.003772 0.042941 0.004659
v -0.003767 0.042958 0.004624
v -0.003723 0.042974 0.004608
v -0.003764 0.042971 0.004587
v -0.003775 0.042993 0.004478
v -0.003769 0.042988 0.004514
v -0.003678 0.042993 0.004552
v -0.003765 0.042980 0.004550
v -0.003764 0.042974 0.004575
v -0.003903 0.043000 0.004261
v -0.003854 0.043000 0.004314
v -0.003631 0.043000 0.004494
v -0.003814 0.042999 0.004376
v -0.003798 0.042998 0.004409
v -0.003785 0.042996 0.004443
v -0.003778 0.042994 0.004470
v -0.002895 0.042998 0.005048
v -0.002859 0.042999 0.005052
v -0.003032 0.043000 0.004919
v -0.002788 0.043000 0.005069
v -0.003109 0.042974 0.005043
v -0.003063 0.042974 0.005071
v -0.003071 0.042993 0.004982
v -0.003040 0.042980 0.005063
v -0.003004 0.042988 0.005055
v -0.002968 0.042993 0.005049
v -0.002960 0.042994 0.005049
v -0.002932 0.042996 0.005047
v -0.003140 0.042941 0.005106
v -0.003108 0.042958 0.005089
v -0.003074 0.042971 0.005075
v -0.003228 0.042854 0.005176
v -0.003200 0.042892 0.005149
v -0.003192 0.042900 0.005143
v -0.003232 0.042847 0.005180
v -0.003279 0.042718 0.005239
v -0.003270 0.042756 0.005226
v -0.003261 0.042786 0.005213
v -0.003251 0.042811 0.005201
v -0.003483 0.042572 0.005137
v -0.003293 0.042572 0.005260
v -0.003290 0.042635 0.005256
v -0.003289 0.042646 0.005255
v -0.003283 0.042697 0.005245
v -0.003423 0.042974 0.004836
v -0.003381 0.042993 0.004777
v -0.003338 0.043000 0.004716
v -0.004506 0.042572 0.004268
v -0.004497 0.042572 0.004276
v -0.004494 0.042635 0.004273
v -0.004414 0.042854 0.004210
v -0.004397 0.042875 0.004200
v -0.004637 0.042875 0.003934
v -0.004276 0.042958 0.004157
v -0.004300 0.042953 0.004145
v -0.004311 0.042941 0.004165
v -0.004131 0.042993 0.004153
v -0.004109 0.042995 0.004156
v -0.004208 0.042995 0.004057
v -0.004941 0.042572 0.003756
v -0.004733 0.042572 0.004015
v -0.004729 0.042639 0.004011
v -0.004952 0.042572 0.003740
v -0.004949 0.042635 0.003737
v -0.004941 0.042682 0.003732
v -0.004717 0.042704 0.004001
v -0.004936 0.042704 0.003728
v -0.004873 0.042854 0.003668
v -0.004890 0.042824 0.003687
v -0.004670 0.042824 0.003962
v -0.004896 0.042811 0.003693
v -0.004697 0.042766 0.003985
v -0.004916 0.042766 0.003711
v -0.004922 0.042749 0.003717
v -0.004849 0.042892 0.003638
v -0.004861 0.042875 0.003653
v -0.004554 0.042953 0.003864
v -0.004812 0.042941 0.003575
v -0.004598 0.042918 0.003901
v -0.004830 0.042919 0.003608
v -0.004798 0.042958 0.003542
v -0.004791 0.042953 0.003566
v -0.004787 0.042971 0.003506
v -0.004741 0.042979 0.003529
v -0.004778 0.042980 0.003471
v -0.004773 0.042988 0.003435
v -0.004688 0.042995 0.003490
v -0.004770 0.042993 0.003398
v -0.004840 0.043000 0.003156
v -0.004805 0.043000 0.003220
v -0.004635 0.043000 0.003450
v -0.004782 0.042999 0.003290
v -0.004775 0.042998 0.003325
v -0.004771 0.042996 0.003362
v -0.004771 0.042995 0.003377
v -0.004060 0.042998 0.004169
v -0.004025 0.042999 0.004182
v -0.004160 0.043000 0.004010
v -0.003961 0.043000 0.004216
v -0.004095 0.042996 0.004159
v -0.004255 0.042979 0.004102
v -0.004240 0.042971 0.004151
v -0.004204 0.042980 0.004148
v -0.004167 0.042988 0.004149
v -0.004379 0.042892 0.004191
v -0.004435 0.042824 0.004224
v -0.004482 0.042704 0.004262
v -0.004467 0.042756 0.004248
v -0.004463 0.042766 0.004245
v -0.004442 0.042811 0.004229
v -0.004484 0.042697 0.004263
v -0.004507 0.042979 0.003823
v -0.004457 0.042995 0.003781
v -0.004406 0.043000 0.003738
v -0.004347 0.042919 0.004177
v -0.005176 0.042958 0.002962
v -0.005195 0.042953 0.002946
v -0.005212 0.042941 0.002962
v -0.005033 0.042993 0.002995
v -0.005014 0.042995 0.003004
v -0.005085 0.042995 0.002883
v -0.005714 0.042682 0.002386
v -0.005723 0.042635 0.002389
v -0.005578 0.042639 0.002709
v -0.005727 0.042572 0.002391
v -0.005632 0.042572 0.002606
v -0.005582 0.042572 0.002712
v -0.005707 0.042704 0.002383
v -0.005563 0.042704 0.002702
v -0.005692 0.042749 0.002376
v -0.005540 0.042766 0.002691
v -0.005684 0.042766 0.002372
v -0.005602 0.042892 0.002317
v -0.005617 0.042875 0.002329
v -0.005469 0.042875 0.002657
v -0.005633 0.042854 0.002341
v -0.005509 0.042824 0.002676
v -0.005653 0.042824 0.002355
v -0.005661 0.042811 0.002360
v -0.005372 0.042953 0.002610
v -0.005550 0.042941 0.002266
v -0.005424 0.042918 0.002635
v -0.005576 0.042919 0.002294
v -0.005528 0.042958 0.002237
v -0.005527 0.042953 0.002263
v -0.005508 0.042971 0.002206
v -0.005470 0.042979 0.002239
v -0.005491 0.042980 0.002174
v -0.005477 0.042988 0.002140
v -0.005409 0.042995 0.002215
v -0.005466 0.042993 0.002105
v -0.005473 0.043000 0.001853
v -0.005455 0.043000 0.001924
v -0.005347 0.043000 0.002189
v -0.005450 0.042999 0.001997
v -0.005452 0.042998 0.002033
v -0.005457 0.042996 0.002070
v -0.005460 0.042995 0.002084
v -0.004969 0.042998 0.003029
v -0.004939 0.042999 0.003050
v -0.005026 0.043000 0.002850
v -0.004885 0.043000 0.003099
v -0.005000 0.042996 0.003010
v -0.005141 0.042979 0.002915
v -0.005139 0.042971 0.002966
v -0.005103 0.042980 0.002973
v -0.005068 0.042988 0.002982
v -0.005303 0.042875 0.002975
v -0.005284 0.042892 0.002971
v -0.005378 0.042766 0.003002
v -0.005354 0.042811 0.002991
v -0.005346 0.042824 0.002988
v -0.005322 0.042854 0.002980
v -0.005416 0.042635 0.003021
v -0.005403 0.042697 0.003014
v -0.005401 0.042704 0.003013
v -0.005383 0.042756 0.003004
v -0.005420 0.042572 0.003024
v -0.005316 0.042979 0.002582
v -0.005257 0.042995 0.002554
v -0.005197 0.043000 0.002525
v -0.005250 0.042919 0.002965
v -0.005822 0.042919 0.001566
v -0.005799 0.042933 0.001570
v -0.005784 0.042943 0.001566
v -0.006137 0.042635 0.000891
v -0.006142 0.042572 0.000892
v -0.006081 0.042572 0.001238
v -0.006075 0.042646 0.001237
v -0.006135 0.042646 0.000891
v -0.006056 0.042718 0.001233
v -0.006116 0.042718 0.000888
v -0.006127 0.042682 0.000890
v -0.006038 0.042854 0.000867
v -0.006044 0.042847 0.000869
v -0.005983 0.042847 0.001218
v -0.006070 0.042811 0.000878
v -0.006025 0.042786 0.001227
v -0.006085 0.042786 0.000882
v -0.006104 0.042749 0.000886
v -0.005931 0.042900 0.001208
v -0.006002 0.042892 0.000851
v -0.005872 0.042943 0.001195
v -0.005971 0.042919 0.000835
v -0.005993 0.042900 0.000847
v -0.005936 0.042943 0.000820
v -0.005937 0.042943 0.000812
v -0.005939 0.042941 0.000814
v -0.005911 0.042958 0.000792
v -0.005869 0.042974 0.000811
v -0.005884 0.042971 0.000767
v -0.005818 0.042993 0.000680
v -0.005837 0.042988 0.000711
v -0.005797 0.042994 0.000801
v -0.005859 0.042980 0.000740
v -0.005875 0.042974 0.000758
v -0.005762 0.043000 0.000434
v -0.005762 0.043000 0.000507
v -0.005724 0.043000 0.000791
v -0.005776 0.042999 0.000579
v -0.005787 0.042998 0.000614
v -0.005801 0.042996 0.000647
v -0.005813 0.042994 0.000672
v -0.005566 0.042998 0.001698
v -0.005542 0.042999 0.001726
v -0.005577 0.043000 0.001510
v -0.005502 0.043000 0.001786
v -0.005718 0.042974 0.001548
v -0.005704 0.042974 0.001600
v -0.005649 0.042994 0.001530
v -0.005682 0.042980 0.001610
v -0.005650 0.042988 0.001628
v -0.005620 0.042993 0.001649
v -0.005613 0.042994 0.001654
v -0.005592 0.042996 0.001672
v -0.005785 0.042941 0.001573
v -0.005750 0.042958 0.001582
v -0.005715 0.042971 0.001595
v -0.005896 0.042854 0.001563
v -0.005857 0.042892 0.001563
v -0.005848 0.042900 0.001564
v -0.005902 0.042847 0.001563
v -0.005976 0.042718 0.001574
v -0.005961 0.042756 0.001571
v -0.005945 0.042786 0.001568
v -0.005930 0.042811 0.001566
v -0.006061 0.042572 0.001334
v -0.006001 0.042572 0.001581
v -0.005997 0.042635 0.001579
v -0.005995 0.042646 0.001579
v -0.005983 0.042697 0.001576
v -0.005805 0.042974 0.001182
v -0.005735 0.042994 0.001168
v -0.005662 0.043000 0.001153
v -0.006062 0.042892 0.000057
v -0.006053 0.042900 0.000060
v -0.006045 0.042900 -0.000305
v -0.006029 0.042919 0.000069
v -0.006008 0.042933 0.000078
v -0.005991 0.042943 0.000079
v -0.006156 0.042682 -0.000662
v -0.006164 0.042646 -0.000663
v -0.006192 0.042646 -0.000313
v -0.006166 0.042635 -0.000663
v -0.006170 0.042572 -0.000664
v -0.006198 0.042572 -0.000313
v -0.006145 0.042718 -0.000661
v -0.006172 0.042718 -0.000312
v -0.006132 0.042749 -0.000660
v -0.006141 0.042786 -0.000310
v -0.006113 0.042786 -0.000659
v -0.006016 0.042900 -0.000670
v -0.006025 0.042892 -0.000668
v -0.006064 0.042854 -0.000662
v -0.006098 0.042847 -0.000308
v -0.006070 0.042847 -0.000661
v -0.006098 0.042811 -0.000660
v -0.005953 0.042943 -0.000682
v -0.005952 0.042943 -0.000690
v -0.005955 0.042941 -0.000688
v -0.005922 0.042958 -0.000703
v -0.005886 0.042974 -0.000674
v -0.005890 0.042971 -0.000721
v -0.005804 0.042993 -0.000788
v -0.005830 0.042988 -0.000763
v -0.005814 0.042994 -0.000666
v -0.005859 0.042980 -0.000741
v -0.005879 0.042974 -0.000727
v -0.005689 0.043000 -0.001012
v -0.005707 0.043000 -0.000942
v -0.005740 0.043000 -0.000658
v -0.005738 0.042999 -0.000876
v -0.005757 0.042998 -0.000845
v -0.005779 0.042996 -0.000816
v -0.005798 0.042994 -0.000795
v -0.005813 0.042998 0.000260
v -0.005797 0.042999 0.000293
v -0.005778 0.043000 0.000076
v -0.005773 0.043000 0.000362
v -0.005924 0.042974 0.000078
v -0.005923 0.042974 0.000131
v -0.005852 0.042994 0.000077
v -0.005904 0.042980 0.000146
v -0.005878 0.042988 0.000172
v -0.005854 0.042993 0.000200
v -0.005848 0.042994 0.000206
v -0.005832 0.042996 0.000229
v -0.005994 0.042941 0.000085
v -0.005963 0.042958 0.000103
v -0.005932 0.042971 0.000123
v -0.005984 0.042943 -0.000302
v -0.005991 0.042919 -0.000676
v -0.006149 0.042786 0.000040
v -0.006133 0.042811 0.000042
v -0.006106 0.042847 0.000046
v -0.006100 0.042854 0.000048
v -0.006199 0.042646 0.000038
v -0.006187 0.042697 0.000038
v -0.006180 0.042718 0.000038
v -0.006164 0.042756 0.000039
v -0.006206 0.042572 -0.000000
v -0.006201 0.042635 0.000038
v -0.006206 0.042572 0.000039
v -0.005917 0.042974 -0.000299
v -0.005845 0.042994 -0.000295
v -0.005771 0.043000 -0.000291
v -0.005856 0.042919 -0.001432
v -0.005838 0.042933 -0.001418
v -0.005823 0.042943 -0.001414
v -0.005775 0.042749 -0.002164
v -0.005787 0.042718 -0.002168
v -0.005901 0.042718 -0.001837
v -0.005881 0.042572 -0.001982
v -0.005926 0.042572 -0.001845
v -0.005919 0.042646 -0.001843
v -0.005811 0.042572 -0.002177
v -0.005807 0.042635 -0.002176
v -0.005805 0.042646 -0.002175
v -0.005798 0.042682 -0.002172
v -0.005757 0.042786 -0.002159
v -0.005871 0.042786 -0.001828
v -0.005742 0.042811 -0.002155
v -0.005830 0.042847 -0.001815
v -0.005715 0.042847 -0.002150
v -0.005709 0.042854 -0.002149
v -0.005780 0.042900 -0.001799
v -0.005670 0.042892 -0.002145
v -0.005721 0.042943 -0.001781
v -0.005635 0.042919 -0.002145
v -0.005660 0.042900 -0.002145
v -0.005596 0.042943 -0.002141
v -0.005594 0.042943 -0.002148
v -0.005597 0.042941 -0.002148
v -0.005561 0.042958 -0.002154
v -0.005533 0.042974 -0.002117
v -0.005525 0.042971 -0.002163
v -0.005426 0.042993 -0.002207
v -0.005457 0.042988 -0.002189
v -0.005466 0.042994 -0.002091
v -0.005491 0.042980 -0.002174
v -0.005514 0.042974 -0.002166
v -0.005258 0.043000 -0.002395
v -0.005294 0.043000 -0.002332
v -0.005397 0.043000 -0.002064
v -0.005340 0.042999 -0.002275
v -0.005366 0.042998 -0.002250
v -0.005395 0.042996 -0.002227
v -0.005418 0.042994 -0.002211
v -0.005695 0.042998 -0.001194
v -0.005688 0.042999 -0.001158
v -0.005615 0.043000 -0.001363
v -0.005682 0.043000 -0.001085
v -0.005757 0.042974 -0.001398
v -0.005769 0.042974 -0.001346
v -0.005687 0.042994 -0.001381
v -0.005755 0.042980 -0.001327
v -0.005736 0.042988 -0.001295
v -0.005719 0.042993 -0.001262
v -0.005716 0.042994 -0.001255
v -0.005706 0.042996 -0.001229
v -0.005827 0.042941 -0.001408
v -0.005801 0.042958 -0.001383
v -0.005776 0.042971 -0.001356
v -0.005920 0.042854 -0.001471
v -0.005886 0.042892 -0.001452
v -0.005878 0.042900 -0.001447
v -0.005925 0.042847 -0.001474
v -0.006002 0.042697 -0.001502
v -0.005995 0.042718 -0.001500
v -0.005980 0.042756 -0.001495
v -0.005965 0.042786 -0.001490
v -0.005951 0.042811 -0.001485
v -0.006014 0.042646 -0.001505
v -0.006016 0.042635 -0.001505
v -0.006021 0.042572 -0.001506
v -0.005657 0.042974 -0.001761
v -0.005588 0.042994 -0.001740
v -0.005517 0.043000 -0.001717
v -0.005275 0.042958 -0.002783
v -0.005271 0.042953 -0.002808
v -0.005294 0.042941 -0.002813
v -0.005226 0.042993 -0.002645
v -0.005223 0.042995 -0.002624
v -0.005158 0.042995 -0.002748
v -0.005076 0.042682 -0.003546
v -0.005084 0.042635 -0.003551
v -0.005276 0.042639 -0.003258
v -0.005070 0.042704 -0.003542
v -0.005263 0.042704 -0.003249
v -0.005056 0.042749 -0.003533
v -0.005241 0.042766 -0.003236
v -0.005049 0.042766 -0.003528
v -0.004958 0.042892 -0.003488
v -0.004976 0.042875 -0.003494
v -0.005174 0.042875 -0.003194
v -0.004995 0.042854 -0.003501
v -0.005211 0.042824 -0.003217
v -0.005018 0.042824 -0.003512
v -0.005026 0.042811 -0.003516
v -0.005082 0.042953 -0.003138
v -0.004887 0.042941 -0.003472
v -0.005130 0.042918 -0.003168
v -0.004924 0.042919 -0.003479
v -0.004851 0.042958 -0.003469
v -0.004872 0.042953 -0.003454
v -0.004814 0.042971 -0.003469
v -0.004822 0.042979 -0.003418
v -0.004778 0.042980 -0.003472
v -0.004741 0.042988 -0.003478
v -0.004768 0.042995 -0.003380
v -0.004706 0.042993 -0.003487
v -0.004497 0.043000 -0.003628
v -0.004548 0.043000 -0.003575
v -0.004714 0.043000 -0.003342
v -0.004606 0.042999 -0.003532
v -0.004638 0.042998 -0.003514
v -0.004672 0.042996 -0.003499
v -0.004685 0.042995 -0.003494
v -0.005220 0.042998 -0.002573
v -0.005221 0.042999 -0.002536
v -0.005099 0.043000 -0.002717
v -0.005234 0.043000 -0.002464
v -0.005221 0.042996 -0.002609
v -0.005216 0.042979 -0.002779
v -0.005258 0.042971 -0.002750
v -0.005244 0.042980 -0.002716
v -0.005233 0.042988 -0.002681
v -0.005353 0.042875 -0.002884
v -0.005340 0.042892 -0.002870
v -0.005416 0.042766 -0.002933
v -0.005395 0.042811 -0.002918
v -0.005387 0.042824 -0.002913
v -0.005368 0.042854 -0.002897
v -0.005453 0.042635 -0.002954
v -0.005440 0.042697 -0.002947
v -0.005438 0.042704 -0.002946
v -0.005421 0.042756 -0.002936
v -0.005087 0.042572 -0.003554
v -0.005281 0.042572 -0.003260
v -0.005318 0.042572 -0.003200
v -0.005457 0.042572 -0.002956
v -0.005029 0.042979 -0.003105
v -0.004973 0.042995 -0.003071
v -0.004916 0.043000 -0.003035
v -0.005316 0.042919 -0.002844
v -0.004417 0.042958 -0.004007
v -0.004407 0.042953 -0.004031
v -0.004428 0.042941 -0.004041
v -0.004404 0.042993 -0.003862
v -0.004406 0.042995 -0.003840
v -0.004313 0.042995 -0.003945
v -0.004289 0.042704 -0.004456
v -0.004030 0.042704 -0.004692
v -0.004035 0.042682 -0.004697
v -0.004018 0.042749 -0.004679
v -0.004272 0.042766 -0.004437
v -0.004013 0.042766 -0.004673
v -0.003935 0.042892 -0.004611
v -0.003951 0.042875 -0.004622
v -0.004217 0.042875 -0.004381
v -0.003967 0.042854 -0.004633
v -0.004247 0.042824 -0.004412
v -0.003987 0.042824 -0.004649
v -0.003993 0.042811 -0.004655
v -0.004142 0.042953 -0.004303
v -0.003870 0.042941 -0.004578
v -0.004182 0.042918 -0.004344
v -0.003904 0.042919 -0.004594
v -0.003836 0.042958 -0.004566
v -0.003860 0.042953 -0.004557
v -0.003800 0.042971 -0.004557
v -0.003820 0.042979 -0.004510
v -0.003764 0.042980 -0.004551
v -0.003728 0.042988 -0.004548
v -0.003778 0.042995 -0.004460
v -0.003691 0.042993 -0.004548
v -0.003454 0.043000 -0.004632
v -0.003516 0.043000 -0.004594
v -0.003734 0.043000 -0.004409
v -0.003583 0.042999 -0.004566
v -0.003619 0.042998 -0.004557
v -0.003655 0.042996 -0.004551
v -0.003669 0.042995 -0.004549
v -0.004416 0.042998 -0.003790
v -0.004426 0.042999 -0.003755
v -0.004264 0.043000 -0.003900
v -0.004456 0.043000 -0.003688
v -0.004408 0.042996 -0.003825
v -0.004361 0.042979 -0.003989
v -0.004409 0.042971 -0.003971
v -0.004404 0.042980 -0.003935
v -0.004402 0.042988 -0.003898
v -0.004468 0.042875 -0.004124
v -0.004458 0.042892 -0.004108
v -0.004517 0.042766 -0.004188
v -0.004499 0.042811 -0.004168
v -0.004494 0.042824 -0.004161
v -0.004479 0.042854 -0.004141
v -0.004547 0.042635 -0.004217
v -0.004300 0.042639 -0.004467
v -0.004041 0.042635 -0.004704
v -0.004536 0.042697 -0.004208
v -0.004535 0.042704 -0.004206
v -0.004520 0.042756 -0.004191
v -0.004044 0.042572 -0.004708
v -0.004304 0.042572 -0.004471
v -0.004506 0.042572 -0.004268
v -0.004550 0.042572 -0.004220
v -0.004099 0.042979 -0.004258
v -0.004054 0.042995 -0.004211
v -0.004007 0.043000 -0.004163
v -0.004442 0.042919 -0.004076
v -0.003289 0.042919 -0.005053
v -0.003285 0.042933 -0.005030
v -0.003277 0.042943 -0.005017
v -0.002729 0.042749 -0.005531
v -0.002735 0.042718 -0.005542
v -0.003044 0.042718 -0.005379
v -0.002907 0.042572 -0.005483
v -0.003057 0.042572 -0.005401
v -0.003054 0.042646 -0.005395
v -0.002746 0.042572 -0.005565
v -0.002744 0.042635 -0.005561
v -0.002743 0.042646 -0.005560
v -0.002740 0.042682 -0.005553
v -0.002719 0.042786 -0.005515
v -0.003029 0.042786 -0.005351
v -0.002710 0.042811 -0.005502
v -0.003007 0.042847 -0.005314
v -0.002694 0.042847 -0.005479
v -0.002690 0.042854 -0.005474
v -0.002981 0.042900 -0.005268
v -0.002664 0.042892 -0.005445
v -0.002951 0.042943 -0.005215
v -0.002639 0.042919 -0.005421
v -0.002658 0.042900 -0.005438
v -0.002614 0.042943 -0.005392
v -0.002607 0.042943 -0.005395
v -0.002610 0.042941 -0.005397
v -0.002580 0.042958 -0.005377
v -0.002585 0.042974 -0.005331
v -0.002547 0.042971 -0.005359
v -0.002444 0.042993 -0.005323
v -0.002480 0.042988 -0.005332
v -0.002553 0.042994 -0.005266
v -0.002514 0.042980 -0.005344
v -0.002537 0.042974 -0.005354
v -0.002193 0.043000 -0.005346
v -0.002263 0.043000 -0.005324
v -0.002521 0.043000 -0.005199
v -0.002335 0.042999 -0.005314
v -0.002372 0.042998 -0.005314
v -0.002408 0.042996 -0.005317
v -0.002436 0.042994 -0.005321
v -0.003335 0.042998 -0.004769
v -0.003354 0.042999 -0.004738
v -0.003160 0.043000 -0.004837
v -0.003399 0.043000 -0.004681
v -0.003240 0.042974 -0.004960
v -0.003284 0.042974 -0.004931
v -0.003200 0.042994 -0.004900
v -0.003287 0.042980 -0.004907
v -0.003295 0.042988 -0.004870
v -0.003305 0.042993 -0.004836
v -0.003308 0.042994 -0.004827
v -0.003318 0.042996 -0.004802
v -0.003283 0.042941 -0.005015
v -0.003282 0.042958 -0.004979
v -0.003283 0.042971 -0.004943
v -0.003309 0.042854 -0.005125
v -0.003297 0.042892 -0.005087
v -0.003294 0.042900 -0.005078
v -0.003311 0.042847 -0.005130
v -0.003348 0.042697 -0.005204
v -0.003344 0.042718 -0.005197
v -0.003336 0.042756 -0.005184
v -0.003328 0.042786 -0.005170
v -0.003322 0.042811 -0.005156
v -0.003354 0.042646 -0.005214
v -0.003355 0.042635 -0.005215
v -0.003358 0.042572 -0.005219
v -0.002918 0.042974 -0.005156
v -0.002883 0.042994 -0.005093
v -0.002846 0.043000 -0.005028
v -0.001929 0.042919 -0.005712
v -0.001931 0.042933 -0.005689
v -0.001926 0.042943 -0.005674
v -0.001275 0.042635 -0.006069
v -0.001276 0.042572 -0.006074
v -0.001618 0.042572 -0.005991
v -0.001616 0.042646 -0.005985
v -0.001274 0.042646 -0.006067
v -0.001611 0.042718 -0.005967
v -0.001270 0.042718 -0.006048
v -0.001273 0.042682 -0.006059
v -0.001244 0.042854 -0.005971
v -0.001247 0.042847 -0.005977
v -0.001591 0.042847 -0.005895
v -0.001257 0.042811 -0.006003
v -0.001603 0.042786 -0.005936
v -0.001262 0.042786 -0.006018
v -0.001267 0.042749 -0.006036
v -0.001578 0.042900 -0.005844
v -0.001227 0.042892 -0.005937
v -0.001562 0.042943 -0.005785
v -0.001208 0.042919 -0.005907
v -0.001222 0.042900 -0.005928
v -0.001191 0.042943 -0.005872
v -0.001183 0.042943 -0.005874
v -0.001185 0.042941 -0.005876
v -0.001162 0.042958 -0.005850
v -0.001178 0.042974 -0.005806
v -0.001135 0.042971 -0.005824
v -0.001044 0.042993 -0.005763
v -0.001076 0.042988 -0.005781
v -0.001163 0.042994 -0.005736
v -0.001106 0.042980 -0.005801
v -0.001126 0.042974 -0.005816
v -0.000795 0.043000 -0.005723
v -0.000868 0.043000 -0.005719
v -0.001149 0.043000 -0.005663
v -0.000940 0.042999 -0.005728
v -0.000976 0.042998 -0.005737
v -0.001010 0.042996 -0.005749
v -0.001036 0.042994 -0.005760
v -0.002044 0.042998 -0.005448
v -0.002070 0.042999 -0.005423
v -0.001857 0.043000 -0.005471
v -0.002128 0.043000 -0.005379
v -0.001905 0.042974 -0.005610
v -0.001955 0.042974 -0.005592
v -0.001881 0.042994 -0.005542
v -0.001964 0.042980 -0.005570
v -0.001980 0.042988 -0.005537
v -0.001999 0.042993 -0.005506
v -0.002003 0.042994 -0.005498
v -0.002020 0.042996 -0.005476
v -0.001933 0.042941 -0.005674
v -0.001940 0.042958 -0.005639
v -0.001951 0.042971 -0.005604
v -0.001930 0.042854 -0.005787
v -0.001928 0.042892 -0.005747
v -0.001928 0.042900 -0.005738
v -0.001931 0.042847 -0.005793
v -0.001946 0.042718 -0.005866
v -0.001942 0.042756 -0.005851
v -0.001938 0.042786 -0.005835
v -0.001935 0.042811 -0.005820
v -0.001660 0.042572 -0.005980
v -0.001954 0.042572 -0.005890
v -0.001953 0.042635 -0.005886
v -0.001952 0.042646 -0.005884
v -0.001948 0.042697 -0.005873
v -0.001544 0.042974 -0.005720
v -0.001525 0.042994 -0.005650
v -0.001506 0.043000 -0.005578
v -0.000477 0.042958 -0.005944
v -0.000453 0.042953 -0.005955
v -0.000461 0.042941 -0.005977
v -0.000567 0.042993 -0.005830
v -0.000583 0.042995 -0.005815
v -0.000444 0.042995 -0.005828
v -0.000076 0.042704 -0.006185
v 0.000274 0.042704 -0.006179
v 0.000274 0.042682 -0.006186
v 0.000274 0.042749 -0.006162
v -0.000076 0.042766 -0.006159
v 0.000274 0.042766 -0.006153
v 0.000288 0.042892 -0.006055
v 0.000284 0.042875 -0.006074
v -0.000075 0.042875 -0.006080
v 0.000280 0.042854 -0.006093
v -0.000076 0.042824 -0.006124
v 0.000276 0.042824 -0.006118
v 0.000275 0.042811 -0.006127
v -0.000074 0.042953 -0.005972
v 0.000313 0.042941 -0.005987
v -0.000075 0.042918 -0.006029
v 0.000299 0.042919 -0.006022
v 0.000330 0.042958 -0.005955
v 0.000306 0.042953 -0.005964
v 0.000349 0.042971 -0.005923
v 0.000303 0.042979 -0.005903
v 0.000371 0.042980 -0.005894
v 0.000396 0.042988 -0.005867
v 0.000299 0.042995 -0.005837
v 0.000422 0.042993 -0.005842
v 0.000653 0.043000 -0.005741
v 0.000582 0.043000 -0.005755
v 0.000296 0.043000 -0.005770
v 0.000514 0.042999 -0.005782
v 0.000482 0.042998 -0.005799
v 0.000451 0.042996 -0.005819
v 0.000439 0.042995 -0.005828
v -0.000625 0.042998 -0.005786
v -0.000656 0.042999 -0.005767
v -0.000438 0.043000 -0.005761
v -0.000724 0.043000 -0.005739
v -0.000595 0.042996 -0.005806
v -0.000448 0.042979 -0.005893
v -0.000496 0.042971 -0.005913
v -0.000517 0.042980 -0.005883
v -0.000541 0.042988 -0.005855
v -0.000434 0.042875 -0.006065
v -0.000438 0.042892 -0.006046
v -0.000426 0.042766 -0.006145
v -0.000427 0.042811 -0.006118
v -0.000428 0.042824 -0.006109
v -0.000430 0.042854 -0.006085
v -0.000428 0.042635 -0.006187
v -0.000077 0.042639 -0.006200
v 0.000275 0.042635 -0.006195
v -0.000427 0.042697 -0.006173
v -0.000427 0.042704 -0.006170
v -0.000426 0.042756 -0.006150
v 0.000275 0.042572 -0.006200
v -0.000077 0.042572 -0.006206
v -0.000336 0.042572 -0.006197
v -0.000428 0.042572 -0.006191
v -0.000073 0.042979 -0.005910
v -0.000072 0.042995 -0.005845
v -0.000071 0.043000 -0.005778
v -0.000448 0.042919 -0.006012
v 0.001016 0.042958 -0.005876
v 0.001042 0.042953 -0.005881
v 0.001040 0.042941 -0.005904
v 0.000901 0.042993 -0.005787
v 0.000881 0.042995 -0.005778
v 0.001020 0.042995 -0.005755
v 0.001464 0.042704 -0.006009
v 0.001802 0.042704 -0.005917
v 0.001804 0.042682 -0.005923
v 0.001797 0.042749 -0.005900
v 0.001458 0.042766 -0.005984
v 0.001795 0.042766 -0.005892
v 0.001785 0.042892 -0.005793
v 0.001785 0.042875 -0.005813
v 0.001439 0.042875 -0.005908
v 0.001786 0.042854 -0.005832
v 0.001450 0.042824 -0.005950
v 0.001789 0.042824 -0.005857
v 0.001790 0.042811 -0.005866
v 0.001414 0.042953 -0.005803
v 0.001792 0.042941 -0.005721
v 0.001427 0.042918 -0.005858
v 0.001787 0.042919 -0.005758
v 0.001800 0.042958 -0.005686
v 0.001779 0.042953 -0.005701
v 0.001811 0.042971 -0.005650
v 0.001761 0.042979 -0.005642
v 0.001825 0.042980 -0.005617
v 0.001842 0.042988 -0.005584
v 0.001742 0.042995 -0.005579
v 0.001862 0.042993 -0.005553
v 0.002060 0.043000 -0.005398
v 0.001995 0.043000 -0.005430
v 0.001722 0.043000 -0.005516
v 0.001935 0.042999 -0.005472
v 0.001909 0.042998 -0.005497
v 0.001884 0.042996 -0.005524
v 0.001875 0.042995 -0.005536
v 0.000834 0.042998 -0.005759
v 0.000798 0.042999 -0.005749
v 0.001008 0.043000 -0.005689
v 0.000726 0.043000 -0.005739
v 0.000868 0.042996 -0.005772
v 0.001031 0.042979 -0.005820
v 0.000990 0.042971 -0.005850
v 0.000963 0.042980 -0.005827
v 0.000932 0.042988 -0.005806
v 0.001088 0.042875 -0.005982
v 0.001079 0.042892 -0.005965
v 0.001116 0.042766 -0.006057
v 0.001108 0.042811 -0.006032
v 0.001105 0.042824 -0.006024
v 0.001096 0.042854 -0.006001
v 0.001124 0.042635 -0.006099
v 0.001468 0.042639 -0.006025
v 0.001807 0.042635 -0.005932
v 0.001122 0.042697 -0.006085
v 0.001121 0.042704 -0.006083
v 0.001117 0.042756 -0.006062
v 0.001125 0.042572 -0.006103
v 0.001469 0.042572 -0.006030
v 0.001660 0.042572 -0.005980
v 0.001808 0.042572 -0.005937
v 0.001399 0.042979 -0.005742
v 0.001383 0.042995 -0.005679
v 0.001368 0.043000 -0.005614
v 0.001062 0.042919 -0.005935
v 0.002446 0.042958 -0.005439
v 0.002472 0.042953 -0.005437
v 0.002475 0.042941 -0.005460
v 0.002312 0.042993 -0.005382
v 0.002291 0.042995 -0.005377
v 0.002419 0.042995 -0.005321
v 0.003220 0.042682 -0.005288
v 0.003225 0.042635 -0.005297
v 0.002920 0.042639 -0.005470
v 0.003217 0.042704 -0.005283
v 0.002912 0.042704 -0.005456
v 0.003208 0.042749 -0.005268
v 0.002900 0.042766 -0.005434
v 0.003204 0.042766 -0.005260
v 0.003170 0.042892 -0.005167
v 0.003175 0.042875 -0.005186
v 0.002863 0.042875 -0.005364
v 0.003181 0.042854 -0.005205
v 0.002884 0.042824 -0.005403
v 0.003190 0.042824 -0.005228
v 0.003193 0.042811 -0.005236
v 0.002812 0.042953 -0.005269
v 0.003158 0.042941 -0.005095
v 0.002839 0.042918 -0.005319
v 0.003163 0.042919 -0.005133
v 0.003157 0.042958 -0.005059
v 0.003141 0.042953 -0.005079
v 0.003160 0.042971 -0.005022
v 0.003109 0.042979 -0.005027
v 0.003165 0.042980 -0.004986
v 0.003173 0.042988 -0.004950
v 0.003074 0.042995 -0.004971
v 0.003184 0.042993 -0.004916
v 0.003338 0.043000 -0.004716
v 0.003282 0.043000 -0.004763
v 0.003039 0.043000 -0.004914
v 0.003235 0.042999 -0.004819
v 0.003216 0.042998 -0.004850
v 0.003199 0.042996 -0.004882
v 0.003193 0.042995 -0.004896
v 0.002240 0.042998 -0.005371
v 0.002203 0.042999 -0.005370
v 0.002391 0.043000 -0.005260
v 0.002131 0.043000 -0.005378
v 0.002276 0.042996 -0.005375
v 0.002446 0.042979 -0.005380
v 0.002414 0.042971 -0.005420
v 0.002382 0.042980 -0.005405
v 0.002347 0.042988 -0.005391
v 0.002542 0.042875 -0.005524
v 0.002529 0.042892 -0.005509
v 0.002587 0.042766 -0.005590
v 0.002573 0.042811 -0.005567
v 0.002569 0.042824 -0.005560
v 0.002554 0.042854 -0.005540
v 0.002606 0.042635 -0.005627
v 0.002600 0.042697 -0.005615
v 0.002599 0.042704 -0.005613
v 0.002589 0.042756 -0.005594
v 0.003228 0.042572 -0.005301
v 0.002922 0.042572 -0.005475
v 0.002907 0.042572 -0.005483
v 0.002607 0.042572 -0.005632
v 0.002783 0.042979 -0.005214
v 0.002752 0.042995 -0.005156
v 0.002721 0.043000 -0.005097
v 0.002504 0.042919 -0.005484
v 0.003722 0.042958 -0.004660
v 0.003746 0.042953 -0.004651
v 0.003755 0.042941 -0.004673
v 0.003578 0.042993 -0.004638
v 0.003556 0.042995 -0.004639
v 0.003666 0.042995 -0.004552
v 0.004178 0.042704 -0.004561
v 0.004429 0.042704 -0.004317
v 0.004434 0.042682 -0.004322
v 0.004417 0.042749 -0.004304
v 0.004161 0.042766 -0.004542
v 0.004412 0.042766 -0.004298
v 0.004355 0.042892 -0.004217
v 0.004365 0.042875 -0.004234
v 0.004107 0.042875 -0.004484
v 0.004375 0.042854 -0.004250
v 0.004137 0.042824 -0.004516
v 0.004390 0.042824 -0.004271
v 0.004395 0.042811 -0.004278
v 0.004034 0.042953 -0.004404
v 0.004326 0.042941 -0.004150
v 0.004073 0.042918 -0.004446
v 0.004340 0.042919 -0.004185
v 0.004316 0.042958 -0.004115
v 0.004306 0.042953 -0.004139
v 0.004309 0.042971 -0.004079
v 0.004261 0.042979 -0.004096
v 0.004305 0.042980 -0.004042
v 0.004305 0.042988 -0.004006
v 0.004214 0.042995 -0.004050
v 0.004307 0.042993 -0.003970
v 0.004406 0.043000 -0.003738
v 0.004364 0.043000 -0.003797
v 0.004166 0.043000 -0.004004
v 0.004332 0.042999 -0.003863
v 0.004321 0.042998 -0.003898
v 0.004312 0.042996 -0.003933
v 0.004310 0.042995 -0.003948
v 0.003505 0.042998 -0.004645
v 0.003469 0.042999 -0.004654
v 0.003624 0.043000 -0.004500
v 0.003401 0.043000 -0.004679
v 0.003541 0.042996 -0.004640
v 0.003707 0.042979 -0.004603
v 0.003686 0.042971 -0.004650
v 0.003651 0.042980 -0.004643
v 0.003614 0.042988 -0.004638
v 0.003836 0.042875 -0.004718
v 0.003820 0.042892 -0.004707
v 0.003896 0.042766 -0.004771
v 0.003877 0.042811 -0.004752
v 0.003870 0.042824 -0.004746
v 0.003852 0.042854 -0.004730
v 0.003923 0.042635 -0.004803
v 0.004188 0.042639 -0.004572
v 0.004441 0.042635 -0.004328
v 0.003914 0.042697 -0.004792
v 0.003913 0.042704 -0.004790
v 0.003899 0.042756 -0.004775
v 0.004445 0.042572 -0.004331
v 0.004192 0.042572 -0.004576
v 0.004018 0.042572 -0.004730
v 0.003926 0.042572 -0.004806
v 0.003992 0.042979 -0.004358
v 0.003948 0.042995 -0.004310
v 0.003903 0.043000 -0.004261
v 0.003789 0.042919 -0.004689
v 0.004764 0.042958 -0.003588
v 0.004785 0.042953 -0.003574
v 0.004799 0.042941 -0.003592
v 0.004618 0.042993 -0.003602
v 0.004598 0.042995 -0.003608
v 0.004683 0.042995 -0.003497
v 0.005181 0.042704 -0.003378
v 0.005364 0.042704 -0.003080
v 0.005370 0.042682 -0.003083
v 0.005349 0.042749 -0.003071
v 0.005159 0.042766 -0.003364
v 0.005342 0.042766 -0.003066
v 0.005267 0.042892 -0.003001
v 0.005280 0.042875 -0.003015
v 0.005093 0.042875 -0.003321
v 0.005295 0.042854 -0.003029
v 0.005130 0.042824 -0.003345
v 0.005314 0.042824 -0.003045
v 0.005321 0.042811 -0.003050
v 0.005003 0.042953 -0.003262
v 0.005222 0.042941 -0.002943
v 0.005051 0.042918 -0.003294
v 0.005244 0.042919 -0.002974
v 0.005204 0.042958 -0.002912
v 0.005200 0.042953 -0.002938
v 0.005188 0.042971 -0.002879
v 0.005146 0.042979 -0.002907
v 0.005175 0.042980 -0.002845
v 0.005166 0.042988 -0.002809
v 0.005089 0.042995 -0.002875
v 0.005159 0.042993 -0.002774
v 0.005197 0.043000 -0.002525
v 0.005171 0.043000 -0.002593
v 0.005031 0.043000 -0.002842
v 0.005157 0.042999 -0.002664
v 0.005154 0.042998 -0.002701
v 0.005155 0.042996 -0.002737
v 0.005156 0.042995 -0.002752
v 0.004550 0.042998 -0.003627
v 0.004518 0.042999 -0.003645
v 0.004630 0.043000 -0.003457
v 0.004458 0.043000 -0.003686
v 0.004584 0.042996 -0.003613
v 0.004736 0.042979 -0.003536
v 0.004727 0.042971 -0.003587
v 0.004691 0.042980 -0.003589
v 0.004654 0.042988 -0.003594
v 0.004888 0.042875 -0.003616
v 0.004870 0.042892 -0.003609
v 0.004960 0.042766 -0.003652
v 0.004937 0.042811 -0.003639
v 0.004929 0.042824 -0.003635
v 0.004907 0.042854 -0.003624
v 0.004994 0.042635 -0.003676
v 0.005194 0.042639 -0.003387
v 0.005378 0.042635 -0.003088
v 0.004983 0.042697 -0.003668
v 0.004981 0.042704 -0.003666
v 0.004964 0.042756 -0.003655
v 0.004998 0.042572 -0.003679
v 0.005198 0.042572 -0.003390
v 0.005318 0.042572 -0.003200
v 0.005382 0.042572 -0.003090
v 0.004951 0.042979 -0.003228
v 0.004896 0.042995 -0.003193
v 0.004840 0.043000 -0.003156
v 0.004837 0.042919 -0.003600
v 0.005506 0.042958 -0.002290
v 0.005524 0.042953 -0.002271
v 0.005542 0.042941 -0.002286
v 0.005369 0.042993 -0.002340
v 0.005351 0.042995 -0.002352
v 0.005406 0.042995 -0.002223
v 0.005968 0.042682 -0.001651
v 0.005977 0.042635 -0.001653
v 0.005873 0.042639 -0.001989
v 0.005981 0.042572 -0.001654
v 0.005878 0.042572 -0.001991
v 0.005961 0.042704 -0.001649
v 0.005858 0.042704 -0.001984
v 0.005945 0.042749 -0.001644
v 0.005834 0.042766 -0.001976
v 0.005937 0.042766 -0.001641
v 0.005848 0.042892 -0.001597
v 0.005864 0.042875 -0.001607
v 0.005759 0.042875 -0.001950
v 0.005882 0.042854 -0.001617
v 0.005801 0.042824 -0.001964
v 0.005904 0.042824 -0.001628
v 0.005912 0.042811 -0.001631
v 0.005657 0.042953 -0.001916
v 0.005790 0.042941 -0.001552
v 0.005711 0.042918 -0.001934
v 0.005819 0.042919 -0.001577
v 0.005765 0.042958 -0.001527
v 0.005767 0.042953 -0.001552
v 0.005741 0.042971 -0.001498
v 0.005707 0.042979 -0.001536
v 0.005720 0.042980 -0.001468
v 0.005702 0.042988 -0.001437
v 0.005644 0.042995 -0.001519
v 0.005687 0.042993 -0.001404
v 0.005662 0.043000 -0.001153
v 0.005653 0.043000 -0.001225
v 0.005579 0.043000 -0.001502
v 0.005657 0.042999 -0.001298
v 0.005664 0.042998 -0.001334
v 0.005674 0.042996 -0.001369
v 0.005679 0.042995 -0.001383
v 0.005309 0.042998 -0.002382
v 0.005282 0.042999 -0.002407
v 0.005344 0.043000 -0.002197
v 0.005235 0.043000 -0.002462
v 0.005338 0.042996 -0.002360
v 0.005466 0.042979 -0.002248
v 0.005470 0.042971 -0.002299
v 0.005436 0.042980 -0.002309
v 0.005402 0.042988 -0.002324
v 0.005634 0.042875 -0.002287
v 0.005615 0.042892 -0.002285
v 0.005712 0.042766 -0.002304
v 0.005687 0.042811 -0.002297
v 0.005678 0.042824 -0.002295
v 0.005654 0.042854 -0.002290
v 0.005752 0.042635 -0.002319
v 0.005739 0.042697 -0.002313
v 0.005737 0.042704 -0.002312
v 0.005717 0.042756 -0.002305
v 0.005756 0.042572 -0.002320
v 0.005598 0.042979 -0.001896
v 0.005536 0.042995 -0.001875
v 0.005473 0.043000 -0.001853
v 0.005580 0.042919 -0.002284
v 0.005903 0.042958 -0.000849
v 0.005915 0.042953 -0.000826
v 0.005936 0.042941 -0.000836
v 0.005783 0.042993 -0.000932
v 0.005767 0.042995 -0.000947
v 0.005789 0.042995 -0.000809
v 0.006168 0.042704 -0.000465
v 0.006184 0.042704 -0.000115
v 0.006191 0.042682 -0.000115
v 0.006167 0.042749 -0.000114
v 0.006142 0.042766 -0.000463
v 0.006158 0.042766 -0.000113
v 0.006061 0.042892 -0.000092
v 0.006080 0.042875 -0.000098
v 0.006063 0.042875 -0.000457
v 0.006099 0.042854 -0.000103
v 0.006107 0.042824 -0.000460
v 0.006123 0.042824 -0.000108
v 0.006132 0.042811 -0.000110
v 0.005955 0.042953 -0.000449
v 0.005994 0.042941 -0.000063
v 0.006013 0.042918 -0.000453
v 0.006029 0.042919 -0.000080
v 0.005964 0.042958 -0.000045
v 0.005972 0.042953 -0.000069
v 0.005933 0.042971 -0.000023
v 0.005910 0.042979 -0.000069
v 0.005906 0.042980 0.000000
v 0.005880 0.042988 0.000027
v 0.005845 0.042995 -0.000068
v 0.005857 0.042993 0.000055
v 0.005771 0.043000 0.000291
v 0.005781 0.043000 0.000219
v 0.005778 0.043000 -0.000067
v 0.005803 0.042999 0.000150
v 0.005818 0.042998 0.000116
v 0.005836 0.042996 0.000085
v 0.005844 0.042995 0.000072
v 0.005735 0.042998 -0.000987
v 0.005715 0.042999 -0.001017
v 0.005722 0.043000 -0.000799
v 0.005682 0.043000 -0.001083
v 0.005757 0.042996 -0.000958
v 0.005853 0.042979 -0.000818
v 0.005870 0.042971 -0.000866
v 0.005839 0.042980 -0.000885
v 0.005810 0.042988 -0.000907
v 0.006026 0.042875 -0.000814
v 0.006007 0.042892 -0.000817
v 0.006106 0.042766 -0.000811
v 0.006079 0.042811 -0.000810
v 0.006070 0.042824 -0.000810
v 0.006046 0.042854 -0.000812
v 0.006147 0.042635 -0.000815
v 0.006183 0.042639 -0.000466
v 0.006200 0.042635 -0.000115
v 0.006134 0.042697 -0.000813
v 0.006131 0.042704 -0.000813
v 0.006111 0.042756 -0.000811
v 0.006205 0.042572 -0.000115
v 0.006188 0.042572 -0.000466
v 0.006170 0.042572 -0.000671
v 0.006152 0.042572 -0.000816
v 0.005894 0.042979 -0.000444
v 0.005828 0.042995 -0.000439
v 0.005762 0.043000 -0.000434
v 0.005972 0.042919 -0.000824
v 0.005929 0.042958 0.000646
v 0.005935 0.042953 0.000671
v 0.005957 0.042941 0.000667
v 0.005833 0.042993 0.000536
v 0.005822 0.042995 0.000517
v 0.005808 0.042995 0.000656
v 0.006089 0.042704 0.001084
v 0.006018 0.042704 0.001427
v 0.006025 0.042682 0.001428
v 0.006001 0.042749 0.001423
v 0.006064 0.042766 0.001079
v 0.005993 0.042766 0.001422
v 0.005894 0.042892 0.001418
v 0.005913 0.042875 0.001417
v 0.005987 0.042875 0.001065
v 0.005933 0.042854 0.001417
v 0.006030 0.042824 0.001073
v 0.005958 0.042824 0.001418
v 0.005967 0.042811 0.001419
v 0.005880 0.042953 0.001046
v 0.005822 0.042941 0.001429
v 0.005936 0.042918 0.001057
v 0.005859 0.042919 0.001422
v 0.005787 0.042958 0.001440
v 0.005802 0.042953 0.001418
v 0.005753 0.042971 0.001453
v 0.005741 0.042979 0.001403
v 0.005720 0.042980 0.001469
v 0.005689 0.042988 0.001488
v 0.005678 0.042995 0.001388
v 0.005659 0.042993 0.001509
v 0.005517 0.043000 0.001717
v 0.005544 0.043000 0.001650
v 0.005613 0.043000 0.001372
v 0.005583 0.042999 0.001588
v 0.005606 0.042998 0.001560
v 0.005632 0.042996 0.001533
v 0.005643 0.042995 0.001524
v 0.005800 0.042998 0.000470
v 0.005788 0.042999 0.000436
v 0.005741 0.043000 0.000649
v 0.005773 0.043000 0.000364
v 0.005815 0.042996 0.000504
v 0.005873 0.042979 0.000664
v 0.005901 0.042971 0.000621
v 0.005876 0.042980 0.000595
v 0.005853 0.042988 0.000566
v 0.006039 0.042875 0.000710
v 0.006021 0.042892 0.000703
v 0.006116 0.042766 0.000733
v 0.006090 0.042811 0.000727
v 0.006081 0.042824 0.000725
v 0.006058 0.042854 0.000717
v 0.006157 0.042635 0.000739
v 0.006105 0.042639 0.001086
v 0.006034 0.042635 0.001431
v 0.006143 0.042697 0.000738
v 0.006141 0.042704 0.000737
v 0.006121 0.042756 0.000734
v 0.006162 0.042572 0.000740
v 0.006110 0.042572 0.001087
v 0.006061 0.042572 0.001334
v 0.006039 0.042572 0.001432
v 0.005819 0.042979 0.001036
v 0.005755 0.042995 0.001024
v 0.005689 0.043000 0.001012
v 0.005990 0.042919 0.000687
v 0.005631 0.042919 0.002155
v 0.005615 0.042933 0.002139
v 0.005600 0.042943 0.002133
v 0.005459 0.042749 0.002871
v 0.005470 0.042718 0.002876
v 0.005624 0.042718 0.002562
v 0.005632 0.042572 0.002606
v 0.005648 0.042572 0.002573
v 0.005642 0.042646 0.002570
v 0.005493 0.042572 0.002889
v 0.005489 0.042635 0.002886
v 0.005487 0.042646 0.002885
v 0.005480 0.042682 0.002882
v 0.005441 0.042786 0.002864
v 0.005595 0.042786 0.002549
v 0.005427 0.042811 0.002858
v 0.005556 0.042847 0.002531
v 0.005400 0.042847 0.002849
v 0.005394 0.042854 0.002848
v 0.005508 0.042900 0.002509
v 0.005356 0.042892 0.002839
v 0.005453 0.042943 0.002484
v 0.005321 0.042919 0.002834
v 0.005347 0.042900 0.002837
v 0.005284 0.042943 0.002826
v 0.005280 0.042943 0.002832
v 0.005283 0.042941 0.002832
v 0.005248 0.042958 0.002834
v 0.005224 0.042974 0.002794
v 0.005211 0.042971 0.002838
v 0.005106 0.042993 0.002869
v 0.005140 0.042988 0.002856
v 0.005161 0.042993 0.002760
v 0.005175 0.042980 0.002846
v 0.005199 0.042974 0.002840
v 0.004916 0.043000 0.003035
v 0.004960 0.043000 0.002977
v 0.005095 0.043000 0.002725
v 0.005013 0.042999 0.002926
v 0.005042 0.042998 0.002905
v 0.005073 0.042996 0.002886
v 0.005098 0.042994 0.002873
v 0.005501 0.042998 0.001898
v 0.005498 0.042999 0.001862
v 0.005400 0.043000 0.002056
v 0.005501 0.043000 0.001789
v 0.005536 0.042974 0.002108
v 0.005555 0.042974 0.002059
v 0.005469 0.042994 0.002083
v 0.005543 0.042980 0.002038
v 0.005528 0.042988 0.002004
v 0.005516 0.042993 0.001969
v 0.005514 0.042994 0.001961
v 0.005507 0.042996 0.001934
v 0.005604 0.042941 0.002128
v 0.005582 0.042958 0.002100
v 0.005561 0.042971 0.002069
v 0.005689 0.042854 0.002201
v 0.005657 0.042892 0.002178
v 0.005650 0.042900 0.002172
v 0.005694 0.042847 0.002205
v 0.005767 0.042697 0.002242
v 0.005760 0.042718 0.002239
v 0.005746 0.042756 0.002233
v 0.005732 0.042786 0.002226
v 0.005718 0.042811 0.002219
v 0.005778 0.042646 0.002246
v 0.005780 0.042635 0.002247
v 0.005784 0.042572 0.002249
v 0.005391 0.042974 0.002456
v 0.005326 0.042994 0.002426
v 0.005258 0.043000 0.002395
v -0.001713 0.034440 -0.005068
v -0.001660 0.034440 -0.005980
v -0.001102 0.034440 -0.005235
v -0.001004 0.034440 -0.006124
v -0.000475 0.034440 -0.005329
v -0.000336 0.034440 -0.006197
v 0.000159 0.034440 -0.005348
v 0.000336 0.034440 -0.006197
v 0.000790 0.034440 -0.005291
v 0.001004 0.034440 -0.006124
v 0.001410 0.034440 -0.005161
v 0.001660 0.034440 -0.005980
v 0.002011 0.034440 -0.004958
v 0.002297 0.034440 -0.005765
v 0.002583 0.034440 -0.004685
v 0.002907 0.034440 -0.005483
v 0.003119 0.034440 -0.004347
v 0.003483 0.034440 -0.005137
v 0.003611 0.034440 -0.003947
v 0.004018 0.034440 -0.004730
v 0.004053 0.034440 -0.003493
v 0.004506 0.034440 -0.004268
v 0.004941 0.034440 -0.003756
v 0.004437 0.034440 -0.002989
v 0.005318 0.034440 -0.003200
v 0.004760 0.034440 -0.002443
v 0.005632 0.034440 -0.002606
v 0.005015 0.034440 -0.001863
v 0.005881 0.034440 -0.001982
v 0.005200 0.034440 -0.001257
v 0.006061 0.034440 -0.001334
v 0.005312 0.034440 -0.000633
v 0.006170 0.034440 -0.000671
v 0.005350 0.034440 -0.000000
v 0.006206 0.034440 -0.000000
v 0.005312 0.034440 0.000633
v 0.006170 0.034440 0.000671
v 0.005200 0.034440 0.001257
v 0.006061 0.034440 0.001334
v 0.005015 0.034440 0.001863
v 0.005881 0.034440 0.001982
v 0.004760 0.034440 0.002443
v 0.005632 0.034440 0.002606
v 0.004437 0.034440 0.002989
v 0.005318 0.034440 0.003200
v 0.004941 0.034440 0.003756
v 0.004053 0.034440 0.003493
v 0.004506 0.034440 0.004268
v 0.003611 0.034440 0.003947
v 0.004018 0.034440 0.004730
v 0.003119 0.034440 0.004347
v 0.003483 0.034440 0.005137
v 0.002583 0.034440 0.004685
v 0.002907 0.034440 0.005483
v 0.002011 0.034440 0.004958
v 0.002297 0.034440 0.005765
v 0.001410 0.034440 0.005161
v 0.001660 0.034440 0.005980
v 0.000790 0.034440 0.005291
v 0.001004 0.034440 0.006124
v 0.000159 0.034440 0.005348
v 0.000336 0.034440 0.006197
v -0.000475 0.034440 0.005329
v -0.000336 0.034440 0.006197
v -0.001102 0.034440 0.005235
v -0.001004 0.034440 0.006124
v -0.001660 0.034440 0.005980
v -0.001713 0.034440 0.005068
v -0.002297 0.034440 0.005765
v -0.002301 0.034440 0.004830
v -0.002907 0.034440 0.005483
v -0.002856 0.034440 0.004524
v -0.003483 0.034440 0.005137
v -0.003371 0.034440 0.004154
v -0.004018 0.034440 0.004730
v -0.003839 0.034440 0.003727
v -0.004506 0.034440 0.004268
v -0.004252 0.034440 0.003246
v -0.004941 0.034440 0.003756
v -0.004607 0.034440 0.002721
v -0.005318 0.034440 0.003200
v -0.004896 0.034440 0.002157
v -0.005632 0.034440 0.002606
v -0.005117 0.034440 0.001563
v -0.005881 0.034440 0.001982
v -0.005266 0.034440 0.000946
v -0.006061 0.034440 0.001334
v -0.005341 0.034440 0.000317
v -0.006170 0.034440 0.000671
v -0.005350 0.034440 -0.000000
v -0.006206 0.034440 -0.000000
v -0.005341 0.034440 -0.000317
v -0.006170 0.034440 -0.000671
v -0.005266 0.034440 -0.000946
v -0.006061 0.034440 -0.001334
v -0.005117 0.034440 -0.001563
v -0.005881 0.034440 -0.001982
v -0.004896 0.034440 -0.002157
v -0.005632 0.034440 -0.002606
v -0.004607 0.034440 -0.002721
v -0.005318 0.034440 -0.003200
v -0.004252 0.034440 -0.003246
v -0.004941 0.034440 -0.003756
v -0.003839 0.034440 -0.003727
v -0.004506 0.034440 -0.004268
v -0.003371 0.034440 -0.004154
v -0.004018 0.034440 -0.004730
v -0.002856 0.034440 -0.004524
v -0.003483 0.034440 -0.005137
v -0.002301 0.034440 -0.004830
v -0.002907 0.034440 -0.005483
v -0.002297 0.034440 -0.005765
v -0.000336 0.035296 0.006197
v -0.006061 0.035296 -0.001334
v -0.003483 0.035296 -0.005137
v 0.001004 0.035296 -0.006124
v 0.004941 0.035296 -0.003756
v 0.006170 0.035296 0.000671
v 0.006206 0.034440 -0.000000
v 0.004018 0.035296 0.004730
v 0.003422 0.035296 0.005177
v 0.003986 0.035296 0.004757
v 0.004830 0.042572 0.003896
v 0.004602 0.042572 0.004164
v 0.004602 0.035296 0.004164
v 0.004941 0.042572 0.003756
v 0.004506 0.035296 0.004268
v 0.005043 0.042572 0.003617
v 0.005043 0.035296 0.003617
v 0.005318 0.035296 0.003200
v 0.005493 0.035296 0.002889
v 0.006039 0.035296 0.001432
v 0.005881 0.035296 0.001982
v 0.005784 0.035296 0.002249
v 0.006162 0.035296 0.000740
v 0.006205 0.035296 -0.000115
v 0.006206 0.035296 -0.000000
v 0.006152 0.035296 -0.000816
v 0.006061 0.035296 -0.001334
v 0.005981 0.035296 -0.001654
v 0.005756 0.035296 -0.002320
v 0.005632 0.035296 -0.002606
v 0.005382 0.035296 -0.003090
v 0.004998 0.035296 -0.003679
v 0.004445 0.035296 -0.004331
v 0.004506 0.035296 -0.004268
v 0.003228 0.035296 -0.005301
v 0.003926 0.035296 -0.004806
v 0.003483 0.035296 -0.005137
v 0.002607 0.035296 -0.005632
v 0.002297 0.035296 -0.005765
v 0.001808 0.035296 -0.005937
v 0.001125 0.035296 -0.006103
v 0.000275 0.035296 -0.006200
v 0.000336 0.035296 -0.006197
v -0.001276 0.035296 -0.006074
v -0.000428 0.035296 -0.006191
v -0.001004 0.035296 -0.006124
v -0.001954 0.035296 -0.005890
v -0.002297 0.035296 -0.005765
v -0.002746 0.035296 -0.005565
v -0.003358 0.035296 -0.005219
v -0.004044 0.035296 -0.004708
v -0.004018 0.035296 -0.004730
v -0.005087 0.035296 -0.003554
v -0.004550 0.035296 -0.004220
v -0.004941 0.035296 -0.003756
v -0.005457 0.035296 -0.002956
v -0.005632 0.035296 -0.002606
v -0.005811 0.035296 -0.002177
v -0.006021 0.035296 -0.001506
v -0.006170 0.035296 -0.000664
v -0.006206 0.034440 -0.000000
v -0.006170 0.035296 -0.000671
v -0.006142 0.035296 0.000892
v -0.006206 0.035296 0.000039
v -0.006170 0.035296 0.000671
v -0.006001 0.035296 0.001581
v -0.005881 0.035296 0.001982
v -0.005727 0.035296 0.002391
v -0.004952 0.035296 0.003740
v -0.005318 0.035296 0.003200
v -0.005420 0.035296 0.003024
v -0.003867 0.035296 0.004854
v -0.004497 0.035296 0.004276
v -0.004018 0.035296 0.004730
v -0.003293 0.035296 0.005260
v -0.002907 0.035296 0.005483
v -0.002538 0.035296 0.005663
v -0.001050 0.035296 0.006117
v -0.001660 0.035296 0.005980
v -0.001881 0.035296 0.005914
v -0.000351 0.035296 0.006196
v 0.000504 0.035296 0.006185
v 0.000336 0.035296 0.006197
v 0.001201 0.035296 0.006089
v 0.001660 0.035296 0.005980
v 0.002027 0.035296 0.005866
v 0.002907 0.035296 0.005483
v 0.002677 0.035296 0.005599
v -0.005473 0.043000 0.001853
v 0.002846 0.043000 0.005028
v 0.003152 0.043000 0.004842
v 0.004007 0.043000 0.004163
v 0.004258 0.043000 0.003906
v -0.004007 0.043000 -0.004163
v 0.004497 0.043000 0.003628
v 0.002391 0.043000 -0.005260
v 0.002060 0.043000 -0.005398
v 0.004916 0.043000 0.003035
v -0.005762 0.043000 0.000434
v -0.005724 0.043000 0.000791
v 0.002721 0.043000 -0.005097
v 0.004719 0.043000 0.003335
v -0.003734 0.043000 -0.004409
v -0.003454 0.043000 -0.004632
v -0.004264 0.043000 -0.003900
v -0.004497 0.043000 -0.003628
v -0.004714 0.043000 -0.003342
v -0.005258 0.043000 -0.002395
v -0.005397 0.043000 -0.002064
v -0.005689 0.043000 -0.001012
v -0.005740 0.043000 -0.000658
v 0.000795 0.043000 0.005723
v 0.001157 0.043000 0.005661
v 0.001506 0.043000 0.005578
v 0.001849 0.043000 0.005474
v 0.003454 0.043000 0.004632
v 0.003741 0.043000 0.004403
v 0.003338 0.043000 -0.004716
v 0.005095 0.043000 0.002725
v 0.005258 0.043000 0.002395
v 0.005771 0.043000 0.000291
v 0.005778 0.043000 -0.000067
v -0.004916 0.043000 -0.003035
v -0.005099 0.043000 -0.002717
v -0.005517 0.043000 -0.001717
v -0.005615 0.043000 -0.001363
v -0.005771 0.043000 -0.000291
v -0.005778 0.043000 0.000076
v -0.005662 0.043000 0.001153
v -0.005577 0.043000 0.001510
v -0.005347 0.043000 0.002189
v -0.005197 0.043000 0.002525
v 0.000071 0.043000 0.005778
v -0.005026 0.043000 0.002850
v -0.004840 0.043000 0.003156
v -0.004635 0.043000 0.003450
v -0.004406 0.043000 0.003738
v -0.004160 0.043000 0.004010
v -0.003903 0.043000 0.004261
v -0.003631 0.043000 0.004494
v -0.003338 0.043000 0.004716
v -0.003032 0.043000 0.004919
v -0.002721 0.043000 0.005097
v -0.002399 0.043000 0.005256
v -0.000653 0.043000 0.005741
v -0.000287 0.043000 0.005771
v -0.001017 0.043000 0.005688
v -0.001368 0.043000 0.005614
v 0.000430 0.043000 0.005762
v 0.002193 0.043000 0.005346
v 0.002529 0.043000 0.005195
v 0.005400 0.043000 0.002056
v 0.005517 0.043000 0.001717
v 0.005613 0.043000 0.001372
v 0.003039 0.043000 -0.004914
v 0.001722 0.043000 -0.005516
v 0.001368 0.043000 -0.005614
v 0.001008 0.043000 -0.005689
v -0.002193 0.043000 -0.005346
v -0.002521 0.043000 -0.005199
v -0.002060 0.043000 0.005398
v -0.001713 0.043000 0.005518
v 0.005689 0.043000 0.001012
v 0.005741 0.043000 0.000649
v 0.005762 0.043000 -0.000434
v 0.005722 0.043000 -0.000799
v 0.005662 0.043000 -0.001153
v 0.005473 0.043000 -0.001853
v 0.005344 0.043000 -0.002197
v 0.004406 0.043000 -0.003738
v 0.005197 0.043000 -0.002525
v 0.004630 0.043000 -0.003457
v 0.005031 0.043000 -0.002842
v 0.004840 0.043000 -0.003156
v 0.004166 0.043000 -0.004004
v 0.003903 0.043000 -0.004261
v 0.003624 0.043000 -0.004500
v 0.000653 0.043000 -0.005741
v 0.000296 0.043000 -0.005770
v -0.000071 0.043000 -0.005778
v -0.000438 0.043000 -0.005761
v -0.000795 0.043000 -0.005723
v -0.001149 0.043000 -0.005663
v 0.005579 0.043000 -0.001502
v -0.001506 0.043000 -0.005578
v -0.001857 0.043000 -0.005471
v -0.002846 0.043000 -0.005028
v -0.003160 0.043000 -0.004837
v -0.005341 0.042144 0.000317
v -0.005350 0.034440 -0.000000
v -0.005341 0.042144 -0.000317
v -0.005266 0.042144 -0.000946
v -0.005117 0.042144 -0.001563
v -0.004896 0.042144 -0.002157
v -0.004607 0.042144 -0.002721
v -0.004252 0.042144 -0.003246
v -0.003839 0.042144 -0.003727
v -0.003371 0.042144 -0.004154
v -0.002856 0.042144 -0.004524
v -0.002301 0.042144 -0.004830
v -0.001713 0.042144 -0.005068
v -0.001102 0.042144 -0.005235
v -0.000475 0.042144 -0.005329
v 0.000159 0.042144 -0.005348
v 0.000790 0.042144 -0.005291
v 0.001410 0.042144 -0.005161
v 0.002011 0.042144 -0.004958
v 0.002583 0.042144 -0.004685
v 0.003119 0.042144 -0.004347
v 0.003611 0.042144 -0.003947
v 0.004053 0.042144 -0.003493
v 0.004437 0.042144 -0.002989
v 0.004760 0.042144 -0.002443
v 0.005015 0.042144 -0.001863
v 0.005200 0.042144 -0.001257
v 0.005312 0.042144 -0.000633
v 0.005350 0.042144 -0.000000
v 0.005350 0.034440 -0.000000
v 0.005312 0.042144 0.000633
v 0.005200 0.042144 0.001257
v 0.005015 0.042144 0.001863
v 0.004760 0.042144 0.002443
v 0.004437 0.042144 0.002989
v 0.004053 0.042144 0.003493
v 0.003611 0.042144 0.003947
v 0.003119 0.042144 0.004347
v 0.002583 0.042144 0.004685
v 0.002011 0.042144 0.004958
v 0.001410 0.042144 0.005161
v 0.000790 0.042144 0.005291
v 0.000159 0.042144 0.005348
v -0.000475 0.042144 0.005329
v -0.001102 0.042144 0.005235
v -0.001713 0.042144 0.005068
v -0.002301 0.042144 0.004830
v -0.002856 0.042144 0.004524
v -0.003371 0.042144 0.004154
v -0.003839 0.042144 0.003727
v -0.004252 0.042144 0.003246
v -0.004607 0.042144 0.002721
v -0.004896 0.042144 0.002157
v -0.005117 0.042144 0.001563
v -0.005266 0.042144 0.000946
v 0.005350 0.042144 -0.000000
v -0.000000 0.042144 -0.000000
v 0.004884 0.042958 0.003422
v 0.004877 0.042953 0.003447
v 0.004899 0.042941 0.003455
v 0.004853 0.042993 0.003279
v 0.004853 0.042995 0.003258
v 0.004773 0.042995 0.003373
v 0.004591 0.042682 0.004154
v 0.004598 0.042635 0.004161
v 0.004826 0.042639 0.003893
v 0.004586 0.042704 0.004150
v 0.004814 0.042704 0.003883
v 0.004573 0.042749 0.004138
v 0.004794 0.042766 0.003867
v 0.004567 0.042766 0.004133
v 0.004482 0.042892 0.004082
v 0.004499 0.042875 0.004090
v 0.004733 0.042875 0.003818
v 0.004517 0.042854 0.004100
v 0.004767 0.042824 0.003845
v 0.004538 0.042824 0.004113
v 0.004545 0.042811 0.004118
v 0.004648 0.042953 0.003750
v 0.004413 0.042941 0.004057
v 0.004693 0.042918 0.003786
v 0.004449 0.042919 0.004069
v 0.004378 0.042958 0.004050
v 0.004401 0.042953 0.004037
v 0.004341 0.042971 0.004045
v 0.004355 0.042979 0.003996
v 0.004305 0.042980 0.004043
v 0.004268 0.042988 0.004045
v 0.004307 0.042995 0.003951
v 0.004232 0.042993 0.004049
v 0.004064 0.043000 0.004117
v 0.004258 0.043000 0.003906
v 0.004127 0.042999 0.004081
v 0.004161 0.042998 0.004068
v 0.004196 0.042996 0.004057
v 0.004211 0.042995 0.004053
v 0.004856 0.042998 0.003207
v 0.004862 0.042999 0.003170
v 0.004719 0.043000 0.003335
v 0.004884 0.043000 0.003101
v 0.004853 0.042996 0.003243
v 0.004827 0.042979 0.003411
v 0.004872 0.042971 0.003387
v 0.004863 0.042980 0.003352
v 0.004856 0.042988 0.003316
v 0.004950 0.042875 0.003532
v 0.004938 0.042892 0.003517
v 0.005006 0.042766 0.003589
v 0.004986 0.042811 0.003571
v 0.004980 0.042824 0.003565
v 0.004963 0.042854 0.003547
v 0.005039 0.042635 0.003614
v 0.005028 0.042697 0.003606
v 0.005026 0.042704 0.003604
v 0.005010 0.042756 0.003592
v 0.004600 0.042979 0.003711
v 0.004549 0.042995 0.003670
v 0.004497 0.043000 0.003628
v 0.004918 0.042919 0.003488
v 0.003942 0.035296 0.004699
v 0.003908 0.035296 0.004634
v 0.003959 0.035296 0.004218
v 0.003921 0.035296 0.004280
v 0.003894 0.035296 0.004348
v 0.004545 0.035296 0.004118
v 0.004482 0.035296 0.004082
v 0.004413 0.035296 0.004057
v 0.004341 0.035296 0.004045
v 0.004268 0.035296 0.004045
v 0.004196 0.035296 0.004057
v 0.004127 0.035296 0.004081
v 0.003879 0.035296 0.004419
v 0.003876 0.035296 0.004492
v 0.003886 0.035296 0.004564
v 0.004064 0.035296 0.004117
v 0.004007 0.035296 0.004163
v 0.003962 0.042691 0.004729
v 0.004007 0.043000 0.004163
v 0.004575 0.042691 0.004140
v 0.005013 0.035296 0.002926
v 0.004960 0.035296 0.002977
v 0.004872 0.035296 0.003387
v 0.004899 0.035296 0.003455
v 0.005073 0.035296 0.002886
v 0.005427 0.035296 0.002858
v 0.005356 0.035296 0.002839
v 0.005283 0.035296 0.002832
v 0.004916 0.035296 0.003035
v 0.004884 0.035296 0.003101
v 0.004862 0.035296 0.003170
v 0.004853 0.035296 0.003243
v 0.004856 0.035296 0.003316
v 0.004938 0.035296 0.003517
v 0.004986 0.035296 0.003571
v 0.005211 0.035296 0.002838
v 0.005140 0.035296 0.002856
v 0.005014 0.042691 0.003595
v 0.004916 0.043000 0.003035
v 0.005498 0.035296 0.001862
v 0.005507 0.035296 0.001934
v 0.005528 0.035296 0.002004
v 0.005561 0.035296 0.002069
v 0.005604 0.035296 0.002128
v 0.005583 0.035296 0.001588
v 0.005544 0.035296 0.001650
v 0.005657 0.035296 0.002178
v 0.005718 0.035296 0.002219
v 0.005517 0.035296 0.001717
v 0.005501 0.035296 0.001789
v 0.005967 0.035296 0.001419
v 0.005753 0.035296 0.001453
v 0.005689 0.035296 0.001488
v 0.005632 0.035296 0.001533
v 0.005894 0.035296 0.001418
v 0.005822 0.035296 0.001429
v 0.005750 0.042691 0.002235
v 0.005517 0.043000 0.001717
v 0.006003 0.042691 0.001424
v 0.006090 0.035296 0.000727
v 0.006021 0.035296 0.000703
v 0.006132 0.035296 -0.000110
v 0.006061 0.035296 -0.000092
v 0.005994 0.035296 -0.000063
v 0.005933 0.035296 -0.000023
v 0.005880 0.035296 0.000027
v 0.005836 0.035296 0.000085
v 0.005771 0.035296 0.000291
v 0.005773 0.035296 0.000364
v 0.005788 0.035296 0.000436
v 0.005815 0.035296 0.000504
v 0.005853 0.035296 0.000566
v 0.005901 0.035296 0.000621
v 0.005957 0.035296 0.000667
v 0.005803 0.035296 0.000150
v 0.005781 0.035296 0.000219
v 0.006126 0.042691 0.000735
v 0.005771 0.043000 0.000291
v 0.006168 0.042691 -0.000114
v 0.005741 0.035296 -0.001498
v 0.005702 0.035296 -0.001437
v 0.005653 0.035296 -0.001225
v 0.005662 0.035296 -0.001153
v 0.005912 0.035296 -0.001631
v 0.005682 0.035296 -0.001083
v 0.005715 0.035296 -0.001017
v 0.005757 0.035296 -0.000958
v 0.005674 0.035296 -0.001369
v 0.005657 0.035296 -0.001298
v 0.005810 0.035296 -0.000907
v 0.005870 0.035296 -0.000866
v 0.005936 0.035296 -0.000836
v 0.006007 0.035296 -0.000817
v 0.006079 0.035296 -0.000810
v 0.005848 0.035296 -0.001597
v 0.005790 0.035296 -0.001552
v 0.006116 0.042691 -0.000812
v 0.005662 0.043000 -0.001153
v 0.005946 0.042691 -0.001644
v 0.005687 0.035296 -0.002297
v 0.005282 0.035296 -0.002407
v 0.005338 0.035296 -0.002360
v 0.005402 0.035296 -0.002324
v 0.005470 0.035296 -0.002299
v 0.005321 0.035296 -0.003050
v 0.005267 0.035296 -0.003001
v 0.005222 0.035296 -0.002943
v 0.005542 0.035296 -0.002286
v 0.005615 0.035296 -0.002285
v 0.005171 0.035296 -0.002593
v 0.005157 0.035296 -0.002664
v 0.005155 0.035296 -0.002737
v 0.005197 0.035296 -0.002525
v 0.005235 0.035296 -0.002462
v 0.005188 0.035296 -0.002879
v 0.005166 0.035296 -0.002809
v 0.005722 0.042691 -0.002307
v 0.005197 0.043000 -0.002525
v 0.005351 0.042691 -0.003071
v 0.004799 0.035296 -0.003592
v 0.004870 0.035296 -0.003609
v 0.004937 0.035296 -0.003639
v 0.004395 0.035296 -0.004278
v 0.004355 0.035296 -0.004217
v 0.004326 0.035296 -0.004150
v 0.004309 0.035296 -0.004079
v 0.004305 0.035296 -0.004006
v 0.004312 0.035296 -0.003933
v 0.004332 0.035296 -0.003863
v 0.004364 0.035296 -0.003797
v 0.004406 0.035296 -0.003738
v 0.004458 0.035296 -0.003686
v 0.004518 0.035296 -0.003645
v 0.004584 0.035296 -0.003613
v 0.004654 0.035296 -0.003594
v 0.004727 0.035296 -0.003587
v 0.004968 0.042691 -0.003658
v 0.004406 0.043000 -0.003738
v 0.004419 0.042691 -0.004306
v 0.003193 0.035296 -0.005236
v 0.003235 0.035296 -0.004819
v 0.003282 0.035296 -0.004763
v 0.003686 0.035296 -0.004650
v 0.003755 0.035296 -0.004673
v 0.003338 0.035296 -0.004716
v 0.003401 0.035296 -0.004679
v 0.003469 0.035296 -0.004654
v 0.003820 0.035296 -0.004707
v 0.003877 0.035296 -0.004752
v 0.003170 0.035296 -0.005167
v 0.003158 0.035296 -0.005095
v 0.003160 0.035296 -0.005022
v 0.003173 0.035296 -0.004950
v 0.003199 0.035296 -0.004882
v 0.003541 0.035296 -0.004640
v 0.003614 0.035296 -0.004638
v 0.003903 0.042691 -0.004778
v 0.003338 0.043000 -0.004716
v 0.003209 0.042691 -0.005269
v 0.002060 0.035296 -0.005398
v 0.002131 0.035296 -0.005378
v 0.002203 0.035296 -0.005370
v 0.002276 0.035296 -0.005375
v 0.002347 0.035296 -0.005391
v 0.002414 0.035296 -0.005420
v 0.002475 0.035296 -0.005460
v 0.002529 0.035296 -0.005509
v 0.002573 0.035296 -0.005567
v 0.001790 0.035296 -0.005866
v 0.001785 0.035296 -0.005793
v 0.001792 0.035296 -0.005721
v 0.001811 0.035296 -0.005650
v 0.001842 0.035296 -0.005584
v 0.001884 0.035296 -0.005524
v 0.001935 0.035296 -0.005472
v 0.001995 0.035296 -0.005430
v 0.002592 0.042691 -0.005599
v 0.002060 0.043000 -0.005398
v 0.001798 0.042691 -0.005902
v 0.000275 0.035296 -0.006127
v 0.000990 0.035296 -0.005850
v 0.001040 0.035296 -0.005904
v 0.001079 0.035296 -0.005965
v 0.001108 0.035296 -0.006032
v 0.000798 0.035296 -0.005749
v 0.000868 0.035296 -0.005772
v 0.000932 0.035296 -0.005806
v 0.000288 0.035296 -0.006055
v 0.000313 0.035296 -0.005987
v 0.000349 0.035296 -0.005923
v 0.000396 0.035296 -0.005867
v 0.000451 0.035296 -0.005819
v 0.000514 0.035296 -0.005782
v 0.000582 0.035296 -0.005755
v 0.000653 0.035296 -0.005741
v 0.000726 0.035296 -0.005739
v 0.001118 0.042691 -0.006067
v 0.000653 0.043000 -0.005741
v 0.000274 0.042691 -0.006163
v -0.001135 0.035296 -0.005824
v -0.001076 0.035296 -0.005781
v -0.001010 0.035296 -0.005749
v -0.000940 0.035296 -0.005728
v -0.000868 0.035296 -0.005719
v -0.000795 0.035296 -0.005723
v -0.000724 0.035296 -0.005739
v -0.000656 0.035296 -0.005767
v -0.000595 0.035296 -0.005806
v -0.001257 0.035296 -0.006003
v -0.001227 0.035296 -0.005937
v -0.001185 0.035296 -0.005876
v -0.000541 0.035296 -0.005855
v -0.000496 0.035296 -0.005913
v -0.000461 0.035296 -0.005977
v -0.000438 0.035296 -0.006046
v -0.000427 0.035296 -0.006118
v -0.000426 0.042691 -0.006155
v -0.000795 0.043000 -0.005723
v -0.001935 0.035296 -0.005820
v -0.002128 0.035296 -0.005379
v -0.002070 0.035296 -0.005423
v -0.002664 0.035296 -0.005445
v -0.002710 0.035296 -0.005502
v -0.002408 0.035296 -0.005317
v -0.002335 0.035296 -0.005314
v -0.002480 0.035296 -0.005332
v -0.002263 0.035296 -0.005324
v -0.002193 0.035296 -0.005346
v -0.002020 0.035296 -0.005476
v -0.001980 0.035296 -0.005537
v -0.001951 0.035296 -0.005604
v -0.001933 0.035296 -0.005674
v -0.001928 0.035296 -0.005747
v -0.002610 0.035296 -0.005397
v -0.002547 0.035296 -0.005359
v -0.001943 0.042691 -0.005855
v -0.002193 0.043000 -0.005346
v -0.003283 0.035296 -0.004943
v -0.003283 0.035296 -0.005015
v -0.003297 0.035296 -0.005087
v -0.003322 0.035296 -0.005156
v -0.003993 0.035296 -0.004655
v -0.003935 0.035296 -0.004611
v -0.003354 0.035296 -0.004738
v -0.003318 0.035296 -0.004802
v -0.003295 0.035296 -0.004870
v -0.003870 0.035296 -0.004578
v -0.003800 0.035296 -0.004557
v -0.003728 0.035296 -0.004548
v -0.003655 0.035296 -0.004551
v -0.003583 0.035296 -0.004566
v -0.003516 0.035296 -0.004594
v -0.003454 0.035296 -0.004632
v -0.003399 0.035296 -0.004681
v -0.003338 0.042691 -0.005188
v -0.003454 0.043000 -0.004632
v -0.004020 0.042691 -0.004680
v -0.004499 0.035296 -0.004168
v -0.004887 0.035296 -0.003472
v -0.004814 0.035296 -0.003469
v -0.004458 0.035296 -0.004108
v -0.004741 0.035296 -0.003478
v -0.004672 0.035296 -0.003499
v -0.004606 0.035296 -0.003532
v -0.004548 0.035296 -0.003575
v -0.004497 0.035296 -0.003628
v -0.004456 0.035296 -0.003688
v -0.004426 0.035296 -0.003755
v -0.004408 0.035296 -0.003825
v -0.004402 0.035296 -0.003898
v -0.005026 0.035296 -0.003516
v -0.004958 0.035296 -0.003488
v -0.004409 0.035296 -0.003971
v -0.004428 0.035296 -0.004041
v -0.004524 0.042691 -0.004195
v -0.004497 0.043000 -0.003628
v -0.005057 0.042691 -0.003534
v -0.005221 0.035296 -0.002536
v -0.005221 0.035296 -0.002609
v -0.005234 0.035296 -0.002464
v -0.005233 0.035296 -0.002681
v -0.005258 0.035296 -0.002750
v -0.005294 0.035296 -0.002813
v -0.005742 0.035296 -0.002155
v -0.005670 0.035296 -0.002145
v -0.005597 0.035296 -0.002148
v -0.005525 0.035296 -0.002163
v -0.005457 0.035296 -0.002189
v -0.005395 0.035296 -0.002227
v -0.005340 0.035296 -0.002275
v -0.005340 0.035296 -0.002870
v -0.005395 0.035296 -0.002918
v -0.005294 0.035296 -0.002332
v -0.005258 0.035296 -0.002395
v -0.005425 0.042691 -0.002938
v -0.005258 0.043000 -0.002395
v -0.005951 0.035296 -0.001485
v -0.005682 0.035296 -0.001085
v -0.005688 0.035296 -0.001158
v -0.005706 0.035296 -0.001229
v -0.005736 0.035296 -0.001295
v -0.005776 0.035296 -0.001356
v -0.005827 0.035296 -0.001408
v -0.005886 0.035296 -0.001452
v -0.006025 0.035296 -0.000668
v -0.005955 0.035296 -0.000688
v -0.005890 0.035296 -0.000721
v -0.006098 0.035296 -0.000660
v -0.005830 0.035296 -0.000763
v -0.005779 0.035296 -0.000816
v -0.005738 0.035296 -0.000876
v -0.005707 0.035296 -0.000942
v -0.005689 0.035296 -0.001012
v -0.005985 0.042691 -0.001497
v -0.005689 0.043000 -0.001012
v -0.006070 0.035296 0.000878
v -0.006002 0.035296 0.000851
v -0.005939 0.035296 0.000814
v -0.005884 0.035296 0.000767
v -0.005837 0.035296 0.000711
v -0.005801 0.035296 0.000647
v -0.005776 0.035296 0.000579
v -0.005994 0.035296 0.000085
v -0.005932 0.035296 0.000123
v -0.005878 0.035296 0.000172
v -0.006062 0.035296 0.000057
v -0.006133 0.035296 0.000042
v -0.005762 0.035296 0.000507
v -0.005762 0.035296 0.000434
v -0.005773 0.035296 0.000362
v -0.005797 0.035296 0.000293
v -0.005832 0.035296 0.000229
v -0.006169 0.042691 0.000039
v -0.005762 0.043000 0.000434
v -0.005930 0.035296 0.001566
v -0.005661 0.035296 0.002360
v -0.005450 0.035296 0.001997
v -0.005455 0.035296 0.001924
v -0.005473 0.035296 0.001853
v -0.005502 0.035296 0.001786
v -0.005650 0.035296 0.001628
v -0.005715 0.035296 0.001595
v -0.005785 0.035296 0.001573
v -0.005857 0.035296 0.001563
v -0.005602 0.035296 0.002317
v -0.005550 0.035296 0.002266
v -0.005508 0.035296 0.002206
v -0.005542 0.035296 0.001726
v -0.005592 0.035296 0.001672
v -0.005477 0.035296 0.002140
v -0.005457 0.035296 0.002070
v -0.005966 0.042691 0.001572
v -0.005473 0.043000 0.001853
v -0.005693 0.042691 0.002377
v -0.004939 0.035296 0.003050
v -0.005000 0.035296 0.003010
v -0.005068 0.035296 0.002982
v -0.005139 0.035296 0.002966
v -0.005212 0.035296 0.002962
v -0.004896 0.035296 0.003693
v -0.004849 0.035296 0.003638
v -0.004812 0.035296 0.003575
v -0.005284 0.035296 0.002971
v -0.005354 0.035296 0.002991
v -0.004771 0.035296 0.003362
v -0.004782 0.035296 0.003290
v -0.004805 0.035296 0.003220
v -0.004787 0.035296 0.003506
v -0.004773 0.035296 0.003435
v -0.004840 0.035296 0.003156
v -0.004885 0.035296 0.003099
v -0.005388 0.042691 0.003006
v -0.004840 0.043000 0.003156
v -0.004923 0.042691 0.003718
v -0.003824 0.035296 0.004795
v -0.003792 0.035296 0.004729
v -0.003772 0.035296 0.004659
v -0.003764 0.035296 0.004587
v -0.003769 0.035296 0.004514
v -0.003785 0.035296 0.004443
v -0.003814 0.035296 0.004376
v -0.003854 0.035296 0.004314
v -0.003903 0.035296 0.004261
v -0.004095 0.035296 0.004159
v -0.004167 0.035296 0.004149
v -0.004240 0.035296 0.004151
v -0.004311 0.035296 0.004165
v -0.004379 0.035296 0.004191
v -0.004442 0.035296 0.004229
v -0.003961 0.035296 0.004216
v -0.004025 0.035296 0.004182
v -0.004471 0.042691 0.004251
v -0.003903 0.043000 0.004261
v -0.003251 0.035296 0.005201
v -0.002512 0.035296 0.005595
v -0.002497 0.035296 0.005524
v -0.002495 0.035296 0.005451
v -0.002859 0.035296 0.005052
v -0.002788 0.035296 0.005069
v -0.002721 0.035296 0.005097
v -0.002932 0.035296 0.005047
v -0.003004 0.035296 0.005055
v -0.003074 0.035296 0.005075
v -0.003140 0.035296 0.005106
v -0.003200 0.035296 0.005149
v -0.002505 0.035296 0.005379
v -0.002528 0.035296 0.005309
v -0.002562 0.035296 0.005245
v -0.002606 0.035296 0.005187
v -0.002660 0.035296 0.005137
v -0.003273 0.042691 0.005230
v -0.002721 0.043000 0.005097
v -0.001855 0.035296 0.005846
v -0.001513 0.035296 0.005604
v -0.001584 0.035296 0.005618
v -0.001653 0.035296 0.005643
v -0.001716 0.035296 0.005680
v -0.001772 0.035296 0.005727
v -0.001819 0.035296 0.005783
v -0.001177 0.035296 0.005717
v -0.001234 0.035296 0.005672
v -0.001298 0.035296 0.005637
v -0.001368 0.035296 0.005614
v -0.001440 0.035296 0.005603
v -0.001041 0.035296 0.006044
v -0.001045 0.035296 0.005971
v -0.001061 0.035296 0.005900
v -0.001089 0.035296 0.005833
v -0.001128 0.035296 0.005771
v -0.001870 0.042691 0.005879
v -0.001368 0.043000 0.005614
v -0.000343 0.035296 0.006124
v 0.000343 0.035296 0.005870
v 0.000282 0.035296 0.005830
v 0.000495 0.035296 0.006113
v 0.000473 0.035296 0.006043
v -0.000197 0.035296 0.005877
v -0.000138 0.035296 0.005835
v -0.000072 0.035296 0.005804
v -0.000249 0.035296 0.005928
v -0.000292 0.035296 0.005988
v -0.000323 0.035296 0.006053
v 0.000440 0.035296 0.005979
v 0.000396 0.035296 0.005920
v 0.000215 0.035296 0.005800
v 0.000144 0.035296 0.005783
v -0.000001 0.035296 0.005785
v 0.000071 0.035296 0.005778
v -0.000349 0.042691 0.006160
v 0.000071 0.043000 0.005778
v 0.000501 0.042691 0.006149
v 0.001578 0.035296 0.005565
v 0.001506 0.035296 0.005578
v 0.001999 0.035296 0.005798
v 0.001961 0.035296 0.005736
v 0.001437 0.035296 0.005603
v 0.001374 0.035296 0.005639
v 0.001318 0.035296 0.005686
v 0.001270 0.035296 0.005741
v 0.001233 0.035296 0.005804
v 0.001207 0.035296 0.005872
v 0.001913 0.035296 0.005681
v 0.001856 0.035296 0.005636
v 0.001792 0.035296 0.005601
v 0.001192 0.035296 0.005944
v 0.001190 0.035296 0.006017
v 0.001723 0.035296 0.005577
v 0.001651 0.035296 0.005565
v 0.001194 0.042691 0.006053
v 0.001506 0.043000 0.005578
v 0.002014 0.042691 0.005831
v 0.003056 0.035296 0.004973
v 0.002983 0.035296 0.004979
v 0.002786 0.035296 0.005070
v 0.002733 0.035296 0.005121
v 0.002690 0.035296 0.005180
v 0.002629 0.035296 0.005387
v 0.002633 0.035296 0.005460
v 0.002649 0.035296 0.005531
v 0.003128 0.035296 0.004979
v 0.002912 0.035296 0.004998
v 0.002846 0.035296 0.005028
v 0.002658 0.035296 0.005245
v 0.002638 0.035296 0.005315
v 0.003378 0.035296 0.005119
v 0.003326 0.035296 0.005068
v 0.003265 0.035296 0.005027
v 0.003199 0.035296 0.004997
v 0.002662 0.042691 0.005566
v 0.002846 0.043000 0.005028
vn 0.5614 0.2150 0.7992
vn 0.6122 0.1605 0.7743
vn 0.4038 0.7603 0.5088
vn 0.2171 0.8474 0.4846
vn 0.0409 0.9978 0.0529
vn 0.0224 0.9994 0.0260
vn 0.0041 1.0000 0.0046
vn 0.1681 0.9659 0.1968
vn 0.1552 0.9572 0.2441
vn 0.1548 0.9672 0.2016
vn 0.1358 0.9780 0.1582
vn 0.1158 0.9843 0.1332
vn 0.0570 0.9962 0.0659
vn 0.0647 0.9923 0.1059
vn 0.0549 0.9954 0.0788
vn 0.3292 0.8549 0.4009
vn 0.3203 0.8789 0.3534
vn 0.2239 0.9044 0.3632
vn 0.2485 0.9196 0.3042
vn 0.2288 0.9362 0.2668
vn 0.3567 0.8190 0.4494
vn 0.5082 0.5734 0.6426
vn 0.5171 0.5309 0.6713
vn 0.4952 0.6031 0.6254
vn 0.4390 0.7070 0.5545
vn 0.4574 0.6543 0.6022
vn 0.4372 0.7078 0.5549
vn 0.5991 0.2587 0.7577
vn 0.5987 0.2332 0.7663
vn 0.5882 0.3173 0.7439
vn 0.5621 0.4225 0.7110
vn 0.5654 0.3866 0.7286
vn 0.5489 0.4659 0.6940
vn 0.5548 0.0741 0.8287
vn 0.6185 0.0739 0.7823
vn 0.6160 0.0871 0.7829
vn 0.5774 0.0871 0.8118
vn 0.5714 0.1089 0.8134
vn 0.6099 0.1600 0.7762
vn 0.5558 0.2993 0.7756
vn 0.5552 0.2587 0.7904
vn 0.5321 0.3783 0.7575
vn 0.5247 0.4225 0.7390
vn 0.5108 0.4580 0.7275
vn 0.4871 0.5306 0.6937
vn 0.4743 0.5735 0.6680
vn 0.4581 0.6030 0.6531
vn 0.4347 0.6534 0.6197
vn 0.4077 0.7070 0.5779
vn 0.4068 0.7081 0.5771
vn 0.3320 0.8191 0.4679
vn 0.3501 0.7918 0.5005
vn 0.3724 0.7603 0.5322
vn 0.2741 0.8643 0.4217
vn 0.2547 0.8844 0.3910
vn 0.2843 0.9044 0.3181
vn 0.2208 0.9195 0.3251
vn 0.1130 0.9780 0.1753
vn 0.1489 0.9672 0.2057
vn 0.1552 0.9658 0.2077
vn 0.1727 0.9479 0.2677
vn 0.1903 0.9362 0.2954
vn 0.0032 1.0000 0.0053
vn 0.0185 0.9994 0.0289
vn 0.0390 0.9978 0.0542
vn 0.0598 0.9954 0.0751
vn 0.0526 0.9962 0.0698
vn 0.0816 0.9884 0.1283
vn 0.0947 0.9843 0.1491
vn 0.3125 0.8413 0.4410
vn 0.3095 0.8409 0.4439
vn 0.2418 0.9062 0.3468
vn 0.1481 0.9659 0.2124
vn 0.0499 0.9962 0.0715
vn 0.3714 0.7934 0.4823
vn 0.3370 0.8410 0.4232
vn 0.2634 0.9062 0.3307
vn 0.1613 0.9659 0.2026
vn 0.0543 0.9962 0.0682
vn 0.2230 0.8788 0.4219
vn 0.0753 0.9858 0.1500
vn 0.3454 0.2021 0.9164
vn 0.3531 0.0740 0.9327
vn 0.3465 0.1049 0.9322
vn 0.3737 0.0785 0.9242
vn 0.3293 0.3620 0.8721
vn 0.3292 0.3826 0.8633
vn 0.3181 0.4344 0.8427
vn 0.2403 0.7309 0.6387
vn 0.2561 0.6862 0.6808
vn 0.2714 0.6493 0.7104
vn 0.2751 0.6263 0.7295
vn 0.2888 0.5746 0.7658
vn 0.1857 0.8526 0.4885
vn 0.1900 0.8407 0.5071
vn 0.2181 0.7831 0.5824
vn 0.1467 0.9238 0.3537
vn 0.1465 0.9236 0.3543
vn 0.1024 0.9434 0.3154
vn 0.0857 0.9645 0.2498
vn 0.0860 0.9723 0.2173
vn 0.0673 0.9786 0.1945
vn 0.0018 1.0000 0.0059
vn 0.0108 0.9994 0.0326
vn 0.0243 0.9978 0.0622
vn 0.0392 0.9954 0.0876
vn 0.0277 0.9969 0.0735
vn 0.0443 0.9897 0.1364
vn 0.0518 0.9858 0.1598
vn 0.0264 0.9978 0.0614
vn 0.0152 0.9994 0.0307
vn 0.0029 1.0000 0.0054
vn 0.0350 0.9969 0.0702
vn 0.0357 0.9931 0.1119
vn 0.0336 0.9954 0.0899
vn 0.1440 0.9236 0.3554
vn 0.1446 0.9237 0.3547
vn 0.1486 0.9434 0.2967
vn 0.0991 0.9724 0.2114
vn 0.0929 0.9684 0.2317
vn 0.0887 0.9786 0.1856
vn 0.2317 0.7603 0.6069
vn 0.2642 0.7603 0.5935
vn 0.2698 0.7319 0.6257
vn 0.3460 0.5223 0.7794
vn 0.3034 0.5224 0.7969
vn 0.3042 0.5080 0.8058
vn 0.3465 0.5081 0.7885
vn 0.3323 0.5746 0.7480
vn 0.3088 0.6493 0.6950
vn 0.3113 0.6263 0.7147
vn 0.2960 0.6859 0.6648
vn 0.3940 0.2204 0.8923
vn 0.3869 0.3006 0.8718
vn 0.3748 0.3825 0.8445
vn 0.3745 0.3703 0.8501
vn 0.3639 0.4424 0.8197
vn 0.3388 0.2826 0.8974
vn 0.3467 0.2334 0.9085
vn 0.3953 0.2334 0.8884
vn 0.4037 0.0784 0.9115
vn 0.4045 0.0740 0.9115
vn 0.1379 0.8788 0.4569
vn 0.1694 0.8751 0.4533
vn 0.1340 0.9238 0.3586
vn 0.0817 0.9723 0.2188
vn 0.0275 0.9969 0.0735
vn 0.2538 0.7832 0.5676
vn 0.2208 0.8408 0.4943
vn 0.2110 0.8526 0.4782
vn 0.1978 0.8751 0.4416
vn 0.1565 0.9238 0.3494
vn 0.0955 0.9723 0.2131
vn 0.0321 0.9969 0.0716
vn 0.1111 0.8788 0.4641
vn 0.0356 0.9858 0.1640
vn 0.1067 0.2021 0.9735
vn 0.1021 0.3620 0.9266
vn 0.1042 0.3826 0.9180
vn 0.0985 0.4344 0.8953
vn 0.0739 0.7309 0.6784
vn 0.0788 0.6862 0.7231
vn 0.0862 0.6493 0.7556
vn 0.0850 0.6263 0.7749
vn 0.0893 0.5745 0.8136
vn 0.0583 0.8526 0.5194
vn 0.0579 0.8407 0.5385
vn 0.0664 0.7831 0.6183
vn 0.0542 0.9238 0.3791
vn 0.0537 0.9236 0.3796
vn 0.0207 0.9434 0.3310
vn 0.0209 0.9645 0.2633
vn 0.0293 0.9723 0.2319
vn 0.0168 0.9786 0.2051
vn 0.0003 1.0000 0.0061
vn 0.0023 0.9994 0.0342
vn 0.0081 0.9978 0.0663
vn 0.0162 0.9954 0.0946
vn 0.0086 0.9969 0.0780
vn 0.0090 0.9897 0.1432
vn 0.0105 0.9858 0.1677
vn 0.0103 0.9978 0.0661
vn 0.0071 0.9994 0.0336
vn 0.0014 1.0000 0.0060
vn 0.0164 0.9969 0.0767
vn 0.0067 0.9931 0.1173
vn 0.0102 0.9954 0.0955
vn 0.0511 0.9236 0.3800
vn 0.0519 0.9237 0.3795
vn 0.0702 0.9434 0.3243
vn 0.0434 0.9724 0.2294
vn 0.0323 0.9683 0.2475
vn 0.0398 0.9786 0.2018
vn 0.0735 0.7603 0.6454
vn 0.1083 0.7603 0.6405
vn 0.1057 0.7320 0.6731
vn 0.1413 0.5223 0.8410
vn 0.0957 0.5224 0.8473
vn 0.0942 0.5080 0.8562
vn 0.1395 0.5081 0.8499
vn 0.1359 0.5746 0.8071
vn 0.1262 0.6493 0.7500
vn 0.1238 0.6263 0.7697
vn 0.1214 0.6858 0.7176
vn 0.1598 0.2205 0.9622
vn 0.1579 0.3006 0.9406
vn 0.1530 0.3825 0.9112
vn 0.1513 0.3703 0.9165
vn 0.1486 0.4423 0.8845
vn 0.1100 0.0740 0.9912
vn 0.1091 0.0784 0.9909
vn 0.1492 0.0785 0.9857
vn 0.1050 0.2826 0.9535
vn 0.1099 0.2334 0.9662
vn 0.1619 0.2333 0.9588
vn 0.1641 0.1135 0.9799
vn 0.1772 0.0740 0.9814
vn 0.0200 0.8788 0.4768
vn 0.0513 0.8751 0.4812
vn 0.0406 0.9238 0.3807
vn 0.0248 0.9723 0.2322
vn 0.0083 0.9969 0.0781
vn 0.1047 0.7832 0.6129
vn 0.0910 0.8408 0.5337
vn 0.0854 0.8526 0.5156
vn 0.0818 0.8751 0.4770
vn 0.0647 0.9238 0.3773
vn 0.0395 0.9723 0.2302
vn 0.0133 0.9969 0.0774
vn -0.1734 0.8474 0.5018
vn -0.1307 0.3783 0.9164
vn -0.1369 0.0871 0.9867
vn -0.1364 0.2587 0.9563
vn -0.1258 0.2993 0.9458
vn -0.1379 0.2150 0.9668
vn -0.1404 0.1022 0.9848
vn -0.0460 0.1591 0.9862
vn -0.1650 0.0741 0.9835
vn -0.1198 0.5306 0.8391
vn -0.1115 0.5735 0.8116
vn -0.1132 0.6031 0.7896
vn -0.1074 0.6534 0.7494
vn -0.0985 0.7081 0.6992
vn -0.0783 0.8191 0.5683
vn -0.0873 0.7918 0.6045
vn -0.0929 0.7603 0.6429
vn -0.0888 0.8643 0.4951
vn -0.0820 0.8844 0.4594
vn -0.0105 0.9044 0.4266
vn -0.0616 0.9195 0.3882
vn -0.0377 0.9780 0.2052
vn -0.0323 0.9672 0.2519
vn -0.0290 0.9658 0.2577
vn -0.0573 0.9479 0.3133
vn -0.0634 0.9362 0.3456
vn -0.0013 1.0000 0.0060
vn -0.0063 0.9994 0.0337
vn -0.0087 0.9978 0.0662
vn -0.0078 0.9954 0.0956
vn -0.0094 0.9962 0.0868
vn -0.0284 0.9884 0.1494
vn -0.0330 0.9843 0.1735
vn -0.0064 0.9978 0.0666
vn -0.0015 0.9994 0.0343
vn -0.0001 1.0000 0.0061
vn -0.0121 0.9659 0.2585
vn -0.0540 0.9572 0.2842
vn -0.0252 0.9672 0.2529
vn -0.0094 0.9780 0.2083
vn -0.0068 0.9843 0.1763
vn -0.0035 0.9962 0.0871
vn -0.0253 0.9923 0.1215
vn -0.0139 0.9954 0.0950
vn -0.0345 0.8549 0.5177
vn -0.0084 0.8789 0.4769
vn -0.0854 0.9044 0.4180
vn -0.0272 0.9196 0.3919
vn -0.0158 0.9362 0.3510
vn -0.0611 0.7078 0.7038
vn -0.0539 0.7604 0.6473
vn -0.0476 0.8190 0.5718
vn -0.0984 0.7070 0.7003
vn -0.0595 0.7070 0.7047
vn -0.0788 0.6542 0.7522
vn -0.0805 0.3173 0.9449
vn -0.0769 0.4225 0.9031
vn -0.1234 0.4225 0.8979
vn -0.1256 0.4580 0.8800
vn -0.0866 0.3865 0.9182
vn -0.0749 0.4659 0.8816
vn -0.0694 0.5734 0.8163
vn -0.0826 0.5310 0.8433
vn -0.0671 0.6030 0.7949
vn -0.0881 0.2332 0.9684
vn -0.0820 0.2587 0.9625
vn -0.0838 0.1604 0.9835
vn -0.0869 0.0871 0.9924
vn -0.0846 0.0739 0.9937
vn -0.0740 0.8414 0.5354
vn -0.0782 0.8409 0.5355
vn -0.0611 0.9062 0.4184
vn -0.0374 0.9659 0.2562
vn -0.0126 0.9962 0.0863
vn -0.0594 0.7934 0.6058
vn -0.0440 0.8410 0.5392
vn -0.0344 0.9062 0.4214
vn -0.0211 0.9659 0.2581
vn -0.0071 0.9962 0.0869
vn -0.2928 0.8474 0.4429
vn -0.3545 0.3783 0.8551
vn -0.3620 0.0872 0.9281
vn -0.3886 0.0740 0.9184
vn -0.3791 0.1104 0.9188
vn -0.3780 0.1605 0.9118
vn -0.3699 0.2587 0.8923
vn -0.3570 0.2993 0.8848
vn -0.3740 0.2150 0.9022
vn -0.3247 0.5306 0.7830
vn -0.3098 0.5735 0.7584
vn -0.3060 0.6031 0.7367
vn -0.2904 0.6534 0.6991
vn -0.2693 0.7081 0.6527
vn -0.2172 0.8191 0.5310
vn -0.2349 0.7918 0.5638
vn -0.2499 0.7603 0.5996
vn -0.2092 0.8643 0.4574
vn -0.1937 0.8844 0.4245
vn -0.1162 0.9044 0.4105
vn -0.1562 0.9195 0.3607
vn -0.0875 0.9780 0.1893
vn -0.0939 0.9672 0.2359
vn -0.0922 0.9658 0.2424
vn -0.1335 0.9479 0.2892
vn -0.1474 0.9362 0.3190
vn -0.0027 1.0000 0.0055
vn -0.0145 0.9994 0.0311
vn -0.0249 0.9978 0.0620
vn -0.0314 0.9954 0.0907
vn -0.0307 0.9962 0.0818
vn -0.0646 0.9884 0.1377
vn -0.0751 0.9843 0.1598
vn -0.0228 0.9978 0.0629
vn -0.0099 0.9994 0.0328
vn -0.0016 1.0000 0.0059
vn -0.0760 0.9659 0.2474
vn -0.1230 0.9572 0.2618
vn -0.0873 0.9672 0.2387
vn -0.0609 0.9780 0.1994
vn -0.0505 0.9843 0.1691
vn -0.0251 0.9962 0.0835
vn -0.0547 0.9923 0.1114
vn -0.0371 0.9954 0.0886
vn -0.1622 0.8549 0.4928
vn -0.1267 0.8790 0.4597
vn -0.1866 0.9044 0.3837
vn -0.1238 0.9196 0.3728
vn -0.1026 0.9362 0.3361
vn -0.2342 0.7078 0.6665
vn -0.2132 0.7603 0.6136
vn -0.1883 0.8190 0.5420
vn -0.2695 0.7070 0.6539
vn -0.2329 0.7070 0.6678
vn -0.2633 0.6543 0.7089
vn -0.3129 0.3173 0.8952
vn -0.2991 0.4225 0.8556
vn -0.3429 0.4225 0.8390
vn -0.3405 0.4580 0.8211
vn -0.3122 0.3866 0.8678
vn -0.2919 0.4659 0.8353
vn -0.2702 0.5734 0.7734
vn -0.2898 0.5309 0.7963
vn -0.2627 0.6031 0.7532
vn -0.3262 0.2332 0.9161
vn -0.3188 0.2587 0.9118
vn -0.3257 0.1605 0.9317
vn -0.3310 0.0871 0.9396
vn -0.3291 0.0739 0.9414
vn -0.2049 0.8414 0.5001
vn -0.2090 0.8409 0.4992
vn -0.1632 0.9062 0.3900
vn -0.1000 0.9659 0.2389
vn -0.0337 0.9962 0.0804
vn -0.2082 0.7934 0.5720
vn -0.1768 0.8410 0.5113
vn -0.1381 0.9062 0.3996
vn -0.0846 0.9659 0.2447
vn -0.0285 0.9962 0.0824
vn -0.3937 0.8474 0.3562
vn -0.5990 0.0740 0.7973
vn -0.5928 0.1605 0.7892
vn -0.5802 0.2587 0.7723
vn -0.5659 0.2993 0.7682
vn -0.5866 0.2150 0.7808
vn -0.4551 0.6534 0.6049
vn -0.4796 0.6031 0.6374
vn -0.4887 0.5735 0.6575
vn -0.5092 0.5305 0.6776
vn -0.5340 0.4580 0.7107
vn -0.4232 0.7081 0.5652
vn -0.3424 0.8191 0.4603
vn -0.3678 0.7918 0.4877
vn -0.3911 0.7603 0.5186
vn -0.3164 0.8642 0.3911
vn -0.2932 0.8844 0.3631
vn -0.2147 0.9044 0.3687
vn -0.2410 0.9195 0.3105
vn -0.1318 0.9780 0.1616
vn -0.1496 0.9672 0.2052
vn -0.1496 0.9658 0.2118
vn -0.2012 0.9479 0.2470
vn -0.2221 0.9362 0.2723
vn -0.0040 1.0000 0.0047
vn -0.0217 0.9994 0.0265
vn -0.0395 0.9978 0.0539
vn -0.0529 0.9954 0.0800
vn -0.0501 0.9962 0.0716
vn -0.0969 0.9884 0.1173
vn -0.1125 0.9843 0.1361
vn -0.0377 0.9978 0.0552
vn -0.0178 0.9994 0.0293
vn -0.0031 1.0000 0.0053
vn -0.1352 0.9659 0.2207
vn -0.1842 0.9572 0.2230
vn -0.1439 0.9672 0.2095
vn -0.1085 0.9780 0.1780
vn -0.0909 0.9843 0.1513
vn -0.0451 0.9962 0.0746
vn -0.0807 0.9923 0.0942
vn -0.0579 0.9954 0.0766
vn -0.2796 0.8549 0.4370
vn -0.2370 0.8790 0.4138
vn -0.2762 0.9044 0.3252
vn -0.2126 0.9196 0.3303
vn -0.1830 0.9362 0.3000
vn -0.3926 0.7078 0.5873
vn -0.3591 0.7603 0.5413
vn -0.3172 0.8190 0.4781
vn -0.4236 0.7070 0.5663
vn -0.3917 0.7070 0.5889
vn -0.4314 0.6543 0.6212
vn -0.5025 0.4225 0.7543
vn -0.5407 0.4225 0.7274
vn -0.5560 0.3783 0.7401
vn -0.5182 0.3866 0.7629
vn -0.4904 0.4659 0.7365
vn -0.4541 0.5734 0.6819
vn -0.4787 0.5310 0.6992
vn -0.4418 0.6031 0.6642
vn -0.5964 0.0871 0.7979
vn -0.5673 0.0871 0.8189
vn -0.5411 0.1338 0.8303
vn -0.5552 0.0739 0.8284
vn -0.5472 0.1605 0.8215
vn -0.5355 0.2587 0.8039
vn -0.5437 0.2332 0.8062
vn -0.5257 0.3173 0.7893
vn -0.3228 0.8413 0.4335
vn -0.3265 0.8409 0.4315
vn -0.2551 0.9062 0.3372
vn -0.1562 0.9659 0.2065
vn -0.0526 0.9962 0.0695
vn -0.3439 0.7934 0.5023
vn -0.2984 0.8410 0.4513
vn -0.2332 0.9062 0.3527
vn -0.1428 0.9659 0.2160
vn -0.0481 0.9962 0.0727
vn -0.7234 0.0740 0.6865
vn -0.5408 0.6859 0.4870
vn -0.3323 0.8788 0.3424
vn -0.1194 0.9858 0.1180
vn -0.7772 0.0784 0.6243
vn -0.7949 0.0741 0.6022
vn -0.7775 0.0824 0.6235
vn -0.7648 0.2021 0.6117
vn -0.7569 0.2334 0.6105
vn -0.7488 0.2826 0.5996
vn -0.6087 0.6263 0.4870
vn -0.6391 0.5746 0.5113
vn -0.6641 0.5224 0.5348
vn -0.6724 0.5080 0.5383
vn -0.7031 0.4344 0.5629
vn -0.5332 0.7309 0.4259
vn -0.5684 0.6862 0.4540
vn -0.4073 0.8526 0.3275
vn -0.4236 0.8406 0.3375
vn -0.4865 0.7831 0.3874
vn -0.2910 0.9238 0.2489
vn -0.2917 0.9236 0.2488
vn -0.2683 0.9434 0.1948
vn -0.2111 0.9645 0.1587
vn -0.1801 0.9723 0.1490
vn -0.1642 0.9786 0.1241
vn -0.0050 1.0000 0.0035
vn -0.0276 0.9994 0.0203
vn -0.0517 0.9978 0.0424
vn -0.0712 0.9954 0.0644
vn -0.0613 0.9969 0.0491
vn -0.1161 0.9897 0.0843
vn -0.1359 0.9858 0.0987
vn -0.0503 0.9978 0.0441
vn -0.0245 0.9994 0.0240
vn -0.0043 1.0000 0.0044
vn -0.0560 0.9969 0.0550
vn -0.0954 0.9931 0.0685
vn -0.0752 0.9954 0.0598
vn -0.2935 0.9236 0.2468
vn -0.2926 0.9237 0.2472
vn -0.2362 0.9434 0.2330
vn -0.1704 0.9724 0.1596
vn -0.1916 0.9684 0.1599
vn -0.1491 0.9786 0.1418
vn -0.5056 0.7603 0.4078
vn -0.4828 0.7603 0.4347
vn -0.5117 0.7320 0.4499
vn -0.5918 0.6493 0.4777
vn -0.5656 0.6493 0.5085
vn -0.5835 0.6263 0.5169
vn -0.6874 0.3825 0.6174
vn -0.7193 0.3826 0.5799
vn -0.7276 0.3620 0.5826
vn -0.6927 0.3703 0.6188
vn -0.6671 0.4424 0.5994
vn -0.6343 0.5223 0.5699
vn -0.6428 0.5081 0.5732
vn -0.6086 0.5746 0.5472
vn -0.7423 0.0784 0.6655
vn -0.7421 0.0791 0.6656
vn -0.7228 0.2334 0.6505
vn -0.7268 0.2204 0.6505
vn -0.7095 0.3006 0.6373
vn -0.3919 0.8788 0.2724
vn -0.3788 0.8751 0.3012
vn -0.2997 0.9238 0.2383
vn -0.1828 0.9723 0.1454
vn -0.0614 0.9969 0.0489
vn -0.4614 0.7832 0.4168
vn -0.4019 0.8408 0.3628
vn -0.3896 0.8526 0.3484
vn -0.3589 0.8751 0.3246
vn -0.2839 0.9238 0.2568
vn -0.1732 0.9723 0.1567
vn -0.0582 0.9969 0.0527
vn -0.4070 0.8788 0.2491
vn -0.1450 0.9858 0.0846
vn -0.8929 0.2021 0.4023
vn -0.9087 0.0740 0.4109
vn -0.9079 0.1272 0.3994
vn -0.9008 0.0785 0.4271
vn -0.8497 0.3620 0.3834
vn -0.8409 0.3826 0.3828
vn -0.8210 0.4344 0.3704
vn -0.6224 0.7309 0.2799
vn -0.6634 0.6862 0.2984
vn -0.6920 0.6493 0.3155
vn -0.7107 0.6263 0.3203
vn -0.7462 0.5746 0.3363
vn -0.4759 0.8526 0.2160
vn -0.4942 0.8407 0.2215
vn -0.5676 0.7831 0.2542
vn -0.3438 0.9238 0.1687
vn -0.3444 0.9236 0.1684
vn -0.3084 0.9434 0.1220
vn -0.2439 0.9645 0.1012
vn -0.2115 0.9723 0.0995
vn -0.1899 0.9786 0.0793
vn -0.0058 1.0000 0.0022
vn -0.0318 0.9994 0.0128
vn -0.0606 0.9978 0.0282
vn -0.0849 0.9954 0.0446
vn -0.0716 0.9969 0.0323
vn -0.1334 0.9897 0.0528
vn -0.1562 0.9858 0.0617
vn -0.0597 0.9978 0.0302
vn -0.0297 0.9994 0.0171
vn -0.0053 1.0000 0.0032
vn -0.0679 0.9969 0.0393
vn -0.1095 0.9931 0.0426
vn -0.0877 0.9954 0.0392
vn -0.3456 0.9236 0.1660
vn -0.3449 0.9237 0.1666
vn -0.2867 0.9434 0.1670
vn -0.2047 0.9724 0.1122
vn -0.2254 0.9683 0.1072
vn -0.1797 0.9786 0.1002
vn -0.5911 0.7603 0.2693
vn -0.5757 0.7603 0.3009
vn -0.6075 0.7320 0.3086
vn -0.7561 0.5223 0.3942
vn -0.7763 0.5224 0.3529
vn -0.7852 0.5080 0.3542
vn -0.7652 0.5081 0.3954
vn -0.7256 0.5746 0.3786
vn -0.6743 0.6493 0.3518
vn -0.6937 0.6263 0.3556
vn -0.6449 0.6858 0.3372
vn -0.8658 0.2204 0.4493
vn -0.8457 0.3006 0.4409
vn -0.8193 0.3825 0.4271
vn -0.8249 0.3703 0.4271
vn -0.7952 0.4424 0.4146
vn -0.8743 0.2827 0.3945
vn -0.8849 0.2334 0.4031
vn -0.8619 0.2334 0.4503
vn -0.8844 0.0784 0.4601
vn -0.8843 0.0740 0.4610
vn -0.4473 0.8788 0.1663
vn -0.4418 0.8751 0.1975
vn -0.3495 0.9238 0.1562
vn -0.2132 0.9723 0.0953
vn -0.0717 0.9969 0.0320
vn -0.5505 0.7832 0.2889
vn -0.4795 0.8408 0.2514
vn -0.4640 0.8526 0.2406
vn -0.4283 0.8751 0.2252
vn -0.3389 0.9238 0.1781
vn -0.2067 0.9723 0.1087
vn -0.0695 0.9969 0.0365
vn -0.5309 0.8474 -0.0099
vn -0.9825 0.0740 0.1712
vn -0.9724 0.1606 0.1695
vn -0.9516 0.2587 0.1658
vn -0.9384 0.2993 0.1727
vn -0.9621 0.2150 0.1677
vn -0.7459 0.6534 0.1295
vn -0.7859 0.6031 0.1364
vn -0.8063 0.5735 0.1447
vn -0.8351 0.5306 0.1454
vn -0.8758 0.4580 0.1525
vn -0.6954 0.7081 0.1224
vn -0.5647 0.8191 0.1011
vn -0.6019 0.7918 0.1037
vn -0.6401 0.7603 0.1103
vn -0.4983 0.8643 0.0684
vn -0.4623 0.8844 0.0641
vn -0.4089 0.9044 0.1218
vn -0.3882 0.9195 0.0614
vn -0.2068 0.9780 0.0276
vn -0.2495 0.9672 0.0471
vn -0.2541 0.9658 0.0520
vn -0.3157 0.9479 0.0423
vn -0.3483 0.9362 0.0465
vn -0.0061 1.0000 0.0007
vn -0.0340 0.9994 0.0045
vn -0.0657 0.9978 0.0122
vn -0.0934 0.9954 0.0221
vn -0.0855 0.9962 0.0179
vn -0.1509 0.9884 0.0192
vn -0.1752 0.9843 0.0222
vn -0.0653 0.9978 0.0144
vn -0.0330 0.9994 0.0092
vn -0.0059 1.0000 0.0018
vn -0.2496 0.9659 0.0684
vn -0.2870 0.9572 0.0365
vn -0.2483 0.9672 0.0542
vn -0.2010 0.9780 0.0555
vn -0.1698 0.9843 0.0480
vn -0.0839 0.9962 0.0235
vn -0.1233 0.9923 0.0134
vn -0.0946 0.9954 0.0162
vn -0.5030 0.8549 0.1272
vn -0.4561 0.8789 0.1394
vn -0.4239 0.9044 0.0480
vn -0.3811 0.9196 0.0953
vn -0.3388 0.9362 0.0934
vn -0.6882 0.7078 0.1594
vn -0.6323 0.7603 0.1488
vn -0.5585 0.8190 0.1314
vn -0.6965 0.7070 0.1228
vn -0.6886 0.7070 0.1612
vn -0.7397 0.6543 0.1575
vn -0.8827 0.4225 0.2059
vn -0.8921 0.4225 0.1601
vn -0.9119 0.3783 0.1589
vn -0.9000 0.3866 0.2014
vn -0.8617 0.4659 0.2012
vn -0.7978 0.5734 0.1863
vn -0.8276 0.5310 0.1821
vn -0.7767 0.6031 0.1818
vn -0.9810 0.0871 0.1734
vn -0.9746 0.0872 0.2065
vn -0.9645 0.1239 0.2331
vn -0.9718 0.0739 0.2238
vn -0.9612 0.1606 0.2242
vn -0.9407 0.2587 0.2195
vn -0.9482 0.2332 0.2155
vn -0.9235 0.3173 0.2155
vn -0.5321 0.8414 0.0950
vn -0.5334 0.8409 0.0911
vn -0.4168 0.9062 0.0711
vn -0.2553 0.9659 0.0436
vn -0.2552 0.9659 0.0436
vn -0.0860 0.9962 0.0147
vn -0.5945 0.7934 0.1307
vn -0.5264 0.8410 0.1247
vn -0.4114 0.9062 0.0975
vn -0.2520 0.9659 0.0597
vn -0.0849 0.9962 0.0201
vn -0.0848 0.9962 0.0201
vn -0.6494 0.7603 -0.0131
vn -0.5117 0.8474 -0.1416
vn -0.9736 0.2150 -0.0769
vn -0.9942 0.0740 -0.0785
vn -0.9228 0.3783 -0.0729
vn -0.9039 0.4225 -0.0668
vn -0.8862 0.4580 -0.0701
vn -0.6474 0.7603 -0.0524
vn -0.7040 0.7081 -0.0544
vn -0.7051 0.7070 -0.0542
vn -0.7546 0.6534 -0.0601
vn -0.7952 0.6031 -0.0633
vn -0.4998 0.8642 -0.0576
vn -0.4636 0.8844 -0.0530
vn -0.4264 0.9044 0.0163
vn -0.3913 0.9195 -0.0371
vn -0.2071 0.9780 -0.0247
vn -0.2534 0.9672 -0.0164
vn -0.2590 0.9658 -0.0128
vn -0.3163 0.9479 -0.0375
vn -0.3489 0.9362 -0.0416
vn -0.0061 1.0000 -0.0009
vn -0.0340 0.9994 -0.0041
vn -0.0666 0.9978 -0.0045
vn -0.0959 0.9954 -0.0018
vn -0.0873 0.9962 -0.0040
vn -0.1509 0.9884 -0.0189
vn -0.1752 0.9843 -0.0220
vn -0.0668 0.9978 -0.0023
vn -0.0343 0.9994 0.0007
vn -0.0061 1.0000 0.0003
vn -0.2588 0.9659 0.0041
vn -0.2870 0.9572 -0.0361
vn -0.2540 0.9672 -0.0093
vn -0.2085 0.9780 0.0037
vn -0.1764 0.9843 0.0043
vn -0.0871 0.9962 0.0019
vn -0.1228 0.9923 -0.0176
vn -0.0957 0.9954 -0.0079
vn -0.5188 0.8549 -0.0020
vn -0.4764 0.8789 0.0216
vn -0.4225 0.9044 -0.0590
vn -0.3928 0.9196 -0.0025
vn -0.3514 0.9362 0.0062
vn -0.5736 0.8190 -0.0116
vn -0.5721 0.8191 -0.0425
vn -0.6088 0.7918 -0.0492
vn -0.8191 0.5734 -0.0180
vn -0.8170 0.5735 -0.0603
vn -0.8450 0.5306 -0.0669
vn -0.8469 0.5310 -0.0295
vn -0.7975 0.6031 -0.0171
vn -0.7071 0.7070 -0.0152
vn -0.7556 0.6542 -0.0314
vn -0.7062 0.7078 -0.0168
vn -0.9657 0.2587 -0.0214
vn -0.9630 0.2587 -0.0760
vn -0.9519 0.2993 -0.0661
vn -0.9720 0.2332 -0.0271
vn -0.9481 0.3173 -0.0210
vn -0.9062 0.4225 -0.0201
vn -0.9218 0.3866 -0.0288
vn -0.8846 0.4659 -0.0194
vn -0.9840 0.1606 -0.0777
vn -0.9933 0.0871 -0.0761
vn -0.9960 0.0871 -0.0221
vn -0.9945 0.1016 -0.0251
vn -0.9777 0.1585 -0.1381
vn -0.9973 0.0740 0.0031
vn -0.5390 0.8413 -0.0404
vn -0.5393 0.8409 -0.0445
vn -0.4214 0.9062 -0.0347
vn -0.2581 0.9659 -0.0213
vn -0.0869 0.9962 -0.0072
vn -0.6084 0.7934 -0.0212
vn -0.5409 0.8410 -0.0101
vn -0.4227 0.9062 -0.0079
vn -0.2589 0.9659 -0.0048
vn -0.0872 0.9962 -0.0016
vn -0.4604 0.8474 -0.2645
vn -0.8757 0.3783 -0.3001
vn -0.9477 0.0872 -0.3071
vn -0.9396 0.0740 -0.3342
vn -0.9400 0.1163 -0.3206
vn -0.9337 0.1606 -0.3199
vn -0.9138 0.2587 -0.3131
vn -0.9055 0.2993 -0.3008
vn -0.9239 0.2150 -0.3166
vn -0.8018 0.5306 -0.2749
vn -0.7763 0.5735 -0.2616
vn -0.7544 0.6031 -0.2591
vn -0.7160 0.6533 -0.2459
vn -0.6683 0.7081 -0.2278
vn -0.5436 0.8191 -0.1834
vn -0.5774 0.7918 -0.1991
vn -0.6141 0.7603 -0.2117
vn -0.4696 0.8643 -0.1800
vn -0.4359 0.8844 -0.1667
vn -0.4170 0.9044 -0.0902
vn -0.3698 0.9195 -0.1332
vn -0.1945 0.9780 -0.0754
vn -0.2414 0.9672 -0.0789
vn -0.2477 0.9658 -0.0768
vn -0.2970 0.9479 -0.1150
vn -0.3276 0.9362 -0.1271
vn -0.0057 1.0000 -0.0024
vn -0.0320 0.9994 -0.0125
vn -0.0634 0.9978 -0.0209
vn -0.0925 0.9954 -0.0256
vn -0.0835 0.9962 -0.0255
vn -0.1415 0.9884 -0.0559
vn -0.1642 0.9843 -0.0649
vn -0.0642 0.9978 -0.0188
vn -0.0334 0.9994 -0.0079
vn -0.0060 1.0000 -0.0013
vn -0.2517 0.9659 -0.0604
vn -0.2690 0.9572 -0.1063
vn -0.2437 0.9672 -0.0722
vn -0.2028 0.9780 -0.0482
vn -0.1720 0.9843 -0.0397
vn -0.0849 0.9962 -0.0198
vn -0.1146 0.9923 -0.0476
vn -0.0907 0.9954 -0.0314
vn -0.5020 0.8549 -0.1310
vn -0.4668 0.8789 -0.0976
vn -0.3946 0.9044 -0.1622
vn -0.3798 0.9196 -0.1001
vn -0.3419 0.9362 -0.0813
vn -0.6799 0.7078 -0.1919
vn -0.6257 0.7603 -0.1742
vn -0.5527 0.8190 -0.1539
vn -0.6695 0.7070 -0.2279
vn -0.6811 0.7070 -0.1905
vn -0.7241 0.6543 -0.2183
vn -0.9131 0.3173 -0.2561
vn -0.8727 0.4225 -0.2448
vn -0.8589 0.4225 -0.2895
vn -0.8409 0.4580 -0.2883
vn -0.8857 0.3866 -0.2571
vn -0.8520 0.4659 -0.2388
vn -0.7889 0.5734 -0.2211
vn -0.8129 0.5310 -0.2392
vn -0.7682 0.6031 -0.2149
vn -0.9348 0.2332 -0.2680
vn -0.9301 0.2587 -0.2609
vn -0.9504 0.1605 -0.2666
vn -0.9585 0.0871 -0.2713
vn -0.9602 0.0739 -0.2693
vn -0.5121 0.8413 -0.1731
vn -0.5113 0.8409 -0.1772
vn -0.3995 0.9062 -0.1384
vn -0.2447 0.9659 -0.0848
vn -0.0824 0.9962 -0.0286
vn -0.5840 0.7934 -0.1718
vn -0.5214 0.8410 -0.1443
vn -0.4075 0.9062 -0.1128
vn -0.2496 0.9659 -0.0691
vn -0.0840 0.9962 -0.0233
vn -0.4284 0.8788 -0.2102
vn -0.1491 0.9858 -0.0771
vn -0.8181 0.2021 -0.5384
vn -0.7790 0.3620 -0.5120
vn -0.7738 0.3826 -0.5049
vn -0.7527 0.4344 -0.4948
vn -0.5699 0.7309 -0.3755
vn -0.6074 0.6862 -0.4003
vn -0.6372 0.6493 -0.4152
vn -0.6513 0.6263 -0.4285
vn -0.6838 0.5746 -0.4498
vn -0.4374 0.8526 -0.2861
vn -0.4518 0.8407 -0.2986
vn -0.5188 0.7831 -0.3430
vn -0.3266 0.9238 -0.1999
vn -0.3268 0.9236 -0.2006
vn -0.2682 0.9434 -0.1950
vn -0.2162 0.9645 -0.1517
vn -0.1973 0.9723 -0.1253
vn -0.1688 0.9786 -0.1178
vn -0.0049 1.0000 -0.0037
vn -0.0278 0.9994 -0.0200
vn -0.0562 0.9978 -0.0360
vn -0.0832 0.9954 -0.0478
vn -0.0656 0.9969 -0.0431
vn -0.1160 0.9897 -0.0843
vn -0.1358 0.9858 -0.0988
vn -0.0575 0.9978 -0.0342
vn -0.0304 0.9994 -0.0159
vn -0.0055 1.0000 -0.0027
vn -0.0696 0.9969 -0.0362
vn -0.0947 0.9931 -0.0696
vn -0.0801 0.9954 -0.0530
vn -0.3254 0.9236 -0.2028
vn -0.3255 0.9237 -0.2019
vn -0.2946 0.9433 -0.1526
vn -0.2044 0.9724 -0.1127
vn -0.2113 0.9684 -0.1328
vn -0.1809 0.9786 -0.0980
vn -0.5441 0.7603 -0.3548
vn -0.5626 0.7603 -0.3248
vn -0.5860 0.7320 -0.3476
vn -0.7380 0.5224 -0.4272
vn -0.7139 0.5224 -0.4663
vn -0.7198 0.5080 -0.4731
vn -0.7438 0.5081 -0.4342
vn -0.7085 0.5746 -0.4098
vn -0.6584 0.6493 -0.3808
vn -0.6719 0.6263 -0.3952
vn -0.6303 0.6858 -0.3639
vn -0.8432 0.2204 -0.4903
vn -0.8254 0.3007 -0.4778
vn -0.7996 0.3825 -0.4629
vn -0.8026 0.3703 -0.4676
vn -0.7762 0.4424 -0.4493
vn -0.8338 0.0740 -0.5470
vn -0.8331 0.0784 -0.5476
vn -0.8513 0.0784 -0.5189
vn -0.8016 0.2826 -0.5268
vn -0.8145 0.2334 -0.5312
vn -0.8420 0.2334 -0.4864
vn -0.8607 0.1016 -0.4989
vn -0.8659 0.0740 -0.4947
vn -0.3801 0.8788 -0.2885
vn -0.4035 0.8751 -0.2672
vn -0.3192 0.9238 -0.2114
vn -0.1947 0.9723 -0.1290
vn -0.0654 0.9969 -0.0433
vn -0.5389 0.7832 -0.3100
vn -0.4692 0.8408 -0.2701
vn -0.4517 0.8526 -0.2628
vn -0.4196 0.8751 -0.2410
vn -0.3320 0.9238 -0.1907
vn -0.2025 0.9723 -0.1163
vn -0.0681 0.9969 -0.0391
vn -0.3626 0.8788 -0.3102
vn -0.1252 0.9858 -0.1118
vn -0.6454 0.2826 -0.7096
vn -0.6272 0.3620 -0.6896
vn -0.6239 0.3826 -0.6815
vn -0.6060 0.4344 -0.6664
vn -0.4586 0.7309 -0.5054
vn -0.4888 0.6862 -0.5387
vn -0.5139 0.6493 -0.5606
vn -0.5243 0.6263 -0.5770
vn -0.5504 0.5746 -0.6057
vn -0.3525 0.8526 -0.3859
vn -0.3634 0.8406 -0.4016
vn -0.4172 0.7831 -0.4612
vn -0.2667 0.9238 -0.2749
vn -0.2666 0.9236 -0.2755
vn -0.2113 0.9434 -0.2556
vn -0.1717 0.9645 -0.2007
vn -0.1600 0.9723 -0.1704
vn -0.1342 0.9786 -0.1561
vn -0.0038 1.0000 -0.0048
vn -0.0220 0.9994 -0.0263
vn -0.0455 0.9978 -0.0489
vn -0.0687 0.9954 -0.0670
vn -0.0528 0.9969 -0.0581
vn -0.0914 0.9897 -0.1105
vn -0.1070 0.9858 -0.1295
vn -0.0472 0.9978 -0.0474
vn -0.0255 0.9994 -0.0230
vn -0.0047 1.0000 -0.0040
vn -0.0584 0.9969 -0.0524
vn -0.0744 0.9931 -0.0909
vn -0.0644 0.9954 -0.0713
vn -0.2647 0.9236 -0.2774
vn -0.2651 0.9237 -0.2765
vn -0.2474 0.9433 -0.2211
vn -0.1700 0.9724 -0.1601
vn -0.1716 0.9684 -0.1812
vn -0.1508 0.9786 -0.1399
vn -0.4388 0.7603 -0.4790
vn -0.4641 0.7603 -0.4545
vn -0.4812 0.7319 -0.4824
vn -0.6086 0.5223 -0.5973
vn -0.5755 0.5224 -0.6292
vn -0.5795 0.5080 -0.6373
vn -0.6125 0.5081 -0.6056
vn -0.5843 0.5746 -0.5731
vn -0.5430 0.6493 -0.5325
vn -0.5525 0.6263 -0.5499
vn -0.5200 0.6858 -0.5092
vn -0.6946 0.2334 -0.6805
vn -0.6568 0.2334 -0.7171
vn -0.6585 0.2021 -0.7249
vn -0.6948 0.2204 -0.6846
vn -0.6806 0.3007 -0.6681
vn -0.6594 0.3825 -0.6472
vn -0.6611 0.3703 -0.6525
vn -0.6401 0.4424 -0.6282
vn -0.6716 0.0740 -0.7372
vn -0.6707 0.0784 -0.7375
vn -0.7109 0.0784 -0.6989
vn -0.7062 0.1029 -0.7005
vn -0.7276 0.0740 -0.6820
vn -0.2964 0.8788 -0.3740
vn -0.3243 0.8751 -0.3591
vn -0.2566 0.9238 -0.2841
vn -0.1565 0.9723 -0.1733
vn -0.0526 0.9969 -0.0583
vn -0.4449 0.7832 -0.4343
vn -0.3873 0.8408 -0.3783
vn -0.3722 0.8526 -0.3669
vn -0.3465 0.8751 -0.3378
vn -0.2741 0.9238 -0.2672
vn -0.1672 0.9723 -0.1630
vn -0.0562 0.9969 -0.0548
vn -0.1547 0.8474 -0.5079
vn -0.4329 0.3783 -0.8182
vn -0.4787 0.0871 -0.8736
vn -0.4542 0.0740 -0.8878
vn -0.4657 0.1169 -0.8772
vn -0.4616 0.1606 -0.8724
vn -0.4518 0.2587 -0.8538
vn -0.4542 0.2993 -0.8391
vn -0.4568 0.2149 -0.8632
vn -0.3963 0.5306 -0.7493
vn -0.3868 0.5735 -0.7221
vn -0.3726 0.6031 -0.7053
vn -0.3536 0.6534 -0.6694
vn -0.3313 0.7081 -0.6236
vn -0.2707 0.8191 -0.5058
vn -0.2846 0.7918 -0.5404
vn -0.3027 0.7603 -0.5747
vn -0.2192 0.8642 -0.4529
vn -0.2036 0.8844 -0.4199
vn -0.2422 0.9044 -0.3512
vn -0.1784 0.9195 -0.3502
vn -0.0901 0.9780 -0.1881
vn -0.1219 0.9672 -0.2228
vn -0.1280 0.9658 -0.2255
vn -0.1378 0.9479 -0.2872
vn -0.1518 0.9362 -0.3169
vn -0.0025 1.0000 -0.0056
vn -0.0148 0.9994 -0.0310
vn -0.0319 0.9978 -0.0587
vn -0.0499 0.9954 -0.0820
vn -0.0434 0.9962 -0.0758
vn -0.0649 0.9884 -0.1376
vn -0.0753 0.9843 -0.1598
vn -0.0339 0.9978 -0.0576
vn -0.0189 0.9994 -0.0286
vn -0.0035 1.0000 -0.0050
vn -0.1421 0.9659 -0.2163
vn -0.1234 0.9572 -0.2617
vn -0.1283 0.9672 -0.2194
vn -0.1149 0.9780 -0.1740
vn -0.0982 0.9843 -0.1467
vn -0.0483 0.9962 -0.0725
vn -0.0509 0.9923 -0.1132
vn -0.0446 0.9954 -0.0850
vn -0.2763 0.8549 -0.4391
vn -0.2735 0.8789 -0.3907
vn -0.1766 0.9044 -0.3884
vn -0.2084 0.9196 -0.3330
vn -0.1935 0.9362 -0.2933
vn -0.3642 0.7078 -0.6053
vn -0.3369 0.7603 -0.5554
vn -0.2975 0.8190 -0.4906
vn -0.3321 0.7070 -0.6244
vn -0.3661 0.7070 -0.6051
vn -0.3784 0.6543 -0.6548
vn -0.4903 0.3173 -0.8118
vn -0.4686 0.4225 -0.7758
vn -0.4279 0.4225 -0.7990
vn -0.4156 0.4580 -0.7858
vn -0.4696 0.3866 -0.7937
vn -0.4576 0.4659 -0.7573
vn -0.4237 0.5734 -0.7012
vn -0.4289 0.5310 -0.7308
vn -0.4129 0.6031 -0.6825
vn -0.4980 0.2332 -0.8353
vn -0.4994 0.2587 -0.8268
vn -0.5103 0.1605 -0.8449
vn -0.5130 0.0871 -0.8539
vn -0.5156 0.0739 -0.8536
vn -0.2548 0.8414 -0.4766
vn -0.2514 0.8409 -0.4792
vn -0.1965 0.9062 -0.3744
vn -0.1964 0.9062 -0.3744
vn -0.1203 0.9659 -0.2293
vn -0.0405 0.9962 -0.0772
vn -0.3081 0.7934 -0.5250
vn -0.2813 0.8410 -0.4621
vn -0.2198 0.9062 -0.3611
vn -0.1346 0.9659 -0.2212
vn -0.0453 0.9962 -0.0745
vn -0.0235 0.8474 -0.5304
vn -0.2325 0.0740 -0.9698
vn -0.2302 0.1606 -0.9598
vn -0.2253 0.2587 -0.9393
vn -0.2312 0.2993 -0.9257
vn -0.2277 0.2150 -0.9497
vn -0.1760 0.6534 -0.7363
vn -0.1855 0.6031 -0.7758
vn -0.1951 0.5735 -0.7957
vn -0.1975 0.5306 -0.8243
vn -0.2072 0.4580 -0.8645
vn -0.1658 0.7081 -0.6864
vn -0.1364 0.8191 -0.5572
vn -0.1413 0.7918 -0.5942
vn -0.1503 0.7603 -0.6319
vn -0.0996 0.8643 -0.4930
vn -0.0928 0.8844 -0.4574
vn -0.1473 0.9044 -0.4004
vn -0.0857 0.9195 -0.3836
vn -0.0405 0.9780 -0.2046
vn -0.0627 0.9672 -0.2461
vn -0.0679 0.9658 -0.2503
vn -0.0620 0.9479 -0.3124
vn -0.0683 0.9362 -0.3447
vn -0.0010 1.0000 -0.0061
vn -0.0066 0.9994 -0.0337
vn -0.0163 0.9978 -0.0648
vn -0.0279 0.9954 -0.0918
vn -0.0232 0.9962 -0.0842
vn -0.0286 0.9884 -0.1494
vn -0.0332 0.9843 -0.1734
vn -0.0185 0.9978 -0.0643
vn -0.0112 0.9994 -0.0324
vn -0.0022 1.0000 -0.0058
vn -0.0839 0.9659 -0.2448
vn -0.0544 0.9572 -0.2841
vn -0.0697 0.9672 -0.2445
vn -0.0680 0.9780 -0.1971
vn -0.0586 0.9843 -0.1664
vn -0.0288 0.9962 -0.0823
vn -0.0212 0.9923 -0.1223
vn -0.0221 0.9954 -0.0934
vn -0.1585 0.8549 -0.4940
vn -0.1678 0.8789 -0.4464
vn -0.0745 0.9044 -0.4201
vn -0.1190 0.9196 -0.3743
vn -0.1145 0.9362 -0.3322
vn -0.2023 0.7078 -0.6769
vn -0.1882 0.7603 -0.6217
vn -0.1662 0.8190 -0.5492
vn -0.1663 0.7070 -0.6874
vn -0.2041 0.7070 -0.6772
vn -0.2037 0.6543 -0.7283
vn -0.2609 0.4225 -0.8680
vn -0.2158 0.4225 -0.8803
vn -0.2159 0.3783 -0.9002
vn -0.2575 0.3866 -0.8856
vn -0.2549 0.4659 -0.8473
vn -0.2360 0.5734 -0.7845
vn -0.2337 0.5310 -0.8145
vn -0.2302 0.6031 -0.7638
vn -0.2346 0.0871 -0.9682
vn -0.2631 0.0871 -0.9608
vn -0.2897 0.1038 -0.9515
vn -0.2844 0.0739 -0.9558
vn -0.2842 0.1605 -0.9452
vn -0.2781 0.2587 -0.9251
vn -0.2746 0.2332 -0.9328
vn -0.2730 0.3173 -0.9082
vn -0.1282 0.8413 -0.5251
vn -0.1244 0.8409 -0.5267
vn -0.0972 0.9062 -0.4115
vn -0.0595 0.9659 -0.2520
vn -0.0200 0.9962 -0.0849
vn -0.1678 0.7934 -0.5851
vn -0.1575 0.8410 -0.5176
vn -0.1231 0.9062 -0.4045
vn -0.0754 0.9659 -0.2477
vn -0.0254 0.9962 -0.0834
vn -0.0520 0.8788 -0.4743
vn -0.0148 0.9858 -0.1672
vn 0.0153 0.2826 -0.9591
vn 0.0149 0.3620 -0.9320
vn 0.0117 0.3826 -0.9238
vn 0.0145 0.4343 -0.9006
vn 0.0117 0.7309 -0.6823
vn 0.0125 0.6862 -0.7273
vn 0.0091 0.6493 -0.7604
vn 0.0128 0.6263 -0.7795
vn 0.0134 0.5746 -0.8183
vn 0.0072 0.8526 -0.5226
vn 0.0100 0.8406 -0.5415
vn 0.0116 0.7831 -0.6218
vn -0.0063 0.9238 -0.3829
vn -0.0057 0.9236 -0.3834
vn 0.0209 0.9434 -0.3309
vn 0.0123 0.9645 -0.2638
vn -0.0000 0.9723 -0.2337
vn 0.0091 0.9786 -0.2056
vn 0.0005 1.0000 -0.0061
vn 0.0020 0.9994 -0.0342
vn 0.0003 0.9978 -0.0668
vn -0.0042 0.9954 -0.0959
vn 0.0013 0.9969 -0.0785
vn 0.0090 0.9897 -0.1431
vn 0.0106 0.9858 -0.1676
vn -0.0019 0.9978 -0.0668
vn -0.0028 0.9994 -0.0342
vn -0.0007 1.0000 -0.0061
vn -0.0067 0.9969 -0.0782
vn 0.0080 0.9931 -0.1172
vn 0.0019 0.9954 -0.0960
vn -0.0031 0.9236 -0.3834
vn -0.0039 0.9237 -0.3830
vn -0.0290 0.9434 -0.3305
vn -0.0144 0.9724 -0.2330
vn -0.0011 0.9683 -0.2496
vn -0.0142 0.9786 -0.2052
vn 0.0080 0.7603 -0.6495
vn -0.0272 0.7603 -0.6490
vn -0.0205 0.7319 -0.6811
vn -0.0348 0.5224 -0.8520
vn 0.0112 0.5224 -0.8526
vn 0.0138 0.5080 -0.8612
vn -0.0319 0.5081 -0.8607
vn -0.0336 0.5746 -0.8177
vn -0.0313 0.6493 -0.7599
vn -0.0263 0.6263 -0.7791
vn -0.0305 0.6858 -0.7271
vn -0.0405 0.2334 -0.9715
vn 0.0121 0.2334 -0.9723
vn 0.0162 0.2021 -0.9792
vn -0.0379 0.2204 -0.9747
vn -0.0388 0.3006 -0.9530
vn -0.0376 0.3826 -0.9232
vn -0.0353 0.3703 -0.9282
vn -0.0366 0.4424 -0.8961
vn 0.0151 0.0740 -0.9971
vn 0.0159 0.0784 -0.9968
vn -0.0398 0.0784 -0.9961
vn -0.0330 0.1148 -0.9928
vn -0.0614 0.0740 -0.9954
vn 0.0399 0.8788 -0.4756
vn 0.0094 0.8751 -0.4838
vn 0.0074 0.9238 -0.3828
vn 0.0045 0.9723 -0.2335
vn 0.0015 0.9969 -0.0785
vn -0.0270 0.7832 -0.6212
vn -0.0234 0.8408 -0.5409
vn -0.0201 0.8526 -0.5222
vn -0.0214 0.8751 -0.4834
vn -0.0169 0.9238 -0.3825
vn -0.0103 0.9723 -0.2333
vn -0.0035 0.9969 -0.0784
vn 0.0676 0.8788 -0.4724
vn 0.0273 0.9858 -0.1656
vn 0.2533 0.2827 -0.9252
vn 0.2462 0.3621 -0.8991
vn 0.2411 0.3826 -0.8919
vn 0.2380 0.4344 -0.8687
vn 0.1810 0.7309 -0.6580
vn 0.1930 0.6862 -0.7013
vn 0.1980 0.6493 -0.7343
vn 0.2062 0.6263 -0.7518
vn 0.2165 0.5746 -0.7893
vn 0.1370 0.8526 -0.5044
vn 0.1443 0.8407 -0.5220
vn 0.1659 0.7831 -0.5994
vn 0.0891 0.9238 -0.3724
vn 0.0898 0.9236 -0.3727
vn 0.1025 0.9434 -0.3154
vn 0.0775 0.9645 -0.2525
vn 0.0581 0.9723 -0.2264
vn 0.0599 0.9786 -0.1969
vn 0.0020 1.0000 -0.0058
vn 0.0104 0.9994 -0.0327
vn 0.0169 0.9978 -0.0646
vn 0.0197 0.9954 -0.0939
vn 0.0208 0.9969 -0.0757
vn 0.0443 0.9897 -0.1364
vn 0.0520 0.9858 -0.1597
vn 0.0147 0.9978 -0.0652
vn 0.0058 0.9994 -0.0338
vn 0.0009 1.0000 -0.0061
vn 0.0130 0.9969 -0.0774
vn 0.0369 0.9931 -0.1115
vn 0.0257 0.9954 -0.0925
vn 0.0924 0.9236 -0.3721
vn 0.0915 0.9237 -0.3720
vn 0.0541 0.9434 -0.3274
vn 0.0440 0.9724 -0.2293
vn 0.0611 0.9684 -0.2420
vn 0.0373 0.9786 -0.2023
vn 0.1693 0.7603 -0.6271
vn 0.1351 0.7603 -0.6354
vn 0.1495 0.7319 -0.6648
vn 0.1782 0.5223 -0.8339
vn 0.2229 0.5224 -0.8231
vn 0.2276 0.5080 -0.8307
vn 0.1831 0.5081 -0.8416
vn 0.1708 0.5745 -0.8005
vn 0.1587 0.6493 -0.7438
vn 0.1682 0.6263 -0.7612
vn 0.1513 0.6858 -0.7119
vn 0.2024 0.2334 -0.9511
vn 0.2535 0.2333 -0.9388
vn 0.2592 0.2021 -0.9444
vn 0.2057 0.2204 -0.9535
vn 0.1994 0.3007 -0.9327
vn 0.1932 0.3825 -0.9035
vn 0.1967 0.3703 -0.9078
vn 0.1874 0.4424 -0.8770
vn 0.2085 0.0739 -0.9752
vn 0.2092 0.0784 -0.9747
vn 0.2514 0.0784 -0.9647
vn 0.2620 0.1133 -0.9584
vn 0.2787 0.0741 -0.9575
vn 0.1570 0.8788 -0.4507
vn 0.1294 0.8751 -0.4663
vn 0.1024 0.9238 -0.3689
vn 0.0625 0.9723 -0.2250
vn 0.0210 0.9969 -0.0756
vn 0.1283 0.7832 -0.6084
vn 0.1119 0.8408 -0.5297
vn 0.1104 0.8526 -0.5108
vn 0.0995 0.8751 -0.4736
vn 0.0787 0.9238 -0.3747
vn 0.0480 0.9723 -0.2286
vn 0.0161 0.9969 -0.0768
vn 0.1829 0.8788 -0.4407
vn 0.0676 0.9858 -0.1536
vn 0.4859 0.2021 -0.8503
vn 0.4621 0.3620 -0.8096
vn 0.4553 0.3826 -0.8039
vn 0.4465 0.4344 -0.7822
vn 0.3390 0.7309 -0.5923
vn 0.3613 0.6862 -0.6313
vn 0.3744 0.6493 -0.6620
vn 0.3867 0.6263 -0.6769
vn 0.4060 0.5746 -0.7107
vn 0.2581 0.8526 -0.4545
vn 0.2696 0.8406 -0.4697
vn 0.3097 0.7831 -0.5393
vn 0.1790 0.9238 -0.3385
vn 0.1797 0.9236 -0.3387
vn 0.1777 0.9434 -0.2799
vn 0.1378 0.9645 -0.2253
vn 0.1126 0.9723 -0.2048
vn 0.1070 0.9786 -0.1758
vn 0.0034 1.0000 -0.0051
vn 0.0182 0.9994 -0.0290
vn 0.0324 0.9978 -0.0584
vn 0.0425 0.9954 -0.0860
vn 0.0389 0.9969 -0.0682
vn 0.0769 0.9897 -0.1211
vn 0.0901 0.9858 -0.1418
vn 0.0305 0.9978 -0.0595
vn 0.0140 0.9994 -0.0313
vn 0.0024 1.0000 -0.0057
vn 0.0318 0.9969 -0.0717
vn 0.0635 0.9931 -0.0988
vn 0.0479 0.9954 -0.0832
vn 0.1820 0.9236 -0.3375
vn 0.1811 0.9237 -0.3375
vn 0.1338 0.9433 -0.3036
vn 0.0997 0.9724 -0.2111
vn 0.1193 0.9684 -0.2192
vn 0.0864 0.9786 -0.1867
vn 0.3199 0.7603 -0.5653
vn 0.2889 0.7603 -0.5818
vn 0.3101 0.7320 -0.6067
vn 0.3800 0.5223 -0.7634
vn 0.4206 0.5224 -0.7418
vn 0.4270 0.5080 -0.7481
vn 0.3867 0.5081 -0.7696
vn 0.3645 0.5746 -0.7328
vn 0.3387 0.6493 -0.6810
vn 0.3523 0.6263 -0.6954
vn 0.3236 0.6858 -0.6519
vn 0.4363 0.2204 -0.8724
vn 0.4251 0.3007 -0.8538
vn 0.4118 0.3826 -0.8271
vn 0.4163 0.3703 -0.8304
vn 0.3996 0.4424 -0.8029
vn 0.4936 0.0740 -0.8665
vn 0.4942 0.0784 -0.8658
vn 0.4682 0.0785 -0.8801
vn 0.4755 0.2827 -0.8331
vn 0.4790 0.2334 -0.8462
vn 0.4326 0.2334 -0.8709
vn 0.4447 0.0852 -0.8916
vn 0.4432 0.0740 -0.8934
vn 0.2641 0.8788 -0.3975
vn 0.2413 0.8751 -0.4194
vn 0.1909 0.9238 -0.3318
vn 0.1165 0.9723 -0.2024
vn 0.0391 0.9969 -0.0680
vn 0.2756 0.7832 -0.5573
vn 0.2401 0.8408 -0.4852
vn 0.2339 0.8526 -0.4673
vn 0.2142 0.8751 -0.4339
vn 0.1694 0.9238 -0.3433
vn 0.1034 0.9723 -0.2094
vn 0.0347 0.9969 -0.0704
vn 0.2868 0.8788 -0.3814
vn 0.1037 0.9858 -0.1320
vn 0.6677 0.2826 -0.6887
vn 0.6489 0.3620 -0.6692
vn 0.6410 0.3826 -0.6654
vn 0.6271 0.4344 -0.6466
vn 0.4756 0.7309 -0.4894
vn 0.5070 0.6862 -0.5216
vn 0.5272 0.6493 -0.5481
vn 0.5429 0.6263 -0.5595
vn 0.5700 0.5746 -0.5874
vn 0.3630 0.8526 -0.3760
vn 0.3780 0.8407 -0.3879
vn 0.4341 0.7831 -0.4453
vn 0.2575 0.9238 -0.2834
vn 0.2582 0.9236 -0.2834
vn 0.2418 0.9434 -0.2269
vn 0.1895 0.9645 -0.1839
vn 0.1600 0.9723 -0.1704
vn 0.1474 0.9786 -0.1437
vn 0.0046 1.0000 -0.0041
vn 0.0249 0.9994 -0.0236
vn 0.0459 0.9978 -0.0485
vn 0.0625 0.9954 -0.0728
vn 0.0547 0.9969 -0.0563
vn 0.1046 0.9897 -0.0982
vn 0.1225 0.9858 -0.1149
vn 0.0443 0.9978 -0.0501
vn 0.0213 0.9994 -0.0269
vn 0.0037 1.0000 -0.0049
vn 0.0486 0.9969 -0.0616
vn 0.0861 0.9931 -0.0799
vn 0.0671 0.9954 -0.0687
vn 0.2602 0.9236 -0.2816
vn 0.2593 0.9237 -0.2819
vn 0.2051 0.9434 -0.2608
vn 0.1491 0.9724 -0.1797
vn 0.1701 0.9684 -0.1827
vn 0.1302 0.9786 -0.1593
vn 0.4505 0.7603 -0.4680
vn 0.4245 0.7603 -0.4917
vn 0.4512 0.7320 -0.5105
vn 0.5579 0.5223 -0.6449
vn 0.5919 0.5224 -0.6139
vn 0.5996 0.5080 -0.6184
vn 0.5659 0.5081 -0.6493
vn 0.5353 0.5746 -0.6192
vn 0.4974 0.6493 -0.5753
vn 0.5141 0.6263 -0.5860
vn 0.4755 0.6859 -0.5509
vn 0.6356 0.2334 -0.7359
vn 0.6744 0.2334 -0.7005
vn 0.6821 0.2021 -0.7027
vn 0.6396 0.2204 -0.7364
vn 0.6240 0.3007 -0.7212
vn 0.6046 0.3825 -0.6987
vn 0.6097 0.3703 -0.7008
vn 0.5867 0.4424 -0.6782
vn 0.6936 0.0740 -0.7166
vn 0.6940 0.0784 -0.7157
vn 0.6529 0.0784 -0.7534
vn 0.6562 0.1266 -0.7439
vn 0.6383 0.0740 -0.7662
vn 0.3547 0.8788 -0.3193
vn 0.3380 0.8751 -0.3462
vn 0.2675 0.9238 -0.2739
vn 0.2674 0.9238 -0.2739
vn 0.1632 0.9723 -0.1671
vn 0.0548 0.9969 -0.0562
vn 0.4055 0.7832 -0.4713
vn 0.3532 0.8408 -0.4103
vn 0.3428 0.8526 -0.3945
vn 0.3154 0.8751 -0.3670
vn 0.2495 0.9238 -0.2904
vn 0.1522 0.9723 -0.1771
vn 0.0512 0.9969 -0.0595
vn 0.3726 0.8788 -0.2981
vn 0.1333 0.9858 -0.1021
vn 0.8180 0.2826 -0.5010
vn 0.7949 0.3620 -0.4869
vn 0.7863 0.3826 -0.4851
vn 0.7681 0.4344 -0.4704
vn 0.5824 0.7309 -0.3557
vn 0.6208 0.6862 -0.3792
vn 0.6470 0.6493 -0.3997
vn 0.6650 0.6263 -0.4069
vn 0.6981 0.5746 -0.4272
vn 0.4451 0.8526 -0.2739
vn 0.4625 0.8407 -0.2817
vn 0.5312 0.7831 -0.3234
vn 0.3199 0.9238 -0.2105
vn 0.3206 0.9236 -0.2102
vn 0.2906 0.9434 -0.1597
vn 0.2293 0.9645 -0.1310
vn 0.1974 0.9723 -0.1252
vn 0.1785 0.9786 -0.1025
vn 0.0054 1.0000 -0.0029
vn 0.0300 0.9994 -0.0167
vn 0.0566 0.9978 -0.0355
vn 0.0787 0.9954 -0.0549
vn 0.0670 0.9969 -0.0410
vn 0.1257 0.9897 -0.0691
vn 0.1472 0.9858 -0.0808
vn 0.0554 0.9978 -0.0375
vn 0.0273 0.9994 -0.0207
vn 0.0048 1.0000 -0.0038
vn 0.0624 0.9969 -0.0475
vn 0.1033 0.9931 -0.0560
vn 0.0821 0.9954 -0.0499
vn 0.3221 0.9236 -0.2081
vn 0.3213 0.9237 -0.2086
vn 0.2635 0.9434 -0.2016
vn 0.1891 0.9724 -0.1370
vn 0.2102 0.9684 -0.1346
vn 0.1657 0.9786 -0.1220
vn 0.5527 0.7603 -0.3413
vn 0.5334 0.7603 -0.3707
vn 0.5640 0.7319 -0.3823
vn 0.7008 0.5223 -0.4859
vn 0.7259 0.5224 -0.4474
vn 0.7346 0.5080 -0.4498
vn 0.7096 0.5081 -0.4881
vn 0.6724 0.5746 -0.4666
vn 0.6249 0.6493 -0.4336
vn 0.6437 0.6263 -0.4397
vn 0.5976 0.6858 -0.4153
vn 0.7986 0.2334 -0.5547
vn 0.8274 0.2334 -0.5108
vn 0.8355 0.2021 -0.5110
vn 0.8026 0.2204 -0.5543
vn 0.7838 0.3006 -0.5434
vn 0.7593 0.3826 -0.5264
vn 0.7648 0.3703 -0.5271
vn 0.7370 0.4424 -0.5110
vn 0.8196 0.0740 -0.5682
vn 0.8198 0.0784 -0.5673
vn 0.8448 0.0784 -0.5293
vn 0.8473 0.1108 -0.5194
vn 0.8597 0.0741 -0.5054
vn 0.4230 0.8788 -0.2211
vn 0.4135 0.8751 -0.2513
vn 0.3272 0.9238 -0.1988
vn 0.1996 0.9723 -0.1213
vn 0.0671 0.9969 -0.0408
vn 0.5100 0.7832 -0.3556
vn 0.4442 0.8408 -0.3095
vn 0.4302 0.8526 -0.2968
vn 0.3967 0.8751 -0.2771
vn 0.3139 0.9238 -0.2192
vn 0.1915 0.9723 -0.1337
vn 0.0644 0.9969 -0.0449
vn 0.4350 0.8788 -0.1961
vn 0.1544 0.9858 -0.0657
vn 0.9363 0.2021 -0.2872
vn 0.9530 0.0740 -0.2938
vn 0.9529 0.0784 -0.2929
vn 0.8910 0.3620 -0.2739
vn 0.8823 0.3826 -0.2743
vn 0.8610 0.4344 -0.2646
vn 0.6526 0.7309 -0.1997
vn 0.6956 0.6862 -0.2129
vn 0.7261 0.6493 -0.2263
vn 0.7453 0.6263 -0.2287
vn 0.7824 0.5746 -0.2401
vn 0.4992 0.8526 -0.1546
vn 0.5181 0.8407 -0.1578
vn 0.5950 0.7831 -0.1811
vn 0.3622 0.9238 -0.1243
vn 0.3628 0.9236 -0.1239
vn 0.3212 0.9434 -0.0824
vn 0.2547 0.9645 -0.0699
vn 0.2223 0.9723 -0.0722
vn 0.1984 0.9786 -0.0549
vn 0.0060 1.0000 -0.0014
vn 0.0332 0.9994 -0.0087
vn 0.0636 0.9978 -0.0204
vn 0.0899 0.9954 -0.0336
vn 0.0750 0.9969 -0.0230
vn 0.1389 0.9897 -0.0356
vn 0.1627 0.9858 -0.0417
vn 0.0630 0.9978 -0.0225
vn 0.0316 0.9994 -0.0133
vn 0.0056 1.0000 -0.0025
vn 0.0723 0.9969 -0.0305
vn 0.1139 0.9931 -0.0286
vn 0.0919 0.9954 -0.0279
vn 0.3637 0.9236 -0.1214
vn 0.3631 0.9237 -0.1221
vn 0.3054 0.9433 -0.1297
vn 0.2172 0.9724 -0.0857
vn 0.2371 0.9684 -0.0781
vn 0.1908 0.9786 -0.0769
vn 0.6202 0.7603 -0.1931
vn 0.6089 0.7603 -0.2264
vn 0.6414 0.7319 -0.2300
vn 0.7996 0.5223 -0.2964
vn 0.8144 0.5224 -0.2528
vn 0.8234 0.5080 -0.2530
vn 0.8087 0.5081 -0.2963
vn 0.7673 0.5746 -0.2847
vn 0.7130 0.6493 -0.2645
vn 0.7328 0.6263 -0.2658
vn 0.6821 0.6858 -0.2537
vn 0.9152 0.2204 -0.3372
vn 0.8943 0.3006 -0.3314
vn 0.8664 0.3826 -0.3210
vn 0.8719 0.3703 -0.3204
vn 0.8409 0.4424 -0.3117
vn 0.9169 0.2826 -0.2818
vn 0.9285 0.2334 -0.2890
vn 0.9115 0.2334 -0.3387
vn 0.9351 0.0784 -0.3456
vn 0.9351 0.0739 -0.3465
vn 0.4647 0.8788 -0.1090
vn 0.4630 0.8751 -0.1406
vn 0.3663 0.9238 -0.1112
vn 0.2235 0.9723 -0.0678
vn 0.0751 0.9969 -0.0228
vn 0.5824 0.7832 -0.2176
vn 0.5072 0.8408 -0.1894
vn 0.4905 0.8526 -0.1805
vn 0.4532 0.8751 -0.1697
vn 0.3585 0.9238 -0.1343
vn 0.2187 0.9723 -0.0819
vn 0.0735 0.9969 -0.0275
vn 0.4701 0.8788 -0.0817
vn 0.1659 0.9858 -0.0252
vn 0.9582 0.2826 -0.0449
vn 0.9311 0.3620 -0.0437
vn 0.9228 0.3826 -0.0463
vn 0.8997 0.4344 -0.0421
vn 0.6818 0.7309 -0.0312
vn 0.7267 0.6862 -0.0332
vn 0.7595 0.6493 -0.0386
vn 0.7788 0.6263 -0.0362
vn 0.8176 0.5746 -0.0380
vn 0.5220 0.8526 -0.0256
vn 0.5410 0.8407 -0.0240
vn 0.6213 0.7831 -0.0274
vn 0.3817 0.9238 -0.0303
vn 0.3822 0.9236 -0.0298
vn 0.3316 0.9434 0.0001
vn 0.2641 0.9645 -0.0043
vn 0.2333 0.9723 -0.0147
vn 0.2058 0.9786 -0.0039
vn 0.0061 1.0000 0.0001
vn 0.0343 0.9994 -0.0002
vn 0.0667 0.9978 -0.0039
vn 0.0954 0.9954 -0.0102
vn 0.0784 0.9969 -0.0037
vn 0.1434 0.9897 -0.0000
vn 0.1680 0.9858 0.0001
vn 0.0666 0.9978 -0.0061
vn 0.0339 0.9994 -0.0050
vn 0.0061 1.0000 -0.0010
vn 0.0776 0.9969 -0.0116
vn 0.1175 0.9931 0.0006
vn 0.0959 0.9954 -0.0042
vn 0.3825 0.9236 -0.0272
vn 0.3820 0.9237 -0.0280
vn 0.3281 0.9433 -0.0497
vn 0.2317 0.9724 -0.0290
vn 0.2490 0.9684 -0.0167
vn 0.2040 0.9786 -0.0270
vn 0.6487 0.7603 -0.0328
vn 0.6461 0.7603 -0.0679
vn 0.6784 0.7320 -0.0633
vn 0.8482 0.5223 -0.0882
vn 0.8517 0.5224 -0.0423
vn 0.8604 0.5080 -0.0403
vn 0.8570 0.5081 -0.0859
vn 0.8140 0.5746 -0.0849
vn 0.7564 0.6493 -0.0789
vn 0.7759 0.6263 -0.0752
vn 0.7238 0.6858 -0.0761
vn 0.9671 0.2333 -0.1014
vn 0.9712 0.2334 -0.0490
vn 0.9783 0.2021 -0.0453
vn 0.9704 0.2204 -0.0990
vn 0.9486 0.3006 -0.0986
vn 0.9190 0.3825 -0.0955
vn 0.9242 0.3703 -0.0935
vn 0.8920 0.4424 -0.0928
vn 0.9961 0.0740 -0.0476
vn 0.9958 0.0784 -0.0467
vn 0.9917 0.0784 -0.1022
vn 0.9862 0.1383 -0.0908
vn 0.9901 0.0740 -0.1195
vn 0.4772 0.8788 0.0100
vn 0.4835 0.8751 -0.0210
vn 0.3825 0.9238 -0.0166
vn 0.2333 0.9723 -0.0101
vn 0.0784 0.9969 -0.0034
vn 0.6182 0.7832 -0.0660
vn 0.5384 0.8408 -0.0573
vn 0.5199 0.8526 -0.0529
vn 0.4811 0.8751 -0.0517
vn 0.3807 0.9238 -0.0409
vn 0.2322 0.9723 -0.0249
vn 0.0781 0.9969 -0.0084
vn 0.0780 0.9969 -0.0084
vn 0.4757 0.8788 0.0378
vn 0.1670 0.9858 0.0168
vn 0.9392 0.2826 0.1948
vn 0.9127 0.3620 0.1893
vn 0.9053 0.3826 0.1846
vn 0.8819 0.4344 0.1830
vn 0.6681 0.7309 0.1393
vn 0.7121 0.6862 0.1485
vn 0.7453 0.6493 0.1515
vn 0.7633 0.6263 0.1586
vn 0.8013 0.5746 0.1665
vn 0.5120 0.8526 0.1050
vn 0.5300 0.8406 0.1113
vn 0.6086 0.7831 0.1279
vn 0.3773 0.9238 0.0656
vn 0.3776 0.9236 0.0662
vn 0.3212 0.9434 0.0825
vn 0.2569 0.9645 0.0615
vn 0.2296 0.9723 0.0438
vn 0.2003 0.9786 0.0474
vn 0.0059 1.0000 0.0016
vn 0.0333 0.9994 0.0084
vn 0.0656 0.9978 0.0128
vn 0.0950 0.9954 0.0138
vn 0.0769 0.9969 0.0160
vn 0.1389 0.9897 0.0357
vn 0.1627 0.9858 0.0419
vn 0.0660 0.9978 0.0106
vn 0.0341 0.9994 0.0036
vn 0.0061 1.0000 0.0005
vn 0.0780 0.9969 0.0081
vn 0.1136 0.9931 0.0298
vn 0.0939 0.9954 0.0198
vn 0.3772 0.9236 0.0688
vn 0.3770 0.9237 0.0679
vn 0.3301 0.9433 0.0335
vn 0.2316 0.9724 0.0296
vn 0.2454 0.9684 0.0457
vn 0.2043 0.9786 0.0245
vn 0.6365 0.7603 0.1296
vn 0.6426 0.7603 0.0949
vn 0.6728 0.7320 0.1074
vn 0.8435 0.5223 0.1255
vn 0.8354 0.5224 0.1708
vn 0.8434 0.5080 0.1750
vn 0.8514 0.5081 0.1299
vn 0.8096 0.5746 0.1202
vn 0.7523 0.6493 0.1117
vn 0.7703 0.6263 0.1201
vn 0.7199 0.6858 0.1063
vn 0.9619 0.2333 0.1423
vn 0.9528 0.2334 0.1941
vn 0.9588 0.2021 0.1994
vn 0.9645 0.2204 0.1454
vn 0.9433 0.3007 0.1405
vn 0.9139 0.3826 0.1361
vn 0.9184 0.3703 0.1393
vn 0.8871 0.4424 0.1320
vn 0.9864 0.0739 0.1468
vn 0.9859 0.0784 0.1476
vn 0.9778 0.0784 0.1945
vn 0.9737 0.1065 0.2014
vn 0.9722 0.0741 0.2222
vn 0.4597 0.8788 0.1284
vn 0.4735 0.8751 0.0999
vn 0.3746 0.9238 0.0790
vn 0.2285 0.9723 0.0482
vn 0.0768 0.9969 0.0162
vn 0.6152 0.7832 0.0899
vn 0.5357 0.8408 0.0784
vn 0.5168 0.8526 0.0781
vn 0.4789 0.8751 0.0696
vn 0.3789 0.9238 0.0551
vn 0.2311 0.9723 0.0336
vn 0.0777 0.9969 0.0113
vn 0.4237 0.8474 0.3200
vn 0.8312 0.3783 0.4075
vn 0.9053 0.0872 0.4156
vn 0.8942 0.0740 0.4416
vn 0.8944 0.0984 0.4362
vn 0.8863 0.1606 0.4345
vn 0.8673 0.2587 0.4252
vn 0.8607 0.2993 0.4119
vn 0.8769 0.2150 0.4299
vn 0.7611 0.5305 0.3732
vn 0.7374 0.5735 0.3569
vn 0.7160 0.6031 0.3516
vn 0.6795 0.6533 0.3337
vn 0.6345 0.7081 0.3098
vn 0.5163 0.8191 0.2501
vn 0.5479 0.7918 0.2699
vn 0.5827 0.7603 0.2870
vn 0.4434 0.8643 0.2376
vn 0.4116 0.8844 0.2201
vn 0.4024 0.9044 0.1418
vn 0.3502 0.9195 0.1785
vn 0.1835 0.9780 0.0992
vn 0.2296 0.9672 0.1085
vn 0.2361 0.9658 0.1072
vn 0.2803 0.9479 0.1514
vn 0.3091 0.9362 0.1671
vn 0.0053 1.0000 0.0031
vn 0.0301 0.9994 0.0164
vn 0.0603 0.9978 0.0287
vn 0.0885 0.9954 0.0370
vn 0.0797 0.9962 0.0358
vn 0.1333 0.9884 0.0732
vn 0.1548 0.9843 0.0850
vn 0.0613 0.9978 0.0267
vn 0.0321 0.9994 0.0120
vn 0.0058 1.0000 0.0020
vn 0.2421 0.9659 0.0914
vn 0.2536 0.9572 0.1392
vn 0.2328 0.9672 0.1021
vn 0.1952 0.9780 0.0733
vn 0.1656 0.9843 0.0610
vn 0.0817 0.9962 0.0303
vn 0.1077 0.9923 0.0616
vn 0.0861 0.9954 0.0426
vn 0.4817 0.8549 0.1929
vn 0.4509 0.8789 0.1553
vn 0.3712 0.9044 0.2104
vn 0.3643 0.9196 0.1469
vn 0.3290 0.9362 0.1235
vn 0.6505 0.7078 0.2756
vn 0.5990 0.7603 0.2513
vn 0.5291 0.8190 0.2220
vn 0.6357 0.7070 0.3100
vn 0.6519 0.7070 0.2744
vn 0.6910 0.6543 0.3073
vn 0.8738 0.3173 0.3685
vn 0.8351 0.4225 0.3522
vn 0.8158 0.4225 0.3949
vn 0.7981 0.4580 0.3914
vn 0.8465 0.3866 0.3661
vn 0.8154 0.4659 0.3437
vn 0.7549 0.5734 0.3183
vn 0.7766 0.5310 0.3392
vn 0.7352 0.6031 0.3095
vn 0.8938 0.2332 0.3830
vn 0.8900 0.2587 0.3754
vn 0.9095 0.1605 0.3836
vn 0.9170 0.0871 0.3893
vn 0.9189 0.0739 0.3875
vn 0.4863 0.8413 0.2359
vn 0.4851 0.8409 0.2399
vn 0.3790 0.9062 0.1874
vn 0.2321 0.9659 0.1148
vn 0.0782 0.9962 0.0387
vn 0.5578 0.7934 0.2437
vn 0.4992 0.8410 0.2085
vn 0.3901 0.9062 0.1630
vn 0.2389 0.9659 0.0998
vn 0.0805 0.9962 0.0336
vn -0.0000 -1.0000 -0.0000
vn -0.0000 -0.0000 1.0000
vn -0.9868 -0.0000 -0.1618
vn -0.6052 -0.0000 -0.7961
vn 0.1081 -0.0000 -0.9941
vn 0.7622 -0.0000 -0.6474
vn 0.9985 -0.0000 0.0541
vn 0.6877 -0.0000 0.7260
vn 0.5563 -0.0000 0.8310
vn 0.6052 -0.0000 0.7961
vn 0.6443 -0.0398 0.7637
vn 0.6025 -0.0000 0.7981
vn 0.6202 -0.0017 0.7844
vn 0.7602 -0.0000 0.6497
vn 0.7873 -0.0000 0.6166
vn 0.7688 -0.0006 0.6394
vn 0.7621 -0.0071 0.6474
vn 0.7338 -0.0000 0.6794
vn 0.8045 -0.0000 0.5940
vn 0.8354 -0.0109 0.5496
vn 0.8277 -0.0000 0.5612
vn 0.8713 -0.0000 0.4907
vn 0.8835 -0.0106 0.4684
vn 0.8966 -0.0000 0.4428
vn 0.9214 -0.0001 0.3886
vn 0.9088 -0.0000 0.4172
vn 0.9635 -0.0054 0.2675
vn 0.9614 -0.0000 0.2753
vn 0.9290 -0.0000 0.3701
vn 0.9398 -0.0245 0.3408
vn 0.9203 -0.0000 0.3913
vn 0.9868 -0.0000 0.1618
vn 0.9928 -0.0381 0.1136
vn 0.9859 -0.0000 0.1673
vn 0.9749 -0.0000 0.2229
vn 0.9749 -0.0000 0.2228
vn 0.9808 -0.0000 0.1951
vn 0.9891 -0.0015 0.1472
vn 0.9989 -0.0000 -0.0468
vn 0.9958 -0.0000 -0.0916
vn 0.9981 -0.0007 -0.0622
vn 0.9985 -0.0060 -0.0541
vn 1.0000 -0.0000 -0.0093
vn 0.9928 -0.0000 -0.1198
vn 0.9848 -0.0092 -0.1734
vn 0.9868 -0.0000 -0.1618
vn 0.9706 -0.0000 -0.2409
vn 0.9635 -0.0106 -0.2675
vn 0.9561 -0.0000 -0.2931
vn 0.9559 -0.0000 -0.2938
vn 0.9377 -0.0000 -0.3475
vn 0.9379 -0.0000 -0.3468
vn 0.9176 -0.0228 -0.3969
vn 0.9290 -0.0000 -0.3701
vn 0.8883 -0.0000 -0.4593
vn 0.8835 -0.0065 -0.4684
vn 0.8277 -0.0000 -0.5612
vn 0.8002 -0.0364 -0.5986
vn 0.8320 -0.0000 -0.5548
vn 0.8621 -0.0000 -0.5067
vn 0.8621 -0.0000 -0.5068
vn 0.8474 -0.0000 -0.5310
vn 0.8218 -0.0013 -0.5697
vn 0.6961 -0.0000 -0.7179
vn 0.6616 -0.0000 -0.7499
vn 0.6834 -0.0008 -0.7300
vn 0.6877 -0.0048 -0.7260
vn 0.7211 -0.0000 -0.6928
vn 0.4957 -0.0000 -0.8685
vn 0.4697 -0.0014 -0.8828
vn 0.6400 -0.0000 -0.7684
vn 0.5975 -0.0075 -0.8018
vn 0.6052 -0.0000 -0.7961
vn 0.5408 -0.0000 -0.8411
vn 0.5155 -0.0105 -0.8568
vn 0.4945 -0.0000 -0.8692
vn 0.4444 -0.0000 -0.8958
vn 0.3952 -0.0211 -0.9184
vn 0.4199 -0.0000 -0.9076
vn 0.3310 -0.0000 -0.9436
vn 0.3193 -0.0075 -0.9476
vn 0.2150 -0.0000 -0.9766
vn 0.1714 -0.0347 -0.9846
vn 0.2246 -0.0000 -0.9744
vn 0.2795 -0.0000 -0.9602
vn 0.2521 -0.0000 -0.9677
vn 0.2091 -0.0011 -0.9779
vn 0.0160 -0.0000 -0.9999
vn -0.0333 -0.0000 -0.9994
vn -0.0036 -0.0009 -1.0000
vn -0.0000 -0.0035 -1.0000
vn 0.0492 -0.0000 -0.9988
vn -0.2332 -0.0000 -0.9724
vn -0.0616 -0.0000 -0.9981
vn -0.1155 -0.0058 -0.9933
vn -0.1081 -0.0000 -0.9941
vn -0.1837 -0.0000 -0.9830
vn -0.2150 -0.0103 -0.9766
vn -0.2363 -0.0002 -0.9717
vn -0.2641 -0.0000 -0.9645
vn -0.2913 -0.0000 -0.9566
vn -0.3426 -0.0194 -0.9393
vn -0.3193 -0.0000 -0.9477
vn -0.4066 -0.0000 -0.9136
vn -0.4199 -0.0084 -0.9075
vn -0.5156 -0.0000 -0.8569
vn -0.5509 -0.0330 -0.8339
vn -0.5052 -0.0000 -0.8630
vn -0.4555 -0.0000 -0.8902
vn -0.4805 -0.0000 -0.8770
vn -0.5170 -0.0009 -0.8560
vn -0.6728 -0.0000 -0.7398
vn -0.7099 -0.0000 -0.7043
vn -0.6887 -0.0010 -0.7251
vn -0.6877 -0.0021 -0.7260
vn -0.6495 -0.0000 -0.7604
vn -0.8357 -0.0000 -0.5492
vn -0.7296 -0.0000 -0.6839
vn -0.7656 -0.0041 -0.6434
vn -0.7622 -0.0000 -0.6474
vn -0.8081 -0.0000 -0.5891
vn -0.8276 -0.0099 -0.5612
vn -0.8385 -0.0003 -0.5449
vn -0.8539 -0.0000 -0.5205
vn -0.8683 -0.0000 -0.4961
vn -0.8683 -0.0000 -0.4960
vn -0.8937 -0.0177 -0.4482
vn -0.8835 -0.0000 -0.4684
vn -0.9226 -0.0000 -0.3856
vn -0.9289 -0.0091 -0.3701
vn -0.9635 -0.0000 -0.2675
vn -0.9730 -0.0313 -0.2287
vn -0.9596 -0.0000 -0.2812
vn -0.9422 -0.0000 -0.3351
vn -0.9513 -0.0000 -0.3083
vn -0.9628 -0.0007 -0.2701
vn -0.9969 -0.0000 -0.0787
vn -0.9997 -0.0000 -0.0252
vn -0.9985 -0.0011 -0.0550
vn -0.9985 -0.0005 -0.0541
vn -0.9942 -0.0000 -0.1075
vn -0.9852 -0.0000 0.1717
vn -1.0000 -0.0000 0.0031
vn -0.9984 -0.0024 0.0572
vn -0.9985 -0.0000 0.0541
vn -0.9920 -0.0000 0.1259
vn -0.9868 -0.0094 0.1618
vn -0.9839 -0.0003 0.1788
vn -0.9783 -0.0000 0.2072
vn -0.9720 -0.0000 0.2349
vn -0.9578 -0.0160 0.2871
vn -0.9635 -0.0000 0.2675
vn -0.9358 -0.0000 0.3525
vn -0.9289 -0.0097 0.3701
vn -0.9154 -0.0000 0.4027
vn -0.9036 -0.0000 0.4284
vn -0.8867 -0.0005 0.4623
vn -0.8277 -0.0012 0.5612
vn -0.8286 -0.0000 0.5599
vn -0.8835 -0.0000 0.4684
vn -0.8648 -0.0296 0.5012
vn -0.8911 -0.0000 0.4539
vn -0.6006 -0.0000 0.7995
vn -0.6870 -0.0007 0.7266
vn -0.6877 -0.0000 0.7260
vn -0.6353 -0.0000 0.7723
vn -0.6052 -0.0088 0.7961
vn -0.5932 -0.0004 0.8051
vn -0.5695 -0.0000 0.8220
vn -0.5460 -0.0000 0.8378
vn -0.4998 -0.0143 0.8660
vn -0.5156 -0.0000 0.8569
vn -0.4389 -0.0000 0.8985
vn -0.4199 -0.0101 0.9075
vn -0.3896 -0.0000 0.9210
vn -0.3634 -0.0000 0.9316
vn -0.3300 -0.0004 0.9440
vn -0.2150 -0.0027 0.9766
vn -0.2186 -0.0000 0.9758
vn -0.3193 -0.0000 0.9477
vn -0.2853 -0.0279 0.9580
vn -0.3368 -0.0000 0.9416
vn -0.1081 -0.0000 0.9941
vn -0.0553 -0.0414 0.9976
vn -0.1093 -0.0000 0.9940
vn -0.1655 -0.0000 0.9862
vn -0.1375 -0.0000 0.9905
vn -0.0849 -0.0020 0.9964
vn 0.1095 -0.0000 0.9940
vn 0.1497 -0.0000 0.9887
vn 0.1207 -0.0005 0.9927
vn 0.1081 -0.0080 0.9941
vn 0.0677 -0.0000 0.9977
vn 0.1777 -0.0000 0.9841
vn 0.2307 -0.0126 0.9730
vn 0.2150 -0.0000 0.9766
vn 0.2972 -0.0000 0.9548
vn 0.3193 -0.0104 0.9476
vn 0.3484 -0.0000 0.9373
vn 0.5796 -0.0000 0.8149
vn 0.5156 -0.0041 0.8568
vn 0.5105 -0.0000 0.8599
vn 0.4199 -0.0000 0.9076
vn 0.4498 -0.0262 0.8927
vn 0.4010 -0.0000 0.9161
vn 0.4057 -0.0003 0.9140
vn 0.3749 -0.0000 0.9271
vn -0.7971 -0.0000 0.6039
vn -0.7970 -0.0000 0.6039
vn -0.7796 -0.0000 0.6263
vn -0.7622 -0.0011 0.6474
vn -0.7446 -0.0000 0.6676
vn -0.7254 -0.0000 0.6884
vn -0.7254 -0.0000 0.6883
vn -0.0000 1.0000 -0.0000
vn 0.9930 -0.0000 -0.1183
vn 0.9996 -0.0000 -0.0296
vn 1.0000 -0.0012 -0.0000
vn 0.9996 -0.0000 0.0296
vn 0.9930 -0.0000 0.1183
vn 0.9720 -0.0000 0.2349
vn 0.9374 -0.0000 0.3482
vn 0.8897 -0.0000 0.4566
vn 0.8294 -0.0000 0.5586
vn 0.7575 -0.0000 0.6528
vn 0.6750 -0.0000 0.7378
vn 0.5830 -0.0000 0.8125
vn 0.4828 -0.0000 0.8757
vn 0.3758 -0.0000 0.9267
vn 0.2636 -0.0000 0.9646
vn 0.1476 -0.0000 0.9890
vn 0.0296 -0.0000 0.9996
vn -0.0888 -0.0000 0.9960
vn -0.2060 -0.0000 0.9786
vn -0.3203 -0.0000 0.9473
vn -0.4301 -0.0000 0.9028
vn -0.5338 -0.0000 0.8456
vn -0.6301 -0.0000 0.7765
vn -0.7175 -0.0000 0.6966
vn -0.7949 -0.0000 0.6068
vn -0.8610 -0.0000 0.5085
vn -0.9151 -0.0000 0.4031
vn -0.9564 -0.0000 0.2921
vn -0.9842 -0.0000 0.1769
vn -0.9982 -0.0000 0.0592
vn -0.9982 -0.0000 -0.0592
vn -0.9842 -0.0000 -0.1769
vn -0.9564 -0.0000 -0.2921
vn -0.9151 -0.0000 -0.4031
vn -0.8610 -0.0000 -0.5085
vn -0.7949 -0.0000 -0.6068
vn -0.7175 -0.0000 -0.6966
vn -0.6301 -0.0000 -0.7765
vn -0.5338 -0.0000 -0.8456
vn -0.4301 -0.0000 -0.9028
vn -0.3203 -0.0000 -0.9473
vn -0.2060 -0.0000 -0.9786
vn -0.0888 -0.0000 -0.9960
vn 0.0296 -0.0000 -0.9996
vn 0.1476 -0.0000 -0.9890
vn 0.2636 -0.0000 -0.9646
vn 0.3758 -0.0000 -0.9267
vn 0.4828 -0.0000 -0.8757
vn 0.5830 -0.0000 -0.8125
vn 0.6750 -0.0000 -0.7378
vn 0.7575 -0.0000 -0.6528
vn 0.8294 -0.0000 -0.5586
vn 0.8897 -0.0000 -0.4566
vn 0.9374 -0.0000 -0.3482
vn 0.9720 -0.0000 -0.2349
vn 0.3987 0.8788 0.2623
vn 0.1382 0.9858 0.0952
vn 0.7442 0.2021 0.6366
vn 0.7087 0.3620 0.6056
vn 0.7044 0.3826 0.5979
vn 0.6847 0.4344 0.5852
vn 0.5183 0.7309 0.4440
vn 0.5524 0.6862 0.4732
vn 0.5801 0.6493 0.4918
vn 0.5925 0.6263 0.5067
vn 0.6220 0.5746 0.5320
vn 0.3981 0.8526 0.3387
vn 0.4108 0.8407 0.3529
vn 0.4717 0.7831 0.4053
vn 0.2990 0.9238 0.2392
vn 0.2990 0.9236 0.2399
vn 0.2417 0.9434 0.2271
vn 0.1955 0.9645 0.1776
vn 0.1801 0.9723 0.1490
vn 0.1527 0.9786 0.1381
vn 0.0044 1.0000 0.0043
vn 0.0251 0.9994 0.0234
vn 0.0513 0.9978 0.0428
vn 0.0766 0.9954 0.0579
vn 0.0597 0.9969 0.0510
vn 0.1045 0.9897 0.0982
vn 0.1224 0.9858 0.1151
vn 0.0527 0.9978 0.0411
vn 0.0281 0.9994 0.0196
vn 0.0051 1.0000 0.0034
vn 0.0645 0.9969 0.0447
vn 0.0852 0.9931 0.0809
vn 0.0728 0.9954 0.0626
vn 0.2974 0.9236 0.2420
vn 0.2976 0.9237 0.2411
vn 0.2731 0.9434 0.1884
vn 0.1887 0.9724 0.1375
vn 0.1930 0.9683 0.1583
vn 0.1672 0.9786 0.1199
vn 0.4954 0.7603 0.4202
vn 0.5174 0.7603 0.3928
vn 0.5378 0.7320 0.4183
vn 0.6787 0.5223 0.5163
vn 0.6498 0.5224 0.5521
vn 0.6548 0.5080 0.5596
vn 0.6835 0.5081 0.5240
vn 0.6515 0.5746 0.4953
vn 0.6054 0.6493 0.4603
vn 0.6171 0.6263 0.4763
vn 0.5797 0.6858 0.4400
vn 0.7752 0.2204 0.5921
vn 0.7590 0.3007 0.5775
vn 0.7353 0.3826 0.5595
vn 0.7377 0.3703 0.5645
vn 0.7137 0.4424 0.5430
vn 0.7587 0.0740 0.6472
vn 0.7579 0.0784 0.6477
vn 0.7849 0.0784 0.6147
vn 0.7292 0.2827 0.6231
vn 0.7415 0.2334 0.6291
vn 0.7744 0.2333 0.5881
vn 0.7904 0.1140 0.6019
vn 0.8022 0.0740 0.5924
vn 0.3410 0.8788 0.3339
vn 0.3668 0.8751 0.3156
vn 0.2902 0.9238 0.2497
vn 0.1770 0.9723 0.1523
vn 0.0595 0.9969 0.0512
vn 0.4958 0.7832 0.3751
vn 0.4317 0.8408 0.3268
vn 0.4152 0.8526 0.3174
vn 0.3861 0.8751 0.2917
vn 0.3055 0.9238 0.2308
vn 0.1864 0.9723 0.1408
vn 0.0626 0.9969 0.0473
vn 0.7839 0.0078 -0.6208
vn 0.8185 0.0022 -0.5746
vn 0.7924 -0.0012 -0.6099
vn 0.7847 0.0038 -0.6198
vn 0.7982 -0.0000 -0.6024
vn 0.7726 0.0004 -0.6349
vn 0.7793 0.0036 -0.6267
vn 0.7841 0.0080 -0.6206
vn 0.8491 0.0145 -0.5280
vn 0.8232 -0.0000 -0.5678
vn 0.8634 -0.0000 -0.5045
vn 0.8889 0.0002 -0.4581
vn 0.8827 0.0003 -0.4699
vn 0.9606 0.0001 -0.2779
vn 0.9434 0.0004 -0.3317
vn 0.9538 0.0001 -0.3004
vn 0.9288 -0.0000 -0.3705
vn 0.9062 -0.0000 -0.4228
vn 0.9910 0.0002 -0.1340
vn 0.9843 -0.0000 -0.1767
vn 0.9720 -0.0000 -0.2351
vn 0.9969 -0.0000 0.0783
vn 1.0000 0.0003 0.0071
vn 0.9993 0.0001 0.0363
vn 0.9994 -0.0000 -0.0351
vn 0.9957 -0.0000 -0.0921
vn 0.9865 -0.0000 0.1636
vn 0.9787 0.0002 0.2055
vn 0.9765 0.0002 0.2153
vn 0.4884 -0.0000 0.8726
vn 0.6296 -0.0000 0.7769
vn 0.7524 -0.0000 0.6587
vn 0.8534 -0.0000 0.5213
vn 0.9130 -0.0000 0.4079
vn 0.9295 0.0002 0.3688
vn 0.9445 -0.0000 0.3286
vn 0.9665 -0.0000 0.2568
vn 0.2348 -0.0000 0.9720
vn 0.2926 -0.0000 0.9562
vn 0.3331 0.0002 0.9429
vn 0.3730 -0.0000 0.9278
vn 0.1929 0.0001 0.9812
vn 0.1681 0.0002 0.9858
vn 0.1257 -0.0000 0.9921
vn 0.0407 -0.0000 0.9992
vn -0.0018 0.0002 1.0000
vn -0.0447 -0.0000 0.9990
vn -0.1303 -0.0000 0.9915
vn -0.1717 0.0002 0.9852
vn -0.2143 -0.0000 0.9768
vn -0.3365 -0.0000 0.9417
vn -0.3778 0.0004 0.9259
vn -0.2978 -0.0000 0.9546
vn -0.5215 0.0004 0.8532
vn -0.4766 0.0001 0.8791
vn -0.4361 -0.0000 0.8999
vn -0.6324 -0.0000 0.7747
vn -0.5789 0.0075 0.8154
vn -0.6208 0.0004 0.7840
vn -0.6494 0.0085 0.7604
vn -0.6502 0.0062 0.7597
vn -0.6460 -0.0006 0.7634
vn -0.5545 0.0007 0.8322
vn -0.4916 -0.0000 0.8708
vn -0.5987 -0.0000 0.8009
vn -0.6638 0.0004 0.7479
vn -0.6559 0.0037 0.7549
vn 0.6056 0.0052 -0.7958
vn 0.6102 -0.0017 -0.7923
vn 0.6233 -0.0000 -0.7820
vn 0.5905 0.0004 -0.8071
vn 0.5990 0.0036 -0.8008
vn 0.6049 0.0079 -0.7963
vn 0.7581 0.0001 -0.6521
vn 0.7233 0.0004 -0.6905
vn 0.7471 0.0001 -0.6647
vn 0.6953 -0.0000 -0.7187
vn 0.6561 -0.0000 -0.7547
vn 0.6744 0.0075 -0.7383
vn 0.6387 0.0011 -0.7695
vn 0.8491 0.0002 -0.5282
vn 0.8249 -0.0000 -0.5653
vn 0.7873 -0.0000 -0.6166
vn 0.9265 0.0002 -0.3762
vn 0.9094 -0.0000 -0.4159
vn 0.8701 -0.0000 -0.4929
vn 0.9770 0.0002 -0.2134
vn 0.9668 -0.0000 -0.2554
vn 0.9415 -0.0000 -0.3369
vn 0.9997 -0.0000 0.0237
vn 0.9998 0.0001 -0.0189
vn 0.9990 0.0002 -0.0443
vn 0.9962 -0.0000 -0.0869
vn 0.9851 -0.0000 -0.1721
vn 0.9965 -0.0000 0.0834
vn 0.9920 0.0002 0.1260
vn 0.9858 -0.0000 0.1681
vn 0.9562 -0.0000 0.2927
vn 0.8926 -0.0000 0.4509
vn 0.8030 -0.0000 0.5960
vn 0.6901 -0.0000 0.7237
vn 0.5920 -0.0000 0.8059
vn 0.5571 0.0002 0.8304
vn 0.5212 -0.0000 0.8535
vn 0.2879 -0.0000 0.9577
vn 0.3685 -0.0000 0.9296
vn 0.4080 0.0002 0.9130
vn 0.4169 0.0002 0.9089
vn 0.4555 -0.0000 0.8902
vn -0.0024 0.0008 1.0000
vn 0.0787 -0.0000 0.9969
vn -0.0510 -0.0000 0.9987
vn 0.0391 0.0004 0.9992
vn 0.1204 -0.0000 0.9927
vn 0.2469 -0.0000 0.9690
vn 0.1774 0.0007 0.9841
vn 0.2189 0.0003 0.9758
vn -0.2596 -0.0000 0.9657
vn -0.3097 0.0005 0.9508
vn -0.2722 0.0003 0.9622
vn -0.2211 -0.0000 0.9753
vn -0.0917 -0.0000 0.9958
vn -0.1649 0.0007 0.9863
vn -0.1248 0.0004 0.9922
vn -0.4791 0.0011 0.8778
vn -0.4199 -0.0000 0.9076
vn -0.4821 0.0007 0.8761
vn -0.4721 0.0006 0.8816
vn -0.4532 0.0004 0.8914
vn -0.4287 0.0003 0.9034
vn -0.3955 0.0001 0.9185
vn -0.3581 -0.0000 0.9337
vn 0.3879 0.0078 -0.9217
vn 0.4404 0.0022 -0.8978
vn 0.4006 -0.0012 -0.9163
vn 0.3891 0.0038 -0.9212
vn 0.4093 -0.0000 -0.9124
vn 0.3712 0.0004 -0.9285
vn 0.3810 0.0036 -0.9246
vn 0.3880 0.0080 -0.9216
vn 0.4897 0.0145 -0.8718
vn 0.4478 -0.0000 -0.8941
vn 0.5135 -0.0000 -0.8581
vn 0.5583 0.0002 -0.8296
vn 0.5472 0.0003 -0.8370
vn 0.7079 0.0001 -0.7063
vn 0.6669 0.0004 -0.7452
vn 0.6911 0.0001 -0.7227
vn 0.6355 -0.0000 -0.7721
vn 0.5905 -0.0000 -0.8071
vn 0.8038 0.0002 -0.5948
vn 0.7774 -0.0000 -0.6290
vn 0.7384 -0.0000 -0.6743
vn 0.9113 -0.0000 -0.4117
vn 0.8797 0.0003 -0.4755
vn 0.8932 0.0001 -0.4497
vn 0.8588 -0.0000 -0.5123
vn 0.8282 -0.0000 -0.5604
vn 0.9433 -0.0000 -0.3319
vn 0.9566 0.0002 -0.2914
vn 0.9594 0.0002 -0.2820
vn 0.8484 -0.0000 0.5294
vn 0.9260 -0.0000 0.3775
vn 0.9260 -0.0000 0.3776
vn 0.9767 -0.0000 0.2148
vn 0.9990 -0.0000 0.0457
vn 0.9966 -0.0000 -0.0824
vn 0.9922 0.0002 -0.1246
vn 0.9859 -0.0000 -0.1670
vn 0.9706 -0.0000 -0.2406
vn 0.6741 -0.0000 0.7387
vn 0.7170 -0.0000 0.6970
vn 0.7461 0.0002 0.6658
vn 0.7739 -0.0000 0.6334
vn 0.6417 0.0001 0.7670
vn 0.6222 0.0002 0.7829
vn 0.5881 -0.0000 0.8088
vn 0.5170 -0.0000 0.8560
vn 0.4802 0.0002 0.8772
vn 0.4421 -0.0000 0.8969
vn 0.3635 -0.0000 0.9316
vn 0.3242 0.0002 0.9460
vn 0.2827 -0.0000 0.9592
vn 0.1588 -0.0000 0.9873
vn 0.1150 0.0004 0.9934
vn 0.1990 -0.0000 0.9800
vn -0.0460 0.0004 0.9989
vn 0.0059 0.0001 1.0000
vn 0.0514 -0.0000 0.9987
vn -0.1810 -0.0000 0.9835
vn -0.1145 0.0075 0.9934
vn -0.1664 0.0004 0.9861
vn -0.2028 0.0084 0.9792
vn -0.2038 0.0062 0.9790
vn -0.1983 -0.0006 0.9801
vn -0.0850 0.0007 0.9964
vn -0.0113 -0.0000 0.9999
vn -0.1388 -0.0000 0.9903
vn -0.2214 0.0004 0.9752
vn -0.2111 0.0036 0.9775
vn 0.1473 0.0052 -0.9891
vn 0.1530 -0.0018 -0.9882
vn 0.1695 -0.0000 -0.9855
vn 0.1286 0.0004 -0.9917
vn 0.1391 0.0036 -0.9903
vn 0.1464 0.0079 -0.9892
vn 0.3928 -0.0000 -0.9196
vn 0.3502 0.0001 -0.9367
vn 0.3012 0.0004 -0.9536
vn 0.3344 0.0001 -0.9424
vn 0.2630 -0.0000 -0.9648
vn 0.2114 -0.0000 -0.9774
vn 0.2353 0.0075 -0.9719
vn 0.1890 0.0011 -0.9820
vn 0.4506 -0.0000 -0.8927
vn 0.4897 0.0002 -0.8719
vn 0.5250 -0.0000 -0.8511
vn 0.5965 -0.0000 -0.8026
vn 0.6307 0.0002 -0.7761
vn 0.6628 -0.0000 -0.7488
vn 0.7242 -0.0000 -0.6896
vn 0.7533 0.0002 -0.6576
vn 0.7803 -0.0000 -0.6254
vn 0.8311 -0.0000 -0.5561
vn 0.8541 0.0002 -0.5201
vn 0.8670 0.0001 -0.4983
vn 0.9534 -0.0000 0.3017
vn 0.9908 -0.0000 0.1354
vn 0.9994 -0.0000 -0.0349
vn 0.9789 -0.0000 -0.2041
vn 0.9448 -0.0000 -0.3276
vn 0.9300 0.0002 -0.3675
vn 0.9134 -0.0000 -0.4070
vn 0.8875 -0.0000 -0.4607
vn 0.8366 -0.0000 0.5479
vn 0.8679 -0.0000 0.4968
vn 0.8883 0.0002 0.4593
vn 0.9071 -0.0000 0.4210
vn 0.8123 0.0001 0.5833
vn 0.7973 0.0002 0.6035
vn 0.7707 -0.0000 0.6372
vn 0.7136 -0.0000 0.7005
vn 0.6832 0.0002 0.7302
vn 0.6513 -0.0000 0.7588
vn 0.5837 -0.0000 0.8119
vn 0.5493 0.0002 0.8357
vn 0.5124 -0.0000 0.8587
vn 0.3993 -0.0000 0.9168
vn 0.3584 0.0004 0.9336
vn 0.4364 -0.0000 0.8997
vn 0.2039 0.0004 0.9790
vn 0.2544 0.0001 0.9671
vn 0.2982 -0.0000 0.9545
vn 0.0693 -0.0000 0.9976
vn 0.1362 0.0075 0.9907
vn 0.0841 0.0004 0.9965
vn 0.0471 0.0084 0.9989
vn 0.0461 0.0062 0.9989
vn 0.0517 -0.0006 0.9987
vn 0.1655 0.0007 0.9862
vn 0.2378 -0.0000 0.9713
vn 0.1118 -0.0000 0.9937
vn 0.0281 0.0004 0.9996
vn 0.0386 0.0036 0.9992
vn -0.1033 0.0052 -0.9946
vn -0.0976 -0.0018 -0.9952
vn -0.0809 -0.0000 -0.9967
vn -0.1220 0.0004 -0.9925
vn -0.1115 0.0036 -0.9938
vn -0.1042 0.0078 -0.9945
vn 0.1518 -0.0000 -0.9884
vn 0.1063 0.0001 -0.9943
vn 0.0546 0.0004 -0.9985
vn 0.0896 0.0001 -0.9960
vn 0.0148 -0.0000 -0.9999
vn -0.0383 -0.0000 -0.9993
vn -0.0138 0.0075 -0.9999
vn -0.0611 0.0011 -0.9981
vn 0.2144 -0.0000 -0.9767
vn 0.2574 0.0002 -0.9663
vn 0.2969 -0.0000 -0.9549
vn 0.3782 -0.0000 -0.9257
vn 0.4179 0.0002 -0.9085
vn 0.4557 -0.0000 -0.8901
vn 0.5300 -0.0000 -0.8480
vn 0.5661 0.0002 -0.8243
vn 0.6003 -0.0000 -0.7998
vn 0.6667 -0.0000 -0.7453
vn 0.6979 0.0002 -0.7162
vn 0.7159 0.0001 -0.6982
vn 0.9985 -0.0000 0.0552
vn 0.9933 -0.0000 -0.1152
vn 0.9933 -0.0000 -0.1153
vn 0.9593 -0.0000 -0.2823
vn 0.8974 -0.0000 -0.4412
vn 0.8336 -0.0000 -0.5523
vn 0.8094 0.0002 -0.5872
vn 0.7835 -0.0000 -0.6214
vn 0.7450 -0.0000 -0.6670
vn 0.9465 -0.0000 0.3227
vn 0.9641 -0.0000 0.2654
vn 0.9746 0.0002 0.2240
vn 0.9833 -0.0000 0.1822
vn 0.9318 0.0001 0.3629
vn 0.9224 0.0002 0.3863
vn 0.9050 -0.0000 0.4255
vn 0.8654 -0.0000 0.5010
vn 0.8434 0.0002 0.5373
vn 0.8196 -0.0000 0.5730
vn 0.7673 -0.0000 0.6413
vn 0.7398 0.0002 0.6728
vn 0.7099 -0.0000 0.7043
vn 0.6148 -0.0000 0.7887
vn 0.5794 0.0004 0.8151
vn 0.6465 -0.0000 0.7629
vn 0.4410 0.0004 0.8975
vn 0.4869 0.0001 0.8735
vn 0.5262 -0.0000 0.8504
vn 0.3152 -0.0000 0.9490
vn 0.3783 0.0075 0.9257
vn 0.3292 0.0004 0.9442
vn 0.2940 0.0085 0.9558
vn 0.2930 0.0062 0.9561
vn 0.2984 -0.0006 0.9544
vn 0.4055 0.0007 0.9141
vn 0.4719 -0.0000 0.8817
vn 0.3554 -0.0000 0.9347
vn 0.2758 0.0004 0.9612
vn 0.2859 0.0036 0.9582
vn -0.3475 0.0052 -0.9377
vn -0.3421 -0.0018 -0.9397
vn -0.3263 -0.0000 -0.9453
vn -0.3650 0.0004 -0.9310
vn -0.3552 0.0037 -0.9348
vn -0.3482 0.0078 -0.9374
vn -0.0988 -0.0000 -0.9951
vn -0.1443 0.0001 -0.9895
vn -0.1954 0.0004 -0.9807
vn -0.1609 0.0001 -0.9870
vn -0.2343 -0.0000 -0.9722
vn -0.2856 -0.0000 -0.9583
vn -0.2620 0.0075 -0.9650
vn -0.3074 0.0011 -0.9516
vn -0.0353 -0.0000 -0.9994
vn 0.0091 0.0002 -1.0000
vn 0.0501 -0.0000 -0.9987
vn 0.1361 -0.0000 -0.9907
vn 0.1788 0.0002 -0.9839
vn 0.2201 -0.0000 -0.9755
vn 0.3024 -0.0000 -0.9532
vn 0.3433 0.0002 -0.9392
vn 0.3826 -0.0000 -0.9239
vn 0.4604 -0.0000 -0.8877
vn 0.4979 0.0002 -0.8672
vn 0.5198 0.0001 -0.8543
vn 0.9808 -0.0000 -0.1949
vn 0.9335 -0.0000 -0.3587
vn 0.8590 -0.0000 -0.5120
vn 0.7595 -0.0000 -0.6505
vn 0.6701 -0.0000 -0.7423
vn 0.6380 0.0002 -0.7701
vn 0.6044 -0.0000 -0.7967
vn 0.5557 -0.0000 -0.8314
vn 0.9970 -0.0000 0.0771
vn 0.9999 -0.0000 0.0173
vn 0.9997 0.0002 -0.0254
vn 0.9977 -0.0000 -0.0681
vn 0.9928 0.0001 0.1198
vn 0.9895 0.0002 0.1448
vn 0.9824 -0.0000 0.1870
vn 0.9628 -0.0000 0.2701
vn 0.9505 0.0002 0.3107
vn 0.9363 -0.0000 0.3512
vn 0.9027 -0.0000 0.4303
vn 0.8839 0.0002 0.4677
vn 0.8627 -0.0000 0.5057
vn 0.7916 -0.0000 0.6110
vn 0.7638 0.0004 0.6454
vn 0.8159 -0.0000 0.5782
vn 0.6503 0.0004 0.7597
vn 0.6888 0.0001 0.7249
vn 0.7211 -0.0000 0.6928
vn 0.5413 -0.0000 0.8408
vn 0.5966 0.0075 0.8025
vn 0.5536 0.0004 0.8328
vn 0.5225 0.0084 0.8526
vn 0.5216 0.0062 0.8532
vn 0.5264 -0.0006 0.8502
vn 0.6201 0.0007 0.7845
vn 0.6763 -0.0000 0.7366
vn 0.5767 -0.0000 0.8169
vn 0.5061 0.0004 0.8624
vn 0.5152 0.0037 0.8570
vn -0.5697 0.0051 -0.8218
vn -0.5650 -0.0017 -0.8251
vn -0.5511 -0.0000 -0.8344
vn -0.5851 0.0004 -0.8110
vn -0.5765 0.0036 -0.8171
vn -0.5704 0.0078 -0.8213
vn -0.3432 -0.0000 -0.9393
vn -0.3859 0.0001 -0.9226
vn -0.4332 0.0004 -0.9013
vn -0.4013 0.0001 -0.9159
vn -0.4687 -0.0000 -0.8834
vn -0.5150 -0.0000 -0.8572
vn -0.4937 0.0075 -0.8696
vn -0.5343 0.0011 -0.8453
vn -0.2827 -0.0000 -0.9592
vn -0.2399 0.0002 -0.9708
vn -0.1999 -0.0000 -0.9798
vn -0.1145 -0.0000 -0.9934
vn -0.0715 0.0002 -0.9974
vn -0.0294 -0.0000 -0.9996
vn 0.0559 -0.0000 -0.9984
vn 0.0990 0.0002 -0.9951
vn 0.1408 -0.0000 -0.9900
vn 0.2252 -0.0000 -0.9743
vn 0.2666 0.0002 -0.9638
vn 0.2910 0.0001 -0.9567
vn 0.9015 -0.0000 -0.4327
vn 0.8149 -0.0000 -0.5795
vn 0.7046 -0.0000 -0.7096
vn 0.5739 -0.0000 -0.8189
vn 0.4644 -0.0000 -0.8856
vn 0.4264 0.0002 -0.9045
vn 0.3872 -0.0000 -0.9220
vn 0.3315 -0.0000 -0.9435
vn 0.9849 -0.0000 -0.1733
vn 0.9727 -0.0000 -0.2319
vn 0.9619 0.0002 -0.2732
vn 0.9494 -0.0000 -0.3140
vn 0.9914 0.0001 -0.1309
vn 0.9944 0.0002 -0.1058
vn 0.9980 -0.0000 -0.0631
vn 0.9998 -0.0000 0.0221
vn 0.9979 0.0002 0.0646
vn 0.9942 -0.0000 0.1073
vn 0.9813 -0.0000 0.1923
vn 0.9724 0.0002 0.2332
vn 0.9187 -0.0000 0.3950
vn 0.9004 0.0004 0.4352
vn 0.9341 -0.0000 0.3571
vn 0.8188 0.0004 0.5741
vn 0.8474 0.0001 0.5309
vn 0.8708 -0.0000 0.4917
vn 0.7334 -0.0000 0.6798
vn 0.7774 0.0075 0.6289
vn 0.7435 0.0004 0.6687
vn 0.7181 0.0085 0.6959
vn 0.7174 0.0061 0.6966
vn 0.7213 -0.0006 0.6926
vn 0.7957 0.0007 0.6056
vn 0.8382 -0.0000 0.5453
vn 0.7618 -0.0000 0.6478
vn 0.7047 0.0004 0.7095
vn 0.7122 0.0037 0.7020
vn -0.7562 0.0052 -0.6543
vn -0.7524 -0.0018 -0.6587
vn -0.7413 -0.0000 -0.6712
vn -0.7684 0.0004 -0.6400
vn -0.7616 0.0036 -0.6481
vn -0.7567 0.0078 -0.6537
vn -0.5660 -0.0000 -0.8244
vn -0.6032 0.0001 -0.7976
vn -0.6438 0.0004 -0.7652
vn -0.6165 0.0001 -0.7873
vn -0.6736 -0.0000 -0.7391
vn -0.7120 -0.0000 -0.7022
vn -0.6945 0.0075 -0.7194
vn -0.7279 0.0011 -0.6857
vn -0.5124 -0.0000 -0.8588
vn -0.4738 0.0002 -0.8806
vn -0.4373 -0.0000 -0.8993
vn -0.3580 -0.0000 -0.9337
vn -0.3173 0.0002 -0.9483
vn -0.2771 -0.0000 -0.9608
vn -0.1942 -0.0000 -0.9810
vn -0.1516 0.0002 -0.9884
vn -0.1099 -0.0000 -0.9939
vn -0.0242 -0.0000 -0.9997
vn 0.0185 0.0002 -0.9998
vn 0.0439 0.0001 -0.9990
vn 0.7656 -0.0000 -0.6433
vn 0.6452 -0.0000 -0.7640
vn 0.5061 -0.0000 -0.8625
vn 0.3522 -0.0000 -0.9359
vn 0.2296 -0.0000 -0.9733
vn 0.1881 0.0002 -0.9822
vn 0.1458 -0.0000 -0.9893
vn 0.0865 -0.0000 -0.9963
vn 0.9108 -0.0000 -0.4127
vn 0.8845 -0.0000 -0.4666
vn 0.8638 0.0002 -0.5039
vn 0.8415 -0.0000 -0.5403
vn 0.9277 0.0001 -0.3733
vn 0.9368 0.0002 -0.3498
vn 0.9510 -0.0000 -0.3093
vn 0.9739 -0.0000 -0.2272
vn 0.9826 0.0002 -0.1856
vn 0.9897 -0.0000 -0.1433
vn 0.9983 -0.0000 -0.0578
vn 0.9999 0.0002 -0.0160
vn 0.9996 -0.0000 0.0275
vn 0.9881 -0.0000 0.1541
vn 0.9803 0.0004 0.1976
vn 0.9935 -0.0000 0.1136
vn 0.9359 0.0004 0.3524
vn 0.9528 0.0001 0.3035
vn 0.9657 -0.0000 0.2597
vn 0.8794 -0.0000 0.4760
vn 0.9094 0.0075 0.4159
vn 0.8864 0.0004 0.4629
vn 0.8686 0.0084 0.4955
vn 0.8681 0.0062 0.4964
vn 0.8709 -0.0006 0.4915
vn 0.9213 0.0007 0.3887
vn 0.9475 -0.0000 0.3197
vn 0.8990 -0.0000 0.4380
vn 0.8590 0.0004 0.5119
vn 0.8644 0.0036 0.5029
vn -0.8952 0.0053 -0.4457
vn -0.8926 -0.0018 -0.4509
vn -0.8849 -0.0000 -0.4657
vn -0.9034 0.0004 -0.4288
vn -0.8988 0.0036 -0.4383
vn -0.8955 0.0078 -0.4450
vn -0.7532 -0.0000 -0.6578
vn -0.7826 0.0001 -0.6225
vn -0.8138 0.0004 -0.5811
vn -0.7929 0.0001 -0.6093
vn -0.8363 -0.0000 -0.5483
vn -0.8643 -0.0000 -0.5031
vn -0.8516 0.0075 -0.5241
vn -0.8755 0.0011 -0.4832
vn -0.7098 -0.0000 -0.7044
vn -0.6779 0.0002 -0.7351
vn -0.6472 -0.0000 -0.7623
vn -0.5790 -0.0000 -0.8154
vn -0.5432 0.0002 -0.8396
vn -0.5073 -0.0000 -0.8617
vn -0.4321 -0.0000 -0.9018
vn -0.3927 0.0002 -0.9197
vn -0.3536 -0.0000 -0.9354
vn -0.2720 -0.0000 -0.9623
vn -0.2307 0.0002 -0.9730
vn -0.2060 0.0001 -0.9786
vn 0.5816 -0.0000 -0.8135
vn 0.4349 -0.0000 -0.9005
vn 0.2757 -0.0000 -0.9613
vn 0.1084 -0.0000 -0.9941
vn -0.0197 -0.0000 -0.9998
vn -0.0621 0.0002 -0.9981
vn -0.1048 -0.0000 -0.9945
vn -0.1640 -0.0000 -0.9865
vn 0.7796 -0.0000 -0.6263
vn 0.7407 -0.0000 -0.6719
vn 0.7113 0.0002 -0.7029
vn 0.6807 -0.0000 -0.7326
vn 0.8057 0.0001 -0.5923
vn 0.8204 0.0002 -0.5718
vn 0.8441 -0.0000 -0.5361
vn 0.8868 -0.0000 -0.4622
vn 0.9056 0.0002 -0.4241
vn 0.9229 -0.0000 -0.3849
vn 0.9526 -0.0000 -0.3043
vn 0.9645 0.0002 -0.2641
vn 0.9751 -0.0000 -0.2219
vn 0.9953 -0.0000 -0.0965
vn 0.9986 0.0004 -0.0524
vn 0.9906 -0.0000 -0.1370
vn 0.9941 0.0004 0.1086
vn 0.9984 0.0001 0.0569
vn 0.9999 -0.0000 0.0114
vn 0.9702 -0.0000 0.2423
vn 0.9843 0.0075 0.1766
vn 0.9737 0.0004 0.2280
vn 0.9645 0.0085 0.2639
vn 0.9643 0.0062 0.2648
vn 0.9658 -0.0006 0.2595
vn 0.9891 0.0007 0.1474
vn 0.9973 -0.0000 0.0740
vn 0.9796 -0.0000 0.2007
vn 0.9594 0.0004 0.2822
vn 0.9623 0.0036 0.2720
vn -0.9779 0.0052 -0.2091
vn -0.9767 -0.0018 -0.2147
vn -0.9729 -0.0000 -0.2310
vn -0.9817 0.0004 -0.1906
vn -0.9796 0.0037 -0.2010
vn -0.9780 0.0078 -0.2083
vn -0.8931 -0.0000 -0.4498
vn -0.9128 0.0001 -0.4083
vn -0.9328 0.0004 -0.3605
vn -0.9196 0.0001 -0.3930
vn -0.9464 -0.0000 -0.3231
vn -0.9622 -0.0000 -0.2723
vn -0.9552 0.0075 -0.2959
vn -0.9681 0.0011 -0.2504
vn -0.8627 -0.0000 -0.5057
vn -0.8394 0.0002 -0.5434
vn -0.8164 -0.0000 -0.5774
vn -0.7635 -0.0000 -0.6458
vn -0.7349 0.0002 -0.6781
vn -0.7057 -0.0000 -0.7085
vn -0.6428 -0.0000 -0.7661
vn -0.6090 0.0002 -0.7931
vn -0.5751 -0.0000 -0.8181
vn -0.5028 -0.0000 -0.8644
vn -0.4655 0.0002 -0.8851
vn -0.4428 0.0001 -0.8966
vn 0.3610 -0.0000 -0.9326
vn 0.1973 -0.0000 -0.9803
vn 0.0279 -0.0000 -0.9996
vn -0.1423 -0.0000 -0.9898
vn -0.2677 -0.0000 -0.9635
vn -0.3084 0.0002 -0.9513
vn -0.3488 -0.0000 -0.9372
vn -0.4042 -0.0000 -0.9147
vn 0.5993 -0.0000 -0.8005
vn 0.5503 -0.0000 -0.8350
vn 0.5142 0.0002 -0.8577
vn 0.4771 -0.0000 -0.8788
vn 0.6331 0.0001 -0.7741
vn 0.6524 0.0002 -0.7579
vn 0.6843 -0.0000 -0.7292
vn 0.7440 -0.0000 -0.6682
vn 0.7717 0.0002 -0.6360
vn 0.8470 -0.0000 -0.5316
vn 0.8685 0.0002 -0.4957
vn 0.8892 -0.0000 -0.4575
vn 0.9401 -0.0000 -0.3410
vn 0.9542 0.0004 -0.2991
vn 0.9254 -0.0000 -0.3791
vn 0.9899 0.0004 -0.1420
vn 0.9812 0.0001 -0.1931
vn 0.9714 -0.0000 -0.2376
vn 1.0000 -0.0000 -0.0065
vn 0.9973 0.0075 -0.0737
vn 0.9998 0.0004 -0.0213
vn 0.9998 0.0084 0.0157
vn 0.9998 0.0062 0.0167
vn 0.9999 -0.0006 0.0111
vn 0.9947 0.0007 -0.1032
vn 0.9843 -0.0000 -0.1763
vn 0.9988 -0.0000 -0.0492
vn 0.9994 0.0004 0.0348
vn 0.9997 0.0036 0.0242
vn -0.9992 0.0052 0.0407
vn -0.9994 -0.0018 0.0349
vn -0.9998 -0.0000 0.0182
vn -0.9982 0.0004 0.0595
vn -0.9988 0.0036 0.0489
vn -0.9991 0.0078 0.0415
vn -0.9857 0.0001 -0.1685
vn -0.9931 0.0004 -0.1172
vn -0.9884 0.0001 -0.1519
vn -0.9970 -0.0000 -0.0776
vn -0.9997 -0.0000 -0.0245
vn -0.9988 0.0075 -0.0490
vn -1.0000 0.0011 -0.0017
vn -0.9482 0.0002 -0.3176
vn -0.9614 -0.0000 -0.2753
vn -0.9769 -0.0000 -0.2136
vn -0.8805 0.0002 -0.4741
vn -0.9001 -0.0000 -0.4356
vn -0.9344 -0.0000 -0.3562
vn -0.7872 0.0002 -0.6168
vn -0.8131 -0.0000 -0.5821
vn -0.8597 -0.0000 -0.5107
vn -0.6190 -0.0000 -0.7854
vn -0.6519 0.0001 -0.7583
vn -0.6709 0.0002 -0.7415
vn -0.7020 -0.0000 -0.7122
vn -0.7605 -0.0000 -0.6493
vn -0.5709 -0.0000 -0.8210
vn -0.5352 0.0002 -0.8447
vn -0.4989 -0.0000 -0.8667
vn -0.3840 -0.0000 -0.9233
vn -0.3840 -0.0000 -0.9234
vn -0.2215 -0.0000 -0.9752
vn -0.0527 -0.0000 -0.9986
vn 0.1178 -0.0000 -0.9930
vn 0.2436 -0.0000 -0.9699
vn 0.2847 0.0002 -0.9586
vn 0.3254 -0.0000 -0.9456
vn 0.5544 -0.0000 -0.8322
vn 0.4815 -0.0000 -0.8765
vn 0.4434 0.0002 -0.8963
vn 0.4347 0.0002 -0.9006
vn 0.3956 -0.0000 -0.9184
vn 0.7721 0.0008 -0.6355
vn 0.7179 -0.0000 -0.6961
vn 0.8020 -0.0000 -0.5973
vn 0.7450 0.0004 -0.6671
vn 0.6882 -0.0000 -0.7255
vn 0.5892 -0.0000 -0.8080
vn 0.6452 0.0007 -0.7640
vn 0.6123 0.0003 -0.7906
vn 0.9096 -0.0000 -0.4156
vn 0.9301 0.0005 -0.3674
vn 0.9149 0.0003 -0.4036
vn 0.8924 -0.0000 -0.4513
vn 0.8257 -0.0000 -0.5640
vn 0.8651 0.0007 -0.5017
vn 0.8440 0.0004 -0.5363
vn 0.9816 0.0011 -0.1911
vn 0.9669 -0.0000 -0.2550
vn 0.9824 0.0007 -0.1870
vn 0.9802 0.0006 -0.1982
vn 0.9757 0.0004 -0.2189
vn 0.9694 0.0003 -0.2456
vn 0.9598 0.0001 -0.2807
vn 0.9477 -0.0000 -0.3193
vn -0.9574 0.0078 0.2887
vn -0.9725 0.0022 0.2329
vn -0.9613 -0.0012 0.2754
vn -0.9578 0.0038 0.2874
vn -0.9639 -0.0000 0.2663
vn -0.9521 0.0004 0.3059
vn -0.9553 0.0036 0.2958
vn -0.9575 0.0080 0.2885
vn -0.9839 0.0145 0.1784
vn -0.9744 -0.0000 0.2249
vn -0.9885 -0.0000 0.1513
vn -0.9951 0.0002 0.0987
vn -0.9937 0.0003 0.1119
vn -0.9903 -0.0000 -0.1392
vn -0.9955 0.0001 -0.0952
vn -0.9992 0.0004 -0.0388
vn -0.9974 0.0001 -0.0718
vn -1.0000 -0.0000 0.0025
vn -0.9982 -0.0000 0.0595
vn -0.9802 -0.0000 -0.1981
vn -0.9707 0.0002 -0.2402
vn -0.9597 -0.0000 -0.2809
vn -0.9421 -0.0000 -0.3352
vn -0.9158 0.0001 -0.4016
vn -0.9271 0.0003 -0.3747
vn -0.8041 -0.0000 -0.5945
vn -0.8287 0.0002 -0.5597
vn -0.8343 0.0002 -0.5514
vn -0.8570 -0.0000 -0.5153
vn -0.8981 -0.0000 -0.4398
vn -0.7572 -0.0000 -0.6532
vn -0.7285 0.0002 -0.6851
vn -0.6987 -0.0000 -0.7154
vn -0.6015 -0.0000 -0.7989
vn -0.4571 -0.0000 -0.8894
vn -0.2993 -0.0000 -0.9541
vn -0.1329 -0.0000 -0.9911
vn -0.0053 -0.0000 -1.0000
vn 0.0374 0.0002 -0.9993
vn 0.0800 -0.0000 -0.9968
vn 0.3300 -0.0000 -0.9440
vn 0.2484 -0.0000 -0.9687
vn 0.2066 0.0002 -0.9784
vn 0.1970 0.0002 -0.9804
vn 0.1548 -0.0000 -0.9879
vn 0.5899 0.0008 -0.8075
vn 0.5223 -0.0000 -0.8528
vn 0.6283 -0.0000 -0.7780
vn 0.5557 0.0004 -0.8314
vn 0.4861 -0.0000 -0.8739
vn 0.3698 -0.0000 -0.9291
vn 0.4350 0.0007 -0.9004
vn 0.3964 0.0003 -0.9181
vn 0.7776 -0.0000 -0.6287
vn 0.8095 0.0005 -0.5872
vn 0.7859 0.0003 -0.6184
vn 0.7521 -0.0000 -0.6590
vn 0.6595 -0.0000 -0.7517
vn 0.7131 0.0007 -0.7011
vn 0.6841 0.0004 -0.7293
vn 0.9033 0.0010 -0.4291
vn 0.8731 -0.0000 -0.4875
vn 0.9050 0.0007 -0.4255
vn 0.9001 0.0006 -0.4357
vn 0.8906 0.0004 -0.4548
vn 0.8779 0.0003 -0.4789
vn 0.8598 0.0001 -0.5106
vn 0.8385 -0.0000 -0.5449
vn -0.8555 0.0078 0.5177
vn -0.8840 0.0022 0.4674
vn -0.8626 -0.0012 0.5058
vn -0.8562 0.0038 0.5166
vn -0.8674 -0.0000 0.4976
vn -0.8461 0.0004 0.5330
vn -0.8517 0.0037 0.5240
vn -0.8557 0.0080 0.5174
vn -0.9086 0.0145 0.4174
vn -0.8878 -0.0000 0.4602
vn -0.9198 -0.0000 0.3923
vn -0.9393 0.0002 0.3430
vn -0.9347 0.0003 0.3554
vn -0.9879 0.0001 0.1553
vn -0.9775 0.0004 0.2109
vn -0.9839 0.0001 0.1785
vn -0.9680 -0.0000 0.2511
vn -0.9521 -0.0000 0.3059
vn -1.0000 0.0002 0.0087
vn -0.9987 -0.0000 0.0519
vn -0.9938 -0.0000 0.1115
vn -0.9793 -0.0000 -0.2026
vn -0.9912 0.0003 -0.1324
vn -0.9869 0.0001 -0.1613
vn -0.9959 -0.0000 -0.0904
vn -0.9994 -0.0000 -0.0334
vn -0.9582 -0.0000 -0.2859
vn -0.9452 0.0002 -0.3266
vn -0.9419 0.0002 -0.3360
vn -0.3752 -0.0000 -0.9269
vn -0.5272 -0.0000 -0.8497
vn -0.6639 -0.0000 -0.7478
vn -0.7813 -0.0000 -0.6242
vn -0.8547 -0.0000 -0.5191
vn -0.8760 0.0002 -0.4824
vn -0.8958 -0.0000 -0.4444
vn -0.9267 -0.0000 -0.3759
vn -0.1111 -0.0000 -0.9938
vn -0.1704 -0.0000 -0.9854
vn -0.2123 0.0002 -0.9772
vn -0.2538 -0.0000 -0.9673
vn -0.0684 0.0001 -0.9977
vn -0.0432 0.0002 -0.9991
vn -0.0003 -0.0000 -1.0000
vn 0.0849 -0.0000 -0.9964
vn 0.1271 0.0002 -0.9919
vn 0.2535 -0.0000 -0.9673
vn 0.2938 0.0002 -0.9559
vn 0.3351 -0.0000 -0.9422
vn 0.4519 -0.0000 -0.8921
vn 0.4908 0.0004 -0.8713
vn 0.4151 -0.0000 -0.9098
vn 0.6244 0.0004 -0.7811
vn 0.5830 0.0001 -0.8125
vn 0.5454 -0.0000 -0.8382
vn 0.7245 -0.0000 -0.6893
vn 0.6765 0.0075 -0.7364
vn 0.7142 0.0004 -0.7000
vn 0.7396 0.0084 -0.6730
vn 0.7403 0.0062 -0.6722
vn 0.7366 -0.0006 -0.6764
vn 0.6544 0.0007 -0.7561
vn 0.5968 -0.0000 -0.8024
vn 0.6944 -0.0000 -0.7196
vn 0.7523 0.0004 -0.6588
vn 0.7453 0.0036 -0.6667
vn -0.7005 0.0051 0.7137
vn -0.7046 -0.0017 0.7096
vn -0.7164 -0.0000 0.6977
vn -0.6870 0.0004 0.7267
vn -0.6946 0.0037 0.7194
vn -0.6999 0.0078 0.7142
vn -0.8583 -0.0000 0.5131
vn -0.8339 0.0001 0.5519
vn -0.8042 0.0004 0.5944
vn -0.8245 0.0001 0.5659
vn -0.7799 -0.0000 0.6259
vn -0.7455 -0.0000 0.6665
vn -0.7616 0.0075 0.6480
vn -0.7303 0.0011 0.6832
vn -0.8892 -0.0000 0.4574
vn -0.9086 0.0002 0.4176
vn -0.9250 -0.0000 0.3799
vn -0.9544 -0.0000 0.2987
vn -0.9664 0.0002 0.2571
vn -0.9763 -0.0000 0.2162
vn -0.9912 -0.0000 0.1322
vn -0.9960 0.0002 0.0893
vn -0.9989 -0.0000 0.0472
vn -0.9993 -0.0000 -0.0387
vn -0.9967 0.0002 -0.0812
vn -0.9943 0.0001 -0.1065
vn -0.5940 -0.0000 -0.8045
vn -0.7220 -0.0000 -0.6919
vn -0.8290 -0.0000 -0.5592
vn -0.9120 -0.0000 -0.4103
vn -0.9569 -0.0000 -0.2903
vn -0.9684 0.0002 -0.2494
vn -0.9782 -0.0000 -0.2076
vn -0.9888 -0.0000 -0.1489
vn -0.3547 -0.0000 -0.9350
vn -0.4101 -0.0000 -0.9120
vn -0.4487 0.0002 -0.8937
vn -0.4864 -0.0000 -0.8738
vn -0.5939 -0.0000 -0.8045
vn -0.3143 0.0001 -0.9493
vn -0.2903 0.0002 -0.9569
vn -0.2490 -0.0000 -0.9685
vn -0.1656 -0.0000 -0.9862
vn -0.1235 0.0002 -0.9923
vn 0.0050 -0.0000 -1.0000
vn 0.0468 0.0002 -0.9989
vn 0.0902 -0.0000 -0.9959
vn 0.2158 -0.0000 -0.9764
vn 0.2587 0.0004 -0.9659
vn 0.1758 -0.0000 -0.9844
vn 0.4105 0.0004 -0.9119
vn 0.3627 0.0001 -0.9319
vn 0.3198 -0.0000 -0.9475
vn 0.5303 -0.0000 -0.8478
vn 0.4721 0.0075 -0.8815
vn 0.5176 0.0004 -0.8556
vn 0.5490 0.0084 -0.8358
vn 0.5499 0.0061 -0.8352
vn 0.5452 -0.0006 -0.8383
vn 0.4458 0.0007 -0.8951
vn 0.3786 -0.0000 -0.9256
vn 0.4936 -0.0000 -0.8697
vn 0.5649 0.0004 -0.8252
vn 0.5561 0.0036 -0.8311
vn -0.5010 0.0052 0.8654
vn -0.5060 -0.0018 0.8625
vn -0.5204 -0.0000 0.8539
vn -0.4847 0.0004 0.8747
vn -0.4939 0.0037 0.8695
vn -0.5003 0.0078 0.8658
vn -0.6704 0.0001 0.7420
vn -0.6311 0.0004 0.7757
vn -0.6579 0.0001 0.7531
vn -0.5997 -0.0000 0.8002
vn -0.5563 -0.0000 0.8310
vn -0.5765 0.0075 0.8170
vn -0.5374 0.0011 0.8433
vn -0.7763 0.0002 0.6304
vn -0.7476 -0.0000 0.6642
vn -0.7038 -0.0000 0.7104
vn -0.8721 0.0002 0.4894
vn -0.8501 -0.0000 0.5267
vn -0.8015 -0.0000 0.5981
vn -0.9425 0.0002 0.3341
vn -0.9272 -0.0000 0.3746
vn -0.8919 -0.0000 0.4522
vn -0.9948 -0.0000 0.1017
vn -0.9896 0.0001 0.1441
vn -0.9856 0.0002 0.1692
vn -0.9775 -0.0000 0.2111
vn -0.9557 -0.0000 0.2942
vn -0.9991 -0.0000 0.0421
vn -1.0000 0.0002 -0.0007
vn -0.9991 -0.0000 -0.0432
vn -0.9853 -0.0000 -0.1706
vn -0.9421 -0.0000 -0.3355
vn -0.8714 -0.0000 -0.4906
vn -0.7754 -0.0000 -0.6315
vn -0.6884 -0.0000 -0.7254
vn -0.6568 0.0002 -0.7541
vn -0.6240 -0.0000 -0.7814
vn -0.4056 -0.0000 -0.9140
vn -0.4820 -0.0000 -0.8762
vn -0.5192 0.0002 -0.8547
vn -0.5275 0.0002 -0.8495
vn -0.5635 -0.0000 -0.8261
vn -0.1229 0.0008 -0.9924
vn -0.2031 -0.0000 -0.9792
vn -0.0746 -0.0000 -0.9972
vn -0.1641 0.0004 -0.9864
vn -0.2438 -0.0000 -0.9698
vn -0.3664 -0.0000 -0.9304
vn -0.2993 0.0007 -0.9542
vn -0.3395 0.0003 -0.9406
vn 0.1365 -0.0000 -0.9906
vn 0.1881 0.0005 -0.9821
vn 0.1494 0.0003 -0.9888
vn 0.0971 -0.0000 -0.9953
vn -0.0338 -0.0000 -0.9994
vn 0.0400 0.0007 -0.9992
vn -0.0006 0.0004 -1.0000
vn 0.3646 0.0010 -0.9312
vn 0.3028 -0.0000 -0.9531
vn 0.3685 0.0007 -0.9296
vn 0.3579 0.0006 -0.9338
vn 0.3380 0.0004 -0.9412
vn 0.3121 0.0003 -0.9500
vn 0.2773 0.0001 -0.9608
vn 0.2382 -0.0000 -0.9712
vn -0.2693 0.0078 0.9630
vn -0.3244 0.0022 0.9459
vn -0.2826 -0.0012 0.9593
vn -0.2705 0.0038 0.9627
vn -0.2917 -0.0000 0.9565
vn -0.2519 0.0004 0.9678
vn -0.2621 0.0036 0.9650
vn -0.2696 0.0080 0.9629
vn -0.3766 0.0145 0.9263
vn -0.3322 -0.0000 0.9432
vn -0.4019 -0.0000 0.9157
vn -0.4499 0.0002 0.8931
vn -0.4380 0.0003 0.8990
vn -0.6481 -0.0000 0.7615
vn -0.6138 0.0001 0.7895
vn -0.5682 0.0004 0.8229
vn -0.5951 0.0001 0.8037
vn -0.5337 -0.0000 0.8457
vn -0.4847 -0.0000 0.8747
vn -0.6924 -0.0000 0.7215
vn -0.7230 0.0002 0.6909
vn -0.7514 -0.0000 0.6598
vn -0.7879 -0.0000 0.6158
vn -0.8298 0.0001 0.5581
vn -0.8131 0.0003 0.5821
vn -0.9328 -0.0000 0.3604
vn -0.9166 0.0002 0.3997
vn -0.9125 0.0002 0.4090
vn -0.8943 -0.0000 0.4475
vn -0.8526 -0.0000 0.5226
vn -0.9572 -0.0000 0.2893
vn -0.9688 0.0002 0.2480
vn -0.9784 -0.0000 0.2067
vn -0.9968 -0.0000 0.0798
vn -0.9959 -0.0000 -0.0907
vn -0.9959 -0.0000 -0.0906
vn -0.9660 -0.0000 -0.2585
vn -0.9081 -0.0000 -0.4189
vn -0.8471 -0.0000 -0.5314
vn -0.8237 0.0002 -0.5670
vn -0.7987 -0.0000 -0.6017
vn -0.6202 -0.0000 -0.7845
vn -0.6848 -0.0000 -0.7287
vn -0.7154 0.0002 -0.6987
vn -0.7222 0.0002 -0.6917
vn -0.7512 -0.0000 -0.6600
vn -0.3661 0.0008 -0.9306
vn -0.4402 -0.0000 -0.8979
vn -0.3202 -0.0000 -0.9473
vn -0.4042 0.0004 -0.9147
vn -0.4774 -0.0000 -0.8787
vn -0.5863 -0.0000 -0.8101
vn -0.5272 0.0007 -0.8498
vn -0.5627 0.0003 -0.8266
vn -0.1142 -0.0000 -0.9935
vn -0.0620 0.0005 -0.9981
vn -0.1012 0.0003 -0.9949
vn -0.1534 -0.0000 -0.9882
vn -0.2813 -0.0000 -0.9596
vn -0.2098 0.0007 -0.9778
vn -0.2492 0.0004 -0.9684
vn 0.1219 0.0010 -0.9925
vn 0.0563 -0.0000 -0.9984
vn 0.1257 0.0007 -0.9921
vn 0.1144 0.0006 -0.9934
vn 0.0933 0.0004 -0.9956
vn 0.0660 0.0003 -0.9978
vn 0.0296 0.0001 -0.9996
vn -0.0108 -0.0000 -0.9999
vn -0.0213 0.0078 0.9997
vn -0.0790 0.0022 0.9969
vn -0.0351 -0.0012 0.9994
vn -0.0226 0.0038 0.9997
vn -0.0446 -0.0000 0.9990
vn -0.0033 0.0004 1.0000
vn -0.0139 0.0036 0.9999
vn -0.0216 0.0080 0.9997
vn -0.1344 0.0145 0.9908
vn -0.0872 -0.0000 0.9962
vn -0.1616 -0.0000 0.9869
vn -0.2137 0.0002 0.9769
vn -0.2006 0.0003 0.9797
vn -0.4384 -0.0000 0.8988
vn -0.3982 0.0001 0.9173
vn -0.3457 0.0004 0.9383
vn -0.3765 0.0001 0.9264
vn -0.3067 -0.0000 0.9518
vn -0.2519 -0.0000 0.9678
vn -0.4913 -0.0000 0.8710
vn -0.5284 0.0002 0.8490
vn -0.5637 -0.0000 0.8260
vn -0.6099 -0.0000 0.7925
vn -0.6650 0.0001 0.7469
vn -0.6429 0.0003 0.7660
vn -0.8139 -0.0000 0.5810
vn -0.7884 0.0002 0.6152
vn -0.7822 0.0002 0.6231
vn -0.7549 -0.0000 0.6559
vn -0.6958 -0.0000 0.7182
vn -0.8552 -0.0000 0.5183
vn -0.8766 0.0002 0.4811
vn -0.8963 -0.0000 0.4435
vn -0.9456 -0.0000 0.3252
vn -0.9871 -0.0000 0.1599
vn -0.9999 -0.0000 -0.0102
vn -0.9999 -0.0000 -0.0101
vn -0.9837 -0.0000 -0.1799
vn -0.9527 -0.0000 -0.3040
vn -0.9388 0.0002 -0.3444
vn -0.9233 -0.0000 -0.3841
vn -0.7958 -0.0000 -0.6056
vn -0.8445 -0.0000 -0.5355
vn -0.8667 0.0002 -0.4988
vn -0.8715 0.0002 -0.4903
vn -0.8918 -0.0000 -0.4525
vn -0.5859 0.0008 -0.8104
vn -0.6497 -0.0000 -0.7602
vn -0.5457 -0.0000 -0.8379
vn -0.6190 0.0004 -0.7854
vn -0.6809 -0.0000 -0.7324
vn -0.7694 -0.0000 -0.6388
vn -0.7220 0.0007 -0.6919
vn -0.7506 0.0003 -0.6607
vn -0.3576 -0.0000 -0.9339
vn -0.3083 0.0005 -0.9513
vn -0.3455 0.0003 -0.9384
vn -0.3944 -0.0000 -0.9190
vn -0.5111 -0.0000 -0.8595
vn -0.4463 0.0007 -0.8949
vn -0.4823 0.0004 -0.8760
vn -0.1288 0.0010 -0.9917
vn -0.1938 -0.0000 -0.9810
vn -0.1249 0.0007 -0.9922
vn -0.1363 0.0006 -0.9907
vn -0.1572 0.0004 -0.9876
vn -0.1842 0.0003 -0.9829
vn -0.2199 0.0001 -0.9755
vn -0.2591 -0.0000 -0.9658
vn 0.2280 0.0078 0.9736
vn 0.1714 0.0022 0.9852
vn 0.2145 -0.0012 0.9767
vn 0.2267 0.0038 0.9740
vn 0.2052 -0.0000 0.9787
vn 0.2455 0.0004 0.9694
vn 0.2352 0.0036 0.9719
vn 0.2277 0.0080 0.9737
vn 0.1162 0.0145 0.9931
vn 0.1633 -0.0000 0.9866
vn 0.0889 -0.0000 0.9960
vn 0.0360 0.0002 0.9994
vn 0.0494 0.0003 0.9988
vn -0.1575 0.0001 0.9875
vn -0.1015 0.0004 0.9948
vn -0.1343 0.0001 0.9909
vn -0.0603 -0.0000 0.9982
vn -0.0033 -0.0000 1.0000
vn -0.3007 0.0002 0.9537
vn -0.2592 -0.0000 0.9658
vn -0.2011 -0.0000 0.9796
vn -0.4953 -0.0000 0.8687
vn -0.4322 0.0003 0.9018
vn -0.4583 0.0001 0.8888
vn -0.3937 -0.0000 0.9192
vn -0.3406 -0.0000 0.9402
vn -0.5681 -0.0000 0.8230
vn -0.6026 0.0002 0.7980
vn -0.6107 0.0002 0.7919
vn -0.9975 -0.0000 0.0704
vn -0.9711 -0.0000 0.2388
vn -0.9164 -0.0000 0.4003
vn -0.8351 -0.0000 0.5502
vn -0.8350 -0.0000 0.5502
vn -0.7578 -0.0000 0.6525
vn -0.7295 0.0002 0.6840
vn -0.6994 -0.0000 0.7147
vn -0.6438 -0.0000 0.7652
vn -0.9795 -0.0000 -0.2015
vn -0.9898 -0.0000 -0.1424
vn -0.9950 0.0002 -0.1001
vn -0.9983 -0.0000 -0.0575
vn -0.9700 0.0001 -0.2433
vn -0.9635 0.0002 -0.2676
vn -0.9512 -0.0000 -0.3087
vn -0.9214 -0.0000 -0.3886
vn -0.9041 0.0002 -0.4274
vn -0.8416 -0.0000 -0.5400
vn -0.8183 0.0002 -0.5748
vn -0.7925 -0.0000 -0.6098
vn -0.7088 -0.0000 -0.7054
vn -0.6769 0.0004 -0.7361
vn -0.7370 -0.0000 -0.6759
vn -0.5500 0.0004 -0.8352
vn -0.5925 0.0001 -0.8056
vn -0.6286 -0.0000 -0.7777
vn -0.4317 -0.0000 -0.9020
vn -0.4913 0.0075 -0.8710
vn -0.4450 0.0004 -0.8955
vn -0.4115 0.0085 -0.9114
vn -0.4106 0.0062 -0.9118
vn -0.4157 -0.0006 -0.9095
vn -0.5169 0.0007 -0.8561
vn -0.5786 -0.0000 -0.8156
vn -0.4698 -0.0000 -0.8828
vn -0.3941 0.0004 -0.9191
vn -0.4038 0.0036 -0.9149
vn 0.4622 0.0052 0.8868
vn 0.4571 -0.0018 0.8894
vn 0.4422 -0.0000 0.8969
vn 0.4788 0.0004 0.8779
vn 0.4695 0.0036 0.8829
vn 0.4629 0.0078 0.8864
vn 0.2227 -0.0000 0.9749
vn 0.2672 0.0001 0.9636
vn 0.3168 0.0004 0.9485
vn 0.2834 0.0001 0.9590
vn 0.3543 -0.0000 0.9351
vn 0.4035 -0.0000 0.9150
vn 0.3809 0.0075 0.9246
vn 0.4244 0.0011 0.9055
vn 0.1602 -0.0000 0.9871
vn 0.1163 0.0002 0.9932
vn 0.0755 -0.0000 0.9971
vn -0.0109 -0.0000 0.9999
vn -0.0541 0.0002 0.9985
vn -0.0961 -0.0000 0.9954
vn -0.1806 -0.0000 0.9836
vn -0.2229 0.0002 0.9748
vn -0.2638 -0.0000 0.9646
vn -0.3455 -0.0000 0.9384
vn -0.3853 0.0002 0.9228
vn -0.4086 0.0001 0.9127
vn -0.9487 -0.0000 0.3163
vn -0.8812 -0.0000 0.4728
vn -0.7880 -0.0000 0.6156
vn -0.6720 -0.0000 0.7406
vn -0.5718 -0.0000 0.8204
vn -0.5364 0.0002 0.8440
vn -0.4997 -0.0000 0.8662
vn -0.4472 -0.0000 0.8944
vn -0.9988 -0.0000 0.0485
vn -0.9941 -0.0000 0.1082
vn -0.9886 0.0002 0.1505
vn -0.9813 -0.0000 0.1925
vn -1.0000 0.0001 0.0056
vn -0.9998 0.0002 -0.0196
vn -0.9980 -0.0000 -0.0625
vn -0.9891 -0.0000 -0.1472
vn -0.9819 0.0002 -0.1892
vn -0.9729 -0.0000 -0.2311
vn -0.9495 -0.0000 -0.3138
vn -0.9355 0.0002 -0.3532
vn -0.9193 -0.0000 -0.3936
vn -0.8619 -0.0000 -0.5070
vn -0.8387 0.0004 -0.5446
vn -0.8819 -0.0000 -0.4714
vn -0.7404 0.0004 -0.6722
vn -0.7742 0.0001 -0.6329
vn -0.8023 -0.0000 -0.5970
vn -0.6424 -0.0000 -0.7663
vn -0.6925 0.0075 -0.7214
vn -0.6537 0.0004 -0.7568
vn -0.6252 0.0084 -0.7804
vn -0.6244 0.0062 -0.7811
vn -0.6288 -0.0006 -0.7776
vn -0.7136 0.0007 -0.7006
vn -0.7633 -0.0000 -0.6460
vn -0.6746 -0.0000 -0.7382
vn -0.6103 0.0004 -0.7922
vn -0.6186 0.0036 -0.7857
vn 0.6683 0.0053 0.7439
vn 0.6640 -0.0018 0.7478
vn 0.6821 0.0004 0.7312
vn 0.6744 0.0036 0.7384
vn 0.6688 0.0078 0.7434
vn 0.4985 0.0001 0.8669
vn 0.5428 0.0004 0.8399
vn 0.5130 0.0001 0.8584
vn 0.5757 -0.0000 0.8177
vn 0.6184 -0.0000 0.7859
vn 0.5989 0.0075 0.8008
vn 0.6361 0.0011 0.7716
vn 0.3597 0.0002 0.9331
vn 0.4007 -0.0000 0.9162
vn 0.4582 -0.0000 0.8889
vn 0.1960 0.0002 0.9806
vn 0.2381 -0.0000 0.9712
vn 0.3211 -0.0000 0.9470
vn 0.0265 0.0002 0.9996
vn 0.0697 -0.0000 0.9976
vn 0.1545 -0.0000 0.9880
vn -0.2106 -0.0000 0.9776
vn -0.1688 0.0001 0.9857
vn -0.1437 0.0002 0.9896
vn -0.1013 -0.0000 0.9949
vn -0.0156 -0.0000 0.9999
vn -0.2686 -0.0000 0.9632
vn -0.3097 0.0002 0.9508
vn -0.3498 -0.0000 0.9368
vn -0.4667 -0.0000 0.8844
vn -0.6102 -0.0000 0.7923
vn -0.7359 -0.0000 0.6771
vn -0.8402 -0.0000 0.5423
vn -0.9026 -0.0000 0.4305
vn -0.9201 0.0002 0.3917
vn -0.9360 -0.0000 0.3520
vn -0.9946 -0.0000 0.1033
vn -0.9822 -0.0000 0.1877
vn -0.9733 0.0002 0.2297
vn -0.9710 0.0002 0.2391
vn -0.9598 -0.0000 0.2806
vn -0.9818 0.0008 -0.1898
vn -0.9940 -0.0000 -0.1095
vn -0.9715 -0.0000 -0.2372
vn -0.9889 0.0004 -0.1488
vn -0.9977 -0.0000 -0.0678
vn -0.9981 -0.0000 0.0610
vn -0.9999 0.0007 -0.0102
vn -0.9995 0.0003 0.0322
vn -0.9000 -0.0000 -0.4359
vn -0.8759 0.0005 -0.4824
vn -0.8942 0.0003 -0.4476
vn -0.9165 -0.0000 -0.3999
vn -0.9610 -0.0000 -0.2767
vn -0.9379 0.0007 -0.3468
vn -0.9512 0.0004 -0.3085
vn -0.7728 0.0011 -0.6347
vn -0.8128 -0.0000 -0.5825
vn -0.7702 0.0007 -0.6378
vn -0.7775 0.0006 -0.6289
vn -0.7906 0.0004 -0.6123
vn -0.8071 0.0003 -0.5904
vn -0.8281 0.0001 -0.5606
vn -0.8501 -0.0000 -0.5267
vn 0.8327 0.0078 0.5537
vn 0.7993 0.0022 0.6009
vn 0.8250 -0.0012 0.5651
vn 0.8320 0.0038 0.5548
vn 0.8425 0.0004 0.5386
vn 0.8368 0.0037 0.5475
vn 0.8326 0.0079 0.5538
vn 0.7645 0.0145 0.6444
vn 0.7944 -0.0000 0.6074
vn 0.7466 -0.0000 0.6652
vn 0.7103 0.0002 0.7039
vn 0.7198 0.0003 0.6942
vn 0.5240 -0.0000 0.8517
vn 0.5612 0.0001 0.8277
vn 0.6070 0.0004 0.7947
vn 0.5804 0.0001 0.8143
vn 0.6393 -0.0000 0.7690
vn 0.6821 -0.0000 0.7312
vn 0.4722 -0.0000 0.8815
vn 0.4337 0.0002 0.9011
vn 0.3953 -0.0000 0.9185
vn 0.3422 -0.0000 0.9396
vn 0.2743 0.0001 0.9616
vn 0.3023 0.0003 0.9532
vn 0.0545 -0.0000 0.9985
vn 0.0969 0.0002 0.9953
vn 0.1070 0.0002 0.9943
vn 0.1493 -0.0000 0.9888
vn 0.2336 -0.0000 0.9723
vn -0.0207 -0.0000 0.9998
vn -0.0635 0.0002 0.9980
vn -0.1058 -0.0000 0.9944
vn -0.2321 -0.0000 0.9727
vn -0.3940 -0.0000 0.9191
vn -0.5444 -0.0000 0.8388
vn -0.5444 -0.0000 0.8389
vn -0.6790 -0.0000 0.7342
vn -0.7671 -0.0000 0.6415
vn -0.7938 0.0002 0.6082
vn -0.8190 -0.0000 0.5737
vn -0.9377 -0.0000 0.3474
vn -0.9047 -0.0000 0.4261
vn -0.8856 0.0002 0.4645
vn -0.8810 0.0002 0.4731
vn -0.8599 -0.0000 0.5105
vn -0.9982 0.0008 0.0604
vn -0.9900 -0.0000 0.1412
vn -0.9999 -0.0000 0.0118
vn -0.9948 0.0004 0.1018
vn -0.9832 -0.0000 0.1825
vn -0.9516 -0.0000 0.3073
vn -0.9711 0.0007 0.2388
vn -0.9601 0.0003 0.2797
vn -0.9801 -0.0000 -0.1984
vn -0.9684 0.0005 -0.2494
vn -0.9775 0.0003 -0.2111
vn -0.9872 -0.0000 -0.1594
vn -0.9996 -0.0000 -0.0290
vn -0.9947 0.0007 -0.1026
vn -0.9981 0.0004 -0.0622
vn -0.9063 0.0010 -0.4227
vn -0.9322 -0.0000 -0.3620
vn -0.9046 0.0007 -0.4262
vn -0.9095 0.0006 -0.4157
vn -0.9181 0.0004 -0.3964
vn -0.9286 0.0003 -0.3711
vn -0.9415 0.0001 -0.3370
vn -0.9543 -0.0000 -0.2987
vn 0.9442 0.0078 0.3292
vn 0.9237 0.0022 0.3832
vn 0.9396 -0.0012 0.3422
vn 0.9438 0.0038 0.3304
vn 0.9500 0.0004 0.3122
vn 0.9467 0.0036 0.3222
vn 0.9441 0.0081 0.3295
vn 0.9008 0.0145 0.4340
vn 0.9205 -0.0000 0.3908
vn 0.8886 -0.0000 0.4587
vn 0.8631 0.0002 0.5051
vn 0.8698 0.0003 0.4934
vn 0.7193 -0.0000 0.6947
vn 0.7494 0.0001 0.6621
vn 0.7856 0.0004 0.6187
vn 0.7647 0.0001 0.6444
vn 0.8105 -0.0000 0.5858
vn 0.8425 -0.0000 0.5386
vn 0.6766 -0.0000 0.7364
vn 0.6441 0.0002 0.7649
vn 0.6113 -0.0000 0.7914
vn 0.5652 -0.0000 0.8250
vn 0.5048 0.0001 0.8632
vn 0.5298 0.0003 0.8481
vn 0.3011 -0.0000 0.9536
vn 0.3415 0.0002 0.9399
vn 0.3509 0.0002 0.9364
vn 0.3905 -0.0000 0.9206
vn 0.4681 -0.0000 0.8837
vn 0.2286 -0.0000 0.9735
vn 0.1867 0.0002 0.9824
vn 0.1448 -0.0000 0.9895
vn 0.0171 -0.0000 0.9999
vn -0.1530 -0.0000 0.9882
vn -0.3187 -0.0000 0.9479
vn -0.4750 -0.0000 0.8800
vn -0.5835 -0.0000 0.8121
vn -0.6176 0.0002 0.7865
vn -0.6506 -0.0000 0.7594
vn -0.8218 -0.0000 0.5697
vn -0.7703 -0.0000 0.6377
vn -0.7422 0.0002 0.6701
vn -0.7356 0.0002 0.6774
vn -0.7059 -0.0000 0.7083
vn -0.9518 0.0008 0.3066
vn -0.9238 -0.0000 0.3829
vn -0.9656 -0.0000 0.2601
vn -0.9382 0.0004 0.3460
vn -0.9069 -0.0000 0.4212
vn -0.8453 -0.0000 0.5343
vn -0.8812 0.0007 0.4728
vn -0.8603 0.0003 0.5097
vn -0.9987 -0.0000 0.0516
vn -1.0000 0.0005 -0.0008
vn -0.9993 0.0003 0.0385
vn -0.9958 -0.0000 0.0911
vn -0.9754 -0.0000 0.2205
vn -0.9890 0.0007 0.1479
vn -0.9822 0.0004 0.1879
vn -0.9829 0.0010 -0.1844
vn -0.9929 -0.0000 -0.1188
vn -0.9822 0.0007 -0.1878
vn -0.9843 0.0006 -0.1765
vn -0.9878 0.0004 -0.1556
vn -0.9917 0.0003 -0.1285
vn -0.9957 0.0001 -0.0923
vn -0.9986 -0.0000 -0.0520
vn -0.0001 1.0000 -0.0000
vn 0.0001 1.0000 -0.0000
vn 0.9964 0.0078 0.0841
vn 0.9899 0.0022 0.1415
vn 0.9952 -0.0012 0.0978
vn 0.9963 0.0038 0.0853
vn 0.9978 0.0004 0.0661
vn 0.9971 0.0036 0.0767
vn 0.9964 0.0080 0.0843
vn 0.9804 0.0145 0.1964
vn 0.9887 -0.0000 0.1496
vn 0.9748 -0.0000 0.2233
vn 0.9616 0.0002 0.2746
vn 0.9651 0.0003 0.2617
vn 0.8905 0.0001 0.4550
vn 0.9148 0.0004 0.4039
vn 0.9009 0.0001 0.4340
vn 0.9307 -0.0000 0.3658
vn 0.9500 -0.0000 0.3122
vn 0.8141 0.0002 0.5807
vn 0.8385 -0.0000 0.5450
vn 0.8695 -0.0000 0.4940
vn 0.6731 -0.0000 0.7395
vn 0.7241 0.0003 0.6897
vn 0.7036 0.0001 0.7105
vn 0.7525 -0.0000 0.6585
vn 0.7889 -0.0000 0.6145
vn 0.6072 -0.0000 0.7946
vn 0.5727 0.0002 0.8198
vn 0.5645 0.0002 0.8254
vn -0.2413 -0.0000 0.9705
vn -0.0729 -0.0000 0.9973
vn 0.0976 -0.0000 0.9952
vn 0.2652 -0.0000 0.9642
vn 0.3863 -0.0000 0.9224
vn 0.4251 0.0002 0.9051
vn 0.4636 -0.0000 0.8861
vn 0.5288 -0.0000 0.8488
vn -0.4943 -0.0000 0.8693
vn -0.4413 -0.0000 0.8973
vn -0.4026 0.0002 0.9154
vn -0.3632 -0.0000 0.9317
vn -0.5311 0.0001 0.8473
vn -0.5523 0.0002 0.8337
vn -0.5875 -0.0000 0.8092
vn -0.6543 -0.0000 0.7562
vn -0.6859 0.0002 0.7277
vn -0.7737 -0.0000 0.6336
vn -0.7995 0.0002 0.6006
vn -0.8249 -0.0000 0.5653
vn -0.8899 -0.0000 0.4561
vn -0.9092 0.0004 0.4163
vn -0.8706 -0.0000 0.4921
vn -0.9643 0.0004 0.2650
vn -0.9492 0.0001 0.3146
vn -0.9339 -0.0000 0.3575
vn -0.9913 -0.0000 0.1318
vn -0.9801 0.0075 0.1981
vn -0.9892 0.0004 0.1464
vn -0.9939 0.0085 0.1097
vn -0.9941 0.0062 0.1087
vn -0.9934 -0.0006 0.1143
vn -0.9739 0.0007 0.2271
vn -0.9545 -0.0000 0.2983
vn -0.9847 -0.0000 0.1740
vn -0.9959 0.0004 0.0908
vn -0.9949 0.0036 0.1013
vn 0.9862 0.0052 -0.1656
vn 0.9871 -0.0018 -0.1599
vn 0.9897 -0.0000 -0.1434
vn 0.9829 0.0004 -0.1841
vn 0.9848 0.0036 -0.1737
vn 0.9860 0.0078 -0.1664
vn 0.9960 -0.0000 0.0894
vn 0.9990 0.0001 0.0436
vn 1.0000 0.0004 -0.0082
vn 0.9996 0.0001 0.0268
vn 0.9988 -0.0000 -0.0480
vn 0.9949 -0.0000 -0.1010
vn 0.9970 0.0075 -0.0765
vn 0.9923 0.0011 -0.1236
vn 0.9883 -0.0000 0.1526
vn 0.9806 0.0002 0.1963
vn 0.9717 -0.0000 0.2363
vn 0.9476 -0.0000 0.3193
vn 0.9330 0.0002 0.3600
vn 0.9170 -0.0000 0.3990
vn 0.8796 -0.0000 0.4757
vn 0.8582 0.0002 0.5132
vn 0.8359 -0.0000 0.5489
vn 0.7857 -0.0000 0.6186
vn 0.7586 0.0002 0.6516
vn 0.7418 0.0001 0.6706
vn 0.0076 -0.0000 1.0000
vn 0.1774 -0.0000 0.9841
vn 0.3420 -0.0000 0.9397
vn 0.4967 -0.0000 0.8679
vn 0.6036 -0.0000 0.7973
vn 0.6369 0.0002 0.7710
vn 0.6693 -0.0000 0.7429
vn 0.7125 -0.0000 0.7017
vn -0.2626 -0.0000 0.9649
vn -0.2043 -0.0000 0.9789
vn -0.1623 0.0002 0.9867
vn -0.1201 -0.0000 0.9928
vn -0.3037 0.0001 0.9528
vn -0.3276 0.0002 0.9448
vn -0.3678 -0.0000 0.9299
vn -0.4457 -0.0000 0.8952
vn -0.4833 0.0002 0.8754
vn -0.5918 -0.0000 0.8061
vn -0.6250 0.0002 0.7806
vn -0.6584 -0.0000 0.7527
vn -0.7485 -0.0000 0.6631
vn -0.7771 0.0004 0.6294
vn -0.7208 -0.0000 0.6931
vn -0.8681 0.0004 0.4964
vn -0.8412 0.0001 0.5408
vn -0.8157 -0.0000 0.5785
vn -0.9273 -0.0000 0.3742
vn -0.9001 0.0075 0.4356
vn -0.9217 0.0004 0.3879
vn -0.9354 0.0084 0.3535
vn -0.9358 0.0062 0.3525
vn -0.9338 -0.0006 0.3578
vn -0.8868 0.0007 0.4622
vn -0.8503 -0.0000 0.5263
vn -0.9105 -0.0000 0.4134
vn -0.9420 0.0004 0.3356
vn -0.9384 0.0037 0.3455
vn 0.9140 0.0052 -0.4056
vn 0.9163 -0.0018 -0.4004
vn 0.9229 -0.0000 -0.3850
vn 0.9062 0.0004 -0.4228
vn 0.9107 0.0036 -0.4131
vn 0.9137 0.0078 -0.4064
vn 0.9785 0.0001 -0.2062
vn 0.9665 0.0004 -0.2566
vn 0.9749 0.0001 -0.2226
vn 0.9555 -0.0000 -0.2949
vn 0.9385 -0.0000 -0.3453
vn 0.9467 0.0075 -0.3221
vn 0.9305 0.0011 -0.3664
vn 0.9986 0.0002 -0.0538
vn 0.9952 -0.0000 -0.0979
vn 0.9869 -0.0000 -0.1611
vn 0.9932 0.0002 0.1167
vn 0.9973 -0.0000 0.0736
vn 0.9999 -0.0000 -0.0127
vn 0.9589 0.0002 0.2837
vn 0.9703 -0.0000 0.2420
vn 0.9874 -0.0000 0.1584
vn 0.8646 -0.0000 0.5024
vn 0.8853 0.0001 0.4651
vn 0.8968 0.0002 0.4424
vn 0.9149 -0.0000 0.4038
vn 0.9461 -0.0000 0.3238
vn 0.8331 -0.0000 0.5531
vn 0.8086 0.0002 0.5884
vn 0.7829 -0.0000 0.6222
vn 0.6969 -0.0000 0.7172
vn 0.5650 -0.0000 0.8251
vn 0.4166 -0.0000 0.9091
vn 0.2561 -0.0000 0.9667
vn 0.1305 -0.0000 0.9914
vn 0.0882 0.0002 0.9961
vn 0.0456 -0.0000 0.9990
vn -0.2091 -0.0000 0.9779
vn -0.1250 -0.0000 0.9922
vn -0.0823 0.0002 0.9966
vn -0.0726 0.0002 0.9974
vn -0.0297 -0.0000 0.9996
vn -0.4837 0.0008 0.8752
vn -0.4113 -0.0000 0.9115
vn -0.5258 -0.0000 0.8506
vn -0.4471 0.0004 0.8945
vn -0.3728 -0.0000 0.9279
vn -0.2504 -0.0000 0.9681
vn -0.3187 0.0007 0.9479
vn -0.2782 0.0003 0.9605
vn -0.6927 -0.0000 0.7212
vn -0.7295 0.0005 0.6840
vn -0.7022 0.0003 0.7120
vn -0.6636 -0.0000 0.7481
vn -0.5601 -0.0000 0.8284
vn -0.6196 0.0007 0.7849
vn -0.5873 0.0004 0.8093
vn -0.8421 0.0010 0.5393
vn -0.8052 -0.0000 0.5931
vn -0.8445 0.0007 0.5355
vn -0.8384 0.0006 0.5451
vn -0.8266 0.0004 0.5628
vn -0.8109 0.0003 0.5851
vn -0.7891 0.0001 0.6143
vn -0.7636 -0.0000 0.6457
s 0
usemtl cap
f 2479//4098 2480//4098 2481//4098
f 2482//4099 2483//4099 2481//4099
f 2484//4100 2485//4100 2486//4100
f 2487//4101 2488//4101 2489//4101
f 2490//4102 2491//4102 2492//4102
f 2492//4103 2491//4103 2493//4103
f 2492//4104 2493//4104 2494//4104
f 2495//4105 2496//4105 2497//4105
f 2497//4106 2496//4106 2498//4106
f 2497//4107 2498//4107 2499//4107
f 2499//4108 2500//4108 2497//4108
f 2497//4109 2500//4109 2501//4109
f 2497//4110 2501//4110 2492//4110
f 2492//4111 2501//4111 2502//4111
f 2492//4112 2502//4112 2490//4112
f 2488//4113 2503//4113 2489//4113
f 2489//4114 2503//4114 2504//4114
f 2489//4115 2504//4115 2495//4115
f 2495//4116 2504//4116 2505//4116
f 2495//4117 2505//4117 2496//4117
f 2486//4118 2485//4118 2506//4118
f 2507//4119 2508//4119 2509//4119
f 2509//4120 2510//4120 2507//4120
f 2507//4121 2510//4121 2511//4121
f 2507//4122 2511//4122 2486//4122
f 2486//4123 2511//4123 2512//4123
f 2486//4124 2512//4124 2484//4124
f 2481//4125 2483//4125 2513//4125
f 2483//4126 2514//4126 2513//4126
f 2513//4127 2514//4127 2515//4127
f 2513//4128 2515//4128 2508//4128
f 2508//4129 2515//4129 2516//4129
f 2508//4130 2516//4130 2509//4130
f 2517//4131 2518//4131 2519//4131
f 2520//4132 2482//4132 2521//4132
f 2521//4133 2482//4133 2481//4133
f 2521//4134 2481//4134 2519//4134
f 2519//4135 2481//4135 2480//4135
f 2519//4136 2480//4136 2517//4136
f 2479//4137 2481//4137 2522//4137
f 2522//4138 2481//4138 2513//4138
f 2522//4139 2513//4139 2523//4139
f 2523//4140 2513//4140 2508//4140
f 2523//4141 2508//4141 2524//4141
f 2524//4142 2508//4142 2525//4142
f 2525//4143 2508//4143 2507//4143
f 2525//4144 2507//4144 2526//4144
f 2526//4145 2507//4145 2527//4145
f 2527//4146 2507//4146 2486//4146
f 2527//4147 2486//4147 2528//4147
f 2506//4148 2529//4148 2486//4148
f 2486//4149 2529//4149 2530//4149
f 2486//4150 2530//4150 2528//4150
f 2531//4151 2532//4151 2533//4151
f 2532//4152 2531//4152 2534//4152
f 2534//4153 2531//4153 2535//4153
f 2534//4154 2535//4154 2536//4154
f 2537//4155 2538//4155 2539//4155
f 2539//4156 2538//4156 2540//4156
f 2539//4157 2540//4157 2535//4157
f 2535//4158 2540//4158 2541//4158
f 2535//4159 2541//4159 2536//4159
f 2542//4160 2543//4160 2544//4160
f 2544//4161 2543//4161 2545//4161
f 2545//4162 2546//4162 2544//4162
f 2544//4163 2546//4163 2547//4163
f 2544//4164 2547//4164 2539//4164
f 2539//4165 2547//4165 2548//4165
f 2539//4166 2548//4166 2537//4166
f 2533//4167 2529//4167 2531//4167
f 2531//4168 2529//4168 2506//4168
f 2531//4169 2506//4169 2535//4169
f 2535//4169 2506//4169 2549//4169
f 2535//4170 2549//4170 2539//4170
f 2539//4170 2549//4170 2550//4170
f 2539//4171 2550//4171 2544//4171
f 2544//4171 2550//4171 2551//4171
f 2485//4172 2487//4172 2506//4172
f 2506//4173 2487//4173 2489//4173
f 2506//4174 2489//4174 2549//4174
f 2549//4174 2489//4174 2495//4174
f 2549//4175 2495//4175 2550//4175
f 2550//4175 2495//4175 2497//4175
f 2550//4176 2497//4176 2551//4176
f 2551//4176 2497//4176 2492//4176
f 2552//4177 2553//4177 2554//4177
f 2555//4178 2556//4178 2557//4178
f 2558//4179 2559//4179 2560//4179
f 2559//4180 2561//4180 2560//4180
f 2560//4181 2561//4181 2562//4181
f 2560//4182 2562//4182 2563//4182
f 2564//4183 2565//4183 2566//4183
f 2566//4184 2565//4184 2567//4184
f 2566//4185 2567//4185 2568//4185
f 2569//4186 2570//4186 2571//4186
f 2571//4187 2570//4187 2572//4187
f 2571//4188 2572//4188 2573//4188
f 2573//4189 2572//4189 2574//4189
f 2573//4190 2574//4190 2575//4190
f 2576//4191 2577//4191 2578//4191
f 2578//4192 2577//4192 2579//4192
f 2578//4193 2579//4193 2569//4193
f 2580//4194 2581//4194 2582//4194
f 2582//4195 2581//4195 2583//4195
f 2582//4196 2583//4196 2584//4196
f 2584//4197 2583//4197 2585//4197
f 2585//4198 2583//4198 2586//4198
f 2585//4199 2586//4199 2587//4199
f 2588//4200 2589//4200 2590//4200
f 2590//4201 2589//4201 2591//4201
f 2591//4202 2592//4202 2590//4202
f 2590//4203 2592//4203 2593//4203
f 2590//4204 2593//4204 2586//4204
f 2586//4205 2593//4205 2594//4205
f 2586//4206 2594//4206 2587//4206
f 2595//4207 2596//4207 2597//4207
f 2597//4208 2596//4208 2598//4208
f 2597//4209 2598//4209 2542//4209
f 2557//4210 2556//4210 2597//4210
f 2597//4211 2556//4211 2599//4211
f 2597//4212 2599//4212 2595//4212
f 2553//4213 2552//4213 2600//4213
f 2552//4214 2601//4214 2600//4214
f 2600//4215 2601//4215 2602//4215
f 2600//4216 2602//4216 2557//4216
f 2557//4217 2602//4217 2603//4217
f 2557//4218 2603//4218 2555//4218
f 2569//4219 2571//4219 2578//4219
f 2578//4220 2571//4220 2604//4220
f 2578//4221 2604//4221 2605//4221
f 2606//4222 2573//4222 2567//4222
f 2567//4223 2573//4223 2575//4223
f 2567//4224 2575//4224 2568//4224
f 2606//4225 2607//4225 2573//4225
f 2573//4226 2607//4226 2608//4226
f 2573//4227 2608//4227 2571//4227
f 2571//4228 2608//4228 2609//4228
f 2571//4229 2609//4229 2604//4229
f 2610//4230 2611//4230 2565//4230
f 2565//4231 2611//4231 2612//4231
f 2565//4232 2612//4232 2567//4232
f 2567//4233 2612//4233 2613//4233
f 2567//4234 2613//4234 2606//4234
f 2564//4235 2558//4235 2565//4235
f 2565//4236 2558//4236 2560//4236
f 2565//4237 2560//4237 2610//4237
f 2610//4238 2560//4238 2563//4238
f 2610//4239 2563//4239 2614//4239
f 2580//4240 2577//4240 2581//4240
f 2581//4241 2577//4241 2576//4241
f 2581//4242 2576//4242 2583//4242
f 2583//4242 2576//4242 2615//4242
f 2583//4243 2615//4243 2586//4243
f 2586//4243 2615//4243 2616//4243
f 2586//4244 2616//4244 2590//4244
f 2590//4244 2616//4244 2617//4244
f 2605//4245 2618//4245 2578//4245
f 2578//4246 2618//4246 2554//4246
f 2578//4247 2554//4247 2576//4247
f 2576//4248 2554//4248 2553//4248
f 2576//4249 2553//4249 2615//4249
f 2615//4249 2553//4249 2600//4249
f 2615//4250 2600//4250 2616//4250
f 2616//4250 2600//4250 2557//4250
f 2616//4251 2557//4251 2617//4251
f 2617//4251 2557//4251 2597//4251
f 2619//4252 2620//4252 2621//4252
f 2622//4253 2623//4253 2624//4253
f 2625//4254 2626//4254 2627//4254
f 2628//4255 2629//4255 2630//4255
f 2630//4256 2629//4256 2631//4256
f 2630//4257 2631//4257 2632//4257
f 2633//4258 2634//4258 2635//4258
f 2635//4259 2634//4259 2636//4259
f 2635//4260 2636//4260 2637//4260
f 2637//4261 2636//4261 2638//4261
f 2637//4262 2638//4262 2639//4262
f 2640//4263 2641//4263 2642//4263
f 2642//4264 2641//4264 2643//4264
f 2642//4265 2643//4265 2633//4265
f 2644//4266 2645//4266 2646//4266
f 2646//4267 2645//4267 2647//4267
f 2646//4268 2647//4268 2648//4268
f 2648//4269 2647//4269 2649//4269
f 2649//4270 2647//4270 2650//4270
f 2649//4271 2650//4271 2651//4271
f 2652//4272 2653//4272 2654//4272
f 2654//4273 2653//4273 2655//4273
f 2655//4274 2656//4274 2654//4274
f 2654//4275 2656//4275 2657//4275
f 2654//4276 2657//4276 2650//4276
f 2650//4277 2657//4277 2658//4277
f 2650//4278 2658//4278 2651//4278
f 2659//4279 2660//4279 2661//4279
f 2661//4280 2660//4280 2662//4280
f 2661//4281 2662//4281 2588//4281
f 2624//4282 2623//4282 2661//4282
f 2661//4283 2623//4283 2663//4283
f 2661//4284 2663//4284 2659//4284
f 2620//4285 2619//4285 2664//4285
f 2619//4286 2665//4286 2664//4286
f 2664//4287 2665//4287 2666//4287
f 2664//4288 2666//4288 2624//4288
f 2624//4289 2666//4289 2667//4289
f 2624//4290 2667//4290 2622//4290
f 2633//4291 2635//4291 2642//4291
f 2642//4292 2635//4292 2668//4292
f 2642//4293 2668//4293 2669//4293
f 2670//4294 2637//4294 2631//4294
f 2631//4295 2637//4295 2639//4295
f 2631//4296 2639//4296 2632//4296
f 2670//4297 2671//4297 2637//4297
f 2637//4298 2671//4298 2672//4298
f 2637//4299 2672//4299 2635//4299
f 2635//4300 2672//4300 2673//4300
f 2635//4301 2673//4301 2668//4301
f 2674//4302 2675//4302 2629//4302
f 2629//4303 2675//4303 2676//4303
f 2629//4304 2676//4304 2631//4304
f 2631//4305 2676//4305 2677//4305
f 2631//4306 2677//4306 2670//4306
f 2626//4307 2678//4307 2627//4307
f 2627//4308 2678//4308 2679//4308
f 2627//4309 2679//4309 2680//4309
f 2628//4310 2625//4310 2629//4310
f 2629//4311 2625//4311 2627//4311
f 2629//4312 2627//4312 2674//4312
f 2674//4313 2627//4313 2680//4313
f 2674//4314 2680//4314 2681//4314
f 2644//4315 2641//4315 2645//4315
f 2645//4316 2641//4316 2640//4316
f 2645//4317 2640//4317 2647//4317
f 2647//4317 2640//4317 2682//4317
f 2647//4318 2682//4318 2650//4318
f 2650//4318 2682//4318 2683//4318
f 2650//4319 2683//4319 2654//4319
f 2654//4319 2683//4319 2684//4319
f 2669//4320 2685//4320 2642//4320
f 2642//4321 2685//4321 2621//4321
f 2642//4322 2621//4322 2640//4322
f 2640//4323 2621//4323 2620//4323
f 2640//4324 2620//4324 2682//4324
f 2682//4324 2620//4324 2664//4324
f 2682//4325 2664//4325 2683//4325
f 2683//4325 2664//4325 2624//4325
f 2683//4326 2624//4326 2684//4326
f 2684//4326 2624//4326 2661//4326
f 2686//4327 2687//4327 2688//4327
f 2689//4328 2690//4328 2691//4328
f 2692//4329 2693//4329 2694//4329
f 2691//4330 2690//4330 2694//4330
f 2690//4331 2695//4331 2694//4331
f 2694//4332 2695//4332 2696//4332
f 2694//4333 2696//4333 2692//4333
f 2692//4334 2696//4334 2697//4334
f 2692//4335 2697//4335 2698//4335
f 2699//4336 2700//4336 2701//4336
f 2701//4337 2700//4337 2702//4337
f 2701//4338 2702//4338 2703//4338
f 2703//4339 2702//4339 2704//4339
f 2705//4340 2706//4340 2704//4340
f 2707//4341 2708//4341 2705//4341
f 2705//4342 2708//4342 2709//4342
f 2705//4343 2709//4343 2706//4343
f 2710//4344 2711//4344 2712//4344
f 2711//4345 2710//4345 2713//4345
f 2713//4346 2710//4346 2714//4346
f 2713//4347 2714//4347 2715//4347
f 2716//4348 2717//4348 2718//4348
f 2718//4349 2717//4349 2719//4349
f 2718//4350 2719//4350 2714//4350
f 2714//4351 2719//4351 2720//4351
f 2714//4352 2720//4352 2715//4352
f 2721//4353 2722//4353 2723//4353
f 2723//4354 2722//4354 2724//4354
f 2724//4355 2725//4355 2723//4355
f 2723//4356 2725//4356 2726//4356
f 2723//4357 2726//4357 2718//4357
f 2718//4358 2726//4358 2727//4358
f 2718//4359 2727//4359 2716//4359
f 2728//4360 2729//4360 2730//4360
f 2730//4361 2729//4361 2731//4361
f 2730//4362 2731//4362 2652//4362
f 2732//4363 2733//4363 2734//4363
f 2734//4364 2733//4364 2735//4364
f 2734//4365 2735//4365 2736//4365
f 2736//4366 2737//4366 2734//4366
f 2734//4367 2737//4367 2738//4367
f 2734//4368 2738//4368 2730//4368
f 2730//4369 2738//4369 2739//4369
f 2730//4370 2739//4370 2728//4370
f 2687//4371 2740//4371 2688//4371
f 2688//4372 2740//4372 2741//4372
f 2688//4373 2741//4373 2732//4373
f 2732//4374 2741//4374 2742//4374
f 2732//4375 2742//4375 2733//4375
f 2743//4376 2744//4376 2705//4376
f 2705//4377 2744//4377 2745//4377
f 2705//4378 2745//4378 2707//4378
f 2704//4379 2702//4379 2705//4379
f 2705//4380 2702//4380 2746//4380
f 2705//4381 2746//4381 2743//4381
f 2747//4382 2748//4382 2691//4382
f 2691//4383 2748//4383 2700//4383
f 2691//4384 2700//4384 2689//4384
f 2689//4385 2700//4385 2699//4385
f 2748//4386 2749//4386 2700//4386
f 2700//4387 2749//4387 2750//4387
f 2700//4388 2750//4388 2702//4388
f 2702//4389 2750//4389 2751//4389
f 2702//4390 2751//4390 2746//4390
f 2747//4391 2691//4391 2752//4391
f 2752//4392 2691//4392 2694//4392
f 2752//4393 2694//4393 2753//4393
f 2753//4394 2694//4394 2693//4394
f 2753//4395 2693//4395 2754//4395
f 2712//4396 2708//4396 2710//4396
f 2710//4397 2708//4397 2707//4397
f 2710//4398 2707//4398 2714//4398
f 2714//4398 2707//4398 2755//4398
f 2714//4399 2755//4399 2718//4399
f 2718//4399 2755//4399 2756//4399
f 2718//4400 2756//4400 2723//4400
f 2723//4400 2756//4400 2757//4400
f 2745//4401 2686//4401 2707//4401
f 2707//4402 2686//4402 2688//4402
f 2707//4403 2688//4403 2755//4403
f 2755//4403 2688//4403 2732//4403
f 2755//4404 2732//4404 2756//4404
f 2756//4404 2732//4404 2734//4404
f 2756//4405 2734//4405 2757//4405
f 2757//4405 2734//4405 2730//4405
f 2758//4406 2759//4406 2760//4406
f 2761//4407 2762//4407 2763//4407
f 2764//4408 2765//4408 2766//4408
f 2767//4409 2764//4409 2768//4409
f 2768//4410 2764//4410 2766//4410
f 2768//4411 2766//4411 2769//4411
f 2763//4412 2762//4412 2766//4412
f 2766//4413 2762//4413 2770//4413
f 2766//4414 2770//4414 2769//4414
f 2771//4415 2772//4415 2773//4415
f 2773//4416 2772//4416 2774//4416
f 2773//4417 2774//4417 2775//4417
f 2775//4418 2774//4418 2776//4418
f 2777//4419 2778//4419 2776//4419
f 2779//4420 2780//4420 2777//4420
f 2777//4421 2780//4421 2781//4421
f 2777//4422 2781//4422 2778//4422
f 2782//4423 2783//4423 2784//4423
f 2783//4424 2782//4424 2785//4424
f 2785//4425 2782//4425 2786//4425
f 2785//4426 2786//4426 2787//4426
f 2788//4427 2789//4427 2790//4427
f 2790//4428 2789//4428 2791//4428
f 2790//4429 2791//4429 2786//4429
f 2786//4430 2791//4430 2792//4430
f 2786//4431 2792//4431 2787//4431
f 2793//4432 2794//4432 2795//4432
f 2795//4433 2794//4433 2796//4433
f 2796//4434 2797//4434 2795//4434
f 2795//4435 2797//4435 2798//4435
f 2795//4436 2798//4436 2790//4436
f 2790//4437 2798//4437 2799//4437
f 2790//4438 2799//4438 2788//4438
f 2800//4439 2801//4439 2802//4439
f 2802//4440 2801//4440 2803//4440
f 2802//4441 2803//4441 2721//4441
f 2804//4442 2805//4442 2806//4442
f 2806//4443 2805//4443 2807//4443
f 2806//4444 2807//4444 2808//4444
f 2808//4445 2809//4445 2806//4445
f 2806//4446 2809//4446 2810//4446
f 2806//4447 2810//4447 2802//4447
f 2802//4448 2810//4448 2811//4448
f 2802//4449 2811//4449 2800//4449
f 2759//4450 2812//4450 2760//4450
f 2760//4451 2812//4451 2813//4451
f 2760//4452 2813//4452 2804//4452
f 2804//4453 2813//4453 2814//4453
f 2804//4454 2814//4454 2805//4454
f 2815//4455 2816//4455 2777//4455
f 2777//4456 2816//4456 2817//4456
f 2777//4457 2817//4457 2779//4457
f 2776//4458 2774//4458 2777//4458
f 2777//4459 2774//4459 2818//4459
f 2777//4460 2818//4460 2815//4460
f 2819//4461 2820//4461 2763//4461
f 2763//4462 2820//4462 2772//4462
f 2763//4463 2772//4463 2761//4463
f 2761//4464 2772//4464 2771//4464
f 2820//4465 2821//4465 2772//4465
f 2772//4466 2821//4466 2822//4466
f 2772//4467 2822//4467 2774//4467
f 2774//4468 2822//4468 2823//4468
f 2774//4469 2823//4469 2818//4469
f 2819//4470 2763//4470 2824//4470
f 2824//4471 2763//4471 2766//4471
f 2824//4472 2766//4472 2825//4472
f 2825//4473 2766//4473 2765//4473
f 2825//4474 2765//4474 2826//4474
f 2784//4475 2780//4475 2782//4475
f 2782//4476 2780//4476 2779//4476
f 2782//4477 2779//4477 2786//4477
f 2786//4477 2779//4477 2827//4477
f 2786//4478 2827//4478 2790//4478
f 2790//4478 2827//4478 2828//4478
f 2790//4479 2828//4479 2795//4479
f 2795//4479 2828//4479 2829//4479
f 2817//4480 2758//4480 2779//4480
f 2779//4481 2758//4481 2760//4481
f 2779//4482 2760//4482 2827//4482
f 2827//4482 2760//4482 2804//4482
f 2827//4483 2804//4483 2828//4483
f 2828//4483 2804//4483 2806//4483
f 2828//4484 2806//4484 2829//4484
f 2829//4484 2806//4484 2802//4484
f 2830//4485 2831//4485 2832//4485
f 2833//4486 2834//4486 2835//4486
f 2836//4487 2837//4487 2833//4487
f 2838//4488 2839//4488 2836//4488
f 2836//4489 2839//4489 2840//4489
f 2836//4490 2840//4490 2837//4490
f 2841//4491 2842//4491 2843//4491
f 2843//4492 2842//4492 2844//4492
f 2843//4493 2844//4493 2845//4493
f 2845//4494 2844//4494 2846//4494
f 2845//4495 2846//4495 2847//4495
f 2848//4496 2849//4496 2841//4496
f 2850//4497 2851//4497 2848//4497
f 2848//4498 2851//4498 2852//4498
f 2848//4499 2852//4499 2849//4499
f 2853//4500 2854//4500 2855//4500
f 2854//4501 2853//4501 2856//4501
f 2856//4502 2853//4502 2857//4502
f 2856//4503 2857//4503 2858//4503
f 2859//4504 2860//4504 2861//4504
f 2861//4505 2860//4505 2862//4505
f 2861//4506 2862//4506 2857//4506
f 2857//4507 2862//4507 2863//4507
f 2857//4508 2863//4508 2858//4508
f 2864//4509 2865//4509 2866//4509
f 2866//4510 2865//4510 2867//4510
f 2867//4511 2868//4511 2866//4511
f 2866//4512 2868//4512 2869//4512
f 2866//4513 2869//4513 2861//4513
f 2861//4514 2869//4514 2870//4514
f 2861//4515 2870//4515 2859//4515
f 2871//4516 2872//4516 2873//4516
f 2873//4517 2872//4517 2874//4517
f 2873//4518 2874//4518 2793//4518
f 2875//4519 2876//4519 2877//4519
f 2877//4520 2876//4520 2878//4520
f 2877//4521 2878//4521 2879//4521
f 2879//4522 2880//4522 2877//4522
f 2877//4523 2880//4523 2881//4523
f 2877//4524 2881//4524 2873//4524
f 2873//4525 2881//4525 2882//4525
f 2873//4526 2882//4526 2871//4526
f 2831//4527 2883//4527 2832//4527
f 2832//4528 2883//4528 2884//4528
f 2832//4529 2884//4529 2875//4529
f 2875//4530 2884//4530 2885//4530
f 2875//4531 2885//4531 2876//4531
f 2886//4532 2887//4532 2848//4532
f 2848//4533 2887//4533 2888//4533
f 2848//4534 2888//4534 2850//4534
f 2841//4535 2843//4535 2848//4535
f 2848//4536 2843//4536 2889//4536
f 2848//4537 2889//4537 2886//4537
f 2890//4538 2845//4538 2838//4538
f 2838//4539 2845//4539 2847//4539
f 2838//4540 2847//4540 2839//4540
f 2890//4541 2891//4541 2845//4541
f 2845//4542 2891//4542 2892//4542
f 2845//4543 2892//4543 2843//4543
f 2843//4544 2892//4544 2893//4544
f 2843//4545 2893//4545 2889//4545
f 2833//4546 2835//4546 2836//4546
f 2836//4547 2835//4547 2894//4547
f 2836//4548 2894//4548 2895//4548
f 2895//4549 2896//4549 2836//4549
f 2836//4550 2896//4550 2897//4550
f 2836//4551 2897//4551 2838//4551
f 2838//4552 2897//4552 2898//4552
f 2838//4553 2898//4553 2890//4553
f 2855//4554 2851//4554 2853//4554
f 2853//4555 2851//4555 2850//4555
f 2853//4556 2850//4556 2857//4556
f 2857//4556 2850//4556 2899//4556
f 2857//4557 2899//4557 2861//4557
f 2861//4557 2899//4557 2900//4557
f 2861//4558 2900//4558 2866//4558
f 2866//4558 2900//4558 2901//4558
f 2888//4559 2830//4559 2850//4559
f 2850//4560 2830//4560 2832//4560
f 2850//4561 2832//4561 2899//4561
f 2899//4561 2832//4561 2875//4561
f 2899//4562 2875//4562 2900//4562
f 2900//4562 2875//4562 2877//4562
f 2900//4563 2877//4563 2901//4563
f 2901//4563 2877//4563 2873//4563
f 2902//4564 2903//4564 2904//4564
f 2905//4565 2906//4565 2907//4565
f 2908//4566 2909//4566 2910//4566
f 2911//4567 2912//4567 2913//4567
f 2914//4568 2915//4568 2916//4568
f 2917//4569 2914//4569 2918//4569
f 2918//4570 2914//4570 2916//4570
f 2918//4571 2916//4571 2919//4571
f 2919//4572 2916//4572 2920//4572
f 2919//4573 2920//4573 2921//4573
f 2922//4574 2923//4574 2924//4574
f 2924//4575 2923//4575 2925//4575
f 2924//4576 2925//4576 2926//4576
f 2926//4577 2925//4577 2927//4577
f 2926//4578 2927//4578 2928//4578
f 2929//4579 2930//4579 2907//4579
f 2907//4580 2930//4580 2922//4580
f 2931//4581 2932//4581 2933//4581
f 2933//4582 2932//4582 2934//4582
f 2933//4583 2934//4583 2929//4583
f 2935//4584 2936//4584 2937//4584
f 2937//4585 2936//4585 2938//4585
f 2937//4586 2938//4586 2939//4586
f 2939//4587 2938//4587 2940//4587
f 2940//4588 2938//4588 2941//4588
f 2940//4589 2941//4589 2942//4589
f 2943//4590 2944//4590 2945//4590
f 2945//4591 2944//4591 2946//4591
f 2946//4592 2947//4592 2945//4592
f 2945//4593 2947//4593 2948//4593
f 2945//4594 2948//4594 2941//4594
f 2941//4595 2948//4595 2949//4595
f 2941//4596 2949//4596 2942//4596
f 2950//4597 2951//4597 2952//4597
f 2952//4598 2951//4598 2953//4598
f 2952//4599 2953//4599 2864//4599
f 2913//4600 2912//4600 2952//4600
f 2952//4601 2912//4601 2954//4601
f 2952//4602 2954//4602 2950//4602
f 2909//4603 2908//4603 2955//4603
f 2908//4604 2956//4604 2955//4604
f 2955//4605 2956//4605 2957//4605
f 2955//4606 2957//4606 2913//4606
f 2913//4607 2957//4607 2958//4607
f 2913//4608 2958//4608 2911//4608
f 2929//4609 2907//4609 2933//4609
f 2933//4610 2907//4610 2906//4610
f 2933//4611 2906//4611 2959//4611
f 2922//4612 2924//4612 2907//4612
f 2907//4613 2924//4613 2960//4613
f 2907//4614 2960//4614 2905//4614
f 2961//4615 2926//4615 2920//4615
f 2920//4616 2926//4616 2928//4616
f 2920//4617 2928//4617 2921//4617
f 2961//4618 2962//4618 2926//4618
f 2926//4619 2962//4619 2963//4619
f 2926//4620 2963//4620 2924//4620
f 2924//4621 2963//4621 2964//4621
f 2924//4622 2964//4622 2960//4622
f 2915//4623 2902//4623 2916//4623
f 2916//4624 2902//4624 2904//4624
f 2916//4625 2904//4625 2920//4625
f 2920//4626 2904//4626 2965//4626
f 2920//4627 2965//4627 2961//4627
f 2935//4628 2932//4628 2936//4628
f 2936//4629 2932//4629 2931//4629
f 2936//4630 2931//4630 2938//4630
f 2938//4630 2931//4630 2966//4630
f 2938//4631 2966//4631 2941//4631
f 2941//4631 2966//4631 2967//4631
f 2941//4632 2967//4632 2945//4632
f 2945//4632 2967//4632 2968//4632
f 2959//4633 2969//4633 2933//4633
f 2933//4634 2969//4634 2910//4634
f 2933//4635 2910//4635 2931//4635
f 2931//4636 2910//4636 2909//4636
f 2931//4637 2909//4637 2966//4637
f 2966//4637 2909//4637 2955//4637
f 2966//4638 2955//4638 2967//4638
f 2967//4638 2955//4638 2913//4638
f 2967//4639 2913//4639 2968//4639
f 2968//4639 2913//4639 2952//4639
f 2970//4640 2971//4640 2972//4640
f 2973//4641 2974//4641 2975//4641
f 2976//4642 2977//4642 2978//4642
f 2977//4643 2979//4643 2978//4643
f 2978//4644 2979//4644 2980//4644
f 2978//4645 2980//4645 2981//4645
f 2982//4646 2983//4646 2984//4646
f 2984//4647 2983//4647 2985//4647
f 2984//4648 2985//4648 2986//4648
f 2987//4649 2988//4649 2989//4649
f 2989//4650 2988//4650 2990//4650
f 2989//4651 2990//4651 2991//4651
f 2991//4652 2990//4652 2992//4652
f 2991//4653 2992//4653 2993//4653
f 2994//4654 2995//4654 2996//4654
f 2996//4655 2995//4655 2997//4655
f 2996//4656 2997//4656 2987//4656
f 2998//4657 2999//4657 3000//4657
f 3000//4658 2999//4658 3001//4658
f 3000//4659 3001//4659 3002//4659
f 3002//4660 3001//4660 3003//4660
f 3003//4661 3001//4661 3004//4661
f 3003//4662 3004//4662 3005//4662
f 3006//4663 3007//4663 3008//4663
f 3008//4664 3007//4664 3009//4664
f 3009//4665 3010//4665 3008//4665
f 3008//4666 3010//4666 3011//4666
f 3008//4667 3011//4667 3004//4667
f 3004//4668 3011//4668 3012//4668
f 3004//4669 3012//4669 3005//4669
f 3013//4670 3014//4670 3015//4670
f 3015//4671 3014//4671 3016//4671
f 3015//4672 3016//4672 2943//4672
f 2975//4673 2974//4673 3015//4673
f 3015//4674 2974//4674 3017//4674
f 3015//4675 3017//4675 3013//4675
f 2971//4676 2970//4676 3018//4676
f 2970//4677 3019//4677 3018//4677
f 3018//4678 3019//4678 3020//4678
f 3018//4679 3020//4679 2975//4679
f 2975//4680 3020//4680 3021//4680
f 2975//4681 3021//4681 2973//4681
f 2987//4682 2989//4682 2996//4682
f 2996//4683 2989//4683 3022//4683
f 2996//4684 3022//4684 3023//4684
f 3024//4685 2991//4685 2985//4685
f 2985//4686 2991//4686 2993//4686
f 2985//4687 2993//4687 2986//4687
f 3024//4688 3025//4688 2991//4688
f 2991//4689 3025//4689 3026//4689
f 2991//4690 3026//4690 2989//4690
f 2989//4691 3026//4691 3027//4691
f 2989//4692 3027//4692 3022//4692
f 3028//4693 3029//4693 2983//4693
f 2983//4694 3029//4694 3030//4694
f 2983//4695 3030//4695 2985//4695
f 2985//4696 3030//4696 3031//4696
f 2985//4697 3031//4697 3024//4697
f 2982//4698 2976//4698 2983//4698
f 2983//4699 2976//4699 2978//4699
f 2983//4700 2978//4700 3028//4700
f 3028//4701 2978//4701 2981//4701
f 3028//4702 2981//4702 3032//4702
f 2998//4703 2995//4703 2999//4703
f 2999//4704 2995//4704 2994//4704
f 2999//4705 2994//4705 3001//4705
f 3001//4705 2994//4705 3033//4705
f 3001//4706 3033//4706 3004//4706
f 3004//4706 3033//4706 3034//4706
f 3004//4707 3034//4707 3008//4707
f 3008//4707 3034//4707 3035//4707
f 3023//4708 3036//4708 2996//4708
f 2996//4709 3036//4709 2972//4709
f 2996//4710 2972//4710 2994//4710
f 2994//4711 2972//4711 2971//4711
f 2994//4712 2971//4712 3033//4712
f 3033//4712 2971//4712 3018//4712
f 3033//4713 3018//4713 3034//4713
f 3034//4713 3018//4713 2975//4713
f 3034//4714 2975//4714 3035//4714
f 3035//4714 2975//4714 3015//4714
f 3037//4715 3038//4715 3039//4715
f 3040//4716 3041//4716 3042//4716
f 3043//4717 3044//4717 3040//4717
f 3045//4718 3046//4718 3043//4718
f 3043//4719 3046//4719 3047//4719
f 3043//4720 3047//4720 3044//4720
f 3048//4721 3049//4721 3050//4721
f 3050//4722 3049//4722 3051//4722
f 3050//4723 3051//4723 3052//4723
f 3052//4724 3051//4724 3053//4724
f 3052//4725 3053//4725 3054//4725
f 3055//4726 3056//4726 3048//4726
f 3057//4727 3058//4727 3055//4727
f 3055//4728 3058//4728 3059//4728
f 3055//4729 3059//4729 3056//4729
f 3060//4730 3061//4730 3062//4730
f 3061//4731 3060//4731 3063//4731
f 3063//4732 3060//4732 3064//4732
f 3063//4733 3064//4733 3065//4733
f 3066//4734 3067//4734 3068//4734
f 3068//4735 3067//4735 3069//4735
f 3068//4736 3069//4736 3064//4736
f 3064//4737 3069//4737 3070//4737
f 3064//4738 3070//4738 3065//4738
f 3071//4739 3072//4739 3073//4739
f 3073//4740 3072//4740 3074//4740
f 3074//4741 3075//4741 3073//4741
f 3073//4742 3075//4742 3076//4742
f 3073//4743 3076//4743 3068//4743
f 3068//4744 3076//4744 3077//4744
f 3068//4745 3077//4745 3066//4745
f 3078//4746 3079//4746 3080//4746
f 3080//4747 3079//4747 3081//4747
f 3080//4748 3081//4748 3006//4748
f 3082//4749 3083//4749 3084//4749
f 3084//4750 3083//4750 3085//4750
f 3084//4751 3085//4751 3086//4751
f 3086//4752 3087//4752 3084//4752
f 3084//4753 3087//4753 3088//4753
f 3084//4754 3088//4754 3080//4754
f 3080//4755 3088//4755 3089//4755
f 3080//4756 3089//4756 3078//4756
f 3038//4757 3090//4757 3039//4757
f 3039//4758 3090//4758 3091//4758
f 3039//4759 3091//4759 3082//4759
f 3082//4760 3091//4760 3092//4760
f 3082//4761 3092//4761 3083//4761
f 3093//4762 3094//4762 3055//4762
f 3055//4763 3094//4763 3095//4763
f 3055//4764 3095//4764 3057//4764
f 3048//4765 3050//4765 3055//4765
f 3055//4766 3050//4766 3096//4766
f 3055//4767 3096//4767 3093//4767
f 3097//4768 3052//4768 3045//4768
f 3045//4769 3052//4769 3054//4769
f 3045//4770 3054//4770 3046//4770
f 3097//4771 3098//4771 3052//4771
f 3052//4772 3098//4772 3099//4772
f 3052//4773 3099//4773 3050//4773
f 3050//4774 3099//4774 3100//4774
f 3050//4775 3100//4775 3096//4775
f 3040//4776 3042//4776 3043//4776
f 3043//4777 3042//4777 3101//4777
f 3043//4778 3101//4778 3102//4778
f 3102//4779 3103//4779 3043//4779
f 3043//4780 3103//4780 3104//4780
f 3043//4781 3104//4781 3045//4781
f 3045//4782 3104//4782 3105//4782
f 3045//4783 3105//4783 3097//4783
f 3062//4784 3058//4784 3060//4784
f 3060//4785 3058//4785 3057//4785
f 3060//4786 3057//4786 3064//4786
f 3064//4786 3057//4786 3106//4786
f 3064//4787 3106//4787 3068//4787
f 3068//4788 3106//4788 3107//4788
f 3068//4789 3107//4789 3073//4789
f 3073//4789 3107//4789 3108//4789
f 3095//4790 3037//4790 3057//4790
f 3057//4791 3037//4791 3039//4791
f 3057//4792 3039//4792 3106//4792
f 3106//4792 3039//4792 3082//4792
f 3106//4793 3082//4793 3107//4793
f 3107//4793 3082//4793 3084//4793
f 3107//4794 3084//4794 3108//4794
f 3108//4795 3084//4795 3080//4795
f 3109//4796 3110//4796 3111//4796
f 3112//4797 3113//4797 3114//4797
f 3115//4798 3116//4798 3117//4798
f 3118//4799 3119//4799 3120//4799
f 3121//4800 3122//4800 3123//4800
f 3123//4801 3122//4801 3124//4801
f 3123//4802 3124//4802 3125//4802
f 3126//4803 3127//4803 3111//4803
f 3111//4804 3127//4804 3128//4804
f 3111//4805 3128//4805 3129//4805
f 3129//4806 3128//4806 3130//4806
f 3129//4807 3130//4807 3131//4807
f 3132//4808 3133//4808 3134//4808
f 3133//4809 3132//4809 3135//4809
f 3135//4810 3132//4810 3136//4810
f 3135//4811 3136//4811 3137//4811
f 3138//4812 3139//4812 3140//4812
f 3140//4813 3139//4813 3141//4813
f 3140//4814 3141//4814 3136//4814
f 3136//4815 3141//4815 3142//4815
f 3136//4816 3142//4816 3137//4816
f 3143//4817 3144//4817 3145//4817
f 3145//4818 3144//4818 3146//4818
f 3146//4819 3147//4819 3145//4819
f 3145//4820 3147//4820 3148//4820
f 3145//4821 3148//4821 3140//4821
f 3140//4822 3148//4822 3149//4822
f 3140//4823 3149//4823 3138//4823
f 3150//4824 3151//4824 3152//4824
f 3152//4825 3151//4825 3153//4825
f 3152//4826 3153//4826 3071//4826
f 3154//4827 3155//4827 3156//4827
f 3156//4828 3155//4828 3157//4828
f 3156//4829 3157//4829 3158//4829
f 3158//4830 3159//4830 3156//4830
f 3156//4831 3159//4831 3160//4831
f 3156//4832 3160//4832 3152//4832
f 3152//4833 3160//4833 3161//4833
f 3152//4834 3161//4834 3150//4834
f 3113//4835 3162//4835 3114//4835
f 3114//4836 3162//4836 3163//4836
f 3114//4837 3163//4837 3154//4837
f 3154//4838 3163//4838 3164//4838
f 3154//4839 3164//4839 3155//4839
f 3110//4840 3165//4840 3111//4840
f 3111//4841 3165//4841 3166//4841
f 3111//4842 3166//4842 3126//4842
f 3167//4843 3129//4843 3124//4843
f 3124//4844 3129//4844 3131//4844
f 3124//4845 3131//4845 3125//4845
f 3167//4846 3168//4846 3129//4846
f 3129//4847 3168//4847 3169//4847
f 3129//4848 3169//4848 3111//4848
f 3111//4849 3169//4849 3170//4849
f 3111//4850 3170//4850 3109//4850
f 3171//4851 3122//4851 3117//4851
f 3117//4852 3122//4852 3121//4852
f 3117//4853 3121//4853 3115//4853
f 3171//4854 3172//4854 3122//4854
f 3122//4855 3172//4855 3173//4855
f 3122//4856 3173//4856 3124//4856
f 3124//4857 3173//4857 3174//4857
f 3124//4858 3174//4858 3167//4858
f 3116//4859 3118//4859 3117//4859
f 3117//4860 3118//4860 3120//4860
f 3117//4861 3120//4861 3171//4861
f 3171//4862 3120//4862 3175//4862
f 3171//4863 3175//4863 3176//4863
f 3176//4864 3175//4864 3177//4864
f 3134//4865 3166//4865 3132//4865
f 3132//4866 3166//4866 3165//4866
f 3132//4867 3165//4867 3136//4867
f 3136//4867 3165//4867 3178//4867
f 3136//4868 3178//4868 3140//4868
f 3140//4868 3178//4868 3179//4868
f 3140//4869 3179//4869 3145//4869
f 3145//4869 3179//4869 3180//4869
f 3110//4870 3112//4870 3165//4870
f 3165//4871 3112//4871 3114//4871
f 3165//4872 3114//4872 3178//4872
f 3178//4872 3114//4872 3154//4872
f 3178//4873 3154//4873 3179//4873
f 3179//4873 3154//4873 3156//4873
f 3179//4874 3156//4874 3180//4874
f 3180//4874 3156//4874 3152//4874
f 3181//4875 3182//4875 3183//4875
f 3184//4876 3185//4876 3186//4876
f 3187//4877 3188//4877 3189//4877
f 3190//4878 3187//4878 3191//4878
f 3191//4879 3187//4879 3189//4879
f 3191//4880 3189//4880 3192//4880
f 3186//4881 3185//4881 3189//4881
f 3189//4882 3185//4882 3193//4882
f 3189//4883 3193//4883 3192//4883
f 3194//4884 3195//4884 3196//4884
f 3196//4885 3195//4885 3197//4885
f 3196//4886 3197//4886 3198//4886
f 3198//4887 3197//4887 3199//4887
f 3200//4888 3201//4888 3199//4888
f 3202//4889 3203//4889 3200//4889
f 3200//4890 3203//4890 3204//4890
f 3200//4891 3204//4891 3201//4891
f 3205//4892 3206//4892 3207//4892
f 3206//4893 3205//4893 3208//4893
f 3208//4894 3205//4894 3209//4894
f 3208//4895 3209//4895 3210//4895
f 3211//4896 3212//4896 3213//4896
f 3213//4897 3212//4897 3214//4897
f 3213//4898 3214//4898 3209//4898
f 3209//4899 3214//4899 3215//4899
f 3209//4900 3215//4900 3210//4900
f 3216//4901 3217//4901 3218//4901
f 3218//4902 3217//4902 3219//4902
f 3219//4903 3220//4903 3218//4903
f 3218//4904 3220//4904 3221//4904
f 3218//4905 3221//4905 3213//4905
f 3213//4906 3221//4906 3222//4906
f 3213//4907 3222//4907 3211//4907
f 3223//4908 3224//4908 3225//4908
f 3225//4909 3224//4909 3226//4909
f 3225//4910 3226//4910 3143//4910
f 3227//4911 3228//4911 3229//4911
f 3229//4912 3228//4912 3230//4912
f 3229//4913 3230//4913 3231//4913
f 3231//4914 3232//4914 3229//4914
f 3229//4915 3232//4915 3233//4915
f 3229//4916 3233//4916 3225//4916
f 3225//4917 3233//4917 3234//4917
f 3225//4918 3234//4918 3223//4918
f 3182//4919 3235//4919 3183//4919
f 3183//4920 3235//4920 3236//4920
f 3183//4921 3236//4921 3227//4921
f 3227//4922 3236//4922 3237//4922
f 3227//4923 3237//4923 3228//4923
f 3238//4924 3239//4924 3200//4924
f 3200//4925 3239//4925 3240//4925
f 3200//4926 3240//4926 3202//4926
f 3199//4927 3197//4927 3200//4927
f 3200//4928 3197//4928 3241//4928
f 3200//4929 3241//4929 3238//4929
f 3242//4930 3243//4930 3186//4930
f 3186//4931 3243//4931 3195//4931
f 3186//4932 3195//4932 3184//4932
f 3184//4933 3195//4933 3194//4933
f 3243//4934 3244//4934 3195//4934
f 3195//4935 3244//4935 3245//4935
f 3195//4936 3245//4936 3197//4936
f 3197//4937 3245//4937 3246//4937
f 3197//4938 3246//4938 3241//4938
f 3242//4939 3186//4939 3247//4939
f 3247//4940 3186//4940 3189//4940
f 3247//4941 3189//4941 3248//4941
f 3248//4942 3189//4942 3188//4942
f 3248//4943 3188//4943 3249//4943
f 3207//4944 3203//4944 3205//4944
f 3205//4945 3203//4945 3202//4945
f 3205//4946 3202//4946 3209//4946
f 3209//4946 3202//4946 3250//4946
f 3209//4947 3250//4947 3213//4947
f 3213//4947 3250//4947 3251//4947
f 3213//4948 3251//4948 3218//4948
f 3218//4948 3251//4948 3252//4948
f 3240//4949 3181//4949 3202//4949
f 3202//4950 3181//4950 3183//4950
f 3202//4951 3183//4951 3250//4951
f 3250//4951 3183//4951 3227//4951
f 3250//4952 3227//4952 3251//4952
f 3251//4952 3227//4952 3229//4952
f 3251//4953 3229//4953 3252//4953
f 3252//4953 3229//4953 3225//4953
f 3253//4954 3254//4954 3255//4954
f 3256//4955 3257//4955 3258//4955
f 3259//4956 3260//4956 3261//4956
f 3262//4957 3263//4957 3264//4957
f 3264//4958 3263//4958 3265//4958
f 3264//4959 3265//4959 3266//4959
f 3267//4960 3268//4960 3269//4960
f 3269//4961 3268//4961 3270//4961
f 3269//4962 3270//4962 3271//4962
f 3271//4963 3270//4963 3272//4963
f 3271//4964 3272//4964 3273//4964
f 3274//4965 3275//4965 3276//4965
f 3276//4966 3275//4966 3277//4966
f 3276//4967 3277//4967 3267//4967
f 3278//4968 3279//4968 3280//4968
f 3280//4969 3279//4969 3281//4969
f 3280//4970 3281//4970 3282//4970
f 3282//4971 3281//4971 3283//4971
f 3283//4972 3281//4972 3284//4972
f 3283//4973 3284//4973 3285//4973
f 3286//4974 3287//4974 3288//4974
f 3288//4975 3287//4975 3289//4975
f 3289//4976 3290//4976 3288//4976
f 3288//4977 3290//4977 3291//4977
f 3288//4978 3291//4978 3284//4978
f 3284//4979 3291//4979 3292//4979
f 3284//4980 3292//4980 3285//4980
f 3293//4981 3294//4981 3295//4981
f 3295//4982 3294//4982 3296//4982
f 3295//4983 3296//4983 3216//4983
f 3258//4984 3257//4984 3295//4984
f 3295//4985 3257//4985 3297//4985
f 3295//4986 3297//4986 3293//4986
f 3254//4987 3253//4987 3298//4987
f 3253//4988 3299//4988 3298//4988
f 3298//4989 3299//4989 3300//4989
f 3298//4990 3300//4990 3258//4990
f 3258//4991 3300//4991 3301//4991
f 3258//4992 3301//4992 3256//4992
f 3267//4993 3269//4993 3276//4993
f 3276//4994 3269//4994 3302//4994
f 3276//4995 3302//4995 3303//4995
f 3304//4996 3271//4996 3265//4996
f 3265//4997 3271//4997 3273//4997
f 3265//4998 3273//4998 3266//4998
f 3304//4999 3305//4999 3271//4999
f 3271//5000 3305//5000 3306//5000
f 3271//5001 3306//5001 3269//5001
f 3269//5002 3306//5002 3307//5002
f 3269//5003 3307//5003 3302//5003
f 3308//5004 3309//5004 3263//5004
f 3263//5005 3309//5005 3310//5005
f 3263//5006 3310//5006 3265//5006
f 3265//5007 3310//5007 3311//5007
f 3265//5008 3311//5008 3304//5008
f 3260//5009 3312//5009 3261//5009
f 3261//5010 3312//5010 3313//5010
f 3261//5011 3313//5011 3314//5011
f 3262//5012 3259//5012 3263//5012
f 3263//5013 3259//5013 3261//5013
f 3263//5014 3261//5014 3308//5014
f 3308//5015 3261//5015 3314//5015
f 3308//5016 3314//5016 3315//5016
f 3278//5017 3275//5017 3279//5017
f 3279//5018 3275//5018 3274//5018
f 3279//5019 3274//5019 3281//5019
f 3281//5019 3274//5019 3316//5019
f 3281//5020 3316//5020 3284//5020
f 3284//5020 3316//5020 3317//5020
f 3284//5021 3317//5021 3288//5021
f 3288//5021 3317//5021 3318//5021
f 3303//5022 3319//5022 3276//5022
f 3276//5023 3319//5023 3255//5023
f 3276//5024 3255//5024 3274//5024
f 3274//5025 3255//5025 3254//5025
f 3274//5026 3254//5026 3316//5026
f 3316//5026 3254//5026 3298//5026
f 3316//5027 3298//5027 3317//5027
f 3317//5027 3298//5027 3258//5027
f 3317//5028 3258//5028 3318//5028
f 3318//5028 3258//5028 3295//5028
f 3320//5029 3321//5029 3322//5029
f 3323//5030 3324//5030 3325//5030
f 3326//5031 3327//5031 3328//5031
f 3327//5032 3326//5032 3329//5032
f 3329//5033 3326//5033 3330//5033
f 3329//5034 3330//5034 3331//5034
f 3332//5035 3333//5035 3334//5035
f 3334//5036 3333//5036 3335//5036
f 3334//5037 3335//5037 3336//5037
f 3336//5038 3335//5038 3337//5038
f 3336//5039 3337//5039 3338//5039
f 3339//5040 3340//5040 3341//5040
f 3341//5041 3340//5041 3342//5041
f 3341//5042 3342//5042 3332//5042
f 3343//5043 3344//5043 3345//5043
f 3345//5044 3344//5044 3346//5044
f 3345//5045 3346//5045 3347//5045
f 3347//5046 3346//5046 3348//5046
f 3348//5047 3346//5047 3349//5047
f 3348//5048 3349//5048 3350//5048
f 3351//5049 3352//5049 3353//5049
f 3353//5050 3352//5050 3354//5050
f 3354//5051 3355//5051 3353//5051
f 3353//5052 3355//5052 3356//5052
f 3353//5053 3356//5053 3349//5053
f 3349//5054 3356//5054 3357//5054
f 3349//5055 3357//5055 3350//5055
f 3358//5056 3359//5056 3360//5056
f 3360//5057 3359//5057 3361//5057
f 3360//5058 3361//5058 3286//5058
f 3325//5059 3324//5059 3360//5059
f 3360//5060 3324//5060 3362//5060
f 3360//5061 3362//5061 3358//5061
f 3321//5062 3320//5062 3363//5062
f 3320//5063 3364//5063 3363//5063
f 3363//5064 3364//5064 3365//5064
f 3363//5065 3365//5065 3325//5065
f 3325//5066 3365//5066 3366//5066
f 3325//5067 3366//5067 3323//5067
f 3332//5068 3334//5068 3341//5068
f 3341//5069 3334//5069 3367//5069
f 3341//5070 3367//5070 3368//5070
f 3369//5071 3336//5071 3330//5071
f 3330//5072 3336//5072 3338//5072
f 3330//5073 3338//5073 3331//5073
f 3369//5074 3370//5074 3336//5074
f 3336//5075 3370//5075 3371//5075
f 3336//5076 3371//5076 3334//5076
f 3334//5077 3371//5077 3372//5077
f 3334//5078 3372//5078 3367//5078
f 3373//5079 3326//5079 3374//5079
f 3374//5080 3326//5080 3328//5080
f 3374//5081 3328//5081 3375//5081
f 3373//5082 3376//5082 3326//5082
f 3326//5083 3376//5083 3377//5083
f 3326//5084 3377//5084 3330//5084
f 3330//5085 3377//5085 3378//5085
f 3330//5086 3378//5086 3369//5086
f 3375//5087 3379//5087 3374//5087
f 3374//5088 3379//5088 3380//5088
f 3374//5089 3380//5089 3373//5089
f 3373//5090 3380//5090 3381//5090
f 3373//5091 3381//5091 3382//5091
f 3343//5092 3340//5092 3344//5092
f 3344//5093 3340//5093 3339//5093
f 3344//5094 3339//5094 3346//5094
f 3346//5094 3339//5094 3383//5094
f 3346//5095 3383//5095 3349//5095
f 3349//5095 3383//5095 3384//5095
f 3349//5096 3384//5096 3353//5096
f 3353//5096 3384//5096 3385//5096
f 3368//5097 3386//5097 3341//5097
f 3341//5098 3386//5098 3322//5098
f 3341//5099 3322//5099 3339//5099
f 3339//5100 3322//5100 3321//5100
f 3339//5101 3321//5101 3383//5101
f 3383//5101 3321//5101 3363//5101
f 3383//5102 3363//5102 3384//5102
f 3384//5102 3363//5102 3325//5102
f 3384//5103 3325//5103 3385//5103
f 3385//5103 3325//5103 3360//5103
f 3387//5104 3388//5104 3389//5104
f 3390//5105 3391//5105 3392//5105
f 3393//5106 3394//5106 3395//5106
f 3396//5107 3393//5107 3397//5107
f 3397//5108 3393//5108 3395//5108
f 3397//5109 3395//5109 3398//5109
f 3392//5110 3391//5110 3395//5110
f 3395//5111 3391//5111 3399//5111
f 3395//5112 3399//5112 3398//5112
f 3400//5113 3401//5113 3402//5113
f 3402//5114 3401//5114 3403//5114
f 3402//5115 3403//5115 3404//5115
f 3404//5116 3403//5116 3405//5116
f 3406//5117 3407//5117 3405//5117
f 3408//5118 3409//5118 3406//5118
f 3406//5119 3409//5119 3410//5119
f 3406//5120 3410//5120 3407//5120
f 3411//5121 3412//5121 3413//5121
f 3412//5122 3411//5122 3414//5122
f 3414//5123 3411//5123 3415//5123
f 3414//5124 3415//5124 3416//5124
f 3417//5125 3418//5125 3419//5125
f 3419//5126 3418//5126 3420//5126
f 3419//5127 3420//5127 3415//5127
f 3415//5128 3420//5128 3421//5128
f 3415//5129 3421//5129 3416//5129
f 3422//5130 3423//5130 3424//5130
f 3424//5131 3423//5131 3425//5131
f 3425//5132 3426//5132 3424//5132
f 3424//5133 3426//5133 3427//5133
f 3424//5134 3427//5134 3419//5134
f 3419//5135 3427//5135 3428//5135
f 3419//5136 3428//5136 3417//5136
f 3429//5137 3430//5137 3431//5137
f 3431//5138 3430//5138 3432//5138
f 3431//5139 3432//5139 3351//5139
f 3433//5140 3434//5140 3435//5140
f 3435//5141 3434//5141 3436//5141
f 3435//5142 3436//5142 3437//5142
f 3437//5143 3438//5143 3435//5143
f 3435//5144 3438//5144 3439//5144
f 3435//5145 3439//5145 3431//5145
f 3431//5146 3439//5146 3440//5146
f 3431//5147 3440//5147 3429//5147
f 3388//5148 3441//5148 3389//5148
f 3389//5149 3441//5149 3442//5149
f 3389//5150 3442//5150 3433//5150
f 3433//5151 3442//5151 3443//5151
f 3433//5152 3443//5152 3434//5152
f 3444//5153 3445//5153 3406//5153
f 3406//5154 3445//5154 3446//5154
f 3406//5155 3446//5155 3408//5155
f 3405//5156 3403//5156 3406//5156
f 3406//5157 3403//5157 3447//5157
f 3406//5158 3447//5158 3444//5158
f 3448//5159 3449//5159 3392//5159
f 3392//5160 3449//5160 3401//5160
f 3392//5161 3401//5161 3390//5161
f 3390//5162 3401//5162 3400//5162
f 3449//5163 3450//5163 3401//5163
f 3401//5164 3450//5164 3451//5164
f 3401//5165 3451//5165 3403//5165
f 3403//5166 3451//5166 3452//5166
f 3403//5167 3452//5167 3447//5167
f 3448//5168 3392//5168 3453//5168
f 3453//5169 3392//5169 3395//5169
f 3453//5170 3395//5170 3454//5170
f 3454//5171 3395//5171 3394//5171
f 3454//5172 3394//5172 3455//5172
f 3413//5173 3409//5173 3411//5173
f 3411//5174 3409//5174 3408//5174
f 3411//5175 3408//5175 3415//5175
f 3415//5176 3408//5176 3456//5176
f 3415//5177 3456//5177 3419//5177
f 3419//5177 3456//5177 3457//5177
f 3419//5178 3457//5178 3424//5178
f 3424//5178 3457//5178 3458//5178
f 3446//5179 3387//5179 3408//5179
f 3408//5180 3387//5180 3389//5180
f 3408//5181 3389//5181 3456//5181
f 3456//5181 3389//5181 3433//5181
f 3456//5182 3433//5182 3457//5182
f 3457//5182 3433//5182 3435//5182
f 3457//5183 3435//5183 3458//5183
f 3458//5183 3435//5183 3431//5183
f 3459//5184 3460//5184 3461//5184
f 3462//5185 3463//5185 3464//5185
f 3465//5186 3466//5186 3462//5186
f 3467//5187 3468//5187 3465//5187
f 3465//5188 3468//5188 3469//5188
f 3465//5189 3469//5189 3466//5189
f 3470//5190 3471//5190 3472//5190
f 3472//5191 3471//5191 3473//5191
f 3472//5192 3473//5192 3474//5192
f 3474//5193 3473//5193 3475//5193
f 3474//5194 3475//5194 3476//5194
f 3477//5195 3478//5195 3470//5195
f 3479//5196 3480//5196 3477//5196
f 3477//5197 3480//5197 3481//5197
f 3477//5198 3481//5198 3478//5198
f 3482//5199 3483//5199 3484//5199
f 3483//5200 3482//5200 3485//5200
f 3485//5201 3482//5201 3486//5201
f 3485//5202 3486//5202 3487//5202
f 3488//5203 3489//5203 3490//5203
f 3490//5204 3489//5204 3491//5204
f 3490//5205 3491//5205 3486//5205
f 3486//5206 3491//5206 3492//5206
f 3486//5207 3492//5207 3487//5207
f 3493//5208 3494//5208 3495//5208
f 3495//5209 3494//5209 3496//5209
f 3496//5210 3497//5210 3495//5210
f 3495//5211 3497//5211 3498//5211
f 3495//5212 3498//5212 3490//5212
f 3490//5213 3498//5213 3499//5213
f 3490//5214 3499//5214 3488//5214
f 3500//5215 3501//5215 3502//5215
f 3502//5216 3501//5216 3503//5216
f 3502//5217 3503//5217 3422//5217
f 3504//5218 3505//5218 3506//5218
f 3506//5219 3505//5219 3507//5219
f 3506//5220 3507//5220 3508//5220
f 3508//5221 3509//5221 3506//5221
f 3506//5222 3509//5222 3510//5222
f 3506//5223 3510//5223 3502//5223
f 3502//5224 3510//5224 3511//5224
f 3502//5225 3511//5225 3500//5225
f 3460//5226 3512//5226 3461//5226
f 3461//5227 3512//5227 3513//5227
f 3461//5228 3513//5228 3504//5228
f 3504//5229 3513//5229 3514//5229
f 3504//5230 3514//5230 3505//5230
f 3515//5231 3516//5231 3477//5231
f 3477//5232 3516//5232 3517//5232
f 3477//5233 3517//5233 3479//5233
f 3470//5234 3472//5234 3477//5234
f 3477//5235 3472//5235 3518//5235
f 3477//5236 3518//5236 3515//5236
f 3519//5237 3474//5237 3467//5237
f 3467//5238 3474//5238 3476//5238
f 3467//5239 3476//5239 3468//5239
f 3519//5240 3520//5240 3474//5240
f 3474//5241 3520//5241 3521//5241
f 3474//5242 3521//5242 3472//5242
f 3472//5243 3521//5243 3522//5243
f 3472//5244 3522//5244 3518//5244
f 3462//5245 3464//5245 3465//5245
f 3465//5246 3464//5246 3523//5246
f 3465//5247 3523//5247 3524//5247
f 3524//5248 3525//5248 3465//5248
f 3465//5249 3525//5249 3526//5249
f 3465//5250 3526//5250 3467//5250
f 3467//5251 3526//5251 3527//5251
f 3467//5252 3527//5252 3519//5252
f 3484//5253 3480//5253 3482//5253
f 3482//5254 3480//5254 3479//5254
f 3482//5255 3479//5255 3486//5255
f 3486//5255 3479//5255 3528//5255
f 3486//5256 3528//5256 3490//5256
f 3490//5256 3528//5256 3529//5256
f 3490//5257 3529//5257 3495//5257
f 3495//5257 3529//5257 3530//5257
f 3517//5258 3459//5258 3479//5258
f 3479//5259 3459//5259 3461//5259
f 3479//5260 3461//5260 3528//5260
f 3528//5260 3461//5260 3504//5260
f 3528//5261 3504//5261 3529//5261
f 3529//5261 3504//5261 3506//5261
f 3529//5262 3506//5262 3530//5262
f 3530//5262 3506//5262 3502//5262
f 3531//5263 3532//5263 3533//5263
f 3534//5264 3535//5264 3536//5264
f 3537//5265 3538//5265 3539//5265
f 3538//5266 3537//5266 3540//5266
f 3540//5267 3537//5267 3541//5267
f 3540//5268 3541//5268 3542//5268
f 3543//5269 3544//5269 3545//5269
f 3545//5270 3544//5270 3546//5270
f 3545//5271 3546//5271 3547//5271
f 3547//5272 3546//5272 3548//5272
f 3547//5273 3548//5273 3549//5273
f 3550//5274 3551//5274 3552//5274
f 3552//5275 3551//5275 3553//5275
f 3552//5276 3553//5276 3543//5276
f 3554//5277 3555//5277 3556//5277
f 3556//5278 3555//5278 3557//5278
f 3556//5279 3557//5279 3558//5279
f 3558//5280 3557//5280 3559//5280
f 3559//5281 3557//5281 3560//5281
f 3559//5282 3560//5282 3561//5282
f 3562//5283 3563//5283 3564//5283
f 3564//5284 3563//5284 3565//5284
f 3565//5285 3566//5285 3564//5285
f 3564//5286 3566//5286 3567//5286
f 3564//5287 3567//5287 3560//5287
f 3560//5288 3567//5288 3568//5288
f 3560//5289 3568//5289 3561//5289
f 3569//5290 3570//5290 3571//5290
f 3571//5291 3570//5291 3572//5291
f 3571//5292 3572//5292 3493//5292
f 3536//5293 3535//5293 3571//5293
f 3571//5294 3535//5294 3573//5294
f 3571//5295 3573//5295 3569//5295
f 3532//5296 3531//5296 3574//5296
f 3531//5297 3575//5297 3574//5297
f 3574//5298 3575//5298 3576//5298
f 3574//5299 3576//5299 3536//5299
f 3536//5300 3576//5300 3577//5300
f 3536//5301 3577//5301 3534//5301
f 3543//5302 3545//5302 3552//5302
f 3552//5303 3545//5303 3578//5303
f 3552//5304 3578//5304 3579//5304
f 3580//5305 3547//5305 3541//5305
f 3541//5306 3547//5306 3549//5306
f 3541//5307 3549//5307 3542//5307
f 3580//5308 3581//5308 3547//5308
f 3547//5309 3581//5309 3582//5309
f 3547//5310 3582//5310 3545//5310
f 3545//5311 3582//5311 3583//5311
f 3545//5312 3583//5312 3578//5312
f 3584//5313 3537//5313 3585//5313
f 3585//5314 3537//5314 3539//5314
f 3585//5315 3539//5315 3586//5315
f 3584//5316 3587//5316 3537//5316
f 3537//5317 3587//5317 3588//5317
f 3537//5318 3588//5318 3541//5318
f 3541//5319 3588//5319 3589//5319
f 3541//5320 3589//5320 3580//5320
f 3586//5321 3590//5321 3585//5321
f 3585//5322 3590//5322 3591//5322
f 3585//5323 3591//5323 3584//5323
f 3584//5324 3591//5324 3592//5324
f 3584//5325 3592//5325 3593//5325
f 3554//5326 3551//5326 3555//5326
f 3555//5327 3551//5327 3550//5327
f 3555//5328 3550//5328 3557//5328
f 3557//5328 3550//5328 3594//5328
f 3557//5329 3594//5329 3560//5329
f 3560//5329 3594//5329 3595//5329
f 3560//5330 3595//5330 3564//5330
f 3564//5330 3595//5330 3596//5330
f 3579//5331 3597//5331 3552//5331
f 3552//5332 3597//5332 3533//5332
f 3552//5333 3533//5333 3550//5333
f 3550//5334 3533//5334 3532//5334
f 3550//5335 3532//5335 3594//5335
f 3594//5335 3532//5335 3574//5335
f 3594//5336 3574//5336 3595//5336
f 3595//5336 3574//5336 3536//5336
f 3595//5337 3536//5337 3596//5337
f 3596//5337 3536//5337 3571//5337
f 3598//5338 3599//5338 3600//5338
f 3601//5339 3602//5339 3603//5339
f 3604//5340 3605//5340 3606//5340
f 3605//5341 3604//5341 3607//5341
f 3607//5342 3604//5342 3608//5342
f 3607//5343 3608//5343 3609//5343
f 3610//5344 3611//5344 3612//5344
f 3612//5345 3611//5345 3613//5345
f 3612//5346 3613//5346 3614//5346
f 3614//5347 3613//5347 3615//5347
f 3614//5348 3615//5348 3616//5348
f 3617//5349 3618//5349 3619//5349
f 3619//5350 3618//5350 3620//5350
f 3619//5351 3620//5351 3610//5351
f 3621//5352 3622//5352 3623//5352
f 3623//5353 3622//5353 3624//5353
f 3623//5354 3624//5354 3625//5354
f 3625//5355 3624//5355 3626//5355
f 3626//5356 3624//5356 3627//5356
f 3626//5357 3627//5357 3628//5357
f 3629//5358 3630//5358 3631//5358
f 3631//5359 3630//5359 3632//5359
f 3632//5360 3633//5360 3631//5360
f 3631//5361 3633//5361 3634//5361
f 3631//5362 3634//5362 3627//5362
f 3627//5363 3634//5363 3635//5363
f 3627//5364 3635//5364 3628//5364
f 3636//5365 3637//5365 3638//5365
f 3638//5366 3637//5366 3639//5366
f 3638//5367 3639//5367 3562//5367
f 3603//5368 3602//5368 3638//5368
f 3638//5369 3602//5369 3640//5369
f 3638//5370 3640//5370 3636//5370
f 3599//5371 3598//5371 3641//5371
f 3598//5372 3642//5372 3641//5372
f 3641//5373 3642//5373 3643//5373
f 3641//5374 3643//5374 3603//5374
f 3603//5375 3643//5375 3644//5375
f 3603//5376 3644//5376 3601//5376
f 3610//5377 3612//5377 3619//5377
f 3619//5378 3612//5378 3645//5378
f 3619//5379 3645//5379 3646//5379
f 3647//5380 3614//5380 3608//5380
f 3608//5381 3614//5381 3616//5381
f 3608//5382 3616//5382 3609//5382
f 3647//5383 3648//5383 3614//5383
f 3614//5384 3648//5384 3649//5384
f 3614//5385 3649//5385 3612//5385
f 3612//5386 3649//5386 3650//5386
f 3612//5387 3650//5387 3645//5387
f 3651//5388 3604//5388 3652//5388
f 3652//5389 3604//5389 3606//5389
f 3652//5390 3606//5390 3653//5390
f 3651//5391 3654//5391 3604//5391
f 3604//5392 3654//5392 3655//5392
f 3604//5393 3655//5393 3608//5393
f 3608//5394 3655//5394 3656//5394
f 3608//5395 3656//5395 3647//5395
f 3657//5396 3651//5396 3658//5396
f 3658//5397 3651//5397 3652//5397
f 3658//5398 3652//5398 3659//5398
f 3659//5399 3652//5399 3653//5399
f 3659//5400 3653//5400 3660//5400
f 3621//5401 3618//5401 3622//5401
f 3622//5402 3618//5402 3617//5402
f 3622//5403 3617//5403 3624//5403
f 3624//5403 3617//5403 3661//5403
f 3624//5404 3661//5404 3627//5404
f 3627//5404 3661//5404 3662//5404
f 3627//5405 3662//5405 3631//5405
f 3631//5405 3662//5405 3663//5405
f 3646//5406 3664//5406 3619//5406
f 3619//5407 3664//5407 3600//5407
f 3619//5408 3600//5408 3617//5408
f 3617//5409 3600//5409 3599//5409
f 3617//5410 3599//5410 3661//5410
f 3661//5410 3599//5410 3641//5410
f 3661//5411 3641//5411 3662//5411
f 3662//5411 3641//5411 3603//5411
f 3662//5412 3603//5412 3663//5412
f 3663//5412 3603//5412 3638//5412
f 3665//5413 3666//5413 3667//5413
f 3668//5414 3669//5414 3670//5414
f 3671//5415 3672//5415 3673//5415
f 3674//5416 3675//5416 3676//5416
f 3676//5417 3675//5417 3677//5417
f 3676//5418 3677//5418 3678//5418
f 3679//5419 3680//5419 3681//5419
f 3681//5420 3680//5420 3682//5420
f 3681//5421 3682//5421 3683//5421
f 3683//5422 3682//5422 3684//5422
f 3683//5423 3684//5423 3685//5423
f 3686//5424 3687//5424 3688//5424
f 3688//5425 3687//5425 3689//5425
f 3688//5426 3689//5426 3679//5426
f 3690//5427 3691//5427 3692//5427
f 3692//5428 3691//5428 3693//5428
f 3692//5429 3693//5429 3694//5429
f 3694//5430 3693//5430 3695//5430
f 3695//5431 3693//5431 3696//5431
f 3695//5432 3696//5432 3697//5432
f 3698//5433 3699//5433 3700//5433
f 3700//5434 3699//5434 3701//5434
f 3701//5435 3702//5435 3700//5435
f 3700//5436 3702//5436 3703//5436
f 3700//5437 3703//5437 3696//5437
f 3696//5438 3703//5438 3704//5438
f 3696//5439 3704//5439 3697//5439
f 3705//5440 3706//5440 3707//5440
f 3707//5441 3706//5441 3708//5441
f 3707//5442 3708//5442 3629//5442
f 3670//5443 3669//5443 3707//5443
f 3707//5444 3669//5444 3709//5444
f 3707//5445 3709//5445 3705//5445
f 3666//5446 3665//5446 3710//5446
f 3665//5447 3711//5447 3710//5447
f 3710//5448 3711//5448 3712//5448
f 3710//5449 3712//5449 3670//5449
f 3670//5450 3712//5450 3713//5450
f 3670//5451 3713//5451 3668//5451
f 3679//5452 3681//5452 3688//5452
f 3688//5453 3681//5453 3714//5453
f 3688//5454 3714//5454 3715//5454
f 3716//5455 3683//5455 3677//5455
f 3677//5456 3683//5456 3685//5456
f 3677//5457 3685//5457 3678//5457
f 3716//5458 3717//5458 3683//5458
f 3683//5459 3717//5459 3718//5459
f 3683//5460 3718//5460 3681//5460
f 3681//5461 3718//5461 3719//5461
f 3681//5462 3719//5462 3714//5462
f 3720//5463 3721//5463 3675//5463
f 3675//5464 3721//5464 3722//5464
f 3675//5465 3722//5465 3677//5465
f 3677//5466 3722//5466 3723//5466
f 3677//5467 3723//5467 3716//5467
f 3672//5468 3724//5468 3673//5468
f 3673//5469 3724//5469 3725//5469
f 3673//5470 3725//5470 3726//5470
f 3674//5471 3671//5471 3675//5471
f 3675//5472 3671//5472 3673//5472
f 3675//5473 3673//5473 3720//5473
f 3720//5474 3673//5474 3726//5474
f 3720//5475 3726//5475 3727//5475
f 3690//5476 3687//5476 3691//5476
f 3691//5477 3687//5477 3686//5477
f 3691//5478 3686//5478 3693//5478
f 3693//5478 3686//5478 3728//5478
f 3693//5479 3728//5479 3696//5479
f 3696//5479 3728//5479 3729//5479
f 3696//5480 3729//5480 3700//5480
f 3700//5480 3729//5480 3730//5480
f 3715//5481 3731//5481 3688//5481
f 3688//5482 3731//5482 3667//5482
f 3688//5483 3667//5483 3686//5483
f 3686//5484 3667//5484 3666//5484
f 3686//5485 3666//5485 3728//5485
f 3728//5485 3666//5485 3710//5485
f 3728//5486 3710//5486 3729//5486
f 3729//5486 3710//5486 3670//5486
f 3729//5487 3670//5487 3730//5487
f 3730//5487 3670//5487 3707//5487
f 3732//5488 3733//5488 3734//5488
f 3735//5489 3736//5489 3737//5489
f 3738//5490 3739//5490 3740//5490
f 3739//5491 3738//5491 3741//5491
f 3741//5492 3738//5492 3742//5492
f 3741//5493 3742//5493 3743//5493
f 3744//5494 3745//5494 3746//5494
f 3746//5495 3745//5495 3747//5495
f 3746//5496 3747//5496 3748//5496
f 3748//5497 3747//5497 3749//5497
f 3748//5498 3749//5498 3750//5498
f 3751//5499 3752//5499 3753//5499
f 3753//5500 3752//5500 3754//5500
f 3753//5501 3754//5501 3744//5501
f 3755//5502 3756//5502 3757//5502
f 3757//5503 3756//5503 3758//5503
f 3757//5504 3758//5504 3759//5504
f 3759//5505 3758//5505 3760//5505
f 3760//5506 3758//5506 3761//5506
f 3760//5507 3761//5507 3762//5507
f 3763//5508 3764//5508 3765//5508
f 3765//5509 3764//5509 3766//5509
f 3766//5510 3767//5510 3765//5510
f 3765//5511 3767//5511 3768//5511
f 3765//5512 3768//5512 3761//5512
f 3761//5513 3768//5513 3769//5513
f 3761//5514 3769//5514 3762//5514
f 3770//5515 3771//5515 3772//5515
f 3772//5516 3771//5516 3773//5516
f 3772//5517 3773//5517 3698//5517
f 3737//5518 3736//5518 3772//5518
f 3772//5519 3736//5519 3774//5519
f 3772//5520 3774//5520 3770//5520
f 3733//5521 3732//5521 3775//5521
f 3732//5522 3776//5522 3775//5522
f 3775//5523 3776//5523 3777//5523
f 3775//5524 3777//5524 3737//5524
f 3737//5525 3777//5525 3778//5525
f 3737//5526 3778//5526 3735//5526
f 3744//5527 3746//5527 3753//5527
f 3753//5528 3746//5528 3779//5528
f 3753//5529 3779//5529 3780//5529
f 3781//5530 3748//5530 3742//5530
f 3742//5531 3748//5531 3750//5531
f 3742//5532 3750//5532 3743//5532
f 3781//5533 3782//5533 3748//5533
f 3748//5534 3782//5534 3783//5534
f 3748//5535 3783//5535 3746//5535
f 3746//5536 3783//5536 3784//5536
f 3746//5537 3784//5537 3779//5537
f 3785//5538 3738//5538 3786//5538
f 3786//5539 3738//5539 3740//5539
f 3786//5540 3740//5540 3787//5540
f 3785//5541 3788//5541 3738//5541
f 3738//5542 3788//5542 3789//5542
f 3738//5543 3789//5543 3742//5543
f 3742//5544 3789//5544 3790//5544
f 3742//5545 3790//5545 3781//5545
f 3787//5546 3791//5546 3786//5546
f 3786//5547 3791//5547 3792//5547
f 3786//5548 3792//5548 3785//5548
f 3785//5549 3792//5549 3793//5549
f 3785//5550 3793//5550 3794//5550
f 3755//5551 3752//5551 3756//5551
f 3756//5552 3752//5552 3751//5552
f 3756//5553 3751//5553 3758//5553
f 3758//5554 3751//5554 3795//5554
f 3758//5555 3795//5555 3761//5555
f 3761//5555 3795//5555 3796//5555
f 3761//5556 3796//5556 3765//5556
f 3765//5556 3796//5556 3797//5556
f 3780//5557 3798//5557 3753//5557
f 3753//5558 3798//5558 3734//5558
f 3753//5559 3734//5559 3751//5559
f 3751//5560 3734//5560 3733//5560
f 3751//5561 3733//5561 3795//5561
f 3795//5561 3733//5561 3775//5561
f 3795//5562 3775//5562 3796//5562
f 3796//5562 3775//5562 3737//5562
f 3796//5563 3737//5563 3797//5563
f 3797//5563 3737//5563 3772//5563
f 3799//5564 3800//5564 3801//5564
f 3802//5565 3803//5565 3804//5565
f 3805//5566 3806//5566 3807//5566
f 3806//5567 3805//5567 3808//5567
f 3808//5568 3805//5568 3809//5568
f 3808//5569 3809//5569 3810//5569
f 3811//5570 3812//5570 3813//5570
f 3813//5571 3812//5571 3814//5571
f 3813//5572 3814//5572 3815//5572
f 3815//5573 3814//5573 3816//5573
f 3815//5574 3816//5574 3817//5574
f 3818//5575 3819//5575 3820//5575
f 3820//5576 3819//5576 3821//5576
f 3820//5577 3821//5577 3811//5577
f 3822//5578 3823//5578 3824//5578
f 3824//5579 3823//5579 3825//5579
f 3824//5580 3825//5580 3826//5580
f 3826//5581 3825//5581 3827//5581
f 3827//5582 3825//5582 3828//5582
f 3827//5583 3828//5583 3829//5583
f 3830//5584 3831//5584 3832//5584
f 3832//5585 3831//5585 3833//5585
f 3833//5586 3834//5586 3832//5586
f 3832//5587 3834//5587 3835//5587
f 3832//5588 3835//5588 3828//5588
f 3828//5589 3835//5589 3836//5589
f 3828//5590 3836//5590 3829//5590
f 3837//5591 3838//5591 3839//5591
f 3839//5592 3838//5592 3840//5592
f 3839//5593 3840//5593 3763//5593
f 3804//5594 3803//5594 3839//5594
f 3839//5595 3803//5595 3841//5595
f 3839//5596 3841//5596 3837//5596
f 3800//5597 3799//5597 3842//5597
f 3799//5598 3843//5598 3842//5598
f 3842//5599 3843//5599 3844//5599
f 3842//5600 3844//5600 3804//5600
f 3804//5601 3844//5601 3845//5601
f 3804//5602 3845//5602 3802//5602
f 3811//5603 3813//5603 3820//5603
f 3820//5604 3813//5604 3846//5604
f 3820//5605 3846//5605 3847//5605
f 3848//5606 3815//5606 3809//5606
f 3809//5607 3815//5607 3817//5607
f 3809//5608 3817//5608 3810//5608
f 3848//5609 3849//5609 3815//5609
f 3815//5610 3849//5610 3850//5610
f 3815//5611 3850//5611 3813//5611
f 3813//5612 3850//5612 3851//5612
f 3813//5613 3851//5613 3846//5613
f 3852//5614 3805//5614 3853//5614
f 3853//5615 3805//5615 3807//5615
f 3853//5616 3807//5616 3854//5616
f 3852//5617 3855//5617 3805//5617
f 3805//5618 3855//5618 3856//5618
f 3805//5619 3856//5619 3809//5619
f 3809//5620 3856//5620 3857//5620
f 3809//5621 3857//5621 3848//5621
f 3858//5622 3852//5622 3859//5622
f 3859//5623 3852//5623 3853//5623
f 3859//5624 3853//5624 3860//5624
f 3860//5625 3853//5625 3854//5625
f 3860//5626 3854//5626 3861//5626
f 3822//5627 3819//5627 3823//5627
f 3823//5628 3819//5628 3818//5628
f 3823//5629 3818//5629 3825//5629
f 3825//5629 3818//5629 3862//5629
f 3825//5630 3862//5630 3828//5630
f 3828//5630 3862//5630 3863//5630
f 3828//5631 3863//5631 3832//5631
f 3832//5631 3863//5631 3864//5631
f 3847//5632 3865//5632 3820//5632
f 3820//5633 3865//5633 3801//5633
f 3820//5634 3801//5634 3818//5634
f 3818//5635 3801//5635 3800//5635
f 3818//5636 3800//5636 3862//5636
f 3862//5636 3800//5636 3842//5636
f 3862//5637 3842//5637 3863//5637
f 3863//5637 3842//5637 3804//5637
f 3863//5638 3804//5638 3864//5638
f 3864//5638 3804//5638 3839//5638
f 3866//5639 3867//5639 3868//5639
f 3869//5640 3870//5640 3871//5640
f 3872//5641 3873//5641 3874//5641
f 3874//5642 3873//5642 3875//5642
f 3874//5643 3875//5643 3876//5643
f 3877//5644 3878//5644 3879//5644
f 3879//5645 3878//5645 3880//5645
f 3879//5646 3880//5646 3881//5646
f 3882//5647 3883//5647 3884//5647
f 3884//5648 3883//5648 3885//5648
f 3884//5649 3885//5649 3886//5649
f 3886//5650 3885//5650 3887//5650
f 3886//5651 3887//5651 3888//5651
f 3889//5652 3890//5652 3891//5652
f 3891//5653 3890//5653 3892//5653
f 3891//5654 3892//5654 3882//5654
f 3893//5655 3894//5655 3895//5655
f 3895//5656 3894//5656 3896//5656
f 3895//5657 3896//5657 3897//5657
f 3897//5658 3896//5658 3898//5658
f 3898//5659 3896//5659 3899//5659
f 3898//5660 3899//5660 3900//5660
f 3901//5661 3902//5661 3903//5661
f 3903//5662 3902//5662 3904//5662
f 3904//5663 3905//5663 3903//5663
f 3903//5664 3905//5664 3906//5664
f 3903//5665 3906//5665 3899//5665
f 3899//5666 3906//5666 3907//5666
f 3899//5667 3907//5667 3900//5667
f 3908//5668 3909//5668 3910//5668
f 3910//5669 3909//5669 3911//5669
f 3910//5670 3911//5670 3830//5670
f 3871//5671 3870//5671 3910//5671
f 3910//5672 3870//5672 3912//5672
f 3910//5673 3912//5673 3908//5673
f 3867//5674 3866//5674 3913//5674
f 3866//5675 3914//5675 3913//5675
f 3913//5676 3914//5676 3915//5676
f 3913//5677 3915//5677 3871//5677
f 3871//5678 3915//5678 3916//5678
f 3871//5679 3916//5679 3869//5679
f 3882//5680 3884//5680 3891//5680
f 3891//5681 3884//5681 3917//5681
f 3891//5682 3917//5682 3918//5682
f 3919//5683 3886//5683 3880//5683
f 3880//5684 3886//5684 3888//5684
f 3880//5685 3888//5685 3881//5685
f 3919//5686 3920//5686 3886//5686
f 3886//5687 3920//5687 3921//5687
f 3886//5688 3921//5688 3884//5688
f 3884//5689 3921//5689 3922//5689
f 3884//5690 3922//5690 3917//5690
f 3923//5691 3924//5691 3878//5691
f 3878//5692 3924//5692 3925//5692
f 3878//5693 3925//5693 3880//5693
f 3880//5694 3925//5694 3926//5694
f 3880//5695 3926//5695 3919//5695
f 3877//5696 3872//5696 3878//5696
f 3878//5697 3872//5697 3874//5697
f 3878//5698 3874//5698 3923//5698
f 3923//5699 3874//5699 3876//5699
f 3923//5700 3876//5700 3927//5700
f 3893//5701 3890//5701 3894//5701
f 3894//5702 3890//5702 3889//5702
f 3894//5703 3889//5703 3896//5703
f 3896//5703 3889//5703 3928//5703
f 3896//5704 3928//5704 3899//5704
f 3899//5704 3928//5704 3929//5704
f 3899//5705 3929//5705 3903//5705
f 3903//5705 3929//5705 3930//5705
f 3918//5706 3931//5706 3891//5706
f 3891//5707 3931//5707 3868//5707
f 3891//5708 3868//5708 3889//5708
f 3889//5709 3868//5709 3867//5709
f 3889//5710 3867//5710 3928//5710
f 3928//5710 3867//5710 3913//5710
f 3928//5711 3913//5711 3929//5711
f 3929//5711 3913//5711 3871//5711
f 3929//5712 3871//5712 3930//5712
f 3930//5712 3871//5712 3910//5712
f 3932//5713 3933//5713 3934//5713
f 3935//5714 3936//5714 3937//5714
f 3938//5715 3939//5715 3940//5715
f 3939//5716 3938//5716 3941//5716
f 3941//5717 3938//5717 3942//5717
f 3941//5718 3942//5718 3943//5718
f 3944//5719 3945//5719 3946//5719
f 3946//5720 3945//5720 3947//5720
f 3946//5721 3947//5721 3948//5721
f 3948//5722 3947//5722 3949//5722
f 3948//5723 3949//5723 3950//5723
f 3951//5724 3952//5724 3953//5724
f 3953//5725 3952//5725 3954//5725
f 3953//5726 3954//5726 3944//5726
f 3955//5727 3956//5727 3957//5727
f 3957//5728 3956//5728 3958//5728
f 3957//5729 3958//5729 3959//5729
f 3959//5730 3958//5730 3960//5730
f 3960//5731 3958//5731 3961//5731
f 3960//5732 3961//5732 3962//5732
f 3963//5733 3964//5733 3965//5733
f 3965//5734 3964//5734 3966//5734
f 3966//5735 3967//5735 3965//5735
f 3965//5736 3967//5736 3968//5736
f 3965//5737 3968//5737 3961//5737
f 3961//5738 3968//5738 3969//5738
f 3961//5739 3969//5739 3962//5739
f 3970//5740 3971//5740 3972//5740
f 3972//5741 3971//5741 3973//5741
f 3972//5742 3973//5742 3901//5742
f 3937//5743 3936//5743 3972//5743
f 3972//5744 3936//5744 3974//5744
f 3972//5745 3974//5745 3970//5745
f 3933//5746 3932//5746 3975//5746
f 3932//5747 3976//5747 3975//5747
f 3975//5748 3976//5748 3977//5748
f 3975//5749 3977//5749 3937//5749
f 3937//5750 3977//5750 3978//5750
f 3937//5751 3978//5751 3935//5751
f 3944//5752 3946//5752 3953//5752
f 3953//5753 3946//5753 3979//5753
f 3953//5754 3979//5754 3980//5754
f 3981//5755 3948//5755 3942//5755
f 3942//5756 3948//5756 3950//5756
f 3942//5757 3950//5757 3943//5757
f 3981//5758 3982//5758 3948//5758
f 3948//5759 3982//5759 3983//5759
f 3948//5760 3983//5760 3946//5760
f 3946//5761 3983//5761 3984//5761
f 3946//5762 3984//5762 3979//5762
f 3985//5763 3938//5763 3986//5763
f 3986//5764 3938//5764 3940//5764
f 3986//5765 3940//5765 3987//5765
f 3985//5766 3988//5766 3938//5766
f 3938//5767 3988//5767 3989//5767
f 3938//5768 3989//5768 3942//5768
f 3942//5769 3989//5769 3990//5769
f 3942//5770 3990//5770 3981//5770
f 3987//5771 3991//5771 3986//5771
f 3986//5772 3991//5772 3992//5772
f 3986//5773 3992//5773 3985//5773
f 3985//5774 3992//5774 3993//5774
f 3985//5775 3993//5775 3994//5775
f 3955//5776 3952//5776 3956//5776
f 3956//5777 3952//5777 3951//5777
f 3956//5778 3951//5778 3958//5778
f 3958//5778 3951//5778 3995//5778
f 3958//5779 3995//5779 3961//5779
f 3961//5779 3995//5779 3996//5779
f 3961//5780 3996//5780 3965//5780
f 3965//5780 3996//5780 3997//5780
f 3980//5781 3998//5781 3953//5781
f 3953//5782 3998//5782 3934//5782
f 3953//5783 3934//5783 3951//5783
f 3951//5784 3934//5784 3933//5784
f 3951//5785 3933//5785 3995//5785
f 3995//5785 3933//5785 3975//5785
f 3995//5786 3975//5786 3996//5786
f 3996//5786 3975//5786 3937//5786
f 3996//5787 3937//5787 3997//5787
f 3997//5788 3937//5788 3972//5788
f 3999//5789 4000//5789 4001//5789
f 4002//5790 4003//5790 4004//5790
f 4005//5791 4006//5791 4007//5791
f 4006//5792 4005//5792 4008//5792
f 4008//5793 4005//5793 4009//5793
f 4008//5794 4009//5794 4010//5794
f 4011//5795 4012//5795 4013//5795
f 4013//5796 4012//5796 4014//5796
f 4013//5797 4014//5797 4015//5797
f 4015//5798 4014//5798 4016//5798
f 4015//5799 4016//5799 4017//5799
f 4018//5800 4019//5800 4020//5800
f 4020//5801 4019//5801 4021//5801
f 4020//5802 4021//5802 4011//5802
f 4022//5803 4023//5803 4024//5803
f 4024//5804 4023//5804 4025//5804
f 4024//5805 4025//5805 4026//5805
f 4026//5806 4025//5806 4027//5806
f 4027//5807 4025//5807 4028//5807
f 4027//5808 4028//5808 4029//5808
f 4030//5809 4031//5809 4032//5809
f 4032//5810 4031//5810 4033//5810
f 4033//5811 4034//5811 4032//5811
f 4032//5812 4034//5812 4035//5812
f 4032//5813 4035//5813 4028//5813
f 4028//5814 4035//5814 4036//5814
f 4028//5815 4036//5815 4029//5815
f 4037//5816 4038//5816 4039//5816
f 4039//5817 4038//5817 4040//5817
f 4039//5818 4040//5818 3963//5818
f 4004//5819 4003//5819 4039//5819
f 4039//5820 4003//5820 4041//5820
f 4039//5821 4041//5821 4037//5821
f 4000//5822 3999//5822 4042//5822
f 3999//5823 4043//5823 4042//5823
f 4042//5824 4043//5824 4044//5824
f 4042//5825 4044//5825 4004//5825
f 4004//5826 4044//5826 4045//5826
f 4004//5827 4045//5827 4002//5827
f 4011//5828 4013//5828 4020//5828
f 4020//5829 4013//5829 4046//5829
f 4020//5830 4046//5830 4047//5830
f 4048//5831 4015//5831 4009//5831
f 4009//5832 4015//5832 4017//5832
f 4009//5833 4017//5833 4010//5833
f 4048//5834 4049//5834 4015//5834
f 4015//5835 4049//5835 4050//5835
f 4015//5836 4050//5836 4013//5836
f 4013//5837 4050//5837 4051//5837
f 4013//5838 4051//5838 4046//5838
f 4052//5839 4005//5839 4053//5839
f 4053//5840 4005//5840 4007//5840
f 4053//5841 4007//5841 4054//5841
f 4052//5842 4055//5842 4005//5842
f 4005//5843 4055//5843 4056//5843
f 4005//5844 4056//5844 4009//5844
f 4009//5845 4056//5845 4057//5845
f 4009//5846 4057//5846 4048//5846
f 4058//5847 4052//5847 4059//5847
f 4059//5848 4052//5848 4053//5848
f 4059//5849 4053//5849 4060//5849
f 4060//5850 4053//5850 4054//5850
f 4060//5851 4054//5851 4061//5851
f 4022//5852 4019//5852 4023//5852
f 4023//5853 4019//5853 4018//5853
f 4023//5854 4018//5854 4025//5854
f 4025//5854 4018//5854 4062//5854
f 4025//5855 4062//5855 4028//5855
f 4028//5855 4062//5855 4063//5855
f 4028//5856 4063//5856 4032//5856
f 4032//5856 4063//5856 4064//5856
f 4047//5857 4065//5857 4020//5857
f 4020//5858 4065//5858 4001//5858
f 4020//5859 4001//5859 4018//5859
f 4018//5860 4001//5860 4000//5860
f 4018//5861 4000//5861 4062//5861
f 4062//5861 4000//5861 4042//5861
f 4062//5862 4042//5862 4063//5862
f 4063//5862 4042//5862 4004//5862
f 4063//5863 4004//5863 4064//5863
f 4064//5863 4004//5863 4039//5863
f 4066//5864 4067//5864 4068//5864
f 4069//5865 4070//5865 4071//5865
f 4072//5866 4073//5866 4074//5866
f 4075//5867 4072//5867 4076//5867
f 4076//5868 4072//5868 4074//5868
f 4076//5869 4074//5869 4077//5869
f 4071//5870 4070//5870 4074//5870
f 4074//5871 4070//5871 4078//5871
f 4074//5872 4078//5872 4077//5872
f 4079//5873 4080//5873 4081//5873
f 4081//5874 4080//5874 4082//5874
f 4081//5875 4082//5875 4083//5875
f 4083//5876 4082//5876 4084//5876
f 4085//5877 4086//5877 4084//5877
f 4087//5878 4088//5878 4085//5878
f 4085//5879 4088//5879 4089//5879
f 4085//5880 4089//5880 4086//5880
f 4090//5881 4091//5881 4092//5881
f 4091//5882 4090//5882 4093//5882
f 4093//5883 4090//5883 4094//5883
f 4093//5884 4094//5884 4095//5884
f 4096//5885 4097//5885 4098//5885
f 4098//5886 4097//5886 4099//5886
f 4098//5887 4099//5887 4094//5887
f 4094//5888 4099//5888 4100//5888
f 4094//5889 4100//5889 4095//5889
f 4101//5890 4102//5890 4103//5890
f 4103//5891 4102//5891 4104//5891
f 4104//5892 4105//5892 4103//5892
f 4103//5893 4105//5893 4106//5893
f 4103//5894 4106//5894 4098//5894
f 4098//5895 4106//5895 4107//5895
f 4098//5896 4107//5896 4096//5896
f 4108//5897 4109//5897 4110//5897
f 4110//5898 4109//5898 4111//5898
f 4110//5899 4111//5899 4030//5899
f 4112//5900 4113//5900 4114//5900
f 4114//5901 4113//5901 4115//5901
f 4114//5902 4115//5902 4116//5902
f 4116//5903 4117//5903 4114//5903
f 4114//5904 4117//5904 4118//5904
f 4114//5905 4118//5905 4110//5905
f 4110//5906 4118//5906 4119//5906
f 4110//5907 4119//5907 4108//5907
f 4067//5908 4120//5908 4068//5908
f 4068//5909 4120//5909 4121//5909
f 4068//5910 4121//5910 4112//5910
f 4112//5911 4121//5911 4122//5911
f 4112//5912 4122//5912 4113//5912
f 4123//5913 4124//5913 4085//5913
f 4085//5914 4124//5914 4125//5914
f 4085//5915 4125//5915 4087//5915
f 4084//5916 4082//5916 4085//5916
f 4085//5917 4082//5917 4126//5917
f 4085//5918 4126//5918 4123//5918
f 4127//5919 4128//5919 4071//5919
f 4071//5920 4128//5920 4080//5920
f 4071//5921 4080//5921 4069//5921
f 4069//5922 4080//5922 4079//5922
f 4128//5923 4129//5923 4080//5923
f 4080//5924 4129//5924 4130//5924
f 4080//5925 4130//5925 4082//5925
f 4082//5926 4130//5926 4131//5926
f 4082//5927 4131//5927 4126//5927
f 4127//5928 4071//5928 4132//5928
f 4132//5929 4071//5929 4074//5929
f 4132//5930 4074//5930 4133//5930
f 4133//5931 4074//5931 4073//5931
f 4133//5932 4073//5932 4134//5932
f 4092//5933 4088//5933 4090//5933
f 4090//5934 4088//5934 4087//5934
f 4090//5935 4087//5935 4094//5935
f 4094//5935 4087//5935 4135//5935
f 4094//5936 4135//5936 4098//5936
f 4098//5936 4135//5936 4136//5936
f 4098//5937 4136//5937 4103//5937
f 4103//5937 4136//5937 4137//5937
f 4125//5938 4066//5938 4087//5938
f 4087//5939 4066//5939 4068//5939
f 4087//5940 4068//5940 4135//5940
f 4135//5940 4068//5940 4112//5940
f 4135//5941 4112//5941 4136//5941
f 4136//5941 4112//5941 4114//5941
f 4136//5942 4114//5942 4137//5942
f 4137//5942 4114//5942 4110//5942
f 4138//5943 4139//5943 4140//5943
f 4140//5943 4139//5943 4141//5943
f 4140//5943 4141//5943 4142//5943
f 4142//5943 4141//5943 4143//5943
f 4142//5943 4143//5943 4144//5943
f 4144//5943 4143//5943 4145//5943
f 4144//5943 4145//5943 4146//5943
f 4146//5943 4145//5943 4147//5943
f 4146//5943 4147//5943 4148//5943
f 4148//5943 4147//5943 4149//5943
f 4148//5943 4149//5943 4150//5943
f 4150//5943 4149//5943 4151//5943
f 4150//5943 4151//5943 4152//5943
f 4152//5943 4151//5943 4153//5943
f 4152//5943 4153//5943 4154//5943
f 4154//5943 4153//5943 4155//5943
f 4154//5943 4155//5943 4156//5943
f 4156//5943 4155//5943 4157//5943
f 4156//5943 4157//5943 4158//5943
f 4157//5943 4159//5943 4158//5943
f 4158//5943 4159//5943 4160//5943
f 4158//5943 4160//5943 4161//5943
f 4161//5943 4160//5943 4162//5943
f 4161//5943 4162//5943 4163//5943
f 4163//5943 4162//5943 4164//5943
f 4163//5943 4164//5943 4165//5943
f 4165//5943 4164//5943 4166//5943
f 4165//5943 4166//5943 4167//5943
f 4167//5943 4166//5943 4168//5943
f 4167//5943 4168//5943 4169//5943
f 4169//5943 4168//5943 4170//5943
f 4169//5943 4170//5943 4171//5943
f 4171//5943 4170//5943 4172//5943
f 4171//5943 4172//5943 4173//5943
f 4173//5943 4172//5943 4174//5943
f 4173//5943 4174//5943 4175//5943
f 4175//5943 4174//5943 4176//5943
f 4175//5943 4176//5943 4177//5943
f 4177//5943 4176//5943 4178//5943
f 4177//5943 4178//5943 4179//5943
f 4179//5943 4178//5943 4180//5943
f 4179//5943 4180//5943 4181//5943
f 4180//5943 4182//5943 4181//5943
f 4181//5943 4182//5943 4183//5943
f 4181//5943 4183//5943 4184//5943
f 4184//5943 4183//5943 4185//5943
f 4184//5943 4185//5943 4186//5943
f 4186//5943 4185//5943 4187//5943
f 4186//5943 4187//5943 4188//5943
f 4188//5943 4187//5943 4189//5943
f 4188//5943 4189//5943 4190//5943
f 4190//5943 4189//5943 4191//5943
f 4190//5943 4191//5943 4192//5943
f 4192//5943 4191//5943 4193//5943
f 4192//5943 4193//5943 4194//5943
f 4194//5943 4193//5943 4195//5943
f 4194//5943 4195//5943 4196//5943
f 4196//5943 4195//5943 4197//5943
f 4196//5943 4197//5943 4198//5943
f 4198//5943 4197//5943 4199//5943
f 4198//5943 4199//5943 4200//5943
f 4200//5943 4199//5943 4201//5943
f 4200//5943 4201//5943 4202//5943
f 4201//5943 4203//5943 4202//5943
f 4202//5943 4203//5943 4204//5943
f 4202//5943 4204//5943 4205//5943
f 4205//5943 4204//5943 4206//5943
f 4205//5943 4206//5943 4207//5943
f 4207//5943 4206//5943 4208//5943
f 4207//5943 4208//5943 4209//5943
f 4209//5943 4208//5943 4210//5943
f 4209//5943 4210//5943 4211//5943
f 4211//5943 4210//5943 4212//5943
f 4211//5943 4212//5943 4213//5943
f 4213//5943 4212//5943 4214//5943
f 4213//5943 4214//5943 4215//5943
f 4215//5943 4214//5943 4216//5943
f 4215//5943 4216//5943 4217//5943
f 4217//5943 4216//5943 4218//5943
f 4217//5943 4218//5943 4219//5943
f 4219//5943 4218//5943 4220//5943
f 4219//5943 4220//5943 4221//5943
f 4221//5943 4220//5943 4222//5943
f 4221//5943 4222//5943 4223//5943
f 4223//5943 4222//5943 4224//5943
f 4223//5943 4224//5943 4225//5943
f 4225//5943 4224//5943 4226//5943
f 4225//5943 4226//5943 4227//5943
f 4227//5943 4226//5943 4228//5943
f 4227//5943 4228//5943 4229//5943
f 4229//5943 4228//5943 4230//5943
f 4229//5943 4230//5943 4231//5943
f 4231//5943 4230//5943 4232//5943
f 4231//5943 4232//5943 4233//5943
f 4233//5943 4232//5943 4234//5943
f 4233//5943 4234//5943 4235//5943
f 4235//5943 4234//5943 4236//5943
f 4235//5943 4236//5943 4237//5943
f 4237//5943 4236//5943 4238//5943
f 4237//5943 4238//5943 4239//5943
f 4239//5943 4238//5943 4240//5943
f 4239//5943 4240//5943 4241//5943
f 4241//5943 4240//5943 4242//5943
f 4241//5943 4242//5943 4243//5943
f 4243//5943 4242//5943 4244//5943
f 4243//5943 4244//5943 4245//5943
f 4245//5943 4244//5943 4246//5943
f 4245//5943 4246//5943 4247//5943
f 4247//5943 4246//5943 4248//5943
f 4247//5943 4248//5943 4138//5943
f 4138//5943 4248//5943 4249//5943
f 4138//5943 4249//5943 4139//5943
f 4250//5944 4201//5944 4199//5944
f 4251//5945 4232//5945 4230//5945
f 4252//5946 4246//5946 4244//5946
f 4253//5947 4147//5947 4145//5947
f 4254//5948 4160//5948 4159//5948
f 4255//5949 4174//5949 4256//5949
f 4257//5950 4187//5950 4185//5950
f 2519//5951 2518//5951 4258//5951
f 4187//5952 4257//5952 4189//5952
f 4257//5953 4259//5953 4189//5953
f 4189//5954 4259//5954 2520//5954
f 4189//5955 2520//5955 2521//5955
f 4260//5956 4261//5956 4262//5956
f 4263//5957 4260//5957 4183//5957
f 4183//5958 4260//5958 4262//5958
f 4183//5959 4262//5959 4185//5959
f 4185//5960 4262//5960 4264//5960
f 4185//5950 4264//5950 4257//5950
f 4265//5961 4263//5961 4266//5961
f 4266//5961 4263//5961 4183//5961
f 4266//5962 4183//5962 4267//5962
f 4267//5963 4183//5963 4182//5963
f 4267//5964 4182//5964 4268//5964
f 4268//5965 4182//5965 4180//5965
f 4268//5966 4180//5966 4075//5966
f 4134//5967 4073//5967 4180//5967
f 4180//5968 4073//5968 4072//5968
f 4180//5966 4072//5966 4075//5966
f 4176//5969 4269//5969 4178//5969
f 4178//5970 4269//5970 4270//5970
f 4178//5971 4270//5971 4180//5971
f 4180//5972 4270//5972 4271//5972
f 4180//5973 4271//5973 4134//5973
f 4174//5974 4255//5974 4176//5974
f 4176//5975 4255//5975 4272//5975
f 4176//5976 4272//5976 4058//5976
f 4061//5977 4269//5977 4060//5977
f 4060//5978 4269//5978 4176//5978
f 4060//5979 4176//5979 4059//5979
f 4059//5980 4176//5980 4058//5980
f 3992//5981 3991//5981 4273//5981
f 3993//5982 3992//5982 4170//5982
f 4170//5983 3992//5983 4273//5983
f 4170//5984 4273//5984 4256//5984
f 4256//5985 4273//5985 4274//5985
f 4256//5949 4274//5949 4255//5949
f 3994//5986 3993//5986 4275//5986
f 4275//5986 3993//5986 4170//5986
f 4275//5987 4170//5987 4276//5987
f 4276//5988 4170//5988 4168//5988
f 4276//5989 4168//5989 4277//5989
f 4277//5990 4168//5990 4166//5990
f 4277//5991 4166//5991 3875//5991
f 3875//5992 4166//5992 3876//5992
f 3927//5993 3876//5993 4278//5993
f 4278//5994 3876//5994 4166//5994
f 4278//5995 4166//5995 4279//5995
f 4279//5996 4166//5996 4164//5996
f 4279//5997 4164//5997 4280//5997
f 4280//5998 4164//5998 4162//5998
f 4160//5999 4254//5999 4162//5999
f 4162//6000 4254//6000 4281//6000
f 4162//6001 4281//6001 3858//6001
f 3861//6002 4280//6002 3860//6002
f 3860//6003 4280//6003 4162//6003
f 3860//6004 4162//6004 3859//6004
f 3859//6005 4162//6005 3858//6005
f 3792//6006 3791//6006 4282//6006
f 3793//6007 3792//6007 4157//6007
f 4157//6008 3792//6008 4282//6008
f 4157//6009 4282//6009 4159//6009
f 4159//6010 4282//6010 4283//6010
f 4159//5948 4283//5948 4254//5948
f 3725//6011 3724//6011 4284//6011
f 3725//6012 4284//6012 3726//6012
f 3794//6013 3793//6013 4285//6013
f 4285//6013 3793//6013 4157//6013
f 4285//6014 4157//6014 4286//6014
f 4286//6015 4157//6015 4155//6015
f 4286//6016 4155//6016 4284//6016
f 4284//6017 4155//6017 4153//6017
f 4284//6018 4153//6018 3726//6018
f 3727//6019 3726//6019 4287//6019
f 4287//6019 3726//6019 4153//6019
f 4287//6020 4153//6020 4288//6020
f 4288//6021 4153//6021 4151//6021
f 4288//6022 4151//6022 4289//6022
f 4289//6023 4151//6023 4149//6023
f 4147//6024 4253//6024 4149//6024
f 4149//6025 4253//6025 4290//6025
f 4149//6026 4290//6026 3657//6026
f 3660//6027 4289//6027 3659//6027
f 3659//6027 4289//6027 4149//6027
f 3659//6028 4149//6028 3658//6028
f 3658//6029 4149//6029 3657//6029
f 3591//6030 3590//6030 4291//6030
f 3592//6031 3591//6031 4143//6031
f 4143//6032 3591//6032 4291//6032
f 4143//6033 4291//6033 4145//6033
f 4145//6034 4291//6034 4292//6034
f 4145//5947 4292//5947 4253//5947
f 3464//6035 3463//6035 4293//6035
f 3593//6036 3592//6036 4294//6036
f 4294//6036 3592//6036 4143//6036
f 4294//6037 4143//6037 4295//6037
f 4295//6038 4143//6038 4141//6038
f 4295//6039 4141//6039 4293//6039
f 4293//6040 4141//6040 4139//6040
f 4293//6041 4139//6041 3464//6041
f 3464//6042 4139//6042 3523//6042
f 3524//6043 3523//6043 4296//6043
f 4296//6043 3523//6043 4139//6043
f 4296//6044 4139//6044 4297//6044
f 4297//6045 4139//6045 4249//6045
f 4297//6046 4249//6046 4298//6046
f 4298//6047 4249//6047 4248//6047
f 4246//6048 4252//6048 4248//6048
f 4248//6049 4252//6049 4299//6049
f 4248//6050 4299//6050 3455//6050
f 3396//6051 4298//6051 3393//6051
f 3393//6051 4298//6051 4248//6051
f 3393//6052 4248//6052 3394//6052
f 3394//6053 4248//6053 3455//6053
f 3380//6054 3379//6054 4300//6054
f 3381//6055 3380//6055 4242//6055
f 4242//6056 3380//6056 4300//6056
f 4242//6057 4300//6057 4244//6057
f 4244//6058 4300//6058 4301//6058
f 4244//5946 4301//5946 4252//5946
f 3313//6059 3312//6059 4302//6059
f 3382//6060 3381//6060 4303//6060
f 4303//6060 3381//6060 4242//6060
f 4303//6061 4242//6061 4304//6061
f 4304//6062 4242//6062 4240//6062
f 4304//6063 4240//6063 4302//6063
f 4302//6064 4240//6064 4238//6064
f 4302//6065 4238//6065 3313//6065
f 3313//6066 4238//6066 3314//6066
f 3315//6067 3314//6067 4305//6067
f 4305//6068 3314//6068 4238//6068
f 4305//6069 4238//6069 4306//6069
f 4306//6070 4238//6070 4236//6070
f 4306//6071 4236//6071 4307//6071
f 4307//6072 4236//6072 4234//6072
f 4232//6073 4251//6073 4234//6073
f 4234//6074 4251//6074 4308//6074
f 4234//6075 4308//6075 3249//6075
f 3190//6076 4307//6076 3187//6076
f 3187//6076 4307//6076 4234//6076
f 3187//6077 4234//6077 3188//6077
f 3188//6078 4234//6078 3249//6078
f 3120//6079 3119//6079 4309//6079
f 3175//6080 3120//6080 4310//6080
f 4310//6081 3120//6081 4309//6081
f 4310//6082 4309//6082 4230//6082
f 4230//6083 4309//6083 4311//6083
f 4230//5945 4311//5945 4251//5945
f 3042//6084 3041//6084 4312//6084
f 3177//6085 3175//6085 4313//6085
f 4313//6085 3175//6085 4310//6085
f 4313//6086 4310//6086 4314//6086
f 4314//6087 4310//6087 4226//6087
f 4314//6088 4226//6088 4312//6088
f 4312//6089 4226//6089 4224//6089
f 4312//6090 4224//6090 3042//6090
f 3042//6091 4224//6091 3101//6091
f 3102//6092 3101//6092 4315//6092
f 4315//6092 3101//6092 4224//6092
f 4315//6093 4224//6093 4316//6093
f 4316//6094 4224//6094 4222//6094
f 4316//6095 4222//6095 4317//6095
f 4317//6096 4222//6096 4220//6096
f 2979//6097 4317//6097 2980//6097
f 2980//6097 4317//6097 4220//6097
f 2980//6098 4220//6098 2981//6098
f 2981//6099 4220//6099 3032//6099
f 4216//6100 4318//6100 4218//6100
f 4218//6101 4318//6101 4319//6101
f 4218//6102 4319//6102 4220//6102
f 4220//6103 4319//6103 4320//6103
f 4220//6104 4320//6104 3032//6104
f 2835//6105 2834//6105 4321//6105
f 4322//6106 4214//6106 4323//6106
f 4323//6107 4214//6107 4212//6107
f 4323//6108 4212//6108 4321//6108
f 4321//6109 4212//6109 4210//6109
f 4321//6110 4210//6110 2835//6110
f 2835//6111 4210//6111 2894//6111
f 2895//6112 2894//6112 4324//6112
f 4324//6112 2894//6112 4210//6112
f 4324//6113 4210//6113 4325//6113
f 4325//6114 4210//6114 4208//6114
f 4325//6115 4208//6115 4326//6115
f 4326//6116 4208//6116 4206//6116
f 2767//6117 4326//6117 2764//6117
f 2764//6117 4326//6117 4206//6117
f 2764//6118 4206//6118 2765//6118
f 2765//6119 4206//6119 2826//6119
f 4203//6120 4327//6120 4204//6120
f 4204//6121 4327//6121 4328//6121
f 4204//6122 4328//6122 4206//6122
f 4206//6123 4328//6123 4329//6123
f 4206//6124 4329//6124 2826//6124
f 4201//6125 4250//6125 4203//6125
f 4203//6126 4250//6126 4330//6126
f 4203//6127 4330//6127 2754//6127
f 2698//6128 4327//6128 2692//6128
f 2692//6128 4327//6128 4203//6128
f 2692//6129 4203//6129 2693//6129
f 2693//6130 4203//6130 2754//6130
f 2679//6131 2678//6131 4331//6131
f 2680//6132 2679//6132 4197//6132
f 4197//6133 2679//6133 4331//6133
f 4197//6134 4331//6134 4199//6134
f 4199//6135 4331//6135 4332//6135
f 4199//5944 4332//5944 4250//5944
f 2681//6136 2680//6136 4333//6136
f 4333//6136 2680//6136 4197//6136
f 4333//6137 4197//6137 4334//6137
f 4334//6138 4197//6138 4195//6138
f 4334//6139 4195//6139 4335//6139
f 4335//6140 4195//6140 4193//6140
f 4335//6141 4193//6141 2561//6141
f 2561//6141 4193//6141 2562//6141
f 2521//6142 2519//6142 4189//6142
f 4189//5951 2519//5951 4258//5951
f 4189//6143 4258//6143 4191//6143
f 4191//6144 4258//6144 4336//6144
f 4191//6145 4336//6145 4193//6145
f 4193//6146 4336//6146 4337//6146
f 4337//6147 2614//6147 4193//6147
f 4193//6148 2614//6148 2563//6148
f 4193//6149 2563//6149 2562//6149
f 2917//6150 4318//6150 2914//6150
f 2914//6151 4318//6151 4216//6151
f 2914//6152 4216//6152 2915//6152
f 2915//6153 4216//6153 4214//6153
f 2915//6154 4214//6154 2902//6154
f 2902//6155 4214//6155 4322//6155
f 2902//6156 4322//6156 2903//6156
f 4338//6157 4339//6157 4340//6157
f 4341//6157 4342//6157 4343//6157
f 4343//6157 4342//6157 4344//6157
f 4345//6157 4346//6157 4347//6157
f 4341//6157 4348//6157 4349//6157
f 4345//6157 4347//6157 4350//6157
f 4344//6157 4351//6157 4343//6157
f 4343//6157 4351//6157 4347//6157
f 4343//6157 4347//6157 4352//6157
f 4352//6157 4347//6157 4353//6157
f 4343//6157 4354//6157 4341//6157
f 4341//6157 4354//6157 4355//6157
f 4341//6157 4355//6157 4356//6157
f 4341//6157 4357//6157 4358//6157
f 4341//6157 4359//6157 4360//6157
f 4361//6157 4362//6157 4338//6157
f 4338//6157 4362//6157 4363//6157
f 4338//6157 4363//6157 4364//6157
f 4340//6157 4365//6157 4338//6157
f 4338//6157 4365//6157 4366//6157
f 4338//6157 4366//6157 4341//6157
f 4367//6157 4368//6157 4369//6157
f 4367//6157 4370//6157 4371//6157
f 4356//6157 4372//6157 4341//6157
f 4341//6157 4372//6157 4373//6157
f 4341//6157 4373//6157 4357//6157
f 4358//6157 4374//6157 4341//6157
f 4341//6157 4374//6157 4375//6157
f 4341//6157 4375//6157 4359//6157
f 4360//6157 4376//6157 4341//6157
f 4341//6157 4376//6157 4377//6157
f 4341//6157 4377//6157 4348//6157
f 4349//6157 4378//6157 4341//6157
f 4341//6157 4378//6157 4379//6157
f 4341//6157 4379//6157 4338//6157
f 4380//6157 4381//6157 4382//6157
f 4382//6157 4381//6157 4383//6157
f 4382//6157 4383//6157 4384//6157
f 4384//6157 4385//6157 4382//6157
f 4382//6157 4385//6157 4386//6157
f 4382//6157 4386//6157 4387//6157
f 4387//6157 4388//6157 4382//6157
f 4382//6157 4388//6157 4389//6157
f 4382//6157 4389//6157 4390//6157
f 4390//6157 4391//6157 4382//6157
f 4382//6157 4391//6157 4392//6157
f 4382//6157 4392//6157 4393//6157
f 4394//6157 4395//6157 4396//6157
f 4396//6157 4395//6157 4382//6157
f 4396//6157 4382//6157 4397//6157
f 4380//6157 4382//6157 4338//6157
f 4338//6157 4382//6157 4398//6157
f 4338//6157 4398//6157 4361//6157
f 4364//6157 4399//6157 4338//6157
f 4338//6157 4399//6157 4400//6157
f 4338//6157 4400//6157 4339//6157
f 4369//6157 4401//6157 4367//6157
f 4367//6157 4401//6157 4402//6157
f 4367//6157 4402//6157 4403//6157
f 4368//6157 4367//6157 4347//6157
f 4347//6157 4367//6157 4404//6157
f 4347//6157 4404//6157 4350//6157
f 4346//6157 4405//6157 4347//6157
f 4347//6157 4405//6157 4406//6157
f 4347//6157 4406//6157 4407//6157
f 4347//6157 4408//6157 4409//6157
f 4393//6157 4410//6157 4382//6157
f 4382//6157 4410//6157 4411//6157
f 4382//6157 4411//6157 4397//6157
f 4403//6157 4412//6157 4367//6157
f 4367//6157 4412//6157 4413//6157
f 4367//6157 4413//6157 4370//6157
f 4371//6157 4414//6157 4367//6157
f 4367//6157 4414//6157 4415//6157
f 4367//6157 4415//6157 4416//6157
f 4417//6157 4418//6157 4419//6157
f 4419//6157 4418//6157 4420//6157
f 4419//6157 4420//6157 4421//6157
f 4421//6157 4420//6157 4422//6157
f 4421//6157 4422//6157 4423//6157
f 4424//6157 4425//6157 4416//6157
f 4416//6157 4425//6157 4426//6157
f 4416//6157 4426//6157 4367//6157
f 4407//6157 4427//6157 4347//6157
f 4347//6157 4427//6157 4428//6157
f 4347//6157 4428//6157 4429//6157
f 4429//6157 4430//6157 4347//6157
f 4347//6157 4430//6157 4431//6157
f 4347//6157 4431//6157 4432//6157
f 4424//6157 4416//6157 4419//6157
f 4419//6157 4416//6157 4433//6157
f 4419//6157 4433//6157 4417//6157
f 4432//6157 4434//6157 4347//6157
f 4347//6157 4434//6157 4435//6157
f 4347//6157 4435//6157 4408//6157
f 4409//6157 4436//6157 4347//6157
f 4347//6157 4436//6157 4437//6157
f 4347//6157 4437//6157 4353//6157
f 4223//6158 4225//6158 4438//6158
f 4438//6159 4225//6159 4439//6159
f 4438//6160 4439//6160 4440//6160
f 4440//6161 4439//6161 4229//6161
f 4440//6162 4229//6162 4441//6162
f 4441//6162 4229//6162 4231//6162
f 4441//6163 4231//6163 4442//6163
f 4442//6163 4231//6163 4233//6163
f 4442//6164 4233//6164 4443//6164
f 4443//6164 4233//6164 4235//6164
f 4443//6165 4235//6165 4444//6165
f 4444//6165 4235//6165 4237//6165
f 4444//6166 4237//6166 4445//6166
f 4445//6166 4237//6166 4239//6166
f 4445//6167 4239//6167 4446//6167
f 4446//6167 4239//6167 4241//6167
f 4446//6168 4241//6168 4447//6168
f 4447//6168 4241//6168 4243//6168
f 4447//6169 4243//6169 4448//6169
f 4448//6169 4243//6169 4245//6169
f 4448//6170 4245//6170 4449//6170
f 4449//6170 4245//6170 4247//6170
f 4449//6171 4247//6171 4450//6171
f 4450//6171 4247//6171 4138//6171
f 4450//6172 4138//6172 4451//6172
f 4451//6172 4138//6172 4140//6172
f 4451//6173 4140//6173 4452//6173
f 4452//6173 4140//6173 4142//6173
f 4452//6174 4142//6174 4453//6174
f 4453//6174 4142//6174 4144//6174
f 4453//6175 4144//6175 4454//6175
f 4454//6175 4144//6175 4146//6175
f 4454//6176 4146//6176 4455//6176
f 4455//6176 4146//6176 4148//6176
f 4455//6177 4148//6177 4456//6177
f 4456//6177 4148//6177 4150//6177
f 4456//6178 4150//6178 4457//6178
f 4457//6178 4150//6178 4152//6178
f 4457//6179 4152//6179 4458//6179
f 4458//6179 4152//6179 4154//6179
f 4458//6180 4154//6180 4459//6180
f 4459//6180 4154//6180 4156//6180
f 4459//6181 4156//6181 4460//6181
f 4460//6181 4156//6181 4158//6181
f 4460//6182 4158//6182 4461//6182
f 4461//6182 4158//6182 4161//6182
f 4461//6183 4161//6183 4462//6183
f 4462//6183 4161//6183 4163//6183
f 4462//6184 4163//6184 4463//6184
f 4463//6184 4163//6184 4165//6184
f 4463//6185 4165//6185 4464//6185
f 4464//6185 4165//6185 4167//6185
f 4464//6186 4167//6186 4465//6186
f 4465//6186 4167//6186 4169//6186
f 4465//6187 4169//6187 4466//6187
f 4466//6187 4169//6187 4467//6187
f 4466//6188 4467//6188 4468//6188
f 4468//6188 4467//6188 4173//6188
f 4468//6189 4173//6189 4469//6189
f 4469//6189 4173//6189 4175//6189
f 4469//6190 4175//6190 4470//6190
f 4470//6190 4175//6190 4177//6190
f 4470//6191 4177//6191 4471//6191
f 4471//6191 4177//6191 4179//6191
f 4471//6192 4179//6192 4472//6192
f 4472//6192 4179//6192 4181//6192
f 4472//6193 4181//6193 4473//6193
f 4473//6193 4181//6193 4184//6193
f 4473//6194 4184//6194 4474//6194
f 4474//6194 4184//6194 4186//6194
f 4474//6195 4186//6195 4475//6195
f 4475//6195 4186//6195 4188//6195
f 4475//6196 4188//6196 4476//6196
f 4476//6196 4188//6196 4190//6196
f 4476//6197 4190//6197 4477//6197
f 4477//6197 4190//6197 4192//6197
f 4477//6198 4192//6198 4478//6198
f 4478//6198 4192//6198 4194//6198
f 4478//6199 4194//6199 4479//6199
f 4479//6199 4194//6199 4196//6199
f 4479//6200 4196//6200 4480//6200
f 4480//6200 4196//6200 4198//6200
f 4480//6201 4198//6201 4481//6201
f 4481//6201 4198//6201 4200//6201
f 4481//6202 4200//6202 4482//6202
f 4482//6202 4200//6202 4202//6202
f 4482//6203 4202//6203 4483//6203
f 4483//6203 4202//6203 4205//6203
f 4483//6204 4205//6204 4484//6204
f 4484//6204 4205//6204 4207//6204
f 4484//6205 4207//6205 4485//6205
f 4485//6205 4207//6205 4209//6205
f 4485//6206 4209//6206 4486//6206
f 4486//6206 4209//6206 4211//6206
f 4486//6207 4211//6207 4487//6207
f 4487//6207 4211//6207 4213//6207
f 4487//6208 4213//6208 4488//6208
f 4488//6208 4213//6208 4215//6208
f 4488//6209 4215//6209 4489//6209
f 4489//6209 4215//6209 4217//6209
f 4489//6210 4217//6210 4490//6210
f 4490//6210 4217//6210 4219//6210
f 4490//6211 4219//6211 4491//6211
f 4491//6211 4219//6211 4221//6211
f 4491//6212 4221//6212 4492//6212
f 4492//6212 4221//6212 4223//6212
f 4492//6158 4223//6158 4438//6158
f 4493//5943 4468//5943 4494//5943
f 4493//5943 4494//5943 4465//5943
f 4462//5943 4463//5943 4494//5943
f 4494//5943 4463//5943 4464//5943
f 4494//5943 4464//5943 4465//5943
f 4459//5943 4460//5943 4494//5943
f 4494//5943 4460//5943 4461//5943
f 4494//5943 4461//5943 4462//5943
f 4456//5943 4457//5943 4494//5943
f 4494//5943 4457//5943 4458//5943
f 4494//5943 4458//5943 4459//5943
f 4453//5943 4454//5943 4494//5943
f 4494//5943 4454//5943 4455//5943
f 4494//5943 4455//5943 4456//5943
f 4450//5943 4451//5943 4494//5943
f 4494//5943 4451//5943 4452//5943
f 4494//5943 4452//5943 4453//5943
f 4447//5943 4448//5943 4494//5943
f 4494//5943 4448//5943 4449//5943
f 4494//5943 4449//5943 4450//5943
f 4444//5943 4445//5943 4494//5943
f 4494//5943 4445//5943 4446//5943
f 4494//5943 4446//5943 4447//5943
f 4441//5943 4442//5943 4494//5943
f 4494//5943 4442//5943 4443//5943
f 4494//5943 4443//5943 4444//5943
f 4492//5943 4438//5943 4494//5943
f 4494//5943 4438//5943 4440//5943
f 4494//5943 4440//5943 4441//5943
f 4489//5943 4490//5943 4494//5943
f 4494//5943 4490//5943 4491//5943
f 4494//5943 4491//5943 4492//5943
f 4486//5943 4487//5943 4494//5943
f 4494//5943 4487//5943 4488//5943
f 4494//5943 4488//5943 4489//5943
f 4483//5943 4484//5943 4494//5943
f 4494//5943 4484//5943 4485//5943
f 4494//5943 4485//5943 4486//5943
f 4480//5943 4481//5943 4494//5943
f 4494//5943 4481//5943 4482//5943
f 4494//5943 4482//5943 4483//5943
f 4477//5943 4478//5943 4494//5943
f 4494//5943 4478//5943 4479//5943
f 4494//5943 4479//5943 4480//5943
f 4474//5943 4475//5943 4494//5943
f 4494//5943 4475//5943 4476//5943
f 4494//5943 4476//5943 4477//5943
f 4471//5943 4472//5943 4494//5943
f 4494//5943 4472//5943 4473//5943
f 4494//5943 4473//5943 4474//5943
f 4468//5943 4469//5943 4494//5943
f 4494//5943 4469//5943 4470//5943
f 4494//5943 4470//5943 4471//5943
f 4495//6213 4496//6213 4497//6213
f 4498//6214 4499//6214 4500//6214
f 4501//6215 4502//6215 4503//6215
f 4504//6216 4505//6216 4506//6216
f 4506//6217 4505//6217 4507//6217
f 4506//6218 4507//6218 4508//6218
f 4509//6219 4510//6219 4511//6219
f 4511//6220 4510//6220 4512//6220
f 4511//6221 4512//6221 4513//6221
f 4513//6222 4512//6222 4514//6222
f 4513//6223 4514//6223 4515//6223
f 4516//6224 4517//6224 4518//6224
f 4518//6225 4517//6225 4519//6225
f 4518//6226 4519//6226 4509//6226
f 4520//6227 4521//6227 4522//6227
f 4522//6228 4521//6228 4523//6228
f 4522//6229 4523//6229 4524//6229
f 4524//6230 4523//6230 4525//6230
f 4525//6231 4523//6231 4526//6231
f 4525//6232 4526//6232 4527//6232
f 2494//6233 4528//6233 4529//6233
f 4529//6234 4528//6234 4530//6234
f 4530//6235 4531//6235 4529//6235
f 4529//6236 4531//6236 4532//6236
f 4529//6237 4532//6237 4526//6237
f 4526//6238 4532//6238 4533//6238
f 4526//6239 4533//6239 4527//6239
f 4534//6240 4535//6240 4536//6240
f 4536//6241 4535//6241 4537//6241
f 4536//6242 4537//6242 4101//6242
f 4500//6243 4499//6243 4536//6243
f 4536//6244 4499//6244 4538//6244
f 4536//6245 4538//6245 4534//6245
f 4496//6246 4495//6246 4539//6246
f 4495//6247 4540//6247 4539//6247
f 4539//6248 4540//6248 4541//6248
f 4539//6249 4541//6249 4500//6249
f 4500//6250 4541//6250 4542//6250
f 4500//6251 4542//6251 4498//6251
f 4509//6252 4511//6252 4518//6252
f 4518//6253 4511//6253 4543//6253
f 4518//6254 4543//6254 4544//6254
f 4545//6255 4513//6255 4507//6255
f 4507//6256 4513//6256 4515//6256
f 4507//6257 4515//6257 4508//6257
f 4545//6258 4546//6258 4513//6258
f 4513//6259 4546//6259 4547//6259
f 4513//6260 4547//6260 4511//6260
f 4511//6261 4547//6261 4548//6261
f 4511//6262 4548//6262 4543//6262
f 4549//6263 4550//6263 4505//6263
f 4505//6264 4550//6264 4551//6264
f 4505//6265 4551//6265 4507//6265
f 4507//6266 4551//6266 4552//6266
f 4507//6267 4552//6267 4545//6267
f 4502//6268 4261//6268 4503//6268
f 4503//6269 4261//6269 4260//6269
f 4503//6270 4260//6270 4263//6270
f 4504//6271 4501//6271 4505//6271
f 4505//6272 4501//6272 4503//6272
f 4505//6273 4503//6273 4549//6273
f 4549//6274 4503//6274 4263//6274
f 4549//6275 4263//6275 4265//6275
f 4520//6276 4517//6276 4521//6276
f 4521//6277 4517//6277 4516//6277
f 4521//6278 4516//6278 4523//6278
f 4523//6278 4516//6278 4553//6278
f 4523//6279 4553//6279 4526//6279
f 4526//6279 4553//6279 4554//6279
f 4526//6280 4554//6280 4529//6280
f 4529//6280 4554//6280 4555//6280
f 4544//6281 4556//6281 4518//6281
f 4518//6282 4556//6282 4497//6282
f 4518//6283 4497//6283 4516//6283
f 4516//6284 4497//6284 4496//6284
f 4516//6285 4496//6285 4553//6285
f 4553//6285 4496//6285 4539//6285
f 4553//6286 4539//6286 4554//6286
f 4554//6286 4539//6286 4500//6286
f 4554//6287 4500//6287 4555//6287
f 4555//6287 4500//6287 4536//6287
f 4557//6157 4259//6157 4257//6157
f 4557//6157 4257//6157 4558//6157
f 4559//6157 4560//6157 4264//6157
f 4264//6157 4560//6157 4561//6157
f 4264//6157 4262//6157 4562//6157
f 4562//6157 4563//6157 4264//6157
f 4264//6157 4563//6157 4564//6157
f 4264//6157 4564//6157 4565//6157
f 4565//6157 4566//6157 4264//6157
f 4264//6157 4566//6157 4567//6157
f 4264//6157 4567//6157 4568//6157
f 4561//6157 4569//6157 4264//6157
f 4264//6157 4569//6157 4570//6157
f 4264//6157 4570//6157 4257//6157
f 4257//6157 4570//6157 4571//6157
f 4257//6157 4571//6157 4558//6157
f 4568//6157 4572//6157 4264//6157
f 4264//6157 4572//6157 4573//6157
f 4264//6157 4573//6157 4559//6157
f 4574//6288 2514//6288 2483//6288
f 2509//6289 2516//6289 4574//6289
f 4574//6290 2516//6290 2515//6290
f 4574//6291 2515//6291 2514//6291
f 4259//6292 4557//6292 2520//6292
f 2520//6293 4557//6293 4574//6293
f 2520//6294 4574//6294 2482//6294
f 2482//6295 4574//6295 2483//6295
f 2509//6296 4574//6296 2510//6296
f 2510//6297 4574//6297 4557//6297
f 2510//6298 4557//6298 2511//6298
f 2511//6299 4557//6299 4558//6299
f 2511//6300 4558//6300 2512//6300
f 2488//6301 2487//6301 4571//6301
f 4571//6302 2487//6302 2485//6302
f 4571//6303 2485//6303 4558//6303
f 4558//6304 2485//6304 2484//6304
f 4558//6305 2484//6305 2512//6305
f 4570//6306 2504//6306 4571//6306
f 4571//6307 2504//6307 2503//6307
f 4571//6308 2503//6308 2488//6308
f 2499//6309 2498//6309 4569//6309
f 4569//6310 2498//6310 2496//6310
f 4569//6311 2496//6311 4570//6311
f 4570//6312 2496//6312 2505//6312
f 4570//6313 2505//6313 2504//6313
f 2499//6314 4569//6314 2500//6314
f 2500//6315 4569//6315 4561//6315
f 2500//6316 4561//6316 2501//6316
f 4568//6317 4528//6317 4572//6317
f 4572//6318 4528//6318 4575//6318
f 4572//6318 4575//6318 4573//6318
f 4573//6319 4575//6319 2493//6319
f 4573//6319 2493//6319 4559//6319
f 4559//6320 2493//6320 2491//6320
f 4559//6320 2491//6320 4560//6320
f 4560//6321 2491//6321 2490//6321
f 4560//6322 2490//6322 4561//6322
f 4561//6323 2490//6323 2502//6323
f 4561//6324 2502//6324 2501//6324
f 4533//6325 4532//6325 4567//6325
f 4567//6326 4532//6326 4531//6326
f 4567//6327 4531//6327 4568//6327
f 4568//6328 4531//6328 4530//6328
f 4568//6317 4530//6317 4528//6317
f 4533//6329 4567//6329 4527//6329
f 4527//6330 4567//6330 4566//6330
f 4527//6331 4566//6331 4525//6331
f 4525//6332 4566//6332 4524//6332
f 4524//6333 4566//6333 4565//6333
f 4524//6334 4565//6334 4522//6334
f 4522//6335 4565//6335 4520//6335
f 4520//6336 4565//6336 4564//6336
f 4520//6337 4564//6337 4517//6337
f 4563//6338 4509//6338 4564//6338
f 4564//6339 4509//6339 4519//6339
f 4564//6340 4519//6340 4517//6340
f 4514//6341 4512//6341 4563//6341
f 4563//6342 4512//6342 4510//6342
f 4563//6343 4510//6343 4509//6343
f 4562//6344 4262//6344 4261//6344
f 4515//6345 4576//6345 4508//6345
f 4508//6346 4576//6346 4506//6346
f 4502//6347 4501//6347 4576//6347
f 4576//6348 4501//6348 4504//6348
f 4576//6349 4504//6349 4506//6349
f 4514//6350 4563//6350 4515//6350
f 4515//6351 4563//6351 4562//6351
f 4515//6352 4562//6352 4576//6352
f 4576//6353 4562//6353 4261//6353
f 4576//6354 4261//6354 4502//6354
f 4577//6157 4578//6157 4267//6157
f 4579//6157 4580//6157 4267//6157
f 4577//6157 4267//6157 4581//6157
f 4268//6157 4582//6157 4267//6157
f 4267//6157 4582//6157 4583//6157
f 4267//6157 4583//6157 4584//6157
f 4578//6157 4585//6157 4267//6157
f 4267//6157 4585//6157 4586//6157
f 4267//6157 4586//6157 4587//6157
f 4587//6157 4588//6157 4267//6157
f 4267//6157 4588//6157 4589//6157
f 4267//6157 4589//6157 4579//6157
f 4580//6157 4590//6157 4267//6157
f 4267//6157 4590//6157 4591//6157
f 4267//6157 4591//6157 4266//6157
f 4584//6157 4592//6157 4267//6157
f 4267//6157 4592//6157 4593//6157
f 4267//6157 4593//6157 4581//6157
f 4551//6355 4550//6355 4594//6355
f 4551//6356 4594//6356 4552//6356
f 4266//6357 4591//6357 4265//6357
f 4265//6358 4591//6358 4594//6358
f 4265//6359 4594//6359 4549//6359
f 4549//6360 4594//6360 4550//6360
f 4543//6361 4548//6361 4590//6361
f 4590//6362 4548//6362 4547//6362
f 4590//6363 4547//6363 4591//6363
f 4591//6364 4547//6364 4546//6364
f 4591//6365 4546//6365 4594//6365
f 4594//6366 4546//6366 4545//6366
f 4594//6367 4545//6367 4552//6367
f 4580//6368 4556//6368 4590//6368
f 4590//6369 4556//6369 4544//6369
f 4590//6370 4544//6370 4543//6370
f 4579//6371 4495//6371 4580//6371
f 4580//6372 4495//6372 4497//6372
f 4580//6373 4497//6373 4556//6373
f 4589//6374 4541//6374 4579//6374
f 4579//6375 4541//6375 4540//6375
f 4579//6376 4540//6376 4495//6376
f 4538//6377 4499//6377 4588//6377
f 4588//6378 4499//6378 4498//6378
f 4588//6379 4498//6379 4589//6379
f 4589//6380 4498//6380 4542//6380
f 4589//6381 4542//6381 4541//6381
f 4538//6382 4588//6382 4534//6382
f 4534//6383 4588//6383 4587//6383
f 4534//6384 4587//6384 4535//6384
f 4535//6385 4587//6385 4586//6385
f 4535//6385 4586//6385 4537//6385
f 4537//6386 4586//6386 4585//6386
f 4537//6386 4585//6386 4595//6386
f 4595//6387 4585//6387 4578//6387
f 4595//6387 4578//6387 4102//6387
f 4102//6388 4578//6388 4577//6388
f 4102//6388 4577//6388 4104//6388
f 4104//6389 4577//6389 4105//6389
f 4105//6390 4577//6390 4581//6390
f 4105//6391 4581//6391 4106//6391
f 4099//6392 4097//6392 4593//6392
f 4593//6393 4097//6393 4096//6393
f 4593//6394 4096//6394 4581//6394
f 4581//6395 4096//6395 4107//6395
f 4581//6396 4107//6396 4106//6396
f 4091//6397 4592//6397 4092//6397
f 4092//6398 4592//6398 4584//6398
f 4092//6399 4584//6399 4088//6399
f 4091//6400 4093//6400 4592//6400
f 4592//6401 4093//6401 4095//6401
f 4592//6402 4095//6402 4593//6402
f 4593//6403 4095//6403 4100//6403
f 4593//6404 4100//6404 4099//6404
f 4582//6405 4081//6405 4583//6405
f 4583//6406 4081//6406 4083//6406
f 4083//6407 4084//6407 4583//6407
f 4583//6408 4084//6408 4086//6408
f 4583//6409 4086//6409 4584//6409
f 4584//6410 4086//6410 4089//6410
f 4584//6411 4089//6411 4088//6411
f 4075//6412 4076//6412 4077//6412
f 4582//6413 4268//6413 4075//6413
f 4075//6414 4077//6414 4582//6414
f 4582//6415 4077//6415 4078//6415
f 4582//6416 4078//6416 4070//6416
f 4070//6417 4069//6417 4582//6417
f 4582//6418 4069//6418 4079//6418
f 4582//6419 4079//6419 4081//6419
f 4270//6157 4596//6157 4597//6157
f 4597//6157 4598//6157 4270//6157
f 4270//6157 4598//6157 4599//6157
f 4270//6157 4599//6157 4600//6157
f 4270//6157 4601//6157 4602//6157
f 4600//6157 4603//6157 4270//6157
f 4270//6157 4603//6157 4604//6157
f 4270//6157 4604//6157 4271//6157
f 4602//6157 4605//6157 4270//6157
f 4270//6157 4605//6157 4606//6157
f 4270//6157 4606//6157 4596//6157
f 4270//6157 4269//6157 4607//6157
f 4608//6157 4609//6157 4270//6157
f 4270//6157 4609//6157 4610//6157
f 4270//6157 4610//6157 4601//6157
f 4607//6157 4611//6157 4270//6157
f 4270//6157 4611//6157 4612//6157
f 4270//6157 4612//6157 4608//6157
f 4613//6420 4127//6420 4132//6420
f 4130//6421 4129//6421 4613//6421
f 4613//6422 4129//6422 4128//6422
f 4613//6423 4128//6423 4127//6423
f 4271//6424 4604//6424 4134//6424
f 4134//6425 4604//6425 4613//6425
f 4134//6426 4613//6426 4133//6426
f 4133//6427 4613//6427 4132//6427
f 4130//6428 4613//6428 4131//6428
f 4131//6429 4613//6429 4604//6429
f 4131//6430 4604//6430 4126//6430
f 4126//6431 4604//6431 4603//6431
f 4126//6432 4603//6432 4123//6432
f 4067//6433 4066//6433 4600//6433
f 4600//6434 4066//6434 4125//6434
f 4600//6435 4125//6435 4603//6435
f 4603//6436 4125//6436 4124//6436
f 4603//6437 4124//6437 4123//6437
f 4599//6438 4121//6438 4600//6438
f 4600//6439 4121//6439 4120//6439
f 4600//6440 4120//6440 4067//6440
f 4116//6441 4115//6441 4598//6441
f 4598//6442 4115//6442 4113//6442
f 4598//6443 4113//6443 4599//6443
f 4599//6444 4113//6444 4122//6444
f 4599//6445 4122//6445 4121//6445
f 4116//6446 4598//6446 4117//6446
f 4117//6447 4598//6447 4597//6447
f 4117//6448 4597//6448 4118//6448
f 4601//6449 4031//6449 4602//6449
f 4602//6450 4031//6450 4614//6450
f 4602//6451 4614//6451 4605//6451
f 4605//6452 4614//6452 4111//6452
f 4605//6452 4111//6452 4606//6452
f 4606//6453 4111//6453 4109//6453
f 4606//6453 4109//6453 4596//6453
f 4596//6454 4109//6454 4108//6454
f 4596//6455 4108//6455 4597//6455
f 4597//6456 4108//6456 4119//6456
f 4597//6457 4119//6457 4118//6457
f 4036//6458 4035//6458 4610//6458
f 4610//6459 4035//6459 4034//6459
f 4610//6460 4034//6460 4601//6460
f 4601//6461 4034//6461 4033//6461
f 4601//6449 4033//6449 4031//6449
f 4036//6462 4610//6462 4029//6462
f 4029//6463 4610//6463 4609//6463
f 4029//6464 4609//6464 4027//6464
f 4027//6465 4609//6465 4026//6465
f 4026//6466 4609//6466 4608//6466
f 4026//6467 4608//6467 4024//6467
f 4024//6468 4608//6468 4022//6468
f 4022//6469 4608//6469 4612//6469
f 4022//6470 4612//6470 4019//6470
f 4611//6471 4011//6471 4612//6471
f 4612//6472 4011//6472 4021//6472
f 4612//6473 4021//6473 4019//6473
f 4016//6474 4014//6474 4611//6474
f 4611//6475 4014//6475 4012//6475
f 4611//6476 4012//6476 4011//6476
f 4607//6477 4269//6477 4061//6477
f 4017//6478 4615//6478 4010//6478
f 4010//6479 4615//6479 4008//6479
f 4054//6480 4007//6480 4615//6480
f 4615//6481 4007//6481 4006//6481
f 4615//6482 4006//6482 4008//6482
f 4016//6483 4611//6483 4017//6483
f 4017//6484 4611//6484 4607//6484
f 4017//6485 4607//6485 4615//6485
f 4615//6486 4607//6486 4061//6486
f 4615//6487 4061//6487 4054//6487
f 4616//6157 4272//6157 4255//6157
f 4616//6157 4255//6157 4617//6157
f 4273//6157 4618//6157 4274//6157
f 4274//6157 4618//6157 4619//6157
f 4274//6157 4619//6157 4620//6157
f 4620//6157 4621//6157 4274//6157
f 4274//6157 4621//6157 4622//6157
f 4274//6157 4622//6157 4623//6157
f 4624//6157 4625//6157 4274//6157
f 4274//6157 4625//6157 4626//6157
f 4274//6157 4626//6157 4627//6157
f 4627//6157 4628//6157 4274//6157
f 4274//6157 4628//6157 4629//6157
f 4274//6157 4629//6157 4255//6157
f 4255//6157 4629//6157 4630//6157
f 4255//6157 4630//6157 4617//6157
f 4623//6157 4631//6157 4274//6157
f 4274//6157 4631//6157 4632//6157
f 4274//6157 4632//6157 4624//6157
f 4056//6488 4055//6488 4633//6488
f 4056//6489 4633//6489 4057//6489
f 4272//6490 4616//6490 4058//6490
f 4058//6491 4616//6491 4633//6491
f 4058//6492 4633//6492 4052//6492
f 4052//6493 4633//6493 4055//6493
f 4617//6494 4047//6494 4046//6494
f 4046//6495 4051//6495 4617//6495
f 4617//6496 4051//6496 4050//6496
f 4617//6497 4050//6497 4616//6497
f 4616//6498 4050//6498 4049//6498
f 4616//6499 4049//6499 4633//6499
f 4633//6500 4049//6500 4048//6500
f 4633//6501 4048//6501 4057//6501
f 4047//6502 4617//6502 4065//6502
f 4065//6503 4617//6503 4630//6503
f 4065//6504 4630//6504 4001//6504
f 4001//6505 4630//6505 3999//6505
f 3999//6506 4630//6506 4629//6506
f 3999//6507 4629//6507 4043//6507
f 4043//6508 4629//6508 4044//6508
f 4044//6509 4629//6509 4628//6509
f 4044//6510 4628//6510 4045//6510
f 4045//6511 4628//6511 4002//6511
f 4002//6512 4628//6512 4627//6512
f 4002//6513 4627//6513 4003//6513
f 4631//6514 3964//6514 4632//6514
f 4632//6515 3964//6515 4634//6515
f 4632//6515 4634//6515 4624//6515
f 4624//6516 4634//6516 4040//6516
f 4624//6516 4040//6516 4625//6516
f 4625//6517 4040//6517 4038//6517
f 4625//6517 4038//6517 4626//6517
f 4626//6518 4038//6518 4037//6518
f 4626//6519 4037//6519 4627//6519
f 4627//6520 4037//6520 4041//6520
f 4627//6521 4041//6521 4003//6521
f 3969//6522 3968//6522 4623//6522
f 4623//6523 3968//6523 3967//6523
f 4623//6524 3967//6524 4631//6524
f 4631//6525 3967//6525 3966//6525
f 4631//6514 3966//6514 3964//6514
f 3969//6526 4623//6526 3962//6526
f 3962//6527 4623//6527 4622//6527
f 3962//6528 4622//6528 3960//6528
f 3960//6529 4622//6529 3959//6529
f 3959//6530 4622//6530 4621//6530
f 3959//6531 4621//6531 3957//6531
f 3957//6532 4621//6532 3955//6532
f 3955//6533 4621//6533 4620//6533
f 3955//6534 4620//6534 3952//6534
f 4619//6535 3944//6535 4620//6535
f 4620//6536 3944//6536 3954//6536
f 4620//6537 3954//6537 3952//6537
f 3949//6538 3947//6538 4619//6538
f 4619//6539 3947//6539 3945//6539
f 4619//6540 3945//6540 3944//6540
f 4618//6541 4273//6541 3991//6541
f 3950//6542 4635//6542 3943//6542
f 3943//6543 4635//6543 3941//6543
f 3987//6544 3940//6544 4635//6544
f 4635//6545 3940//6545 3939//6545
f 4635//6546 3939//6546 3941//6546
f 3949//6547 4619//6547 3950//6547
f 3950//6548 4619//6548 4618//6548
f 3950//6549 4618//6549 4635//6549
f 4635//6550 4618//6550 3991//6550
f 4635//6551 3991//6551 3987//6551
f 4636//6157 4637//6157 4276//6157
f 4276//6157 4638//6157 4639//6157
f 4276//6157 4277//6157 4640//6157
f 4639//6157 4641//6157 4276//6157
f 4276//6157 4641//6157 4642//6157
f 4276//6157 4642//6157 4643//6157
f 4637//6157 4644//6157 4276//6157
f 4276//6157 4644//6157 4645//6157
f 4276//6157 4645//6157 4638//6157
f 4643//6157 4646//6157 4276//6157
f 4276//6157 4646//6157 4647//6157
f 4276//6157 4647//6157 4648//6157
f 4648//6157 4649//6157 4276//6157
f 4276//6157 4649//6157 4650//6157
f 4276//6157 4650//6157 4275//6157
f 4640//6157 4651//6157 4276//6157
f 4276//6157 4651//6157 4652//6157
f 4276//6157 4652//6157 4636//6157
f 3989//6552 3988//6552 4653//6552
f 3989//6553 4653//6553 3990//6553
f 4275//6554 4650//6554 3994//6554
f 3994//6555 4650//6555 4653//6555
f 3994//6556 4653//6556 3985//6556
f 3985//6557 4653//6557 3988//6557
f 4649//6558 3980//6558 3979//6558
f 3979//6559 3984//6559 4649//6559
f 4649//6560 3984//6560 3983//6560
f 4649//6561 3983//6561 4650//6561
f 4650//6562 3983//6562 3982//6562
f 4650//6563 3982//6563 4653//6563
f 4653//6564 3982//6564 3981//6564
f 4653//6565 3981//6565 3990//6565
f 3980//6566 4649//6566 3998//6566
f 3998//6567 4649//6567 4648//6567
f 3998//6568 4648//6568 3934//6568
f 3934//6569 4648//6569 3932//6569
f 3932//6570 4648//6570 4647//6570
f 3932//6571 4647//6571 3976//6571
f 3976//6572 4647//6572 3977//6572
f 3977//6573 4647//6573 4646//6573
f 3977//6574 4646//6574 3978//6574
f 3978//6575 4646//6575 3935//6575
f 3935//6576 4646//6576 4643//6576
f 3935//6577 4643//6577 3936//6577
f 4645//6578 3902//6578 4638//6578
f 4638//6579 3902//6579 4654//6579
f 4638//6580 4654//6580 4639//6580
f 4639//6581 4654//6581 3973//6581
f 4639//6581 3973//6581 4641//6581
f 4641//6582 3973//6582 3971//6582
f 4641//6582 3971//6582 4642//6582
f 4642//6583 3971//6583 3970//6583
f 4642//6584 3970//6584 4643//6584
f 4643//6585 3970//6585 3974//6585
f 4643//6586 3974//6586 3936//6586
f 3907//6587 3906//6587 4644//6587
f 4644//6588 3906//6588 3905//6588
f 4644//6589 3905//6589 4645//6589
f 4645//6590 3905//6590 3904//6590
f 4645//6578 3904//6578 3902//6578
f 3907//6591 4644//6591 3900//6591
f 3900//6592 4644//6592 4637//6592
f 3900//6593 4637//6593 3898//6593
f 3898//6594 4637//6594 3897//6594
f 3897//6595 4637//6595 4636//6595
f 3897//6596 4636//6596 3895//6596
f 3895//6597 4636//6597 3893//6597
f 3893//6598 4636//6598 4652//6598
f 3893//6599 4652//6599 3890//6599
f 4651//6600 3882//6600 4652//6600
f 4652//6601 3882//6601 3892//6601
f 4652//6602 3892//6602 3890//6602
f 3887//6603 3885//6603 4651//6603
f 4651//6604 3885//6604 3883//6604
f 4651//6605 3883//6605 3882//6605
f 4640//6606 4277//6606 3875//6606
f 3888//6607 4655//6607 3881//6607
f 3881//6608 4655//6608 3879//6608
f 3873//6609 3872//6609 4655//6609
f 4655//6610 3872//6610 3877//6610
f 4655//6611 3877//6611 3879//6611
f 3887//6612 4651//6612 3888//6612
f 3888//6613 4651//6613 4640//6613
f 3888//6614 4640//6614 4655//6614
f 4655//6615 4640//6615 3875//6615
f 4655//6616 3875//6616 3873//6616
f 4656//6157 4278//6157 4279//6157
f 4657//6157 4658//6157 4279//6157
f 4279//6157 4658//6157 4659//6157
f 4279//6157 4659//6157 4660//6157
f 4280//6157 4661//6157 4279//6157
f 4279//6157 4661//6157 4662//6157
f 4279//6157 4662//6157 4663//6157
f 4660//6157 4664//6157 4279//6157
f 4279//6157 4664//6157 4665//6157
f 4279//6157 4665//6157 4656//6157
f 4666//6157 4279//6157 4667//6157
f 4667//6157 4279//6157 4668//6157
f 4666//6157 4669//6157 4279//6157
f 4279//6157 4669//6157 4670//6157
f 4279//6157 4670//6157 4657//6157
f 4663//6157 4671//6157 4279//6157
f 4279//6157 4671//6157 4672//6157
f 4279//6157 4672//6157 4668//6157
f 3925//6617 3924//6617 4673//6617
f 3925//6618 4673//6618 3926//6618
f 4278//6619 4656//6619 3927//6619
f 3927//6620 4656//6620 4673//6620
f 3927//6621 4673//6621 3923//6621
f 3923//6622 4673//6622 3924//6622
f 4665//6623 3918//6623 3917//6623
f 3917//6624 3922//6624 4665//6624
f 4665//6625 3922//6625 3921//6625
f 4665//6626 3921//6626 4656//6626
f 4656//6627 3921//6627 3920//6627
f 4656//6628 3920//6628 4673//6628
f 4673//6629 3920//6629 3919//6629
f 4673//6630 3919//6630 3926//6630
f 3918//6631 4665//6631 3931//6631
f 3931//6632 4665//6632 4664//6632
f 3931//6633 4664//6633 3868//6633
f 3868//6634 4664//6634 3866//6634
f 3866//6635 4664//6635 4660//6635
f 3866//6636 4660//6636 3914//6636
f 3914//6637 4660//6637 3915//6637
f 3915//6638 4660//6638 4659//6638
f 3915//6639 4659//6639 3916//6639
f 3916//6640 4659//6640 3869//6640
f 3869//6641 4659//6641 4658//6641
f 3869//6642 4658//6642 3870//6642
f 4667//6643 3831//6643 4666//6643
f 4666//6644 3831//6644 4674//6644
f 4666//6644 4674//6644 4669//6644
f 4669//6645 4674//6645 3911//6645
f 4669//6645 3911//6645 4670//6645
f 4670//6646 3911//6646 3909//6646
f 4670//6646 3909//6646 4657//6646
f 4657//6647 3909//6647 3908//6647
f 4657//6648 3908//6648 4658//6648
f 4658//6649 3908//6649 3912//6649
f 4658//6650 3912//6650 3870//6650
f 3836//6651 3835//6651 4668//6651
f 4668//6652 3835//6652 3834//6652
f 4668//6653 3834//6653 4667//6653
f 4667//6654 3834//6654 3833//6654
f 4667//6643 3833//6643 3831//6643
f 3836//6655 4668//6655 3829//6655
f 3829//6656 4668//6656 4672//6656
f 3829//6657 4672//6657 3827//6657
f 3827//6658 4672//6658 3826//6658
f 3826//6659 4672//6659 4671//6659
f 3826//6660 4671//6660 3824//6660
f 3824//6661 4671//6661 3822//6661
f 3822//6662 4671//6662 4663//6662
f 3822//6663 4663//6663 3819//6663
f 4662//6664 3811//6664 4663//6664
f 4663//6665 3811//6665 3821//6665
f 4663//6666 3821//6666 3819//6666
f 3816//6667 3814//6667 4662//6667
f 4662//6668 3814//6668 3812//6668
f 4662//6669 3812//6669 3811//6669
f 4661//6670 4280//6670 3861//6670
f 3817//6671 4675//6671 3810//6671
f 3810//6672 4675//6672 3808//6672
f 3854//6673 3807//6673 4675//6673
f 4675//6674 3807//6674 3806//6674
f 4675//6675 3806//6675 3808//6675
f 3816//6676 4662//6676 3817//6676
f 3817//6677 4662//6677 4661//6677
f 3817//6678 4661//6678 4675//6678
f 4675//6679 4661//6679 3861//6679
f 4675//6680 3861//6680 3854//6680
f 4676//6157 4677//6157 4254//6157
f 4254//6157 4677//6157 4678//6157
f 4254//6157 4678//6157 4281//6157
f 4282//6157 4679//6157 4283//6157
f 4283//6157 4679//6157 4680//6157
f 4680//6157 4681//6157 4283//6157
f 4283//6157 4681//6157 4682//6157
f 4283//6157 4682//6157 4254//6157
f 4254//6157 4682//6157 4683//6157
f 4254//6157 4683//6157 4684//6157
f 4684//6157 4685//6157 4254//6157
f 4254//6157 4685//6157 4686//6157
f 4254//6157 4686//6157 4687//6157
f 4687//6157 4688//6157 4254//6157
f 4254//6157 4688//6157 4689//6157
f 4254//6157 4689//6157 4690//6157
f 4690//6157 4691//6157 4254//6157
f 4254//6157 4691//6157 4692//6157
f 4254//6157 4692//6157 4676//6157
f 3856//6681 3855//6681 4693//6681
f 3856//6682 4693//6682 3857//6682
f 4281//6683 4678//6683 3858//6683
f 3858//6684 4678//6684 4693//6684
f 3858//6685 4693//6685 3852//6685
f 3852//6686 4693//6686 3855//6686
f 4677//6687 3847//6687 3846//6687
f 3846//6688 3851//6688 4677//6688
f 4677//6689 3851//6689 3850//6689
f 4677//6690 3850//6690 4678//6690
f 4678//6691 3850//6691 3849//6691
f 4678//6692 3849//6692 4693//6692
f 4693//6693 3849//6693 3848//6693
f 4693//6694 3848//6694 3857//6694
f 3847//6695 4677//6695 3865//6695
f 3865//6696 4677//6696 4676//6696
f 3865//6697 4676//6697 3801//6697
f 3801//6698 4676//6698 3799//6698
f 3799//6699 4676//6699 4692//6699
f 3799//6700 4692//6700 3843//6700
f 3843//6701 4692//6701 3844//6701
f 3844//6702 4692//6702 4691//6702
f 3844//6703 4691//6703 3845//6703
f 3845//6704 4691//6704 3802//6704
f 3802//6705 4691//6705 4690//6705
f 3802//6706 4690//6706 3803//6706
f 4685//6707 3764//6707 4686//6707
f 4686//6708 3764//6708 4694//6708
f 4686//6708 4694//6708 4687//6708
f 4687//6709 4694//6709 3840//6709
f 4687//6709 3840//6709 4688//6709
f 4688//6710 3840//6710 3838//6710
f 4688//6710 3838//6710 4689//6710
f 4689//6711 3838//6711 3837//6711
f 4689//6712 3837//6712 4690//6712
f 4690//6713 3837//6713 3841//6713
f 4690//6714 3841//6714 3803//6714
f 3769//6715 3768//6715 4684//6715
f 4684//6716 3768//6716 3767//6716
f 4684//6717 3767//6717 4685//6717
f 4685//6718 3767//6718 3766//6718
f 4685//6707 3766//6707 3764//6707
f 3769//6719 4684//6719 3762//6719
f 3762//6720 4684//6720 4683//6720
f 3762//6721 4683//6721 3760//6721
f 3760//6722 4683//6722 3759//6722
f 3759//6723 4683//6723 4682//6723
f 3759//6724 4682//6724 3757//6724
f 3757//6725 4682//6725 3755//6725
f 3755//6726 4682//6726 4681//6726
f 3755//5970 4681//5970 3752//5970
f 4680//6727 3744//6727 4681//6727
f 4681//6728 3744//6728 3754//6728
f 4681//6729 3754//6729 3752//6729
f 3749//6730 3747//6730 4680//6730
f 4680//6731 3747//6731 3745//6731
f 4680//6732 3745//6732 3744//6732
f 4679//6733 4282//6733 3791//6733
f 3750//6734 4695//6734 3743//6734
f 3743//6735 4695//6735 3741//6735
f 3787//6736 3740//6736 4695//6736
f 4695//6737 3740//6737 3739//6737
f 4695//6738 3739//6738 3741//6738
f 3749//6739 4680//6739 3750//6739
f 3750//6740 4680//6740 4679//6740
f 3750//6741 4679//6741 4695//6741
f 4695//6742 4679//6742 3791//6742
f 4695//6743 3791//6743 3787//6743
f 4286//6157 4284//6157 4696//6157
f 4286//6157 4697//6157 4698//6157
f 4699//6157 4700//6157 4286//6157
f 4698//6157 4701//6157 4286//6157
f 4286//6157 4701//6157 4702//6157
f 4286//6157 4702//6157 4703//6157
f 4700//6157 4704//6157 4286//6157
f 4286//6157 4704//6157 4705//6157
f 4286//6157 4705//6157 4285//6157
f 4696//6157 4706//6157 4286//6157
f 4286//6157 4706//6157 4707//6157
f 4286//6157 4707//6157 4708//6157
f 4708//6157 4709//6157 4286//6157
f 4286//6157 4709//6157 4710//6157
f 4286//6157 4710//6157 4697//6157
f 4703//6157 4711//6157 4286//6157
f 4286//6157 4711//6157 4712//6157
f 4286//6157 4712//6157 4699//6157
f 3789//6744 3788//6744 4713//6744
f 3789//6745 4713//6745 3790//6745
f 4285//6746 4705//6746 3794//6746
f 3794//6747 4705//6747 4713//6747
f 3794//6748 4713//6748 3785//6748
f 3785//6749 4713//6749 3788//6749
f 4704//6750 3780//6750 3779//6750
f 3779//6751 3784//6751 4704//6751
f 4704//6752 3784//6752 3783//6752
f 4704//6753 3783//6753 4705//6753
f 4705//6754 3783//6754 3782//6754
f 4705//6755 3782//6755 4713//6755
f 4713//6756 3782//6756 3781//6756
f 4713//6757 3781//6757 3790//6757
f 3780//6758 4704//6758 3798//6758
f 3798//6759 4704//6759 4700//6759
f 3798//6760 4700//6760 3734//6760
f 3734//6761 4700//6761 3732//6761
f 3732//6762 4700//6762 4699//6762
f 3732//6763 4699//6763 3776//6763
f 3776//6764 4699//6764 3777//6764
f 3777//6765 4699//6765 4712//6765
f 3777//6766 4712//6766 3778//6766
f 3778//6767 4712//6767 3735//6767
f 3735//6768 4712//6768 4711//6768
f 3735//6769 4711//6769 3736//6769
f 4697//6770 3699//6770 4698//6770
f 4698//6771 3699//6771 4714//6771
f 4698//6771 4714//6771 4701//6771
f 4701//6772 4714//6772 3773//6772
f 4701//6772 3773//6772 4702//6772
f 4702//6773 3773//6773 3771//6773
f 4702//6773 3771//6773 4703//6773
f 4703//6774 3771//6774 3770//6774
f 4703//6775 3770//6775 4711//6775
f 4711//6776 3770//6776 3774//6776
f 4711//6777 3774//6777 3736//6777
f 3704//6778 3703//6778 4710//6778
f 4710//6779 3703//6779 3702//6779
f 4710//6780 3702//6780 4697//6780
f 4697//6781 3702//6781 3701//6781
f 4697//6770 3701//6770 3699//6770
f 3704//6782 4710//6782 3697//6782
f 3697//6783 4710//6783 4709//6783
f 3697//6784 4709//6784 3695//6784
f 3695//6785 4709//6785 3694//6785
f 3694//6786 4709//6786 4708//6786
f 3694//6787 4708//6787 3692//6787
f 3692//6788 4708//6788 3690//6788
f 3690//6789 4708//6789 4707//6789
f 3690//6790 4707//6790 3687//6790
f 4706//6791 3679//6791 4707//6791
f 4707//6792 3679//6792 3689//6792
f 4707//6793 3689//6793 3687//6793
f 3684//6794 3682//6794 4706//6794
f 4706//6795 3682//6795 3680//6795
f 4706//6796 3680//6796 3679//6796
f 4696//6797 4284//6797 3724//6797
f 3685//6798 4715//6798 3678//6798
f 3678//6799 4715//6799 3676//6799
f 3672//6800 3671//6800 4715//6800
f 4715//6801 3671//6801 3674//6801
f 4715//6802 3674//6802 3676//6802
f 3684//6803 4706//6803 3685//6803
f 3685//6804 4706//6804 4696//6804
f 3685//6805 4696//6805 4715//6805
f 4715//6806 4696//6806 3724//6806
f 4715//6807 3724//6807 3672//6807
f 4716//6157 4717//6157 4288//6157
f 4288//6157 4717//6157 4718//6157
f 4288//6157 4718//6157 4719//6157
f 4719//6157 4720//6157 4288//6157
f 4288//6157 4720//6157 4721//6157
f 4288//6157 4721//6157 4722//6157
f 4722//6157 4723//6157 4288//6157
f 4288//6157 4723//6157 4724//6157
f 4288//6157 4724//6157 4287//6157
f 4289//6157 4725//6157 4288//6157
f 4288//6157 4725//6157 4726//6157
f 4288//6157 4726//6157 4727//6157
f 4727//6157 4728//6157 4288//6157
f 4288//6157 4728//6157 4729//6157
f 4288//6157 4729//6157 4730//6157
f 4730//6157 4731//6157 4288//6157
f 4288//6157 4731//6157 4732//6157
f 4288//6157 4732//6157 4716//6157
f 3722//6808 3721//6808 4733//6808
f 3722//6809 4733//6809 3723//6809
f 4287//6810 4724//6810 3727//6810
f 3727//6811 4724//6811 4733//6811
f 3727//6812 4733//6812 3720//6812
f 3720//6813 4733//6813 3721//6813
f 4723//6814 3715//6814 3714//6814
f 3714//6815 3719//6815 4723//6815
f 4723//6816 3719//6816 3718//6816
f 4723//6817 3718//6817 4724//6817
f 4724//6818 3718//6818 3717//6818
f 4724//6819 3717//6819 4733//6819
f 4733//6820 3717//6820 3716//6820
f 4733//6821 3716//6821 3723//6821
f 3715//6822 4723//6822 3731//6822
f 3731//6823 4723//6823 4722//6823
f 3731//6824 4722//6824 3667//6824
f 3667//6825 4722//6825 3665//6825
f 3665//6826 4722//6826 4721//6826
f 3665//6827 4721//6827 3711//6827
f 3711//6828 4721//6828 3712//6828
f 3712//6829 4721//6829 4720//6829
f 3712//6830 4720//6830 3713//6830
f 3713//6831 4720//6831 3668//6831
f 3668//6832 4720//6832 4719//6832
f 3668//6833 4719//6833 3669//6833
f 4731//6834 3630//6834 4732//6834
f 4732//6835 3630//6835 4734//6835
f 4732//6835 4734//6835 4716//6835
f 4716//6836 4734//6836 3708//6836
f 4716//6836 3708//6836 4717//6836
f 4717//6837 3708//6837 3706//6837
f 4717//6837 3706//6837 4718//6837
f 4718//6838 3706//6838 3705//6838
f 4718//6839 3705//6839 4719//6839
f 4719//6840 3705//6840 3709//6840
f 4719//6841 3709//6841 3669//6841
f 3635//6842 3634//6842 4730//6842
f 4730//6843 3634//6843 3633//6843
f 4730//6844 3633//6844 4731//6844
f 4731//6845 3633//6845 3632//6845
f 4731//6834 3632//6834 3630//6834
f 3635//6846 4730//6846 3628//6846
f 3628//6847 4730//6847 4729//6847
f 3628//6848 4729//6848 3626//6848
f 3626//6849 4729//6849 3625//6849
f 3625//6850 4729//6850 4728//6850
f 3625//6851 4728//6851 3623//6851
f 3623//6852 4728//6852 3621//6852
f 3621//6853 4728//6853 4727//6853
f 3621//6854 4727//6854 3618//6854
f 4726//6855 3610//6855 4727//6855
f 4727//6856 3610//6856 3620//6856
f 4727//6857 3620//6857 3618//6857
f 3615//6858 3613//6858 4726//6858
f 4726//6859 3613//6859 3611//6859
f 4726//6860 3611//6860 3610//6860
f 4725//6861 4289//6861 3660//6861
f 3616//6862 4735//6862 3609//6862
f 3609//6863 4735//6863 3607//6863
f 3653//6864 3606//6864 4735//6864
f 4735//6865 3606//6865 3605//6865
f 4735//6866 3605//6866 3607//6866
f 3615//6867 4726//6867 3616//6867
f 3616//6868 4726//6868 4725//6868
f 3616//6869 4725//6869 4735//6869
f 4735//6870 4725//6870 3660//6870
f 4735//6871 3660//6871 3653//6871
f 4292//6157 4291//6157 4736//6157
f 4253//6157 4737//6157 4738//6157
f 4738//6157 4739//6157 4253//6157
f 4253//6157 4739//6157 4740//6157
f 4253//6157 4740//6157 4290//6157
f 4741//6157 4742//6157 4253//6157
f 4253//6157 4742//6157 4743//6157
f 4253//6157 4743//6157 4737//6157
f 4736//6157 4744//6157 4292//6157
f 4292//6157 4744//6157 4745//6157
f 4292//6157 4745//6157 4253//6157
f 4253//6157 4745//6157 4746//6157
f 4253//6157 4746//6157 4747//6157
f 4747//6157 4748//6157 4253//6157
f 4253//6157 4748//6157 4749//6157
f 4253//6157 4749//6157 4750//6157
f 4750//6157 4751//6157 4253//6157
f 4253//6157 4751//6157 4752//6157
f 4253//6157 4752//6157 4741//6157
f 3655//6872 3654//6872 4753//6872
f 3655//6873 4753//6873 3656//6873
f 4290//6874 4740//6874 3657//6874
f 3657//6875 4740//6875 4753//6875
f 3657//6876 4753//6876 3651//6876
f 3651//6877 4753//6877 3654//6877
f 4739//6878 3646//6878 3645//6878
f 3645//6879 3650//6879 4739//6879
f 4739//6880 3650//6880 3649//6880
f 4739//6881 3649//6881 4740//6881
f 4740//6882 3649//6882 3648//6882
f 4740//6883 3648//6883 4753//6883
f 4753//6884 3648//6884 3647//6884
f 4753//6885 3647//6885 3656//6885
f 3646//6886 4739//6886 3664//6886
f 3664//6887 4739//6887 4738//6887
f 3664//6888 4738//6888 3600//6888
f 3600//6889 4738//6889 3598//6889
f 3598//6890 4738//6890 4737//6890
f 3598//6891 4737//6891 3642//6891
f 3642//6892 4737//6892 3643//6892
f 3643//6893 4737//6893 4743//6893
f 3643//6894 4743//6894 3644//6894
f 3644//6895 4743//6895 3601//6895
f 3601//6896 4743//6896 4742//6896
f 3601//6897 4742//6897 3602//6897
f 4749//6898 3563//6898 4750//6898
f 4750//6899 3563//6899 4754//6899
f 4750//6899 4754//6899 4751//6899
f 4751//6900 4754//6900 3639//6900
f 4751//6900 3639//6900 4752//6900
f 4752//6901 3639//6901 3637//6901
f 4752//6901 3637//6901 4741//6901
f 4741//6902 3637//6902 3636//6902
f 4741//6903 3636//6903 4742//6903
f 4742//6904 3636//6904 3640//6904
f 4742//6905 3640//6905 3602//6905
f 3568//6906 3567//6906 4748//6906
f 4748//6907 3567//6907 3566//6907
f 4748//6908 3566//6908 4749//6908
f 4749//6909 3566//6909 3565//6909
f 4749//6898 3565//6898 3563//6898
f 3568//6910 4748//6910 3561//6910
f 3561//6911 4748//6911 4747//6911
f 3561//6912 4747//6912 3559//6912
f 3559//6913 4747//6913 3558//6913
f 3558//6914 4747//6914 4746//6914
f 3558//6292 4746//6292 3556//6292
f 3556//6915 4746//6915 3554//6915
f 3554//6916 4746//6916 4745//6916
f 3554//6917 4745//6917 3551//6917
f 4744//6918 3543//6918 4745//6918
f 4745//6919 3543//6919 3553//6919
f 4745//6920 3553//6920 3551//6920
f 3548//6921 3546//6921 4744//6921
f 4744//6922 3546//6922 3544//6922
f 4744//6923 3544//6923 3543//6923
f 4736//6924 4291//6924 3590//6924
f 3549//6925 4755//6925 3542//6925
f 3542//6926 4755//6926 3540//6926
f 3586//6927 3539//6927 4755//6927
f 4755//6928 3539//6928 3538//6928
f 4755//6929 3538//6929 3540//6929
f 3548//6930 4744//6930 3549//6930
f 3549//6931 4744//6931 4736//6931
f 3549//6932 4736//6932 4755//6932
f 4755//6933 4736//6933 3590//6933
f 4755//6934 3590//6934 3586//6934
f 4756//6157 4757//6157 4295//6157
f 4295//6157 4757//6157 4758//6157
f 4758//6157 4759//6157 4295//6157
f 4295//6157 4759//6157 4760//6157
f 4295//6157 4760//6157 4761//6157
f 4761//6157 4762//6157 4295//6157
f 4295//6157 4762//6157 4763//6157
f 4295//6157 4763//6157 4764//6157
f 4295//6157 4293//6157 4765//6157
f 4765//6157 4766//6157 4295//6157
f 4295//6157 4766//6157 4767//6157
f 4295//6157 4767//6157 4756//6157
f 4764//6157 4768//6157 4295//6157
f 4295//6157 4768//6157 4769//6157
f 4295//6157 4769//6157 4770//6157
f 4770//6157 4771//6157 4295//6157
f 4295//6157 4771//6157 4772//6157
f 4295//6157 4772//6157 4294//6157
f 3588//6935 3587//6935 4773//6935
f 3588//6936 4773//6936 3589//6936
f 4294//6937 4772//6937 3593//6937
f 3593//6938 4772//6938 4773//6938
f 3593//6939 4773//6939 3584//6939
f 3584//6940 4773//6940 3587//6940
f 3578//6941 3583//6941 4771//6941
f 4771//6942 3583//6942 3582//6942
f 4771//6943 3582//6943 4772//6943
f 4772//6944 3582//6944 3581//6944
f 4772//6945 3581//6945 4773//6945
f 4773//6946 3581//6946 3580//6946
f 4773//6947 3580//6947 3589//6947
f 4770//6948 3597//6948 4771//6948
f 4771//6949 3597//6949 3579//6949
f 4771//6950 3579//6950 3578//6950
f 4769//6951 3531//6951 4770//6951
f 4770//6952 3531//6952 3533//6952
f 4770//6953 3533//6953 3597//6953
f 4768//6954 3576//6954 4769//6954
f 4769//6955 3576//6955 3575//6955
f 4769//6956 3575//6956 3531//6956
f 3573//6957 3535//6957 4764//6957
f 4764//6958 3535//6958 3534//6958
f 4764//6959 3534//6959 4768//6959
f 4768//6960 3534//6960 3577//6960
f 4768//6961 3577//6961 3576//6961
f 3573//6962 4764//6962 3569//6962
f 3569//6963 4764//6963 4763//6963
f 3569//6964 4763//6964 3570//6964
f 3570//6965 4763//6965 4762//6965
f 3570//6966 4762//6966 3572//6966
f 3572//6967 4762//6967 4761//6967
f 3572//6967 4761//6967 4774//6967
f 4774//6968 4761//6968 4760//6968
f 4774//6968 4760//6968 3494//6968
f 3494//6969 4760//6969 4759//6969
f 3494//6969 4759//6969 3496//6969
f 3496//6970 4759//6970 3497//6970
f 3497//6971 4759//6971 4758//6971
f 3497//6972 4758//6972 3498//6972
f 3491//6973 3489//6973 4757//6973
f 4757//6974 3489//6974 3488//6974
f 4757//6975 3488//6975 4758//6975
f 4758//6976 3488//6976 3499//6976
f 4758//6977 3499//6977 3498//6977
f 3483//6978 4756//6978 3484//6978
f 3484//6979 4756//6979 4767//6979
f 3484//6980 4767//6980 3480//6980
f 3483//6981 3485//6981 4756//6981
f 4756//6982 3485//6982 3487//6982
f 4756//6983 3487//6983 4757//6983
f 4757//6984 3487//6984 3492//6984
f 4757//6985 3492//6985 3491//6985
f 4765//6986 3473//6986 4766//6986
f 4766//6987 3473//6987 3471//6987
f 3471//6988 3470//6988 4766//6988
f 4766//6989 3470//6989 3478//6989
f 4766//6990 3478//6990 4767//6990
f 4767//6991 3478//6991 3481//6991
f 4767//6992 3481//6992 3480//6992
f 3463//6993 3462//6993 3466//6993
f 4765//6994 4293//6994 3463//6994
f 3463//6995 3466//6995 4765//6995
f 4765//6996 3466//6996 3469//6996
f 4765//6997 3469//6997 3468//6997
f 3468//6998 3476//6998 4765//6998
f 4765//6999 3476//6999 3475//6999
f 4765//7000 3475//7000 3473//7000
f 4775//6157 4296//6157 4297//6157
f 4297//6157 4776//6157 4777//6157
f 4778//6157 4297//6157 4779//6157
f 4779//6157 4297//6157 4298//6157
f 4780//6157 4781//6157 4297//6157
f 4780//6157 4297//6157 4782//6157
f 4781//6157 4783//6157 4297//6157
f 4297//6157 4783//6157 4784//6157
f 4297//6157 4784//6157 4776//6157
f 4777//6157 4785//6157 4297//6157
f 4297//6157 4785//6157 4786//6157
f 4297//6157 4786//6157 4787//6157
f 4787//6157 4788//6157 4297//6157
f 4297//6157 4788//6157 4789//6157
f 4297//6157 4789//6157 4775//6157
f 4778//6157 4790//6157 4297//6157
f 4297//6157 4790//6157 4791//6157
f 4297//6157 4791//6157 4782//6157
f 4792//7001 3527//7001 3526//7001
f 3521//7002 3520//7002 4792//7002
f 4792//7003 3520//7003 3519//7003
f 4792//7004 3519//7004 3527//7004
f 4296//7005 4775//7005 3524//7005
f 3524//7006 4775//7006 4792//7006
f 3524//7007 4792//7007 3525//7007
f 3525//7008 4792//7008 3526//7008
f 3521//7009 4792//7009 3522//7009
f 3522//7010 4792//7010 4775//7010
f 3522//7011 4775//7011 3518//7011
f 3518//7012 4775//7012 4789//7012
f 3518//7013 4789//7013 3515//7013
f 4788//7014 3512//7014 3460//7014
f 3460//7015 3459//7015 4788//7015
f 4788//7016 3459//7016 3517//7016
f 4788//7017 3517//7017 4789//7017
f 4789//7018 3517//7018 3516//7018
f 4789//7019 3516//7019 3515//7019
f 3512//7020 4788//7020 3513//7020
f 3513//7021 4788//7021 4787//7021
f 3513//7022 4787//7022 3514//7022
f 3514//7023 4787//7023 3505//7023
f 3505//7024 4787//7024 4786//7024
f 3505//7025 4786//7025 3507//7025
f 3511//7026 3510//7026 4785//7026
f 4785//7027 3510//7027 3509//7027
f 4785//7028 3509//7028 4786//7028
f 4786//7029 3509//7029 3508//7029
f 4786//7030 3508//7030 3507//7030
f 3511//7031 4785//7031 3500//7031
f 3500//7032 4785//7032 4777//7032
f 3500//7033 4777//7033 3501//7033
f 3501//7034 4777//7034 4776//7034
f 3501//7034 4776//7034 3503//7034
f 3503//7035 4776//7035 4784//7035
f 3503//7035 4784//7035 4793//7035
f 4793//7036 4784//7036 4783//7036
f 4793//7036 4783//7036 3423//7036
f 3423//7037 4783//7037 4781//7037
f 3423//7037 4781//7037 3425//7037
f 3425//7038 4781//7038 3426//7038
f 3426//7039 4781//7039 4780//7039
f 3426//7040 4780//7040 3427//7040
f 3420//7041 3418//7041 4782//7041
f 4782//7042 3418//7042 3417//7042
f 4782//7043 3417//7043 4780//7043
f 4780//7044 3417//7044 3428//7044
f 4780//7045 3428//7045 3427//7045
f 3412//7046 4791//7046 3413//7046
f 3413//7047 4791//7047 4790//7047
f 3413//7048 4790//7048 3409//7048
f 3412//7049 3414//7049 4791//7049
f 4791//7050 3414//7050 3416//7050
f 4791//7051 3416//7051 4782//7051
f 4782//7052 3416//7052 3421//7052
f 4782//7053 3421//7053 3420//7053
f 4779//7054 3402//7054 4778//7054
f 4778//7055 3402//7055 3404//7055
f 3404//7056 3405//7056 4778//7056
f 4778//7057 3405//7057 3407//7057
f 4778//7058 3407//7058 4790//7058
f 4790//7059 3407//7059 3410//7059
f 4790//7060 3410//7060 3409//7060
f 3396//7061 3397//7061 3398//7061
f 4779//7062 4298//7062 3396//7062
f 3396//7063 3398//7063 4779//7063
f 4779//7064 3398//7064 3399//7064
f 4779//7065 3399//7065 3391//7065
f 3391//7066 3390//7066 4779//7066
f 4779//7067 3390//7067 3400//7067
f 4779//7068 3400//7068 3402//7068
f 4794//6157 4795//6157 4252//6157
f 4795//6157 4796//6157 4252//6157
f 4252//6157 4796//6157 4797//6157
f 4252//6157 4797//6157 4299//6157
f 4300//6157 4798//6157 4301//6157
f 4301//6157 4798//6157 4799//6157
f 4301//6157 4799//6157 4252//6157
f 4800//6157 4801//6157 4252//6157
f 4252//6157 4801//6157 4802//6157
f 4252//6157 4802//6157 4794//6157
f 4799//6157 4803//6157 4252//6157
f 4252//6157 4803//6157 4804//6157
f 4252//6157 4804//6157 4805//6157
f 4805//6157 4806//6157 4252//6157
f 4252//6157 4806//6157 4807//6157
f 4252//6157 4807//6157 4808//6157
f 4808//6157 4809//6157 4252//6157
f 4252//6157 4809//6157 4810//6157
f 4252//6157 4810//6157 4800//6157
f 4811//7069 3448//7069 3453//7069
f 3451//7070 3450//7070 4811//7070
f 4811//7071 3450//7071 3449//7071
f 4811//7072 3449//7072 3448//7072
f 4299//7073 4797//7073 3455//7073
f 3455//7074 4797//7074 4811//7074
f 3455//7075 4811//7075 3454//7075
f 3454//7076 4811//7076 3453//7076
f 3451//7077 4811//7077 3452//7077
f 3452//7078 4811//7078 4797//7078
f 3452//7079 4797//7079 3447//7079
f 3447//7080 4797//7080 4796//7080
f 3447//7081 4796//7081 3444//7081
f 3388//7082 3387//7082 4795//7082
f 4795//7083 3387//7083 3446//7083
f 4795//7084 3446//7084 4796//7084
f 4796//7085 3446//7085 3445//7085
f 4796//7086 3445//7086 3444//7086
f 4794//7087 3442//7087 4795//7087
f 4795//7088 3442//7088 3441//7088
f 4795//7089 3441//7089 3388//7089
f 3437//7090 3436//7090 4802//7090
f 4802//7091 3436//7091 3434//7091
f 4802//7092 3434//7092 4794//7092
f 4794//7093 3434//7093 3443//7093
f 4794//7094 3443//7094 3442//7094
f 3437//7095 4802//7095 3438//7095
f 3438//7096 4802//7096 4801//7096
f 3438//7097 4801//7097 3439//7097
f 4807//7098 3352//7098 4808//7098
f 4808//7099 3352//7099 4812//7099
f 4808//7099 4812//7099 4809//7099
f 4809//7100 4812//7100 3432//7100
f 4809//7100 3432//7100 4810//7100
f 4810//7101 3432//7101 3430//7101
f 4810//7101 3430//7101 4800//7101
f 4800//7102 3430//7102 3429//7102
f 4800//7103 3429//7103 4801//7103
f 4801//7104 3429//7104 3440//7104
f 4801//7105 3440//7105 3439//7105
f 3357//7106 3356//7106 4806//7106
f 4806//7107 3356//7107 3355//7107
f 4806//7108 3355//7108 4807//7108
f 4807//7109 3355//7109 3354//7109
f 4807//7098 3354//7098 3352//7098
f 3357//7110 4806//7110 3350//7110
f 3350//7111 4806//7111 4805//7111
f 3350//7112 4805//7112 3348//7112
f 3348//7113 4805//7113 3347//7113
f 3347//7114 4805//7114 4804//7114
f 3347//6490 4804//6490 3345//6490
f 3345//7115 4804//7115 3343//7115
f 3343//7116 4804//7116 4803//7116
f 3343//7117 4803//7117 3340//7117
f 4799//7118 3332//7118 4803//7118
f 4803//7119 3332//7119 3342//7119
f 4803//7120 3342//7120 3340//7120
f 3337//7121 3335//7121 4799//7121
f 4799//7122 3335//7122 3333//7122
f 4799//7123 3333//7123 3332//7123
f 4798//7124 4300//7124 3379//7124
f 3338//7125 4813//7125 3331//7125
f 3331//7126 4813//7126 3329//7126
f 3375//7127 3328//7127 4813//7127
f 4813//7128 3328//7128 3327//7128
f 4813//7129 3327//7129 3329//7129
f 3337//7130 4799//7130 3338//7130
f 3338//7131 4799//7131 4798//7131
f 3338//7132 4798//7132 4813//7132
f 4813//7133 4798//7133 3379//7133
f 4813//7134 3379//7134 3375//7134
f 4814//6157 4303//6157 4304//6157
f 4815//6157 4816//6157 4304//6157
f 4814//6157 4304//6157 4817//6157
f 4816//6157 4818//6157 4304//6157
f 4304//6157 4818//6157 4819//6157
f 4304//6157 4819//6157 4820//6157
f 4820//6157 4821//6157 4304//6157
f 4304//6157 4821//6157 4822//6157
f 4304//6157 4822//6157 4823//6157
f 4823//6157 4824//6157 4304//6157
f 4304//6157 4824//6157 4825//6157
f 4304//6157 4825//6157 4826//6157
f 4302//6157 4827//6157 4304//6157
f 4304//6157 4827//6157 4828//6157
f 4304//6157 4828//6157 4815//6157
f 4826//6157 4829//6157 4304//6157
f 4304//6157 4829//6157 4830//6157
f 4304//6157 4830//6157 4817//6157
f 3377//7135 3376//7135 4831//7135
f 3377//7136 4831//7136 3378//7136
f 4303//7137 4814//7137 3382//7137
f 3382//7138 4814//7138 4831//7138
f 3382//7139 4831//7139 3373//7139
f 3373//7140 4831//7140 3376//7140
f 4817//7141 3368//7141 3367//7141
f 3367//7142 3372//7142 4817//7142
f 4817//7143 3372//7143 3371//7143
f 4817//7144 3371//7144 4814//7144
f 4814//7145 3371//7145 3370//7145
f 4814//7146 3370//7146 4831//7146
f 4831//7147 3370//7147 3369//7147
f 4831//7148 3369//7148 3378//7148
f 3368//7149 4817//7149 3386//7149
f 3386//7150 4817//7150 4830//7150
f 3386//7151 4830//7151 3322//7151
f 3322//7152 4830//7152 3320//7152
f 3320//7153 4830//7153 4829//7153
f 3320//7154 4829//7154 3364//7154
f 3364//7155 4829//7155 3365//7155
f 3365//7156 4829//7156 4826//7156
f 3365//7157 4826//7157 3366//7157
f 3366//7158 4826//7158 3323//7158
f 3323//7159 4826//7159 4825//7159
f 3323//7160 4825//7160 3324//7160
f 4820//7161 3287//7161 4821//7161
f 4821//7162 3287//7162 4832//7162
f 4821//7162 4832//7162 4822//7162
f 4822//7163 4832//7163 3361//7163
f 4822//7163 3361//7163 4823//7163
f 4823//7164 3361//7164 3359//7164
f 4823//7164 3359//7164 4824//7164
f 4824//7165 3359//7165 3358//7165
f 4824//7166 3358//7166 4825//7166
f 4825//7167 3358//7167 3362//7167
f 4825//7168 3362//7168 3324//7168
f 3292//7169 3291//7169 4819//7169
f 4819//7170 3291//7170 3290//7170
f 4819//7171 3290//7171 4820//7171
f 4820//7172 3290//7172 3289//7172
f 4820//7173 3289//7173 3287//7173
f 3292//7174 4819//7174 3285//7174
f 3285//7175 4819//7175 4818//7175
f 3285//7176 4818//7176 3283//7176
f 3283//7177 4818//7177 3282//7177
f 3282//7178 4818//7178 4816//7178
f 3282//6554 4816//6554 3280//6554
f 3280//7179 4816//7179 3278//7179
f 3278//7180 4816//7180 4815//7180
f 3278//7181 4815//7181 3275//7181
f 4828//7182 3267//7182 4815//7182
f 4815//7183 3267//7183 3277//7183
f 4815//7184 3277//7184 3275//7184
f 3272//7185 3270//7185 4828//7185
f 4828//7186 3270//7186 3268//7186
f 4828//7187 3268//7187 3267//7187
f 4827//7188 4302//7188 3312//7188
f 3273//7189 4833//7189 3266//7189
f 3266//7190 4833//7190 3264//7190
f 3260//7191 3259//7191 4833//7191
f 4833//7192 3259//7192 3262//7192
f 4833//7193 3262//7193 3264//7193
f 3272//7194 4828//7194 3273//7194
f 3273//7195 4828//7195 4827//7195
f 3273//7196 4827//7196 4833//7196
f 4833//7197 4827//7197 3312//7197
f 4833//7198 3312//7198 3260//7198
f 4834//6157 4835//6157 4306//6157
f 4834//6157 4306//6157 4836//6157
f 4835//6157 4837//6157 4306//6157
f 4306//6157 4837//6157 4838//6157
f 4306//6157 4838//6157 4839//6157
f 4306//6157 4307//6157 4840//6157
f 4840//6157 4841//6157 4306//6157
f 4306//6157 4841//6157 4842//6157
f 4306//6157 4842//6157 4843//6157
f 4843//6157 4844//6157 4306//6157
f 4306//6157 4844//6157 4845//6157
f 4306//6157 4845//6157 4846//6157
f 4839//6157 4847//6157 4306//6157
f 4306//6157 4847//6157 4848//6157
f 4306//6157 4848//6157 4305//6157
f 4846//6157 4849//6157 4306//6157
f 4306//6157 4849//6157 4850//6157
f 4306//6157 4850//6157 4836//6157
f 3310//7199 3309//7199 4851//7199
f 3310//7200 4851//7200 3311//7200
f 4305//7201 4848//7201 3315//7201
f 3315//7202 4848//7202 4851//7202
f 3315//7203 4851//7203 3308//7203
f 3308//7204 4851//7204 3309//7204
f 3302//7205 3307//7205 4847//7205
f 4847//7206 3307//7206 3306//7206
f 4847//7207 3306//7207 4848//7207
f 4848//7208 3306//7208 3305//7208
f 4848//7209 3305//7209 4851//7209
f 4851//7210 3305//7210 3304//7210
f 4851//7211 3304//7211 3311//7211
f 4839//7212 3319//7212 4847//7212
f 4847//7213 3319//7213 3303//7213
f 4847//7214 3303//7214 3302//7214
f 4838//7215 3253//7215 4839//7215
f 4839//7216 3253//7216 3255//7216
f 4839//7217 3255//7217 3319//7217
f 4837//7218 3300//7218 4838//7218
f 4838//7219 3300//7219 3299//7219
f 4838//7220 3299//7220 3253//7220
f 3297//7221 3257//7221 4835//7221
f 4835//7222 3257//7222 3256//7222
f 4835//7223 3256//7223 4837//7223
f 4837//7224 3256//7224 3301//7224
f 4837//7225 3301//7225 3300//7225
f 3297//7226 4835//7226 3293//7226
f 3293//7227 4835//7227 4834//7227
f 3293//7228 4834//7228 3294//7228
f 3294//7229 4834//7229 4836//7229
f 3294//7229 4836//7229 3296//7229
f 3296//7230 4836//7230 4850//7230
f 3296//7230 4850//7230 4852//7230
f 4852//7231 4850//7231 4849//7231
f 4852//7231 4849//7231 3217//7231
f 3217//7232 4849//7232 4846//7232
f 3217//7232 4846//7232 3219//7232
f 3219//7233 4846//7233 3220//7233
f 3220//7234 4846//7234 4845//7234
f 3220//7235 4845//7235 3221//7235
f 3214//7236 3212//7236 4844//7236
f 4844//7237 3212//7237 3211//7237
f 4844//7238 3211//7238 4845//7238
f 4845//7239 3211//7239 3222//7239
f 4845//7240 3222//7240 3221//7240
f 3206//7241 4843//7241 3207//7241
f 3207//7242 4843//7242 4842//7242
f 3207//7243 4842//7243 3203//7243
f 3206//7244 3208//7244 4843//7244
f 4843//7245 3208//7245 3210//7245
f 4843//7246 3210//7246 4844//7246
f 4844//7247 3210//7247 3215//7247
f 4844//7248 3215//7248 3214//7248
f 4840//7249 3196//7249 4841//7249
f 4841//7250 3196//7250 3198//7250
f 3198//7251 3199//7251 4841//7251
f 4841//7252 3199//7252 3201//7252
f 4841//7253 3201//7253 4842//7253
f 4842//7254 3201//7254 3204//7254
f 4842//7255 3204//7255 3203//7255
f 3190//7256 3191//7256 3192//7256
f 4840//7257 4307//7257 3190//7257
f 3190//7258 3192//7258 4840//7258
f 4840//7259 3192//7259 3193//7259
f 4840//7260 3193//7260 3185//7260
f 3185//7261 3184//7261 4840//7261
f 4840//7262 3184//7262 3194//7262
f 4840//7263 3194//7263 3196//7263
f 4853//6157 4308//6157 4251//6157
f 4854//6157 4855//6157 4251//6157
f 4855//6157 4856//6157 4251//6157
f 4251//6157 4856//6157 4857//6157
f 4251//6157 4857//6157 4858//6157
f 4858//6157 4859//6157 4251//6157
f 4251//6157 4859//6157 4860//6157
f 4251//6157 4860//6157 4853//6157
f 4861//6157 4862//6157 4251//6157
f 4251//6157 4862//6157 4863//6157
f 4861//6157 4251//6157 4864//6157
f 4864//6157 4251//6157 4311//6157
f 4864//6157 4311//6157 4309//6157
f 4863//6157 4865//6157 4251//6157
f 4251//6157 4865//6157 4866//6157
f 4251//6157 4866//6157 4867//6157
f 4867//6157 4868//6157 4251//6157
f 4251//6157 4868//6157 4869//6157
f 4251//6157 4869//6157 4854//6157
f 4870//7264 3242//7264 3247//7264
f 3245//7265 3244//7265 4870//7265
f 4870//7266 3244//7266 3243//7266
f 4870//7267 3243//7267 3242//7267
f 4308//7268 4853//7268 3249//7268
f 3249//7269 4853//7269 4870//7269
f 3249//7270 4870//7270 3248//7270
f 3248//7271 4870//7271 3247//7271
f 3245//7272 4870//7272 3246//7272
f 3246//7273 4870//7273 4853//7273
f 3246//7274 4853//7274 3241//7274
f 3241//7275 4853//7275 4860//7275
f 3241//7276 4860//7276 3238//7276
f 4859//7277 3235//7277 3182//7277
f 3182//7278 3181//7278 4859//7278
f 4859//7279 3181//7279 3240//7279
f 4859//7280 3240//7280 4860//7280
f 4860//7281 3240//7281 3239//7281
f 4860//7282 3239//7282 3238//7282
f 3235//7283 4859//7283 3236//7283
f 3236//7284 4859//7284 4858//7284
f 3236//7285 4858//7285 3237//7285
f 3237//7286 4858//7286 3228//7286
f 3228//7287 4858//7287 4857//7287
f 3228//7288 4857//7288 3230//7288
f 3234//7289 3233//7289 4856//7289
f 4856//7290 3233//7290 3232//7290
f 4856//7291 3232//7291 4857//7291
f 4857//7292 3232//7292 3231//7292
f 4857//7293 3231//7293 3230//7293
f 3234//7294 4856//7294 3223//7294
f 3223//7295 4856//7295 4855//7295
f 3223//7296 4855//7296 3224//7296
f 3224//7297 4855//7297 4854//7297
f 3224//7297 4854//7297 3226//7297
f 3226//7298 4854//7298 4869//7298
f 3226//7299 4869//7299 4871//7299
f 4871//7300 4869//7300 4868//7300
f 4871//7300 4868//7300 3144//7300
f 3144//7301 4868//7301 4867//7301
f 3144//7301 4867//7301 3146//7301
f 3146//7302 4867//7302 3147//7302
f 3147//7303 4867//7303 4866//7303
f 3147//7304 4866//7304 3148//7304
f 3141//7305 3139//7305 4865//7305
f 4865//7306 3139//7306 3138//7306
f 4865//7307 3138//7307 4866//7307
f 4866//7308 3138//7308 3149//7308
f 4866//7309 3149//7309 3148//7309
f 3133//7310 4863//7310 3134//7310
f 3134//7311 4863//7311 4862//7311
f 3134//7312 4862//7312 3166//7312
f 3133//7313 3135//7313 4863//7313
f 4863//7314 3135//7314 3137//7314
f 4863//7315 3137//7315 4865//7315
f 4865//7316 3137//7316 3142//7316
f 4865//7317 3142//7317 3141//7317
f 4864//7318 3131//7318 4861//7318
f 4861//7319 3131//7319 3130//7319
f 3130//7320 3128//7320 4861//7320
f 4861//7321 3128//7321 3127//7321
f 4861//7322 3127//7322 4862//7322
f 4862//7323 3127//7323 3126//7323
f 4862//7324 3126//7324 3166//7324
f 3119//7325 3118//7325 3116//7325
f 4864//7326 4309//7326 3119//7326
f 3119//7327 3116//7327 4864//7327
f 4864//7328 3116//7328 3115//7328
f 4864//7329 3115//7329 3121//7329
f 3121//7330 3123//7330 4864//7330
f 4864//7331 3123//7331 3125//7331
f 4864//7332 3125//7332 3131//7332
f 4314//6157 4312//6157 4872//6157
f 4872//6157 4873//6157 4314//6157
f 4314//6157 4873//6157 4874//6157
f 4314//6157 4874//6157 4875//6157
f 4875//6157 4876//6157 4314//6157
f 4314//6157 4876//6157 4877//6157
f 4314//6157 4877//6157 4878//6157
f 4879//6157 4314//6157 4880//6157
f 4880//6157 4314//6157 4881//6157
f 4879//6157 4882//6157 4314//6157
f 4314//6157 4882//6157 4883//6157
f 4314//6157 4883//6157 4313//6157
f 4878//6157 4884//6157 4314//6157
f 4314//6157 4884//6157 4885//6157
f 4314//6157 4885//6157 4886//6157
f 4886//6157 4887//6157 4314//6157
f 4314//6157 4887//6157 4888//6157
f 4314//6157 4888//6157 4881//6157
f 4889//7333 3172//7333 3171//7333
f 3167//7334 3174//7334 4889//7334
f 4889//7335 3174//7335 3173//7335
f 4889//7336 3173//7336 3172//7336
f 4313//7337 4883//7337 3177//7337
f 3177//7338 4883//7338 4889//7338
f 3177//7339 4889//7339 3176//7339
f 3176//7340 4889//7340 3171//7340
f 3167//7341 4889//7341 3168//7341
f 3168//7342 4889//7342 4883//7342
f 3168//7343 4883//7343 3169//7343
f 3169//7344 4883//7344 4882//7344
f 3169//7345 4882//7345 3170//7345
f 4879//7346 3162//7346 3113//7346
f 3113//7347 3112//7347 4879//7347
f 4879//7348 3112//7348 3110//7348
f 4879//7349 3110//7349 4882//7349
f 4882//7350 3110//7350 3109//7350
f 4882//7351 3109//7351 3170//7351
f 3162//7352 4879//7352 3163//7352
f 3163//7353 4879//7353 4880//7353
f 3163//7354 4880//7354 3164//7354
f 3164//7355 4880//7355 3155//7355
f 3155//7356 4880//7356 4881//7356
f 3155//7357 4881//7357 3157//7357
f 3161//7358 3160//7358 4888//7358
f 4888//7359 3160//7359 3159//7359
f 4888//7360 3159//7360 4881//7360
f 4881//7361 3159//7361 3158//7361
f 4881//7362 3158//7362 3157//7362
f 3161//7363 4888//7363 3150//7363
f 3150//7364 4888//7364 4887//7364
f 3150//7365 4887//7365 3151//7365
f 3151//7366 4887//7366 4886//7366
f 3151//7366 4886//7366 3153//7366
f 3153//7367 4886//7367 4885//7367
f 3153//7367 4885//7367 4890//7367
f 4890//7368 4885//7368 4884//7368
f 4890//7369 4884//7369 3072//7369
f 3072//7370 4884//7370 4878//7370
f 3072//7370 4878//7370 3074//7370
f 3074//7371 4878//7371 3075//7371
f 3075//7372 4878//7372 4877//7372
f 3075//7373 4877//7373 3076//7373
f 3069//7374 3067//7374 4876//7374
f 4876//7375 3067//7375 3066//7375
f 4876//7376 3066//7376 4877//7376
f 4877//7377 3066//7377 3077//7377
f 4877//7378 3077//7378 3076//7378
f 3061//7379 4875//7379 3062//7379
f 3062//7380 4875//7380 4874//7380
f 3062//7381 4874//7381 3058//7381
f 3061//7382 3063//7382 4875//7382
f 4875//7383 3063//7383 3065//7383
f 4875//7384 3065//7384 4876//7384
f 4876//7385 3065//7385 3070//7385
f 4876//7386 3070//7386 3069//7386
f 4872//7387 3051//7387 4873//7387
f 4873//7388 3051//7388 3049//7388
f 3049//7389 3048//7389 4873//7389
f 4873//7390 3048//7390 3056//7390
f 4873//7391 3056//7391 4874//7391
f 4874//7392 3056//7392 3059//7392
f 4874//7393 3059//7393 3058//7393
f 3041//7394 3040//7394 3044//7394
f 4872//7395 4312//7395 3041//7395
f 3041//7396 3044//7396 4872//7396
f 4872//7397 3044//7397 3047//7397
f 4872//7398 3047//7398 3046//7398
f 3046//7399 3054//7399 4872//7399
f 4872//7400 3054//7400 3053//7400
f 4872//7401 3053//7401 3051//7401
f 4891//6157 4315//6157 4316//6157
f 4316//6157 4317//6157 4892//6157
f 4893//6157 4894//6157 4316//6157
f 4316//6157 4894//6157 4895//6157
f 4316//6157 4895//6157 4896//6157
f 4316//6157 4897//6157 4898//6157
f 4898//6157 4899//6157 4316//6157
f 4316//6157 4899//6157 4900//6157
f 4316//6157 4900//6157 4891//6157
f 4892//6157 4901//6157 4316//6157
f 4316//6157 4901//6157 4902//6157
f 4316//6157 4902//6157 4903//6157
f 4896//6157 4904//6157 4316//6157
f 4316//6157 4904//6157 4905//6157
f 4316//6157 4905//6157 4897//6157
f 4903//6157 4906//6157 4316//6157
f 4316//6157 4906//6157 4907//6157
f 4316//6157 4907//6157 4893//6157
f 4908//7402 3105//7402 3104//7402
f 3099//7403 3098//7403 4908//7403
f 4908//7404 3098//7404 3097//7404
f 4908//7405 3097//7405 3105//7405
f 4315//7406 4891//7406 3102//7406
f 3102//7407 4891//7407 4908//7407
f 3102//7408 4908//7408 3103//7408
f 3103//7409 4908//7409 3104//7409
f 3099//7410 4908//7410 3100//7410
f 3100//7411 4908//7411 4891//7411
f 3100//7412 4891//7412 3096//7412
f 3096//7413 4891//7413 4900//7413
f 3096//7414 4900//7414 3093//7414
f 3038//7415 3037//7415 4899//7415
f 4899//7416 3037//7416 3095//7416
f 4899//7417 3095//7417 4900//7417
f 4900//7418 3095//7418 3094//7418
f 4900//7419 3094//7419 3093//7419
f 4898//7420 3091//7420 4899//7420
f 4899//7421 3091//7421 3090//7421
f 4899//7422 3090//7422 3038//7422
f 3086//7423 3085//7423 4897//7423
f 4897//7424 3085//7424 3083//7424
f 4897//7425 3083//7425 4898//7425
f 4898//7426 3083//7426 3092//7426
f 4898//7427 3092//7427 3091//7427
f 3086//7428 4897//7428 3087//7428
f 3087//7429 4897//7429 4905//7429
f 3087//7430 4905//7430 3088//7430
f 4893//7431 3007//7431 4894//7431
f 4894//7432 3007//7432 4909//7432
f 4894//7432 4909//7432 4895//7432
f 4895//7433 4909//7433 3081//7433
f 4895//7433 3081//7433 4896//7433
f 4896//7434 3081//7434 3079//7434
f 4896//7435 3079//7435 4904//7435
f 4904//7436 3079//7436 3078//7436
f 4904//7437 3078//7437 4905//7437
f 4905//7438 3078//7438 3089//7438
f 4905//7439 3089//7439 3088//7439
f 3012//7440 3011//7440 4907//7440
f 4907//7441 3011//7441 3010//7441
f 4907//7442 3010//7442 4893//7442
f 4893//7443 3010//7443 3009//7443
f 4893//7431 3009//7431 3007//7431
f 3012//7444 4907//7444 3005//7444
f 3005//7445 4907//7445 4906//7445
f 3005//7446 4906//7446 3003//7446
f 3003//7447 4906//7447 3002//7447
f 3002//7448 4906//7448 4903//7448
f 3002//6810 4903//6810 3000//6810
f 3000//7449 4903//7449 2998//7449
f 2998//7450 4903//7450 4902//7450
f 2998//7451 4902//7451 2995//7451
f 4901//7452 2987//7452 4902//7452
f 4902//7453 2987//7453 2997//7453
f 4902//7454 2997//7454 2995//7454
f 2992//7455 2990//7455 4901//7455
f 4901//7456 2990//7456 2988//7456
f 4901//7457 2988//7457 2987//7457
f 4892//7458 4317//7458 2979//7458
f 2993//7459 4910//7459 2986//7459
f 2986//7460 4910//7460 2984//7460
f 2977//7461 2976//7461 4910//7461
f 4910//7462 2976//7462 2982//7462
f 4910//7463 2982//7463 2984//7463
f 2992//7464 4901//7464 2993//7464
f 2993//7465 4901//7465 4892//7465
f 2993//7466 4892//7466 4910//7466
f 4910//7467 4892//7467 2979//7467
f 4910//7468 2979//7468 2977//7468
f 4911//6157 4912//6157 4319//6157
f 4912//6157 4913//6157 4319//6157
f 4319//6157 4913//6157 4914//6157
f 4319//6157 4914//6157 4915//6157
f 4318//6157 4916//6157 4319//6157
f 4319//6157 4916//6157 4917//6157
f 4319//6157 4917//6157 4918//6157
f 4915//6157 4919//6157 4319//6157
f 4319//6157 4919//6157 4920//6157
f 4319//6157 4920//6157 4320//6157
f 4921//6157 4922//6157 4319//6157
f 4319//6157 4922//6157 4923//6157
f 4918//6157 4924//6157 4319//6157
f 4319//6157 4924//6157 4925//6157
f 4319//6157 4925//6157 4921//6157
f 4923//6157 4926//6157 4319//6157
f 4319//6157 4926//6157 4927//6157
f 4319//6157 4927//6157 4911//6157
f 3030//7469 3029//7469 4928//7469
f 3030//7470 4928//7470 3031//7470
f 4320//7471 4920//7471 3032//7471
f 3032//7472 4920//7472 4928//7472
f 3032//7473 4928//7473 3028//7473
f 3028//7474 4928//7474 3029//7474
f 4919//7475 3023//7475 3022//7475
f 3022//7476 3027//7476 4919//7476
f 4919//7477 3027//7477 3026//7477
f 4919//7478 3026//7478 4920//7478
f 4920//7479 3026//7479 3025//7479
f 4920//7480 3025//7480 4928//7480
f 4928//7481 3025//7481 3024//7481
f 4928//7482 3024//7482 3031//7482
f 3023//7483 4919//7483 3036//7483
f 3036//7484 4919//7484 4915//7484
f 3036//7485 4915//7485 2972//7485
f 2972//7486 4915//7486 2970//7486
f 2970//7487 4915//7487 4914//7487
f 2970//7488 4914//7488 3019//7488
f 3019//7489 4914//7489 3020//7489
f 3020//7490 4914//7490 4913//7490
f 3020//7491 4913//7491 3021//7491
f 3021//7492 4913//7492 2973//7492
f 2973//7493 4913//7493 4912//7493
f 2973//7494 4912//7494 2974//7494
f 4922//7495 2944//7495 4923//7495
f 4923//7496 2944//7496 4929//7496
f 4923//7496 4929//7496 4926//7496
f 4926//7497 4929//7497 3016//7497
f 4926//7497 3016//7497 4927//7497
f 4927//7498 3016//7498 3014//7498
f 4927//7498 3014//7498 4911//7498
f 4911//7499 3014//7499 3013//7499
f 4911//7500 3013//7500 4912//7500
f 4912//7501 3013//7501 3017//7501
f 4912//7502 3017//7502 2974//7502
f 2949//7503 2948//7503 4921//7503
f 4921//7504 2948//7504 2947//7504
f 4921//7505 2947//7505 4922//7505
f 4922//7506 2947//7506 2946//7506
f 4922//7495 2946//7495 2944//7495
f 2949//7507 4921//7507 2942//7507
f 2942//7508 4921//7508 4925//7508
f 2942//7509 4925//7509 2940//7509
f 2940//7510 4925//7510 2939//7510
f 2939//7511 4925//7511 4924//7511
f 2939//7512 4924//7512 2937//7512
f 2937//7513 4924//7513 2935//7513
f 2935//7514 4924//7514 4918//7514
f 2935//7515 4918//7515 2932//7515
f 4917//7516 2929//7516 4918//7516
f 4918//7517 2929//7517 2934//7517
f 4918//7518 2934//7518 2932//7518
f 2923//7519 2922//7519 4917//7519
f 4917//7520 2922//7520 2930//7520
f 4917//7521 2930//7521 2929//7521
f 4916//7522 4318//7522 2917//7522
f 2925//7523 4930//7523 2927//7523
f 2927//7524 4930//7524 2928//7524
f 2918//7525 2919//7525 4930//7525
f 4930//7526 2919//7526 2921//7526
f 4930//7527 2921//7527 2928//7527
f 2923//7528 4917//7528 2925//7528
f 2925//7529 4917//7529 4916//7529
f 2925//7530 4916//7530 4930//7530
f 4930//7531 4916//7531 2917//7531
f 4930//7532 2917//7532 2918//7532
f 4321//6157 4931//6157 4323//6157
f 4323//6157 4931//6157 4932//6157
f 4323//6157 4932//6157 4933//6157
f 4933//6157 4934//6157 4323//6157
f 4323//6157 4934//6157 4935//6157
f 4323//6157 4935//6157 4936//6157
f 4936//6157 4937//6157 4323//6157
f 4323//6157 4937//6157 4938//6157
f 4323//6157 4938//6157 4939//6157
f 4940//6157 4941//6157 4323//6157
f 4323//6157 4941//6157 4942//6157
f 4323//6157 4942//6157 4943//6157
f 4943//6157 4944//6157 4323//6157
f 4323//6157 4944//6157 4945//6157
f 4323//6157 4945//6157 4322//6157
f 4939//6157 4946//6157 4323//6157
f 4323//6157 4946//6157 4947//6157
f 4323//6157 4947//6157 4940//6157
f 2961//7533 2965//7533 4948//7533
f 2961//7534 4948//7534 2962//7534
f 4322//6531 4945//6531 2903//6531
f 2903//7535 4945//7535 4948//7535
f 2903//7536 4948//7536 2904//7536
f 2904//7537 4948//7537 2965//7537
f 2906//7538 2905//7538 4944//7538
f 4944//7539 2905//7539 2960//7539
f 4944//7540 2960//7540 4945//7540
f 4945//7541 2960//7541 2964//7541
f 4945//7542 2964//7542 4948//7542
f 4948//7543 2964//7543 2963//7543
f 4948//7544 2963//7544 2962//7544
f 4943//7545 2969//7545 4944//7545
f 4944//7546 2969//7546 2959//7546
f 4944//7547 2959//7547 2906//7547
f 4942//7548 2908//7548 4943//7548
f 4943//7549 2908//7549 2910//7549
f 4943//7550 2910//7550 2969//7550
f 4941//7551 2957//7551 4942//7551
f 4942//7552 2957//7552 2956//7552
f 4942//7553 2956//7553 2908//7553
f 2954//7554 2912//7554 4940//7554
f 4940//7555 2912//7555 2911//7555
f 4940//7556 2911//7556 4941//7556
f 4941//7557 2911//7557 2958//7557
f 4941//7558 2958//7558 2957//7558
f 2954//7559 4940//7559 2950//7559
f 2950//7560 4940//7560 4947//7560
f 2950//7561 4947//7561 2951//7561
f 2951//7562 4947//7562 4946//7562
f 2951//7562 4946//7562 2953//7562
f 2953//7563 4946//7563 4939//7563
f 2953//7563 4939//7563 4949//7563
f 4949//7564 4939//7564 4938//7564
f 4949//7564 4938//7564 2865//7564
f 2865//7565 4938//7565 4937//7565
f 2865//7565 4937//7565 2867//7565
f 2867//7566 4937//7566 2868//7566
f 2868//7567 4937//7567 4936//7567
f 2868//7568 4936//7568 2869//7568
f 2862//7569 2860//7569 4935//7569
f 4935//7570 2860//7570 2859//7570
f 4935//7571 2859//7571 4936//7571
f 4936//7572 2859//7572 2870//7572
f 4936//7573 2870//7573 2869//7573
f 2854//7574 4934//7574 2855//7574
f 2855//7575 4934//7575 4933//7575
f 2855//7576 4933//7576 2851//7576
f 2854//7577 2856//7577 4934//7577
f 4934//7578 2856//7578 2858//7578
f 4934//7579 2858//7579 4935//7579
f 4935//7580 2858//7580 2863//7580
f 4935//7581 2863//7581 2862//7581
f 4931//7582 2844//7582 4932//7582
f 4932//7583 2844//7583 2842//7583
f 2842//7584 2841//7584 4932//7584
f 4932//7585 2841//7585 2849//7585
f 4932//7586 2849//7586 4933//7586
f 4933//7587 2849//7587 2852//7587
f 4933//7588 2852//7588 2851//7588
f 2834//7589 2833//7589 2837//7589
f 4931//7590 4321//7590 2834//7590
f 2834//7591 2837//7591 4931//7591
f 4931//7592 2837//7592 2840//7592
f 4931//7593 2840//7593 2839//7593
f 2839//7594 2847//7594 4931//7594
f 4931//7595 2847//7595 2846//7595
f 4931//7596 2846//7596 2844//7596
f 4950//6157 4324//6157 4325//6157
f 4326//6157 4951//6157 4325//6157
f 4325//6157 4951//6157 4952//6157
f 4325//6157 4952//6157 4953//6157
f 4954//6157 4325//6157 4955//6157
f 4955//6157 4325//6157 4956//6157
f 4954//6157 4957//6157 4325//6157
f 4325//6157 4957//6157 4958//6157
f 4325//6157 4958//6157 4959//6157
f 4959//6157 4960//6157 4325//6157
f 4325//6157 4960//6157 4961//6157
f 4325//6157 4961//6157 4950//6157
f 4953//6157 4962//6157 4325//6157
f 4325//6157 4962//6157 4963//6157
f 4325//6157 4963//6157 4964//6157
f 4964//6157 4965//6157 4325//6157
f 4325//6157 4965//6157 4966//6157
f 4325//6157 4966//6157 4956//6157
f 4967//7597 2898//7597 2897//7597
f 2892//7598 2891//7598 4967//7598
f 4967//7599 2891//7599 2890//7599
f 4967//7600 2890//7600 2898//7600
f 4324//6596 4950//6596 2895//6596
f 2895//7601 4950//7601 4967//7601
f 2895//7602 4967//7602 2896//7602
f 2896//7603 4967//7603 2897//7603
f 2892//7604 4967//7604 2893//7604
f 2893//7605 4967//7605 4950//7605
f 2893//7606 4950//7606 2889//7606
f 2889//7607 4950//7607 4961//7607
f 2889//7608 4961//7608 2886//7608
f 4960//7609 2883//7609 2831//7609
f 2831//7610 2830//7610 4960//7610
f 4960//7611 2830//7611 2888//7611
f 4960//7612 2888//7612 4961//7612
f 4961//7613 2888//7613 2887//7613
f 4961//7614 2887//7614 2886//7614
f 2883//7615 4960//7615 2884//7615
f 2884//7616 4960//7616 4959//7616
f 2884//7617 4959//7617 2885//7617
f 2885//7618 4959//7618 2876//7618
f 2876//7619 4959//7619 4958//7619
f 2876//7620 4958//7620 2878//7620
f 2882//7621 2881//7621 4957//7621
f 4957//7622 2881//7622 2880//7622
f 4957//7623 2880//7623 4958//7623
f 4958//7624 2880//7624 2879//7624
f 4958//7625 2879//7625 2878//7625
f 2882//7626 4957//7626 2871//7626
f 2871//7627 4957//7627 4954//7627
f 2871//7628 4954//7628 2872//7628
f 2872//7629 4954//7629 4955//7629
f 2872//7629 4955//7629 2874//7629
f 2874//7630 4955//7630 4956//7630
f 2874//7630 4956//7630 4968//7630
f 4968//7631 4956//7631 4966//7631
f 4968//7632 4966//7632 2794//7632
f 2794//7633 4966//7633 4965//7633
f 2794//7633 4965//7633 2796//7633
f 2796//7634 4965//7634 2797//7634
f 2797//7635 4965//7635 4964//7635
f 2797//7636 4964//7636 2798//7636
f 2791//7637 2789//7637 4963//7637
f 4963//7638 2789//7638 2788//7638
f 4963//7639 2788//7639 4964//7639
f 4964//7640 2788//7640 2799//7640
f 4964//7641 2799//7641 2798//7641
f 2783//7642 4962//7642 2784//7642
f 2784//7643 4962//7643 4953//7643
f 2784//7644 4953//7644 2780//7644
f 2783//7645 2785//7645 4962//7645
f 4962//7646 2785//7646 2787//7646
f 4962//7647 2787//7647 4963//7647
f 4963//7648 2787//7648 2792//7648
f 4963//7649 2792//7649 2791//7649
f 4951//7650 2773//7650 4952//7650
f 4952//7651 2773//7651 2775//7651
f 2775//7652 2776//7652 4952//7652
f 4952//7653 2776//7653 2778//7653
f 4952//7654 2778//7654 4953//7654
f 4953//7655 2778//7655 2781//7655
f 4953//7656 2781//7656 2780//7656
f 2767//7657 2768//7657 2769//7657
f 4951//7658 4326//7658 2767//7658
f 2767//7659 2769//7659 4951//7659
f 4951//7660 2769//7660 2770//7660
f 4951//7661 2770//7661 2762//7661
f 2762//7662 2761//7662 4951//7662
f 4951//7663 2761//7663 2771//7663
f 4951//7664 2771//7664 2773//7664
f 4969//6157 4329//6157 4328//6157
f 4970//6157 4971//6157 4328//6157
f 4328//6157 4971//6157 4972//6157
f 4328//6157 4972//6157 4973//6157
f 4973//6157 4974//6157 4328//6157
f 4328//6157 4974//6157 4975//6157
f 4328//6157 4975//6157 4969//6157
f 4976//6157 4977//6157 4328//6157
f 4328//6157 4977//6157 4978//6157
f 4978//6157 4979//6157 4328//6157
f 4328//6157 4979//6157 4980//6157
f 4328//6157 4980//6157 4970//6157
f 4327//6157 4981//6157 4328//6157
f 4328//6157 4981//6157 4982//6157
f 4328//6157 4982//6157 4983//6157
f 4983//6157 4984//6157 4328//6157
f 4328//6157 4984//6157 4985//6157
f 4328//6157 4985//6157 4976//6157
f 4986//7665 2819//7665 2824//7665
f 2822//7666 2821//7666 4986//7666
f 4986//7667 2821//7667 2820//7667
f 4986//7668 2820//7668 2819//7668
f 4329//6660 4969//6660 2826//6660
f 2826//7669 4969//7669 4986//7669
f 2826//7670 4986//7670 2825//7670
f 2825//7671 4986//7671 2824//7671
f 2822//7672 4986//7672 2823//7672
f 2823//7673 4986//7673 4969//7673
f 2823//7674 4969//7674 2818//7674
f 2818//7675 4969//7675 4975//7675
f 2818//7676 4975//7676 2815//7676
f 4974//7677 2812//7677 2759//7677
f 2759//7678 2758//7678 4974//7678
f 4974//7679 2758//7679 2817//7679
f 4974//7680 2817//7680 4975//7680
f 4975//7681 2817//7681 2816//7681
f 4975//7682 2816//7682 2815//7682
f 2812//7683 4974//7683 2813//7683
f 2813//7684 4974//7684 4973//7684
f 2813//7685 4973//7685 2814//7685
f 2814//7686 4973//7686 2805//7686
f 2805//7687 4973//7687 4972//7687
f 2805//7688 4972//7688 2807//7688
f 2811//7689 2810//7689 4971//7689
f 4971//7690 2810//7690 2809//7690
f 4971//7691 2809//7691 4972//7691
f 4972//7692 2809//7692 2808//7692
f 4972//7693 2808//7693 2807//7693
f 2811//7694 4971//7694 2800//7694
f 2800//7695 4971//7695 4970//7695
f 2800//7696 4970//7696 2801//7696
f 2801//7697 4970//7697 4980//7697
f 2801//7697 4980//7697 2803//7697
f 2803//7698 4980//7698 4979//7698
f 2803//7698 4979//7698 4987//7698
f 4987//7699 4979//7699 4978//7699
f 4987//7699 4978//7699 2722//7699
f 2722//7700 4978//7700 4977//7700
f 2722//7700 4977//7700 2724//7700
f 2724//7701 4977//7701 2725//7701
f 2725//7702 4977//7702 4976//7702
f 2725//7703 4976//7703 2726//7703
f 2719//7704 2717//7704 4985//7704
f 4985//7705 2717//7705 2716//7705
f 4985//7706 2716//7706 4976//7706
f 4976//7707 2716//7707 2727//7707
f 4976//7708 2727//7708 2726//7708
f 2711//7709 4984//7709 2712//7709
f 2712//7710 4984//7710 4983//7710
f 2712//7711 4983//7711 2708//7711
f 2711//7712 2713//7712 4984//7712
f 4984//7713 2713//7713 2715//7713
f 4984//7714 2715//7714 4985//7714
f 4985//7715 2715//7715 2720//7715
f 4985//7716 2720//7716 2719//7716
f 4981//7717 2701//7717 4982//7717
f 4982//7718 2701//7718 2703//7718
f 2703//7719 2704//7719 4982//7719
f 4982//7720 2704//7720 2706//7720
f 4982//7721 2706//7721 4983//7721
f 4983//7722 2706//7722 2709//7722
f 4983//7723 2709//7723 2708//7723
f 2698//7724 2697//7724 2696//7724
f 4981//7725 4327//7725 2698//7725
f 2698//7726 2696//7726 4981//7726
f 4981//7727 2696//7727 2695//7727
f 4981//7728 2695//7728 2690//7728
f 2690//7729 2689//7729 4981//7729
f 4981//7730 2689//7730 2699//7730
f 4981//7731 2699//7731 2701//7731
f 4988//7732 4330//7732 4250//7732
f 4332//6157 4989//6157 4250//6157
f 4250//6157 4989//6157 4990//6157
f 4331//6157 4991//6157 4332//6157
f 4332//6157 4991//6157 4992//6157
f 4993//6157 4990//6157 4994//6157
f 4994//6157 4990//6157 4995//6157
f 4993//6157 4996//6157 4990//6157
f 4990//6157 4996//6157 4997//6157
f 4990//6157 4997//6157 4250//6157
f 4250//6157 4997//6157 4998//6157
f 4250//7733 4998//7733 4988//7733
f 4992//6157 4999//6157 4332//6157
f 4332//6157 4999//6157 5000//6157
f 4332//6157 5000//6157 4989//6157
f 4990//6157 5001//6157 4995//6157
f 4995//6157 5001//6157 5002//6157
f 4995//6157 5002//6157 5003//6157
f 5003//6157 5002//6157 5004//6157
f 5005//7734 2747//7734 2752//7734
f 2750//7735 2749//7735 5005//7735
f 5005//7736 2749//7736 2748//7736
f 5005//7737 2748//7737 2747//7737
f 4330//6724 4988//6724 2754//6724
f 2754//7738 4988//7738 5005//7738
f 2754//7739 5005//7739 2753//7739
f 2753//7740 5005//7740 2752//7740
f 2750//7741 5005//7741 2751//7741
f 2751//7742 5005//7742 4988//7742
f 2751//7743 4988//7743 2746//7743
f 2746//7744 4988//7744 4998//7744
f 2746//7745 4998//7745 2743//7745
f 2687//7746 2686//7746 4997//7746
f 4997//7747 2686//7747 2745//7747
f 4997//7748 2745//7748 4998//7748
f 4998//7749 2745//7749 2744//7749
f 4998//7750 2744//7750 2743//7750
f 4996//7751 2741//7751 4997//7751
f 4997//7752 2741//7752 2740//7752
f 4997//7753 2740//7753 2687//7753
f 2736//7754 2735//7754 4993//7754
f 4993//7755 2735//7755 2733//7755
f 4993//7756 2733//7756 4996//7756
f 4996//7757 2733//7757 2742//7757
f 4996//7758 2742//7758 2741//7758
f 2736//7759 4993//7759 2737//7759
f 2737//7760 4993//7760 4994//7760
f 2737//7761 4994//7761 2738//7761
f 5001//7762 2653//7762 5002//7762
f 5002//7763 2653//7763 5006//7763
f 5002//7763 5006//7763 5004//7763
f 5004//7764 5006//7764 2731//7764
f 5004//7764 2731//7764 5003//7764
f 5003//7765 2731//7765 2729//7765
f 5003//7765 2729//7765 4995//7765
f 4995//7766 2729//7766 2728//7766
f 4995//7767 2728//7767 4994//7767
f 4994//7768 2728//7768 2739//7768
f 4994//7769 2739//7769 2738//7769
f 2658//7770 2657//7770 4990//7770
f 4990//7771 2657//7771 2656//7771
f 4990//7772 2656//7772 5001//7772
f 5001//7773 2656//7773 2655//7773
f 5001//7762 2655//7762 2653//7762
f 2658//7774 4990//7774 2651//7774
f 2651//7775 4990//7775 4989//7775
f 2651//7776 4989//7776 2649//7776
f 2649//7777 4989//7777 2648//7777
f 2648//7778 4989//7778 5000//7778
f 2648//7137 5000//7137 2646//7137
f 2646//7779 5000//7779 2644//7779
f 2644//7780 5000//7780 4999//7780
f 2644//7781 4999//7781 2641//7781
f 4992//7782 2633//7782 4999//7782
f 4999//7783 2633//7783 2643//7783
f 4999//7784 2643//7784 2641//7784
f 2638//7785 2636//7785 4992//7785
f 4992//7786 2636//7786 2634//7786
f 4992//7787 2634//7787 2633//7787
f 4991//7788 4331//7788 2678//7788
f 2639//7789 5007//7789 2632//7789
f 2632//7790 5007//7790 2630//7790
f 2626//7791 2625//7791 5007//7791
f 5007//7792 2625//7792 2628//7792
f 5007//7793 2628//7793 2630//7793
f 2638//7794 4992//7794 2639//7794
f 2639//7795 4992//7795 4991//7795
f 2639//7796 4991//7796 5007//7796
f 5007//7797 4991//7797 2678//7797
f 5007//7798 2678//7798 2626//7798
f 4334//6157 5008//6157 5009//6157
f 4335//6157 5010//6157 4334//6157
f 4334//6157 5010//6157 5011//6157
f 5009//6157 5012//6157 4334//6157
f 4334//6157 5012//6157 5013//6157
f 4334//6157 5013//6157 5014//6157
f 5014//6157 5015//6157 4334//6157
f 4334//6157 5015//6157 5016//6157
f 4334//6157 5016//6157 5017//6157
f 5011//6157 5018//6157 4334//6157
f 4334//6157 5018//6157 5019//6157
f 4334//6157 5019//6157 5020//6157
f 5017//6157 5021//6157 4334//6157
f 4334//6157 5021//6157 5022//6157
f 4334//6157 5022//6157 4333//6157
f 5020//6157 5023//6157 4334//6157
f 4334//6157 5023//6157 5024//6157
f 4334//6157 5024//6157 5008//6157
f 2676//7799 2675//7799 5025//7799
f 2676//7800 5025//7800 2677//7800
f 4333//7801 5022//7801 2681//7801
f 2681//7802 5022//7802 5025//7802
f 2681//7803 5025//7803 2674//7803
f 2674//7804 5025//7804 2675//7804
f 5021//7805 2669//7805 2668//7805
f 2668//7806 2673//7806 5021//7806
f 5021//7807 2673//7807 2672//7807
f 5021//7808 2672//7808 5022//7808
f 5022//7809 2672//7809 2671//7809
f 5022//7810 2671//7810 5025//7810
f 5025//7811 2671//7811 2670//7811
f 5025//7812 2670//7812 2677//7812
f 2669//7813 5021//7813 2685//7813
f 2685//7814 5021//7814 5017//7814
f 2685//7815 5017//7815 2621//7815
f 2621//7816 5017//7816 2619//7816
f 2619//7817 5017//7817 5016//7817
f 2619//7818 5016//7818 2665//7818
f 2665//7819 5016//7819 2666//7819
f 2666//7820 5016//7820 5015//7820
f 2666//7821 5015//7821 2667//7821
f 2667//7822 5015//7822 2622//7822
f 2622//7823 5015//7823 5014//7823
f 2622//7824 5014//7824 2623//7824
f 5024//7825 2589//7825 5008//7825
f 5008//7826 2589//7826 5026//7826
f 5008//7826 5026//7826 5009//7826
f 5009//7827 5026//7827 2662//7827
f 5009//7827 2662//7827 5012//7827
f 5012//7828 2662//7828 2660//7828
f 5012//7828 2660//7828 5013//7828
f 5013//7829 2660//7829 2659//7829
f 5013//7830 2659//7830 5014//7830
f 5014//7831 2659//7831 2663//7831
f 5014//7832 2663//7832 2623//7832
f 2594//7833 2593//7833 5023//7833
f 5023//7834 2593//7834 2592//7834
f 5023//7835 2592//7835 5024//7835
f 5024//7836 2592//7836 2591//7836
f 5024//7825 2591//7825 2589//7825
f 2594//7837 5023//7837 2587//7837
f 2587//7838 5023//7838 5020//7838
f 2587//7839 5020//7839 2585//7839
f 2585//7840 5020//7840 2584//7840
f 2584//7841 5020//7841 5019//7841
f 2584//7201 5019//7201 2582//7201
f 2582//7842 5019//7842 2580//7842
f 2580//7843 5019//7843 5018//7843
f 2580//7844 5018//7844 2577//7844
f 5011//7845 2569//7845 5018//7845
f 5018//7846 2569//7846 2579//7846
f 5018//7847 2579//7847 2577//7847
f 2574//7848 2572//7848 5011//7848
f 5011//7849 2572//7849 2570//7849
f 5011//7850 2570//7850 2569//7850
f 5010//7851 4335//7851 2561//7851
f 2575//7852 5027//7852 2568//7852
f 2568//7853 5027//7853 2566//7853
f 2559//7854 2558//7854 5027//7854
f 5027//7855 2558//7855 2564//7855
f 5027//7856 2564//7856 2566//7856
f 2574//7857 5011//7857 2575//7857
f 2575//7858 5011//7858 5010//7858
f 2575//7859 5010//7859 5027//7859
f 5027//7860 5010//7860 2561//7860
f 5027//7861 2561//7861 2559//7861
f 5028//6157 5029//6157 4336//6157
f 5030//6157 5031//6157 4336//6157
f 4336//6157 5031//6157 5032//6157
f 5033//6157 5034//6157 4336//6157
f 4336//6157 5034//6157 5035//6157
f 4336//6157 5035//6157 4337//6157
f 5028//6157 4336//6157 5036//6157
f 5029//6157 5037//6157 4336//6157
f 4336//6157 5037//6157 5038//6157
f 4336//6157 5038//6157 5030//6157
f 5032//6157 5039//6157 4336//6157
f 4336//6157 5039//6157 5040//6157
f 4336//6157 5040//6157 5033//6157
f 4258//6157 5041//6157 4336//6157
f 4336//6157 5041//6157 5042//6157
f 5042//6157 5043//6157 4336//6157
f 4336//6157 5043//6157 5044//6157
f 4336//6157 5044//6157 5036//6157
f 2612//7862 2611//7862 5045//7862
f 2612//7863 5045//7863 2613//7863
f 4337//7864 5035//7864 2614//7864
f 2614//7865 5035//7865 5045//7865
f 2614//7866 5045//7866 2610//7866
f 2610//7867 5045//7867 2611//7867
f 2604//7868 2609//7868 5034//7868
f 5034//7869 2609//7869 2608//7869
f 5034//7870 2608//7870 5035//7870
f 5035//7871 2608//7871 2607//7871
f 5035//7872 2607//7872 5045//7872
f 5045//7873 2607//7873 2606//7873
f 5045//7874 2606//7874 2613//7874
f 5033//7875 2618//7875 5034//7875
f 5034//7876 2618//7876 2605//7876
f 5034//7877 2605//7877 2604//7877
f 5040//7878 2552//7878 5033//7878
f 5033//7879 2552//7879 2554//7879
f 5033//7880 2554//7880 2618//7880
f 5039//7881 2602//7881 5040//7881
f 5040//7882 2602//7882 2601//7882
f 5040//7883 2601//7883 2552//7883
f 2599//7884 2556//7884 5032//7884
f 5032//7885 2556//7885 2555//7885
f 5032//7886 2555//7886 5039//7886
f 5039//7887 2555//7887 2603//7887
f 5039//7888 2603//7888 2602//7888
f 2599//7889 5032//7889 2595//7889
f 2595//7890 5032//7890 5031//7890
f 2595//7891 5031//7891 2596//7891
f 2596//7892 5031//7892 5030//7892
f 2596//7892 5030//7892 2598//7892
f 2598//7893 5030//7893 5038//7893
f 2598//7893 5038//7893 5046//7893
f 5046//7894 5038//7894 5037//7894
f 5046//7894 5037//7894 2543//7894
f 2543//7895 5037//7895 5029//7895
f 2543//7895 5029//7895 2545//7895
f 2545//7896 5029//7896 2546//7896
f 2546//7897 5029//7897 5028//7897
f 2546//7898 5028//7898 2547//7898
f 2540//7899 2538//7899 5036//7899
f 5036//7900 2538//7900 2537//7900
f 5036//7901 2537//7901 5028//7901
f 5028//7902 2537//7902 2548//7902
f 5028//7903 2548//7903 2547//7903
f 2532//7904 5044//7904 2533//7904
f 2533//7905 5044//7905 5043//7905
f 2533//7906 5043//7906 2529//7906
f 2532//7907 2534//7907 5044//7907
f 5044//7908 2534//7908 2536//7908
f 5044//7909 2536//7909 5036//7909
f 5036//7910 2536//7910 2541//7910
f 5036//7911 2541//7911 2540//7911
f 5041//7912 2525//7912 5042//7912
f 5042//7913 2525//7913 2526//7913
f 2526//7914 2527//7914 5042//7914
f 5042//7915 2527//7915 2528//7915
f 5042//7916 2528//7916 5043//7916
f 5043//7917 2528//7917 2530//7917
f 5043//7918 2530//7918 2529//7918
f 2518//7919 2517//7919 2480//7919
f 5041//7920 4258//7920 2518//7920
f 2518//7921 2480//7921 5041//7921
f 5041//7922 2480//7922 2479//7922
f 5041//7923 2479//7923 2522//7923
f 2522//7924 2523//7924 5041//7924
f 5041//7925 2523//7925 2524//7925
f 5041//7926 2524//7926 2525//7926
