# Blender 5.1.0
# www.blender.org
mtllib textured.mtl
o Vaso_de_precipitado.001_Cilindro.016
v 0.000000 0.024904 -0.062647
v 0.009530 0.023008 -0.062647
v 0.017609 0.017609 -0.062647
v 0.023008 0.009530 -0.062647
v 0.024904 0.000000 -0.062647
v 0.023008 -0.009530 -0.062647
v 0.017609 -0.017609 -0.062647
v 0.009530 -0.023008 -0.062647
v 0.000000 -0.024904 -0.062647
v -0.009530 -0.023008 -0.062647
v -0.017609 -0.017609 -0.062647
v -0.023008 -0.009530 -0.062647
v -0.024904 0.000000 -0.062647
v -0.023008 0.009530 -0.062647
v -0.017609 0.017609 -0.062647
v -0.009530 0.023008 -0.062647
v 0.000000 0.016064 -0.063999
v 0.006147 0.014841 -0.063999
v 0.011359 0.011359 -0.063999
v 0.014841 0.006147 -0.063999
v 0.016064 0.000000 -0.063999
v 0.014841 -0.006147 -0.063999
v 0.011359 -0.011359 -0.063999
v 0.006147 -0.014841 -0.063999
v 0.000000 -0.016064 -0.063999
v -0.006147 -0.014841 -0.063999
v -0.011359 -0.011359 -0.063999
v -0.014841 -0.006147 -0.063999
v -0.016064 0.000000 -0.063999
v -0.014841 0.006147 -0.063999
v -0.011359 0.011359 -0.063999
v -0.006147 0.014841 -0.063999
v 0.000000 0.027076 -0.045019
v 0.010362 0.025015 -0.045019
v 0.019146 0.019146 -0.045019
v 0.025015 0.010362 -0.045019
v 0.027076 0.000000 -0.045019
v 0.025015 -0.010362 -0.045019
v 0.019146 -0.019146 -0.045019
v 0.010362 -0.025015 -0.045019
v 0.000000 -0.027076 -0.045019
v -0.010362 -0.025015 -0.045019
v -0.019146 -0.019146 -0.045019
v -0.025015 -0.010362 -0.045019
v -0.027076 0.000000 -0.045019
v -0.025015 0.010362 -0.045019
v -0.019146 0.019146 -0.045019
v -0.010362 0.025015 -0.045019
v 0.000000 0.027114 0.001104
v 0.010376 0.025050 0.001104
v 0.019173 0.019173 0.001104
v 0.025050 0.010376 0.001104
v 0.027114 0.000000 0.001104
v 0.025050 -0.010376 0.001104
v 0.019173 -0.019173 0.001104
v 0.010376 -0.025050 0.001104
v 0.000000 -0.027114 0.001104
v -0.010376 -0.025050 0.001104
v -0.019179 -0.019170 0.001104
v -0.025073 -0.010367 0.001100
v -0.027138 0.000000 0.001093
v -0.025073 0.010367 0.001100
v -0.019179 0.019170 0.001104
v -0.010376 0.025050 0.001104
v 0.000000 0.027114 0.019476
v 0.010376 0.025050 0.019476
v 0.019173 0.019173 0.019476
v 0.025050 0.010376 0.019476
v 0.027114 0.000000 0.019476
v 0.025050 -0.010376 0.019476
v 0.019173 -0.019173 0.019476
v 0.010376 -0.025050 0.019476
v 0.000000 -0.027114 0.019476
v -0.010382 -0.025047 0.019477
v -0.019506 -0.018996 0.019478
v -0.026320 -0.009832 0.019272
v -0.028517 0.000000 0.018801
v -0.026320 0.009832 0.019272
v -0.019506 0.018996 0.019478
v -0.010382 0.025047 0.019477
v 0.000000 0.026443 0.026903
v 0.010119 0.024431 0.026903
v 0.018699 0.018699 0.026903
v 0.024431 0.010119 0.026903
v 0.026444 0.000000 0.026903
v 0.024431 -0.010119 0.026903
v 0.018699 -0.018699 0.026903
v 0.010119 -0.024431 0.026903
v 0.000000 -0.026443 0.026903
v -0.010171 -0.024399 0.026918
v -0.020938 -0.017490 0.027015
v -0.032815 -0.006478 0.025901
v -0.035721 0.000000 0.023018
v -0.032815 0.006478 0.025901
v -0.020938 0.017490 0.027015
v -0.010171 0.024399 0.026918
v 0.025039 0.010371 0.024563
v 0.027103 0.000000 0.024563
v 0.019165 0.019165 0.024563
v -0.010398 0.025025 0.024564
v 0.000000 0.027103 0.024563
v 0.010371 0.025039 0.024563
v -0.020628 0.018391 0.024569
v -0.030602 0.007986 0.023669
v -0.033249 0.000000 0.021608
v -0.030602 -0.007986 0.023669
v -0.020628 -0.018391 0.024569
v -0.010398 -0.025025 0.024564
v 0.000000 -0.027103 0.024563
v 0.010371 -0.025039 0.024563
v 0.019165 -0.019165 0.024563
v 0.025039 -0.010371 0.024563
v 0.000000 0.022701 -0.060548
v 0.008687 0.020973 -0.060548
v 0.016052 0.016052 -0.060548
v 0.020973 0.008687 -0.060548
v 0.022701 0.000000 -0.060548
v 0.020973 -0.008687 -0.060548
v 0.016052 -0.016052 -0.060548
v 0.008687 -0.020973 -0.060548
v 0.000000 -0.022701 -0.060548
v -0.008687 -0.020973 -0.060548
v -0.016052 -0.016052 -0.060548
v -0.020973 -0.008687 -0.060548
v -0.022701 0.000000 -0.060548
v -0.020973 0.008687 -0.060548
v -0.016052 0.016052 -0.060548
v -0.008687 0.020973 -0.060548
v 0.000000 0.015336 -0.060848
v 0.005869 0.014169 -0.060848
v 0.010844 0.010844 -0.060848
v 0.014169 0.005869 -0.060848
v 0.015336 0.000000 -0.060848
v 0.014169 -0.005869 -0.060848
v 0.010844 -0.010844 -0.060848
v 0.005869 -0.014169 -0.060848
v 0.000000 -0.015336 -0.060848
v -0.005869 -0.014169 -0.060848
v -0.010844 -0.010844 -0.060848
v -0.014169 -0.005869 -0.060848
v -0.015336 0.000000 -0.060848
v -0.014169 0.005869 -0.060848
v -0.010844 0.010844 -0.060848
v -0.005869 0.014169 -0.060848
v 0.000000 0.023867 -0.044553
v 0.009134 0.022049 -0.044553
v 0.016876 0.016876 -0.044553
v 0.022049 0.009134 -0.044553
v 0.023867 0.000000 -0.044553
v 0.022049 -0.009134 -0.044553
v 0.016876 -0.016876 -0.044553
v 0.009134 -0.022049 -0.044553
v 0.000000 -0.023867 -0.044553
v -0.009134 -0.022049 -0.044553
v -0.016877 -0.016875 -0.044552
v -0.022051 -0.009132 -0.044550
v -0.023868 0.000000 -0.044548
v -0.022051 0.009132 -0.044550
v -0.016877 0.016875 -0.044552
v -0.009134 0.022049 -0.044553
v 0.000000 0.023728 0.001112
v 0.009081 0.021922 0.001112
v 0.016778 0.016778 0.001112
v 0.021922 0.009081 0.001112
v 0.023728 0.000000 0.001112
v 0.021922 -0.009081 0.001112
v 0.016778 -0.016778 0.001112
v 0.009081 -0.021922 0.001112
v 0.000000 -0.023728 0.001112
v -0.009085 -0.021918 0.001123
v -0.016810 -0.016748 0.001176
v -0.022013 -0.009014 0.001296
v -0.023848 0.000000 0.001395
v -0.022013 0.009014 0.001296
v -0.016810 0.016748 0.001176
v -0.009085 0.021918 0.001123
v -0.000000 0.023725 0.019477
v 0.009079 0.021919 0.019476
v 0.016776 0.016776 0.019476
v 0.021919 0.009079 0.019476
v 0.023725 0.000000 0.019476
v 0.021919 -0.009079 0.019476
v 0.016776 -0.016776 0.019476
v 0.009079 -0.021919 0.019476
v -0.000000 -0.023725 0.019477
v -0.009109 -0.021896 0.019524
v -0.017269 -0.016454 0.019787
v -0.023609 -0.008244 0.020168
v -0.025698 0.000000 0.020174
v -0.023609 0.008244 0.020168
v -0.017269 0.016454 0.019787
v -0.009109 0.021896 0.019524
v -0.000001 0.024395 0.026904
v 0.009336 0.022539 0.026903
v 0.017251 0.017251 0.026903
v 0.022538 0.009336 0.026903
v 0.024395 0.000000 0.026903
v 0.022538 -0.009336 0.026903
v 0.017251 -0.017251 0.026903
v 0.009336 -0.022538 0.026903
v -0.000001 -0.024395 0.026904
v -0.009427 -0.022475 0.026965
v -0.019765 -0.015820 0.027348
v -0.031620 -0.005268 0.026880
v -0.034519 0.000000 0.024440
v -0.031620 0.005268 0.026880
v -0.019765 0.015820 0.027348
v -0.009427 0.022475 0.026965
v 0.021930 0.009084 0.024563
v 0.023736 0.000000 0.024563
v 0.016785 0.016785 0.024563
v -0.009162 0.021874 0.024639
v -0.000001 0.023736 0.024564
v 0.009084 0.021930 0.024563
v -0.018609 0.015719 0.025089
v -0.028446 0.006131 0.025171
v -0.031120 0.000000 0.023819
v -0.028446 -0.006131 0.025171
v -0.018609 -0.015719 0.025089
v -0.009162 -0.021874 0.024639
v -0.000001 -0.023736 0.024564
v 0.009084 -0.021930 0.024563
v 0.016785 -0.016785 0.024563
v 0.021930 -0.009084 0.024563
v 0.004856 0.024415 -0.062647
v 0.010203 0.024633 -0.058141
v 0.013830 0.020698 -0.062647
v 0.018853 0.018853 -0.058141
v 0.020698 0.013830 -0.062647
v 0.024633 0.010203 -0.058141
v 0.024415 0.004856 -0.062647
v 0.026663 0.000000 -0.058141
v 0.024415 -0.004856 -0.062647
v 0.024633 -0.010203 -0.058141
v 0.020698 -0.013830 -0.062647
v 0.018853 -0.018853 -0.058141
v 0.013830 -0.020698 -0.062647
v 0.010203 -0.024633 -0.058141
v 0.004856 -0.024415 -0.062647
v 0.000000 -0.026663 -0.058141
v -0.004856 -0.024415 -0.062647
v -0.010203 -0.024633 -0.058141
v -0.013830 -0.020698 -0.062647
v -0.018853 -0.018853 -0.058141
v -0.020698 -0.013830 -0.062647
v -0.024633 -0.010203 -0.058141
v -0.024415 -0.004856 -0.062647
v -0.026663 0.000000 -0.058141
v -0.024415 0.004856 -0.062647
v -0.024633 0.010203 -0.058141
v -0.020698 0.013830 -0.062647
v -0.018853 0.018853 -0.058141
v -0.013830 0.020698 -0.062647
v -0.010203 0.024633 -0.058141
v -0.004856 0.024415 -0.062647
v 0.002752 0.013834 -0.064009
v 0.007836 0.011727 -0.064009
v 0.011727 0.007836 -0.064009
v 0.013834 0.002752 -0.064009
v 0.013834 -0.002752 -0.064009
v 0.011727 -0.007836 -0.064009
v 0.007836 -0.011727 -0.064009
v 0.002752 -0.013834 -0.064009
v -0.002752 -0.013834 -0.064009
v -0.007836 -0.011727 -0.064009
v -0.011727 -0.007836 -0.064009
v -0.013834 -0.002752 -0.064009
v -0.013834 0.002752 -0.064009
v -0.011727 0.007836 -0.064009
v -0.007836 0.011727 -0.064009
v -0.002752 0.013834 -0.064009
v 0.019406 0.008039 -0.063791
v 0.014853 0.014853 -0.063791
v 0.000000 -0.021006 -0.063791
v 0.008039 -0.019406 -0.063791
v 0.008039 0.019406 -0.063791
v 0.000000 0.021006 -0.063791
v -0.019406 0.008039 -0.063791
v -0.021006 0.000000 -0.063791
v 0.014853 -0.014853 -0.063791
v 0.019406 -0.008039 -0.063791
v -0.019406 -0.008039 -0.063791
v -0.014853 -0.014853 -0.063791
v -0.008039 0.019406 -0.063791
v 0.021006 0.000000 -0.063791
v -0.008039 -0.019406 -0.063791
v -0.014853 0.014853 -0.063791
v 0.000000 0.026663 -0.058141
v 0.010376 0.025050 -0.021930
v 0.019173 0.019173 -0.021930
v 0.025050 0.010376 -0.021930
v 0.027114 0.000000 -0.021930
v 0.025050 -0.010376 -0.021930
v 0.019173 -0.019173 -0.021930
v 0.010376 -0.025050 -0.021930
v 0.000000 -0.027114 -0.021930
v -0.010376 -0.025050 -0.021930
v -0.019173 -0.019173 -0.021930
v -0.025050 -0.010376 -0.021930
v -0.027114 0.000000 -0.021930
v -0.025050 0.010376 -0.021930
v -0.019173 0.019173 -0.021930
v -0.010376 0.025050 -0.021930
v -0.005282 0.026556 -0.045019
v -0.015042 0.022513 -0.045019
v -0.022513 0.015042 -0.045019
v -0.026556 0.005282 -0.045019
v -0.026556 -0.005282 -0.045019
v -0.022513 -0.015042 -0.045019
v -0.015042 -0.022513 -0.045019
v -0.005282 -0.026556 -0.045019
v 0.005282 -0.026556 -0.045019
v 0.015042 -0.022513 -0.045019
v 0.022513 -0.015042 -0.045019
v 0.026556 -0.005282 -0.045019
v 0.026556 0.005282 -0.045019
v 0.022513 0.015042 -0.045019
v 0.015042 0.022513 -0.045019
v 0.005282 0.026556 -0.045019
v 0.000000 0.027114 -0.021930
v -0.005290 0.026593 0.001104
v -0.015065 0.022543 0.001104
v -0.022558 0.015057 0.001104
v -0.026617 0.005283 0.001095
v -0.026617 -0.005283 0.001095
v -0.022558 -0.015057 0.001104
v -0.015065 -0.022543 0.001104
v -0.005290 -0.026593 0.001104
v 0.005290 -0.026593 0.001104
v 0.015064 -0.022544 0.001104
v 0.022544 -0.015064 0.001104
v 0.026593 -0.005290 0.001104
v 0.026593 0.005290 0.001104
v 0.022544 0.015064 0.001104
v 0.015064 0.022544 0.001104
v 0.005290 0.026593 0.001104
v -0.005290 0.026593 0.019476
v -0.015134 0.022506 0.019478
v -0.023372 0.014648 0.019441
v -0.028004 0.004912 0.018969
v -0.028004 -0.004912 0.018969
v -0.023372 -0.014648 0.019441
v -0.015134 -0.022506 0.019478
v -0.005290 -0.026593 0.019476
v 0.005290 -0.026593 0.019476
v 0.015064 -0.022544 0.019476
v 0.022544 -0.015064 0.019476
v 0.026593 -0.005290 0.019476
v 0.026593 0.005290 0.019476
v 0.022544 0.015064 0.019476
v 0.015064 0.022544 0.019476
v 0.005290 0.026593 0.019476
v 0.010376 0.025050 0.014259
v 0.019173 0.019173 0.014259
v -0.019243 0.019136 0.014259
v -0.010378 0.025050 0.014259
v 0.000000 0.027114 0.014259
v -0.025316 0.010262 0.014216
v -0.027408 0.000000 0.014117
v -0.025316 -0.010262 0.014216
v -0.019243 -0.019136 0.014259
v -0.010378 -0.025050 0.014259
v 0.000000 -0.027114 0.014259
v 0.010376 -0.025050 0.014259
v 0.019173 -0.019173 0.014259
v 0.025050 -0.010376 0.014259
v 0.027114 0.000000 0.014259
v 0.025050 0.010376 0.014259
v -0.005162 0.025933 0.026905
v -0.015186 0.021709 0.026955
v -0.027473 0.011896 0.026876
v -0.035264 0.002638 0.024059
v -0.035264 -0.002638 0.024059
v -0.027473 -0.011896 0.026876
v -0.015186 -0.021709 0.026955
v -0.005162 -0.025933 0.026905
v 0.005158 -0.025935 0.026903
v 0.014691 -0.021986 0.026903
v 0.021986 -0.014691 0.026903
v 0.025935 -0.005158 0.026903
v 0.025935 0.005158 0.026903
v 0.021986 0.014691 0.026903
v 0.014691 0.021986 0.026903
v 0.005158 0.025935 0.026903
v 0.024920 0.010322 0.026083
v 0.027114 0.000000 0.022327
v 0.019073 0.019073 0.026083
v -0.010359 0.024899 0.026086
v 0.000000 0.027114 0.022327
v 0.010322 0.024920 0.026083
v -0.020996 0.018052 0.026111
v -0.032203 0.007190 0.024978
v -0.035024 0.000000 0.022324
v -0.032203 -0.007190 0.024978
v -0.020996 -0.018052 0.026111
v -0.010359 -0.024899 0.026086
v 0.000000 -0.026973 0.026083
v 0.010322 -0.024920 0.026083
v 0.019073 -0.019073 0.026083
v 0.024920 -0.010322 0.026083
v 0.025050 0.010376 0.022327
v 0.026973 0.000000 0.026083
v 0.019173 0.019173 0.022327
v -0.010391 0.025042 0.022327
v 0.000000 0.026973 0.026083
v 0.010376 0.025050 0.022327
v -0.020035 0.018717 0.022330
v -0.028331 0.008970 0.021797
v -0.030739 0.000000 0.020579
v -0.028331 -0.008970 0.021797
v -0.020036 -0.018717 0.022330
v -0.010391 -0.025042 0.022327
v 0.000000 -0.027114 0.022327
v 0.010376 -0.025050 0.022327
v 0.019173 -0.019173 0.022327
v 0.025050 -0.010376 0.022327
v 0.026581 -0.005288 0.024563
v 0.022535 -0.015057 0.024563
v 0.015057 -0.022535 0.024563
v 0.005288 -0.026581 0.024563
v -0.005288 -0.026581 0.024563
v -0.015367 -0.022369 0.024568
v -0.026165 -0.013237 0.024410
v -0.032766 -0.003633 0.022346
v -0.032766 0.003633 0.022346
v -0.026165 0.013237 0.024410
v 0.005288 0.026581 0.024563
v -0.015367 0.022369 0.024568
v 0.015057 0.022535 0.024563
v -0.005288 0.026581 0.024563
v 0.022535 0.015057 0.024563
v 0.026581 0.005288 0.024563
v 0.004427 0.022256 -0.060548
v 0.009111 0.021996 -0.056927
v 0.012606 0.018867 -0.060548
v 0.016835 0.016835 -0.056927
v 0.018867 0.012606 -0.060548
v 0.021996 0.009111 -0.056927
v 0.022256 0.004427 -0.060548
v 0.023808 0.000000 -0.056927
v 0.022256 -0.004427 -0.060548
v 0.021996 -0.009111 -0.056927
v 0.018867 -0.012606 -0.060548
v 0.016835 -0.016835 -0.056927
v 0.012606 -0.018867 -0.060548
v 0.009111 -0.021996 -0.056927
v 0.004427 -0.022256 -0.060548
v 0.000000 -0.023808 -0.056927
v -0.004427 -0.022256 -0.060548
v -0.009111 -0.021996 -0.056927
v -0.012606 -0.018867 -0.060548
v -0.016835 -0.016835 -0.056927
v -0.018867 -0.012606 -0.060548
v -0.021996 -0.009111 -0.056927
v -0.022256 -0.004427 -0.060548
v -0.023808 0.000000 -0.056927
v -0.022256 0.004427 -0.060548
v -0.021996 0.009111 -0.056927
v -0.018867 0.012606 -0.060548
v -0.016835 0.016835 -0.056927
v -0.012606 0.018867 -0.060548
v -0.009111 0.021996 -0.056927
v -0.004427 0.022256 -0.060548
v 0.002634 0.013244 -0.060800
v 0.007502 0.011228 -0.060800
v 0.011228 0.007502 -0.060800
v 0.013244 0.002634 -0.060800
v 0.013244 -0.002634 -0.060800
v 0.011228 -0.007502 -0.060800
v 0.007502 -0.011228 -0.060800
v 0.002634 -0.013244 -0.060800
v -0.002634 -0.013244 -0.060800
v -0.007502 -0.011228 -0.060800
v -0.011228 -0.007502 -0.060800
v -0.013244 -0.002634 -0.060800
v -0.013244 0.002634 -0.060800
v -0.011228 0.007502 -0.060800
v -0.007502 0.011228 -0.060800
v -0.002634 0.013244 -0.060800
v 0.018166 0.007525 -0.060993
v 0.013903 0.013903 -0.060993
v 0.000000 -0.019662 -0.060993
v 0.007525 -0.018166 -0.060993
v 0.007525 0.018166 -0.060993
v 0.000000 0.019662 -0.060993
v -0.018166 0.007525 -0.060993
v -0.019662 0.000000 -0.060993
v 0.013903 -0.013903 -0.060993
v 0.018166 -0.007525 -0.060993
v -0.018166 -0.007525 -0.060993
v -0.013903 -0.013903 -0.060993
v -0.007525 0.018166 -0.060993
v 0.019662 0.000000 -0.060993
v -0.007525 -0.018166 -0.060993
v -0.013903 0.013903 -0.060993
v 0.000000 0.023808 -0.056927
v 0.009093 0.021952 -0.021833
v 0.016802 0.016802 -0.021833
v 0.021952 0.009093 -0.021833
v 0.023761 0.000000 -0.021833
v 0.021952 -0.009093 -0.021833
v 0.016802 -0.016802 -0.021833
v 0.009093 -0.021952 -0.021833
v 0.000000 -0.023761 -0.021833
v -0.009094 -0.021952 -0.021831
v -0.016807 -0.016795 -0.021820
v -0.021966 -0.009081 -0.021794
v -0.023780 0.000000 -0.021772
v -0.021966 0.009081 -0.021794
v -0.016807 0.016795 -0.021820
v -0.009094 0.021952 -0.021831
v -0.004656 0.023407 -0.044553
v -0.013260 0.019844 -0.044553
v -0.019845 0.013259 -0.044551
v -0.023409 0.004655 -0.044549
v -0.023409 -0.004655 -0.044549
v -0.019845 -0.013259 -0.044551
v -0.013260 -0.019844 -0.044553
v -0.004656 -0.023407 -0.044553
v 0.004656 -0.023407 -0.044553
v 0.013259 -0.019844 -0.044553
v 0.019844 -0.013259 -0.044553
v 0.023407 -0.004656 -0.044553
v 0.023407 0.004656 -0.044553
v 0.019844 0.013259 -0.044553
v 0.013259 0.019844 -0.044553
v 0.004656 0.023407 -0.044553
v 0.000000 0.023761 -0.021833
v -0.004630 0.023271 0.001114
v -0.013196 0.019716 0.001141
v -0.019790 0.013126 0.001229
v -0.023384 0.004585 0.001364
v -0.023384 -0.004585 0.001364
v -0.019790 -0.013126 0.001229
v -0.013196 -0.019716 0.001141
v -0.004630 -0.023271 0.001114
v 0.004629 -0.023271 0.001112
v 0.013183 -0.019729 0.001112
v 0.019729 -0.013183 0.001112
v 0.023271 -0.004629 0.001112
v 0.023271 0.004629 0.001112
v 0.019729 0.013183 0.001112
v 0.013183 0.019729 0.001112
v 0.004629 0.023271 0.001112
v -0.004633 0.023264 0.019486
v -0.013323 0.019626 0.019617
v -0.020838 0.012514 0.020008
v -0.025208 0.004058 0.020194
v -0.025208 -0.004058 0.020194
v -0.020838 -0.012514 0.020008
v -0.013323 -0.019626 0.019617
v -0.004633 -0.023264 0.019486
v 0.004628 -0.023269 0.019476
v 0.013180 -0.019726 0.019476
v 0.019726 -0.013180 0.019476
v 0.023269 -0.004628 0.019476
v 0.023269 0.004628 0.019476
v 0.019726 0.013180 0.019476
v 0.013180 0.019726 0.019476
v 0.004628 0.023269 0.019476
v 0.009079 0.021919 0.014259
v 0.016776 0.016776 0.014259
v -0.016922 0.016663 0.014430
v -0.009093 0.021908 0.014286
v 0.000000 0.023725 0.014260
v -0.022384 0.008811 0.014714
v -0.024293 0.000000 0.014894
v -0.022384 -0.008811 0.014714
v -0.016922 -0.016663 0.014430
v -0.009093 -0.021908 0.014286
v 0.000000 -0.023725 0.014260
v 0.009079 -0.021919 0.014259
v 0.016776 -0.016776 0.014259
v 0.021919 -0.009079 0.014259
v 0.023725 0.000000 0.014259
v 0.021919 0.009079 0.014259
v -0.004770 0.023918 0.026915
v -0.014171 0.019909 0.027098
v -0.026264 0.010385 0.027504
v -0.034068 0.001957 0.025348
v -0.034068 -0.001957 0.025348
v -0.026264 -0.010385 0.027504
v -0.014171 -0.019909 0.027098
v -0.004770 -0.023917 0.026915
v 0.004759 -0.023927 0.026903
v 0.013554 -0.020284 0.026903
v 0.020284 -0.013554 0.026903
v 0.023927 -0.004759 0.026903
v 0.023927 0.004759 0.026903
v 0.020284 0.013554 0.026903
v 0.013554 0.020284 0.026903
v 0.004759 0.023927 0.026903
v 0.022049 0.009133 0.026083
v 0.023725 0.000000 0.022327
v 0.016876 0.016876 0.026083
v -0.009227 0.021984 0.026158
v -0.000000 0.023725 0.022328
v 0.009133 0.022049 0.026083
v -0.019191 0.015542 0.026617
v -0.030344 0.005395 0.026454
v -0.033181 0.000000 0.024473
v -0.030344 -0.005395 0.026454
v -0.019191 -0.015542 0.026617
v -0.009227 -0.021984 0.026158
v -0.000001 -0.023866 0.026083
v 0.009133 -0.022049 0.026083
v 0.016876 -0.016876 0.026083
v 0.022049 -0.009133 0.026083
v 0.021919 0.009079 0.022327
v 0.023866 0.000000 0.026083
v 0.016776 0.016776 0.022327
v -0.009134 0.021879 0.022393
v -0.000001 0.023866 0.026083
v 0.009079 0.021919 0.022327
v -0.017904 0.016097 0.022768
v -0.025905 0.007233 0.023062
v -0.028291 0.000000 0.022474
v -0.025905 -0.007233 0.023062
v -0.017904 -0.016097 0.022768
v -0.009134 -0.021879 0.022393
v -0.000000 -0.023725 0.022328
v 0.009079 -0.021919 0.022327
v 0.016776 -0.016776 0.022327
v 0.021919 -0.009079 0.022327
v 0.023280 -0.004630 0.024563
v 0.019736 -0.013187 0.024563
v 0.013187 -0.019736 0.024563
v 0.004630 -0.023280 0.024563
v -0.004641 -0.023271 0.024578
v -0.013656 -0.019442 0.024797
v -0.024021 -0.010872 0.025374
v -0.030629 -0.002601 0.024342
v -0.030629 0.002601 0.024342
v -0.024021 0.010872 0.025374
v 0.004630 0.023280 0.024563
v -0.013656 0.019442 0.024797
v 0.013187 0.019736 0.024563
v -0.004641 0.023272 0.024578
v 0.019736 0.013187 0.024563
v 0.023280 0.004630 0.024563
v -0.000000 0.025419 0.027161
v 0.009728 0.023485 0.027160
v 0.017974 0.017974 0.027160
v 0.023485 0.009728 0.027160
v 0.025419 0.000000 0.027160
v 0.023485 -0.009728 0.027160
v 0.017974 -0.017974 0.027160
v 0.009728 -0.023485 0.027160
v -0.000000 -0.025419 0.027161
v -0.009801 -0.023435 0.027199
v -0.020432 -0.016610 0.027438
v -0.032512 -0.005741 0.026598
v -0.035434 0.000000 0.023827
v -0.032512 0.005741 0.026598
v -0.020432 0.016610 0.027438
v -0.009801 0.023435 0.027199
v 0.017329 0.011579 -0.063791
v 0.004066 -0.020441 -0.063791
v 0.004066 0.020441 -0.063791
v -0.020441 0.004066 -0.063791
v 0.017329 -0.011579 -0.063791
v -0.017329 -0.011579 -0.063791
v -0.004066 0.020441 -0.063791
v 0.020441 0.004066 -0.063791
v -0.004066 -0.020441 -0.063791
v -0.017329 0.011579 -0.063791
v 0.011579 0.017329 -0.063791
v 0.011579 -0.017329 -0.063791
v -0.020441 -0.004066 -0.063791
v 0.020441 -0.004066 -0.063791
v -0.011579 -0.017329 -0.063791
v -0.011579 0.017329 -0.063791
v 0.000000 0.000000 -0.064029
v -0.005201 0.026150 -0.058141
v -0.014813 0.022169 -0.058141
v -0.022169 0.014813 -0.058141
v -0.026150 0.005201 -0.058141
v -0.026150 -0.005201 -0.058141
v -0.022169 -0.014813 -0.058141
v -0.014813 -0.022169 -0.058141
v -0.005201 -0.026150 -0.058141
v 0.005201 -0.026150 -0.058141
v 0.014813 -0.022169 -0.058141
v 0.022169 -0.014813 -0.058141
v 0.026150 -0.005201 -0.058141
v 0.026150 0.005201 -0.058141
v 0.022169 0.014813 -0.058141
v 0.014813 0.022169 -0.058141
v 0.005201 0.026150 -0.058141
v -0.005290 0.026593 -0.021930
v -0.015064 0.022544 -0.021930
v -0.022544 0.015064 -0.021930
v -0.026593 0.005290 -0.021930
v -0.026593 -0.005290 -0.021930
v -0.022544 -0.015064 -0.021930
v -0.015064 -0.022544 -0.021930
v -0.005290 -0.026593 -0.021930
v 0.005290 -0.026593 -0.021930
v 0.015064 -0.022544 -0.021930
v 0.022544 -0.015064 -0.021930
v 0.026593 -0.005290 -0.021930
v 0.026593 0.005290 -0.021930
v 0.022544 0.015064 -0.021930
v 0.015064 0.022544 -0.021930
v 0.005290 0.026593 -0.021930
v 0.015064 0.022544 0.014259
v -0.015078 0.022536 0.014259
v 0.005290 0.026593 0.014259
v -0.022718 0.014976 0.014252
v -0.026888 0.005211 0.014152
v -0.026888 -0.005211 0.014152
v -0.022718 -0.014976 0.014252
v -0.015078 -0.022536 0.014259
v -0.005290 -0.026593 0.014259
v 0.005290 -0.026593 0.014259
v 0.015064 -0.022544 0.014259
v 0.022544 -0.015064 0.014259
v 0.026593 -0.005290 0.014259
v 0.026593 0.005290 0.014259
v 0.022544 0.015064 0.014259
v -0.005290 0.026593 0.014259
v 0.026454 0.005262 0.026083
v 0.022427 0.014985 0.026083
v -0.005263 0.026454 0.026083
v 0.014985 0.022427 0.026083
v -0.015397 0.022204 0.026098
v 0.005262 0.026454 0.026083
v -0.027183 0.012591 0.025922
v -0.034555 0.003090 0.023276
v -0.034555 -0.003090 0.023276
v -0.027183 -0.012591 0.025922
v -0.015397 -0.022204 0.026098
v -0.005263 -0.026454 0.026083
v 0.005262 -0.026454 0.026083
v 0.014985 -0.022427 0.026083
v 0.022427 -0.014985 0.026083
v 0.026454 -0.005262 0.026083
v 0.026593 -0.005290 0.022327
v 0.022544 -0.015064 0.022327
v 0.015064 -0.022544 0.022327
v 0.005290 -0.026593 0.022327
v -0.005290 -0.026593 0.022327
v -0.015246 -0.022447 0.022330
v -0.024685 -0.013991 0.022235
v -0.030242 -0.004314 0.021015
v -0.030242 0.004314 0.021015
v -0.024685 0.013991 0.022235
v 0.005290 0.026593 0.022327
v -0.015246 0.022447 0.022330
v 0.015064 0.022544 0.022327
v -0.005290 0.026593 0.022327
v 0.022544 0.015064 0.022327
v 0.026593 0.005290 0.022327
v 0.016221 0.010839 -0.060988
v 0.003806 -0.019135 -0.060988
v 0.003806 0.019135 -0.060988
v -0.019135 0.003806 -0.060988
v 0.016221 -0.010839 -0.060988
v -0.016221 -0.010839 -0.060988
v -0.003806 0.019135 -0.060988
v 0.019135 0.003806 -0.060988
v -0.003806 -0.019135 -0.060988
v -0.016221 0.010839 -0.060988
v 0.010839 0.016221 -0.060988
v 0.010839 -0.016221 -0.060988
v -0.019135 -0.003806 -0.060988
v 0.019135 -0.003806 -0.060988
v -0.010839 -0.016221 -0.060988
v -0.010839 0.016221 -0.060988
v 0.000000 0.000000 -0.060617
v -0.004645 0.023350 -0.056927
v -0.013227 0.019795 -0.056927
v -0.019795 0.013227 -0.056927
v -0.023350 0.004645 -0.056927
v -0.023350 -0.004645 -0.056927
v -0.019795 -0.013227 -0.056927
v -0.013227 -0.019795 -0.056927
v -0.004645 -0.023350 -0.056927
v 0.004645 -0.023350 -0.056927
v 0.013227 -0.019795 -0.056927
v 0.019795 -0.013227 -0.056927
v 0.023350 -0.004645 -0.056927
v 0.023350 0.004645 -0.056927
v 0.019795 0.013227 -0.056927
v 0.013227 0.019795 -0.056927
v 0.004645 0.023350 -0.056927
v -0.004635 0.023303 -0.021832
v -0.013203 0.019754 -0.021827
v -0.019765 0.013191 -0.021809
v -0.023322 0.004628 -0.021779
v -0.023322 -0.004628 -0.021779
v -0.019765 -0.013191 -0.021809
v -0.013203 -0.019754 -0.021827
v -0.004635 -0.023303 -0.021832
v 0.004635 -0.023303 -0.021833
v 0.013201 -0.019756 -0.021833
v 0.019756 -0.013201 -0.021833
v 0.023303 -0.004635 -0.021833
v 0.023303 0.004635 -0.021833
v 0.019756 0.013201 -0.021833
v 0.013201 0.019756 -0.021833
v 0.004635 0.023303 -0.021833
v 0.013180 0.019726 0.014259
v -0.013230 0.019686 0.014337
v 0.004628 0.023269 0.014259
v -0.020034 0.012961 0.014563
v -0.023816 0.004447 0.014841
v -0.023816 -0.004447 0.014841
v -0.020034 -0.012961 0.014563
v -0.013230 -0.019686 0.014337
v -0.004631 -0.023266 0.014264
v 0.004628 -0.023269 0.014259
v 0.013180 -0.019726 0.014259
v 0.019726 -0.013180 0.014259
v 0.023269 -0.004628 0.014259
v 0.023269 0.004628 0.014259
v 0.019726 0.013180 0.014259
v -0.004631 0.023266 0.014264
v 0.023407 0.004656 0.026083
v 0.019844 0.013259 0.026083
v -0.004668 0.023397 0.026097
v 0.013259 0.019844 0.026083
v -0.013843 0.019482 0.026317
v 0.004656 0.023407 0.026083
v -0.025306 0.010336 0.026869
v -0.032711 0.002085 0.025223
v -0.032711 -0.002085 0.025223
v -0.025306 -0.010336 0.026869
v -0.013843 -0.019482 0.026317
v -0.004668 -0.023397 0.026097
v 0.004656 -0.023407 0.026083
v 0.013259 -0.019844 0.026083
v 0.019844 -0.013259 0.026083
v 0.023407 -0.004656 0.026083
v 0.023269 -0.004628 0.022327
v 0.019726 -0.013180 0.022327
v 0.013180 -0.019726 0.022327
v 0.004628 -0.023269 0.022327
v -0.004636 -0.023263 0.022341
v -0.013481 -0.019531 0.022526
v -0.022346 -0.011725 0.023042
v -0.027794 -0.003362 0.022716
v -0.027794 0.003362 0.022716
v -0.022346 0.011725 0.023042
v 0.004628 0.023269 0.022327
v -0.013481 0.019531 0.022526
v 0.013180 0.019726 0.022327
v -0.004636 0.023263 0.022341
v 0.019726 0.013180 0.022327
v 0.023269 0.004628 0.022327
v -0.004966 0.024925 0.027168
v -0.014697 0.020799 0.027283
v -0.027065 0.011038 0.027438
v -0.034986 0.002206 0.024841
v -0.034986 -0.002206 0.024841
v -0.027065 -0.011038 0.027438
v -0.014697 -0.020799 0.027283
v -0.004966 -0.024925 0.027168
v 0.004959 -0.024930 0.027160
v 0.014122 -0.021135 0.027160
v 0.021135 -0.014122 0.027160
v 0.024930 -0.004959 0.027160
v 0.024930 0.004959 0.027160
v 0.021135 0.014122 0.027160
v 0.014122 0.021135 0.027160
v 0.004959 0.024930 0.027160
v 0.002439 0.024779 -0.062647
v 0.007229 0.023826 -0.062647
v 0.010320 0.024915 -0.052942
v 0.009957 0.024038 -0.061124
v 0.011736 0.021959 -0.062647
v 0.015796 0.019246 -0.062647
v 0.019070 0.019070 -0.052942
v 0.018398 0.018398 -0.061124
v 0.019246 0.015796 -0.062647
v 0.021959 0.011736 -0.062647
v 0.024915 0.010320 -0.052942
v 0.024038 0.009957 -0.061124
v 0.023826 0.007229 -0.062647
v 0.024779 0.002439 -0.062647
v 0.026968 0.000000 -0.052942
v 0.026019 0.000000 -0.061124
v 0.024779 -0.002439 -0.062647
v 0.023826 -0.007229 -0.062647
v 0.024915 -0.010320 -0.052942
v 0.024038 -0.009957 -0.061124
v 0.021959 -0.011736 -0.062647
v 0.019246 -0.015796 -0.062647
v 0.019070 -0.019070 -0.052942
v 0.018398 -0.018398 -0.061124
v 0.015796 -0.019246 -0.062647
v 0.011736 -0.021959 -0.062647
v 0.010320 -0.024915 -0.052942
v 0.009957 -0.024038 -0.061124
v 0.007229 -0.023826 -0.062647
v 0.002439 -0.024779 -0.062647
v 0.000000 -0.026968 -0.052942
v 0.000000 -0.026019 -0.061124
v -0.002439 -0.024779 -0.062647
v -0.007229 -0.023826 -0.062647
v -0.010320 -0.024915 -0.052942
v -0.009957 -0.024038 -0.061124
v -0.011736 -0.021959 -0.062647
v -0.015796 -0.019246 -0.062647
v -0.019070 -0.019070 -0.052942
v -0.018398 -0.018398 -0.061124
v -0.019246 -0.015796 -0.062647
v -0.021959 -0.011736 -0.062647
v -0.024915 -0.010320 -0.052942
v -0.024038 -0.009957 -0.061124
v -0.023826 -0.007229 -0.062647
v -0.024779 -0.002439 -0.062647
v -0.026968 0.000000 -0.052942
v -0.026019 0.000000 -0.061124
v -0.024779 0.002439 -0.062647
v -0.023826 0.007229 -0.062647
v -0.024915 0.010320 -0.052942
v -0.024038 0.009957 -0.061124
v -0.021959 0.011736 -0.062647
v -0.019246 0.015796 -0.062647
v -0.019070 0.019070 -0.052942
v -0.018398 0.018398 -0.061124
v -0.015796 0.019246 -0.062647
v -0.011736 0.021959 -0.062647
v -0.010320 0.024915 -0.052942
v -0.009957 0.024038 -0.061124
v -0.007229 0.023826 -0.062647
v -0.002439 0.024779 -0.062647
v 0.001109 0.014814 -0.064007
v 0.004644 0.014110 -0.064007
v 0.006694 0.013261 -0.064007
v 0.009690 0.011259 -0.064007
v 0.011259 0.009690 -0.064007
v 0.013261 0.006694 -0.064007
v 0.014110 0.004644 -0.064007
v 0.014814 0.001109 -0.064007
v 0.014814 -0.001109 -0.064007
v 0.014110 -0.004644 -0.064007
v 0.013261 -0.006694 -0.064007
v 0.011259 -0.009690 -0.064007
v 0.009690 -0.011259 -0.064007
v 0.006694 -0.013261 -0.064007
v 0.004644 -0.014110 -0.064007
v 0.001109 -0.014814 -0.064007
v -0.001109 -0.014814 -0.064007
v -0.004644 -0.014110 -0.064007
v -0.006694 -0.013261 -0.064007
v -0.009690 -0.011259 -0.064007
v -0.011259 -0.009690 -0.064007
v -0.013261 -0.006694 -0.064007
v -0.014110 -0.004644 -0.064007
v -0.014814 -0.001109 -0.064007
v -0.014814 0.001109 -0.064007
v -0.014110 0.004644 -0.064007
v -0.013261 0.006694 -0.064007
v -0.011259 0.009690 -0.064007
v -0.009690 0.011259 -0.064007
v -0.006694 0.013261 -0.064007
v -0.004644 0.014110 -0.064007
v -0.001109 0.014814 -0.064007
v 0.021452 0.008886 -0.063425
v 0.016999 0.007041 -0.063951
v 0.013011 0.013011 -0.063951
v 0.016418 0.016418 -0.063425
v 0.000000 -0.023219 -0.063425
v 0.000000 -0.018400 -0.063951
v 0.007041 -0.016999 -0.063951
v 0.008886 -0.021452 -0.063425
v 0.008886 0.021452 -0.063425
v 0.007041 0.016999 -0.063951
v 0.000000 0.018400 -0.063951
v 0.000000 0.023219 -0.063425
v -0.021452 0.008886 -0.063425
v -0.016999 0.007041 -0.063951
v -0.018400 0.000000 -0.063951
v -0.023219 0.000000 -0.063425
v 0.016418 -0.016418 -0.063425
v 0.013011 -0.013011 -0.063951
v 0.016999 -0.007041 -0.063951
v 0.021452 -0.008886 -0.063425
v -0.021452 -0.008886 -0.063425
v -0.016999 -0.007041 -0.063951
v -0.013011 -0.013011 -0.063951
v -0.016418 -0.016418 -0.063425
v -0.007041 0.016999 -0.063951
v -0.008886 0.021452 -0.063425
v 0.023219 0.000000 -0.063425
v 0.018400 0.000000 -0.063951
v -0.008886 -0.021452 -0.063425
v -0.007041 -0.016999 -0.063951
v -0.016418 0.016418 -0.063425
v -0.013011 0.013011 -0.063951
v 0.000000 0.026019 -0.061124
v 0.000000 0.026968 -0.052942
v 0.010376 0.025050 -0.009614
v 0.010375 0.025046 -0.034263
v 0.019173 0.019173 -0.009614
v 0.019170 0.019170 -0.034263
v 0.025050 0.010376 -0.009614
v 0.025046 0.010375 -0.034263
v 0.027114 0.000000 -0.009614
v 0.027110 0.000000 -0.034263
v 0.025050 -0.010376 -0.009614
v 0.025046 -0.010375 -0.034263
v 0.019173 -0.019173 -0.009614
v 0.019170 -0.019170 -0.034263
v 0.010376 -0.025050 -0.009614
v 0.010375 -0.025046 -0.034263
v 0.000000 -0.027114 -0.009614
v 0.000000 -0.027110 -0.034263
v -0.010376 -0.025050 -0.009614
v -0.010375 -0.025046 -0.034263
v -0.019173 -0.019172 -0.009614
v -0.019170 -0.019170 -0.034263
v -0.025053 -0.010375 -0.009615
v -0.025046 -0.010375 -0.034263
v -0.027117 0.000000 -0.009616
v -0.027110 0.000000 -0.034263
v -0.025053 0.010375 -0.009615
v -0.025046 0.010375 -0.034263
v -0.019173 0.019172 -0.009614
v -0.019170 0.019170 -0.034263
v -0.010376 0.025050 -0.009614
v -0.010375 0.025046 -0.034263
v -0.007860 0.025910 -0.045019
v -0.002654 0.026946 -0.045019
v -0.017177 0.020930 -0.045019
v -0.012764 0.023879 -0.045019
v -0.023879 0.012764 -0.045019
v -0.020930 0.017177 -0.045019
v -0.026945 0.002654 -0.045019
v -0.025910 0.007860 -0.045019
v -0.025910 -0.007860 -0.045019
v -0.026946 -0.002654 -0.045019
v -0.020930 -0.017177 -0.045019
v -0.023879 -0.012764 -0.045019
v -0.012764 -0.023879 -0.045019
v -0.017177 -0.020930 -0.045019
v -0.002654 -0.026946 -0.045019
v -0.007860 -0.025910 -0.045019
v 0.007860 -0.025910 -0.045019
v 0.002654 -0.026946 -0.045019
v 0.017177 -0.020930 -0.045019
v 0.012764 -0.023879 -0.045019
v 0.023879 -0.012764 -0.045019
v 0.020930 -0.017177 -0.045019
v 0.026945 -0.002654 -0.045019
v 0.025910 -0.007860 -0.045019
v 0.025910 0.007860 -0.045019
v 0.026946 0.002654 -0.045019
v 0.020930 0.017177 -0.045019
v 0.023879 0.012764 -0.045019
v 0.012764 0.023879 -0.045019
v 0.017177 0.020930 -0.045019
v 0.002654 0.026946 -0.045019
v 0.007860 0.025910 -0.045019
v 0.000000 0.027110 -0.034263
v 0.000000 0.027114 -0.009614
v -0.007871 0.025946 0.001104
v -0.002658 0.026983 0.001104
v -0.017204 0.020957 0.001104
v -0.012781 0.023912 0.001104
v -0.023931 0.012772 0.001103
v -0.020969 0.017196 0.001104
v -0.027008 0.002654 0.001093
v -0.025970 0.007862 0.001098
v -0.025970 -0.007862 0.001098
v -0.027008 -0.002654 0.001093
v -0.020969 -0.017196 0.001104
v -0.023931 -0.012772 0.001103
v -0.012781 -0.023912 0.001104
v -0.017204 -0.020957 0.001104
v -0.002658 -0.026983 0.001104
v -0.007871 -0.025946 0.001104
v 0.007871 -0.025946 0.001104
v 0.002658 -0.026983 0.001104
v 0.017201 -0.020959 0.001104
v 0.012781 -0.023913 0.001104
v 0.023913 -0.012781 0.001104
v 0.020959 -0.017201 0.001104
v 0.026983 -0.002658 0.001104
v 0.025946 -0.007871 0.001104
v 0.025946 0.007871 0.001104
v 0.026983 0.002658 0.001104
v 0.020959 0.017201 0.001104
v 0.023913 0.012781 0.001104
v 0.012781 0.023913 0.001104
v 0.017201 0.020959 0.001104
v 0.002658 0.026983 0.001104
v 0.007871 0.025946 0.001104
v -0.007872 0.025946 0.019477
v -0.002658 0.026983 0.019476
v -0.017370 0.020869 0.019479
v -0.012804 0.023900 0.019477
v -0.024990 0.012272 0.019378
v -0.021525 0.016908 0.019470
v -0.028393 0.002454 0.018848
v -0.027321 0.007374 0.019124
v -0.027321 -0.007374 0.019124
v -0.028393 -0.002454 0.018848
v -0.021525 -0.016908 0.019470
v -0.024990 -0.012272 0.019378
v -0.012804 -0.023900 0.019477
v -0.017370 -0.020869 0.019479
v -0.002658 -0.026983 0.019476
v -0.007872 -0.025946 0.019477
v 0.007871 -0.025946 0.019476
v 0.002658 -0.026983 0.019476
v 0.017201 -0.020959 0.019476
v 0.012781 -0.023913 0.019476
v 0.023913 -0.012781 0.019476
v 0.020959 -0.017201 0.019476
v 0.026983 -0.002658 0.019476
v 0.025946 -0.007871 0.019476
v 0.025946 0.007871 0.019476
v 0.026983 0.002658 0.019476
v 0.020959 0.017201 0.019476
v 0.023913 0.012781 0.019476
v 0.012781 0.023913 0.019476
v 0.017201 0.020959 0.019476
v 0.002658 0.026983 0.019476
v 0.007871 0.025946 0.019476
v 0.010376 0.025050 0.009000
v 0.010376 0.025050 0.017477
v 0.019173 0.019173 0.017477
v 0.019173 0.019173 0.009000
v -0.019195 0.019160 0.009000
v -0.019341 0.019084 0.017477
v -0.010379 0.025048 0.017477
v -0.010376 0.025050 0.009000
v 0.000000 0.027114 0.009000
v 0.000000 0.027114 0.017477
v -0.025136 0.010340 0.008986
v -0.025690 0.010102 0.017374
v -0.027209 0.000000 0.008954
v -0.027821 0.000000 0.017136
v -0.025136 -0.010340 0.008986
v -0.025690 -0.010102 0.017374
v -0.019195 -0.019160 0.009000
v -0.019341 -0.019084 0.017477
v -0.010376 -0.025050 0.009000
v -0.010379 -0.025048 0.017477
v 0.000000 -0.027114 0.009000
v 0.000000 -0.027114 0.017477
v 0.010376 -0.025050 0.009000
v 0.010376 -0.025050 0.017477
v 0.019173 -0.019173 0.009000
v 0.019173 -0.019173 0.017477
v 0.025050 -0.010376 0.009000
v 0.025050 -0.010376 0.017477
v 0.027114 0.000000 0.009000
v 0.027114 0.000000 0.017477
v 0.025050 0.010376 0.009000
v 0.025050 0.010376 0.017477
v -0.007688 0.025296 0.026910
v -0.002593 0.026315 0.026904
v -0.017931 0.019807 0.026987
v -0.012637 0.023222 0.026932
v -0.030442 0.009050 0.026526
v -0.024202 0.014787 0.027008
v -0.035641 0.001237 0.023317
v -0.034385 0.004352 0.025006
v -0.034385 -0.004352 0.025006
v -0.035641 -0.001237 0.023317
v -0.024202 -0.014787 0.027008
v -0.030442 -0.009050 0.026526
v -0.012637 -0.023222 0.026932
v -0.017931 -0.019807 0.026987
v -0.002593 -0.026315 0.026904
v -0.007688 -0.025296 0.026910
v 0.007676 -0.025305 0.026903
v 0.002592 -0.026315 0.026903
v 0.016776 -0.020441 0.026903
v 0.012465 -0.023320 0.026903
v 0.023320 -0.012465 0.026903
v 0.020441 -0.016776 0.026903
v 0.026315 -0.002592 0.026903
v 0.025305 -0.007676 0.026903
v 0.025305 0.007676 0.026903
v 0.026315 0.002592 0.026903
v 0.020441 0.016776 0.026903
v 0.023320 0.012465 0.026903
v 0.012465 0.023320 0.026903
v 0.016776 0.020441 0.026903
v 0.002592 0.026315 0.026903
v 0.007676 0.025305 0.026903
v 0.025008 0.010359 0.025417
v 0.024736 0.010246 0.026571
v 0.027113 0.000000 0.023519
v 0.027114 0.000000 0.021011
v 0.019141 0.019141 0.025417
v 0.018933 0.018933 0.026571
v -0.010390 0.024991 0.025418
v -0.010289 0.024712 0.026579
v 0.000000 0.027113 0.023519
v 0.000000 0.027114 0.021011
v 0.010359 0.025008 0.025417
v 0.010246 0.024736 0.026571
v -0.020855 0.018234 0.025430
v -0.021027 0.017814 0.026631
v -0.031519 0.007565 0.024388
v -0.032635 0.006837 0.025472
v -0.034263 0.000000 0.021987
v -0.035508 0.000000 0.022658
v -0.031519 -0.007565 0.024388
v -0.032635 -0.006837 0.025472
v -0.020855 -0.018234 0.025430
v -0.021027 -0.017814 0.026631
v -0.010390 -0.024991 0.025418
v -0.010289 -0.024712 0.026579
v 0.000000 -0.027068 0.025417
v 0.000000 -0.026774 0.026571
v 0.010359 -0.025008 0.025417
v 0.010246 -0.024736 0.026571
v 0.019141 -0.019141 0.025417
v 0.018933 -0.018933 0.026571
v 0.025008 -0.010359 0.025417
v 0.024736 -0.010246 0.026571
v 0.025050 0.010376 0.021011
v 0.025049 0.010375 0.023519
v 0.026774 0.000000 0.026571
v 0.027068 0.000000 0.025417
v 0.019173 0.019173 0.021011
v 0.019172 0.019172 0.023519
v -0.010386 0.025045 0.021011
v -0.010396 0.025038 0.023519
v 0.000000 0.026774 0.026571
v 0.000000 0.027068 0.025417
v 0.010376 0.025050 0.021011
v 0.010375 0.025049 0.023519
v -0.019746 0.018870 0.021012
v -0.020343 0.018554 0.023523
v -0.027230 0.009441 0.020658
v -0.029500 0.008468 0.022799
v -0.029523 0.000000 0.019849
v -0.032031 0.000000 0.021148
v -0.027230 -0.009441 0.020658
v -0.029500 -0.008468 0.022799
v -0.019746 -0.018870 0.021012
v -0.020343 -0.018554 0.023523
v -0.010386 -0.025045 0.021011
v -0.010397 -0.025038 0.023519
v 0.000000 -0.027114 0.021011
v 0.000000 -0.027113 0.023519
v 0.010376 -0.025050 0.021011
v 0.010375 -0.025049 0.023519
v 0.019173 -0.019173 0.021011
v 0.019172 -0.019172 0.023519
v 0.025050 -0.010376 0.021011
v 0.025049 -0.010375 0.023519
v 0.026972 -0.002657 0.024563
v 0.025935 -0.007868 0.024563
v 0.023902 -0.012776 0.024563
v 0.020950 -0.017193 0.024563
v 0.017193 -0.020950 0.024563
v 0.012776 -0.023902 0.024563
v 0.007868 -0.025935 0.024563
v 0.002657 -0.026972 0.024563
v -0.002657 -0.026972 0.024563
v -0.007870 -0.025933 0.024563
v -0.012876 -0.023848 0.024565
v -0.017938 -0.020553 0.024573
v -0.023428 -0.015907 0.024534
v -0.028623 -0.010544 0.024134
v -0.031960 -0.005687 0.023023
v -0.033151 -0.001767 0.021820
v -0.033151 0.001767 0.021820
v -0.031960 0.005687 0.023023
v -0.028623 0.010544 0.024134
v -0.023428 0.015907 0.024534
v 0.002657 0.026972 0.024563
v 0.007868 0.025935 0.024563
v -0.017938 0.020553 0.024573
v -0.012876 0.023848 0.024565
v 0.012776 0.023902 0.024563
v 0.017193 0.020950 0.024563
v -0.007870 0.025933 0.024563
v -0.002657 0.026972 0.024563
v 0.020950 0.017193 0.024563
v 0.023902 0.012776 0.024563
v 0.025935 0.007868 0.024563
v 0.026972 0.002657 0.024563
v 0.002224 0.022587 -0.060548
v 0.006589 0.021719 -0.060548
v 0.009147 0.022084 -0.052140
v 0.008975 0.021667 -0.059463
v 0.010698 0.020017 -0.060548
v 0.014399 0.017544 -0.060548
v 0.016902 0.016902 -0.052140
v 0.016584 0.016584 -0.059463
v 0.017544 0.014399 -0.060548
v 0.020017 0.010698 -0.060548
v 0.022084 0.009147 -0.052140
v 0.021667 0.008975 -0.059463
v 0.021719 0.006589 -0.060548
v 0.022587 0.002224 -0.060548
v 0.023903 0.000000 -0.052140
v 0.023453 0.000000 -0.059463
v 0.022587 -0.002224 -0.060548
v 0.021719 -0.006589 -0.060548
v 0.022084 -0.009147 -0.052140
v 0.021667 -0.008975 -0.059463
v 0.020017 -0.010698 -0.060548
v 0.017544 -0.014399 -0.060548
v 0.016902 -0.016902 -0.052140
v 0.016584 -0.016584 -0.059463
v 0.014399 -0.017544 -0.060548
v 0.010698 -0.020017 -0.060548
v 0.009147 -0.022084 -0.052140
v 0.008975 -0.021667 -0.059463
v 0.006589 -0.021719 -0.060548
v 0.002224 -0.022587 -0.060548
v 0.000000 -0.023903 -0.052140
v 0.000000 -0.023453 -0.059463
v -0.002224 -0.022587 -0.060548
v -0.006589 -0.021719 -0.060548
v -0.009147 -0.022084 -0.052140
v -0.008975 -0.021667 -0.059463
v -0.010698 -0.020017 -0.060548
v -0.014399 -0.017544 -0.060548
v -0.016902 -0.016902 -0.052140
v -0.016584 -0.016584 -0.059463
v -0.017544 -0.014399 -0.060548
v -0.020017 -0.010698 -0.060548
v -0.022084 -0.009147 -0.052139
v -0.021667 -0.008975 -0.059463
v -0.021719 -0.006589 -0.060548
v -0.022587 -0.002224 -0.060548
v -0.023904 0.000000 -0.052139
v -0.023453 0.000000 -0.059463
v -0.022587 0.002224 -0.060548
v -0.021719 0.006589 -0.060548
v -0.022084 0.009147 -0.052139
v -0.021667 0.008975 -0.059463
v -0.020017 0.010698 -0.060548
v -0.017544 0.014399 -0.060548
v -0.016902 0.016902 -0.052140
v -0.016584 0.016584 -0.059463
v -0.014399 0.017544 -0.060548
v -0.010698 0.020017 -0.060548
v -0.009147 0.022084 -0.052140
v -0.008975 0.021667 -0.059463
v -0.006589 0.021719 -0.060548
v -0.002224 0.022587 -0.060548
v 0.001061 0.014174 -0.060816
v 0.004444 0.013501 -0.060816
v 0.006404 0.012689 -0.060816
v 0.009272 0.010773 -0.060816
v 0.010773 0.009272 -0.060816
v 0.012689 0.006404 -0.060816
v 0.013501 0.004444 -0.060816
v 0.014174 0.001061 -0.060816
v 0.014174 -0.001061 -0.060816
v 0.013501 -0.004444 -0.060816
v 0.012689 -0.006404 -0.060816
v 0.010773 -0.009272 -0.060816
v 0.009272 -0.010773 -0.060816
v 0.006404 -0.012689 -0.060816
v 0.004444 -0.013501 -0.060816
v 0.001061 -0.014174 -0.060816
v -0.001061 -0.014174 -0.060816
v -0.004444 -0.013501 -0.060816
v -0.006404 -0.012689 -0.060816
v -0.009272 -0.010773 -0.060816
v -0.010773 -0.009272 -0.060816
v -0.012689 -0.006404 -0.060816
v -0.013501 -0.004444 -0.060816
v -0.014174 -0.001061 -0.060816
v -0.014174 0.001061 -0.060816
v -0.013501 0.004444 -0.060816
v -0.012689 0.006404 -0.060816
v -0.010773 0.009272 -0.060816
v -0.009272 0.010773 -0.060816
v -0.006404 0.012689 -0.060816
v -0.004444 0.013501 -0.060816
v -0.001061 0.014174 -0.060816
v 0.019810 0.008206 -0.060941
v 0.016106 0.006671 -0.060925
v 0.012327 0.012327 -0.060925
v 0.015162 0.015162 -0.060941
v 0.000000 -0.021443 -0.060941
v 0.000000 -0.017433 -0.060925
v 0.006671 -0.016106 -0.060925
v 0.008206 -0.019810 -0.060941
v 0.008206 0.019810 -0.060941
v 0.006671 0.016106 -0.060925
v 0.000000 0.017433 -0.060925
v 0.000000 0.021443 -0.060941
v -0.019810 0.008206 -0.060941
v -0.016106 0.006671 -0.060925
v -0.017433 0.000000 -0.060925
v -0.021443 0.000000 -0.060941
v 0.015162 -0.015162 -0.060941
v 0.012327 -0.012327 -0.060925
v 0.016106 -0.006671 -0.060925
v 0.019810 -0.008206 -0.060941
v -0.019810 -0.008206 -0.060941
v -0.016106 -0.006671 -0.060925
v -0.012327 -0.012327 -0.060925
v -0.015162 -0.015162 -0.060941
v -0.006671 0.016106 -0.060925
v -0.008206 0.019810 -0.060941
v 0.021443 0.000000 -0.060941
v 0.017433 0.000000 -0.060925
v -0.008206 -0.019810 -0.060941
v -0.006671 -0.016106 -0.060925
v -0.015162 0.015162 -0.060941
v -0.012327 0.012327 -0.060925
v 0.000000 0.023453 -0.059463
v 0.000000 0.023903 -0.052140
v 0.009084 0.021930 -0.009583
v 0.009111 0.021995 -0.034029
v 0.016785 0.016785 -0.009583
v 0.016834 0.016834 -0.034029
v 0.021930 0.009084 -0.009583
v 0.021995 0.009111 -0.034029
v 0.023736 0.000000 -0.009583
v 0.023807 0.000000 -0.034029
v 0.021930 -0.009084 -0.009583
v 0.021995 -0.009111 -0.034029
v 0.016785 -0.016785 -0.009583
v 0.016834 -0.016834 -0.034029
v 0.009084 -0.021930 -0.009583
v 0.009111 -0.021995 -0.034029
v 0.000000 -0.023736 -0.009583
v 0.000000 -0.023807 -0.034029
v -0.009085 -0.021928 -0.009578
v -0.009111 -0.021995 -0.034028
v -0.016798 -0.016770 -0.009550
v -0.016836 -0.016833 -0.034024
v -0.021967 -0.009054 -0.009489
v -0.022000 -0.009107 -0.034016
v -0.023787 0.000000 -0.009437
v -0.023814 0.000000 -0.034009
v -0.021967 0.009054 -0.009489
v -0.022000 0.009107 -0.034016
v -0.016798 0.016770 -0.009550
v -0.016836 0.016833 -0.034024
v -0.009085 0.021928 -0.009578
v -0.009111 0.021995 -0.034028
v -0.006928 0.022838 -0.044553
v -0.002339 0.023751 -0.044553
v -0.015141 0.018448 -0.044553
v -0.011250 0.021048 -0.044553
v -0.021049 0.011250 -0.044551
v -0.018449 0.015140 -0.044551
v -0.023752 0.002339 -0.044548
v -0.022839 0.006927 -0.044549
v -0.022839 -0.006927 -0.044549
v -0.023752 -0.002339 -0.044548
v -0.018450 -0.015140 -0.044551
v -0.021049 -0.011250 -0.044551
v -0.011250 -0.021048 -0.044553
v -0.015141 -0.018448 -0.044553
v -0.002339 -0.023751 -0.044553
v -0.006928 -0.022838 -0.044553
v 0.006928 -0.022838 -0.044553
v 0.002339 -0.023751 -0.044553
v 0.015140 -0.018448 -0.044553
v 0.011250 -0.021048 -0.044553
v 0.021048 -0.011250 -0.044553
v 0.018448 -0.015140 -0.044553
v 0.023751 -0.002339 -0.044553
v 0.022838 -0.006928 -0.044553
v 0.022838 0.006928 -0.044553
v 0.023751 0.002339 -0.044553
v 0.018448 0.015140 -0.044553
v 0.021048 0.011250 -0.044553
v 0.011250 0.021048 -0.044553
v 0.015140 0.018448 -0.044553
v 0.002339 0.023751 -0.044553
v 0.006928 0.022838 -0.044553
v 0.000000 0.023807 -0.034029
v 0.000000 0.023736 -0.009583
v -0.006890 0.022704 0.001117
v -0.002326 0.023613 0.001113
v -0.015074 0.018321 0.001157
v -0.011193 0.020919 0.001130
v -0.021002 0.011121 0.001261
v -0.018388 0.015009 0.001200
v -0.023731 0.002302 0.001386
v -0.022809 0.006828 0.001332
v -0.022809 -0.006828 0.001332
v -0.023731 -0.002302 0.001386
v -0.018388 -0.015009 0.001200
v -0.021002 -0.011121 0.001261
v -0.011193 -0.020919 0.001130
v -0.015074 -0.018321 0.001157
v -0.002326 -0.023613 0.001113
v -0.006890 -0.022704 0.001117
v 0.006888 -0.022706 0.001112
v 0.002325 -0.023613 0.001112
v 0.015053 -0.018342 0.001112
v 0.011185 -0.020926 0.001112
v 0.020926 -0.011185 0.001112
v 0.018342 -0.015053 0.001112
v 0.023613 -0.002325 0.001112
v 0.022706 -0.006888 0.001112
v 0.022706 0.006888 0.001112
v 0.023613 0.002325 0.001112
v 0.018342 0.015053 0.001112
v 0.020926 0.011185 0.001112
v 0.011185 0.020926 0.001112
v 0.015053 0.018342 0.001112
v 0.002325 0.023613 0.001112
v 0.006888 0.022706 0.001112
v -0.006899 0.022693 0.019500
v -0.002327 0.023609 0.019480
v -0.015330 0.018150 0.019692
v -0.011250 0.020874 0.019562
v -0.022354 0.010389 0.020103
v -0.019122 0.014557 0.019897
v -0.025580 0.002019 0.020182
v -0.024557 0.006131 0.020195
v -0.024557 -0.006131 0.020195
v -0.025580 -0.002019 0.020182
v -0.019122 -0.014557 0.019897
v -0.022354 -0.010389 0.020103
v -0.011250 -0.020874 0.019562
v -0.015330 -0.018150 0.019692
v -0.002327 -0.023609 0.019480
v -0.006899 -0.022693 0.019500
v 0.006887 -0.022703 0.019476
v 0.002325 -0.023611 0.019477
v 0.015051 -0.018339 0.019476
v 0.011184 -0.020924 0.019476
v 0.020924 -0.011184 0.019476
v 0.018339 -0.015051 0.019476
v 0.023611 -0.002325 0.019476
v 0.022703 -0.006887 0.019476
v 0.022703 0.006887 0.019476
v 0.023611 0.002325 0.019476
v 0.018339 0.015051 0.019476
v 0.020924 0.011184 0.019476
v 0.011184 0.020924 0.019476
v 0.015051 0.018339 0.019476
v 0.002325 0.023611 0.019477
v 0.006887 0.022703 0.019476
v 0.009080 0.021920 0.009001
v 0.009079 0.021919 0.017477
v 0.016776 0.016776 0.017477
v 0.016777 0.016777 0.009001
v -0.016847 0.016716 0.009112
v -0.017058 0.016578 0.017716
v -0.009100 0.021902 0.017514
v -0.009088 0.021913 0.009018
v 0.000000 0.023725 0.009001
v -0.000000 0.023725 0.017477
v -0.022129 0.008943 0.009312
v -0.022858 0.008585 0.018067
v -0.023991 0.000000 0.009464
v -0.024841 0.000000 0.018210
v -0.022129 -0.008943 0.009312
v -0.022858 -0.008585 0.018067
v -0.016847 -0.016716 0.009112
v -0.017058 -0.016578 0.017716
v -0.009088 -0.021913 0.009018
v -0.009100 -0.021902 0.017514
v 0.000000 -0.023725 0.009001
v -0.000000 -0.023725 0.017477
v 0.009080 -0.021920 0.009001
v 0.009079 -0.021919 0.017477
v 0.016777 -0.016777 0.009001
v 0.016776 -0.016776 0.017477
v 0.021920 -0.009080 0.009001
v 0.021919 -0.009079 0.017477
v 0.023726 0.000000 0.009001
v 0.023725 0.000000 0.017477
v 0.021920 0.009080 0.009001
v 0.021919 0.009079 0.017477
v -0.007112 0.023321 0.026933
v -0.002394 0.024275 0.026906
v -0.016820 0.018071 0.027212
v -0.011745 0.021357 0.027017
v -0.029238 0.007664 0.027327
v -0.023000 0.013188 0.027477
v -0.034442 0.000887 0.024703
v -0.033193 0.003380 0.026154
v -0.033193 -0.003380 0.026154
v -0.034442 -0.000887 0.024703
v -0.023000 -0.013188 0.027477
v -0.029238 -0.007664 0.027327
v -0.011745 -0.021357 0.027017
v -0.016820 -0.018071 0.027212
v -0.002394 -0.024275 0.026906
v -0.007112 -0.023321 0.026933
v 0.007081 -0.023345 0.026903
v 0.002391 -0.024278 0.026903
v 0.015476 -0.018858 0.026903
v 0.011500 -0.021515 0.026903
v 0.021515 -0.011500 0.026903
v 0.018858 -0.015476 0.026903
v 0.024278 -0.002391 0.026903
v 0.023345 -0.007081 0.026903
v 0.023345 0.007081 0.026903
v 0.024278 0.002391 0.026903
v 0.018858 0.015476 0.026903
v 0.021515 0.011500 0.026903
v 0.011500 0.021515 0.026903
v 0.015476 0.018858 0.026903
v 0.002391 0.024278 0.026903
v 0.007081 0.023345 0.026903
v 0.021961 0.009097 0.025417
v 0.022233 0.009209 0.026571
v 0.023727 0.000000 0.023519
v 0.023725 0.000000 0.021011
v 0.016809 0.016809 0.025417
v 0.017017 0.017017 0.026571
v -0.009185 0.021899 0.025495
v -0.009304 0.022166 0.026641
v -0.000001 0.023726 0.023520
v -0.000000 0.023725 0.021012
v 0.009097 0.021961 0.025417
v 0.009209 0.022233 0.026571
v -0.018914 0.015589 0.025959
v -0.019467 0.015612 0.027073
v -0.029490 0.005697 0.025922
v -0.031040 0.005249 0.026767
v -0.032261 0.000000 0.024232
v -0.033915 0.000000 0.024541
v -0.029490 -0.005697 0.025922
v -0.031040 -0.005249 0.026767
v -0.018914 -0.015589 0.025959
v -0.019467 -0.015612 0.027073
v -0.009185 -0.021899 0.025495
v -0.009304 -0.022166 0.026641
v -0.000001 -0.023770 0.025418
v -0.000001 -0.024064 0.026572
v 0.009097 -0.021961 0.025417
v 0.009209 -0.022233 0.026571
v 0.016809 -0.016809 0.025417
v 0.017017 -0.017017 0.026571
v 0.021961 -0.009097 0.025417
v 0.022233 -0.009209 0.026571
v 0.021919 0.009079 0.021011
v 0.021921 0.009080 0.023519
v 0.024065 0.000000 0.026571
v 0.023770 0.000000 0.025417
v 0.016776 0.016776 0.021011
v 0.016777 0.016777 0.023519
v -0.009121 0.021888 0.021068
v -0.009147 0.021872 0.023591
v -0.000001 0.024064 0.026572
v -0.000001 0.023770 0.025418
v 0.009079 0.021919 0.021011
v 0.009080 0.021921 0.023519
v -0.017560 0.016289 0.021390
v -0.018266 0.015898 0.024010
v -0.024658 0.007779 0.021750
v -0.027214 0.006663 0.024207
v -0.026888 0.000000 0.021503
v -0.029755 0.000000 0.023234
v -0.024658 -0.007779 0.021750
v -0.027214 -0.006663 0.024207
v -0.017560 -0.016289 0.021390
v -0.018266 -0.015898 0.024010
v -0.009121 -0.021888 0.021068
v -0.009147 -0.021872 0.023591
v -0.000000 -0.023725 0.021012
v -0.000001 -0.023726 0.023520
v 0.009079 -0.021919 0.021011
v 0.009080 -0.021921 0.023519
v 0.016776 -0.016776 0.021011
v 0.016777 -0.016777 0.023519
v 0.021919 -0.009079 0.021011
v 0.021921 -0.009080 0.023519
v 0.023622 -0.002326 0.024563
v 0.022714 -0.006890 0.024563
v 0.020933 -0.011189 0.024563
v 0.018349 -0.015058 0.024563
v 0.015058 -0.018349 0.024563
v 0.011189 -0.020933 0.024563
v 0.006890 -0.022714 0.024563
v 0.002326 -0.023622 0.024563
v -0.002330 -0.023620 0.024567
v -0.006919 -0.022692 0.024600
v -0.011385 -0.020803 0.024703
v -0.016050 -0.017751 0.024928
v -0.021327 -0.013374 0.025259
v -0.026464 -0.008398 0.025362
v -0.029812 -0.004207 0.024791
v -0.031020 -0.001237 0.023972
v -0.031020 0.001237 0.023972
v -0.029812 0.004207 0.024791
v -0.026464 0.008398 0.025362
v -0.021327 0.013374 0.025259
v 0.002326 0.023622 0.024563
v 0.006890 0.022714 0.024563
v -0.016050 0.017751 0.024928
v -0.011385 0.020803 0.024703
v 0.011189 0.020933 0.024563
v 0.015058 0.018349 0.024563
v -0.006919 0.022692 0.024600
v -0.002330 0.023620 0.024567
v 0.018349 0.015058 0.024563
v 0.020933 0.011189 0.024563
v 0.022714 0.006890 0.024563
v 0.023622 0.002326 0.024563
v -0.000000 0.025971 0.027098
v -0.000001 0.024867 0.027098
v 0.009939 0.023994 0.027097
v 0.009516 0.022975 0.027097
v 0.018365 0.018365 0.027097
v 0.017585 0.017585 0.027097
v 0.023994 0.009939 0.027097
v 0.022975 0.009516 0.027097
v 0.025971 0.000000 0.027097
v 0.024868 0.000000 0.027097
v 0.023994 -0.009939 0.027097
v 0.022975 -0.009516 0.027097
v 0.018365 -0.018365 0.027097
v 0.017585 -0.017585 0.027097
v 0.009939 -0.023994 0.027097
v 0.009516 -0.022975 0.027097
v -0.000000 -0.025971 0.027098
v -0.000001 -0.024867 0.027098
v -0.010001 -0.023954 0.027122
v -0.009601 -0.022917 0.027147
v -0.020727 -0.017072 0.027285
v -0.020097 -0.016171 0.027464
v -0.032760 -0.006101 0.026284
v -0.032119 -0.005446 0.026810
v -0.035681 0.000000 0.023421
v -0.035034 0.000000 0.024185
v -0.032760 0.006101 0.026284
v -0.032119 0.005446 0.026810
v -0.020727 0.017072 0.027285
v -0.020097 0.016171 0.027464
v -0.010001 0.023954 0.027122
v -0.009601 0.022917 0.027147
v 0.019268 0.012875 -0.063425
v 0.018462 0.009846 -0.063791
v 0.014858 0.009928 -0.063952
v 0.016161 0.013289 -0.063791
v 0.004521 -0.022729 -0.063425
v 0.002031 -0.020824 -0.063791
v 0.003486 -0.017526 -0.063952
v 0.006092 -0.020017 -0.063791
v 0.004521 0.022729 -0.063425
v 0.006092 0.020017 -0.063791
v 0.003486 0.017526 -0.063952
v 0.002031 0.020824 -0.063791
v -0.022729 0.004521 -0.063425
v -0.020017 0.006092 -0.063791
v -0.017526 0.003486 -0.063952
v -0.020824 0.002031 -0.063791
v 0.019268 -0.012875 -0.063425
v 0.016161 -0.013289 -0.063791
v 0.014858 -0.009928 -0.063952
v 0.018462 -0.009846 -0.063791
v -0.019268 -0.012875 -0.063425
v -0.018462 -0.009846 -0.063791
v -0.014858 -0.009928 -0.063952
v -0.016161 -0.013289 -0.063791
v -0.004521 0.022729 -0.063425
v -0.002031 0.020824 -0.063791
v -0.003486 0.017526 -0.063952
v -0.006092 0.020017 -0.063791
v 0.022729 0.004521 -0.063425
v 0.020824 0.002031 -0.063791
v 0.017526 0.003486 -0.063952
v 0.020017 0.006092 -0.063791
v -0.004521 -0.022729 -0.063425
v -0.006092 -0.020017 -0.063791
v -0.003486 -0.017526 -0.063952
v -0.002031 -0.020824 -0.063791
v -0.019268 0.012875 -0.063425
v -0.016161 0.013289 -0.063791
v -0.014858 0.009928 -0.063952
v -0.018462 0.009846 -0.063791
v 0.012875 0.019268 -0.063425
v 0.013289 0.016161 -0.063791
v 0.009928 0.014858 -0.063952
v 0.009846 0.018462 -0.063791
v 0.012875 -0.019268 -0.063425
v 0.009846 -0.018462 -0.063791
v 0.009928 -0.014858 -0.063952
v 0.013289 -0.016161 -0.063791
v -0.022729 -0.004521 -0.063425
v -0.020824 -0.002031 -0.063791
v -0.017526 -0.003486 -0.063952
v -0.020017 -0.006092 -0.063791
v 0.022729 -0.004521 -0.063425
v 0.020017 -0.006092 -0.063791
v 0.017526 -0.003486 -0.063952
v 0.020824 -0.002031 -0.063791
v -0.012875 -0.019268 -0.063425
v -0.013289 -0.016161 -0.063791
v -0.009928 -0.014858 -0.063952
v -0.009846 -0.018462 -0.063791
v -0.012875 0.019268 -0.063425
v -0.009846 0.018462 -0.063791
v -0.009928 0.014858 -0.063952
v -0.013289 0.016161 -0.063791
v 0.001796 0.009030 -0.064026
v 0.005115 0.007655 -0.064026
v 0.007655 0.005115 -0.064026
v 0.009030 0.001796 -0.064026
v 0.009030 -0.001796 -0.064026
v 0.007655 -0.005115 -0.064026
v 0.005115 -0.007655 -0.064026
v 0.001796 -0.009030 -0.064026
v -0.001796 -0.009030 -0.064026
v -0.005115 -0.007655 -0.064026
v -0.007655 -0.005115 -0.064026
v -0.009030 -0.001796 -0.064026
v -0.009030 0.001796 -0.064026
v -0.007655 0.005115 -0.064026
v -0.005115 0.007655 -0.064026
v -0.001796 0.009030 -0.064026
v -0.007740 0.025514 -0.058141
v -0.005261 0.026449 -0.052942
v -0.002613 0.026533 -0.058141
v -0.005075 0.025517 -0.061124
v -0.016914 0.020610 -0.058141
v -0.014983 0.022423 -0.052942
v -0.012568 0.023513 -0.058141
v -0.014454 0.021632 -0.061124
v -0.023513 0.012568 -0.058141
v -0.022423 0.014983 -0.052942
v -0.020610 0.016914 -0.058141
v -0.021632 0.014454 -0.061124
v -0.026533 0.002613 -0.058141
v -0.026449 0.005261 -0.052942
v -0.025514 0.007740 -0.058141
v -0.025517 0.005075 -0.061124
v -0.025514 -0.007740 -0.058141
v -0.026449 -0.005261 -0.052942
v -0.026533 -0.002613 -0.058141
v -0.025517 -0.005075 -0.061124
v -0.020610 -0.016914 -0.058141
v -0.022423 -0.014983 -0.052942
v -0.023513 -0.012568 -0.058141
v -0.021632 -0.014454 -0.061124
v -0.012568 -0.023513 -0.058141
v -0.014983 -0.022423 -0.052942
v -0.016914 -0.020610 -0.058141
v -0.014454 -0.021632 -0.061124
v -0.002613 -0.026533 -0.058141
v -0.005261 -0.026449 -0.052942
v -0.007740 -0.025514 -0.058141
v -0.005075 -0.025517 -0.061124
v 0.007740 -0.025514 -0.058141
v 0.005261 -0.026449 -0.052942
v 0.002613 -0.026533 -0.058141
v 0.005075 -0.025517 -0.061124
v 0.016914 -0.020610 -0.058141
v 0.014983 -0.022423 -0.052942
v 0.012568 -0.023513 -0.058141
v 0.014454 -0.021632 -0.061124
v 0.023513 -0.012568 -0.058141
v 0.022423 -0.014983 -0.052942
v 0.020610 -0.016914 -0.058141
v 0.021632 -0.014454 -0.061124
v 0.026533 -0.002613 -0.058141
v 0.026449 -0.005261 -0.052942
v 0.025514 -0.007740 -0.058141
v 0.025517 -0.005075 -0.061124
v 0.025514 0.007740 -0.058141
v 0.026449 0.005261 -0.052942
v 0.026533 0.002613 -0.058141
v 0.025517 0.005075 -0.061124
v 0.020610 0.016914 -0.058141
v 0.022423 0.014983 -0.052942
v 0.023513 0.012568 -0.058141
v 0.021632 0.014454 -0.061124
v 0.012568 0.023513 -0.058141
v 0.014983 0.022423 -0.052942
v 0.016914 0.020610 -0.058141
v 0.014454 0.021632 -0.061124
v 0.002613 0.026533 -0.058141
v 0.005261 0.026449 -0.052942
v 0.007740 0.025514 -0.058141
v 0.005075 0.025517 -0.061124
v -0.007871 0.025946 -0.021930
v -0.005290 0.026593 -0.009614
v -0.002658 0.026983 -0.021930
v -0.005288 0.026588 -0.034263
v -0.017201 0.020959 -0.021930
v -0.015064 0.022544 -0.009614
v -0.012781 0.023913 -0.021930
v -0.015061 0.022540 -0.034263
v -0.023912 0.012781 -0.021930
v -0.022546 0.015062 -0.009615
v -0.020959 0.017201 -0.021930
v -0.022540 0.015061 -0.034263
v -0.026983 0.002658 -0.021930
v -0.026595 0.005289 -0.009616
v -0.025946 0.007871 -0.021930
v -0.026588 0.005288 -0.034263
v -0.025946 -0.007871 -0.021930
v -0.026595 -0.005289 -0.009616
v -0.026983 -0.002658 -0.021930
v -0.026588 -0.005288 -0.034263
v -0.020959 -0.017201 -0.021930
v -0.022546 -0.015062 -0.009615
v -0.023913 -0.012781 -0.021930
v -0.022540 -0.015061 -0.034263
v -0.012781 -0.023913 -0.021930
v -0.015064 -0.022544 -0.009614
v -0.017201 -0.020959 -0.021930
v -0.015061 -0.022540 -0.034263
v -0.002658 -0.026983 -0.021930
v -0.005290 -0.026593 -0.009614
v -0.007871 -0.025946 -0.021930
v -0.005288 -0.026588 -0.034263
v 0.007871 -0.025946 -0.021930
v 0.005290 -0.026593 -0.009614
v 0.002658 -0.026983 -0.021930
v 0.005288 -0.026588 -0.034263
v 0.017201 -0.020959 -0.021930
v 0.015064 -0.022544 -0.009614
v 0.012781 -0.023913 -0.021930
v 0.015061 -0.022540 -0.034263
v 0.023913 -0.012781 -0.021930
v 0.022544 -0.015064 -0.009614
v 0.020959 -0.017201 -0.021930
v 0.022540 -0.015061 -0.034263
v 0.026983 -0.002658 -0.021930
v 0.026593 -0.005290 -0.009614
v 0.025946 -0.007871 -0.021930
v 0.026588 -0.005288 -0.034263
v 0.025946 0.007871 -0.021930
v 0.026593 0.005290 -0.009614
v 0.026983 0.002658 -0.021930
v 0.026588 0.005288 -0.034263
v 0.020959 0.017201 -0.021930
v 0.022544 0.015064 -0.009614
v 0.023913 0.012781 -0.021930
v 0.022540 0.015061 -0.034263
v 0.012781 0.023913 -0.021930
v 0.015064 0.022544 -0.009614
v 0.017201 0.020959 -0.021930
v 0.015061 0.022540 -0.034263
v 0.002658 0.026983 -0.021930
v 0.005290 0.026593 -0.009614
v 0.007871 0.025946 -0.021930
v 0.005288 0.026588 -0.034263
v 0.015064 0.022544 0.009000
v 0.012781 0.023913 0.014259
v 0.015064 0.022544 0.017477
v 0.017201 0.020959 0.014259
v -0.015069 0.022542 0.009000
v -0.017236 0.020940 0.014260
v -0.015099 0.022525 0.017477
v -0.012786 0.023909 0.014259
v 0.005290 0.026593 0.009000
v 0.002658 0.026983 0.014259
v 0.005290 0.026593 0.017477
v 0.007871 0.025946 0.014259
v -0.022600 0.015035 0.008997
v -0.024138 0.012675 0.014238
v -0.022962 0.014854 0.017459
v -0.021078 0.017140 0.014257
v -0.026688 0.005264 0.008965
v -0.027278 0.002615 0.014128
v -0.027305 0.005100 0.017221
v -0.026234 0.007767 0.014185
v -0.026688 -0.005264 0.008965
v -0.026234 -0.007767 0.014185
v -0.027305 -0.005100 0.017221
v -0.027278 -0.002615 0.014128
v -0.022600 -0.015035 0.008997
v -0.021078 -0.017140 0.014257
v -0.022962 -0.014854 0.017459
v -0.024138 -0.012675 0.014238
v -0.015069 -0.022542 0.009000
v -0.012786 -0.023909 0.014259
v -0.015099 -0.022525 0.017477
v -0.017236 -0.020940 0.014260
v -0.005290 -0.026593 0.009000
v -0.002658 -0.026983 0.014259
v -0.005290 -0.026593 0.017477
v -0.007871 -0.025946 0.014259
v 0.005290 -0.026593 0.009000
v 0.007871 -0.025946 0.014259
v 0.005290 -0.026593 0.017477
v 0.002658 -0.026983 0.014259
v 0.015064 -0.022544 0.009000
v 0.017201 -0.020959 0.014259
v 0.015064 -0.022544 0.017477
v 0.012781 -0.023913 0.014259
v 0.022544 -0.015064 0.009000
v 0.023913 -0.012781 0.014259
v 0.022544 -0.015064 0.017477
v 0.020959 -0.017201 0.014259
v 0.026593 -0.005290 0.009000
v 0.026983 -0.002658 0.014259
v 0.026593 -0.005290 0.017477
v 0.025946 -0.007871 0.014259
v 0.026593 0.005290 0.009000
v 0.025946 0.007871 0.014259
v 0.026593 0.005290 0.017477
v 0.026983 0.002658 0.014259
v 0.022544 0.015064 0.009000
v 0.020959 0.017201 0.014259
v 0.022544 0.015064 0.017477
v 0.023913 0.012781 0.014259
v -0.005290 0.026593 0.009000
v -0.007871 0.025946 0.014259
v -0.005290 0.026593 0.017477
v -0.002658 0.026983 0.014259
v 0.026548 0.005280 0.025417
v 0.025811 0.007830 0.026083
v 0.026260 0.005224 0.026571
v 0.026842 0.002643 0.026083
v 0.022506 0.015038 0.025417
v 0.020850 0.017112 0.026083
v 0.022262 0.014875 0.026571
v 0.023788 0.012714 0.026083
v -0.005281 0.026548 0.025417
v -0.007835 0.025807 0.026084
v -0.005224 0.026258 0.026572
v -0.002644 0.026842 0.026083
v 0.015038 0.022506 0.025417
v 0.012714 0.023788 0.026083
v 0.014875 0.022262 0.026571
v 0.017112 0.020850 0.026083
v -0.015402 0.022311 0.025425
v -0.018093 0.020324 0.026109
v -0.015329 0.022013 0.026600
v -0.012850 0.023714 0.026090
v 0.005280 0.026548 0.025417
v 0.002643 0.026842 0.026083
v 0.005224 0.026260 0.026571
v 0.007830 0.025811 0.026083
v -0.026756 0.012905 0.025249
v -0.029970 0.009782 0.025572
v -0.027423 0.012265 0.026455
v -0.024100 0.015418 0.026074
v -0.033788 0.003343 0.022847
v -0.034936 0.001476 0.022596
v -0.035045 0.002861 0.023669
v -0.033700 0.004968 0.024148
v -0.033788 -0.003343 0.022847
v -0.033700 -0.004968 0.024148
v -0.035045 -0.002861 0.023669
v -0.034936 -0.001476 0.022596
v -0.026756 -0.012905 0.025249
v -0.024100 -0.015418 0.026074
v -0.027423 -0.012265 0.026455
v -0.029970 -0.009782 0.025572
v -0.015402 -0.022311 0.025425
v -0.012850 -0.023714 0.026090
v -0.015329 -0.022013 0.026600
v -0.018093 -0.020324 0.026109
v -0.005281 -0.026548 0.025417
v -0.002644 -0.026842 0.026083
v -0.005224 -0.026258 0.026572
v -0.007835 -0.025807 0.026084
v 0.005280 -0.026548 0.025417
v 0.007830 -0.025811 0.026083
v 0.005224 -0.026260 0.026571
v 0.002643 -0.026842 0.026083
v 0.015038 -0.022506 0.025417
v 0.017112 -0.020850 0.026083
v 0.014875 -0.022262 0.026571
v 0.012714 -0.023788 0.026083
v 0.022506 -0.015038 0.025417
v 0.023788 -0.012714 0.026083
v 0.022262 -0.014875 0.026571
v 0.020850 -0.017112 0.026083
v 0.026548 -0.005280 0.025417
v 0.026842 -0.002643 0.026083
v 0.026260 -0.005224 0.026571
v 0.025811 -0.007830 0.026083
v 0.026593 -0.005290 0.021011
v 0.026983 -0.002658 0.022327
v 0.026591 -0.005290 0.023519
v 0.025946 -0.007871 0.022327
v 0.022544 -0.015064 0.021011
v 0.023913 -0.012781 0.022327
v 0.022543 -0.015062 0.023519
v 0.020959 -0.017201 0.022327
v 0.015064 -0.022544 0.021011
v 0.017201 -0.020959 0.022327
v 0.015062 -0.022543 0.023519
v 0.012781 -0.023913 0.022327
v 0.005290 -0.026593 0.021011
v 0.007871 -0.025946 0.022327
v 0.005290 -0.026591 0.023519
v 0.002658 -0.026983 0.022327
v -0.005290 -0.026593 0.021011
v -0.002658 -0.026983 0.022327
v -0.005290 -0.026591 0.023519
v -0.007873 -0.025945 0.022327
v -0.015185 -0.022480 0.021012
v -0.012840 -0.023881 0.022328
v -0.015310 -0.022411 0.023523
v -0.017639 -0.020725 0.022333
v -0.023967 -0.014350 0.020949
v -0.022421 -0.016443 0.022310
v -0.025448 -0.013607 0.023395
v -0.026696 -0.011466 0.022071
v -0.029017 -0.004641 0.020139
v -0.029500 -0.006586 0.021414
v -0.031541 -0.003966 0.021739
v -0.030629 -0.002133 0.020704
v -0.029017 0.004641 0.020139
v -0.030629 0.002133 0.020704
v -0.031541 0.003966 0.021739
v -0.029500 0.006586 0.021414
v -0.023967 0.014350 0.020949
v -0.026696 0.011466 0.022071
v -0.025448 0.013607 0.023395
v -0.022421 0.016443 0.022310
v 0.005290 0.026593 0.021011
v 0.002658 0.026983 0.022327
v 0.005290 0.026591 0.023519
v 0.007871 0.025946 0.022327
v -0.015185 0.022480 0.021012
v -0.017639 0.020725 0.022333
v -0.015310 0.022411 0.023523
v -0.012840 0.023881 0.022328
v 0.015064 0.022544 0.021011
v 0.012781 0.023913 0.022327
v 0.015062 0.022543 0.023519
v 0.017201 0.020959 0.022327
v -0.005290 0.026593 0.021011
v -0.007873 0.025945 0.022327
v -0.005290 0.026591 0.023519
v -0.002658 0.026983 0.022327
v 0.022544 0.015064 0.021011
v 0.020959 0.017201 0.022327
v 0.022543 0.015062 0.023519
v 0.023913 0.012781 0.022327
v 0.026593 0.005290 0.021011
v 0.025946 0.007871 0.022327
v 0.026591 0.005290 0.023519
v 0.026983 0.002658 0.022327
v 0.015128 0.012439 -0.060991
v 0.014084 0.009410 -0.060910
v 0.017282 0.009217 -0.060991
v 0.017794 0.011889 -0.060939
v 0.005703 -0.018738 -0.060991
v 0.003304 -0.016613 -0.060910
v 0.001902 -0.019493 -0.060991
v 0.004175 -0.020989 -0.060939
v 0.001902 0.019493 -0.060991
v 0.003304 0.016613 -0.060910
v 0.005703 0.018738 -0.060991
v 0.004175 0.020989 -0.060939
v -0.019493 0.001902 -0.060991
v -0.016613 0.003304 -0.060910
v -0.018738 0.005703 -0.060991
v -0.020989 0.004175 -0.060939
v 0.017282 -0.009217 -0.060991
v 0.014084 -0.009410 -0.060910
v 0.015128 -0.012439 -0.060991
v 0.017794 -0.011889 -0.060939
v -0.015128 -0.012439 -0.060991
v -0.014084 -0.009410 -0.060910
v -0.017282 -0.009217 -0.060991
v -0.017794 -0.011889 -0.060939
v -0.005703 0.018738 -0.060991
v -0.003304 0.016613 -0.060910
v -0.001902 0.019493 -0.060991
v -0.004175 0.020989 -0.060939
v 0.018738 0.005703 -0.060991
v 0.016613 0.003304 -0.060910
v 0.019493 0.001902 -0.060991
v 0.020989 0.004175 -0.060939
v -0.001902 -0.019493 -0.060991
v -0.003304 -0.016613 -0.060910
v -0.005703 -0.018738 -0.060991
v -0.004175 -0.020989 -0.060939
v -0.017282 0.009217 -0.060991
v -0.014084 0.009410 -0.060910
v -0.015128 0.012439 -0.060991
v -0.017794 0.011889 -0.060939
v 0.009217 0.017282 -0.060991
v 0.009410 0.014084 -0.060910
v 0.012439 0.015128 -0.060991
v 0.011889 0.017794 -0.060939
v 0.012439 -0.015128 -0.060991
v 0.009410 -0.014084 -0.060910
v 0.009217 -0.017282 -0.060991
v 0.011889 -0.017794 -0.060939
v -0.018738 -0.005703 -0.060991
v -0.016613 -0.003304 -0.060910
v -0.019493 -0.001902 -0.060991
v -0.020989 -0.004175 -0.060939
v 0.019493 -0.001902 -0.060991
v 0.016613 -0.003304 -0.060910
v 0.018738 -0.005703 -0.060991
v 0.020989 -0.004175 -0.060939
v -0.009217 -0.017282 -0.060991
v -0.009410 -0.014084 -0.060910
v -0.012439 -0.015128 -0.060991
v -0.011889 -0.017794 -0.060939
v -0.012439 0.015128 -0.060991
v -0.009410 0.014084 -0.060910
v -0.009217 0.017282 -0.060991
v -0.011889 0.017794 -0.060939
v -0.001729 0.008693 -0.060707
v -0.004924 0.007369 -0.060707
v -0.007369 0.004924 -0.060707
v -0.008693 0.001729 -0.060707
v -0.008693 -0.001729 -0.060707
v -0.007369 -0.004924 -0.060707
v -0.004924 -0.007369 -0.060707
v -0.001729 -0.008693 -0.060707
v 0.001729 -0.008693 -0.060707
v 0.004924 -0.007369 -0.060707
v 0.007369 -0.004924 -0.060707
v 0.008693 -0.001729 -0.060707
v 0.008693 0.001729 -0.060707
v 0.007369 0.004924 -0.060707
v 0.004924 0.007369 -0.060707
v 0.001729 0.008693 -0.060707
v -0.004575 0.023000 -0.059463
v -0.002333 0.023694 -0.056927
v -0.004663 0.023443 -0.052140
v -0.006911 0.022783 -0.056927
v -0.013028 0.019499 -0.059463
v -0.011223 0.020997 -0.056927
v -0.013280 0.019875 -0.052140
v -0.015104 0.018404 -0.056927
v -0.019499 0.013029 -0.059463
v -0.018404 0.015104 -0.056927
v -0.019875 0.013280 -0.052140
v -0.020997 0.011223 -0.056927
v -0.023000 0.004575 -0.059463
v -0.022783 0.006911 -0.056927
v -0.023443 0.004663 -0.052139
v -0.023694 0.002333 -0.056927
v -0.023000 -0.004575 -0.059463
v -0.023694 -0.002333 -0.056927
v -0.023443 -0.004663 -0.052139
v -0.022783 -0.006911 -0.056927
v -0.019499 -0.013029 -0.059463
v -0.020997 -0.011223 -0.056927
v -0.019875 -0.013280 -0.052140
v -0.018404 -0.015104 -0.056927
v -0.013029 -0.019499 -0.059463
v -0.015104 -0.018404 -0.056927
v -0.013280 -0.019875 -0.052140
v -0.011223 -0.020997 -0.056927
v -0.004575 -0.023000 -0.059463
v -0.006911 -0.022783 -0.056927
v -0.004663 -0.023443 -0.052140
v -0.002333 -0.023694 -0.056927
v 0.004575 -0.023000 -0.059463
v 0.002333 -0.023694 -0.056927
v 0.004663 -0.023443 -0.052140
v 0.006911 -0.022783 -0.056927
v 0.013029 -0.019499 -0.059463
v 0.011223 -0.020997 -0.056927
v 0.013280 -0.019875 -0.052140
v 0.015104 -0.018404 -0.056927
v 0.019499 -0.013029 -0.059463
v 0.018404 -0.015104 -0.056927
v 0.019875 -0.013280 -0.052140
v 0.020997 -0.011223 -0.056927
v 0.023000 -0.004575 -0.059463
v 0.022783 -0.006911 -0.056927
v 0.023443 -0.004663 -0.052140
v 0.023694 -0.002333 -0.056927
v 0.023000 0.004575 -0.059463
v 0.023694 0.002333 -0.056927
v 0.023443 0.004663 -0.052140
v 0.022783 0.006911 -0.056927
v 0.019499 0.013029 -0.059463
v 0.020997 0.011223 -0.056927
v 0.019875 0.013280 -0.052140
v 0.018404 0.015104 -0.056927
v 0.013029 0.019499 -0.059463
v 0.015104 0.018404 -0.056927
v 0.013280 0.019875 -0.052140
v 0.011223 0.020997 -0.056927
v 0.004575 0.023000 -0.059463
v 0.006911 0.022783 -0.056927
v 0.004663 0.023443 -0.052140
v 0.002333 0.023694 -0.056927
v -0.004645 0.023349 -0.034029
v -0.002329 0.023646 -0.021833
v -0.004631 0.023279 -0.009582
v -0.006898 0.022737 -0.021832
v -0.013228 0.019794 -0.034026
v -0.011202 0.020954 -0.021830
v -0.013194 0.019730 -0.009568
v -0.015077 0.018363 -0.021824
v -0.019798 0.013223 -0.034020
v -0.018375 0.015065 -0.021815
v -0.019761 0.013162 -0.009524
v -0.020967 0.011189 -0.021802
v -0.023356 0.004642 -0.034011
v -0.022753 0.006887 -0.021786
v -0.023326 0.004611 -0.009453
v -0.023665 0.002324 -0.021774
v -0.023356 -0.004642 -0.034011
v -0.023665 -0.002324 -0.021774
v -0.023326 -0.004611 -0.009453
v -0.022753 -0.006887 -0.021786
v -0.019798 -0.013223 -0.034020
v -0.020967 -0.011189 -0.021802
v -0.019761 -0.013162 -0.009524
v -0.018375 -0.015065 -0.021815
v -0.013228 -0.019794 -0.034026
v -0.015077 -0.018363 -0.021824
v -0.013194 -0.019730 -0.009568
v -0.011202 -0.020954 -0.021830
v -0.004645 -0.023349 -0.034029
v -0.006898 -0.022737 -0.021832
v -0.004631 -0.023279 -0.009582
v -0.002329 -0.023646 -0.021833
v 0.004645 -0.023349 -0.034029
v 0.002329 -0.023646 -0.021833
v 0.004630 -0.023280 -0.009583
v 0.006897 -0.022737 -0.021833
v 0.013226 -0.019795 -0.034029
v 0.011200 -0.020955 -0.021833
v 0.013187 -0.019736 -0.009583
v 0.015073 -0.018367 -0.021833
v 0.019795 -0.013226 -0.034029
v 0.018367 -0.015073 -0.021833
v 0.019736 -0.013187 -0.009583
v 0.020955 -0.011200 -0.021833
v 0.023349 -0.004645 -0.034029
v 0.022737 -0.006897 -0.021833
v 0.023280 -0.004630 -0.009583
v 0.023646 -0.002329 -0.021833
v 0.023349 0.004645 -0.034029
v 0.023646 0.002329 -0.021833
v 0.023280 0.004630 -0.009583
v 0.022737 0.006897 -0.021833
v 0.019795 0.013226 -0.034029
v 0.020955 0.011200 -0.021833
v 0.019736 0.013187 -0.009583
v 0.018367 0.015073 -0.021833
v 0.013226 0.019795 -0.034029
v 0.015073 0.018367 -0.021833
v 0.013187 0.019736 -0.009583
v 0.011200 0.020955 -0.021833
v 0.004645 0.023349 -0.034029
v 0.006897 0.022737 -0.021833
v 0.004630 0.023280 -0.009583
v 0.002329 0.023646 -0.021833
v 0.015051 0.018339 0.014259
v 0.013180 0.019726 0.017477
v 0.011184 0.020924 0.014259
v 0.013181 0.019726 0.009001
v -0.011210 0.020902 0.014306
v -0.013268 0.019661 0.017586
v -0.015140 0.018269 0.014378
v -0.013207 0.019703 0.009052
v 0.006887 0.022703 0.014259
v 0.004628 0.023269 0.017477
v 0.002325 0.023611 0.014259
v 0.004628 0.023269 0.009001
v -0.018561 0.014884 0.014493
v -0.020345 0.012783 0.017895
v -0.021316 0.010926 0.014639
v -0.019866 0.013067 0.009201
v -0.023219 0.006646 0.014784
v -0.024357 0.004293 0.018175
v -0.024174 0.002229 0.014880
v -0.023521 0.004537 0.009418
v -0.024174 -0.002229 0.014880
v -0.024357 -0.004293 0.018175
v -0.023219 -0.006646 0.014784
v -0.023521 -0.004537 0.009418
v -0.021316 -0.010926 0.014639
v -0.020345 -0.012783 0.017895
v -0.018561 -0.014884 0.014493
v -0.019866 -0.013067 0.009201
v -0.015140 -0.018269 0.014378
v -0.013268 -0.019661 0.017586
v -0.011210 -0.020902 0.014306
v -0.013207 -0.019703 0.009052
v -0.006893 -0.022698 0.014272
v -0.004632 -0.023265 0.017484
v -0.002326 -0.023610 0.014260
v -0.004630 -0.023268 0.009004
v 0.002325 -0.023611 0.014259
v 0.004628 -0.023269 0.017477
v 0.006887 -0.022703 0.014259
v 0.004628 -0.023269 0.009001
v 0.011184 -0.020924 0.014259
v 0.013180 -0.019726 0.017477
v 0.015051 -0.018339 0.014259
v 0.013181 -0.019726 0.009001
v 0.018339 -0.015051 0.014259
v 0.019726 -0.013180 0.017477
v 0.020924 -0.011184 0.014259
v 0.019726 -0.013181 0.009001
v 0.022703 -0.006887 0.014259
v 0.023269 -0.004628 0.017477
v 0.023611 -0.002325 0.014259
v 0.023269 -0.004628 0.009001
v 0.023611 0.002325 0.014259
v 0.023269 0.004628 0.017477
v 0.022703 0.006887 0.014259
v 0.023269 0.004628 0.009001
v 0.020924 0.011184 0.014259
v 0.019726 0.013180 0.017477
v 0.018339 0.015051 0.014259
v 0.019726 0.013181 0.009001
v -0.002326 0.023610 0.014260
v -0.004632 0.023265 0.017484
v -0.006893 0.022698 0.014272
v -0.004630 0.023268 0.009004
v 0.023751 0.002339 0.026083
v 0.023602 0.004695 0.026571
v 0.022838 0.006928 0.026083
v 0.023313 0.004637 0.025417
v 0.021048 0.011250 0.026083
v 0.020009 0.013369 0.026571
v 0.018448 0.015140 0.026083
v 0.019764 0.013206 0.025417
v -0.002343 0.023748 0.026087
v -0.004707 0.023593 0.026585
v -0.006961 0.022813 0.026119
v -0.004649 0.023304 0.025432
v 0.015140 0.018448 0.026083
v 0.013369 0.020009 0.026571
v 0.011250 0.021048 0.026083
v 0.013206 0.019764 0.025417
v -0.011489 0.020891 0.026222
v -0.013981 0.019633 0.026791
v -0.016390 0.017706 0.026452
v -0.013742 0.019430 0.025657
v 0.006928 0.022838 0.026083
v 0.004695 0.023602 0.026571
v 0.002339 0.023751 0.026083
v 0.004637 0.023313 0.025417
v -0.022241 0.013020 0.026784
v -0.025810 0.010278 0.027286
v -0.028097 0.007721 0.026780
v -0.024718 0.010544 0.026234
v -0.031851 0.003529 0.025879
v -0.033457 0.001969 0.025377
v -0.033094 0.000959 0.024691
v -0.031780 0.002300 0.024878
v -0.033094 -0.000959 0.024691
v -0.033457 -0.001969 0.025377
v -0.031851 -0.003529 0.025879
v -0.031780 -0.002300 0.024878
v -0.028097 -0.007721 0.026780
v -0.025810 -0.010278 0.027286
v -0.022241 -0.013020 0.026784
v -0.024718 -0.010544 0.026234
v -0.016390 -0.017706 0.026452
v -0.013981 -0.019633 0.026791
v -0.011489 -0.020891 0.026222
v -0.013742 -0.019430 0.025657
v -0.006961 -0.022813 0.026119
v -0.004707 -0.023593 0.026585
v -0.002343 -0.023748 0.026087
v -0.004649 -0.023304 0.025432
v 0.002339 -0.023751 0.026083
v 0.004695 -0.023602 0.026571
v 0.006928 -0.022838 0.026083
v 0.004637 -0.023313 0.025417
v 0.011250 -0.021048 0.026083
v 0.013369 -0.020009 0.026571
v 0.015140 -0.018448 0.026083
v 0.013206 -0.019764 0.025417
v 0.018448 -0.015140 0.026083
v 0.020009 -0.013369 0.026571
v 0.021048 -0.011250 0.026083
v 0.019764 -0.013206 0.025417
v 0.022838 -0.006928 0.026083
v 0.023602 -0.004695 0.026571
v 0.023751 -0.002339 0.026083
v 0.023313 -0.004637 0.025417
v 0.022703 -0.006887 0.022327
v 0.023270 -0.004628 0.023519
v 0.023611 -0.002325 0.022327
v 0.023269 -0.004628 0.021011
v 0.018339 -0.015051 0.022327
v 0.019728 -0.013182 0.023519
v 0.020924 -0.011184 0.022327
v 0.019726 -0.013180 0.021011
v 0.011184 -0.020924 0.022327
v 0.013182 -0.019728 0.023519
v 0.015051 -0.018339 0.022327
v 0.013180 -0.019726 0.021011
v 0.002325 -0.023611 0.022327
v 0.004628 -0.023270 0.023519
v 0.006887 -0.022703 0.022327
v 0.004628 -0.023269 0.021011
v -0.006908 -0.022687 0.022359
v -0.004638 -0.023263 0.023534
v -0.002328 -0.023609 0.022332
v -0.004635 -0.023263 0.021023
v -0.015671 -0.017952 0.022634
v -0.013570 -0.019481 0.023739
v -0.011313 -0.020834 0.022447
v -0.013396 -0.019582 0.021182
v -0.024302 -0.009434 0.023101
v -0.023207 -0.011282 0.024295
v -0.020167 -0.013986 0.022917
v -0.021528 -0.012150 0.021643
v -0.028180 -0.001646 0.022546
v -0.029258 -0.002968 0.023619
v -0.027058 -0.005211 0.022914
v -0.026393 -0.003738 0.021618
v -0.027058 0.005211 0.022914
v -0.029258 0.002968 0.023619
v -0.028180 0.001646 0.022546
v -0.026393 0.003738 0.021618
v -0.020167 0.013986 0.022917
v -0.023207 0.011282 0.024295
v -0.024302 0.009434 0.023101
v -0.021528 0.012150 0.021643
v 0.006887 0.022703 0.022327
v 0.004628 0.023270 0.023519
v 0.002325 0.023611 0.022327
v 0.004628 0.023269 0.021011
v -0.011313 0.020834 0.022447
v -0.013570 0.019481 0.023739
v -0.015671 0.017952 0.022634
v -0.013396 0.019582 0.021182
v 0.015051 0.018339 0.022327
v 0.013182 0.019728 0.023519
v 0.011184 0.020924 0.022327
v 0.013180 0.019726 0.021011
v -0.002328 0.023609 0.022332
v -0.004638 0.023263 0.023534
v -0.006908 0.022687 0.022359
v -0.004635 0.023263 0.021023
v 0.020924 0.011184 0.022327
v 0.019728 0.013182 0.023519
v 0.018339 0.015051 0.022327
v 0.019726 0.013180 0.021011
v 0.023611 0.002325 0.022327
v 0.023270 0.004628 0.023519
v 0.022703 0.006887 0.022327
v 0.023269 0.004628 0.021011
v -0.005071 0.025468 0.027102
v -0.007401 0.024309 0.027178
v -0.004860 0.024382 0.027106
v -0.002494 0.025295 0.027163
v -0.014965 0.021287 0.027181
v -0.017417 0.018915 0.027355
v -0.014419 0.020315 0.027258
v -0.012198 0.022285 0.027231
v -0.027340 0.011471 0.027207
v -0.030093 0.008233 0.027159
v -0.026692 0.010655 0.027546
v -0.023736 0.013915 0.027496
v -0.035229 0.002413 0.024460
v -0.035359 0.001013 0.024119
v -0.034586 0.002045 0.025154
v -0.034105 0.003745 0.025754
v -0.035229 -0.002413 0.024460
v -0.034105 -0.003745 0.025754
v -0.034586 -0.002045 0.025154
v -0.035359 -0.001013 0.024119
v -0.027340 -0.011471 0.027207
v -0.023736 -0.013915 0.027496
v -0.026692 -0.010655 0.027545
v -0.030093 -0.008233 0.027159
v -0.014965 -0.021287 0.027181
v -0.012198 -0.022285 0.027231
v -0.014419 -0.020315 0.027258
v -0.017417 -0.018915 0.027355
v -0.005071 -0.025468 0.027102
v -0.002494 -0.025295 0.027163
v -0.004860 -0.024382 0.027106
v -0.007401 -0.024309 0.027178
v 0.005067 -0.025471 0.027097
v 0.007379 -0.024324 0.027160
v 0.004852 -0.024389 0.027097
v 0.002491 -0.025296 0.027160
v 0.014429 -0.021594 0.027097
v 0.016126 -0.019650 0.027160
v 0.013815 -0.020676 0.027097
v 0.011982 -0.022418 0.027160
v 0.021594 -0.014429 0.027097
v 0.022418 -0.011982 0.027160
v 0.020676 -0.013815 0.027097
v 0.019650 -0.016126 0.027160
v 0.025471 -0.005067 0.027097
v 0.025297 -0.002491 0.027160
v 0.024389 -0.004852 0.027097
v 0.024324 -0.007379 0.027160
v 0.025471 0.005067 0.027097
v 0.024324 0.007379 0.027160
v 0.024389 0.004852 0.027097
v 0.025297 0.002491 0.027160
v 0.021594 0.014429 0.027097
v 0.019650 0.016126 0.027160
v 0.020676 0.013815 0.027097
v 0.022418 0.011982 0.027160
v 0.014429 0.021594 0.027097
v 0.011982 0.022418 0.027160
v 0.013815 0.020676 0.027097
v 0.016126 0.019650 0.027160
v 0.005067 0.025471 0.027097
v 0.002491 0.025297 0.027160
v 0.004852 0.024389 0.027097
v 0.007379 0.024324 0.027160
v 0.017928 0.014720 -0.063425
v 0.020460 0.010930 -0.063425
v 0.016020 0.008474 -0.063952
v 0.013959 0.011557 -0.063952
v 0.006739 -0.022196 -0.063425
v 0.002268 -0.023085 -0.063425
v 0.001699 -0.018043 -0.063952
v 0.005335 -0.017320 -0.063952
v 0.002268 0.023085 -0.063425
v 0.006739 0.022196 -0.063425
v 0.005335 0.017320 -0.063952
v 0.001699 0.018043 -0.063952
v -0.023085 0.002268 -0.063425
v -0.022196 0.006739 -0.063425
v -0.017320 0.005335 -0.063952
v -0.018043 0.001699 -0.063952
v 0.020460 -0.010930 -0.063425
v 0.017928 -0.014720 -0.063425
v 0.013959 -0.011557 -0.063952
v 0.016020 -0.008474 -0.063952
v -0.017928 -0.014720 -0.063425
v -0.020460 -0.010930 -0.063425
v -0.016020 -0.008474 -0.063952
v -0.013959 -0.011557 -0.063952
v -0.006739 0.022196 -0.063425
v -0.002268 0.023085 -0.063425
v -0.001699 0.018043 -0.063952
v -0.005335 0.017320 -0.063952
v 0.022196 0.006739 -0.063425
v 0.023085 0.002268 -0.063425
v 0.018043 0.001699 -0.063952
v 0.017320 0.005335 -0.063952
v -0.002268 -0.023085 -0.063425
v -0.006739 -0.022196 -0.063425
v -0.005335 -0.017320 -0.063952
v -0.001699 -0.018043 -0.063952
v -0.020460 0.010930 -0.063425
v -0.017928 0.014720 -0.063425
v -0.013959 0.011557 -0.063952
v -0.016020 0.008474 -0.063952
v 0.010930 0.020460 -0.063425
v 0.014720 0.017928 -0.063425
v 0.011557 0.013959 -0.063952
v 0.008474 0.016020 -0.063952
v 0.014720 -0.017928 -0.063425
v 0.010930 -0.020460 -0.063425
v 0.008474 -0.016020 -0.063952
v 0.011557 -0.013959 -0.063952
v -0.022196 -0.006739 -0.063425
v -0.023085 -0.002268 -0.063425
v -0.018043 -0.001699 -0.063952
v -0.017320 -0.005335 -0.063952
v 0.023085 -0.002268 -0.063425
v 0.022196 -0.006739 -0.063425
v 0.017320 -0.005335 -0.063952
v 0.018043 -0.001699 -0.063952
v -0.010930 -0.020460 -0.063425
v -0.014720 -0.017928 -0.063425
v -0.011557 -0.013959 -0.063952
v -0.008474 -0.016020 -0.063952
v -0.014720 0.017928 -0.063425
v -0.010930 0.020460 -0.063425
v -0.008474 0.016020 -0.063952
v -0.011557 0.013959 -0.063952
v 0.000000 0.011349 -0.064024
v 0.004343 0.010486 -0.064024
v 0.008025 0.008025 -0.064024
v 0.010486 0.004343 -0.064024
v 0.011349 0.000000 -0.064024
v 0.010486 -0.004343 -0.064024
v 0.008025 -0.008025 -0.064024
v 0.004343 -0.010486 -0.064024
v 0.000000 -0.011349 -0.064024
v -0.004343 -0.010486 -0.064024
v -0.008025 -0.008025 -0.064024
v -0.010486 -0.004343 -0.064024
v -0.011349 0.000000 -0.064024
v -0.010486 0.004343 -0.064024
v -0.008025 0.008025 -0.064024
v -0.004343 0.010486 -0.064024
v -0.007553 0.024898 -0.061124
v -0.007829 0.025806 -0.052942
v -0.002643 0.026838 -0.052942
v -0.002550 0.025892 -0.061124
v -0.016506 0.020112 -0.061124
v -0.017109 0.020846 -0.052942
v -0.012713 0.023783 -0.052942
v -0.012265 0.022946 -0.061124
v -0.022946 0.012265 -0.061124
v -0.023783 0.012713 -0.052942
v -0.020846 0.017109 -0.052942
v -0.020112 0.016506 -0.061124
v -0.025892 0.002550 -0.061124
v -0.026838 0.002643 -0.052942
v -0.025806 0.007829 -0.052942
v -0.024898 0.007553 -0.061124
v -0.024898 -0.007553 -0.061124
v -0.025806 -0.007829 -0.052942
v -0.026838 -0.002643 -0.052942
v -0.025892 -0.002550 -0.061124
v -0.020112 -0.016506 -0.061124
v -0.020846 -0.017109 -0.052942
v -0.023783 -0.012713 -0.052942
v -0.022946 -0.012265 -0.061124
v -0.012265 -0.022946 -0.061124
v -0.012713 -0.023783 -0.052942
v -0.017109 -0.020846 -0.052942
v -0.016506 -0.020112 -0.061124
v -0.002550 -0.025892 -0.061124
v -0.002643 -0.026838 -0.052942
v -0.007829 -0.025806 -0.052942
v -0.007553 -0.024898 -0.061124
v 0.007553 -0.024898 -0.061124
v 0.007829 -0.025806 -0.052942
v 0.002643 -0.026838 -0.052942
v 0.002550 -0.025892 -0.061124
v 0.016506 -0.020112 -0.061124
v 0.017109 -0.020846 -0.052942
v 0.012713 -0.023783 -0.052942
v 0.012265 -0.022946 -0.061124
v 0.022946 -0.012265 -0.061124
v 0.023783 -0.012713 -0.052942
v 0.020846 -0.017109 -0.052942
v 0.020112 -0.016506 -0.061124
v 0.025892 -0.002550 -0.061124
v 0.026838 -0.002643 -0.052942
v 0.025806 -0.007829 -0.052942
v 0.024898 -0.007553 -0.061124
v 0.024898 0.007553 -0.061124
v 0.025806 0.007829 -0.052942
v 0.026838 0.002643 -0.052942
v 0.025892 0.002550 -0.061124
v 0.020112 0.016506 -0.061124
v 0.020846 0.017109 -0.052942
v 0.023783 0.012713 -0.052942
v 0.022946 0.012265 -0.061124
v 0.012265 0.022946 -0.061124
v 0.012713 0.023783 -0.052942
v 0.017109 0.020846 -0.052942
v 0.016506 0.020112 -0.061124
v 0.002550 0.025892 -0.061124
v 0.002643 0.026838 -0.052942
v 0.007829 0.025806 -0.052942
v 0.007553 0.024898 -0.061124
v -0.007869 0.025942 -0.034263
v -0.007871 0.025946 -0.009614
v -0.002658 0.026983 -0.009614
v -0.002657 0.026979 -0.034263
v -0.017198 0.020955 -0.034263
v -0.017201 0.020959 -0.009614
v -0.012781 0.023912 -0.009614
v -0.012779 0.023908 -0.034263
v -0.023908 0.012779 -0.034263
v -0.023914 0.012780 -0.009615
v -0.020961 0.017200 -0.009615
v -0.020955 0.017198 -0.034263
v -0.026979 0.002657 -0.034263
v -0.026987 0.002657 -0.009616
v -0.025949 0.007869 -0.009615
v -0.025942 0.007869 -0.034263
v -0.025942 -0.007869 -0.034263
v -0.025949 -0.007869 -0.009615
v -0.026987 -0.002657 -0.009616
v -0.026979 -0.002657 -0.034263
v -0.020955 -0.017198 -0.034263
v -0.020961 -0.017200 -0.009615
v -0.023914 -0.012780 -0.009615
v -0.023908 -0.012779 -0.034263
v -0.012779 -0.023908 -0.034263
v -0.012781 -0.023912 -0.009614
v -0.017201 -0.020959 -0.009614
v -0.017198 -0.020955 -0.034263
v -0.002657 -0.026979 -0.034263
v -0.002658 -0.026983 -0.009614
v -0.007871 -0.025946 -0.009614
v -0.007869 -0.025942 -0.034263
v 0.007869 -0.025942 -0.034263
v 0.007871 -0.025946 -0.009614
v 0.002658 -0.026983 -0.009614
v 0.002657 -0.026979 -0.034263
v 0.017198 -0.020955 -0.034263
v 0.017201 -0.020959 -0.009614
v 0.012781 -0.023913 -0.009614
v 0.012779 -0.023908 -0.034263
v 0.023908 -0.012779 -0.034263
v 0.023913 -0.012781 -0.009614
v 0.020959 -0.017201 -0.009614
v 0.020955 -0.017198 -0.034263
v 0.026979 -0.002657 -0.034263
v 0.026983 -0.002658 -0.009614
v 0.025946 -0.007871 -0.009614
v 0.025942 -0.007869 -0.034263
v 0.025942 0.007869 -0.034263
v 0.025946 0.007871 -0.009614
v 0.026983 0.002658 -0.009614
v 0.026979 0.002657 -0.034263
v 0.020955 0.017198 -0.034263
v 0.020959 0.017201 -0.009614
v 0.023913 0.012781 -0.009614
v 0.023908 0.012779 -0.034263
v 0.012779 0.023908 -0.034263
v 0.012781 0.023913 -0.009614
v 0.017201 0.020959 -0.009614
v 0.017198 0.020955 -0.034263
v 0.002657 0.026979 -0.034263
v 0.002658 0.026983 -0.009614
v 0.007871 0.025946 -0.009614
v 0.007869 0.025942 -0.034263
v 0.017201 0.020959 0.009000
v 0.012781 0.023913 0.009000
v 0.012781 0.023913 0.017477
v 0.017201 0.020959 0.017477
v -0.012783 0.023912 0.009000
v -0.017213 0.020953 0.009000
v -0.017286 0.020914 0.017478
v -0.012793 0.023906 0.017477
v 0.007871 0.025946 0.009000
v 0.002658 0.026983 0.009000
v 0.002658 0.026983 0.017477
v 0.007871 0.025946 0.017477
v -0.020998 0.017181 0.009000
v -0.023985 0.012747 0.008993
v -0.024456 0.012524 0.017427
v -0.021244 0.017053 0.017474
v -0.026039 0.007837 0.008976
v -0.027079 0.002644 0.008957
v -0.027694 0.002556 0.017160
v -0.026640 0.007620 0.017299
v -0.027079 -0.002644 0.008957
v -0.026039 -0.007837 0.008976
v -0.026640 -0.007620 0.017299
v -0.027694 -0.002555 0.017160
v -0.023985 -0.012747 0.008993
v -0.020998 -0.017181 0.009000
v -0.021244 -0.017053 0.017474
v -0.024456 -0.012524 0.017427
v -0.017213 -0.020953 0.009000
v -0.012783 -0.023912 0.009000
v -0.012793 -0.023906 0.017477
v -0.017286 -0.020914 0.017478
v -0.007871 -0.025946 0.009000
v -0.002658 -0.026983 0.009000
v -0.002658 -0.026983 0.017477
v -0.007871 -0.025946 0.017477
v 0.002658 -0.026983 0.009000
v 0.007871 -0.025946 0.009000
v 0.007871 -0.025946 0.017477
v 0.002658 -0.026983 0.017477
v 0.012781 -0.023913 0.009000
v 0.017201 -0.020959 0.009000
v 0.017201 -0.020959 0.017477
v 0.012781 -0.023913 0.017477
v 0.020959 -0.017201 0.009000
v 0.023913 -0.012781 0.009000
v 0.023913 -0.012781 0.017477
v 0.020959 -0.017201 0.017477
v 0.025946 -0.007871 0.009000
v 0.026983 -0.002658 0.009000
v 0.026983 -0.002658 0.017477
v 0.025946 -0.007871 0.017477
v 0.026983 0.002658 0.009000
v 0.025946 0.007871 0.009000
v 0.025946 0.007871 0.017477
v 0.026983 0.002658 0.017477
v 0.023913 0.012781 0.009000
v 0.020959 0.017201 0.009000
v 0.020959 0.017201 0.017477
v 0.023913 0.012781 0.017477
v -0.002658 0.026983 0.009000
v -0.007871 0.025946 0.009000
v -0.007871 0.025946 0.017477
v -0.002658 0.026983 0.017477
v 0.026938 0.002653 0.025417
v 0.025903 0.007857 0.025417
v 0.025621 0.007772 0.026571
v 0.026645 0.002624 0.026571
v 0.023872 0.012760 0.025417
v 0.020924 0.017172 0.025417
v 0.020697 0.016986 0.026571
v 0.023612 0.012621 0.026571
v -0.002653 0.026938 0.025417
v -0.007862 0.025900 0.025417
v -0.007780 0.025616 0.026574
v -0.002625 0.026644 0.026571
v 0.017172 0.020924 0.025417
v 0.012760 0.023872 0.025417
v 0.012621 0.023612 0.026571
v 0.016986 0.020697 0.026571
v -0.012878 0.023808 0.025420
v -0.018045 0.020458 0.025432
v -0.018059 0.020115 0.026619
v -0.012774 0.023527 0.026587
v 0.007857 0.025903 0.025417
v 0.002653 0.026938 0.025417
v 0.002624 0.026645 0.026571
v 0.007772 0.025621 0.026571
v -0.023826 0.015664 0.025392
v -0.029397 0.010145 0.024929
v -0.030318 0.009426 0.026096
v -0.024229 0.015135 0.026604
v -0.032954 0.005304 0.023636
v -0.034171 0.001612 0.022233
v -0.035425 0.001354 0.022947
v -0.034176 0.004657 0.024595
v -0.034171 -0.001612 0.022233
v -0.032954 -0.005304 0.023636
v -0.034176 -0.004657 0.024595
v -0.035425 -0.001354 0.022947
v -0.029397 -0.010145 0.024929
v -0.023826 -0.015664 0.025392
v -0.024229 -0.015135 0.026604
v -0.030318 -0.009426 0.026096
v -0.018045 -0.020458 0.025432
v -0.012878 -0.023808 0.025420
v -0.012774 -0.023527 0.026587
v -0.018059 -0.020115 0.026619
v -0.007862 -0.025900 0.025417
v -0.002653 -0.026938 0.025417
v -0.002625 -0.026644 0.026571
v -0.007780 -0.025616 0.026574
v 0.002653 -0.026938 0.025417
v 0.007857 -0.025903 0.025417
v 0.007772 -0.025621 0.026571
v 0.002624 -0.026645 0.026571
v 0.012760 -0.023872 0.025417
v 0.017172 -0.020924 0.025417
v 0.016986 -0.020697 0.026571
v 0.012621 -0.023612 0.026571
v 0.020924 -0.017172 0.025417
v 0.023872 -0.012760 0.025417
v 0.023612 -0.012621 0.026571
v 0.020697 -0.016986 0.026571
v 0.025903 -0.007857 0.025417
v 0.026938 -0.002653 0.025417
v 0.026645 -0.002624 0.026571
v 0.025621 -0.007772 0.026571
v 0.025946 -0.007871 0.021011
v 0.026983 -0.002658 0.021011
v 0.026982 -0.002658 0.023519
v 0.025945 -0.007870 0.023519
v 0.020959 -0.017201 0.021011
v 0.023913 -0.012781 0.021011
v 0.023911 -0.012780 0.023519
v 0.020958 -0.017200 0.023519
v 0.012781 -0.023913 0.021011
v 0.017201 -0.020959 0.021011
v 0.017200 -0.020958 0.023519
v 0.012780 -0.023911 0.023519
v 0.002658 -0.026983 0.021011
v 0.007871 -0.025946 0.021011
v 0.007870 -0.025945 0.023519
v 0.002658 -0.026982 0.023519
v -0.007872 -0.025945 0.021011
v -0.002658 -0.026983 0.021011
v -0.002658 -0.026982 0.023519
v -0.007873 -0.025944 0.023519
v -0.017492 -0.020804 0.021015
v -0.012820 -0.023891 0.021011
v -0.012861 -0.023868 0.023520
v -0.017795 -0.020641 0.023527
v -0.025763 -0.011907 0.020841
v -0.021931 -0.016697 0.020999
v -0.022941 -0.016172 0.023495
v -0.027688 -0.010995 0.023172
v -0.029405 -0.002309 0.019932
v -0.028307 -0.007016 0.020405
v -0.030765 -0.006127 0.022282
v -0.031927 -0.001946 0.021318
v -0.028307 0.007016 0.020405
v -0.029405 0.002309 0.019932
v -0.031927 0.001946 0.021318
v -0.030765 0.006127 0.022282
v -0.021931 0.016697 0.020999
v -0.025763 0.011907 0.020841
v -0.027688 0.010995 0.023172
v -0.022941 0.016172 0.023495
v 0.007871 0.025946 0.021011
v 0.002658 0.026983 0.021011
v 0.002658 0.026982 0.023519
v 0.007870 0.025945 0.023519
v -0.012820 0.023891 0.021011
v -0.017492 0.020804 0.021015
v -0.017795 0.020641 0.023527
v -0.012861 0.023868 0.023520
v 0.017201 0.020959 0.021011
v 0.012781 0.023913 0.021011
v 0.012780 0.023911 0.023519
v 0.017200 0.020958 0.023519
v -0.002658 0.026983 0.021011
v -0.007872 0.025945 0.021011
v -0.007873 0.025944 0.023519
v -0.002658 0.026982 0.023519
v 0.023913 0.012781 0.021011
v 0.020959 0.017201 0.021011
v 0.020958 0.017200 0.023519
v 0.023911 0.012780 0.023519
v 0.026983 0.002658 0.021011
v 0.025946 0.007871 0.021011
v 0.025945 0.007870 0.023519
v 0.026982 0.002658 0.023519
v 0.016556 0.013593 -0.060940
v 0.013230 0.010953 -0.060917
v 0.015182 0.008031 -0.060917
v 0.018894 0.010093 -0.060940
v 0.006223 -0.020498 -0.060940
v 0.005056 -0.016415 -0.060917
v 0.001610 -0.017100 -0.060917
v 0.002094 -0.021319 -0.060940
v 0.002094 0.021319 -0.060940
v 0.001610 0.017100 -0.060917
v 0.005056 0.016415 -0.060917
v 0.006223 0.020498 -0.060940
v -0.021319 0.002094 -0.060940
v -0.017100 0.001610 -0.060917
v -0.016415 0.005056 -0.060917
v -0.020498 0.006223 -0.060940
v 0.018894 -0.010093 -0.060940
v 0.015182 -0.008031 -0.060917
v 0.013230 -0.010953 -0.060917
v 0.016556 -0.013593 -0.060940
v -0.016556 -0.013593 -0.060940
v -0.013230 -0.010953 -0.060917
v -0.015182 -0.008031 -0.060917
v -0.018894 -0.010093 -0.060940
v -0.006223 0.020498 -0.060940
v -0.005056 0.016415 -0.060917
v -0.001610 0.017100 -0.060917
v -0.002094 0.021319 -0.060940
v 0.020498 0.006223 -0.060940
v 0.016415 0.005056 -0.060917
v 0.017100 0.001610 -0.060917
v 0.021319 0.002094 -0.060940
v -0.002094 -0.021319 -0.060940
v -0.001610 -0.017100 -0.060917
v -0.005056 -0.016415 -0.060917
v -0.006223 -0.020498 -0.060940
v -0.018894 0.010093 -0.060940
v -0.015182 0.008031 -0.060917
v -0.013230 0.010953 -0.060917
v -0.016556 0.013593 -0.060940
v 0.010093 0.018894 -0.060940
v 0.008031 0.015182 -0.060917
v 0.010953 0.013230 -0.060917
v 0.013593 0.016556 -0.060940
v 0.013593 -0.016556 -0.060940
v 0.010953 -0.013230 -0.060917
v 0.008031 -0.015182 -0.060917
v 0.010093 -0.018894 -0.060940
v -0.020498 -0.006223 -0.060940
v -0.016415 -0.005056 -0.060917
v -0.017100 -0.001610 -0.060917
v -0.021319 -0.002094 -0.060940
v 0.021319 -0.002094 -0.060940
v 0.017100 -0.001610 -0.060917
v 0.016415 -0.005056 -0.060917
v 0.020498 -0.006223 -0.060940
v -0.010093 -0.018894 -0.060940
v -0.008031 -0.015182 -0.060917
v -0.010953 -0.013230 -0.060917
v -0.013593 -0.016556 -0.060940
v -0.013593 0.016556 -0.060940
v -0.010953 0.013230 -0.060917
v -0.008031 0.015182 -0.060917
v -0.010093 0.018894 -0.060940
v 0.000000 0.010913 -0.060740
v -0.004176 0.010083 -0.060740
v -0.007717 0.007717 -0.060740
v -0.010083 0.004176 -0.060740
v -0.010913 0.000000 -0.060740
v -0.010083 -0.004176 -0.060740
v -0.007717 -0.007717 -0.060740
v -0.004176 -0.010083 -0.060740
v 0.000000 -0.010913 -0.060740
v 0.004176 -0.010083 -0.060740
v 0.007717 -0.007717 -0.060740
v 0.010083 -0.004176 -0.060740
v 0.010913 0.000000 -0.060740
v 0.010083 0.004176 -0.060740
v 0.007717 0.007717 -0.060740
v 0.004176 0.010083 -0.060740
v -0.006808 0.022442 -0.059463
v -0.002298 0.023339 -0.059463
v -0.002343 0.023788 -0.052140
v -0.006938 0.022874 -0.052140
v -0.014878 0.018128 -0.059463
v -0.011055 0.020683 -0.059463
v -0.011267 0.021080 -0.052140
v -0.015164 0.018477 -0.052140
v -0.020683 0.011055 -0.059463
v -0.018128 0.014878 -0.059463
v -0.018477 0.015164 -0.052140
v -0.021080 0.011267 -0.052140
v -0.023339 0.002298 -0.059463
v -0.022442 0.006808 -0.059463
v -0.022874 0.006938 -0.052139
v -0.023788 0.002343 -0.052139
v -0.022442 -0.006808 -0.059463
v -0.023339 -0.002298 -0.059463
v -0.023788 -0.002343 -0.052139
v -0.022874 -0.006938 -0.052139
v -0.018128 -0.014878 -0.059463
v -0.020683 -0.011055 -0.059463
v -0.021080 -0.011267 -0.052140
v -0.018477 -0.015164 -0.052140
v -0.011055 -0.020683 -0.059463
v -0.014878 -0.018128 -0.059463
v -0.015164 -0.018477 -0.052140
v -0.011267 -0.021080 -0.052140
v -0.002298 -0.023339 -0.059463
v -0.006808 -0.022442 -0.059463
v -0.006938 -0.022874 -0.052140
v -0.002343 -0.023788 -0.052140
v 0.006808 -0.022442 -0.059463
v 0.002298 -0.023339 -0.059463
v 0.002343 -0.023788 -0.052140
v 0.006938 -0.022874 -0.052140
v 0.014878 -0.018128 -0.059463
v 0.011055 -0.020683 -0.059463
v 0.011267 -0.021080 -0.052140
v 0.015164 -0.018477 -0.052140
v 0.020683 -0.011055 -0.059463
v 0.018128 -0.014878 -0.059463
v 0.018477 -0.015164 -0.052140
v 0.021080 -0.011267 -0.052140
v 0.023339 -0.002298 -0.059463
v 0.022442 -0.006808 -0.059463
v 0.022874 -0.006938 -0.052140
v 0.023788 -0.002343 -0.052140
v 0.022442 0.006808 -0.059463
v 0.023339 0.002298 -0.059463
v 0.023788 0.002343 -0.052140
v 0.022874 0.006938 -0.052140
v 0.018128 0.014878 -0.059463
v 0.020683 0.011055 -0.059463
v 0.021080 0.011267 -0.052140
v 0.018477 0.015164 -0.052140
v 0.011055 0.020683 -0.059463
v 0.014878 0.018128 -0.059463
v 0.015164 0.018477 -0.052140
v 0.011267 0.021080 -0.052140
v 0.002298 0.023339 -0.059463
v 0.006808 0.022442 -0.059463
v 0.006938 0.022874 -0.052140
v 0.002343 0.023788 -0.052140
v -0.006911 0.022782 -0.034028
v -0.002333 0.023692 -0.034029
v -0.002326 0.023622 -0.009582
v -0.006892 0.022713 -0.009581
v -0.015104 0.018402 -0.034026
v -0.011223 0.020995 -0.034027
v -0.011193 0.020930 -0.009574
v -0.015068 0.018339 -0.009561
v -0.021000 0.011219 -0.034019
v -0.018406 0.015100 -0.034022
v -0.018367 0.015038 -0.009538
v -0.020964 0.011161 -0.009507
v -0.023698 0.002332 -0.034010
v -0.022788 0.006907 -0.034013
v -0.022756 0.006864 -0.009471
v -0.023671 0.002316 -0.009441
v -0.022788 -0.006907 -0.034013
v -0.023698 -0.002332 -0.034010
v -0.023671 -0.002316 -0.009441
v -0.022756 -0.006864 -0.009471
v -0.018406 -0.015100 -0.034022
v -0.021000 -0.011219 -0.034019
v -0.020964 -0.011161 -0.009507
v -0.018367 -0.015038 -0.009538
v -0.011223 -0.020995 -0.034027
v -0.015104 -0.018402 -0.034026
v -0.015068 -0.018339 -0.009561
v -0.011193 -0.020930 -0.009574
v -0.002333 -0.023692 -0.034029
v -0.006911 -0.022782 -0.034028
v -0.006892 -0.022713 -0.009581
v -0.002326 -0.023622 -0.009582
v 0.006911 -0.022782 -0.034029
v 0.002333 -0.023692 -0.034029
v 0.002326 -0.023622 -0.009583
v 0.006890 -0.022714 -0.009583
v 0.015103 -0.018403 -0.034029
v 0.011223 -0.020996 -0.034029
v 0.011189 -0.020933 -0.009583
v 0.015058 -0.018349 -0.009583
v 0.020996 -0.011223 -0.034029
v 0.018403 -0.015103 -0.034029
v 0.018349 -0.015058 -0.009583
v 0.020933 -0.011189 -0.009583
v 0.023692 -0.002333 -0.034029
v 0.022782 -0.006911 -0.034029
v 0.022714 -0.006890 -0.009583
v 0.023622 -0.002326 -0.009583
v 0.022782 0.006911 -0.034029
v 0.023692 0.002333 -0.034029
v 0.023622 0.002326 -0.009583
v 0.022714 0.006890 -0.009583
v 0.018403 0.015103 -0.034029
v 0.020996 0.011223 -0.034029
v 0.020933 0.011189 -0.009583
v 0.018349 0.015058 -0.009583
v 0.011223 0.020996 -0.034029
v 0.015103 0.018403 -0.034029
v 0.015058 0.018349 -0.009583
v 0.011189 0.020933 -0.009583
v 0.002333 0.023692 -0.034029
v 0.006911 0.022782 -0.034029
v 0.006890 0.022714 -0.009583
v 0.002326 0.023622 -0.009583
v 0.015051 0.018339 0.009001
v 0.015051 0.018339 0.017477
v 0.011184 0.020924 0.017477
v 0.011184 0.020924 0.009001
v -0.011199 0.020911 0.009032
v -0.011227 0.020890 0.017544
v -0.015216 0.018220 0.017644
v -0.015096 0.018301 0.009078
v 0.006887 0.022704 0.009001
v 0.006887 0.022703 0.017477
v 0.002325 0.023611 0.017477
v 0.002325 0.023611 0.009001
v -0.018443 0.014964 0.009154
v -0.018780 0.014752 0.017802
v -0.021717 0.010712 0.017987
v -0.021100 0.011053 0.009255
v -0.022938 0.006766 0.009368
v -0.023738 0.006442 0.018131
v -0.024721 0.002145 0.018202
v -0.023873 0.002276 0.009452
v -0.023873 -0.002276 0.009452
v -0.024721 -0.002145 0.018202
v -0.023738 -0.006442 0.018131
v -0.022938 -0.006766 0.009368
v -0.021100 -0.011053 0.009255
v -0.021717 -0.010712 0.017987
v -0.018780 -0.014752 0.017802
v -0.018443 -0.014964 0.009154
v -0.015096 -0.018301 0.009078
v -0.015216 -0.018220 0.017644
v -0.011227 -0.020890 0.017544
v -0.011199 -0.020911 0.009032
v -0.006891 -0.022700 0.009010
v -0.006896 -0.022696 0.017495
v -0.002326 -0.023610 0.017479
v -0.002326 -0.023611 0.009002
v 0.002325 -0.023611 0.009001
v 0.002325 -0.023611 0.017477
v 0.006887 -0.022703 0.017477
v 0.006887 -0.022704 0.009001
v 0.011184 -0.020924 0.009001
v 0.011184 -0.020924 0.017477
v 0.015051 -0.018339 0.017477
v 0.015051 -0.018339 0.009001
v 0.018339 -0.015051 0.009001
v 0.018339 -0.015051 0.017477
v 0.020924 -0.011184 0.017477
v 0.020924 -0.011184 0.009001
v 0.022704 -0.006887 0.009001
v 0.022703 -0.006887 0.017477
v 0.023611 -0.002325 0.017477
v 0.023611 -0.002325 0.009001
v 0.023611 0.002325 0.009001
v 0.023611 0.002325 0.017477
v 0.022703 0.006887 0.017477
v 0.022704 0.006887 0.009001
v 0.020924 0.011184 0.009001
v 0.020924 0.011184 0.017477
v 0.018339 0.015051 0.017477
v 0.018339 0.015051 0.009001
v -0.002326 0.023611 0.009002
v -0.002326 0.023610 0.017479
v -0.006896 0.022696 0.017495
v -0.006891 0.022700 0.009010
v 0.023656 0.002330 0.025417
v 0.023948 0.002358 0.026571
v 0.023028 0.006985 0.026571
v 0.022746 0.006900 0.025417
v 0.020963 0.011205 0.025417
v 0.021223 0.011344 0.026571
v 0.018602 0.015267 0.026571
v 0.018375 0.015080 0.025417
v -0.002333 0.023653 0.025422
v -0.002362 0.023945 0.026576
v -0.007019 0.023003 0.026604
v -0.006932 0.022722 0.025455
v 0.015080 0.018375 0.025417
v 0.015267 0.018602 0.026571
v 0.011344 0.021223 0.026571
v 0.011205 0.020963 0.025417
v -0.011427 0.020817 0.025559
v -0.011591 0.021062 0.026701
v -0.016584 0.017824 0.026919
v -0.016220 0.017693 0.025793
v 0.006900 0.022746 0.025417
v 0.006985 0.023028 0.026571
v 0.002358 0.023948 0.026571
v 0.002329 0.023656 0.025417
v -0.021816 0.013147 0.026131
v -0.022626 0.013028 0.027226
v -0.028711 0.007607 0.027155
v -0.027358 0.007993 0.026184
v -0.030937 0.003811 0.025439
v -0.032587 0.003384 0.026114
v -0.033833 0.000896 0.024783
v -0.032168 0.001076 0.024420
v -0.032168 -0.001076 0.024420
v -0.033833 -0.000896 0.024783
v -0.032587 -0.003384 0.026114
v -0.030937 -0.003811 0.025439
v -0.027358 -0.007993 0.026184
v -0.028711 -0.007607 0.027155
v -0.022626 -0.013028 0.027226
v -0.021816 -0.013147 0.026131
v -0.016220 -0.017693 0.025793
v -0.016584 -0.017824 0.026919
v -0.011591 -0.021062 0.026701
v -0.011427 -0.020817 0.025559
v -0.006932 -0.022722 0.025455
v -0.007019 -0.023002 0.026604
v -0.002362 -0.023945 0.026576
v -0.002333 -0.023653 0.025422
v 0.002329 -0.023656 0.025417
v 0.002358 -0.023948 0.026571
v 0.006985 -0.023028 0.026571
v 0.006900 -0.022746 0.025417
v 0.011205 -0.020963 0.025417
v 0.011344 -0.021223 0.026571
v 0.015267 -0.018602 0.026571
v 0.015080 -0.018375 0.025417
v 0.018375 -0.015080 0.025417
v 0.018602 -0.015267 0.026571
v 0.021223 -0.011344 0.026571
v 0.020963 -0.011205 0.025417
v 0.022746 -0.006900 0.025417
v 0.023028 -0.006985 0.026571
v 0.023948 -0.002358 0.026571
v 0.023656 -0.002330 0.025417
v 0.022703 -0.006887 0.021011
v 0.022705 -0.006888 0.023519
v 0.023612 -0.002325 0.023519
v 0.023611 -0.002325 0.021011
v 0.018339 -0.015051 0.021011
v 0.018341 -0.015052 0.023519
v 0.020924 -0.011184 0.023519
v 0.020924 -0.011184 0.021011
v 0.011184 -0.020924 0.021011
v 0.011184 -0.020924 0.023519
v 0.015052 -0.018341 0.023519
v 0.015051 -0.018339 0.021011
v 0.002325 -0.023611 0.021011
v 0.002325 -0.023612 0.023519
v 0.006888 -0.022705 0.023519
v 0.006887 -0.022703 0.021011
v -0.006903 -0.022690 0.021039
v -0.006913 -0.022685 0.023554
v -0.002328 -0.023610 0.023524
v -0.002327 -0.023609 0.021015
v -0.015487 -0.018058 0.021274
v -0.015865 -0.017845 0.023860
v -0.011348 -0.020814 0.023651
v -0.011280 -0.020855 0.021115
v -0.023244 -0.009949 0.021726
v -0.025415 -0.008898 0.024320
v -0.020762 -0.013667 0.024172
v -0.019600 -0.014294 0.021521
v -0.026772 -0.001848 0.021538
v -0.029648 -0.001435 0.023348
v -0.028479 -0.004692 0.023943
v -0.025702 -0.005708 0.021703
v -0.025702 0.005708 0.021703
v -0.028479 0.004692 0.023943
v -0.029648 0.001435 0.023348
v -0.026772 0.001848 0.021538
v -0.019600 0.014294 0.021521
v -0.020762 0.013667 0.024172
v -0.025415 0.008898 0.024320
v -0.023244 0.009949 0.021726
v 0.006887 0.022703 0.021011
v 0.006888 0.022705 0.023519
v 0.002325 0.023612 0.023519
v 0.002325 0.023611 0.021011
v -0.011280 0.020855 0.021115
v -0.011348 0.020814 0.023651
v -0.015865 0.017845 0.023860
v -0.015487 0.018058 0.021274
v 0.015051 0.018339 0.021011
v 0.015051 0.018341 0.023519
v 0.011184 0.020924 0.023519
v 0.011184 0.020924 0.021011
v -0.002327 0.023609 0.021015
v -0.002328 0.023610 0.023524
v -0.006913 0.022685 0.023554
v -0.006903 0.022690 0.021039
v 0.020924 0.011184 0.021011
v 0.020924 0.011184 0.023519
v 0.018341 0.015051 0.023519
v 0.018339 0.015051 0.021011
v 0.023611 0.002325 0.021011
v 0.023612 0.002325 0.023519
v 0.022705 0.006888 0.023519
v 0.022703 0.006887 0.021011
v -0.002547 0.025844 0.027098
v -0.007556 0.024841 0.027109
v -0.007246 0.023776 0.027121
v -0.002441 0.024745 0.027100
v -0.012436 0.022789 0.027144
v -0.017706 0.019389 0.027232
v -0.017109 0.018453 0.027353
v -0.011955 0.021784 0.027191
v -0.024025 0.014365 0.027308
v -0.030352 0.008638 0.026886
v -0.029708 0.007888 0.027317
v -0.023380 0.013501 0.027560
v -0.034348 0.004038 0.025402
v -0.035604 0.001120 0.023720
v -0.034957 0.000930 0.024465
v -0.033707 0.003512 0.026020
v -0.035604 -0.001120 0.023720
v -0.034348 -0.004038 0.025402
v -0.033707 -0.003512 0.026020
v -0.034957 -0.000930 0.024465
v -0.030352 -0.008638 0.026886
v -0.024025 -0.014365 0.027308
v -0.023380 -0.013501 0.027560
v -0.029708 -0.007888 0.027317
v -0.017706 -0.019389 0.027232
v -0.012436 -0.022789 0.027144
v -0.011955 -0.021784 0.027191
v -0.017109 -0.018453 0.027353
v -0.007556 -0.024841 0.027109
v -0.002547 -0.025844 0.027098
v -0.002441 -0.024745 0.027100
v -0.007246 -0.023776 0.027121
v 0.002545 -0.025845 0.027097
v 0.007539 -0.024852 0.027097
v 0.007219 -0.023797 0.027097
v 0.002438 -0.024748 0.027097
v 0.012242 -0.022905 0.027097
v 0.016476 -0.020076 0.027097
v 0.015776 -0.019223 0.027097
v 0.011723 -0.021931 0.027097
v 0.020076 -0.016476 0.027097
v 0.022905 -0.012242 0.027097
v 0.021931 -0.011723 0.027097
v 0.019223 -0.015776 0.027097
v 0.024852 -0.007539 0.027097
v 0.025846 -0.002545 0.027097
v 0.024748 -0.002438 0.027097
v 0.023797 -0.007219 0.027097
v 0.025846 0.002545 0.027097
v 0.024852 0.007539 0.027097
v 0.023797 0.007219 0.027097
v 0.024748 0.002438 0.027097
v 0.022905 0.012242 0.027097
v 0.020076 0.016476 0.027097
v 0.019223 0.015776 0.027097
v 0.021931 0.011723 0.027097
v 0.016476 0.020076 0.027097
v 0.012242 0.022905 0.027097
v 0.011723 0.021931 0.027097
v 0.015776 0.019223 0.027097
v 0.007539 0.024852 0.027097
v 0.002545 0.025845 0.027097
v 0.002438 0.024748 0.027097
v 0.007219 0.023797 0.027097
vn 0.4925 0.4023 -0.7717
vn 0.2105 0.2105 -0.9547
vn 0.4510 0.4510 -0.7702
vn 0.5271 0.3522 -0.7734
vn 0.2291 0.1843 -0.9558
vn 0.2415 0.1614 -0.9569
vn 0.0877 0.0664 -0.9939
vn 0.0806 0.0806 -0.9935
vn 0.2579 0.1412 -0.9558
vn 0.5600 0.3011 -0.7718
vn 0.2750 0.1139 -0.9547
vn 0.1053 0.0436 -0.9935
vn 0.0949 0.0556 -0.9939
vn 0.0882 0.0589 -0.9944
vn 0.0306 0.0224 -0.9993
vn 0.0284 0.0190 -0.9994
vn 0.0388 0.0161 -0.9991
vn 0.0134 0.0055 -0.9999
vn 0.0072 0.0072 -0.9999
vn 0.0070 0.0047 -1.0000
vn 0.0297 0.0297 -0.9991
vn 0.0324 0.0197 -0.9993
vn 0.0094 0.0039 -0.9999
vn 0.0103 0.0103 -0.9999
vn 0.1831 -0.6090 -0.7718
vn 0.1139 -0.2750 -0.9547
vn 0.2441 -0.5892 -0.7702
vn 0.1236 -0.6218 -0.7734
vn 0.0825 -0.2822 -0.9558
vn 0.0567 -0.2849 -0.9569
vn 0.0278 -0.1064 -0.9939
vn 0.0436 -0.1053 -0.9935
vn 0.0318 -0.2923 -0.9558
vn 0.0640 -0.6327 -0.7718
vn -0.0000 -0.2977 -0.9547
vn -0.0000 -0.1139 -0.9935
vn 0.0151 -0.1089 -0.9939
vn 0.0207 -0.1040 -0.9944
vn 0.0089 -0.0368 -0.9993
vn 0.0067 -0.0336 -0.9994
vn -0.0000 -0.0420 -0.9991
vn -0.0000 -0.0145 -0.9999
vn 0.0038 -0.0094 -0.9999
vn 0.0017 -0.0083 -1.0000
vn 0.0161 -0.0388 -0.9991
vn 0.0058 -0.0374 -0.9993
vn 0.0001 -0.0102 -0.9999
vn 0.0055 -0.0134 -0.9999
vn 0.0640 0.6327 -0.7718
vn -0.0000 0.2977 -0.9547
vn -0.0000 0.6378 -0.7702
vn 0.1236 0.6218 -0.7734
vn 0.0318 0.2923 -0.9558
vn 0.0567 0.2849 -0.9569
vn 0.0151 0.1089 -0.9939
vn -0.0000 0.1139 -0.9935
vn 0.0825 0.2822 -0.9558
vn 0.1831 0.6090 -0.7718
vn 0.1139 0.2750 -0.9547
vn 0.0436 0.1053 -0.9935
vn 0.0278 0.1064 -0.9939
vn 0.0207 0.1040 -0.9944
vn 0.0058 0.0374 -0.9993
vn 0.0067 0.0336 -0.9994
vn 0.0161 0.0388 -0.9991
vn 0.0055 0.0134 -0.9999
vn 0.0001 0.0102 -0.9999
vn 0.0017 0.0083 -1.0000
vn -0.0000 0.0420 -0.9991
vn 0.0089 0.0368 -0.9993
vn 0.0038 0.0094 -0.9999
vn -0.0000 0.0145 -0.9999
vn -0.6327 0.0640 -0.7718
vn -0.2977 -0.0000 -0.9547
vn -0.6378 -0.0000 -0.7702
vn -0.6218 0.1237 -0.7734
vn -0.2923 0.0318 -0.9558
vn -0.2849 0.0567 -0.9569
vn -0.1089 0.0151 -0.9939
vn -0.1139 -0.0000 -0.9935
vn -0.2825 0.0825 -0.9557
vn -0.6090 0.1830 -0.7718
vn -0.2750 0.1139 -0.9547
vn -0.1053 0.0436 -0.9935
vn -0.1064 0.0278 -0.9939
vn -0.1040 0.0207 -0.9944
vn -0.0374 0.0058 -0.9993
vn -0.0336 0.0067 -0.9994
vn -0.0388 0.0161 -0.9991
vn -0.0134 0.0055 -0.9999
vn -0.0102 0.0001 -0.9999
vn -0.0083 0.0017 -1.0000
vn -0.0420 -0.0000 -0.9991
vn -0.0368 0.0090 -0.9993
vn -0.0094 0.0038 -0.9999
vn -0.0145 -0.0000 -0.9999
vn 0.5600 -0.3011 -0.7718
vn 0.2750 -0.1139 -0.9547
vn 0.5892 -0.2441 -0.7702
vn 0.5271 -0.3522 -0.7734
vn 0.2579 -0.1412 -0.9558
vn 0.2415 -0.1614 -0.9569
vn 0.0949 -0.0556 -0.9939
vn 0.1053 -0.0436 -0.9935
vn 0.2291 -0.1843 -0.9558
vn 0.4925 -0.4023 -0.7717
vn 0.2105 -0.2105 -0.9547
vn 0.0806 -0.0806 -0.9935
vn 0.0877 -0.0664 -0.9939
vn 0.0882 -0.0589 -0.9944
vn 0.0324 -0.0197 -0.9993
vn 0.0284 -0.0190 -0.9994
vn 0.0297 -0.0297 -0.9991
vn 0.0103 -0.0103 -0.9999
vn 0.0094 -0.0039 -0.9999
vn 0.0070 -0.0047 -1.0000
vn 0.0388 -0.0161 -0.9991
vn 0.0306 -0.0224 -0.9993
vn 0.0072 -0.0072 -0.9999
vn 0.0134 -0.0055 -0.9999
vn -0.4925 -0.4023 -0.7717
vn -0.2105 -0.2105 -0.9547
vn -0.4510 -0.4510 -0.7702
vn -0.5271 -0.3522 -0.7734
vn -0.2291 -0.1843 -0.9558
vn -0.2415 -0.1614 -0.9569
vn -0.0877 -0.0664 -0.9939
vn -0.0806 -0.0806 -0.9935
vn -0.2579 -0.1412 -0.9558
vn -0.5600 -0.3011 -0.7718
vn -0.2750 -0.1139 -0.9547
vn -0.1053 -0.0436 -0.9935
vn -0.0949 -0.0556 -0.9939
vn -0.0882 -0.0589 -0.9944
vn -0.0306 -0.0224 -0.9993
vn -0.0284 -0.0190 -0.9994
vn -0.0388 -0.0161 -0.9991
vn -0.0134 -0.0055 -0.9999
vn -0.0072 -0.0072 -0.9999
vn -0.0070 -0.0047 -1.0000
vn -0.0297 -0.0297 -0.9991
vn -0.0324 -0.0197 -0.9993
vn -0.0094 -0.0039 -0.9999
vn -0.0103 -0.0103 -0.9999
vn -0.1831 0.6090 -0.7718
vn -0.1139 0.2750 -0.9547
vn -0.2441 0.5892 -0.7702
vn -0.1236 0.6218 -0.7734
vn -0.0825 0.2822 -0.9558
vn -0.0567 0.2849 -0.9569
vn -0.0278 0.1064 -0.9939
vn -0.0436 0.1053 -0.9935
vn -0.0318 0.2923 -0.9558
vn -0.0640 0.6327 -0.7718
vn -0.0151 0.1089 -0.9939
vn -0.0207 0.1040 -0.9944
vn -0.0089 0.0368 -0.9993
vn -0.0067 0.0336 -0.9994
vn -0.0038 0.0094 -0.9999
vn -0.0017 0.0083 -1.0000
vn -0.0161 0.0388 -0.9991
vn -0.0058 0.0374 -0.9993
vn -0.0001 0.0102 -0.9999
vn -0.0055 0.0134 -0.9999
vn 0.6090 0.1831 -0.7718
vn 0.5892 0.2441 -0.7702
vn 0.6218 0.1236 -0.7734
vn 0.2822 0.0825 -0.9558
vn 0.2849 0.0567 -0.9569
vn 0.1064 0.0278 -0.9939
vn 0.2923 0.0318 -0.9558
vn 0.6327 0.0640 -0.7718
vn 0.2977 -0.0000 -0.9547
vn 0.1139 -0.0000 -0.9935
vn 0.1089 0.0151 -0.9939
vn 0.1040 0.0207 -0.9944
vn 0.0368 0.0090 -0.9993
vn 0.0336 0.0067 -0.9994
vn 0.0420 -0.0000 -0.9991
vn 0.0145 -0.0000 -0.9999
vn 0.0094 0.0038 -0.9999
vn 0.0083 0.0017 -1.0000
vn 0.0374 0.0058 -0.9993
vn 0.0102 0.0001 -0.9999
vn -0.0640 -0.6327 -0.7718
vn -0.0000 -0.6378 -0.7702
vn -0.1236 -0.6218 -0.7734
vn -0.0318 -0.2923 -0.9558
vn -0.0567 -0.2849 -0.9569
vn -0.0151 -0.1089 -0.9939
vn -0.0825 -0.2822 -0.9558
vn -0.1831 -0.6090 -0.7718
vn -0.1139 -0.2750 -0.9547
vn -0.0436 -0.1053 -0.9935
vn -0.0278 -0.1064 -0.9939
vn -0.0207 -0.1040 -0.9944
vn -0.0058 -0.0374 -0.9993
vn -0.0067 -0.0336 -0.9994
vn -0.0161 -0.0388 -0.9991
vn -0.0055 -0.0134 -0.9999
vn -0.0001 -0.0102 -0.9999
vn -0.0017 -0.0083 -1.0000
vn -0.0089 -0.0368 -0.9993
vn -0.0038 -0.0094 -0.9999
vn -0.5601 0.3011 -0.7718
vn -0.5892 0.2441 -0.7702
vn -0.5271 0.3522 -0.7734
vn -0.2584 0.1413 -0.9557
vn -0.2415 0.1614 -0.9569
vn -0.0949 0.0556 -0.9939
vn -0.2291 0.1843 -0.9558
vn -0.4925 0.4023 -0.7717
vn -0.2105 0.2105 -0.9547
vn -0.0806 0.0806 -0.9935
vn -0.0877 0.0664 -0.9939
vn -0.0882 0.0589 -0.9944
vn -0.0324 0.0197 -0.9993
vn -0.0284 0.0190 -0.9994
vn -0.0297 0.0297 -0.9991
vn -0.0103 0.0103 -0.9999
vn -0.0094 0.0039 -0.9999
vn -0.0070 0.0047 -1.0000
vn -0.0306 0.0224 -0.9993
vn -0.0072 0.0072 -0.9999
vn 0.3011 0.5600 -0.7718
vn 0.2441 0.5892 -0.7702
vn 0.3522 0.5271 -0.7734
vn 0.1412 0.2579 -0.9558
vn 0.1614 0.2415 -0.9569
vn 0.0556 0.0949 -0.9939
vn 0.1843 0.2291 -0.9558
vn 0.4023 0.4925 -0.7717
vn 0.0664 0.0877 -0.9939
vn 0.0589 0.0882 -0.9944
vn 0.0197 0.0324 -0.9993
vn 0.0190 0.0284 -0.9994
vn 0.0039 0.0094 -0.9999
vn 0.0047 0.0070 -1.0000
vn 0.0224 0.0306 -0.9993
vn 0.4023 -0.4925 -0.7717
vn 0.4510 -0.4510 -0.7702
vn 0.3522 -0.5271 -0.7734
vn 0.1843 -0.2291 -0.9558
vn 0.1614 -0.2415 -0.9569
vn 0.0664 -0.0877 -0.9939
vn 0.1412 -0.2579 -0.9558
vn 0.3011 -0.5600 -0.7718
vn 0.0556 -0.0949 -0.9939
vn 0.0589 -0.0882 -0.9944
vn 0.0224 -0.0306 -0.9993
vn 0.0190 -0.0284 -0.9994
vn 0.0047 -0.0070 -1.0000
vn 0.0197 -0.0324 -0.9993
vn 0.0039 -0.0094 -0.9999
vn -0.6090 -0.1830 -0.7718
vn -0.5892 -0.2441 -0.7702
vn -0.6218 -0.1237 -0.7734
vn -0.2825 -0.0825 -0.9557
vn -0.2849 -0.0567 -0.9569
vn -0.1064 -0.0278 -0.9939
vn -0.2923 -0.0318 -0.9558
vn -0.6327 -0.0640 -0.7718
vn -0.1089 -0.0151 -0.9939
vn -0.1040 -0.0207 -0.9944
vn -0.0368 -0.0090 -0.9993
vn -0.0336 -0.0067 -0.9994
vn -0.0094 -0.0038 -0.9999
vn -0.0083 -0.0017 -1.0000
vn -0.0374 -0.0058 -0.9993
vn -0.0102 -0.0001 -0.9999
vn 0.6327 -0.0640 -0.7718
vn 0.6378 -0.0000 -0.7702
vn 0.6218 -0.1236 -0.7734
vn 0.2923 -0.0318 -0.9558
vn 0.2849 -0.0567 -0.9569
vn 0.1089 -0.0151 -0.9939
vn 0.2822 -0.0825 -0.9558
vn 0.6090 -0.1831 -0.7718
vn 0.1064 -0.0278 -0.9939
vn 0.1040 -0.0207 -0.9944
vn 0.0374 -0.0058 -0.9993
vn 0.0336 -0.0067 -0.9994
vn 0.0102 -0.0001 -0.9999
vn 0.0083 -0.0017 -1.0000
vn 0.0368 -0.0090 -0.9993
vn 0.0094 -0.0038 -0.9999
vn -0.3011 -0.5600 -0.7718
vn -0.2441 -0.5892 -0.7702
vn -0.3522 -0.5272 -0.7733
vn -0.1413 -0.2584 -0.9557
vn -0.1614 -0.2415 -0.9569
vn -0.0556 -0.0949 -0.9939
vn -0.1843 -0.2291 -0.9558
vn -0.4023 -0.4926 -0.7717
vn -0.0664 -0.0877 -0.9939
vn -0.0589 -0.0882 -0.9944
vn -0.0197 -0.0324 -0.9993
vn -0.0190 -0.0284 -0.9994
vn -0.0039 -0.0094 -0.9999
vn -0.0047 -0.0070 -1.0000
vn -0.0224 -0.0306 -0.9993
vn -0.4022 0.4926 -0.7717
vn -0.4510 0.4510 -0.7702
vn -0.3522 0.5272 -0.7733
vn -0.1843 0.2291 -0.9558
vn -0.1614 0.2415 -0.9569
vn -0.0664 0.0877 -0.9939
vn -0.1412 0.2579 -0.9558
vn -0.3011 0.5600 -0.7718
vn -0.0556 0.0949 -0.9939
vn -0.0589 0.0882 -0.9944
vn -0.0224 0.0306 -0.9993
vn -0.0190 0.0284 -0.9994
vn -0.0047 0.0070 -1.0000
vn -0.0197 0.0324 -0.9993
vn -0.0039 0.0094 -0.9999
vn -0.0000 0.0030 -1.0000
vn 0.0003 0.0014 -1.0000
vn -0.0003 0.0014 -1.0000
vn 0.0012 0.0028 -1.0000
vn 0.0008 0.0012 -1.0000
vn 0.0021 0.0022 -1.0000
vn 0.0012 0.0008 -1.0000
vn 0.0028 0.0012 -1.0000
vn 0.0014 0.0003 -1.0000
vn 0.0030 -0.0000 -1.0000
vn 0.0014 -0.0003 -1.0000
vn 0.0028 -0.0012 -1.0000
vn 0.0012 -0.0008 -1.0000
vn 0.0021 -0.0022 -1.0000
vn 0.0008 -0.0012 -1.0000
vn 0.0012 -0.0028 -1.0000
vn 0.0003 -0.0014 -1.0000
vn -0.0000 -0.0030 -1.0000
vn -0.0003 -0.0014 -1.0000
vn -0.0012 -0.0028 -1.0000
vn -0.0008 -0.0012 -1.0000
vn -0.0021 -0.0022 -1.0000
vn -0.0012 -0.0008 -1.0000
vn -0.0028 -0.0012 -1.0000
vn -0.0014 -0.0003 -1.0000
vn -0.0030 -0.0000 -1.0000
vn -0.0014 0.0003 -1.0000
vn -0.0028 0.0012 -1.0000
vn -0.0012 0.0008 -1.0000
vn -0.0021 0.0022 -1.0000
vn -0.0008 0.0012 -1.0000
vn -0.0012 0.0028 -1.0000
vn -0.2645 0.8737 -0.4082
vn -0.3495 0.8437 -0.4074
vn -0.2876 0.9482 -0.1349
vn -0.1933 0.9718 -0.1350
vn -0.1780 0.8950 -0.4090
vn -0.3792 0.9154 -0.1348
vn -0.2900 0.9563 -0.0362
vn -0.3827 0.9239 -0.0084
vn -0.3824 0.9233 -0.0362
vn -0.1952 0.9807 -0.0084
vn -0.1950 0.9801 -0.0362
vn -0.0973 0.9861 -0.1349
vn -0.0981 0.9945 -0.0362
vn -0.0000 1.0000 -0.0084
vn -0.0000 0.9993 -0.0362
vn -0.0000 0.9909 -0.1349
vn -0.0900 0.9084 -0.4082
vn -0.0000 0.9132 -0.4074
vn -0.5788 0.7060 -0.4082
vn -0.6457 0.6457 -0.4075
vn -0.6285 0.7660 -0.1350
vn -0.5505 0.8239 -0.1350
vn -0.5070 0.7588 -0.4090
vn -0.7006 0.7006 -0.1349
vn -0.6339 0.7726 -0.0362
vn -0.7071 0.7071 -0.0084
vn -0.7066 0.7066 -0.0362
vn -0.5555 0.8314 -0.0083
vn -0.5552 0.8310 -0.0362
vn -0.4672 0.8738 -0.1349
vn -0.4712 0.8813 -0.0362
vn -0.4308 0.8048 -0.4082
vn -0.8049 0.4308 -0.4082
vn -0.8437 0.3495 -0.4075
vn -0.8738 0.4672 -0.1349
vn -0.8239 0.5505 -0.1350
vn -0.7588 0.5070 -0.4089
vn -0.9154 0.3792 -0.1348
vn -0.8813 0.4712 -0.0362
vn -0.9239 0.3827 -0.0084
vn -0.9233 0.3824 -0.0362
vn -0.8314 0.5555 -0.0083
vn -0.8310 0.5552 -0.0362
vn -0.7660 0.6285 -0.1350
vn -0.7726 0.6339 -0.0362
vn -0.7060 0.5788 -0.4082
vn -0.9084 0.0900 -0.4082
vn -0.9132 -0.0000 -0.4074
vn -0.9861 0.0973 -0.1349
vn -0.9718 0.1933 -0.1350
vn -0.8950 0.1780 -0.4090
vn -0.9909 -0.0000 -0.1349
vn -0.9945 0.0981 -0.0362
vn -1.0000 0.0001 -0.0084
vn -0.9993 -0.0000 -0.0362
vn -0.9808 0.1951 -0.0084
vn -0.9801 0.1950 -0.0362
vn -0.9482 0.2876 -0.1349
vn -0.9563 0.2900 -0.0362
vn -0.8737 0.2645 -0.4082
vn -0.8737 -0.2645 -0.4082
vn -0.8437 -0.3495 -0.4074
vn -0.9482 -0.2876 -0.1349
vn -0.9718 -0.1933 -0.1350
vn -0.8950 -0.1780 -0.4090
vn -0.9154 -0.3792 -0.1348
vn -0.9563 -0.2900 -0.0362
vn -0.9239 -0.3827 -0.0084
vn -0.9233 -0.3824 -0.0362
vn -0.9807 -0.1952 -0.0084
vn -0.9801 -0.1950 -0.0362
vn -0.9861 -0.0973 -0.1349
vn -0.9945 -0.0981 -0.0362
vn -0.9084 -0.0900 -0.4082
vn -0.7060 -0.5788 -0.4082
vn -0.6457 -0.6457 -0.4075
vn -0.7660 -0.6285 -0.1350
vn -0.8239 -0.5505 -0.1350
vn -0.7588 -0.5070 -0.4089
vn -0.7006 -0.7006 -0.1349
vn -0.7726 -0.6339 -0.0362
vn -0.7071 -0.7071 -0.0084
vn -0.7066 -0.7066 -0.0362
vn -0.8314 -0.5555 -0.0083
vn -0.8310 -0.5552 -0.0362
vn -0.8738 -0.4672 -0.1349
vn -0.8813 -0.4712 -0.0362
vn -0.8049 -0.4308 -0.4082
vn -0.4308 -0.8048 -0.4082
vn -0.3495 -0.8437 -0.4074
vn -0.4672 -0.8738 -0.1349
vn -0.5505 -0.8239 -0.1350
vn -0.5070 -0.7588 -0.4090
vn -0.3792 -0.9154 -0.1348
vn -0.4712 -0.8813 -0.0362
vn -0.3827 -0.9239 -0.0084
vn -0.3824 -0.9233 -0.0362
vn -0.5555 -0.8314 -0.0083
vn -0.5552 -0.8310 -0.0362
vn -0.6285 -0.7660 -0.1350
vn -0.6339 -0.7726 -0.0362
vn -0.5788 -0.7060 -0.4082
vn -0.0900 -0.9084 -0.4082
vn -0.0000 -0.9132 -0.4074
vn -0.0973 -0.9861 -0.1349
vn -0.1933 -0.9718 -0.1350
vn -0.1780 -0.8950 -0.4090
vn -0.0000 -0.9909 -0.1349
vn -0.0981 -0.9945 -0.0362
vn -0.0000 -1.0000 -0.0084
vn -0.0000 -0.9993 -0.0362
vn -0.1951 -0.9807 -0.0084
vn -0.1950 -0.9801 -0.0362
vn -0.2876 -0.9482 -0.1349
vn -0.2900 -0.9563 -0.0362
vn -0.2645 -0.8737 -0.4082
vn 0.2645 -0.8737 -0.4082
vn 0.3495 -0.8437 -0.4074
vn 0.2876 -0.9482 -0.1349
vn 0.1933 -0.9718 -0.1350
vn 0.1780 -0.8950 -0.4090
vn 0.3792 -0.9154 -0.1348
vn 0.2900 -0.9563 -0.0362
vn 0.3827 -0.9239 -0.0084
vn 0.3824 -0.9233 -0.0362
vn 0.1952 -0.9807 -0.0084
vn 0.1950 -0.9801 -0.0362
vn 0.0973 -0.9861 -0.1349
vn 0.0981 -0.9945 -0.0362
vn 0.0900 -0.9084 -0.4082
vn 0.5788 -0.7060 -0.4082
vn 0.6457 -0.6457 -0.4075
vn 0.6285 -0.7660 -0.1350
vn 0.5505 -0.8239 -0.1350
vn 0.5070 -0.7588 -0.4089
vn 0.7006 -0.7006 -0.1349
vn 0.6339 -0.7726 -0.0362
vn 0.7071 -0.7071 -0.0084
vn 0.7066 -0.7066 -0.0362
vn 0.5555 -0.8314 -0.0084
vn 0.5552 -0.8310 -0.0362
vn 0.4672 -0.8738 -0.1349
vn 0.4712 -0.8813 -0.0362
vn 0.4308 -0.8049 -0.4082
vn 0.8049 -0.4308 -0.4082
vn 0.8437 -0.3495 -0.4074
vn 0.8738 -0.4672 -0.1349
vn 0.8239 -0.5505 -0.1350
vn 0.7588 -0.5070 -0.4089
vn 0.9154 -0.3792 -0.1348
vn 0.8813 -0.4712 -0.0362
vn 0.9239 -0.3827 -0.0084
vn 0.9233 -0.3824 -0.0362
vn 0.8314 -0.5555 -0.0083
vn 0.8310 -0.5552 -0.0362
vn 0.7660 -0.6285 -0.1350
vn 0.7726 -0.6339 -0.0362
vn 0.7060 -0.5788 -0.4082
vn 0.9084 -0.0900 -0.4082
vn 0.9132 -0.0000 -0.4074
vn 0.9861 -0.0973 -0.1349
vn 0.9718 -0.1933 -0.1350
vn 0.8950 -0.1780 -0.4090
vn 0.9909 -0.0000 -0.1349
vn 0.9945 -0.0981 -0.0362
vn 1.0000 -0.0001 -0.0084
vn 0.9993 -0.0000 -0.0362
vn 0.9808 -0.1951 -0.0084
vn 0.9801 -0.1950 -0.0362
vn 0.9482 -0.2876 -0.1349
vn 0.9563 -0.2900 -0.0362
vn 0.8737 -0.2645 -0.4082
vn 0.8737 0.2645 -0.4082
vn 0.8437 0.3495 -0.4074
vn 0.9482 0.2876 -0.1349
vn 0.9718 0.1933 -0.1350
vn 0.8950 0.1780 -0.4090
vn 0.9154 0.3792 -0.1348
vn 0.9563 0.2900 -0.0362
vn 0.9239 0.3827 -0.0084
vn 0.9233 0.3824 -0.0362
vn 0.9807 0.1952 -0.0084
vn 0.9801 0.1950 -0.0362
vn 0.9861 0.0973 -0.1349
vn 0.9945 0.0981 -0.0362
vn 0.9084 0.0900 -0.4082
vn 0.7060 0.5788 -0.4082
vn 0.6457 0.6457 -0.4075
vn 0.7660 0.6285 -0.1350
vn 0.8239 0.5505 -0.1350
vn 0.7588 0.5070 -0.4089
vn 0.7006 0.7006 -0.1349
vn 0.7726 0.6339 -0.0362
vn 0.7071 0.7071 -0.0084
vn 0.7066 0.7066 -0.0362
vn 0.8314 0.5555 -0.0083
vn 0.8310 0.5552 -0.0362
vn 0.8738 0.4672 -0.1349
vn 0.8813 0.4712 -0.0362
vn 0.8049 0.4308 -0.4082
vn 0.4308 0.8049 -0.4082
vn 0.3495 0.8437 -0.4074
vn 0.4672 0.8738 -0.1349
vn 0.5505 0.8239 -0.1350
vn 0.5070 0.7588 -0.4089
vn 0.3792 0.9154 -0.1348
vn 0.4712 0.8813 -0.0362
vn 0.3827 0.9239 -0.0084
vn 0.3824 0.9233 -0.0362
vn 0.5555 0.8314 -0.0083
vn 0.5552 0.8310 -0.0362
vn 0.6285 0.7660 -0.1350
vn 0.6339 0.7726 -0.0362
vn 0.5788 0.7060 -0.4082
vn 0.0900 0.9084 -0.4082
vn 0.0973 0.9861 -0.1349
vn 0.1933 0.9718 -0.1350
vn 0.1780 0.8950 -0.4090
vn 0.0981 0.9945 -0.0362
vn 0.1952 0.9807 -0.0084
vn 0.1950 0.9801 -0.0362
vn 0.2876 0.9482 -0.1349
vn 0.2900 0.9563 -0.0362
vn 0.2645 0.8737 -0.4082
vn -0.2901 0.9570 -0.0017
vn -0.2901 0.9569 -0.0084
vn -0.3827 0.9239 -0.0017
vn -0.2902 0.9570 -0.0002
vn -0.1950 0.9808 -0.0017
vn -0.3827 0.9239 -0.0000
vn -0.3827 0.9239 -0.0002
vn -0.2902 0.9570 -0.0000
vn -0.1951 0.9808 -0.0000
vn -0.1950 0.9808 -0.0000
vn -0.1950 0.9808 -0.0002
vn -0.0981 0.9952 -0.0002
vn -0.0981 0.9952 -0.0000
vn -0.0000 1.0000 -0.0000
vn -0.0000 1.0000 -0.0002
vn -0.0982 0.9951 -0.0084
vn -0.0981 0.9952 -0.0017
vn -0.0000 1.0000 -0.0017
vn -0.6343 0.7731 -0.0017
vn -0.6343 0.7730 -0.0083
vn -0.7071 0.7071 -0.0002
vn -0.7071 0.7071 -0.0017
vn -0.6343 0.7731 -0.0002
vn -0.5555 0.8315 -0.0017
vn -0.6343 0.7731 -0.0000
vn -0.7071 0.7072 -0.0001
vn -0.6341 0.7732 -0.0002
vn -0.5555 0.8315 -0.0000
vn -0.5556 0.8315 -0.0000
vn -0.5556 0.8314 -0.0002
vn -0.4715 0.8819 -0.0000
vn -0.4715 0.8819 -0.0002
vn -0.4715 0.8819 -0.0084
vn -0.4715 0.8818 -0.0017
vn -0.8818 0.4715 -0.0017
vn -0.8819 0.4714 -0.0084
vn -0.9239 0.3827 -0.0017
vn -0.8819 0.4715 -0.0002
vn -0.8315 0.5556 -0.0017
vn -0.9239 0.3827 -0.0003
vn -0.8818 0.4717 -0.0005
vn -0.9238 0.3828 -0.0007
vn -0.8813 0.4726 -0.0026
vn -0.8308 0.5565 -0.0017
vn -0.8314 0.5557 -0.0003
vn -0.8315 0.5556 -0.0002
vn -0.7730 0.6344 -0.0002
vn -0.7731 0.6343 -0.0002
vn -0.7725 0.6350 -0.0009
vn -0.7067 0.7075 -0.0004
vn -0.7730 0.6343 -0.0083
vn -0.7731 0.6343 -0.0017
vn -0.9952 0.0981 -0.0017
vn -0.9951 0.0981 -0.0084
vn -1.0000 -0.0000 -0.0017
vn -0.9952 0.0981 -0.0003
vn -0.9808 0.1951 -0.0017
vn -1.0000 -0.0000 -0.0003
vn -0.9952 0.0981 -0.0011
vn -1.0000 -0.0000 -0.0011
vn -0.9951 0.0983 -0.0054
vn -0.9807 0.1956 -0.0050
vn -0.9808 0.1952 -0.0010
vn -0.9808 0.1951 -0.0003
vn -0.9569 0.2903 -0.0009
vn -0.9570 0.2902 -0.0003
vn -0.9568 0.2909 -0.0044
vn -0.9235 0.3837 -0.0036
vn -0.9569 0.2902 -0.0084
vn -0.9570 0.2901 -0.0017
vn -0.9570 -0.2901 -0.0017
vn -0.9569 -0.2902 -0.0084
vn -0.9239 -0.3827 -0.0017
vn -0.9570 -0.2902 -0.0003
vn -0.9808 -0.1951 -0.0017
vn -0.9238 -0.3828 -0.0007
vn -0.9239 -0.3827 -0.0003
vn -0.9235 -0.3837 -0.0036
vn -0.9569 -0.2903 -0.0009
vn -0.9568 -0.2909 -0.0044
vn -0.9808 -0.1952 -0.0010
vn -0.9808 -0.1950 -0.0003
vn -0.9952 -0.0981 -0.0003
vn -0.9807 -0.1956 -0.0050
vn -0.9952 -0.0981 -0.0011
vn -0.9951 -0.0983 -0.0054
vn -0.9951 -0.0981 -0.0084
vn -0.9952 -0.0981 -0.0017
vn -0.7731 -0.6343 -0.0017
vn -0.7730 -0.6343 -0.0083
vn -0.7071 -0.7071 -0.0017
vn -0.7731 -0.6343 -0.0002
vn -0.8315 -0.5555 -0.0017
vn -0.7071 -0.7072 -0.0001
vn -0.7071 -0.7071 -0.0002
vn -0.7068 -0.7074 -0.0004
vn -0.7730 -0.6344 -0.0002
vn -0.7725 -0.6350 -0.0009
vn -0.8314 -0.5557 -0.0003
vn -0.8314 -0.5556 -0.0002
vn -0.8819 -0.4715 -0.0002
vn -0.8308 -0.5566 -0.0017
vn -0.8818 -0.4716 -0.0005
vn -0.8813 -0.4726 -0.0026
vn -0.8819 -0.4715 -0.0084
vn -0.8818 -0.4715 -0.0017
vn -0.4715 -0.8818 -0.0017
vn -0.4714 -0.8819 -0.0084
vn -0.3827 -0.9239 -0.0017
vn -0.4715 -0.8819 -0.0002
vn -0.5556 -0.8315 -0.0017
vn -0.3827 -0.9239 -0.0000
vn -0.3827 -0.9239 -0.0002
vn -0.4715 -0.8819 -0.0000
vn -0.5556 -0.8315 -0.0000
vn -0.5556 -0.8314 -0.0002
vn -0.6343 -0.7731 -0.0002
vn -0.5555 -0.8315 -0.0000
vn -0.6343 -0.7731 -0.0000
vn -0.6341 -0.7732 -0.0002
vn -0.6343 -0.7730 -0.0083
vn -0.6343 -0.7731 -0.0017
vn -0.0981 -0.9952 -0.0017
vn -0.0982 -0.9951 -0.0084
vn -0.0000 -1.0000 -0.0017
vn -0.0981 -0.9952 -0.0002
vn -0.1951 -0.9808 -0.0017
vn -0.0000 -1.0000 -0.0000
vn -0.0000 -1.0000 -0.0002
vn -0.0981 -0.9952 -0.0000
vn -0.1951 -0.9808 -0.0000
vn -0.1950 -0.9808 -0.0002
vn -0.2902 -0.9570 -0.0002
vn -0.2902 -0.9570 -0.0000
vn -0.2901 -0.9569 -0.0084
vn -0.2901 -0.9570 -0.0017
vn 0.2901 -0.9570 -0.0017
vn 0.2902 -0.9569 -0.0084
vn 0.3827 -0.9239 -0.0017
vn 0.2902 -0.9570 -0.0002
vn 0.1951 -0.9808 -0.0017
vn 0.3827 -0.9239 -0.0002
vn 0.2902 -0.9570 -0.0000
vn 0.3827 -0.9239 -0.0000
vn 0.1950 -0.9808 -0.0000
vn 0.1950 -0.9808 -0.0002
vn 0.0981 -0.9952 -0.0002
vn 0.0981 -0.9952 -0.0000
vn 0.0981 -0.9951 -0.0084
vn 0.0981 -0.9952 -0.0017
vn 0.6343 -0.7731 -0.0017
vn 0.6343 -0.7730 -0.0083
vn 0.7071 -0.7071 -0.0017
vn 0.6343 -0.7731 -0.0002
vn 0.5556 -0.8314 -0.0002
vn 0.5556 -0.8315 -0.0017
vn 0.7071 -0.7071 -0.0000
vn 0.7071 -0.7071 -0.0002
vn 0.6343 -0.7731 -0.0000
vn 0.5556 -0.8314 -0.0000
vn 0.4715 -0.8819 -0.0002
vn 0.4715 -0.8819 -0.0000
vn 0.4715 -0.8818 -0.0017
vn 0.4714 -0.8819 -0.0084
vn 0.8818 -0.4715 -0.0017
vn 0.8819 -0.4714 -0.0084
vn 0.9239 -0.3827 -0.0017
vn 0.8819 -0.4715 -0.0002
vn 0.8315 -0.5556 -0.0017
vn 0.9239 -0.3826 -0.0000
vn 0.9239 -0.3827 -0.0002
vn 0.9239 -0.3827 -0.0000
vn 0.8819 -0.4715 -0.0000
vn 0.8314 -0.5556 -0.0000
vn 0.8314 -0.5556 -0.0002
vn 0.7731 -0.6343 -0.0002
vn 0.7731 -0.6343 -0.0000
vn 0.7730 -0.6343 -0.0083
vn 0.7731 -0.6343 -0.0017
vn 0.9952 -0.0981 -0.0017
vn 0.9951 -0.0981 -0.0084
vn 1.0000 -0.0000 -0.0017
vn 0.9952 -0.0981 -0.0002
vn 0.9808 -0.1951 -0.0017
vn 1.0000 -0.0000 -0.0000
vn 1.0000 -0.0000 -0.0002
vn 0.9952 -0.0981 -0.0000
vn 0.9808 -0.1951 -0.0000
vn 0.9808 -0.1950 -0.0002
vn 0.9570 -0.2902 -0.0002
vn 0.9570 -0.2902 -0.0000
vn 0.9569 -0.2902 -0.0084
vn 0.9570 -0.2901 -0.0017
vn 0.9570 0.2902 -0.0017
vn 0.9569 0.2902 -0.0084
vn 0.9239 0.3827 -0.0002
vn 0.9239 0.3827 -0.0017
vn 0.9570 0.2902 -0.0002
vn 0.9808 0.1951 -0.0017
vn 0.9239 0.3827 -0.0000
vn 0.9570 0.2902 -0.0000
vn 0.9808 0.1950 -0.0000
vn 0.9808 0.1950 -0.0002
vn 0.9952 0.0981 -0.0002
vn 0.9952 0.0981 -0.0000
vn 0.9951 0.0981 -0.0084
vn 0.9952 0.0981 -0.0017
vn 0.7731 0.6343 -0.0017
vn 0.7730 0.6343 -0.0083
vn 0.7071 0.7071 -0.0017
vn 0.7731 0.6343 -0.0002
vn 0.8315 0.5556 -0.0017
vn 0.7071 0.7071 -0.0000
vn 0.7071 0.7071 -0.0002
vn 0.7731 0.6343 -0.0000
vn 0.8314 0.5556 -0.0000
vn 0.8314 0.5556 -0.0002
vn 0.8819 0.4715 -0.0002
vn 0.8819 0.4715 -0.0000
vn 0.8819 0.4715 -0.0084
vn 0.8818 0.4715 -0.0017
vn 0.4715 0.8818 -0.0017
vn 0.4714 0.8819 -0.0084
vn 0.3827 0.9239 -0.0017
vn 0.4715 0.8819 -0.0002
vn 0.5556 0.8315 -0.0017
vn 0.3826 0.9239 -0.0000
vn 0.3827 0.9239 -0.0002
vn 0.3827 0.9239 -0.0000
vn 0.4715 0.8819 -0.0000
vn 0.5556 0.8314 -0.0000
vn 0.5556 0.8314 -0.0002
vn 0.6343 0.7731 -0.0002
vn 0.6343 0.7731 -0.0000
vn 0.6343 0.7730 -0.0083
vn 0.6343 0.7731 -0.0017
vn 0.0981 0.9952 -0.0017
vn 0.0981 0.9951 -0.0084
vn 0.0981 0.9952 -0.0002
vn 0.1951 0.9808 -0.0017
vn 0.0981 0.9952 -0.0000
vn 0.1951 0.9808 -0.0000
vn 0.1950 0.9808 -0.0002
vn 0.2902 0.9570 -0.0002
vn 0.1950 0.9808 -0.0000
vn 0.2902 0.9570 -0.0000
vn 0.2902 0.9569 -0.0084
vn 0.2901 0.9570 -0.0017
vn -0.5554 0.8316 -0.0001
vn -0.4714 0.8819 -0.0000
vn -0.3828 0.9238 0.0001
vn -0.6337 0.7736 -0.0006
vn -0.7057 0.7085 -0.0018
vn -0.6322 0.7748 -0.0022
vn -0.5549 0.8319 -0.0005
vn -0.5540 0.8325 -0.0015
vn -0.7029 0.7113 -0.0063
vn -0.6295 0.7770 -0.0064
vn -0.6972 0.7166 -0.0180
vn -0.6254 0.7802 -0.0132
vn -0.5527 0.8334 -0.0031
vn -0.4713 0.8819 -0.0001
vn -0.4712 0.8820 -0.0002
vn -0.3830 0.9238 0.0001
vn 0.2902 0.9570 0.0001
vn -0.7709 0.6369 -0.0039
vn -0.8289 0.5593 -0.0071
vn -0.7666 0.6420 -0.0140
vn -0.8795 0.4758 -0.0112
vn -0.9221 0.3867 -0.0154
vn -0.8738 0.4846 -0.0400
vn -0.8235 0.5667 -0.0255
vn -0.8112 0.5804 -0.0717
vn -0.9170 0.3950 -0.0554
vn -0.8583 0.5006 -0.1127
vn -0.8981 0.4105 -0.1577
vn -0.8241 0.5191 -0.2266
vn -0.7888 0.5974 -0.1444
vn -0.7575 0.6516 -0.0394
vn -0.7431 0.6644 -0.0801
vn -0.6888 0.7240 -0.0368
vn -0.9559 0.2930 -0.0191
vn -0.9802 0.1967 -0.0218
vn -0.9517 0.2993 -0.0691
vn -1.0000 -0.0000 -0.0055
vn -0.9948 0.0987 -0.0232
vn -0.9997 -0.0000 -0.0237
vn -0.9913 0.1002 -0.0852
vn -0.9765 0.2005 -0.0793
vn -0.9496 0.2090 -0.2335
vn -0.9962 -0.0000 -0.0870
vn -0.9613 0.1046 -0.2548
vn -0.9651 -0.0000 -0.2620
vn -0.8416 0.1119 -0.5284
vn -0.8499 0.2202 -0.4787
vn -0.9289 0.3118 -0.1999
vn -0.8539 0.3261 -0.4055
vn -0.8462 0.4276 -0.3179
vn -0.9948 -0.0987 -0.0232
vn -0.9802 -0.1967 -0.0218
vn -0.9765 -0.2005 -0.0793
vn -0.9913 -0.1002 -0.0852
vn -0.9559 -0.2930 -0.0191
vn -0.9221 -0.3867 -0.0154
vn -0.9170 -0.3950 -0.0554
vn -0.9517 -0.2993 -0.0691
vn -0.9289 -0.3118 -0.1999
vn -0.9496 -0.2090 -0.2335
vn -0.8981 -0.4105 -0.1577
vn -0.8462 -0.4276 -0.3179
vn -0.8539 -0.3261 -0.4055
vn -0.8499 -0.2202 -0.4787
vn -0.9613 -0.1046 -0.2548
vn -0.8416 -0.1120 -0.5284
vn -0.8375 -0.0000 -0.5465
vn -0.8795 -0.4758 -0.0112
vn -0.8289 -0.5593 -0.0071
vn -0.8235 -0.5667 -0.0255
vn -0.8738 -0.4846 -0.0400
vn -0.7709 -0.6369 -0.0039
vn -0.7057 -0.7085 -0.0018
vn -0.7029 -0.7113 -0.0063
vn -0.7666 -0.6420 -0.0140
vn -0.7575 -0.6516 -0.0394
vn -0.8112 -0.5804 -0.0717
vn -0.6972 -0.7166 -0.0180
vn -0.6888 -0.7240 -0.0368
vn -0.7431 -0.6644 -0.0801
vn -0.7888 -0.5974 -0.1444
vn -0.8583 -0.5006 -0.1127
vn -0.8241 -0.5191 -0.2266
vn -0.6337 -0.7736 -0.0006
vn -0.5554 -0.8316 -0.0001
vn -0.5549 -0.8319 -0.0005
vn -0.6322 -0.7748 -0.0022
vn -0.3828 -0.9238 0.0001
vn -0.4714 -0.8819 -0.0000
vn -0.4713 -0.8819 -0.0001
vn -0.5540 -0.8325 -0.0015
vn -0.3830 -0.9238 0.0001
vn -0.4712 -0.8820 -0.0002
vn -0.5527 -0.8334 -0.0031
vn -0.6295 -0.7770 -0.0064
vn -0.6254 -0.7802 -0.0132
vn -0.2903 -0.9569 -0.0000
vn -0.2904 -0.9569 0.0001
vn 0.1951 -0.9808 -0.0000
vn 0.3826 -0.9239 -0.0000
vn 0.2903 -0.9569 -0.0000
vn 0.9808 -0.1950 -0.0000
vn 0.9570 -0.2902 0.0001
vn 0.9808 0.1951 -0.0000
vn 0.9239 0.3826 -0.0000
vn 0.9569 0.2903 -0.0000
vn -0.2903 0.9569 -0.0000
vn -0.2904 0.9569 0.0001
vn 0.9949 0.0981 0.0247
vn 0.9959 -0.0000 0.0908
vn 0.9997 -0.0000 0.0247
vn 0.9805 0.1950 0.0246
vn 0.9911 0.0977 0.0907
vn 0.9767 0.1943 0.0909
vn 0.9608 0.0948 0.2605
vn 0.9655 -0.0000 0.2603
vn 0.9530 0.2890 0.0909
vn 0.9567 0.2901 0.0249
vn 0.9201 0.3811 0.0907
vn 0.8920 0.3695 0.2606
vn 0.9240 0.2801 0.2604
vn 0.9470 0.1884 0.2603
vn 0.7995 0.2424 0.5496
vn 0.8193 0.1630 0.5497
vn 0.7720 0.3197 0.5493
vn 0.5167 0.2141 0.8289
vn 0.5353 0.1623 0.8289
vn 0.5486 0.1091 0.8289
vn 0.8354 -0.0000 0.5496
vn 0.8314 0.0820 0.5496
vn 0.5566 0.0549 0.8289
vn 0.5592 -0.0000 0.8290
vn 0.8816 0.4713 0.0247
vn 0.9236 0.3826 0.0249
vn 0.8312 0.5554 0.0248
vn 0.8782 0.4696 0.0911
vn 0.8280 0.5532 0.0911
vn 0.8514 0.4553 0.2605
vn 0.7699 0.6316 0.0908
vn 0.7729 0.6341 0.0247
vn 0.7042 0.7042 0.0908
vn 0.6827 0.6827 0.2604
vn 0.7465 0.6124 0.2604
vn 0.8028 0.5364 0.2603
vn 0.6459 0.5300 0.5495
vn 0.6947 0.4641 0.5495
vn 0.5907 0.5907 0.5497
vn 0.3955 0.3955 0.8290
vn 0.4323 0.3547 0.8290
vn 0.4648 0.3106 0.8291
vn 0.7367 0.3939 0.5496
vn 0.4933 0.2638 0.8289
vn -0.0981 0.9949 0.0247
vn -0.0000 0.9959 0.0909
vn -0.0000 0.9997 0.0247
vn -0.1952 0.9804 0.0248
vn -0.0977 0.9910 0.0910
vn -0.1946 0.9766 0.0912
vn -0.0949 0.9607 0.2607
vn -0.0000 0.9655 0.2602
vn -0.2909 0.9564 0.0251
vn -0.3839 0.9230 0.0255
vn -0.2899 0.9527 0.0913
vn -0.3826 0.9193 0.0918
vn -0.2811 0.9235 0.2610
vn -0.1886 0.9468 0.2607
vn -0.1631 0.8196 0.5492
vn -0.3709 0.8913 0.2608
vn -0.2433 0.8002 0.5482
vn -0.3213 0.7733 0.5466
vn -0.1629 0.5393 0.8262
vn -0.1089 0.5504 0.8277
vn -0.0000 0.8354 0.5496
vn -0.0820 0.8314 0.5495
vn -0.0547 0.5571 0.8286
vn 0.0001 0.5594 0.8289
vn 0.6341 0.7728 0.0246
vn 0.7069 0.7069 0.0246
vn 0.5554 0.8312 0.0248
vn 0.6316 0.7699 0.0908
vn 0.5532 0.8280 0.0911
vn 0.6124 0.7465 0.2604
vn 0.4696 0.8782 0.0911
vn 0.4713 0.8816 0.0247
vn 0.3811 0.9201 0.0907
vn 0.3695 0.8920 0.2602
vn 0.4553 0.8514 0.2605
vn 0.5364 0.8028 0.2603
vn 0.3939 0.7367 0.5496
vn 0.4641 0.6947 0.5495
vn 0.3197 0.7717 0.5498
vn 0.2141 0.5167 0.8289
vn 0.2638 0.4933 0.8289
vn 0.3106 0.4648 0.8291
vn 0.5301 0.6459 0.5493
vn 0.3547 0.4323 0.8290
vn -0.4704 0.8821 0.0246
vn -0.5446 0.8385 0.0184
vn -0.4683 0.8789 0.0910
vn -0.5410 0.8368 0.0848
vn -0.4537 0.8526 0.2594
vn -0.6029 0.7978 -0.0017
vn -0.6458 0.7621 -0.0460
vn -0.5972 0.7995 0.0645
vn -0.6386 0.7692 0.0215
vn -0.5785 0.7821 0.2315
vn -0.5236 0.8137 0.2523
vn -0.4556 0.7132 0.5327
vn -0.6219 0.7598 0.1896
vn -0.5076 0.6935 0.5113
vn -0.5547 0.6855 0.4716
vn -0.3595 0.5019 0.7867
vn -0.3145 0.5020 0.8057
vn -0.3935 0.7422 0.5425
vn -0.2674 0.5114 0.8167
vn -0.2163 0.5257 0.8227
vn 0.2901 0.9567 0.0249
vn 0.3826 0.9236 0.0249
vn 0.1951 0.9805 0.0246
vn 0.2890 0.9530 0.0909
vn 0.1943 0.9767 0.0909
vn 0.2801 0.9240 0.2604
vn 0.0977 0.9911 0.0907
vn 0.0981 0.9949 0.0247
vn 0.0947 0.9608 0.2605
vn 0.1884 0.9470 0.2603
vn 0.0820 0.8316 0.5493
vn 0.1630 0.8193 0.5497
vn 0.0549 0.5568 0.8288
vn 0.1091 0.5486 0.8290
vn 0.2424 0.7995 0.5496
vn 0.1623 0.5353 0.8289
vn -0.6760 0.7268 -0.1218
vn -0.6922 0.6837 -0.2312
vn -0.6696 0.7409 -0.0518
vn -0.6897 0.7064 -0.1591
vn -0.6599 0.7421 0.1179
vn -0.6862 0.6281 -0.3669
vn -0.6498 0.5616 -0.5123
vn -0.6909 0.6604 -0.2940
vn -0.6638 0.6033 -0.4420
vn -0.7162 0.6860 -0.1278
vn -0.6940 0.7199 0.0116
vn -0.6656 0.6807 0.3060
vn -0.7144 0.6373 -0.2891
vn -0.7276 0.6652 0.1675
vn -0.7783 0.6278 -0.0072
vn -0.6591 0.5489 0.5140
vn -0.5545 0.5458 0.6281
vn -0.6059 0.6843 0.4058
vn -0.4704 0.5304 0.7053
vn -0.4079 0.5127 0.7555
vn -0.5824 0.4866 -0.6511
vn -0.4920 0.3888 -0.7790
vn -0.6042 0.5372 -0.5885
vn -0.5184 0.4450 -0.7302
vn -0.6787 0.5752 -0.4566
vn -0.4020 0.2359 -0.8847
vn -0.3600 -0.0000 -0.9330
vn -0.4284 0.2802 -0.8590
vn -0.3850 -0.0000 -0.9229
vn -0.5325 0.3141 -0.7859
vn -0.6114 0.4862 -0.6243
vn -0.7838 0.4782 -0.3962
vn -0.4925 -0.0000 -0.8703
vn -0.7459 0.3127 -0.5880
vn -0.9680 -0.0000 -0.2508
vn -0.9620 0.2150 -0.1682
vn -0.9334 0.3588 -0.0082
vn -0.7991 0.5670 -0.2001
vn -0.8736 0.4549 0.1731
vn -0.7754 0.5211 0.3566
vn -0.4284 -0.2802 -0.8590
vn -0.4020 -0.2359 -0.8847
vn -0.5184 -0.4450 -0.7302
vn -0.6114 -0.4862 -0.6243
vn -0.5325 -0.3141 -0.7859
vn -0.4920 -0.3888 -0.7790
vn -0.6042 -0.5372 -0.5885
vn -0.5824 -0.4866 -0.6511
vn -0.6638 -0.6033 -0.4420
vn -0.7144 -0.6373 -0.2891
vn -0.6787 -0.5752 -0.4566
vn -0.7991 -0.5670 -0.2001
vn -0.7838 -0.4782 -0.3962
vn -0.7784 -0.6277 -0.0069
vn -0.7754 -0.5211 0.3566
vn -0.8736 -0.4549 0.1731
vn -0.9334 -0.3588 -0.0082
vn -0.7459 -0.3127 -0.5880
vn -0.7213 -0.0000 -0.6926
vn -0.9620 -0.2150 -0.1682
vn -0.6498 -0.5616 -0.5123
vn -0.6909 -0.6604 -0.2940
vn -0.6862 -0.6281 -0.3669
vn -0.6897 -0.7064 -0.1587
vn -0.6940 -0.7199 0.0116
vn -0.7162 -0.6860 -0.1278
vn -0.6922 -0.6837 -0.2312
vn -0.6696 -0.7409 -0.0518
vn -0.6760 -0.7268 -0.1218
vn -0.6386 -0.7692 0.0215
vn -0.6219 -0.7598 0.1896
vn -0.6599 -0.7421 0.1179
vn -0.6059 -0.6843 0.4058
vn -0.6656 -0.6807 0.3060
vn -0.5547 -0.6855 0.4716
vn -0.4079 -0.5127 0.7555
vn -0.4704 -0.5304 0.7053
vn -0.5545 -0.5458 0.6281
vn -0.7276 -0.6652 0.1675
vn -0.6591 -0.5489 0.5140
vn -0.6458 -0.7621 -0.0460
vn -0.5972 -0.7995 0.0645
vn -0.6029 -0.7978 -0.0017
vn -0.5410 -0.8368 0.0848
vn -0.5236 -0.8137 0.2523
vn -0.5785 -0.7821 0.2315
vn -0.5446 -0.8385 0.0184
vn -0.4683 -0.8789 0.0910
vn -0.4704 -0.8821 0.0246
vn -0.3826 -0.9193 0.0918
vn -0.3709 -0.8913 0.2608
vn -0.4537 -0.8526 0.2594
vn -0.3935 -0.7422 0.5425
vn -0.4556 -0.7132 0.5327
vn -0.3213 -0.7733 0.5466
vn -0.2163 -0.5257 0.8227
vn -0.2674 -0.5114 0.8167
vn -0.3145 -0.5020 0.8057
vn -0.5076 -0.6935 0.5113
vn -0.3595 -0.5019 0.7867
vn -0.3839 -0.9230 0.0256
vn -0.2899 -0.9527 0.0913
vn -0.2909 -0.9564 0.0251
vn -0.1946 -0.9766 0.0912
vn -0.1886 -0.9468 0.2607
vn -0.2811 -0.9236 0.2607
vn -0.1952 -0.9804 0.0248
vn -0.0977 -0.9910 0.0910
vn -0.0981 -0.9949 0.0247
vn -0.0000 -0.9959 0.0909
vn -0.0000 -0.9655 0.2602
vn -0.0949 -0.9607 0.2607
vn -0.0820 -0.8314 0.5495
vn -0.1631 -0.8196 0.5492
vn -0.0000 -0.8354 0.5496
vn 0.0001 -0.5594 0.8289
vn -0.0547 -0.5571 0.8286
vn -0.1090 -0.5501 0.8279
vn -0.2433 -0.8002 0.5482
vn -0.1629 -0.5393 0.8262
vn -0.0000 -0.9997 0.0247
vn 0.0977 -0.9911 0.0907
vn 0.1951 -0.9805 0.0246
vn 0.0981 -0.9949 0.0247
vn 0.1943 -0.9767 0.0909
vn 0.0947 -0.9608 0.2605
vn 0.2890 -0.9530 0.0909
vn 0.2901 -0.9567 0.0249
vn 0.3811 -0.9201 0.0907
vn 0.3695 -0.8920 0.2602
vn 0.2801 -0.9240 0.2604
vn 0.1884 -0.9470 0.2603
vn 0.2424 -0.7995 0.5496
vn 0.1630 -0.8193 0.5497
vn 0.3197 -0.7717 0.5498
vn 0.2141 -0.5167 0.8289
vn 0.1623 -0.5353 0.8289
vn 0.1091 -0.5486 0.8290
vn 0.0820 -0.8316 0.5493
vn 0.0549 -0.5568 0.8288
vn 0.4713 -0.8816 0.0247
vn 0.3826 -0.9236 0.0249
vn 0.5554 -0.8312 0.0248
vn 0.4696 -0.8782 0.0911
vn 0.5532 -0.8280 0.0911
vn 0.4553 -0.8514 0.2605
vn 0.6316 -0.7699 0.0908
vn 0.6341 -0.7728 0.0247
vn 0.7042 -0.7042 0.0908
vn 0.6827 -0.6827 0.2604
vn 0.6124 -0.7465 0.2604
vn 0.5364 -0.8028 0.2603
vn 0.5298 -0.6458 0.5498
vn 0.4641 -0.6947 0.5495
vn 0.5907 -0.5907 0.5497
vn 0.3955 -0.3955 0.8290
vn 0.3547 -0.4324 0.8290
vn 0.3106 -0.4649 0.8291
vn 0.3939 -0.7367 0.5496
vn 0.2638 -0.4933 0.8289
vn 0.7728 -0.6341 0.0247
vn 0.7069 -0.7069 0.0246
vn 0.8312 -0.5554 0.0248
vn 0.7699 -0.6316 0.0908
vn 0.8280 -0.5532 0.0911
vn 0.7465 -0.6124 0.2604
vn 0.8782 -0.4696 0.0911
vn 0.8816 -0.4713 0.0247
vn 0.9201 -0.3811 0.0907
vn 0.8920 -0.3695 0.2606
vn 0.8514 -0.4553 0.2605
vn 0.8028 -0.5364 0.2603
vn 0.7367 -0.3939 0.5496
vn 0.6947 -0.4641 0.5495
vn 0.7717 -0.3197 0.5498
vn 0.5167 -0.2141 0.8289
vn 0.4933 -0.2638 0.8289
vn 0.4653 -0.3109 0.8288
vn 0.6458 -0.5298 0.5498
vn 0.4323 -0.3547 0.8290
vn 0.9567 -0.2901 0.0249
vn 0.9236 -0.3826 0.0249
vn 0.9805 -0.1951 0.0246
vn 0.9530 -0.2890 0.0909
vn 0.9767 -0.1943 0.0909
vn 0.9240 -0.2801 0.2604
vn 0.9911 -0.0977 0.0907
vn 0.9949 -0.0981 0.0247
vn 0.9608 -0.0948 0.2605
vn 0.9470 -0.1884 0.2603
vn 0.8314 -0.0820 0.5496
vn 0.8193 -0.1630 0.5497
vn 0.5566 -0.0549 0.8289
vn 0.5483 -0.1090 0.8291
vn 0.7995 -0.2424 0.5496
vn 0.5353 -0.1623 0.8289
vn 0.9570 -0.2902 0.0005
vn 0.9239 -0.3827 0.0004
vn 0.9952 -0.0981 0.0004
vn 0.9808 -0.1950 0.0006
vn 0.9952 -0.0982 0.0055
vn 0.9808 -0.1951 0.0055
vn 1.0000 -0.0000 0.0006
vn 0.9239 -0.3827 0.0055
vn 0.9570 -0.2901 0.0057
vn 0.7731 -0.6343 0.0006
vn 0.7071 -0.7071 0.0006
vn 0.8819 -0.4715 0.0007
vn 0.8314 -0.5556 0.0006
vn 0.8315 -0.5556 0.0055
vn 0.8818 -0.4715 0.0057
vn 0.7071 -0.7071 0.0053
vn 0.7731 -0.6343 0.0055
vn 0.4715 -0.8819 0.0007
vn 0.3827 -0.9239 0.0005
vn 0.6343 -0.7731 0.0006
vn 0.5556 -0.8314 0.0006
vn 0.6343 -0.7731 0.0055
vn 0.5556 -0.8315 0.0055
vn 0.3827 -0.9239 0.0055
vn 0.4715 -0.8818 0.0057
vn 0.1950 -0.9808 0.0006
vn 0.0981 -0.9952 0.0004
vn -0.0000 -1.0000 0.0006
vn 0.2902 -0.9570 -0.0001
vn 0.2902 -0.9570 0.0005
vn 0.1951 -0.9808 0.0055
vn 0.2903 -0.9569 0.0054
vn 0.0981 -0.9952 0.0055
vn -0.0000 -1.0000 0.0054
vn -0.2905 -0.9569 0.0002
vn -0.3832 -0.9237 0.0004
vn -0.1952 -0.9808 0.0006
vn -0.2906 -0.9568 0.0007
vn -0.3834 -0.9236 0.0011
vn -0.0981 -0.9952 0.0004
vn -0.0981 -0.9952 0.0055
vn -0.1952 -0.9807 0.0055
vn -0.2908 -0.9568 0.0057
vn -0.3837 -0.9234 0.0061
vn -0.6202 -0.7842 -0.0200
vn -0.6779 -0.7331 -0.0557
vn -0.5510 -0.8345 -0.0046
vn -0.5489 -0.8359 -0.0050
vn -0.6141 -0.7888 -0.0240
vn -0.6660 -0.7430 -0.0664
vn -0.4711 -0.8821 -0.0002
vn -0.4709 -0.8822 0.0003
vn -0.4708 -0.8822 0.0055
vn -0.5467 -0.8373 -0.0007
vn -0.6082 -0.7935 -0.0208
vn -0.6549 -0.7529 -0.0650
vn -0.7748 -0.5385 -0.3313
vn -0.7676 -0.4460 -0.4602
vn -0.7586 -0.6158 -0.2131
vn -0.7291 -0.6370 -0.2502
vn -0.7304 -0.5641 -0.3852
vn -0.7019 -0.4765 -0.5295
vn -0.7244 -0.6789 -0.1195
vn -0.7052 -0.6948 -0.1411
vn -0.6883 -0.7113 -0.1426
vn -0.7063 -0.6605 -0.2546
vn -0.7007 -0.5957 -0.3925
vn -0.6641 -0.5180 -0.5390
vn -0.6460 -0.1247 -0.7530
vn -0.6268 -0.0000 -0.7792
vn -0.6906 -0.2372 -0.6832
vn -0.5686 -0.2737 -0.7757
vn -0.4973 -0.1508 -0.8544
vn -0.4658 -0.0000 -0.8849
vn -0.7369 -0.3440 -0.5819
vn -0.6446 -0.3797 -0.6636
vn -0.5970 -0.4315 -0.6763
vn -0.5092 -0.3283 -0.7956
vn -0.4247 -0.1903 -0.8851
vn -0.3861 -0.0000 -0.9224
vn -0.7676 0.4460 -0.4602
vn -0.7369 0.3440 -0.5819
vn -0.6906 0.2372 -0.6832
vn -0.6446 0.3797 -0.6636
vn -0.7019 0.4765 -0.5295
vn -0.6460 0.1247 -0.7530
vn -0.4973 0.1508 -0.8544
vn -0.5686 0.2737 -0.7757
vn -0.5092 0.3283 -0.7956
vn -0.4247 0.1903 -0.8851
vn -0.6641 0.5180 -0.5390
vn -0.5970 0.4315 -0.6763
vn -0.6779 0.7330 -0.0556
vn -0.7244 0.6789 -0.1194
vn -0.7586 0.6158 -0.2131
vn -0.7052 0.6948 -0.1412
vn -0.6660 0.7430 -0.0664
vn -0.7748 0.5385 -0.3313
vn -0.7304 0.5641 -0.3852
vn -0.7291 0.6370 -0.2502
vn -0.7063 0.6605 -0.2546
vn -0.7007 0.5957 -0.3925
vn -0.6549 0.7529 -0.0651
vn -0.6883 0.7113 -0.1426
vn 0.1951 0.9808 0.0006
vn 0.2902 0.9570 0.0005
vn 0.3826 0.9239 0.0005
vn 0.0981 0.9952 0.0005
vn 0.1951 0.9808 0.0055
vn -0.0000 1.0000 0.0054
vn 0.0981 0.9952 0.0054
vn 0.3827 0.9239 0.0054
vn 0.2902 0.9570 0.0055
vn -0.3832 0.9237 0.0004
vn -0.4711 0.8821 -0.0002
vn -0.5510 0.8345 -0.0046
vn -0.4709 0.8822 0.0006
vn -0.3834 0.9236 0.0011
vn -0.6202 0.7842 -0.0200
vn -0.6142 0.7888 -0.0240
vn -0.5489 0.8359 -0.0050
vn -0.5467 0.8373 -0.0007
vn -0.6082 0.7935 -0.0208
vn -0.3837 0.9234 0.0061
vn -0.4708 0.8822 0.0055
vn 0.5556 0.8314 0.0006
vn 0.6343 0.7731 0.0006
vn 0.7071 0.7071 0.0006
vn 0.4714 0.8819 0.0007
vn 0.5556 0.8315 0.0055
vn 0.4715 0.8819 0.0056
vn 0.7071 0.7071 0.0054
vn 0.6343 0.7730 0.0055
vn -0.0981 0.9952 0.0004
vn -0.0000 1.0000 0.0006
vn -0.2905 0.9569 0.0002
vn -0.2906 0.9568 0.0007
vn -0.1952 0.9808 0.0006
vn -0.1952 0.9807 0.0055
vn -0.2908 0.9568 0.0057
vn -0.0981 0.9952 0.0055
vn 0.8819 0.4715 0.0007
vn 0.9239 0.3827 0.0004
vn 0.7731 0.6343 0.0006
vn 0.8314 0.5556 0.0006
vn 0.7731 0.6343 0.0055
vn 0.8314 0.5556 0.0055
vn 0.9239 0.3827 0.0055
vn 0.8818 0.4715 0.0057
vn 0.9808 0.1950 0.0006
vn 0.9952 0.0981 0.0004
vn 0.9570 0.2902 0.0005
vn 0.9808 0.1951 0.0055
vn 0.9570 0.2902 0.0057
vn 0.9952 0.0982 0.0055
vn 1.0000 -0.0000 0.0054
vn -0.1198 -0.1198 0.9855
vn -0.4618 -0.3774 0.8027
vn -0.4234 -0.4234 0.8009
vn -0.0004 -0.0004 1.0000
vn -0.1297 -0.1041 0.9861
vn -0.0000 0.0013 1.0000
vn -0.1358 -0.0907 0.9866
vn -0.4936 -0.3298 0.8047
vn 0.0235 0.0235 0.9994
vn 0.0232 0.0232 0.9995
vn 0.0256 0.0202 0.9995
vn 0.0223 0.0169 0.9996
vn 0.0265 0.0177 0.9995
vn 0.0018 0.0012 1.0000
vn 0.0284 0.0159 0.9995
vn 0.0012 -0.0005 1.0000
vn 0.0241 0.0141 0.9996
vn 0.0303 0.0125 0.9995
vn 0.0307 0.0127 0.9994
vn -0.0005 -0.0002 1.0000
vn -0.1458 -0.0800 0.9861
vn -0.5250 -0.2824 0.8029
vn -0.1565 -0.0648 0.9855
vn -0.5531 -0.2291 0.8010
vn -0.0648 0.1565 0.9855
vn -0.1716 0.5709 0.8029
vn -0.2291 0.5531 0.8010
vn -0.0002 0.0005 1.0000
vn -0.0466 0.1597 0.9861
vn -0.0319 0.1601 0.9866
vn -0.1159 0.5824 0.8046
vn 0.0127 -0.0307 0.9994
vn 0.0125 -0.0302 0.9995
vn 0.0088 -0.0314 0.9995
vn 0.0070 -0.0271 0.9996
vn 0.0062 -0.0313 0.9995
vn 0.0004 -0.0021 1.0000
vn 0.0038 -0.0324 0.9995
vn -0.0009 -0.0009 1.0000
vn 0.0038 -0.0277 0.9996
vn -0.0000 -0.0327 0.9995
vn -0.0000 -0.0332 0.9994
vn -0.0000 0.0006 1.0000
vn -0.0181 0.1654 0.9861
vn -0.0600 0.5931 0.8029
vn -0.0000 0.1694 0.9856
vn -0.0000 0.5986 0.8010
vn -0.0000 -0.1694 0.9856
vn -0.0600 -0.5931 0.8029
vn -0.0000 -0.5986 0.8010
vn -0.0000 -0.0006 1.0000
vn -0.0181 -0.1654 0.9861
vn -0.0009 0.0009 1.0000
vn -0.0319 -0.1601 0.9866
vn -0.1159 -0.5824 0.8046
vn -0.0000 0.0332 0.9994
vn -0.0000 0.0327 0.9995
vn 0.0038 0.0324 0.9995
vn 0.0038 0.0277 0.9996
vn 0.0062 0.0313 0.9995
vn 0.0004 0.0021 1.0000
vn 0.0088 0.0314 0.9995
vn 0.0012 0.0005 1.0000
vn 0.0070 0.0271 0.9996
vn 0.0125 0.0302 0.9995
vn 0.0127 0.0307 0.9994
vn -0.0002 -0.0005 1.0000
vn -0.0466 -0.1597 0.9861
vn -0.1716 -0.5709 0.8029
vn -0.0648 -0.1565 0.9855
vn -0.2291 -0.5531 0.8010
vn 0.1694 -0.0000 0.9856
vn 0.5932 -0.0600 0.8029
vn 0.5986 -0.0000 0.8010
vn 0.0006 -0.0000 1.0000
vn 0.1654 -0.0181 0.9861
vn 0.1601 -0.0319 0.9866
vn 0.5824 -0.1159 0.8046
vn -0.0332 -0.0000 0.9994
vn -0.0327 -0.0000 0.9995
vn -0.0324 0.0038 0.9995
vn -0.0277 0.0038 0.9996
vn -0.0313 0.0062 0.9995
vn -0.0021 0.0004 1.0000
vn -0.0314 0.0088 0.9995
vn -0.0005 0.0012 1.0000
vn -0.0271 0.0070 0.9996
vn -0.0302 0.0125 0.9995
vn -0.0307 0.0127 0.9994
vn 0.0005 -0.0002 1.0000
vn 0.1597 -0.0466 0.9861
vn 0.5709 -0.1716 0.8029
vn 0.1565 -0.0648 0.9855
vn 0.5531 -0.2291 0.8010
vn -0.1565 0.0648 0.9855
vn -0.5250 0.2824 0.8029
vn -0.5531 0.2291 0.8010
vn -0.0005 0.0002 1.0000
vn -0.1458 0.0800 0.9861
vn -0.1358 0.0907 0.9866
vn -0.4936 0.3298 0.8047
vn 0.0307 -0.0127 0.9994
vn 0.0302 -0.0125 0.9995
vn 0.0284 -0.0159 0.9995
vn 0.0241 -0.0141 0.9996
vn 0.0265 -0.0177 0.9995
vn 0.0018 -0.0012 1.0000
vn 0.0256 -0.0202 0.9995
vn -0.0000 -0.0013 1.0000
vn 0.0223 -0.0169 0.9996
vn 0.0232 -0.0232 0.9995
vn 0.0235 -0.0235 0.9994
vn -0.0004 0.0004 1.0000
vn -0.1297 0.1041 0.9861
vn -0.4618 0.3773 0.8028
vn -0.1198 0.1198 0.9855
vn -0.4234 0.4234 0.8009
vn 0.1198 0.1198 0.9855
vn 0.4618 0.3774 0.8027
vn 0.4234 0.4234 0.8009
vn 0.0004 0.0004 1.0000
vn 0.1297 0.1041 0.9861
vn 0.1358 0.0907 0.9866
vn 0.4936 0.3298 0.8047
vn -0.0235 -0.0235 0.9994
vn -0.0232 -0.0232 0.9995
vn -0.0256 -0.0202 0.9995
vn -0.0223 -0.0169 0.9996
vn -0.0265 -0.0177 0.9995
vn -0.0018 -0.0012 1.0000
vn -0.0284 -0.0159 0.9995
vn -0.0012 0.0005 1.0000
vn -0.0241 -0.0141 0.9996
vn -0.0303 -0.0125 0.9995
vn -0.0307 -0.0127 0.9994
vn 0.0005 0.0002 1.0000
vn 0.1458 0.0800 0.9861
vn 0.5250 0.2824 0.8029
vn 0.1565 0.0648 0.9855
vn 0.5531 0.2291 0.8010
vn 0.0648 -0.1565 0.9855
vn 0.1716 -0.5709 0.8029
vn 0.2291 -0.5531 0.8010
vn 0.0002 -0.0005 1.0000
vn 0.0466 -0.1597 0.9861
vn 0.0319 -0.1601 0.9866
vn 0.1159 -0.5824 0.8046
vn -0.0127 0.0307 0.9994
vn -0.0125 0.0302 0.9995
vn -0.0088 0.0314 0.9995
vn -0.0070 0.0271 0.9996
vn -0.0062 0.0313 0.9995
vn -0.0004 0.0021 1.0000
vn -0.0038 0.0324 0.9995
vn 0.0009 0.0009 1.0000
vn -0.0038 0.0277 0.9996
vn 0.0181 -0.1654 0.9861
vn 0.0600 -0.5931 0.8029
vn -0.5709 -0.1716 0.8029
vn -0.1597 -0.0466 0.9861
vn 0.0005 0.0012 1.0000
vn -0.1601 -0.0319 0.9866
vn -0.5824 -0.1159 0.8046
vn 0.0314 0.0088 0.9995
vn 0.0271 0.0070 0.9996
vn 0.0313 0.0062 0.9995
vn 0.0022 0.0004 1.0000
vn 0.0324 0.0038 0.9995
vn 0.0009 -0.0009 1.0000
vn 0.0277 0.0038 0.9996
vn 0.0327 -0.0000 0.9995
vn 0.0332 -0.0000 0.9994
vn -0.0006 -0.0000 1.0000
vn -0.1654 -0.0181 0.9861
vn -0.5931 -0.0600 0.8029
vn -0.1694 -0.0000 0.9856
vn -0.5986 -0.0000 0.8010
vn 0.0600 0.5931 0.8029
vn 0.0181 0.1654 0.9861
vn 0.0319 0.1601 0.9866
vn 0.1159 0.5824 0.8046
vn -0.0038 -0.0324 0.9995
vn -0.0038 -0.0277 0.9996
vn -0.0062 -0.0313 0.9995
vn -0.0004 -0.0021 1.0000
vn -0.0088 -0.0314 0.9995
vn -0.0012 -0.0005 1.0000
vn -0.0070 -0.0271 0.9996
vn -0.0125 -0.0302 0.9995
vn -0.0127 -0.0307 0.9994
vn 0.0002 0.0005 1.0000
vn 0.0466 0.1597 0.9861
vn 0.1716 0.5709 0.8029
vn 0.0648 0.1565 0.9855
vn 0.2291 0.5531 0.8010
vn 0.5250 -0.2824 0.8029
vn 0.1458 -0.0800 0.9861
vn 0.1358 -0.0907 0.9866
vn 0.4936 -0.3298 0.8047
vn -0.0284 0.0159 0.9995
vn -0.0241 0.0141 0.9996
vn -0.0265 0.0177 0.9995
vn -0.0018 0.0012 1.0000
vn -0.0256 0.0202 0.9995
vn -0.0223 0.0169 0.9996
vn -0.0232 0.0232 0.9995
vn -0.0235 0.0235 0.9994
vn 0.0004 -0.0004 1.0000
vn 0.1297 -0.1041 0.9861
vn 0.4618 -0.3773 0.8028
vn 0.1198 -0.1198 0.9855
vn 0.4234 -0.4234 0.8009
vn -0.2824 -0.5250 0.8029
vn -0.0800 -0.1458 0.9861
vn -0.0907 -0.1358 0.9866
vn -0.3298 -0.4936 0.8047
vn 0.0159 0.0284 0.9995
vn 0.0141 0.0241 0.9996
vn 0.0177 0.0265 0.9995
vn 0.0012 0.0018 1.0000
vn 0.0202 0.0256 0.9995
vn 0.0013 -0.0000 1.0000
vn 0.0169 0.0223 0.9996
vn -0.1041 -0.1297 0.9861
vn -0.3773 -0.4618 0.8028
vn -0.3773 0.4618 0.8028
vn -0.1041 0.1297 0.9861
vn -0.0907 0.1358 0.9866
vn -0.3298 0.4936 0.8047
vn 0.0202 -0.0256 0.9995
vn 0.0169 -0.0223 0.9996
vn 0.0177 -0.0265 0.9995
vn 0.0012 -0.0018 1.0000
vn 0.0159 -0.0284 0.9995
vn -0.0005 -0.0012 1.0000
vn 0.0141 -0.0241 0.9996
vn -0.0800 0.1458 0.9861
vn -0.2824 0.5250 0.8029
vn 0.5709 0.1716 0.8029
vn 0.1597 0.0466 0.9861
vn 0.1601 0.0319 0.9866
vn 0.5824 0.1159 0.8046
vn -0.0314 -0.0088 0.9995
vn -0.0271 -0.0070 0.9996
vn -0.0313 -0.0062 0.9995
vn -0.0022 -0.0004 1.0000
vn -0.0324 -0.0038 0.9995
vn -0.0277 -0.0038 0.9996
vn 0.1654 0.0181 0.9861
vn 0.5931 0.0600 0.8029
vn -0.5932 0.0600 0.8029
vn -0.1654 0.0181 0.9861
vn -0.1601 0.0319 0.9866
vn -0.5824 0.1159 0.8046
vn 0.0324 -0.0038 0.9995
vn 0.0277 -0.0038 0.9996
vn 0.0313 -0.0062 0.9995
vn 0.0021 -0.0004 1.0000
vn 0.0314 -0.0088 0.9995
vn 0.0005 -0.0012 1.0000
vn 0.0271 -0.0070 0.9996
vn -0.1597 0.0466 0.9861
vn -0.5709 0.1716 0.8029
vn 0.2824 0.5250 0.8029
vn 0.0800 0.1458 0.9861
vn 0.0907 0.1358 0.9866
vn 0.3298 0.4936 0.8047
vn -0.0159 -0.0284 0.9995
vn -0.0141 -0.0241 0.9996
vn -0.0177 -0.0265 0.9995
vn -0.0012 -0.0018 1.0000
vn -0.0202 -0.0256 0.9995
vn -0.0013 -0.0000 1.0000
vn -0.0169 -0.0223 0.9996
vn 0.1041 0.1297 0.9861
vn 0.3773 0.4618 0.8028
vn 0.3774 -0.4617 0.8027
vn 0.1041 -0.1297 0.9861
vn 0.0907 -0.1358 0.9866
vn 0.3299 -0.4937 0.8047
vn -0.0202 0.0256 0.9995
vn -0.0169 0.0223 0.9996
vn -0.0177 0.0265 0.9995
vn -0.0012 0.0018 1.0000
vn -0.0159 0.0284 0.9995
vn -0.0141 0.0241 0.9996
vn 0.0800 -0.1458 0.9861
vn 0.2824 -0.5250 0.8029
vn -0.0050 0.0252 0.9997
vn -0.0000 0.0193 0.9998
vn -0.0028 0.0139 0.9999
vn 0.0028 0.0139 0.9999
vn 0.0050 0.0252 0.9997
vn -0.0143 0.0214 0.9997
vn -0.0074 0.0178 0.9998
vn -0.0078 0.0117 0.9999
vn -0.0214 0.0143 0.9997
vn -0.0136 0.0136 0.9998
vn -0.0117 0.0079 0.9999
vn -0.0252 0.0050 0.9997
vn -0.0178 0.0074 0.9998
vn -0.0139 0.0028 0.9999
vn -0.0252 -0.0050 0.9997
vn -0.0193 -0.0000 0.9998
vn -0.0139 -0.0028 0.9999
vn -0.0214 -0.0143 0.9997
vn -0.0178 -0.0074 0.9998
vn -0.0117 -0.0079 0.9999
vn -0.0143 -0.0214 0.9997
vn -0.0136 -0.0136 0.9998
vn -0.0079 -0.0117 0.9999
vn -0.0050 -0.0252 0.9997
vn -0.0074 -0.0178 0.9998
vn -0.0028 -0.0139 0.9999
vn 0.0050 -0.0252 0.9997
vn -0.0000 -0.0193 0.9998
vn 0.0028 -0.0139 0.9999
vn 0.0143 -0.0214 0.9997
vn 0.0074 -0.0178 0.9998
vn 0.0078 -0.0117 0.9999
vn 0.0214 -0.0143 0.9997
vn 0.0136 -0.0136 0.9998
vn 0.0117 -0.0079 0.9999
vn 0.0252 -0.0050 0.9997
vn 0.0178 -0.0074 0.9998
vn 0.0139 -0.0028 0.9999
vn 0.0252 0.0050 0.9997
vn 0.0193 -0.0000 0.9998
vn 0.0139 0.0028 0.9999
vn 0.0214 0.0143 0.9997
vn 0.0178 0.0074 0.9998
vn 0.0117 0.0079 0.9999
vn 0.0143 0.0214 0.9997
vn 0.0136 0.0136 0.9998
vn 0.0079 0.0117 0.9999
vn 0.0074 0.0178 0.9998
vn 0.2700 -0.8920 0.3627
vn 0.3568 -0.8614 0.3615
vn 0.1817 -0.9136 0.3637
vn 0.2893 -0.9539 0.0794
vn 0.3814 -0.9210 0.0793
vn 0.0920 -0.9273 0.3627
vn -0.0000 -0.9323 0.3616
vn 0.0979 -0.9920 0.0794
vn 0.1945 -0.9777 0.0796
vn 0.1951 -0.9808 0.0074
vn -0.0000 -0.9969 0.0793
vn 0.0981 -0.9952 0.0075
vn -0.0000 -1.0000 -0.0052
vn 0.0982 -0.9952 -0.0052
vn 0.1950 -0.9808 -0.0052
vn 0.2902 -0.9569 0.0075
vn 0.3827 -0.9239 0.0075
vn 0.2901 -0.9570 -0.0052
vn 0.3827 -0.9239 -0.0052
vn 0.5907 -0.7208 0.3627
vn 0.6593 -0.6593 0.3614
vn 0.5175 -0.7745 0.3638
vn 0.6323 -0.7706 0.0794
vn 0.7049 -0.7049 0.0793
vn 0.4399 -0.8216 0.3627
vn 0.4700 -0.8791 0.0794
vn 0.5538 -0.8289 0.0795
vn 0.4715 -0.8819 0.0075
vn 0.5555 -0.8315 0.0075
vn 0.4715 -0.8819 -0.0052
vn 0.5556 -0.8315 -0.0052
vn 0.6343 -0.7730 0.0075
vn 0.7071 -0.7071 0.0075
vn 0.6343 -0.7730 -0.0052
vn 0.7071 -0.7070 -0.0052
vn 0.8216 -0.4398 0.3627
vn 0.8614 -0.3568 0.3615
vn 0.7745 -0.5175 0.3638
vn 0.8791 -0.4700 0.0794
vn 0.9210 -0.3815 0.0793
vn 0.7207 -0.5907 0.3627
vn 0.7707 -0.6323 0.0794
vn 0.8289 -0.5538 0.0795
vn 0.7730 -0.6343 0.0075
vn 0.8314 -0.5556 0.0075
vn 0.7730 -0.6343 -0.0052
vn 0.8314 -0.5556 -0.0052
vn 0.8818 -0.4715 0.0075
vn 0.9239 -0.3827 0.0075
vn 0.8818 -0.4716 -0.0051
vn 0.9239 -0.3827 -0.0051
vn 0.9273 -0.0920 0.3627
vn 0.9323 -0.0000 0.3616
vn 0.9136 -0.1817 0.3637
vn 0.9920 -0.0979 0.0794
vn 0.9968 -0.0000 0.0793
vn 0.8919 -0.2699 0.3627
vn 0.9540 -0.2892 0.0794
vn 0.9777 -0.1945 0.0795
vn 0.9570 -0.2901 0.0075
vn 0.9807 -0.1952 0.0075
vn 0.9570 -0.2902 -0.0050
vn 0.9808 -0.1952 -0.0050
vn 0.9951 -0.0982 0.0076
vn 1.0000 -0.0000 0.0076
vn 0.9952 -0.0982 -0.0049
vn 1.0000 -0.0000 -0.0049
vn 0.8919 0.2699 0.3627
vn 0.8614 0.3568 0.3615
vn 0.9136 0.1817 0.3637
vn 0.9540 0.2892 0.0794
vn 0.9210 0.3815 0.0793
vn 0.9273 0.0920 0.3627
vn 0.9920 0.0979 0.0794
vn 0.9777 0.1945 0.0795
vn 0.9807 0.1952 0.0075
vn 0.9951 0.0982 0.0076
vn 0.9952 0.0982 -0.0049
vn 0.9808 0.1952 -0.0050
vn 0.9239 0.3827 0.0075
vn 0.9570 0.2901 0.0075
vn 0.9570 0.2902 -0.0050
vn 0.9239 0.3827 -0.0051
vn 0.7207 0.5907 0.3627
vn 0.6593 0.6593 0.3614
vn 0.7745 0.5175 0.3638
vn 0.7707 0.6323 0.0794
vn 0.7049 0.7049 0.0793
vn 0.8216 0.4398 0.3627
vn 0.8791 0.4700 0.0794
vn 0.8289 0.5538 0.0795
vn 0.8315 0.5555 0.0075
vn 0.8818 0.4715 0.0075
vn 0.8818 0.4716 -0.0051
vn 0.8315 0.5556 -0.0052
vn 0.7071 0.7071 0.0075
vn 0.7730 0.6343 0.0075
vn 0.7730 0.6343 -0.0052
vn 0.7071 0.7071 -0.0052
vn 0.4398 0.8216 0.3627
vn 0.3568 0.8614 0.3615
vn 0.5175 0.7745 0.3638
vn 0.4700 0.8791 0.0794
vn 0.3815 0.9210 0.0793
vn 0.5907 0.7207 0.3627
vn 0.6323 0.7706 0.0794
vn 0.5538 0.8289 0.0795
vn 0.5555 0.8315 0.0075
vn 0.6343 0.7730 0.0075
vn 0.6343 0.7730 -0.0052
vn 0.5556 0.8315 -0.0052
vn 0.3827 0.9239 0.0075
vn 0.4715 0.8819 0.0075
vn 0.4715 0.8819 -0.0052
vn 0.3827 0.9239 -0.0052
vn 0.0920 0.9273 0.3627
vn -0.0000 0.9323 0.3616
vn 0.1817 0.9136 0.3637
vn 0.0979 0.9920 0.0794
vn -0.0000 0.9969 0.0793
vn 0.2699 0.8919 0.3627
vn 0.2892 0.9540 0.0794
vn 0.1945 0.9777 0.0796
vn 0.1951 0.9808 0.0074
vn 0.2902 0.9569 0.0075
vn 0.2901 0.9570 -0.0052
vn 0.1950 0.9808 -0.0052
vn 0.0981 0.9952 0.0075
vn -0.0000 1.0000 0.0075
vn 0.0982 0.9952 -0.0052
vn -0.0000 1.0000 -0.0052
vn -0.2699 0.8919 0.3627
vn -0.3568 0.8614 0.3615
vn -0.1817 0.9136 0.3637
vn -0.2892 0.9540 0.0794
vn -0.3815 0.9210 0.0793
vn -0.0920 0.9273 0.3627
vn -0.0979 0.9920 0.0794
vn -0.1945 0.9777 0.0796
vn -0.1950 0.9808 0.0074
vn -0.0981 0.9952 0.0074
vn -0.0982 0.9952 -0.0052
vn -0.1950 0.9808 -0.0052
vn -0.2902 0.9569 0.0075
vn -0.3827 0.9239 0.0075
vn -0.2901 0.9570 -0.0052
vn -0.3827 0.9239 -0.0052
vn -0.5907 0.7207 0.3627
vn -0.6593 0.6593 0.3614
vn -0.5175 0.7745 0.3638
vn -0.6323 0.7706 0.0794
vn -0.7049 0.7049 0.0793
vn -0.4398 0.8216 0.3627
vn -0.4700 0.8791 0.0794
vn -0.5538 0.8289 0.0795
vn -0.5555 0.8315 0.0074
vn -0.4714 0.8819 0.0075
vn -0.4715 0.8818 -0.0052
vn -0.5556 0.8314 -0.0052
vn -0.6343 0.7730 0.0074
vn -0.7071 0.7071 0.0075
vn -0.6343 0.7731 -0.0052
vn -0.7071 0.7071 -0.0052
vn -0.8216 0.4398 0.3627
vn -0.8614 0.3568 0.3615
vn -0.7745 0.5175 0.3638
vn -0.8791 0.4700 0.0794
vn -0.9210 0.3815 0.0793
vn -0.7207 0.5907 0.3627
vn -0.7706 0.6323 0.0794
vn -0.8289 0.5538 0.0795
vn -0.8315 0.5555 0.0075
vn -0.7730 0.6343 0.0074
vn -0.7731 0.6343 -0.0052
vn -0.8314 0.5556 -0.0052
vn -0.8819 0.4714 0.0075
vn -0.9239 0.3827 0.0075
vn -0.8818 0.4715 -0.0052
vn -0.9239 0.3827 -0.0052
vn -0.9273 0.0920 0.3627
vn -0.9323 -0.0000 0.3616
vn -0.9136 0.1817 0.3637
vn -0.9920 0.0979 0.0794
vn -0.9969 -0.0000 0.0793
vn -0.8919 0.2699 0.3627
vn -0.9540 0.2892 0.0794
vn -0.9777 0.1945 0.0796
vn -0.9808 0.1951 0.0075
vn -0.9569 0.2902 0.0075
vn -0.9570 0.2902 -0.0052
vn -0.9808 0.1950 -0.0052
vn -0.9952 0.0981 0.0075
vn -1.0000 -0.0000 0.0075
vn -0.9952 0.0982 -0.0052
vn -1.0000 -0.0000 -0.0052
vn -0.8919 -0.2699 0.3627
vn -0.8614 -0.3568 0.3615
vn -0.9136 -0.1817 0.3637
vn -0.9540 -0.2892 0.0794
vn -0.9210 -0.3815 0.0793
vn -0.9273 -0.0920 0.3627
vn -0.9920 -0.0979 0.0794
vn -0.9777 -0.1945 0.0796
vn -0.9808 -0.1950 0.0074
vn -0.9952 -0.0981 0.0074
vn -0.9952 -0.0982 -0.0052
vn -0.9808 -0.1950 -0.0052
vn -0.9569 -0.2902 0.0075
vn -0.9239 -0.3827 0.0075
vn -0.9570 -0.2901 -0.0052
vn -0.9239 -0.3827 -0.0052
vn -0.7207 -0.5908 0.3627
vn -0.6593 -0.6593 0.3614
vn -0.7745 -0.5175 0.3638
vn -0.7706 -0.6323 0.0794
vn -0.7049 -0.7049 0.0794
vn -0.8216 -0.4398 0.3627
vn -0.8791 -0.4700 0.0794
vn -0.8289 -0.5538 0.0795
vn -0.8315 -0.5555 0.0074
vn -0.8819 -0.4714 0.0075
vn -0.8818 -0.4715 -0.0052
vn -0.8314 -0.5556 -0.0052
vn -0.7730 -0.6343 0.0074
vn -0.7071 -0.7071 0.0075
vn -0.7731 -0.6343 -0.0052
vn -0.7071 -0.7071 -0.0052
vn -0.4398 -0.8216 0.3627
vn -0.3568 -0.8614 0.3615
vn -0.5175 -0.7745 0.3638
vn -0.4700 -0.8791 0.0794
vn -0.3815 -0.9210 0.0793
vn -0.5908 -0.7207 0.3627
vn -0.6323 -0.7706 0.0794
vn -0.5538 -0.8289 0.0795
vn -0.5555 -0.8315 0.0075
vn -0.6343 -0.7730 0.0074
vn -0.6343 -0.7731 -0.0052
vn -0.5556 -0.8314 -0.0052
vn -0.4714 -0.8819 0.0075
vn -0.3827 -0.9239 0.0075
vn -0.4715 -0.8818 -0.0052
vn -0.3827 -0.9239 -0.0052
vn -0.0920 -0.9273 0.3627
vn -0.1817 -0.9136 0.3637
vn -0.0979 -0.9920 0.0794
vn -0.2699 -0.8919 0.3627
vn -0.2892 -0.9540 0.0794
vn -0.1945 -0.9777 0.0796
vn -0.1951 -0.9808 0.0075
vn -0.2902 -0.9569 0.0075
vn -0.2902 -0.9570 -0.0052
vn -0.1950 -0.9808 -0.0052
vn -0.0981 -0.9952 0.0075
vn -0.0000 -1.0000 0.0075
vn -0.0982 -0.9952 -0.0052
vn 0.2902 -0.9570 -0.0047
vn 0.3827 -0.9238 -0.0047
vn 0.1951 -0.9808 -0.0047
vn 0.1951 -0.9808 -0.0029
vn 0.2902 -0.9570 -0.0029
vn 0.3828 -0.9238 -0.0029
vn 0.0981 -0.9952 -0.0047
vn -0.0000 -1.0000 -0.0047
vn -0.0000 -1.0000 -0.0029
vn 0.0982 -0.9952 -0.0029
vn 0.0982 -0.9952 -0.0014
vn 0.1953 -0.9807 -0.0014
vn -0.0000 -1.0000 -0.0014
vn 0.0001 -1.0000 -0.0006
vn 0.0982 -0.9952 -0.0006
vn 0.1953 -0.9807 -0.0006
vn 0.2903 -0.9569 -0.0014
vn 0.3829 -0.9238 -0.0015
vn 0.2906 -0.9568 -0.0007
vn 0.3831 -0.9237 -0.0007
vn 0.6343 -0.7730 -0.0047
vn 0.7071 -0.7070 -0.0047
vn 0.5556 -0.8315 -0.0047
vn 0.5557 -0.8314 -0.0030
vn 0.6344 -0.7730 -0.0029
vn 0.7072 -0.7071 -0.0029
vn 0.4715 -0.8818 -0.0047
vn 0.4717 -0.8818 -0.0029
vn 0.4718 -0.8817 -0.0015
vn 0.5558 -0.8313 -0.0015
vn 0.4720 -0.8816 -0.0007
vn 0.5561 -0.8311 -0.0007
vn 0.6346 -0.7728 -0.0014
vn 0.7072 -0.7070 -0.0013
vn 0.6347 -0.7728 -0.0006
vn 0.7070 -0.7072 -0.0002
vn 0.8818 -0.4717 -0.0045
vn 0.9237 -0.3830 -0.0044
vn 0.8314 -0.5557 -0.0046
vn 0.8313 -0.5558 -0.0027
vn 0.8816 -0.4721 -0.0024
vn 0.9235 -0.3836 -0.0021
vn 0.7730 -0.6344 -0.0047
vn 0.7730 -0.6344 -0.0028
vn 0.7728 -0.6346 -0.0011
vn 0.8309 -0.5565 -0.0006
vn 0.7721 -0.6355 0.0007
vn 0.8297 -0.5582 0.0020
vn 0.8810 -0.4731 -0.0000
vn 0.9230 -0.3849 0.0008
vn 0.8796 -0.4756 0.0038
vn 0.9216 -0.3880 0.0060
vn 0.9951 -0.0983 -0.0040
vn 1.0000 -0.0000 -0.0039
vn 0.9807 -0.1953 -0.0041
vn 0.9806 -0.1959 -0.0015
vn 0.9951 -0.0986 -0.0012
vn 1.0000 -0.0000 -0.0012
vn 0.9569 -0.2905 -0.0042
vn 0.9567 -0.2912 -0.0018
vn 0.9562 -0.2927 0.0016
vn 0.9803 -0.1973 0.0023
vn 0.9552 -0.2958 0.0081
vn 0.9798 -0.1997 0.0099
vn 0.9951 -0.0993 0.0028
vn 1.0000 -0.0000 0.0030
vn 0.9949 -0.1007 0.0111
vn 0.9999 -0.0000 0.0116
vn 0.9237 0.3830 -0.0044
vn 0.9569 0.2905 -0.0042
vn 0.9807 0.1953 -0.0041
vn 0.9567 0.2912 -0.0018
vn 0.9235 0.3836 -0.0021
vn 0.9951 0.0983 -0.0040
vn 0.9951 0.0986 -0.0012
vn 0.9806 0.1959 -0.0015
vn 0.9803 0.1973 0.0023
vn 0.9951 0.0993 0.0028
vn 0.9948 0.1007 0.0111
vn 0.9798 0.1997 0.0099
vn 0.9230 0.3849 0.0008
vn 0.9562 0.2927 0.0016
vn 0.9552 0.2958 0.0081
vn 0.9216 0.3880 0.0060
vn 0.7071 0.7071 -0.0047
vn 0.7730 0.6343 -0.0047
vn 0.8314 0.5557 -0.0046
vn 0.7730 0.6344 -0.0028
vn 0.7072 0.7071 -0.0029
vn 0.8818 0.4717 -0.0045
vn 0.8816 0.4721 -0.0024
vn 0.8313 0.5558 -0.0027
vn 0.8309 0.5565 -0.0006
vn 0.8810 0.4731 -0.0000
vn 0.8796 0.4756 0.0038
vn 0.8297 0.5582 0.0020
vn 0.7072 0.7070 -0.0013
vn 0.7728 0.6346 -0.0011
vn 0.7721 0.6355 0.0007
vn 0.7070 0.7072 -0.0002
vn 0.3827 0.9238 -0.0047
vn 0.4715 0.8818 -0.0047
vn 0.5556 0.8315 -0.0047
vn 0.4717 0.8818 -0.0029
vn 0.3828 0.9238 -0.0029
vn 0.6343 0.7730 -0.0047
vn 0.6344 0.7730 -0.0029
vn 0.5557 0.8314 -0.0030
vn 0.5558 0.8313 -0.0015
vn 0.6346 0.7728 -0.0014
vn 0.6347 0.7728 -0.0006
vn 0.5561 0.8311 -0.0007
vn 0.3829 0.9238 -0.0015
vn 0.4718 0.8817 -0.0015
vn 0.4720 0.8816 -0.0007
vn 0.3831 0.9237 -0.0007
vn -0.0000 1.0000 -0.0047
vn 0.0981 0.9952 -0.0047
vn 0.1951 0.9808 -0.0047
vn 0.0982 0.9952 -0.0029
vn -0.0000 1.0000 -0.0029
vn 0.2902 0.9570 -0.0047
vn 0.2902 0.9570 -0.0029
vn 0.1951 0.9808 -0.0029
vn 0.1953 0.9807 -0.0014
vn 0.2903 0.9569 -0.0014
vn 0.2906 0.9568 -0.0007
vn 0.1953 0.9807 -0.0006
vn -0.0000 1.0000 -0.0014
vn 0.0982 0.9952 -0.0014
vn 0.0982 0.9952 -0.0006
vn 0.0001 1.0000 -0.0006
vn -0.2901 0.9570 -0.0047
vn -0.3827 0.9239 -0.0047
vn -0.1951 0.9808 -0.0047
vn -0.2902 0.9570 -0.0029
vn -0.3827 0.9239 -0.0029
vn -0.0981 0.9952 -0.0047
vn -0.0982 0.9952 -0.0029
vn -0.1950 0.9808 -0.0029
vn -0.1951 0.9808 -0.0014
vn -0.0981 0.9952 -0.0014
vn -0.0981 0.9952 -0.0006
vn -0.1951 0.9808 -0.0006
vn -0.3827 0.9239 -0.0014
vn -0.2902 0.9570 -0.0014
vn -0.2901 0.9570 -0.0006
vn -0.3827 0.9239 -0.0006
vn -0.6343 0.7731 -0.0047
vn -0.7071 0.7071 -0.0047
vn -0.5556 0.8314 -0.0047
vn -0.6343 0.7731 -0.0029
vn -0.7071 0.7071 -0.0029
vn -0.4715 0.8819 -0.0047
vn -0.4715 0.8819 -0.0029
vn -0.5556 0.8315 -0.0029
vn -0.4714 0.8819 -0.0014
vn -0.5555 0.8315 -0.0014
vn -0.4715 0.8818 -0.0006
vn -0.5556 0.8314 -0.0006
vn -0.7071 0.7071 -0.0014
vn -0.6343 0.7731 -0.0014
vn -0.6344 0.7730 -0.0006
vn -0.7071 0.7071 -0.0006
vn -0.9239 0.3827 -0.0047
vn -0.8818 0.4715 -0.0047
vn -0.8314 0.5556 -0.0047
vn -0.8819 0.4715 -0.0029
vn -0.9239 0.3827 -0.0029
vn -0.7731 0.6343 -0.0047
vn -0.7731 0.6343 -0.0029
vn -0.8315 0.5556 -0.0029
vn -0.7731 0.6343 -0.0014
vn -0.8315 0.5555 -0.0014
vn -0.7730 0.6344 -0.0006
vn -0.8314 0.5556 -0.0006
vn -0.9239 0.3827 -0.0014
vn -0.8819 0.4714 -0.0014
vn -0.8818 0.4715 -0.0006
vn -0.9239 0.3827 -0.0006
vn -0.9952 0.0981 -0.0047
vn -1.0000 -0.0000 -0.0047
vn -0.9808 0.1951 -0.0047
vn -0.9952 0.0982 -0.0029
vn -1.0000 -0.0000 -0.0029
vn -0.9569 0.2904 -0.0047
vn -0.9570 0.2901 -0.0029
vn -0.9808 0.1950 -0.0029
vn -0.9570 0.2902 -0.0014
vn -0.9808 0.1951 -0.0014
vn -0.9570 0.2901 -0.0006
vn -0.9808 0.1951 -0.0006
vn -1.0000 -0.0000 -0.0014
vn -0.9952 0.0981 -0.0014
vn -0.9952 0.0981 -0.0006
vn -1.0000 -0.0000 -0.0006
vn -0.9570 -0.2901 -0.0047
vn -0.9239 -0.3827 -0.0047
vn -0.9808 -0.1951 -0.0047
vn -0.9570 -0.2902 -0.0029
vn -0.9239 -0.3827 -0.0029
vn -0.9952 -0.0981 -0.0047
vn -0.9952 -0.0982 -0.0029
vn -0.9808 -0.1950 -0.0029
vn -0.9952 -0.0981 -0.0014
vn -0.9808 -0.1951 -0.0014
vn -0.9952 -0.0981 -0.0006
vn -0.9808 -0.1951 -0.0006
vn -0.9239 -0.3827 -0.0014
vn -0.9570 -0.2902 -0.0014
vn -0.9570 -0.2901 -0.0006
vn -0.9239 -0.3827 -0.0006
vn -0.7731 -0.6343 -0.0047
vn -0.7071 -0.7071 -0.0047
vn -0.8314 -0.5556 -0.0047
vn -0.7731 -0.6343 -0.0029
vn -0.7071 -0.7071 -0.0029
vn -0.8819 -0.4715 -0.0047
vn -0.8819 -0.4715 -0.0029
vn -0.8315 -0.5556 -0.0029
vn -0.8819 -0.4714 -0.0014
vn -0.8315 -0.5555 -0.0014
vn -0.8818 -0.4715 -0.0006
vn -0.8314 -0.5556 -0.0006
vn -0.7071 -0.7071 -0.0014
vn -0.7731 -0.6343 -0.0014
vn -0.7730 -0.6344 -0.0006
vn -0.7071 -0.7071 -0.0006
vn -0.4715 -0.8819 -0.0047
vn -0.3827 -0.9239 -0.0047
vn -0.5556 -0.8314 -0.0047
vn -0.4715 -0.8819 -0.0029
vn -0.3827 -0.9239 -0.0029
vn -0.6343 -0.7731 -0.0047
vn -0.6343 -0.7731 -0.0029
vn -0.5556 -0.8315 -0.0029
vn -0.6343 -0.7731 -0.0014
vn -0.5555 -0.8315 -0.0014
vn -0.6343 -0.7730 -0.0006
vn -0.5556 -0.8314 -0.0006
vn -0.3827 -0.9239 -0.0014
vn -0.4714 -0.8819 -0.0014
vn -0.4715 -0.8818 -0.0006
vn -0.3827 -0.9239 -0.0006
vn -0.0981 -0.9952 -0.0047
vn -0.1951 -0.9808 -0.0047
vn -0.1950 -0.9808 -0.0029
vn -0.0982 -0.9952 -0.0029
vn -0.2901 -0.9570 -0.0047
vn -0.2901 -0.9570 -0.0029
vn -0.2902 -0.9570 -0.0014
vn -0.1951 -0.9808 -0.0014
vn -0.2901 -0.9570 -0.0006
vn -0.1951 -0.9808 -0.0006
vn -0.0981 -0.9952 -0.0014
vn -0.0981 -0.9952 -0.0006
vn -0.7071 -0.7071 -0.0000
vn -0.5556 -0.8315 -0.0002
vn -0.5555 -0.8315 -0.0001
vn 0.3835 -0.9235 -0.0004
vn 0.3840 -0.9233 -0.0006
vn 0.4725 -0.8814 -0.0005
vn 0.4729 -0.8811 -0.0006
vn 0.5564 -0.8309 -0.0004
vn 0.3846 -0.9231 -0.0009
vn 0.3854 -0.9227 -0.0015
vn 0.4734 -0.8808 -0.0011
vn 0.4738 -0.8806 -0.0014
vn 0.5558 -0.8313 0.0005
vn 0.5564 -0.8309 -0.0001
vn 0.6332 -0.7740 0.0018
vn 0.5548 -0.8320 0.0019
vn 0.6304 -0.7762 0.0061
vn 0.6261 -0.7796 0.0132
vn 0.6965 -0.7173 0.0190
vn 0.7028 -0.7114 0.0066
vn 0.6344 -0.7730 0.0002
vn 0.7059 -0.7083 0.0016
vn -0.2901 -0.9570 -0.0002
vn -0.0982 -0.9952 -0.0000
vn -0.0980 -0.9952 -0.0000
vn 0.0002 -1.0000 -0.0001
vn 0.7701 -0.6379 0.0044
vn 0.7648 -0.6441 0.0155
vn 0.8269 -0.5623 0.0088
vn 0.6875 -0.7252 0.0385
vn 0.7547 -0.6548 0.0420
vn 0.7394 -0.6681 0.0831
vn 0.8060 -0.5870 0.0763
vn 0.8199 -0.5718 0.0289
vn 0.8688 -0.4929 0.0461
vn 0.7830 -0.6041 0.1481
vn 0.8515 -0.5104 0.1199
vn 0.8176 -0.5279 0.2299
vn 0.8908 -0.4221 0.1684
vn 0.9116 -0.4060 0.0651
vn 0.8764 -0.4813 0.0145
vn 0.9188 -0.3942 0.0210
vn 0.9531 -0.3013 0.0272
vn 0.9468 -0.3108 0.0831
vn 0.9785 -0.2038 0.0322
vn 0.8410 -0.4359 0.3206
vn 0.9219 -0.3225 0.2145
vn 0.8513 -0.3306 0.4073
vn 0.9433 -0.2164 0.2518
vn 0.9729 -0.2099 0.0974
vn 0.9887 -0.1057 0.1063
vn 0.8504 -0.2200 0.4779
vn 0.9551 -0.1082 0.2757
vn 0.8447 -0.1097 0.5239
vn 0.9589 -0.0000 0.2837
vn 0.9940 -0.0000 0.1093
vn 0.9941 -0.1029 0.0354
vn 0.9993 -0.0000 0.0365
vn 0.9941 0.1029 0.0354
vn 0.9887 0.1057 0.1063
vn 0.9729 0.2099 0.0974
vn 0.9785 0.2038 0.0322
vn 0.9551 0.1082 0.2757
vn 0.8447 0.1097 0.5239
vn 0.8504 0.2200 0.4779
vn 0.9433 0.2164 0.2518
vn 0.9219 0.3225 0.2145
vn 0.9468 0.3108 0.0831
vn 0.8513 0.3306 0.4073
vn 0.8410 0.4359 0.3206
vn 0.8908 0.4221 0.1684
vn 0.9116 0.4060 0.0651
vn 0.9531 0.3013 0.0272
vn 0.9188 0.3942 0.0210
vn 0.8764 0.4813 0.0145
vn 0.8688 0.4929 0.0461
vn 0.8199 0.5718 0.0289
vn 0.8269 0.5623 0.0088
vn 0.8515 0.5104 0.1199
vn 0.8176 0.5279 0.2299
vn 0.7830 0.6041 0.1481
vn 0.8060 0.5870 0.0763
vn 0.7547 0.6548 0.0420
vn 0.7648 0.6441 0.0155
vn 0.7394 0.6681 0.0831
vn 0.6875 0.7252 0.0385
vn 0.6965 0.7173 0.0190
vn 0.7028 0.7114 0.0066
vn 0.7701 0.6379 0.0044
vn 0.7059 0.7083 0.0016
vn 0.6344 0.7730 0.0002
vn 0.6332 0.7740 0.0018
vn 0.5564 0.8309 -0.0001
vn 0.5564 0.8309 -0.0004
vn 0.6304 0.7762 0.0061
vn 0.6261 0.7796 0.0132
vn 0.5548 0.8320 0.0019
vn 0.5558 0.8313 0.0005
vn 0.4734 0.8808 -0.0011
vn 0.4729 0.8811 -0.0006
vn 0.4738 0.8806 -0.0014
vn 0.3854 0.9227 -0.0015
vn 0.3846 0.9231 -0.0009
vn 0.3840 0.9233 -0.0006
vn 0.4725 0.8814 -0.0005
vn 0.3835 0.9235 -0.0004
vn 0.2908 0.9568 -0.0003
vn 0.2912 0.9567 -0.0004
vn 0.1957 0.9807 -0.0002
vn 0.1956 0.9807 -0.0003
vn 0.2917 0.9565 -0.0006
vn 0.2922 0.9563 -0.0009
vn 0.1963 0.9805 -0.0005
vn 0.1961 0.9806 -0.0003
vn 0.0986 0.9951 -0.0001
vn 0.0985 0.9951 -0.0001
vn 0.0988 0.9951 -0.0002
vn 0.0003 1.0000 -0.0000
vn 0.0002 1.0000 -0.0001
vn 0.0983 0.9952 -0.0002
vn -0.0982 0.9952 -0.0000
vn -0.0980 0.9952 -0.0000
vn -0.2902 0.9570 -0.0001
vn -0.2901 0.9570 -0.0002
vn -0.7071 0.7071 -0.0000
vn -0.7731 0.6343 -0.0000
vn -0.8315 0.5555 -0.0000
vn -0.8315 0.5555 -0.0001
vn -0.8819 0.4715 -0.0000
vn -0.9239 0.3827 -0.0000
vn -0.9239 0.3827 -0.0002
vn -0.9570 0.2901 -0.0002
vn -0.9808 0.1951 -0.0000
vn -0.9808 0.1950 -0.0002
vn -0.9570 0.2902 -0.0000
vn -0.9952 0.0982 -0.0000
vn -0.9952 0.0981 -0.0000
vn -1.0000 -0.0000 -0.0000
vn -0.9952 0.0981 -0.0002
vn -1.0000 -0.0000 -0.0002
vn -0.9952 -0.0982 -0.0002
vn -0.9808 -0.1951 -0.0000
vn -0.9808 -0.1950 -0.0002
vn -0.9952 -0.0982 -0.0000
vn -0.9570 -0.2902 -0.0000
vn -0.9239 -0.3827 -0.0000
vn -0.9570 -0.2901 -0.0002
vn -0.9239 -0.3827 -0.0002
vn -0.8819 -0.4715 -0.0000
vn -0.8315 -0.5555 -0.0000
vn -0.8315 -0.5556 -0.0000
vn -0.7731 -0.6343 -0.0000
vn 0.0983 -0.9952 -0.0002
vn 0.0985 -0.9951 -0.0001
vn 0.1956 -0.9807 -0.0003
vn 0.0003 -1.0000 -0.0000
vn 0.0986 -0.9951 -0.0001
vn 0.0988 -0.9951 -0.0001
vn 0.1961 -0.9806 -0.0003
vn 0.1957 -0.9807 -0.0002
vn 0.2912 -0.9567 -0.0004
vn 0.1964 -0.9805 -0.0004
vn 0.2917 -0.9565 -0.0006
vn 0.2922 -0.9563 -0.0009
vn 0.2908 -0.9568 -0.0003
vn -0.9997 -0.0000 0.0246
vn -0.9910 -0.0977 0.0913
vn -0.9949 -0.0982 0.0249
vn -0.9958 -0.0000 0.0912
vn -0.9603 -0.0947 0.2624
vn -0.9464 -0.1883 0.2623
vn -0.9767 -0.1943 0.0911
vn -0.9805 -0.1950 0.0249
vn -0.9649 -0.0000 0.2625
vn -0.8279 -0.0816 0.5550
vn -0.8318 -0.0000 0.5550
vn -0.5481 -0.0540 0.8347
vn -0.5403 -0.1075 0.8346
vn -0.8156 -0.1622 0.5555
vn -0.9235 -0.2800 0.2623
vn -0.7958 -0.2413 0.5555
vn -0.5269 -0.1598 0.8347
vn -0.7683 -0.3182 0.5553
vn -0.8915 -0.3692 0.2624
vn -0.9567 -0.2901 0.0246
vn -0.9530 -0.2890 0.0909
vn -0.9200 -0.3811 0.0911
vn -0.9236 -0.3826 0.0246
vn -0.8782 -0.4695 0.0913
vn -0.8816 -0.4714 0.0247
vn -0.8510 -0.4550 0.2624
vn -0.8024 -0.5361 0.2623
vn -0.8280 -0.5532 0.0914
vn -0.8312 -0.5554 0.0247
vn -0.7333 -0.3921 0.5555
vn -0.4857 -0.2597 0.8347
vn -0.4579 -0.3060 0.8347
vn -0.6916 -0.4621 0.5552
vn -0.7460 -0.6120 0.2625
vn -0.6429 -0.5274 0.5555
vn -0.4258 -0.3493 0.8347
vn -0.5880 -0.5880 0.5554
vn -0.6824 -0.6824 0.2623
vn -0.7728 -0.6341 0.0247
vn -0.7699 -0.6316 0.0911
vn -0.7042 -0.7042 0.0912
vn -0.7069 -0.7069 0.0249
vn 0.0006 -0.9958 0.0912
vn 0.0995 -0.9947 0.0245
vn 0.0005 -0.9997 0.0247
vn 0.0007 -0.9649 0.2626
vn 0.0995 -0.9909 0.0909
vn 0.0970 -0.9602 0.2621
vn 0.1980 -0.9760 0.0905
vn 0.1980 -0.9799 0.0240
vn 0.0010 -0.8316 0.5553
vn 0.0565 -0.5465 0.8355
vn 0.0843 -0.8271 0.5557
vn 0.1125 -0.5355 0.8370
vn 0.1679 -0.8134 0.5569
vn 0.1931 -0.9454 0.2625
vn 0.2885 -0.9207 0.2627
vn 0.1681 -0.5158 0.8401
vn 0.2512 -0.7900 0.5592
vn 0.2212 -0.4867 0.8451
vn 0.3326 -0.7568 0.5627
vn 0.3810 -0.8863 0.2632
vn 0.2951 -0.9552 0.0228
vn 0.2954 -0.9512 0.0897
vn 0.3897 -0.9167 0.0888
vn 0.3892 -0.9209 0.0222
vn -0.6316 -0.7699 0.0911
vn -0.6341 -0.7728 0.0247
vn -0.6120 -0.7460 0.2625
vn -0.5361 -0.8024 0.2623
vn -0.5531 -0.8281 0.0915
vn -0.5554 -0.8312 0.0247
vn -0.5276 -0.6430 0.5551
vn -0.3493 -0.4258 0.8347
vn -0.3061 -0.4584 0.8344
vn -0.4621 -0.6916 0.5552
vn -0.4550 -0.8510 0.2624
vn -0.3921 -0.7333 0.5555
vn -0.2597 -0.4857 0.8347
vn -0.3182 -0.7683 0.5553
vn -0.3692 -0.8915 0.2624
vn -0.4714 -0.8816 0.0247
vn -0.4695 -0.8782 0.0913
vn -0.3811 -0.9200 0.0911
vn -0.3826 -0.9236 0.0246
vn 0.4753 -0.8795 0.0227
vn 0.4754 -0.8752 0.0898
vn 0.4649 -0.8447 0.2652
vn 0.5457 -0.8325 0.0962
vn 0.5473 -0.8364 0.0295
vn 0.4045 -0.7165 0.5683
vn 0.2657 -0.4501 0.8526
vn 0.4597 -0.6726 0.5799
vn 0.5319 -0.8015 0.2732
vn 0.5771 -0.7619 0.2940
vn 0.2973 -0.4080 0.8632
vn 0.4918 -0.6296 0.6014
vn 0.3056 -0.3649 0.8795
vn 0.4996 -0.5876 0.6365
vn 0.6012 -0.7262 0.3335
vn 0.6019 -0.7970 0.0507
vn 0.5964 -0.7942 0.1168
vn 0.6289 -0.7610 0.1591
vn 0.6399 -0.7625 0.0950
vn -0.2890 -0.9530 0.0909
vn -0.2901 -0.9567 0.0246
vn -0.2800 -0.9235 0.2623
vn -0.1883 -0.9464 0.2623
vn -0.1944 -0.9767 0.0914
vn -0.1950 -0.9805 0.0249
vn -0.2413 -0.7958 0.5555
vn -0.1598 -0.5269 0.8347
vn -0.1074 -0.5403 0.8346
vn -0.1622 -0.8159 0.5550
vn -0.0945 -0.9603 0.2624
vn -0.0813 -0.8278 0.5550
vn -0.0538 -0.5480 0.8348
vn -0.0979 -0.9949 0.0245
vn -0.0975 -0.9910 0.0913
vn 0.6646 -0.7280 0.1683
vn 0.6467 -0.7281 0.2275
vn 0.6065 -0.6897 0.3957
vn 0.6491 -0.6894 0.3217
vn 0.6752 -0.6862 0.2707
vn 0.2911 -0.3188 0.9020
vn 0.4834 -0.5444 0.6855
vn 0.2515 -0.2731 0.9285
vn 0.4442 -0.5034 0.7412
vn 0.5928 -0.6497 0.4759
vn 0.5574 -0.6084 0.5649
vn 0.1868 -0.2370 0.9534
vn 0.3819 -0.4728 0.7941
vn 0.0971 -0.2233 0.9699
vn 0.2971 -0.4713 0.8304
vn 0.4967 -0.5763 0.6490
vn 0.6655 -0.6331 0.3953
vn 0.6311 -0.6429 0.4339
vn 0.5871 -0.5945 0.5494
vn 0.6294 -0.5714 0.5267
vn 0.5679 -0.5039 0.6508
vn 0.5178 -0.5480 0.6569
vn 0.4138 -0.5576 0.7196
vn 0.4315 -0.4772 0.7656
vn 0.4895 -0.4123 0.7683
vn -0.0145 -0.2602 0.9655
vn 0.1969 -0.4981 0.8445
vn -0.1315 -0.3408 0.9309
vn 0.0961 -0.5015 0.8598
vn 0.3168 -0.5159 0.7959
vn 0.2247 -0.3661 0.9030
vn -0.2226 -0.4042 0.8871
vn 0.0063 -0.3796 0.9251
vn -0.2858 -0.3348 0.8979
vn -0.0379 -0.0000 0.9993
vn 0.1820 -0.0000 0.9833
vn 0.4134 -0.2565 0.8737
vn 0.3477 -0.3179 0.8821
vn 0.3090 -0.0000 0.9511
vn 0.3778 -0.0000 0.9259
vn 0.3477 0.3179 0.8821
vn 0.4134 0.2565 0.8737
vn 0.2247 0.3661 0.9030
vn 0.3168 0.5158 0.7960
vn 0.4315 0.4772 0.7656
vn 0.4895 0.4123 0.7683
vn 0.0066 0.3795 0.9252
vn -0.2858 0.3348 0.8979
vn -0.2226 0.4042 0.8871
vn 0.0961 0.5015 0.8598
vn 0.1971 0.4981 0.8444
vn 0.4136 0.5575 0.7198
vn -0.1312 0.3409 0.9309
vn -0.0145 0.2602 0.9654
vn 0.2970 0.4713 0.8304
vn 0.4967 0.5763 0.6490
vn 0.5178 0.5480 0.6569
vn 0.5679 0.5039 0.6508
vn 0.5871 0.5945 0.5494
vn 0.6294 0.5714 0.5267
vn 0.6311 0.6429 0.4339
vn 0.6655 0.6331 0.3953
vn 0.5574 0.6084 0.5649
vn 0.5928 0.6497 0.4759
vn 0.6491 0.6894 0.3217
vn 0.6752 0.6862 0.2707
vn 0.3819 0.4728 0.7941
vn 0.0972 0.2233 0.9699
vn 0.1865 0.2367 0.9535
vn 0.4442 0.5034 0.7412
vn 0.4834 0.5444 0.6855
vn 0.6065 0.6897 0.3957
vn 0.2515 0.2732 0.9285
vn 0.2911 0.3188 0.9020
vn 0.4996 0.5876 0.6365
vn 0.6012 0.7262 0.3335
vn 0.6467 0.7281 0.2275
vn 0.6646 0.7280 0.1683
vn 0.6289 0.7610 0.1591
vn 0.6399 0.7625 0.0950
vn 0.5964 0.7942 0.1168
vn 0.6019 0.7970 0.0507
vn 0.5771 0.7619 0.2940
vn 0.5319 0.8016 0.2728
vn 0.5457 0.8325 0.0962
vn 0.5473 0.8364 0.0295
vn 0.4918 0.6296 0.6014
vn 0.3056 0.3649 0.8795
vn 0.2975 0.4082 0.8630
vn 0.4597 0.6726 0.5799
vn 0.4045 0.7165 0.5683
vn 0.4649 0.8447 0.2652
vn 0.2657 0.4501 0.8526
vn 0.2212 0.4867 0.8451
vn 0.3325 0.7569 0.5627
vn 0.3812 0.8863 0.2629
vn 0.4754 0.8752 0.0898
vn 0.4753 0.8795 0.0227
vn 0.3897 0.9167 0.0889
vn 0.3892 0.9209 0.0222
vn 0.2953 0.9512 0.0898
vn 0.2951 0.9552 0.0233
vn 0.2886 0.9208 0.2623
vn 0.1931 0.9454 0.2625
vn 0.1979 0.9760 0.0908
vn 0.1980 0.9799 0.0240
vn 0.2514 0.7901 0.5591
vn 0.1680 0.5159 0.8400
vn 0.1679 0.8134 0.5570
vn 0.0843 0.8271 0.5556
vn 0.0970 0.9602 0.2621
vn 0.1126 0.5356 0.8369
vn 0.0565 0.5465 0.8355
vn 0.0010 0.8316 0.5553
vn 0.0007 0.9649 0.2626
vn 0.0995 0.9909 0.0910
vn 0.0996 0.9947 0.0245
vn 0.0006 0.9958 0.0912
vn 0.0005 0.9997 0.0247
vn -0.0975 0.9910 0.0913
vn -0.0980 0.9949 0.0247
vn -0.0943 0.9604 0.2622
vn -0.1883 0.9464 0.2623
vn -0.1942 0.9767 0.0911
vn -0.1949 0.9805 0.0249
vn -0.0813 0.8278 0.5550
vn -0.0538 0.5481 0.8347
vn -0.1074 0.5403 0.8346
vn -0.1622 0.8159 0.5550
vn -0.2800 0.9235 0.2623
vn -0.2413 0.7958 0.5555
vn -0.1598 0.5272 0.8346
vn -0.3182 0.7683 0.5553
vn -0.3692 0.8915 0.2624
vn -0.2901 0.9567 0.0246
vn -0.2890 0.9530 0.0909
vn -0.3811 0.9200 0.0911
vn -0.3826 0.9236 0.0246
vn -0.4695 0.8782 0.0913
vn -0.4714 0.8816 0.0247
vn -0.4550 0.8510 0.2624
vn -0.5361 0.8024 0.2623
vn -0.5532 0.8280 0.0914
vn -0.5553 0.8313 0.0246
vn -0.3921 0.7333 0.5555
vn -0.2597 0.4857 0.8347
vn -0.3061 0.4583 0.8344
vn -0.4619 0.6913 0.5556
vn -0.6120 0.7460 0.2625
vn -0.5274 0.6429 0.5555
vn -0.3493 0.4258 0.8347
vn -0.5880 0.5880 0.5554
vn -0.6824 0.6824 0.2623
vn -0.6342 0.7728 0.0245
vn -0.6316 0.7699 0.0911
vn -0.7042 0.7042 0.0912
vn -0.7069 0.7069 0.0249
vn -0.7699 0.6316 0.0911
vn -0.7728 0.6342 0.0245
vn -0.7460 0.6120 0.2625
vn -0.8024 0.5361 0.2623
vn -0.8280 0.5532 0.0914
vn -0.8313 0.5553 0.0246
vn -0.6430 0.5276 0.5551
vn -0.4258 0.3493 0.8347
vn -0.4583 0.3061 0.8344
vn -0.6916 0.4621 0.5552
vn -0.8510 0.4550 0.2624
vn -0.7333 0.3921 0.5555
vn -0.4857 0.2597 0.8347
vn -0.7683 0.3182 0.5553
vn -0.8915 0.3692 0.2624
vn -0.8816 0.4714 0.0247
vn -0.8782 0.4695 0.0913
vn -0.9200 0.3811 0.0911
vn -0.9236 0.3826 0.0246
vn -0.9530 0.2890 0.0909
vn -0.9567 0.2901 0.0246
vn -0.9235 0.2800 0.2623
vn -0.9464 0.1883 0.2623
vn -0.9767 0.1943 0.0911
vn -0.9805 0.1950 0.0249
vn -0.7958 0.2413 0.5555
vn -0.5272 0.1598 0.8346
vn -0.5403 0.1075 0.8346
vn -0.8156 0.1622 0.5555
vn -0.9603 0.0947 0.2624
vn -0.8276 0.0816 0.5554
vn -0.5481 0.0540 0.8347
vn -0.9949 0.0982 0.0249
vn -0.9910 0.0977 0.0913
vn -0.9570 0.2902 0.0007
vn -0.9239 0.3827 0.0007
vn -0.9570 0.2901 0.0056
vn -0.9239 0.3827 0.0056
vn -0.9808 0.1951 0.0055
vn -0.9808 0.1951 0.0006
vn -0.9952 0.0982 0.0006
vn -0.9952 0.0981 0.0055
vn -1.0000 -0.0000 0.0054
vn -1.0000 -0.0000 0.0006
vn -0.7731 0.6343 0.0006
vn -0.7071 0.7071 0.0006
vn -0.7730 0.6343 0.0056
vn -0.7071 0.7071 0.0056
vn -0.8314 0.5557 0.0054
vn -0.8315 0.5555 0.0007
vn -0.8819 0.4715 0.0054
vn -0.8819 0.4715 0.0006
vn -0.4715 0.8819 0.0006
vn -0.3827 0.9239 0.0006
vn -0.4715 0.8819 0.0054
vn -0.3827 0.9238 0.0056
vn -0.5555 0.8315 0.0056
vn -0.5555 0.8315 0.0007
vn -0.6343 0.7730 0.0056
vn -0.6343 0.7731 0.0006
vn 0.0004 1.0000 -0.0000
vn -0.0980 0.9952 0.0005
vn -0.1947 0.9809 0.0006
vn 0.0004 1.0000 0.0006
vn -0.0980 0.9952 0.0055
vn 0.0004 1.0000 0.0054
vn -0.1950 0.9808 0.0055
vn -0.2902 0.9570 0.0007
vn -0.2901 0.9570 0.0057
vn 0.2929 0.9561 -0.0013
vn 0.3863 0.9224 -0.0020
vn 0.2936 0.9559 -0.0009
vn 0.1972 0.9804 -0.0001
vn 0.1967 0.9805 -0.0005
vn 0.3871 0.9220 -0.0018
vn 0.2943 0.9557 0.0040
vn 0.3881 0.9216 0.0030
vn 0.1976 0.9803 0.0047
vn 0.0994 0.9950 0.0052
vn 0.0991 0.9951 0.0004
vn 0.0989 0.9951 -0.0002
vn 0.6205 0.7840 0.0204
vn 0.6759 0.7348 0.0575
vn 0.6140 0.7889 0.0255
vn 0.5511 0.8344 0.0051
vn 0.5531 0.8331 0.0035
vn 0.6631 0.7453 0.0693
vn 0.6074 0.7937 0.0321
vn 0.6508 0.7553 0.0772
vn 0.5490 0.8358 0.0105
vn 0.4748 0.8801 0.0035
vn 0.4745 0.8802 -0.0013
vn 0.4742 0.8804 -0.0016
vn 0.7703 0.5467 0.3282
vn 0.7684 0.4526 0.4524
vn 0.7264 0.5734 0.3789
vn 0.7228 0.6445 0.2494
vn 0.7527 0.6226 0.2139
vn 0.7055 0.4850 0.5168
vn 0.6929 0.6055 0.3914
vn 0.6623 0.5296 0.5300
vn 0.6972 0.6679 0.2606
vn 0.6810 0.7160 0.1533
vn 0.6998 0.6998 0.1437
vn 0.7200 0.6832 0.1218
vn 0.8417 -0.0000 0.5400
vn 0.6783 0.1189 0.7251
vn 0.6640 -0.0000 0.7477
vn 0.5461 0.1474 0.8247
vn 0.6014 0.2723 0.7511
vn 0.7118 0.2325 0.6628
vn 0.5219 -0.0000 0.8530
vn 0.4673 0.1958 0.8621
vn 0.4363 -0.0000 0.8998
vn 0.5354 0.3377 0.7741
vn 0.6069 0.4430 0.6599
vn 0.6608 0.3839 0.6450
vn 0.7467 0.3451 0.5687
vn 0.7684 -0.4526 0.4524
vn 0.7055 -0.4850 0.5168
vn 0.7467 -0.3451 0.5687
vn 0.6608 -0.3839 0.6450
vn 0.7118 -0.2325 0.6628
vn 0.6623 -0.5296 0.5300
vn 0.6069 -0.4430 0.6599
vn 0.5354 -0.3377 0.7741
vn 0.6014 -0.2723 0.7511
vn 0.5463 -0.1472 0.8245
vn 0.4673 -0.1958 0.8621
vn 0.6783 -0.1189 0.7251
vn 0.6759 -0.7348 0.0575
vn 0.6631 -0.7453 0.0693
vn 0.7200 -0.6832 0.1218
vn 0.6998 -0.6998 0.1437
vn 0.7527 -0.6226 0.2139
vn 0.6508 -0.7553 0.0772
vn 0.6810 -0.7160 0.1533
vn 0.6972 -0.6679 0.2606
vn 0.7228 -0.6445 0.2494
vn 0.7264 -0.5734 0.3789
vn 0.6929 -0.6055 0.3914
vn 0.7703 -0.5467 0.3282
vn -0.2902 -0.9570 0.0007
vn -0.3827 -0.9239 0.0056
vn -0.3827 -0.9239 0.0006
vn -0.2902 -0.9570 0.0057
vn -0.1951 -0.9808 0.0055
vn -0.1951 -0.9808 0.0006
vn -0.0980 -0.9952 0.0006
vn -0.0980 -0.9952 0.0054
vn 0.0005 -1.0000 0.0054
vn 0.0004 -1.0000 0.0006
vn 0.3863 -0.9224 -0.0020
vn 0.3871 -0.9220 -0.0018
vn 0.4742 -0.8804 -0.0016
vn 0.4745 -0.8802 -0.0013
vn 0.5531 -0.8331 0.0035
vn 0.3881 -0.9216 0.0030
vn 0.4748 -0.8801 0.0035
vn 0.5490 -0.8358 0.0105
vn 0.5511 -0.8344 0.0051
vn 0.6140 -0.7889 0.0255
vn 0.6074 -0.7937 0.0321
vn 0.6205 -0.7840 0.0204
vn -0.6343 -0.7731 0.0005
vn -0.7071 -0.7071 0.0056
vn -0.7071 -0.7071 0.0006
vn -0.6343 -0.7731 0.0055
vn -0.5556 -0.8315 0.0055
vn -0.5555 -0.8315 0.0008
vn -0.4715 -0.8819 0.0006
vn -0.4715 -0.8819 0.0054
vn 0.0989 -0.9951 -0.0002
vn 0.0992 -0.9951 0.0003
vn 0.1968 -0.9805 -0.0006
vn 0.0994 -0.9950 0.0052
vn 0.1976 -0.9803 0.0049
vn 0.1972 -0.9804 -0.0001
vn 0.2936 -0.9559 -0.0009
vn 0.2943 -0.9557 0.0041
vn 0.2929 -0.9561 -0.0013
vn -0.8819 -0.4715 0.0006
vn -0.9239 -0.3827 0.0006
vn -0.8819 -0.4715 0.0054
vn -0.9238 -0.3827 0.0056
vn -0.8315 -0.5556 0.0055
vn -0.8315 -0.5555 0.0008
vn -0.7731 -0.6343 0.0005
vn -0.7731 -0.6343 0.0055
vn -0.9952 -0.0982 0.0006
vn -0.9952 -0.0981 0.0055
vn -0.9808 -0.1951 0.0055
vn -0.9808 -0.1951 0.0006
vn -0.9570 -0.2902 0.0007
vn -0.9570 -0.2901 0.0057
vn 0.0002 0.2544 0.9671
vn -0.0244 0.2539 0.9669
vn -0.0487 0.2528 0.9663
vn 0.0008 0.0051 1.0000
vn 0.0004 0.0036 1.0000
vn -0.0733 0.2515 0.9651
vn -0.0993 0.2527 0.9624
vn 0.0012 0.0154 0.9999
vn 0.0013 0.0085 1.0000
vn 0.0515 -0.2356 0.9705
vn -0.0010 0.0269 0.9996
vn 0.0763 -0.2217 0.9721
vn 0.0985 -0.2011 0.9746
vn 0.0007 -0.2454 0.9694
vn 0.0259 -0.2430 0.9697
vn 0.0009 -0.5503 0.8350
vn -0.1267 0.2569 0.9581
vn -0.1565 0.2669 0.9509
vn -0.0076 0.0448 0.9990
vn -0.1919 0.2855 0.9390
vn -0.2371 0.3119 0.9200
vn -0.0462 0.0994 0.9940
vn -0.0213 0.0688 0.9974
vn 0.1197 -0.1370 0.9833
vn -0.0860 0.1361 0.9870
vn 0.1063 -0.0972 0.9896
vn 0.1144 -0.1728 0.9783
vn -0.3019 0.3426 0.8897
vn -0.3946 0.3687 0.8416
vn -0.1467 0.1766 0.9733
vn -0.5180 0.3788 0.7669
vn -0.6693 0.3514 0.6546
vn -0.3617 0.2168 0.9067
vn -0.2397 0.2072 0.9485
vn -0.1691 0.0278 0.9852
vn -0.0588 0.0202 0.9981
vn -0.3083 -0.0224 0.9510
vn 0.0751 -0.0535 0.9957
vn 0.0233 -0.0099 0.9997
vn -0.8160 0.2649 0.5139
vn -0.7541 -0.0646 0.6535
vn -0.6641 0.0663 0.7447
vn -0.5133 0.1761 0.8399
vn -0.9501 0.0354 0.3098
vn -0.9090 0.1450 0.3908
vn -0.9596 -0.0000 0.2812
vn -0.7860 -0.0000 0.6182
vn -0.7799 -0.1206 0.6142
vn -0.5599 -0.2416 0.7925
vn -0.5275 -0.2452 0.8134
vn -0.5776 -0.0000 0.8163
vn -0.3210 -0.0000 0.9471
vn -0.4437 -0.1324 0.8864
vn -0.9501 -0.0354 0.3098
vn -0.9090 -0.1450 0.3908
vn -0.7799 0.1206 0.6142
vn -0.8160 -0.2649 0.5139
vn -0.6693 -0.3514 0.6546
vn -0.6641 -0.0663 0.7447
vn -0.7541 0.0646 0.6535
vn -0.5275 0.2452 0.8134
vn -0.5133 -0.1761 0.8399
vn -0.4437 0.1324 0.8864
vn -0.3083 0.0224 0.9510
vn -0.5599 0.2416 0.7925
vn -0.5180 -0.3788 0.7669
vn -0.3946 -0.3687 0.8416
vn -0.2397 -0.2071 0.9485
vn -0.3617 -0.2168 0.9067
vn -0.3019 -0.3426 0.8897
vn -0.2371 -0.3119 0.9200
vn -0.0860 -0.1361 0.9870
vn -0.1467 -0.1765 0.9733
vn -0.0591 -0.0205 0.9980
vn 0.0751 0.0535 0.9957
vn 0.0233 0.0099 0.9997
vn -0.1691 -0.0278 0.9852
vn -0.1919 -0.2855 0.9390
vn -0.1565 -0.2669 0.9509
vn -0.0213 -0.0688 0.9974
vn -0.0462 -0.0994 0.9940
vn -0.1267 -0.2569 0.9581
vn -0.0993 -0.2527 0.9624
vn -0.0010 -0.0269 0.9996
vn -0.0076 -0.0448 0.9990
vn 0.1144 0.1728 0.9783
vn 0.1197 0.1370 0.9833
vn 0.0985 0.2011 0.9746
vn 0.1063 0.0972 0.9896
vn -0.0733 -0.2515 0.9651
vn -0.0487 -0.2528 0.9663
vn 0.0013 -0.0087 1.0000
vn 0.0012 -0.0154 0.9999
vn -0.0244 -0.2539 0.9669
vn 0.0002 -0.2541 0.9672
vn 0.0004 -0.0036 1.0000
vn 0.0008 -0.0051 1.0000
vn 0.0259 0.2430 0.9697
vn 0.0515 0.2354 0.9705
vn 0.0007 0.2454 0.9694
vn 0.0009 0.5503 0.8350
vn 0.0763 0.2217 0.9721
vn 0.0250 -0.2527 0.9672
vn 0.0496 -0.2492 0.9672
vn 0.0005 -0.0035 1.0000
vn 0.0737 -0.2430 0.9672
vn 0.0972 -0.2347 0.9672
vn 0.0013 -0.0032 1.0000
vn 0.0010 -0.0034 1.0000
vn 0.0007 -0.0035 1.0000
vn -0.0714 0.2353 0.9693
vn -0.0479 0.2413 0.9693
vn -0.0941 0.2272 0.9693
vn -0.2108 0.5089 0.8346
vn -0.0240 0.2445 0.9694
vn 0.1198 -0.2241 0.9672
vn 0.1411 -0.2112 0.9672
vn 0.0017 -0.0032 1.0000
vn 0.1611 -0.1964 0.9672
vn 0.1796 -0.1796 0.9672
vn 0.0025 -0.0025 1.0000
vn 0.0023 -0.0028 1.0000
vn 0.0020 -0.0029 1.0000
vn -0.1560 0.1901 0.9693
vn -0.1367 0.2046 0.9693
vn -0.1739 0.1739 0.9693
vn -0.3895 0.3895 0.8346
vn -0.1160 0.2169 0.9693
vn 0.1964 -0.1611 0.9672
vn 0.2112 -0.1411 0.9672
vn 0.0028 -0.0023 1.0000
vn 0.2241 -0.1198 0.9672
vn 0.2347 -0.0972 0.9672
vn 0.0032 -0.0013 1.0000
vn 0.0032 -0.0017 1.0000
vn 0.0029 -0.0020 1.0000
vn -0.2169 0.1160 0.9693
vn -0.2046 0.1367 0.9693
vn -0.2272 0.0941 0.9693
vn -0.5089 0.2108 0.8346
vn -0.1901 0.1560 0.9693
vn 0.2430 -0.0737 0.9672
vn 0.2489 -0.0494 0.9673
vn 0.0034 -0.0010 1.0000
vn 0.2529 -0.0249 0.9672
vn 0.2539 -0.0000 0.9672
vn 0.0036 -0.0000 1.0000
vn 0.0036 -0.0004 1.0000
vn 0.0035 -0.0007 1.0000
vn -0.2447 0.0241 0.9693
vn -0.2413 0.0480 0.9693
vn -0.2459 -0.0000 0.9693
vn -0.5510 -0.0000 0.8345
vn -0.2353 0.0714 0.9693
vn 0.2529 0.0249 0.9672
vn 0.2489 0.0494 0.9673
vn 0.0036 0.0004 1.0000
vn 0.2430 0.0737 0.9672
vn 0.2347 0.0972 0.9672
vn 0.0032 0.0013 1.0000
vn 0.0034 0.0010 1.0000
vn 0.0035 0.0007 1.0000
vn -0.2353 -0.0714 0.9693
vn -0.2413 -0.0480 0.9693
vn -0.2272 -0.0941 0.9693
vn -0.5089 -0.2108 0.8346
vn -0.2447 -0.0241 0.9693
vn 0.2241 0.1198 0.9672
vn 0.2112 0.1411 0.9672
vn 0.0032 0.0017 1.0000
vn 0.1964 0.1611 0.9672
vn 0.1796 0.1796 0.9672
vn 0.0025 0.0025 1.0000
vn 0.0028 0.0023 1.0000
vn 0.0029 0.0020 1.0000
vn -0.1901 -0.1560 0.9693
vn -0.2046 -0.1367 0.9693
vn -0.1739 -0.1739 0.9693
vn -0.3895 -0.3895 0.8346
vn -0.2169 -0.1160 0.9693
vn 0.1611 0.1964 0.9672
vn 0.1411 0.2112 0.9672
vn 0.0023 0.0028 1.0000
vn 0.1198 0.2241 0.9672
vn 0.0972 0.2347 0.9672
vn 0.0013 0.0032 1.0000
vn 0.0017 0.0032 1.0000
vn 0.0020 0.0029 1.0000
vn -0.1160 -0.2169 0.9693
vn -0.1367 -0.2046 0.9693
vn -0.0941 -0.2270 0.9693
vn -0.2107 -0.5088 0.8347
vn -0.1560 -0.1901 0.9693
vn 0.0737 0.2430 0.9672
vn 0.0496 0.2492 0.9672
vn 0.0010 0.0034 1.0000
vn 0.0250 0.2528 0.9672
vn 0.0005 0.0036 1.0000
vn 0.0007 0.0035 1.0000
vn -0.0240 -0.2443 0.9694
vn -0.0479 -0.2413 0.9693
vn -0.0714 -0.2354 0.9693
vn -0.0000 -0.0000 -1.0000
vn -0.0000 -0.0000 1.0000
vt 0.857419 0.511265
vt 0.868231 0.505061
vt 0.873006 0.511265
vt 0.841789 0.511265
vt 0.852129 0.505159
vt 0.836319 0.505184
vt 0.838304 0.501982
vt 0.859078 0.500868
vt 0.821306 0.505184
vt 0.826314 0.511265
vt 0.806337 0.505184
vt 0.794552 0.502083
vt 0.807978 0.502083
vt 0.821567 0.502083
vt 0.780942 0.500676
vt 0.790942 0.500673
vt 0.771940 0.500684
vt 0.744335 0.500261
vt 0.735699 0.500189
vt 0.736869 0.500174
vt 0.835683 0.500521
vt 0.810222 0.500648
vt 0.765573 0.500174
vt 0.811479 0.500174
vt 0.546492 0.511265
vt 0.560819 0.505184
vt 0.562050 0.511265
vt 0.530923 0.511265
vt 0.545438 0.505184
vt 0.530012 0.505184
vt 0.542660 0.502083
vt 0.557605 0.502083
vt 0.514704 0.505184
vt 0.515382 0.511265
vt 0.499440 0.505184
vt 0.498368 0.502083
vt 0.512879 0.502083
vt 0.527553 0.502083
vt 0.508965 0.500676
vt 0.522459 0.500673
vt 0.496313 0.500684
vt 0.493804 0.500261
vt 0.501137 0.500189
vt 0.513516 0.500174
vt 0.551438 0.500684
vt 0.537330 0.500676
vt 0.530215 0.500189
vt 0.543910 0.500261
vt 0.984090 0.511265
vt 1.000000 0.505184
vt 1.000000 0.511265
vt 0.967991 0.511265
vt 0.983319 0.505184
vt 0.965807 0.505184
vt 0.981337 0.502083
vt 1.000000 0.502083
vt 0.947081 0.505184
vt 0.951612 0.511265
vt 0.928548 0.505184
vt 0.908238 0.502083
vt 0.933517 0.502083
vt 0.959636 0.502083
vt 0.905540 0.500651
vt 0.947673 0.500651
vt 0.862884 0.500655
vt 0.764540 0.500000
vt 0.865424 0.500000
vt 0.932292 0.500000
vt 1.000000 0.500651
vt 0.977658 0.500651
vt 0.972982 0.500000
vt 1.000000 0.500000
vt 0.235559 0.511265
vt 0.253922 0.505184
vt 0.251050 0.511265
vt 0.220057 0.511265
vt 0.238835 0.505184
vt 0.223704 0.505184
vt 0.247562 0.502083
vt 0.261421 0.502083
vt 0.208101 0.505184
vt 0.204449 0.511265
vt 0.192543 0.505184
vt 0.202185 0.502083
vt 0.217781 0.502083
vt 0.233539 0.502083
vt 0.236980 0.500676
vt 0.253917 0.500673
vt 0.220686 0.500684
vt 0.243274 0.500261
vt 0.266517 0.500189
vt 0.289697 0.500174
vt 0.275811 0.500684
vt 0.265345 0.500676
vt 0.295594 0.500189
vt 0.293380 0.500261
vt 0.670865 0.511265
vt 0.683578 0.505184
vt 0.686450 0.511265
vt 0.655270 0.511265
vt 0.668078 0.505184
vt 0.652535 0.505184
vt 0.660700 0.502083
vt 0.676079 0.502083
vt 0.637345 0.505184
vt 0.639755 0.511265
vt 0.622199 0.505184
vt 0.616842 0.502083
vt 0.630919 0.502083
vt 0.645158 0.502083
vt 0.617759 0.500676
vt 0.629875 0.500673
vt 0.606564 0.500684
vt 0.594016 0.500261
vt 0.594985 0.500189
vt 0.603044 0.500174
vt 0.661689 0.500684
vt 0.646124 0.500676
vt 0.624063 0.500189
vt 0.644122 0.500261
vt 0.359932 0.511265
vt 0.376681 0.505184
vt 0.375450 0.511265
vt 0.344404 0.511265
vt 0.361476 0.505184
vt 0.346227 0.505184
vt 0.365601 0.502083
vt 0.379895 0.502083
vt 0.330742 0.505184
vt 0.328822 0.511265
vt 0.315301 0.505184
vt 0.320658 0.502083
vt 0.335820 0.502083
vt 0.351145 0.502083
vt 0.345774 0.500676
vt 0.361334 0.500673
vt 0.330937 0.500684
vt 0.343486 0.500261
vt 0.360365 0.500189
vt 0.379225 0.500174
vt 0.386062 0.500684
vt 0.374139 0.500676
vt 0.389443 0.500189
vt 0.393592 0.500261
vt 0.049169 0.511265
vt 0.069288 0.505061
vt 0.064501 0.511265
vt 0.033940 0.511265
vt 0.054624 0.505047
vt 0.042023 0.505061
vt 0.064121 0.500998
vt 0.078459 0.500868
vt 0.027419 0.505159
vt 0.018630 0.511265
vt 0.012614 0.505184
vt 0.039063 0.502083
vt 0.052266 0.501982
vt 0.071301 0.500868
vt 0.101721 0.500648
vt 0.105299 0.500521
vt 0.094021 0.500673
vt 0.185764 0.500174
vt 0.185023 0.500174
vt 0.138354 0.500174
vt 0.060535 0.501042
vt 0.101683 0.500521
vt 0.073158 0.501042
vt 0.047912 0.501042
vt 0.103570 0.500521
vt 0.105457 0.500521
vt 0.146605 0.500000
vt 0.130208 0.500000
vt 0.795238 0.511265
vt 0.810850 0.511265
vt 0.779616 0.511265
vt 0.790720 0.505184
vt 0.775058 0.505184
vt 0.778739 0.502083
vt 0.759986 0.505184
vt 0.764128 0.511265
vt 0.744958 0.505184
vt 0.735316 0.502083
vt 0.748958 0.502083
vt 0.762764 0.502083
vt 0.726552 0.500676
vt 0.737292 0.500673
vt 0.716814 0.500684
vt 0.694228 0.500261
vt 0.688834 0.500189
vt 0.692572 0.500174
vt 0.754918 0.500676
vt 0.717911 0.500189
vt 0.484305 0.511265
vt 0.499850 0.511265
vt 0.468750 0.511265
vt 0.484117 0.505184
vt 0.468750 0.505184
vt 0.483641 0.502083
vt 0.453383 0.505184
vt 0.453195 0.511265
vt 0.438060 0.505184
vt 0.439132 0.502083
vt 0.453859 0.502083
vt 0.468750 0.502083
vt 0.454568 0.500676
vt 0.468750 0.500673
vt 0.441188 0.500684
vt 0.443698 0.500261
vt 0.454213 0.500189
vt 0.468753 0.500174
vt 0.482933 0.500676
vt 0.483291 0.500189
vt 0.173372 0.511265
vt 0.188850 0.511265
vt 0.157884 0.511265
vt 0.177515 0.505184
vt 0.162442 0.505184
vt 0.188542 0.502083
vt 0.146781 0.505184
vt 0.142262 0.511265
vt 0.131163 0.505184
vt 0.142948 0.502083
vt 0.158761 0.502083
vt 0.174736 0.502083
vt 0.182149 0.500651
vt 0.201637 0.500655
vt 0.164996 0.500651
vt 0.193078 0.500000
vt 0.215027 0.500000
vt 0.267011 0.500000
vt 0.211358 0.500672
vt 0.251212 0.500174
vt 0.919301 0.511265
vt 0.935271 0.511265
vt 0.903705 0.511265
vt 0.911490 0.505159
vt 0.895885 0.505061
vt 0.888347 0.501982
vt 0.882966 0.505047
vt 0.888364 0.511265
vt 0.873501 0.500998
vt 0.866488 0.500868
vt 0.889805 0.501042
vt 0.834201 0.500521
vt 0.832586 0.500521
vt 0.877074 0.501042
vt 0.835817 0.500521
vt 0.807292 0.500000
vt 0.791329 0.500000
vt 0.775367 0.500000
vt 0.840856 0.500644
vt 0.832721 0.500521
vt 0.757517 0.500159
vt 0.608678 0.511265
vt 0.624250 0.511265
vt 0.593096 0.511265
vt 0.606758 0.505184
vt 0.591273 0.505184
vt 0.601680 0.502083
vt 0.576024 0.505184
vt 0.577568 0.511265
vt 0.571899 0.502083
vt 0.586356 0.502083
vt 0.563362 0.500676
vt 0.576167 0.500673
vt 0.548061 0.500189
vt 0.558280 0.500174
vt 0.591727 0.500676
vt 0.577139 0.500189
vt 0.297745 0.511265
vt 0.313250 0.511265
vt 0.282231 0.511265
vt 0.300156 0.505184
vt 0.284965 0.505184
vt 0.306581 0.502083
vt 0.269422 0.505184
vt 0.266635 0.511265
vt 0.276800 0.502083
vt 0.292342 0.502083
vt 0.291377 0.500676
vt 0.307626 0.500673
vt 0.313441 0.500189
vt 0.334461 0.500174
vt 0.319742 0.500676
vt 0.342518 0.500189
vt 0.733051 0.511265
vt 0.748650 0.511265
vt 0.717443 0.511265
vt 0.729399 0.505184
vt 0.713796 0.505184
vt 0.719720 0.502083
vt 0.698665 0.505184
vt 0.701941 0.511265
vt 0.689938 0.502083
vt 0.703961 0.502083
vt 0.672155 0.500676
vt 0.683583 0.500673
vt 0.641910 0.500189
vt 0.647808 0.500174
vt 0.700521 0.500676
vt 0.670987 0.500189
vt 0.422119 0.511265
vt 0.437650 0.511265
vt 0.406577 0.511265
vt 0.422797 0.505184
vt 0.407488 0.505184
vt 0.424621 0.502083
vt 0.392063 0.505184
vt 0.391009 0.511265
vt 0.394840 0.502083
vt 0.409947 0.502083
vt 0.400171 0.500676
vt 0.415042 0.500673
vt 0.407289 0.500189
vt 0.423989 0.500174
vt 0.428536 0.500676
vt 0.436367 0.500189
vt 0.111186 0.511265
vt 0.126650 0.511265
vt 0.095711 0.511265
vt 0.116194 0.505184
vt 0.101181 0.505184
vt 0.129522 0.502083
vt 0.085373 0.505159
vt 0.080082 0.511265
vt 0.099200 0.501982
vt 0.115934 0.502083
vt 0.127972 0.500644
vt 0.148946 0.500655
vt 0.101840 0.500521
vt 0.126165 0.500174
vt 0.175791 0.500159
vt 0.236211 0.500000
vt 0.155855 0.500651
vt 0.193852 0.500000
vt 0.317003 0.500022
vt 0.471354 0.500000
vt 0.313306 0.500022
vt 0.463081 0.500000
vt 0.285519 0.500018
vt 0.627631 0.500000
vt 0.799761 0.500174
vt 0.624338 0.500018
vt 0.640136 0.500018
vt 0.794902 0.500044
vt 0.703261 0.500025
vt 0.642382 0.500022
vt 0.670596 0.500043
vt 0.613842 0.500022
vt 0.633679 0.500043
vt 0.583436 0.500022
vt 0.596637 0.500043
vt 0.553002 0.500022
vt 0.559595 0.500043
vt 0.522568 0.500022
vt 0.522554 0.500043
vt 0.492134 0.500022
vt 0.485512 0.500043
vt 0.461700 0.500022
vt 0.448470 0.500043
vt 0.431265 0.500022
vt 0.411428 0.500043
vt 0.400831 0.500022
vt 0.374387 0.500043
vt 0.370397 0.500022
vt 0.337345 0.500043
vt 0.340867 0.500022
vt 0.304330 0.500039
vt 0.346331 0.500000
vt 0.186921 0.500000
vt 0.210021 0.500000
vt 0.182292 0.500000
vt 0.191551 0.500000
vt 0.270092 0.500000
vt 0.330162 0.500000
vt 0.353262 0.500000
vt 0.237751 0.500000
vt 0.143019 0.500044
vt 0.235927 0.500022
vt 0.325156 0.500000
vt 0.047162 0.522167
vt 0.062750 0.522167
vt 0.046875 0.541428
vt 0.031250 0.541428
vt 0.031586 0.522167
vt 0.062500 0.541428
vt 0.046875 0.572667
vt 0.062500 0.618136
vt 0.062500 0.572667
vt 0.031250 0.618136
vt 0.031250 0.572667
vt 0.015625 0.541428
vt 0.015625 0.572667
vt 0.000000 0.618136
vt 0.000000 0.572667
vt 0.000000 0.541428
vt 0.016001 0.522167
vt 0.000407 0.522167
vt 0.003255 0.511265
vt 0.109601 0.522167
vt 0.125206 0.522167
vt 0.109375 0.541428
vt 0.093750 0.541428
vt 0.093995 0.522167
vt 0.125000 0.541428
vt 0.109375 0.572667
vt 0.125000 0.618136
vt 0.125000 0.572667
vt 0.093750 0.618136
vt 0.093750 0.572667
vt 0.078125 0.541428
vt 0.078125 0.572667
vt 0.078370 0.522167
vt 0.172062 0.522167
vt 0.187669 0.522167
vt 0.171875 0.541428
vt 0.156250 0.541428
vt 0.156454 0.522167
vt 0.187500 0.541428
vt 0.171875 0.572667
vt 0.187500 0.618136
vt 0.187500 0.572667
vt 0.156250 0.618136
vt 0.156250 0.572667
vt 0.140625 0.541428
vt 0.140625 0.572667
vt 0.140830 0.522167
vt 0.234523 0.522167
vt 0.250131 0.522167
vt 0.234375 0.541428
vt 0.218750 0.541428
vt 0.218913 0.522167
vt 0.250000 0.541428
vt 0.234375 0.572667
vt 0.250000 0.618136
vt 0.250000 0.572667
vt 0.218750 0.618136
vt 0.218750 0.572667
vt 0.203125 0.541428
vt 0.203125 0.572667
vt 0.203291 0.522167
vt 0.296984 0.522167
vt 0.312594 0.522167
vt 0.296875 0.541428
vt 0.281250 0.541428
vt 0.281373 0.522167
vt 0.312500 0.541428
vt 0.296875 0.572667
vt 0.312500 0.618136
vt 0.312500 0.572667
vt 0.281250 0.618136
vt 0.281250 0.572667
vt 0.265625 0.541428
vt 0.265625 0.572667
vt 0.265751 0.522167
vt 0.359445 0.522167
vt 0.375056 0.522167
vt 0.359375 0.541428
vt 0.343750 0.541428
vt 0.343832 0.522167
vt 0.375000 0.541428
vt 0.359375 0.572667
vt 0.375000 0.618136
vt 0.375000 0.572667
vt 0.343750 0.618136
vt 0.343750 0.572667
vt 0.328125 0.541428
vt 0.328125 0.572667
vt 0.328212 0.522167
vt 0.421906 0.522167
vt 0.437519 0.522167
vt 0.421875 0.541428
vt 0.406250 0.541428
vt 0.406291 0.522167
vt 0.437500 0.541428
vt 0.421875 0.572667
vt 0.437500 0.618136
vt 0.437500 0.572667
vt 0.406250 0.618136
vt 0.406250 0.572667
vt 0.390625 0.541428
vt 0.390625 0.572667
vt 0.390673 0.522167
vt 0.484366 0.522167
vt 0.499981 0.522167
vt 0.484375 0.541428
vt 0.468750 0.541428
vt 0.468750 0.522167
vt 0.500000 0.541428
vt 0.484375 0.572667
vt 0.500000 0.618136
vt 0.500000 0.572667
vt 0.468750 0.618136
vt 0.468750 0.572667
vt 0.453125 0.541428
vt 0.453125 0.572667
vt 0.453134 0.522167
vt 0.546827 0.522167
vt 0.562444 0.522167
vt 0.546875 0.541428
vt 0.531250 0.541428
vt 0.531209 0.522167
vt 0.562500 0.541428
vt 0.546875 0.572667
vt 0.562500 0.618136
vt 0.562500 0.572667
vt 0.531250 0.618136
vt 0.531250 0.572667
vt 0.515625 0.541428
vt 0.515625 0.572667
vt 0.515595 0.522167
vt 0.609288 0.522167
vt 0.624906 0.522167
vt 0.609375 0.541428
vt 0.593750 0.541428
vt 0.593668 0.522167
vt 0.625000 0.541428
vt 0.609375 0.572667
vt 0.625000 0.618136
vt 0.625000 0.572667
vt 0.593750 0.618136
vt 0.593750 0.572667
vt 0.578125 0.541428
vt 0.578125 0.572667
vt 0.578055 0.522167
vt 0.671749 0.522167
vt 0.687369 0.522167
vt 0.671875 0.541428
vt 0.656250 0.541428
vt 0.656128 0.522167
vt 0.687500 0.541428
vt 0.671875 0.572667
vt 0.687500 0.618136
vt 0.687500 0.572667
vt 0.656250 0.618136
vt 0.656250 0.572667
vt 0.640625 0.541428
vt 0.640625 0.572667
vt 0.640516 0.522167
vt 0.734210 0.522167
vt 0.749831 0.522167
vt 0.734375 0.541428
vt 0.718750 0.541428
vt 0.718587 0.522167
vt 0.750000 0.541428
vt 0.734375 0.572667
vt 0.750000 0.618136
vt 0.750000 0.572667
vt 0.718750 0.618136
vt 0.718750 0.572667
vt 0.703125 0.541428
vt 0.703125 0.572667
vt 0.702977 0.522167
vt 0.796670 0.522167
vt 0.812294 0.522167
vt 0.796875 0.541428
vt 0.781250 0.541428
vt 0.781046 0.522167
vt 0.812500 0.541428
vt 0.796875 0.572667
vt 0.812500 0.618136
vt 0.812500 0.572667
vt 0.781250 0.618136
vt 0.781250 0.572667
vt 0.765625 0.541428
vt 0.765625 0.572667
vt 0.765438 0.522167
vt 0.859131 0.522167
vt 0.874751 0.522167
vt 0.859375 0.541428
vt 0.843750 0.541428
vt 0.843505 0.522167
vt 0.875000 0.541428
vt 0.859375 0.572667
vt 0.875000 0.618136
vt 0.875000 0.572667
vt 0.843750 0.618136
vt 0.843750 0.572667
vt 0.828125 0.541428
vt 0.828125 0.572667
vt 0.827899 0.522167
vt 0.921553 0.522167
vt 0.937222 0.522167
vt 0.921875 0.541428
vt 0.906250 0.541428
vt 0.905932 0.522167
vt 0.937500 0.541428
vt 0.921875 0.572667
vt 0.937500 0.618136
vt 0.937500 0.572667
vt 0.906250 0.618136
vt 0.906250 0.572667
vt 0.890625 0.541428
vt 0.890625 0.572667
vt 0.890342 0.522167
vt 0.984339 0.522167
vt 1.000000 0.522167
vt 0.984375 0.541428
vt 0.968750 0.541428
vt 0.968655 0.522167
vt 1.000000 0.541428
vt 0.984375 0.572667
vt 1.000000 0.618136
vt 1.000000 0.572667
vt 0.968750 0.618136
vt 0.968750 0.572667
vt 0.953125 0.541428
vt 0.953125 0.572667
vt 0.952936 0.522167
vt 0.046875 0.677949
vt 0.046875 0.618136
vt 0.062500 0.677949
vt 0.046875 0.745050
vt 0.031250 0.677949
vt 0.062500 0.810631
vt 0.062500 0.745050
vt 0.046875 0.866061
vt 0.046875 0.810631
vt 0.031250 0.866061
vt 0.031250 0.810631
vt 0.031250 0.745050
vt 0.015625 0.745050
vt 0.015625 0.810631
vt 0.015625 0.866061
vt 0.000000 0.810631
vt 0.000000 0.745050
vt 0.015625 0.618136
vt 0.015625 0.677949
vt 0.000000 0.677949
vt 0.109375 0.677949
vt 0.109375 0.618136
vt 0.125000 0.745050
vt 0.125000 0.677949
vt 0.109375 0.745050
vt 0.093750 0.677949
vt 0.109375 0.810631
vt 0.125000 0.810631
vt 0.109375 0.866061
vt 0.093750 0.866061
vt 0.093750 0.810631
vt 0.093750 0.745050
vt 0.078125 0.810631
vt 0.078125 0.745050
vt 0.078125 0.866061
vt 0.062500 0.866061
vt 0.078125 0.618136
vt 0.078125 0.677949
vt 0.171875 0.677949
vt 0.171875 0.618136
vt 0.187500 0.677949
vt 0.171875 0.745050
vt 0.156250 0.677949
vt 0.187500 0.745050
vt 0.171875 0.810631
vt 0.187500 0.810631
vt 0.171875 0.866061
vt 0.156250 0.866061
vt 0.156250 0.810631
vt 0.156250 0.745050
vt 0.140625 0.810631
vt 0.140625 0.745050
vt 0.140625 0.866061
vt 0.125000 0.866061
vt 0.140625 0.618136
vt 0.140625 0.677949
vt 0.234375 0.677949
vt 0.234375 0.618136
vt 0.250000 0.677949
vt 0.234375 0.745050
vt 0.218750 0.677949
vt 0.250000 0.745050
vt 0.234375 0.810631
vt 0.250001 0.810631
vt 0.234376 0.866061
vt 0.218750 0.866061
vt 0.218750 0.810631
vt 0.218750 0.745050
vt 0.203125 0.810631
vt 0.203125 0.745050
vt 0.203125 0.866061
vt 0.187500 0.866061
vt 0.203125 0.618136
vt 0.203125 0.677949
vt 0.296875 0.677949
vt 0.296875 0.618136
vt 0.312500 0.677949
vt 0.296875 0.745050
vt 0.281250 0.677949
vt 0.312514 0.810631
vt 0.312500 0.745050
vt 0.312609 0.866061
vt 0.296886 0.810631
vt 0.296962 0.866061
vt 0.281256 0.810631
vt 0.281250 0.745050
vt 0.265625 0.745050
vt 0.281298 0.866061
vt 0.265628 0.810631
vt 0.265645 0.866061
vt 0.265625 0.618136
vt 0.265625 0.677949
vt 0.359375 0.677949
vt 0.359375 0.618136
vt 0.375000 0.677949
vt 0.359375 0.745050
vt 0.343750 0.677949
vt 0.375000 0.810631
vt 0.375000 0.745050
vt 0.375000 0.866061
vt 0.359378 0.810631
vt 0.359395 0.866061
vt 0.343756 0.810631
vt 0.343750 0.745050
vt 0.328125 0.745050
vt 0.343798 0.866061
vt 0.328136 0.810631
vt 0.328212 0.866061
vt 0.328125 0.618136
vt 0.328125 0.677949
vt 0.421875 0.677949
vt 0.421875 0.618136
vt 0.437500 0.677949
vt 0.421875 0.745050
vt 0.406250 0.677949
vt 0.437486 0.810631
vt 0.437500 0.745050
vt 0.437392 0.866061
vt 0.421864 0.810631
vt 0.421788 0.866061
vt 0.406244 0.810631
vt 0.406250 0.745050
vt 0.390625 0.745050
vt 0.406202 0.866061
vt 0.390623 0.810631
vt 0.390605 0.866061
vt 0.390625 0.618136
vt 0.390625 0.677949
vt 0.484375 0.677949
vt 0.484375 0.618136
vt 0.500000 0.677949
vt 0.484375 0.745050
vt 0.468750 0.677949
vt 0.499999 0.810631
vt 0.500000 0.745050
vt 0.499994 0.866061
vt 0.484373 0.810631
vt 0.468702 0.866061
vt 0.468744 0.810631
vt 0.468750 0.745050
vt 0.453125 0.745050
vt 0.453114 0.810631
vt 0.453038 0.866061
vt 0.453125 0.618136
vt 0.453125 0.677949
vt 0.546875 0.677949
vt 0.546875 0.618136
vt 0.562500 0.677949
vt 0.546875 0.745050
vt 0.531250 0.677949
vt 0.562500 0.745050
vt 0.546875 0.810631
vt 0.562500 0.810631
vt 0.546875 0.866061
vt 0.531250 0.810631
vt 0.531250 0.745050
vt 0.515625 0.745050
vt 0.531250 0.866061
vt 0.515625 0.810631
vt 0.515625 0.618136
vt 0.515625 0.677949
vt 0.609375 0.677949
vt 0.609375 0.618136
vt 0.625000 0.677949
vt 0.609375 0.745050
vt 0.593750 0.745050
vt 0.593750 0.677949
vt 0.625000 0.810631
vt 0.625000 0.745050
vt 0.625000 0.866061
vt 0.609375 0.810631
vt 0.609375 0.866061
vt 0.593750 0.810631
vt 0.578125 0.745050
vt 0.593750 0.866061
vt 0.578125 0.810631
vt 0.562500 0.866061
vt 0.578125 0.677949
vt 0.578125 0.618136
vt 0.671875 0.677949
vt 0.671875 0.618136
vt 0.687500 0.677949
vt 0.671875 0.745050
vt 0.656250 0.677949
vt 0.687500 0.810631
vt 0.687500 0.745050
vt 0.687500 0.866061
vt 0.671875 0.810631
vt 0.671875 0.866061
vt 0.656250 0.810631
vt 0.656250 0.745050
vt 0.640625 0.745050
vt 0.656250 0.866061
vt 0.640625 0.810631
vt 0.640625 0.618136
vt 0.640625 0.677949
vt 0.734375 0.677949
vt 0.734375 0.618136
vt 0.750000 0.677949
vt 0.734375 0.745050
vt 0.718750 0.677949
vt 0.750000 0.810631
vt 0.750000 0.745050
vt 0.750000 0.866061
vt 0.734375 0.810631
vt 0.734375 0.866061
vt 0.718750 0.810631
vt 0.718750 0.745050
vt 0.703125 0.745050
vt 0.703125 0.866061
vt 0.703125 0.810631
vt 0.703125 0.618136
vt 0.703125 0.677949
vt 0.796875 0.677949
vt 0.796875 0.618136
vt 0.812500 0.745050
vt 0.812500 0.677949
vt 0.796875 0.745050
vt 0.781250 0.677949
vt 0.812500 0.810631
vt 0.812500 0.866061
vt 0.796875 0.810631
vt 0.796875 0.866061
vt 0.781250 0.810631
vt 0.781250 0.745050
vt 0.765625 0.745050
vt 0.781250 0.866061
vt 0.765625 0.810631
vt 0.765625 0.866061
vt 0.765625 0.618136
vt 0.765625 0.677949
vt 0.859375 0.677949
vt 0.859375 0.618136
vt 0.875000 0.677949
vt 0.859375 0.745050
vt 0.843750 0.677949
vt 0.875000 0.810631
vt 0.875000 0.745050
vt 0.875000 0.866061
vt 0.859375 0.810631
vt 0.843750 0.866061
vt 0.843750 0.810631
vt 0.843750 0.745050
vt 0.828125 0.745050
vt 0.828125 0.810631
vt 0.828125 0.618136
vt 0.828125 0.677949
vt 0.921875 0.677949
vt 0.921875 0.618136
vt 0.937500 0.677949
vt 0.921875 0.745050
vt 0.906250 0.677949
vt 0.937500 0.810631
vt 0.937500 0.745050
vt 0.937500 0.866061
vt 0.921875 0.810631
vt 0.921875 0.866061
vt 0.906250 0.810631
vt 0.906250 0.745050
vt 0.890625 0.745050
vt 0.906250 0.866061
vt 0.890625 0.810631
vt 0.890625 0.866061
vt 0.890625 0.618136
vt 0.890625 0.677949
vt 0.984375 0.677949
vt 0.984375 0.618136
vt 1.000000 0.745050
vt 1.000000 0.677949
vt 0.984375 0.745050
vt 0.968750 0.677949
vt 1.000000 0.810631
vt 1.000000 0.866061
vt 0.984375 0.810631
vt 0.984375 0.866061
vt 0.968750 0.810631
vt 0.968750 0.745050
vt 0.953125 0.745050
vt 0.968750 0.866061
vt 0.953125 0.810631
vt 0.953125 0.618136
vt 0.953125 0.677949
vt 0.890625 0.904715
vt 0.875000 0.904715
vt 0.906250 0.904715
vt 0.890625 0.927838
vt 0.875000 0.927838
vt 0.921875 0.904715
vt 0.937500 0.904715
vt 0.921875 0.927838
vt 0.906250 0.927838
vt 0.906250 0.938961
vt 0.937500 0.927838
vt 0.921984 0.938990
vt 0.942708 0.944266
vt 0.922309 0.943011
vt 0.906250 0.942897
vt 0.875000 0.938961
vt 0.890625 0.938962
vt 0.890625 0.942897
vt 0.875000 0.942897
vt 0.062500 0.904715
vt 0.078125 0.904715
vt 0.093750 0.904715
vt 0.078125 0.927838
vt 0.062500 0.927838
vt 0.109375 0.904715
vt 0.125000 0.904715
vt 0.109375 0.927838
vt 0.093750 0.927838
vt 0.093750 0.939133
vt 0.125000 0.927838
vt 0.109375 0.939133
vt 0.125000 0.939133
vt 0.109375 0.944266
vt 0.093750 0.944266
vt 0.062500 0.939133
vt 0.078125 0.939132
vt 0.078125 0.944266
vt 0.062500 0.944266
vt 0.953125 0.866061
vt 0.953125 0.904715
vt 0.968750 0.904715
vt 0.953125 0.927838
vt 0.984375 0.904715
vt 1.000000 0.904715
vt 0.984375 0.927839
vt 0.968750 0.927838
vt 0.984375 0.939133
vt 0.968750 0.939133
vt 1.000000 0.927839
vt 1.000000 0.939133
vt 0.984375 0.944266
vt 0.968750 0.944266
vt 0.937934 0.939104
vt 0.953234 0.939133
vt 0.953776 0.944266
vt 0.140625 0.904715
vt 0.156250 0.904715
vt 0.140625 0.927838
vt 0.171875 0.904715
vt 0.187500 0.904715
vt 0.171875 0.927838
vt 0.156250 0.927838
vt 0.156250 0.939133
vt 0.187500 0.927838
vt 0.171875 0.939133
vt 0.187500 0.939133
vt 0.171875 0.944266
vt 0.156250 0.944266
vt 0.140625 0.939132
vt 0.140625 0.944266
vt 0.125000 0.944266
vt 0.203125 0.904715
vt 0.218750 0.904715
vt 0.203125 0.927838
vt 0.250006 0.866061
vt 0.234378 0.904715
vt 0.250020 0.904715
vt 0.234381 0.927839
vt 0.218750 0.927838
vt 0.218316 0.939104
vt 0.250048 0.927839
vt 0.234278 0.938990
vt 0.250088 0.938961
vt 0.233955 0.943011
vt 0.213542 0.944266
vt 0.203017 0.939133
vt 0.202474 0.944266
vt 0.187500 0.944266
vt 0.265697 0.904715
vt 0.281437 0.904715
vt 0.281829 0.927838
vt 0.265812 0.927838
vt 0.297240 0.904715
vt 0.312964 0.904715
vt 0.314152 0.927838
vt 0.298130 0.927838
vt 0.299922 0.938990
vt 0.282513 0.938961
vt 0.317030 0.939104
vt 0.325304 0.944266
vt 0.301514 0.943011
vt 0.282962 0.942897
vt 0.265992 0.938962
vt 0.266111 0.942897
vt 0.250115 0.942897
vt 0.328494 0.904715
vt 0.343943 0.904715
vt 0.344377 0.927839
vt 0.329414 0.927838
vt 0.359448 0.904715
vt 0.375000 0.904715
vt 0.375000 0.927839
vt 0.359589 0.927839
vt 0.359853 0.939133
vt 0.345239 0.939133
vt 0.375000 0.939133
vt 0.375000 0.944266
vt 0.360189 0.944266
vt 0.346354 0.944266
vt 0.331414 0.939133
vt 0.334446 0.944266
vt 0.390552 0.904715
vt 0.406057 0.904715
vt 0.405623 0.927839
vt 0.390411 0.927839
vt 0.421506 0.904715
vt 0.437036 0.904715
vt 0.435848 0.927839
vt 0.420587 0.927839
vt 0.418586 0.939133
vt 0.404761 0.939133
vt 0.432970 0.939104
vt 0.424696 0.944266
vt 0.415555 0.944266
vt 0.403646 0.944266
vt 0.390147 0.939133
vt 0.389811 0.944266
vt 0.452761 0.904715
vt 0.468563 0.904715
vt 0.468171 0.927839
vt 0.451870 0.927839
vt 0.484303 0.904715
vt 0.484355 0.866061
vt 0.499980 0.904715
vt 0.484188 0.927838
vt 0.467487 0.938961
vt 0.499952 0.927838
vt 0.484119 0.938990
vt 0.500356 0.939104
vt 0.484336 0.943011
vt 0.467038 0.942897
vt 0.450078 0.938990
vt 0.448486 0.943011
vt 0.515624 0.866061
vt 0.515622 0.904715
vt 0.531250 0.904715
vt 0.515619 0.927838
vt 0.546875 0.904715
vt 0.562500 0.904715
vt 0.546875 0.927838
vt 0.531250 0.927838
vt 0.531250 0.939133
vt 0.562500 0.927838
vt 0.546875 0.939133
vt 0.562500 0.944266
vt 0.546875 0.944266
vt 0.531250 0.944266
vt 0.515725 0.939133
vt 0.531250 0.927839
vt 0.516276 0.944266
vt 0.505208 0.944266
vt 0.578125 0.866061
vt 0.578125 0.904715
vt 0.593750 0.904715
vt 0.578125 0.927838
vt 0.609375 0.904715
vt 0.625000 0.904715
vt 0.609375 0.927838
vt 0.593750 0.927838
vt 0.609375 0.939133
vt 0.593750 0.939133
vt 0.625000 0.939133
vt 0.609375 0.944266
vt 0.593750 0.944266
vt 0.562500 0.939133
vt 0.578125 0.939132
vt 0.578125 0.944266
vt 0.640625 0.866061
vt 0.640625 0.904715
vt 0.656250 0.904715
vt 0.640625 0.927838
vt 0.625000 0.927838
vt 0.671875 0.904715
vt 0.687500 0.904715
vt 0.671875 0.927838
vt 0.656250 0.927838
vt 0.671875 0.939133
vt 0.656250 0.939133
vt 0.687500 0.927838
vt 0.687500 0.939133
vt 0.671875 0.944266
vt 0.656250 0.944266
vt 0.640625 0.939132
vt 0.640625 0.944266
vt 0.625000 0.944266
vt 0.703125 0.904715
vt 0.718750 0.866061
vt 0.718750 0.904715
vt 0.703125 0.927838
vt 0.734375 0.904715
vt 0.750000 0.904715
vt 0.734375 0.927838
vt 0.718750 0.927838
vt 0.718750 0.939133
vt 0.750000 0.927838
vt 0.734267 0.939133
vt 0.749566 0.939104
vt 0.733724 0.944266
vt 0.718750 0.944266
vt 0.703125 0.939132
vt 0.703125 0.944266
vt 0.687500 0.944266
vt 0.765625 0.904715
vt 0.781250 0.904715
vt 0.765625 0.927838
vt 0.796875 0.904715
vt 0.812500 0.904715
vt 0.796875 0.927838
vt 0.781250 0.927838
vt 0.781250 0.938961
vt 0.812500 0.927838
vt 0.796875 0.938962
vt 0.812500 0.942897
vt 0.796875 0.942897
vt 0.781250 0.942897
vt 0.765517 0.938990
vt 0.765191 0.943011
vt 0.744792 0.944266
vt 0.828125 0.866061
vt 0.828125 0.904715
vt 0.843750 0.904715
vt 0.828125 0.927838
vt 0.859375 0.904715
vt 0.859375 0.866061
vt 0.859375 0.927838
vt 0.843750 0.927838
vt 0.859375 0.938962
vt 0.843750 0.938961
vt 0.859375 0.942897
vt 0.843750 0.942897
vt 0.812500 0.938961
vt 0.828125 0.938962
vt 0.828125 0.942897
vt 0.000000 0.904715
vt 0.000000 0.866061
vt 0.015625 0.904715
vt 0.031250 0.904715
vt 0.015625 0.927839
vt 0.000000 0.927839
vt 0.046875 0.904715
vt 0.046875 0.927838
vt 0.031250 0.927839
vt 0.031684 0.939104
vt 0.046984 0.939133
vt 0.047526 0.944266
vt 0.036458 0.944266
vt 0.015734 0.938990
vt 0.000000 0.938962
vt 0.016059 0.943011
vt 0.000000 0.942897
vt 0.766276 0.944266
vt 0.750868 0.944266
vt 0.755208 0.944266
vt 0.781250 0.944266
vt 0.765734 0.944266
vt 0.780816 0.944266
vt 0.765625 0.944266
vt 0.796767 0.944266
vt 0.796875 0.944266
vt 0.812500 0.944266
vt 0.796441 0.944266
vt 0.776042 0.944266
vt 0.780599 0.944266
vt 0.750000 0.944266
vt 0.828125 0.944266
vt 0.843750 0.944266
vt 0.828234 0.944266
vt 0.844401 0.944266
vt 0.828559 0.944266
vt 0.859375 0.944266
vt 0.875000 0.944266
vt 0.848958 0.944266
vt 0.859267 0.944266
vt 0.844184 0.944266
vt 0.874132 0.944266
vt 0.869792 0.944266
vt 0.858724 0.944266
vt 0.016059 0.944266
vt 0.000000 0.944266
vt 0.015842 0.944266
vt 0.032552 0.944266
vt 0.046875 0.944266
vt 0.031250 0.944266
vt 0.032118 0.944266
vt 0.047092 0.944266
vt 0.890191 0.944266
vt 0.873698 0.944266
vt 0.906250 0.944266
vt 0.890408 0.944266
vt 0.922092 0.944266
vt 0.922309 0.944266
vt 0.938802 0.944266
vt 0.938368 0.944266
vt 0.953125 0.944266
vt 0.937500 0.944266
vt 1.000000 0.944266
vt 0.953342 0.944266
vt 0.203125 0.944266
vt 0.218750 0.944266
vt 0.234389 0.944266
vt 0.217448 0.944266
vt 0.255353 0.944266
vt 0.234278 0.944266
vt 0.250526 0.944266
vt 0.233947 0.944266
vt 0.217882 0.944266
vt 0.250048 0.944266
vt 0.234161 0.944266
vt 0.250012 0.944266
vt 0.233943 0.944266
vt 0.202908 0.944266
vt 0.266119 0.944266
vt 0.266909 0.944266
vt 0.282588 0.944266
vt 0.281829 0.944266
vt 0.265812 0.944266
vt 0.283565 0.944266
vt 0.299946 0.944266
vt 0.302309 0.944266
vt 0.316604 0.944266
vt 0.314152 0.944266
vt 0.298130 0.944266
vt 0.297250 0.944266
vt 0.281443 0.944266
vt 0.312978 0.944266
vt 0.312717 0.944266
vt 0.297050 0.944266
vt 0.281346 0.944266
vt 0.265699 0.944266
vt 0.250021 0.944266
vt 0.265666 0.944266
vt 0.319806 0.944266
vt 0.331299 0.944266
vt 0.333758 0.944266
vt 0.345239 0.944266
vt 0.344377 0.944266
vt 0.329414 0.944266
vt 0.359853 0.944266
vt 0.359589 0.944266
vt 0.359451 0.944266
vt 0.343949 0.944266
vt 0.359414 0.944266
vt 0.343846 0.944266
vt 0.328505 0.944266
vt 0.328300 0.944266
vt 0.390147 0.944266
vt 0.404761 0.944266
vt 0.405623 0.944266
vt 0.390411 0.944266
vt 0.418701 0.944266
vt 0.416242 0.944266
vt 0.433396 0.944266
vt 0.435848 0.944266
vt 0.420587 0.944266
vt 0.421495 0.944266
vt 0.406051 0.944266
vt 0.437022 0.944266
vt 0.437283 0.944266
vt 0.421700 0.944266
vt 0.406154 0.944266
vt 0.390549 0.944266
vt 0.390586 0.944266
vt 0.430194 0.944266
vt 0.450054 0.944266
vt 0.447691 0.944266
vt 0.467412 0.944266
vt 0.468171 0.944266
vt 0.451870 0.944266
vt 0.466435 0.944266
vt 0.484109 0.944266
vt 0.483760 0.944266
vt 0.500651 0.944266
vt 0.484628 0.944266
vt 0.484519 0.944266
vt 0.468557 0.944266
vt 0.500852 0.944266
vt 0.484770 0.944266
vt 0.468654 0.944266
vt 0.452750 0.944266
vt 0.452950 0.944266
vt 0.500000 0.944266
vt 0.515625 0.944266
vt 0.515841 0.944266
vt 0.713542 0.944266
vt 0.734375 0.944266
vt 0.717448 0.944266
vt 0.718316 0.944266
vt 0.750651 0.944266
vt 0.702474 0.944266
vt 0.703017 0.944266
vt 0.449525 0.944124
vt 0.430691 0.944266
vt 0.467306 0.944095
vt 0.468027 0.944266
vt 0.451570 0.944266
vt 0.434896 0.944266
vt 0.484067 0.944124
vt 0.484122 0.944266
vt 0.483941 0.944266
vt 0.467231 0.944266
vt 0.449436 0.944266
vt 0.430990 0.944266
vt 0.447302 0.944266
vt 0.427083 0.944266
vt 0.390625 0.944266
vt 0.406250 0.944266
vt 0.421767 0.944266
vt 0.405599 0.944266
vt 0.421875 0.944266
vt 0.437500 0.944266
vt 0.421441 0.944266
vt 0.401042 0.944266
vt 0.405816 0.944266
vt 0.390517 0.944266
vt 0.389974 0.944266
vt 0.312500 0.944266
vt 0.328234 0.944266
vt 0.328125 0.944266
vt 0.344401 0.944266
vt 0.348958 0.944266
vt 0.328559 0.944266
vt 0.343750 0.944266
vt 0.359375 0.944266
vt 0.359484 0.944266
vt 0.344184 0.944266
vt 0.360026 0.944266
vt 0.266163 0.944095
vt 0.250539 0.944095
vt 0.282694 0.944095
vt 0.281973 0.944266
vt 0.266538 0.944266
vt 0.255281 0.944266
vt 0.300476 0.944124
vt 0.319309 0.944266
vt 0.315104 0.944266
vt 0.298430 0.944266
vt 0.300564 0.944266
vt 0.282769 0.944266
vt 0.319010 0.944266
vt 0.322917 0.944266
vt 0.302698 0.944266
vt 0.250000 0.944266
vt 0.266059 0.944266
vt 0.265878 0.944266
vt 0.266240 0.944266
vt 0.234280 0.944124
vt 0.234383 0.944266
vt 0.234380 0.944266
vt 0.251329 0.944266
vt 0.890625 0.944095
vt 0.875000 0.944095
vt 0.890625 0.944266
vt 0.922092 0.944124
vt 0.906250 0.944095
vt 0.874566 0.944266
vt 0.890517 0.944266
vt 0.015842 0.944124
vt 0.000000 0.944095
vt 0.812500 0.944095
vt 0.843316 0.944095
vt 0.828017 0.944095
vt 0.827474 0.944266
vt 0.859267 0.944095
vt 0.858941 0.944266
vt 0.838542 0.944266
vt 0.859158 0.944266
vt 0.843099 0.944266
vt 0.749349 0.944266
vt 0.781250 0.944095
vt 0.765517 0.944124
vt 0.796875 0.944095
vt 0.870424 0.500000
vt 0.859375 0.500000
vt 0.875000 0.500000
vt 0.870363 0.500000
vt 0.852664 0.500000
vt 0.839082 0.500000
vt 0.836565 0.500000
vt 0.843750 0.500000
vt 0.827071 0.500000
vt 0.791577 0.500000
vt 0.808637 0.500000
vt 0.759532 0.500000
vt 0.788556 0.500000
vt 0.821567 0.500000
vt 0.781645 0.500000
vt 0.807978 0.500000
vt 0.743649 0.500000
vt 0.744422 0.500000
vt 0.772504 0.500000
vt 0.794552 0.500000
vt 0.821532 0.500000
vt 0.828125 0.500000
vt 0.806543 0.500000
vt 0.812500 0.500000
vt 0.560876 0.500000
vt 0.546875 0.500000
vt 0.562500 0.500000
vt 0.557605 0.500000
vt 0.545485 0.500000
vt 0.542660 0.500000
vt 0.530053 0.500000
vt 0.531250 0.500000
vt 0.551592 0.500000
vt 0.543933 0.500000
vt 0.537443 0.500000
vt 0.530790 0.500000
vt 0.522883 0.500000
vt 0.527553 0.500000
vt 0.509378 0.500000
vt 0.512472 0.500000
vt 0.505116 0.500000
vt 0.494792 0.500000
vt 0.496261 0.500000
vt 0.493377 0.500000
vt 0.514629 0.500000
vt 0.515625 0.500000
vt 0.499046 0.500000
vt 0.500000 0.500000
vt 1.000000 0.500670
vt 0.984090 0.505362
vt 1.000000 0.505362
vt 0.983485 0.500670
vt 0.982666 0.500000
vt 0.966377 0.500670
vt 0.967991 0.505362
vt 0.977824 0.500000
vt 0.948242 0.500000
vt 0.964193 0.500000
vt 0.906318 0.500000
vt 0.943821 0.500000
vt 0.868815 0.500000
vt 0.791667 0.500000
vt 0.856988 0.500000
vt 0.922309 0.500000
vt 0.948057 0.500670
vt 0.951612 0.505362
vt 0.942003 0.500000
vt 0.907769 0.500000
vt 0.928801 0.500670
vt 0.935271 0.505362
vt 0.253791 0.500000
vt 0.234375 0.500000
vt 0.250000 0.500000
vt 0.261421 0.500000
vt 0.238687 0.500000
vt 0.247562 0.500000
vt 0.223540 0.500000
vt 0.218750 0.500000
vt 0.275452 0.500000
vt 0.293322 0.500000
vt 0.264854 0.500000
vt 0.289965 0.500000
vt 0.255634 0.500000
vt 0.233539 0.500000
vt 0.237470 0.500000
vt 0.217781 0.500000
vt 0.269202 0.500000
vt 0.243274 0.500000
vt 0.220686 0.500000
vt 0.202185 0.500000
vt 0.207936 0.500000
vt 0.203125 0.500000
vt 0.192374 0.500000
vt 0.187500 0.500000
vt 0.683710 0.500000
vt 0.671875 0.500000
vt 0.687500 0.500000
vt 0.676079 0.500000
vt 0.668205 0.500000
vt 0.660700 0.500000
vt 0.652657 0.500000
vt 0.656250 0.500000
vt 0.662048 0.500000
vt 0.644178 0.500000
vt 0.646352 0.500000
vt 0.626361 0.500000
vt 0.629146 0.500000
vt 0.645158 0.500000
vt 0.617714 0.500000
vt 0.630557 0.500000
vt 0.593911 0.500000
vt 0.596314 0.500000
vt 0.608488 0.500000
vt 0.612011 0.500000
vt 0.637349 0.500000
vt 0.640625 0.500000
vt 0.621949 0.500000
vt 0.625000 0.500000
vt 0.377003 0.500000
vt 0.359375 0.500000
vt 0.375000 0.500000
vt 0.384806 0.500000
vt 0.361432 0.500000
vt 0.365714 0.500000
vt 0.345756 0.500000
vt 0.343750 0.500000
vt 0.384961 0.500000
vt 0.390625 0.500000
vt 0.373492 0.500000
vt 0.383488 0.500000
vt 0.362109 0.500000
vt 0.347488 0.500000
vt 0.347994 0.500000
vt 0.345203 0.500000
vt 0.332347 0.500000
vt 0.362172 0.500000
vt 0.358059 0.500000
vt 0.343445 0.500000
vt 0.330223 0.500000
vt 0.317001 0.500000
vt 0.330212 0.500000
vt 0.328125 0.500000
vt 0.314751 0.500000
vt 0.312500 0.500000
vt 0.069669 0.500000
vt 0.049575 0.504915
vt 0.069485 0.500000
vt 0.080890 0.500000
vt 0.055543 0.500559
vt 0.072435 0.500000
vt 0.041155 0.500670
vt 0.033940 0.505362
vt 0.102650 0.500000
vt 0.105038 0.500000
vt 0.107263 0.500000
vt 0.062363 0.500000
vt 0.047912 0.500000
vt 0.096674 0.500000
vt 0.033722 0.500000
vt 0.105457 0.500000
vt 0.159626 0.500000
vt 0.156250 0.500000
vt 0.087891 0.500000
vt 0.019531 0.500000
vt 0.025328 0.500670
vt 0.018630 0.505362
vt 0.035528 0.500000
vt 0.010173 0.500670
vt 0.003255 0.505362
vt 0.796875 0.500000
vt 0.790752 0.500000
vt 0.777940 0.500000
vt 0.774734 0.500000
vt 0.781250 0.500000
vt 0.755346 0.500000
vt 0.726131 0.500000
vt 0.733134 0.500000
vt 0.754156 0.500000
vt 0.770641 0.500000
vt 0.729034 0.500000
vt 0.756631 0.500000
vt 0.735195 0.500000
vt 0.701437 0.500000
vt 0.703125 0.500000
vt 0.722873 0.500000
vt 0.742622 0.500000
vt 0.760748 0.500000
vt 0.765625 0.500000
vt 0.754331 0.500000
vt 0.740709 0.500000
vt 0.745711 0.500000
vt 0.750000 0.500000
vt 0.484375 0.500000
vt 0.484046 0.500000
vt 0.483240 0.500000
vt 0.468750 0.500000
vt 0.497497 0.500000
vt 0.483965 0.500000
vt 0.499180 0.500000
vt 0.498883 0.500000
vt 0.483124 0.500000
vt 0.483818 0.500000
vt 0.454377 0.500000
vt 0.453535 0.500000
vt 0.453685 0.500000
vt 0.438617 0.500000
vt 0.440003 0.500000
vt 0.438320 0.500000
vt 0.453454 0.500000
vt 0.453125 0.500000
vt 0.454260 0.500000
vt 0.444123 0.500000
vt 0.438454 0.500000
vt 0.437500 0.500000
vt 0.171875 0.500000
vt 0.177327 0.500000
vt 0.188542 0.500000
vt 0.162238 0.500000
vt 0.211358 0.500000
vt 0.251212 0.500000
vt 0.201637 0.500000
vt 0.174736 0.500000
vt 0.182149 0.500000
vt 0.158761 0.500000
vt 0.164996 0.500000
vt 0.142948 0.500000
vt 0.146576 0.500000
vt 0.140625 0.500000
vt 0.130957 0.500000
vt 0.125000 0.500000
vt 0.919301 0.505362
vt 0.911498 0.500670
vt 0.888111 0.500000
vt 0.895885 0.500670
vt 0.903705 0.505362
vt 0.851192 0.500000
vt 0.759838 0.500000
vt 0.838525 0.500000
vt 0.751589 0.500000
vt 0.825668 0.500000
vt 0.866488 0.500000
vt 0.889805 0.500000
vt 0.831246 0.500000
vt 0.877826 0.500000
vt 0.828583 0.500000
vt 0.773165 0.500000
vt 0.883025 0.500559
vt 0.887957 0.504915
vt 0.874159 0.500000
vt 0.864342 0.500000
vt 0.868798 0.500000
vt 0.868015 0.500000
vt 0.609375 0.500000
vt 0.607111 0.500000
vt 0.604156 0.500000
vt 0.591744 0.500000
vt 0.593750 0.500000
vt 0.609930 0.500000
vt 0.605204 0.500000
vt 0.620901 0.500000
vt 0.598958 0.500000
vt 0.592629 0.500000
vt 0.580054 0.500000
vt 0.575328 0.500000
vt 0.589506 0.500000
vt 0.590013 0.500000
vt 0.563919 0.500000
vt 0.572171 0.500000
vt 0.575391 0.500000
vt 0.553645 0.500000
vt 0.576173 0.500000
vt 0.578125 0.500000
vt 0.296875 0.500000
vt 0.299745 0.500000
vt 0.303648 0.500000
vt 0.285331 0.500000
vt 0.281250 0.500000
vt 0.302158 0.500000
vt 0.318558 0.500000
vt 0.334959 0.500000
vt 0.308883 0.500000
vt 0.287616 0.500000
vt 0.299535 0.500000
vt 0.291230 0.500000
vt 0.277449 0.500000
vt 0.310373 0.500000
vt 0.309162 0.500000
vt 0.269441 0.500000
vt 0.265625 0.500000
vt 0.734375 0.500000
vt 0.729670 0.500000
vt 0.720243 0.500000
vt 0.713960 0.500000
vt 0.718750 0.500000
vt 0.723387 0.500000
vt 0.709145 0.500000
vt 0.700845 0.500000
vt 0.669941 0.500000
vt 0.681867 0.500000
vt 0.703961 0.500000
vt 0.672646 0.500000
vt 0.689939 0.500000
vt 0.647536 0.500000
vt 0.698813 0.500000
vt 0.421875 0.500000
vt 0.422778 0.500000
vt 0.424681 0.500000
vt 0.407039 0.500000
vt 0.406250 0.500000
vt 0.441240 0.500000
vt 0.442708 0.500000
vt 0.428159 0.500000
vt 0.432629 0.500000
vt 0.415112 0.500000
vt 0.405583 0.500000
vt 0.408372 0.500000
vt 0.399709 0.500000
vt 0.392916 0.500000
vt 0.415586 0.500000
vt 0.406428 0.500000
vt 0.386052 0.500000
vt 0.383471 0.500000
vt 0.377460 0.500000
vt 0.391869 0.500000
vt 0.393485 0.500000
vt 0.109375 0.500000
vt 0.115968 0.500000
vt 0.129522 0.500000
vt 0.100936 0.500000
vt 0.093750 0.500000
vt 0.155855 0.500000
vt 0.148946 0.500000
vt 0.115934 0.500000
vt 0.128022 0.500000
vt 0.099388 0.500000
vt 0.175791 0.500000
vt 0.126165 0.500000
vt 0.102144 0.500000
vt 0.085123 0.500000
vt 0.078125 0.500000
vt 0.068795 0.500000
vt 0.062500 0.500000
vt 0.313314 0.500000
vt 0.163002 0.500000
vt 0.314606 0.500000
vt 0.315887 0.500000
vt 0.470121 0.500000
vt 0.146100 0.500000
vt 0.240396 0.500000
vt 0.335745 0.500000
vt 0.315172 0.500000
vt 0.309479 0.500000
vt 0.380265 0.500000
vt 0.356920 0.500000
vt 0.308304 0.500000
vt 0.285204 0.500000
vt 0.286458 0.500000
vt 0.330151 0.500000
vt 0.342333 0.500000
vt 0.399462 0.500000
vt 0.376362 0.500000
vt 0.283951 0.500000
vt 0.357446 0.500000
vt 0.334346 0.500000
vt 0.338542 0.500000
vt 0.376350 0.500000
vt 0.378454 0.500000
vt 0.422562 0.500000
vt 0.382916 0.500000
vt 0.423547 0.500000
vt 0.413809 0.500000
vt 0.438516 0.500000
vt 0.432243 0.500000
vt 0.468753 0.500000
vt 0.449737 0.500000
vt 0.468759 0.500000
vt 0.505627 0.500000
vt 0.516911 0.500000
vt 0.487836 0.500000
vt 0.499256 0.500000
vt 0.554012 0.500000
vt 0.531158 0.500000
vt 0.561150 0.500000
vt 0.523701 0.500000
vt 0.514962 0.500000
vt 0.579724 0.500000
vt 0.591536 0.500000
vt 0.557896 0.500000
vt 0.536085 0.500000
vt 0.652296 0.500000
vt 0.629196 0.500000
vt 0.651042 0.500000
vt 0.653549 0.500000
vt 0.595179 0.500000
vt 0.561161 0.500000
vt 0.538061 0.500000
vt 0.607350 0.500000
vt 0.702190 0.500000
vt 0.699749 0.500000
vt 0.630136 0.500000
vt 0.584261 0.500000
vt 0.557260 0.500000
vt 0.622335 0.500000
vt 0.750579 0.500000
vt 0.727479 0.500000
vt 0.755209 0.500000
vt 0.745949 0.500000
vt 0.667420 0.500000
vt 0.607361 0.500000
vt 0.743341 0.500000
vt 0.694877 0.500000
vt 0.618067 0.500000
vt 0.601780 0.500000
vt 0.701296 0.500000
vt 0.627044 0.500000
vt 0.622561 0.500000
vt 0.047267 0.517541
vt 0.063129 0.517094
vt 0.031586 0.517653
vt 0.046875 0.539344
vt 0.062500 0.539344
vt 0.016001 0.517653
vt 0.000407 0.517653
vt 0.015625 0.539345
vt 0.031250 0.539345
vt 0.031250 0.572166
vt 0.000000 0.539345
vt 0.015625 0.572166
vt 0.000000 0.619331
vt 0.015625 0.619331
vt 0.031250 0.619331
vt 0.046875 0.572166
vt 0.062500 0.572166
vt 0.046875 0.619331
vt 0.062500 0.619331
vt 0.109375 0.516983
vt 0.125000 0.516983
vt 0.093750 0.516983
vt 0.109375 0.539344
vt 0.125000 0.539345
vt 0.078998 0.500000
vt 0.078271 0.516983
vt 0.078125 0.539344
vt 0.093750 0.539344
vt 0.078125 0.572166
vt 0.093750 0.572166
vt 0.078125 0.619331
vt 0.093750 0.619331
vt 0.109375 0.572166
vt 0.125000 0.572166
vt 0.109375 0.619331
vt 0.125000 0.619331
vt 0.171875 0.516983
vt 0.187500 0.516983
vt 0.156250 0.516983
vt 0.171875 0.539344
vt 0.187500 0.539345
vt 0.140625 0.516983
vt 0.140625 0.539344
vt 0.156250 0.539345
vt 0.140625 0.572166
vt 0.156250 0.572166
vt 0.140625 0.619331
vt 0.156250 0.619331
vt 0.171875 0.572166
vt 0.187500 0.572166
vt 0.171875 0.619331
vt 0.187500 0.619331
vt 0.234375 0.516983
vt 0.250000 0.516983
vt 0.218750 0.516983
vt 0.234375 0.539344
vt 0.250000 0.539345
vt 0.203125 0.516983
vt 0.203125 0.539344
vt 0.218750 0.539345
vt 0.203125 0.572166
vt 0.218750 0.572166
vt 0.203125 0.619331
vt 0.218750 0.619331
vt 0.234375 0.572166
vt 0.250000 0.572166
vt 0.234375 0.619331
vt 0.250000 0.619331
vt 0.296875 0.516983
vt 0.312500 0.516983
vt 0.281250 0.516983
vt 0.296875 0.539344
vt 0.312500 0.539345
vt 0.265625 0.516983
vt 0.265625 0.539344
vt 0.281250 0.539345
vt 0.281250 0.572166
vt 0.265625 0.572166
vt 0.265625 0.619331
vt 0.281250 0.619331
vt 0.312500 0.572166
vt 0.296875 0.572166
vt 0.296875 0.619331
vt 0.312500 0.619331
vt 0.359375 0.516983
vt 0.375000 0.516983
vt 0.343750 0.516983
vt 0.359375 0.539344
vt 0.375000 0.539345
vt 0.328125 0.516983
vt 0.328125 0.539344
vt 0.343750 0.539345
vt 0.343750 0.572166
vt 0.328125 0.572166
vt 0.328125 0.619331
vt 0.343750 0.619331
vt 0.375000 0.572166
vt 0.359375 0.572166
vt 0.359375 0.619331
vt 0.375000 0.619331
vt 0.421875 0.516983
vt 0.437500 0.516983
vt 0.406250 0.516983
vt 0.421875 0.539344
vt 0.437500 0.539345
vt 0.390625 0.516983
vt 0.390625 0.539344
vt 0.406250 0.539345
vt 0.406250 0.572166
vt 0.390625 0.572166
vt 0.390625 0.619331
vt 0.406250 0.619331
vt 0.437500 0.572166
vt 0.421875 0.572166
vt 0.421875 0.619331
vt 0.437500 0.619331
vt 0.484375 0.516983
vt 0.500000 0.516983
vt 0.468750 0.516983
vt 0.484375 0.539344
vt 0.500000 0.539345
vt 0.453125 0.516983
vt 0.453125 0.539344
vt 0.468750 0.539345
vt 0.468750 0.572166
vt 0.453125 0.572166
vt 0.453125 0.619331
vt 0.468750 0.619331
vt 0.484375 0.572166
vt 0.500000 0.572166
vt 0.484375 0.619331
vt 0.500000 0.619331
vt 0.546875 0.516983
vt 0.562500 0.516983
vt 0.531250 0.516983
vt 0.546875 0.539344
vt 0.562500 0.539345
vt 0.515625 0.516983
vt 0.515625 0.539344
vt 0.531250 0.539345
vt 0.531250 0.572166
vt 0.515625 0.572166
vt 0.515625 0.619331
vt 0.531250 0.619331
vt 0.546875 0.572166
vt 0.562500 0.572166
vt 0.546875 0.619331
vt 0.562500 0.619331
vt 0.609375 0.516983
vt 0.625000 0.516983
vt 0.593750 0.516983
vt 0.609375 0.539344
vt 0.625000 0.539345
vt 0.578125 0.516983
vt 0.578125 0.539344
vt 0.593750 0.539345
vt 0.593750 0.572166
vt 0.578125 0.572166
vt 0.578125 0.619331
vt 0.593750 0.619331
vt 0.609375 0.572166
vt 0.625000 0.572166
vt 0.609375 0.619331
vt 0.625000 0.619331
vt 0.671875 0.516983
vt 0.687500 0.516983
vt 0.656250 0.516983
vt 0.671875 0.539344
vt 0.687500 0.539345
vt 0.640625 0.516983
vt 0.640625 0.539344
vt 0.656250 0.539345
vt 0.656250 0.572166
vt 0.640625 0.572166
vt 0.640625 0.619331
vt 0.656250 0.619331
vt 0.671875 0.572166
vt 0.687500 0.572166
vt 0.671875 0.619331
vt 0.687500 0.619331
vt 0.734375 0.516983
vt 0.750000 0.516983
vt 0.718750 0.516983
vt 0.734375 0.539344
vt 0.750000 0.539345
vt 0.703125 0.516983
vt 0.703125 0.539344
vt 0.718750 0.539345
vt 0.718750 0.572166
vt 0.703125 0.572166
vt 0.703125 0.619331
vt 0.718750 0.619331
vt 0.734375 0.572166
vt 0.750000 0.572166
vt 0.734375 0.619331
vt 0.750000 0.619331
vt 0.796875 0.516983
vt 0.812500 0.516983
vt 0.781250 0.516983
vt 0.796875 0.539345
vt 0.812500 0.539345
vt 0.765625 0.516983
vt 0.765625 0.539344
vt 0.781250 0.539345
vt 0.781250 0.572166
vt 0.765625 0.572166
vt 0.765625 0.619331
vt 0.781250 0.619331
vt 0.796875 0.572166
vt 0.812500 0.572166
vt 0.796875 0.619331
vt 0.812500 0.619331
vt 0.859230 0.516983
vt 0.874371 0.517094
vt 0.858502 0.500000
vt 0.843750 0.516983
vt 0.859375 0.539344
vt 0.875000 0.539344
vt 0.828125 0.516983
vt 0.828125 0.539344
vt 0.843750 0.539345
vt 0.843750 0.572166
vt 0.828125 0.572166
vt 0.828125 0.619331
vt 0.843750 0.619331
vt 0.859375 0.572166
vt 0.875000 0.572166
vt 0.859375 0.619331
vt 0.875000 0.619331
vt 0.921553 0.517653
vt 0.937222 0.517653
vt 0.905932 0.517653
vt 0.921875 0.539344
vt 0.937500 0.539344
vt 0.890237 0.517541
vt 0.890625 0.539344
vt 0.906250 0.539344
vt 0.906250 0.572166
vt 0.890625 0.572166
vt 0.890625 0.619331
vt 0.906250 0.619331
vt 0.921875 0.572166
vt 0.937500 0.572166
vt 0.921875 0.619331
vt 0.937500 0.619331
vt 0.984340 0.517653
vt 1.000000 0.517653
vt 0.968655 0.517653
vt 0.984375 0.539344
vt 1.000000 0.539344
vt 0.952936 0.517653
vt 0.953125 0.539344
vt 0.968750 0.539345
vt 0.968750 0.572166
vt 0.953125 0.572166
vt 0.953125 0.619331
vt 0.968750 0.619331
vt 0.984375 0.572166
vt 1.000000 0.572166
vt 0.984375 0.619331
vt 1.000000 0.619331
vt 0.046875 0.683232
vt 0.062500 0.683232
vt 0.031250 0.683232
vt 0.031250 0.761478
vt 0.046875 0.761478
vt 0.062500 0.761478
vt 0.015625 0.683232
vt 0.000000 0.683232
vt 0.000000 0.761478
vt 0.015625 0.761478
vt 0.015625 0.850182
vt 0.031250 0.850182
vt 0.000000 0.850182
vt 0.015625 0.944266
vt 0.046767 0.850182
vt 0.062066 0.849523
vt 0.046224 0.944266
vt 0.057292 0.944266
vt 0.109375 0.683232
vt 0.125000 0.683232
vt 0.093750 0.683232
vt 0.093750 0.761478
vt 0.109375 0.761478
vt 0.125000 0.761478
vt 0.078125 0.683232
vt 0.078125 0.761478
vt 0.078125 0.847544
vt 0.094184 0.849523
vt 0.078125 0.917883
vt 0.098958 0.944266
vt 0.109484 0.850182
vt 0.125000 0.850182
vt 0.110026 0.944266
vt 0.171875 0.683232
vt 0.187500 0.683232
vt 0.156250 0.683232
vt 0.156250 0.761478
vt 0.171875 0.761478
vt 0.187500 0.761478
vt 0.140625 0.683232
vt 0.140625 0.761478
vt 0.140517 0.850182
vt 0.155816 0.849523
vt 0.139974 0.944266
vt 0.151042 0.944266
vt 0.171767 0.846884
vt 0.187500 0.846225
vt 0.171441 0.915244
vt 0.187500 0.912606
vt 0.234375 0.683232
vt 0.250000 0.683232
vt 0.218750 0.683232
vt 0.218750 0.761478
vt 0.234375 0.761478
vt 0.250000 0.761478
vt 0.203125 0.683232
vt 0.203125 0.761478
vt 0.203234 0.846884
vt 0.219184 0.849523
vt 0.203559 0.915244
vt 0.223958 0.944266
vt 0.234484 0.850182
vt 0.250000 0.850182
vt 0.235026 0.944266
vt 0.312500 0.683232
vt 0.296875 0.683232
vt 0.281250 0.683232
vt 0.296875 0.761478
vt 0.312500 0.761478
vt 0.265625 0.683232
vt 0.265625 0.761478
vt 0.281250 0.761478
vt 0.281250 0.850182
vt 0.265625 0.850182
vt 0.265625 0.944266
vt 0.281250 0.944266
vt 0.312500 0.850182
vt 0.296875 0.850182
vt 0.296875 0.944266
vt 0.375000 0.683232
vt 0.359375 0.683232
vt 0.343750 0.683232
vt 0.359375 0.761478
vt 0.375000 0.761478
vt 0.328125 0.683232
vt 0.328125 0.761478
vt 0.343750 0.761478
vt 0.343316 0.849523
vt 0.328017 0.850182
vt 0.327474 0.944266
vt 0.338542 0.944266
vt 0.375000 0.846225
vt 0.359267 0.846884
vt 0.358941 0.915244
vt 0.375000 0.912606
vt 0.437500 0.683232
vt 0.421875 0.683232
vt 0.406250 0.683232
vt 0.421875 0.761478
vt 0.437500 0.761478
vt 0.390625 0.683232
vt 0.390625 0.761478
vt 0.406250 0.761478
vt 0.406684 0.849523
vt 0.390734 0.846884
vt 0.391059 0.915244
vt 0.411458 0.944266
vt 0.437066 0.849523
vt 0.421875 0.850182
vt 0.432292 0.944266
vt 0.500000 0.683232
vt 0.484375 0.683232
vt 0.468750 0.683232
vt 0.484375 0.761478
vt 0.500000 0.761478
vt 0.453125 0.683232
vt 0.453125 0.761478
vt 0.468750 0.761478
vt 0.469184 0.849523
vt 0.453125 0.847544
vt 0.453125 0.917883
vt 0.473958 0.944266
vt 0.499566 0.849523
vt 0.484375 0.850182
vt 0.484375 0.944266
vt 0.494792 0.944266
vt 0.546875 0.683232
vt 0.562500 0.683232
vt 0.531250 0.683232
vt 0.546875 0.761478
vt 0.562500 0.761478
vt 0.515625 0.683232
vt 0.515625 0.761478
vt 0.531250 0.761478
vt 0.531684 0.849523
vt 0.515625 0.847544
vt 0.515625 0.917883
vt 0.536458 0.944266
vt 0.562500 0.850182
vt 0.546984 0.850182
vt 0.547526 0.944266
vt 0.609375 0.683232
vt 0.625000 0.683232
vt 0.593750 0.683232
vt 0.609375 0.761478
vt 0.625000 0.761478
vt 0.578125 0.683232
vt 0.578125 0.761478
vt 0.593750 0.761478
vt 0.578125 0.850182
vt 0.593750 0.850182
vt 0.625000 0.850182
vt 0.609375 0.850182
vt 0.687500 0.683232
vt 0.671875 0.683232
vt 0.656250 0.683232
vt 0.671875 0.761478
vt 0.687500 0.761478
vt 0.640625 0.683232
vt 0.640625 0.761478
vt 0.656250 0.761478
vt 0.640517 0.850182
vt 0.655816 0.849523
vt 0.639974 0.944266
vt 0.651042 0.944266
vt 0.687934 0.849523
vt 0.671875 0.847544
vt 0.671875 0.917883
vt 0.692708 0.944266
vt 0.734375 0.683232
vt 0.750000 0.683232
vt 0.718750 0.683232
vt 0.734375 0.761478
vt 0.750000 0.761478
vt 0.703125 0.683232
vt 0.703125 0.761478
vt 0.718750 0.761478
vt 0.703234 0.850182
vt 0.718750 0.850182
vt 0.703776 0.944266
vt 0.750000 0.850182
vt 0.734375 0.850182
vt 0.796875 0.683232
vt 0.812500 0.683232
vt 0.781250 0.683232
vt 0.796875 0.761478
vt 0.812500 0.761478
vt 0.765625 0.683232
vt 0.765625 0.761478
vt 0.781250 0.761478
vt 0.765517 0.850182
vt 0.780816 0.849523
vt 0.764974 0.944266
vt 0.812934 0.849523
vt 0.796875 0.847544
vt 0.796875 0.917883
vt 0.817708 0.944266
vt 0.859375 0.683232
vt 0.875000 0.683232
vt 0.843750 0.683232
vt 0.859375 0.761478
vt 0.875000 0.761478
vt 0.828125 0.683232
vt 0.828125 0.761478
vt 0.843750 0.761478
vt 0.828234 0.850182
vt 0.843750 0.850182
vt 0.828776 0.944266
vt 0.875000 0.850182
vt 0.859375 0.850182
vt 0.921875 0.683232
vt 0.937500 0.683232
vt 0.906250 0.683232
vt 0.921875 0.761477
vt 0.937500 0.761478
vt 0.890625 0.683232
vt 0.890625 0.761478
vt 0.906250 0.761478
vt 0.890625 0.850182
vt 0.906250 0.850182
vt 0.937500 0.850182
vt 0.921875 0.850182
vt 0.921875 0.944266
vt 0.984375 0.683232
vt 1.000000 0.683232
vt 0.968750 0.683232
vt 0.968750 0.761478
vt 0.984375 0.761478
vt 1.000000 0.761478
vt 0.953125 0.683232
vt 0.953125 0.761477
vt 0.953125 0.850182
vt 0.968750 0.850182
vt 0.984375 0.850182
vt 1.000000 0.850182
vt 0.875430 0.944266
vt 0.876592 0.944266
vt 0.890909 0.944266
vt 0.891692 0.944266
vt 0.878974 0.944266
vt 0.882089 0.944266
vt 0.893306 0.944266
vt 0.895418 0.944266
vt 0.920808 0.944266
vt 0.916396 0.944266
vt 0.919080 0.944266
vt 0.933100 0.944266
vt 0.935909 0.944266
vt 0.921591 0.944266
vt 0.937071 0.944266
vt 0.061849 0.944266
vt 0.078125 0.941628
vt 0.094401 0.944266
vt 0.077474 0.944266
vt 0.078017 0.944266
vt 0.093316 0.944266
vt 0.088542 0.944266
vt 0.108941 0.944266
vt 0.109267 0.944266
vt 0.093099 0.944266
vt 0.952774 0.944266
vt 0.951877 0.944266
vt 0.968569 0.944266
vt 0.924913 0.944266
vt 0.950095 0.944266
vt 0.948507 0.944266
vt 0.967487 0.944266
vt 0.968171 0.944266
vt 0.984194 0.944266
vt 0.967038 0.944266
vt 0.984019 0.944266
vt 0.983904 0.944266
vt 0.984308 0.944266
vt 0.140734 0.944266
vt 0.141059 0.944266
vt 0.156901 0.944266
vt 0.156684 0.944266
vt 0.161458 0.944266
vt 0.172526 0.944266
vt 0.171984 0.944266
vt 0.155599 0.944266
vt 0.171767 0.940968
vt 0.187500 0.940309
vt 0.203234 0.940968
vt 0.219401 0.944266
vt 0.203017 0.944266
vt 0.218316 0.944266
vt 0.233941 0.944266
vt 0.234158 0.944266
vt 0.233724 0.944266
vt 0.249566 0.944266
vt 0.218099 0.944266
vt 0.234375 0.944266
vt 0.234267 0.944266
vt 0.265519 0.944266
vt 0.265211 0.944266
vt 0.281298 0.944266
vt 0.281256 0.944266
vt 0.296886 0.944266
vt 0.296962 0.944266
vt 0.312609 0.944266
vt 0.312514 0.944266
vt 0.328244 0.944266
vt 0.328212 0.944266
vt 0.343798 0.944266
vt 0.344190 0.944266
vt 0.359595 0.944266
vt 0.359829 0.944266
vt 0.380208 0.944266
vt 0.375434 0.944266
vt 0.359267 0.940968
vt 0.343099 0.944266
vt 0.375000 0.940309
vt 0.390734 0.940968
vt 0.406901 0.944266
vt 0.391276 0.944266
vt 0.437934 0.944266
vt 0.442708 0.944266
vt 0.438151 0.944266
vt 0.453125 0.941628
vt 0.436849 0.944266
vt 0.453125 0.944266
vt 0.468750 0.944266
vt 0.469401 0.944266
vt 0.453016 0.944266
vt 0.452470 0.944266
vt 0.463506 0.944266
vt 0.467879 0.944266
vt 0.463542 0.944266
vt 0.484373 0.944266
vt 0.484357 0.944266
vt 0.500868 0.944266
vt 0.468099 0.944266
vt 0.515625 0.941628
vt 0.499349 0.944266
vt 0.531901 0.944266
vt 0.515734 0.944266
vt 0.530816 0.944266
vt 0.526042 0.944266
vt 0.546441 0.944266
vt 0.546767 0.944266
vt 0.530599 0.944266
vt 0.640734 0.944266
vt 0.641059 0.944266
vt 0.656901 0.944266
vt 0.656684 0.944266
vt 0.661458 0.944266
vt 0.687066 0.944266
vt 0.682292 0.944266
vt 0.655599 0.944266
vt 0.671875 0.941628
vt 0.688151 0.944266
vt 0.686849 0.944266
vt 0.702691 0.944266
vt 0.786458 0.944266
vt 0.781901 0.944266
vt 0.766059 0.944266
vt 0.781684 0.944266
vt 0.796886 0.944266
vt 0.796893 0.944266
vt 0.812154 0.944266
vt 0.807292 0.944266
vt 0.796875 0.941628
vt 0.813151 0.944266
vt 0.811849 0.944266
vt 0.828083 0.944266
vt 0.827874 0.944266
vt 0.843931 0.944266
vt 0.812645 0.944266
vt 0.828401 0.944266
vt 0.828758 0.944266
vt 0.845088 0.944266
vt 0.844329 0.944266
vt 0.862430 0.944266
vt 0.860623 0.944266
vt 0.864782 0.944266
vt 0.859726 0.944266
vt 0.796984 0.944266
vt 0.797309 0.944266
vt 0.796777 0.944266
vt 0.796224 0.944266
vt 0.828414 0.944266
vt 0.828577 0.944266
vt 0.828285 0.944266
vt 0.849392 0.944266
vt 0.844971 0.944266
vt 0.844618 0.944266
vt 0.828190 0.944266
vt 0.844342 0.944266
vt 0.860564 0.944266
vt 0.859747 0.944266
vt 0.875308 0.944266
vt 0.875615 0.944266
vt 0.843610 0.944266
vt 0.863443 0.944266
vt 0.839157 0.944266
vt 0.843967 0.944266
vt 0.862117 0.944266
vt 0.859886 0.944266
vt 0.879278 0.944266
vt 0.887587 0.944266
vt 0.893337 0.944266
vt 0.896105 0.944266
vt 0.891028 0.944266
vt 0.890721 0.944266
vt 0.890395 0.944266
vt 0.905813 0.944266
vt 0.901187 0.944266
vt 0.920909 0.944266
vt 0.921606 0.944266
vt 0.937749 0.944266
vt 0.942093 0.944266
vt 0.905617 0.944266
vt 0.917083 0.944266
vt 0.919220 0.944266
vt 0.934067 0.944266
vt 0.930411 0.944266
vt 0.078016 0.944266
vt 0.077691 0.944266
vt 0.950365 0.944266
vt 0.947899 0.944266
vt 0.953265 0.944266
vt 0.968533 0.944266
vt 0.968208 0.944266
vt 0.967882 0.944266
vt 0.936632 0.944266
vt 0.952618 0.944266
vt 0.951904 0.944266
vt 0.936397 0.944266
vt 0.952599 0.944266
vt 0.968702 0.944266
vt 0.968153 0.944266
vt 0.963108 0.944266
vt 0.983784 0.944266
vt 0.984199 0.944266
vt 0.984356 0.944266
vt 0.967529 0.944266
vt 0.983941 0.944266
vt 0.983988 0.944266
vt 0.234384 0.944266
vt 0.234388 0.944266
vt 0.250105 0.944266
vt 0.250072 0.944266
vt 0.234277 0.944266
vt 0.249661 0.944266
vt 0.244792 0.944266
vt 0.266063 0.944266
vt 0.266128 0.944266
vt 0.265887 0.944266
vt 0.283204 0.944266
vt 0.288809 0.944266
vt 0.266174 0.944266
vt 0.266574 0.944266
vt 0.300674 0.944266
vt 0.303354 0.944266
vt 0.429977 0.944266
vt 0.449737 0.944266
vt 0.449020 0.944266
vt 0.431351 0.944266
vt 0.451606 0.944266
vt 0.468316 0.944266
vt 0.468122 0.944266
vt 0.468063 0.944266
vt 0.449413 0.944266
vt 0.450901 0.944266
vt 0.448486 0.944266
vt 0.466859 0.944266
vt 0.462674 0.944266
vt 0.483938 0.944266
vt 0.484041 0.944266
vt 0.467038 0.944266
vt 0.483889 0.944266
vt 0.500334 0.944266
vt 0.484154 0.944266
vt 0.484464 0.944266
vt 0.467416 0.944266
vt 0.501302 0.944266
vt 0.515722 0.944266
vt 0.515611 0.944266
vt 0.515835 0.944266
vt 0.500794 0.944266
vt 0.452659 0.944266
vt 0.436583 0.944266
vt 0.451388 0.944266
vt 0.468461 0.944266
vt 0.468633 0.944266
vt 0.429941 0.944266
vt 0.450021 0.944266
vt 0.431383 0.944266
vt 0.468221 0.944266
vt 0.484320 0.944266
vt 0.484663 0.944266
vt 0.484423 0.944266
vt 0.467977 0.944266
vt 0.390566 0.944266
vt 0.390508 0.944266
vt 0.405961 0.944266
vt 0.406105 0.944266
vt 0.380172 0.944266
vt 0.390267 0.944266
vt 0.391154 0.944266
vt 0.375433 0.944266
vt 0.404803 0.944266
vt 0.418588 0.944266
vt 0.421324 0.944266
vt 0.415853 0.944266
vt 0.431858 0.944266
vt 0.436632 0.944266
vt 0.421469 0.944266
vt 0.420487 0.944266
vt 0.328494 0.944266
vt 0.312964 0.944266
vt 0.343943 0.944266
vt 0.359960 0.944266
vt 0.360020 0.944266
vt 0.359665 0.944266
vt 0.376298 0.944266
vt 0.265469 0.944266
vt 0.249349 0.944266
vt 0.265092 0.944266
vt 0.276331 0.944266
vt 0.280983 0.944266
vt 0.265920 0.944266
vt 0.265734 0.944266
vt 0.282629 0.944266
vt 0.281467 0.944266
vt 0.299739 0.944266
vt 0.297661 0.944266
vt 0.281151 0.944266
vt 0.302129 0.944266
vt 0.297126 0.944266
vt 0.949475 0.944266
vt 0.930393 0.944266
vt 0.950660 0.944266
vt 0.967736 0.944266
vt 0.930664 0.944266
vt 0.932292 0.944266
vt 0.947483 0.944266
vt 0.949484 0.944266
vt 0.973524 0.944266
vt 0.968099 0.944266
vt 0.984158 0.944266
vt 0.968316 0.944266
vt 0.984050 0.944266
vt 0.984074 0.944266
vt 0.984809 0.944266
vt 0.890734 0.944266
vt 0.891059 0.944266
vt 0.906901 0.944266
vt 0.906684 0.944266
vt 0.911458 0.944266
vt 0.922526 0.944266
vt 0.921984 0.944266
vt 0.015734 0.944266
vt 0.031684 0.944266
vt 0.046984 0.944266
vt 0.828573 0.944266
vt 0.812609 0.944266
vt 0.828387 0.944266
vt 0.845269 0.944266
vt 0.846065 0.944266
vt 0.812572 0.944266
vt 0.828429 0.944266
vt 0.827895 0.944266
vt 0.844662 0.944266
vt 0.844474 0.944266
vt 0.860931 0.944266
vt 0.862838 0.944266
vt 0.881782 0.944266
vt 0.877604 0.944266
vt 0.863064 0.944266
vt 0.865198 0.944266
vt 0.881511 0.944266
vt 0.885417 0.944266
vt 0.796884 0.944266
vt 0.796889 0.944266
vt 0.062066 0.944266
vt 0.250088 0.944266
vt 0.250115 0.944266
vt 0.265806 0.944266
vt 0.281854 0.944266
vt 0.266223 0.944266
vt 0.297198 0.944266
vt 0.312577 0.944266
vt 0.297630 0.944266
vt 0.286892 0.944266
vt 0.297418 0.944266
vt 0.281793 0.944266
vt 0.313368 0.944266
vt 0.299967 0.944266
vt 0.318142 0.944266
vt 0.302517 0.944266
vt 0.282118 0.944266
vt 0.266155 0.944266
vt 0.283307 0.944266
vt 0.328408 0.944266
vt 0.329063 0.944266
vt 0.309643 0.944266
vt 0.317677 0.944266
vt 0.331407 0.944266
vt 0.334147 0.944266
vt 0.418586 0.944266
vt 0.432970 0.944266
vt 0.484521 0.944266
vt 0.484626 0.944266
vt 0.484117 0.944266
vt 0.467487 0.944266
vt 0.500350 0.944266
vt 0.499886 0.944266
vt 0.450078 0.944266
vt 0.515724 0.944266
vt 0.734267 0.944266
vt 0.749566 0.944266
vt 0.797092 0.944266
vt 0.797526 0.944266
vt 0.812934 0.944266
vt 0.921872 0.944266
vt 0.937486 0.944266
vt 0.932147 0.944266
vt 0.921206 0.944266
vt 0.984373 0.944266
vt 0.968744 0.944266
vt 0.953114 0.944266
vt 0.864342 0.501042
vt 0.384066 0.500000
vt 0.468773 0.500000
vt 0.422550 0.500000
vt 0.000000 0.572166
vt 0.927083 0.944266
s 1
usemtl vidrio.001
f 875/1/1 964/2/2 3/3/3
f 229/4/4 2595/5/5 875/1/1
f 1731/6/6 1734/7/7 2595/5/5
f 2595/5/5 273/8/8 964/2/2
f 229/4/4 2596/9/9 1731/6/6
f 876/10/10 961/11/11 2596/9/9
f 2596/9/9 272/12/12 1732/13/13
f 1731/6/6 1732/13/13 657/14/14
f 657/14/14 2597/15/15 1733/16/16
f 1732/13/13 962/17/17 2597/15/15
f 2597/15/15 20/18/18 934/19/19
f 1733/16/16 934/19/19 258/20/20
f 1734/7/7 963/21/21 273/8/8
f 657/14/14 2598/22/22 1734/7/7
f 1733/16/16 933/23/23 2598/22/22
f 2598/22/22 19/24/24 963/21/21
f 895/25/25 968/26/26 8/27/27
f 239/28/28 2599/29/29 895/25/25
f 1735/30/30 1738/31/31 2599/29/29
f 2599/29/29 275/32/32 968/26/26
f 239/28/28 2600/33/33 1735/30/30
f 896/34/34 965/35/35 2600/33/33
f 2600/33/33 274/36/36 1736/37/37
f 1735/30/30 1736/37/37 658/38/38
f 658/38/38 2601/39/39 1737/40/40
f 1736/37/37 966/41/41 2601/39/39
f 2601/39/39 25/42/42 944/43/43
f 1737/40/40 944/43/43 263/44/44
f 1738/31/31 967/45/45 275/32/32
f 658/38/38 2602/46/46 1738/31/31
f 1737/40/40 943/47/47 2602/46/46
f 2602/46/46 24/48/48 967/45/45
f 867/49/49 972/50/50 1/51/51
f 225/52/52 2603/53/53 867/49/49
f 1739/54/54 1742/55/55 2603/53/53
f 2603/53/53 277/56/56 972/50/50
f 225/52/52 2604/57/57 1739/54/54
f 868/58/58 969/59/59 2604/57/57
f 2604/57/57 276/60/60 1740/61/61
f 1739/54/54 1740/61/61 659/62/62
f 659/62/62 2605/63/63 1741/64/64
f 1740/61/61 970/65/65 2605/63/63
f 2605/63/63 18/66/66 930/67/67
f 1741/64/64 930/67/67 256/68/68
f 1742/55/55 971/69/69 277/56/56
f 659/62/62 2606/70/70 1742/55/55
f 1741/64/64 929/71/71 2606/70/70
f 2606/70/70 17/72/72 971/69/69
f 915/73/73 976/74/74 13/75/75
f 249/76/76 2607/77/77 915/73/73
f 1743/78/78 1746/79/79 2607/77/77
f 2607/77/77 279/80/80 976/74/74
f 249/76/76 2608/81/81 1743/78/78
f 916/82/82 973/83/83 2608/81/81
f 2608/81/81 278/84/84 1744/85/85
f 1743/78/78 1744/85/85 660/86/86
f 660/86/86 2609/87/87 1745/88/88
f 1744/85/85 974/89/89 2609/87/87
f 2609/87/87 30/90/90 954/91/91
f 1745/88/88 954/91/91 268/92/92
f 1746/79/79 975/93/93 279/80/80
f 660/86/86 2610/94/94 1746/79/79
f 1745/88/88 953/95/95 2610/94/94
f 2610/94/94 29/96/96 975/93/93
f 887/97/97 980/98/98 6/99/99
f 235/100/100 2611/101/101 887/97/97
f 1747/102/102 1750/103/103 2611/101/101
f 2611/101/101 281/104/104 980/98/98
f 235/100/100 2612/105/105 1747/102/102
f 888/106/106 977/107/107 2612/105/105
f 2612/105/105 280/108/108 1748/109/109
f 1747/102/102 1748/109/109 661/110/110
f 661/110/110 2613/111/111 1749/112/112
f 1748/109/109 978/113/113 2613/111/111
f 2613/111/111 23/114/114 940/115/115
f 1749/112/112 940/115/115 261/116/116
f 1750/103/103 979/117/117 281/104/104
f 661/110/110 2614/118/118 1750/103/103
f 1749/112/112 939/119/119 2614/118/118
f 2614/118/118 22/120/120 979/117/117
f 907/121/121 984/122/122 11/123/123
f 245/124/124 2615/125/125 907/121/121
f 1751/126/126 1754/127/127 2615/125/125
f 2615/125/125 283/128/128 984/122/122
f 245/124/124 2616/129/129 1751/126/126
f 908/130/130 981/131/131 2616/129/129
f 2616/129/129 282/132/132 1752/133/133
f 1751/126/126 1752/133/133 662/134/134
f 662/134/134 2617/135/135 1753/136/136
f 1752/133/133 982/137/137 2617/135/135
f 2617/135/135 28/138/138 950/139/139
f 1753/136/136 950/139/139 266/140/140
f 1754/127/127 983/141/141 283/128/128
f 662/134/134 2618/142/142 1754/127/127
f 1753/136/136 949/143/143 2618/142/142
f 2618/142/142 27/144/144 983/141/141
f 927/145/145 986/146/146 16/147/147
f 255/148/148 2619/149/149 927/145/145
f 1755/150/150 1758/151/151 2619/149/149
f 2619/149/149 284/152/152 986/146/146
f 255/148/148 2620/153/153 1755/150/150
f 928/154/154 972/155/50 2620/153/153
f 2620/153/153 277/156/56 1756/157/155
f 1755/150/150 1756/157/155 663/158/156
f 663/158/156 2621/159/157 1757/160/158
f 1756/157/155 971/161/69 2621/159/157
f 2621/159/157 17/162/72 960/163/159
f 1757/160/158 960/163/159 271/164/160
f 1758/165/151 985/166/161 284/167/152
f 663/168/156 2622/169/162 1758/165/151
f 1757/170/158 959/171/163 2622/169/162
f 2622/169/162 32/172/164 985/166/161
f 879/173/165 961/11/11 4/174/166
f 231/175/167 2623/176/168 879/173/165
f 1759/177/169 1762/178/170 2623/176/168
f 2623/176/168 272/12/12 961/11/11
f 231/175/167 2624/179/171 1759/177/169
f 880/180/172 987/181/173 2624/179/171
f 2624/179/171 285/182/174 1760/183/175
f 1759/177/169 1760/183/175 664/184/176
f 664/184/176 2625/185/177 1761/186/178
f 1760/183/175 988/187/179 2625/185/177
f 2625/185/177 21/188/180 936/189/181
f 1761/186/178 936/189/181 259/190/182
f 1762/178/170 962/17/17 272/12/12
f 664/184/176 2626/191/183 1762/178/170
f 1761/186/178 935/192/184 2626/191/183
f 2626/191/183 20/18/18 962/17/17
f 899/193/185 965/35/35 9/194/186
f 241/195/187 2627/196/188 899/193/185
f 1763/197/189 1766/198/190 2627/196/188
f 2627/196/188 274/36/36 965/35/35
f 241/195/187 2628/199/191 1763/197/189
f 900/200/192 989/201/193 2628/199/191
f 2628/199/191 286/202/194 1764/203/195
f 1763/197/189 1764/203/195 665/204/196
f 665/204/196 2629/205/197 1765/206/198
f 1764/203/195 990/207/199 2629/205/197
f 2629/205/197 26/208/200 946/209/201
f 1765/206/198 946/209/201 264/210/202
f 1766/198/190 966/41/41 274/36/36
f 665/204/196 2630/211/203 1766/198/190
f 1765/206/198 945/212/204 2630/211/203
f 2630/211/203 25/42/42 966/41/41
f 919/213/205 973/83/83 14/214/206
f 251/215/207 2631/216/208 919/213/205
f 1767/217/209 1770/218/210 2631/216/208
f 2631/216/208 278/84/84 973/83/83
f 251/215/207 2632/219/211 1767/217/209
f 920/220/212 991/221/213 2632/219/211
f 2632/219/211 287/222/214 1768/223/215
f 1767/217/209 1768/223/215 666/224/216
f 666/224/216 2633/225/217 1769/226/218
f 1768/223/215 992/227/219 2633/225/217
f 2633/225/217 31/228/220 956/229/221
f 1769/226/218 956/229/221 269/230/222
f 1770/218/210 974/89/89 278/84/84
f 666/224/216 2634/231/223 1770/218/210
f 1769/226/218 955/232/224 2634/231/223
f 2634/231/223 30/90/90 974/89/89
f 871/233/225 969/59/59 2/234/226
f 227/235/227 2635/236/228 871/233/225
f 1771/237/229 1774/238/230 2635/236/228
f 2635/236/228 276/60/60 969/59/59
f 227/235/227 2636/239/231 1771/237/229
f 872/240/232 964/2/2 2636/239/231
f 2636/239/231 273/8/8 1772/241/233
f 1771/237/229 1772/241/233 667/242/234
f 667/243/234 2637/244/235 1773/245/236
f 1772/246/233 963/247/21 2637/244/235
f 2637/244/235 19/248/24 932/249/237
f 1773/245/236 932/249/237 257/250/238
f 1774/238/230 970/65/65 276/60/60
f 667/242/234 2638/251/239 1774/238/230
f 1773/252/236 931/253/19 2638/251/239
f 2638/251/239 18/66/66 970/65/65
f 891/254/240 977/107/107 7/255/241
f 237/256/242 2639/257/243 891/254/240
f 1775/258/244 1778/259/245 2639/257/243
f 2639/257/243 280/108/108 977/107/107
f 237/256/242 2640/260/246 1775/258/244
f 892/261/247 968/26/26 2640/260/246
f 2640/260/246 275/32/32 1776/262/248
f 1775/258/244 1776/262/248 668/263/249
f 668/263/249 2641/264/250 1777/265/251
f 1776/262/248 967/45/45 2641/264/250
f 2641/264/250 24/48/48 942/266/119
f 1777/265/251 942/266/119 262/267/252
f 1778/259/245 978/113/113 280/108/108
f 668/263/249 2642/268/253 1778/259/245
f 1777/265/251 941/269/254 2642/268/253
f 2642/268/253 23/114/114 978/113/113
f 911/270/255 981/131/131 12/271/256
f 247/272/257 2643/273/258 911/270/255
f 1779/274/259 1782/275/260 2643/273/258
f 2643/273/258 282/132/132 981/131/131
f 247/272/257 2644/276/261 1779/274/259
f 912/277/262 976/74/74 2644/276/261
f 2644/276/261 279/80/80 1780/278/263
f 1779/274/259 1780/278/263 669/279/264
f 669/279/264 2645/280/265 1781/281/266
f 1780/278/263 975/93/93 2645/280/265
f 2645/280/265 29/96/96 952/282/267
f 1781/281/266 952/282/267 267/283/268
f 1782/275/260 982/137/137 282/132/132
f 669/279/264 2646/284/269 1782/275/260
f 1781/281/266 951/285/270 2646/284/269
f 2646/284/269 28/138/138 982/137/137
f 883/286/271 987/181/173 5/287/272
f 233/288/273 2647/289/274 883/286/271
f 1783/290/275 1786/291/276 2647/289/274
f 2647/289/274 285/182/174 987/181/173
f 233/288/273 2648/292/277 1783/290/275
f 884/293/278 980/98/98 2648/292/277
f 2648/292/277 281/104/104 1784/294/279
f 1783/290/275 1784/294/279 670/295/280
f 670/295/280 2649/296/281 1785/297/282
f 1784/294/279 979/117/117 2649/296/281
f 2649/296/281 22/120/120 938/298/283
f 1785/297/282 938/298/283 260/299/284
f 1786/291/276 988/187/179 285/182/174
f 670/295/280 2650/300/285 1786/291/276
f 1785/297/282 937/301/286 2650/300/285
f 2650/300/285 21/188/180 988/187/179
f 903/302/287 989/201/193 10/303/288
f 243/304/289 2651/305/290 903/302/287
f 1787/306/291 1790/307/292 2651/305/290
f 2651/305/290 286/202/194 989/201/193
f 243/304/289 2652/308/293 1787/306/291
f 904/309/294 984/122/122 2652/308/293
f 2652/308/293 283/128/128 1788/310/295
f 1787/306/291 1788/310/295 671/311/296
f 671/311/296 2653/312/297 1789/313/298
f 1788/310/295 983/141/141 2653/312/297
f 2653/312/297 27/144/144 948/314/299
f 1789/313/298 948/314/299 265/315/300
f 1790/307/292 990/207/199 286/202/194
f 671/311/296 2654/316/301 1790/307/292
f 1789/313/298 947/317/139 2654/316/301
f 2654/316/301 26/208/200 990/207/199
f 923/318/302 991/221/213 15/319/303
f 253/320/304 2655/321/305 923/318/302
f 1791/322/306 1794/323/307 2655/321/305
f 2655/321/305 287/222/214 991/221/213
f 253/320/304 2656/324/308 1791/322/306
f 924/325/309 986/146/146 2656/324/308
f 2656/324/308 284/152/152 1792/326/310
f 1791/322/306 1792/326/310 672/327/311
f 672/327/311 2657/328/312 1793/329/313
f 1792/326/310 985/330/161 2657/328/312
f 2657/328/312 32/331/164 958/332/224
f 1793/329/313 958/332/224 270/333/314
f 1794/323/307 992/227/219 287/222/214
f 672/327/311 2658/334/315 1794/323/307
f 1793/329/313 957/335/316 2658/334/315
f 2658/334/315 31/228/220 992/227/219
f 929/336/71 960/163/159 17/162/72
f 256/337/68 2659/338/317 929/336/71
f 1795/339/318 1810/340/319 2659/338/317
f 2659/338/317 271/164/160 960/163/159
f 931/253/19 930/341/67 18/66/66
f 257/342/238 2660/343/320 931/253/19
f 1796/344/321 1795/339/318 2660/343/320
f 2660/343/320 256/337/68 930/341/67
f 933/23/23 932/345/237 19/24/24
f 258/20/20 2661/346/322 933/23/23
f 1797/347/323 1796/344/321 2661/346/322
f 2661/346/322 257/342/238 932/345/237
f 935/192/184 934/19/19 20/18/18
f 259/190/182 2662/348/324 935/192/184
f 1798/349/325 1797/347/323 2662/348/324
f 2662/348/324 258/20/20 934/19/19
f 937/301/286 936/189/181 21/188/180
f 260/299/284 2663/350/326 937/301/286
f 1799/351/327 1798/349/325 2663/350/326
f 2663/350/326 259/190/182 936/189/181
f 939/119/119 938/298/283 22/120/120
f 261/116/116 2664/352/328 939/119/119
f 1800/353/329 1799/351/327 2664/352/328
f 2664/352/328 260/299/284 938/298/283
f 941/269/254 940/115/115 23/114/114
f 262/267/252 2665/354/330 941/269/254
f 1801/355/331 1800/353/329 2665/354/330
f 2665/354/330 261/116/116 940/115/115
f 943/47/47 942/266/119 24/48/48
f 263/44/44 2666/356/332 943/47/47
f 1802/357/333 1801/355/331 2666/356/332
f 2666/356/332 262/267/252 942/266/119
f 945/212/204 944/43/43 25/42/42
f 264/210/202 2667/358/334 945/212/204
f 1803/359/335 1802/357/333 2667/358/334
f 2667/358/334 263/44/44 944/43/43
f 947/317/139 946/209/201 26/208/200
f 265/315/300 2668/360/336 947/317/139
f 1804/361/337 1803/359/335 2668/360/336
f 2668/360/336 264/210/202 946/209/201
f 949/143/143 948/314/299 27/144/144
f 266/140/140 2669/362/338 949/143/143
f 1805/363/339 1804/361/337 2669/362/338
f 2669/362/338 265/315/300 948/314/299
f 951/285/270 950/139/139 28/138/138
f 267/283/268 2670/364/340 951/285/270
f 1806/365/341 1805/363/339 2670/364/340
f 2670/364/340 266/140/140 950/139/139
f 953/95/95 952/282/267 29/96/96
f 268/92/92 2671/366/342 953/95/95
f 1807/367/343 1806/365/341 2671/366/342
f 2671/366/342 267/283/268 952/282/267
f 955/232/224 954/91/91 30/90/90
f 269/230/222 2672/368/344 955/232/224
f 1808/369/345 1807/367/343 2672/368/344
f 2672/368/344 268/92/92 954/91/91
f 957/370/316 956/371/221 31/372/220
f 270/373/314 2673/374/346 957/370/316
f 1809/375/347 1808/376/345 2673/374/346
f 2673/374/346 269/377/222 956/371/221
f 959/378/163 958/332/224 32/331/164
f 271/164/160 2674/379/348 959/378/163
f 1810/340/319 1809/380/347 2674/379/348
f 2674/379/348 270/333/314 958/332/224
f 16/147/147 2675/381/349 927/145/145
f 926/382/350 1811/383/351 2675/381/349
f 2675/381/349 674/384/352 1814/385/353
f 927/145/145 1814/385/353 255/148/148
f 254/386/354 2676/387/355 1811/383/351
f 48/388/356 2676/387/355 925/389/357
f 2676/387/355 304/390/358 1812/391/359
f 1811/383/351 1812/391/359 674/384/352
f 1812/391/359 1813/392/360 674/384/352
f 304/390/358 2677/393/361 1812/391/359
f 2677/393/361 33/394/362 994/395/363
f 2677/393/361 288/396/364 1813/392/360
f 1814/385/353 928/154/154 255/148/148
f 674/384/352 2678/397/365 1814/385/353
f 1813/392/360 993/398/366 2678/397/365
f 2678/397/365 1/399/51 928/154/154
f 15/319/303 2679/400/367 923/318/302
f 922/401/368 1815/402/369 2679/400/367
f 2679/400/367 675/403/370 1818/404/371
f 923/318/302 1818/404/371 253/320/304
f 252/405/372 2680/406/373 1815/402/369
f 47/407/374 2680/406/373 921/408/375
f 2680/406/373 305/409/376 1816/410/377
f 1815/402/369 1816/410/377 675/403/370
f 1816/410/377 1817/411/378 675/403/370
f 305/409/376 2681/412/379 1816/410/377
f 2681/412/379 48/388/356 925/389/357
f 2681/412/379 254/386/354 1817/411/378
f 1818/404/371 924/325/309 253/320/304
f 675/403/370 2682/413/380 1818/404/371
f 1817/411/378 926/382/350 2682/413/380
f 2682/413/380 16/147/147 924/325/309
f 14/214/206 2683/414/381 919/213/205
f 918/415/382 1819/416/383 2683/414/381
f 2683/414/381 676/417/384 1822/418/385
f 919/213/205 1822/418/385 251/215/207
f 250/419/386 2684/420/387 1819/416/383
f 46/421/388 2684/420/387 917/422/389
f 2684/420/387 306/423/390 1820/424/391
f 1819/416/383 1820/424/391 676/417/384
f 1820/424/391 1821/425/392 676/417/384
f 306/423/390 2685/426/393 1820/424/391
f 2685/426/393 47/407/374 921/408/375
f 2685/426/393 252/405/372 1821/425/392
f 1822/418/385 920/220/212 251/215/207
f 676/417/384 2686/427/394 1822/418/385
f 1821/425/392 922/401/368 2686/427/394
f 2686/427/394 15/319/303 920/220/212
f 13/75/75 2687/428/395 915/73/73
f 914/429/396 1823/430/397 2687/428/395
f 2687/428/395 677/431/398 1826/432/399
f 915/73/73 1826/432/399 249/76/76
f 248/433/400 2688/434/401 1823/430/397
f 45/435/402 2688/434/401 913/436/403
f 2688/434/401 307/437/404 1824/438/405
f 1823/430/397 1824/438/405 677/431/398
f 1824/438/405 1825/439/406 677/431/398
f 307/437/404 2689/440/407 1824/438/405
f 2689/440/407 46/421/388 917/422/389
f 2689/440/407 250/419/386 1825/439/406
f 1826/432/399 916/82/82 249/76/76
f 677/431/398 2690/441/408 1826/432/399
f 1825/439/406 918/415/382 2690/441/408
f 2690/441/408 14/214/206 916/82/82
f 12/271/256 2691/442/409 911/270/255
f 910/443/410 1827/444/411 2691/442/409
f 2691/442/409 678/445/412 1830/446/413
f 911/270/255 1830/446/413 247/272/257
f 246/447/414 2692/448/415 1827/444/411
f 44/449/416 2692/448/415 909/450/417
f 2692/448/415 308/451/418 1828/452/419
f 1827/444/411 1828/452/419 678/445/412
f 1828/452/419 1829/453/420 678/445/412
f 308/451/418 2693/454/421 1828/452/419
f 2693/454/421 45/435/402 913/436/403
f 2693/454/421 248/433/400 1829/453/420
f 1830/446/413 912/277/262 247/272/257
f 678/445/412 2694/455/422 1830/446/413
f 1829/453/420 914/429/396 2694/455/422
f 2694/455/422 13/75/75 912/277/262
f 11/123/123 2695/456/423 907/121/121
f 906/457/424 1831/458/425 2695/456/423
f 2695/456/423 679/459/426 1834/460/427
f 907/121/121 1834/460/427 245/124/124
f 244/461/428 2696/462/429 1831/458/425
f 43/463/430 2696/462/429 905/464/431
f 2696/462/429 309/465/432 1832/466/433
f 1831/458/425 1832/466/433 679/459/426
f 1832/466/433 1833/467/434 679/459/426
f 309/465/432 2697/468/435 1832/466/433
f 2697/468/435 44/449/416 909/450/417
f 2697/468/435 246/447/414 1833/467/434
f 1834/460/427 908/130/130 245/124/124
f 679/459/426 2698/469/436 1834/460/427
f 1833/467/434 910/443/410 2698/469/436
f 2698/469/436 12/271/256 908/130/130
f 10/303/288 2699/470/437 903/302/287
f 902/471/438 1835/472/439 2699/470/437
f 2699/470/437 680/473/440 1838/474/441
f 903/302/287 1838/474/441 243/304/289
f 242/475/442 2700/476/443 1835/472/439
f 42/477/444 2700/476/443 901/478/445
f 2700/476/443 310/479/446 1836/480/447
f 1835/472/439 1836/480/447 680/473/440
f 1836/480/447 1837/481/448 680/473/440
f 310/479/446 2701/482/449 1836/480/447
f 2701/482/449 43/463/430 905/464/431
f 2701/482/449 244/461/428 1837/481/448
f 1838/474/441 904/309/294 243/304/289
f 680/473/440 2702/483/450 1838/474/441
f 1837/481/448 906/457/424 2702/483/450
f 2702/483/450 11/123/123 904/309/294
f 9/194/186 2703/484/451 899/193/185
f 898/485/452 1839/486/453 2703/484/451
f 2703/484/451 681/487/454 1842/488/455
f 899/193/185 1842/488/455 241/195/187
f 240/489/456 2704/490/457 1839/486/453
f 41/491/458 2704/490/457 897/492/459
f 2704/490/457 311/493/460 1840/494/461
f 1839/486/453 1840/494/461 681/487/454
f 1840/494/461 1841/495/462 681/487/454
f 311/493/460 2705/496/463 1840/494/461
f 2705/496/463 42/477/444 901/478/445
f 2705/496/463 242/475/442 1841/495/462
f 1842/488/455 900/200/192 241/195/187
f 681/487/454 2706/497/464 1842/488/455
f 1841/495/462 902/471/438 2706/497/464
f 2706/497/464 10/303/288 900/200/192
f 8/27/27 2707/498/465 895/25/25
f 894/499/466 1843/500/467 2707/498/465
f 2707/498/465 682/501/468 1846/502/469
f 895/25/25 1846/502/469 239/28/28
f 238/503/470 2708/504/471 1843/500/467
f 40/505/472 2708/504/471 893/506/473
f 2708/504/471 312/507/474 1844/508/475
f 1843/500/467 1844/508/475 682/501/468
f 1844/508/475 1845/509/476 682/501/468
f 312/507/474 2709/510/477 1844/508/475
f 2709/510/477 41/491/458 897/492/459
f 2709/510/477 240/489/456 1845/509/476
f 1846/502/469 896/34/34 239/28/28
f 682/501/468 2710/511/478 1846/502/469
f 1845/509/476 898/485/452 2710/511/478
f 2710/511/478 9/194/186 896/34/34
f 7/255/241 2711/512/479 891/254/240
f 890/513/480 1847/514/481 2711/512/479
f 2711/512/479 683/515/482 1850/516/483
f 891/254/240 1850/516/483 237/256/242
f 236/517/484 2712/518/485 1847/514/481
f 39/519/486 2712/518/485 889/520/487
f 2712/518/485 313/521/488 1848/522/489
f 1847/514/481 1848/522/489 683/515/482
f 1848/522/489 1849/523/490 683/515/482
f 313/521/488 2713/524/491 1848/522/489
f 2713/524/491 40/505/472 893/506/473
f 2713/524/491 238/503/470 1849/523/490
f 1850/516/483 892/261/247 237/256/242
f 683/515/482 2714/525/492 1850/516/483
f 1849/523/490 894/499/466 2714/525/492
f 2714/525/492 8/27/27 892/261/247
f 6/99/99 2715/526/493 887/97/97
f 886/527/494 1851/528/495 2715/526/493
f 2715/526/493 684/529/496 1854/530/497
f 887/97/97 1854/530/497 235/100/100
f 234/531/498 2716/532/499 1851/528/495
f 38/533/500 2716/532/499 885/534/501
f 2716/532/499 314/535/502 1852/536/503
f 1851/528/495 1852/536/503 684/529/496
f 1852/536/503 1853/537/504 684/529/496
f 314/535/502 2717/538/505 1852/536/503
f 2717/538/505 39/519/486 889/520/487
f 2717/538/505 236/517/484 1853/537/504
f 1854/530/497 888/106/106 235/100/100
f 684/529/496 2718/539/506 1854/530/497
f 1853/537/504 890/513/480 2718/539/506
f 2718/539/506 7/255/241 888/106/106
f 5/287/272 2719/540/507 883/286/271
f 882/541/508 1855/542/509 2719/540/507
f 2719/540/507 685/543/510 1858/544/511
f 883/286/271 1858/544/511 233/288/273
f 232/545/512 2720/546/513 1855/542/509
f 37/547/514 2720/546/513 881/548/515
f 2720/546/513 315/549/516 1856/550/517
f 1855/542/509 1856/550/517 685/543/510
f 1856/550/517 1857/551/518 685/543/510
f 315/549/516 2721/552/519 1856/550/517
f 2721/552/519 38/533/500 885/534/501
f 2721/552/519 234/531/498 1857/551/518
f 1858/544/511 884/293/278 233/288/273
f 685/543/510 2722/553/520 1858/544/511
f 1857/551/518 886/527/494 2722/553/520
f 2722/553/520 6/99/99 884/293/278
f 4/174/166 2723/554/521 879/173/165
f 878/555/522 1859/556/523 2723/554/521
f 2723/554/521 686/557/524 1862/558/525
f 879/173/165 1862/558/525 231/175/167
f 230/559/526 2724/560/527 1859/556/523
f 36/561/528 2724/560/527 877/562/529
f 2724/560/527 316/563/530 1860/564/531
f 1859/556/523 1860/564/531 686/557/524
f 1860/564/531 1861/565/532 686/557/524
f 316/563/530 2725/566/533 1860/564/531
f 2725/566/533 37/547/514 881/548/515
f 2725/566/533 232/545/512 1861/565/532
f 1862/558/525 880/180/172 231/175/167
f 686/557/524 2726/567/534 1862/558/525
f 1861/565/532 882/541/508 2726/567/534
f 2726/567/534 5/287/272 880/180/172
f 3/3/3 2727/568/535 875/1/1
f 874/569/536 1863/570/537 2727/568/535
f 2727/568/535 687/571/538 1866/572/539
f 875/1/1 1866/572/539 229/4/4
f 228/573/540 2728/574/541 1863/570/537
f 35/575/542 2728/574/541 873/576/543
f 2728/574/541 317/577/544 1864/578/545
f 1863/570/537 1864/578/545 687/571/538
f 1864/578/545 1865/579/546 687/571/538
f 317/577/544 2729/580/547 1864/578/545
f 2729/580/547 36/561/528 877/562/529
f 2729/580/547 230/559/526 1865/579/546
f 1866/572/539 876/10/10 229/4/4
f 687/571/538 2730/581/548 1866/572/539
f 1865/579/546 878/555/522 2730/581/548
f 2730/581/548 4/174/166 876/10/10
f 2/234/226 2731/582/549 871/233/225
f 870/583/550 1867/584/551 2731/582/549
f 2731/582/549 688/585/552 1870/586/553
f 871/233/225 1870/586/553 227/235/227
f 226/587/554 2732/588/555 1867/584/551
f 34/589/556 2732/588/555 869/590/557
f 2732/588/555 318/591/558 1868/592/559
f 1867/584/551 1868/592/559 688/585/552
f 1868/592/559 1869/593/560 688/585/552
f 318/591/558 2733/594/561 1868/592/559
f 2733/594/561 35/575/542 873/576/543
f 2733/594/561 228/573/540 1869/593/560
f 1870/586/553 872/240/232 227/235/227
f 688/585/552 2734/595/562 1870/586/553
f 1869/593/560 874/569/536 2734/595/562
f 2734/595/562 3/3/3 872/240/232
f 1/51/51 2735/596/563 867/49/49
f 993/597/366 1871/598/564 2735/596/563
f 2735/596/563 689/599/565 1874/600/566
f 867/49/49 1874/600/566 225/52/52
f 288/601/364 2736/602/567 1871/598/564
f 33/603/362 2736/602/567 994/604/363
f 2736/602/567 319/605/568 1872/606/569
f 1871/598/564 1872/606/569 689/599/565
f 1872/606/569 1873/607/570 689/599/565
f 319/605/568 2737/608/571 1872/606/569
f 2737/608/571 34/589/556 869/590/557
f 2737/608/571 226/587/554 1873/607/570
f 1874/600/566 868/58/58 225/52/52
f 689/599/565 2738/609/572 1874/600/566
f 1873/607/570 870/583/550 2738/609/572
f 2738/609/572 2/234/226 868/58/58
f 48/388/356 2739/610/573 1025/611/574
f 1024/612/575 1875/613/576 2739/610/573
f 1875/613/576 1878/614/577 2739/610/573
f 1025/611/574 1878/614/577 304/390/358
f 1023/615/578 1875/613/576 303/616/579
f 1023/615/578 1059/617/580 2740/618/580
f 2740/618/580 321/619/581 1876/620/582
f 1875/613/576 1876/620/582 690/621/583
f 1876/620/582 1877/622/584 690/621/583
f 321/619/581 2741/623/585 1876/620/582
f 1060/624/585 1058/625/586 2741/623/585
f 2741/623/585 320/626/587 1877/622/584
f 1878/614/577 1026/627/588 304/390/358
f 1878/614/577 1877/622/584 2742/628/589
f 1877/622/584 1057/629/590 2742/628/589
f 2742/628/589 33/394/362 1026/627/588
f 47/407/374 2743/630/591 1027/631/592
f 302/632/593 2743/630/591 1022/633/594
f 1879/634/595 1882/635/596 2743/630/591
f 2743/630/591 305/409/376 1027/631/592
f 302/632/593 2744/636/597 1879/634/595
f 1021/637/598 1061/638/599 2744/636/597
f 2744/636/597 322/639/600 1880/640/601
f 1879/634/595 1880/640/601 691/641/602
f 691/641/602 2745/642/603 1881/643/604
f 1880/640/601 1062/644/603 2745/642/603
f 2745/642/603 64/645/578 1023/615/578
f 1881/643/604 1023/615/578 303/616/579
f 1882/635/596 1028/646/605 305/409/376
f 691/641/602 2746/647/606 1882/635/596
f 1881/643/604 1024/612/575 2746/647/606
f 2746/647/606 48/388/356 1028/646/605
f 46/421/388 2747/648/607 1029/649/608
f 1020/650/609 1883/651/610 2747/648/607
f 1883/651/610 1886/652/611 2747/648/607
f 2747/648/607 306/423/390 1029/649/608
f 301/653/612 2748/654/613 1883/651/610
f 1019/655/614 1063/656/615 2748/654/613
f 2748/654/613 323/657/616 1884/658/617
f 1883/651/610 1884/658/617 692/659/618
f 692/659/618 2749/660/619 1885/661/620
f 1884/658/617 1064/662/621 2749/660/619
f 2749/660/619 63/663/622 1021/637/598
f 1885/661/620 1021/637/598 302/632/593
f 1886/652/611 1030/664/623 306/423/390
f 1886/652/611 1885/661/620 2750/665/624
f 1885/661/620 1022/633/594 2750/665/624
f 2750/665/624 47/407/374 1030/664/623
f 45/435/402 2751/666/625 1031/667/626
f 1018/668/627 1887/669/628 2751/666/625
f 1887/669/628 1890/670/629 2751/666/625
f 2751/666/625 307/437/404 1031/667/626
f 300/671/630 2752/672/631 1887/669/628
f 1017/673/632 1065/674/633 2752/672/631
f 2752/672/631 324/675/634 1888/676/635
f 1887/669/628 1888/676/635 693/677/636
f 693/677/636 2753/678/637 1889/679/638
f 1888/676/635 1066/680/639 2753/678/637
f 2753/678/637 62/681/640 1019/655/614
f 1889/679/638 1019/655/614 301/653/612
f 1890/670/629 1032/682/641 307/437/404
f 1890/670/629 1889/679/638 2754/683/642
f 1889/679/638 1020/650/609 2754/683/642
f 2754/683/642 46/421/388 1032/682/641
f 44/449/416 2755/684/643 1033/685/644
f 1016/686/645 1891/687/646 2755/684/643
f 1891/687/646 1894/688/647 2755/684/643
f 1033/685/644 1894/688/647 308/451/418
f 1015/689/648 1891/687/646 299/690/649
f 60/691/650 2756/692/651 1015/689/648
f 1067/693/652 1892/694/653 2756/692/651
f 2756/692/651 694/695/654 1891/687/646
f 1892/694/653 1893/696/655 694/695/654
f 325/697/656 2757/698/657 1892/694/653
f 1068/699/658 1017/673/632 2757/698/657
f 2757/698/657 300/671/630 1893/696/655
f 1894/688/647 1034/700/659 308/451/418
f 1894/688/647 1893/696/655 2758/701/660
f 1893/696/655 1018/668/627 2758/701/660
f 2758/701/660 45/435/402 1034/700/659
f 43/463/430 2759/702/661 1035/703/662
f 1014/704/663 1895/705/664 2759/702/661
f 1895/705/664 1898/706/665 2759/702/661
f 2759/702/661 309/465/432 1035/703/662
f 1013/707/666 1895/705/664 298/708/667
f 59/709/668 2760/710/669 1013/707/666
f 1069/711/670 1896/712/671 2760/710/669
f 2760/710/669 695/713/672 1895/705/664
f 1896/712/671 1897/714/673 695/713/672
f 326/715/674 2761/716/675 1896/712/671
f 1070/717/676 1015/689/648 2761/716/675
f 2761/716/675 299/690/649 1897/714/673
f 1898/706/665 1036/718/677 309/465/432
f 695/713/672 2762/719/678 1898/706/665
f 1897/714/673 1016/686/645 2762/719/678
f 2762/719/678 44/449/416 1036/718/677
f 42/477/444 2763/720/679 1037/721/680
f 1012/722/681 1899/723/682 2763/720/679
f 1899/723/682 1902/724/683 2763/720/679
f 2763/720/679 310/479/446 1037/721/680
f 1011/725/684 1899/723/682 297/726/685
f 58/727/684 2764/728/686 1011/725/684
f 1071/729/686 1900/730/687 2764/728/686
f 2764/728/686 696/731/688 1899/723/682
f 1900/730/687 1901/732/689 696/731/688
f 327/733/690 2765/734/691 1900/730/687
f 1072/735/692 1013/707/666 2765/734/691
f 2765/734/691 298/708/667 1901/732/689
f 1902/724/683 1038/736/693 310/479/446
f 696/731/688 2766/737/694 1902/724/683
f 1901/732/689 1014/704/663 2766/737/694
f 2766/737/694 43/463/430 1038/736/693
f 41/491/458 2767/738/695 1039/739/696
f 1010/740/697 1903/741/698 2767/738/695
f 1903/741/698 1906/742/699 2767/738/695
f 2767/738/695 311/493/460 1039/739/696
f 1009/743/700 1903/741/698 296/744/701
f 57/745/700 2768/746/702 1009/743/700
f 2768/746/702 328/747/703 1904/748/703
f 1903/741/698 1904/748/703 697/749/704
f 1904/748/703 1905/750/705 697/749/704
f 328/747/703 2769/751/706 1904/748/703
f 1074/752/706 1011/725/684 2769/751/706
f 2769/751/706 297/726/685 1905/750/705
f 1906/742/699 1040/753/707 311/493/460
f 1906/742/699 1905/750/705 2770/754/708
f 1905/750/705 1012/722/681 2770/754/708
f 2770/754/708 42/477/444 1040/753/707
f 40/505/472 2771/755/709 1041/756/710
f 1008/757/711 1907/758/712 2771/755/709
f 1907/758/712 1910/759/713 2771/755/709
f 2771/755/709 312/507/474 1041/756/710
f 295/760/714 2772/761/715 1907/758/712
f 1007/762/716 1075/763/715 2772/761/715
f 1075/763/715 1908/764/717 2772/761/715
f 1907/758/712 1908/764/717 698/765/718
f 1908/764/717 1909/766/719 698/765/718
f 329/767/717 2773/768/720 1908/764/717
f 2773/768/720 57/745/700 1009/743/700
f 2773/768/720 296/744/701 1909/766/719
f 1910/759/713 1042/769/721 312/507/474
f 1910/759/713 1909/766/719 2774/770/722
f 1909/766/719 1010/740/697 2774/770/722
f 2774/770/722 41/491/458 1042/769/721
f 39/519/486 2775/771/723 1043/772/724
f 1006/773/725 1911/774/726 2775/771/723
f 2775/771/723 699/775/727 1914/776/728
f 2775/771/723 313/521/488 1043/772/724
f 1005/777/729 1911/774/726 294/778/730
f 55/779/729 2776/780/731 1005/777/729
f 1077/781/731 1912/782/732 2776/780/731
f 1911/774/726 1912/782/732 699/775/727
f 1912/782/732 1913/783/733 699/775/727
f 330/784/732 2777/785/734 1912/782/732
f 2777/785/734 56/786/716 1007/762/716
f 1913/783/733 1007/762/716 295/760/714
f 313/521/488 2778/787/735 1044/788/736
f 1914/776/728 1913/783/733 2778/787/735
f 1913/783/733 1008/757/711 2778/787/735
f 2778/787/735 40/505/472 1044/788/736
f 38/533/500 2779/789/737 1045/790/738
f 1004/791/739 1915/792/740 2779/789/737
f 1915/792/740 1918/793/741 2779/789/737
f 2779/789/737 314/535/502 1045/790/738
f 1003/794/742 1915/792/740 293/795/743
f 54/796/744 2780/797/745 1003/794/742
f 1079/798/745 1916/799/746 2780/797/745
f 1915/792/740 1916/799/746 700/800/747
f 1916/799/746 1917/801/748 700/800/747
f 331/802/746 2781/803/749 1916/799/746
f 2781/803/749 55/779/729 1005/777/729
f 1917/801/748 1005/777/729 294/778/730
f 1918/793/741 1046/804/750 314/535/502
f 1918/793/741 1917/801/748 2782/805/751
f 1917/801/748 1006/773/725 2782/805/751
f 2782/805/751 39/519/486 1046/804/750
f 37/547/514 2783/806/752 1047/807/753
f 1002/808/754 1919/809/755 2783/806/752
f 1919/809/755 1922/810/756 2783/806/752
f 2783/806/752 315/549/516 1047/807/753
f 1001/811/757 1919/809/755 292/812/758
f 53/813/757 2784/814/759 1001/811/757
f 1081/815/759 1920/816/760 2784/814/759
f 2784/814/759 701/817/761 1919/809/755
f 1920/816/760 1921/818/762 701/817/761
f 1920/816/760 1082/819/763 2785/820/763
f 2785/820/763 54/796/744 1003/794/742
f 2785/820/763 293/795/743 1921/818/762
f 1922/810/756 1048/821/764 315/549/516
f 701/817/761 2786/822/765 1922/810/756
f 1921/818/762 1004/791/739 2786/822/765
f 2786/822/765 38/533/500 1048/821/764
f 36/561/528 2787/823/766 1049/824/767
f 291/825/768 2787/823/766 1000/826/769
f 1923/827/770 1926/828/771 2787/823/766
f 2787/823/766 316/563/530 1049/824/767
f 999/829/772 1923/827/770 291/825/768
f 52/830/772 2788/831/773 999/829/772
f 1083/832/773 1924/833/774 2788/831/773
f 1923/827/770 1924/833/774 702/834/775
f 1924/833/774 1925/835/776 702/834/775
f 333/836/774 2789/837/777 1924/833/774
f 1084/838/777 1001/811/757 2789/837/777
f 2789/837/777 292/812/758 1925/835/776
f 1926/828/771 1050/839/778 316/563/530
f 1926/828/771 1925/835/776 2790/840/779
f 1925/835/776 1002/808/754 2790/840/779
f 2790/840/779 37/547/514 1050/839/778
f 35/575/542 2791/841/780 1051/842/781
f 998/843/782 1927/844/783 2791/841/780
f 1927/844/783 1930/845/784 2791/841/780
f 2791/841/780 317/577/544 1051/842/781
f 997/846/785 1927/844/783 290/847/786
f 51/848/785 2792/849/787 997/846/785
f 2792/849/787 334/850/788 1928/851/788
f 1927/844/783 1928/851/788 703/852/789
f 1928/851/788 1929/853/790 703/852/789
f 334/850/788 2793/854/791 1928/851/788
f 2793/854/791 52/830/772 999/829/772
f 2793/854/791 291/825/768 1929/853/790
f 1930/845/784 1052/855/792 317/577/544
f 1930/845/784 1929/853/790 2794/856/793
f 1929/853/790 1000/826/769 2794/856/793
f 2794/856/793 36/561/528 1052/855/792
f 34/589/556 2795/857/794 1053/858/795
f 996/859/796 1931/860/797 2795/857/794
f 1931/860/797 1934/861/798 2795/857/794
f 2795/857/794 318/591/558 1053/858/795
f 995/862/799 1931/860/797 289/863/800
f 50/864/801 2796/865/802 995/862/799
f 1087/866/802 1932/867/803 2796/865/802
f 2796/865/802 704/868/804 1931/860/797
f 1932/867/803 1933/869/805 704/868/804
f 335/870/803 2797/871/806 1932/867/803
f 1088/872/806 997/846/785 2797/871/806
f 1933/869/805 997/846/785 290/847/786
f 1934/861/798 1054/873/807 318/591/558
f 1934/861/798 1933/869/805 2798/874/808
f 1933/869/805 998/843/782 2798/874/808
f 2798/874/808 35/575/542 1054/873/807
f 33/603/362 2799/875/809 1055/876/810
f 320/877/587 2799/875/809 1057/878/590
f 1935/879/811 1938/880/812 2799/875/809
f 2799/875/809 319/605/568 1055/876/810
f 1058/881/586 1935/879/811 320/877/587
f 49/882/586 2800/883/813 1058/881/586
f 1089/884/813 1936/885/814 2800/883/813
f 1935/879/811 1936/885/814 705/886/815
f 1936/885/814 1937/887/816 705/886/815
f 336/888/817 2801/889/818 1936/885/814
f 2801/889/818 50/864/801 995/862/799
f 2801/889/818 289/863/800 1937/887/816
f 1938/880/812 1056/890/819 319/605/568
f 705/886/815 2802/891/820 1938/880/812
f 1937/887/816 996/859/796 2802/891/820
f 2802/891/820 34/589/556 1056/890/819
f 51/848/785 2803/892/806 1126/893/785
f 335/870/803 2803/892/806 1088/872/806
f 1939/894/803 1942/895/806 2803/892/806
f 1126/893/785 1942/895/806 354/896/785
f 335/870/803 2804/897/802 1939/894/803
f 50/864/801 2804/897/802 1087/866/802
f 1123/898/799 1940/899/802 2804/897/802
f 2804/897/802 706/900/803 1939/894/803
f 1940/899/802 1941/901/803 706/900/803
f 353/902/801 2805/903/802 1940/899/802
f 2805/903/802 66/904/799 1119/905/802
f 2805/903/802 351/906/803 1941/901/803
f 1942/895/806 1125/907/785 354/896/785
f 706/900/803 2806/908/806 1942/895/806
f 2806/908/806 351/906/803 1120/909/806
f 2806/908/806 67/910/785 1125/907/785
f 1062/644/603 1130/911/578 64/645/578
f 322/639/600 2807/912/603 1062/644/603
f 1943/913/821 1946/914/822 2807/912/603
f 2807/912/603 356/915/823 1130/911/578
f 1061/638/599 1943/913/821 322/639/600
f 63/663/622 2808/916/824 1061/638/599
f 1127/917/825 1944/918/826 2808/916/824
f 2808/916/824 707/919/827 1943/913/821
f 1944/918/826 1945/920/828 707/919/827
f 355/921/829 2809/922/830 1944/918/826
f 1128/923/831 1093/924/832 2809/922/830
f 2809/922/830 338/925/833 1945/920/828
f 1946/914/822 1129/926/823 356/915/823
f 707/919/827 2810/927/834 1946/914/822
f 1945/920/828 1094/928/835 2810/927/834
f 2810/927/834 80/929/836 1129/926/823
f 1090/930/818 1123/898/799 50/864/801
f 336/888/817 2811/931/818 1090/930/818
f 1947/932/814 1950/933/818 2811/931/818
f 1123/898/799 1950/933/818 353/902/801
f 1089/884/813 1947/932/814 336/888/817
f 49/882/586 2812/934/813 1089/884/813
f 1131/935/586 1948/936/813 2812/934/813
f 2812/934/813 708/937/817 1947/932/814
f 708/937/817 2813/938/813 1949/939/814
f 357/940/586 2813/938/813 1948/936/813
f 1132/941/586 1121/942/813 2813/938/813
f 2813/938/813 352/943/814 1949/939/814
f 1950/933/818 1124/944/799 353/902/801
f 708/937/817 2814/945/837 1950/933/818
f 2814/945/837 352/943/814 1122/946/818
f 1124/944/799 1122/946/818 66/904/799
f 1064/662/621 1127/917/825 63/663/622
f 323/657/616 2815/947/838 1064/662/621
f 1951/948/839 1954/949/840 2815/947/838
f 2815/947/838 355/921/829 1127/917/825
f 1063/656/615 1951/948/839 323/657/616
f 62/681/640 2816/950/841 1063/656/615
f 1133/951/842 1952/952/843 2816/950/841
f 2816/950/841 709/953/844 1951/948/839
f 1952/952/843 1953/954/845 709/953/844
f 358/955/846 2817/956/847 1952/952/843
f 1134/957/848 1095/958/849 2817/956/847
f 2817/956/847 339/959/850 1953/954/845
f 1954/949/840 1128/923/831 355/921/829
f 709/953/844 2818/960/851 1954/949/840
f 1953/954/845 1096/961/852 2818/960/851
f 2818/960/851 79/962/853 1128/923/831
f 1066/680/639 1133/951/842 62/681/640
f 324/675/634 2819/963/854 1066/680/639
f 1955/964/855 1958/965/856 2819/963/854
f 2819/963/854 358/955/846 1133/951/842
f 1065/674/633 1955/964/855 324/675/634
f 61/966/857 2820/967/858 1065/674/633
f 1135/968/859 1956/969/860 2820/967/858
f 2820/967/858 710/970/861 1955/964/855
f 1956/969/860 1957/971/862 710/970/861
f 359/972/863 2821/973/864 1956/969/860
f 1136/974/865 1097/975/866 2821/973/864
f 2821/973/864 340/976/867 1957/971/862
f 1958/965/856 1134/957/848 358/955/846
f 710/970/861 2822/977/868 1958/965/856
f 1957/971/862 1098/978/869 2822/977/868
f 2822/977/868 78/979/870 1134/957/848
f 61/966/857 2823/980/871 1135/968/859
f 1068/699/658 1959/981/872 2823/980/871
f 2823/980/871 711/982/873 1962/983/874
f 1135/968/859 1962/983/874 359/972/863
f 325/697/656 2824/984/875 1959/981/872
f 1067/693/652 1137/985/876 2824/984/875
f 2824/984/875 360/986/877 1960/987/878
f 1959/981/872 1960/987/878 711/982/873
f 711/982/873 2825/988/879 1961/989/880
f 1960/987/878 1138/990/881 2825/988/879
f 2825/988/879 76/991/882 1099/992/883
f 1961/989/880 1099/992/883 341/993/884
f 359/972/863 2826/994/885 1136/974/865
f 1962/983/874 1961/989/880 2826/994/885
f 2826/994/885 341/993/884 1100/995/886
f 1136/974/865 1100/995/886 77/996/887
f 60/691/650 2827/997/888 1137/985/876
f 1070/717/676 1963/998/889 2827/997/888
f 2827/997/888 712/999/890 1966/1000/891
f 1137/985/876 1966/1000/891 360/986/877
f 326/715/674 2828/1001/892 1963/998/889
f 1069/711/670 1139/1002/893 2828/1001/892
f 2828/1001/892 361/1003/894 1964/1004/895
f 1963/998/889 1964/1004/895 712/999/890
f 712/999/890 2829/1005/896 1965/1006/897
f 1964/1004/895 1140/1007/898 2829/1005/896
f 2829/1005/896 75/1008/899 1101/1009/900
f 1965/1006/897 1101/1009/900 342/1010/901
f 360/986/877 2830/1011/902 1138/990/881
f 1966/1000/891 1965/1006/897 2830/1011/902
f 2830/1011/902 342/1010/901 1102/1012/903
f 1138/990/881 1102/1012/903 76/991/882
f 59/709/668 2831/1013/904 1139/1002/893
f 1072/735/692 1967/1014/905 2831/1013/904
f 2831/1013/904 713/1015/906 1970/1016/907
f 1139/1002/893 1970/1016/907 361/1003/894
f 327/733/690 2832/1017/686 1967/1014/905
f 1071/729/686 1141/1018/684 2832/1017/686
f 2832/1017/686 362/1019/908 1968/1020/909
f 1967/1014/905 1968/1020/909 713/1015/906
f 713/1015/906 2833/1021/910 1969/1022/911
f 1968/1020/909 1142/1023/908 2833/1021/910
f 2833/1021/910 74/1024/912 1103/1025/913
f 1969/1022/911 1103/1025/913 343/1026/914
f 361/1003/894 2834/1027/915 1140/1007/898
f 1970/1016/907 1969/1022/911 2834/1027/915
f 2834/1027/915 343/1026/914 1104/1028/916
f 1140/1007/898 1104/1028/916 75/1008/899
f 58/727/684 2835/1029/706 1141/1018/684
f 1074/752/706 1971/1030/703 2835/1029/706
f 2835/1029/706 714/1031/703 1974/1032/706
f 1141/1018/684 1974/1032/706 362/1019/908
f 328/747/703 2836/1033/702 1971/1030/703
f 57/745/700 2836/1033/702 1073/1034/702
f 1143/1035/700 1972/1036/702 2836/1033/702
f 1971/1030/703 1972/1036/702 714/1031/703
f 1972/1036/702 1973/1037/703 714/1031/703
f 363/1038/700 2837/1039/702 1972/1036/702
f 1144/1040/700 1105/1041/702 2837/1039/702
f 2837/1039/702 344/1042/703 1973/1037/703
f 362/1019/908 2838/1043/917 1142/1023/908
f 1974/1032/706 1973/1037/703 2838/1043/917
f 2838/1043/917 344/1042/703 1106/1044/918
f 1142/1023/908 1106/1044/918 74/1024/912
f 1076/1045/720 1143/1035/700 57/745/700
f 329/767/717 2839/1046/720 1076/1045/720
f 1975/1047/919 1978/1048/720 2839/1046/720
f 1143/1035/700 1978/1048/720 363/1038/700
f 1075/763/715 1975/1047/919 329/767/717
f 56/786/716 2840/1049/715 1075/763/715
f 1145/1050/920 1976/1051/715 2840/1049/715
f 1975/1047/919 1976/1051/715 715/1052/717
f 1976/1051/715 1977/1053/717 715/1052/717
f 364/1054/716 2841/1055/921 1976/1051/715
f 2841/1055/921 72/1056/920 1107/1057/921
f 1977/1053/717 1107/1057/921 345/1058/717
f 363/1038/700 2842/1059/720 1144/1040/700
f 715/1060/717 2842/1059/720 1978/1048/720
f 1977/1053/717 1108/1061/720 2842/1059/720
f 2842/1059/720 73/1062/700 1144/1040/700
f 1078/1063/734 1145/1050/920 56/786/716
f 330/784/732 2843/1064/734 1078/1063/734
f 1979/1065/732 1982/1066/734 2843/1064/734
f 2843/1064/734 364/1054/716 1145/1050/920
f 330/784/732 2844/1067/731 1979/1065/732
f 55/779/729 2844/1067/731 1077/781/731
f 1147/1068/729 1980/1069/731 2844/1067/731
f 2844/1067/731 716/1070/732 1979/1065/732
f 716/1070/732 2845/1071/731 1981/1072/732
f 1980/1069/731 1148/1073/729 2845/1071/731
f 1148/1073/729 1109/1074/731 2845/1071/731
f 2845/1071/731 346/1075/732 1981/1072/732
f 1982/1066/734 1146/1076/920 364/1054/716
f 716/1070/732 2846/1077/734 1982/1066/734
f 1981/1072/732 1110/1078/734 2846/1077/734
f 2846/1077/734 72/1056/920 1146/1076/920
f 1080/1079/749 1147/1068/729 55/779/729
f 331/802/746 2847/1080/749 1080/1079/749
f 1983/1081/746 1986/1082/749 2847/1080/749
f 2847/1080/749 365/1083/729 1147/1068/729
f 1079/798/745 1983/1081/746 331/802/746
f 54/796/744 2848/1084/745 1079/798/745
f 1149/1085/742 1984/1086/745 2848/1084/745
f 2848/1084/745 717/1087/746 1983/1081/746
f 717/1087/746 2849/1088/745 1985/1089/746
f 366/1090/744 2849/1088/745 1984/1086/745
f 1150/1091/742 1111/1092/745 2849/1088/745
f 1985/1089/746 1111/1092/745 347/1093/746
f 365/1083/729 2850/1094/749 1148/1073/729
f 717/1087/746 2850/1094/749 1986/1082/749
f 2850/1094/749 347/1093/746 1112/1095/749
f 2850/1094/749 71/1096/729 1148/1073/729
f 54/796/744 2851/1097/763 1149/1085/742
f 332/1098/922 2851/1097/763 1082/819/763
f 1987/1099/760 1990/1100/763 2851/1097/763
f 1149/1085/742 1990/1100/763 366/1090/744
f 1081/815/759 1987/1099/760 332/1098/922
f 53/813/757 2852/1101/759 1081/815/759
f 1151/1102/757 1988/1103/759 2852/1101/759
f 1987/1099/760 1988/1103/759 718/1104/922
f 1988/1103/759 1989/1105/760 718/1104/922
f 367/1106/757 2853/1107/759 1988/1103/759
f 1152/1108/757 1113/1109/759 2853/1107/759
f 2853/1107/759 348/1110/760 1989/1105/760
f 1990/1100/763 1150/1091/742 366/1090/744
f 1990/1100/763 1989/1105/760 2854/1111/923
f 2854/1111/923 348/1110/760 1114/1112/763
f 2854/1111/923 70/1113/742 1150/1091/742
f 53/813/757 2855/1114/777 1151/1102/757
f 333/836/774 2855/1114/777 1084/838/777
f 1991/1115/924 1994/1116/777 2855/1114/777
f 1151/1102/757 1994/1116/777 367/1106/757
f 333/836/774 2856/1117/773 1991/1115/924
f 52/830/772 2856/1117/773 1083/832/773
f 1153/1118/925 1992/1119/773 2856/1117/773
f 1991/1115/924 1992/1119/773 719/1120/774
f 1992/1119/773 1993/1121/774 719/1120/774
f 368/1122/772 2857/1123/926 1992/1119/773
f 2857/1123/926 68/1124/925 1115/1125/926
f 1993/1121/774 1115/1125/926 349/1126/774
f 1994/1116/777 1152/1108/757 367/1106/757
f 1994/1116/777 1993/1121/774 2858/1127/777
f 2858/1127/777 349/1126/774 1116/1128/777
f 2858/1127/777 69/1129/757 1152/1108/757
f 1086/1130/791 1153/1118/925 52/830/772
f 334/850/788 2859/1131/791 1086/1130/791
f 1995/1132/788 1998/1133/791 2859/1131/791
f 1153/1118/925 1998/1133/791 368/1122/772
f 334/850/788 2860/1134/787 1995/1132/788
f 51/848/785 2860/1134/787 1085/1135/787
f 1126/893/785 1996/1136/787 2860/1134/787
f 2860/1134/787 720/1137/788 1995/1132/788
f 720/1137/788 2861/1138/787 1997/1139/788
f 354/896/785 2861/1138/787 1996/1136/787
f 1125/907/785 1117/1140/787 2861/1138/787
f 2861/1138/787 350/1141/788 1997/1139/788
f 1998/1133/791 1154/1142/925 368/1122/772
f 1998/1133/791 1997/1139/788 2862/1143/791
f 1997/1139/788 1118/1144/791 2862/1143/791
f 2862/1143/791 68/1124/925 1154/1142/925
f 1060/624/585 1131/1145/586 49/1146/586
f 321/619/581 2863/1147/585 1060/624/585
f 1999/1148/581 2002/1149/585 2863/1147/585
f 1131/1145/586 2002/1149/585 357/1150/586
f 1059/617/580 1999/1148/581 321/619/581
f 64/645/578 2864/1151/580 1059/617/580
f 1130/911/578 2000/1152/580 2864/1151/580
f 2864/1151/580 721/1153/581 1999/1148/581
f 2000/1152/580 2001/1154/581 721/1153/581
f 356/915/823 2865/1155/927 2000/1152/580
f 1129/926/823 1091/1156/928 2865/1155/927
f 2865/1155/927 337/1157/581 2001/1154/581
f 357/1150/586 2866/1158/585 1132/1159/586
f 721/1153/581 2866/1158/585 2002/1149/585
f 2001/1154/581 1092/1160/585 2866/1158/585
f 1132/1159/586 1092/1160/585 65/1161/586
f 1282/1162/929 1222/1163/930 98/1164/931
f 432/1165/932 2867/1166/933 1282/1162/929
f 2003/1167/934 2006/1168/935 2867/1166/933
f 2867/1166/933 402/1164/936 1222/1163/930
f 432/1165/932 2868/1169/937 2003/1167/934
f 1281/1170/938 1187/1171/939 2868/1169/937
f 2868/1169/937 385/1171/940 2004/1172/941
f 2003/1167/934 2004/1172/941 722/1173/942
f 722/1173/942 2869/1169/943 2005/1174/944
f 2004/1172/941 1188/1171/945 2869/1169/943
f 2869/1169/943 84/1171/946 1179/1170/947
f 2005/1174/944 1179/1170/947 381/1165/948
f 2006/1168/935 1221/1175/949 402/1175/936
f 722/1165/942 2870/1168/950 2006/1168/935
f 2005/1165/944 1180/1168/951 2870/1168/950
f 2870/1168/950 85/1175/952 1221/1175/949
f 1280/1176/953 1187/1171/939 97/1171/954
f 431/1177/955 2871/1178/956 1280/1176/953
f 2007/1179/957 2010/1180/958 2871/1178/956
f 2871/1178/956 385/1171/940 1187/1171/939
f 431/1177/955 2872/1181/959 2007/1177/957
f 1279/1181/960 1191/1182/961 2872/1181/959
f 2872/1181/959 387/1182/962 2008/1181/963
f 2007/1177/957 2008/1181/963 723/1177/964
f 723/1183/964 2873/1184/965 2009/1185/966
f 2008/1181/963 1192/1186/967 2873/1184/965
f 2873/1184/965 83/1187/968 1181/1188/969
f 2009/1185/966 1181/1188/969 382/1177/970
f 2010/1180/958 1188/1171/945 385/1171/940
f 723/1183/964 2874/1178/971 2010/1180/958
f 2009/1185/966 1182/1176/972 2874/1178/971
f 2874/1178/971 84/1171/946 1188/1171/945
f 1278/1189/973 1228/1190/974 101/1190/975
f 430/1157/976 2875/1191/977 1278/1189/973
f 2011/1192/978 2014/1189/979 2875/1191/977
f 2875/1191/977 405/1190/980 1228/1190/974
f 1277/1193/981 2011/1194/978 430/1194/976
f 100/929/982 2876/1193/983 1277/1193/981
f 1193/929/984 2012/1193/985 2876/1193/983
f 2876/1193/983 724/1194/986 2011/1194/978
f 2012/1156/985 2013/1195/987 724/1157/986
f 388/929/988 2877/1196/989 2012/1156/985
f 1194/929/990 1155/1156/991 2877/1196/989
f 2877/1196/989 369/1157/992 2013/1195/987
f 2014/1189/979 1227/1190/993 405/1190/980
f 724/1157/986 2878/1191/994 2014/1189/979
f 2013/1195/987 1156/1189/995 2878/1191/994
f 2878/1191/994 81/1190/996 1227/1190/993
f 1276/1197/997 1191/1198/961 99/1187/998
f 429/1199/999 2879/1200/1000 1276/1197/997
f 2015/1199/1001 2018/1197/1002 2879/1200/1000
f 2879/1200/1000 387/1187/962 1191/1198/961
f 429/1199/999 2880/1201/1003 2015/1199/1001
f 1275/1202/1004 1197/1203/1005 2880/1201/1003
f 2880/1201/1003 390/904/1006 2016/1202/1007
f 2015/1199/1001 2016/1202/1007 725/1199/1008
f 725/1199/1008 2881/1201/1009 2017/1199/1010
f 2016/1202/1007 1198/1204/1011 2881/1201/1009
f 2881/1201/1009 82/904/1012 1183/1202/1013
f 2017/1199/1010 1183/1202/1013 383/1199/1014
f 2018/1197/1002 1192/1186/967 387/1187/962
f 725/1199/1008 2882/1200/1015 2018/1197/1002
f 2017/1199/1010 1184/1197/1016 2882/1200/1015
f 2882/1200/1015 83/1187/968 1192/1186/967
f 1274/928/1017 1193/929/984 100/929/982
f 428/925/1018 2883/928/1019 1274/928/1017
f 2019/925/1020 2022/928/1021 2883/928/1019
f 2883/928/1019 388/929/988 1193/929/984
f 1273/924/1022 2019/925/1020 428/925/1018
f 103/962/1023 2884/924/1024 1273/924/1022
f 1199/962/1025 2020/924/1026 2884/924/1024
f 2884/924/1024 726/925/1027 2019/925/1020
f 2020/924/1026 2021/925/1028 726/925/1027
f 391/962/1029 2885/924/1030 2020/924/1026
f 1200/962/1031 1157/924/1032 2885/924/1030
f 2885/924/1030 370/925/1033 2021/925/1028
f 2022/928/1021 1194/929/990 388/929/988
f 726/925/1027 2886/928/1034 2022/928/1021
f 2021/925/1028 1158/928/1035 2886/928/1034
f 2886/928/1034 96/929/1036 1194/929/990
f 1272/1205/1037 1197/1206/1005 102/1206/1038
f 427/943/1039 2887/1205/1040 1272/1205/1037
f 2023/943/1041 2026/1205/1042 2887/1205/1040
f 2887/1205/1040 390/1206/1006 1197/1206/1005
f 427/943/1039 2888/942/1043 2023/943/1041
f 101/1207/975 2888/942/1043 1271/942/1044
f 1228/1207/974 2024/942/1045 2888/942/1043
f 2023/943/1041 2024/942/1045 727/943/1046
f 727/943/1046 2889/942/1047 2025/943/1048
f 405/1207/980 2889/942/1047 2024/942/1045
f 1227/1207/993 1185/942/1049 2889/942/1047
f 2025/943/1048 1185/942/1049 384/943/1050
f 2026/946/1042 1198/1204/1011 390/904/1006
f 727/943/1046 2890/1208/1051 2026/946/1042
f 2025/943/1048 1186/946/1052 2890/1208/1051
f 2890/1208/1051 82/904/1012 1198/1204/1011
f 1270/961/1053 1199/962/1025 103/962/1023
f 426/959/1054 2891/961/1055 1270/961/1053
f 2027/959/1056 2030/961/1057 2891/961/1055
f 2891/961/1055 391/962/1029 1199/962/1025
f 1269/958/1058 2027/959/1056 426/959/1054
f 104/979/1059 2892/958/1060 1269/958/1058
f 1201/979/1061 2028/958/1062 2892/958/1060
f 2892/958/1060 728/959/1063 2027/959/1056
f 2028/958/1062 2029/959/1064 728/959/1063
f 392/979/1065 2893/958/1066 2028/958/1062
f 1202/979/1067 1159/958/1068 2893/958/1066
f 2893/958/1066 371/959/1069 2029/959/1064
f 2030/961/1057 1200/962/1031 391/962/1029
f 728/959/1063 2894/961/1070 2030/961/1057
f 2029/959/1064 1160/961/1071 2894/961/1070
f 2894/961/1070 95/962/1072 1200/962/1031
f 1268/1209/1073 1201/979/1061 104/979/1059
f 425/1210/1074 2895/1209/1075 1268/1209/1073
f 2031/1210/1076 2034/1209/1077 2895/1209/1075
f 2895/1209/1075 392/979/1065 1201/979/1061
f 1267/1211/1078 2031/1212/1076 425/976/1074
f 105/1213/1079 2896/1214/1080 1267/1211/1078
f 1203/1215/1081 2032/1216/1082 2896/1214/1080
f 2896/1214/1080 729/976/1083 2031/1212/1076
f 2032/1216/1082 2033/1217/1084 729/976/1083
f 393/1218/1085 2897/1219/1086 2032/1216/1082
f 2897/1219/1086 93/1220/1087 1161/1221/1088
f 2897/1219/1086 372/976/1089 2033/1217/1084
f 2034/978/1077 1202/979/1067 392/979/1065
f 729/976/1083 2898/1222/1090 2034/978/1077
f 2033/1217/1084 1162/978/1091 2898/1222/1090
f 2898/1222/1090 94/979/1092 1202/979/1067
f 105/1213/1079 2899/1223/1093 1203/1215/1081
f 1266/1224/1094 2035/1225/1095 2899/1223/1093
f 2899/1223/1093 730/1226/1096 2038/1227/1097
f 1203/1215/1081 2038/1227/1097 393/1218/1085
f 424/1228/1098 2900/1229/1099 2035/1225/1095
f 1265/1230/1100 1205/1231/1101 2900/1229/1099
f 2900/1229/1099 394/1232/1102 2036/1233/1103
f 2035/1225/1095 2036/1233/1103 730/1226/1096
f 730/1226/1096 2901/1234/1104 2037/1235/1105
f 2036/1233/1103 1206/1236/1106 2901/1234/1104
f 2901/1234/1104 92/1237/1107 1163/1238/1108
f 2037/1235/1105 1163/1238/1108 373/1239/1109
f 393/1218/1085 2902/1240/1110 1204/1241/1111
f 2038/1227/1097 2037/1235/1105 2902/1240/1110
f 2902/1240/1110 373/1239/1109 1164/1242/1112
f 2902/1240/1110 93/1220/1087 1204/1241/1111
f 106/1243/1113 2903/1244/1114 1205/1231/1101
f 1264/1245/1115 2039/1246/1116 2903/1244/1114
f 2903/1244/1114 731/1247/1117 2042/1248/1118
f 1205/1231/1101 2042/1248/1118 394/1232/1102
f 423/1010/1119 2904/1249/1120 2039/1246/1116
f 1263/1009/1121 1207/1008/1122 2904/1249/1120
f 2904/1249/1120 395/1008/1123 2040/1250/1124
f 2039/1246/1116 2040/1250/1124 731/1247/1117
f 731/1247/1117 2905/1251/1125 2041/1252/1126
f 2040/1250/1124 1208/1008/1127 2905/1251/1125
f 2905/1251/1125 91/1008/1128 1165/1253/1129
f 2041/1252/1126 1165/1253/1129 374/1254/1130
f 394/1232/1102 2906/1255/1131 1206/1236/1106
f 2042/1248/1118 2041/1252/1126 2906/1255/1131
f 2906/1255/1131 374/1254/1130 1166/1256/1132
f 1206/1236/1106 1166/1256/1132 92/1237/1107
f 107/1008/1133 2907/1257/1134 1207/1008/1122
f 1262/1028/1135 2043/1258/1136 2907/1257/1134
f 2907/1257/1134 732/1259/1137 2046/1260/1138
f 1207/1008/1122 2046/1260/1138 395/1008/1123
f 422/1026/1139 2908/1261/1140 2043/1258/1136
f 1261/1262/1141 1209/1263/1142 2908/1261/1140
f 2908/1261/1140 396/1264/1143 2044/1265/1144
f 2043/1258/1136 2044/1265/1144 732/1259/1137
f 732/1259/1137 2909/1266/1145 2045/1267/1146
f 2044/1265/1144 1210/1268/1147 2909/1266/1145
f 2909/1266/1145 90/1269/1148 1167/1270/1149
f 2045/1267/1146 1167/1270/1149 375/1271/1150
f 395/1008/1123 2910/1272/1151 1208/1008/1127
f 2046/1260/1138 2045/1267/1146 2910/1272/1151
f 2910/1272/1151 375/1271/1150 1168/1273/1152
f 1208/1008/1127 1168/1273/1152 91/1008/1128
f 108/1274/1153 2911/1275/1154 1209/1263/1142
f 1260/1276/1155 2047/1277/1156 2911/1275/1154
f 2911/1275/1154 733/1278/1157 2050/1279/1158
f 1209/1263/1142 2050/1279/1158 396/1264/1143
f 421/1280/1159 2912/1281/1160 2047/1277/1156
f 1259/1282/1161 1211/1283/1162 2912/1281/1160
f 2912/1281/1160 397/1062/1163 2048/1284/1164
f 2047/1277/1156 2048/1284/1164 733/1278/1157
f 733/1278/1157 2913/1285/1165 2049/1286/1166
f 2048/1284/1164 1212/1287/1167 2913/1285/1165
f 2913/1285/1165 89/1062/1168 1169/1288/1169
f 2049/1286/1166 1169/1288/1169 376/1289/1170
f 396/1264/1143 2914/1290/1171 1210/1268/1147
f 2050/1279/1158 2049/1286/1166 2914/1290/1171
f 2914/1290/1171 376/1289/1170 1170/1291/1172
f 1210/1268/1147 1170/1291/1172 90/1269/1148
f 109/1292/1173 2915/1293/1174 1211/1292/1162
f 420/1058/1175 2915/1293/1174 1258/1293/1176
f 2051/1058/1177 2054/1293/1178 2915/1293/1174
f 1211/1292/1162 2054/1293/1178 397/1292/1163
f 420/1058/1175 2916/1057/1179 2051/1058/1177
f 1257/1057/1180 1213/1056/1181 2916/1057/1179
f 2916/1057/1179 398/1056/1182 2052/1057/1183
f 2051/1058/1177 2052/1057/1183 734/1058/1184
f 734/1058/1184 2917/1057/1185 2053/1058/1186
f 2052/1057/1183 1214/1056/1187 2917/1057/1185
f 2917/1057/1185 88/1056/1188 1171/1057/1189
f 2053/1058/1186 1171/1057/1189 377/1058/1190
f 397/1062/1163 2918/1294/1191 1212/1287/1167
f 734/1058/1184 2918/1294/1191 2054/1061/1178
f 2053/1058/1186 1172/1061/1192 2918/1294/1191
f 1212/1287/1167 1172/1061/1192 89/1062/1168
f 1256/1078/1193 1213/1056/1181 110/1056/1194
f 419/1075/1195 2919/1078/1196 1256/1078/1193
f 2055/1075/1197 2058/1078/1198 2919/1078/1196
f 2919/1078/1196 398/1056/1182 1213/1056/1181
f 419/1075/1195 2920/1074/1199 2055/1075/1197
f 1255/1074/1200 1215/1096/1201 2920/1074/1199
f 2920/1074/1199 399/1096/1202 2056/1074/1203
f 2055/1075/1197 2056/1074/1203 735/1075/1204
f 735/1075/1204 2921/1074/1205 2057/1075/1206
f 2056/1074/1203 1216/1096/1207 2921/1074/1205
f 2921/1074/1205 87/1096/1208 1173/1074/1209
f 2057/1075/1206 1173/1074/1209 378/1075/1210
f 2058/1078/1198 1214/1056/1187 398/1056/1182
f 735/1075/1204 2922/1078/1211 2058/1078/1198
f 2057/1075/1206 1174/1078/1212 2922/1078/1211
f 2922/1078/1211 88/1056/1188 1214/1056/1187
f 1254/1095/1213 1215/1096/1201 111/1096/1214
f 418/1093/1215 2923/1095/1216 1254/1095/1213
f 2059/1093/1217 2062/1095/1218 2923/1095/1216
f 2923/1095/1216 399/1096/1202 1215/1096/1201
f 418/1093/1215 2924/1092/1219 2059/1093/1217
f 1253/1092/1220 1217/1113/1221 2924/1092/1219
f 2924/1092/1219 400/1113/1222 2060/1092/1223
f 2059/1093/1217 2060/1092/1223 736/1093/1224
f 736/1093/1224 2925/1092/1225 2061/1093/1226
f 2060/1092/1223 1218/1113/1227 2925/1092/1225
f 2925/1092/1225 86/1113/1228 1175/1092/1229
f 2061/1093/1226 1175/1092/1229 379/1093/1230
f 2062/1095/1218 1216/1096/1207 399/1096/1202
f 736/1093/1224 2926/1095/1231 2062/1095/1218
f 2061/1093/1226 1176/1095/1232 2926/1095/1231
f 2926/1095/1231 87/1096/1208 1216/1096/1207
f 1252/1112/1233 1217/1113/1221 112/1113/1234
f 417/1110/1235 2927/1112/1236 1252/1112/1233
f 2063/1110/1237 2066/1112/1238 2927/1112/1236
f 2927/1112/1236 400/1113/1222 1217/1113/1221
f 417/1295/1235 2928/1296/1239 2063/1297/1237
f 1251/1296/1240 1222/1163/930 2928/1296/1239
f 2928/1296/1239 402/1164/936 2064/1296/1241
f 2063/1297/1237 2064/1296/1241 737/1295/1242
f 737/1295/1242 2929/1296/1243 2065/1298/1244
f 2064/1296/1241 1221/1299/949 2929/1296/1243
f 2929/1296/1243 85/1175/952 1177/1296/1245
f 2065/1298/1244 1177/1296/1245 380/1110/1246
f 2066/1300/1238 1218/1113/1227 400/1113/1222
f 737/1295/1242 2930/1301/1247 2066/1300/1238
f 2065/1298/1244 1178/1112/1248 2930/1301/1247
f 2930/1301/1247 86/1113/1228 1218/1113/1227
f 70/1113/742 2931/1112/762 1249/1113/742
f 348/1110/760 2931/1112/762 1114/1112/763
f 2067/1110/922 2070/1112/1249 2931/1112/762
f 2931/1112/762 416/1113/1250 1249/1113/742
f 348/1110/760 2932/1296/759 2067/1110/922
f 69/1175/757 2932/1296/759 1113/1296/759
f 1190/1175/757 2068/1296/1251 2932/1296/759
f 2067/1110/922 2068/1296/1251 738/1110/1252
f 738/1110/1252 2933/1296/1253 2069/1298/1254
f 386/1175/1255 2933/1296/1253 2068/1296/1251
f 2933/1296/1253 98/1164/931 1251/1296/1240
f 2069/1298/1254 1251/1296/1240 417/1295/1235
f 2070/1112/1249 1250/1113/1256 416/1113/1250
f 738/1110/1252 2934/1301/1257 2070/1112/1249
f 2069/1298/1254 1252/1300/1233 2934/1301/1257
f 2934/1301/1257 112/1113/1234 1250/1113/1256
f 71/1096/729 2935/1095/749 1247/1096/729
f 347/1093/746 2935/1095/749 1112/1095/749
f 2071/1093/746 2074/1095/1258 2935/1095/749
f 1247/1096/729 2074/1095/1258 415/1096/1259
f 1111/1092/745 2071/1093/746 347/1093/746
f 70/1113/742 2936/1092/745 1111/1092/745
f 1249/1113/742 2072/1092/1260 2936/1092/745
f 2936/1092/745 739/1093/1261 2071/1093/746
f 2072/1092/1260 2073/1093/1262 739/1093/1261
f 2072/1092/1260 1250/1113/1256 2937/1092/1263
f 2937/1092/1263 112/1113/1234 1253/1092/1220
f 2073/1093/1262 1253/1092/1220 418/1093/1215
f 2074/1095/1258 1248/1096/1264 415/1096/1259
f 739/1093/1261 2938/1095/1265 2074/1095/1258
f 2938/1095/1265 418/1093/1215 1254/1095/1213
f 2938/1095/1265 111/1096/1214 1248/1096/1264
f 72/1056/920 2939/1078/734 1245/1056/920
f 346/1075/732 2939/1078/734 1110/1078/734
f 2075/1075/732 2078/1078/1266 2939/1078/734
f 2939/1078/734 414/1056/1267 1245/1056/920
f 346/1075/732 2940/1074/731 2075/1075/732
f 71/1096/729 2940/1074/731 1109/1074/731
f 1247/1096/729 2076/1074/1268 2940/1074/731
f 2940/1074/731 740/1075/1269 2075/1075/732
f 740/1075/1269 2941/1074/1270 2077/1075/1271
f 415/1096/1259 2941/1074/1270 2076/1074/1268
f 2941/1074/1270 111/1096/1214 1255/1074/1200
f 2941/1074/1270 419/1075/1195 2077/1075/1271
f 2078/1078/1266 1246/1056/1272 414/1056/1267
f 2078/1078/1266 2077/1075/1271 2942/1078/1273
f 2077/1075/1271 1256/1078/1193 2942/1078/1273
f 2942/1078/1273 110/1056/1194 1246/1056/1272
f 1108/1293/720 1243/1292/700 73/1292/700
f 345/1058/717 2943/1293/720 1108/1293/720
f 2943/1293/720 741/1058/1274 2082/1293/1275
f 2943/1293/720 413/1292/1276 1243/1292/700
f 1107/1057/921 2079/1058/717 345/1058/717
f 72/1056/920 2944/1057/1277 1107/1057/921
f 1245/1056/920 2080/1057/1278 2944/1057/1277
f 2079/1058/717 2080/1057/1278 741/1058/1274
f 2080/1057/1278 2081/1058/1279 741/1058/1274
f 2080/1057/1278 1246/1056/1272 2945/1057/1280
f 2945/1057/1280 110/1056/1194 1257/1057/1180
f 2081/1058/1279 1257/1057/1180 420/1058/1175
f 413/1292/1276 2946/1293/1281 1244/1292/1282
f 741/1058/1274 2946/1293/1281 2082/1293/1275
f 2946/1293/1281 420/1058/1175 1258/1293/1176
f 1244/1292/1282 1258/1293/1176 109/1292/1173
f 74/1024/912 2947/1302/1283 1241/1303/1284
f 1106/1044/918 2083/1304/703 2947/1302/1283
f 2947/1302/1283 742/1305/1285 2086/1306/1286
f 1241/1303/1284 2086/1306/1286 412/1307/1287
f 344/1042/703 2948/1308/702 2083/1304/703
f 73/1062/700 2948/1308/702 1105/1041/702
f 1243/1283/700 2084/1309/1288 2948/1308/702
f 2083/1304/703 2084/1309/1288 742/1305/1285
f 742/1305/1285 2949/1310/1289 2085/1311/1290
f 2084/1309/1288 1244/1292/1282 2949/1310/1289
f 2949/1310/1289 109/1292/1173 1259/1282/1161
f 2085/1311/1290 1259/1282/1161 421/1280/1159
f 412/1307/1287 2950/1312/1291 1242/1313/1292
f 2086/1306/1286 2085/1311/1290 2950/1312/1291
f 2950/1312/1291 421/1280/1159 1260/1314/1155
f 1242/1313/1292 1260/1314/1155 108/1315/1153
f 75/1008/899 2951/1316/1293 1239/1008/1294
f 1104/1316/916 2087/1317/1295 2951/1316/1293
f 2951/1316/1293 743/1317/1296 2090/1316/1297
f 1239/1008/1294 2090/1316/1297 411/1008/1298
f 343/1317/914 2952/1318/1299 2087/1319/1295
f 1103/1320/913 1241/1321/1284 2952/1318/1299
f 2952/1318/1299 412/1321/1287 2088/1322/1300
f 2087/1319/1295 2088/1322/1300 743/1323/1296
f 743/1323/1296 2953/1318/1301 2089/1324/1302
f 2088/1322/1300 1242/1321/1292 2953/1318/1301
f 2953/1318/1301 108/1321/1153 1261/1320/1141
f 2089/1324/1302 1261/1320/1141 422/1317/1139
f 411/1008/1298 2954/1325/1303 1240/1008/1304
f 2090/1326/1297 2089/1324/1302 2954/1325/1303
f 2954/1325/1303 422/1317/1139 1262/1316/1135
f 1240/1008/1304 1262/1316/1135 107/1008/1133
f 76/1327/882 2955/1328/1305 1237/1327/1306
f 1102/1329/903 2091/1330/1307 2955/1328/1305
f 2955/1328/1305 744/1331/1308 2094/1332/1309
f 1237/1327/1306 2094/1332/1309 410/1327/1310
f 342/1333/901 2956/1334/1311 2091/1333/1307
f 1101/1334/900 1239/1008/1294 2956/1334/1311
f 2956/1334/1311 411/1008/1298 2092/1334/1312
f 2091/1333/1307 2092/1334/1312 744/1333/1308
f 744/1331/1308 2957/1335/1313 2093/1336/1314
f 2092/1337/1312 1240/1008/1304 2957/1335/1313
f 2957/1335/1313 107/1008/1133 1263/1334/1121
f 2093/1336/1314 1263/1334/1121 423/1333/1119
f 410/1327/1310 2958/1328/1315 1238/1327/1316
f 2094/1332/1309 2093/1336/1314 2958/1328/1315
f 2958/1328/1315 423/1333/1119 1264/1329/1115
f 1238/1327/1316 1264/1329/1115 106/1327/1113
f 77/996/887 2959/1338/1317 1235/1339/1318
f 1100/995/886 2095/1340/1319 2959/1338/1317
f 2959/1338/1317 745/1341/1320 2098/1342/1321
f 1235/1339/1318 2098/1342/1321 409/1343/1322
f 341/993/884 2960/1344/1323 2095/1340/1319
f 1099/992/883 1237/1345/1306 2960/1344/1323
f 2960/1344/1323 410/1346/1310 2096/1347/1324
f 2095/1340/1319 2096/1347/1324 745/1341/1320
f 745/1341/1320 2961/1348/1325 2097/1349/1326
f 2096/1347/1324 1238/1350/1316 2961/1348/1325
f 2961/1348/1325 106/1351/1113 1265/1352/1100
f 2097/1349/1326 1265/1352/1100 424/1228/1098
f 409/1353/1322 2962/1354/1327 1236/1353/1328
f 2098/1355/1321 2097/1349/1326 2962/1354/1327
f 2962/1354/1327 424/1228/1098 1266/1356/1094
f 1236/1353/1328 1266/1356/1094 105/1353/1079
f 1098/1209/869 1233/979/1329 78/979/870
f 340/1210/867 2963/1209/1330 1098/1209/869
f 2099/1210/1331 2102/1209/1332 2963/1209/1330
f 2963/1209/1330 408/979/1333 1233/979/1329
f 1097/975/866 2099/1212/1331 340/976/867
f 77/996/887 2964/1357/1334 1097/975/866
f 1235/1339/1318 2100/1358/1335 2964/1357/1334
f 2964/1357/1334 746/976/1336 2099/1212/1331
f 2100/1358/1335 2101/1217/1337 746/976/1336
f 409/1343/1322 2965/1359/1338 2100/1358/1335
f 1236/1360/1328 1267/1211/1078 2965/1359/1338
f 2965/1359/1338 425/976/1074 2101/1217/1337
f 2102/978/1332 1234/979/1339 408/979/1333
f 746/976/1336 2966/1222/1340 2102/978/1332
f 2101/1217/1337 1268/978/1073 2966/1222/1340
f 2966/1222/1340 104/979/1059 1234/979/1339
f 1096/961/852 1231/962/1341 79/962/853
f 339/959/850 2967/961/1342 1096/961/852
f 2103/959/1343 2106/961/1344 2967/961/1342
f 2967/961/1342 407/962/1345 1231/962/1341
f 1095/958/849 2103/959/1343 339/959/850
f 78/979/870 2968/958/1346 1095/958/849
f 1233/979/1329 2104/958/1347 2968/958/1346
f 2968/958/1346 747/959/1348 2103/959/1343
f 2104/958/1347 2105/959/1349 747/959/1348
f 408/979/1333 2969/958/1350 2104/958/1347
f 1234/979/1339 1269/958/1058 2969/958/1350
f 2969/958/1350 426/959/1054 2105/959/1349
f 2106/961/1344 1232/962/1351 407/962/1345
f 747/959/1348 2970/961/1352 2106/961/1344
f 2105/959/1349 1270/961/1053 2970/961/1352
f 2970/961/1352 103/962/1023 1232/962/1351
f 1122/1205/818 1229/1206/799 66/1206/799
f 1122/1205/818 2107/943/814 2971/1205/818
f 2971/1205/818 748/943/1353 2110/1205/1354
f 2971/1205/818 406/1206/1355 1229/1206/799
f 1121/942/813 2107/943/814 352/943/814
f 65/1207/586 2972/942/813 1121/942/813
f 1196/1207/586 2108/942/1356 2972/942/813
f 2972/942/813 748/943/1353 2107/943/814
f 2108/942/1356 2109/943/1357 748/943/1353
f 2108/942/1356 1195/1207/1358 2973/942/1359
f 1195/1207/1358 1271/942/1044 2973/942/1359
f 2973/942/1359 427/943/1039 2109/943/1357
f 2110/946/1354 1230/1204/1360 406/904/1355
f 748/943/1353 2974/1208/1361 2110/946/1354
f 2109/943/1357 1272/946/1037 2974/1208/1361
f 2974/1208/1361 102/904/1038 1230/1204/1360
f 1094/928/835 1225/929/1362 80/929/836
f 338/925/833 2975/928/1363 1094/928/835
f 2111/925/1364 2114/928/1365 2975/928/1363
f 2975/928/1363 404/929/1366 1225/929/1362
f 1093/924/832 2111/925/1364 338/925/833
f 79/962/853 2976/924/1367 1093/924/832
f 1231/962/1341 2112/924/1368 2976/924/1367
f 2976/924/1367 749/925/1369 2111/925/1364
f 2112/924/1368 2113/925/1370 749/925/1369
f 407/962/1345 2977/924/1371 2112/924/1368
f 1232/962/1351 1273/924/1022 2977/924/1371
f 2977/924/1371 428/925/1018 2113/925/1370
f 2114/928/1365 1226/929/1372 404/929/1366
f 749/925/1369 2978/928/1373 2114/928/1365
f 2113/925/1370 1274/928/1017 2978/928/1373
f 2978/928/1373 100/929/982 1226/929/1372
f 67/910/785 2979/1361/806 1223/1362/785
f 351/906/803 2979/1361/806 1120/909/806
f 2979/1361/806 750/1199/1374 2118/1363/1375
f 1223/1362/785 2118/1363/1375 403/1182/1376
f 351/906/803 2980/1364/802 2115/1365/803
f 66/904/799 2980/1364/802 1119/905/802
f 1229/1203/799 2116/1202/1377 2980/1364/802
f 2115/1365/803 2116/1202/1377 750/1199/1374
f 2116/1202/1377 2117/1199/1378 750/1199/1374
f 406/904/1355 2981/1201/1379 2116/1202/1377
f 1230/1204/1360 1275/1202/1004 2981/1201/1379
f 2117/1199/1378 1275/1202/1004 429/1199/999
f 2118/1363/1375 1224/1366/1380 403/1182/1376
f 750/1199/1374 2982/1367/1381 2118/1363/1375
f 2982/1367/1381 429/1199/999 1276/1197/997
f 1224/1366/1380 1276/1197/997 99/1187/998
f 65/1161/586 2983/1368/585 1196/1369/586
f 337/1157/581 2983/1368/585 1092/1160/585
f 2119/1192/581 2122/1189/1382 2983/1368/585
f 1196/1369/586 2122/1189/1382 389/1190/1383
f 1091/1193/928 2119/1194/581 337/1194/581
f 80/929/836 2984/1193/1384 1091/1193/928
f 1225/929/1362 2120/1193/1385 2984/1193/1384
f 2984/1193/1384 751/1194/1386 2119/1194/581
f 2120/1156/1385 2121/1195/1387 751/1157/1386
f 404/929/1366 2985/1196/1388 2120/1156/1385
f 1226/929/1372 1277/1156/981 2985/1196/1388
f 2985/1196/1388 430/1157/976 2121/1195/1387
f 2122/1189/1382 1195/1190/1358 389/1190/1383
f 751/1157/1386 2986/1191/1389 2122/1189/1382
f 2121/1195/1387 1278/1189/973 2986/1191/1389
f 2986/1191/1389 101/1190/975 1195/1190/1358
f 1118/1144/791 1219/1370/925 68/1124/925
f 1118/1144/791 2123/1371/788 2987/1372/791
f 2123/1371/788 2126/1373/1390 2987/1372/791
f 2987/1372/791 401/1171/1391 1219/1370/925
f 350/1141/788 2988/1374/787 2123/1371/788
f 67/910/785 2988/1374/787 1117/1140/787
f 2988/1374/787 403/1182/1376 2124/1375/1392
f 2988/1374/787 752/1376/1393 2123/1371/788
f 752/1376/1393 2989/1377/1394 2125/1378/1395
f 403/1182/1376 2989/1377/1394 2124/1375/1392
f 2989/1377/1394 99/1187/998 1279/1188/960
f 2125/1378/1395 1279/1188/960 431/1177/955
f 2126/1176/1390 1220/1171/1396 401/1171/1391
f 2126/1176/1390 2125/1177/1395 2990/1176/1397
f 2125/1177/1395 1280/1176/953 2990/1176/1397
f 2990/1176/1397 97/1171/954 1220/1171/1396
f 1116/1128/777 1190/1379/757 69/1129/757
f 1116/1128/777 2127/1380/774 2991/1381/777
f 2991/1381/777 753/1165/1398 2130/1168/1399
f 2991/1381/777 386/1175/1255 1190/1379/757
f 1115/1125/926 2127/1380/774 349/1126/774
f 68/1124/925 2992/1382/926 1115/1125/926
f 2992/1382/926 401/1171/1391 2128/1170/1400
f 2127/1380/774 2128/1170/1400 753/1165/1398
f 2128/1170/1400 2129/1165/1401 753/1165/1398
f 2128/1170/1400 1220/1171/1396 2993/1170/1402
f 1220/1171/1396 1281/1170/938 2993/1170/1402
f 2993/1170/1402 432/1165/932 2129/1165/1401
f 386/1175/1255 2994/1168/1403 1189/1175/1404
f 753/1165/1398 2994/1168/1403 2130/1168/1399
f 2129/1165/1401 1282/1168/929 2994/1168/1403
f 2994/1168/1403 98/1175/931 1189/1175/1404
f 1380/1383/1405 1291/1384/1406 115/1385/1407
f 481/1386/1408 2995/1387/1409 1380/1383/1405
f 2131/1388/1410 2134/1389/1411 2995/1387/1409
f 2995/1387/1409 437/1390/1412 1291/1384/1406
f 1379/1391/1413 2131/1388/1410 481/1386/1408
f 131/1392/1414 2996/1393/1415 1379/1391/1413
f 1349/1394/1416 2132/1395/1417 2996/1393/1415
f 2996/1393/1415 754/1396/1418 2131/1388/1410
f 754/1396/1418 2997/1397/1419 2133/1398/1420
f 2132/1395/1417 1350/1399/1421 2997/1397/1419
f 2997/1397/1419 132/1400/1422 1378/1401/1423
f 2133/1398/1420 1378/1401/1423 480/1402/1424
f 437/1390/1412 2998/1403/1425 1292/1404/1426
f 2134/1389/1411 2133/1398/1420 2998/1403/1425
f 2998/1403/1425 480/1402/1424 1377/1405/1427
f 1292/1404/1426 1377/1405/1427 116/1406/1428
f 1384/1407/1429 1311/1408/1430 120/1409/1431
f 483/1410/1432 2999/1411/1433 1384/1407/1429
f 2135/1412/1420 2138/1413/1434 2999/1411/1433
f 2999/1411/1433 447/1414/1435 1311/1408/1430
f 1383/1415/1436 2135/1412/1420 483/1410/1432
f 136/1416/1437 3000/1417/1438 1383/1415/1436
f 1359/1418/1439 2136/1419/1440 3000/1417/1438
f 3000/1417/1438 755/1420/1441 2135/1412/1420
f 755/1420/1441 3001/1421/1442 2137/1422/1443
f 2136/1419/1440 1360/1423/1444 3001/1421/1442
f 3001/1421/1442 137/1424/1445 1382/1425/1446
f 2137/1422/1443 1382/1425/1446 482/1426/1447
f 447/1414/1435 3002/1427/1448 1312/1428/1449
f 2138/1413/1434 2137/1422/1443 3002/1427/1448
f 3002/1427/1448 482/1426/1447 1381/1429/1450
f 1312/1428/1449 1381/1429/1450 121/1430/1451
f 1388/1431/1452 1283/1432/1453 113/1433/1454
f 485/72/1455 3003/1434/1456 1388/1431/1452
f 2139/1435/1457 2142/1436/1458 3003/1434/1456
f 3003/1434/1456 433/1437/1459 1283/1432/1453
f 1387/72/1460 2139/1435/1457 485/72/1455
f 129/72/1461 3004/1438/1462 1387/72/1460
f 1345/71/1463 2140/1439/1464 3004/1438/1462
f 3004/1438/1462 756/1440/1465 2139/1435/1457
f 756/1440/1465 3005/1441/1466 2141/1442/1467
f 2140/1439/1464 1346/1443/1468 3005/1441/1466
f 3005/1441/1466 130/1444/1469 1386/1445/1470
f 2141/1442/1467 1386/1445/1470 484/1446/1471
f 433/1437/1459 3006/1447/1472 1284/1448/1473
f 2142/1436/1458 2141/1449/1467 3006/1447/1472
f 3006/1447/1472 484/1450/1471 1385/1451/1474
f 1284/1448/1473 1385/1451/1474 114/1452/1475
f 1392/1453/1476 1331/1454/1477 125/1455/1478
f 487/1456/1479 3007/1457/1480 1392/1453/1476
f 2143/1458/1443 2146/1459/1481 3007/1457/1480
f 3007/1457/1480 457/1460/1482 1331/1454/1477
f 1391/1461/1483 2143/1458/1443 487/1456/1479
f 141/1462/1484 3008/1463/1485 1391/1461/1483
f 1369/1464/1486 2144/1465/1487 3008/1463/1485
f 3008/1463/1485 757/1466/1488 2143/1458/1443
f 757/1466/1488 3009/1467/1489 2145/1468/1490
f 2144/1465/1487 1370/1469/1491 3009/1467/1489
f 3009/1467/1489 142/1470/1492 1390/1471/1493
f 2145/1468/1490 1390/1471/1493 486/1472/1494
f 457/1460/1482 3010/1473/1495 1332/1474/1496
f 2146/1459/1481 2145/1468/1490 3010/1473/1495
f 3010/1473/1495 486/1472/1494 1389/1475/1497
f 1332/1474/1496 1389/1475/1497 126/1476/1498
f 1396/1477/1499 1303/1478/1500 118/1479/1501
f 489/1480/1502 3011/1481/1503 1396/1477/1499
f 2147/1482/1467 2150/1483/1504 3011/1481/1503
f 3011/1481/1503 443/1484/1505 1303/1478/1500
f 1395/1485/1506 2147/1482/1467 489/1480/1502
f 134/1486/1507 3012/1487/1508 1395/1485/1506
f 1355/1488/1509 2148/1489/1510 3012/1487/1508
f 3012/1487/1508 758/1490/1511 2147/1482/1467
f 758/1490/1511 3013/1491/1512 2149/1492/1513
f 2148/1489/1510 1356/1493/1514 3013/1491/1512
f 3013/1491/1512 135/1494/1515 1394/1495/1516
f 2149/1492/1513 1394/1495/1516 488/1496/1517
f 443/1484/1505 3014/1497/1518 1304/1498/1519
f 2150/1483/1504 2149/1492/1513 3014/1497/1518
f 3014/1497/1518 488/1496/1517 1393/1499/1520
f 1304/1498/1519 1393/1499/1520 119/1500/1521
f 1400/1501/1522 1323/1502/1523 123/1503/1524
f 491/1504/1525 3015/1505/1526 1400/1501/1522
f 2151/1506/1513 2154/1507/1527 3015/1505/1526
f 3015/1505/1526 453/1508/1528 1323/1502/1523
f 1399/1509/1529 2151/1506/1513 491/1504/1525
f 139/1510/1530 3016/1511/1531 1399/1509/1529
f 1365/1512/1532 2152/1513/1533 3016/1511/1531
f 3016/1511/1531 759/1514/1534 2151/1506/1513
f 759/1515/1534 3017/1516/1535 2153/1517/1536
f 2152/1518/1533 1366/1519/1537 3017/1516/1535
f 3017/1516/1535 140/1520/1538 1398/1521/1539
f 2153/1517/1536 1398/1521/1539 490/1522/1540
f 453/1508/1528 3018/1523/1541 1324/1524/1542
f 2154/1507/1527 2153/1517/1536 3018/1523/1541
f 3018/1523/1541 490/1522/1540 1397/1525/1543
f 1324/1524/1542 1397/1525/1543 124/1526/1544
f 1402/1527/1545 1343/1528/1546 128/1529/1547
f 492/1530/1548 3019/1531/1549 1402/1527/1545
f 2155/1532/1536 2158/1533/1550 3019/1531/1549
f 3019/1531/1549 463/1534/1551 1343/1528/1546
f 1401/1535/1552 2155/1532/1536 492/1530/1548
f 144/172/1553 3020/1536/1554 1401/1535/1552
f 1375/171/1555 2156/1537/1556 3020/1536/1554
f 3020/1536/1554 760/1538/1557 2155/1532/1536
f 760/1539/1557 3021/1540/1558 2157/1541/1559
f 2156/1542/1556 1376/1543/1560 3021/1540/1558
f 3021/1540/1558 129/1544/1461 1387/1545/1460
f 2157/1541/1559 1387/1545/1460 485/1546/1455
f 463/1534/1551 3022/1547/1561 1344/1548/1562
f 2158/1533/1550 2157/1549/1559 3022/1547/1561
f 3022/1547/1561 485/1546/1455 1388/1550/1452
f 1344/1548/1562 1388/1550/1452 113/1551/1454
f 1377/1405/1427 1295/1552/1563 116/1406/1428
f 480/1402/1424 3023/1553/1564 1377/1405/1427
f 2159/1554/1565 2162/1555/1566 3023/1553/1564
f 3023/1553/1564 439/1556/1567 1295/1552/1563
f 1378/1401/1423 2159/1554/1565 480/1402/1424
f 132/1400/1422 3024/1557/1568 1378/1401/1423
f 1351/1558/1569 2160/1559/1570 3024/1557/1568
f 3024/1557/1568 761/1560/1571 2159/1554/1565
f 761/1561/1571 3025/1562/1572 2161/1563/1573
f 2160/1564/1570 1352/1565/1574 3025/1562/1572
f 3025/1562/1572 133/1566/1575 1404/1567/1576
f 2161/1563/1573 1404/1567/1576 493/1568/1577
f 439/1556/1567 3026/1569/1578 1296/1570/1579
f 2162/1555/1566 2161/1571/1573 3026/1569/1578
f 3026/1569/1578 493/1572/1577 1403/1573/1580
f 1296/1570/1579 1403/1573/1580 117/1574/1581
f 1381/1429/1450 1315/1575/1582 121/1430/1451
f 482/1426/1447 3027/1576/1583 1381/1429/1450
f 2163/1577/1573 2166/1578/1584 3027/1576/1583
f 3027/1576/1583 449/1578/1585 1315/1575/1582
f 1382/1579/1446 2163/1580/1573 482/1581/1447
f 137/1582/1445 3028/1583/1586 1382/1579/1446
f 1361/1584/1587 2164/1578/1588 3028/1583/1586
f 3028/1583/1586 762/1578/1589 2163/1580/1573
f 762/1578/1589 3029/1585/1590 2165/1586/1591
f 2164/1578/1588 1362/1587/1592 3029/1585/1590
f 3029/1585/1590 138/1588/1593 1406/1589/1594
f 2165/1586/1591 1406/1589/1594 494/1590/1595
f 449/1578/1585 3030/1591/1596 1316/1592/1597
f 2166/1578/1584 2165/1593/1591 3030/1591/1596
f 3030/1591/1596 494/1594/1595 1405/1595/1598
f 1316/1592/1597 1405/1595/1598 122/1596/1599
f 1389/1475/1497 1335/1597/1600 126/1476/1498
f 486/1472/1494 3031/1598/1601 1389/1475/1497
f 2167/1599/1591 2170/1600/1602 3031/1598/1601
f 3031/1598/1601 459/1544/1603 1335/1597/1600
f 1390/1471/1493 2167/1599/1591 486/1472/1494
f 142/1470/1492 3032/1601/1604 1390/1471/1493
f 1371/1602/1605 2168/1603/1606 3032/1601/1604
f 3032/1601/1604 763/1604/1607 2167/1599/1591
f 763/1604/1607 3033/1605/1608 2169/1606/1410
f 2168/1603/1606 1372/229/1609 3033/1605/1608
f 3033/1605/1608 143/228/1610 1408/1607/1611
f 2169/1606/1410 1408/1607/1611 495/1608/1612
f 459/1544/1603 3034/1609/1613 1336/1610/1614
f 2170/1600/1602 2169/1606/1410 3034/1609/1613
f 3034/1609/1613 495/1608/1612 1407/1611/1615
f 1336/1610/1614 1407/1611/1615 127/1612/1616
f 1385/1451/1474 1287/1613/1617 114/1452/1475
f 484/1450/1471 3035/1614/1618 1385/1451/1474
f 2171/1615/1490 2174/1616/1619 3035/1614/1618
f 3035/1614/1618 435/1617/1620 1287/1613/1617
f 1386/1618/1470 2171/1615/1490 484/1450/1471
f 130/1619/1469 3036/1620/1621 1386/1618/1470
f 1347/1621/1622 2172/1622/1623 3036/1620/1621
f 3036/1620/1621 764/1623/1624 2171/1615/1490
f 764/1624/1624 3037/1625/1625 2173/1626/1626
f 2172/1627/1623 1348/1628/1627 3037/1625/1625
f 3037/1625/1625 131/1392/1414 1379/1391/1413
f 2173/1626/1626 1379/1391/1413 481/1386/1408
f 435/1617/1620 3038/1629/1628 1288/1630/1629
f 2174/1616/1619 2173/1631/1626 3038/1629/1628
f 3038/1629/1628 481/1632/1408 1380/1633/1405
f 1288/1630/1629 1380/1633/1405 115/1634/1407
f 1393/1499/1520 1307/1635/1630 119/1500/1521
f 488/1496/1517 3039/1636/1631 1393/1499/1520
f 2175/1637/1626 2178/1638/1632 3039/1636/1631
f 3039/1636/1631 445/1639/1633 1307/1635/1630
f 1394/1640/1516 2175/1641/1626 488/1642/1517
f 135/1643/1515 3040/1644/1634 1394/1640/1516
f 1357/1645/1635 2176/1646/1636 3040/1644/1634
f 3040/1644/1634 765/1647/1637 2175/1641/1626
f 765/1648/1637 3041/1649/1638 2177/1650/1639
f 2176/1651/1636 1358/1652/1640 3041/1649/1638
f 3041/1649/1638 136/1416/1437 1383/1415/1436
f 2177/1650/1639 1383/1415/1436 483/1410/1432
f 445/1639/1633 3042/1653/1641 1308/1654/1642
f 2178/1638/1632 2177/1650/1639 3042/1653/1641
f 3042/1653/1641 483/1410/1432 1384/1407/1429
f 1308/1654/1642 1384/1407/1429 120/1409/1431
f 1397/1525/1543 1327/1655/1643 124/1526/1544
f 490/1522/1540 3043/1656/1644 1397/1525/1543
f 2179/1657/1639 2182/1658/1645 3043/1656/1644
f 3043/1656/1644 455/1659/1646 1327/1655/1643
f 1398/1521/1539 2179/1660/1639 490/1522/1540
f 140/1520/1538 3044/1661/1647 1398/1521/1539
f 1367/1662/1648 2180/1663/1649 3044/1661/1647
f 3044/1661/1647 766/1664/1650 2179/1660/1639
f 766/1665/1650 3045/1666/1651 2181/1667/1457
f 2180/1668/1649 1368/1669/1652 3045/1666/1651
f 3045/1666/1651 141/1462/1484 1391/1461/1483
f 2181/1667/1457 1391/1461/1483 487/1456/1479
f 455/1659/1646 3046/1670/1653 1328/1671/1654
f 2182/1658/1645 2181/1667/1457 3046/1670/1653
f 3046/1670/1653 487/1456/1479 1392/1453/1476
f 1328/1671/1654 1392/1453/1476 125/1455/1478
f 1403/1573/1580 1299/1672/1655 117/1574/1581
f 493/1572/1577 3047/1673/1656 1403/1573/1580
f 2183/1674/1559 2186/1675/1657 3047/1673/1656
f 3047/1673/1656 441/1676/1658 1299/1672/1655
f 1404/1677/1576 2183/1674/1559 493/1572/1577
f 133/1678/1575 3048/1679/1659 1404/1677/1576
f 1353/1680/1660 2184/1681/1661 3048/1679/1659
f 3048/1679/1659 767/1682/1662 2183/1674/1559
f 767/1682/1662 3049/1683/1663 2185/1684/1664
f 2184/1681/1661 1354/1685/1665 3049/1683/1663
f 3049/1683/1663 134/1486/1507 1395/1485/1506
f 2185/1684/1664 1395/1485/1506 489/1480/1502
f 441/1676/1658 3050/1686/1666 1300/1566/1667
f 2186/1675/1657 2185/1684/1664 3050/1686/1666
f 3050/1686/1666 489/1480/1502 1396/1477/1499
f 1300/1566/1667 1396/1477/1499 118/1479/1501
f 1405/1595/1598 1319/1687/1668 122/1596/1599
f 494/1594/1595 3051/1688/1669 1405/1595/1598
f 2187/1689/1664 2190/1690/1670 3051/1688/1669
f 3051/1688/1669 451/1691/1671 1319/1687/1668
f 1406/1692/1594 2187/1689/1664 494/1594/1595
f 138/1693/1593 3052/1694/1672 1406/1692/1594
f 1363/1695/1673 2188/1696/1674 3052/1694/1672
f 3052/1694/1672 768/1697/1675 2187/1689/1664
f 768/1698/1675 3053/1699/1676 2189/1700/1677
f 2188/1701/1674 1364/1702/1678 3053/1699/1676
f 3053/1699/1676 139/1703/1530 1399/1704/1529
f 2189/1700/1677 1399/1704/1529 491/1705/1525
f 451/1691/1671 3054/1706/1679 1320/1510/1680
f 2190/1690/1670 2189/1707/1677 3054/1706/1679
f 3054/1706/1679 491/1504/1525 1400/1501/1522
f 1320/1510/1680 1400/1501/1522 123/1503/1524
f 1407/1611/1615 1339/1708/1681 127/1612/1616
f 495/1608/1612 3055/1709/1682 1407/1611/1615
f 2191/1710/1677 2194/1711/1683 3055/1709/1682
f 3055/1709/1682 461/1712/1684 1339/1708/1681
f 1408/1607/1611 2191/1710/1677 495/1608/1612
f 143/228/1610 3056/1713/1685 1408/1607/1611
f 1373/335/1686 2192/1714/1687 3056/1713/1685
f 3056/1713/1685 769/1715/1688 2191/1710/1677
f 769/1715/1688 3057/1716/1689 2193/1717/1565
f 2192/1714/1687 1374/1718/1690 3057/1716/1689
f 3057/1716/1689 144/1719/1553 1401/1720/1552
f 2193/1717/1565 1401/1720/1552 492/1530/1548
f 461/1712/1684 3058/1721/1691 1340/1722/1692
f 2194/1711/1683 2193/1717/1565 3058/1721/1691
f 3058/1721/1691 492/1530/1548 1402/1723/1545
f 1340/1722/1692 1402/1723/1545 128/1724/1547
f 1376/1543/1560 1345/1725/1463 129/1544/1461
f 479/1726/1693 3059/1727/1694 1376/1543/1560
f 2195/1728/1695 2210/1729/1696 3059/1727/1694
f 3059/1727/1694 464/337/1697 1345/1725/1463
f 1374/1718/1690 1375/1730/1555 144/1719/1553
f 478/333/1698 3060/1731/1699 1374/1718/1690
f 2196/1732/1700 2195/1728/1695 3060/1731/1699
f 3060/1731/1699 479/1726/1693 1375/1730/1555
f 1372/371/1609 1373/370/1686 143/372/1610
f 477/377/1701 3061/374/1702 1372/371/1609
f 2197/376/1703 2196/375/1700 3061/374/1702
f 3061/374/1702 478/373/1698 1373/370/1686
f 1370/1469/1491 1371/1602/1605 142/1470/1492
f 476/1733/1704 3062/1734/1705 1370/1469/1491
f 2198/1735/1706 2197/1736/1703 3062/1734/1705
f 3062/1734/1705 477/230/1701 1371/1602/1605
f 1368/1737/1652 1369/1738/1486 141/1739/1484
f 475/1740/1707 3063/1741/1708 1368/1737/1652
f 2199/1742/1709 2198/1743/1706 3063/1741/1708
f 3063/1741/1708 476/1744/1704 1369/1738/1486
f 1366/1745/1537 1367/1746/1648 140/1747/1538
f 474/1748/1710 3064/1749/1711 1366/1745/1537
f 2200/1750/1712 2199/1742/1709 3064/1749/1711
f 3064/1749/1711 475/1740/1707 1367/1746/1648
f 1364/1702/1678 1365/1751/1532 139/1703/1530
f 473/1752/1713 3065/1753/1714 1364/1702/1678
f 2201/1754/1715 2200/1750/1712 3065/1753/1714
f 3065/1753/1714 474/1748/1710 1365/1751/1532
f 1362/1587/1592 1363/1755/1673 138/1588/1593
f 472/1756/1716 3066/1757/1717 1362/1587/1592
f 2202/1758/1718 2201/1754/1715 3066/1757/1717
f 3066/1757/1717 473/1752/1713 1363/1755/1673
f 1360/1759/1444 1361/1584/1587 137/1582/1445
f 471/1760/1719 3067/1761/1720 1360/1759/1444
f 2203/1762/1721 2202/1758/1718 3067/1761/1720
f 3067/1761/1720 472/1756/1716 1361/1584/1587
f 1358/1763/1640 1359/1764/1439 136/1408/1437
f 470/1765/1722 3068/1766/1723 1358/1763/1640
f 2204/1767/1724 2203/1762/1721 3068/1766/1723
f 3068/1766/1723 471/1760/1719 1359/1764/1439
f 1356/1493/1514 1357/1768/1635 135/1494/1515
f 469/1769/1725 3069/1770/1726 1356/1493/1514
f 2205/1771/1727 2204/1767/1724 3069/1770/1726
f 3069/1770/1726 470/1765/1722 1357/1768/1635
f 1354/1772/1665 1355/1773/1509 134/1774/1507
f 468/1775/1728 3070/1776/1729 1354/1772/1665
f 2206/1777/1730 2205/1778/1727 3070/1776/1729
f 3070/1776/1729 469/1779/1725 1355/1773/1509
f 1352/1780/1574 1353/1680/1660 133/1678/1575
f 467/1781/1731 3071/1782/1732 1352/1780/1574
f 2207/1783/1733 2206/1784/1730 3071/1782/1732
f 3071/1782/1732 468/1785/1728 1353/1680/1660
f 1350/1786/1421 1351/1787/1569 132/1788/1422
f 466/1789/1734 3072/1790/1735 1350/1786/1421
f 2208/1791/1736 2207/1783/1733 3072/1790/1735
f 3072/1790/1735 467/1781/1731 1351/1787/1569
f 1348/1628/1627 1349/1394/1416 131/1392/1414
f 465/1792/1737 3073/1793/1738 1348/1628/1627
f 2209/1794/1739 2208/1795/1736 3073/1793/1738
f 3073/1793/1738 466/1796/1734 1349/1394/1416
f 1346/1797/1468 1347/1621/1622 130/1619/1469
f 464/337/1697 3074/1798/1740 1346/1797/1468
f 2210/1729/1696 2209/1794/1739 3074/1798/1740
f 3074/1798/1740 465/1792/1737 1347/1621/1622
f 128/1529/1547 3075/1799/1741 1342/1800/1742
f 1343/1528/1546 2211/1801/1743 3075/1799/1741
f 2211/1801/1743 2214/1802/1744 3075/1799/1741
f 3075/1799/1741 462/1803/1745 1342/1800/1742
f 1344/1548/1562 2211/1801/1743 463/1534/1551
f 113/1551/1454 3076/1804/1746 1344/1548/1562
f 1409/1805/1747 2212/1806/1748 3076/1804/1746
f 2211/1801/1743 2212/1806/1748 771/1807/1749
f 2212/1806/1748 2213/1808/1750 771/1807/1749
f 496/1809/1751 3077/1810/1752 2212/1806/1748
f 3077/1810/1752 145/1811/1753 1442/1812/1754
f 2213/1808/1750 1442/1812/1754 512/1813/1755
f 462/1803/1745 3078/1814/1756 1341/1815/1757
f 2214/1802/1744 2213/1808/1750 3078/1814/1756
f 3078/1814/1756 512/1813/1755 1441/1816/1758
f 1341/1815/1757 1441/1816/1758 160/1817/1759
f 127/1612/1616 3079/1818/1760 1338/1819/1761
f 1339/1708/1681 2215/1820/1762 3079/1818/1760
f 2215/1820/1762 2218/1821/1763 3079/1818/1760
f 1338/1819/1761 2218/1821/1763 460/1822/1764
f 1340/1823/1692 2215/1820/1762 461/1712/1684
f 128/1529/1547 3080/1824/1765 1340/1823/1692
f 1342/1800/1742 2216/1825/1766 3080/1824/1765
f 2215/1820/1762 2216/1825/1766 772/1826/1767
f 772/1826/1767 3081/1827/1768 2217/1828/1769
f 2216/1825/1766 1341/1815/1757 3081/1827/1768
f 3081/1827/1768 160/1817/1759 1444/1829/1770
f 2217/1828/1769 1444/1829/1770 513/1830/1771
f 460/1822/1764 3082/1831/1772 1337/1832/1773
f 2218/1821/1763 2217/1828/1769 3082/1831/1772
f 3082/1831/1772 513/1830/1771 1443/1833/1774
f 1337/1832/1773 1443/1833/1774 159/1834/1775
f 126/1476/1498 3083/1835/1776 1334/1836/1777
f 1335/1597/1600 2219/1837/1778 3083/1835/1776
f 2219/1837/1778 2222/1838/1779 3083/1835/1776
f 1334/1836/1777 2222/1838/1779 458/1839/1780
f 1336/1610/1614 2219/1837/1778 459/1544/1603
f 127/1612/1616 3084/1840/1781 1336/1610/1614
f 1338/1819/1761 2220/1841/1782 3084/1840/1781
f 2219/1837/1778 2220/1841/1782 773/1842/1783
f 773/1842/1783 3085/1843/1784 2221/1844/1785
f 2220/1841/1782 1337/1832/1773 3085/1843/1784
f 3085/1843/1784 159/1834/1775 1446/1845/1786
f 2221/1844/1785 1446/1845/1786 514/1846/1787
f 458/1839/1780 3086/1847/1788 1333/1848/1789
f 2222/1838/1779 2221/1844/1785 3086/1847/1788
f 3086/1847/1788 514/1846/1787 1445/1849/1790
f 1333/1848/1789 1445/1849/1790 158/1850/1791
f 125/1455/1478 3087/1851/1792 1330/1852/1793
f 1331/1454/1477 2223/1853/1794 3087/1851/1792
f 2223/1853/1794 2226/1854/1795 3087/1851/1792
f 1330/1852/1793 2226/1854/1795 456/1855/1796
f 1332/1474/1496 2223/1853/1794 457/1460/1482
f 126/1476/1498 3088/1856/1797 1332/1474/1496
f 1334/1836/1777 2224/1857/1798 3088/1856/1797
f 2223/1853/1794 2224/1857/1798 774/1858/1799
f 774/1858/1799 3089/1859/1800 2225/1860/1801
f 2224/1857/1798 1333/1848/1789 3089/1859/1800
f 3089/1859/1800 158/1850/1791 1448/1861/1802
f 2225/1860/1801 1448/1861/1802 515/1862/1803
f 456/1855/1796 3090/1863/1804 1329/1864/1805
f 2226/1854/1795 2225/1860/1801 3090/1863/1804
f 3090/1863/1804 515/1862/1803 1447/1865/1806
f 1329/1864/1805 1447/1865/1806 157/1866/1807
f 124/1526/1544 3091/1867/1808 1326/1868/1809
f 1327/1655/1643 2227/1869/1810 3091/1867/1808
f 2227/1869/1810 2230/1870/1811 3091/1867/1808
f 1326/1868/1809 2230/1870/1811 454/1871/1812
f 1328/1671/1654 2227/1869/1810 455/1659/1646
f 125/1455/1478 3092/1872/1813 1328/1671/1654
f 1330/1852/1793 2228/1873/1814 3092/1872/1813
f 2227/1869/1810 2228/1873/1814 775/1874/1815
f 2228/1873/1814 2229/1875/1816 775/1874/1815
f 456/1855/1796 3093/1876/1817 2228/1873/1814
f 1329/1864/1805 1450/1877/1818 3093/1876/1817
f 3093/1876/1817 516/1878/1819 2229/1875/1816
f 2230/1870/1811 1325/1879/1820 454/1871/1812
f 775/1874/1815 3094/1880/1821 2230/1870/1811
f 2229/1875/1816 1449/1881/1822 3094/1880/1821
f 3094/1880/1821 156/1882/1823 1325/1879/1820
f 123/1503/1524 3095/1883/1824 1322/1884/1825
f 1323/1502/1523 2231/1885/1826 3095/1883/1824
f 2231/1885/1826 2234/1886/1827 3095/1883/1824
f 1322/1884/1825 2234/1886/1827 452/1887/1828
f 1324/1524/1542 2231/1885/1826 453/1508/1528
f 124/1526/1544 3096/1888/1829 1324/1524/1542
f 1326/1868/1809 2232/1889/1830 3096/1888/1829
f 2231/1885/1826 2232/1889/1830 776/1890/1831
f 2232/1889/1830 2233/1891/1832 776/1890/1831
f 454/1871/1812 3097/1892/1833 2232/1889/1830
f 1325/1879/1820 1452/1893/1834 3097/1892/1833
f 3097/1892/1833 517/1894/1835 2233/1891/1832
f 2234/1886/1827 1321/1895/1836 452/1887/1828
f 776/1890/1831 3098/1896/1837 2234/1886/1827
f 2233/1891/1832 1451/1897/1838 3098/1896/1837
f 3098/1896/1837 155/1898/1839 1321/1895/1836
f 122/1596/1599 3099/1899/1840 1318/1900/1841
f 1319/1687/1668 2235/1901/1842 3099/1899/1840
f 2235/1901/1842 2238/1902/1843 3099/1899/1840
f 1318/1900/1841 2238/1902/1843 450/1903/1844
f 1320/1510/1680 2235/1901/1842 451/1691/1671
f 123/1503/1524 3100/1904/1845 1320/1510/1680
f 1322/1884/1825 2236/1905/1846 3100/1904/1845
f 2235/1901/1842 2236/1905/1846 777/1906/1847
f 2236/1905/1846 2237/1907/1848 777/1906/1847
f 452/1887/1828 3101/1908/1849 2236/1905/1846
f 1321/1895/1836 1454/1909/1850 3101/1908/1849
f 3101/1908/1849 518/1910/1851 2237/1907/1848
f 2238/1902/1843 1317/1911/1852 450/1903/1844
f 777/1906/1847 3102/1912/1853 2238/1902/1843
f 2237/1907/1848 1453/1913/1854 3102/1912/1853
f 3102/1912/1853 154/1914/1855 1317/1911/1852
f 121/1430/1451 3103/1915/1856 1314/1916/1857
f 1315/1575/1582 2239/1917/1858 3103/1915/1856
f 2239/1917/1858 2242/1918/1859 3103/1915/1856
f 1314/1916/1857 2242/1918/1859 448/1919/1860
f 1316/1592/1597 2239/1917/1858 449/1578/1585
f 122/1596/1599 3104/1920/1861 1316/1592/1597
f 1318/1900/1841 2240/1921/1862 3104/1920/1861
f 2239/1917/1858 2240/1921/1862 778/1922/1863
f 2240/1921/1862 2241/1923/1864 778/1922/1863
f 450/1903/1844 3105/1924/1865 2240/1921/1862
f 1317/1911/1852 1456/1925/1866 3105/1924/1865
f 3105/1924/1865 519/1926/1867 2241/1923/1864
f 448/1919/1860 3106/1927/1868 1313/1928/1869
f 2242/1918/1859 2241/1923/1864 3106/1927/1868
f 2241/1923/1864 1455/1929/1870 3106/1927/1868
f 3106/1927/1868 153/1930/1871 1313/1928/1869
f 120/1409/1431 3107/1931/1872 1310/1932/1873
f 1311/1408/1430 2243/1933/1874 3107/1931/1872
f 2243/1933/1874 2246/1934/1875 3107/1931/1872
f 1310/1932/1873 2246/1934/1875 446/1935/1876
f 1312/1428/1449 2243/1933/1874 447/1414/1435
f 121/1430/1451 3108/1936/1877 1312/1428/1449
f 1314/1916/1857 2244/1937/1878 3108/1936/1877
f 2243/1933/1874 2244/1937/1878 779/1938/1879
f 2244/1937/1878 2245/1939/1880 779/1938/1879
f 448/1919/1860 3109/1940/1881 2244/1937/1878
f 3109/1940/1881 153/1930/1871 1458/1941/1882
f 3109/1940/1881 520/1942/1883 2245/1939/1880
f 446/1935/1876 3110/1943/1884 1309/1944/1885
f 2246/1934/1875 2245/1939/1880 3110/1943/1884
f 2245/1939/1880 1457/1945/1886 3110/1943/1884
f 3110/1943/1884 152/1946/1887 1309/1944/1885
f 119/1500/1521 3111/1947/1888 1306/1948/1889
f 1307/1635/1630 2247/1949/1890 3111/1947/1888
f 2247/1949/1890 2250/1950/1891 3111/1947/1888
f 1306/1948/1889 2250/1950/1891 444/1951/1892
f 1308/1654/1642 2247/1949/1890 445/1639/1633
f 120/1409/1431 3112/1952/1893 1308/1654/1642
f 1310/1932/1873 2248/1953/1894 3112/1952/1893
f 2247/1949/1890 2248/1953/1894 780/1954/1895
f 2248/1953/1894 2249/1955/1896 780/1954/1895
f 446/1935/1876 3113/1956/1897 2248/1953/1894
f 3113/1956/1897 152/1946/1887 1460/1957/1898
f 3113/1956/1897 521/1958/1899 2249/1955/1896
f 444/1951/1892 3114/1959/1900 1305/1960/1901
f 2250/1950/1891 2249/1955/1896 3114/1959/1900
f 2249/1955/1896 1459/1961/1902 3114/1959/1900
f 3114/1959/1900 151/1962/1903 1305/1960/1901
f 118/1479/1501 3115/1963/1904 1302/1964/1905
f 1303/1478/1500 2251/1965/1906 3115/1963/1904
f 2251/1965/1906 2254/1966/1907 3115/1963/1904
f 1302/1964/1905 2254/1966/1907 442/1967/1908
f 1304/1498/1519 2251/1965/1906 443/1484/1505
f 119/1500/1521 3116/1968/1909 1304/1498/1519
f 1306/1948/1889 2252/1969/1910 3116/1968/1909
f 2251/1965/1906 2252/1969/1910 781/1970/1911
f 2252/1969/1910 2253/1971/1912 781/1970/1911
f 444/1951/1892 3117/1972/1913 2252/1969/1910
f 3117/1972/1913 151/1962/1903 1462/1973/1914
f 2253/1971/1912 1462/1973/1914 522/1974/1915
f 442/1967/1908 3118/1975/1916 1301/1976/1917
f 2254/1966/1907 2253/1971/1912 3118/1975/1916
f 2253/1971/1912 1461/1977/1918 3118/1975/1916
f 3118/1975/1916 150/1978/1919 1301/1976/1917
f 117/1574/1581 3119/1979/1920 1298/1980/1921
f 1299/1672/1655 2255/1981/1922 3119/1979/1920
f 2255/1981/1922 2258/1982/1923 3119/1979/1920
f 1298/1980/1921 2258/1982/1923 440/1983/1924
f 1300/1566/1667 2255/1981/1922 441/1676/1658
f 118/1479/1501 3120/1984/1925 1300/1566/1667
f 1302/1964/1905 2256/1985/1926 3120/1984/1925
f 2255/1981/1922 2256/1985/1926 782/1986/1927
f 2256/1985/1926 2257/1987/1928 782/1986/1927
f 442/1967/1908 3121/1988/1929 2256/1985/1926
f 3121/1988/1929 150/1978/1919 1464/1989/1930
f 2257/1987/1928 1464/1989/1930 523/1990/1931
f 440/1983/1924 3122/1991/1932 1297/1992/1933
f 2258/1982/1923 2257/1987/1928 3122/1991/1932
f 2257/1987/1928 1463/1993/1934 3122/1991/1932
f 3122/1991/1932 149/1994/1935 1297/1992/1933
f 116/1406/1428 3123/1995/1936 1294/1996/1937
f 1295/1552/1563 2259/1997/1938 3123/1995/1936
f 2259/1997/1938 2262/1998/1939 3123/1995/1936
f 1294/1996/1937 2262/1998/1939 438/1999/1940
f 1296/1570/1579 2259/1997/1938 439/1556/1567
f 117/1574/1581 3124/2000/1941 1296/1570/1579
f 1298/1980/1921 2260/2001/1942 3124/2000/1941
f 2259/1997/1938 2260/2001/1942 783/2002/1943
f 2260/2001/1942 2261/2003/1944 783/2002/1943
f 440/1983/1924 3125/2004/1945 2260/2001/1942
f 3125/2004/1945 149/1994/1935 1466/2005/1946
f 3125/2004/1945 524/2006/1947 2261/2003/1944
f 438/1999/1940 3126/2007/1948 1293/2008/1949
f 2262/1998/1939 2261/2003/1944 3126/2007/1948
f 2261/2003/1944 1465/2009/1950 3126/2007/1948
f 3126/2007/1948 148/2010/1951 1293/2008/1949
f 115/1634/1407 3127/2011/1952 1290/2012/1953
f 1291/2013/1406 2263/2014/1954 3127/2011/1952
f 2263/2014/1954 2266/2015/1955 3127/2011/1952
f 3127/2011/1952 436/2016/1956 1290/2012/1953
f 1292/1404/1426 2263/2014/1954 437/1390/1412
f 116/1406/1428 3128/2017/1957 1292/1404/1426
f 1294/1996/1937 2264/2018/1958 3128/2017/1957
f 2263/2014/1954 2264/2018/1958 784/2019/1959
f 2264/2018/1958 2265/2020/1960 784/2019/1959
f 438/1999/1940 3129/2021/1961 2264/2018/1958
f 3129/2021/1961 148/2010/1951 1468/2022/1962
f 3129/2021/1961 525/2023/1963 2265/2020/1960
f 436/2016/1956 3130/2024/1964 1289/2025/1965
f 2266/2015/1955 2265/2020/1960 3130/2024/1964
f 2265/2020/1960 1467/2026/1966 3130/2024/1964
f 3130/2024/1964 147/2027/1967 1289/2025/1965
f 114/1452/1475 3131/2028/1968 1286/2029/1969
f 1287/1613/1617 2267/2030/1970 3131/2028/1968
f 2267/2030/1970 2270/2031/1971 3131/2028/1968
f 1286/2029/1969 2270/2031/1971 434/2032/1972
f 1288/1630/1629 2267/2030/1970 435/1617/1620
f 115/1634/1407 3132/2033/1973 1288/1630/1629
f 3132/2033/1973 436/2016/1956 2268/2034/1974
f 2267/2030/1970 2268/2034/1974 785/2035/1975
f 2268/2034/1974 2269/2036/1976 785/2035/1975
f 436/2016/1956 3133/2037/1977 2268/2034/1974
f 3133/2037/1977 147/2027/1967 1470/2038/1978
f 2269/2036/1976 1470/2038/1978 526/2039/1979
f 434/2032/1972 3134/2040/1980 1285/2041/1981
f 2270/2031/1971 2269/2036/1976 3134/2040/1980
f 2269/2036/1976 1469/2042/1982 3134/2040/1980
f 3134/2040/1980 146/2043/1983 1285/2041/1981
f 113/1433/1454 3135/2044/1984 1409/2045/1747
f 1283/1432/1453 2271/2046/1985 3135/2044/1984
f 2271/2046/1985 2274/2047/1986 3135/2044/1984
f 1409/2045/1747 2274/2047/1986 496/2048/1751
f 1284/1448/1473 2271/2046/1985 433/1437/1459
f 114/1452/1475 3136/2049/1987 1284/1448/1473
f 1286/2029/1969 2272/2050/1988 3136/2049/1987
f 2271/2046/1985 2272/2050/1988 786/2051/1989
f 2272/2050/1988 2273/2052/1990 786/2051/1989
f 434/2032/1972 3137/2053/1991 2272/2050/1988
f 3137/2053/1991 146/2043/1983 1472/2054/1992
f 2273/2052/1990 1472/2054/1992 527/2055/1993
f 496/2048/1751 3138/2056/1994 1410/2057/1995
f 2274/2047/1986 2273/2052/1990 3138/2056/1994
f 2273/2052/1990 1471/2058/1996 3138/2056/1994
f 3138/2056/1994 145/2059/1753 1410/2057/1995
f 160/1817/1759 3139/2060/1997 1440/2061/1998
f 1441/1816/1758 2275/2062/1999 3139/2060/1997
f 3139/2060/1997 787/2063/2000 2278/2064/2001
f 1440/2061/1998 2278/2064/2001 511/2065/2002
f 512/1813/1755 3140/2066/2003 2275/2062/1999
f 1442/1812/1754 1473/2067/2004 3140/2066/2003
f 3140/2066/2003 528/2068/2005 2276/2069/2006
f 2275/2062/1999 2276/2069/2006 787/2063/2000
f 787/2063/2000 3141/2070/2007 2277/2071/2008
f 2276/2069/2006 1474/2072/2009 3141/2070/2007
f 3141/2070/2007 161/1190/2010 1476/2073/2011
f 2277/2071/2008 1476/2073/2011 529/1194/2012
f 511/2065/2002 3142/2074/2013 1439/2075/2014
f 2278/2064/2001 2277/2071/2008 3142/2074/2013
f 3142/2074/2013 529/1194/2012 1475/2076/2015
f 1439/2075/2014 1475/2076/2015 176/2077/2016
f 159/1834/1775 3143/2078/2017 1438/2079/2018
f 1443/1833/1774 2279/2080/2019 3143/2078/2017
f 3143/2078/2017 788/2081/2020 2282/2082/2021
f 1438/2079/2018 2282/2082/2021 510/2083/2022
f 513/1830/1771 3144/2084/2023 2279/2080/2019
f 1444/1829/1770 1440/2061/1998 3144/2084/2023
f 3144/2084/2023 511/2065/2002 2280/2085/2024
f 2279/2080/2019 2280/2085/2024 788/2081/2020
f 788/2081/2020 3145/2086/2025 2281/2087/2026
f 2280/2085/2024 1439/2075/2014 3145/2086/2025
f 3145/2086/2025 176/2077/2016 1478/2088/2027
f 2281/2087/2026 1478/2088/2027 530/2089/2028
f 510/2083/2022 3146/2090/2029 1437/2091/2030
f 2282/2082/2021 2281/2087/2026 3146/2090/2029
f 3146/2090/2029 530/2089/2028 1477/2092/2031
f 1437/2091/2030 1477/2092/2031 175/962/2032
f 158/1850/1791 3147/2093/2033 1436/2094/2034
f 1445/1849/1790 2283/2095/2035 3147/2093/2033
f 3147/2093/2033 789/2096/2036 2286/2097/2037
f 1436/2094/2034 2286/2097/2037 509/2098/2038
f 514/1846/1787 3148/2099/2039 2283/2095/2035
f 1446/1845/1786 1438/2079/2018 3148/2099/2039
f 3148/2099/2039 510/2083/2022 2284/2100/2040
f 2283/2095/2035 2284/2100/2040 789/2096/2036
f 789/2096/2036 3149/2101/2041 2285/2102/2042
f 2284/2100/2040 1437/2091/2030 3149/2101/2041
f 3149/2101/2041 175/962/2032 1480/2103/2043
f 2285/2102/2042 1480/2103/2043 531/2104/2044
f 509/2098/2038 3150/2105/2045 1435/2106/2046
f 2286/2097/2037 2285/2102/2042 3150/2105/2045
f 3150/2105/2045 531/2104/2044 1479/2107/2047
f 1435/2106/2046 1479/2107/2047 174/2108/2048
f 157/1866/1807 3151/2109/2049 1434/2110/2050
f 1447/1865/1806 2287/2111/2051 3151/2109/2049
f 3151/2109/2049 790/2112/2052 2290/2113/2053
f 1434/2110/2050 2290/2113/2053 508/2114/2054
f 515/1862/1803 3152/2115/2055 2287/2111/2051
f 1448/1861/1802 1436/2094/2034 3152/2115/2055
f 3152/2115/2055 509/2098/2038 2288/2116/2056
f 2287/2111/2051 2288/2116/2056 790/2112/2052
f 790/2112/2052 3153/2117/2057 2289/2118/2058
f 2288/2116/2056 1435/2106/2046 3153/2117/2057
f 3153/2117/2057 174/2108/2048 1482/2119/2059
f 2289/2118/2058 1482/2119/2059 532/2120/2060
f 508/2114/2054 3154/2121/2061 1433/2122/2062
f 2290/2113/2053 2289/2118/2058 3154/2121/2061
f 3154/2121/2061 532/2120/2060 1481/2123/2063
f 1433/2122/2062 1481/2123/2063 173/1353/2064
f 1449/1881/1822 1432/2124/2065 156/1882/1823
f 516/1878/1819 3155/2125/2066 1449/1881/1822
f 2291/2126/2067 2294/2127/2068 3155/2125/2066
f 3155/2125/2066 507/2128/2069 1432/2124/2065
f 1450/1877/1818 2291/2126/2067 516/1878/1819
f 157/1866/1807 3156/2129/2070 1450/1877/1818
f 1434/2110/2050 2292/2130/2071 3156/2129/2070
f 3156/2129/2070 791/2131/2072 2291/2126/2067
f 2292/2130/2071 2293/2132/2073 791/2131/2072
f 508/2114/2054 3157/2133/2074 2292/2130/2071
f 1433/2122/2062 1484/2134/2075 3157/2133/2074
f 3157/2133/2074 533/2135/2076 2293/2132/2073
f 2294/2127/2068 1431/2136/2077 507/2128/2069
f 791/2131/2072 3158/2137/2078 2294/2127/2068
f 2293/2132/2073 1483/2138/2079 3158/2137/2078
f 3158/2137/2078 172/1327/2080 1431/2136/2077
f 1451/1897/1838 1430/2139/2081 155/1898/1839
f 517/1894/1835 3159/2140/2082 1451/1897/1838
f 2295/2141/2083 2298/2142/2084 3159/2140/2082
f 3159/2140/2082 506/2143/2085 1430/2139/2081
f 1452/1893/1834 2295/2141/2083 517/1894/1835
f 156/1882/1823 3160/2144/2086 1452/1893/1834
f 1432/2124/2065 2296/2145/2087 3160/2144/2086
f 3160/2144/2086 792/2146/2088 2295/2141/2083
f 2296/2145/2087 2297/2147/2089 792/2146/2088
f 507/2128/2069 3161/2148/2090 2296/2145/2087
f 1431/2136/2077 1486/2149/2091 3161/2148/2090
f 3161/2148/2090 534/2150/2092 2297/2147/2089
f 2298/2142/2084 1429/2151/2093 506/2143/2085
f 792/2146/2088 3162/2152/2094 2298/2142/2084
f 2297/2147/2089 1485/2153/2095 3162/2152/2094
f 3162/2152/2094 171/2154/2096 1429/2151/2093
f 1453/1913/1854 1428/2155/2097 154/1914/1855
f 518/1910/1851 3163/2156/2098 1453/1913/1854
f 2299/2157/2099 2302/2158/2100 3163/2156/2098
f 3163/2156/2098 505/2159/2101 1428/2155/2097
f 1454/1909/1850 2299/2157/2099 518/1910/1851
f 155/1898/1839 3164/2160/2102 1454/1909/1850
f 1430/2139/2081 2300/2161/2103 3164/2160/2102
f 3164/2160/2102 793/2162/2104 2299/2157/2099
f 2300/2161/2103 2301/2163/2105 793/2162/2104
f 506/2143/2085 3165/2164/2106 2300/2161/2103
f 1429/2151/2093 1488/2165/2107 3165/2164/2106
f 3165/2164/2106 535/2166/2108 2301/2163/2105
f 2302/2158/2100 1427/2167/2109 505/2159/2101
f 793/2162/2104 3166/2168/2110 2302/2158/2100
f 2301/2163/2105 1487/1320/2111 3166/2168/2110
f 3166/2168/2110 170/2169/2112 1427/2167/2109
f 1455/1929/1870 1426/2170/2113 153/1930/1871
f 519/1926/1867 3167/2171/2114 1455/1929/1870
f 2303/2172/2115 2306/2173/2116 3167/2171/2114
f 3167/2171/2114 504/2174/2117 1426/2170/2113
f 1456/1925/1866 2303/2172/2115 519/1926/1867
f 154/1914/1855 3168/2175/2118 1456/1925/1866
f 1428/2155/2097 2304/2176/2119 3168/2175/2118
f 3168/2175/2118 794/2177/2120 2303/2172/2115
f 2304/2176/2119 2305/2178/2121 794/2177/2120
f 505/2159/2101 3169/2179/2122 2304/2176/2119
f 1427/2167/2109 1490/2180/2123 3169/2179/2122
f 3169/2179/2122 536/2181/2124 2305/2178/2121
f 2306/2173/2116 1425/2182/2125 504/2174/2117
f 794/2177/2120 3170/2183/2126 2306/2173/2116
f 2305/2178/2121 1489/2184/2127 3170/2183/2126
f 3170/2183/2126 169/2185/2128 1425/2182/2125
f 152/1946/1887 3171/2186/2129 1424/2187/2130
f 520/1942/1883 3171/2186/2129 1457/1945/1886
f 2307/2188/2131 2310/2189/2132 3171/2186/2129
f 3171/2186/2129 503/2190/2133 1424/2187/2130
f 1458/1941/1882 2307/2188/2131 520/1942/1883
f 153/1930/1871 3172/2191/2134 1458/1941/1882
f 1426/2170/2113 2308/2192/2135 3172/2191/2134
f 3172/2191/2134 795/2193/2136 2307/2188/2131
f 2308/2192/2135 2309/2194/2137 795/2193/2136
f 504/2174/2117 3173/2195/2138 2308/2192/2135
f 1425/2182/2125 1492/2196/2139 3173/2195/2138
f 3173/2195/2138 537/2197/2140 2309/2194/2137
f 2310/2189/2132 1423/2198/2141 503/2190/2133
f 795/2193/2136 3174/2199/2142 2310/2189/2132
f 2309/2194/2137 1491/2200/2143 3174/2199/2142
f 3174/2199/2142 168/1056/2144 1423/2198/2141
f 151/1962/1903 3175/2201/2145 1422/2202/2146
f 521/1958/1899 3175/2201/2145 1459/1961/1902
f 2311/2203/2147 2314/2204/2148 3175/2201/2145
f 3175/2201/2145 502/2205/2149 1422/2202/2146
f 1460/1957/1898 2311/2203/2147 521/1958/1899
f 152/1946/1887 3176/2206/2150 1460/1957/1898
f 1424/2187/2130 2312/2207/2151 3176/2206/2150
f 2311/2203/2147 2312/2207/2151 796/2208/2152
f 796/2208/2152 3177/2209/2153 2313/2210/2154
f 503/2190/2133 3177/2209/2153 2312/2207/2151
f 1423/2198/2141 1494/1078/2155 3177/2209/2153
f 3177/2209/2153 538/1075/2156 2313/2210/2154
f 2314/2204/2148 1421/2211/2157 502/2205/2149
f 796/2208/2152 3178/2212/2158 2314/2204/2148
f 2313/2210/2154 1493/1074/2159 3178/2212/2158
f 3178/2212/2158 167/1096/2160 1421/2211/2157
f 1461/1977/1918 1420/2213/2161 150/1978/1919
f 522/1974/1915 3179/2214/2162 1461/1977/1918
f 2315/2215/2163 2318/2216/2164 3179/2214/2162
f 3179/2214/2162 501/2217/2165 1420/2213/2161
f 522/1974/1915 3180/2218/2166 2315/2215/2163
f 151/1962/1903 3180/2218/2166 1462/1973/1914
f 1422/2202/2146 2316/2219/2167 3180/2218/2166
f 2315/2215/2163 2316/2219/2167 797/2220/2168
f 797/2220/2168 3181/2221/2169 2317/2222/2170
f 502/2205/2149 3181/2221/2169 2316/2219/2167
f 3181/2221/2169 167/1096/2160 1496/2223/2171
f 3181/2221/2169 539/2224/2172 2317/2222/2170
f 2318/2216/2164 1419/2225/2173 501/2217/2165
f 797/2220/2168 3182/2226/2174 2318/2216/2164
f 2317/2222/2170 1495/2227/2175 3182/2226/2174
f 3182/2226/2174 166/2228/2176 1419/2225/2173
f 149/1994/1935 3183/2229/2177 1418/2230/2178
f 523/1990/1931 3183/2229/2177 1463/1993/1934
f 2319/2231/2179 2322/2232/2180 3183/2229/2177
f 3183/2229/2177 500/2233/2181 1418/2230/2178
f 1464/1989/1930 2319/2231/2179 523/1990/1931
f 150/1978/1919 3184/2234/2182 1464/1989/1930
f 1420/2213/2161 2320/2235/2183 3184/2234/2182
f 2319/2231/2179 2320/2235/2183 798/2236/2184
f 798/2236/2184 3185/2237/2185 2321/2238/2186
f 501/2217/2165 3185/2237/2185 2320/2235/2183
f 1419/2225/2173 1498/2239/2187 3185/2237/2185
f 3185/2237/2185 540/1110/2188 2321/2238/2186
f 2322/2232/2180 1417/2240/2189 500/2233/2181
f 798/2236/2184 3186/2241/2190 2322/2232/2180
f 2321/2238/2186 1497/1296/2191 3186/2241/2190
f 3186/2241/2190 165/1175/2192 1417/2240/2189
f 148/2010/1951 3187/2242/2193 1416/2243/2194
f 524/2006/1947 3187/2242/2193 1465/2009/1950
f 2323/2244/2195 2326/2245/2196 3187/2242/2193
f 3187/2242/2193 499/2246/2197 1416/2243/2194
f 1466/2005/1946 2323/2244/2195 524/2006/1947
f 149/1994/1935 3188/2247/2198 1466/2005/1946
f 1418/2230/2178 2324/2248/2199 3188/2247/2198
f 2323/2244/2195 2324/2248/2199 799/2249/2200
f 799/2249/2200 3189/2250/2201 2325/2251/2202
f 2324/2248/2199 1417/2240/2189 3189/2250/2201
f 3189/2250/2201 165/1175/2192 1500/2252/2203
f 2325/2251/2202 1500/2252/2203 541/1173/2204
f 2326/2245/2196 1415/2253/2205 499/2246/2197
f 799/2249/2200 3190/2254/2206 2326/2245/2196
f 2325/2251/2202 1499/2255/2207 3190/2254/2206
f 3190/2254/2206 164/2256/2208 1415/2253/2205
f 147/2027/1967 3191/2257/2209 1414/2258/2210
f 525/2023/1963 3191/2257/2209 1467/2026/1966
f 2327/2259/2211 2330/2260/2212 3191/2257/2209
f 3191/2257/2209 498/2261/2213 1414/2258/2210
f 1468/2022/1962 2327/2259/2211 525/2023/1963
f 148/2010/1951 3192/2262/2214 1468/2022/1962
f 1416/2243/2194 2328/2263/2215 3192/2262/2214
f 2327/2259/2211 2328/2263/2215 800/2264/2216
f 800/2264/2216 3193/2265/2217 2329/2266/2218
f 499/2246/2197 3193/2265/2217 2328/2263/2215
f 1415/2253/2205 1502/2267/2219 3193/2265/2217
f 3193/2265/2217 542/1177/2220 2329/2266/2218
f 2330/2260/2212 1413/2268/2221 498/2261/2213
f 800/2264/2216 3194/2269/2222 2330/2260/2212
f 2329/2266/2218 1501/1181/2223 3194/2269/2222
f 3194/2269/2222 163/1182/2224 1413/2268/2221
f 146/2043/1983 3195/2270/2225 1412/2271/2226
f 526/2039/1979 3195/2270/2225 1469/2042/1982
f 2331/2272/2227 2334/2273/2228 3195/2270/2225
f 3195/2270/2225 497/2274/2229 1412/2271/2226
f 526/2039/1979 3196/2275/2230 2331/2272/2227
f 147/2027/1967 3196/2275/2230 1470/2038/1978
f 1414/2258/2210 2332/2276/2231 3196/2275/2230
f 2331/2272/2227 2332/2276/2231 801/2277/2232
f 801/2277/2232 3197/2278/2233 2333/2279/2234
f 498/2261/2213 3197/2278/2233 2332/2276/2231
f 1413/2268/2221 1504/1363/2235 3197/2278/2233
f 3197/2278/2233 543/1199/2236 2333/2279/2234
f 2334/2273/2228 1411/2280/2237 497/2274/2229
f 801/2277/2232 3198/2281/2238 2334/2273/2228
f 2333/2279/2234 1503/2282/2239 3198/2281/2238
f 3198/2281/2238 162/1206/2240 1411/2280/2237
f 145/2059/1753 3199/2283/2241 1473/2284/2004
f 1471/2058/1996 2335/2285/2242 3199/2283/2241
f 3199/2283/2241 802/2286/2243 2338/2287/2244
f 1473/2284/2004 2338/2287/2244 528/2288/2005
f 1472/2054/1992 2335/2285/2242 527/2055/1993
f 146/2043/1983 3200/2289/2245 1472/2054/1992
f 1412/2271/2226 2336/2290/2246 3200/2289/2245
f 2335/2285/2242 2336/2290/2246 802/2286/2243
f 802/2286/2243 3201/2291/2247 2337/2292/2248
f 497/2274/2229 3201/2291/2247 2336/2290/2246
f 3201/2291/2247 162/1206/2240 1506/1205/2249
f 2337/2292/2248 1506/1205/2249 544/943/2250
f 528/2288/2005 3202/2293/2251 1474/2294/2009
f 2338/2287/2244 2337/2292/2248 3202/2293/2251
f 3202/2293/2251 544/943/2250 1505/942/2252
f 1474/2294/2009 1505/942/2252 161/1207/2010
f 1542/2295/667 1504/1363/2235 163/1182/2224
f 562/2296/2253 3203/2297/689 1542/2295/667
f 2339/2298/691 2342/1199/2254 3203/2297/689
f 3203/2297/689 543/1199/2236 1504/1363/2235
f 1541/2299/2253 2339/2298/691 562/2296/2253
f 179/2300/2253 3204/2301/691 1541/2299/2253
f 1536/2302/691 2340/1199/690 3204/2301/691
f 3204/2301/691 803/1199/2255 2339/2298/691
f 2340/1199/690 2341/2303/686 803/1199/2255
f 2340/1199/690 1535/2304/686 3205/2305/686
f 1535/2304/686 1540/2306/684 3205/2305/686
f 3205/2305/686 561/2307/684 2341/2303/686
f 2342/1199/2254 1503/2282/2239 543/1199/2236
f 2342/1199/2254 2341/2303/686 3206/2308/682
f 3206/2308/682 561/2307/684 1539/2309/685
f 3206/2308/682 162/1206/2240 1503/2282/2239
f 1546/2310/2256 1478/2088/2027 176/2077/2016
f 564/929/2257 3207/2311/2258 1546/2310/2256
f 2343/928/2259 2346/2312/2260 3207/2311/2258
f 3207/2311/2258 530/2089/2028 1478/2088/2027
f 1545/929/2261 2343/2313/2259 564/929/2257
f 192/929/2262 3208/2314/2263 1545/929/2261
f 1510/928/2264 2344/2315/2265 3208/2314/2263
f 3208/2314/2263 804/2316/2266 2343/2313/2259
f 2344/2315/2265 2345/2317/2267 804/2316/2266
f 546/925/2268 3209/2318/2269 2344/2315/2265
f 1509/924/2270 1544/962/2271 3209/2318/2269
f 3209/2318/2269 563/962/2272 2345/2317/2267
f 2346/2319/2260 1477/924/2031 530/925/2028
f 804/2316/2266 3210/2318/2273 2346/2319/2260
f 2345/2317/2267 1543/962/2274 3210/2318/2273
f 3210/2318/2273 175/962/2032 1477/924/2031
f 1539/2309/685 1506/1205/2249 162/1206/2240
f 561/2307/684 3211/2320/2275 1539/2309/685
f 2347/2321/706 2350/2322/704 3211/2320/2275
f 3211/2320/2275 544/943/2250 1506/1205/2249
f 1540/2306/684 2347/2321/706 561/2307/684
f 178/2323/684 3212/2324/706 1540/2306/684
f 1538/2325/706 2348/2326/703 3212/2324/706
f 3212/2324/706 805/2327/703 2347/2321/706
f 2348/2326/703 2349/2328/2276 805/2327/703
f 560/2329/703 3213/2330/702 2348/2326/703
f 1537/2331/2277 1548/1207/2278 3213/2330/702
f 3213/2330/702 565/1207/2278 2349/2328/2276
f 2350/2322/704 1505/942/2252 544/943/2250
f 805/2327/703 3214/2332/698 2350/2322/704
f 2349/2328/2276 1547/1207/701 3214/2332/698
f 3214/2332/698 161/1207/2010 1505/942/2252
f 1543/962/2274 1480/961/2043 175/962/2032
f 563/962/2272 3215/2333/2279 1543/962/2274
f 2351/2334/2280 2354/2335/2281 3215/2333/2279
f 3215/2333/2279 531/959/2044 1480/961/2043
f 1544/962/2271 2351/2334/2280 563/962/2272
f 191/962/2282 3216/2333/2283 1544/962/2271
f 1512/961/2284 2352/2336/2285 3216/2333/2283
f 3216/2333/2283 806/2337/2286 2351/2334/2280
f 2352/2336/2285 2353/2338/2287 806/2337/2286
f 547/959/2288 3217/2339/2289 2352/2336/2285
f 1511/958/2290 1550/979/2291 3217/2339/2289
f 3217/2339/2289 566/979/2292 2353/2338/2287
f 2354/2340/2281 1479/2107/2047 531/2104/2044
f 806/959/2286 3218/2341/2293 2354/2340/2281
f 2353/958/2287 1549/2342/2294 3218/2341/2293
f 3218/2341/2293 174/2108/2048 1479/2107/2047
f 1549/2342/2294 1482/2119/2059 174/2108/2048
f 566/979/2292 3219/2343/2295 1549/2342/2294
f 2355/1209/2296 2358/2344/2297 3219/2343/2295
f 3219/2343/2295 532/2120/2060 1482/2119/2059
f 1550/979/2291 2355/978/2296 566/979/2292
f 190/979/2298 3220/2345/2299 1550/979/2291
f 1514/1209/2300 2356/2346/2301 3220/2345/2299
f 3220/2345/2299 807/976/2302 2355/978/2296
f 2356/2346/2301 2357/2347/2303 807/976/2302
f 548/1210/2304 3221/2348/2305 2356/2346/2301
f 1513/2349/2306 1552/2350/2307 3221/2348/2305
f 3221/2348/2305 567/1353/2308 2357/2347/2303
f 2358/2351/2297 1481/2352/2063 532/1210/2060
f 807/976/2302 3222/2353/2309 2358/2351/2297
f 2357/2347/2303 1551/1353/2310 3222/2353/2309
f 3222/2353/2309 173/1353/2064 1481/2352/2063
f 173/1353/2064 3223/2134/2311 1484/2134/2075
f 1551/1353/2310 2359/2134/2312 3223/2134/2311
f 3223/2134/2311 808/2135/2313 2362/2135/2314
f 1484/2134/2075 2362/2135/2314 533/2135/2076
f 567/1353/2308 3224/2354/2315 2359/2134/2312
f 1552/2350/2307 1516/2355/2316 3224/2354/2315
f 3224/2354/2315 549/2356/2317 2360/2357/2318
f 2359/2134/2312 2360/2357/2318 808/2135/2313
f 808/2135/2313 3225/2358/2319 2361/2138/2320
f 2360/2357/2318 1515/2359/2321 3225/2358/2319
f 3225/2358/2319 188/2360/2322 1554/2361/2323
f 2361/2138/2320 1554/2361/2323 568/1327/2324
f 533/2135/2076 3226/2138/2325 1483/2138/2079
f 2362/2135/2314 2361/2138/2320 3226/2138/2325
f 3226/2138/2325 568/1327/2324 1553/1327/2326
f 1483/2138/2079 1553/1327/2326 172/1327/2080
f 172/1327/2080 3227/1328/2327 1486/1329/2091
f 1553/1327/2326 2363/1332/2328 3227/1328/2327
f 3227/1328/2327 809/1331/2329 2366/1330/2330
f 1486/1329/2091 2366/1330/2330 534/1333/2092
f 568/1327/2324 3228/2362/2331 2363/1332/2328
f 1554/2361/2323 1518/2363/2332 3228/2362/2331
f 3228/2362/2331 550/2364/2333 2364/2365/2334
f 2363/1332/2328 2364/2365/2334 809/1331/2329
f 809/1331/2329 3229/2366/2335 2365/1337/2336
f 2364/2365/2334 1517/2367/2337 3229/2366/2335
f 3229/2366/2335 187/2368/2338 1556/2369/2339
f 2365/1337/2336 1556/2369/2339 569/1008/2340
f 534/2150/2092 3230/2370/2341 1485/2153/2095
f 2366/2371/2330 2365/1334/2336 3230/2370/2341
f 3230/2370/2341 569/1008/2340 1555/2372/2342
f 1485/2153/2095 1555/2372/2342 171/2154/2096
f 171/2154/2096 3231/2373/2343 1488/2165/2107
f 1555/2372/2342 2367/1316/2344 3231/2373/2343
f 3231/2373/2343 810/1317/2345 2370/2374/2346
f 1488/2165/2107 2370/2374/2346 535/2166/2108
f 569/1008/2340 3232/1316/2347 2367/1326/2344
f 1556/2369/2339 1520/2375/2348 3232/1316/2347
f 3232/1316/2347 551/1317/2349 2368/1324/2350
f 2367/1326/2344 2368/1324/2350 810/1323/2345
f 810/1323/2345 3233/1320/2351 2369/1320/2352
f 2368/1324/2350 1519/1320/2353 3233/1320/2351
f 3233/1320/2351 186/1321/2354 1558/2376/2355
f 2369/1320/2352 1558/2376/2355 570/2377/2356
f 535/1317/2108 3234/1320/2357 1487/1320/2111
f 2370/1319/2346 2369/1320/2352 3234/1320/2357
f 3234/1320/2357 570/2377/2356 1557/2378/2358
f 1487/1320/2111 1557/2378/2358 170/1321/2112
f 170/2169/2112 3235/2379/2359 1490/2180/2123
f 1557/2380/2358 2371/2381/2360 3235/2379/2359
f 3235/2379/2359 811/2382/2361 2374/2383/2362
f 1490/2180/2123 2374/2383/2362 536/2181/2124
f 570/2377/2356 3236/2384/2363 2371/2381/2360
f 1558/2376/2355 1522/2385/2364 3236/2384/2363
f 3236/2384/2363 552/2386/2365 2372/2387/2366
f 2371/2381/2360 2372/2387/2366 811/2388/2361
f 811/2388/2361 3237/2389/2367 2373/2184/2368
f 2372/2387/2366 1521/2390/2369 3237/2389/2367
f 3237/2389/2367 185/1062/2370 1560/2391/2371
f 2373/2184/2368 1560/2391/2371 571/1062/2371
f 536/2382/2124 3238/2184/2372 1489/2184/2127
f 2374/2392/2362 2373/2184/2368 3238/2184/2372
f 3238/2184/2372 571/1062/2371 1559/1283/587
f 1489/2184/2127 1559/1283/587 169/1292/2128
f 169/2185/2128 3239/2393/584 1492/2196/2139
f 1559/2394/587 2375/1293/2373 3239/2393/584
f 3239/2393/584 812/1058/581 2378/2395/583
f 1492/2196/2139 2378/2395/583 537/2197/2140
f 571/1062/2371 3240/2396/585 2375/1293/2373
f 1560/2391/2371 1524/1061/2374 3240/2396/585
f 3240/2396/585 553/1058/581 2376/2397/581
f 2375/1293/2373 2376/2397/581 812/2398/581
f 2376/2397/581 2377/2399/2375 812/2398/581
f 2376/2397/581 1523/1057/580 3241/2400/580
f 1523/1057/580 1562/1056/578 3241/2400/580
f 3241/2400/580 572/1056/578 2377/2399/2375
f 2378/2401/583 1491/1057/2143 537/1058/2140
f 812/2398/581 3242/2400/2376 2378/2401/583
f 2377/2399/2375 1561/1056/579 3242/2400/2376
f 3242/2400/2376 168/1056/2144 1491/1057/2143
f 168/1056/2144 3243/1078/604 1494/1078/2155
f 572/1056/578 3243/1078/604 1561/1056/579
f 2379/1078/603 2382/1075/602 3243/1078/604
f 3243/1078/604 538/1075/2156 1494/1078/2155
f 1562/1056/578 2379/1078/603 572/1056/578
f 1562/1056/578 1526/1078/603 3244/1078/603
f 1526/1078/603 2380/1075/600 3244/1078/603
f 3244/1078/603 813/1075/601 2379/1078/603
f 813/1075/601 3245/1074/597 2381/1074/597
f 554/1075/600 3245/1074/597 2380/1075/600
f 1525/1074/597 1564/1096/2377 3245/1074/597
f 3245/1074/597 573/1096/2377 2381/1074/597
f 538/1075/2156 3246/1074/595 1493/1074/2159
f 813/1075/601 3246/1074/595 2382/1075/602
f 2381/1074/597 1563/1096/593 3246/1074/595
f 3246/1074/595 167/1096/2160 1493/1074/2159
f 1563/1096/593 1496/1095/2171 167/1096/2160
f 573/1096/2377 3247/2402/620 1563/1096/593
f 2383/2403/2378 2386/2404/618 3247/2402/620
f 3247/2402/620 539/1093/2172 1496/1095/2171
f 1564/1096/2377 2383/2403/2378 573/1096/2377
f 183/1096/2377 3248/2402/2378 1564/1096/2377
f 1528/1095/2378 2384/2405/2379 3248/2402/2378
f 2383/2403/2378 2384/2405/2379 814/2406/2380
f 814/2406/2380 3249/1092/2381 2385/1092/2381
f 555/1093/2379 3249/1092/2381 2384/2405/2379
f 1527/1092/2381 1566/2407/2382 3249/1092/2381
f 2385/1092/2381 1566/2407/2382 574/2408/2382
f 2386/2409/618 1495/2227/2175 539/2224/2172
f 814/1093/2380 3250/2410/610 2386/2409/618
f 3250/2410/610 574/1113/2382 1565/2411/2383
f 3250/2410/610 166/2228/2176 1495/2227/2175
f 1565/2412/2383 1498/1112/2187 166/1113/2176
f 574/2408/2382 3251/1301/2384 1565/2412/2383
f 3251/1301/2384 815/1110/2385 2390/1110/2386
f 3251/1301/2384 540/1110/2188 1498/1112/2187
f 1566/2407/2382 2387/2413/2387 574/2408/2382
f 182/1113/2382 3252/1301/2387 1566/2407/2382
f 1530/1112/2387 2388/1110/2385 3252/1301/2387
f 3252/1301/2387 815/1110/2385 2387/2413/2387
f 815/1110/2385 3253/1296/2388 2389/1296/2389
f 2388/1110/2385 1529/1296/2388 3253/1296/2388
f 1529/1296/2388 1568/1175/2390 3253/1296/2388
f 3253/1296/2388 575/1175/2390 2389/1296/2389
f 2390/1110/2386 1497/1296/2191 540/1110/2188
f 2390/1110/2386 2389/1296/2389 3254/1296/2391
f 3254/1296/2391 575/1175/2390 1567/1175/2392
f 3254/1296/2391 165/1175/2192 1497/1296/2191
f 1567/1175/2392 1500/1168/2203 165/1175/2192
f 575/1175/2390 3255/1166/2393 1567/1175/2392
f 3255/1166/2393 816/2414/2394 2394/2415/2395
f 3255/1166/2393 541/1165/2204 1500/1168/2203
f 1568/1175/2390 2391/2416/2396 575/1175/2390
f 181/1175/2390 3256/1166/2396 1568/1175/2390
f 1532/1168/2396 2392/2417/2394 3256/1166/2396
f 3256/1166/2396 816/2414/2394 2391/2416/2396
f 2392/2417/2394 2393/1170/2397 816/2414/2394
f 557/1165/2394 3257/2418/2397 2392/2417/2394
f 1531/2419/2397 1570/2420/2398 3257/2418/2397
f 2393/1170/2397 1570/2420/2398 576/2421/2398
f 2394/1174/2395 1499/2255/2207 541/1173/2204
f 816/1165/2394 3258/2422/2399 2394/1174/2395
f 3258/2422/2399 576/1171/2398 1569/2423/2400
f 3258/2422/2399 164/2256/2208 1499/2255/2207
f 1569/2424/2400 1502/1176/2219 164/1171/2208
f 576/2421/2398 3259/2425/673 1569/2424/2400
f 2395/2426/2401 2398/2427/672 3259/2425/673
f 3259/2425/673 542/1177/2220 1502/1176/2219
f 1570/2420/2398 2395/2426/2401 576/2421/2398
f 180/2428/2398 3260/2429/2401 1570/2420/2398
f 1534/2430/2401 2396/2431/2402 3260/2429/2401
f 2395/2426/2401 2396/2431/2402 817/2432/2403
f 817/2432/2403 3261/2433/2404 2397/2434/2404
f 2396/2431/2402 1533/2435/2404 3261/2433/2404
f 3261/2433/2404 179/2300/2253 1541/2299/2253
f 2397/2434/2404 1541/2299/2253 562/2296/2253
f 2398/2427/672 1501/1181/2223 542/1177/2220
f 817/2432/2403 3262/2436/664 2398/2427/672
f 2397/2434/2404 1542/2295/667 3262/2436/664
f 3262/2436/664 163/1182/2224 1501/1181/2223
f 1547/1190/701 1476/2073/2011 161/1190/2010
f 565/1190/2278 3263/2073/2405 1547/1190/701
f 2399/2073/2406 2402/1194/2407 3263/2073/2405
f 3263/2073/2405 529/1194/2012 1476/2073/2011
f 1548/1190/2278 2399/2073/2406 565/1190/2278
f 177/1190/2408 3264/2073/2409 1548/1190/2278
f 1508/2073/2410 2400/1194/2411 3264/2073/2409
f 3264/2073/2409 818/1194/2412 2399/2073/2406
f 2400/1194/2411 2401/1193/2413 818/1194/2412
f 545/1194/2414 3265/1193/2415 2400/1194/2411
f 1507/1193/2416 1545/929/2261 3265/1193/2415
f 3265/1193/2415 564/929/2257 2401/1193/2413
f 2402/1194/2407 1475/1193/2015 529/1194/2012
f 818/1194/2412 3266/1193/2417 2402/1194/2407
f 2401/1193/2413 1546/929/2256 3266/1193/2417
f 3266/1193/2417 176/929/2016 1475/1193/2015
f 210/1175/2418 3267/1168/2419 1698/1168/2420
f 1638/1175/2421 2403/1168/2422 3267/1168/2419
f 3267/1168/2419 819/1165/2423 2406/1165/2424
f 1698/1168/2420 2406/1165/2424 640/1165/2425
f 610/1175/2426 3268/1168/2427 2403/1168/2422
f 1637/1175/2428 1596/1168/2429 3268/1168/2427
f 3268/1168/2427 589/1165/2430 2404/1165/2431
f 2403/1168/2422 2404/1165/2431 819/1165/2423
f 2404/1165/2431 2405/1170/2432 819/1165/2423
f 589/1165/2430 3269/2437/2433 2404/1165/2431
f 1595/2438/2434 1604/2423/2435 3269/2437/2433
f 3269/2437/2433 593/1171/2436 2405/1170/2432
f 2406/1165/2424 1697/2419/2437 640/1165/2425
f 819/1165/2423 3270/2439/2438 2406/1165/2424
f 2405/2440/2432 1603/2420/2439 3270/2439/2438
f 3270/2439/2438 209/2428/2440 1697/2419/2437
f 209/2428/2440 3271/2441/2441 1696/2442/2442
f 1603/2420/2439 2407/2443/2443 3271/2441/2441
f 3271/2441/2441 820/2444/2444 2410/2445/2445
f 1696/2442/2442 2410/2445/2445 639/2446/2446
f 593/2421/2436 3272/2447/2447 2407/2443/2443
f 1604/2424/2435 1598/1176/2448 3272/2447/2447
f 3272/2447/2447 590/1177/2449 2408/2448/2450
f 2407/2443/2443 2408/2448/2450 820/2444/2444
f 2408/2448/2450 2409/2449/2451 820/2444/2444
f 590/1177/2449 3273/2450/2452 2408/2448/2450
f 1597/1181/2453 1608/2451/2454 3273/2450/2452
f 3273/2450/2452 595/2452/2455 2409/2449/2451
f 2410/2453/2445 1695/2454/2456 639/2455/2446
f 820/2456/2444 3274/2457/2457 2410/2453/2445
f 2409/2458/2451 1607/2459/2458 3274/2457/2457
f 3274/2457/2457 211/2460/2459 1695/2454/2456
f 1644/1190/2460 1694/1189/2461 213/1190/2462
f 613/1190/2463 3275/1191/2464 1644/1190/2460
f 2411/1189/2465 2414/1195/2466 3275/1191/2464
f 3275/1191/2464 638/1157/2467 1694/1189/2461
f 1643/1190/2468 2411/1189/2465 613/1190/2463
f 1643/1190/2468 1572/1189/2469 3276/1191/2470
f 3276/1191/2470 577/1157/2471 2412/1192/2472
f 3276/1191/2470 821/1157/2473 2411/1189/2465
f 2412/1194/2472 2413/1193/2474 821/1194/2473
f 2412/1194/2472 1571/1193/2475 3277/1193/2476
f 3277/1193/2476 208/929/2477 1610/929/2478
f 3277/1193/2476 596/929/2479 2413/1193/2474
f 2414/1195/2466 1693/1156/2480 638/1157/2467
f 821/1157/2473 3278/1196/2481 2414/1195/2466
f 2413/1156/2474 1609/929/2482 3278/1196/2481
f 3278/1196/2481 212/929/2483 1693/1156/2480
f 211/2460/2459 3279/2461/2484 1692/2462/2485
f 1607/2459/2458 2415/2463/2486 3279/2461/2484
f 3279/2461/2484 822/1199/2487 2418/1199/2488
f 1692/2462/2485 2418/1199/2488 637/1199/2489
f 595/2452/2455 3280/2464/2490 2415/2465/2486
f 1608/2451/2454 1600/1363/2491 3280/2464/2490
f 3280/2464/2490 591/1199/2492 2416/2466/2493
f 2415/2465/2486 2416/2466/2493 822/2467/2487
f 2416/2466/2493 2417/2468/2494 822/2467/2487
f 591/1199/2492 3281/2469/2495 2416/2466/2493
f 1599/2282/2496 1614/2470/2497 3281/2469/2495
f 3281/2469/2495 598/2471/2498 2417/2468/2494
f 2418/2472/2488 1691/2473/2499 637/1199/2489
f 822/2467/2487 3282/2474/2500 2418/2472/2488
f 2417/2468/2494 1613/2475/2501 3282/2474/2500
f 3282/2474/2500 214/2476/2502 1691/2473/2499
f 1609/929/2482 1690/928/2503 212/929/2483
f 596/929/2479 3283/928/2504 1609/929/2482
f 2419/928/2505 2422/925/2506 3283/928/2504
f 3283/928/2504 636/925/2507 1690/928/2503
f 1610/2310/2478 2419/928/2505 596/929/2479
f 208/2077/2477 3284/2477/2508 1610/2310/2478
f 1574/2478/2509 2420/925/2510 3284/2477/2508
f 3284/2477/2508 823/925/2511 2419/928/2505
f 2420/925/2510 2421/924/2512 823/925/2511
f 578/925/2513 3285/924/2514 2420/925/2510
f 1573/924/2515 1616/962/2516 3285/924/2514
f 3285/924/2514 599/962/2517 2421/924/2512
f 2422/925/2506 1689/924/2518 636/925/2507
f 823/925/2511 3286/924/2519 2422/925/2506
f 2421/924/2512 1615/962/2520 3286/924/2519
f 3286/924/2519 215/962/2521 1689/924/2518
f 214/2476/2502 3287/2479/2522 1688/2480/2523
f 1613/2475/2501 2423/2481/2524 3287/2479/2522
f 3287/2479/2522 824/2482/2525 2426/2483/2526
f 1688/2480/2523 2426/2483/2526 635/2484/2527
f 598/2485/2498 3288/2486/2528 2423/2487/2524
f 1614/2488/2497 1602/2489/2529 3288/2486/2528
f 3288/2486/2528 592/2490/2530 2424/2491/2531
f 2423/2487/2524 2424/2491/2531 824/2492/2525
f 2424/2491/2531 2425/2493/2532 824/2492/2525
f 592/2490/2530 3289/2494/2533 2424/2491/2531
f 1601/2495/2534 1643/1207/2468 3289/2494/2533
f 3289/2494/2533 613/1207/2463 2425/2493/2532
f 2426/2496/2526 1687/2497/2535 635/2484/2527
f 824/2492/2525 3290/2498/2536 2426/2496/2526
f 2425/2493/2532 1644/1207/2460 3290/2498/2536
f 3290/2498/2536 213/1207/2462 1687/2497/2535
f 1615/962/2520 1686/961/2537 215/962/2521
f 599/962/2517 3291/961/2538 1615/962/2520
f 2427/961/2539 2430/959/2540 3291/961/2538
f 3291/961/2538 634/959/2541 1686/961/2537
f 1616/962/2516 2427/961/2539 599/962/2517
f 207/962/2542 3292/961/2543 1616/962/2516
f 1576/961/2544 2428/959/2545 3292/961/2543
f 3292/961/2543 825/959/2546 2427/961/2539
f 2428/959/2545 2429/958/2547 825/959/2546
f 579/959/2548 3293/958/2549 2428/959/2545
f 1575/958/2550 1618/979/2551 3293/958/2549
f 3293/958/2549 600/979/2552 2429/958/2547
f 2430/959/2540 1685/958/2553 634/959/2541
f 825/959/2546 3294/958/2554 2430/959/2540
f 2429/958/2547 1617/979/2555 3294/958/2554
f 3294/958/2554 216/979/2556 1685/958/2553
f 1617/979/2555 1684/1209/2557 216/979/2556
f 600/979/2552 3295/1209/2558 1617/979/2555
f 2431/1209/2559 2434/1210/2560 3295/1209/2558
f 3295/1209/2558 633/1210/2561 1684/1209/2557
f 1618/979/2551 2431/1209/2559 600/979/2552
f 206/979/2562 3296/1209/2563 1618/979/2551
f 1578/1209/2564 2432/1210/2565 3296/1209/2563
f 3296/1209/2563 826/1210/2566 2431/1209/2559
f 2432/1210/2565 2433/2499/2567 826/1210/2566
f 580/1210/2568 3297/2500/2569 2432/1210/2565
f 1577/1211/2570 1620/2501/2571 3297/2500/2569
f 3297/2500/2569 601/2502/2572 2433/2499/2567
f 2434/1210/2560 1683/2349/2573 633/1210/2561
f 826/1210/2566 3298/2503/2574 2434/1210/2560
f 2433/2499/2567 1619/2504/2575 3298/2503/2574
f 3298/2503/2574 217/2505/2576 1683/2349/2573
f 217/2505/2576 3299/2506/2577 1682/2507/2578
f 1619/2504/2575 2435/2508/2579 3299/2506/2577
f 3299/2506/2577 827/1341/2580 2438/2509/2581
f 1682/2507/2578 2438/2509/2581 632/2510/2582
f 601/2502/2572 3300/2511/2583 2435/2508/2579
f 1620/2501/2571 1580/2512/2584 3300/2511/2583
f 3300/2511/2583 581/2510/2585 2436/2509/2586
f 2435/2508/2579 2436/2509/2586 827/1341/2580
f 827/1341/2580 3301/2513/2587 2437/1347/2588
f 2436/2509/2586 1579/2514/2589 3301/2513/2587
f 3301/2513/2587 204/1351/2590 1622/1350/2591
f 2437/1347/2588 1622/1350/2591 602/1346/2592
f 632/2510/2582 3302/2513/2593 1681/2514/2594
f 2438/2509/2581 2437/1347/2588 3302/2513/2593
f 3302/2513/2593 602/1346/2592 1621/1350/2595
f 1681/2514/2594 1621/1350/2595 218/1351/2596
f 218/1327/2596 3303/1329/2597 1680/1329/2598
f 1621/1327/2595 2439/1329/2599 3303/1329/2597
f 3303/1329/2597 828/1333/2600 2442/1333/2601
f 1680/1329/2598 2442/1333/2601 631/1333/2602
f 602/1327/2592 3304/1329/2603 2439/1329/2599
f 1622/1327/2591 1582/1329/2604 3304/1329/2603
f 3304/1329/2603 582/1333/2605 2440/1333/2606
f 2439/1329/2599 2440/1333/2606 828/1333/2600
f 828/1333/2600 3305/1334/2607 2441/1334/2608
f 2440/1333/2606 1581/1334/2609 3305/1334/2607
f 3305/1334/2607 203/1008/2610 1624/1008/2611
f 2441/1334/2608 1624/1008/2611 603/1008/2612
f 631/1333/2602 3306/1334/2613 1679/1334/2614
f 2442/1333/2601 2441/1334/2608 3306/1334/2613
f 3306/1334/2613 603/1008/2612 1623/1008/2615
f 1679/1334/2614 1623/1008/2615 219/1008/2616
f 219/1008/2616 3307/1316/2617 1678/1316/2618
f 1623/1008/2615 2443/1316/2619 3307/1316/2617
f 3307/1316/2617 829/1317/2620 2446/1317/2621
f 1678/1316/2618 2446/1317/2621 630/1317/2622
f 603/1008/2612 3308/1316/2623 2443/1316/2619
f 1624/1008/2611 1584/1316/2624 3308/1316/2623
f 3308/1316/2623 583/1317/2625 2444/1317/2626
f 2443/1316/2619 2444/1317/2626 829/1317/2620
f 829/1317/2620 3309/1320/2627 2445/1320/2628
f 2444/1317/2626 1583/1320/2629 3309/1320/2627
f 3309/1320/2627 202/1321/2630 1626/1321/2631
f 2445/1320/2628 1626/1321/2631 604/1321/2632
f 630/1317/2622 3310/1320/2633 1677/1320/2634
f 2446/1317/2621 2445/1320/2628 3310/1320/2633
f 3310/1320/2633 604/1321/2632 1625/1321/2635
f 1677/1320/2634 1625/1321/2635 220/1321/2636
f 220/2515/2636 3311/2516/2637 1676/2517/2638
f 1625/2518/2635 2447/2519/2639 3311/2516/2637
f 3311/2516/2637 830/2520/2640 2450/2521/2641
f 1676/2517/2638 2450/2521/2641 629/2522/2642
f 604/1307/2632 3312/2523/2643 2447/2524/2639
f 202/1024/2630 3312/2523/2643 1626/1303/2631
f 1586/2525/2644 2448/2526/2645 3312/2523/2643
f 2447/2524/2639 2448/2526/2645 830/2527/2640
f 830/2527/2640 3313/2528/2646 2449/2529/2647
f 584/2530/2648 3313/2528/2646 2448/2526/2645
f 1585/2531/2649 1628/2532/2650 3313/2528/2646
f 2449/2529/2647 1628/2532/2650 605/1062/2651
f 629/2522/2642 3314/2533/2652 1675/2534/2653
f 2450/2535/2641 2449/2529/2647 3314/2533/2652
f 3314/2533/2652 605/1062/2651 1627/2536/2654
f 1675/2534/2653 1627/2536/2654 221/1062/2655
f 221/1292/2655 3315/1293/2656 1674/1293/2657
f 1627/1292/2654 2451/1293/2658 3315/1293/2656
f 3315/1293/2656 831/1058/2659 2454/1058/2660
f 1674/1293/2657 2454/1058/2660 628/1058/2661
f 605/1062/2651 3316/2537/2662 2451/1061/2658
f 1628/2532/2650 1588/2538/2663 3316/2537/2662
f 3316/2537/2662 585/1058/2664 2452/1058/2665
f 2451/1061/2658 2452/1058/2665 831/1058/2659
f 2452/1058/2665 2453/1057/2666 831/1058/2659
f 585/1058/2664 3317/1057/2667 2452/1058/2665
f 1587/1057/2668 1630/1056/2669 3317/1057/2667
f 3317/1057/2667 606/1056/2670 2453/1057/2666
f 2454/1058/2660 1673/1057/2671 628/1058/2661
f 831/1058/2659 3318/1057/2672 2454/1058/2660
f 2453/1057/2666 1629/1056/2673 3318/1057/2672
f 3318/1057/2672 222/1056/2674 1673/1057/2671
f 222/1056/2674 3319/1078/2675 1672/1078/2676
f 1629/1056/2673 2455/1078/2677 3319/1078/2675
f 3319/1078/2675 832/1075/2678 2458/1075/2679
f 1672/1078/2676 2458/1075/2679 627/1075/2680
f 606/1056/2670 3320/1078/2681 2455/1078/2677
f 1630/1056/2669 1590/1078/2682 3320/1078/2681
f 3320/1078/2681 586/1075/2683 2456/1075/2684
f 2455/1078/2677 2456/1075/2684 832/1075/2678
f 2456/1075/2684 2457/1074/2685 832/1075/2678
f 586/1075/2683 3321/1074/2686 2456/1075/2684
f 1589/1074/2687 1632/1096/2688 3321/1074/2686
f 3321/1074/2686 607/1096/2689 2457/1074/2685
f 2458/1075/2679 1671/1074/2690 627/1075/2680
f 832/1075/2678 3322/1074/2691 2458/1075/2679
f 2457/1074/2685 1631/1096/2692 3322/1074/2691
f 3322/1074/2691 223/1096/2693 1671/1074/2690
f 223/1096/2693 3323/1095/2694 1670/1095/2695
f 1631/1096/2692 2459/1095/2696 3323/1095/2694
f 3323/1095/2694 833/1093/2697 2462/1093/2698
f 1670/1095/2695 2462/1093/2698 626/1093/2699
f 607/1096/2689 3324/1095/2700 2459/1095/2696
f 1632/1096/2688 1592/1095/2701 3324/1095/2700
f 3324/1095/2700 587/1093/2702 2460/1093/2703
f 2459/1095/2696 2460/1093/2703 833/1093/2697
f 2460/1093/2703 2461/1092/2704 833/1093/2697
f 587/1093/2702 3325/1092/2705 2460/1093/2703
f 1591/1092/2706 1634/1113/2707 3325/1092/2705
f 3325/1092/2705 608/1113/2708 2461/1092/2704
f 2462/1093/2698 1669/1092/2709 626/1093/2699
f 833/1093/2697 3326/1092/2710 2462/1093/2698
f 2461/1092/2704 1633/1113/2711 3326/1092/2710
f 3326/1092/2710 224/1113/2712 1669/1092/2709
f 224/1113/2712 3327/1112/2713 1668/1112/2714
f 1633/1113/2711 2463/1112/2715 3327/1112/2713
f 3327/1112/2713 834/1110/2716 2466/1110/2717
f 1668/1112/2714 2466/1110/2717 625/1110/2718
f 608/1113/2708 3328/1112/2719 2463/1112/2715
f 1634/1113/2707 1594/1112/2720 3328/1112/2719
f 3328/1112/2719 588/1110/2721 2464/1110/2722
f 2463/1112/2715 2464/1110/2722 834/1110/2716
f 2464/1110/2722 2465/1296/2723 834/1110/2716
f 588/1110/2721 3329/1296/2724 2464/1110/2722
f 1593/1296/2725 1637/1175/2428 3329/1296/2724
f 3329/1296/2724 610/1175/2426 2465/1296/2723
f 2466/1110/2717 1667/1296/2726 625/1110/2718
f 834/1110/2716 3330/1296/2727 2466/1110/2717
f 2465/1296/2723 1638/1175/2421 3330/1296/2727
f 3330/1296/2727 210/1175/2418 1667/1296/2726
f 182/1113/2382 3331/1112/2387 1530/1112/2387
f 1665/1113/2382 2467/1112/2728 3331/1112/2387
f 2467/1112/2728 2470/1110/2385 3331/1112/2387
f 3331/1112/2387 556/1110/2385 1530/1112/2387
f 624/1113/2729 3332/1112/2730 2467/1112/2728
f 1666/1113/2731 1668/1112/2714 3332/1112/2730
f 3332/1112/2730 625/1110/2718 2468/1110/2732
f 3332/1112/2730 835/1110/2733 2467/1112/2728
f 2468/1110/2732 2469/1296/2734 835/1110/2733
f 625/1110/2718 3333/1296/2735 2468/1110/2732
f 1667/1296/2726 1605/1175/2736 3333/1296/2735
f 3333/1296/2735 594/1175/2737 2469/1296/2734
f 556/1110/2385 3334/1296/2388 1529/1296/2388
f 2470/1110/2385 2469/1296/2734 3334/1296/2388
f 2469/1296/2734 1606/1175/2390 3334/1296/2388
f 3334/1296/2388 181/1175/2390 1529/1296/2388
f 183/1096/2377 3335/1095/2378 1528/1095/2378
f 1663/1096/2377 2471/1095/2738 3335/1095/2378
f 2471/1095/2738 2474/1093/2379 3335/1095/2378
f 3335/1095/2378 555/1093/2379 1528/1095/2378
f 623/1096/2739 3336/1095/2740 2471/1095/2738
f 1664/1096/2741 1670/1095/2695 3336/1095/2740
f 1670/1095/2695 2472/1093/2742 3336/1095/2740
f 3336/1095/2740 836/1093/2743 2471/1095/2738
f 836/1093/2743 3337/1092/2744 2473/1092/2745
f 626/1093/2699 3337/1092/2744 2472/1093/2742
f 1669/1092/2709 1666/1113/2731 3337/1092/2744
f 2473/1092/2745 1666/1113/2731 624/1113/2729
f 555/1093/2379 3338/1092/2381 1527/1092/2381
f 2474/1093/2379 2473/1092/2745 3338/1092/2381
f 2473/1092/2745 1665/1113/2382 3338/1092/2381
f 1527/1092/2381 1665/1113/2382 182/1113/2382
f 184/1056/578 3339/1078/603 1526/1078/603
f 1661/1056/578 2475/1078/2746 3339/1078/603
f 2475/1078/2746 2478/1075/600 3339/1078/603
f 3339/1078/603 554/1075/600 1526/1078/603
f 622/1056/2747 3340/1078/2748 2475/1078/2746
f 1662/1056/2749 1672/1078/2676 3340/1078/2748
f 3340/1078/2748 627/1075/2680 2476/1075/2750
f 3340/1078/2748 837/1075/2751 2475/1078/2746
f 837/1075/2751 3341/1074/2752 2477/1074/2753
f 2476/1075/2750 1671/1074/2690 3341/1074/2752
f 1671/1074/2690 1664/1096/2741 3341/1074/2752
f 3341/1074/2752 623/1096/2739 2477/1074/2753
f 554/1075/600 3342/1074/597 1525/1074/597
f 2478/1075/600 2477/1074/2753 3342/1074/597
f 2477/1074/2753 1663/1096/2377 3342/1074/597
f 1525/1074/597 1663/1096/2377 183/1096/2377
f 185/1292/2370 3343/1293/2374 1524/1293/2374
f 1659/1292/2754 2479/1293/2755 3343/1293/2374
f 3343/1293/2374 838/1058/2756 2482/1058/581
f 1524/1293/2374 2482/1058/581 553/1058/581
f 621/1062/2757 3344/2539/2758 2479/1061/2755
f 1660/2540/2759 1674/1061/2657 3344/2539/2758
f 3344/2539/2758 628/1058/2661 2480/1058/2760
f 2479/1061/2755 2480/1058/2760 838/1058/2756
f 2480/1058/2760 2481/1057/2761 838/1058/2756
f 628/1058/2661 3345/1057/2762 2480/1058/2760
f 1673/1057/2671 1662/1056/2749 3345/1057/2762
f 3345/1057/2762 622/1056/2747 2481/1057/2761
f 2482/1058/581 1523/1057/580 553/1058/581
f 2482/1058/581 2481/1057/2761 3346/1057/580
f 2481/1057/2761 1661/1056/578 3346/1057/580
f 3346/1057/580 184/1056/578 1523/1057/580
f 186/1321/2354 3347/2541/2763 1522/2381/2364
f 1657/2542/2764 2483/2543/2765 3347/2541/2763
f 3347/2541/2763 839/2544/2766 2486/2545/2767
f 1522/2381/2364 2486/2545/2767 552/2382/2365
f 620/2546/2768 3348/2547/2769 2483/2543/2765
f 1658/2548/2770 1676/2517/2638 3348/2547/2769
f 3348/2547/2769 629/2522/2642 2484/2549/2771
f 2483/2543/2765 2484/2549/2771 839/2544/2766
f 839/2544/2766 3349/2550/2772 2485/2551/2773
f 2484/2549/2771 1675/2534/2653 3349/2550/2772
f 3349/2550/2772 221/1062/2655 1660/2540/2759
f 2485/2551/2773 1660/2540/2759 621/1062/2757
f 552/2386/2365 3350/2552/2774 1521/2390/2369
f 2486/2553/2767 2485/2551/2773 3350/2552/2774
f 3350/2552/2774 621/1062/2757 1659/2536/2754
f 1521/2390/2369 1659/2536/2754 185/1062/2370
f 187/1008/2338 3351/2554/2775 1520/1316/2348
f 1655/1008/2776 2487/2555/2777 3351/2554/2775
f 3351/2554/2775 840/2556/2778 2490/2557/2779
f 1520/1316/2348 2490/2557/2779 551/1317/2349
f 619/2558/2780 3352/2559/2781 2487/2560/2777
f 1656/2561/2782 1678/1028/2618 3352/2559/2781
f 3352/2559/2781 630/1026/2622 2488/2562/2783
f 2487/2560/2777 2488/2562/2783 840/2556/2778
f 840/2556/2778 3353/2563/2784 2489/2564/2785
f 2488/2562/2783 1677/2565/2634 3353/2563/2784
f 3353/2563/2784 220/1315/2636 1658/2566/2770
f 2489/2564/2785 1658/2566/2770 620/2567/2768
f 551/1317/2349 3354/2568/2786 1519/1320/2353
f 2490/2557/2779 2489/2569/2785 3354/2568/2786
f 3354/2568/2786 620/2546/2768 1657/2542/2764
f 1519/1320/2353 1657/2542/2764 186/1321/2354
f 188/2360/2322 3355/2570/2787 1518/2363/2332
f 1653/2571/2788 2491/1248/2789 3355/2570/2787
f 3355/2570/2787 841/1247/2790 2494/2572/2791
f 1518/2363/2332 2494/2572/2791 550/2364/2333
f 618/1232/2792 3356/1244/2793 2491/1248/2789
f 1654/1231/2794 1680/1245/2598 3356/1244/2793
f 3356/1244/2793 631/1010/2602 2492/1246/2795
f 2491/1248/2789 2492/1246/2795 841/1247/2790
f 841/1247/2790 3357/2573/2796 2493/2574/2797
f 2492/1246/2795 1679/1009/2614 3357/2573/2796
f 3357/2573/2796 219/1008/2616 1656/2561/2782
f 2493/2574/2797 1656/2561/2782 619/2558/2780
f 550/2364/2333 3358/2575/2798 1517/2367/2337
f 2494/2572/2791 2493/2574/2797 3358/2575/2798
f 3358/2575/2798 619/2558/2780 1655/2576/2776
f 1517/2367/2337 1655/2576/2776 187/2368/2338
f 189/2505/2799 3359/2577/2800 1516/2355/2316
f 1651/2578/2801 2495/2579/2802 3359/2577/2800
f 3359/2577/2800 842/2580/2803 2498/2581/2804
f 1516/2355/2316 2498/2581/2804 549/2356/2317
f 617/1353/2805 3360/2582/2806 2495/2583/2802
f 1652/2578/2807 1682/2507/2578 3360/2582/2806
f 3360/2582/2806 632/2510/2582 2496/2584/2808
f 2495/2583/2802 2496/2584/2808 842/2585/2803
f 842/2580/2803 3361/2586/2809 2497/2587/2810
f 2496/2588/2808 1681/2589/2594 3361/2586/2809
f 3361/2586/2809 218/1243/2596 1654/1231/2794
f 2497/2587/2810 1654/1231/2794 618/1232/2792
f 549/2356/2317 3362/2590/2811 1515/2359/2321
f 2498/2581/2804 2497/2587/2810 3362/2590/2811
f 3362/2590/2811 618/1232/2792 1653/2571/2788
f 1515/2359/2321 1653/2571/2788 188/2360/2322
f 1649/979/2812 1514/1209/2300 190/979/2298
f 616/979/2813 3363/1209/2814 1649/979/2812
f 2499/1209/2815 2502/1210/2816 3363/1209/2814
f 3363/1209/2814 548/1210/2304 1514/1209/2300
f 1650/979/2817 2499/1209/2815 616/979/2813
f 216/979/2556 3364/1209/2818 1650/979/2817
f 1684/1209/2557 2500/1210/2819 3364/1209/2818
f 3364/1209/2818 843/1210/2820 2499/1209/2815
f 2500/1210/2819 2501/2352/2821 843/1210/2820
f 633/1210/2561 3365/2352/2822 2500/1210/2819
f 1683/2352/2573 1652/1353/2807 3365/2352/2822
f 3365/2352/2822 617/1353/2805 2501/2352/2821
f 2502/1210/2816 1513/2352/2306 548/1210/2304
f 843/1210/2820 3366/2352/2823 2502/1210/2816
f 2501/2352/2821 1651/1353/2801 3366/2352/2823
f 3366/2352/2823 189/1353/2799 1513/2352/2306
f 1647/962/2824 1512/961/2284 191/962/2282
f 615/962/2825 3367/961/2826 1647/962/2824
f 2503/961/2827 2506/959/2828 3367/961/2826
f 3367/961/2826 547/959/2288 1512/961/2284
f 1648/962/2829 2503/961/2827 615/962/2825
f 215/962/2521 3368/961/2830 1648/962/2829
f 1686/961/2537 2504/959/2831 3368/961/2830
f 3368/961/2830 844/959/2832 2503/961/2827
f 2504/959/2831 2505/958/2833 844/959/2832
f 634/959/2541 3369/958/2834 2504/959/2831
f 1685/958/2553 1650/979/2817 3369/958/2834
f 3369/958/2834 616/979/2813 2505/958/2833
f 2506/959/2828 1511/958/2290 547/959/2288
f 844/959/2832 3370/958/2835 2506/959/2828
f 2505/958/2833 1649/979/2812 3370/958/2835
f 3370/958/2835 190/979/2298 1511/958/2290
f 178/2323/684 3371/2591/706 1538/2325/706
f 1645/2592/684 2507/2593/2836 3371/2591/706
f 2507/2593/2836 2510/2594/703 3371/2591/706
f 3371/2591/706 560/2329/703 1538/2325/706
f 1646/2595/2837 2507/2593/2836 614/2596/2838
f 1646/2595/2837 1688/2597/2523 3372/2598/2839
f 1688/2597/2523 2508/943/2840 3372/2598/2839
f 2507/2593/2836 2508/943/2840 845/2599/2841
f 2508/2600/2840 2509/2601/2842 845/2602/2841
f 635/2484/2527 3373/2603/2843 2508/2600/2840
f 1687/2497/2535 1611/1207/2844 3373/2603/2843
f 3373/2603/2843 597/1207/2845 2509/2601/2842
f 2510/2594/703 1537/2331/2277 560/2329/703
f 845/2599/2841 3374/2604/2277 2510/2594/703
f 2509/2605/2842 1612/1207/2408 3374/2604/2277
f 3374/2604/2277 177/1207/2408 1537/2331/2277
f 1641/929/2846 1510/928/2264 192/929/2262
f 612/929/2847 3375/928/2848 1641/929/2846
f 2511/928/2849 2514/925/2850 3375/928/2848
f 3375/928/2848 546/925/2268 1510/928/2264
f 1642/929/2851 2511/928/2849 612/929/2847
f 212/929/2483 3376/928/2852 1642/929/2851
f 1690/928/2503 2512/925/2853 3376/928/2852
f 3376/928/2852 846/925/2854 2511/928/2849
f 2512/925/2853 2513/924/2855 846/925/2854
f 636/925/2507 3377/924/2856 2512/925/2853
f 1689/924/2518 1648/962/2829 3377/924/2856
f 3377/924/2856 615/962/2825 2513/924/2855
f 2514/925/2850 1509/924/2270 546/925/2268
f 846/925/2854 3378/924/2857 2514/925/2850
f 2513/924/2855 1647/962/2824 3378/924/2857
f 3378/924/2857 191/962/2282 1509/924/2270
f 179/1182/2253 3379/2606/691 1536/1363/691
f 1639/1182/2253 2515/2607/2858 3379/2606/691
f 2515/2607/2858 2518/2608/690 3379/2606/691
f 3379/2606/691 559/1199/690 1536/1363/691
f 1640/1182/2859 2515/2607/2858 611/1182/2860
f 1640/1182/2859 1692/1363/2485 3380/2606/2861
f 3380/2606/2861 637/1199/2489 2516/2609/2862
f 2515/2607/2858 2516/2609/2862 847/2610/2863
f 2516/2609/2862 2517/2611/2864 847/2610/2863
f 637/1199/2489 3381/2612/2865 2516/2609/2862
f 3381/2612/2865 214/1206/2502 1646/1206/2837
f 3381/2612/2865 614/1206/2838 2517/2611/2864
f 2518/1199/690 1535/2282/686 559/1199/690
f 847/1199/2863 3382/2282/686 2518/1199/690
f 2517/2282/2864 1645/1206/684 3382/2282/686
f 3382/2282/686 178/1206/684 1535/2282/686
f 1612/1190/2408 1508/2073/2410 177/1190/2408
f 597/1190/2845 3383/2613/2866 1612/1190/2408
f 2519/1189/2867 2522/2614/2868 3383/2613/2866
f 3383/2613/2866 545/1194/2414 1508/2073/2410
f 1611/1190/2844 2519/1189/2867 597/1190/2845
f 213/1190/2462 3384/1191/2869 1611/1190/2844
f 1694/1189/2461 2520/1192/2870 3384/1191/2869
f 3384/1191/2869 848/1157/2871 2519/1189/2867
f 2520/1194/2870 2521/1193/2872 848/1194/2871
f 638/1194/2467 3385/1193/2873 2520/1194/2870
f 1693/1193/2480 1642/929/2851 3385/1193/2873
f 3385/1193/2873 612/929/2847 2521/1193/2872
f 2522/2614/2868 1507/1193/2416 545/1194/2414
f 848/1157/2871 3386/2615/2874 2522/2614/2868
f 2521/1156/2872 1641/929/2846 3386/2615/2874
f 3386/2615/2874 192/929/2262 1507/1193/2416
f 180/2428/2398 3387/2616/2401 1534/2430/2401
f 1635/2617/2398 2523/2618/2875 3387/2616/2401
f 2523/2618/2875 2526/2619/2402 3387/2616/2401
f 3387/2616/2401 558/2620/2402 1534/2430/2401
f 609/2621/2876 3388/2622/2877 2523/2618/2875
f 1636/2617/2878 1696/2623/2442 3388/2622/2877
f 3388/2622/2877 639/2455/2446 2524/2624/2879
f 2523/2618/2875 2524/2624/2879 849/2625/2880
f 2524/2624/2879 2525/2626/2881 849/2625/2880
f 639/2455/2446 3389/2627/2882 2524/2624/2879
f 1695/2454/2456 1640/2628/2859 3389/2627/2882
f 2525/2626/2881 1640/2628/2859 611/2629/2860
f 558/2620/2402 3390/2630/2404 1533/2631/2404
f 2526/2619/2402 2525/2626/2881 3390/2630/2404
f 2525/2626/2881 1639/2632/2253 3390/2630/2404
f 3390/2630/2404 179/2633/2253 1533/2631/2404
f 181/1175/2390 3391/1168/2396 1532/1168/2396
f 1606/1175/2390 2527/1168/2883 3391/1168/2396
f 2527/1168/2883 2530/1165/2394 3391/1168/2396
f 3391/1168/2396 557/1165/2394 1532/1168/2396
f 594/1175/2737 3392/1168/2884 2527/1168/2883
f 1605/1175/2736 1698/1168/2420 3392/1168/2884
f 3392/1168/2884 640/1165/2425 2528/1165/2885
f 3392/1168/2884 850/1165/2886 2527/1168/2883
f 2528/1165/2885 2529/2634/2887 850/1165/2886
f 640/1165/2425 3393/2635/2888 2528/1165/2885
f 1697/2419/2437 1636/2617/2878 3393/2635/2888
f 3393/2635/2888 609/2621/2876 2529/2634/2887
f 2530/1165/2394 1531/2419/2397 557/1165/2394
f 2530/1165/2394 2529/2634/2887 3394/2635/2397
f 2529/2634/2887 1635/2617/2398 3394/2635/2397
f 3394/2635/2397 180/2428/2398 1531/2419/2397
f 1156/1189/995 1699/1190/2889 81/1190/996
f 369/1157/992 3395/1191/2890 1156/1189/995
f 2531/1192/2891 2534/1189/2892 3395/1191/2890
f 3395/1191/2890 641/1190/2893 1699/1190/2889
f 1155/1193/991 2531/1194/2891 369/1194/992
f 96/929/1036 3396/1193/2894 1155/1193/991
f 1729/929/2895 2532/1193/2896 3396/1193/2894
f 3396/1193/2894 851/1194/2897 2531/1194/2891
f 2532/1156/2896 2533/1195/2898 851/1157/2897
f 656/929/2899 3397/2615/2900 2532/1156/2896
f 1730/2636/2901 1571/1193/2475 3397/2615/2900
f 3397/2615/2900 577/1157/2471 2533/1195/2898
f 2534/1189/2892 1700/1190/2902 641/1190/2893
f 851/1157/2897 3398/1191/2903 2534/1189/2892
f 2533/1195/2898 1572/1189/2469 3398/1191/2903
f 3398/1191/2903 193/1190/2904 1700/1190/2902
f 1158/928/1035 1729/929/2895 96/929/1036
f 370/925/1033 3399/928/2905 1158/928/1035
f 2535/925/2906 2538/928/2907 3399/928/2905
f 3399/928/2905 656/929/2899 1729/929/2895
f 1157/924/1032 2535/925/2906 370/925/1033
f 95/962/1072 3400/924/2908 1157/924/1032
f 1727/962/2909 2536/924/2910 3400/924/2908
f 3400/924/2908 852/925/2911 2535/925/2906
f 2536/924/2910 2537/925/2912 852/925/2911
f 655/962/2913 3401/924/2914 2536/924/2910
f 3401/924/2914 207/962/2542 1573/924/2515
f 2537/925/2912 1573/924/2515 578/925/2513
f 2538/928/2907 1730/2636/2901 656/929/2899
f 852/925/2911 3402/2477/2915 2538/928/2907
f 2537/925/2912 1574/2478/2509 3402/2477/2915
f 3402/2477/2915 208/2077/2477 1730/2636/2901
f 1160/961/1071 1727/962/2909 95/962/1072
f 371/959/1069 3403/961/2916 1160/961/1071
f 2539/959/2917 2542/961/2918 3403/961/2916
f 3403/961/2916 655/962/2913 1727/962/2909
f 1159/958/1068 2539/959/2917 371/959/1069
f 94/979/1092 3404/958/2919 1159/958/1068
f 1725/979/2920 2540/958/2921 3404/958/2919
f 3404/958/2919 853/959/2922 2539/959/2917
f 853/959/2922 3405/958/2923 2541/959/2924
f 2540/958/2921 1726/979/2925 3405/958/2923
f 3405/958/2923 206/979/2562 1575/958/2550
f 2541/959/2924 1575/958/2550 579/959/2548
f 2542/961/2918 1728/962/2926 655/962/2913
f 2542/961/2918 2541/959/2924 3406/961/2927
f 3406/961/2927 579/959/2548 1576/961/2544
f 1728/962/2926 1576/961/2544 207/962/2542
f 1162/1209/1091 1725/979/2920 94/979/1092
f 372/1210/1089 3407/1209/2928 1162/1209/1091
f 3407/1209/2928 854/1210/2929 2546/1209/2930
f 1725/979/2920 2546/1209/2930 654/979/2931
f 372/976/1089 3408/1219/2932 2543/1212/2933
f 1161/1221/1088 1723/1241/2934 3408/1219/2932
f 3408/1219/2932 653/1218/2935 2544/1216/2936
f 2543/1212/2933 2544/1216/2936 854/976/2929
f 854/976/2929 3409/1214/2937 2545/2346/2938
f 2544/1216/2936 1724/2637/2939 3409/1214/2937
f 3409/1214/2937 205/2638/2940 1577/1211/2570
f 2545/2346/2938 1577/1211/2570 580/1210/2568
f 654/979/2931 3410/2345/2941 1726/979/2925
f 2546/978/2930 2545/2346/2938 3410/2345/2941
f 3410/2345/2941 580/1210/2568 1578/1209/2564
f 1726/979/2925 1578/1209/2564 206/979/2562
f 1164/1242/1112 1723/1241/2934 93/1220/1087
f 373/1239/1109 3411/2639/2942 1164/1242/1112
f 2547/2640/2943 2550/2641/2944 3411/2639/2942
f 3411/2639/2942 653/1218/2935 1723/1241/2934
f 373/1239/1109 3412/2642/2945 2547/2640/2943
f 1163/1238/1108 1721/2643/2946 3412/2642/2945
f 1721/2643/2946 2548/2644/2947 3412/2642/2945
f 3412/2642/2945 855/2645/2948 2547/2640/2943
f 2548/2646/2947 2549/2647/2949 855/2585/2948
f 652/2648/2950 3413/2649/2951 2548/2646/2947
f 1722/2650/2952 1579/2651/2589 3413/2649/2951
f 3413/2649/2951 581/2652/2585 2549/2647/2949
f 2550/2641/2944 1724/2637/2939 653/1218/2935
f 855/2645/2948 3414/2653/2953 2550/2641/2944
f 2549/2654/2949 1580/2512/2584 3414/2653/2953
f 3414/2653/2953 205/2638/2940 1724/2637/2939
f 92/1237/1107 3415/2655/2954 1721/2643/2946
f 1166/1256/1132 2551/1252/2955 3415/2655/2954
f 3415/2655/2954 856/1247/2956 2554/2656/2957
f 1721/2643/2946 2554/2656/2957 652/2657/2950
f 374/1254/1130 3416/1251/2958 2551/1252/2955
f 1165/1253/1129 1719/1008/2959 3416/1251/2958
f 3416/1251/2958 651/1008/2960 2552/1250/2961
f 2551/1252/2955 2552/1250/2961 856/1247/2956
f 2552/1250/2961 2553/1246/2962 856/1247/2956
f 2552/1250/2961 1720/1008/2963 3417/1249/2964
f 1720/1008/2963 1581/1009/2609 3417/1249/2964
f 3417/1249/2964 582/1010/2605 2553/1246/2962
f 2554/2656/2957 1722/2658/2952 652/2657/2950
f 856/1247/2956 3418/2659/2965 2554/2656/2957
f 2553/1246/2962 1582/2660/2604 3418/2659/2965
f 3418/2659/2965 204/1351/2590 1722/2658/2952
f 91/1008/1128 3419/1272/2966 1719/1008/2959
f 1168/1273/1152 2555/1267/2967 3419/1272/2966
f 3419/1272/2966 857/1259/2968 2558/1260/2969
f 1719/1008/2959 2558/1260/2969 651/1008/2960
f 375/1271/1150 3420/1266/2970 2555/1267/2967
f 1167/1270/1149 1717/1268/2971 3420/1266/2970
f 3420/1266/2970 650/1264/2972 2556/1265/2973
f 2555/1267/2967 2556/1265/2973 857/1259/2968
f 857/1259/2968 3421/2661/2974 2557/1258/2975
f 2556/1265/2973 1718/2662/2976 3421/2661/2974
f 3421/2661/2974 202/1024/2630 1583/1025/2629
f 2557/1258/2975 1583/1025/2629 583/1026/2625
f 651/1008/2960 3422/1257/2977 1720/1008/2963
f 2558/1260/2969 2557/1258/2975 3422/1257/2977
f 2557/1258/2975 1584/1028/2624 3422/1257/2977
f 3422/1257/2977 203/1008/2610 1720/1008/2963
f 90/1269/1148 3423/1290/2978 1717/1268/2971
f 1170/1291/1172 2559/1286/2979 3423/1290/2978
f 3423/1290/2978 858/1278/2980 2562/1279/2981
f 1717/1268/2971 2562/1279/2981 650/1264/2972
f 376/1289/1170 3424/2663/2982 2559/1286/2979
f 1169/1288/1169 1715/2536/2983 3424/2663/2982
f 3424/2663/2982 649/1062/2984 2560/2664/2985
f 2559/1286/2979 2560/2664/2985 858/1278/2980
f 858/1278/2980 3425/2665/2986 2561/2666/2987
f 2560/2664/2985 1716/2667/2988 3425/2665/2986
f 3425/2665/2986 201/2668/2989 1585/2531/2649
f 2561/2666/2987 1585/2531/2649 584/2530/2648
f 650/1264/2972 3426/2669/2990 1718/2662/2976
f 2562/1279/2981 2561/2666/2987 3426/2669/2990
f 3426/2669/2990 584/2530/2648 1586/2525/2644
f 1718/2662/2976 1586/2525/2644 202/1024/2630
f 89/1292/1168 3427/1293/2991 1715/1292/2983
f 377/1058/1190 3427/1293/2991 1172/1293/1192
f 2563/1058/2992 2566/1293/2993 3427/1293/2991
f 1715/1292/2983 2566/1293/2993 649/1292/2984
f 377/1058/1190 3428/1057/2994 2563/1058/2992
f 1171/1057/1189 1713/1056/2995 3428/1057/2994
f 3428/1057/2994 648/1056/2996 2564/1057/2997
f 2563/1058/2992 2564/1057/2997 859/1058/2998
f 859/1058/2998 3429/1057/2999 2565/1058/3000
f 2564/1057/2997 1714/1056/3001 3429/1057/2999
f 3429/1057/2999 200/1056/3002 1587/1057/2668
f 2565/1058/3000 1587/1057/2668 585/1058/2664
f 649/1062/2984 3430/2670/3003 1716/2667/2988
f 859/1058/2998 3430/2670/3003 2566/1061/2993
f 2565/1058/3000 1588/2538/2663 3430/2670/3003
f 1716/2667/2988 1588/2538/2663 201/2668/2989
f 1174/1078/1212 1713/1056/2995 88/1056/1188
f 378/1075/1210 3431/1078/3004 1174/1078/1212
f 2567/1075/3005 2570/1078/3006 3431/1078/3004
f 3431/1078/3004 648/1056/2996 1713/1056/2995
f 378/1075/1210 3432/1074/3007 2567/1075/3005
f 1173/1074/1209 1711/1096/3008 3432/1074/3007
f 3432/1074/3007 647/1096/3009 2568/1074/3010
f 2567/1075/3005 2568/1074/3010 860/1075/3011
f 860/1075/3011 3433/1074/3012 2569/1075/3013
f 2568/1074/3010 1712/1096/3014 3433/1074/3012
f 3433/1074/3012 199/1096/3015 1589/1074/2687
f 2569/1075/3013 1589/1074/2687 586/1075/2683
f 2570/1078/3006 1714/1056/3001 648/1056/2996
f 860/1075/3011 3434/1078/3016 2570/1078/3006
f 2569/1075/3013 1590/1078/2682 3434/1078/3016
f 3434/1078/3016 200/1056/3002 1714/1056/3001
f 1176/1095/1232 1711/1096/3008 87/1096/1208
f 379/1093/1230 3435/1095/3017 1176/1095/1232
f 2571/1093/3018 2574/1095/3019 3435/1095/3017
f 3435/1095/3017 647/1096/3009 1711/1096/3008
f 379/1093/1230 3436/1092/3020 2571/1093/3018
f 1175/1092/1229 1709/1113/3021 3436/1092/3020
f 3436/1092/3020 646/1113/3022 2572/1092/3023
f 2571/1093/3018 2572/1092/3023 861/1093/3024
f 861/1093/3024 3437/1092/3025 2573/1093/3026
f 2572/1092/3023 1710/1113/3027 3437/1092/3025
f 3437/1092/3025 198/1113/3028 1591/1092/2706
f 2573/1093/3026 1591/1092/2706 587/1093/2702
f 2574/1095/3019 1712/1096/3014 647/1096/3009
f 861/1093/3024 3438/1095/3029 2574/1095/3019
f 2573/1093/3026 1592/1095/2701 3438/1095/3029
f 3438/1095/3029 199/1096/3015 1712/1096/3014
f 1178/1112/1248 1709/1113/3021 86/1113/1228
f 380/1110/1246 3439/1112/3030 1178/1112/1248
f 2575/1110/3031 2578/1112/3032 3439/1112/3030
f 3439/1112/3030 646/1113/3022 1709/1113/3021
f 380/1110/1246 3440/1296/3033 2575/1110/3031
f 1177/1296/1245 1707/1175/3034 3440/1296/3033
f 3440/1296/3033 645/1175/3035 2576/1296/3036
f 2575/1110/3031 2576/1296/3036 862/1110/3037
f 862/1110/3037 3441/2671/3038 2577/1110/3039
f 2576/1109/3036 1708/2672/3040 3441/2671/3038
f 3441/2671/3038 197/1175/3041 1593/1296/2725
f 2577/1110/3039 1593/1296/2725 588/1110/2721
f 2578/1112/3032 1710/1113/3027 646/1113/3022
f 862/1110/3037 3442/1112/3042 2578/1112/3032
f 2577/1110/3039 1594/1112/2720 3442/1112/3042
f 3442/1112/3042 198/1113/3028 1710/1113/3027
f 1180/1168/951 1707/1379/3034 85/1175/952
f 381/1165/948 3443/1168/3043 1180/1168/951
f 2579/2415/3044 2582/1168/3045 3443/1168/3043
f 3443/1168/3043 645/1129/3035 1707/1379/3034
f 381/1165/948 3444/1170/3046 2579/1165/3044
f 1179/1170/947 1705/1171/3047 3444/1170/3046
f 3444/1170/3046 644/1171/3048 2580/1170/3049
f 2579/1165/3044 2580/1170/3049 863/1165/3050
f 863/2414/3050 3445/2673/3051 2581/2417/3052
f 2580/2674/3049 1706/2675/3053 3445/2673/3051
f 3445/2673/3051 196/2256/3054 1595/2438/2434
f 2581/2417/3052 1595/2438/2434 589/1165/2430
f 2582/1168/3045 1708/2672/3040 645/1129/3035
f 863/2414/3050 3446/1168/3055 2582/1168/3045
f 2581/2417/3052 1596/1168/2429 3446/1168/3055
f 3446/1168/3055 197/1175/3041 1708/2672/3040
f 1182/1176/972 1705/1171/3047 84/1171/946
f 382/1177/970 3447/1176/3056 1182/1176/972
f 2583/1177/3057 2586/1176/3058 3447/1176/3056
f 3447/1176/3056 644/1171/3048 1705/1171/3047
f 382/1177/970 3448/1181/3059 2583/1177/3057
f 1181/1181/969 1703/1182/3060 3448/1181/3059
f 3448/1181/3059 643/1182/3061 2584/1181/3062
f 2583/1177/3057 2584/1181/3062 864/1177/3063
f 864/1177/3063 3449/1184/3064 2585/1177/3065
f 2584/1188/3062 1704/1366/3066 3449/1184/3064
f 3449/1184/3064 195/1182/3067 1597/1181/2453
f 2585/1177/3065 1597/1181/2453 590/1177/2449
f 2586/1176/3058 1706/2675/3053 644/1171/3048
f 864/1177/3063 3450/1178/3068 2586/1176/3058
f 2585/1177/3065 1598/2267/2448 3450/1178/3068
f 3450/1178/3068 196/2256/3054 1706/2675/3053
f 1184/1197/1016 1703/1198/3060 83/1187/968
f 383/1199/1014 3451/1200/3069 1184/1197/1016
f 2587/1199/3070 2590/1197/3071 3451/1200/3069
f 3451/1200/3069 643/1187/3061 1703/1198/3060
f 383/1199/1014 3452/1201/3072 2587/1199/3070
f 1183/1202/1013 1701/1203/3073 3452/1201/3072
f 3452/1201/3072 642/904/3074 2588/1202/3075
f 2587/1199/3070 2588/1202/3075 865/1199/3076
f 865/1199/3076 3453/2676/3077 2589/1199/3078
f 2588/1202/3075 1702/2677/3079 3453/2676/3077
f 3453/2676/3077 194/2678/3080 1599/2679/2496
f 2589/1199/3078 1599/2679/2496 591/1199/2492
f 2590/1197/3071 1704/1366/3066 643/1187/3061
f 865/1199/3076 3454/1367/3081 2590/1197/3071
f 2589/1199/3078 1600/1363/2491 3454/1367/3081
f 3454/1367/3081 195/1182/3067 1704/1366/3066
f 1186/1205/1052 1701/1206/3073 82/1206/1012
f 384/943/1050 3455/1205/3082 1186/1205/1052
f 2591/943/3083 2594/1205/3084 3455/1205/3082
f 3455/1205/3082 642/1206/3074 1701/1206/3073
f 384/943/1050 3456/942/3085 2591/943/3083
f 81/1207/996 3456/942/3085 1185/942/1049
f 1699/1207/2889 2592/942/3086 3456/942/3085
f 2591/943/3083 2592/942/3086 866/943/3087
f 866/943/3087 3457/2680/3088 2593/2681/3089
f 641/1207/2893 3457/2680/3088 2592/942/3086
f 1700/1207/2902 1601/2495/2534 3457/2680/3088
f 2593/2681/3089 1601/2495/2534 592/2490/2530
f 2594/946/3084 1702/2677/3079 642/904/3074
f 866/943/3087 3458/2682/3090 2594/946/3084
f 2593/2681/3089 1602/2489/2529 3458/2682/3090
f 3458/2682/3090 194/2678/3080 1702/2677/3079
f 875/1/1 2595/5/5 964/2/2
f 229/4/4 1731/6/6 2595/5/5
f 1731/6/6 657/14/14 1734/7/7
f 2595/5/5 1734/7/7 273/8/8
f 229/4/4 876/10/10 2596/9/9
f 876/10/10 4/174/166 961/11/11
f 2596/9/9 961/11/11 272/12/12
f 1731/6/6 2596/9/9 1732/13/13
f 657/14/14 1732/13/13 2597/15/15
f 1732/13/13 272/12/12 962/17/17
f 2597/15/15 962/17/17 20/18/18
f 1733/16/16 2597/15/15 934/19/19
f 1734/7/7 2598/22/22 963/21/21
f 657/14/14 1733/16/16 2598/22/22
f 1733/16/16 258/20/20 933/23/23
f 2598/22/22 933/23/23 19/24/24
f 895/25/25 2599/29/29 968/26/26
f 239/28/28 1735/30/30 2599/29/29
f 1735/30/30 658/38/38 1738/31/31
f 2599/29/29 1738/31/31 275/32/32
f 239/28/28 896/34/34 2600/33/33
f 896/34/34 9/194/186 965/35/35
f 2600/33/33 965/35/35 274/36/36
f 1735/30/30 2600/33/33 1736/37/37
f 658/38/38 1736/37/37 2601/39/39
f 1736/37/37 274/36/36 966/41/41
f 2601/39/39 966/41/41 25/42/42
f 1737/40/40 2601/39/39 944/43/43
f 1738/31/31 2602/46/46 967/45/45
f 658/38/38 1737/40/40 2602/46/46
f 1737/40/40 263/44/44 943/47/47
f 2602/46/46 943/47/47 24/48/48
f 867/49/49 2603/53/53 972/50/50
f 225/52/52 1739/54/54 2603/53/53
f 1739/54/54 659/62/62 1742/55/55
f 2603/53/53 1742/55/55 277/56/56
f 225/52/52 868/58/58 2604/57/57
f 868/58/58 2/234/226 969/59/59
f 2604/57/57 969/59/59 276/60/60
f 1739/54/54 2604/57/57 1740/61/61
f 659/62/62 1740/61/61 2605/63/63
f 1740/61/61 276/60/60 970/65/65
f 2605/63/63 970/65/65 18/66/66
f 1741/64/64 2605/63/63 930/67/67
f 1742/55/55 2606/70/70 971/69/69
f 659/62/62 1741/64/64 2606/70/70
f 1741/64/64 256/68/68 929/71/71
f 2606/70/70 929/71/71 17/72/72
f 915/73/73 2607/77/77 976/74/74
f 249/76/76 1743/78/78 2607/77/77
f 1743/78/78 660/86/86 1746/79/79
f 2607/77/77 1746/79/79 279/80/80
f 249/76/76 916/82/82 2608/81/81
f 916/82/82 14/214/206 973/83/83
f 2608/81/81 973/83/83 278/84/84
f 1743/78/78 2608/81/81 1744/85/85
f 660/86/86 1744/85/85 2609/87/87
f 1744/85/85 278/84/84 974/89/89
f 2609/87/87 974/89/89 30/90/90
f 1745/88/88 2609/87/87 954/91/91
f 1746/79/79 2610/94/94 975/93/93
f 660/86/86 1745/88/88 2610/94/94
f 1745/88/88 268/92/92 953/95/95
f 2610/94/94 953/95/95 29/96/96
f 887/97/97 2611/101/101 980/98/98
f 235/100/100 1747/102/102 2611/101/101
f 1747/102/102 661/110/110 1750/103/103
f 2611/101/101 1750/103/103 281/104/104
f 235/100/100 888/106/106 2612/105/105
f 888/106/106 7/255/241 977/107/107
f 2612/105/105 977/107/107 280/108/108
f 1747/102/102 2612/105/105 1748/109/109
f 661/110/110 1748/109/109 2613/111/111
f 1748/109/109 280/108/108 978/113/113
f 2613/111/111 978/113/113 23/114/114
f 1749/112/112 2613/111/111 940/115/115
f 1750/103/103 2614/118/118 979/117/117
f 661/110/110 1749/112/112 2614/118/118
f 1749/112/112 261/116/116 939/119/119
f 2614/118/118 939/119/119 22/120/120
f 907/121/121 2615/125/125 984/122/122
f 245/124/124 1751/126/126 2615/125/125
f 1751/126/126 662/134/134 1754/127/127
f 2615/125/125 1754/127/127 283/128/128
f 245/124/124 908/130/130 2616/129/129
f 908/130/130 12/271/256 981/131/131
f 2616/129/129 981/131/131 282/132/132
f 1751/126/126 2616/129/129 1752/133/133
f 662/134/134 1752/133/133 2617/135/135
f 1752/133/133 282/132/132 982/137/137
f 2617/135/135 982/137/137 28/138/138
f 1753/136/136 2617/135/135 950/139/139
f 1754/127/127 2618/142/142 983/141/141
f 662/134/134 1753/136/136 2618/142/142
f 1753/136/136 266/140/140 949/143/143
f 2618/142/142 949/143/143 27/144/144
f 927/145/145 2619/149/149 986/146/146
f 255/148/148 1755/150/150 2619/149/149
f 1755/150/150 663/158/156 1758/151/151
f 2619/149/149 1758/151/151 284/152/152
f 255/148/148 928/154/154 2620/153/153
f 928/154/154 1/399/51 972/155/50
f 2620/153/153 972/155/50 277/156/56
f 1755/150/150 2620/153/153 1756/157/155
f 663/158/156 1756/157/155 2621/159/157
f 1756/157/155 277/156/56 971/161/69
f 2621/159/157 971/161/69 17/162/72
f 1757/160/158 2621/159/157 960/163/159
f 1758/165/151 2622/169/162 985/166/161
f 663/168/156 1757/170/158 2622/169/162
f 1757/170/158 271/1726/160 959/171/163
f 2622/169/162 959/171/163 32/172/164
f 879/173/165 2623/176/168 961/11/11
f 231/175/167 1759/177/169 2623/176/168
f 1759/177/169 664/184/176 1762/178/170
f 2623/176/168 1762/178/170 272/12/12
f 231/175/167 880/180/172 2624/179/171
f 880/180/172 5/287/272 987/181/173
f 2624/179/171 987/181/173 285/182/174
f 1759/177/169 2624/179/171 1760/183/175
f 664/184/176 1760/183/175 2625/185/177
f 1760/183/175 285/182/174 988/187/179
f 2625/185/177 988/187/179 21/188/180
f 1761/186/178 2625/185/177 936/189/181
f 1762/178/170 2626/191/183 962/17/17
f 664/184/176 1761/186/178 2626/191/183
f 1761/186/178 259/190/182 935/192/184
f 2626/191/183 935/192/184 20/18/18
f 899/193/185 2627/196/188 965/35/35
f 241/195/187 1763/197/189 2627/196/188
f 1763/197/189 665/204/196 1766/198/190
f 2627/196/188 1766/198/190 274/36/36
f 241/195/187 900/200/192 2628/199/191
f 900/200/192 10/303/288 989/201/193
f 2628/199/191 989/201/193 286/202/194
f 1763/197/189 2628/199/191 1764/203/195
f 665/204/196 1764/203/195 2629/205/197
f 1764/203/195 286/202/194 990/207/199
f 2629/205/197 990/207/199 26/208/200
f 1765/206/198 2629/205/197 946/209/201
f 1766/198/190 2630/211/203 966/41/41
f 665/204/196 1765/206/198 2630/211/203
f 1765/206/198 264/210/202 945/212/204
f 2630/211/203 945/212/204 25/42/42
f 919/213/205 2631/216/208 973/83/83
f 251/215/207 1767/217/209 2631/216/208
f 1767/217/209 666/224/216 1770/218/210
f 2631/216/208 1770/218/210 278/84/84
f 251/215/207 920/220/212 2632/219/211
f 920/220/212 15/319/303 991/221/213
f 2632/219/211 991/221/213 287/222/214
f 1767/217/209 2632/219/211 1768/223/215
f 666/224/216 1768/223/215 2633/225/217
f 1768/223/215 287/222/214 992/227/219
f 2633/225/217 992/227/219 31/228/220
f 1769/226/218 2633/225/217 956/229/221
f 1770/218/210 2634/231/223 974/89/89
f 666/224/216 1769/226/218 2634/231/223
f 1769/226/218 269/230/222 955/232/224
f 2634/231/223 955/232/224 30/90/90
f 871/233/225 2635/236/228 969/59/59
f 227/235/227 1771/237/229 2635/236/228
f 1771/237/229 667/242/234 1774/238/230
f 2635/236/228 1774/238/230 276/60/60
f 227/235/227 872/240/232 2636/239/231
f 872/240/232 3/3/3 964/2/2
f 2636/239/231 964/2/2 273/8/8
f 1771/237/229 2636/239/231 1772/241/233
f 667/243/234 1772/246/233 2637/244/235
f 1772/246/233 273/2683/8 963/247/21
f 2637/244/235 963/247/21 19/248/24
f 1773/245/236 2637/244/235 932/249/237
f 1774/238/230 2638/251/239 970/65/65
f 667/242/234 1773/252/236 2638/251/239
f 1773/252/236 257/342/238 931/253/19
f 2638/251/239 931/253/19 18/66/66
f 891/254/240 2639/257/243 977/107/107
f 237/256/242 1775/258/244 2639/257/243
f 1775/258/244 668/263/249 1778/259/245
f 2639/257/243 1778/259/245 280/108/108
f 237/256/242 892/261/247 2640/260/246
f 892/261/247 8/27/27 968/26/26
f 2640/260/246 968/26/26 275/32/32
f 1775/258/244 2640/260/246 1776/262/248
f 668/263/249 1776/262/248 2641/264/250
f 1776/262/248 275/32/32 967/45/45
f 2641/264/250 967/45/45 24/48/48
f 1777/265/251 2641/264/250 942/266/119
f 1778/259/245 2642/268/253 978/113/113
f 668/263/249 1777/265/251 2642/268/253
f 1777/265/251 262/267/252 941/269/254
f 2642/268/253 941/269/254 23/114/114
f 911/270/255 2643/273/258 981/131/131
f 247/272/257 1779/274/259 2643/273/258
f 1779/274/259 669/279/264 1782/275/260
f 2643/273/258 1782/275/260 282/132/132
f 247/272/257 912/277/262 2644/276/261
f 912/277/262 13/75/75 976/74/74
f 2644/276/261 976/74/74 279/80/80
f 1779/274/259 2644/276/261 1780/278/263
f 669/279/264 1780/278/263 2645/280/265
f 1780/278/263 279/80/80 975/93/93
f 2645/280/265 975/93/93 29/96/96
f 1781/281/266 2645/280/265 952/282/267
f 1782/275/260 2646/284/269 982/137/137
f 669/279/264 1781/281/266 2646/284/269
f 1781/281/266 267/283/268 951/285/270
f 2646/284/269 951/285/270 28/138/138
f 883/286/271 2647/289/274 987/181/173
f 233/288/273 1783/290/275 2647/289/274
f 1783/290/275 670/295/280 1786/291/276
f 2647/289/274 1786/291/276 285/182/174
f 233/288/273 884/293/278 2648/292/277
f 884/293/278 6/99/99 980/98/98
f 2648/292/277 980/98/98 281/104/104
f 1783/290/275 2648/292/277 1784/294/279
f 670/295/280 1784/294/279 2649/296/281
f 1784/294/279 281/104/104 979/117/117
f 2649/296/281 979/117/117 22/120/120
f 1785/297/282 2649/296/281 938/298/283
f 1786/291/276 2650/300/285 988/187/179
f 670/295/280 1785/297/282 2650/300/285
f 1785/297/282 260/299/284 937/301/286
f 2650/300/285 937/301/286 21/188/180
f 903/302/287 2651/305/290 989/201/193
f 243/304/289 1787/306/291 2651/305/290
f 1787/306/291 671/311/296 1790/307/292
f 2651/305/290 1790/307/292 286/202/194
f 243/304/289 904/309/294 2652/308/293
f 904/309/294 11/123/123 984/122/122
f 2652/308/293 984/122/122 283/128/128
f 1787/306/291 2652/308/293 1788/310/295
f 671/311/296 1788/310/295 2653/312/297
f 1788/310/295 283/128/128 983/141/141
f 2653/312/297 983/141/141 27/144/144
f 1789/313/298 2653/312/297 948/314/299
f 1790/307/292 2654/316/301 990/207/199
f 671/311/296 1789/313/298 2654/316/301
f 1789/313/298 265/315/300 947/317/139
f 2654/316/301 947/317/139 26/208/200
f 923/318/302 2655/321/305 991/221/213
f 253/320/304 1791/322/306 2655/321/305
f 1791/322/306 672/327/311 1794/323/307
f 2655/321/305 1794/323/307 287/222/214
f 253/320/304 924/325/309 2656/324/308
f 924/325/309 16/147/147 986/146/146
f 2656/324/308 986/146/146 284/152/152
f 1791/322/306 2656/324/308 1792/326/310
f 672/327/311 1792/326/310 2657/328/312
f 1792/326/310 284/152/152 985/330/161
f 2657/328/312 985/330/161 32/331/164
f 1793/329/313 2657/328/312 958/332/224
f 1794/323/307 2658/334/315 992/227/219
f 672/327/311 1793/329/313 2658/334/315
f 1793/329/313 270/333/314 957/335/316
f 2658/334/315 957/335/316 31/228/220
f 929/336/71 2659/338/317 960/163/159
f 256/337/68 1795/339/318 2659/338/317
f 1795/339/318 673/2684/3091 1810/340/319
f 2659/338/317 1810/340/319 271/164/160
f 931/253/19 2660/343/320 930/341/67
f 257/342/238 1796/344/321 2660/343/320
f 1796/344/321 673/2684/3091 1795/339/318
f 2660/343/320 1795/339/318 256/337/68
f 933/23/23 2661/346/322 932/345/237
f 258/20/20 1797/347/323 2661/346/322
f 1797/347/323 673/2684/3091 1796/344/321
f 2661/346/322 1796/344/321 257/342/238
f 935/192/184 2662/348/324 934/19/19
f 259/190/182 1798/349/325 2662/348/324
f 1798/349/325 673/2684/3091 1797/347/323
f 2662/348/324 1797/347/323 258/20/20
f 937/301/286 2663/350/326 936/189/181
f 260/299/284 1799/351/327 2663/350/326
f 1799/351/327 673/2684/3091 1798/349/325
f 2663/350/326 1798/349/325 259/190/182
f 939/119/119 2664/352/328 938/298/283
f 261/116/116 1800/353/329 2664/352/328
f 1800/353/329 673/2684/3091 1799/351/327
f 2664/352/328 1799/351/327 260/299/284
f 941/269/254 2665/354/330 940/115/115
f 262/267/252 1801/355/331 2665/354/330
f 1801/355/331 673/2684/3091 1800/353/329
f 2665/354/330 1800/353/329 261/116/116
f 943/47/47 2666/356/332 942/266/119
f 263/44/44 1802/357/333 2666/356/332
f 1802/357/333 673/2684/3091 1801/355/331
f 2666/356/332 1801/355/331 262/267/252
f 945/212/204 2667/358/334 944/43/43
f 264/210/202 1803/359/335 2667/358/334
f 1803/359/335 673/2684/3091 1802/357/333
f 2667/358/334 1802/357/333 263/44/44
f 947/317/139 2668/360/336 946/209/201
f 265/315/300 1804/361/337 2668/360/336
f 1804/361/337 673/2684/3091 1803/359/335
f 2668/360/336 1803/359/335 264/210/202
f 949/143/143 2669/362/338 948/314/299
f 266/140/140 1805/363/339 2669/362/338
f 1805/363/339 673/2684/3091 1804/361/337
f 2669/362/338 1804/361/337 265/315/300
f 951/285/270 2670/364/340 950/139/139
f 267/283/268 1806/365/341 2670/364/340
f 1806/365/341 673/2684/3091 1805/363/339
f 2670/364/340 1805/363/339 266/140/140
f 953/95/95 2671/366/342 952/282/267
f 268/92/92 1807/367/343 2671/366/342
f 1807/367/343 673/2684/3091 1806/365/341
f 2671/366/342 1806/365/341 267/283/268
f 955/232/224 2672/368/344 954/91/91
f 269/230/222 1808/369/345 2672/368/344
f 1808/369/345 673/2684/3091 1807/367/343
f 2672/368/344 1807/367/343 268/92/92
f 957/370/316 2673/374/346 956/371/221
f 270/373/314 1809/375/347 2673/374/346
f 1809/375/347 673/2685/3091 1808/376/345
f 2673/374/346 1808/376/345 269/377/222
f 959/378/163 2674/379/348 958/332/224
f 271/164/160 1810/340/319 2674/379/348
f 1810/340/319 673/2684/3091 1809/380/347
f 2674/379/348 1809/380/347 270/333/314
f 16/147/147 926/382/350 2675/381/349
f 926/382/350 254/386/354 1811/383/351
f 2675/381/349 1811/383/351 674/384/352
f 927/145/145 2675/381/349 1814/385/353
f 254/386/354 925/389/357 2676/387/355
f 48/388/356 1025/611/574 2676/387/355
f 2676/387/355 1025/611/574 304/390/358
f 1811/383/351 2676/387/355 1812/391/359
f 1812/391/359 2677/393/361 1813/392/360
f 304/390/358 1026/627/588 2677/393/361
f 2677/393/361 1026/627/588 33/394/362
f 2677/393/361 994/395/363 288/396/364
f 1814/385/353 2678/397/365 928/154/154
f 674/384/352 1813/392/360 2678/397/365
f 1813/392/360 288/396/364 993/398/366
f 2678/397/365 993/398/366 1/399/51
f 15/319/303 922/401/368 2679/400/367
f 922/401/368 252/405/372 1815/402/369
f 2679/400/367 1815/402/369 675/403/370
f 923/318/302 2679/400/367 1818/404/371
f 252/405/372 921/408/375 2680/406/373
f 47/407/374 1027/631/592 2680/406/373
f 2680/406/373 1027/631/592 305/409/376
f 1815/402/369 2680/406/373 1816/410/377
f 1816/410/377 2681/412/379 1817/411/378
f 305/409/376 1028/646/605 2681/412/379
f 2681/412/379 1028/646/605 48/388/356
f 2681/412/379 925/389/357 254/386/354
f 1818/404/371 2682/413/380 924/325/309
f 675/403/370 1817/411/378 2682/413/380
f 1817/411/378 254/386/354 926/382/350
f 2682/413/380 926/382/350 16/147/147
f 14/214/206 918/415/382 2683/414/381
f 918/415/382 250/419/386 1819/416/383
f 2683/414/381 1819/416/383 676/417/384
f 919/213/205 2683/414/381 1822/418/385
f 250/419/386 917/422/389 2684/420/387
f 46/421/388 1029/649/608 2684/420/387
f 2684/420/387 1029/649/608 306/423/390
f 1819/416/383 2684/420/387 1820/424/391
f 1820/424/391 2685/426/393 1821/425/392
f 306/423/390 1030/664/623 2685/426/393
f 2685/426/393 1030/664/623 47/407/374
f 2685/426/393 921/408/375 252/405/372
f 1822/418/385 2686/427/394 920/220/212
f 676/417/384 1821/425/392 2686/427/394
f 1821/425/392 252/405/372 922/401/368
f 2686/427/394 922/401/368 15/319/303
f 13/75/75 914/429/396 2687/428/395
f 914/429/396 248/433/400 1823/430/397
f 2687/428/395 1823/430/397 677/431/398
f 915/73/73 2687/428/395 1826/432/399
f 248/433/400 913/436/403 2688/434/401
f 45/435/402 1031/667/626 2688/434/401
f 2688/434/401 1031/667/626 307/437/404
f 1823/430/397 2688/434/401 1824/438/405
f 1824/438/405 2689/440/407 1825/439/406
f 307/437/404 1032/682/641 2689/440/407
f 2689/440/407 1032/682/641 46/421/388
f 2689/440/407 917/422/389 250/419/386
f 1826/432/399 2690/441/408 916/82/82
f 677/431/398 1825/439/406 2690/441/408
f 1825/439/406 250/419/386 918/415/382
f 2690/441/408 918/415/382 14/214/206
f 12/271/256 910/443/410 2691/442/409
f 910/443/410 246/447/414 1827/444/411
f 2691/442/409 1827/444/411 678/445/412
f 911/270/255 2691/442/409 1830/446/413
f 246/447/414 909/450/417 2692/448/415
f 44/449/416 1033/685/644 2692/448/415
f 2692/448/415 1033/685/644 308/451/418
f 1827/444/411 2692/448/415 1828/452/419
f 1828/452/419 2693/454/421 1829/453/420
f 308/451/418 1034/700/659 2693/454/421
f 2693/454/421 1034/700/659 45/435/402
f 2693/454/421 913/436/403 248/433/400
f 1830/446/413 2694/455/422 912/277/262
f 678/445/412 1829/453/420 2694/455/422
f 1829/453/420 248/433/400 914/429/396
f 2694/455/422 914/429/396 13/75/75
f 11/123/123 906/457/424 2695/456/423
f 906/457/424 244/461/428 1831/458/425
f 2695/456/423 1831/458/425 679/459/426
f 907/121/121 2695/456/423 1834/460/427
f 244/461/428 905/464/431 2696/462/429
f 43/463/430 1035/703/662 2696/462/429
f 2696/462/429 1035/703/662 309/465/432
f 1831/458/425 2696/462/429 1832/466/433
f 1832/466/433 2697/468/435 1833/467/434
f 309/465/432 1036/718/677 2697/468/435
f 2697/468/435 1036/718/677 44/449/416
f 2697/468/435 909/450/417 246/447/414
f 1834/460/427 2698/469/436 908/130/130
f 679/459/426 1833/467/434 2698/469/436
f 1833/467/434 246/447/414 910/443/410
f 2698/469/436 910/443/410 12/271/256
f 10/303/288 902/471/438 2699/470/437
f 902/471/438 242/475/442 1835/472/439
f 2699/470/437 1835/472/439 680/473/440
f 903/302/287 2699/470/437 1838/474/441
f 242/475/442 901/478/445 2700/476/443
f 42/477/444 1037/721/680 2700/476/443
f 2700/476/443 1037/721/680 310/479/446
f 1835/472/439 2700/476/443 1836/480/447
f 1836/480/447 2701/482/449 1837/481/448
f 310/479/446 1038/736/693 2701/482/449
f 2701/482/449 1038/736/693 43/463/430
f 2701/482/449 905/464/431 244/461/428
f 1838/474/441 2702/483/450 904/309/294
f 680/473/440 1837/481/448 2702/483/450
f 1837/481/448 244/461/428 906/457/424
f 2702/483/450 906/457/424 11/123/123
f 9/194/186 898/485/452 2703/484/451
f 898/485/452 240/489/456 1839/486/453
f 2703/484/451 1839/486/453 681/487/454
f 899/193/185 2703/484/451 1842/488/455
f 240/489/456 897/492/459 2704/490/457
f 41/491/458 1039/739/696 2704/490/457
f 2704/490/457 1039/739/696 311/493/460
f 1839/486/453 2704/490/457 1840/494/461
f 1840/494/461 2705/496/463 1841/495/462
f 311/493/460 1040/753/707 2705/496/463
f 2705/496/463 1040/753/707 42/477/444
f 2705/496/463 901/478/445 242/475/442
f 1842/488/455 2706/497/464 900/200/192
f 681/487/454 1841/495/462 2706/497/464
f 1841/495/462 242/475/442 902/471/438
f 2706/497/464 902/471/438 10/303/288
f 8/27/27 894/499/466 2707/498/465
f 894/499/466 238/503/470 1843/500/467
f 2707/498/465 1843/500/467 682/501/468
f 895/25/25 2707/498/465 1846/502/469
f 238/503/470 893/506/473 2708/504/471
f 40/505/472 1041/756/710 2708/504/471
f 2708/504/471 1041/756/710 312/507/474
f 1843/500/467 2708/504/471 1844/508/475
f 1844/508/475 2709/510/477 1845/509/476
f 312/507/474 1042/769/721 2709/510/477
f 2709/510/477 1042/769/721 41/491/458
f 2709/510/477 897/492/459 240/489/456
f 1846/502/469 2710/511/478 896/34/34
f 682/501/468 1845/509/476 2710/511/478
f 1845/509/476 240/489/456 898/485/452
f 2710/511/478 898/485/452 9/194/186
f 7/255/241 890/513/480 2711/512/479
f 890/513/480 236/517/484 1847/514/481
f 2711/512/479 1847/514/481 683/515/482
f 891/254/240 2711/512/479 1850/516/483
f 236/517/484 889/520/487 2712/518/485
f 39/519/486 1043/772/724 2712/518/485
f 2712/518/485 1043/772/724 313/521/488
f 1847/514/481 2712/518/485 1848/522/489
f 1848/522/489 2713/524/491 1849/523/490
f 313/521/488 1044/788/736 2713/524/491
f 2713/524/491 1044/788/736 40/505/472
f 2713/524/491 893/506/473 238/503/470
f 1850/516/483 2714/525/492 892/261/247
f 683/515/482 1849/523/490 2714/525/492
f 1849/523/490 238/503/470 894/499/466
f 2714/525/492 894/499/466 8/27/27
f 6/99/99 886/527/494 2715/526/493
f 886/527/494 234/531/498 1851/528/495
f 2715/526/493 1851/528/495 684/529/496
f 887/97/97 2715/526/493 1854/530/497
f 234/531/498 885/534/501 2716/532/499
f 38/533/500 1045/790/738 2716/532/499
f 2716/532/499 1045/790/738 314/535/502
f 1851/528/495 2716/532/499 1852/536/503
f 1852/536/503 2717/538/505 1853/537/504
f 314/535/502 1046/804/750 2717/538/505
f 2717/538/505 1046/804/750 39/519/486
f 2717/538/505 889/520/487 236/517/484
f 1854/530/497 2718/539/506 888/106/106
f 684/529/496 1853/537/504 2718/539/506
f 1853/537/504 236/517/484 890/513/480
f 2718/539/506 890/513/480 7/255/241
f 5/287/272 882/541/508 2719/540/507
f 882/541/508 232/545/512 1855/542/509
f 2719/540/507 1855/542/509 685/543/510
f 883/286/271 2719/540/507 1858/544/511
f 232/545/512 881/548/515 2720/546/513
f 37/547/514 1047/807/753 2720/546/513
f 2720/546/513 1047/807/753 315/549/516
f 1855/542/509 2720/546/513 1856/550/517
f 1856/550/517 2721/552/519 1857/551/518
f 315/549/516 1048/821/764 2721/552/519
f 2721/552/519 1048/821/764 38/533/500
f 2721/552/519 885/534/501 234/531/498
f 1858/544/511 2722/553/520 884/293/278
f 685/543/510 1857/551/518 2722/553/520
f 1857/551/518 234/531/498 886/527/494
f 2722/553/520 886/527/494 6/99/99
f 4/174/166 878/555/522 2723/554/521
f 878/555/522 230/559/526 1859/556/523
f 2723/554/521 1859/556/523 686/557/524
f 879/173/165 2723/554/521 1862/558/525
f 230/559/526 877/562/529 2724/560/527
f 36/561/528 1049/824/767 2724/560/527
f 2724/560/527 1049/824/767 316/563/530
f 1859/556/523 2724/560/527 1860/564/531
f 1860/564/531 2725/566/533 1861/565/532
f 316/563/530 1050/839/778 2725/566/533
f 2725/566/533 1050/839/778 37/547/514
f 2725/566/533 881/548/515 232/545/512
f 1862/558/525 2726/567/534 880/180/172
f 686/557/524 1861/565/532 2726/567/534
f 1861/565/532 232/545/512 882/541/508
f 2726/567/534 882/541/508 5/287/272
f 3/3/3 874/569/536 2727/568/535
f 874/569/536 228/573/540 1863/570/537
f 2727/568/535 1863/570/537 687/571/538
f 875/1/1 2727/568/535 1866/572/539
f 228/573/540 873/576/543 2728/574/541
f 35/575/542 1051/842/781 2728/574/541
f 2728/574/541 1051/842/781 317/577/544
f 1863/570/537 2728/574/541 1864/578/545
f 1864/578/545 2729/580/547 1865/579/546
f 317/577/544 1052/855/792 2729/580/547
f 2729/580/547 1052/855/792 36/561/528
f 2729/580/547 877/562/529 230/559/526
f 1866/572/539 2730/581/548 876/10/10
f 687/571/538 1865/579/546 2730/581/548
f 1865/579/546 230/559/526 878/555/522
f 2730/581/548 878/555/522 4/174/166
f 2/234/226 870/583/550 2731/582/549
f 870/583/550 226/587/554 1867/584/551
f 2731/582/549 1867/584/551 688/585/552
f 871/233/225 2731/582/549 1870/586/553
f 226/587/554 869/590/557 2732/588/555
f 34/589/556 1053/858/795 2732/588/555
f 2732/588/555 1053/858/795 318/591/558
f 1867/584/551 2732/588/555 1868/592/559
f 1868/592/559 2733/594/561 1869/593/560
f 318/591/558 1054/873/807 2733/594/561
f 2733/594/561 1054/873/807 35/575/542
f 2733/594/561 873/576/543 228/573/540
f 1870/586/553 2734/595/562 872/240/232
f 688/585/552 1869/593/560 2734/595/562
f 1869/593/560 228/573/540 874/569/536
f 2734/595/562 874/569/536 3/3/3
f 1/51/51 993/597/366 2735/596/563
f 993/597/366 288/601/364 1871/598/564
f 2735/596/563 1871/598/564 689/599/565
f 867/49/49 2735/596/563 1874/600/566
f 288/601/364 994/604/363 2736/602/567
f 33/603/362 1055/876/810 2736/602/567
f 2736/602/567 1055/876/810 319/605/568
f 1871/598/564 2736/602/567 1872/606/569
f 1872/606/569 2737/608/571 1873/607/570
f 319/605/568 1056/890/819 2737/608/571
f 2737/608/571 1056/890/819 34/589/556
f 2737/608/571 869/590/557 226/587/554
f 1874/600/566 2738/609/572 868/58/58
f 689/599/565 1873/607/570 2738/609/572
f 1873/607/570 226/587/554 870/583/550
f 2738/609/572 870/583/550 2/234/226
f 48/388/356 1024/612/575 2739/610/573
f 1024/612/575 303/616/579 1875/613/576
f 1875/613/576 690/621/583 1878/614/577
f 1025/611/574 2739/610/573 1878/614/577
f 1023/615/578 2740/618/580 1875/613/576
f 1023/615/578 64/645/578 1059/617/580
f 2740/618/580 1059/617/580 321/619/581
f 1875/613/576 2740/618/580 1876/620/582
f 1876/620/582 2741/623/585 1877/622/584
f 321/619/581 1060/624/585 2741/623/585
f 1060/624/585 49/1146/586 1058/625/586
f 2741/623/585 1058/625/586 320/626/587
f 1878/614/577 2742/628/589 1026/627/588
f 1878/614/577 690/621/583 1877/622/584
f 1877/622/584 320/626/587 1057/629/590
f 2742/628/589 1057/629/590 33/394/362
f 47/407/374 1022/633/594 2743/630/591
f 302/632/593 1879/634/595 2743/630/591
f 1879/634/595 691/641/602 1882/635/596
f 2743/630/591 1882/635/596 305/409/376
f 302/632/593 1021/637/598 2744/636/597
f 1021/637/598 63/663/622 1061/638/599
f 2744/636/597 1061/638/599 322/639/600
f 1879/634/595 2744/636/597 1880/640/601
f 691/641/602 1880/640/601 2745/642/603
f 1880/640/601 322/639/600 1062/644/603
f 2745/642/603 1062/644/603 64/645/578
f 1881/643/604 2745/642/603 1023/615/578
f 1882/635/596 2746/647/606 1028/646/605
f 691/641/602 1881/643/604 2746/647/606
f 1881/643/604 303/616/579 1024/612/575
f 2746/647/606 1024/612/575 48/388/356
f 46/421/388 1020/650/609 2747/648/607
f 1020/650/609 301/653/612 1883/651/610
f 1883/651/610 692/659/618 1886/652/611
f 2747/648/607 1886/652/611 306/423/390
f 301/653/612 1019/655/614 2748/654/613
f 1019/655/614 62/681/640 1063/656/615
f 2748/654/613 1063/656/615 323/657/616
f 1883/651/610 2748/654/613 1884/658/617
f 692/659/618 1884/658/617 2749/660/619
f 1884/658/617 323/657/616 1064/662/621
f 2749/660/619 1064/662/621 63/663/622
f 1885/661/620 2749/660/619 1021/637/598
f 1886/652/611 2750/665/624 1030/664/623
f 1886/652/611 692/659/618 1885/661/620
f 1885/661/620 302/632/593 1022/633/594
f 2750/665/624 1022/633/594 47/407/374
f 45/435/402 1018/668/627 2751/666/625
f 1018/668/627 300/671/630 1887/669/628
f 1887/669/628 693/677/636 1890/670/629
f 2751/666/625 1890/670/629 307/437/404
f 300/671/630 1017/673/632 2752/672/631
f 1017/673/632 61/966/857 1065/674/633
f 2752/672/631 1065/674/633 324/675/634
f 1887/669/628 2752/672/631 1888/676/635
f 693/677/636 1888/676/635 2753/678/637
f 1888/676/635 324/675/634 1066/680/639
f 2753/678/637 1066/680/639 62/681/640
f 1889/679/638 2753/678/637 1019/655/614
f 1890/670/629 2754/683/642 1032/682/641
f 1890/670/629 693/677/636 1889/679/638
f 1889/679/638 301/653/612 1020/650/609
f 2754/683/642 1020/650/609 46/421/388
f 44/449/416 1016/686/645 2755/684/643
f 1016/686/645 299/690/649 1891/687/646
f 1891/687/646 694/695/654 1894/688/647
f 1033/685/644 2755/684/643 1894/688/647
f 1015/689/648 2756/692/651 1891/687/646
f 60/691/650 1067/693/652 2756/692/651
f 1067/693/652 325/697/656 1892/694/653
f 2756/692/651 1892/694/653 694/695/654
f 1892/694/653 2757/698/657 1893/696/655
f 325/697/656 1068/699/658 2757/698/657
f 1068/699/658 61/966/857 1017/673/632
f 2757/698/657 1017/673/632 300/671/630
f 1894/688/647 2758/701/660 1034/700/659
f 1894/688/647 694/695/654 1893/696/655
f 1893/696/655 300/671/630 1018/668/627
f 2758/701/660 1018/668/627 45/435/402
f 43/463/430 1014/704/663 2759/702/661
f 1014/704/663 298/708/667 1895/705/664
f 1895/705/664 695/713/672 1898/706/665
f 2759/702/661 1898/706/665 309/465/432
f 1013/707/666 2760/710/669 1895/705/664
f 59/709/668 1069/711/670 2760/710/669
f 1069/711/670 326/715/674 1896/712/671
f 2760/710/669 1896/712/671 695/713/672
f 1896/712/671 2761/716/675 1897/714/673
f 326/715/674 1070/717/676 2761/716/675
f 1070/717/676 60/691/650 1015/689/648
f 2761/716/675 1015/689/648 299/690/649
f 1898/706/665 2762/719/678 1036/718/677
f 695/713/672 1897/714/673 2762/719/678
f 1897/714/673 299/690/649 1016/686/645
f 2762/719/678 1016/686/645 44/449/416
f 42/477/444 1012/722/681 2763/720/679
f 1012/722/681 297/726/685 1899/723/682
f 1899/723/682 696/731/688 1902/724/683
f 2763/720/679 1902/724/683 310/479/446
f 1011/725/684 2764/728/686 1899/723/682
f 58/727/684 1071/729/686 2764/728/686
f 1071/729/686 327/733/690 1900/730/687
f 2764/728/686 1900/730/687 696/731/688
f 1900/730/687 2765/734/691 1901/732/689
f 327/733/690 1072/735/692 2765/734/691
f 1072/735/692 59/709/668 1013/707/666
f 2765/734/691 1013/707/666 298/708/667
f 1902/724/683 2766/737/694 1038/736/693
f 696/731/688 1901/732/689 2766/737/694
f 1901/732/689 298/708/667 1014/704/663
f 2766/737/694 1014/704/663 43/463/430
f 41/491/458 1010/740/697 2767/738/695
f 1010/740/697 296/744/701 1903/741/698
f 1903/741/698 697/749/704 1906/742/699
f 2767/738/695 1906/742/699 311/493/460
f 1009/743/700 2768/746/702 1903/741/698
f 57/745/700 1073/1034/702 2768/746/702
f 2768/746/702 1073/1034/702 328/747/703
f 1903/741/698 2768/746/702 1904/748/703
f 1904/748/703 2769/751/706 1905/750/705
f 328/747/703 1074/752/706 2769/751/706
f 1074/752/706 58/727/684 1011/725/684
f 2769/751/706 1011/725/684 297/726/685
f 1906/742/699 2770/754/708 1040/753/707
f 1906/742/699 697/749/704 1905/750/705
f 1905/750/705 297/726/685 1012/722/681
f 2770/754/708 1012/722/681 42/477/444
f 40/505/472 1008/757/711 2771/755/709
f 1008/757/711 295/760/714 1907/758/712
f 1907/758/712 698/765/718 1910/759/713
f 2771/755/709 1910/759/713 312/507/474
f 295/760/714 1007/762/716 2772/761/715
f 1007/762/716 56/786/716 1075/763/715
f 1075/763/715 329/767/717 1908/764/717
f 1907/758/712 2772/761/715 1908/764/717
f 1908/764/717 2773/768/720 1909/766/719
f 329/767/717 1076/1045/720 2773/768/720
f 2773/768/720 1076/1045/720 57/745/700
f 2773/768/720 1009/743/700 296/744/701
f 1910/759/713 2774/770/722 1042/769/721
f 1910/759/713 698/765/718 1909/766/719
f 1909/766/719 296/744/701 1010/740/697
f 2774/770/722 1010/740/697 41/491/458
f 39/519/486 1006/773/725 2775/771/723
f 1006/773/725 294/778/730 1911/774/726
f 2775/771/723 1911/774/726 699/775/727
f 2775/771/723 1914/776/728 313/521/488
f 1005/777/729 2776/780/731 1911/774/726
f 55/779/729 1077/781/731 2776/780/731
f 1077/781/731 330/784/732 1912/782/732
f 1911/774/726 2776/780/731 1912/782/732
f 1912/782/732 2777/785/734 1913/783/733
f 330/784/732 1078/1063/734 2777/785/734
f 2777/785/734 1078/1063/734 56/786/716
f 1913/783/733 2777/785/734 1007/762/716
f 313/521/488 1914/776/728 2778/787/735
f 1914/776/728 699/775/727 1913/783/733
f 1913/783/733 295/760/714 1008/757/711
f 2778/787/735 1008/757/711 40/505/472
f 38/533/500 1004/791/739 2779/789/737
f 1004/791/739 293/795/743 1915/792/740
f 1915/792/740 700/800/747 1918/793/741
f 2779/789/737 1918/793/741 314/535/502
f 1003/794/742 2780/797/745 1915/792/740
f 54/796/744 1079/798/745 2780/797/745
f 1079/798/745 331/802/746 1916/799/746
f 1915/792/740 2780/797/745 1916/799/746
f 1916/799/746 2781/803/749 1917/801/748
f 331/802/746 1080/1079/749 2781/803/749
f 2781/803/749 1080/1079/749 55/779/729
f 1917/801/748 2781/803/749 1005/777/729
f 1918/793/741 2782/805/751 1046/804/750
f 1918/793/741 700/800/747 1917/801/748
f 1917/801/748 294/778/730 1006/773/725
f 2782/805/751 1006/773/725 39/519/486
f 37/547/514 1002/808/754 2783/806/752
f 1002/808/754 292/812/758 1919/809/755
f 1919/809/755 701/817/761 1922/810/756
f 2783/806/752 1922/810/756 315/549/516
f 1001/811/757 2784/814/759 1919/809/755
f 53/813/757 1081/815/759 2784/814/759
f 1081/815/759 332/1098/922 1920/816/760
f 2784/814/759 1920/816/760 701/817/761
f 1920/816/760 2785/820/763 1921/818/762
f 1920/816/760 332/1098/922 1082/819/763
f 2785/820/763 1082/819/763 54/796/744
f 2785/820/763 1003/794/742 293/795/743
f 1922/810/756 2786/822/765 1048/821/764
f 701/817/761 1921/818/762 2786/822/765
f 1921/818/762 293/795/743 1004/791/739
f 2786/822/765 1004/791/739 38/533/500
f 36/561/528 1000/826/769 2787/823/766
f 291/825/768 1923/827/770 2787/823/766
f 1923/827/770 702/834/775 1926/828/771
f 2787/823/766 1926/828/771 316/563/530
f 999/829/772 2788/831/773 1923/827/770
f 52/830/772 1083/832/773 2788/831/773
f 1083/832/773 333/836/774 1924/833/774
f 1923/827/770 2788/831/773 1924/833/774
f 1924/833/774 2789/837/777 1925/835/776
f 333/836/774 1084/838/777 2789/837/777
f 1084/838/777 53/813/757 1001/811/757
f 2789/837/777 1001/811/757 292/812/758
f 1926/828/771 2790/840/779 1050/839/778
f 1926/828/771 702/834/775 1925/835/776
f 1925/835/776 292/812/758 1002/808/754
f 2790/840/779 1002/808/754 37/547/514
f 35/575/542 998/843/782 2791/841/780
f 998/843/782 290/847/786 1927/844/783
f 1927/844/783 703/852/789 1930/845/784
f 2791/841/780 1930/845/784 317/577/544
f 997/846/785 2792/849/787 1927/844/783
f 51/848/785 1085/1135/787 2792/849/787
f 2792/849/787 1085/1135/787 334/850/788
f 1927/844/783 2792/849/787 1928/851/788
f 1928/851/788 2793/854/791 1929/853/790
f 334/850/788 1086/1130/791 2793/854/791
f 2793/854/791 1086/1130/791 52/830/772
f 2793/854/791 999/829/772 291/825/768
f 1930/845/784 2794/856/793 1052/855/792
f 1930/845/784 703/852/789 1929/853/790
f 1929/853/790 291/825/768 1000/826/769
f 2794/856/793 1000/826/769 36/561/528
f 34/589/556 996/859/796 2795/857/794
f 996/859/796 289/863/800 1931/860/797
f 1931/860/797 704/868/804 1934/861/798
f 2795/857/794 1934/861/798 318/591/558
f 995/862/799 2796/865/802 1931/860/797
f 50/864/801 1087/866/802 2796/865/802
f 1087/866/802 335/870/803 1932/867/803
f 2796/865/802 1932/867/803 704/868/804
f 1932/867/803 2797/871/806 1933/869/805
f 335/870/803 1088/872/806 2797/871/806
f 1088/872/806 51/848/785 997/846/785
f 1933/869/805 2797/871/806 997/846/785
f 1934/861/798 2798/874/808 1054/873/807
f 1934/861/798 704/868/804 1933/869/805
f 1933/869/805 290/847/786 998/843/782
f 2798/874/808 998/843/782 35/575/542
f 33/603/362 1057/878/590 2799/875/809
f 320/877/587 1935/879/811 2799/875/809
f 1935/879/811 705/886/815 1938/880/812
f 2799/875/809 1938/880/812 319/605/568
f 1058/881/586 2800/883/813 1935/879/811
f 49/882/586 1089/884/813 2800/883/813
f 1089/884/813 336/888/817 1936/885/814
f 1935/879/811 2800/883/813 1936/885/814
f 1936/885/814 2801/889/818 1937/887/816
f 336/888/817 1090/930/818 2801/889/818
f 2801/889/818 1090/930/818 50/864/801
f 2801/889/818 995/862/799 289/863/800
f 1938/880/812 2802/891/820 1056/890/819
f 705/886/815 1937/887/816 2802/891/820
f 1937/887/816 289/863/800 996/859/796
f 2802/891/820 996/859/796 34/589/556
f 51/848/785 1088/872/806 2803/892/806
f 335/870/803 1939/894/803 2803/892/806
f 1939/894/803 706/900/803 1942/895/806
f 1126/893/785 2803/892/806 1942/895/806
f 335/870/803 1087/866/802 2804/897/802
f 50/864/801 1123/898/799 2804/897/802
f 1123/898/799 353/902/801 1940/899/802
f 2804/897/802 1940/899/802 706/900/803
f 1940/899/802 2805/903/802 1941/901/803
f 353/902/801 1124/944/799 2805/903/802
f 2805/903/802 1124/944/799 66/904/799
f 2805/903/802 1119/905/802 351/906/803
f 1942/895/806 2806/908/806 1125/907/785
f 706/900/803 1941/901/803 2806/908/806
f 2806/908/806 1941/901/803 351/906/803
f 2806/908/806 1120/909/806 67/910/785
f 1062/644/603 2807/912/603 1130/911/578
f 322/639/600 1943/913/821 2807/912/603
f 1943/913/821 707/919/827 1946/914/822
f 2807/912/603 1946/914/822 356/915/823
f 1061/638/599 2808/916/824 1943/913/821
f 63/663/622 1127/917/825 2808/916/824
f 1127/917/825 355/921/829 1944/918/826
f 2808/916/824 1944/918/826 707/919/827
f 1944/918/826 2809/922/830 1945/920/828
f 355/921/829 1128/923/831 2809/922/830
f 1128/923/831 79/962/853 1093/924/832
f 2809/922/830 1093/924/832 338/925/833
f 1946/914/822 2810/927/834 1129/926/823
f 707/919/827 1945/920/828 2810/927/834
f 1945/920/828 338/925/833 1094/928/835
f 2810/927/834 1094/928/835 80/929/836
f 1090/930/818 2811/931/818 1123/898/799
f 336/888/817 1947/932/814 2811/931/818
f 1947/932/814 708/937/817 1950/933/818
f 1123/898/799 2811/931/818 1950/933/818
f 1089/884/813 2812/934/813 1947/932/814
f 49/882/586 1131/935/586 2812/934/813
f 1131/935/586 357/940/586 1948/936/813
f 2812/934/813 1948/936/813 708/937/817
f 708/937/817 1948/936/813 2813/938/813
f 357/940/586 1132/941/586 2813/938/813
f 1132/941/586 65/1207/586 1121/942/813
f 2813/938/813 1121/942/813 352/943/814
f 1950/933/818 2814/945/837 1124/944/799
f 708/937/817 1949/939/814 2814/945/837
f 2814/945/837 1949/939/814 352/943/814
f 1124/944/799 2814/945/837 1122/946/818
f 1064/662/621 2815/947/838 1127/917/825
f 323/657/616 1951/948/839 2815/947/838
f 1951/948/839 709/953/844 1954/949/840
f 2815/947/838 1954/949/840 355/921/829
f 1063/656/615 2816/950/841 1951/948/839
f 62/681/640 1133/951/842 2816/950/841
f 1133/951/842 358/955/846 1952/952/843
f 2816/950/841 1952/952/843 709/953/844
f 1952/952/843 2817/956/847 1953/954/845
f 358/955/846 1134/957/848 2817/956/847
f 1134/957/848 78/979/870 1095/958/849
f 2817/956/847 1095/958/849 339/959/850
f 1954/949/840 2818/960/851 1128/923/831
f 709/953/844 1953/954/845 2818/960/851
f 1953/954/845 339/959/850 1096/961/852
f 2818/960/851 1096/961/852 79/962/853
f 1066/680/639 2819/963/854 1133/951/842
f 324/675/634 1955/964/855 2819/963/854
f 1955/964/855 710/970/861 1958/965/856
f 2819/963/854 1958/965/856 358/955/846
f 1065/674/633 2820/967/858 1955/964/855
f 61/966/857 1135/968/859 2820/967/858
f 1135/968/859 359/972/863 1956/969/860
f 2820/967/858 1956/969/860 710/970/861
f 1956/969/860 2821/973/864 1957/971/862
f 359/972/863 1136/974/865 2821/973/864
f 1136/974/865 77/996/887 1097/975/866
f 2821/973/864 1097/975/866 340/976/867
f 1958/965/856 2822/977/868 1134/957/848
f 710/970/861 1957/971/862 2822/977/868
f 1957/971/862 340/976/867 1098/978/869
f 2822/977/868 1098/978/869 78/979/870
f 61/966/857 1068/699/658 2823/980/871
f 1068/699/658 325/697/656 1959/981/872
f 2823/980/871 1959/981/872 711/982/873
f 1135/968/859 2823/980/871 1962/983/874
f 325/697/656 1067/693/652 2824/984/875
f 1067/693/652 60/691/650 1137/985/876
f 2824/984/875 1137/985/876 360/986/877
f 1959/981/872 2824/984/875 1960/987/878
f 711/982/873 1960/987/878 2825/988/879
f 1960/987/878 360/986/877 1138/990/881
f 2825/988/879 1138/990/881 76/991/882
f 1961/989/880 2825/988/879 1099/992/883
f 359/972/863 1962/983/874 2826/994/885
f 1962/983/874 711/982/873 1961/989/880
f 2826/994/885 1961/989/880 341/993/884
f 1136/974/865 2826/994/885 1100/995/886
f 60/691/650 1070/717/676 2827/997/888
f 1070/717/676 326/715/674 1963/998/889
f 2827/997/888 1963/998/889 712/999/890
f 1137/985/876 2827/997/888 1966/1000/891
f 326/715/674 1069/711/670 2828/1001/892
f 1069/711/670 59/709/668 1139/1002/893
f 2828/1001/892 1139/1002/893 361/1003/894
f 1963/998/889 2828/1001/892 1964/1004/895
f 712/999/890 1964/1004/895 2829/1005/896
f 1964/1004/895 361/1003/894 1140/1007/898
f 2829/1005/896 1140/1007/898 75/1008/899
f 1965/1006/897 2829/1005/896 1101/1009/900
f 360/986/877 1966/1000/891 2830/1011/902
f 1966/1000/891 712/999/890 1965/1006/897
f 2830/1011/902 1965/1006/897 342/1010/901
f 1138/990/881 2830/1011/902 1102/1012/903
f 59/709/668 1072/735/692 2831/1013/904
f 1072/735/692 327/733/690 1967/1014/905
f 2831/1013/904 1967/1014/905 713/1015/906
f 1139/1002/893 2831/1013/904 1970/1016/907
f 327/733/690 1071/729/686 2832/1017/686
f 1071/729/686 58/727/684 1141/1018/684
f 2832/1017/686 1141/1018/684 362/1019/908
f 1967/1014/905 2832/1017/686 1968/1020/909
f 713/1015/906 1968/1020/909 2833/1021/910
f 1968/1020/909 362/1019/908 1142/1023/908
f 2833/1021/910 1142/1023/908 74/1024/912
f 1969/1022/911 2833/1021/910 1103/1025/913
f 361/1003/894 1970/1016/907 2834/1027/915
f 1970/1016/907 713/1015/906 1969/1022/911
f 2834/1027/915 1969/1022/911 343/1026/914
f 1140/1007/898 2834/1027/915 1104/1028/916
f 58/727/684 1074/752/706 2835/1029/706
f 1074/752/706 328/747/703 1971/1030/703
f 2835/1029/706 1971/1030/703 714/1031/703
f 1141/1018/684 2835/1029/706 1974/1032/706
f 328/747/703 1073/1034/702 2836/1033/702
f 57/745/700 1143/1035/700 2836/1033/702
f 1143/1035/700 363/1038/700 1972/1036/702
f 1971/1030/703 2836/1033/702 1972/1036/702
f 1972/1036/702 2837/1039/702 1973/1037/703
f 363/1038/700 1144/1040/700 2837/1039/702
f 1144/1040/700 73/1062/700 1105/1041/702
f 2837/1039/702 1105/1041/702 344/1042/703
f 362/1019/908 1974/1032/706 2838/1043/917
f 1974/1032/706 714/1031/703 1973/1037/703
f 2838/1043/917 1973/1037/703 344/1042/703
f 1142/1023/908 2838/1043/917 1106/1044/918
f 1076/1045/720 2839/1046/720 1143/1035/700
f 329/767/717 1975/1047/919 2839/1046/720
f 1975/1047/919 715/1052/717 1978/1048/720
f 1143/1035/700 2839/1046/720 1978/1048/720
f 1075/763/715 2840/1049/715 1975/1047/919
f 56/786/716 1145/1050/920 2840/1049/715
f 1145/1050/920 364/1054/716 1976/1051/715
f 1975/1047/919 2840/1049/715 1976/1051/715
f 1976/1051/715 2841/1055/921 1977/1053/717
f 364/1054/716 1146/1076/920 2841/1055/921
f 2841/1055/921 1146/1076/920 72/1056/920
f 1977/1053/717 2841/1055/921 1107/1057/921
f 363/1038/700 1978/1048/720 2842/1059/720
f 715/1060/717 1977/1053/717 2842/1059/720
f 1977/1053/717 345/1058/717 1108/1061/720
f 2842/1059/720 1108/1061/720 73/1062/700
f 1078/1063/734 2843/1064/734 1145/1050/920
f 330/784/732 1979/1065/732 2843/1064/734
f 1979/1065/732 716/1070/732 1982/1066/734
f 2843/1064/734 1982/1066/734 364/1054/716
f 330/784/732 1077/781/731 2844/1067/731
f 55/779/729 1147/1068/729 2844/1067/731
f 1147/1068/729 365/1083/729 1980/1069/731
f 2844/1067/731 1980/1069/731 716/1070/732
f 716/1070/732 1980/1069/731 2845/1071/731
f 1980/1069/731 365/1083/729 1148/1073/729
f 1148/1073/729 71/1096/729 1109/1074/731
f 2845/1071/731 1109/1074/731 346/1075/732
f 1982/1066/734 2846/1077/734 1146/1076/920
f 716/1070/732 1981/1072/732 2846/1077/734
f 1981/1072/732 346/1075/732 1110/1078/734
f 2846/1077/734 1110/1078/734 72/1056/920
f 1080/1079/749 2847/1080/749 1147/1068/729
f 331/802/746 1983/1081/746 2847/1080/749
f 1983/1081/746 717/1087/746 1986/1082/749
f 2847/1080/749 1986/1082/749 365/1083/729
f 1079/798/745 2848/1084/745 1983/1081/746
f 54/796/744 1149/1085/742 2848/1084/745
f 1149/1085/742 366/1090/744 1984/1086/745
f 2848/1084/745 1984/1086/745 717/1087/746
f 717/1087/746 1984/1086/745 2849/1088/745
f 366/1090/744 1150/1091/742 2849/1088/745
f 1150/1091/742 70/1113/742 1111/1092/745
f 1985/1089/746 2849/1088/745 1111/1092/745
f 365/1083/729 1986/1082/749 2850/1094/749
f 717/1087/746 1985/1089/746 2850/1094/749
f 2850/1094/749 1985/1089/746 347/1093/746
f 2850/1094/749 1112/1095/749 71/1096/729
f 54/796/744 1082/819/763 2851/1097/763
f 332/1098/922 1987/1099/760 2851/1097/763
f 1987/1099/760 718/1104/922 1990/1100/763
f 1149/1085/742 2851/1097/763 1990/1100/763
f 1081/815/759 2852/1101/759 1987/1099/760
f 53/813/757 1151/1102/757 2852/1101/759
f 1151/1102/757 367/1106/757 1988/1103/759
f 1987/1099/760 2852/1101/759 1988/1103/759
f 1988/1103/759 2853/1107/759 1989/1105/760
f 367/1106/757 1152/1108/757 2853/1107/759
f 1152/1108/757 69/1129/757 1113/1109/759
f 2853/1107/759 1113/1109/759 348/1110/760
f 1990/1100/763 2854/1111/923 1150/1091/742
f 1990/1100/763 718/1104/922 1989/1105/760
f 2854/1111/923 1989/1105/760 348/1110/760
f 2854/1111/923 1114/1112/763 70/1113/742
f 53/813/757 1084/838/777 2855/1114/777
f 333/836/774 1991/1115/924 2855/1114/777
f 1991/1115/924 719/1120/774 1994/1116/777
f 1151/1102/757 2855/1114/777 1994/1116/777
f 333/836/774 1083/832/773 2856/1117/773
f 52/830/772 1153/1118/925 2856/1117/773
f 1153/1118/925 368/1122/772 1992/1119/773
f 1991/1115/924 2856/1117/773 1992/1119/773
f 1992/1119/773 2857/1123/926 1993/1121/774
f 368/1122/772 1154/1142/925 2857/1123/926
f 2857/1123/926 1154/1142/925 68/1124/925
f 1993/1121/774 2857/1123/926 1115/1125/926
f 1994/1116/777 2858/1127/777 1152/1108/757
f 1994/1116/777 719/1120/774 1993/1121/774
f 2858/1127/777 1993/1121/774 349/1126/774
f 2858/1127/777 1116/1128/777 69/1129/757
f 1086/1130/791 2859/1131/791 1153/1118/925
f 334/850/788 1995/1132/788 2859/1131/791
f 1995/1132/788 720/1137/788 1998/1133/791
f 1153/1118/925 2859/1131/791 1998/1133/791
f 334/850/788 1085/1135/787 2860/1134/787
f 51/848/785 1126/893/785 2860/1134/787
f 1126/893/785 354/896/785 1996/1136/787
f 2860/1134/787 1996/1136/787 720/1137/788
f 720/1137/788 1996/1136/787 2861/1138/787
f 354/896/785 1125/907/785 2861/1138/787
f 1125/907/785 67/910/785 1117/1140/787
f 2861/1138/787 1117/1140/787 350/1141/788
f 1998/1133/791 2862/1143/791 1154/1142/925
f 1998/1133/791 720/1137/788 1997/1139/788
f 1997/1139/788 350/1141/788 1118/1144/791
f 2862/1143/791 1118/1144/791 68/1124/925
f 1060/624/585 2863/1147/585 1131/1145/586
f 321/619/581 1999/1148/581 2863/1147/585
f 1999/1148/581 721/1153/581 2002/1149/585
f 1131/1145/586 2863/1147/585 2002/1149/585
f 1059/617/580 2864/1151/580 1999/1148/581
f 64/645/578 1130/911/578 2864/1151/580
f 1130/911/578 356/915/823 2000/1152/580
f 2864/1151/580 2000/1152/580 721/1153/581
f 2000/1152/580 2865/1155/927 2001/1154/581
f 356/915/823 1129/926/823 2865/1155/927
f 1129/926/823 80/929/836 1091/1156/928
f 2865/1155/927 1091/1156/928 337/1157/581
f 357/1150/586 2002/1149/585 2866/1158/585
f 721/1153/581 2001/1154/581 2866/1158/585
f 2001/1154/581 337/1157/581 1092/1160/585
f 1132/1159/586 2866/1158/585 1092/1160/585
f 1282/1162/929 2867/1166/933 1222/1163/930
f 432/1165/932 2003/1167/934 2867/1166/933
f 2003/1167/934 722/1173/942 2006/1168/935
f 2867/1166/933 2006/1168/935 402/1164/936
f 432/1165/932 1281/1170/938 2868/1169/937
f 1281/1170/938 97/1171/954 1187/1171/939
f 2868/1169/937 1187/1171/939 385/1171/940
f 2003/1167/934 2868/1169/937 2004/1172/941
f 722/1173/942 2004/1172/941 2869/1169/943
f 2004/1172/941 385/1171/940 1188/1171/945
f 2869/1169/943 1188/1171/945 84/1171/946
f 2005/1174/944 2869/1169/943 1179/1170/947
f 2006/1168/935 2870/1168/950 1221/1175/949
f 722/1165/942 2005/1165/944 2870/1168/950
f 2005/1165/944 381/1165/948 1180/1168/951
f 2870/1168/950 1180/1168/951 85/1175/952
f 1280/1176/953 2871/1178/956 1187/1171/939
f 431/1177/955 2007/1179/957 2871/1178/956
f 2007/1179/957 723/1183/964 2010/1180/958
f 2871/1178/956 2010/1180/958 385/1171/940
f 431/1177/955 1279/1181/960 2872/1181/959
f 1279/1181/960 99/1182/998 1191/1182/961
f 2872/1181/959 1191/1182/961 387/1182/962
f 2007/1177/957 2872/1181/959 2008/1181/963
f 723/1183/964 2008/1181/963 2873/1184/965
f 2008/1181/963 387/1187/962 1192/1186/967
f 2873/1184/965 1192/1186/967 83/1187/968
f 2009/1185/966 2873/1184/965 1181/1188/969
f 2010/1180/958 2874/1178/971 1188/1171/945
f 723/1183/964 2009/1185/966 2874/1178/971
f 2009/1185/966 382/1177/970 1182/1176/972
f 2874/1178/971 1182/1176/972 84/1171/946
f 1278/1189/973 2875/1191/977 1228/1190/974
f 430/1157/976 2011/1192/978 2875/1191/977
f 2011/1192/978 724/1157/986 2014/1189/979
f 2875/1191/977 2014/1189/979 405/1190/980
f 1277/1193/981 2876/1193/983 2011/1194/978
f 100/929/982 1193/929/984 2876/1193/983
f 1193/929/984 388/929/988 2012/1193/985
f 2876/1193/983 2012/1193/985 724/1194/986
f 2012/1156/985 2877/1196/989 2013/1195/987
f 388/929/988 1194/929/990 2877/1196/989
f 1194/929/990 96/929/1036 1155/1156/991
f 2877/1196/989 1155/1156/991 369/1157/992
f 2014/1189/979 2878/1191/994 1227/1190/993
f 724/1157/986 2013/1195/987 2878/1191/994
f 2013/1195/987 369/1157/992 1156/1189/995
f 2878/1191/994 1156/1189/995 81/1190/996
f 1276/1197/997 2879/1200/1000 1191/1198/961
f 429/1199/999 2015/1199/1001 2879/1200/1000
f 2015/1199/1001 725/1199/1008 2018/1197/1002
f 2879/1200/1000 2018/1197/1002 387/1187/962
f 429/1199/999 1275/1202/1004 2880/1201/1003
f 1275/1202/1004 102/904/1038 1197/1203/1005
f 2880/1201/1003 1197/1203/1005 390/904/1006
f 2015/1199/1001 2880/1201/1003 2016/1202/1007
f 725/1199/1008 2016/1202/1007 2881/1201/1009
f 2016/1202/1007 390/904/1006 1198/1204/1011
f 2881/1201/1009 1198/1204/1011 82/904/1012
f 2017/1199/1010 2881/1201/1009 1183/1202/1013
f 2018/1197/1002 2882/1200/1015 1192/1186/967
f 725/1199/1008 2017/1199/1010 2882/1200/1015
f 2017/1199/1010 383/1199/1014 1184/1197/1016
f 2882/1200/1015 1184/1197/1016 83/1187/968
f 1274/928/1017 2883/928/1019 1193/929/984
f 428/925/1018 2019/925/1020 2883/928/1019
f 2019/925/1020 726/925/1027 2022/928/1021
f 2883/928/1019 2022/928/1021 388/929/988
f 1273/924/1022 2884/924/1024 2019/925/1020
f 103/962/1023 1199/962/1025 2884/924/1024
f 1199/962/1025 391/962/1029 2020/924/1026
f 2884/924/1024 2020/924/1026 726/925/1027
f 2020/924/1026 2885/924/1030 2021/925/1028
f 391/962/1029 1200/962/1031 2885/924/1030
f 1200/962/1031 95/962/1072 1157/924/1032
f 2885/924/1030 1157/924/1032 370/925/1033
f 2022/928/1021 2886/928/1034 1194/929/990
f 726/925/1027 2021/925/1028 2886/928/1034
f 2021/925/1028 370/925/1033 1158/928/1035
f 2886/928/1034 1158/928/1035 96/929/1036
f 1272/1205/1037 2887/1205/1040 1197/1206/1005
f 427/943/1039 2023/943/1041 2887/1205/1040
f 2023/943/1041 727/943/1046 2026/1205/1042
f 2887/1205/1040 2026/1205/1042 390/1206/1006
f 427/943/1039 1271/942/1044 2888/942/1043
f 101/1207/975 1228/1207/974 2888/942/1043
f 1228/1207/974 405/1207/980 2024/942/1045
f 2023/943/1041 2888/942/1043 2024/942/1045
f 727/943/1046 2024/942/1045 2889/942/1047
f 405/1207/980 1227/1207/993 2889/942/1047
f 1227/1207/993 81/1207/996 1185/942/1049
f 2025/943/1048 2889/942/1047 1185/942/1049
f 2026/946/1042 2890/1208/1051 1198/1204/1011
f 727/943/1046 2025/943/1048 2890/1208/1051
f 2025/943/1048 384/943/1050 1186/946/1052
f 2890/1208/1051 1186/946/1052 82/904/1012
f 1270/961/1053 2891/961/1055 1199/962/1025
f 426/959/1054 2027/959/1056 2891/961/1055
f 2027/959/1056 728/959/1063 2030/961/1057
f 2891/961/1055 2030/961/1057 391/962/1029
f 1269/958/1058 2892/958/1060 2027/959/1056
f 104/979/1059 1201/979/1061 2892/958/1060
f 1201/979/1061 392/979/1065 2028/958/1062
f 2892/958/1060 2028/958/1062 728/959/1063
f 2028/958/1062 2893/958/1066 2029/959/1064
f 392/979/1065 1202/979/1067 2893/958/1066
f 1202/979/1067 94/979/1092 1159/958/1068
f 2893/958/1066 1159/958/1068 371/959/1069
f 2030/961/1057 2894/961/1070 1200/962/1031
f 728/959/1063 2029/959/1064 2894/961/1070
f 2029/959/1064 371/959/1069 1160/961/1071
f 2894/961/1070 1160/961/1071 95/962/1072
f 1268/1209/1073 2895/1209/1075 1201/979/1061
f 425/1210/1074 2031/1210/1076 2895/1209/1075
f 2031/1210/1076 729/1210/1083 2034/1209/1077
f 2895/1209/1075 2034/1209/1077 392/979/1065
f 1267/1211/1078 2896/1214/1080 2031/1212/1076
f 105/1213/1079 1203/1215/1081 2896/1214/1080
f 1203/1215/1081 393/1218/1085 2032/1216/1082
f 2896/1214/1080 2032/1216/1082 729/976/1083
f 2032/1216/1082 2897/1219/1086 2033/1217/1084
f 393/1218/1085 1204/1241/1111 2897/1219/1086
f 2897/1219/1086 1204/1241/1111 93/1220/1087
f 2897/1219/1086 1161/1221/1088 372/976/1089
f 2034/978/1077 2898/1222/1090 1202/979/1067
f 729/976/1083 2033/1217/1084 2898/1222/1090
f 2033/1217/1084 372/976/1089 1162/978/1091
f 2898/1222/1090 1162/978/1091 94/979/1092
f 105/1213/1079 1266/1224/1094 2899/1223/1093
f 1266/1224/1094 424/1228/1098 2035/1225/1095
f 2899/1223/1093 2035/1225/1095 730/1226/1096
f 1203/1215/1081 2899/1223/1093 2038/1227/1097
f 424/1228/1098 1265/1230/1100 2900/1229/1099
f 1265/1230/1100 106/1243/1113 1205/1231/1101
f 2900/1229/1099 1205/1231/1101 394/1232/1102
f 2035/1225/1095 2900/1229/1099 2036/1233/1103
f 730/1226/1096 2036/1233/1103 2901/1234/1104
f 2036/1233/1103 394/1232/1102 1206/1236/1106
f 2901/1234/1104 1206/1236/1106 92/1237/1107
f 2037/1235/1105 2901/1234/1104 1163/1238/1108
f 393/1218/1085 2038/1227/1097 2902/1240/1110
f 2038/1227/1097 730/1226/1096 2037/1235/1105
f 2902/1240/1110 2037/1235/1105 373/1239/1109
f 2902/1240/1110 1164/1242/1112 93/1220/1087
f 106/1243/1113 1264/1245/1115 2903/1244/1114
f 1264/1245/1115 423/1010/1119 2039/1246/1116
f 2903/1244/1114 2039/1246/1116 731/1247/1117
f 1205/1231/1101 2903/1244/1114 2042/1248/1118
f 423/1010/1119 1263/1009/1121 2904/1249/1120
f 1263/1009/1121 107/1008/1133 1207/1008/1122
f 2904/1249/1120 1207/1008/1122 395/1008/1123
f 2039/1246/1116 2904/1249/1120 2040/1250/1124
f 731/1247/1117 2040/1250/1124 2905/1251/1125
f 2040/1250/1124 395/1008/1123 1208/1008/1127
f 2905/1251/1125 1208/1008/1127 91/1008/1128
f 2041/1252/1126 2905/1251/1125 1165/1253/1129
f 394/1232/1102 2042/1248/1118 2906/1255/1131
f 2042/1248/1118 731/1247/1117 2041/1252/1126
f 2906/1255/1131 2041/1252/1126 374/1254/1130
f 1206/1236/1106 2906/1255/1131 1166/1256/1132
f 107/1008/1133 1262/1028/1135 2907/1257/1134
f 1262/1028/1135 422/1026/1139 2043/1258/1136
f 2907/1257/1134 2043/1258/1136 732/1259/1137
f 1207/1008/1122 2907/1257/1134 2046/1260/1138
f 422/1026/1139 1261/1262/1141 2908/1261/1140
f 1261/1262/1141 108/1274/1153 1209/1263/1142
f 2908/1261/1140 1209/1263/1142 396/1264/1143
f 2043/1258/1136 2908/1261/1140 2044/1265/1144
f 732/1259/1137 2044/1265/1144 2909/1266/1145
f 2044/1265/1144 396/1264/1143 1210/1268/1147
f 2909/1266/1145 1210/1268/1147 90/1269/1148
f 2045/1267/1146 2909/1266/1145 1167/1270/1149
f 395/1008/1123 2046/1260/1138 2910/1272/1151
f 2046/1260/1138 732/1259/1137 2045/1267/1146
f 2910/1272/1151 2045/1267/1146 375/1271/1150
f 1208/1008/1127 2910/1272/1151 1168/1273/1152
f 108/1274/1153 1260/1276/1155 2911/1275/1154
f 1260/1276/1155 421/1280/1159 2047/1277/1156
f 2911/1275/1154 2047/1277/1156 733/1278/1157
f 1209/1263/1142 2911/1275/1154 2050/1279/1158
f 421/1280/1159 1259/1282/1161 2912/1281/1160
f 1259/1282/1161 109/1292/1173 1211/1283/1162
f 2912/1281/1160 1211/1283/1162 397/1062/1163
f 2047/1277/1156 2912/1281/1160 2048/1284/1164
f 733/1278/1157 2048/1284/1164 2913/1285/1165
f 2048/1284/1164 397/1062/1163 1212/1287/1167
f 2913/1285/1165 1212/1287/1167 89/1062/1168
f 2049/1286/1166 2913/1285/1165 1169/1288/1169
f 396/1264/1143 2050/1279/1158 2914/1290/1171
f 2050/1279/1158 733/1278/1157 2049/1286/1166
f 2914/1290/1171 2049/1286/1166 376/1289/1170
f 1210/1268/1147 2914/1290/1171 1170/1291/1172
f 109/1292/1173 1258/1293/1176 2915/1293/1174
f 420/1058/1175 2051/1058/1177 2915/1293/1174
f 2051/1058/1177 734/1058/1184 2054/1293/1178
f 1211/1292/1162 2915/1293/1174 2054/1293/1178
f 420/1058/1175 1257/1057/1180 2916/1057/1179
f 1257/1057/1180 110/1056/1194 1213/1056/1181
f 2916/1057/1179 1213/1056/1181 398/1056/1182
f 2051/1058/1177 2916/1057/1179 2052/1057/1183
f 734/1058/1184 2052/1057/1183 2917/1057/1185
f 2052/1057/1183 398/1056/1182 1214/1056/1187
f 2917/1057/1185 1214/1056/1187 88/1056/1188
f 2053/1058/1186 2917/1057/1185 1171/1057/1189
f 397/1062/1163 2054/1061/1178 2918/1294/1191
f 734/1058/1184 2053/1058/1186 2918/1294/1191
f 2053/1058/1186 377/1058/1190 1172/1061/1192
f 1212/1287/1167 2918/1294/1191 1172/1061/1192
f 1256/1078/1193 2919/1078/1196 1213/1056/1181
f 419/1075/1195 2055/1075/1197 2919/1078/1196
f 2055/1075/1197 735/1075/1204 2058/1078/1198
f 2919/1078/1196 2058/1078/1198 398/1056/1182
f 419/1075/1195 1255/1074/1200 2920/1074/1199
f 1255/1074/1200 111/1096/1214 1215/1096/1201
f 2920/1074/1199 1215/1096/1201 399/1096/1202
f 2055/1075/1197 2920/1074/1199 2056/1074/1203
f 735/1075/1204 2056/1074/1203 2921/1074/1205
f 2056/1074/1203 399/1096/1202 1216/1096/1207
f 2921/1074/1205 1216/1096/1207 87/1096/1208
f 2057/1075/1206 2921/1074/1205 1173/1074/1209
f 2058/1078/1198 2922/1078/1211 1214/1056/1187
f 735/1075/1204 2057/1075/1206 2922/1078/1211
f 2057/1075/1206 378/1075/1210 1174/1078/1212
f 2922/1078/1211 1174/1078/1212 88/1056/1188
f 1254/1095/1213 2923/1095/1216 1215/1096/1201
f 418/1093/1215 2059/1093/1217 2923/1095/1216
f 2059/1093/1217 736/1093/1224 2062/1095/1218
f 2923/1095/1216 2062/1095/1218 399/1096/1202
f 418/1093/1215 1253/1092/1220 2924/1092/1219
f 1253/1092/1220 112/1113/1234 1217/1113/1221
f 2924/1092/1219 1217/1113/1221 400/1113/1222
f 2059/1093/1217 2924/1092/1219 2060/1092/1223
f 736/1093/1224 2060/1092/1223 2925/1092/1225
f 2060/1092/1223 400/1113/1222 1218/1113/1227
f 2925/1092/1225 1218/1113/1227 86/1113/1228
f 2061/1093/1226 2925/1092/1225 1175/1092/1229
f 2062/1095/1218 2926/1095/1231 1216/1096/1207
f 736/1093/1224 2061/1093/1226 2926/1095/1231
f 2061/1093/1226 379/1093/1230 1176/1095/1232
f 2926/1095/1231 1176/1095/1232 87/1096/1208
f 1252/1112/1233 2927/1112/1236 1217/1113/1221
f 417/1110/1235 2063/1110/1237 2927/1112/1236
f 2063/1110/1237 737/1110/1242 2066/1112/1238
f 2927/1112/1236 2066/1112/1238 400/1113/1222
f 417/1295/1235 1251/1296/1240 2928/1296/1239
f 1251/1296/1240 98/1164/931 1222/1163/930
f 2928/1296/1239 1222/1163/930 402/1164/936
f 2063/1297/1237 2928/1296/1239 2064/1296/1241
f 737/1295/1242 2064/1296/1241 2929/1296/1243
f 2064/1296/1241 402/1164/936 1221/1299/949
f 2929/1296/1243 1221/1299/949 85/1175/952
f 2065/1298/1244 2929/1296/1243 1177/1296/1245
f 2066/1300/1238 2930/1301/1247 1218/1113/1227
f 737/1295/1242 2065/1298/1244 2930/1301/1247
f 2065/1298/1244 380/1110/1246 1178/1112/1248
f 2930/1301/1247 1178/1112/1248 86/1113/1228
f 70/1113/742 1114/1112/763 2931/1112/762
f 348/1110/760 2067/1110/922 2931/1112/762
f 2067/1110/922 738/1110/1252 2070/1112/1249
f 2931/1112/762 2070/1112/1249 416/1113/1250
f 348/1110/760 1113/1296/759 2932/1296/759
f 69/1175/757 1190/1175/757 2932/1296/759
f 1190/1175/757 386/1175/1255 2068/1296/1251
f 2067/1110/922 2932/1296/759 2068/1296/1251
f 738/1110/1252 2068/1296/1251 2933/1296/1253
f 386/1175/1255 1189/1299/1404 2933/1296/1253
f 2933/1296/1253 1189/1299/1404 98/1164/931
f 2069/1298/1254 2933/1296/1253 1251/1296/1240
f 2070/1112/1249 2934/1301/1257 1250/1113/1256
f 738/1110/1252 2069/1298/1254 2934/1301/1257
f 2069/1298/1254 417/1295/1235 1252/1300/1233
f 2934/1301/1257 1252/1300/1233 112/1113/1234
f 71/1096/729 1112/1095/749 2935/1095/749
f 347/1093/746 2071/1093/746 2935/1095/749
f 2071/1093/746 739/1093/1261 2074/1095/1258
f 1247/1096/729 2935/1095/749 2074/1095/1258
f 1111/1092/745 2936/1092/745 2071/1093/746
f 70/1113/742 1249/1113/742 2936/1092/745
f 1249/1113/742 416/1113/1250 2072/1092/1260
f 2936/1092/745 2072/1092/1260 739/1093/1261
f 2072/1092/1260 2937/1092/1263 2073/1093/1262
f 2072/1092/1260 416/1113/1250 1250/1113/1256
f 2937/1092/1263 1250/1113/1256 112/1113/1234
f 2073/1093/1262 2937/1092/1263 1253/1092/1220
f 2074/1095/1258 2938/1095/1265 1248/1096/1264
f 739/1093/1261 2073/1093/1262 2938/1095/1265
f 2938/1095/1265 2073/1093/1262 418/1093/1215
f 2938/1095/1265 1254/1095/1213 111/1096/1214
f 72/1056/920 1110/1078/734 2939/1078/734
f 346/1075/732 2075/1075/732 2939/1078/734
f 2075/1075/732 740/1075/1269 2078/1078/1266
f 2939/1078/734 2078/1078/1266 414/1056/1267
f 346/1075/732 1109/1074/731 2940/1074/731
f 71/1096/729 1247/1096/729 2940/1074/731
f 1247/1096/729 415/1096/1259 2076/1074/1268
f 2940/1074/731 2076/1074/1268 740/1075/1269
f 740/1075/1269 2076/1074/1268 2941/1074/1270
f 415/1096/1259 1248/1096/1264 2941/1074/1270
f 2941/1074/1270 1248/1096/1264 111/1096/1214
f 2941/1074/1270 1255/1074/1200 419/1075/1195
f 2078/1078/1266 2942/1078/1273 1246/1056/1272
f 2078/1078/1266 740/1075/1269 2077/1075/1271
f 2077/1075/1271 419/1075/1195 1256/1078/1193
f 2942/1078/1273 1256/1078/1193 110/1056/1194
f 1108/1293/720 2943/1293/720 1243/1292/700
f 345/1058/717 2079/1058/717 2943/1293/720
f 2943/1293/720 2079/1058/717 741/1058/1274
f 2943/1293/720 2082/1293/1275 413/1292/1276
f 1107/1057/921 2944/1057/1277 2079/1058/717
f 72/1056/920 1245/1056/920 2944/1057/1277
f 1245/1056/920 414/1056/1267 2080/1057/1278
f 2079/1058/717 2944/1057/1277 2080/1057/1278
f 2080/1057/1278 2945/1057/1280 2081/1058/1279
f 2080/1057/1278 414/1056/1267 1246/1056/1272
f 2945/1057/1280 1246/1056/1272 110/1056/1194
f 2081/1058/1279 2945/1057/1280 1257/1057/1180
f 413/1292/1276 2082/1293/1275 2946/1293/1281
f 741/1058/1274 2081/1058/1279 2946/1293/1281
f 2946/1293/1281 2081/1058/1279 420/1058/1175
f 1244/1292/1282 2946/1293/1281 1258/1293/1176
f 74/1024/912 1106/1044/918 2947/1302/1283
f 1106/1044/918 344/1042/703 2083/1304/703
f 2947/1302/1283 2083/1304/703 742/1305/1285
f 1241/1303/1284 2947/1302/1283 2086/1306/1286
f 344/1042/703 1105/1041/702 2948/1308/702
f 73/1062/700 1243/1283/700 2948/1308/702
f 1243/1283/700 413/1292/1276 2084/1309/1288
f 2083/1304/703 2948/1308/702 2084/1309/1288
f 742/1305/1285 2084/1309/1288 2949/1310/1289
f 2084/1309/1288 413/1292/1276 1244/1292/1282
f 2949/1310/1289 1244/1292/1282 109/1292/1173
f 2085/1311/1290 2949/1310/1289 1259/1282/1161
f 412/1307/1287 2086/1306/1286 2950/1312/1291
f 2086/1306/1286 742/1305/1285 2085/1311/1290
f 2950/1312/1291 2085/1311/1290 421/1280/1159
f 1242/1313/1292 2950/1312/1291 1260/1314/1155
f 75/1008/899 1104/1316/916 2951/1316/1293
f 1104/1316/916 343/1317/914 2087/1317/1295
f 2951/1316/1293 2087/1317/1295 743/1317/1296
f 1239/1008/1294 2951/1316/1293 2090/1316/1297
f 343/1317/914 1103/1320/913 2952/1318/1299
f 1103/1320/913 74/1321/912 1241/1321/1284
f 2952/1318/1299 1241/1321/1284 412/1321/1287
f 2087/1319/1295 2952/1318/1299 2088/1322/1300
f 743/1323/1296 2088/1322/1300 2953/1318/1301
f 2088/1322/1300 412/1321/1287 1242/1321/1292
f 2953/1318/1301 1242/1321/1292 108/1321/1153
f 2089/1324/1302 2953/1318/1301 1261/1320/1141
f 411/1008/1298 2090/1326/1297 2954/1325/1303
f 2090/1326/1297 743/1323/1296 2089/1324/1302
f 2954/1325/1303 2089/1324/1302 422/1317/1139
f 1240/1008/1304 2954/1325/1303 1262/1316/1135
f 76/1327/882 1102/1329/903 2955/1328/1305
f 1102/1329/903 342/1333/901 2091/1330/1307
f 2955/1328/1305 2091/1330/1307 744/1331/1308
f 1237/1327/1306 2955/1328/1305 2094/1332/1309
f 342/1333/901 1101/1334/900 2956/1334/1311
f 1101/1334/900 75/1008/899 1239/1008/1294
f 2956/1334/1311 1239/1008/1294 411/1008/1298
f 2091/1333/1307 2956/1334/1311 2092/1334/1312
f 744/1331/1308 2092/1337/1312 2957/1335/1313
f 2092/1337/1312 411/1008/1298 1240/1008/1304
f 2957/1335/1313 1240/1008/1304 107/1008/1133
f 2093/1336/1314 2957/1335/1313 1263/1334/1121
f 410/1327/1310 2094/1332/1309 2958/1328/1315
f 2094/1332/1309 744/1331/1308 2093/1336/1314
f 2958/1328/1315 2093/1336/1314 423/1333/1119
f 1238/1327/1316 2958/1328/1315 1264/1329/1115
f 77/996/887 1100/995/886 2959/1338/1317
f 1100/995/886 341/993/884 2095/1340/1319
f 2959/1338/1317 2095/1340/1319 745/1341/1320
f 1235/1339/1318 2959/1338/1317 2098/1342/1321
f 341/993/884 1099/992/883 2960/1344/1323
f 1099/992/883 76/991/882 1237/1345/1306
f 2960/1344/1323 1237/1345/1306 410/1346/1310
f 2095/1340/1319 2960/1344/1323 2096/1347/1324
f 745/1341/1320 2096/1347/1324 2961/1348/1325
f 2096/1347/1324 410/1346/1310 1238/1350/1316
f 2961/1348/1325 1238/1350/1316 106/1351/1113
f 2097/1349/1326 2961/1348/1325 1265/1352/1100
f 409/1353/1322 2098/1355/1321 2962/1354/1327
f 2098/1355/1321 745/1341/1320 2097/1349/1326
f 2962/1354/1327 2097/1349/1326 424/1228/1098
f 1236/1353/1328 2962/1354/1327 1266/1356/1094
f 1098/1209/869 2963/1209/1330 1233/979/1329
f 340/1210/867 2099/1210/1331 2963/1209/1330
f 2099/1210/1331 746/1210/1336 2102/1209/1332
f 2963/1209/1330 2102/1209/1332 408/979/1333
f 1097/975/866 2964/1357/1334 2099/1212/1331
f 77/996/887 1235/1339/1318 2964/1357/1334
f 1235/1339/1318 409/1343/1322 2100/1358/1335
f 2964/1357/1334 2100/1358/1335 746/976/1336
f 2100/1358/1335 2965/1359/1338 2101/1217/1337
f 409/1343/1322 1236/1360/1328 2965/1359/1338
f 1236/1360/1328 105/1213/1079 1267/1211/1078
f 2965/1359/1338 1267/1211/1078 425/976/1074
f 2102/978/1332 2966/1222/1340 1234/979/1339
f 746/976/1336 2101/1217/1337 2966/1222/1340
f 2101/1217/1337 425/976/1074 1268/978/1073
f 2966/1222/1340 1268/978/1073 104/979/1059
f 1096/961/852 2967/961/1342 1231/962/1341
f 339/959/850 2103/959/1343 2967/961/1342
f 2103/959/1343 747/959/1348 2106/961/1344
f 2967/961/1342 2106/961/1344 407/962/1345
f 1095/958/849 2968/958/1346 2103/959/1343
f 78/979/870 1233/979/1329 2968/958/1346
f 1233/979/1329 408/979/1333 2104/958/1347
f 2968/958/1346 2104/958/1347 747/959/1348
f 2104/958/1347 2969/958/1350 2105/959/1349
f 408/979/1333 1234/979/1339 2969/958/1350
f 1234/979/1339 104/979/1059 1269/958/1058
f 2969/958/1350 1269/958/1058 426/959/1054
f 2106/961/1344 2970/961/1352 1232/962/1351
f 747/959/1348 2105/959/1349 2970/961/1352
f 2105/959/1349 426/959/1054 1270/961/1053
f 2970/961/1352 1270/961/1053 103/962/1023
f 1122/1205/818 2971/1205/818 1229/1206/799
f 1122/1205/818 352/943/814 2107/943/814
f 2971/1205/818 2107/943/814 748/943/1353
f 2971/1205/818 2110/1205/1354 406/1206/1355
f 1121/942/813 2972/942/813 2107/943/814
f 65/1207/586 1196/1207/586 2972/942/813
f 1196/1207/586 389/1207/1383 2108/942/1356
f 2972/942/813 2108/942/1356 748/943/1353
f 2108/942/1356 2973/942/1359 2109/943/1357
f 2108/942/1356 389/1207/1383 1195/1207/1358
f 1195/1207/1358 101/1207/975 1271/942/1044
f 2973/942/1359 1271/942/1044 427/943/1039
f 2110/946/1354 2974/1208/1361 1230/1204/1360
f 748/943/1353 2109/943/1357 2974/1208/1361
f 2109/943/1357 427/943/1039 1272/946/1037
f 2974/1208/1361 1272/946/1037 102/904/1038
f 1094/928/835 2975/928/1363 1225/929/1362
f 338/925/833 2111/925/1364 2975/928/1363
f 2111/925/1364 749/925/1369 2114/928/1365
f 2975/928/1363 2114/928/1365 404/929/1366
f 1093/924/832 2976/924/1367 2111/925/1364
f 79/962/853 1231/962/1341 2976/924/1367
f 1231/962/1341 407/962/1345 2112/924/1368
f 2976/924/1367 2112/924/1368 749/925/1369
f 2112/924/1368 2977/924/1371 2113/925/1370
f 407/962/1345 1232/962/1351 2977/924/1371
f 1232/962/1351 103/962/1023 1273/924/1022
f 2977/924/1371 1273/924/1022 428/925/1018
f 2114/928/1365 2978/928/1373 1226/929/1372
f 749/925/1369 2113/925/1370 2978/928/1373
f 2113/925/1370 428/925/1018 1274/928/1017
f 2978/928/1373 1274/928/1017 100/929/982
f 67/910/785 1120/909/806 2979/1361/806
f 351/906/803 2115/1365/803 2979/1361/806
f 2979/1361/806 2115/1365/803 750/1199/1374
f 1223/1362/785 2979/1361/806 2118/1363/1375
f 351/906/803 1119/905/802 2980/1364/802
f 66/904/799 1229/1203/799 2980/1364/802
f 1229/1203/799 406/904/1355 2116/1202/1377
f 2115/1365/803 2980/1364/802 2116/1202/1377
f 2116/1202/1377 2981/1201/1379 2117/1199/1378
f 406/904/1355 1230/1204/1360 2981/1201/1379
f 1230/1204/1360 102/904/1038 1275/1202/1004
f 2117/1199/1378 2981/1201/1379 1275/1202/1004
f 2118/1363/1375 2982/1367/1381 1224/1366/1380
f 750/1199/1374 2117/1199/1378 2982/1367/1381
f 2982/1367/1381 2117/1199/1378 429/1199/999
f 1224/1366/1380 2982/1367/1381 1276/1197/997
f 65/1161/586 1092/1160/585 2983/1368/585
f 337/1157/581 2119/1192/581 2983/1368/585
f 2119/1192/581 751/1157/1386 2122/1189/1382
f 1196/1369/586 2983/1368/585 2122/1189/1382
f 1091/1193/928 2984/1193/1384 2119/1194/581
f 80/929/836 1225/929/1362 2984/1193/1384
f 1225/929/1362 404/929/1366 2120/1193/1385
f 2984/1193/1384 2120/1193/1385 751/1194/1386
f 2120/1156/1385 2985/1196/1388 2121/1195/1387
f 404/929/1366 1226/929/1372 2985/1196/1388
f 1226/929/1372 100/929/982 1277/1156/981
f 2985/1196/1388 1277/1156/981 430/1157/976
f 2122/1189/1382 2986/1191/1389 1195/1190/1358
f 751/1157/1386 2121/1195/1387 2986/1191/1389
f 2121/1195/1387 430/1157/976 1278/1189/973
f 2986/1191/1389 1278/1189/973 101/1190/975
f 1118/1144/791 2987/1372/791 1219/1370/925
f 1118/1144/791 350/1141/788 2123/1371/788
f 2123/1371/788 752/1376/1393 2126/1373/1390
f 2987/1372/791 2126/1373/1390 401/1171/1391
f 350/1141/788 1117/1140/787 2988/1374/787
f 67/910/785 1223/1362/785 2988/1374/787
f 2988/1374/787 1223/1362/785 403/1182/1376
f 2988/1374/787 2124/1375/1392 752/1376/1393
f 752/1376/1393 2124/1375/1392 2989/1377/1394
f 403/1182/1376 1224/1366/1380 2989/1377/1394
f 2989/1377/1394 1224/1366/1380 99/1187/998
f 2125/1378/1395 2989/1377/1394 1279/1188/960
f 2126/1176/1390 2990/1176/1397 1220/1171/1396
f 2126/1176/1390 752/1177/1393 2125/1177/1395
f 2125/1177/1395 431/1177/955 1280/1176/953
f 2990/1176/1397 1280/1176/953 97/1171/954
f 1116/1128/777 2991/1381/777 1190/1379/757
f 1116/1128/777 349/1126/774 2127/1380/774
f 2991/1381/777 2127/1380/774 753/1165/1398
f 2991/1381/777 2130/1168/1399 386/1175/1255
f 1115/1125/926 2992/1382/926 2127/1380/774
f 68/1124/925 1219/1370/925 2992/1382/926
f 2992/1382/926 1219/1370/925 401/1171/1391
f 2127/1380/774 2992/1382/926 2128/1170/1400
f 2128/1170/1400 2993/1170/1402 2129/1165/1401
f 2128/1170/1400 401/1171/1391 1220/1171/1396
f 1220/1171/1396 97/1171/954 1281/1170/938
f 2993/1170/1402 1281/1170/938 432/1165/932
f 386/1175/1255 2130/1168/1399 2994/1168/1403
f 753/1165/1398 2129/1165/1401 2994/1168/1403
f 2129/1165/1401 432/1165/932 1282/1168/929
f 2994/1168/1403 1282/1168/929 98/1175/931
f 1380/1383/1405 2995/1387/1409 1291/1384/1406
f 481/1386/1408 2131/1388/1410 2995/1387/1409
f 2131/1388/1410 754/1396/1418 2134/1389/1411
f 2995/1387/1409 2134/1389/1411 437/1390/1412
f 1379/1391/1413 2996/1393/1415 2131/1388/1410
f 131/1392/1414 1349/1394/1416 2996/1393/1415
f 1349/1394/1416 466/1796/1734 2132/1395/1417
f 2996/1393/1415 2132/1395/1417 754/1396/1418
f 754/1396/1418 2132/1395/1417 2997/1397/1419
f 2132/1395/1417 466/1796/1734 1350/1399/1421
f 2997/1397/1419 1350/1399/1421 132/1400/1422
f 2133/1398/1420 2997/1397/1419 1378/1401/1423
f 437/1390/1412 2134/1389/1411 2998/1403/1425
f 2134/1389/1411 754/1396/1418 2133/1398/1420
f 2998/1403/1425 2133/1398/1420 480/1402/1424
f 1292/1404/1426 2998/1403/1425 1377/1405/1427
f 1384/1407/1429 2999/1411/1433 1311/1408/1430
f 483/1410/1432 2135/1412/1420 2999/1411/1433
f 2135/1412/1420 755/1420/1441 2138/1413/1434
f 2999/1411/1433 2138/1413/1434 447/1414/1435
f 1383/1415/1436 3000/1417/1438 2135/1412/1420
f 136/1416/1437 1359/1418/1439 3000/1417/1438
f 1359/1418/1439 471/1760/1719 2136/1419/1440
f 3000/1417/1438 2136/1419/1440 755/1420/1441
f 755/1420/1441 2136/1419/1440 3001/1421/1442
f 2136/1419/1440 471/1760/1719 1360/1423/1444
f 3001/1421/1442 1360/1423/1444 137/1424/1445
f 2137/1422/1443 3001/1421/1442 1382/1425/1446
f 447/1414/1435 2138/1413/1434 3002/1427/1448
f 2138/1413/1434 755/1420/1441 2137/1422/1443
f 3002/1427/1448 2137/1422/1443 482/1426/1447
f 1312/1428/1449 3002/1427/1448 1381/1429/1450
f 1388/1431/1452 3003/1434/1456 1283/1432/1453
f 485/72/1455 2139/1435/1457 3003/1434/1456
f 2139/1435/1457 756/1440/1465 2142/1436/1458
f 3003/1434/1456 2142/1436/1458 433/1437/1459
f 1387/72/1460 3004/1438/1462 2139/1435/1457
f 129/72/1461 1345/71/1463 3004/1438/1462
f 1345/71/1463 464/68/1697 2140/1439/1464
f 3004/1438/1462 2140/1439/1464 756/1440/1465
f 756/1440/1465 2140/1439/1464 3005/1441/1466
f 2140/1439/1464 464/68/1697 1346/1443/1468
f 3005/1441/1466 1346/1443/1468 130/1444/1469
f 2141/1442/1467 3005/1441/1466 1386/1445/1470
f 433/1437/1459 2142/1436/1458 3006/1447/1472
f 2142/1436/1458 756/1440/1465 2141/1449/1467
f 3006/1447/1472 2141/1449/1467 484/1450/1471
f 1284/1448/1473 3006/1447/1472 1385/1451/1474
f 1392/1453/1476 3007/1457/1480 1331/1454/1477
f 487/1456/1479 2143/1458/1443 3007/1457/1480
f 2143/1458/1443 757/1466/1488 2146/1459/1481
f 3007/1457/1480 2146/1459/1481 457/1460/1482
f 1391/1461/1483 3008/1463/1485 2143/1458/1443
f 141/1462/1484 1369/1464/1486 3008/1463/1485
f 1369/1464/1486 476/1733/1704 2144/1465/1487
f 3008/1463/1485 2144/1465/1487 757/1466/1488
f 757/1466/1488 2144/1465/1487 3009/1467/1489
f 2144/1465/1487 476/1733/1704 1370/1469/1491
f 3009/1467/1489 1370/1469/1491 142/1470/1492
f 2145/1468/1490 3009/1467/1489 1390/1471/1493
f 457/1460/1482 2146/1459/1481 3010/1473/1495
f 2146/1459/1481 757/1466/1488 2145/1468/1490
f 3010/1473/1495 2145/1468/1490 486/1472/1494
f 1332/1474/1496 3010/1473/1495 1389/1475/1497
f 1396/1477/1499 3011/1481/1503 1303/1478/1500
f 489/1480/1502 2147/1482/1467 3011/1481/1503
f 2147/1482/1467 758/1490/1511 2150/1483/1504
f 3011/1481/1503 2150/1483/1504 443/1484/1505
f 1395/1485/1506 3012/1487/1508 2147/1482/1467
f 134/1486/1507 1355/1488/1509 3012/1487/1508
f 1355/1488/1509 469/1769/1725 2148/1489/1510
f 3012/1487/1508 2148/1489/1510 758/1490/1511
f 758/1490/1511 2148/1489/1510 3013/1491/1512
f 2148/1489/1510 469/1769/1725 1356/1493/1514
f 3013/1491/1512 1356/1493/1514 135/1494/1515
f 2149/1492/1513 3013/1491/1512 1394/1495/1516
f 443/1484/1505 2150/1483/1504 3014/1497/1518
f 2150/1483/1504 758/1490/1511 2149/1492/1513
f 3014/1497/1518 2149/1492/1513 488/1496/1517
f 1304/1498/1519 3014/1497/1518 1393/1499/1520
f 1400/1501/1522 3015/1505/1526 1323/1502/1523
f 491/1504/1525 2151/1506/1513 3015/1505/1526
f 2151/1506/1513 759/1514/1534 2154/1507/1527
f 3015/1505/1526 2154/1507/1527 453/1508/1528
f 1399/1509/1529 3016/1511/1531 2151/1506/1513
f 139/1510/1530 1365/1512/1532 3016/1511/1531
f 1365/1512/1532 474/1748/1710 2152/1513/1533
f 3016/1511/1531 2152/1513/1533 759/1514/1534
f 759/1515/1534 2152/1518/1533 3017/1516/1535
f 2152/1518/1533 474/1748/1710 1366/1519/1537
f 3017/1516/1535 1366/1519/1537 140/1520/1538
f 2153/1517/1536 3017/1516/1535 1398/1521/1539
f 453/1508/1528 2154/1507/1527 3018/1523/1541
f 2154/1507/1527 759/1514/1534 2153/1517/1536
f 3018/1523/1541 2153/1517/1536 490/1522/1540
f 1324/1524/1542 3018/1523/1541 1397/1525/1543
f 1402/1527/1545 3019/1531/1549 1343/1528/1546
f 492/1530/1548 2155/1532/1536 3019/1531/1549
f 2155/1532/1536 760/1538/1557 2158/1533/1550
f 3019/1531/1549 2158/1533/1550 463/1534/1551
f 1401/1535/1552 3020/1536/1554 2155/1532/1536
f 144/172/1553 1375/171/1555 3020/1536/1554
f 1375/171/1555 479/1726/1693 2156/1537/1556
f 3020/1536/1554 2156/1537/1556 760/1538/1557
f 760/1539/1557 2156/1542/1556 3021/1540/1558
f 2156/1542/1556 479/1726/1693 1376/1543/1560
f 3021/1540/1558 1376/1543/1560 129/1544/1461
f 2157/1541/1559 3021/1540/1558 1387/1545/1460
f 463/1534/1551 2158/1533/1550 3022/1547/1561
f 2158/1533/1550 760/1538/1557 2157/1549/1559
f 3022/1547/1561 2157/1549/1559 485/1546/1455
f 1344/1548/1562 3022/1547/1561 1388/1550/1452
f 1377/1405/1427 3023/1553/1564 1295/1552/1563
f 480/1402/1424 2159/1554/1565 3023/1553/1564
f 2159/1554/1565 761/1560/1571 2162/1555/1566
f 3023/1553/1564 2162/1555/1566 439/1556/1567
f 1378/1401/1423 3024/1557/1568 2159/1554/1565
f 132/1400/1422 1351/1558/1569 3024/1557/1568
f 1351/1558/1569 467/1781/1731 2160/1559/1570
f 3024/1557/1568 2160/1559/1570 761/1560/1571
f 761/1561/1571 2160/1564/1570 3025/1562/1572
f 2160/1564/1570 467/1781/1731 1352/1565/1574
f 3025/1562/1572 1352/1565/1574 133/1566/1575
f 2161/1563/1573 3025/1562/1572 1404/1567/1576
f 439/1556/1567 2162/1555/1566 3026/1569/1578
f 2162/1555/1566 761/1560/1571 2161/1571/1573
f 3026/1569/1578 2161/1571/1573 493/1572/1577
f 1296/1570/1579 3026/1569/1578 1403/1573/1580
f 1381/1429/1450 3027/1576/1583 1315/1575/1582
f 482/1426/1447 2163/1577/1573 3027/1576/1583
f 2163/1577/1573 762/1578/1589 2166/1578/1584
f 3027/1576/1583 2166/1578/1584 449/1578/1585
f 1382/1579/1446 3028/1583/1586 2163/1580/1573
f 137/1582/1445 1361/1584/1587 3028/1583/1586
f 1361/1584/1587 472/1756/1716 2164/1578/1588
f 3028/1583/1586 2164/1578/1588 762/1578/1589
f 762/1578/1589 2164/1578/1588 3029/1585/1590
f 2164/1578/1588 472/1756/1716 1362/1587/1592
f 3029/1585/1590 1362/1587/1592 138/1588/1593
f 2165/1586/1591 3029/1585/1590 1406/1589/1594
f 449/1578/1585 2166/1578/1584 3030/1591/1596
f 2166/1578/1584 762/1578/1589 2165/1593/1591
f 3030/1591/1596 2165/1593/1591 494/1594/1595
f 1316/1592/1597 3030/1591/1596 1405/1595/1598
f 1389/1475/1497 3031/1598/1601 1335/1597/1600
f 486/1472/1494 2167/1599/1591 3031/1598/1601
f 2167/1599/1591 763/1604/1607 2170/1600/1602
f 3031/1598/1601 2170/1600/1602 459/1544/1603
f 1390/1471/1493 3032/1601/1604 2167/1599/1591
f 142/1470/1492 1371/1602/1605 3032/1601/1604
f 1371/1602/1605 477/230/1701 2168/1603/1606
f 3032/1601/1604 2168/1603/1606 763/1604/1607
f 763/1604/1607 2168/1603/1606 3033/1605/1608
f 2168/1603/1606 477/230/1701 1372/229/1609
f 3033/1605/1608 1372/229/1609 143/228/1610
f 2169/1606/1410 3033/1605/1608 1408/1607/1611
f 459/1544/1603 2170/1600/1602 3034/1609/1613
f 2170/1600/1602 763/1604/1607 2169/1606/1410
f 3034/1609/1613 2169/1606/1410 495/1608/1612
f 1336/1610/1614 3034/1609/1613 1407/1611/1615
f 1385/1451/1474 3035/1614/1618 1287/1613/1617
f 484/1450/1471 2171/1615/1490 3035/1614/1618
f 2171/1615/1490 764/1623/1624 2174/1616/1619
f 3035/1614/1618 2174/1616/1619 435/1617/1620
f 1386/1618/1470 3036/1620/1621 2171/1615/1490
f 130/1619/1469 1347/1621/1622 3036/1620/1621
f 1347/1621/1622 465/1792/1737 2172/1622/1623
f 3036/1620/1621 2172/1622/1623 764/1623/1624
f 764/1624/1624 2172/1627/1623 3037/1625/1625
f 2172/1627/1623 465/1792/1737 1348/1628/1627
f 3037/1625/1625 1348/1628/1627 131/1392/1414
f 2173/1626/1626 3037/1625/1625 1379/1391/1413
f 435/1617/1620 2174/1616/1619 3038/1629/1628
f 2174/1616/1619 764/1623/1624 2173/1631/1626
f 3038/1629/1628 2173/1631/1626 481/1632/1408
f 1288/1630/1629 3038/1629/1628 1380/1633/1405
f 1393/1499/1520 3039/1636/1631 1307/1635/1630
f 488/1496/1517 2175/1637/1626 3039/1636/1631
f 2175/1637/1626 765/1648/1637 2178/1638/1632
f 3039/1636/1631 2178/1638/1632 445/1639/1633
f 1394/1640/1516 3040/1644/1634 2175/1641/1626
f 135/1643/1515 1357/1645/1635 3040/1644/1634
f 1357/1645/1635 470/1765/1722 2176/1646/1636
f 3040/1644/1634 2176/1646/1636 765/1647/1637
f 765/1648/1637 2176/1651/1636 3041/1649/1638
f 2176/1651/1636 470/1765/1722 1358/1652/1640
f 3041/1649/1638 1358/1652/1640 136/1416/1437
f 2177/1650/1639 3041/1649/1638 1383/1415/1436
f 445/1639/1633 2178/1638/1632 3042/1653/1641
f 2178/1638/1632 765/1648/1637 2177/1650/1639
f 3042/1653/1641 2177/1650/1639 483/1410/1432
f 1308/1654/1642 3042/1653/1641 1384/1407/1429
f 1397/1525/1543 3043/1656/1644 1327/1655/1643
f 490/1522/1540 2179/1657/1639 3043/1656/1644
f 2179/1657/1639 766/1665/1650 2182/1658/1645
f 3043/1656/1644 2182/1658/1645 455/1659/1646
f 1398/1521/1539 3044/1661/1647 2179/1660/1639
f 140/1520/1538 1367/1662/1648 3044/1661/1647
f 1367/1662/1648 475/1740/1707 2180/1663/1649
f 3044/1661/1647 2180/1663/1649 766/1664/1650
f 766/1665/1650 2180/1668/1649 3045/1666/1651
f 2180/1668/1649 475/1740/1707 1368/1669/1652
f 3045/1666/1651 1368/1669/1652 141/1462/1484
f 2181/1667/1457 3045/1666/1651 1391/1461/1483
f 455/1659/1646 2182/1658/1645 3046/1670/1653
f 2182/1658/1645 766/1665/1650 2181/1667/1457
f 3046/1670/1653 2181/1667/1457 487/1456/1479
f 1328/1671/1654 3046/1670/1653 1392/1453/1476
f 1403/1573/1580 3047/1673/1656 1299/1672/1655
f 493/1572/1577 2183/1674/1559 3047/1673/1656
f 2183/1674/1559 767/1682/1662 2186/1675/1657
f 3047/1673/1656 2186/1675/1657 441/1676/1658
f 1404/1677/1576 3048/1679/1659 2183/1674/1559
f 133/1678/1575 1353/1680/1660 3048/1679/1659
f 1353/1680/1660 468/1785/1728 2184/1681/1661
f 3048/1679/1659 2184/1681/1661 767/1682/1662
f 767/1682/1662 2184/1681/1661 3049/1683/1663
f 2184/1681/1661 468/1785/1728 1354/1685/1665
f 3049/1683/1663 1354/1685/1665 134/1486/1507
f 2185/1684/1664 3049/1683/1663 1395/1485/1506
f 441/1676/1658 2186/1675/1657 3050/1686/1666
f 2186/1675/1657 767/1682/1662 2185/1684/1664
f 3050/1686/1666 2185/1684/1664 489/1480/1502
f 1300/1566/1667 3050/1686/1666 1396/1477/1499
f 1405/1595/1598 3051/1688/1669 1319/1687/1668
f 494/1594/1595 2187/1689/1664 3051/1688/1669
f 2187/1689/1664 768/1697/1675 2190/1690/1670
f 3051/1688/1669 2190/1690/1670 451/1691/1671
f 1406/1692/1594 3052/1694/1672 2187/1689/1664
f 138/1693/1593 1363/1695/1673 3052/1694/1672
f 1363/1695/1673 473/2686/1713 2188/1696/1674
f 3052/1694/1672 2188/1696/1674 768/1697/1675
f 768/1698/1675 2188/1701/1674 3053/1699/1676
f 2188/1701/1674 473/1752/1713 1364/1702/1678
f 3053/1699/1676 1364/1702/1678 139/1703/1530
f 2189/1700/1677 3053/1699/1676 1399/1704/1529
f 451/1691/1671 2190/1690/1670 3054/1706/1679
f 2190/1690/1670 768/1697/1675 2189/1707/1677
f 3054/1706/1679 2189/1707/1677 491/1504/1525
f 1320/1510/1680 3054/1706/1679 1400/1501/1522
f 1407/1611/1615 3055/1709/1682 1339/1708/1681
f 495/1608/1612 2191/1710/1677 3055/1709/1682
f 2191/1710/1677 769/1715/1688 2194/1711/1683
f 3055/1709/1682 2194/1711/1683 461/1712/1684
f 1408/1607/1611 3056/1713/1685 2191/1710/1677
f 143/228/1610 1373/335/1686 3056/1713/1685
f 1373/335/1686 478/333/1698 2192/1714/1687
f 3056/1713/1685 2192/1714/1687 769/1715/1688
f 769/1715/1688 2192/1714/1687 3057/1716/1689
f 2192/1714/1687 478/333/1698 1374/1718/1690
f 3057/1716/1689 1374/1718/1690 144/1719/1553
f 2193/1717/1565 3057/1716/1689 1401/1720/1552
f 461/1712/1684 2194/1711/1683 3058/1721/1691
f 2194/1711/1683 769/1715/1688 2193/1717/1565
f 3058/1721/1691 2193/1717/1565 492/1530/1548
f 1340/1722/1692 3058/1721/1691 1402/1723/1545
f 1376/1543/1560 3059/1727/1694 1345/1725/1463
f 479/1726/1693 2195/1728/1695 3059/1727/1694
f 2195/1728/1695 770/2685/3092 2210/1729/1696
f 3059/1727/1694 2210/1729/1696 464/337/1697
f 1374/1718/1690 3060/1731/1699 1375/1730/1555
f 478/333/1698 2196/1732/1700 3060/1731/1699
f 2196/1732/1700 770/2685/3092 2195/1728/1695
f 3060/1731/1699 2195/1728/1695 479/1726/1693
f 1372/371/1609 3061/374/1702 1373/370/1686
f 477/377/1701 2197/376/1703 3061/374/1702
f 2197/376/1703 770/2685/3092 2196/375/1700
f 3061/374/1702 2196/375/1700 478/373/1698
f 1370/1469/1491 3062/1734/1705 1371/1602/1605
f 476/1733/1704 2198/1735/1706 3062/1734/1705
f 2198/1735/1706 770/2685/3092 2197/1736/1703
f 3062/1734/1705 2197/1736/1703 477/230/1701
f 1368/1737/1652 3063/1741/1708 1369/1738/1486
f 475/1740/1707 2199/1742/1709 3063/1741/1708
f 2199/1742/1709 770/2685/3092 2198/1743/1706
f 3063/1741/1708 2198/1743/1706 476/1744/1704
f 1366/1745/1537 3064/1749/1711 1367/1746/1648
f 474/1748/1710 2200/1750/1712 3064/1749/1711
f 2200/1750/1712 770/2685/3092 2199/1742/1709
f 3064/1749/1711 2199/1742/1709 475/1740/1707
f 1364/1702/1678 3065/1753/1714 1365/1751/1532
f 473/1752/1713 2201/1754/1715 3065/1753/1714
f 2201/1754/1715 770/2685/3092 2200/1750/1712
f 3065/1753/1714 2200/1750/1712 474/1748/1710
f 1362/1587/1592 3066/1757/1717 1363/1755/1673
f 472/1756/1716 2202/1758/1718 3066/1757/1717
f 2202/1758/1718 770/2685/3092 2201/1754/1715
f 3066/1757/1717 2201/1754/1715 473/1752/1713
f 1360/1759/1444 3067/1761/1720 1361/1584/1587
f 471/1760/1719 2203/1762/1721 3067/1761/1720
f 2203/1762/1721 770/2685/3092 2202/1758/1718
f 3067/1761/1720 2202/1758/1718 472/1756/1716
f 1358/1763/1640 3068/1766/1723 1359/1764/1439
f 470/1765/1722 2204/1767/1724 3068/1766/1723
f 2204/1767/1724 770/2685/3092 2203/1762/1721
f 3068/1766/1723 2203/1762/1721 471/1760/1719
f 1356/1493/1514 3069/1770/1726 1357/1768/1635
f 469/1769/1725 2205/1771/1727 3069/1770/1726
f 2205/1771/1727 770/2685/3092 2204/1767/1724
f 3069/1770/1726 2204/1767/1724 470/1765/1722
f 1354/1772/1665 3070/1776/1729 1355/1773/1509
f 468/1775/1728 2206/1777/1730 3070/1776/1729
f 2206/1777/1730 770/2685/3092 2205/1778/1727
f 3070/1776/1729 2205/1778/1727 469/1779/1725
f 1352/1780/1574 3071/1782/1732 1353/1680/1660
f 467/1781/1731 2207/1783/1733 3071/1782/1732
f 2207/1783/1733 770/2685/3092 2206/1784/1730
f 3071/1782/1732 2206/1784/1730 468/1785/1728
f 1350/1786/1421 3072/1790/1735 1351/1787/1569
f 466/1789/1734 2208/1791/1736 3072/1790/1735
f 2208/1791/1736 770/2685/3092 2207/1783/1733
f 3072/1790/1735 2207/1783/1733 467/1781/1731
f 1348/1628/1627 3073/1793/1738 1349/1394/1416
f 465/1792/1737 2209/1794/1739 3073/1793/1738
f 2209/1794/1739 770/2685/3092 2208/1795/1736
f 3073/1793/1738 2208/1795/1736 466/1796/1734
f 1346/1797/1468 3074/1798/1740 1347/1621/1622
f 464/337/1697 2210/1729/1696 3074/1798/1740
f 2210/1729/1696 770/2685/3092 2209/1794/1739
f 3074/1798/1740 2209/1794/1739 465/1792/1737
f 128/1529/1547 1343/1528/1546 3075/1799/1741
f 1343/1528/1546 463/1534/1551 2211/1801/1743
f 2211/1801/1743 771/1807/1749 2214/1802/1744
f 3075/1799/1741 2214/1802/1744 462/1803/1745
f 1344/1548/1562 3076/1804/1746 2211/1801/1743
f 113/1551/1454 1409/1805/1747 3076/1804/1746
f 1409/1805/1747 496/1809/1751 2212/1806/1748
f 2211/1801/1743 3076/1804/1746 2212/1806/1748
f 2212/1806/1748 3077/1810/1752 2213/1808/1750
f 496/1809/1751 1410/2687/1995 3077/1810/1752
f 3077/1810/1752 1410/2687/1995 145/1811/1753
f 2213/1808/1750 3077/1810/1752 1442/1812/1754
f 462/1803/1745 2214/1802/1744 3078/1814/1756
f 2214/1802/1744 771/1807/1749 2213/1808/1750
f 3078/1814/1756 2213/1808/1750 512/1813/1755
f 1341/1815/1757 3078/1814/1756 1441/1816/1758
f 127/1612/1616 1339/1708/1681 3079/1818/1760
f 1339/1708/1681 461/1712/1684 2215/1820/1762
f 2215/1820/1762 772/1826/1767 2218/1821/1763
f 1338/1819/1761 3079/1818/1760 2218/1821/1763
f 1340/1823/1692 3080/1824/1765 2215/1820/1762
f 128/1529/1547 1342/1800/1742 3080/1824/1765
f 1342/1800/1742 462/1803/1745 2216/1825/1766
f 2215/1820/1762 3080/1824/1765 2216/1825/1766
f 772/1826/1767 2216/1825/1766 3081/1827/1768
f 2216/1825/1766 462/1803/1745 1341/1815/1757
f 3081/1827/1768 1341/1815/1757 160/1817/1759
f 2217/1828/1769 3081/1827/1768 1444/1829/1770
f 460/1822/1764 2218/1821/1763 3082/1831/1772
f 2218/1821/1763 772/1826/1767 2217/1828/1769
f 3082/1831/1772 2217/1828/1769 513/1830/1771
f 1337/1832/1773 3082/1831/1772 1443/1833/1774
f 126/1476/1498 1335/1597/1600 3083/1835/1776
f 1335/1597/1600 459/1544/1603 2219/1837/1778
f 2219/1837/1778 773/1842/1783 2222/1838/1779
f 1334/1836/1777 3083/1835/1776 2222/1838/1779
f 1336/1610/1614 3084/1840/1781 2219/1837/1778
f 127/1612/1616 1338/1819/1761 3084/1840/1781
f 1338/1819/1761 460/1822/1764 2220/1841/1782
f 2219/1837/1778 3084/1840/1781 2220/1841/1782
f 773/1842/1783 2220/1841/1782 3085/1843/1784
f 2220/1841/1782 460/1822/1764 1337/1832/1773
f 3085/1843/1784 1337/1832/1773 159/1834/1775
f 2221/1844/1785 3085/1843/1784 1446/1845/1786
f 458/1839/1780 2222/1838/1779 3086/1847/1788
f 2222/1838/1779 773/1842/1783 2221/1844/1785
f 3086/1847/1788 2221/1844/1785 514/1846/1787
f 1333/1848/1789 3086/1847/1788 1445/1849/1790
f 125/1455/1478 1331/1454/1477 3087/1851/1792
f 1331/1454/1477 457/1460/1482 2223/1853/1794
f 2223/1853/1794 774/1858/1799 2226/1854/1795
f 1330/1852/1793 3087/1851/1792 2226/1854/1795
f 1332/1474/1496 3088/1856/1797 2223/1853/1794
f 126/1476/1498 1334/1836/1777 3088/1856/1797
f 1334/1836/1777 458/1839/1780 2224/1857/1798
f 2223/1853/1794 3088/1856/1797 2224/1857/1798
f 774/1858/1799 2224/1857/1798 3089/1859/1800
f 2224/1857/1798 458/1839/1780 1333/1848/1789
f 3089/1859/1800 1333/1848/1789 158/1850/1791
f 2225/1860/1801 3089/1859/1800 1448/1861/1802
f 456/1855/1796 2226/1854/1795 3090/1863/1804
f 2226/1854/1795 774/1858/1799 2225/1860/1801
f 3090/1863/1804 2225/1860/1801 515/1862/1803
f 1329/1864/1805 3090/1863/1804 1447/1865/1806
f 124/1526/1544 1327/1655/1643 3091/1867/1808
f 1327/1655/1643 455/1659/1646 2227/1869/1810
f 2227/1869/1810 775/1874/1815 2230/1870/1811
f 1326/1868/1809 3091/1867/1808 2230/1870/1811
f 1328/1671/1654 3092/1872/1813 2227/1869/1810
f 125/1455/1478 1330/1852/1793 3092/1872/1813
f 1330/1852/1793 456/1855/1796 2228/1873/1814
f 2227/1869/1810 3092/1872/1813 2228/1873/1814
f 2228/1873/1814 3093/1876/1817 2229/1875/1816
f 456/1855/1796 1329/1864/1805 3093/1876/1817
f 1329/1864/1805 157/1866/1807 1450/1877/1818
f 3093/1876/1817 1450/1877/1818 516/1878/1819
f 2230/1870/1811 3094/1880/1821 1325/1879/1820
f 775/1874/1815 2229/1875/1816 3094/1880/1821
f 2229/1875/1816 516/1878/1819 1449/1881/1822
f 3094/1880/1821 1449/1881/1822 156/1882/1823
f 123/1503/1524 1323/1502/1523 3095/1883/1824
f 1323/1502/1523 453/1508/1528 2231/1885/1826
f 2231/1885/1826 776/1890/1831 2234/1886/1827
f 1322/1884/1825 3095/1883/1824 2234/1886/1827
f 1324/1524/1542 3096/1888/1829 2231/1885/1826
f 124/1526/1544 1326/1868/1809 3096/1888/1829
f 1326/1868/1809 454/1871/1812 2232/1889/1830
f 2231/1885/1826 3096/1888/1829 2232/1889/1830
f 2232/1889/1830 3097/1892/1833 2233/1891/1832
f 454/1871/1812 1325/1879/1820 3097/1892/1833
f 1325/1879/1820 156/1882/1823 1452/1893/1834
f 3097/1892/1833 1452/1893/1834 517/1894/1835
f 2234/1886/1827 3098/1896/1837 1321/1895/1836
f 776/1890/1831 2233/1891/1832 3098/1896/1837
f 2233/1891/1832 517/1894/1835 1451/1897/1838
f 3098/1896/1837 1451/1897/1838 155/1898/1839
f 122/1596/1599 1319/1687/1668 3099/1899/1840
f 1319/1687/1668 451/1691/1671 2235/1901/1842
f 2235/1901/1842 777/1906/1847 2238/1902/1843
f 1318/1900/1841 3099/1899/1840 2238/1902/1843
f 1320/1510/1680 3100/1904/1845 2235/1901/1842
f 123/1503/1524 1322/1884/1825 3100/1904/1845
f 1322/1884/1825 452/1887/1828 2236/1905/1846
f 2235/1901/1842 3100/1904/1845 2236/1905/1846
f 2236/1905/1846 3101/1908/1849 2237/1907/1848
f 452/1887/1828 1321/1895/1836 3101/1908/1849
f 1321/1895/1836 155/1898/1839 1454/1909/1850
f 3101/1908/1849 1454/1909/1850 518/1910/1851
f 2238/1902/1843 3102/1912/1853 1317/1911/1852
f 777/1906/1847 2237/1907/1848 3102/1912/1853
f 2237/1907/1848 518/1910/1851 1453/1913/1854
f 3102/1912/1853 1453/1913/1854 154/1914/1855
f 121/1430/1451 1315/1575/1582 3103/1915/1856
f 1315/1575/1582 449/1578/1585 2239/1917/1858
f 2239/1917/1858 778/1922/1863 2242/1918/1859
f 1314/1916/1857 3103/1915/1856 2242/1918/1859
f 1316/1592/1597 3104/1920/1861 2239/1917/1858
f 122/1596/1599 1318/1900/1841 3104/1920/1861
f 1318/1900/1841 450/1903/1844 2240/1921/1862
f 2239/1917/1858 3104/1920/1861 2240/1921/1862
f 2240/1921/1862 3105/1924/1865 2241/1923/1864
f 450/1903/1844 1317/1911/1852 3105/1924/1865
f 1317/1911/1852 154/1914/1855 1456/1925/1866
f 3105/1924/1865 1456/1925/1866 519/1926/1867
f 448/1919/1860 2242/1918/1859 3106/1927/1868
f 2242/1918/1859 778/1922/1863 2241/1923/1864
f 2241/1923/1864 519/1926/1867 1455/1929/1870
f 3106/1927/1868 1455/1929/1870 153/1930/1871
f 120/1409/1431 1311/1408/1430 3107/1931/1872
f 1311/1408/1430 447/1414/1435 2243/1933/1874
f 2243/1933/1874 779/1938/1879 2246/1934/1875
f 1310/1932/1873 3107/1931/1872 2246/1934/1875
f 1312/1428/1449 3108/1936/1877 2243/1933/1874
f 121/1430/1451 1314/1916/1857 3108/1936/1877
f 1314/1916/1857 448/1919/1860 2244/1937/1878
f 2243/1933/1874 3108/1936/1877 2244/1937/1878
f 2244/1937/1878 3109/1940/1881 2245/1939/1880
f 448/1919/1860 1313/1928/1869 3109/1940/1881
f 3109/1940/1881 1313/1928/1869 153/1930/1871
f 3109/1940/1881 1458/1941/1882 520/1942/1883
f 446/1935/1876 2246/1934/1875 3110/1943/1884
f 2246/1934/1875 779/1938/1879 2245/1939/1880
f 2245/1939/1880 520/1942/1883 1457/1945/1886
f 3110/1943/1884 1457/1945/1886 152/1946/1887
f 119/1500/1521 1307/1635/1630 3111/1947/1888
f 1307/1635/1630 445/1639/1633 2247/1949/1890
f 2247/1949/1890 780/1954/1895 2250/1950/1891
f 1306/1948/1889 3111/1947/1888 2250/1950/1891
f 1308/1654/1642 3112/1952/1893 2247/1949/1890
f 120/1409/1431 1310/1932/1873 3112/1952/1893
f 1310/1932/1873 446/1935/1876 2248/1953/1894
f 2247/1949/1890 3112/1952/1893 2248/1953/1894
f 2248/1953/1894 3113/1956/1897 2249/1955/1896
f 446/1935/1876 1309/1944/1885 3113/1956/1897
f 3113/1956/1897 1309/1944/1885 152/1946/1887
f 3113/1956/1897 1460/1957/1898 521/1958/1899
f 444/1951/1892 2250/1950/1891 3114/1959/1900
f 2250/1950/1891 780/1954/1895 2249/1955/1896
f 2249/1955/1896 521/1958/1899 1459/1961/1902
f 3114/1959/1900 1459/1961/1902 151/1962/1903
f 118/1479/1501 1303/1478/1500 3115/1963/1904
f 1303/1478/1500 443/1484/1505 2251/1965/1906
f 2251/1965/1906 781/1970/1911 2254/1966/1907
f 1302/1964/1905 3115/1963/1904 2254/1966/1907
f 1304/1498/1519 3116/1968/1909 2251/1965/1906
f 119/1500/1521 1306/1948/1889 3116/1968/1909
f 1306/1948/1889 444/1951/1892 2252/1969/1910
f 2251/1965/1906 3116/1968/1909 2252/1969/1910
f 2252/1969/1910 3117/1972/1913 2253/1971/1912
f 444/1951/1892 1305/1960/1901 3117/1972/1913
f 3117/1972/1913 1305/1960/1901 151/1962/1903
f 2253/1971/1912 3117/1972/1913 1462/1973/1914
f 442/1967/1908 2254/1966/1907 3118/1975/1916
f 2254/1966/1907 781/1970/1911 2253/1971/1912
f 2253/1971/1912 522/1974/1915 1461/1977/1918
f 3118/1975/1916 1461/1977/1918 150/1978/1919
f 117/1574/1581 1299/1672/1655 3119/1979/1920
f 1299/1672/1655 441/1676/1658 2255/1981/1922
f 2255/1981/1922 782/1986/1927 2258/1982/1923
f 1298/1980/1921 3119/1979/1920 2258/1982/1923
f 1300/1566/1667 3120/1984/1925 2255/1981/1922
f 118/1479/1501 1302/1964/1905 3120/1984/1925
f 1302/1964/1905 442/1967/1908 2256/1985/1926
f 2255/1981/1922 3120/1984/1925 2256/1985/1926
f 2256/1985/1926 3121/1988/1929 2257/1987/1928
f 442/1967/1908 1301/1976/1917 3121/1988/1929
f 3121/1988/1929 1301/1976/1917 150/1978/1919
f 2257/1987/1928 3121/1988/1929 1464/1989/1930
f 440/1983/1924 2258/1982/1923 3122/1991/1932
f 2258/1982/1923 782/1986/1927 2257/1987/1928
f 2257/1987/1928 523/1990/1931 1463/1993/1934
f 3122/1991/1932 1463/1993/1934 149/1994/1935
f 116/1406/1428 1295/1552/1563 3123/1995/1936
f 1295/1552/1563 439/1556/1567 2259/1997/1938
f 2259/1997/1938 783/2002/1943 2262/1998/1939
f 1294/1996/1937 3123/1995/1936 2262/1998/1939
f 1296/1570/1579 3124/2000/1941 2259/1997/1938
f 117/1574/1581 1298/1980/1921 3124/2000/1941
f 1298/1980/1921 440/1983/1924 2260/2001/1942
f 2259/1997/1938 3124/2000/1941 2260/2001/1942
f 2260/2001/1942 3125/2004/1945 2261/2003/1944
f 440/1983/1924 1297/1992/1933 3125/2004/1945
f 3125/2004/1945 1297/1992/1933 149/1994/1935
f 3125/2004/1945 1466/2005/1946 524/2006/1947
f 438/1999/1940 2262/1998/1939 3126/2007/1948
f 2262/1998/1939 783/2002/1943 2261/2003/1944
f 2261/2003/1944 524/2006/1947 1465/2009/1950
f 3126/2007/1948 1465/2009/1950 148/2010/1951
f 115/1634/1407 1291/2013/1406 3127/2011/1952
f 1291/2013/1406 437/1390/1412 2263/2014/1954
f 2263/2014/1954 784/2019/1959 2266/2015/1955
f 3127/2011/1952 2266/2015/1955 436/2016/1956
f 1292/1404/1426 3128/2017/1957 2263/2014/1954
f 116/1406/1428 1294/1996/1937 3128/2017/1957
f 1294/1996/1937 438/1999/1940 2264/2018/1958
f 2263/2014/1954 3128/2017/1957 2264/2018/1958
f 2264/2018/1958 3129/2021/1961 2265/2020/1960
f 438/1999/1940 1293/2008/1949 3129/2021/1961
f 3129/2021/1961 1293/2008/1949 148/2010/1951
f 3129/2021/1961 1468/2022/1962 525/2023/1963
f 436/2016/1956 2266/2015/1955 3130/2024/1964
f 2266/2015/1955 784/2019/1959 2265/2020/1960
f 2265/2020/1960 525/2023/1963 1467/2026/1966
f 3130/2024/1964 1467/2026/1966 147/2027/1967
f 114/1452/1475 1287/1613/1617 3131/2028/1968
f 1287/1613/1617 435/1617/1620 2267/2030/1970
f 2267/2030/1970 785/2035/1975 2270/2031/1971
f 1286/2029/1969 3131/2028/1968 2270/2031/1971
f 1288/1630/1629 3132/2033/1973 2267/2030/1970
f 115/1634/1407 1290/2012/1953 3132/2033/1973
f 3132/2033/1973 1290/2012/1953 436/2016/1956
f 2267/2030/1970 3132/2033/1973 2268/2034/1974
f 2268/2034/1974 3133/2037/1977 2269/2036/1976
f 436/2016/1956 1289/2025/1965 3133/2037/1977
f 3133/2037/1977 1289/2025/1965 147/2027/1967
f 2269/2036/1976 3133/2037/1977 1470/2038/1978
f 434/2032/1972 2270/2031/1971 3134/2040/1980
f 2270/2031/1971 785/2035/1975 2269/2036/1976
f 2269/2036/1976 526/2039/1979 1469/2042/1982
f 3134/2040/1980 1469/2042/1982 146/2043/1983
f 113/1433/1454 1283/1432/1453 3135/2044/1984
f 1283/1432/1453 433/1437/1459 2271/2046/1985
f 2271/2046/1985 786/2051/1989 2274/2047/1986
f 1409/2045/1747 3135/2044/1984 2274/2047/1986
f 1284/1448/1473 3136/2049/1987 2271/2046/1985
f 114/1452/1475 1286/2029/1969 3136/2049/1987
f 1286/2029/1969 434/2032/1972 2272/2050/1988
f 2271/2046/1985 3136/2049/1987 2272/2050/1988
f 2272/2050/1988 3137/2053/1991 2273/2052/1990
f 434/2032/1972 1285/2041/1981 3137/2053/1991
f 3137/2053/1991 1285/2041/1981 146/2043/1983
f 2273/2052/1990 3137/2053/1991 1472/2054/1992
f 496/2048/1751 2274/2047/1986 3138/2056/1994
f 2274/2047/1986 786/2051/1989 2273/2052/1990
f 2273/2052/1990 527/2055/1993 1471/2058/1996
f 3138/2056/1994 1471/2058/1996 145/2059/1753
f 160/1817/1759 1441/1816/1758 3139/2060/1997
f 1441/1816/1758 512/1813/1755 2275/2062/1999
f 3139/2060/1997 2275/2062/1999 787/2063/2000
f 1440/2061/1998 3139/2060/1997 2278/2064/2001
f 512/1813/1755 1442/1812/1754 3140/2066/2003
f 1442/1812/1754 145/1811/1753 1473/2067/2004
f 3140/2066/2003 1473/2067/2004 528/2068/2005
f 2275/2062/1999 3140/2066/2003 2276/2069/2006
f 787/2063/2000 2276/2069/2006 3141/2070/2007
f 2276/2069/2006 528/2068/2005 1474/2072/2009
f 3141/2070/2007 1474/2072/2009 161/1190/2010
f 2277/2071/2008 3141/2070/2007 1476/2073/2011
f 511/2065/2002 2278/2064/2001 3142/2074/2013
f 2278/2064/2001 787/2063/2000 2277/2071/2008
f 3142/2074/2013 2277/2071/2008 529/1194/2012
f 1439/2075/2014 3142/2074/2013 1475/2076/2015
f 159/1834/1775 1443/1833/1774 3143/2078/2017
f 1443/1833/1774 513/1830/1771 2279/2080/2019
f 3143/2078/2017 2279/2080/2019 788/2081/2020
f 1438/2079/2018 3143/2078/2017 2282/2082/2021
f 513/1830/1771 1444/1829/1770 3144/2084/2023
f 1444/1829/1770 160/1817/1759 1440/2061/1998
f 3144/2084/2023 1440/2061/1998 511/2065/2002
f 2279/2080/2019 3144/2084/2023 2280/2085/2024
f 788/2081/2020 2280/2085/2024 3145/2086/2025
f 2280/2085/2024 511/2065/2002 1439/2075/2014
f 3145/2086/2025 1439/2075/2014 176/2077/2016
f 2281/2087/2026 3145/2086/2025 1478/2088/2027
f 510/2083/2022 2282/2082/2021 3146/2090/2029
f 2282/2082/2021 788/2081/2020 2281/2087/2026
f 3146/2090/2029 2281/2087/2026 530/2089/2028
f 1437/2091/2030 3146/2090/2029 1477/2092/2031
f 158/1850/1791 1445/1849/1790 3147/2093/2033
f 1445/1849/1790 514/1846/1787 2283/2095/2035
f 3147/2093/2033 2283/2095/2035 789/2096/2036
f 1436/2094/2034 3147/2093/2033 2286/2097/2037
f 514/1846/1787 1446/1845/1786 3148/2099/2039
f 1446/1845/1786 159/1834/1775 1438/2079/2018
f 3148/2099/2039 1438/2079/2018 510/2083/2022
f 2283/2095/2035 3148/2099/2039 2284/2100/2040
f 789/2096/2036 2284/2100/2040 3149/2101/2041
f 2284/2100/2040 510/2083/2022 1437/2091/2030
f 3149/2101/2041 1437/2091/2030 175/962/2032
f 2285/2102/2042 3149/2101/2041 1480/2103/2043
f 509/2098/2038 2286/2097/2037 3150/2105/2045
f 2286/2097/2037 789/2096/2036 2285/2102/2042
f 3150/2105/2045 2285/2102/2042 531/2104/2044
f 1435/2106/2046 3150/2105/2045 1479/2107/2047
f 157/1866/1807 1447/1865/1806 3151/2109/2049
f 1447/1865/1806 515/1862/1803 2287/2111/2051
f 3151/2109/2049 2287/2111/2051 790/2112/2052
f 1434/2110/2050 3151/2109/2049 2290/2113/2053
f 515/1862/1803 1448/1861/1802 3152/2115/2055
f 1448/1861/1802 158/1850/1791 1436/2094/2034
f 3152/2115/2055 1436/2094/2034 509/2098/2038
f 2287/2111/2051 3152/2115/2055 2288/2116/2056
f 790/2112/2052 2288/2116/2056 3153/2117/2057
f 2288/2116/2056 509/2098/2038 1435/2106/2046
f 3153/2117/2057 1435/2106/2046 174/2108/2048
f 2289/2118/2058 3153/2117/2057 1482/2119/2059
f 508/2114/2054 2290/2113/2053 3154/2121/2061
f 2290/2113/2053 790/2112/2052 2289/2118/2058
f 3154/2121/2061 2289/2118/2058 532/2120/2060
f 1433/2122/2062 3154/2121/2061 1481/2123/2063
f 1449/1881/1822 3155/2125/2066 1432/2124/2065
f 516/1878/1819 2291/2126/2067 3155/2125/2066
f 2291/2126/2067 791/2131/2072 2294/2127/2068
f 3155/2125/2066 2294/2127/2068 507/2128/2069
f 1450/1877/1818 3156/2129/2070 2291/2126/2067
f 157/1866/1807 1434/2110/2050 3156/2129/2070
f 1434/2110/2050 508/2114/2054 2292/2130/2071
f 3156/2129/2070 2292/2130/2071 791/2131/2072
f 2292/2130/2071 3157/2133/2074 2293/2132/2073
f 508/2114/2054 1433/2122/2062 3157/2133/2074
f 1433/2122/2062 173/1353/2064 1484/2134/2075
f 3157/2133/2074 1484/2134/2075 533/2135/2076
f 2294/2127/2068 3158/2137/2078 1431/2136/2077
f 791/2131/2072 2293/2132/2073 3158/2137/2078
f 2293/2132/2073 533/2135/2076 1483/2138/2079
f 3158/2137/2078 1483/2138/2079 172/1327/2080
f 1451/1897/1838 3159/2140/2082 1430/2139/2081
f 517/1894/1835 2295/2141/2083 3159/2140/2082
f 2295/2141/2083 792/2146/2088 2298/2142/2084
f 3159/2140/2082 2298/2142/2084 506/2143/2085
f 1452/1893/1834 3160/2144/2086 2295/2141/2083
f 156/1882/1823 1432/2124/2065 3160/2144/2086
f 1432/2124/2065 507/2128/2069 2296/2145/2087
f 3160/2144/2086 2296/2145/2087 792/2146/2088
f 2296/2145/2087 3161/2148/2090 2297/2147/2089
f 507/2128/2069 1431/2136/2077 3161/2148/2090
f 1431/2136/2077 172/1327/2080 1486/2149/2091
f 3161/2148/2090 1486/2149/2091 534/2150/2092
f 2298/2142/2084 3162/2152/2094 1429/2151/2093
f 792/2146/2088 2297/2147/2089 3162/2152/2094
f 2297/2147/2089 534/2150/2092 1485/2153/2095
f 3162/2152/2094 1485/2153/2095 171/2154/2096
f 1453/1913/1854 3163/2156/2098 1428/2155/2097
f 518/1910/1851 2299/2157/2099 3163/2156/2098
f 2299/2157/2099 793/2162/2104 2302/2158/2100
f 3163/2156/2098 2302/2158/2100 505/2159/2101
f 1454/1909/1850 3164/2160/2102 2299/2157/2099
f 155/1898/1839 1430/2139/2081 3164/2160/2102
f 1430/2139/2081 506/2143/2085 2300/2161/2103
f 3164/2160/2102 2300/2161/2103 793/2162/2104
f 2300/2161/2103 3165/2164/2106 2301/2163/2105
f 506/2143/2085 1429/2151/2093 3165/2164/2106
f 1429/2151/2093 171/2154/2096 1488/2165/2107
f 3165/2164/2106 1488/2165/2107 535/2166/2108
f 2302/2158/2100 3166/2168/2110 1427/2167/2109
f 793/2162/2104 2301/2163/2105 3166/2168/2110
f 2301/2163/2105 535/2166/2108 1487/1320/2111
f 3166/2168/2110 1487/1320/2111 170/2169/2112
f 1455/1929/1870 3167/2171/2114 1426/2170/2113
f 519/1926/1867 2303/2172/2115 3167/2171/2114
f 2303/2172/2115 794/2177/2120 2306/2173/2116
f 3167/2171/2114 2306/2173/2116 504/2174/2117
f 1456/1925/1866 3168/2175/2118 2303/2172/2115
f 154/1914/1855 1428/2155/2097 3168/2175/2118
f 1428/2155/2097 505/2159/2101 2304/2176/2119
f 3168/2175/2118 2304/2176/2119 794/2177/2120
f 2304/2176/2119 3169/2179/2122 2305/2178/2121
f 505/2159/2101 1427/2167/2109 3169/2179/2122
f 1427/2167/2109 170/2169/2112 1490/2180/2123
f 3169/2179/2122 1490/2180/2123 536/2181/2124
f 2306/2173/2116 3170/2183/2126 1425/2182/2125
f 794/2177/2120 2305/2178/2121 3170/2183/2126
f 2305/2178/2121 536/2181/2124 1489/2184/2127
f 3170/2183/2126 1489/2184/2127 169/2185/2128
f 152/1946/1887 1457/1945/1886 3171/2186/2129
f 520/1942/1883 2307/2188/2131 3171/2186/2129
f 2307/2188/2131 795/2193/2136 2310/2189/2132
f 3171/2186/2129 2310/2189/2132 503/2190/2133
f 1458/1941/1882 3172/2191/2134 2307/2188/2131
f 153/1930/1871 1426/2170/2113 3172/2191/2134
f 1426/2170/2113 504/2174/2117 2308/2192/2135
f 3172/2191/2134 2308/2192/2135 795/2193/2136
f 2308/2192/2135 3173/2195/2138 2309/2194/2137
f 504/2174/2117 1425/2182/2125 3173/2195/2138
f 1425/2182/2125 169/2185/2128 1492/2196/2139
f 3173/2195/2138 1492/2196/2139 537/2197/2140
f 2310/2189/2132 3174/2199/2142 1423/2198/2141
f 795/2193/2136 2309/2194/2137 3174/2199/2142
f 2309/2194/2137 537/2197/2140 1491/2200/2143
f 3174/2199/2142 1491/2200/2143 168/1056/2144
f 151/1962/1903 1459/1961/1902 3175/2201/2145
f 521/1958/1899 2311/2203/2147 3175/2201/2145
f 2311/2203/2147 796/2208/2152 2314/2204/2148
f 3175/2201/2145 2314/2204/2148 502/2205/2149
f 1460/1957/1898 3176/2206/2150 2311/2203/2147
f 152/1946/1887 1424/2187/2130 3176/2206/2150
f 1424/2187/2130 503/2190/2133 2312/2207/2151
f 2311/2203/2147 3176/2206/2150 2312/2207/2151
f 796/2208/2152 2312/2207/2151 3177/2209/2153
f 503/2190/2133 1423/2198/2141 3177/2209/2153
f 1423/2198/2141 168/1056/2144 1494/1078/2155
f 3177/2209/2153 1494/1078/2155 538/1075/2156
f 2314/2204/2148 3178/2212/2158 1421/2211/2157
f 796/2208/2152 2313/2210/2154 3178/2212/2158
f 2313/2210/2154 538/1075/2156 1493/1074/2159
f 3178/2212/2158 1493/1074/2159 167/1096/2160
f 1461/1977/1918 3179/2214/2162 1420/2213/2161
f 522/1974/1915 2315/2215/2163 3179/2214/2162
f 2315/2215/2163 797/2220/2168 2318/2216/2164
f 3179/2214/2162 2318/2216/2164 501/2217/2165
f 522/1974/1915 1462/1973/1914 3180/2218/2166
f 151/1962/1903 1422/2202/2146 3180/2218/2166
f 1422/2202/2146 502/2205/2149 2316/2219/2167
f 2315/2215/2163 3180/2218/2166 2316/2219/2167
f 797/2220/2168 2316/2219/2167 3181/2221/2169
f 502/2205/2149 1421/2211/2157 3181/2221/2169
f 3181/2221/2169 1421/2211/2157 167/1096/2160
f 3181/2221/2169 1496/2223/2171 539/2224/2172
f 2318/2216/2164 3182/2226/2174 1419/2225/2173
f 797/2220/2168 2317/2222/2170 3182/2226/2174
f 2317/2222/2170 539/2224/2172 1495/2227/2175
f 3182/2226/2174 1495/2227/2175 166/2228/2176
f 149/1994/1935 1463/1993/1934 3183/2229/2177
f 523/1990/1931 2319/2231/2179 3183/2229/2177
f 2319/2231/2179 798/2236/2184 2322/2232/2180
f 3183/2229/2177 2322/2232/2180 500/2233/2181
f 1464/1989/1930 3184/2234/2182 2319/2231/2179
f 150/1978/1919 1420/2213/2161 3184/2234/2182
f 1420/2213/2161 501/2217/2165 2320/2235/2183
f 2319/2231/2179 3184/2234/2182 2320/2235/2183
f 798/2236/2184 2320/2235/2183 3185/2237/2185
f 501/2217/2165 1419/2225/2173 3185/2237/2185
f 1419/2225/2173 166/2228/2176 1498/2239/2187
f 3185/2237/2185 1498/2239/2187 540/1110/2188
f 2322/2232/2180 3186/2241/2190 1417/2240/2189
f 798/2236/2184 2321/2238/2186 3186/2241/2190
f 2321/2238/2186 540/1110/2188 1497/1296/2191
f 3186/2241/2190 1497/1296/2191 165/1175/2192
f 148/2010/1951 1465/2009/1950 3187/2242/2193
f 524/2006/1947 2323/2244/2195 3187/2242/2193
f 2323/2244/2195 799/2249/2200 2326/2245/2196
f 3187/2242/2193 2326/2245/2196 499/2246/2197
f 1466/2005/1946 3188/2247/2198 2323/2244/2195
f 149/1994/1935 1418/2230/2178 3188/2247/2198
f 1418/2230/2178 500/2233/2181 2324/2248/2199
f 2323/2244/2195 3188/2247/2198 2324/2248/2199
f 799/2249/2200 2324/2248/2199 3189/2250/2201
f 2324/2248/2199 500/2233/2181 1417/2240/2189
f 3189/2250/2201 1417/2240/2189 165/1175/2192
f 2325/2251/2202 3189/2250/2201 1500/2252/2203
f 2326/2245/2196 3190/2254/2206 1415/2253/2205
f 799/2249/2200 2325/2251/2202 3190/2254/2206
f 2325/2251/2202 541/1173/2204 1499/2255/2207
f 3190/2254/2206 1499/2255/2207 164/2256/2208
f 147/2027/1967 1467/2026/1966 3191/2257/2209
f 525/2023/1963 2327/2259/2211 3191/2257/2209
f 2327/2259/2211 800/2264/2216 2330/2260/2212
f 3191/2257/2209 2330/2260/2212 498/2261/2213
f 1468/2022/1962 3192/2262/2214 2327/2259/2211
f 148/2010/1951 1416/2243/2194 3192/2262/2214
f 1416/2243/2194 499/2246/2197 2328/2263/2215
f 2327/2259/2211 3192/2262/2214 2328/2263/2215
f 800/2264/2216 2328/2263/2215 3193/2265/2217
f 499/2246/2197 1415/2253/2205 3193/2265/2217
f 1415/2253/2205 164/2256/2208 1502/2267/2219
f 3193/2265/2217 1502/2267/2219 542/1177/2220
f 2330/2260/2212 3194/2269/2222 1413/2268/2221
f 800/2264/2216 2329/2266/2218 3194/2269/2222
f 2329/2266/2218 542/1177/2220 1501/1181/2223
f 3194/2269/2222 1501/1181/2223 163/1182/2224
f 146/2043/1983 1469/2042/1982 3195/2270/2225
f 526/2039/1979 2331/2272/2227 3195/2270/2225
f 2331/2272/2227 801/2277/2232 2334/2273/2228
f 3195/2270/2225 2334/2273/2228 497/2274/2229
f 526/2039/1979 1470/2038/1978 3196/2275/2230
f 147/2027/1967 1414/2258/2210 3196/2275/2230
f 1414/2258/2210 498/2261/2213 2332/2276/2231
f 2331/2272/2227 3196/2275/2230 2332/2276/2231
f 801/2277/2232 2332/2276/2231 3197/2278/2233
f 498/2261/2213 1413/2268/2221 3197/2278/2233
f 1413/2268/2221 163/1182/2224 1504/1363/2235
f 3197/2278/2233 1504/1363/2235 543/1199/2236
f 2334/2273/2228 3198/2281/2238 1411/2280/2237
f 801/2277/2232 2333/2279/2234 3198/2281/2238
f 2333/2279/2234 543/1199/2236 1503/2282/2239
f 3198/2281/2238 1503/2282/2239 162/1206/2240
f 145/2059/1753 1471/2058/1996 3199/2283/2241
f 1471/2058/1996 527/2055/1993 2335/2285/2242
f 3199/2283/2241 2335/2285/2242 802/2286/2243
f 1473/2284/2004 3199/2283/2241 2338/2287/2244
f 1472/2054/1992 3200/2289/2245 2335/2285/2242
f 146/2043/1983 1412/2271/2226 3200/2289/2245
f 1412/2271/2226 497/2274/2229 2336/2290/2246
f 2335/2285/2242 3200/2289/2245 2336/2290/2246
f 802/2286/2243 2336/2290/2246 3201/2291/2247
f 497/2274/2229 1411/2280/2237 3201/2291/2247
f 3201/2291/2247 1411/2280/2237 162/1206/2240
f 2337/2292/2248 3201/2291/2247 1506/1205/2249
f 528/2288/2005 2338/2287/2244 3202/2293/2251
f 2338/2287/2244 802/2286/2243 2337/2292/2248
f 3202/2293/2251 2337/2292/2248 544/943/2250
f 1474/2294/2009 3202/2293/2251 1505/942/2252
f 1542/2295/667 3203/2297/689 1504/1363/2235
f 562/2296/2253 2339/2298/691 3203/2297/689
f 2339/2298/691 803/1199/2255 2342/1199/2254
f 3203/2297/689 2342/1199/2254 543/1199/2236
f 1541/2299/2253 3204/2301/691 2339/2298/691
f 179/2300/2253 1536/2302/691 3204/2301/691
f 1536/2302/691 559/1199/690 2340/1199/690
f 3204/2301/691 2340/1199/690 803/1199/2255
f 2340/1199/690 3205/2305/686 2341/2303/686
f 2340/1199/690 559/1199/690 1535/2304/686
f 1535/2304/686 178/2323/684 1540/2306/684
f 3205/2305/686 1540/2306/684 561/2307/684
f 2342/1199/2254 3206/2308/682 1503/2282/2239
f 2342/1199/2254 803/1199/2255 2341/2303/686
f 3206/2308/682 2341/2303/686 561/2307/684
f 3206/2308/682 1539/2309/685 162/1206/2240
f 1546/2310/2256 3207/2311/2258 1478/2088/2027
f 564/929/2257 2343/928/2259 3207/2311/2258
f 2343/928/2259 804/925/2266 2346/2312/2260
f 3207/2311/2258 2346/2312/2260 530/2089/2028
f 1545/929/2261 3208/2314/2263 2343/2313/2259
f 192/929/2262 1510/928/2264 3208/2314/2263
f 1510/928/2264 546/925/2268 2344/2315/2265
f 3208/2314/2263 2344/2315/2265 804/2316/2266
f 2344/2315/2265 3209/2318/2269 2345/2317/2267
f 546/925/2268 1509/924/2270 3209/2318/2269
f 1509/924/2270 191/962/2282 1544/962/2271
f 3209/2318/2269 1544/962/2271 563/962/2272
f 2346/2319/2260 3210/2318/2273 1477/924/2031
f 804/2316/2266 2345/2317/2267 3210/2318/2273
f 2345/2317/2267 563/962/2272 1543/962/2274
f 3210/2318/2273 1543/962/2274 175/962/2032
f 1539/2309/685 3211/2320/2275 1506/1205/2249
f 561/2307/684 2347/2321/706 3211/2320/2275
f 2347/2321/706 805/2327/703 2350/2322/704
f 3211/2320/2275 2350/2322/704 544/943/2250
f 1540/2306/684 3212/2324/706 2347/2321/706
f 178/2323/684 1538/2325/706 3212/2324/706
f 1538/2325/706 560/2329/703 2348/2326/703
f 3212/2324/706 2348/2326/703 805/2327/703
f 2348/2326/703 3213/2330/702 2349/2328/2276
f 560/2329/703 1537/2331/2277 3213/2330/702
f 1537/2331/2277 177/1207/2408 1548/1207/2278
f 3213/2330/702 1548/1207/2278 565/1207/2278
f 2350/2322/704 3214/2332/698 1505/942/2252
f 805/2327/703 2349/2328/2276 3214/2332/698
f 2349/2328/2276 565/1207/2278 1547/1207/701
f 3214/2332/698 1547/1207/701 161/1207/2010
f 1543/962/2274 3215/2333/2279 1480/961/2043
f 563/962/2272 2351/2334/2280 3215/2333/2279
f 2351/2334/2280 806/2337/2286 2354/2335/2281
f 3215/2333/2279 2354/2335/2281 531/959/2044
f 1544/962/2271 3216/2333/2283 2351/2334/2280
f 191/962/2282 1512/961/2284 3216/2333/2283
f 1512/961/2284 547/959/2288 2352/2336/2285
f 3216/2333/2283 2352/2336/2285 806/2337/2286
f 2352/2336/2285 3217/2339/2289 2353/2338/2287
f 547/959/2288 1511/958/2290 3217/2339/2289
f 1511/958/2290 190/979/2298 1550/979/2291
f 3217/2339/2289 1550/979/2291 566/979/2292
f 2354/2340/2281 3218/2341/2293 1479/2107/2047
f 806/959/2286 2353/958/2287 3218/2341/2293
f 2353/958/2287 566/979/2292 1549/2342/2294
f 3218/2341/2293 1549/2342/2294 174/2108/2048
f 1549/2342/2294 3219/2343/2295 1482/2119/2059
f 566/979/2292 2355/1209/2296 3219/2343/2295
f 2355/1209/2296 807/1210/2302 2358/2344/2297
f 3219/2343/2295 2358/2344/2297 532/2120/2060
f 1550/979/2291 3220/2345/2299 2355/978/2296
f 190/979/2298 1514/1209/2300 3220/2345/2299
f 1514/1209/2300 548/1210/2304 2356/2346/2301
f 3220/2345/2299 2356/2346/2301 807/976/2302
f 2356/2346/2301 3221/2348/2305 2357/2347/2303
f 548/1210/2304 1513/2349/2306 3221/2348/2305
f 1513/2349/2306 189/2505/2799 1552/2350/2307
f 3221/2348/2305 1552/2350/2307 567/1353/2308
f 2358/2351/2297 3222/2353/2309 1481/2352/2063
f 807/976/2302 2357/2347/2303 3222/2353/2309
f 2357/2347/2303 567/1353/2308 1551/1353/2310
f 3222/2353/2309 1551/1353/2310 173/1353/2064
f 173/1353/2064 1551/1353/2310 3223/2134/2311
f 1551/1353/2310 567/1353/2308 2359/2134/2312
f 3223/2134/2311 2359/2134/2312 808/2135/2313
f 1484/2134/2075 3223/2134/2311 2362/2135/2314
f 567/1353/2308 1552/2350/2307 3224/2354/2315
f 1552/2350/2307 189/2505/2799 1516/2355/2316
f 3224/2354/2315 1516/2355/2316 549/2356/2317
f 2359/2134/2312 3224/2354/2315 2360/2357/2318
f 808/2135/2313 2360/2357/2318 3225/2358/2319
f 2360/2357/2318 549/2356/2317 1515/2359/2321
f 3225/2358/2319 1515/2359/2321 188/2360/2322
f 2361/2138/2320 3225/2358/2319 1554/2361/2323
f 533/2135/2076 2362/2135/2314 3226/2138/2325
f 2362/2135/2314 808/2135/2313 2361/2138/2320
f 3226/2138/2325 2361/2138/2320 568/1327/2324
f 1483/2138/2079 3226/2138/2325 1553/1327/2326
f 172/1327/2080 1553/1327/2326 3227/1328/2327
f 1553/1327/2326 568/1327/2324 2363/1332/2328
f 3227/1328/2327 2363/1332/2328 809/1331/2329
f 1486/1329/2091 3227/1328/2327 2366/1330/2330
f 568/1327/2324 1554/2361/2323 3228/2362/2331
f 1554/2361/2323 188/2360/2322 1518/2363/2332
f 3228/2362/2331 1518/2363/2332 550/2364/2333
f 2363/1332/2328 3228/2362/2331 2364/2365/2334
f 809/1331/2329 2364/2365/2334 3229/2366/2335
f 2364/2365/2334 550/2364/2333 1517/2367/2337
f 3229/2366/2335 1517/2367/2337 187/2368/2338
f 2365/1337/2336 3229/2366/2335 1556/2369/2339
f 534/2150/2092 2366/2371/2330 3230/2370/2341
f 2366/2371/2330 809/1333/2329 2365/1334/2336
f 3230/2370/2341 2365/1334/2336 569/1008/2340
f 1485/2153/2095 3230/2370/2341 1555/2372/2342
f 171/2154/2096 1555/2372/2342 3231/2373/2343
f 1555/2372/2342 569/1008/2340 2367/1316/2344
f 3231/2373/2343 2367/1316/2344 810/1317/2345
f 1488/2165/2107 3231/2373/2343 2370/2374/2346
f 569/1008/2340 1556/2369/2339 3232/1316/2347
f 1556/2369/2339 187/2368/2338 1520/2375/2348
f 3232/1316/2347 1520/2375/2348 551/1317/2349
f 2367/1326/2344 3232/1316/2347 2368/1324/2350
f 810/1323/2345 2368/1324/2350 3233/1320/2351
f 2368/1324/2350 551/1317/2349 1519/1320/2353
f 3233/1320/2351 1519/1320/2353 186/1321/2354
f 2369/1320/2352 3233/1320/2351 1558/2376/2355
f 535/1317/2108 2370/1319/2346 3234/1320/2357
f 2370/1319/2346 810/1323/2345 2369/1320/2352
f 3234/1320/2357 2369/1320/2352 570/2377/2356
f 1487/1320/2111 3234/1320/2357 1557/2378/2358
f 170/2169/2112 1557/2380/2358 3235/2379/2359
f 1557/2380/2358 570/1321/2356 2371/2381/2360
f 3235/2379/2359 2371/2381/2360 811/2382/2361
f 1490/2180/2123 3235/2379/2359 2374/2383/2362
f 570/2377/2356 1558/2376/2355 3236/2384/2363
f 1558/2376/2355 186/1321/2354 1522/2385/2364
f 3236/2384/2363 1522/2385/2364 552/2386/2365
f 2371/2381/2360 3236/2384/2363 2372/2387/2366
f 811/2388/2361 2372/2387/2366 3237/2389/2367
f 2372/2387/2366 552/2386/2365 1521/2390/2369
f 3237/2389/2367 1521/2390/2369 185/1062/2370
f 2373/2184/2368 3237/2389/2367 1560/2391/2371
f 536/2382/2124 2374/2392/2362 3238/2184/2372
f 2374/2392/2362 811/2388/2361 2373/2184/2368
f 3238/2184/2372 2373/2184/2368 571/1062/2371
f 1489/2184/2127 3238/2184/2372 1559/1283/587
f 169/2185/2128 1559/2394/587 3239/2393/584
f 1559/2394/587 571/1292/2371 2375/1293/2373
f 3239/2393/584 2375/1293/2373 812/1058/581
f 1492/2196/2139 3239/2393/584 2378/2395/583
f 571/1062/2371 1560/2391/2371 3240/2396/585
f 1560/2391/2371 185/1062/2370 1524/1061/2374
f 3240/2396/585 1524/1061/2374 553/1058/581
f 2375/1293/2373 3240/2396/585 2376/2397/581
f 2376/2397/581 3241/2400/580 2377/2399/2375
f 2376/2397/581 553/1058/581 1523/1057/580
f 1523/1057/580 184/1056/578 1562/1056/578
f 3241/2400/580 1562/1056/578 572/1056/578
f 2378/2401/583 3242/2400/2376 1491/1057/2143
f 812/2398/581 2377/2399/2375 3242/2400/2376
f 2377/2399/2375 572/1056/578 1561/1056/579
f 3242/2400/2376 1561/1056/579 168/1056/2144
f 168/1056/2144 1561/1056/579 3243/1078/604
f 572/1056/578 2379/1078/603 3243/1078/604
f 2379/1078/603 813/1075/601 2382/1075/602
f 3243/1078/604 2382/1075/602 538/1075/2156
f 1562/1056/578 3244/1078/603 2379/1078/603
f 1562/1056/578 184/1056/578 1526/1078/603
f 1526/1078/603 554/1075/600 2380/1075/600
f 3244/1078/603 2380/1075/600 813/1075/601
f 813/1075/601 2380/1075/600 3245/1074/597
f 554/1075/600 1525/1074/597 3245/1074/597
f 1525/1074/597 183/1096/2377 1564/1096/2377
f 3245/1074/597 1564/1096/2377 573/1096/2377
f 538/1075/2156 2382/1075/602 3246/1074/595
f 813/1075/601 2381/1074/597 3246/1074/595
f 2381/1074/597 573/1096/2377 1563/1096/593
f 3246/1074/595 1563/1096/593 167/1096/2160
f 1563/1096/593 3247/2402/620 1496/1095/2171
f 573/1096/2377 2383/2403/2378 3247/2402/620
f 2383/2403/2378 814/2406/2380 2386/2404/618
f 3247/2402/620 2386/2404/618 539/1093/2172
f 1564/1096/2377 3248/2402/2378 2383/2403/2378
f 183/1096/2377 1528/1095/2378 3248/2402/2378
f 1528/1095/2378 555/1093/2379 2384/2405/2379
f 2383/2403/2378 3248/2402/2378 2384/2405/2379
f 814/2406/2380 2384/2405/2379 3249/1092/2381
f 555/1093/2379 1527/1092/2381 3249/1092/2381
f 1527/1092/2381 182/1113/2382 1566/2407/2382
f 2385/1092/2381 3249/1092/2381 1566/2407/2382
f 2386/2409/618 3250/2410/610 1495/2227/2175
f 814/1093/2380 2385/1092/2381 3250/2410/610
f 3250/2410/610 2385/1092/2381 574/1113/2382
f 3250/2410/610 1565/2411/2383 166/2228/2176
f 1565/2412/2383 3251/1301/2384 1498/1112/2187
f 574/2408/2382 2387/2413/2387 3251/1301/2384
f 3251/1301/2384 2387/2413/2387 815/1110/2385
f 3251/1301/2384 2390/1110/2386 540/1110/2188
f 1566/2407/2382 3252/1301/2387 2387/2413/2387
f 182/1113/2382 1530/1112/2387 3252/1301/2387
f 1530/1112/2387 556/1110/2385 2388/1110/2385
f 3252/1301/2387 2388/1110/2385 815/1110/2385
f 815/1110/2385 2388/1110/2385 3253/1296/2388
f 2388/1110/2385 556/1110/2385 1529/1296/2388
f 1529/1296/2388 181/1175/2390 1568/1175/2390
f 3253/1296/2388 1568/1175/2390 575/1175/2390
f 2390/1110/2386 3254/1296/2391 1497/1296/2191
f 2390/1110/2386 815/1110/2385 2389/1296/2389
f 3254/1296/2391 2389/1296/2389 575/1175/2390
f 3254/1296/2391 1567/1175/2392 165/1175/2192
f 1567/1175/2392 3255/1166/2393 1500/1168/2203
f 575/1175/2390 2391/2416/2396 3255/1166/2393
f 3255/1166/2393 2391/2416/2396 816/2414/2394
f 3255/1166/2393 2394/2415/2395 541/1165/2204
f 1568/1175/2390 3256/1166/2396 2391/2416/2396
f 181/1175/2390 1532/1168/2396 3256/1166/2396
f 1532/1168/2396 557/1165/2394 2392/2417/2394
f 3256/1166/2396 2392/2417/2394 816/2414/2394
f 2392/2417/2394 3257/2418/2397 2393/1170/2397
f 557/1165/2394 1531/2419/2397 3257/2418/2397
f 1531/2419/2397 180/2428/2398 1570/2420/2398
f 2393/1170/2397 3257/2418/2397 1570/2420/2398
f 2394/1174/2395 3258/2422/2399 1499/2255/2207
f 816/1165/2394 2393/1170/2397 3258/2422/2399
f 3258/2422/2399 2393/1170/2397 576/1171/2398
f 3258/2422/2399 1569/2423/2400 164/2256/2208
f 1569/2424/2400 3259/2425/673 1502/1176/2219
f 576/2421/2398 2395/2426/2401 3259/2425/673
f 2395/2426/2401 817/2432/2403 2398/2427/672
f 3259/2425/673 2398/2427/672 542/1177/2220
f 1570/2420/2398 3260/2429/2401 2395/2426/2401
f 180/2428/2398 1534/2430/2401 3260/2429/2401
f 1534/2430/2401 558/2620/2402 2396/2431/2402
f 2395/2426/2401 3260/2429/2401 2396/2431/2402
f 817/2432/2403 2396/2431/2402 3261/2433/2404
f 2396/2431/2402 558/2620/2402 1533/2435/2404
f 3261/2433/2404 1533/2435/2404 179/2300/2253
f 2397/2434/2404 3261/2433/2404 1541/2299/2253
f 2398/2427/672 3262/2436/664 1501/1181/2223
f 817/2432/2403 2397/2434/2404 3262/2436/664
f 2397/2434/2404 562/2296/2253 1542/2295/667
f 3262/2436/664 1542/2295/667 163/1182/2224
f 1547/1190/701 3263/2073/2405 1476/2073/2011
f 565/1190/2278 2399/2073/2406 3263/2073/2405
f 2399/2073/2406 818/1194/2412 2402/1194/2407
f 3263/2073/2405 2402/1194/2407 529/1194/2012
f 1548/1190/2278 3264/2073/2409 2399/2073/2406
f 177/1190/2408 1508/2073/2410 3264/2073/2409
f 1508/2073/2410 545/1194/2414 2400/1194/2411
f 3264/2073/2409 2400/1194/2411 818/1194/2412
f 2400/1194/2411 3265/1193/2415 2401/1193/2413
f 545/1194/2414 1507/1193/2416 3265/1193/2415
f 1507/1193/2416 192/929/2262 1545/929/2261
f 3265/1193/2415 1545/929/2261 564/929/2257
f 2402/1194/2407 3266/1193/2417 1475/1193/2015
f 818/1194/2412 2401/1193/2413 3266/1193/2417
f 2401/1193/2413 564/929/2257 1546/929/2256
f 3266/1193/2417 1546/929/2256 176/929/2016
f 210/1175/2418 1638/1175/2421 3267/1168/2419
f 1638/1175/2421 610/1175/2426 2403/1168/2422
f 3267/1168/2419 2403/1168/2422 819/1165/2423
f 1698/1168/2420 3267/1168/2419 2406/1165/2424
f 610/1175/2426 1637/1175/2428 3268/1168/2427
f 1637/1175/2428 197/1175/3041 1596/1168/2429
f 3268/1168/2427 1596/1168/2429 589/1165/2430
f 2403/1168/2422 3268/1168/2427 2404/1165/2431
f 2404/1165/2431 3269/2437/2433 2405/1170/2432
f 589/1165/2430 1595/2438/2434 3269/2437/2433
f 1595/2438/2434 196/2256/3054 1604/2423/2435
f 3269/2437/2433 1604/2423/2435 593/1171/2436
f 2406/1165/2424 3270/2439/2438 1697/2419/2437
f 819/1165/2423 2405/2440/2432 3270/2439/2438
f 2405/2440/2432 593/2421/2436 1603/2420/2439
f 3270/2439/2438 1603/2420/2439 209/2428/2440
f 209/2428/2440 1603/2420/2439 3271/2441/2441
f 1603/2420/2439 593/2421/2436 2407/2443/2443
f 3271/2441/2441 2407/2443/2443 820/2444/2444
f 1696/2442/2442 3271/2441/2441 2410/2445/2445
f 593/2421/2436 1604/2424/2435 3272/2447/2447
f 1604/2424/2435 196/1171/3054 1598/1176/2448
f 3272/2447/2447 1598/1176/2448 590/1177/2449
f 2407/2443/2443 3272/2447/2447 2408/2448/2450
f 2408/2448/2450 3273/2450/2452 2409/2449/2451
f 590/1177/2449 1597/1181/2453 3273/2450/2452
f 1597/1181/2453 195/1182/3067 1608/2451/2454
f 3273/2450/2452 1608/2451/2454 595/2452/2455
f 2410/2453/2445 3274/2457/2457 1695/2454/2456
f 820/2456/2444 2409/2458/2451 3274/2457/2457
f 2409/2458/2451 595/2452/2455 1607/2459/2458
f 3274/2457/2457 1607/2459/2458 211/2460/2459
f 1644/1190/2460 3275/1191/2464 1694/1189/2461
f 613/1190/2463 2411/1189/2465 3275/1191/2464
f 2411/1189/2465 821/1157/2473 2414/1195/2466
f 3275/1191/2464 2414/1195/2466 638/1157/2467
f 1643/1190/2468 3276/1191/2470 2411/1189/2465
f 1643/1190/2468 193/1190/2904 1572/1189/2469
f 3276/1191/2470 1572/1189/2469 577/1157/2471
f 3276/1191/2470 2412/1192/2472 821/1157/2473
f 2412/1194/2472 3277/1193/2476 2413/1193/2474
f 2412/1194/2472 577/1194/2471 1571/1193/2475
f 3277/1193/2476 1571/1193/2475 208/929/2477
f 3277/1193/2476 1610/929/2478 596/929/2479
f 2414/1195/2466 3278/1196/2481 1693/1156/2480
f 821/1157/2473 2413/1156/2474 3278/1196/2481
f 2413/1156/2474 596/929/2479 1609/929/2482
f 3278/1196/2481 1609/929/2482 212/929/2483
f 211/2460/2459 1607/2459/2458 3279/2461/2484
f 1607/2459/2458 595/2452/2455 2415/2463/2486
f 3279/2461/2484 2415/2463/2486 822/1199/2487
f 1692/2462/2485 3279/2461/2484 2418/1199/2488
f 595/2452/2455 1608/2451/2454 3280/2464/2490
f 1608/2451/2454 195/1182/3067 1600/1363/2491
f 3280/2464/2490 1600/1363/2491 591/1199/2492
f 2415/2465/2486 3280/2464/2490 2416/2466/2493
f 2416/2466/2493 3281/2469/2495 2417/2468/2494
f 591/1199/2492 1599/2282/2496 3281/2469/2495
f 1599/2282/2496 194/1206/3080 1614/2470/2497
f 3281/2469/2495 1614/2470/2497 598/2471/2498
f 2418/2472/2488 3282/2474/2500 1691/2473/2499
f 822/2467/2487 2417/2468/2494 3282/2474/2500
f 2417/2468/2494 598/2471/2498 1613/2475/2501
f 3282/2474/2500 1613/2475/2501 214/2476/2502
f 1609/929/2482 3283/928/2504 1690/928/2503
f 596/929/2479 2419/928/2505 3283/928/2504
f 2419/928/2505 823/925/2511 2422/925/2506
f 3283/928/2504 2422/925/2506 636/925/2507
f 1610/2310/2478 3284/2477/2508 2419/928/2505
f 208/2077/2477 1574/2478/2509 3284/2477/2508
f 1574/2478/2509 578/925/2513 2420/925/2510
f 3284/2477/2508 2420/925/2510 823/925/2511
f 2420/925/2510 3285/924/2514 2421/924/2512
f 578/925/2513 1573/924/2515 3285/924/2514
f 1573/924/2515 207/962/2542 1616/962/2516
f 3285/924/2514 1616/962/2516 599/962/2517
f 2422/925/2506 3286/924/2519 1689/924/2518
f 823/925/2511 2421/924/2512 3286/924/2519
f 2421/924/2512 599/962/2517 1615/962/2520
f 3286/924/2519 1615/962/2520 215/962/2521
f 214/2476/2502 1613/2475/2501 3287/2479/2522
f 1613/2475/2501 598/2471/2498 2423/2481/2524
f 3287/2479/2522 2423/2481/2524 824/2482/2525
f 1688/2480/2523 3287/2479/2522 2426/2483/2526
f 598/2485/2498 1614/2488/2497 3288/2486/2528
f 1614/2488/2497 194/2678/3080 1602/2489/2529
f 3288/2486/2528 1602/2489/2529 592/2490/2530
f 2423/2487/2524 3288/2486/2528 2424/2491/2531
f 2424/2491/2531 3289/2494/2533 2425/2493/2532
f 592/2490/2530 1601/2495/2534 3289/2494/2533
f 1601/2495/2534 193/1207/2904 1643/1207/2468
f 3289/2494/2533 1643/1207/2468 613/1207/2463
f 2426/2496/2526 3290/2498/2536 1687/2497/2535
f 824/2492/2525 2425/2493/2532 3290/2498/2536
f 2425/2493/2532 613/1207/2463 1644/1207/2460
f 3290/2498/2536 1644/1207/2460 213/1207/2462
f 1615/962/2520 3291/961/2538 1686/961/2537
f 599/962/2517 2427/961/2539 3291/961/2538
f 2427/961/2539 825/959/2546 2430/959/2540
f 3291/961/2538 2430/959/2540 634/959/2541
f 1616/962/2516 3292/961/2543 2427/961/2539
f 207/962/2542 1576/961/2544 3292/961/2543
f 1576/961/2544 579/959/2548 2428/959/2545
f 3292/961/2543 2428/959/2545 825/959/2546
f 2428/959/2545 3293/958/2549 2429/958/2547
f 579/959/2548 1575/958/2550 3293/958/2549
f 1575/958/2550 206/979/2562 1618/979/2551
f 3293/958/2549 1618/979/2551 600/979/2552
f 2430/959/2540 3294/958/2554 1685/958/2553
f 825/959/2546 2429/958/2547 3294/958/2554
f 2429/958/2547 600/979/2552 1617/979/2555
f 3294/958/2554 1617/979/2555 216/979/2556
f 1617/979/2555 3295/1209/2558 1684/1209/2557
f 600/979/2552 2431/1209/2559 3295/1209/2558
f 2431/1209/2559 826/1210/2566 2434/1210/2560
f 3295/1209/2558 2434/1210/2560 633/1210/2561
f 1618/979/2551 3296/1209/2563 2431/1209/2559
f 206/979/2562 1578/1209/2564 3296/1209/2563
f 1578/1209/2564 580/1210/2568 2432/1210/2565
f 3296/1209/2563 2432/1210/2565 826/1210/2566
f 2432/1210/2565 3297/2500/2569 2433/2499/2567
f 580/1210/2568 1577/1211/2570 3297/2500/2569
f 1577/1211/2570 205/2638/2940 1620/2501/2571
f 3297/2500/2569 1620/2501/2571 601/2502/2572
f 2434/1210/2560 3298/2503/2574 1683/2349/2573
f 826/1210/2566 2433/2499/2567 3298/2503/2574
f 2433/2499/2567 601/2502/2572 1619/2504/2575
f 3298/2503/2574 1619/2504/2575 217/2505/2576
f 217/2505/2576 1619/2504/2575 3299/2506/2577
f 1619/2504/2575 601/2502/2572 2435/2508/2579
f 3299/2506/2577 2435/2508/2579 827/1341/2580
f 1682/2507/2578 3299/2506/2577 2438/2509/2581
f 601/2502/2572 1620/2501/2571 3300/2511/2583
f 1620/2501/2571 205/2638/2940 1580/2512/2584
f 3300/2511/2583 1580/2512/2584 581/2510/2585
f 2435/2508/2579 3300/2511/2583 2436/2509/2586
f 827/1341/2580 2436/2509/2586 3301/2513/2587
f 2436/2509/2586 581/2510/2585 1579/2514/2589
f 3301/2513/2587 1579/2514/2589 204/1351/2590
f 2437/1347/2588 3301/2513/2587 1622/1350/2591
f 632/2510/2582 2438/2509/2581 3302/2513/2593
f 2438/2509/2581 827/1341/2580 2437/1347/2588
f 3302/2513/2593 2437/1347/2588 602/1346/2592
f 1681/2514/2594 3302/2513/2593 1621/1350/2595
f 218/1327/2596 1621/1327/2595 3303/1329/2597
f 1621/1327/2595 602/1327/2592 2439/1329/2599
f 3303/1329/2597 2439/1329/2599 828/1333/2600
f 1680/1329/2598 3303/1329/2597 2442/1333/2601
f 602/1327/2592 1622/1327/2591 3304/1329/2603
f 1622/1327/2591 204/1327/2590 1582/1329/2604
f 3304/1329/2603 1582/1329/2604 582/1333/2605
f 2439/1329/2599 3304/1329/2603 2440/1333/2606
f 828/1333/2600 2440/1333/2606 3305/1334/2607
f 2440/1333/2606 582/1333/2605 1581/1334/2609
f 3305/1334/2607 1581/1334/2609 203/1008/2610
f 2441/1334/2608 3305/1334/2607 1624/1008/2611
f 631/1333/2602 2442/1333/2601 3306/1334/2613
f 2442/1333/2601 828/1333/2600 2441/1334/2608
f 3306/1334/2613 2441/1334/2608 603/1008/2612
f 1679/1334/2614 3306/1334/2613 1623/1008/2615
f 219/1008/2616 1623/1008/2615 3307/1316/2617
f 1623/1008/2615 603/1008/2612 2443/1316/2619
f 3307/1316/2617 2443/1316/2619 829/1317/2620
f 1678/1316/2618 3307/1316/2617 2446/1317/2621
f 603/1008/2612 1624/1008/2611 3308/1316/2623
f 1624/1008/2611 203/1008/2610 1584/1316/2624
f 3308/1316/2623 1584/1316/2624 583/1317/2625
f 2443/1316/2619 3308/1316/2623 2444/1317/2626
f 829/1317/2620 2444/1317/2626 3309/1320/2627
f 2444/1317/2626 583/1317/2625 1583/1320/2629
f 3309/1320/2627 1583/1320/2629 202/1321/2630
f 2445/1320/2628 3309/1320/2627 1626/1321/2631
f 630/1317/2622 2446/1317/2621 3310/1320/2633
f 2446/1317/2621 829/1317/2620 2445/1320/2628
f 3310/1320/2633 2445/1320/2628 604/1321/2632
f 1677/1320/2634 3310/1320/2633 1625/1321/2635
f 220/2515/2636 1625/2518/2635 3311/2516/2637
f 1625/2518/2635 604/1307/2632 2447/2519/2639
f 3311/2516/2637 2447/2519/2639 830/2520/2640
f 1676/2517/2638 3311/2516/2637 2450/2521/2641
f 604/1307/2632 1626/1303/2631 3312/2523/2643
f 202/1024/2630 1586/2525/2644 3312/2523/2643
f 1586/2525/2644 584/2530/2648 2448/2526/2645
f 2447/2524/2639 3312/2523/2643 2448/2526/2645
f 830/2527/2640 2448/2526/2645 3313/2528/2646
f 584/2530/2648 1585/2531/2649 3313/2528/2646
f 1585/2531/2649 201/2668/2989 1628/2532/2650
f 2449/2529/2647 3313/2528/2646 1628/2532/2650
f 629/2522/2642 2450/2535/2641 3314/2533/2652
f 2450/2535/2641 830/2527/2640 2449/2529/2647
f 3314/2533/2652 2449/2529/2647 605/1062/2651
f 1675/2534/2653 3314/2533/2652 1627/2536/2654
f 221/1292/2655 1627/1292/2654 3315/1293/2656
f 1627/1292/2654 605/1292/2651 2451/1293/2658
f 3315/1293/2656 2451/1293/2658 831/1058/2659
f 1674/1293/2657 3315/1293/2656 2454/1058/2660
f 605/1062/2651 1628/2532/2650 3316/2537/2662
f 1628/2532/2650 201/2668/2989 1588/2538/2663
f 3316/2537/2662 1588/2538/2663 585/1058/2664
f 2451/1061/2658 3316/2537/2662 2452/1058/2665
f 2452/1058/2665 3317/1057/2667 2453/1057/2666
f 585/1058/2664 1587/1057/2668 3317/1057/2667
f 1587/1057/2668 200/1056/3002 1630/1056/2669
f 3317/1057/2667 1630/1056/2669 606/1056/2670
f 2454/1058/2660 3318/1057/2672 1673/1057/2671
f 831/1058/2659 2453/1057/2666 3318/1057/2672
f 2453/1057/2666 606/1056/2670 1629/1056/2673
f 3318/1057/2672 1629/1056/2673 222/1056/2674
f 222/1056/2674 1629/1056/2673 3319/1078/2675
f 1629/1056/2673 606/1056/2670 2455/1078/2677
f 3319/1078/2675 2455/1078/2677 832/1075/2678
f 1672/1078/2676 3319/1078/2675 2458/1075/2679
f 606/1056/2670 1630/1056/2669 3320/1078/2681
f 1630/1056/2669 200/1056/3002 1590/1078/2682
f 3320/1078/2681 1590/1078/2682 586/1075/2683
f 2455/1078/2677 3320/1078/2681 2456/1075/2684
f 2456/1075/2684 3321/1074/2686 2457/1074/2685
f 586/1075/2683 1589/1074/2687 3321/1074/2686
f 1589/1074/2687 199/1096/3015 1632/1096/2688
f 3321/1074/2686 1632/1096/2688 607/1096/2689
f 2458/1075/2679 3322/1074/2691 1671/1074/2690
f 832/1075/2678 2457/1074/2685 3322/1074/2691
f 2457/1074/2685 607/1096/2689 1631/1096/2692
f 3322/1074/2691 1631/1096/2692 223/1096/2693
f 223/1096/2693 1631/1096/2692 3323/1095/2694
f 1631/1096/2692 607/1096/2689 2459/1095/2696
f 3323/1095/2694 2459/1095/2696 833/1093/2697
f 1670/1095/2695 3323/1095/2694 2462/1093/2698
f 607/1096/2689 1632/1096/2688 3324/1095/2700
f 1632/1096/2688 199/1096/3015 1592/1095/2701
f 3324/1095/2700 1592/1095/2701 587/1093/2702
f 2459/1095/2696 3324/1095/2700 2460/1093/2703
f 2460/1093/2703 3325/1092/2705 2461/1092/2704
f 587/1093/2702 1591/1092/2706 3325/1092/2705
f 1591/1092/2706 198/1113/3028 1634/1113/2707
f 3325/1092/2705 1634/1113/2707 608/1113/2708
f 2462/1093/2698 3326/1092/2710 1669/1092/2709
f 833/1093/2697 2461/1092/2704 3326/1092/2710
f 2461/1092/2704 608/1113/2708 1633/1113/2711
f 3326/1092/2710 1633/1113/2711 224/1113/2712
f 224/1113/2712 1633/1113/2711 3327/1112/2713
f 1633/1113/2711 608/1113/2708 2463/1112/2715
f 3327/1112/2713 2463/1112/2715 834/1110/2716
f 1668/1112/2714 3327/1112/2713 2466/1110/2717
f 608/1113/2708 1634/1113/2707 3328/1112/2719
f 1634/1113/2707 198/1113/3028 1594/1112/2720
f 3328/1112/2719 1594/1112/2720 588/1110/2721
f 2463/1112/2715 3328/1112/2719 2464/1110/2722
f 2464/1110/2722 3329/1296/2724 2465/1296/2723
f 588/1110/2721 1593/1296/2725 3329/1296/2724
f 1593/1296/2725 197/1175/3041 1637/1175/2428
f 3329/1296/2724 1637/1175/2428 610/1175/2426
f 2466/1110/2717 3330/1296/2727 1667/1296/2726
f 834/1110/2716 2465/1296/2723 3330/1296/2727
f 2465/1296/2723 610/1175/2426 1638/1175/2421
f 3330/1296/2727 1638/1175/2421 210/1175/2418
f 182/1113/2382 1665/1113/2382 3331/1112/2387
f 1665/1113/2382 624/1113/2729 2467/1112/2728
f 2467/1112/2728 835/1110/2733 2470/1110/2385
f 3331/1112/2387 2470/1110/2385 556/1110/2385
f 624/1113/2729 1666/1113/2731 3332/1112/2730
f 1666/1113/2731 224/1113/2712 1668/1112/2714
f 3332/1112/2730 1668/1112/2714 625/1110/2718
f 3332/1112/2730 2468/1110/2732 835/1110/2733
f 2468/1110/2732 3333/1296/2735 2469/1296/2734
f 625/1110/2718 1667/1296/2726 3333/1296/2735
f 1667/1296/2726 210/1175/2418 1605/1175/2736
f 3333/1296/2735 1605/1175/2736 594/1175/2737
f 556/1110/2385 2470/1110/2385 3334/1296/2388
f 2470/1110/2385 835/1110/2733 2469/1296/2734
f 2469/1296/2734 594/1175/2737 1606/1175/2390
f 3334/1296/2388 1606/1175/2390 181/1175/2390
f 183/1096/2377 1663/1096/2377 3335/1095/2378
f 1663/1096/2377 623/1096/2739 2471/1095/2738
f 2471/1095/2738 836/1093/2743 2474/1093/2379
f 3335/1095/2378 2474/1093/2379 555/1093/2379
f 623/1096/2739 1664/1096/2741 3336/1095/2740
f 1664/1096/2741 223/1096/2693 1670/1095/2695
f 1670/1095/2695 626/1093/2699 2472/1093/2742
f 3336/1095/2740 2472/1093/2742 836/1093/2743
f 836/1093/2743 2472/1093/2742 3337/1092/2744
f 626/1093/2699 1669/1092/2709 3337/1092/2744
f 1669/1092/2709 224/1113/2712 1666/1113/2731
f 2473/1092/2745 3337/1092/2744 1666/1113/2731
f 555/1093/2379 2474/1093/2379 3338/1092/2381
f 2474/1093/2379 836/1093/2743 2473/1092/2745
f 2473/1092/2745 624/1113/2729 1665/1113/2382
f 1527/1092/2381 3338/1092/2381 1665/1113/2382
f 184/1056/578 1661/1056/578 3339/1078/603
f 1661/1056/578 622/1056/2747 2475/1078/2746
f 2475/1078/2746 837/1075/2751 2478/1075/600
f 3339/1078/603 2478/1075/600 554/1075/600
f 622/1056/2747 1662/1056/2749 3340/1078/2748
f 1662/1056/2749 222/1056/2674 1672/1078/2676
f 3340/1078/2748 1672/1078/2676 627/1075/2680
f 3340/1078/2748 2476/1075/2750 837/1075/2751
f 837/1075/2751 2476/1075/2750 3341/1074/2752
f 2476/1075/2750 627/1075/2680 1671/1074/2690
f 1671/1074/2690 223/1096/2693 1664/1096/2741
f 3341/1074/2752 1664/1096/2741 623/1096/2739
f 554/1075/600 2478/1075/600 3342/1074/597
f 2478/1075/600 837/1075/2751 2477/1074/2753
f 2477/1074/2753 623/1096/2739 1663/1096/2377
f 1525/1074/597 3342/1074/597 1663/1096/2377
f 185/1292/2370 1659/1292/2754 3343/1293/2374
f 1659/1292/2754 621/1292/2757 2479/1293/2755
f 3343/1293/2374 2479/1293/2755 838/1058/2756
f 1524/1293/2374 3343/1293/2374 2482/1058/581
f 621/1062/2757 1660/2540/2759 3344/2539/2758
f 1660/2540/2759 221/1062/2655 1674/1061/2657
f 3344/2539/2758 1674/1061/2657 628/1058/2661
f 2479/1061/2755 3344/2539/2758 2480/1058/2760
f 2480/1058/2760 3345/1057/2762 2481/1057/2761
f 628/1058/2661 1673/1057/2671 3345/1057/2762
f 1673/1057/2671 222/1056/2674 1662/1056/2749
f 3345/1057/2762 1662/1056/2749 622/1056/2747
f 2482/1058/581 3346/1057/580 1523/1057/580
f 2482/1058/581 838/1058/2756 2481/1057/2761
f 2481/1057/2761 622/1056/2747 1661/1056/578
f 3346/1057/580 1661/1056/578 184/1056/578
f 186/1321/2354 1657/2542/2764 3347/2541/2763
f 1657/2542/2764 620/2546/2768 2483/2543/2765
f 3347/2541/2763 2483/2543/2765 839/2544/2766
f 1522/2381/2364 3347/2541/2763 2486/2545/2767
f 620/2546/2768 1658/2548/2770 3348/2547/2769
f 1658/2548/2770 220/2515/2636 1676/2517/2638
f 3348/2547/2769 1676/2517/2638 629/2522/2642
f 2483/2543/2765 3348/2547/2769 2484/2549/2771
f 839/2544/2766 2484/2549/2771 3349/2550/2772
f 2484/2549/2771 629/2522/2642 1675/2534/2653
f 3349/2550/2772 1675/2534/2653 221/1062/2655
f 2485/2551/2773 3349/2550/2772 1660/2540/2759
f 552/2386/2365 2486/2553/2767 3350/2552/2774
f 2486/2553/2767 839/2544/2766 2485/2551/2773
f 3350/2552/2774 2485/2551/2773 621/1062/2757
f 1521/2390/2369 3350/2552/2774 1659/2536/2754
f 187/1008/2338 1655/1008/2776 3351/2554/2775
f 1655/1008/2776 619/1008/2780 2487/2555/2777
f 3351/2554/2775 2487/2555/2777 840/2556/2778
f 1520/1316/2348 3351/2554/2775 2490/2557/2779
f 619/2558/2780 1656/2561/2782 3352/2559/2781
f 1656/2561/2782 219/1008/2616 1678/1028/2618
f 3352/2559/2781 1678/1028/2618 630/1026/2622
f 2487/2560/2777 3352/2559/2781 2488/2562/2783
f 840/2556/2778 2488/2562/2783 3353/2563/2784
f 2488/2562/2783 630/1026/2622 1677/2565/2634
f 3353/2563/2784 1677/2565/2634 220/1315/2636
f 2489/2564/2785 3353/2563/2784 1658/2566/2770
f 551/1317/2349 2490/2557/2779 3354/2568/2786
f 2490/2557/2779 840/2556/2778 2489/2569/2785
f 3354/2568/2786 2489/2569/2785 620/2546/2768
f 1519/1320/2353 3354/2568/2786 1657/2542/2764
f 188/2360/2322 1653/2571/2788 3355/2570/2787
f 1653/2571/2788 618/1232/2792 2491/1248/2789
f 3355/2570/2787 2491/1248/2789 841/1247/2790
f 1518/2363/2332 3355/2570/2787 2494/2572/2791
f 618/1232/2792 1654/1231/2794 3356/1244/2793
f 1654/1231/2794 218/1243/2596 1680/1245/2598
f 3356/1244/2793 1680/1245/2598 631/1010/2602
f 2491/1248/2789 3356/1244/2793 2492/1246/2795
f 841/1247/2790 2492/1246/2795 3357/2573/2796
f 2492/1246/2795 631/1010/2602 1679/1009/2614
f 3357/2573/2796 1679/1009/2614 219/1008/2616
f 2493/2574/2797 3357/2573/2796 1656/2561/2782
f 550/2364/2333 2494/2572/2791 3358/2575/2798
f 2494/2572/2791 841/1247/2790 2493/2574/2797
f 3358/2575/2798 2493/2574/2797 619/2558/2780
f 1517/2367/2337 3358/2575/2798 1655/2576/2776
f 189/2505/2799 1651/2578/2801 3359/2577/2800
f 1651/2578/2801 617/1353/2805 2495/2579/2802
f 3359/2577/2800 2495/2579/2802 842/2580/2803
f 1516/2355/2316 3359/2577/2800 2498/2581/2804
f 617/1353/2805 1652/2578/2807 3360/2582/2806
f 1652/2578/2807 217/2505/2576 1682/2507/2578
f 3360/2582/2806 1682/2507/2578 632/2510/2582
f 2495/2583/2802 3360/2582/2806 2496/2584/2808
f 842/2580/2803 2496/2588/2808 3361/2586/2809
f 2496/2588/2808 632/2652/2582 1681/2589/2594
f 3361/2586/2809 1681/2589/2594 218/1243/2596
f 2497/2587/2810 3361/2586/2809 1654/1231/2794
f 549/2356/2317 2498/2581/2804 3362/2590/2811
f 2498/2581/2804 842/2580/2803 2497/2587/2810
f 3362/2590/2811 2497/2587/2810 618/1232/2792
f 1515/2359/2321 3362/2590/2811 1653/2571/2788
f 1649/979/2812 3363/1209/2814 1514/1209/2300
f 616/979/2813 2499/1209/2815 3363/1209/2814
f 2499/1209/2815 843/1210/2820 2502/1210/2816
f 3363/1209/2814 2502/1210/2816 548/1210/2304
f 1650/979/2817 3364/1209/2818 2499/1209/2815
f 216/979/2556 1684/1209/2557 3364/1209/2818
f 1684/1209/2557 633/1210/2561 2500/1210/2819
f 3364/1209/2818 2500/1210/2819 843/1210/2820
f 2500/1210/2819 3365/2352/2822 2501/2352/2821
f 633/1210/2561 1683/2352/2573 3365/2352/2822
f 1683/2352/2573 217/1353/2576 1652/1353/2807
f 3365/2352/2822 1652/1353/2807 617/1353/2805
f 2502/1210/2816 3366/2352/2823 1513/2352/2306
f 843/1210/2820 2501/2352/2821 3366/2352/2823
f 2501/2352/2821 617/1353/2805 1651/1353/2801
f 3366/2352/2823 1651/1353/2801 189/1353/2799
f 1647/962/2824 3367/961/2826 1512/961/2284
f 615/962/2825 2503/961/2827 3367/961/2826
f 2503/961/2827 844/959/2832 2506/959/2828
f 3367/961/2826 2506/959/2828 547/959/2288
f 1648/962/2829 3368/961/2830 2503/961/2827
f 215/962/2521 1686/961/2537 3368/961/2830
f 1686/961/2537 634/959/2541 2504/959/2831
f 3368/961/2830 2504/959/2831 844/959/2832
f 2504/959/2831 3369/958/2834 2505/958/2833
f 634/959/2541 1685/958/2553 3369/958/2834
f 1685/958/2553 216/979/2556 1650/979/2817
f 3369/958/2834 1650/979/2817 616/979/2813
f 2506/959/2828 3370/958/2835 1511/958/2290
f 844/959/2832 2505/958/2833 3370/958/2835
f 2505/958/2833 616/979/2813 1649/979/2812
f 3370/958/2835 1649/979/2812 190/979/2298
f 178/2323/684 1645/2592/684 3371/2591/706
f 1645/2592/684 614/2596/2838 2507/2593/2836
f 2507/2593/2836 845/2599/2841 2510/2594/703
f 3371/2591/706 2510/2594/703 560/2329/703
f 1646/2595/2837 3372/2598/2839 2507/2593/2836
f 1646/2595/2837 214/2688/2502 1688/2597/2523
f 1688/2597/2523 635/2484/2527 2508/943/2840
f 2507/2593/2836 3372/2598/2839 2508/943/2840
f 2508/2600/2840 3373/2603/2843 2509/2601/2842
f 635/2484/2527 1687/2497/2535 3373/2603/2843
f 1687/2497/2535 213/1207/2462 1611/1207/2844
f 3373/2603/2843 1611/1207/2844 597/1207/2845
f 2510/2594/703 3374/2604/2277 1537/2331/2277
f 845/2599/2841 2509/2605/2842 3374/2604/2277
f 2509/2605/2842 597/1207/2845 1612/1207/2408
f 3374/2604/2277 1612/1207/2408 177/1207/2408
f 1641/929/2846 3375/928/2848 1510/928/2264
f 612/929/2847 2511/928/2849 3375/928/2848
f 2511/928/2849 846/925/2854 2514/925/2850
f 3375/928/2848 2514/925/2850 546/925/2268
f 1642/929/2851 3376/928/2852 2511/928/2849
f 212/929/2483 1690/928/2503 3376/928/2852
f 1690/928/2503 636/925/2507 2512/925/2853
f 3376/928/2852 2512/925/2853 846/925/2854
f 2512/925/2853 3377/924/2856 2513/924/2855
f 636/925/2507 1689/924/2518 3377/924/2856
f 1689/924/2518 215/962/2521 1648/962/2829
f 3377/924/2856 1648/962/2829 615/962/2825
f 2514/925/2850 3378/924/2857 1509/924/2270
f 846/925/2854 2513/924/2855 3378/924/2857
f 2513/924/2855 615/962/2825 1647/962/2824
f 3378/924/2857 1647/962/2824 191/962/2282
f 179/1182/2253 1639/1182/2253 3379/2606/691
f 1639/1182/2253 611/1182/2860 2515/2607/2858
f 2515/2607/2858 847/2610/2863 2518/2608/690
f 3379/2606/691 2518/2608/690 559/1199/690
f 1640/1182/2859 3380/2606/2861 2515/2607/2858
f 1640/1182/2859 211/1182/2459 1692/1363/2485
f 3380/2606/2861 1692/1363/2485 637/1199/2489
f 2515/2607/2858 3380/2606/2861 2516/2609/2862
f 2516/2609/2862 3381/2612/2865 2517/2611/2864
f 637/1199/2489 1691/2282/2499 3381/2612/2865
f 3381/2612/2865 1691/2282/2499 214/1206/2502
f 3381/2612/2865 1646/1206/2837 614/1206/2838
f 2518/1199/690 3382/2282/686 1535/2282/686
f 847/1199/2863 2517/2282/2864 3382/2282/686
f 2517/2282/2864 614/1206/2838 1645/1206/684
f 3382/2282/686 1645/1206/684 178/1206/684
f 1612/1190/2408 3383/2613/2866 1508/2073/2410
f 597/1190/2845 2519/1189/2867 3383/2613/2866
f 2519/1189/2867 848/1157/2871 2522/2614/2868
f 3383/2613/2866 2522/2614/2868 545/1194/2414
f 1611/1190/2844 3384/1191/2869 2519/1189/2867
f 213/1190/2462 1694/1189/2461 3384/1191/2869
f 1694/1189/2461 638/1157/2467 2520/1192/2870
f 3384/1191/2869 2520/1192/2870 848/1157/2871
f 2520/1194/2870 3385/1193/2873 2521/1193/2872
f 638/1194/2467 1693/1193/2480 3385/1193/2873
f 1693/1193/2480 212/929/2483 1642/929/2851
f 3385/1193/2873 1642/929/2851 612/929/2847
f 2522/2614/2868 3386/2615/2874 1507/1193/2416
f 848/1157/2871 2521/1156/2872 3386/2615/2874
f 2521/1156/2872 612/929/2847 1641/929/2846
f 3386/2615/2874 1641/929/2846 192/929/2262
f 180/2428/2398 1635/2617/2398 3387/2616/2401
f 1635/2617/2398 609/2621/2876 2523/2618/2875
f 2523/2618/2875 849/2625/2880 2526/2619/2402
f 3387/2616/2401 2526/2619/2402 558/2620/2402
f 609/2621/2876 1636/2617/2878 3388/2622/2877
f 1636/2617/2878 209/2428/2440 1696/2623/2442
f 3388/2622/2877 1696/2623/2442 639/2455/2446
f 2523/2618/2875 3388/2622/2877 2524/2624/2879
f 2524/2624/2879 3389/2627/2882 2525/2626/2881
f 639/2455/2446 1695/2454/2456 3389/2627/2882
f 1695/2454/2456 211/2460/2459 1640/2628/2859
f 2525/2626/2881 3389/2627/2882 1640/2628/2859
f 558/2620/2402 2526/2619/2402 3390/2630/2404
f 2526/2619/2402 849/2625/2880 2525/2626/2881
f 2525/2626/2881 611/2629/2860 1639/2632/2253
f 3390/2630/2404 1639/2632/2253 179/2633/2253
f 181/1175/2390 1606/1175/2390 3391/1168/2396
f 1606/1175/2390 594/1175/2737 2527/1168/2883
f 2527/1168/2883 850/1165/2886 2530/1165/2394
f 3391/1168/2396 2530/1165/2394 557/1165/2394
f 594/1175/2737 1605/1175/2736 3392/1168/2884
f 1605/1175/2736 210/1175/2418 1698/1168/2420
f 3392/1168/2884 1698/1168/2420 640/1165/2425
f 3392/1168/2884 2528/1165/2885 850/1165/2886
f 2528/1165/2885 3393/2635/2888 2529/2634/2887
f 640/1165/2425 1697/2419/2437 3393/2635/2888
f 1697/2419/2437 209/2428/2440 1636/2617/2878
f 3393/2635/2888 1636/2617/2878 609/2621/2876
f 2530/1165/2394 3394/2635/2397 1531/2419/2397
f 2530/1165/2394 850/1165/2886 2529/2634/2887
f 2529/2634/2887 609/2621/2876 1635/2617/2398
f 3394/2635/2397 1635/2617/2398 180/2428/2398
f 1156/1189/995 3395/1191/2890 1699/1190/2889
f 369/1157/992 2531/1192/2891 3395/1191/2890
f 2531/1192/2891 851/1157/2897 2534/1189/2892
f 3395/1191/2890 2534/1189/2892 641/1190/2893
f 1155/1193/991 3396/1193/2894 2531/1194/2891
f 96/929/1036 1729/929/2895 3396/1193/2894
f 1729/929/2895 656/929/2899 2532/1193/2896
f 3396/1193/2894 2532/1193/2896 851/1194/2897
f 2532/1156/2896 3397/2615/2900 2533/1195/2898
f 656/929/2899 1730/2636/2901 3397/2615/2900
f 1730/2636/2901 208/2077/2477 1571/1193/2475
f 3397/2615/2900 1571/1193/2475 577/1157/2471
f 2534/1189/2892 3398/1191/2903 1700/1190/2902
f 851/1157/2897 2533/1195/2898 3398/1191/2903
f 2533/1195/2898 577/1157/2471 1572/1189/2469
f 3398/1191/2903 1572/1189/2469 193/1190/2904
f 1158/928/1035 3399/928/2905 1729/929/2895
f 370/925/1033 2535/925/2906 3399/928/2905
f 2535/925/2906 852/925/2911 2538/928/2907
f 3399/928/2905 2538/928/2907 656/929/2899
f 1157/924/1032 3400/924/2908 2535/925/2906
f 95/962/1072 1727/962/2909 3400/924/2908
f 1727/962/2909 655/962/2913 2536/924/2910
f 3400/924/2908 2536/924/2910 852/925/2911
f 2536/924/2910 3401/924/2914 2537/925/2912
f 655/962/2913 1728/962/2926 3401/924/2914
f 3401/924/2914 1728/962/2926 207/962/2542
f 2537/925/2912 3401/924/2914 1573/924/2515
f 2538/928/2907 3402/2477/2915 1730/2636/2901
f 852/925/2911 2537/925/2912 3402/2477/2915
f 2537/925/2912 578/925/2513 1574/2478/2509
f 3402/2477/2915 1574/2478/2509 208/2077/2477
f 1160/961/1071 3403/961/2916 1727/962/2909
f 371/959/1069 2539/959/2917 3403/961/2916
f 2539/959/2917 853/959/2922 2542/961/2918
f 3403/961/2916 2542/961/2918 655/962/2913
f 1159/958/1068 3404/958/2919 2539/959/2917
f 94/979/1092 1725/979/2920 3404/958/2919
f 1725/979/2920 654/979/2931 2540/958/2921
f 3404/958/2919 2540/958/2921 853/959/2922
f 853/959/2922 2540/958/2921 3405/958/2923
f 2540/958/2921 654/979/2931 1726/979/2925
f 3405/958/2923 1726/979/2925 206/979/2562
f 2541/959/2924 3405/958/2923 1575/958/2550
f 2542/961/2918 3406/961/2927 1728/962/2926
f 2542/961/2918 853/959/2922 2541/959/2924
f 3406/961/2927 2541/959/2924 579/959/2548
f 1728/962/2926 3406/961/2927 1576/961/2544
f 1162/1209/1091 3407/1209/2928 1725/979/2920
f 372/1210/1089 2543/1210/2933 3407/1209/2928
f 3407/1209/2928 2543/1210/2933 854/1210/2929
f 1725/979/2920 3407/1209/2928 2546/1209/2930
f 372/976/1089 1161/1221/1088 3408/1219/2932
f 1161/1221/1088 93/1220/1087 1723/1241/2934
f 3408/1219/2932 1723/1241/2934 653/1218/2935
f 2543/1212/2933 3408/1219/2932 2544/1216/2936
f 854/976/2929 2544/1216/2936 3409/1214/2937
f 2544/1216/2936 653/1218/2935 1724/2637/2939
f 3409/1214/2937 1724/2637/2939 205/2638/2940
f 2545/2346/2938 3409/1214/2937 1577/1211/2570
f 654/979/2931 2546/978/2930 3410/2345/2941
f 2546/978/2930 854/976/2929 2545/2346/2938
f 3410/2345/2941 2545/2346/2938 580/1210/2568
f 1726/979/2925 3410/2345/2941 1578/1209/2564
f 1164/1242/1112 3411/2639/2942 1723/1241/2934
f 373/1239/1109 2547/2640/2943 3411/2639/2942
f 2547/2640/2943 855/2645/2948 2550/2641/2944
f 3411/2639/2942 2550/2641/2944 653/1218/2935
f 373/1239/1109 1163/1238/1108 3412/2642/2945
f 1163/1238/1108 92/1237/1107 1721/2643/2946
f 1721/2643/2946 652/2657/2950 2548/2644/2947
f 3412/2642/2945 2548/2644/2947 855/2645/2948
f 2548/2646/2947 3413/2649/2951 2549/2647/2949
f 652/2648/2950 1722/2650/2952 3413/2649/2951
f 1722/2650/2952 204/1351/2590 1579/2651/2589
f 3413/2649/2951 1579/2651/2589 581/2652/2585
f 2550/2641/2944 3414/2653/2953 1724/2637/2939
f 855/2645/2948 2549/2654/2949 3414/2653/2953
f 2549/2654/2949 581/2510/2585 1580/2512/2584
f 3414/2653/2953 1580/2512/2584 205/2638/2940
f 92/1237/1107 1166/1256/1132 3415/2655/2954
f 1166/1256/1132 374/1254/1130 2551/1252/2955
f 3415/2655/2954 2551/1252/2955 856/1247/2956
f 1721/2643/2946 3415/2655/2954 2554/2656/2957
f 374/1254/1130 1165/1253/1129 3416/1251/2958
f 1165/1253/1129 91/1008/1128 1719/1008/2959
f 3416/1251/2958 1719/1008/2959 651/1008/2960
f 2551/1252/2955 3416/1251/2958 2552/1250/2961
f 2552/1250/2961 3417/1249/2964 2553/1246/2962
f 2552/1250/2961 651/1008/2960 1720/1008/2963
f 1720/1008/2963 203/1008/2610 1581/1009/2609
f 3417/1249/2964 1581/1009/2609 582/1010/2605
f 2554/2656/2957 3418/2659/2965 1722/2658/2952
f 856/1247/2956 2553/1246/2962 3418/2659/2965
f 2553/1246/2962 582/1010/2605 1582/2660/2604
f 3418/2659/2965 1582/2660/2604 204/1351/2590
f 91/1008/1128 1168/1273/1152 3419/1272/2966
f 1168/1273/1152 375/1271/1150 2555/1267/2967
f 3419/1272/2966 2555/1267/2967 857/1259/2968
f 1719/1008/2959 3419/1272/2966 2558/1260/2969
f 375/1271/1150 1167/1270/1149 3420/1266/2970
f 1167/1270/1149 90/1269/1148 1717/1268/2971
f 3420/1266/2970 1717/1268/2971 650/1264/2972
f 2555/1267/2967 3420/1266/2970 2556/1265/2973
f 857/1259/2968 2556/1265/2973 3421/2661/2974
f 2556/1265/2973 650/1264/2972 1718/2662/2976
f 3421/2661/2974 1718/2662/2976 202/1024/2630
f 2557/1258/2975 3421/2661/2974 1583/1025/2629
f 651/1008/2960 2558/1260/2969 3422/1257/2977
f 2558/1260/2969 857/1259/2968 2557/1258/2975
f 2557/1258/2975 583/1026/2625 1584/1028/2624
f 3422/1257/2977 1584/1028/2624 203/1008/2610
f 90/1269/1148 1170/1291/1172 3423/1290/2978
f 1170/1291/1172 376/1289/1170 2559/1286/2979
f 3423/1290/2978 2559/1286/2979 858/1278/2980
f 1717/1268/2971 3423/1290/2978 2562/1279/2981
f 376/1289/1170 1169/1288/1169 3424/2663/2982
f 1169/1288/1169 89/1062/1168 1715/2536/2983
f 3424/2663/2982 1715/2536/2983 649/1062/2984
f 2559/1286/2979 3424/2663/2982 2560/2664/2985
f 858/1278/2980 2560/2664/2985 3425/2665/2986
f 2560/2664/2985 649/1062/2984 1716/2667/2988
f 3425/2665/2986 1716/2667/2988 201/2668/2989
f 2561/2666/2987 3425/2665/2986 1585/2531/2649
f 650/1264/2972 2562/1279/2981 3426/2669/2990
f 2562/1279/2981 858/1278/2980 2561/2666/2987
f 3426/2669/2990 2561/2666/2987 584/2530/2648
f 1718/2662/2976 3426/2669/2990 1586/2525/2644
f 89/1292/1168 1172/1293/1192 3427/1293/2991
f 377/1058/1190 2563/1058/2992 3427/1293/2991
f 2563/1058/2992 859/1058/2998 2566/1293/2993
f 1715/1292/2983 3427/1293/2991 2566/1293/2993
f 377/1058/1190 1171/1057/1189 3428/1057/2994
f 1171/1057/1189 88/1056/1188 1713/1056/2995
f 3428/1057/2994 1713/1056/2995 648/1056/2996
f 2563/1058/2992 3428/1057/2994 2564/1057/2997
f 859/1058/2998 2564/1057/2997 3429/1057/2999
f 2564/1057/2997 648/1056/2996 1714/1056/3001
f 3429/1057/2999 1714/1056/3001 200/1056/3002
f 2565/1058/3000 3429/1057/2999 1587/1057/2668
f 649/1062/2984 2566/1061/2993 3430/2670/3003
f 859/1058/2998 2565/1058/3000 3430/2670/3003
f 2565/1058/3000 585/1058/2664 1588/2538/2663
f 1716/2667/2988 3430/2670/3003 1588/2538/2663
f 1174/1078/1212 3431/1078/3004 1713/1056/2995
f 378/1075/1210 2567/1075/3005 3431/1078/3004
f 2567/1075/3005 860/1075/3011 2570/1078/3006
f 3431/1078/3004 2570/1078/3006 648/1056/2996
f 378/1075/1210 1173/1074/1209 3432/1074/3007
f 1173/1074/1209 87/1096/1208 1711/1096/3008
f 3432/1074/3007 1711/1096/3008 647/1096/3009
f 2567/1075/3005 3432/1074/3007 2568/1074/3010
f 860/1075/3011 2568/1074/3010 3433/1074/3012
f 2568/1074/3010 647/1096/3009 1712/1096/3014
f 3433/1074/3012 1712/1096/3014 199/1096/3015
f 2569/1075/3013 3433/1074/3012 1589/1074/2687
f 2570/1078/3006 3434/1078/3016 1714/1056/3001
f 860/1075/3011 2569/1075/3013 3434/1078/3016
f 2569/1075/3013 586/1075/2683 1590/1078/2682
f 3434/1078/3016 1590/1078/2682 200/1056/3002
f 1176/1095/1232 3435/1095/3017 1711/1096/3008
f 379/1093/1230 2571/1093/3018 3435/1095/3017
f 2571/1093/3018 861/1093/3024 2574/1095/3019
f 3435/1095/3017 2574/1095/3019 647/1096/3009
f 379/1093/1230 1175/1092/1229 3436/1092/3020
f 1175/1092/1229 86/1113/1228 1709/1113/3021
f 3436/1092/3020 1709/1113/3021 646/1113/3022
f 2571/1093/3018 3436/1092/3020 2572/1092/3023
f 861/1093/3024 2572/1092/3023 3437/1092/3025
f 2572/1092/3023 646/1113/3022 1710/1113/3027
f 3437/1092/3025 1710/1113/3027 198/1113/3028
f 2573/1093/3026 3437/1092/3025 1591/1092/2706
f 2574/1095/3019 3438/1095/3029 1712/1096/3014
f 861/1093/3024 2573/1093/3026 3438/1095/3029
f 2573/1093/3026 587/1093/2702 1592/1095/2701
f 3438/1095/3029 1592/1095/2701 199/1096/3015
f 1178/1112/1248 3439/1112/3030 1709/1113/3021
f 380/1110/1246 2575/1110/3031 3439/1112/3030
f 2575/1110/3031 862/1110/3037 2578/1112/3032
f 3439/1112/3030 2578/1112/3032 646/1113/3022
f 380/1110/1246 1177/1296/1245 3440/1296/3033
f 1177/1296/1245 85/1175/952 1707/1175/3034
f 3440/1296/3033 1707/1175/3034 645/1175/3035
f 2575/1110/3031 3440/1296/3033 2576/1296/3036
f 862/1110/3037 2576/1109/3036 3441/2671/3038
f 2576/1109/3036 645/1129/3035 1708/2672/3040
f 3441/2671/3038 1708/2672/3040 197/1175/3041
f 2577/1110/3039 3441/2671/3038 1593/1296/2725
f 2578/1112/3032 3442/1112/3042 1710/1113/3027
f 862/1110/3037 2577/1110/3039 3442/1112/3042
f 2577/1110/3039 588/1110/2721 1594/1112/2720
f 3442/1112/3042 1594/1112/2720 198/1113/3028
f 1180/1168/951 3443/1168/3043 1707/1379/3034
f 381/1165/948 2579/2415/3044 3443/1168/3043
f 2579/2415/3044 863/2414/3050 2582/1168/3045
f 3443/1168/3043 2582/1168/3045 645/1129/3035
f 381/1165/948 1179/1170/947 3444/1170/3046
f 1179/1170/947 84/1171/946 1705/1171/3047
f 3444/1170/3046 1705/1171/3047 644/1171/3048
f 2579/1165/3044 3444/1170/3046 2580/1170/3049
f 863/2414/3050 2580/2674/3049 3445/2673/3051
f 2580/2674/3049 644/1171/3048 1706/2675/3053
f 3445/2673/3051 1706/2675/3053 196/2256/3054
f 2581/2417/3052 3445/2673/3051 1595/2438/2434
f 2582/1168/3045 3446/1168/3055 1708/2672/3040
f 863/2414/3050 2581/2417/3052 3446/1168/3055
f 2581/2417/3052 589/1165/2430 1596/1168/2429
f 3446/1168/3055 1596/1168/2429 197/1175/3041
f 1182/1176/972 3447/1176/3056 1705/1171/3047
f 382/1177/970 2583/1177/3057 3447/1176/3056
f 2583/1177/3057 864/1177/3063 2586/1176/3058
f 3447/1176/3056 2586/1176/3058 644/1171/3048
f 382/1177/970 1181/1181/969 3448/1181/3059
f 1181/1181/969 83/1182/968 1703/1182/3060
f 3448/1181/3059 1703/1182/3060 643/1182/3061
f 2583/1177/3057 3448/1181/3059 2584/1181/3062
f 864/1177/3063 2584/1188/3062 3449/1184/3064
f 2584/1188/3062 643/1187/3061 1704/1366/3066
f 3449/1184/3064 1704/1366/3066 195/1182/3067
f 2585/1177/3065 3449/1184/3064 1597/1181/2453
f 2586/1176/3058 3450/1178/3068 1706/2675/3053
f 864/1177/3063 2585/1177/3065 3450/1178/3068
f 2585/1177/3065 590/1177/2449 1598/2267/2448
f 3450/1178/3068 1598/2267/2448 196/2256/3054
f 1184/1197/1016 3451/1200/3069 1703/1198/3060
f 383/1199/1014 2587/1199/3070 3451/1200/3069
f 2587/1199/3070 865/1199/3076 2590/1197/3071
f 3451/1200/3069 2590/1197/3071 643/1187/3061
f 383/1199/1014 1183/1202/1013 3452/1201/3072
f 1183/1202/1013 82/904/1012 1701/1203/3073
f 3452/1201/3072 1701/1203/3073 642/904/3074
f 2587/1199/3070 3452/1201/3072 2588/1202/3075
f 865/1199/3076 2588/1202/3075 3453/2676/3077
f 2588/1202/3075 642/904/3074 1702/2677/3079
f 3453/2676/3077 1702/2677/3079 194/2678/3080
f 2589/1199/3078 3453/2676/3077 1599/2679/2496
f 2590/1197/3071 3454/1367/3081 1704/1366/3066
f 865/1199/3076 2589/1199/3078 3454/1367/3081
f 2589/1199/3078 591/1199/2492 1600/1363/2491
f 3454/1367/3081 1600/1363/2491 195/1182/3067
f 1186/1205/1052 3455/1205/3082 1701/1206/3073
f 384/943/1050 2591/943/3083 3455/1205/3082
f 2591/943/3083 866/943/3087 2594/1205/3084
f 3455/1205/3082 2594/1205/3084 642/1206/3074
f 384/943/1050 1185/942/1049 3456/942/3085
f 81/1207/996 1699/1207/2889 3456/942/3085
f 1699/1207/2889 641/1207/2893 2592/942/3086
f 2591/943/3083 3456/942/3085 2592/942/3086
f 866/943/3087 2592/942/3086 3457/2680/3088
f 641/1207/2893 1700/1207/2902 3457/2680/3088
f 1700/1207/2902 193/1207/2904 1601/2495/2534
f 2593/2681/3089 3457/2680/3088 1601/2495/2534
f 2594/946/3084 3458/2682/3090 1702/2677/3079
f 866/943/3087 2593/2681/3089 3458/2682/3090
f 2593/2681/3089 592/2490/2530 1602/2489/2529
f 3458/2682/3090 1602/2489/2529 194/2678/3080
