# Blender v3.0.1 OBJ File: 'botellas.blend'
# www.blender.org
mtllib textured.mtl
o Probeta.001_Cilindro.002
v -0.000000 0.015033 -0.112059
v 0.000000 0.013129 0.050397
v 0.005753 0.013889 -0.112059
v 0.005024 0.012130 0.050397
v 0.010630 0.010630 -0.112059
v 0.009284 0.009284 0.050397
v 0.013889 0.005753 -0.112059
v 0.012130 0.005024 0.050397
v 0.015033 -0.000000 -0.112059
v 0.013129 -0.000000 0.050397
v 0.013889 -0.005753 -0.112059
v 0.012130 -0.005024 0.050397
v 0.010630 -0.010630 -0.112059
v 0.009284 -0.009284 0.050397
v 0.005753 -0.013889 -0.112059
v 0.005024 -0.012130 0.050397
v 0.000000 -0.015033 -0.112059
v 0.000000 -0.013129 0.050397
v -0.005753 -0.013889 -0.112059
v -0.005024 -0.012130 0.050397
v -0.010630 -0.010630 -0.112059
v -0.009284 -0.009284 0.050397
v -0.013889 -0.005753 -0.112059
v -0.012130 -0.005024 0.050397
v -0.015033 0.000000 -0.112059
v -0.013129 0.000000 0.050397
v -0.013889 0.005753 -0.112059
v -0.012130 0.005024 0.050397
v -0.010630 0.010630 -0.112059
v -0.009284 0.009284 0.050397
v -0.005753 0.013889 -0.112059
v -0.005024 0.012130 0.050397
v -0.000000 0.036501 -0.175852
v 0.013968 0.033722 -0.175852
v 0.025810 0.025810 -0.175852
v 0.033722 0.013968 -0.175852
v 0.036501 -0.000000 -0.175852
v 0.033722 -0.013968 -0.175852
v 0.025810 -0.025810 -0.175852
v 0.013968 -0.033722 -0.175852
v -0.000000 -0.036501 -0.175852
v -0.013968 -0.033722 -0.175852
v -0.025810 -0.025810 -0.175852
v -0.033722 -0.013968 -0.175852
v -0.036501 0.000000 -0.175852
v -0.033722 0.013968 -0.175852
v -0.025810 0.025810 -0.175852
v -0.013968 0.033722 -0.175852
v 0.022297 -0.009236 -0.166306
v 0.024134 -0.000000 -0.166306
v -0.017065 -0.017065 -0.166306
v -0.009236 -0.022297 -0.166306
v -0.009236 0.022297 -0.166306
v -0.017065 0.017065 -0.166306
v 0.022297 0.009236 -0.166306
v 0.017065 0.017065 -0.166306
v -0.000000 -0.024134 -0.166306
v 0.009236 -0.022297 -0.166306
v 0.009236 0.022297 -0.166306
v -0.000000 0.024134 -0.166306
v -0.022297 0.009236 -0.166306
v -0.024134 0.000000 -0.166306
v 0.017065 -0.017065 -0.166306
v -0.022297 -0.009236 -0.166306
v -0.000000 0.029747 -0.176060
v 0.011384 0.027483 -0.176060
v 0.021034 0.021034 -0.176060
v 0.027483 0.011384 -0.176060
v 0.029747 -0.000000 -0.176060
v 0.027483 -0.011384 -0.176060
v 0.021034 -0.021034 -0.176060
v 0.011384 -0.027483 -0.176060
v -0.000000 -0.029747 -0.176060
v -0.011384 -0.027483 -0.176060
v -0.021034 -0.021034 -0.176060
v -0.027483 -0.011384 -0.176060
v -0.029747 0.000000 -0.176060
v -0.027483 0.011384 -0.176060
v -0.021034 0.021034 -0.176060
v -0.011384 0.027483 -0.176060
v 0.029408 -0.012181 -0.172403
v -0.022508 -0.022508 -0.172403
v -0.012181 0.029408 -0.172403
v 0.029408 0.012181 -0.172403
v -0.000000 -0.031831 -0.172403
v 0.012181 0.029408 -0.172403
v -0.029408 0.012181 -0.172403
v 0.022508 -0.022508 -0.172403
v -0.029408 -0.012181 -0.172403
v 0.031831 -0.000000 -0.172403
v -0.012181 -0.029408 -0.172403
v -0.022508 0.022508 -0.172403
v 0.022508 0.022508 -0.172403
v 0.012181 -0.029408 -0.172403
v -0.000000 0.031831 -0.172403
v -0.031831 0.000000 -0.172403
v 0.017914 -0.000000 -0.157748
v -0.006856 -0.016551 -0.157748
v -0.012667 0.012667 -0.157748
v 0.012667 0.012667 -0.157748
v 0.006856 -0.016551 -0.157748
v -0.000000 0.017914 -0.157748
v -0.017914 0.000000 -0.157748
v 0.016551 -0.006856 -0.157748
v -0.012667 -0.012667 -0.157748
v -0.006856 0.016551 -0.157748
v 0.016551 0.006856 -0.157748
v -0.000000 -0.017914 -0.157748
v 0.006856 0.016551 -0.157748
v -0.016551 0.006856 -0.157748
v 0.012667 -0.012667 -0.157748
v -0.016551 -0.006856 -0.157748
v 0.000000 0.014885 0.083547
v 0.005696 0.013752 0.083547
v 0.010526 0.010526 0.083547
v 0.013752 0.005696 0.083547
v 0.014885 -0.000000 0.083547
v 0.013752 -0.005696 0.083547
v 0.010526 -0.010526 0.083547
v 0.005696 -0.013752 0.083547
v 0.000000 -0.014885 0.083547
v -0.005696 -0.013752 0.083547
v -0.010526 -0.010526 0.083547
v -0.013752 -0.005696 0.083547
v -0.014885 0.000000 0.083547
v -0.013752 0.005696 0.083547
v -0.010526 0.010526 0.083547
v -0.005696 0.013752 0.083547
v 0.007053 0.017028 0.089130
v 0.000000 0.018431 0.089130
v 0.000000 0.018532 0.084659
v 0.013032 0.013032 0.089130
v 0.017028 0.007053 0.089130
v 0.018431 -0.000000 0.089130
v 0.017028 -0.007053 0.089130
v 0.013032 -0.013032 0.089130
v 0.007053 -0.017028 0.089130
v 0.000000 -0.018431 0.089130
v -0.007053 -0.017028 0.089130
v -0.013032 -0.013032 0.089130
v -0.017028 -0.007053 0.089130
v -0.018431 0.000000 0.089130
v -0.017028 0.007053 0.089130
v -0.013032 0.013032 0.089130
v -0.007053 0.017028 0.089130
v 0.007092 0.017121 0.084659
v 0.013104 0.013104 0.084659
v 0.017121 0.007092 0.084659
v 0.018532 -0.000000 0.084659
v 0.017121 -0.007092 0.084659
v 0.013104 -0.013104 0.084659
v 0.007092 -0.017121 0.084659
v 0.000000 -0.018532 0.084659
v -0.007092 -0.017121 0.084659
v -0.013104 -0.013104 0.084659
v -0.017121 -0.007092 0.084659
v -0.018532 0.000000 0.084659
v -0.017121 0.007092 0.084659
v -0.013104 0.013104 0.084659
v -0.007092 0.017121 0.084659
v 0.000000 0.012389 -0.150385
v 0.004741 0.011446 -0.150385
v 0.008760 0.008760 -0.150385
v 0.011446 0.004741 -0.150385
v 0.012389 -0.000000 -0.150385
v 0.011446 -0.004741 -0.150385
v 0.008760 -0.008760 -0.150385
v 0.004741 -0.011446 -0.150385
v 0.000000 -0.012389 -0.150385
v -0.004741 -0.011446 -0.150385
v -0.008760 -0.008760 -0.150385
v -0.011446 -0.004741 -0.150385
v -0.012389 0.000000 -0.150385
v -0.011446 0.004741 -0.150385
v -0.008760 0.008760 -0.150385
v -0.004741 0.011446 -0.150385
v -0.000000 0.030249 -0.174176
v 0.011576 0.027946 -0.174176
v 0.021389 0.021389 -0.174176
v 0.027946 0.011576 -0.174176
v 0.030249 -0.000000 -0.174176
v 0.027946 -0.011576 -0.174176
v 0.021389 -0.021389 -0.174176
v 0.011576 -0.027946 -0.174176
v -0.000000 -0.030249 -0.174176
v -0.011576 -0.027946 -0.174176
v -0.021389 -0.021389 -0.174176
v -0.027946 -0.011576 -0.174176
v -0.030249 -0.000000 -0.174176
v -0.027946 0.011576 -0.174176
v -0.021389 0.021389 -0.174176
v -0.011576 0.027946 -0.174176
v 0.005582 0.013475 0.042630
v 0.010313 0.010313 0.042630
v 0.013475 0.005582 0.042630
v 0.014585 -0.000000 0.042630
v 0.013475 -0.005582 0.042630
v 0.010313 -0.010313 0.042630
v 0.005582 -0.013475 0.042630
v 0.000000 -0.014585 0.042630
v -0.005582 -0.013475 0.042630
v -0.010313 -0.010313 0.042630
v -0.013475 -0.005582 0.042630
v -0.014585 0.000000 0.042630
v -0.013475 0.005582 0.042630
v -0.010313 0.010313 0.042630
v -0.005581 0.013475 0.042630
v 0.000000 0.014585 0.042630
v 0.016516 -0.000000 0.083930
v 0.015258 -0.006320 0.083930
v 0.011678 -0.011678 0.083930
v 0.000000 -0.016516 0.083930
v 0.006320 -0.015258 0.083930
v 0.015258 0.006320 0.083930
v 0.011678 0.011678 0.083930
v -0.006320 0.015258 0.083930
v 0.000000 0.016516 0.083930
v 0.006320 0.015258 0.083930
v -0.011678 0.011678 0.083930
v -0.015258 0.006320 0.083930
v -0.016516 0.000000 0.083930
v -0.015258 -0.006320 0.083930
v -0.011678 -0.011678 0.083930
v -0.006320 -0.015258 0.083930
v 0.014579 0.006039 0.090270
v 0.000000 0.015780 0.090270
v 0.006039 -0.014579 0.090270
v -0.011158 -0.011158 0.090270
v -0.014579 -0.006039 0.090270
v 0.006039 0.014579 0.090270
v 0.011158 0.011158 0.090270
v -0.011158 0.011158 0.090270
v -0.006039 0.014579 0.090270
v 0.014579 -0.006039 0.090270
v 0.011158 -0.011158 0.090270
v -0.015780 0.000000 0.090270
v 0.000000 -0.015780 0.090270
v 0.015780 -0.000000 0.090270
v -0.014579 0.006039 0.090270
v -0.006039 -0.014579 0.090270
v 0.000000 0.009715 -0.150669
v 0.003718 0.008975 -0.150669
v 0.006870 0.006870 -0.150669
v 0.008975 0.003718 -0.150669
v 0.009715 -0.000000 -0.150669
v 0.008975 -0.003718 -0.150669
v 0.006870 -0.006870 -0.150669
v 0.003718 -0.008975 -0.150669
v 0.000000 -0.009715 -0.150669
v -0.003718 -0.008975 -0.150669
v -0.006870 -0.006870 -0.150669
v -0.008975 -0.003718 -0.150669
v -0.009715 -0.000000 -0.150669
v -0.008975 0.003718 -0.150669
v -0.006870 0.006870 -0.150669
v -0.003718 0.008975 -0.150669
v -0.011640 0.004821 -0.109377
v -0.012599 0.000000 -0.109377
v -0.011640 -0.004821 -0.109377
v -0.008909 0.008909 -0.109377
v 0.000000 -0.012599 -0.109377
v -0.004821 0.011640 -0.109377
v 0.008909 -0.008909 -0.109377
v 0.011640 -0.004821 -0.109377
v 0.012599 -0.000000 -0.109377
v 0.011640 0.004821 -0.109377
v 0.008909 0.008909 -0.109377
v 0.004821 0.011640 -0.109377
v 0.000000 0.012599 -0.109377
v -0.004821 -0.011640 -0.109377
v 0.004821 -0.011640 -0.109377
v -0.008909 -0.008909 -0.109377
v 0.001473 0.014961 -0.112059
v 0.002933 0.014744 -0.112059
v 0.004364 0.014386 -0.112059
v 0.003811 0.012563 0.050397
v 0.002561 0.012876 0.050397
v 0.001287 0.013065 0.050397
v 0.015306 0.006340 0.090252
v 0.015987 0.006622 0.090128
v 0.016576 0.006866 0.089789
v 0.005584 0.013481 0.007651
v 0.005603 0.013527 -0.034415
v 0.005654 0.013650 -0.076631
v 0.007086 0.013258 -0.112059
v 0.008352 0.012499 -0.112059
v 0.009537 0.011621 -0.112059
v 0.008329 0.010149 0.050397
v 0.007294 0.010916 0.050397
v 0.006189 0.011578 0.050397
v 0.010318 0.010318 0.007651
v 0.010353 0.010353 -0.034415
v 0.010447 0.010447 -0.076631
v 0.011621 0.009537 -0.112059
v 0.012499 0.008352 -0.112059
v 0.013258 0.007086 -0.112059
v 0.011578 0.006189 0.050397
v 0.010916 0.007294 0.050397
v 0.010149 0.008329 0.050397
v 0.013481 0.005584 0.007651
v 0.013527 0.005603 -0.034415
v 0.013650 0.005654 -0.076631
v 0.014386 0.004364 -0.112059
v 0.014744 0.002933 -0.112059
v 0.014961 0.001473 -0.112059
v 0.013065 0.001287 0.050397
v 0.012876 0.002561 0.050397
v 0.012563 0.003811 0.050397
v 0.014592 -0.000000 0.007651
v 0.014641 -0.000000 -0.034415
v 0.014774 -0.000000 -0.076631
v 0.014961 -0.001473 -0.112059
v 0.014744 -0.002933 -0.112059
v 0.014386 -0.004364 -0.112059
v 0.012563 -0.003811 0.050397
v 0.012876 -0.002561 0.050397
v 0.013065 -0.001287 0.050397
v 0.013481 -0.005584 0.007651
v 0.013527 -0.005603 -0.034415
v 0.013650 -0.005654 -0.076631
v 0.013258 -0.007086 -0.112059
v 0.012499 -0.008352 -0.112059
v 0.011620 -0.009537 -0.112059
v 0.010149 -0.008329 0.050397
v 0.010916 -0.007294 0.050397
v 0.011578 -0.006189 0.050397
v 0.010318 -0.010318 0.007651
v 0.010353 -0.010353 -0.034415
v 0.010447 -0.010447 -0.076631
v 0.009537 -0.011621 -0.112059
v 0.008352 -0.012499 -0.112059
v 0.007086 -0.013258 -0.112059
v 0.006189 -0.011578 0.050397
v 0.007294 -0.010916 0.050397
v 0.008329 -0.010149 0.050397
v 0.005584 -0.013481 0.007651
v 0.005603 -0.013527 -0.034415
v 0.005654 -0.013650 -0.076631
v 0.004364 -0.014386 -0.112059
v 0.002933 -0.014744 -0.112059
v 0.001473 -0.014961 -0.112059
v 0.001287 -0.013065 0.050397
v 0.002561 -0.012876 0.050397
v 0.003811 -0.012563 0.050397
v 0.000000 -0.014592 0.007651
v 0.000000 -0.014641 -0.034415
v 0.000000 -0.014774 -0.076631
v -0.001473 -0.014961 -0.112059
v -0.002933 -0.014744 -0.112059
v -0.004364 -0.014386 -0.112059
v -0.003811 -0.012563 0.050397
v -0.002561 -0.012876 0.050397
v -0.001287 -0.013065 0.050397
v -0.005584 -0.013481 0.007651
v -0.005603 -0.013527 -0.034415
v -0.005654 -0.013650 -0.076631
v -0.007086 -0.013258 -0.112059
v -0.008352 -0.012499 -0.112059
v -0.009537 -0.011621 -0.112059
v -0.008329 -0.010149 0.050397
v -0.007294 -0.010916 0.050397
v -0.006189 -0.011578 0.050397
v -0.010318 -0.010318 0.007651
v -0.010353 -0.010353 -0.034415
v -0.010447 -0.010447 -0.076631
v -0.011621 -0.009537 -0.112059
v -0.012499 -0.008352 -0.112059
v -0.013258 -0.007086 -0.112059
v -0.011578 -0.006189 0.050397
v -0.010916 -0.007294 0.050397
v -0.010149 -0.008329 0.050397
v -0.013481 -0.005584 0.007651
v -0.013527 -0.005603 -0.034415
v -0.013650 -0.005654 -0.076631
v -0.014386 -0.004364 -0.112059
v -0.014744 -0.002933 -0.112059
v -0.014961 -0.001473 -0.112059
v -0.013065 -0.001287 0.050397
v -0.012876 -0.002561 0.050397
v -0.012563 -0.003811 0.050397
v -0.014592 0.000000 0.007651
v -0.014641 0.000000 -0.034415
v -0.014774 0.000000 -0.076631
v -0.014961 0.001473 -0.112059
v -0.014744 0.002933 -0.112059
v -0.014386 0.004364 -0.112059
v -0.012563 0.003811 0.050397
v -0.012876 0.002561 0.050397
v -0.013065 0.001287 0.050397
v -0.013481 0.005584 0.007651
v -0.013527 0.005603 -0.034415
v -0.013650 0.005654 -0.076631
v -0.013258 0.007086 -0.112059
v -0.012499 0.008352 -0.112059
v -0.011621 0.009537 -0.112059
v -0.010149 0.008329 0.050397
v -0.010916 0.007294 0.050397
v -0.011578 0.006189 0.050397
v -0.010318 0.010318 0.007651
v -0.010353 0.010353 -0.034415
v -0.010447 0.010447 -0.076631
v -0.009537 0.011621 -0.112059
v -0.008352 0.012499 -0.112059
v -0.007086 0.013258 -0.112059
v -0.006189 0.011578 0.050397
v -0.007294 0.010916 0.050397
v -0.008329 0.010149 0.050397
v -0.005584 0.013481 0.007651
v -0.005603 0.013527 -0.034415
v -0.005654 0.013650 -0.076631
v -0.004364 0.014386 -0.112059
v -0.002933 0.014744 -0.112059
v -0.001473 0.014961 -0.112059
v -0.001287 0.013065 0.050397
v -0.002561 0.012876 0.050397
v -0.003811 0.012563 0.050397
v 0.003577 0.036324 -0.175852
v 0.007120 0.035797 -0.175852
v 0.010595 0.034928 -0.175852
v 0.017205 0.032190 -0.175852
v 0.020277 0.030347 -0.175852
v 0.023155 0.028214 -0.175852
v 0.028214 0.023155 -0.175852
v 0.030347 0.020277 -0.175852
v 0.032190 0.017205 -0.175852
v 0.034928 0.010595 -0.175852
v 0.035797 0.007120 -0.175852
v 0.036324 0.003577 -0.175852
v 0.036324 -0.003577 -0.175852
v 0.035797 -0.007120 -0.175852
v 0.034928 -0.010595 -0.175852
v 0.032190 -0.017205 -0.175852
v 0.030347 -0.020277 -0.175852
v 0.028214 -0.023155 -0.175852
v 0.023155 -0.028214 -0.175852
v 0.020277 -0.030347 -0.175852
v 0.017205 -0.032190 -0.175852
v 0.010595 -0.034928 -0.175852
v 0.007120 -0.035797 -0.175852
v 0.003577 -0.036324 -0.175852
v -0.003577 -0.036324 -0.175852
v -0.007121 -0.035797 -0.175852
v -0.010596 -0.034928 -0.175852
v -0.017205 -0.032190 -0.175852
v -0.020277 -0.030347 -0.175852
v -0.023155 -0.028214 -0.175852
v -0.028214 -0.023155 -0.175852
v -0.030347 -0.020277 -0.175852
v -0.032190 -0.017205 -0.175852
v -0.034928 -0.010595 -0.175852
v -0.035797 -0.007120 -0.175852
v -0.036324 -0.003577 -0.175852
v -0.036324 0.003577 -0.175852
v -0.035797 0.007120 -0.175852
v -0.034928 0.010595 -0.175852
v -0.032190 0.017205 -0.175852
v -0.030347 0.020277 -0.175852
v -0.028214 0.023155 -0.175852
v -0.023155 0.028214 -0.175852
v -0.020277 0.030347 -0.175852
v -0.017205 0.032190 -0.175852
v -0.010596 0.034928 -0.175852
v -0.007121 0.035797 -0.175852
v -0.003577 0.036324 -0.175852
v 0.030941 -0.012816 -0.173557
v 0.032225 -0.013348 -0.174544
v 0.033179 -0.013743 -0.175322
v 0.016879 -0.000000 -0.154904
v 0.016066 -0.000000 -0.148628
v 0.015457 -0.000000 -0.135491
v -0.023681 -0.023681 -0.173557
v -0.024664 -0.024664 -0.174544
v -0.025394 -0.025394 -0.175322
v -0.006459 -0.015594 -0.154904
v -0.006148 -0.014843 -0.148628
v -0.005915 -0.014280 -0.135491
v -0.012816 0.030941 -0.173557
v -0.013348 0.032225 -0.174544
v -0.013743 0.033179 -0.175322
v -0.011935 0.011935 -0.154904
v -0.011360 0.011360 -0.148628
v -0.010930 0.010930 -0.135491
v 0.030941 0.012816 -0.173557
v 0.032225 0.013348 -0.174544
v 0.033179 0.013743 -0.175322
v 0.011935 0.011935 -0.154904
v 0.011360 0.011360 -0.148628
v 0.010930 0.010930 -0.135491
v -0.000000 -0.033490 -0.173557
v -0.000000 -0.034880 -0.174544
v -0.000000 -0.035913 -0.175322
v 0.006459 -0.015594 -0.154904
v 0.006148 -0.014843 -0.148628
v 0.005915 -0.014280 -0.135491
v 0.012816 0.030941 -0.173557
v 0.013348 0.032225 -0.174544
v 0.013743 0.033179 -0.175322
v -0.000000 0.016879 -0.154904
v -0.000000 0.016066 -0.148628
v -0.000000 0.015457 -0.135491
v -0.030941 0.012816 -0.173557
v -0.032225 0.013348 -0.174544
v -0.033179 0.013743 -0.175322
v -0.016879 0.000000 -0.154904
v -0.016066 0.000000 -0.148628
v -0.015457 0.000000 -0.135491
v 0.023681 -0.023681 -0.173557
v 0.024664 -0.024664 -0.174544
v 0.025394 -0.025394 -0.175322
v -0.030941 -0.012816 -0.173557
v -0.032225 -0.013348 -0.174544
v -0.033179 -0.013743 -0.175322
v 0.017722 -0.007341 -0.160012
v 0.019087 -0.007906 -0.162226
v 0.020621 -0.008542 -0.164341
v 0.029988 -0.000000 -0.171113
v 0.028040 -0.000000 -0.169680
v 0.026063 -0.000000 -0.168083
v -0.013564 -0.013564 -0.160012
v -0.014609 -0.014609 -0.162226
v -0.015783 -0.015783 -0.164341
v -0.011476 -0.027706 -0.171113
v -0.010730 -0.025906 -0.169680
v -0.009974 -0.024079 -0.168083
v -0.007341 0.017722 -0.160012
v -0.007906 0.019087 -0.162226
v -0.008542 0.020621 -0.164341
v -0.021205 0.021205 -0.171113
v -0.019827 0.019827 -0.169680
v -0.018429 0.018429 -0.168083
v 0.017722 0.007341 -0.160012
v 0.019087 0.007906 -0.162226
v 0.020621 0.008542 -0.164341
v 0.021205 0.021205 -0.171113
v 0.019827 0.019827 -0.169680
v 0.018429 0.018429 -0.168083
v -0.000000 -0.019182 -0.160012
v -0.000000 -0.020660 -0.162226
v -0.000000 -0.022320 -0.164341
v 0.011476 -0.027706 -0.171113
v 0.010730 -0.025906 -0.169680
v 0.009974 -0.024079 -0.168083
v 0.007341 0.017722 -0.160012
v 0.007906 0.019087 -0.162226
v 0.008542 0.020621 -0.164341
v -0.000000 0.029988 -0.171113
v -0.000000 0.028040 -0.169680
v -0.000000 0.026063 -0.168083
v -0.017722 0.007341 -0.160012
v -0.019088 0.007906 -0.162226
v -0.020621 0.008542 -0.164341
v -0.029988 0.000000 -0.171113
v -0.028040 0.000000 -0.169680
v -0.026063 0.000000 -0.168083
v 0.013564 -0.013564 -0.160012
v 0.014609 -0.014609 -0.162226
v 0.015783 -0.015783 -0.164341
v -0.017722 -0.007341 -0.160012
v -0.019088 -0.007906 -0.162226
v -0.020621 -0.008542 -0.164341
v -0.024017 -0.002365 -0.166306
v -0.023668 -0.004708 -0.166306
v -0.023094 -0.007006 -0.166306
v 0.011376 -0.021283 -0.166306
v 0.013407 -0.020065 -0.166306
v 0.015310 -0.018655 -0.166306
v 0.015310 0.018655 -0.166306
v 0.013407 0.020065 -0.166306
v 0.011376 0.021283 -0.166306
v -0.018655 0.015310 -0.166306
v -0.020065 0.013407 -0.166306
v -0.021283 0.011376 -0.166306
v -0.007006 -0.023094 -0.166306
v -0.004708 -0.023668 -0.166306
v -0.002365 -0.024017 -0.166306
v 0.024017 0.002365 -0.166306
v 0.023668 0.004708 -0.166306
v 0.023094 0.007006 -0.166306
v -0.002365 0.024017 -0.166306
v -0.004708 0.023668 -0.166306
v -0.007006 0.023094 -0.166306
v -0.021283 -0.011376 -0.166306
v -0.020065 -0.013407 -0.166306
v -0.018655 -0.015310 -0.166306
v 0.018655 -0.015310 -0.166306
v 0.020065 -0.013407 -0.166306
v 0.021283 -0.011376 -0.166306
v -0.023094 0.007006 -0.166306
v -0.023668 0.004708 -0.166306
v -0.024017 0.002365 -0.166306
v 0.007006 0.023094 -0.166306
v 0.004708 0.023668 -0.166306
v 0.002365 0.024017 -0.166306
v 0.002365 -0.024017 -0.166306
v 0.004708 -0.023668 -0.166306
v 0.007006 -0.023094 -0.166306
v 0.021283 0.011376 -0.166306
v 0.020065 0.013407 -0.166306
v 0.018655 0.015310 -0.166306
v -0.011376 0.021283 -0.166306
v -0.013407 0.020065 -0.166306
v -0.015310 0.018655 -0.166306
v -0.015310 -0.018655 -0.166306
v -0.013407 -0.020065 -0.166306
v -0.011376 -0.021283 -0.166306
v 0.023094 -0.007006 -0.166306
v 0.023668 -0.004708 -0.166306
v 0.024017 -0.002365 -0.166306
v 0.002046 0.027615 -0.176033
v 0.005123 0.025753 -0.176019
v 0.008678 0.026296 -0.176033
v 0.012458 0.024730 -0.176033
v 0.014588 0.021832 -0.176019
v 0.018080 0.020974 -0.176033
v 0.020974 0.018080 -0.176033
v 0.021832 0.014588 -0.176019
v 0.024730 0.012458 -0.176033
v 0.026296 0.008678 -0.176033
v 0.025753 0.005123 -0.176019
v 0.027615 0.002046 -0.176033
v 0.027615 -0.002046 -0.176033
v 0.025753 -0.005123 -0.176019
v 0.026296 -0.008678 -0.176033
v 0.024730 -0.012458 -0.176033
v 0.021832 -0.014588 -0.176019
v 0.020974 -0.018080 -0.176033
v 0.018080 -0.020974 -0.176033
v 0.014588 -0.021832 -0.176019
v 0.012458 -0.024730 -0.176033
v 0.008678 -0.026296 -0.176033
v 0.005123 -0.025753 -0.176019
v 0.002046 -0.027615 -0.176033
v -0.002046 -0.027615 -0.176033
v -0.005123 -0.025753 -0.176019
v -0.008678 -0.026296 -0.176033
v -0.012458 -0.024730 -0.176033
v -0.014588 -0.021832 -0.176019
v -0.018080 -0.020974 -0.176033
v -0.020974 -0.018080 -0.176033
v -0.021832 -0.014588 -0.176019
v -0.024730 -0.012458 -0.176033
v -0.026296 -0.008678 -0.176033
v -0.025753 -0.005123 -0.176019
v -0.027615 -0.002046 -0.176033
v -0.027615 0.002046 -0.176033
v -0.025753 0.005123 -0.176019
v -0.026296 0.008678 -0.176033
v -0.024730 0.012458 -0.176033
v -0.021832 0.014588 -0.176019
v -0.020974 0.018080 -0.176033
v -0.018080 0.020974 -0.176033
v -0.014588 0.021832 -0.176019
v -0.012458 0.024730 -0.176033
v -0.008678 0.026296 -0.176033
v -0.005123 0.025753 -0.176019
v -0.002046 0.027615 -0.176033
v -0.025799 -0.025799 -0.176114
v -0.025052 -0.025052 -0.176176
v -0.023298 -0.023298 -0.176128
v -0.012609 -0.030441 -0.176128
v -0.013558 -0.032732 -0.176176
v -0.013962 -0.033708 -0.176114
v 0.033708 0.013962 -0.176114
v 0.032732 0.013558 -0.176176
v 0.030441 0.012609 -0.176128
v 0.023298 0.023298 -0.176128
v 0.025052 0.025052 -0.176176
v 0.025799 0.025799 -0.176114
v -0.033708 -0.013962 -0.176114
v -0.032732 -0.013558 -0.176176
v -0.030441 -0.012609 -0.176128
v 0.036485 -0.000000 -0.176114
v 0.035429 -0.000000 -0.176176
v 0.032949 -0.000000 -0.176128
v -0.036486 0.000000 -0.176114
v -0.035429 0.000000 -0.176176
v -0.032949 0.000000 -0.176128
v 0.033708 -0.013962 -0.176114
v 0.032732 -0.013558 -0.176176
v 0.030441 -0.012609 -0.176128
v -0.033708 0.013962 -0.176114
v -0.032732 0.013558 -0.176176
v -0.030441 0.012609 -0.176128
v 0.025799 -0.025799 -0.176114
v 0.025052 -0.025052 -0.176176
v 0.023298 -0.023298 -0.176128
v -0.025799 0.025799 -0.176114
v -0.025052 0.025052 -0.176176
v -0.023298 0.023298 -0.176128
v 0.013962 -0.033708 -0.176114
v 0.013558 -0.032732 -0.176176
v 0.012609 -0.030441 -0.176128
v -0.013962 0.033708 -0.176114
v -0.013558 0.032732 -0.176176
v -0.012609 0.030441 -0.176128
v -0.000000 -0.036485 -0.176114
v -0.000000 -0.035429 -0.176176
v -0.000000 -0.032949 -0.176128
v 0.013962 0.033708 -0.176114
v 0.013558 0.032732 -0.176176
v 0.012609 0.030441 -0.176128
v -0.000000 0.032949 -0.176128
v -0.000000 0.035429 -0.176176
v -0.000000 0.036485 -0.176114
v 0.024079 -0.009974 -0.168083
v 0.025906 -0.010730 -0.169680
v 0.027705 -0.011476 -0.171113
v -0.018429 -0.018429 -0.168083
v -0.019827 -0.019827 -0.169680
v -0.021205 -0.021205 -0.171113
v -0.009974 0.024079 -0.168083
v -0.010730 0.025906 -0.169680
v -0.011476 0.027706 -0.171113
v 0.024079 0.009974 -0.168083
v 0.025906 0.010730 -0.169680
v 0.027705 0.011476 -0.171113
v -0.000000 -0.026063 -0.168083
v -0.000000 -0.028040 -0.169680
v -0.000000 -0.029988 -0.171113
v 0.009974 0.024079 -0.168083
v 0.010730 0.025906 -0.169680
v 0.011476 0.027706 -0.171113
v -0.024079 0.009974 -0.168083
v -0.025906 0.010730 -0.169680
v -0.027706 0.011476 -0.171113
v 0.018429 -0.018429 -0.168083
v 0.019827 -0.019827 -0.169680
v 0.021205 -0.021205 -0.171113
v -0.024079 -0.009974 -0.168083
v -0.025906 -0.010730 -0.169680
v -0.027706 -0.011476 -0.171113
v 0.035913 -0.000000 -0.175322
v 0.034880 -0.000000 -0.174544
v 0.033490 -0.000000 -0.173557
v -0.013743 -0.033179 -0.175322
v -0.013348 -0.032225 -0.174544
v -0.012816 -0.030941 -0.173557
v -0.025394 0.025394 -0.175322
v -0.024664 0.024664 -0.174544
v -0.023681 0.023681 -0.173557
v 0.025394 0.025394 -0.175322
v 0.024664 0.024664 -0.174544
v 0.023681 0.023681 -0.173557
v 0.013743 -0.033179 -0.175322
v 0.013348 -0.032225 -0.174544
v 0.012816 -0.030941 -0.173557
v -0.000000 0.035913 -0.175322
v -0.000000 0.034880 -0.174544
v -0.000000 0.033490 -0.173557
v -0.035913 0.000000 -0.175322
v -0.034880 0.000000 -0.174544
v -0.033491 0.000000 -0.173557
v -0.031677 -0.003120 -0.172403
v -0.031218 -0.006210 -0.172403
v -0.030459 -0.009240 -0.172403
v 0.015004 -0.028072 -0.172403
v 0.017683 -0.026465 -0.172403
v 0.020193 -0.024605 -0.172403
v 0.020193 0.024605 -0.172403
v 0.017683 0.026465 -0.172403
v 0.015004 0.028072 -0.172403
v -0.024605 0.020193 -0.172403
v -0.026465 0.017683 -0.172403
v -0.028072 0.015004 -0.172403
v -0.009240 -0.030459 -0.172403
v -0.006210 -0.031218 -0.172403
v -0.003120 -0.031677 -0.172403
v 0.031677 0.003120 -0.172403
v 0.031217 0.006210 -0.172403
v 0.030459 0.009240 -0.172403
v -0.003120 0.031677 -0.172403
v -0.006210 0.031218 -0.172403
v -0.009240 0.030459 -0.172403
v -0.028072 -0.015004 -0.172403
v -0.026465 -0.017683 -0.172403
v -0.024605 -0.020193 -0.172403
v 0.024605 -0.020193 -0.172403
v 0.026465 -0.017683 -0.172403
v 0.028072 -0.015004 -0.172403
v -0.030459 0.009240 -0.172403
v -0.031218 0.006210 -0.172403
v -0.031677 0.003120 -0.172403
v 0.009240 0.030459 -0.172403
v 0.006210 0.031218 -0.172403
v 0.003120 0.031677 -0.172403
v 0.003120 -0.031677 -0.172403
v 0.006210 -0.031218 -0.172403
v 0.009240 -0.030459 -0.172403
v 0.028072 0.015004 -0.172403
v 0.026465 0.017683 -0.172403
v 0.024605 0.020193 -0.172403
v -0.015004 0.028072 -0.172403
v -0.017683 0.026465 -0.172403
v -0.020193 0.024605 -0.172403
v -0.020193 -0.024605 -0.172403
v -0.017683 -0.026465 -0.172403
v -0.015004 -0.028072 -0.172403
v 0.030459 -0.009240 -0.172403
v 0.031217 -0.006210 -0.172403
v 0.031677 -0.003120 -0.172403
v 0.022320 -0.000000 -0.164341
v 0.020660 -0.000000 -0.162226
v 0.019182 -0.000000 -0.160012
v -0.008542 -0.020621 -0.164341
v -0.007906 -0.019087 -0.162226
v -0.007341 -0.017722 -0.160012
v -0.015783 0.015783 -0.164341
v -0.014609 0.014609 -0.162226
v -0.013564 0.013564 -0.160012
v 0.015783 0.015783 -0.164341
v 0.014609 0.014609 -0.162226
v 0.013564 0.013564 -0.160012
v 0.008542 -0.020621 -0.164341
v 0.007906 -0.019087 -0.162226
v 0.007341 -0.017722 -0.160012
v -0.000000 0.022320 -0.164341
v -0.000000 0.020660 -0.162226
v -0.000000 0.019182 -0.160012
v -0.022320 0.000000 -0.164341
v -0.020660 0.000000 -0.162226
v -0.019182 0.000000 -0.160012
v 0.014280 -0.005915 -0.135491
v 0.014843 -0.006148 -0.148628
v 0.015594 -0.006459 -0.154904
v -0.010930 -0.010930 -0.135491
v -0.011360 -0.011360 -0.148628
v -0.011935 -0.011935 -0.154904
v -0.005915 0.014280 -0.135491
v -0.006148 0.014843 -0.148628
v -0.006459 0.015594 -0.154904
v 0.014280 0.005915 -0.135491
v 0.014843 0.006148 -0.148628
v 0.015594 0.006459 -0.154904
v -0.000000 -0.015457 -0.135491
v -0.000000 -0.016066 -0.148628
v -0.000000 -0.016879 -0.154904
v 0.005915 0.014280 -0.135491
v 0.006148 0.014843 -0.148628
v 0.006459 0.015594 -0.154904
v -0.014280 0.005915 -0.135491
v -0.014843 0.006148 -0.148628
v -0.015594 0.006459 -0.154904
v 0.010930 -0.010930 -0.135491
v 0.011360 -0.011360 -0.148628
v 0.011935 -0.011935 -0.154904
v -0.014280 -0.005915 -0.135491
v -0.014843 -0.006148 -0.148628
v -0.015594 -0.006459 -0.154904
v 0.017142 -0.005200 -0.157748
v 0.017569 -0.003495 -0.157748
v 0.017828 -0.001756 -0.157748
v -0.011365 -0.013847 -0.157748
v -0.009952 -0.014894 -0.157748
v -0.008444 -0.015799 -0.157748
v -0.008444 0.015799 -0.157748
v -0.009952 0.014894 -0.157748
v -0.011365 0.013847 -0.157748
v 0.015799 0.008444 -0.157748
v 0.014894 0.009952 -0.157748
v 0.013847 0.011365 -0.157748
v 0.001756 -0.017828 -0.157748
v 0.003495 -0.017569 -0.157748
v 0.005200 -0.017142 -0.157748
v 0.005200 0.017142 -0.157748
v 0.003495 0.017569 -0.157748
v 0.001756 0.017828 -0.157748
v -0.017142 0.005200 -0.157748
v -0.017569 0.003495 -0.157748
v -0.017828 0.001756 -0.157748
v 0.013847 -0.011365 -0.157748
v 0.014894 -0.009952 -0.157748
v 0.015799 -0.008444 -0.157748
v -0.015799 -0.008444 -0.157748
v -0.014894 -0.009952 -0.157748
v -0.013848 -0.011365 -0.157748
v -0.001756 0.017828 -0.157748
v -0.003495 0.017569 -0.157748
v -0.005200 0.017142 -0.157748
v 0.017828 0.001756 -0.157748
v 0.017569 0.003495 -0.157748
v 0.017142 0.005200 -0.157748
v -0.005200 -0.017142 -0.157748
v -0.003495 -0.017569 -0.157748
v -0.001756 -0.017828 -0.157748
v -0.013848 0.011365 -0.157748
v -0.014894 0.009952 -0.157748
v -0.015799 0.008444 -0.157748
v 0.011365 0.013847 -0.157748
v 0.009952 0.014894 -0.157748
v 0.008444 0.015799 -0.157748
v 0.008444 -0.015799 -0.157748
v 0.009952 -0.014894 -0.157748
v 0.011365 -0.013847 -0.157748
v -0.017828 -0.001756 -0.157748
v -0.017569 -0.003495 -0.157748
v -0.017142 -0.005200 -0.157748
v 0.000000 0.014590 0.065313
v 0.000000 0.014623 0.077404
v 0.000000 0.014712 0.082338
v 0.017078 -0.000000 0.083833
v 0.017636 -0.000000 0.083844
v 0.018138 -0.000000 0.084080
v 0.000000 0.016567 0.090252
v 0.000000 0.017304 0.090128
v 0.000000 0.017942 0.089789
v 0.006340 -0.015306 0.090252
v 0.006622 -0.015987 0.090128
v 0.006866 -0.016576 0.089789
v 0.015778 -0.006535 0.083833
v 0.016294 -0.006749 0.083844
v 0.016758 -0.006941 0.084080
v -0.010602 -0.010602 0.089647
v -0.010080 -0.010080 0.085286
v -0.009629 -0.009629 0.073449
v -0.015306 -0.006340 0.090252
v -0.015987 -0.006622 0.090128
v -0.016576 -0.006866 0.089789
v 0.012076 -0.012076 0.083833
v 0.012471 -0.012471 0.083844
v 0.012826 -0.012826 0.084080
v 0.005738 0.013852 0.089647
v 0.005455 0.013171 0.085286
v 0.005211 0.012581 0.073449
v 0.011714 0.011714 0.090252
v 0.012236 0.012236 0.090128
v 0.012687 0.012687 0.089789
v 0.000000 -0.015995 0.084025
v 0.000000 -0.015540 0.084040
v 0.000000 -0.015164 0.083904
v 0.006535 -0.015778 0.083833
v 0.006749 -0.016294 0.083844
v 0.006941 -0.016758 0.084080
v -0.010602 0.010602 0.089647
v -0.010080 0.010080 0.085286
v -0.009629 0.009629 0.073449
v -0.006340 0.015306 0.090252
v -0.006622 0.015987 0.090128
v -0.006866 0.016576 0.089789
v 0.013852 -0.005738 0.089647
v 0.013171 -0.005455 0.085286
v 0.012581 -0.005211 0.073449
v 0.011714 -0.011714 0.090252
v 0.012236 -0.012236 0.090128
v 0.012687 -0.012687 0.089789
v -0.004321 0.014244 0.083547
v -0.002904 0.014598 0.083547
v -0.001459 0.014813 0.083547
v -0.009443 0.011506 0.083547
v -0.008269 0.012376 0.083547
v -0.007017 0.013127 0.083547
v -0.013127 0.007017 0.083547
v -0.012376 0.008269 0.083547
v -0.011506 0.009443 0.083547
v -0.014813 0.001459 0.083547
v -0.014598 0.002904 0.083547
v -0.014244 0.004321 0.083547
v -0.014244 -0.004321 0.083547
v -0.014598 -0.002904 0.083547
v -0.014813 -0.001459 0.083547
v -0.011506 -0.009443 0.083547
v -0.012376 -0.008269 0.083547
v -0.013127 -0.007017 0.083547
v -0.007017 -0.013127 0.083547
v -0.008269 -0.012376 0.083547
v -0.009443 -0.011506 0.083547
v -0.001459 -0.014813 0.083547
v -0.002904 -0.014598 0.083547
v -0.004321 -0.014244 0.083547
v 0.004321 -0.014244 0.083547
v 0.002904 -0.014598 0.083547
v 0.001459 -0.014813 0.083547
v 0.009443 -0.011506 0.083547
v 0.008269 -0.012376 0.083547
v 0.007017 -0.013127 0.083547
v 0.013127 -0.007017 0.083547
v 0.012376 -0.008269 0.083547
v 0.011506 -0.009443 0.083547
v 0.014813 -0.001459 0.083547
v 0.014598 -0.002904 0.083547
v 0.014244 -0.004321 0.083547
v 0.014244 0.004321 0.083547
v 0.014598 0.002904 0.083547
v 0.014813 0.001459 0.083547
v 0.011506 0.009443 0.083547
v 0.012376 0.008269 0.083547
v 0.013127 0.007017 0.083547
v 0.007017 0.013127 0.083547
v 0.008269 0.012376 0.083547
v 0.009443 0.011506 0.083547
v 0.001459 0.014813 0.083547
v 0.002904 0.014598 0.083547
v 0.004321 0.014244 0.083547
v 0.005350 0.017636 0.089130
v 0.003595 0.018075 0.089130
v 0.001806 0.018341 0.089130
v 0.000000 0.018771 0.085641
v 0.000000 0.018841 0.086862
v 0.000000 0.018730 0.088099
v 0.011692 0.014246 0.089130
v 0.010239 0.015323 0.089130
v 0.008688 0.016254 0.089130
v 0.016254 0.008688 0.089130
v 0.015323 0.010239 0.089130
v 0.014246 0.011692 0.089130
v 0.018341 0.001806 0.089130
v 0.018075 0.003595 0.089130
v 0.017636 0.005350 0.089130
v 0.017636 -0.005350 0.089130
v 0.018075 -0.003595 0.089130
v 0.018341 -0.001806 0.089130
v 0.014246 -0.011692 0.089130
v 0.015323 -0.010239 0.089130
v 0.016254 -0.008688 0.089130
v 0.008688 -0.016254 0.089130
v 0.010239 -0.015323 0.089130
v 0.011692 -0.014246 0.089130
v 0.001806 -0.018341 0.089130
v 0.003595 -0.018075 0.089130
v 0.005350 -0.017636 0.089130
v -0.005350 -0.017636 0.089130
v -0.003595 -0.018075 0.089130
v -0.001806 -0.018341 0.089130
v -0.011692 -0.014246 0.089130
v -0.010239 -0.015323 0.089130
v -0.008688 -0.016254 0.089130
v -0.016254 -0.008688 0.089130
v -0.015323 -0.010239 0.089130
v -0.014246 -0.011692 0.089130
v -0.018341 -0.001806 0.089130
v -0.018075 -0.003595 0.089130
v -0.017636 -0.005350 0.089130
v -0.017636 0.005350 0.089130
v -0.018075 0.003595 0.089130
v -0.018341 0.001806 0.089130
v -0.014246 0.011692 0.089130
v -0.015323 0.010239 0.089130
v -0.016254 0.008688 0.089130
v -0.008688 0.016254 0.089130
v -0.010239 0.015323 0.089130
v -0.011692 0.014246 0.089130
v -0.001806 0.018341 0.089130
v -0.003595 0.018075 0.089130
v -0.005350 0.017636 0.089130
v 0.007168 0.017305 0.088099
v 0.007210 0.017407 0.086862
v 0.007184 0.017343 0.085641
v 0.013244 0.013244 0.088099
v 0.013322 0.013322 0.086862
v 0.013273 0.013273 0.085641
v 0.017305 0.007168 0.088099
v 0.017407 0.007210 0.086862
v 0.017343 0.007184 0.085641
v 0.018730 -0.000000 0.088099
v 0.018841 -0.000000 0.086862
v 0.018771 -0.000000 0.085641
v 0.017305 -0.007168 0.088099
v 0.017407 -0.007210 0.086862
v 0.017343 -0.007184 0.085641
v 0.013244 -0.013244 0.088099
v 0.013322 -0.013322 0.086862
v 0.013273 -0.013273 0.085641
v 0.007168 -0.017305 0.088099
v 0.007210 -0.017407 0.086862
v 0.007184 -0.017343 0.085641
v 0.000000 -0.018730 0.088099
v 0.000000 -0.018841 0.086862
v 0.000000 -0.018771 0.085641
v -0.007168 -0.017305 0.088099
v -0.007210 -0.017407 0.086862
v -0.007184 -0.017343 0.085641
v -0.013244 -0.013244 0.088099
v -0.013322 -0.013322 0.086862
v -0.013273 -0.013273 0.085641
v -0.017305 -0.007168 0.088099
v -0.017407 -0.007210 0.086862
v -0.017343 -0.007184 0.085641
v -0.018730 0.000000 0.088099
v -0.018841 0.000000 0.086862
v -0.018771 0.000000 0.085641
v -0.017305 0.007168 0.088099
v -0.017407 0.007210 0.086862
v -0.017343 0.007184 0.085641
v -0.013244 0.013244 0.088099
v -0.013322 0.013322 0.086862
v -0.013273 0.013273 0.085641
v -0.007168 0.017305 0.088099
v -0.007210 0.017407 0.086862
v -0.007184 0.017343 0.085641
v -0.005379 0.017733 0.084659
v -0.003615 0.018175 0.084659
v -0.001816 0.018442 0.084659
v -0.011756 0.014325 0.084659
v -0.010295 0.015408 0.084659
v -0.008735 0.016343 0.084659
v -0.016343 0.008735 0.084659
v -0.015408 0.010295 0.084659
v -0.014325 0.011756 0.084659
v -0.018442 0.001816 0.084659
v -0.018174 0.003615 0.084659
v -0.017733 0.005379 0.084659
v -0.017733 -0.005379 0.084659
v -0.018174 -0.003615 0.084659
v -0.018442 -0.001816 0.084659
v -0.014325 -0.011756 0.084659
v -0.015408 -0.010295 0.084659
v -0.016343 -0.008735 0.084659
v -0.008735 -0.016343 0.084659
v -0.010295 -0.015408 0.084659
v -0.011756 -0.014325 0.084659
v -0.001816 -0.018442 0.084659
v -0.003615 -0.018175 0.084659
v -0.005379 -0.017733 0.084659
v 0.005379 -0.017733 0.084659
v 0.003615 -0.018174 0.084659
v 0.001816 -0.018442 0.084659
v 0.011756 -0.014325 0.084659
v 0.010295 -0.015408 0.084659
v 0.008735 -0.016343 0.084659
v 0.016343 -0.008735 0.084659
v 0.015408 -0.010295 0.084659
v 0.014325 -0.011756 0.084659
v 0.018442 -0.001816 0.084659
v 0.018174 -0.003615 0.084659
v 0.017733 -0.005379 0.084659
v 0.017733 0.005379 0.084659
v 0.018174 0.003615 0.084659
v 0.018442 0.001816 0.084659
v 0.014325 0.011756 0.084659
v 0.015408 0.010295 0.084659
v 0.016343 0.008735 0.084659
v 0.008735 0.016343 0.084659
v 0.010295 0.015408 0.084659
v 0.011756 0.014325 0.084659
v 0.001816 0.018442 0.084659
v 0.003615 0.018174 0.084659
v 0.005379 0.017733 0.084659
v 0.015778 0.006535 0.083833
v 0.016294 0.006749 0.083844
v 0.016758 0.006941 0.084080
v -0.016567 0.000000 0.090252
v -0.017304 0.000000 0.090128
v -0.017942 0.000000 0.089789
v 0.012076 0.012076 0.083833
v 0.012471 0.012471 0.083844
v 0.012826 0.012826 0.084080
v -0.006535 0.015778 0.083833
v -0.006749 0.016294 0.083844
v -0.006941 0.016758 0.084080
v 0.000000 0.015995 0.084025
v 0.000000 0.015540 0.084040
v 0.000000 0.015164 0.083904
v 0.000000 -0.016567 0.090252
v 0.000000 -0.017304 0.090128
v 0.000000 -0.017942 0.089789
v 0.006535 0.015778 0.083833
v 0.006749 0.016294 0.083844
v 0.006941 0.016758 0.084080
v -0.012076 0.012076 0.083833
v -0.012471 0.012471 0.083844
v -0.012826 0.012826 0.084080
v 0.016567 -0.000000 0.090252
v 0.017304 -0.000000 0.090128
v 0.017942 -0.000000 0.089789
v -0.015306 0.006340 0.090252
v -0.015987 0.006622 0.090128
v -0.016576 0.006866 0.089789
v -0.015778 0.006535 0.083833
v -0.016294 0.006749 0.083844
v -0.016758 0.006941 0.084080
v -0.017078 0.000000 0.083833
v -0.017636 0.000000 0.083844
v -0.018138 0.000000 0.084080
v -0.006340 -0.015306 0.090252
v -0.006622 -0.015987 0.090128
v -0.006866 -0.016576 0.089789
v -0.015778 -0.006535 0.083833
v -0.016294 -0.006749 0.083844
v -0.016758 -0.006941 0.084080
v -0.012076 -0.012076 0.083833
v -0.012471 -0.012471 0.083844
v -0.012826 -0.012826 0.084080
v -0.006535 -0.015778 0.083833
v -0.006749 -0.016294 0.083844
v -0.006941 -0.016758 0.084080
v 0.001214 0.012329 -0.150385
v 0.002417 0.012150 -0.150385
v 0.003596 0.011855 -0.150385
v 0.005840 0.010926 -0.150385
v 0.006883 0.010300 -0.150385
v 0.007859 0.009576 -0.150385
v 0.009576 0.007859 -0.150385
v 0.010300 0.006883 -0.150385
v 0.010926 0.005840 -0.150385
v 0.011855 0.003596 -0.150385
v 0.012150 0.002417 -0.150385
v 0.012329 0.001214 -0.150385
v 0.012329 -0.001214 -0.150385
v 0.012150 -0.002417 -0.150385
v 0.011855 -0.003596 -0.150385
v 0.010926 -0.005840 -0.150385
v 0.010300 -0.006883 -0.150385
v 0.009576 -0.007859 -0.150385
v 0.007859 -0.009576 -0.150385
v 0.006883 -0.010300 -0.150385
v 0.005840 -0.010926 -0.150385
v 0.003596 -0.011855 -0.150385
v 0.002417 -0.012150 -0.150385
v 0.001214 -0.012329 -0.150385
v -0.001214 -0.012329 -0.150385
v -0.002417 -0.012150 -0.150385
v -0.003596 -0.011855 -0.150385
v -0.005840 -0.010926 -0.150385
v -0.006883 -0.010300 -0.150385
v -0.007859 -0.009576 -0.150385
v -0.009576 -0.007859 -0.150385
v -0.010300 -0.006883 -0.150385
v -0.010926 -0.005840 -0.150385
v -0.011855 -0.003596 -0.150385
v -0.012150 -0.002417 -0.150385
v -0.012329 -0.001214 -0.150385
v -0.012329 0.001214 -0.150385
v -0.012150 0.002417 -0.150385
v -0.011855 0.003596 -0.150385
v -0.010926 0.005840 -0.150385
v -0.010300 0.006883 -0.150385
v -0.009576 0.007859 -0.150385
v -0.007859 0.009576 -0.150385
v -0.006883 0.010300 -0.150385
v -0.005840 0.010926 -0.150385
v -0.003596 0.011855 -0.150385
v -0.002417 0.012150 -0.150385
v -0.001214 0.012329 -0.150385
v 0.002963 0.030090 -0.174176
v 0.005898 0.029653 -0.174176
v 0.008777 0.028933 -0.174176
v 0.014253 0.026665 -0.174176
v 0.016797 0.025139 -0.174176
v 0.019181 0.023372 -0.174176
v 0.023372 0.019181 -0.174176
v 0.025139 0.016797 -0.174176
v 0.026665 0.014253 -0.174176
v 0.028933 0.008777 -0.174176
v 0.029653 0.005898 -0.174176
v 0.030090 0.002963 -0.174176
v 0.030090 -0.002963 -0.174176
v 0.029653 -0.005898 -0.174176
v 0.028933 -0.008777 -0.174176
v 0.026665 -0.014253 -0.174176
v 0.025139 -0.016797 -0.174176
v 0.023372 -0.019181 -0.174176
v 0.019181 -0.023372 -0.174176
v 0.016797 -0.025139 -0.174176
v 0.014253 -0.026665 -0.174176
v 0.008777 -0.028933 -0.174176
v 0.005898 -0.029653 -0.174176
v 0.002963 -0.030090 -0.174176
v -0.002963 -0.030090 -0.174176
v -0.005898 -0.029653 -0.174176
v -0.008777 -0.028933 -0.174176
v -0.014253 -0.026665 -0.174176
v -0.016797 -0.025139 -0.174176
v -0.019181 -0.023372 -0.174176
v -0.023372 -0.019181 -0.174176
v -0.025139 -0.016797 -0.174176
v -0.026665 -0.014253 -0.174176
v -0.028933 -0.008777 -0.174176
v -0.029653 -0.005898 -0.174176
v -0.030090 -0.002963 -0.174176
v -0.030090 0.002963 -0.174176
v -0.029653 0.005898 -0.174176
v -0.028933 0.008777 -0.174176
v -0.026665 0.014253 -0.174176
v -0.025139 0.016797 -0.174176
v -0.023372 0.019181 -0.174176
v -0.019181 0.023372 -0.174176
v -0.016797 0.025139 -0.174176
v -0.014253 0.026665 -0.174176
v -0.008777 0.028933 -0.174176
v -0.005898 0.029653 -0.174176
v -0.002963 0.030090 -0.174176
v -0.011637 0.004820 -0.132685
v -0.011616 0.004811 -0.144833
v -0.011558 0.004788 -0.149505
v -0.012596 0.000000 -0.132685
v -0.012573 0.000000 -0.144833
v -0.012510 0.000000 -0.149505
v -0.011637 -0.004820 -0.132685
v -0.011616 -0.004811 -0.144833
v -0.011558 -0.004788 -0.149505
v -0.008906 0.008906 -0.132685
v -0.008890 0.008890 -0.144833
v -0.008846 0.008846 -0.149505
v 0.000000 -0.012596 -0.132685
v 0.000000 -0.012573 -0.144833
v 0.000000 -0.012510 -0.149505
v -0.004820 0.011637 -0.132685
v -0.004811 0.011616 -0.144833
v -0.004788 0.011558 -0.149505
v 0.008906 -0.008906 -0.132685
v 0.008890 -0.008890 -0.144833
v 0.008846 -0.008846 -0.149505
v 0.011637 -0.004820 -0.132685
v 0.011616 -0.004811 -0.144833
v 0.011558 -0.004788 -0.149505
v 0.012596 -0.000000 -0.132685
v 0.012573 -0.000000 -0.144833
v 0.012510 -0.000000 -0.149505
v 0.011637 0.004820 -0.132685
v 0.011616 0.004811 -0.144833
v 0.011558 0.004788 -0.149505
v 0.008906 0.008906 -0.132685
v 0.008890 0.008890 -0.144833
v 0.008846 0.008846 -0.149505
v 0.004820 0.011637 -0.132685
v 0.004811 0.011616 -0.144833
v 0.004788 0.011558 -0.149505
v 0.000000 0.012607 -0.073078
v 0.000000 0.012665 -0.029383
v 0.000000 0.012823 0.014258
v -0.004820 -0.011637 -0.132685
v -0.004811 -0.011616 -0.144833
v -0.004788 -0.011558 -0.149505
v 0.004820 -0.011637 -0.132685
v 0.004811 -0.011616 -0.144833
v 0.004788 -0.011558 -0.149505
v -0.008906 -0.008906 -0.132685
v -0.008890 -0.008890 -0.144833
v -0.008846 -0.008846 -0.149505
v 0.005630 0.013592 0.082338
v 0.005596 0.013510 0.077404
v 0.005583 0.013479 0.065313
v 0.010403 0.010403 0.082338
v 0.010340 0.010340 0.077404
v 0.010317 0.010317 0.065313
v 0.013592 0.005630 0.082338
v 0.013510 0.005596 0.077404
v 0.013479 0.005583 0.065313
v 0.014712 -0.000000 0.082338
v 0.014623 -0.000000 0.077404
v 0.014590 -0.000000 0.065313
v 0.013592 -0.005630 0.082338
v 0.013510 -0.005596 0.077404
v 0.013479 -0.005583 0.065313
v 0.010403 -0.010403 0.082338
v 0.010340 -0.010340 0.077404
v 0.010317 -0.010317 0.065313
v 0.005630 -0.013592 0.082338
v 0.005596 -0.013510 0.077404
v 0.005583 -0.013479 0.065313
v 0.000000 -0.014712 0.082338
v 0.000000 -0.014623 0.077404
v 0.000000 -0.014590 0.065313
v -0.005630 -0.013592 0.082338
v -0.005596 -0.013510 0.077404
v -0.005583 -0.013479 0.065313
v -0.010403 -0.010403 0.082338
v -0.010340 -0.010340 0.077404
v -0.010317 -0.010317 0.065313
v -0.013592 -0.005630 0.082338
v -0.013510 -0.005596 0.077404
v -0.013479 -0.005583 0.065313
v -0.014712 0.000000 0.082338
v -0.014623 0.000000 0.077404
v -0.014590 0.000000 0.065313
v -0.013592 0.005630 0.082338
v -0.013510 0.005596 0.077404
v -0.013479 0.005583 0.065313
v -0.010403 0.010403 0.082338
v -0.010340 0.010340 0.077404
v -0.010317 0.010317 0.065313
v -0.005630 0.013592 0.082338
v -0.005596 0.013510 0.077404
v -0.005583 0.013479 0.065313
v 0.000000 0.014774 -0.076631
v 0.000000 0.014641 -0.034415
v 0.000000 0.014592 0.007651
v 0.001429 0.014514 0.042630
v 0.002845 0.014304 0.042630
v 0.004234 0.013957 0.042630
v 0.006875 0.012863 0.042630
v 0.008103 0.012126 0.042630
v 0.009252 0.011274 0.042630
v 0.011274 0.009252 0.042630
v 0.012126 0.008103 0.042630
v 0.012863 0.006875 0.042630
v 0.013957 0.004234 0.042630
v 0.014304 0.002845 0.042630
v 0.014514 0.001429 0.042630
v 0.014514 -0.001429 0.042630
v 0.014304 -0.002845 0.042630
v 0.013957 -0.004234 0.042630
v 0.012863 -0.006875 0.042630
v 0.012126 -0.008103 0.042630
v 0.011274 -0.009252 0.042630
v 0.009252 -0.011274 0.042630
v 0.008103 -0.012126 0.042630
v 0.006875 -0.012863 0.042630
v 0.004234 -0.013957 0.042630
v 0.002845 -0.014304 0.042630
v 0.001429 -0.014514 0.042630
v -0.001429 -0.014514 0.042630
v -0.002845 -0.014304 0.042630
v -0.004234 -0.013957 0.042630
v -0.006875 -0.012863 0.042630
v -0.008103 -0.012126 0.042630
v -0.009252 -0.011274 0.042630
v -0.011274 -0.009252 0.042630
v -0.012126 -0.008103 0.042630
v -0.012863 -0.006875 0.042630
v -0.013957 -0.004234 0.042630
v -0.014304 -0.002845 0.042630
v -0.014514 -0.001429 0.042630
v -0.014514 0.001429 0.042630
v -0.014304 0.002845 0.042630
v -0.013957 0.004234 0.042630
v -0.012863 0.006875 0.042630
v -0.012126 0.008103 0.042630
v -0.011274 0.009252 0.042630
v -0.009252 0.011274 0.042630
v -0.008103 0.012126 0.042630
v -0.006875 0.012863 0.042630
v -0.004234 0.013957 0.042630
v -0.002845 0.014304 0.042630
v -0.001429 0.014514 0.042630
v 0.015164 -0.000000 0.083904
v 0.015540 -0.000000 0.084040
v 0.015995 -0.000000 0.084025
v 0.014010 -0.005803 0.083904
v 0.014357 -0.005947 0.084040
v 0.014778 -0.006121 0.084025
v 0.010723 -0.010723 0.083904
v 0.010988 -0.010988 0.084040
v 0.011310 -0.011310 0.084025
v 0.000000 -0.018138 0.084080
v 0.000000 -0.017636 0.083844
v 0.000000 -0.017078 0.083833
v 0.005803 -0.014010 0.083904
v 0.005947 -0.014357 0.084040
v 0.006121 -0.014778 0.084025
v 0.014010 0.005803 0.083904
v 0.014357 0.005947 0.084040
v 0.014778 0.006121 0.084025
v 0.010723 0.010723 0.083904
v 0.010988 0.010988 0.084040
v 0.011310 0.011310 0.084025
v -0.005803 0.014010 0.083904
v -0.005947 0.014357 0.084040
v -0.006121 0.014778 0.084025
v 0.000000 0.018138 0.084080
v 0.000000 0.017636 0.083844
v 0.000000 0.017078 0.083833
v 0.005803 0.014010 0.083904
v 0.005947 0.014357 0.084040
v 0.006121 0.014778 0.084025
v -0.010723 0.010723 0.083904
v -0.010988 0.010988 0.084040
v -0.011310 0.011310 0.084025
v -0.014010 0.005803 0.083904
v -0.014357 0.005947 0.084040
v -0.014778 0.006121 0.084025
v -0.015164 0.000000 0.083904
v -0.015540 0.000000 0.084040
v -0.015995 0.000000 0.084025
v -0.014010 -0.005803 0.083904
v -0.014357 -0.005947 0.084040
v -0.014778 -0.006121 0.084025
v -0.010723 -0.010723 0.083904
v -0.010988 -0.010988 0.084040
v -0.011310 -0.011310 0.084025
v -0.005803 -0.014010 0.083904
v -0.005947 -0.014357 0.084040
v -0.006121 -0.014778 0.084025
v -0.001619 -0.016435 0.083930
v -0.003222 -0.016197 0.083930
v -0.004794 -0.015804 0.083930
v -0.007785 -0.014565 0.083930
v -0.009175 -0.013731 0.083930
v -0.010477 -0.012766 0.083930
v -0.012766 -0.010477 0.083930
v -0.013731 -0.009175 0.083930
v -0.014565 -0.007785 0.083930
v -0.015804 -0.004794 0.083930
v -0.016197 -0.003222 0.083930
v -0.016435 -0.001619 0.083930
v -0.016435 0.001619 0.083930
v -0.016197 0.003222 0.083930
v -0.015804 0.004794 0.083930
v -0.014565 0.007785 0.083930
v -0.013731 0.009175 0.083930
v -0.012766 0.010477 0.083930
v 0.001619 0.016435 0.083930
v 0.003222 0.016197 0.083930
v 0.004794 0.015804 0.083930
v -0.010477 0.012766 0.083930
v -0.009175 0.013731 0.083930
v -0.007785 0.014565 0.083930
v 0.007785 0.014565 0.083930
v 0.009175 0.013731 0.083930
v 0.010477 0.012766 0.083930
v 0.004794 -0.015804 0.083930
v 0.003222 -0.016197 0.083930
v 0.001619 -0.016435 0.083930
v 0.010477 -0.012766 0.083930
v 0.009175 -0.013731 0.083930
v 0.007785 -0.014565 0.083930
v 0.014565 -0.007785 0.083930
v 0.013731 -0.009175 0.083930
v 0.012766 -0.010477 0.083930
v 0.016435 -0.001619 0.083930
v 0.016197 -0.003222 0.083930
v 0.015804 -0.004794 0.083930
v 0.015804 0.004794 0.083930
v 0.016197 0.003222 0.083930
v 0.016435 0.001619 0.083930
v 0.012766 0.010477 0.083930
v 0.013731 0.009175 0.083930
v 0.014565 0.007785 0.083930
v -0.004794 0.015804 0.083930
v -0.003222 0.016197 0.083930
v -0.001619 0.016435 0.083930
v 0.012581 0.005211 0.073449
v 0.013171 0.005455 0.085286
v 0.013852 0.005738 0.089647
v 0.000000 0.013618 0.073449
v 0.000000 0.014256 0.085286
v 0.000000 0.014993 0.089647
v 0.005211 -0.012581 0.073449
v 0.005455 -0.013171 0.085286
v 0.005738 -0.013852 0.089647
v -0.012687 -0.012687 0.089789
v -0.012236 -0.012236 0.090128
v -0.011714 -0.011714 0.090252
v -0.012581 -0.005211 0.073449
v -0.013171 -0.005455 0.085286
v -0.013852 -0.005738 0.089647
v 0.006866 0.016576 0.089789
v 0.006622 0.015987 0.090128
v 0.006340 0.015306 0.090252
v 0.009629 0.009629 0.073449
v 0.010080 0.010080 0.085286
v 0.010602 0.010602 0.089647
v -0.012687 0.012687 0.089789
v -0.012236 0.012236 0.090128
v -0.011714 0.011714 0.090252
v -0.005211 0.012581 0.073449
v -0.005455 0.013171 0.085286
v -0.005738 0.013852 0.089647
v 0.016576 -0.006866 0.089789
v 0.015987 -0.006622 0.090128
v 0.015306 -0.006340 0.090252
v 0.009629 -0.009629 0.073449
v 0.010080 -0.010080 0.085286
v 0.010602 -0.010602 0.089647
v -0.013618 0.000000 0.073449
v -0.014256 0.000000 0.085286
v -0.014993 0.000000 0.089647
v 0.000000 -0.013618 0.073449
v 0.000000 -0.014256 0.085286
v 0.000000 -0.014993 0.089647
v 0.013618 -0.000000 0.073449
v 0.014256 -0.000000 0.085286
v 0.014993 -0.000000 0.089647
v -0.012581 0.005211 0.073449
v -0.013171 0.005455 0.085286
v -0.013852 0.005738 0.089647
v -0.005211 -0.012581 0.073449
v -0.005455 -0.013171 0.085286
v -0.005738 -0.013852 0.089647
v -0.010010 -0.012197 0.090270
v -0.008766 -0.013120 0.090270
v -0.007438 -0.013916 0.090270
v 0.004581 0.015100 0.090270
v 0.003078 0.015476 0.090270
v 0.001547 0.015703 0.090270
v -0.012197 0.010010 0.090270
v -0.013120 0.008766 0.090270
v -0.013916 0.007438 0.090270
v 0.015100 -0.004581 0.090270
v 0.015476 -0.003078 0.090270
v 0.015703 -0.001547 0.090270
v -0.004581 -0.015100 0.090270
v -0.003078 -0.015476 0.090270
v -0.001547 -0.015703 0.090270
v -0.015100 0.004581 0.090270
v -0.015476 0.003078 0.090270
v -0.015703 0.001547 0.090270
v 0.015703 0.001547 0.090270
v 0.015476 0.003078 0.090270
v 0.015100 0.004581 0.090270
v 0.012197 -0.010010 0.090270
v 0.013120 -0.008766 0.090270
v 0.013916 -0.007438 0.090270
v -0.007438 0.013916 0.090270
v -0.008766 0.013120 0.090270
v -0.010010 0.012197 0.090270
v 0.010010 0.012197 0.090270
v 0.008766 0.013120 0.090270
v 0.007438 0.013916 0.090270
v -0.013916 -0.007438 0.090270
v -0.013120 -0.008766 0.090270
v -0.012197 -0.010010 0.090270
v 0.007438 -0.013916 0.090270
v 0.008766 -0.013120 0.090270
v 0.010010 -0.012197 0.090270
v -0.001547 0.015703 0.090270
v -0.003078 0.015476 0.090270
v -0.004581 0.015100 0.090270
v 0.013916 0.007438 0.090270
v 0.013120 0.008766 0.090270
v 0.012197 0.010010 0.090270
v -0.015703 -0.001547 0.090270
v -0.015476 -0.003078 0.090270
v -0.015100 -0.004581 0.090270
v 0.001547 -0.015703 0.090270
v 0.003078 -0.015476 0.090270
v 0.004581 -0.015100 0.090270
v 0.000668 0.009013 -0.150669
v 0.001671 0.008403 -0.150669
v 0.002832 0.008582 -0.150669
v 0.004066 0.008071 -0.150669
v 0.004760 0.007123 -0.150669
v 0.005901 0.006845 -0.150669
v 0.006845 0.005901 -0.150669
v 0.007123 0.004760 -0.150669
v 0.008071 0.004066 -0.150669
v 0.008582 0.002832 -0.150669
v 0.008403 0.001671 -0.150669
v 0.009013 0.000668 -0.150669
v 0.009013 -0.000668 -0.150669
v 0.008403 -0.001671 -0.150669
v 0.008582 -0.002832 -0.150669
v 0.008071 -0.004066 -0.150669
v 0.007123 -0.004760 -0.150669
v 0.006845 -0.005901 -0.150669
v 0.005901 -0.006845 -0.150669
v 0.004760 -0.007123 -0.150669
v 0.004066 -0.008071 -0.150669
v 0.002832 -0.008582 -0.150669
v 0.001671 -0.008403 -0.150669
v 0.000668 -0.009013 -0.150669
v -0.000668 -0.009013 -0.150669
v -0.001671 -0.008403 -0.150669
v -0.002832 -0.008582 -0.150669
v -0.004066 -0.008071 -0.150669
v -0.004760 -0.007123 -0.150669
v -0.005901 -0.006845 -0.150669
v -0.006845 -0.005901 -0.150669
v -0.007123 -0.004760 -0.150669
v -0.008071 -0.004066 -0.150669
v -0.008582 -0.002832 -0.150669
v -0.008403 -0.001671 -0.150669
v -0.009013 -0.000668 -0.150669
v -0.009013 0.000668 -0.150669
v -0.008403 0.001671 -0.150669
v -0.008582 0.002832 -0.150669
v -0.008071 0.004066 -0.150669
v -0.007123 0.004760 -0.150669
v -0.006845 0.005901 -0.150669
v -0.005901 0.006845 -0.150669
v -0.004760 0.007123 -0.150669
v -0.004066 0.008071 -0.150669
v -0.002832 0.008582 -0.150669
v -0.001671 0.008403 -0.150669
v -0.000668 0.009013 -0.150669
v 0.011236 0.004654 -0.150549
v 0.010787 0.004468 -0.150633
v 0.009968 0.004129 -0.150664
v 0.010789 -0.000000 -0.150664
v 0.011675 -0.000000 -0.150633
v 0.012162 -0.000000 -0.150549
v -0.011236 -0.004654 -0.150549
v -0.010787 -0.004468 -0.150633
v -0.009968 -0.004129 -0.150664
v -0.010789 0.000000 -0.150664
v -0.011675 0.000000 -0.150633
v -0.012162 0.000000 -0.150549
v 0.009968 -0.004129 -0.150664
v 0.010787 -0.004468 -0.150633
v 0.011236 -0.004654 -0.150549
v -0.009968 0.004129 -0.150664
v -0.010787 0.004468 -0.150633
v -0.011236 0.004654 -0.150549
v 0.007629 -0.007629 -0.150664
v 0.008256 -0.008256 -0.150633
v 0.008600 -0.008600 -0.150549
v -0.007629 0.007629 -0.150664
v -0.008256 0.008256 -0.150633
v -0.008600 0.008600 -0.150549
v 0.004129 -0.009968 -0.150664
v 0.004468 -0.010787 -0.150633
v 0.004654 -0.011236 -0.150549
v -0.004129 0.009968 -0.150664
v -0.004468 0.010787 -0.150633
v -0.004654 0.011236 -0.150549
v 0.000000 -0.010789 -0.150664
v 0.000000 -0.011675 -0.150633
v 0.000000 -0.012162 -0.150549
v 0.000000 0.012162 -0.150549
v 0.000000 0.011675 -0.150633
v 0.000000 0.010789 -0.150664
v 0.004129 0.009968 -0.150664
v 0.004468 0.010787 -0.150633
v 0.004654 0.011236 -0.150549
v -0.004129 -0.009968 -0.150664
v -0.004468 -0.010787 -0.150633
v -0.004654 -0.011236 -0.150549
v 0.007629 0.007629 -0.150664
v 0.008256 0.008256 -0.150633
v 0.008600 0.008600 -0.150549
v -0.007629 -0.007629 -0.150664
v -0.008256 -0.008256 -0.150633
v -0.008600 -0.008600 -0.150549
v -0.011847 0.004907 0.014258
v -0.011701 0.004847 -0.029383
v -0.011648 0.004825 -0.073078
v -0.012823 0.000000 0.014258
v -0.012665 0.000000 -0.029383
v -0.012607 0.000000 -0.073078
v -0.011847 -0.004907 0.014258
v -0.011701 -0.004847 -0.029383
v -0.011648 -0.004825 -0.073078
v -0.009067 0.009067 0.014258
v -0.008956 0.008956 -0.029383
v -0.008915 0.008915 -0.073078
v 0.000000 -0.012823 0.014258
v 0.000000 -0.012665 -0.029383
v 0.000000 -0.012607 -0.073078
v -0.004907 0.011847 0.014258
v -0.004847 0.011701 -0.029383
v -0.004825 0.011648 -0.073078
v 0.009067 -0.009067 0.014258
v 0.008956 -0.008956 -0.029383
v 0.008915 -0.008915 -0.073078
v 0.011847 -0.004907 0.014258
v 0.011701 -0.004847 -0.029383
v 0.011648 -0.004825 -0.073078
v 0.012823 -0.000000 0.014258
v 0.012665 -0.000000 -0.029383
v 0.012607 -0.000000 -0.073078
v 0.011847 0.004907 0.014258
v 0.011701 0.004847 -0.029383
v 0.011648 0.004825 -0.073078
v 0.009067 0.009067 0.014258
v 0.008956 0.008956 -0.029383
v 0.008915 0.008915 -0.073078
v 0.004907 0.011847 0.014258
v 0.004847 0.011701 -0.029383
v 0.004825 0.011648 -0.073078
v 0.000000 0.012510 -0.149505
v 0.000000 0.012573 -0.144833
v 0.000000 0.012596 -0.132685
v -0.004907 -0.011847 0.014258
v -0.004847 -0.011701 -0.029383
v -0.004825 -0.011648 -0.073078
v 0.004907 -0.011847 0.014258
v 0.004847 -0.011701 -0.029383
v 0.004825 -0.011648 -0.073078
v -0.009067 -0.009067 0.014258
v -0.008956 -0.008956 -0.029383
v -0.008915 -0.008915 -0.073078
v 0.003657 0.012056 -0.109377
v 0.002458 0.012356 -0.109377
v 0.001235 0.012538 -0.109377
v 0.007992 0.009739 -0.109377
v 0.006999 0.010475 -0.109377
v 0.005939 0.011111 -0.109377
v 0.011111 0.005939 -0.109377
v 0.010475 0.006999 -0.109377
v 0.009739 0.007992 -0.109377
v 0.012538 0.001235 -0.109377
v 0.012356 0.002458 -0.109377
v 0.012056 0.003657 -0.109377
v 0.012056 -0.003657 -0.109377
v 0.012356 -0.002458 -0.109377
v 0.012538 -0.001235 -0.109377
v 0.009739 -0.007992 -0.109377
v 0.010475 -0.006999 -0.109377
v 0.011111 -0.005939 -0.109377
v 0.005939 -0.011111 -0.109377
v 0.006999 -0.010475 -0.109377
v 0.007992 -0.009739 -0.109377
v 0.001235 -0.012538 -0.109377
v 0.002458 -0.012356 -0.109377
v 0.003657 -0.012056 -0.109377
v -0.003657 -0.012056 -0.109377
v -0.002458 -0.012356 -0.109377
v -0.001235 -0.012538 -0.109377
v -0.007992 -0.009739 -0.109377
v -0.006999 -0.010475 -0.109377
v -0.005939 -0.011111 -0.109377
v -0.011111 -0.005939 -0.109377
v -0.010475 -0.006999 -0.109377
v -0.009739 -0.007992 -0.109377
v -0.012538 -0.001235 -0.109377
v -0.012356 -0.002458 -0.109377
v -0.012056 -0.003657 -0.109377
v -0.012056 0.003657 -0.109377
v -0.012356 0.002458 -0.109377
v -0.012538 0.001235 -0.109377
v -0.009739 0.007992 -0.109377
v -0.010475 0.006999 -0.109377
v -0.011111 0.005939 -0.109377
v -0.005939 0.011111 -0.109377
v -0.006999 0.010475 -0.109377
v -0.007992 0.009739 -0.109377
v -0.001235 0.012538 -0.109377
v -0.002458 0.012356 -0.109377
v -0.003657 0.012056 -0.109377
v 0.004809 -0.015853 0.090252
v 0.003232 -0.016247 0.090252
v 0.001624 -0.016486 0.090252
v 0.005023 -0.016558 0.090128
v 0.003376 -0.016970 0.090128
v 0.001696 -0.017220 0.090128
v 0.005208 -0.017169 0.089789
v 0.003500 -0.017596 0.089789
v 0.001758 -0.017855 0.089789
v -0.001674 0.016995 0.083833
v -0.003332 0.016749 0.083833
v -0.004957 0.016342 0.083833
v -0.001728 0.017551 0.083844
v -0.003440 0.017296 0.083844
v -0.005119 0.016876 0.083844
v -0.001778 0.018050 0.084080
v -0.003538 0.017789 0.084080
v -0.005265 0.017357 0.084080
v 0.015061 0.008050 0.083833
v 0.014199 0.009487 0.083833
v 0.013201 0.010834 0.083833
v 0.015553 0.008313 0.083844
v 0.014663 0.009798 0.083844
v 0.013632 0.011188 0.083844
v 0.015996 0.008550 0.084080
v 0.015080 0.010076 0.084080
v 0.014020 0.011507 0.084080
v -0.015853 -0.004809 0.090252
v -0.016247 -0.003232 0.090252
v -0.016486 -0.001624 0.090252
v -0.016558 -0.005023 0.090128
v -0.016970 -0.003376 0.090128
v -0.017220 -0.001696 0.090128
v -0.017169 -0.005208 0.089789
v -0.017596 -0.003500 0.089789
v -0.017855 -0.001758 0.089789
v 0.016995 0.001674 0.083833
v 0.016749 0.003332 0.083833
v 0.016342 0.004957 0.083833
v 0.017551 0.001728 0.083844
v 0.017296 0.003440 0.083844
v 0.016876 0.005119 0.083844
v 0.018050 0.001778 0.084080
v 0.017789 0.003538 0.084080
v 0.017357 0.005265 0.084080
v 0.012806 0.010510 0.090252
v 0.013774 0.009203 0.090252
v 0.014610 0.007809 0.090252
v 0.013376 0.010977 0.090128
v 0.014387 0.009613 0.090128
v 0.015260 0.008157 0.090128
v 0.013869 0.011382 0.089789
v 0.014917 0.009967 0.089789
v 0.015823 0.008457 0.089789
v 0.016342 -0.004957 0.083833
v 0.016749 -0.003332 0.083833
v 0.016995 -0.001674 0.083833
v 0.016876 -0.005119 0.083844
v 0.017296 -0.003440 0.083844
v 0.017551 -0.001728 0.083844
v 0.017357 -0.005265 0.084080
v 0.017789 -0.003538 0.084080
v 0.018050 -0.001778 0.084080
v -0.004809 0.015853 0.090252
v -0.003232 0.016247 0.090252
v -0.001624 0.016486 0.090252
v -0.005023 0.016558 0.090128
v -0.003376 0.016970 0.090128
v -0.001696 0.017220 0.090128
v -0.005208 0.017169 0.089789
v -0.003500 0.017596 0.089789
v -0.001758 0.017855 0.089789
v 0.010510 -0.012806 0.090252
v 0.009203 -0.013774 0.090252
v 0.007809 -0.014610 0.090252
v 0.010977 -0.013376 0.090128
v 0.009613 -0.014387 0.090128
v 0.008157 -0.015260 0.090128
v 0.011382 -0.013869 0.089789
v 0.009967 -0.014917 0.089789
v 0.008457 -0.015823 0.089789
v 0.013201 -0.010834 0.083833
v 0.014199 -0.009487 0.083833
v 0.015061 -0.008050 0.083833
v 0.013632 -0.011188 0.083844
v 0.014663 -0.009798 0.083844
v 0.015553 -0.008313 0.083844
v 0.014020 -0.011507 0.084080
v 0.015080 -0.010076 0.084080
v 0.015996 -0.008550 0.084080
v -0.012806 -0.010510 0.090252
v -0.013774 -0.009203 0.090252
v -0.014610 -0.007809 0.090252
v -0.013376 -0.010977 0.090128
v -0.014387 -0.009613 0.090128
v -0.015260 -0.008157 0.090128
v -0.013869 -0.011382 0.089789
v -0.014917 -0.009967 0.089789
v -0.015823 -0.008457 0.089789
v 0.008050 -0.015061 0.083833
v 0.009487 -0.014199 0.083833
v 0.010834 -0.013201 0.083833
v 0.008313 -0.015553 0.083844
v 0.009798 -0.014663 0.083844
v 0.011188 -0.013632 0.083844
v 0.008550 -0.015996 0.084080
v 0.010076 -0.015080 0.084080
v 0.011507 -0.014021 0.084080
v 0.007809 0.014610 0.090252
v 0.009203 0.013774 0.090252
v 0.010510 0.012806 0.090252
v 0.008157 0.015260 0.090128
v 0.009613 0.014387 0.090128
v 0.010977 0.013376 0.090128
v 0.008457 0.015823 0.089789
v 0.009967 0.014917 0.089789
v 0.011382 0.013869 0.089789
v 0.001674 -0.016995 0.083833
v 0.003332 -0.016749 0.083833
v 0.004957 -0.016342 0.083833
v 0.001728 -0.017551 0.083844
v 0.003440 -0.017296 0.083844
v 0.005119 -0.016876 0.083844
v 0.001778 -0.018050 0.084080
v 0.003538 -0.017789 0.084080
v 0.005265 -0.017357 0.084080
v 0.001840 0.018680 0.085641
v 0.001847 0.018749 0.086862
v 0.001836 0.018640 0.088099
v 0.003662 0.018410 0.085641
v 0.003675 0.018478 0.086862
v 0.003654 0.018369 0.088099
v 0.005449 0.017962 0.085641
v 0.005469 0.018029 0.086862
v 0.005437 0.017923 0.088099
v -0.010510 0.012806 0.090252
v -0.009203 0.013774 0.090252
v -0.007809 0.014610 0.090252
v -0.010977 0.013376 0.090128
v -0.009613 0.014387 0.090128
v -0.008157 0.015260 0.090128
v -0.011382 0.013869 0.089789
v -0.009967 0.014917 0.089789
v -0.008457 0.015823 0.089789
v 0.014610 -0.007809 0.090252
v 0.013774 -0.009203 0.090252
v 0.012806 -0.010510 0.090252
v 0.015260 -0.008157 0.090128
v 0.014387 -0.009613 0.090128
v 0.013376 -0.010977 0.090128
v 0.015823 -0.008457 0.089789
v 0.014917 -0.009967 0.089789
v 0.013869 -0.011382 0.089789
v 0.033328 -0.003282 -0.173557
v 0.032845 -0.006533 -0.173557
v 0.032047 -0.009722 -0.173557
v 0.034711 -0.003418 -0.174544
v 0.034208 -0.006804 -0.174544
v 0.033377 -0.010125 -0.174544
v 0.035739 -0.003520 -0.175322
v 0.035221 -0.007006 -0.175322
v 0.034365 -0.010425 -0.175322
v -0.017187 -0.032163 -0.176114
v -0.020250 -0.030306 -0.176113
v -0.023138 -0.028187 -0.176114
v -0.016606 -0.031138 -0.176174
v -0.019529 -0.029226 -0.176172
v -0.022413 -0.027258 -0.176174
v -0.015150 -0.028673 -0.176120
v -0.017738 -0.026546 -0.176114
v -0.020692 -0.024969 -0.176120
v -0.015787 -0.029535 -0.173557
v -0.018605 -0.027845 -0.173557
v -0.021246 -0.025887 -0.173557
v -0.016442 -0.030761 -0.174544
v -0.019377 -0.029000 -0.174544
v -0.022127 -0.026962 -0.174544
v -0.016928 -0.031671 -0.175322
v -0.019951 -0.029859 -0.175322
v -0.022782 -0.027760 -0.175322
v -0.021246 0.025887 -0.173557
v -0.018605 0.027845 -0.173557
v -0.015787 0.029535 -0.173557
v -0.022127 0.026962 -0.174544
v -0.019377 0.029000 -0.174544
v -0.016442 0.030761 -0.174544
v -0.022782 0.027760 -0.175322
v -0.019951 0.029859 -0.175322
v -0.016928 0.031671 -0.175322
v 0.025887 0.021246 -0.173557
v 0.027844 0.018605 -0.173557
v 0.029535 0.015787 -0.173557
v 0.026962 0.022127 -0.174544
v 0.029000 0.019377 -0.174544
v 0.030761 0.016442 -0.174544
v 0.027760 0.022782 -0.175322
v 0.029859 0.019951 -0.175322
v 0.031671 0.016928 -0.175322
v 0.009722 -0.032047 -0.173557
v 0.006533 -0.032845 -0.173557
v 0.003282 -0.033328 -0.173557
v 0.010125 -0.033377 -0.174544
v 0.006804 -0.034208 -0.174544
v 0.003418 -0.034711 -0.174544
v 0.010425 -0.034365 -0.175322
v 0.007006 -0.035221 -0.175322
v 0.003520 -0.035739 -0.175322
v 0.003282 0.033328 -0.173557
v 0.006533 0.032845 -0.173557
v 0.009722 0.032047 -0.173557
v 0.003418 0.034711 -0.174544
v 0.006804 0.034208 -0.174544
v 0.010125 0.033377 -0.174544
v 0.003520 0.035739 -0.175322
v 0.007006 0.035221 -0.175322
v 0.010425 0.034365 -0.175322
v -0.033328 0.003282 -0.173557
v -0.032845 0.006533 -0.173557
v -0.032047 0.009722 -0.173557
v -0.034711 0.003418 -0.174544
v -0.034208 0.006804 -0.174544
v -0.033377 0.010125 -0.174544
v -0.035739 0.003520 -0.175322
v -0.035221 0.007006 -0.175322
v -0.034365 0.010425 -0.175322
v 0.029535 -0.015787 -0.173557
v 0.027844 -0.018605 -0.173557
v 0.025887 -0.021246 -0.173557
v 0.030761 -0.016442 -0.174544
v 0.029000 -0.019377 -0.174544
v 0.026962 -0.022127 -0.174544
v 0.031671 -0.016928 -0.175322
v 0.029859 -0.019951 -0.175322
v 0.027760 -0.022782 -0.175322
v -0.025887 -0.021246 -0.173557
v -0.027845 -0.018605 -0.173557
v -0.029535 -0.015787 -0.173557
v -0.026962 -0.022127 -0.174544
v -0.029000 -0.019377 -0.174544
v -0.030761 -0.016442 -0.174544
v -0.027760 -0.022782 -0.175322
v -0.029859 -0.019951 -0.175322
v -0.031672 -0.016928 -0.175322
v -0.009722 0.032047 -0.173557
v -0.006533 0.032845 -0.173557
v -0.003282 0.033328 -0.173557
v -0.010125 0.033377 -0.174544
v -0.006804 0.034208 -0.174544
v -0.003419 0.034711 -0.174544
v -0.010425 0.034365 -0.175322
v -0.007006 0.035221 -0.175322
v -0.003520 0.035739 -0.175322
v 0.032047 0.009722 -0.173557
v 0.032845 0.006533 -0.173557
v 0.033328 0.003282 -0.173557
v 0.033377 0.010125 -0.174544
v 0.034208 0.006804 -0.174544
v 0.034711 0.003418 -0.174544
v 0.034365 0.010425 -0.175322
v 0.035221 0.007006 -0.175322
v 0.035739 0.003520 -0.175322
v -0.003282 -0.033328 -0.173557
v -0.006533 -0.032845 -0.173557
v -0.009722 -0.032047 -0.173557
v -0.003419 -0.034711 -0.174544
v -0.006804 -0.034208 -0.174544
v -0.010125 -0.033377 -0.174544
v -0.003520 -0.035739 -0.175322
v -0.007006 -0.035221 -0.175322
v -0.010425 -0.034365 -0.175322
v -0.029535 0.015787 -0.173557
v -0.027845 0.018605 -0.173557
v -0.025887 0.021246 -0.173557
v -0.030761 0.016442 -0.174544
v -0.029000 0.019377 -0.174544
v -0.026962 0.022127 -0.174544
v -0.031672 0.016928 -0.175322
v -0.029859 0.019951 -0.175322
v -0.027760 0.022782 -0.175322
v 0.015786 0.029535 -0.173557
v 0.018605 0.027845 -0.173557
v 0.021246 0.025887 -0.173557
v 0.016442 0.030761 -0.174544
v 0.019377 0.029000 -0.174544
v 0.022127 0.026962 -0.174544
v 0.016928 0.031671 -0.175322
v 0.019951 0.029859 -0.175322
v 0.022782 0.027760 -0.175322
v 0.021246 -0.025887 -0.173557
v 0.018605 -0.027845 -0.173557
v 0.015786 -0.029535 -0.173557
v 0.022127 -0.026962 -0.174544
v 0.019377 -0.029000 -0.174544
v 0.016442 -0.030761 -0.174544
v 0.022782 -0.027760 -0.175322
v 0.019951 -0.029859 -0.175322
v 0.016928 -0.031671 -0.175322
v -0.032047 -0.009722 -0.173557
v -0.032845 -0.006533 -0.173557
v -0.033328 -0.003282 -0.173557
v -0.033377 -0.010125 -0.174544
v -0.034208 -0.006804 -0.174544
v -0.034711 -0.003418 -0.174544
v -0.034365 -0.010425 -0.175322
v -0.035221 -0.007006 -0.175322
v -0.035739 -0.003520 -0.175322
v -0.018355 -0.005568 -0.160012
v -0.018812 -0.003742 -0.160012
v -0.019089 -0.001880 -0.160012
v -0.019770 -0.005997 -0.162226
v -0.020262 -0.004030 -0.162226
v -0.020560 -0.002025 -0.162226
v -0.021359 -0.006479 -0.164341
v -0.021890 -0.004354 -0.164341
v -0.022212 -0.002188 -0.164341
v 0.012168 -0.014827 -0.160012
v 0.010656 -0.015948 -0.160012
v 0.009042 -0.016916 -0.160012
v 0.013106 -0.015970 -0.162226
v 0.011477 -0.017177 -0.162226
v 0.009739 -0.018220 -0.162226
v 0.014160 -0.017253 -0.164341
v 0.012400 -0.018558 -0.164341
v 0.010521 -0.019684 -0.164341
v 0.009042 0.016916 -0.160012
v 0.010656 0.015948 -0.160012
v 0.012168 0.014827 -0.160012
v 0.009739 0.018220 -0.162226
v 0.011477 0.017177 -0.162226
v 0.013106 0.015970 -0.162226
v 0.010521 0.019684 -0.164341
v 0.012400 0.018558 -0.164341
v 0.014160 0.017253 -0.164341
v -0.016916 0.009042 -0.160012
v -0.015948 0.010656 -0.160012
v -0.014827 0.012169 -0.160012
v -0.018220 0.009739 -0.162226
v -0.017177 0.011477 -0.162226
v -0.015970 0.013106 -0.162226
v -0.019684 0.010521 -0.164341
v -0.018558 0.012400 -0.164341
v -0.017253 0.014160 -0.164341
v -0.001880 -0.019089 -0.160012
v -0.003742 -0.018812 -0.160012
v -0.005568 -0.018355 -0.160012
v -0.002025 -0.020560 -0.162226
v -0.004030 -0.020262 -0.162226
v -0.005997 -0.019770 -0.162226
v -0.002188 -0.022212 -0.164341
v -0.004354 -0.021890 -0.164341
v -0.006479 -0.021359 -0.164341
v 0.018355 0.005568 -0.160012
v 0.018812 0.003742 -0.160012
v 0.019089 0.001880 -0.160012
v 0.019770 0.005997 -0.162226
v 0.020262 0.004030 -0.162226
v 0.020560 0.002025 -0.162226
v 0.021358 0.006479 -0.164341
v 0.021890 0.004354 -0.164341
v 0.022212 0.002188 -0.164341
v -0.005568 0.018355 -0.160012
v -0.003742 0.018812 -0.160012
v -0.001880 0.019089 -0.160012
v -0.005997 0.019770 -0.162226
v -0.004030 0.020262 -0.162226
v -0.002025 0.020560 -0.162226
v -0.006479 0.021359 -0.164341
v -0.004354 0.021890 -0.164341
v -0.002188 0.022212 -0.164341
v -0.014827 -0.012169 -0.160012
v -0.015948 -0.010656 -0.160012
v -0.016916 -0.009042 -0.160012
v -0.015970 -0.013106 -0.162226
v -0.017177 -0.011477 -0.162226
v -0.018220 -0.009739 -0.162226
v -0.017253 -0.014160 -0.164341
v -0.018558 -0.012400 -0.164341
v -0.019684 -0.010521 -0.164341
v 0.016916 -0.009042 -0.160012
v 0.015948 -0.010656 -0.160012
v 0.014827 -0.012169 -0.160012
v 0.018220 -0.009739 -0.162226
v 0.017177 -0.011477 -0.162226
v 0.015970 -0.013106 -0.162226
v 0.019684 -0.010521 -0.164341
v 0.018558 -0.012400 -0.164341
v 0.017253 -0.014160 -0.164341
v -0.019089 0.001880 -0.160012
v -0.018812 0.003742 -0.160012
v -0.018355 0.005568 -0.160012
v -0.020560 0.002025 -0.162226
v -0.020262 0.004030 -0.162226
v -0.019770 0.005997 -0.162226
v -0.022212 0.002188 -0.164341
v -0.021890 0.004354 -0.164341
v -0.021359 0.006479 -0.164341
v 0.001880 0.019089 -0.160012
v 0.003742 0.018812 -0.160012
v 0.005568 0.018355 -0.160012
v 0.002025 0.020560 -0.162226
v 0.004030 0.020262 -0.162226
v 0.005997 0.019770 -0.162226
v 0.002188 0.022212 -0.164341
v 0.004354 0.021890 -0.164341
v 0.006479 0.021359 -0.164341
v 0.005568 -0.018355 -0.160012
v 0.003742 -0.018812 -0.160012
v 0.001880 -0.019089 -0.160012
v 0.005997 -0.019770 -0.162226
v 0.004030 -0.020262 -0.162226
v 0.002025 -0.020560 -0.162226
v 0.006479 -0.021359 -0.164341
v 0.004354 -0.021890 -0.164341
v 0.002188 -0.022212 -0.164341
v 0.014827 0.012169 -0.160012
v 0.015948 0.010656 -0.160012
v 0.016916 0.009042 -0.160012
v 0.015970 0.013106 -0.162226
v 0.017177 0.011477 -0.162226
v 0.018220 0.009739 -0.162226
v 0.017253 0.014160 -0.164341
v 0.018558 0.012400 -0.164341
v 0.019684 0.010521 -0.164341
v -0.012169 0.014827 -0.160012
v -0.010656 0.015948 -0.160012
v -0.009042 0.016916 -0.160012
v -0.013106 0.015970 -0.162226
v -0.011477 0.017177 -0.162226
v -0.009739 0.018220 -0.162226
v -0.014160 0.017253 -0.164341
v -0.012400 0.018558 -0.164341
v -0.010521 0.019684 -0.164341
v -0.009042 -0.016916 -0.160012
v -0.010656 -0.015948 -0.160012
v -0.012169 -0.014827 -0.160012
v -0.009739 -0.018220 -0.162226
v -0.011477 -0.017177 -0.162226
v -0.013106 -0.015970 -0.162226
v -0.010521 -0.019684 -0.164341
v -0.012400 -0.018558 -0.164341
v -0.014160 -0.017253 -0.164341
v 0.019089 -0.001880 -0.160012
v 0.018812 -0.003742 -0.160012
v 0.018355 -0.005568 -0.160012
v 0.020560 -0.002025 -0.162226
v 0.020262 -0.004030 -0.162226
v 0.019770 -0.005997 -0.162226
v 0.022212 -0.002188 -0.164341
v 0.021890 -0.004354 -0.164341
v 0.021358 -0.006479 -0.164341
v 0.028186 0.023138 -0.176114
v 0.030306 0.020250 -0.176113
v 0.032163 0.017186 -0.176114
v 0.027258 0.022413 -0.176174
v 0.029226 0.019529 -0.176172
v 0.031138 0.016606 -0.176174
v 0.024969 0.020692 -0.176120
v 0.026546 0.017738 -0.176114
v 0.028673 0.015150 -0.176120
v -0.028187 -0.023138 -0.176114
v -0.030306 -0.020250 -0.176113
v -0.032163 -0.017186 -0.176114
v -0.027258 -0.022413 -0.176174
v -0.029227 -0.019529 -0.176172
v -0.031138 -0.016606 -0.176174
v -0.024969 -0.020692 -0.176120
v -0.026546 -0.017738 -0.176114
v -0.028673 -0.015150 -0.176120
v 0.034895 0.010590 -0.176114
v 0.035748 0.007111 -0.176113
v 0.036292 0.003570 -0.176114
v 0.033760 0.010276 -0.176174
v 0.034475 0.006858 -0.176172
v 0.035123 0.003426 -0.176174
v 0.030987 0.009562 -0.176120
v 0.031313 0.006229 -0.176114
v 0.032288 0.003024 -0.176120
v -0.034895 -0.010590 -0.176114
v -0.035748 -0.007111 -0.176113
v -0.036292 -0.003570 -0.176114
v -0.033760 -0.010276 -0.176174
v -0.034475 -0.006858 -0.176172
v -0.035123 -0.003426 -0.176174
v -0.030987 -0.009562 -0.176120
v -0.031313 -0.006229 -0.176114
v -0.032288 -0.003024 -0.176120
v 0.036292 -0.003570 -0.176114
v 0.035748 -0.007111 -0.176113
v 0.034895 -0.010590 -0.176114
v 0.035123 -0.003426 -0.176174
v 0.034475 -0.006858 -0.176172
v 0.033760 -0.010276 -0.176174
v 0.032288 -0.003024 -0.176120
v 0.031313 -0.006229 -0.176114
v 0.030987 -0.009562 -0.176120
v -0.036292 0.003570 -0.176114
v -0.035748 0.007111 -0.176113
v -0.034895 0.010590 -0.176114
v -0.035123 0.003426 -0.176174
v -0.034475 0.006858 -0.176172
v -0.033760 0.010276 -0.176174
v -0.032288 0.003024 -0.176120
v -0.031313 0.006229 -0.176114
v -0.030987 0.009562 -0.176120
v 0.032163 -0.017186 -0.176114
v 0.030306 -0.020250 -0.176113
v 0.028186 -0.023138 -0.176114
v 0.031138 -0.016606 -0.176174
v 0.029226 -0.019529 -0.176172
v 0.027258 -0.022413 -0.176174
v 0.028673 -0.015150 -0.176120
v 0.026546 -0.017738 -0.176114
v 0.024969 -0.020692 -0.176120
v -0.032163 0.017186 -0.176114
v -0.030306 0.020250 -0.176113
v -0.028187 0.023138 -0.176114
v -0.031138 0.016606 -0.176174
v -0.029227 0.019529 -0.176172
v -0.027258 0.022413 -0.176174
v -0.028673 0.015150 -0.176120
v -0.026546 0.017738 -0.176114
v -0.024969 0.020692 -0.176120
v 0.023138 -0.028187 -0.176114
v 0.020250 -0.030306 -0.176113
v 0.017186 -0.032163 -0.176114
v 0.022413 -0.027258 -0.176174
v 0.019528 -0.029226 -0.176172
v 0.016606 -0.031138 -0.176174
v 0.020692 -0.024969 -0.176120
v 0.017738 -0.026546 -0.176114
v 0.015150 -0.028673 -0.176120
v -0.023138 0.028187 -0.176114
v -0.020250 0.030306 -0.176113
v -0.017187 0.032163 -0.176114
v -0.022413 0.027258 -0.176174
v -0.019529 0.029226 -0.176172
v -0.016606 0.031138 -0.176174
v -0.020692 0.024969 -0.176120
v -0.017738 0.026546 -0.176114
v -0.015150 0.028673 -0.176120
v 0.010590 -0.034895 -0.176114
v 0.007111 -0.035748 -0.176113
v 0.003570 -0.036292 -0.176114
v 0.010276 -0.033760 -0.176174
v 0.006857 -0.034475 -0.176172
v 0.003426 -0.035123 -0.176174
v 0.009562 -0.030987 -0.176120
v 0.006229 -0.031313 -0.176114
v 0.003024 -0.032288 -0.176120
v 0.003570 0.036292 -0.176114
v 0.007111 0.035748 -0.176113
v 0.010590 0.034895 -0.176114
v 0.003426 0.035123 -0.176174
v 0.006857 0.034475 -0.176172
v 0.010276 0.033760 -0.176174
v 0.003024 0.032288 -0.176120
v 0.006229 0.031313 -0.176114
v 0.009562 0.030987 -0.176120
v -0.010590 0.034895 -0.176114
v -0.007111 0.035748 -0.176113
v -0.003570 0.036292 -0.176114
v -0.010276 0.033760 -0.176174
v -0.006858 0.034475 -0.176172
v -0.003426 0.035123 -0.176174
v -0.009562 0.030987 -0.176120
v -0.006229 0.031313 -0.176114
v -0.003024 0.032288 -0.176120
v -0.003570 -0.036292 -0.176114
v -0.007111 -0.035748 -0.176113
v -0.010590 -0.034895 -0.176114
v -0.003426 -0.035123 -0.176174
v -0.006858 -0.034475 -0.176172
v -0.010276 -0.033760 -0.176174
v -0.003024 -0.032288 -0.176120
v -0.006229 -0.031313 -0.176114
v -0.009562 -0.030987 -0.176120
v 0.017186 0.032163 -0.176114
v 0.020250 0.030306 -0.176113
v 0.023138 0.028187 -0.176114
v 0.016606 0.031138 -0.176174
v 0.019528 0.029226 -0.176172
v 0.022413 0.027258 -0.176174
v 0.015150 0.028673 -0.176120
v 0.017738 0.026546 -0.176114
v 0.020692 0.024969 -0.176120
v -0.000000 -0.000000 -0.175898
v -0.000000 0.021533 -0.175973
v 0.003411 0.017148 -0.175951
v 0.008240 0.019893 -0.175973
v 0.009713 0.014537 -0.175951
v 0.015226 0.015226 -0.175973
v 0.014537 0.009713 -0.175951
v 0.019893 0.008240 -0.175973
v 0.017148 0.003411 -0.175951
v 0.021532 -0.000000 -0.175973
v 0.017148 -0.003411 -0.175951
v 0.019893 -0.008240 -0.175973
v 0.014537 -0.009713 -0.175951
v 0.015226 -0.015226 -0.175973
v 0.009713 -0.014537 -0.175951
v 0.008240 -0.019893 -0.175973
v 0.003411 -0.017148 -0.175951
v -0.000000 -0.021533 -0.175973
v -0.003411 -0.017148 -0.175951
v -0.008240 -0.019893 -0.175973
v -0.009714 -0.014537 -0.175951
v -0.015226 -0.015226 -0.175973
v -0.014537 -0.009713 -0.175951
v -0.019893 -0.008240 -0.175973
v -0.017148 -0.003411 -0.175951
v -0.021533 0.000000 -0.175973
v -0.017148 0.003411 -0.175951
v -0.019893 0.008240 -0.175973
v -0.014537 0.009713 -0.175951
v -0.015226 0.015226 -0.175973
v -0.009714 0.014537 -0.175951
v -0.008240 0.019893 -0.175973
v -0.003411 0.017148 -0.175951
v -0.024940 -0.007566 -0.168083
v -0.025561 -0.005084 -0.168083
v -0.025937 -0.002554 -0.168083
v -0.026832 -0.008140 -0.169680
v -0.027500 -0.005470 -0.169680
v -0.027904 -0.002748 -0.169680
v -0.028696 -0.008705 -0.171113
v -0.029410 -0.005850 -0.171113
v -0.029843 -0.002939 -0.171113
v 0.016534 -0.020146 -0.168083
v 0.014479 -0.021669 -0.168083
v 0.012285 -0.022985 -0.168083
v 0.017788 -0.021674 -0.169680
v 0.015577 -0.023313 -0.169680
v 0.013217 -0.024728 -0.169680
v 0.019024 -0.023180 -0.171113
v 0.016659 -0.024933 -0.171113
v 0.014136 -0.026446 -0.171113
v 0.012285 0.022985 -0.168083
v 0.014479 0.021669 -0.168083
v 0.016534 0.020146 -0.168083
v 0.013217 0.024728 -0.169680
v 0.015577 0.023313 -0.169680
v 0.017788 0.021674 -0.169680
v 0.014136 0.026446 -0.171113
v 0.016659 0.024933 -0.171113
v 0.019024 0.023180 -0.171113
v -0.022985 0.012285 -0.168083
v -0.021669 0.014479 -0.168083
v -0.020146 0.016534 -0.168083
v -0.024728 0.013217 -0.169680
v -0.023313 0.015577 -0.169680
v -0.021674 0.017788 -0.169680
v -0.026446 0.014136 -0.171113
v -0.024933 0.016660 -0.171113
v -0.023180 0.019024 -0.171113
v -0.002554 -0.025937 -0.168083
v -0.005084 -0.025561 -0.168083
v -0.007566 -0.024940 -0.168083
v -0.002748 -0.027904 -0.169680
v -0.005470 -0.027500 -0.169680
v -0.008140 -0.026832 -0.169680
v -0.002939 -0.029843 -0.171113
v -0.005850 -0.029410 -0.171113
v -0.008705 -0.028696 -0.171113
v 0.024940 0.007566 -0.168083
v 0.025561 0.005084 -0.168083
v 0.025937 0.002554 -0.168083
v 0.026832 0.008140 -0.169680
v 0.027500 0.005470 -0.169680
v 0.027904 0.002748 -0.169680
v 0.028696 0.008705 -0.171113
v 0.029410 0.005850 -0.171113
v 0.029843 0.002939 -0.171113
v -0.007566 0.024940 -0.168083
v -0.005084 0.025561 -0.168083
v -0.002554 0.025937 -0.168083
v -0.008140 0.026832 -0.169680
v -0.005470 0.027500 -0.169680
v -0.002748 0.027904 -0.169680
v -0.008705 0.028696 -0.171113
v -0.005850 0.029410 -0.171113
v -0.002939 0.029843 -0.171113
v -0.020146 -0.016534 -0.168083
v -0.021669 -0.014479 -0.168083
v -0.022985 -0.012285 -0.168083
v -0.021674 -0.017788 -0.169680
v -0.023313 -0.015577 -0.169680
v -0.024728 -0.013217 -0.169680
v -0.023180 -0.019024 -0.171113
v -0.024933 -0.016660 -0.171113
v -0.026446 -0.014136 -0.171113
v 0.022985 -0.012285 -0.168083
v 0.021669 -0.014479 -0.168083
v 0.020146 -0.016534 -0.168083
v 0.024728 -0.013217 -0.169680
v 0.023313 -0.015577 -0.169680
v 0.021674 -0.017788 -0.169680
v 0.026446 -0.014136 -0.171113
v 0.024933 -0.016660 -0.171113
v 0.023180 -0.019024 -0.171113
v -0.025937 0.002554 -0.168083
v -0.025561 0.005084 -0.168083
v -0.024940 0.007566 -0.168083
v -0.027904 0.002748 -0.169680
v -0.027500 0.005470 -0.169680
v -0.026832 0.008140 -0.169680
v -0.029843 0.002939 -0.171113
v -0.029410 0.005850 -0.171113
v -0.028696 0.008705 -0.171113
v 0.002554 0.025937 -0.168083
v 0.005084 0.025561 -0.168083
v 0.007566 0.024940 -0.168083
v 0.002748 0.027904 -0.169680
v 0.005470 0.027500 -0.169680
v 0.008139 0.026832 -0.169680
v 0.002939 0.029843 -0.171113
v 0.005850 0.029410 -0.171113
v 0.008705 0.028696 -0.171113
v 0.007566 -0.024940 -0.168083
v 0.005084 -0.025561 -0.168083
v 0.002554 -0.025937 -0.168083
v 0.008139 -0.026832 -0.169680
v 0.005470 -0.027500 -0.169680
v 0.002748 -0.027904 -0.169680
v 0.008705 -0.028696 -0.171113
v 0.005850 -0.029410 -0.171113
v 0.002939 -0.029843 -0.171113
v 0.020146 0.016534 -0.168083
v 0.021669 0.014479 -0.168083
v 0.022985 0.012285 -0.168083
v 0.021674 0.017788 -0.169680
v 0.023313 0.015577 -0.169680
v 0.024728 0.013217 -0.169680
v 0.023180 0.019024 -0.171113
v 0.024933 0.016660 -0.171113
v 0.026446 0.014136 -0.171113
v -0.016534 0.020146 -0.168083
v -0.014479 0.021669 -0.168083
v -0.012285 0.022985 -0.168083
v -0.017788 0.021674 -0.169680
v -0.015577 0.023313 -0.169680
v -0.013217 0.024728 -0.169680
v -0.019024 0.023180 -0.171113
v -0.016660 0.024933 -0.171113
v -0.014136 0.026446 -0.171113
v -0.012285 -0.022985 -0.168083
v -0.014479 -0.021669 -0.168083
v -0.016534 -0.020146 -0.168083
v -0.013217 -0.024728 -0.169680
v -0.015577 -0.023313 -0.169680
v -0.017788 -0.021674 -0.169680
v -0.014136 -0.026446 -0.171113
v -0.016660 -0.024933 -0.171113
v -0.019024 -0.023180 -0.171113
v 0.025937 -0.002554 -0.168083
v 0.025561 -0.005084 -0.168083
v 0.024940 -0.007566 -0.168083
v 0.027904 -0.002748 -0.169680
v 0.027499 -0.005470 -0.169680
v 0.026832 -0.008140 -0.169680
v 0.029843 -0.002939 -0.171113
v 0.029410 -0.005850 -0.171113
v 0.028696 -0.008705 -0.171113
v 0.015382 -0.001515 -0.135491
v 0.015159 -0.003015 -0.135491
v 0.014791 -0.004487 -0.135491
v 0.015988 -0.001575 -0.148628
v 0.015756 -0.003134 -0.148628
v 0.015374 -0.004664 -0.148628
v 0.016797 -0.001654 -0.154904
v 0.016554 -0.003293 -0.154904
v 0.016152 -0.004900 -0.154904
v -0.007286 -0.013631 -0.135491
v -0.008587 -0.012851 -0.135491
v -0.009805 -0.011948 -0.135491
v -0.007573 -0.014168 -0.148628
v -0.008925 -0.013357 -0.148628
v -0.010192 -0.012419 -0.148628
v -0.007956 -0.014886 -0.154904
v -0.009377 -0.014034 -0.154904
v -0.010708 -0.013047 -0.154904
v -0.009805 0.011948 -0.135491
v -0.008587 0.012851 -0.135491
v -0.007286 0.013631 -0.135491
v -0.010192 0.012419 -0.148628
v -0.008925 0.013357 -0.148628
v -0.007573 0.014168 -0.148628
v -0.010708 0.013047 -0.154904
v -0.009377 0.014034 -0.154904
v -0.007956 0.014886 -0.154904
v 0.011948 0.009805 -0.135491
v 0.012851 0.008587 -0.135491
v 0.013631 0.007286 -0.135491
v 0.012419 0.010192 -0.148628
v 0.013357 0.008925 -0.148628
v 0.014168 0.007573 -0.148628
v 0.013047 0.010708 -0.154904
v 0.014034 0.009377 -0.154904
v 0.014886 0.007956 -0.154904
v 0.004487 -0.014791 -0.135491
v 0.003015 -0.015159 -0.135491
v 0.001515 -0.015382 -0.135491
v 0.004664 -0.015374 -0.148628
v 0.003134 -0.015756 -0.148628
v 0.001575 -0.015988 -0.148628
v 0.004900 -0.016152 -0.154904
v 0.003293 -0.016554 -0.154904
v 0.001654 -0.016797 -0.154904
v 0.001515 0.015382 -0.135491
v 0.003015 0.015159 -0.135491
v 0.004487 0.014791 -0.135491
v 0.001575 0.015988 -0.148628
v 0.003134 0.015756 -0.148628
v 0.004664 0.015374 -0.148628
v 0.001654 0.016797 -0.154904
v 0.003293 0.016554 -0.154904
v 0.004900 0.016152 -0.154904
v -0.015382 0.001515 -0.135491
v -0.015159 0.003015 -0.135491
v -0.014791 0.004487 -0.135491
v -0.015988 0.001575 -0.148628
v -0.015756 0.003134 -0.148628
v -0.015374 0.004664 -0.148628
v -0.016797 0.001654 -0.154904
v -0.016554 0.003293 -0.154904
v -0.016152 0.004900 -0.154904
v 0.013631 -0.007286 -0.135491
v 0.012851 -0.008587 -0.135491
v 0.011948 -0.009805 -0.135491
v 0.014168 -0.007573 -0.148628
v 0.013357 -0.008925 -0.148628
v 0.012419 -0.010192 -0.148628
v 0.014886 -0.007956 -0.154904
v 0.014034 -0.009377 -0.154904
v 0.013047 -0.010708 -0.154904
v -0.011948 -0.009805 -0.135491
v -0.012851 -0.008587 -0.135491
v -0.013631 -0.007286 -0.135491
v -0.012419 -0.010192 -0.148628
v -0.013357 -0.008925 -0.148628
v -0.014168 -0.007573 -0.148628
v -0.013047 -0.010708 -0.154904
v -0.014034 -0.009377 -0.154904
v -0.014886 -0.007956 -0.154904
v -0.004487 0.014791 -0.135491
v -0.003015 0.015159 -0.135491
v -0.001515 0.015382 -0.135491
v -0.004664 0.015374 -0.148628
v -0.003134 0.015756 -0.148628
v -0.001575 0.015988 -0.148628
v -0.004900 0.016152 -0.154904
v -0.003293 0.016554 -0.154904
v -0.001654 0.016797 -0.154904
v 0.014791 0.004487 -0.135491
v 0.015159 0.003015 -0.135491
v 0.015382 0.001515 -0.135491
v 0.015374 0.004664 -0.148628
v 0.015756 0.003134 -0.148628
v 0.015988 0.001575 -0.148628
v 0.016152 0.004900 -0.154904
v 0.016554 0.003293 -0.154904
v 0.016797 0.001654 -0.154904
v -0.001515 -0.015382 -0.135491
v -0.003015 -0.015159 -0.135491
v -0.004487 -0.014791 -0.135491
v -0.001575 -0.015988 -0.148628
v -0.003134 -0.015756 -0.148628
v -0.004664 -0.015374 -0.148628
v -0.001654 -0.016797 -0.154904
v -0.003293 -0.016554 -0.154904
v -0.004900 -0.016152 -0.154904
v -0.013631 0.007286 -0.135491
v -0.012851 0.008587 -0.135491
v -0.011948 0.009805 -0.135491
v -0.014168 0.007573 -0.148628
v -0.013357 0.008925 -0.148628
v -0.012419 0.010192 -0.148628
v -0.014886 0.007956 -0.154904
v -0.014034 0.009377 -0.154904
v -0.013047 0.010708 -0.154904
v 0.007286 0.013631 -0.135491
v 0.008587 0.012851 -0.135491
v 0.009805 0.011948 -0.135491
v 0.007573 0.014168 -0.148628
v 0.008925 0.013357 -0.148628
v 0.010192 0.012419 -0.148628
v 0.007956 0.014886 -0.154904
v 0.009377 0.014034 -0.154904
v 0.010708 0.013047 -0.154904
v 0.009805 -0.011948 -0.135491
v 0.008587 -0.012851 -0.135491
v 0.007286 -0.013631 -0.135491
v 0.010192 -0.012419 -0.148628
v 0.008925 -0.013357 -0.148628
v 0.007573 -0.014168 -0.148628
v 0.010708 -0.013047 -0.154904
v 0.009377 -0.014034 -0.154904
v 0.007956 -0.014886 -0.154904
v -0.014791 -0.004487 -0.135491
v -0.015159 -0.003015 -0.135491
v -0.015382 -0.001515 -0.135491
v -0.015374 -0.004664 -0.148628
v -0.015756 -0.003134 -0.148628
v -0.015988 -0.001575 -0.148628
v -0.016152 -0.004900 -0.154904
v -0.016554 -0.003293 -0.154904
v -0.016797 -0.001654 -0.154904
v -0.004235 0.013961 0.065313
v -0.004245 0.013993 0.077404
v -0.004271 0.014078 0.082338
v -0.002846 0.014309 0.065313
v -0.002853 0.014341 0.077404
v -0.002870 0.014428 0.082338
v -0.001430 0.014519 0.065313
v -0.001433 0.014552 0.077404
v -0.001442 0.014640 0.082338
v -0.009255 0.011278 0.065313
v -0.009276 0.011303 0.077404
v -0.009333 0.011372 0.082338
v -0.008105 0.012130 0.065313
v -0.008123 0.012158 0.077404
v -0.008173 0.012232 0.082338
v -0.006877 0.012867 0.065313
v -0.006893 0.012896 0.077404
v -0.006935 0.012974 0.082338
v -0.012867 0.006877 0.065313
v -0.012896 0.006893 0.077404
v -0.012974 0.006935 0.082338
v -0.012130 0.008105 0.065313
v -0.012158 0.008123 0.077404
v -0.012232 0.008173 0.082338
v -0.011278 0.009255 0.065313
v -0.011303 0.009276 0.077404
v -0.011372 0.009333 0.082338
v -0.014519 0.001430 0.065313
v -0.014552 0.001433 0.077404
v -0.014640 0.001442 0.082338
v -0.014309 0.002846 0.065313
v -0.014341 0.002853 0.077404
v -0.014428 0.002870 0.082338
v -0.013961 0.004235 0.065313
v -0.013993 0.004245 0.077404
v -0.014078 0.004271 0.082338
v -0.013961 -0.004235 0.065313
v -0.013993 -0.004245 0.077404
v -0.014078 -0.004271 0.082338
v -0.014309 -0.002846 0.065313
v -0.014341 -0.002853 0.077404
v -0.014428 -0.002870 0.082338
v -0.014519 -0.001430 0.065313
v -0.014552 -0.001433 0.077404
v -0.014640 -0.001442 0.082338
v -0.011278 -0.009255 0.065313
v -0.011303 -0.009276 0.077404
v -0.011372 -0.009333 0.082338
v -0.012130 -0.008105 0.065313
v -0.012158 -0.008123 0.077404
v -0.012232 -0.008173 0.082338
v -0.012867 -0.006877 0.065313
v -0.012896 -0.006893 0.077404
v -0.012974 -0.006935 0.082338
v -0.006877 -0.012867 0.065313
v -0.006893 -0.012896 0.077404
v -0.006935 -0.012974 0.082338
v -0.008105 -0.012130 0.065313
v -0.008123 -0.012158 0.077404
v -0.008173 -0.012232 0.082338
v -0.009255 -0.011278 0.065313
v -0.009276 -0.011303 0.077404
v -0.009333 -0.011372 0.082338
v -0.001430 -0.014519 0.065313
v -0.001433 -0.014552 0.077404
v -0.001442 -0.014640 0.082338
v -0.002846 -0.014309 0.065313
v -0.002853 -0.014341 0.077404
v -0.002870 -0.014428 0.082338
v -0.004235 -0.013961 0.065313
v -0.004245 -0.013993 0.077404
v -0.004271 -0.014078 0.082338
v 0.004235 -0.013961 0.065313
v 0.004245 -0.013993 0.077404
v 0.004271 -0.014078 0.082338
v 0.002846 -0.014309 0.065313
v 0.002853 -0.014341 0.077404
v 0.002870 -0.014428 0.082338
v 0.001430 -0.014519 0.065313
v 0.001433 -0.014552 0.077404
v 0.001442 -0.014640 0.082338
v 0.009255 -0.011278 0.065313
v 0.009276 -0.011303 0.077404
v 0.009333 -0.011372 0.082338
v 0.008105 -0.012130 0.065313
v 0.008123 -0.012158 0.077404
v 0.008173 -0.012232 0.082338
v 0.006877 -0.012867 0.065313
v 0.006893 -0.012896 0.077404
v 0.006935 -0.012974 0.082338
v 0.012867 -0.006877 0.065313
v 0.012896 -0.006893 0.077404
v 0.012974 -0.006935 0.082338
v 0.012130 -0.008105 0.065313
v 0.012158 -0.008123 0.077404
v 0.012232 -0.008173 0.082338
v 0.011278 -0.009255 0.065313
v 0.011303 -0.009276 0.077404
v 0.011372 -0.009333 0.082338
v 0.014519 -0.001430 0.065313
v 0.014552 -0.001433 0.077404
v 0.014640 -0.001442 0.082338
v 0.014309 -0.002846 0.065313
v 0.014341 -0.002853 0.077404
v 0.014428 -0.002870 0.082338
v 0.013961 -0.004235 0.065313
v 0.013993 -0.004245 0.077404
v 0.014078 -0.004271 0.082338
v 0.013961 0.004235 0.065313
v 0.013993 0.004245 0.077404
v 0.014078 0.004271 0.082338
v 0.014309 0.002846 0.065313
v 0.014341 0.002853 0.077404
v 0.014428 0.002870 0.082338
v 0.014519 0.001430 0.065313
v 0.014552 0.001433 0.077404
v 0.014640 0.001442 0.082338
v 0.011278 0.009255 0.065313
v 0.011303 0.009276 0.077404
v 0.011372 0.009333 0.082338
v 0.012130 0.008105 0.065313
v 0.012158 0.008123 0.077404
v 0.012232 0.008173 0.082338
v 0.012867 0.006877 0.065313
v 0.012896 0.006893 0.077404
v 0.012974 0.006935 0.082338
v 0.006877 0.012867 0.065313
v 0.006893 0.012896 0.077404
v 0.006935 0.012974 0.082338
v 0.008105 0.012130 0.065313
v 0.008123 0.012158 0.077404
v 0.008173 0.012232 0.082338
v 0.009255 0.011278 0.065313
v 0.009276 0.011303 0.077404
v 0.009333 0.011372 0.082338
v 0.001430 0.014519 0.065313
v 0.001433 0.014552 0.077404
v 0.001442 0.014640 0.082338
v 0.002846 0.014309 0.065313
v 0.002853 0.014341 0.077404
v 0.002870 0.014428 0.082338
v 0.004235 0.013961 0.065313
v 0.004245 0.013993 0.077404
v 0.004271 0.014078 0.082338
v 0.008848 0.016554 0.085641
v 0.008881 0.016616 0.086862
v 0.008829 0.016518 0.088099
v 0.010428 0.015607 0.085641
v 0.010467 0.015665 0.086862
v 0.010405 0.015573 0.088099
v 0.011908 0.014510 0.085641
v 0.011952 0.014564 0.086862
v 0.011882 0.014478 0.088099
v 0.014510 0.011908 0.085641
v 0.014564 0.011952 0.086862
v 0.014478 0.011882 0.088099
v 0.015607 0.010428 0.085641
v 0.015665 0.010467 0.086862
v 0.015573 0.010405 0.088099
v 0.016554 0.008848 0.085641
v 0.016616 0.008881 0.086862
v 0.016518 0.008829 0.088099
v 0.017962 0.005449 0.085641
v 0.018029 0.005469 0.086862
v 0.017923 0.005437 0.088099
v 0.018410 0.003662 0.085641
v 0.018478 0.003675 0.086862
v 0.018369 0.003654 0.088099
v 0.018680 0.001840 0.085641
v 0.018749 0.001847 0.086862
v 0.018640 0.001836 0.088099
v 0.018680 -0.001840 0.085641
v 0.018749 -0.001847 0.086862
v 0.018640 -0.001836 0.088099
v 0.018410 -0.003662 0.085641
v 0.018478 -0.003675 0.086862
v 0.018369 -0.003654 0.088099
v 0.017962 -0.005449 0.085641
v 0.018029 -0.005469 0.086862
v 0.017923 -0.005437 0.088099
v 0.016554 -0.008848 0.085641
v 0.016616 -0.008881 0.086862
v 0.016518 -0.008829 0.088099
v 0.015607 -0.010428 0.085641
v 0.015665 -0.010467 0.086862
v 0.015573 -0.010405 0.088099
v 0.014510 -0.011908 0.085641
v 0.014564 -0.011952 0.086862
v 0.014478 -0.011882 0.088099
v 0.011908 -0.014510 0.085641
v 0.011952 -0.014564 0.086862
v 0.011882 -0.014478 0.088099
v 0.010428 -0.015607 0.085641
v 0.010467 -0.015665 0.086862
v 0.010405 -0.015573 0.088099
v 0.008848 -0.016554 0.085641
v 0.008881 -0.016616 0.086862
v 0.008829 -0.016518 0.088099
v 0.005449 -0.017962 0.085641
v 0.005469 -0.018029 0.086862
v 0.005437 -0.017923 0.088099
v 0.003662 -0.018410 0.085641
v 0.003675 -0.018478 0.086862
v 0.003654 -0.018369 0.088099
v 0.001840 -0.018680 0.085641
v 0.001847 -0.018749 0.086862
v 0.001836 -0.018640 0.088099
v -0.001840 -0.018680 0.085641
v -0.001847 -0.018749 0.086862
v -0.001836 -0.018640 0.088099
v -0.003662 -0.018410 0.085641
v -0.003675 -0.018478 0.086862
v -0.003654 -0.018369 0.088099
v -0.005449 -0.017962 0.085641
v -0.005469 -0.018029 0.086862
v -0.005437 -0.017923 0.088099
v -0.008848 -0.016554 0.085641
v -0.008881 -0.016616 0.086862
v -0.008829 -0.016518 0.088099
v -0.010428 -0.015607 0.085641
v -0.010467 -0.015665 0.086862
v -0.010405 -0.015573 0.088099
v -0.011908 -0.014510 0.085641
v -0.011952 -0.014564 0.086862
v -0.011882 -0.014478 0.088099
v -0.014510 -0.011908 0.085641
v -0.014564 -0.011952 0.086862
v -0.014478 -0.011882 0.088099
v -0.015607 -0.010428 0.085641
v -0.015665 -0.010467 0.086862
v -0.015573 -0.010405 0.088099
v -0.016554 -0.008848 0.085641
v -0.016616 -0.008881 0.086862
v -0.016518 -0.008829 0.088099
v -0.017962 -0.005449 0.085641
v -0.018029 -0.005469 0.086862
v -0.017923 -0.005437 0.088099
v -0.018410 -0.003662 0.085641
v -0.018478 -0.003675 0.086862
v -0.018369 -0.003654 0.088099
v -0.018680 -0.001840 0.085641
v -0.018749 -0.001847 0.086862
v -0.018640 -0.001836 0.088099
v -0.018680 0.001840 0.085641
v -0.018749 0.001847 0.086862
v -0.018640 0.001836 0.088099
v -0.018410 0.003662 0.085641
v -0.018478 0.003675 0.086862
v -0.018369 0.003654 0.088099
v -0.017962 0.005449 0.085641
v -0.018029 0.005469 0.086862
v -0.017923 0.005437 0.088099
v -0.016554 0.008848 0.085641
v -0.016616 0.008881 0.086862
v -0.016518 0.008829 0.088099
v -0.015607 0.010428 0.085641
v -0.015665 0.010467 0.086862
v -0.015573 0.010405 0.088099
v -0.014510 0.011908 0.085641
v -0.014564 0.011952 0.086862
v -0.014478 0.011882 0.088099
v -0.011908 0.014510 0.085641
v -0.011952 0.014564 0.086862
v -0.011882 0.014478 0.088099
v -0.010428 0.015607 0.085641
v -0.010467 0.015665 0.086862
v -0.010405 0.015573 0.088099
v -0.008848 0.016554 0.085641
v -0.008881 0.016616 0.086862
v -0.008829 0.016518 0.088099
v -0.005449 0.017962 0.085641
v -0.005469 0.018029 0.086862
v -0.005437 0.017923 0.088099
v -0.003662 0.018410 0.085641
v -0.003675 0.018478 0.086862
v -0.003654 0.018369 0.088099
v -0.001840 0.018680 0.085641
v -0.001847 0.018749 0.086862
v -0.001836 0.018640 0.088099
v 0.010834 0.013201 0.083833
v 0.009487 0.014199 0.083833
v 0.008050 0.015061 0.083833
v 0.011188 0.013632 0.083844
v 0.009798 0.014663 0.083844
v 0.008313 0.015553 0.083844
v 0.011507 0.014021 0.084080
v 0.010076 0.015080 0.084080
v 0.008550 0.015996 0.084080
v -0.008050 0.015061 0.083833
v -0.009487 0.014199 0.083833
v -0.010834 0.013201 0.083833
v -0.008313 0.015553 0.083844
v -0.009798 0.014663 0.083844
v -0.011188 0.013632 0.083844
v -0.008550 0.015996 0.084080
v -0.010076 0.015080 0.084080
v -0.011507 0.014021 0.084080
v 0.015853 0.004809 0.090252
v 0.016247 0.003232 0.090252
v 0.016486 0.001624 0.090252
v 0.016558 0.005023 0.090128
v 0.016970 0.003376 0.090128
v 0.017220 0.001696 0.090128
v 0.017169 0.005208 0.089789
v 0.017596 0.003500 0.089789
v 0.017855 0.001758 0.089789
v 0.004957 0.016342 0.083833
v 0.003332 0.016749 0.083833
v 0.001674 0.016995 0.083833
v 0.005119 0.016876 0.083844
v 0.003440 0.017296 0.083844
v 0.001728 0.017551 0.083844
v 0.005265 0.017357 0.084080
v 0.003538 0.017789 0.084080
v 0.001778 0.018050 0.084080
v -0.016486 0.001624 0.090252
v -0.016247 0.003232 0.090252
v -0.015853 0.004809 0.090252
v -0.017220 0.001696 0.090128
v -0.016970 0.003376 0.090128
v -0.016558 0.005023 0.090128
v -0.017855 0.001758 0.089789
v -0.017596 0.003500 0.089789
v -0.017169 0.005208 0.089789
v -0.013201 0.010834 0.083833
v -0.014199 0.009487 0.083833
v -0.015061 0.008050 0.083833
v -0.013632 0.011188 0.083844
v -0.014663 0.009798 0.083844
v -0.015553 0.008313 0.083844
v -0.014020 0.011507 0.084080
v -0.015080 0.010076 0.084080
v -0.015996 0.008550 0.084080
v -0.016342 0.004957 0.083833
v -0.016749 0.003332 0.083833
v -0.016995 0.001674 0.083833
v -0.016876 0.005119 0.083844
v -0.017296 0.003440 0.083844
v -0.017551 0.001728 0.083844
v -0.017357 0.005265 0.084080
v -0.017789 0.003538 0.084080
v -0.018050 0.001778 0.084080
v -0.001624 -0.016486 0.090252
v -0.003232 -0.016247 0.090252
v -0.004809 -0.015853 0.090252
v -0.001696 -0.017220 0.090128
v -0.003376 -0.016970 0.090128
v -0.005023 -0.016558 0.090128
v -0.001758 -0.017855 0.089789
v -0.003500 -0.017596 0.089789
v -0.005208 -0.017169 0.089789
v -0.016995 -0.001674 0.083833
v -0.016749 -0.003332 0.083833
v -0.016342 -0.004957 0.083833
v -0.017551 -0.001728 0.083844
v -0.017296 -0.003440 0.083844
v -0.016876 -0.005119 0.083844
v -0.018050 -0.001778 0.084080
v -0.017789 -0.003538 0.084080
v -0.017357 -0.005265 0.084080
v 0.016486 -0.001624 0.090252
v 0.016247 -0.003232 0.090252
v 0.015853 -0.004809 0.090252
v 0.017220 -0.001696 0.090128
v 0.016970 -0.003376 0.090128
v 0.016558 -0.005023 0.090128
v 0.017855 -0.001758 0.089789
v 0.017596 -0.003500 0.089789
v 0.017169 -0.005208 0.089789
v -0.014610 0.007809 0.090252
v -0.013774 0.009203 0.090252
v -0.012806 0.010510 0.090252
v -0.015260 0.008157 0.090128
v -0.014387 0.009613 0.090128
v -0.013376 0.010977 0.090128
v -0.015823 0.008457 0.089789
v -0.014917 0.009967 0.089789
v -0.013869 0.011382 0.089789
v 0.001624 0.016486 0.090252
v 0.003232 0.016247 0.090252
v 0.004809 0.015853 0.090252
v 0.001696 0.017220 0.090128
v 0.003376 0.016970 0.090128
v 0.005023 0.016558 0.090128
v 0.001758 0.017855 0.089789
v 0.003500 0.017596 0.089789
v 0.005208 0.017169 0.089789
v -0.015061 -0.008050 0.083833
v -0.014199 -0.009487 0.083833
v -0.013201 -0.010834 0.083833
v -0.015553 -0.008313 0.083844
v -0.014663 -0.009798 0.083844
v -0.013632 -0.011188 0.083844
v -0.015996 -0.008550 0.084080
v -0.015080 -0.010076 0.084080
v -0.014020 -0.011507 0.084080
v -0.007809 -0.014610 0.090252
v -0.009203 -0.013774 0.090252
v -0.010510 -0.012806 0.090252
v -0.008157 -0.015260 0.090128
v -0.009613 -0.014387 0.090128
v -0.010977 -0.013376 0.090128
v -0.008457 -0.015823 0.089789
v -0.009967 -0.014917 0.089789
v -0.011382 -0.013869 0.089789
v -0.010834 -0.013201 0.083833
v -0.009487 -0.014199 0.083833
v -0.008050 -0.015061 0.083833
v -0.011188 -0.013632 0.083844
v -0.009798 -0.014663 0.083844
v -0.008313 -0.015553 0.083844
v -0.011507 -0.014021 0.084080
v -0.010076 -0.015080 0.084080
v -0.008550 -0.015996 0.084080
v -0.004957 -0.016342 0.083833
v -0.003332 -0.016749 0.083833
v -0.001674 -0.016995 0.083833
v -0.005119 -0.016876 0.083844
v -0.003440 -0.017296 0.083844
v -0.001728 -0.017551 0.083844
v -0.005265 -0.017357 0.084080
v -0.003538 -0.017789 0.084080
v -0.001778 -0.018050 0.084080
v -0.000000 -0.000000 -0.174176
v -0.000000 0.023268 -0.174176
v -0.003745 0.018829 -0.174176
v -0.008904 0.021497 -0.174176
v -0.010666 0.015963 -0.174176
v -0.016453 0.016453 -0.174176
v -0.015963 0.010666 -0.174176
v -0.021497 0.008904 -0.174176
v -0.018829 0.003745 -0.174176
v -0.023268 -0.000000 -0.174176
v -0.018829 -0.003745 -0.174176
v -0.021497 -0.008904 -0.174176
v -0.015963 -0.010666 -0.174176
v -0.016453 -0.016453 -0.174176
v -0.010666 -0.015963 -0.174176
v -0.008904 -0.021497 -0.174176
v -0.003745 -0.018829 -0.174176
v -0.000000 -0.023268 -0.174176
v 0.003745 -0.018829 -0.174176
v 0.008904 -0.021497 -0.174176
v 0.010666 -0.015963 -0.174176
v 0.016453 -0.016453 -0.174176
v 0.015963 -0.010666 -0.174176
v 0.021497 -0.008904 -0.174176
v 0.018829 -0.003745 -0.174176
v 0.023268 -0.000000 -0.174176
v 0.018829 0.003745 -0.174176
v 0.021497 0.008904 -0.174176
v 0.015963 0.010666 -0.174176
v 0.016453 0.016453 -0.174176
v 0.010666 0.015963 -0.174176
v 0.008904 0.021497 -0.174176
v 0.003745 0.018829 -0.174176
v -0.003660 0.012064 -0.073078
v -0.002459 0.012364 -0.073078
v -0.001236 0.012546 -0.073078
v -0.003676 0.012119 -0.029383
v -0.002471 0.012421 -0.029383
v -0.001241 0.012604 -0.029383
v -0.003722 0.012270 0.014258
v -0.002501 0.012575 0.014258
v -0.001257 0.012760 0.014258
v -0.007998 0.009745 -0.073078
v -0.007004 0.010482 -0.073078
v -0.005943 0.011118 -0.073078
v -0.008035 0.009790 -0.029383
v -0.007036 0.010530 -0.029383
v -0.005970 0.011169 -0.029383
v -0.008134 0.009912 0.014258
v -0.007123 0.010661 0.014258
v -0.006044 0.011308 0.014258
v -0.011118 0.005943 -0.073078
v -0.010482 0.007004 -0.073078
v -0.009745 0.007998 -0.073078
v -0.011169 0.005970 -0.029383
v -0.010530 0.007036 -0.029383
v -0.009790 0.008035 -0.029383
v -0.011308 0.006044 0.014258
v -0.010661 0.007123 0.014258
v -0.009912 0.008134 0.014258
v -0.012546 0.001236 -0.073078
v -0.012364 0.002459 -0.073078
v -0.012064 0.003660 -0.073078
v -0.012604 0.001241 -0.029383
v -0.012421 0.002471 -0.029383
v -0.012119 0.003676 -0.029383
v -0.012760 0.001257 0.014258
v -0.012575 0.002501 0.014258
v -0.012270 0.003722 0.014258
v -0.012064 -0.003660 -0.073078
v -0.012364 -0.002459 -0.073078
v -0.012546 -0.001236 -0.073078
v -0.012119 -0.003676 -0.029383
v -0.012421 -0.002471 -0.029383
v -0.012604 -0.001241 -0.029383
v -0.012270 -0.003722 0.014258
v -0.012575 -0.002501 0.014258
v -0.012760 -0.001257 0.014258
v -0.009745 -0.007998 -0.073078
v -0.010482 -0.007004 -0.073078
v -0.011118 -0.005943 -0.073078
v -0.009790 -0.008035 -0.029383
v -0.010530 -0.007036 -0.029383
v -0.011169 -0.005970 -0.029383
v -0.009912 -0.008134 0.014258
v -0.010661 -0.007123 0.014258
v -0.011308 -0.006044 0.014258
v -0.005943 -0.011118 -0.073078
v -0.007004 -0.010482 -0.073078
v -0.007998 -0.009745 -0.073078
v -0.005970 -0.011169 -0.029383
v -0.007036 -0.010530 -0.029383
v -0.008035 -0.009790 -0.029383
v -0.006044 -0.011308 0.014258
v -0.007123 -0.010661 0.014258
v -0.008134 -0.009912 0.014258
v -0.001236 -0.012546 -0.073078
v -0.002459 -0.012364 -0.073078
v -0.003660 -0.012064 -0.073078
v -0.001241 -0.012604 -0.029383
v -0.002471 -0.012421 -0.029383
v -0.003676 -0.012119 -0.029383
v -0.001257 -0.012760 0.014258
v -0.002501 -0.012575 0.014258
v -0.003722 -0.012270 0.014258
v 0.003660 -0.012064 -0.073078
v 0.002459 -0.012364 -0.073078
v 0.001236 -0.012546 -0.073078
v 0.003676 -0.012119 -0.029383
v 0.002471 -0.012421 -0.029383
v 0.001241 -0.012604 -0.029383
v 0.003722 -0.012270 0.014258
v 0.002501 -0.012575 0.014258
v 0.001257 -0.012760 0.014258
v 0.007998 -0.009745 -0.073078
v 0.007004 -0.010482 -0.073078
v 0.005943 -0.011118 -0.073078
v 0.008035 -0.009790 -0.029383
v 0.007036 -0.010530 -0.029383
v 0.005970 -0.011169 -0.029383
v 0.008134 -0.009912 0.014258
v 0.007123 -0.010661 0.014258
v 0.006044 -0.011308 0.014258
v 0.011118 -0.005943 -0.073078
v 0.010482 -0.007004 -0.073078
v 0.009745 -0.007998 -0.073078
v 0.011169 -0.005970 -0.029383
v 0.010530 -0.007036 -0.029383
v 0.009790 -0.008035 -0.029383
v 0.011308 -0.006044 0.014258
v 0.010661 -0.007123 0.014258
v 0.009912 -0.008134 0.014258
v 0.012546 -0.001236 -0.073078
v 0.012364 -0.002459 -0.073078
v 0.012064 -0.003660 -0.073078
v 0.012604 -0.001241 -0.029383
v 0.012421 -0.002471 -0.029383
v 0.012119 -0.003676 -0.029383
v 0.012760 -0.001257 0.014258
v 0.012575 -0.002501 0.014258
v 0.012270 -0.003722 0.014258
v 0.012064 0.003660 -0.073078
v 0.012364 0.002459 -0.073078
v 0.012546 0.001236 -0.073078
v 0.012119 0.003676 -0.029383
v 0.012421 0.002471 -0.029383
v 0.012604 0.001241 -0.029383
v 0.012270 0.003722 0.014258
v 0.012575 0.002501 0.014258
v 0.012760 0.001257 0.014258
v 0.009745 0.007998 -0.073078
v 0.010482 0.007004 -0.073078
v 0.011118 0.005943 -0.073078
v 0.009790 0.008035 -0.029383
v 0.010530 0.007036 -0.029383
v 0.011169 0.005970 -0.029383
v 0.009912 0.008134 0.014258
v 0.010661 0.007123 0.014258
v 0.011308 0.006044 0.014258
v 0.005943 0.011118 -0.073078
v 0.007004 0.010482 -0.073078
v 0.007998 0.009745 -0.073078
v 0.005970 0.011169 -0.029383
v 0.007036 0.010530 -0.029383
v 0.008035 0.009790 -0.029383
v 0.006044 0.011308 0.014258
v 0.007123 0.010661 0.014258
v 0.008134 0.009912 0.014258
v 0.001236 0.012546 -0.073078
v 0.002459 0.012364 -0.073078
v 0.003660 0.012064 -0.073078
v 0.001241 0.012604 -0.029383
v 0.002471 0.012421 -0.029383
v 0.003676 0.012119 -0.029383
v 0.001257 0.012760 0.014258
v 0.002501 0.012575 0.014258
v 0.003722 0.012270 0.014258
v 0.001448 0.014703 -0.076631
v 0.001435 0.014570 -0.034415
v 0.001430 0.014521 0.007651
v 0.002882 0.014489 -0.076631
v 0.002856 0.014359 -0.034415
v 0.002847 0.014311 0.007651
v 0.004289 0.014138 -0.076631
v 0.004250 0.014010 -0.034415
v 0.004236 0.013963 0.007651
v 0.006964 0.013029 -0.076631
v 0.006901 0.012912 -0.034415
v 0.006878 0.012869 0.007651
v 0.008208 0.012284 -0.076631
v 0.008134 0.012173 -0.034415
v 0.008106 0.012132 0.007651
v 0.009372 0.011420 -0.076631
v 0.009288 0.011317 -0.034415
v 0.009257 0.011279 0.007651
v 0.011420 0.009372 -0.076631
v 0.011317 0.009288 -0.034415
v 0.011279 0.009257 0.007651
v 0.012284 0.008208 -0.076631
v 0.012173 0.008134 -0.034415
v 0.012132 0.008106 0.007651
v 0.013029 0.006964 -0.076631
v 0.012912 0.006901 -0.034415
v 0.012869 0.006878 0.007651
v 0.014138 0.004289 -0.076631
v 0.014010 0.004250 -0.034415
v 0.013963 0.004236 0.007651
v 0.014489 0.002882 -0.076631
v 0.014359 0.002856 -0.034415
v 0.014311 0.002847 0.007651
v 0.014703 0.001448 -0.076631
v 0.014570 0.001435 -0.034415
v 0.014521 0.001430 0.007651
v 0.014703 -0.001448 -0.076631
v 0.014570 -0.001435 -0.034415
v 0.014521 -0.001430 0.007651
v 0.014489 -0.002882 -0.076631
v 0.014359 -0.002856 -0.034415
v 0.014311 -0.002847 0.007651
v 0.014138 -0.004289 -0.076631
v 0.014010 -0.004250 -0.034415
v 0.013963 -0.004236 0.007651
v 0.013029 -0.006964 -0.076631
v 0.012912 -0.006901 -0.034415
v 0.012869 -0.006878 0.007651
v 0.012284 -0.008208 -0.076631
v 0.012173 -0.008134 -0.034415
v 0.012132 -0.008106 0.007651
v 0.011420 -0.009372 -0.076631
v 0.011317 -0.009288 -0.034415
v 0.011279 -0.009257 0.007651
v 0.009372 -0.011420 -0.076631
v 0.009288 -0.011317 -0.034415
v 0.009257 -0.011279 0.007651
v 0.008208 -0.012284 -0.076631
v 0.008134 -0.012173 -0.034415
v 0.008106 -0.012132 0.007651
v 0.006964 -0.013029 -0.076631
v 0.006901 -0.012912 -0.034415
v 0.006878 -0.012869 0.007651
v 0.004289 -0.014138 -0.076631
v 0.004250 -0.014010 -0.034415
v 0.004236 -0.013963 0.007651
v 0.002882 -0.014489 -0.076631
v 0.002856 -0.014359 -0.034415
v 0.002847 -0.014311 0.007651
v 0.001448 -0.014703 -0.076631
v 0.001435 -0.014570 -0.034415
v 0.001430 -0.014521 0.007651
v -0.001448 -0.014703 -0.076631
v -0.001435 -0.014570 -0.034415
v -0.001430 -0.014521 0.007651
v -0.002882 -0.014489 -0.076631
v -0.002856 -0.014359 -0.034415
v -0.002847 -0.014311 0.007651
v -0.004289 -0.014138 -0.076631
v -0.004250 -0.014010 -0.034415
v -0.004236 -0.013963 0.007651
v -0.006964 -0.013029 -0.076631
v -0.006901 -0.012912 -0.034415
v -0.006878 -0.012869 0.007651
v -0.008208 -0.012284 -0.076631
v -0.008134 -0.012173 -0.034415
v -0.008106 -0.012132 0.007651
v -0.009372 -0.011420 -0.076631
v -0.009288 -0.011317 -0.034415
v -0.009257 -0.011279 0.007651
v -0.011420 -0.009372 -0.076631
v -0.011317 -0.009288 -0.034415
v -0.011279 -0.009257 0.007651
v -0.012284 -0.008208 -0.076631
v -0.012173 -0.008134 -0.034415
v -0.012132 -0.008106 0.007651
v -0.013029 -0.006964 -0.076631
v -0.012912 -0.006901 -0.034415
v -0.012869 -0.006878 0.007651
v -0.014138 -0.004289 -0.076631
v -0.014010 -0.004250 -0.034415
v -0.013963 -0.004236 0.007651
v -0.014489 -0.002882 -0.076631
v -0.014359 -0.002856 -0.034415
v -0.014311 -0.002847 0.007651
v -0.014703 -0.001448 -0.076631
v -0.014570 -0.001435 -0.034415
v -0.014521 -0.001430 0.007651
v -0.014703 0.001448 -0.076631
v -0.014570 0.001435 -0.034415
v -0.014521 0.001430 0.007651
v -0.014489 0.002882 -0.076631
v -0.014359 0.002856 -0.034415
v -0.014311 0.002847 0.007651
v -0.014138 0.004289 -0.076631
v -0.014010 0.004250 -0.034415
v -0.013963 0.004236 0.007651
v -0.013029 0.006964 -0.076631
v -0.012912 0.006901 -0.034415
v -0.012869 0.006878 0.007651
v -0.012284 0.008208 -0.076631
v -0.012173 0.008134 -0.034415
v -0.012132 0.008106 0.007651
v -0.011420 0.009372 -0.076631
v -0.011317 0.009288 -0.034415
v -0.011279 0.009257 0.007651
v -0.009372 0.011420 -0.076631
v -0.009288 0.011317 -0.034415
v -0.009257 0.011279 0.007651
v -0.008208 0.012284 -0.076631
v -0.008134 0.012173 -0.034415
v -0.008106 0.012132 0.007651
v -0.006964 0.013029 -0.076631
v -0.006901 0.012912 -0.034415
v -0.006878 0.012869 0.007651
v -0.004289 0.014138 -0.076631
v -0.004250 0.014010 -0.034415
v -0.004236 0.013963 0.007651
v -0.002882 0.014489 -0.076631
v -0.002856 0.014359 -0.034415
v -0.002847 0.014311 0.007651
v -0.001448 0.014703 -0.076631
v -0.001435 0.014570 -0.034415
v -0.001430 0.014521 0.007651
v -0.004402 -0.014511 0.083904
v -0.002958 -0.014872 0.083904
v -0.001486 -0.015091 0.083904
v -0.004511 -0.014870 0.084040
v -0.003031 -0.015240 0.084040
v -0.001523 -0.015464 0.084040
v -0.004643 -0.015306 0.084025
v -0.003120 -0.015687 0.084025
v -0.001568 -0.015918 0.084025
v -0.009620 -0.011722 0.083904
v -0.008424 -0.012608 0.083904
v -0.007148 -0.013373 0.083904
v -0.009858 -0.012012 0.084040
v -0.008633 -0.012920 0.084040
v -0.007325 -0.013704 0.084040
v -0.010147 -0.012364 0.084025
v -0.008886 -0.013299 0.084025
v -0.007540 -0.014106 0.084025
v -0.013373 -0.007148 0.083904
v -0.012608 -0.008424 0.083904
v -0.011722 -0.009620 0.083904
v -0.013704 -0.007325 0.084040
v -0.012920 -0.008633 0.084040
v -0.012012 -0.009858 0.084040
v -0.014106 -0.007540 0.084025
v -0.013299 -0.008886 0.084025
v -0.012364 -0.010147 0.084025
v -0.015091 -0.001486 0.083904
v -0.014872 -0.002958 0.083904
v -0.014511 -0.004402 0.083904
v -0.015464 -0.001523 0.084040
v -0.015240 -0.003031 0.084040
v -0.014870 -0.004511 0.084040
v -0.015918 -0.001568 0.084025
v -0.015687 -0.003120 0.084025
v -0.015306 -0.004643 0.084025
v -0.014511 0.004402 0.083904
v -0.014872 0.002958 0.083904
v -0.015091 0.001486 0.083904
v -0.014870 0.004511 0.084040
v -0.015240 0.003031 0.084040
v -0.015464 0.001523 0.084040
v -0.015306 0.004643 0.084025
v -0.015687 0.003120 0.084025
v -0.015918 0.001568 0.084025
v -0.011722 0.009620 0.083904
v -0.012608 0.008424 0.083904
v -0.013373 0.007148 0.083904
v -0.012012 0.009858 0.084040
v -0.012920 0.008633 0.084040
v -0.013704 0.007325 0.084040
v -0.012364 0.010147 0.084025
v -0.013299 0.008886 0.084025
v -0.014106 0.007540 0.084025
v 0.004402 0.014511 0.083904
v 0.002958 0.014872 0.083904
v 0.001486 0.015091 0.083904
v 0.004511 0.014870 0.084040
v 0.003031 0.015240 0.084040
v 0.001523 0.015464 0.084040
v 0.004643 0.015306 0.084025
v 0.003120 0.015687 0.084025
v 0.001568 0.015918 0.084025
v -0.007148 0.013373 0.083904
v -0.008424 0.012608 0.083904
v -0.009620 0.011722 0.083904
v -0.007325 0.013704 0.084040
v -0.008633 0.012920 0.084040
v -0.009858 0.012012 0.084040
v -0.007540 0.014106 0.084025
v -0.008886 0.013299 0.084025
v -0.010147 0.012364 0.084025
v 0.009620 0.011722 0.083904
v 0.008424 0.012608 0.083904
v 0.007148 0.013373 0.083904
v 0.009858 0.012012 0.084040
v 0.008633 0.012920 0.084040
v 0.007325 0.013704 0.084040
v 0.010147 0.012364 0.084025
v 0.008886 0.013299 0.084025
v 0.007540 0.014106 0.084025
v 0.001486 -0.015091 0.083904
v 0.002958 -0.014872 0.083904
v 0.004402 -0.014511 0.083904
v 0.001523 -0.015464 0.084040
v 0.003031 -0.015240 0.084040
v 0.004511 -0.014870 0.084040
v 0.001568 -0.015918 0.084025
v 0.003120 -0.015687 0.084025
v 0.004643 -0.015306 0.084025
v 0.007148 -0.013373 0.083904
v 0.008424 -0.012608 0.083904
v 0.009620 -0.011722 0.083904
v 0.007325 -0.013704 0.084040
v 0.008633 -0.012920 0.084040
v 0.009858 -0.012012 0.084040
v 0.007540 -0.014106 0.084025
v 0.008886 -0.013299 0.084025
v 0.010147 -0.012364 0.084025
v 0.011722 -0.009620 0.083904
v 0.012608 -0.008424 0.083904
v 0.013373 -0.007148 0.083904
v 0.012012 -0.009858 0.084040
v 0.012920 -0.008633 0.084040
v 0.013704 -0.007325 0.084040
v 0.012364 -0.010147 0.084025
v 0.013299 -0.008886 0.084025
v 0.014106 -0.007540 0.084025
v 0.014511 -0.004402 0.083904
v 0.014872 -0.002958 0.083904
v 0.015091 -0.001486 0.083904
v 0.014870 -0.004511 0.084040
v 0.015240 -0.003031 0.084040
v 0.015464 -0.001523 0.084040
v 0.015306 -0.004643 0.084025
v 0.015687 -0.003120 0.084025
v 0.015918 -0.001568 0.084025
v 0.015091 0.001486 0.083904
v 0.014872 0.002958 0.083904
v 0.014511 0.004402 0.083904
v 0.015464 0.001523 0.084040
v 0.015240 0.003031 0.084040
v 0.014870 0.004511 0.084040
v 0.015918 0.001568 0.084025
v 0.015687 0.003120 0.084025
v 0.015306 0.004643 0.084025
v 0.013373 0.007148 0.083904
v 0.012608 0.008424 0.083904
v 0.011722 0.009620 0.083904
v 0.013704 0.007325 0.084040
v 0.012920 0.008633 0.084040
v 0.012012 0.009858 0.084040
v 0.014106 0.007540 0.084025
v 0.013299 0.008886 0.084025
v 0.012364 0.010147 0.084025
v -0.001486 0.015091 0.083904
v -0.002958 0.014872 0.083904
v -0.004402 0.014511 0.083904
v -0.001523 0.015464 0.084040
v -0.003031 0.015240 0.084040
v -0.004511 0.014870 0.084040
v -0.001568 0.015918 0.084025
v -0.003120 0.015687 0.084025
v -0.004643 0.015306 0.084025
v -0.006419 -0.012009 0.073449
v -0.007565 -0.011322 0.073449
v -0.008639 -0.010526 0.073449
v -0.006720 -0.012572 0.085286
v -0.007920 -0.011852 0.085286
v -0.009043 -0.011019 0.085286
v -0.007067 -0.013222 0.089647
v -0.008329 -0.012465 0.089647
v -0.009511 -0.011589 0.089647
v 0.001335 0.013552 0.073449
v 0.002657 0.013355 0.073449
v 0.003953 0.013031 0.073449
v 0.001397 0.014187 0.085286
v 0.002781 0.013981 0.085286
v 0.004138 0.013641 0.085286
v 0.001469 0.014920 0.089647
v 0.002925 0.014704 0.089647
v 0.004352 0.014347 0.089647
v -0.012009 0.006419 0.073449
v -0.011322 0.007565 0.073449
v -0.010526 0.008639 0.073449
v -0.012572 0.006720 0.085286
v -0.011852 0.007920 0.085286
v -0.011019 0.009043 0.085286
v -0.013222 0.007067 0.089647
v -0.012465 0.008329 0.089647
v -0.011589 0.009511 0.089647
v 0.013552 -0.001335 0.073449
v 0.013355 -0.002657 0.073449
v 0.013031 -0.003953 0.073449
v 0.014187 -0.001397 0.085286
v 0.013981 -0.002781 0.085286
v 0.013641 -0.004138 0.085286
v 0.014920 -0.001469 0.089647
v 0.014704 -0.002925 0.089647
v 0.014347 -0.004352 0.089647
v -0.001335 -0.013552 0.073449
v -0.002657 -0.013355 0.073449
v -0.003953 -0.013031 0.073449
v -0.001397 -0.014187 0.085286
v -0.002781 -0.013981 0.085286
v -0.004138 -0.013641 0.085286
v -0.001469 -0.014920 0.089647
v -0.002925 -0.014704 0.089647
v -0.004352 -0.014347 0.089647
v -0.013552 0.001335 0.073449
v -0.013355 0.002657 0.073449
v -0.013031 0.003953 0.073449
v -0.014187 0.001397 0.085286
v -0.013981 0.002781 0.085286
v -0.013641 0.004138 0.085286
v -0.014920 0.001469 0.089647
v -0.014704 0.002925 0.089647
v -0.014347 0.004352 0.089647
v 0.013031 0.003953 0.073449
v 0.013355 0.002657 0.073449
v 0.013552 0.001335 0.073449
v 0.013641 0.004138 0.085286
v 0.013981 0.002781 0.085286
v 0.014187 0.001397 0.085286
v 0.014347 0.004352 0.089647
v 0.014704 0.002925 0.089647
v 0.014920 0.001469 0.089647
v 0.012009 -0.006419 0.073449
v 0.011322 -0.007565 0.073449
v 0.010526 -0.008639 0.073449
v 0.012572 -0.006720 0.085286
v 0.011852 -0.007920 0.085286
v 0.011019 -0.009043 0.085286
v 0.013222 -0.007067 0.089647
v 0.012465 -0.008329 0.089647
v 0.011589 -0.009511 0.089647
v -0.008639 0.010526 0.073449
v -0.007565 0.011322 0.073449
v -0.006419 0.012009 0.073449
v -0.009043 0.011019 0.085286
v -0.007920 0.011852 0.085286
v -0.006720 0.012572 0.085286
v -0.009511 0.011589 0.089647
v -0.008329 0.012465 0.089647
v -0.007067 0.013222 0.089647
v 0.006419 0.012009 0.073449
v 0.007565 0.011322 0.073449
v 0.008639 0.010526 0.073449
v 0.006720 0.012572 0.085286
v 0.007920 0.011852 0.085286
v 0.009043 0.011019 0.085286
v 0.007067 0.013222 0.089647
v 0.008329 0.012465 0.089647
v 0.009511 0.011589 0.089647
v -0.010526 -0.008639 0.073449
v -0.011322 -0.007565 0.073449
v -0.012009 -0.006419 0.073449
v -0.011019 -0.009043 0.085286
v -0.011852 -0.007920 0.085286
v -0.012572 -0.006720 0.085286
v -0.011589 -0.009511 0.089647
v -0.012465 -0.008329 0.089647
v -0.013222 -0.007067 0.089647
v 0.008639 -0.010526 0.073449
v 0.007565 -0.011322 0.073449
v 0.006419 -0.012009 0.073449
v 0.009043 -0.011019 0.085286
v 0.007920 -0.011852 0.085286
v 0.006720 -0.012572 0.085286
v 0.009511 -0.011589 0.089647
v 0.008329 -0.012465 0.089647
v 0.007067 -0.013222 0.089647
v -0.003953 0.013031 0.073449
v -0.002657 0.013355 0.073449
v -0.001335 0.013552 0.073449
v -0.004138 0.013641 0.085286
v -0.002781 0.013981 0.085286
v -0.001397 0.014187 0.085286
v -0.004352 0.014347 0.089647
v -0.002925 0.014704 0.089647
v -0.001469 0.014920 0.089647
v 0.010526 0.008639 0.073449
v 0.011322 0.007565 0.073449
v 0.012009 0.006419 0.073449
v 0.011019 0.009043 0.085286
v 0.011852 0.007920 0.085286
v 0.012572 0.006720 0.085286
v 0.011589 0.009511 0.089647
v 0.012465 0.008329 0.089647
v 0.013222 0.007067 0.089647
v -0.013031 -0.003953 0.073449
v -0.013355 -0.002657 0.073449
v -0.013552 -0.001335 0.073449
v -0.013641 -0.004138 0.085286
v -0.013981 -0.002781 0.085286
v -0.014187 -0.001397 0.085286
v -0.014347 -0.004352 0.089647
v -0.014704 -0.002925 0.089647
v -0.014920 -0.001469 0.089647
v 0.003953 -0.013031 0.073449
v 0.002657 -0.013355 0.073449
v 0.001335 -0.013552 0.073449
v 0.004138 -0.013641 0.085286
v 0.002781 -0.013981 0.085286
v 0.001397 -0.014187 0.085286
v 0.004352 -0.014347 0.089647
v 0.002925 -0.014704 0.089647
v 0.001469 -0.014920 0.089647
v 0.012097 0.001190 -0.150549
v 0.011916 0.002370 -0.150549
v 0.011632 0.003530 -0.150549
v 0.011575 0.001129 -0.150633
v 0.011361 0.002260 -0.150633
v 0.011125 0.003386 -0.150633
v 0.010571 0.000990 -0.150664
v 0.010251 0.002039 -0.150664
v 0.010146 0.003131 -0.150664
v -0.012097 -0.001190 -0.150549
v -0.011916 -0.002370 -0.150549
v -0.011632 -0.003530 -0.150549
v -0.011575 -0.001129 -0.150633
v -0.011361 -0.002260 -0.150633
v -0.011125 -0.003386 -0.150633
v -0.010571 -0.000990 -0.150664
v -0.010251 -0.002039 -0.150664
v -0.010146 -0.003131 -0.150664
v 0.011632 -0.003530 -0.150549
v 0.011916 -0.002370 -0.150549
v 0.012097 -0.001190 -0.150549
v 0.011125 -0.003386 -0.150633
v 0.011361 -0.002260 -0.150633
v 0.011575 -0.001129 -0.150633
v 0.010146 -0.003131 -0.150664
v 0.010251 -0.002039 -0.150664
v 0.010571 -0.000990 -0.150664
v -0.011632 0.003530 -0.150549
v -0.011916 0.002370 -0.150549
v -0.012097 0.001190 -0.150549
v -0.011125 0.003386 -0.150633
v -0.011361 0.002260 -0.150633
v -0.011575 0.001129 -0.150633
v -0.010146 0.003131 -0.150664
v -0.010251 0.002039 -0.150664
v -0.010571 0.000990 -0.150664
v 0.009396 -0.007713 -0.150549
v 0.010102 -0.006750 -0.150549
v 0.010721 -0.005729 -0.150549
v 0.008983 -0.007386 -0.150633
v 0.009631 -0.006435 -0.150633
v 0.010261 -0.005472 -0.150633
v 0.008175 -0.006775 -0.150664
v 0.008691 -0.005807 -0.150664
v 0.009388 -0.004960 -0.150664
v -0.009396 0.007713 -0.150549
v -0.010102 0.006750 -0.150549
v -0.010721 0.005729 -0.150549
v -0.008983 0.007386 -0.150633
v -0.009631 0.006435 -0.150633
v -0.010261 0.005472 -0.150633
v -0.008175 0.006775 -0.150664
v -0.008691 0.005807 -0.150664
v -0.009388 0.004960 -0.150664
v 0.005729 -0.010721 -0.150549
v 0.006750 -0.010102 -0.150549
v 0.007713 -0.009396 -0.150549
v 0.005472 -0.010261 -0.150633
v 0.006435 -0.009631 -0.150633
v 0.007386 -0.008983 -0.150633
v 0.004960 -0.009388 -0.150664
v 0.005807 -0.008691 -0.150664
v 0.006775 -0.008175 -0.150664
v -0.005729 0.010721 -0.150549
v -0.006750 0.010102 -0.150549
v -0.007713 0.009396 -0.150549
v -0.005472 0.010261 -0.150633
v -0.006435 0.009631 -0.150633
v -0.007386 0.008983 -0.150633
v -0.004960 0.009388 -0.150664
v -0.005807 0.008691 -0.150664
v -0.006775 0.008175 -0.150664
v 0.001190 -0.012097 -0.150549
v 0.002370 -0.011916 -0.150549
v 0.003530 -0.011632 -0.150549
v 0.001129 -0.011575 -0.150633
v 0.002260 -0.011361 -0.150633
v 0.003386 -0.011125 -0.150633
v 0.000990 -0.010571 -0.150664
v 0.002039 -0.010251 -0.150664
v 0.003131 -0.010146 -0.150664
v 0.003530 0.011632 -0.150549
v 0.002370 0.011916 -0.150549
v 0.001190 0.012097 -0.150549
v 0.003386 0.011125 -0.150633
v 0.002260 0.011361 -0.150633
v 0.001129 0.011575 -0.150633
v 0.003131 0.010146 -0.150664
v 0.002039 0.010251 -0.150664
v 0.000990 0.010571 -0.150664
v -0.001190 0.012097 -0.150549
v -0.002370 0.011916 -0.150549
v -0.003530 0.011632 -0.150549
v -0.001129 0.011575 -0.150633
v -0.002260 0.011361 -0.150633
v -0.003386 0.011125 -0.150633
v -0.000990 0.010571 -0.150664
v -0.002039 0.010251 -0.150664
v -0.003131 0.010146 -0.150664
v -0.003530 -0.011632 -0.150549
v -0.002370 -0.011916 -0.150549
v -0.001190 -0.012097 -0.150549
v -0.003386 -0.011125 -0.150633
v -0.002260 -0.011361 -0.150633
v -0.001129 -0.011575 -0.150633
v -0.003131 -0.010146 -0.150664
v -0.002039 -0.010251 -0.150664
v -0.000990 -0.010571 -0.150664
v 0.007713 0.009396 -0.150549
v 0.006750 0.010102 -0.150549
v 0.005729 0.010721 -0.150549
v 0.007386 0.008983 -0.150633
v 0.006435 0.009631 -0.150633
v 0.005472 0.010261 -0.150633
v 0.006775 0.008175 -0.150664
v 0.005807 0.008691 -0.150664
v 0.004960 0.009388 -0.150664
v -0.007713 -0.009396 -0.150549
v -0.006750 -0.010102 -0.150549
v -0.005729 -0.010721 -0.150549
v -0.007386 -0.008983 -0.150633
v -0.006435 -0.009631 -0.150633
v -0.005472 -0.010261 -0.150633
v -0.006775 -0.008175 -0.150664
v -0.005807 -0.008691 -0.150664
v -0.004960 -0.009388 -0.150664
v 0.010721 0.005729 -0.150549
v 0.010102 0.006750 -0.150549
v 0.009396 0.007713 -0.150549
v 0.010261 0.005472 -0.150633
v 0.009631 0.006435 -0.150633
v 0.008983 0.007386 -0.150633
v 0.009388 0.004960 -0.150664
v 0.008691 0.005807 -0.150664
v 0.008175 0.006775 -0.150664
v -0.010721 -0.005729 -0.150549
v -0.010102 -0.006750 -0.150549
v -0.009396 -0.007713 -0.150549
v -0.010261 -0.005472 -0.150633
v -0.009631 -0.006435 -0.150633
v -0.008983 -0.007386 -0.150633
v -0.009388 -0.004960 -0.150664
v -0.008691 -0.005807 -0.150664
v -0.008175 -0.006775 -0.150664
v 0.000000 -0.000000 -0.150669
v 0.000000 0.007017 -0.150669
v -0.001111 0.005586 -0.150669
v -0.002685 0.006483 -0.150669
v -0.003164 0.004736 -0.150669
v -0.004962 0.004962 -0.150669
v -0.004736 0.003164 -0.150669
v -0.006483 0.002685 -0.150669
v -0.005586 0.001111 -0.150669
v -0.007017 -0.000000 -0.150669
v -0.005586 -0.001111 -0.150669
v -0.006483 -0.002685 -0.150669
v -0.004736 -0.003164 -0.150669
v -0.004962 -0.004962 -0.150669
v -0.003164 -0.004736 -0.150669
v -0.002685 -0.006483 -0.150669
v -0.001111 -0.005586 -0.150669
v 0.000000 -0.007017 -0.150669
v 0.001111 -0.005586 -0.150669
v 0.002685 -0.006483 -0.150669
v 0.003164 -0.004736 -0.150669
v 0.004962 -0.004962 -0.150669
v 0.004736 -0.003164 -0.150669
v 0.006483 -0.002685 -0.150669
v 0.005586 -0.001111 -0.150669
v 0.007017 -0.000000 -0.150669
v 0.005586 0.001111 -0.150669
v 0.006483 0.002685 -0.150669
v 0.004736 0.003164 -0.150669
v 0.004962 0.004962 -0.150669
v 0.003164 0.004736 -0.150669
v 0.002685 0.006483 -0.150669
v 0.001111 0.005586 -0.150669
v 0.001226 0.012450 -0.149505
v 0.002440 0.012269 -0.149505
v 0.003632 0.011971 -0.149505
v 0.001232 0.012512 -0.144833
v 0.002453 0.012330 -0.144833
v 0.003650 0.012031 -0.144833
v 0.001234 0.012535 -0.132685
v 0.002457 0.012353 -0.132685
v 0.003656 0.012053 -0.132685
v 0.005897 0.011033 -0.149505
v 0.006950 0.010401 -0.149505
v 0.007936 0.009670 -0.149505
v 0.005926 0.011088 -0.144833
v 0.006985 0.010453 -0.144833
v 0.007976 0.009718 -0.144833
v 0.005937 0.011108 -0.132685
v 0.006997 0.010472 -0.132685
v 0.007990 0.009736 -0.132685
v 0.009670 0.007936 -0.149505
v 0.010401 0.006950 -0.149505
v 0.011033 0.005897 -0.149505
v 0.009718 0.007976 -0.144833
v 0.010453 0.006985 -0.144833
v 0.011088 0.005926 -0.144833
v 0.009736 0.007990 -0.132685
v 0.010472 0.006997 -0.132685
v 0.011108 0.005937 -0.132685
v 0.011971 0.003632 -0.149505
v 0.012269 0.002440 -0.149505
v 0.012450 0.001226 -0.149505
v 0.012031 0.003650 -0.144833
v 0.012330 0.002453 -0.144833
v 0.012512 0.001232 -0.144833
v 0.012053 0.003656 -0.132685
v 0.012353 0.002457 -0.132685
v 0.012535 0.001234 -0.132685
v 0.012450 -0.001226 -0.149505
v 0.012269 -0.002440 -0.149505
v 0.011971 -0.003632 -0.149505
v 0.012512 -0.001232 -0.144833
v 0.012330 -0.002453 -0.144833
v 0.012031 -0.003650 -0.144833
v 0.012535 -0.001234 -0.132685
v 0.012353 -0.002457 -0.132685
v 0.012053 -0.003656 -0.132685
v 0.011033 -0.005897 -0.149505
v 0.010401 -0.006950 -0.149505
v 0.009670 -0.007936 -0.149505
v 0.011088 -0.005926 -0.144833
v 0.010453 -0.006985 -0.144833
v 0.009718 -0.007976 -0.144833
v 0.011108 -0.005937 -0.132685
v 0.010472 -0.006997 -0.132685
v 0.009736 -0.007990 -0.132685
v 0.007936 -0.009670 -0.149505
v 0.006950 -0.010401 -0.149505
v 0.005897 -0.011033 -0.149505
v 0.007976 -0.009718 -0.144833
v 0.006985 -0.010453 -0.144833
v 0.005926 -0.011088 -0.144833
v 0.007990 -0.009736 -0.132685
v 0.006997 -0.010472 -0.132685
v 0.005937 -0.011108 -0.132685
v 0.003632 -0.011971 -0.149505
v 0.002440 -0.012269 -0.149505
v 0.001226 -0.012450 -0.149505
v 0.003650 -0.012031 -0.144833
v 0.002453 -0.012330 -0.144833
v 0.001232 -0.012512 -0.144833
v 0.003656 -0.012053 -0.132685
v 0.002457 -0.012353 -0.132685
v 0.001234 -0.012535 -0.132685
v -0.001226 -0.012450 -0.149505
v -0.002440 -0.012269 -0.149505
v -0.003632 -0.011971 -0.149505
v -0.001232 -0.012512 -0.144833
v -0.002453 -0.012330 -0.144833
v -0.003650 -0.012031 -0.144833
v -0.001234 -0.012535 -0.132685
v -0.002457 -0.012353 -0.132685
v -0.003656 -0.012053 -0.132685
v -0.005897 -0.011033 -0.149505
v -0.006950 -0.010401 -0.149505
v -0.007936 -0.009670 -0.149505
v -0.005926 -0.011088 -0.144833
v -0.006985 -0.010453 -0.144833
v -0.007976 -0.009718 -0.144833
v -0.005937 -0.011108 -0.132685
v -0.006997 -0.010472 -0.132685
v -0.007990 -0.009736 -0.132685
v -0.009670 -0.007936 -0.149505
v -0.010401 -0.006950 -0.149505
v -0.011033 -0.005897 -0.149505
v -0.009718 -0.007976 -0.144833
v -0.010453 -0.006985 -0.144833
v -0.011088 -0.005926 -0.144833
v -0.009736 -0.007990 -0.132685
v -0.010472 -0.006997 -0.132685
v -0.011108 -0.005937 -0.132685
v -0.011971 -0.003632 -0.149505
v -0.012269 -0.002440 -0.149505
v -0.012450 -0.001226 -0.149505
v -0.012031 -0.003650 -0.144833
v -0.012330 -0.002453 -0.144833
v -0.012512 -0.001232 -0.144833
v -0.012053 -0.003656 -0.132685
v -0.012353 -0.002457 -0.132685
v -0.012535 -0.001234 -0.132685
v -0.012450 0.001226 -0.149505
v -0.012269 0.002440 -0.149505
v -0.011971 0.003632 -0.149505
v -0.012512 0.001232 -0.144833
v -0.012330 0.002453 -0.144833
v -0.012031 0.003650 -0.144833
v -0.012535 0.001234 -0.132685
v -0.012353 0.002457 -0.132685
v -0.012053 0.003656 -0.132685
v -0.011033 0.005897 -0.149505
v -0.010401 0.006950 -0.149505
v -0.009670 0.007936 -0.149505
v -0.011088 0.005926 -0.144833
v -0.010453 0.006985 -0.144833
v -0.009718 0.007976 -0.144833
v -0.011108 0.005937 -0.132685
v -0.010472 0.006997 -0.132685
v -0.009736 0.007990 -0.132685
v -0.007936 0.009670 -0.149505
v -0.006950 0.010401 -0.149505
v -0.005897 0.011033 -0.149505
v -0.007976 0.009718 -0.144833
v -0.006985 0.010453 -0.144833
v -0.005926 0.011088 -0.144833
v -0.007990 0.009736 -0.132685
v -0.006997 0.010472 -0.132685
v -0.005937 0.011108 -0.132685
v -0.003632 0.011971 -0.149505
v -0.002440 0.012269 -0.149505
v -0.001226 0.012450 -0.149505
v -0.003650 0.012031 -0.144833
v -0.002453 0.012330 -0.144833
v -0.001232 0.012512 -0.144833
v -0.003656 0.012053 -0.132685
v -0.002457 0.012353 -0.132685
v -0.001234 0.012535 -0.132685
vt 0.000000 0.000000
vt 0.000000 0.000000
vt 0.000000 0.000000
vt 0.000000 0.000000
vt 0.000000 0.000000
vt 0.000000 0.000000
vt 0.000000 0.000000
vt 0.000000 0.000000
vt 0.000000 0.000000
vt 0.000000 0.000000
vt 0.000000 0.000000
vt 0.000000 0.000000
vt 0.000000 0.000000
vt 0.000000 0.000000
vt 0.000000 0.000000
vt 0.000000 0.000000
vt 0.000000 0.000000
vt 0.000000 0.000000
vt 0.000000 0.000000
vt 0.000000 0.000000
vt 0.000000 0.000000
vt 0.000000 0.000000
vt 0.000000 0.000000
vt 0.000000 0.000000
vt 0.015703 0.975065
vt 0.031467 0.975521
vt 0.015652 0.975521
vt 0.048818 0.975065
vt 0.031874 0.975065
vt 0.031277 0.976758
vt 0.015628 0.976758
vt 0.047499 0.975521
vt 0.000000 0.975000
vt 0.000000 0.975065
vt 0.015734 0.975000
vt 0.049995 0.975000
vt 0.032118 0.975000
vt 0.072917 0.975000
vt 0.065620 0.975065
vt 0.063368 0.975521
vt 0.046953 0.976758
vt 0.062609 0.976758
vt 0.046875 0.979167
vt 0.031250 0.979167
vt 0.015625 0.979167
vt 0.000000 0.976758
vt 0.000000 0.979167
vt 0.000000 0.975521
vt 0.828206 0.975064
vt 0.844184 0.975434
vt 0.828179 0.975510
vt 0.861518 0.975031
vt 0.844401 0.975054
vt 0.844401 0.976508
vt 0.828206 0.976727
vt 0.860731 0.975250
vt 0.812500 0.975000
vt 0.812500 0.975065
vt 0.828234 0.975000
vt 0.862495 0.975000
vt 0.844618 0.975000
vt 0.885417 0.975000
vt 0.879557 0.975000
vt 0.877604 0.975000
vt 0.861518 0.975935
vt 0.879557 0.975000
vt 0.862495 0.977914
vt 0.844618 0.978819
vt 0.828234 0.979123
vt 0.812500 0.976758
vt 0.812500 0.979167
vt 0.812500 0.975521
vt 0.000000 0.000000
vt 0.000000 0.000000
vt 0.000000 0.000000
vt 0.000000 0.000000
vt 0.000000 0.000000
vt 0.000000 0.000000
vt 0.000000 0.000000
vt 0.000000 0.000000
vt 0.000000 0.000000
vt 0.000000 0.000000
vt 0.000000 0.000000
vt 0.000000 0.000000
vt 0.000000 0.000000
vt 0.000000 0.000000
vt 0.000000 0.000000
vt 0.000000 0.000000
vt 0.000000 0.000000
vt 0.000000 0.000000
vt 0.000000 0.000000
vt 0.000000 0.000000
vt 0.000000 0.000000
vt 0.000000 0.000000
vt 0.000000 0.000000
vt 0.000000 0.000000
vt 0.765625 0.975065
vt 0.781250 0.975521
vt 0.765625 0.975521
vt 0.796875 0.975065
vt 0.781250 0.975065
vt 0.781250 0.976758
vt 0.765625 0.976758
vt 0.796875 0.975521
vt 0.750000 0.975000
vt 0.750000 0.975065
vt 0.765625 0.975000
vt 0.796875 0.975000
vt 0.781250 0.975000
vt 0.796875 0.976758
vt 0.796875 0.979167
vt 0.781250 0.979167
vt 0.765625 0.979167
vt 0.750000 0.976758
vt 0.750000 0.979167
vt 0.750000 0.975521
vt 0.000000 0.000000
vt 0.000000 0.000000
vt 0.000000 0.000000
vt 0.000000 0.000000
vt 0.000000 0.000000
vt 0.000000 0.000000
vt 0.000000 0.000000
vt 0.000000 0.000000
vt 0.000000 0.000000
vt 0.000000 0.000000
vt 0.000000 0.000000
vt 0.000000 0.000000
vt 0.000000 0.000000
vt 0.000000 0.000000
vt 0.000000 0.000000
vt 0.000000 0.000000
vt 0.000000 0.000000
vt 0.000000 0.000000
vt 0.000000 0.000000
vt 0.000000 0.000000
vt 0.000000 0.000000
vt 0.000000 0.000000
vt 0.000000 0.000000
vt 0.000000 0.000000
vt 0.703125 0.975065
vt 0.718750 0.975521
vt 0.703125 0.975521
vt 0.734375 0.975065
vt 0.718750 0.975065
vt 0.718750 0.976758
vt 0.703125 0.976758
vt 0.734375 0.975521
vt 0.687500 0.975000
vt 0.687500 0.975065
vt 0.703125 0.975000
vt 0.734375 0.975000
vt 0.718750 0.975000
vt 0.734375 0.976758
vt 0.734375 0.979167
vt 0.718750 0.979167
vt 0.703125 0.979167
vt 0.687500 0.976758
vt 0.687500 0.979167
vt 0.687500 0.975521
vt 0.000000 0.000000
vt 0.000000 0.000000
vt 0.000000 0.000000
vt 0.000000 0.000000
vt 0.000000 0.000000
vt 0.000000 0.000000
vt 0.000000 0.000000
vt 0.000000 0.000000
vt 0.000000 0.000000
vt 0.000000 0.000000
vt 0.000000 0.000000
vt 0.000000 0.000000
vt 0.000000 0.000000
vt 0.000000 0.000000
vt 0.000000 0.000000
vt 0.000000 0.000000
vt 0.000000 0.000000
vt 0.000000 0.000000
vt 0.000000 0.000000
vt 0.000000 0.000000
vt 0.000000 0.000000
vt 0.000000 0.000000
vt 0.000000 0.000000
vt 0.000000 0.000000
vt 0.000000 0.000000
vt 0.000000 0.000000
vt 0.000000 0.000000
vt 0.000000 0.000000
vt 0.000000 0.000000
vt 0.000000 0.000000
vt 0.000000 0.000000
vt 0.000000 0.000000
vt 0.000000 0.000000
vt 0.000000 0.000000
vt 0.000000 0.000000
vt 0.000000 0.000000
vt 0.000000 0.000000
vt 0.000000 0.000000
vt 0.000000 0.000000
vt 0.000000 0.000000
vt 0.000000 0.000000
vt 0.000000 0.000000
vt 0.000000 0.000000
vt 0.000000 0.000000
vt 0.640625 0.975065
vt 0.656250 0.975521
vt 0.640625 0.975521
vt 0.671875 0.975065
vt 0.656250 0.975065
vt 0.656250 0.976758
vt 0.640625 0.976758
vt 0.671875 0.975521
vt 0.625000 0.975000
vt 0.625000 0.975065
vt 0.640625 0.975000
vt 0.671875 0.975000
vt 0.656250 0.975000
vt 0.671875 0.976758
vt 0.671875 0.979167
vt 0.656250 0.979167
vt 0.640625 0.979167
vt 0.625000 0.976758
vt 0.625000 0.979167
vt 0.625000 0.975521
vt 0.000000 0.000000
vt 0.000000 0.000000
vt 0.000000 0.000000
vt 0.000000 0.000000
vt 0.000000 0.000000
vt 0.000000 0.000000
vt 0.000000 0.000000
vt 0.000000 0.000000
vt 0.000000 0.000000
vt 0.000000 0.000000
vt 0.000000 0.000000
vt 0.000000 0.000000
vt 0.000000 0.000000
vt 0.000000 0.000000
vt 0.000000 0.000000
vt 0.000000 0.000000
vt 0.000000 0.000000
vt 0.000000 0.000000
vt 0.000000 0.000000
vt 0.000000 0.000000
vt 0.578125 0.975065
vt 0.593750 0.975521
vt 0.578125 0.975521
vt 0.609375 0.975065
vt 0.593750 0.975065
vt 0.593750 0.976758
vt 0.578125 0.976758
vt 0.609375 0.975521
vt 0.562500 0.975000
vt 0.562500 0.975065
vt 0.578125 0.975000
vt 0.609375 0.975000
vt 0.593750 0.975000
vt 0.609375 0.976758
vt 0.609375 0.979167
vt 0.593750 0.979167
vt 0.578125 0.979167
vt 0.562500 0.976758
vt 0.562500 0.979167
vt 0.562500 0.975521
vt 0.000000 0.000000
vt 0.000000 0.000000
vt 0.000000 0.000000
vt 0.000000 0.000000
vt 0.000000 0.000000
vt 0.000000 0.000000
vt 0.000000 0.000000
vt 0.000000 0.000000
vt 0.000000 0.000000
vt 0.000000 0.000000
vt 0.000000 0.000000
vt 0.000000 0.000000
vt 0.000000 0.000000
vt 0.000000 0.000000
vt 0.000000 0.000000
vt 0.000000 0.000000
vt 0.000000 0.000000
vt 0.000000 0.000000
vt 0.000000 0.000000
vt 0.000000 0.000000
vt 0.515625 0.975065
vt 0.531250 0.975521
vt 0.515625 0.975521
vt 0.546875 0.975065
vt 0.531250 0.975065
vt 0.531250 0.976758
vt 0.515625 0.976758
vt 0.546875 0.975521
vt 0.500000 0.975000
vt 0.500000 0.975065
vt 0.515625 0.975000
vt 0.546875 0.975000
vt 0.531250 0.975000
vt 0.546875 0.976758
vt 0.546875 0.979167
vt 0.531250 0.979167
vt 0.515625 0.979167
vt 0.500000 0.976758
vt 0.500000 0.979167
vt 0.500000 0.975521
vt 0.984375 0.981250
vt 0.968750 0.987500
vt 0.968750 0.981250
vt 0.984375 0.993750
vt 0.984375 0.987500
vt 0.953125 0.981250
vt 0.953125 0.993750
vt 0.953125 0.987500
vt 1.000000 0.975000
vt 0.984375 0.975000
vt 1.000000 0.981250
vt 1.000000 0.993750
vt 1.000000 0.987500
vt 1.000000 1.000000
vt 0.984375 1.000000
vt 0.968750 0.993750
vt 0.953125 1.000000
vt 0.937500 1.000000
vt 0.937500 0.993750
vt 0.937500 0.987500
vt 0.937500 0.981250
vt 0.937500 0.975000
vt 0.953125 0.975000
vt 0.968750 0.975000
vt 0.000000 0.000000
vt 0.000000 0.000000
vt 0.000000 0.000000
vt 0.000000 0.000000
vt 0.000000 0.000000
vt 0.000000 0.000000
vt 0.000000 0.000000
vt 0.000000 0.000000
vt 0.000000 0.000000
vt 0.000000 0.000000
vt 0.000000 0.000000
vt 0.000000 0.000000
vt 0.000000 0.000000
vt 0.000000 0.000000
vt 0.000000 0.000000
vt 0.000000 0.000000
vt 0.000000 0.000000
vt 0.000000 0.000000
vt 0.000000 0.000000
vt 0.000000 0.000000
vt 0.000000 0.000000
vt 0.000000 0.000000
vt 0.000000 0.000000
vt 0.000000 0.000000
vt 0.000000 0.000000
vt 0.000000 0.000000
vt 0.000000 0.000000
vt 0.000000 0.000000
vt 0.000000 0.000000
vt 0.000000 0.000000
vt 0.000000 0.000000
vt 0.000000 0.000000
vt 0.000000 0.000000
vt 0.000000 0.000000
vt 0.000000 0.000000
vt 0.000000 0.000000
vt 0.000000 0.000000
vt 0.000000 0.000000
vt 0.000000 0.000000
vt 0.000000 0.000000
vt 0.734375 0.500000
vt 0.718750 0.500000
vt 0.734375 0.500000
vt 0.703125 0.500000
vt 0.718750 0.500000
vt 0.718750 0.500000
vt 0.734375 0.500000
vt 0.703125 0.500000
vt 0.750000 0.500000
vt 0.750000 0.500000
vt 0.734375 0.500000
vt 0.703125 0.500000
vt 0.718750 0.500000
vt 0.687500 0.500000
vt 0.687500 0.500000
vt 0.687500 0.500000
vt 0.703125 0.500000
vt 0.687500 0.500000
vt 0.703125 0.500000
vt 0.718750 0.500000
vt 0.734375 0.500000
vt 0.750000 0.500000
vt 0.750000 0.500000
vt 0.750000 0.500000
vt 0.406515 0.500000
vt 0.423436 0.500000
vt 0.422070 0.500000
vt 0.392825 0.500000
vt 0.408372 0.500000
vt 0.427233 0.500000
vt 0.397686 0.500000
vt 0.413327 0.500000
vt 0.437500 0.500000
vt 0.437603 0.500000
vt 0.421875 0.500000
vt 0.390625 0.500000
vt 0.406250 0.500000
vt 0.375000 0.500000
vt 0.390900 0.500000
vt 0.377460 0.500000
vt 0.382978 0.500000
vt 0.390625 0.500000
vt 0.404918 0.500000
vt 0.422550 0.500000
vt 0.435286 0.500000
vt 0.442708 0.500000
vt 0.440159 0.500000
vt 0.438320 0.500000
vt 0.421875 0.500000
vt 0.406250 0.500000
vt 0.421875 0.500000
vt 0.390625 0.500000
vt 0.406250 0.500000
vt 0.406250 0.500000
vt 0.421875 0.500000
vt 0.390625 0.500000
vt 0.437500 0.500000
vt 0.437500 0.500000
vt 0.421875 0.500000
vt 0.390625 0.500000
vt 0.406250 0.500000
vt 0.375000 0.500000
vt 0.375000 0.500000
vt 0.375000 0.500000
vt 0.390625 0.500000
vt 0.375000 0.500000
vt 0.437500 0.500000
vt 0.437500 0.500000
vt 0.107402 0.500000
vt 0.093750 0.500000
vt 0.108778 0.500000
vt 0.080098 0.500000
vt 0.093750 0.500000
vt 0.093750 0.500000
vt 0.109300 0.500000
vt 0.078722 0.500000
vt 0.114583 0.500000
vt 0.121880 0.500000
vt 0.105143 0.500000
vt 0.082357 0.500000
vt 0.093750 0.500000
vt 0.072917 0.500000
vt 0.065620 0.500000
vt 0.063368 0.500000
vt 0.078200 0.500000
vt 0.062609 0.500000
vt 0.078125 0.500000
vt 0.093750 0.500000
vt 0.109375 0.500000
vt 0.124892 0.500000
vt 0.125000 0.500000
vt 0.124132 0.500000
vt 0.861318 0.500000
vt 0.843967 0.500000
vt 0.859999 0.500000
vt 0.828203 0.500000
vt 0.844374 0.500000
vt 0.843777 0.500000
vt 0.859453 0.500000
vt 0.828152 0.500000
vt 0.885417 0.500000
vt 0.878120 0.500000
vt 0.862495 0.500000
vt 0.828234 0.500000
vt 0.844618 0.500000
vt 0.812500 0.500000
vt 0.812500 0.500000
vt 0.812500 0.500000
vt 0.828128 0.500000
vt 0.812500 0.500000
vt 0.828125 0.500000
vt 0.843750 0.500000
vt 0.859375 0.500000
vt 0.875109 0.500000
vt 0.875000 0.500000
vt 0.875868 0.500000
vt 0.546875 0.500000
vt 0.531250 0.500000
vt 0.546875 0.500000
vt 0.515625 0.500000
vt 0.531250 0.500000
vt 0.531250 0.500000
vt 0.546875 0.500000
vt 0.515625 0.500000
vt 0.562500 0.500000
vt 0.562500 0.500000
vt 0.546875 0.500000
vt 0.515625 0.500000
vt 0.531250 0.500000
vt 0.500000 0.500000
vt 0.500000 0.500000
vt 0.500000 0.500000
vt 0.515625 0.500000
vt 0.500000 0.500000
vt 0.515625 0.500000
vt 0.531250 0.500000
vt 0.546875 0.500000
vt 0.562500 0.500000
vt 0.562500 0.500000
vt 0.562500 0.500000
vt 0.984297 0.500000
vt 0.968533 0.500000
vt 0.984348 0.500000
vt 0.951182 0.500000
vt 0.968126 0.500000
vt 0.968723 0.500000
vt 0.984372 0.500000
vt 0.952501 0.500000
vt 1.000000 0.500000
vt 1.000000 0.500000
vt 0.984267 0.500000
vt 0.950005 0.500000
vt 0.967882 0.500000
vt 0.927083 0.500000
vt 0.934380 0.500000
vt 0.936632 0.500000
vt 0.953047 0.500000
vt 0.937392 0.500000
vt 0.953125 0.500000
vt 0.968750 0.500000
vt 0.984375 0.500000
vt 1.000000 0.500000
vt 1.000000 0.500000
vt 1.000000 0.500000
vt 0.234375 0.500000
vt 0.218750 0.500000
vt 0.234375 0.500000
vt 0.203125 0.500000
vt 0.218750 0.500000
vt 0.218750 0.500000
vt 0.234375 0.500000
vt 0.203125 0.500000
vt 0.250000 0.500000
vt 0.250000 0.500000
vt 0.234375 0.500000
vt 0.203125 0.500000
vt 0.218750 0.500000
vt 0.187500 0.500000
vt 0.187500 0.500000
vt 0.187500 0.500000
vt 0.203125 0.500000
vt 0.187500 0.500000
vt 0.203125 0.500000
vt 0.218750 0.500000
vt 0.234375 0.500000
vt 0.250000 0.500000
vt 0.250000 0.500000
vt 0.250000 0.500000
vt 0.671875 0.500000
vt 0.656250 0.500000
vt 0.671875 0.500000
vt 0.640625 0.500000
vt 0.656250 0.500000
vt 0.656250 0.500000
vt 0.671875 0.500000
vt 0.640625 0.500000
vt 0.671875 0.500000
vt 0.640625 0.500000
vt 0.656250 0.500000
vt 0.625000 0.500000
vt 0.625000 0.500000
vt 0.625000 0.500000
vt 0.640625 0.500000
vt 0.625000 0.500000
vt 0.640625 0.500000
vt 0.656250 0.500000
vt 0.671875 0.500000
vt 0.687500 0.500000
vt 0.359375 0.500000
vt 0.343750 0.500000
vt 0.359375 0.500000
vt 0.328125 0.500000
vt 0.343750 0.500000
vt 0.343750 0.500000
vt 0.359375 0.500000
vt 0.328125 0.500000
vt 0.359375 0.500000
vt 0.328125 0.500000
vt 0.343750 0.500000
vt 0.312500 0.500000
vt 0.312500 0.500000
vt 0.312500 0.500000
vt 0.328125 0.500000
vt 0.312500 0.500000
vt 0.328125 0.500000
vt 0.343750 0.500000
vt 0.359375 0.500000
vt 0.048818 0.500000
vt 0.031467 0.500000
vt 0.047499 0.500000
vt 0.015703 0.500000
vt 0.031874 0.500000
vt 0.031277 0.500000
vt 0.046953 0.500000
vt 0.015652 0.500000
vt 0.049995 0.500000
vt 0.015734 0.500000
vt 0.032118 0.500000
vt 0.000000 0.500000
vt 0.000000 0.500000
vt 0.000000 0.500000
vt 0.015628 0.500000
vt 0.000000 0.500000
vt 0.015625 0.500000
vt 0.031250 0.500000
vt 0.046875 0.500000
vt 0.062500 0.500000
vt 0.796875 0.500000
vt 0.781250 0.500000
vt 0.796875 0.500000
vt 0.765625 0.500000
vt 0.781250 0.500000
vt 0.781250 0.500000
vt 0.796875 0.500000
vt 0.765625 0.500000
vt 0.796875 0.500000
vt 0.765625 0.500000
vt 0.781250 0.500000
vt 0.765625 0.500000
vt 0.765625 0.500000
vt 0.781250 0.500000
vt 0.796875 0.500000
vt 0.812500 0.500000
vt 0.484375 0.500000
vt 0.468750 0.500000
vt 0.484375 0.500000
vt 0.453125 0.500000
vt 0.468750 0.500000
vt 0.468750 0.500000
vt 0.484375 0.500000
vt 0.453125 0.500000
vt 0.484375 0.500000
vt 0.453125 0.500000
vt 0.468750 0.500000
vt 0.453125 0.500000
vt 0.453125 0.500000
vt 0.468750 0.500000
vt 0.484375 0.500000
vt 0.500000 0.500000
vt 0.171797 0.500000
vt 0.156033 0.500000
vt 0.171848 0.500000
vt 0.138682 0.500000
vt 0.155626 0.500000
vt 0.156223 0.500000
vt 0.171872 0.500000
vt 0.140001 0.500000
vt 0.171767 0.500000
vt 0.137505 0.500000
vt 0.155382 0.500000
vt 0.140547 0.500000
vt 0.140625 0.500000
vt 0.156250 0.500000
vt 0.171875 0.500000
vt 0.187500 0.500000
vt 0.919902 0.500000
vt 0.906250 0.500000
vt 0.921278 0.500000
vt 0.892599 0.500000
vt 0.906250 0.500000
vt 0.906250 0.500000
vt 0.921800 0.500000
vt 0.891222 0.500000
vt 0.917643 0.500000
vt 0.894857 0.500000
vt 0.906250 0.500000
vt 0.890700 0.500000
vt 0.890625 0.500000
vt 0.906250 0.500000
vt 0.921875 0.500000
vt 0.937500 0.500000
vt 0.609375 0.500000
vt 0.593750 0.500000
vt 0.609375 0.500000
vt 0.578125 0.500000
vt 0.593750 0.500000
vt 0.593750 0.500000
vt 0.609375 0.500000
vt 0.578125 0.500000
vt 0.609375 0.500000
vt 0.578125 0.500000
vt 0.593750 0.500000
vt 0.578125 0.500000
vt 0.578125 0.500000
vt 0.593750 0.500000
vt 0.609375 0.500000
vt 0.625000 0.500000
vt 0.296875 0.500000
vt 0.281250 0.500000
vt 0.296875 0.500000
vt 0.265625 0.500000
vt 0.281250 0.500000
vt 0.281250 0.500000
vt 0.296875 0.500000
vt 0.265625 0.500000
vt 0.296875 0.500000
vt 0.265625 0.500000
vt 0.281250 0.500000
vt 0.265625 0.500000
vt 0.265625 0.500000
vt 0.281250 0.500000
vt 0.296875 0.500000
vt 0.312500 0.500000
vt 0.296875 0.500000
vt 0.281250 0.500000
vt 0.296875 0.500000
vt 0.265625 0.500000
vt 0.281250 0.500000
vt 0.281250 0.500000
vt 0.296875 0.500000
vt 0.265625 0.500000
vt 0.312500 0.500000
vt 0.312500 0.500000
vt 0.296875 0.500000
vt 0.265625 0.500000
vt 0.281250 0.500000
vt 0.250000 0.500000
vt 0.250000 0.500000
vt 0.250000 0.500000
vt 0.265625 0.500000
vt 0.250000 0.500000
vt 0.265625 0.500000
vt 0.281250 0.500000
vt 0.296875 0.500000
vt 0.312500 0.500000
vt 0.312500 0.500000
vt 0.312500 0.500000
vt 0.609375 0.500000
vt 0.593750 0.500000
vt 0.609375 0.500000
vt 0.578125 0.500000
vt 0.593750 0.500000
vt 0.593750 0.500000
vt 0.609375 0.500000
vt 0.578125 0.500000
vt 0.625000 0.500000
vt 0.625000 0.500000
vt 0.609375 0.500000
vt 0.578125 0.500000
vt 0.593750 0.500000
vt 0.562500 0.500000
vt 0.562500 0.500000
vt 0.562500 0.500000
vt 0.578125 0.500000
vt 0.562500 0.500000
vt 0.578125 0.500000
vt 0.593750 0.500000
vt 0.609375 0.500000
vt 0.625000 0.500000
vt 0.625000 0.500000
vt 0.625000 0.500000
vt 0.921800 0.500000
vt 0.906250 0.500000
vt 0.921278 0.500000
vt 0.890700 0.500000
vt 0.906250 0.500000
vt 0.906250 0.500000
vt 0.919902 0.500000
vt 0.891222 0.500000
vt 0.937500 0.500000
vt 0.937392 0.500000
vt 0.921875 0.500000
vt 0.890625 0.500000
vt 0.906250 0.500000
vt 0.875000 0.500000
vt 0.875109 0.500000
vt 0.875868 0.500000
vt 0.892599 0.500000
vt 0.878120 0.500000
vt 0.894857 0.500000
vt 0.906250 0.500000
vt 0.917643 0.500000
vt 0.934381 0.500000
vt 0.927083 0.500000
vt 0.936632 0.500000
vt 0.171872 0.500000
vt 0.156033 0.500000
vt 0.171848 0.500000
vt 0.140547 0.500000
vt 0.156223 0.500000
vt 0.155626 0.500000
vt 0.171797 0.500000
vt 0.140001 0.500000
vt 0.187500 0.500000
vt 0.187500 0.500000
vt 0.171875 0.500000
vt 0.140625 0.500000
vt 0.156250 0.500000
vt 0.125000 0.500000
vt 0.124892 0.500000
vt 0.124132 0.500000
vt 0.138682 0.500000
vt 0.121880 0.500000
vt 0.137505 0.500000
vt 0.155382 0.500000
vt 0.171767 0.500000
vt 0.187500 0.500000
vt 0.187500 0.500000
vt 0.187500 0.500000
vt 0.484375 0.500000
vt 0.468750 0.500000
vt 0.484375 0.500000
vt 0.453125 0.500000
vt 0.468750 0.500000
vt 0.468750 0.500000
vt 0.484375 0.500000
vt 0.453125 0.500000
vt 0.500000 0.500000
vt 0.500000 0.500000
vt 0.484375 0.500000
vt 0.453125 0.500000
vt 0.468750 0.500000
vt 0.437500 0.500000
vt 0.437500 0.500000
vt 0.437500 0.500000
vt 0.453125 0.500000
vt 0.437500 0.500000
vt 0.453125 0.500000
vt 0.468750 0.500000
vt 0.484375 0.500000
vt 0.500000 0.500000
vt 0.500000 0.500000
vt 0.500000 0.500000
vt 0.796875 0.500000
vt 0.781250 0.500000
vt 0.796875 0.500000
vt 0.765625 0.500000
vt 0.781250 0.500000
vt 0.781250 0.500000
vt 0.796875 0.500000
vt 0.765625 0.500000
vt 0.812500 0.500000
vt 0.812500 0.500000
vt 0.796875 0.500000
vt 0.765625 0.500000
vt 0.781250 0.500000
vt 0.750000 0.500000
vt 0.750000 0.500000
vt 0.750000 0.500000
vt 0.765625 0.500000
vt 0.750000 0.500000
vt 0.765625 0.500000
vt 0.781250 0.500000
vt 0.796875 0.500000
vt 0.812500 0.500000
vt 0.812500 0.500000
vt 0.812500 0.500000
vt 0.046953 0.500000
vt 0.031467 0.500000
vt 0.047499 0.500000
vt 0.015628 0.500000
vt 0.031277 0.500000
vt 0.031874 0.500000
vt 0.048818 0.500000
vt 0.015652 0.500000
vt 0.062500 0.500000
vt 0.062609 0.500000
vt 0.046875 0.500000
vt 0.015625 0.500000
vt 0.031250 0.500000
vt 0.000000 0.500000
vt 0.000000 0.500000
vt 0.000000 0.500000
vt 0.015703 0.500000
vt 0.000000 0.500000
vt 0.015734 0.500000
vt 0.032118 0.500000
vt 0.049995 0.500000
vt 0.065620 0.500000
vt 0.072917 0.500000
vt 0.063368 0.500000
vt 0.359375 0.500000
vt 0.343750 0.500000
vt 0.359375 0.500000
vt 0.328125 0.500000
vt 0.343750 0.500000
vt 0.343750 0.500000
vt 0.359375 0.500000
vt 0.328125 0.500000
vt 0.375000 0.500000
vt 0.375000 0.500000
vt 0.359375 0.500000
vt 0.328125 0.500000
vt 0.343750 0.500000
vt 0.328125 0.500000
vt 0.328125 0.500000
vt 0.343750 0.500000
vt 0.359375 0.500000
vt 0.375000 0.500000
vt 0.375000 0.500000
vt 0.375000 0.500000
vt 0.671875 0.500000
vt 0.656250 0.500000
vt 0.671875 0.500000
vt 0.640625 0.500000
vt 0.656250 0.500000
vt 0.656250 0.500000
vt 0.671875 0.500000
vt 0.640625 0.500000
vt 0.687500 0.500000
vt 0.687500 0.500000
vt 0.671875 0.500000
vt 0.640625 0.500000
vt 0.656250 0.500000
vt 0.640625 0.500000
vt 0.640625 0.500000
vt 0.656250 0.500000
vt 0.671875 0.500000
vt 0.687500 0.500000
vt 0.687500 0.500000
vt 0.687500 0.500000
vt 0.234375 0.500000
vt 0.218750 0.500000
vt 0.234375 0.500000
vt 0.203125 0.500000
vt 0.218750 0.500000
vt 0.218750 0.500000
vt 0.234375 0.500000
vt 0.203125 0.500000
vt 0.234375 0.500000
vt 0.203125 0.500000
vt 0.218750 0.500000
vt 0.203125 0.500000
vt 0.203125 0.500000
vt 0.218750 0.500000
vt 0.234375 0.500000
vt 0.250000 0.500000
vt 0.984372 0.500000
vt 0.968533 0.500000
vt 0.984348 0.500000
vt 0.953047 0.500000
vt 0.968723 0.500000
vt 0.968126 0.500000
vt 0.984297 0.500000
vt 0.952501 0.500000
vt 1.000000 0.500000
vt 1.000000 0.500000
vt 0.984375 0.500000
vt 0.953125 0.500000
vt 0.968750 0.500000
vt 0.951182 0.500000
vt 0.950006 0.500000
vt 0.967882 0.500000
vt 0.984267 0.500000
vt 1.000000 0.500000
vt 1.000000 0.500000
vt 1.000000 0.500000
vt 0.546875 0.500000
vt 0.531250 0.500000
vt 0.546875 0.500000
vt 0.515625 0.500000
vt 0.531250 0.500000
vt 0.531250 0.500000
vt 0.546875 0.500000
vt 0.515625 0.500000
vt 0.546875 0.500000
vt 0.515625 0.500000
vt 0.531250 0.500000
vt 0.515625 0.500000
vt 0.515625 0.500000
vt 0.531250 0.500000
vt 0.546875 0.500000
vt 0.562500 0.500000
vt 0.859453 0.500000
vt 0.843967 0.500000
vt 0.859999 0.500000
vt 0.828128 0.500000
vt 0.843777 0.500000
vt 0.844374 0.500000
vt 0.861318 0.500000
vt 0.828152 0.500000
vt 0.859375 0.500000
vt 0.828125 0.500000
vt 0.843750 0.500000
vt 0.828203 0.500000
vt 0.828234 0.500000
vt 0.844618 0.500000
vt 0.862495 0.500000
vt 0.885417 0.500000
vt 0.109300 0.500000
vt 0.093750 0.500000
vt 0.108778 0.500000
vt 0.078200 0.500000
vt 0.093750 0.500000
vt 0.093750 0.500000
vt 0.107402 0.500000
vt 0.078722 0.500000
vt 0.109375 0.500000
vt 0.078125 0.500000
vt 0.093750 0.500000
vt 0.080098 0.500000
vt 0.082357 0.500000
vt 0.093750 0.500000
vt 0.105143 0.500000
vt 0.114583 0.500000
vt 0.421875 0.500000
vt 0.406250 0.500000
vt 0.421875 0.500000
vt 0.390625 0.500000
vt 0.406250 0.500000
vt 0.406250 0.500000
vt 0.421875 0.500000
vt 0.390625 0.500000
vt 0.421875 0.500000
vt 0.390625 0.500000
vt 0.406250 0.500000
vt 0.390625 0.500000
vt 0.390625 0.500000
vt 0.406250 0.500000
vt 0.421875 0.500000
vt 0.437500 0.500000
vt 0.734375 0.500000
vt 0.718750 0.500000
vt 0.734375 0.500000
vt 0.703125 0.500000
vt 0.718750 0.500000
vt 0.718750 0.500000
vt 0.734375 0.500000
vt 0.703125 0.500000
vt 0.734375 0.500000
vt 0.703125 0.500000
vt 0.718750 0.500000
vt 0.703125 0.500000
vt 0.703125 0.500000
vt 0.718750 0.500000
vt 0.734375 0.500000
vt 0.750000 0.500000
vt 0.842159 0.500000
vt 0.847771 0.500000
vt 0.857925 0.500000
vt 0.817160 0.500000
vt 0.831019 0.500000
vt 0.821266 0.500000
vt 0.791720 0.500000
vt 0.801288 0.500000
vt 0.873668 0.500000
vt 0.826754 0.500000
vt 0.803482 0.500000
vt 0.783246 0.500000
vt 0.755208 0.500000
vt 0.745456 0.500000
vt 0.745949 0.500000
vt 0.775824 0.500000
vt 0.807292 0.500000
vt 0.840428 0.500000
vt 0.864342 0.500000
vt 0.344281 0.500000
vt 0.362817 0.500000
vt 0.359805 0.500000
vt 0.332206 0.500000
vt 0.347994 0.500000
vt 0.370942 0.500000
vt 0.341396 0.500000
vt 0.357904 0.500000
vt 0.375307 0.500000
vt 0.343750 0.500000
vt 0.328635 0.500000
vt 0.316599 0.500000
vt 0.325797 0.500000
vt 0.338542 0.500000
vt 0.356270 0.500000
vt 0.376350 0.500000
vt 0.386637 0.500000
vt 0.779924 0.500000
vt 0.787152 0.500000
vt 0.795660 0.500000
vt 0.756541 0.500000
vt 0.770640 0.500000
vt 0.764976 0.500000
vt 0.735429 0.500000
vt 0.745865 0.500000
vt 0.811373 0.500000
vt 0.764489 0.500000
vt 0.742622 0.500000
vt 0.726065 0.500000
vt 0.703125 0.500000
vt 0.696807 0.500000
vt 0.699749 0.500000
vt 0.727175 0.500000
vt 0.282046 0.500000
vt 0.302198 0.500000
vt 0.297540 0.500000
vt 0.271587 0.500000
vt 0.287616 0.500000
vt 0.314652 0.500000
vt 0.285105 0.500000
vt 0.302481 0.500000
vt 0.313012 0.500000
vt 0.266370 0.500000
vt 0.255739 0.500000
vt 0.268616 0.500000
vt 0.286458 0.500000
vt 0.307621 0.500000
vt 0.330151 0.500000
vt 0.337989 0.500000
vt 0.717689 0.500000
vt 0.726532 0.500000
vt 0.733395 0.500000
vt 0.695921 0.500000
vt 0.710262 0.500000
vt 0.708685 0.500000
vt 0.679139 0.500000
vt 0.690442 0.500000
vt 0.749078 0.500000
vt 0.702225 0.500000
vt 0.681761 0.500000
vt 0.668884 0.500000
vt 0.651042 0.500000
vt 0.648159 0.500000
vt 0.653549 0.500000
vt 0.678527 0.500000
vt 0.219811 0.500000
vt 0.241579 0.500000
vt 0.235275 0.500000
vt 0.210968 0.500000
vt 0.227238 0.500000
vt 0.258361 0.500000
vt 0.228815 0.500000
vt 0.247058 0.500000
vt 0.250717 0.500000
vt 0.204105 0.500000
vt 0.194878 0.500000
vt 0.211435 0.500000
vt 0.234375 0.500000
vt 0.258973 0.500000
vt 0.283951 0.500000
vt 0.289341 0.500000
vt 0.655454 0.500000
vt 0.665913 0.500000
vt 0.671130 0.500000
vt 0.635302 0.500000
vt 0.649884 0.500000
vt 0.652395 0.500000
vt 0.622848 0.500000
vt 0.635019 0.500000
vt 0.686783 0.500000
vt 0.656250 0.500000
vt 0.639960 0.500000
vt 0.620901 0.500000
vt 0.611703 0.500000
vt 0.598958 0.500000
vt 0.599511 0.500000
vt 0.607350 0.500000
vt 0.629879 0.500000
vt 0.157576 0.500000
vt 0.180959 0.500000
vt 0.173011 0.500000
vt 0.150348 0.500000
vt 0.166860 0.500000
vt 0.202071 0.500000
vt 0.172524 0.500000
vt 0.191635 0.500000
vt 0.188422 0.500000
vt 0.141840 0.500000
vt 0.134018 0.500000
vt 0.154254 0.500000
vt 0.182292 0.500000
vt 0.210325 0.500000
vt 0.237751 0.500000
vt 0.240693 0.500000
vt 0.593220 0.500000
vt 0.605294 0.500000
vt 0.608865 0.500000
vt 0.574683 0.500000
vt 0.589506 0.500000
vt 0.596104 0.500000
vt 0.566558 0.500000
vt 0.579596 0.500000
vt 0.624488 0.500000
vt 0.577695 0.500000
vt 0.560041 0.500000
vt 0.554522 0.500000
vt 0.546875 0.500000
vt 0.550863 0.500000
vt 0.561150 0.500000
vt 0.581231 0.500000
vt 0.095341 0.500000
vt 0.120340 0.500000
vt 0.110746 0.500000
vt 0.089729 0.500000
vt 0.106481 0.500000
vt 0.145780 0.500000
vt 0.116234 0.500000
vt 0.136212 0.500000
vt 0.126127 0.500000
vt 0.079576 0.500000
vt 0.073158 0.500000
vt 0.097073 0.500000
vt 0.130208 0.500000
vt 0.161676 0.500000
vt 0.191551 0.500000
vt 0.192044 0.500000
vt 0.530985 0.500000
vt 0.544675 0.500000
vt 0.546600 0.500000
vt 0.514064 0.500000
vt 0.529128 0.500000
vt 0.539814 0.500000
vt 0.510267 0.500000
vt 0.524173 0.500000
vt 0.562193 0.500000
vt 0.515430 0.500000
vt 0.499180 0.500000
vt 0.497341 0.500000
vt 0.494792 0.500000
vt 0.502214 0.500000
vt 0.514950 0.500000
vt 0.532582 0.500000
vt 0.968370 0.500000
vt 0.983995 0.500000
vt 0.984328 0.500000
vt 0.944010 0.500000
vt 0.965712 0.500000
vt 0.983188 0.500000
vt 0.923503 0.500000
vt 0.959256 0.500000
vt 1.000000 0.500000
vt 0.951986 0.500000
vt 0.922309 0.500000
vt 0.884657 0.500000
vt 0.791667 0.500000
vt 0.891602 0.500000
vt 0.950521 0.500000
vt 0.982096 0.500000
vt 1.000000 0.500000
vt 1.000000 0.500000
vt 1.000000 0.500000
vt 0.033333 0.500000
vt 0.059947 0.500000
vt 0.048509 0.500000
vt 0.034309 0.500000
vt 0.047912 0.500000
vt 0.090303 0.500000
vt 0.078660 0.500000
vt 0.087291 0.500000
vt 0.063832 0.500000
vt 0.000000 0.500000
vt 0.017961 0.500000
vt 0.019531 0.500000
vt 0.065918 0.500000
vt 0.156250 0.500000
vt 0.164906 0.500000
vt 0.163002 0.500000
vt 0.145602 0.500000
vt 0.468750 0.500000
vt 0.484056 0.500000
vt 0.484335 0.500000
vt 0.453445 0.500000
vt 0.468750 0.500000
vt 0.483523 0.500000
vt 0.453977 0.500000
vt 0.468750 0.500000
vt 0.499898 0.500000
vt 0.453165 0.500000
vt 0.453566 0.500000
vt 0.468750 0.500000
vt 0.483934 0.500000
vt 0.904194 0.500000
vt 0.904249 0.500000
vt 0.919672 0.500000
vt 0.877580 0.500000
vt 0.889805 0.500000
vt 0.861705 0.500000
vt 0.847276 0.500000
vt 0.850833 0.500000
vt 0.935601 0.500000
vt 0.888994 0.500000
vt 0.792006 0.500000
vt 0.775367 0.500000
vt 0.775930 0.500000
vt 0.469415 0.500000
vt 0.283284 0.500000
vt 0.301016 0.500000
vt 0.654842 0.500000
vt 0.638621 0.500000
vt 0.656007 0.500000
vt 0.714294 0.500000
vt 0.625423 0.500000
vt 0.679323 0.500000
vt 0.594088 0.500000
vt 0.641037 0.500000
vt 0.562754 0.500000
vt 0.602751 0.500000
vt 0.531420 0.500000
vt 0.564465 0.500000
vt 0.500085 0.500000
vt 0.526179 0.500000
vt 0.468751 0.500000
vt 0.487893 0.500000
vt 0.437416 0.500000
vt 0.449607 0.500000
vt 0.406082 0.500000
vt 0.411321 0.500000
vt 0.374748 0.500000
vt 0.373036 0.500000
vt 0.343413 0.500000
vt 0.334750 0.500000
vt 0.312079 0.500000
vt 0.296464 0.500000
vt 0.281509 0.500000
vt 0.258178 0.500000
vt 0.223281 0.500000
vt 0.298014 0.500000
vt 0.470052 0.500000
vt 0.644043 0.500000
vt 0.296875 0.500000
vt 0.281250 0.500000
vt 0.296875 0.500000
vt 0.265625 0.500000
vt 0.281250 0.500000
vt 0.281250 0.500000
vt 0.296875 0.500000
vt 0.265625 0.500000
vt 0.312500 0.500000
vt 0.250000 0.500000
vt 0.250000 0.500000
vt 0.265625 0.500000
vt 0.250000 0.500000
vt 0.312500 0.500000
vt 0.312500 0.500000
vt 0.609375 0.500000
vt 0.593750 0.500000
vt 0.609375 0.500000
vt 0.578125 0.500000
vt 0.593750 0.500000
vt 0.593750 0.500000
vt 0.609375 0.500000
vt 0.578125 0.500000
vt 0.625000 0.500000
vt 0.562500 0.500000
vt 0.562500 0.500000
vt 0.578125 0.500000
vt 0.562500 0.500000
vt 0.625000 0.500000
vt 0.625000 0.500000
vt 0.921875 0.500000
vt 0.906250 0.500000
vt 0.921875 0.500000
vt 0.890625 0.500000
vt 0.906250 0.500000
vt 0.906250 0.500000
vt 0.921875 0.500000
vt 0.890625 0.500000
vt 0.937500 0.500000
vt 0.937500 0.500000
vt 0.921875 0.500000
vt 0.890625 0.500000
vt 0.875000 0.500000
vt 0.875000 0.500000
vt 0.875000 0.500000
vt 0.890625 0.500000
vt 0.875000 0.500000
vt 0.890625 0.500000
vt 0.921875 0.500000
vt 0.937500 0.500000
vt 0.937500 0.500000
vt 0.937500 0.500000
vt 0.171794 0.500000
vt 0.155816 0.500000
vt 0.171821 0.500000
vt 0.138482 0.500000
vt 0.155599 0.500000
vt 0.155599 0.500000
vt 0.171794 0.500000
vt 0.139269 0.500000
vt 0.187500 0.500000
vt 0.120443 0.500000
vt 0.122396 0.500000
vt 0.138482 0.500000
vt 0.120443 0.500000
vt 0.187500 0.500000
vt 0.187500 0.500000
vt 0.484375 0.500000
vt 0.468750 0.500000
vt 0.484375 0.500000
vt 0.453125 0.500000
vt 0.468750 0.500000
vt 0.468750 0.500000
vt 0.484375 0.500000
vt 0.453125 0.500000
vt 0.500000 0.500000
vt 0.437500 0.500000
vt 0.437500 0.500000
vt 0.453125 0.500000
vt 0.437500 0.500000
vt 0.500000 0.500000
vt 0.500000 0.500000
vt 0.796875 0.500000
vt 0.781250 0.500000
vt 0.796875 0.500000
vt 0.765625 0.500000
vt 0.781250 0.500000
vt 0.781250 0.500000
vt 0.796875 0.500000
vt 0.765625 0.500000
vt 0.812500 0.500000
vt 0.750000 0.500000
vt 0.750000 0.500000
vt 0.765625 0.500000
vt 0.750000 0.500000
vt 0.812500 0.500000
vt 0.812500 0.500000
vt 0.049018 0.500000
vt 0.031684 0.500000
vt 0.048231 0.500000
vt 0.015706 0.500000
vt 0.031901 0.500000
vt 0.031901 0.500000
vt 0.049018 0.500000
vt 0.015679 0.500000
vt 0.067057 0.500000
vt 0.000000 0.500000
vt 0.000000 0.500000
vt 0.000000 0.500000
vt 0.015706 0.500000
vt 0.000000 0.500000
vt 0.067057 0.500000
vt 0.065104 0.500000
vt 0.359375 0.500000
vt 0.343750 0.500000
vt 0.359375 0.500000
vt 0.328125 0.500000
vt 0.343750 0.500000
vt 0.343750 0.500000
vt 0.359375 0.500000
vt 0.328125 0.500000
vt 0.375000 0.500000
vt 0.328125 0.500000
vt 0.375000 0.500000
vt 0.375000 0.500000
vt 0.671875 0.500000
vt 0.656250 0.500000
vt 0.671875 0.500000
vt 0.640625 0.500000
vt 0.656250 0.500000
vt 0.656250 0.500000
vt 0.671875 0.500000
vt 0.640625 0.500000
vt 0.687500 0.500000
vt 0.640625 0.500000
vt 0.687500 0.500000
vt 0.687500 0.500000
vt 0.234375 0.500000
vt 0.218750 0.500000
vt 0.234375 0.500000
vt 0.203125 0.500000
vt 0.218750 0.500000
vt 0.218750 0.500000
vt 0.234375 0.500000
vt 0.203125 0.500000
vt 0.203125 0.500000
vt 0.984294 0.500000
vt 0.968316 0.500000
vt 0.984321 0.500000
vt 0.950982 0.500000
vt 0.968099 0.500000
vt 0.968099 0.500000
vt 0.984294 0.500000
vt 0.951769 0.500000
vt 1.000000 0.500000
vt 0.932943 0.500000
vt 0.934896 0.500000
vt 0.950982 0.500000
vt 0.932943 0.500000
vt 1.000000 0.500000
vt 1.000000 0.500000
vt 0.546875 0.500000
vt 0.531250 0.500000
vt 0.546875 0.500000
vt 0.515625 0.500000
vt 0.531250 0.500000
vt 0.531250 0.500000
vt 0.546875 0.500000
vt 0.515625 0.500000
vt 0.515625 0.500000
vt 0.861518 0.500000
vt 0.844184 0.500000
vt 0.860731 0.500000
vt 0.828206 0.500000
vt 0.844401 0.500000
vt 0.844401 0.500000
vt 0.861518 0.500000
vt 0.828179 0.500000
vt 0.879557 0.500000
vt 0.828206 0.500000
vt 0.879557 0.500000
vt 0.877604 0.500000
vt 0.109375 0.500000
vt 0.093750 0.500000
vt 0.109375 0.500000
vt 0.078125 0.500000
vt 0.093750 0.500000
vt 0.093750 0.500000
vt 0.109375 0.500000
vt 0.078125 0.500000
vt 0.125000 0.500000
vt 0.125000 0.500000
vt 0.109375 0.500000
vt 0.078125 0.500000
vt 0.062500 0.500000
vt 0.062500 0.500000
vt 0.062500 0.500000
vt 0.078125 0.500000
vt 0.062500 0.500000
vt 0.078125 0.500000
vt 0.109375 0.500000
vt 0.125000 0.500000
vt 0.125000 0.500000
vt 0.125000 0.500000
vt 0.421875 0.500000
vt 0.406250 0.500000
vt 0.421875 0.500000
vt 0.390625 0.500000
vt 0.406250 0.500000
vt 0.406250 0.500000
vt 0.421875 0.500000
vt 0.390625 0.500000
vt 0.390625 0.500000
vt 0.734375 0.500000
vt 0.718750 0.500000
vt 0.734375 0.500000
vt 0.703125 0.500000
vt 0.718750 0.500000
vt 0.718750 0.500000
vt 0.734375 0.500000
vt 0.703125 0.500000
vt 0.703125 0.500000
vt 0.734375 0.532783
vt 0.718750 0.509713
vt 0.734375 0.509713
vt 0.703125 0.532783
vt 0.718750 0.532783
vt 0.718750 0.501214
vt 0.734375 0.501214
vt 0.703125 0.509713
vt 0.750000 0.577707
vt 0.750000 0.532783
vt 0.734375 0.577707
vt 0.703125 0.577707
vt 0.718750 0.577707
vt 0.687500 0.532783
vt 0.687500 0.509713
vt 0.703125 0.501214
vt 0.687500 0.501214
vt 0.750000 0.501214
vt 0.750000 0.509713
vt 0.421875 0.532783
vt 0.406250 0.509713
vt 0.421875 0.509713
vt 0.390625 0.532783
vt 0.406250 0.532783
vt 0.406250 0.501214
vt 0.421875 0.501214
vt 0.390625 0.509713
vt 0.437500 0.577707
vt 0.437500 0.532783
vt 0.421875 0.577707
vt 0.390625 0.577707
vt 0.406250 0.577707
vt 0.375000 0.532783
vt 0.375000 0.509713
vt 0.390625 0.501214
vt 0.375000 0.501214
vt 0.437500 0.501214
vt 0.437500 0.509713
vt 0.109375 0.532783
vt 0.093750 0.509713
vt 0.109375 0.509713
vt 0.078125 0.532783
vt 0.093750 0.532783
vt 0.093750 0.501214
vt 0.109375 0.501214
vt 0.078125 0.509713
vt 0.125000 0.577707
vt 0.125000 0.532783
vt 0.109375 0.577707
vt 0.078125 0.577707
vt 0.093750 0.577707
vt 0.062500 0.532783
vt 0.062500 0.509713
vt 0.078125 0.501214
vt 0.062500 0.501214
vt 0.125000 0.501214
vt 0.125000 0.509713
vt 0.859375 0.532783
vt 0.843750 0.509713
vt 0.859375 0.509713
vt 0.828125 0.532783
vt 0.843750 0.532783
vt 0.843750 0.501214
vt 0.859375 0.501214
vt 0.828125 0.509713
vt 0.875000 0.577707
vt 0.875000 0.532783
vt 0.859375 0.577707
vt 0.828125 0.577707
vt 0.843750 0.577707
vt 0.812500 0.532783
vt 0.812500 0.509713
vt 0.828125 0.501214
vt 0.812500 0.501214
vt 0.875000 0.501214
vt 0.875000 0.509713
vt 0.546875 0.532783
vt 0.531250 0.509713
vt 0.546875 0.509713
vt 0.515625 0.532783
vt 0.531250 0.532783
vt 0.531250 0.501214
vt 0.546875 0.501214
vt 0.515625 0.509713
vt 0.562500 0.577707
vt 0.562500 0.532783
vt 0.546875 0.577707
vt 0.515625 0.577707
vt 0.531250 0.577707
vt 0.500000 0.532783
vt 0.500000 0.509713
vt 0.515625 0.501214
vt 0.500000 0.501214
vt 0.562500 0.501214
vt 0.562500 0.509713
vt 0.984375 0.532783
vt 0.968750 0.509714
vt 0.984375 0.509713
vt 0.953125 0.532783
vt 0.968750 0.532783
vt 0.968750 0.501214
vt 0.984375 0.501214
vt 0.953125 0.509713
vt 1.000000 0.577707
vt 1.000000 0.532783
vt 0.984375 0.577707
vt 0.953125 0.577707
vt 0.968750 0.577707
vt 0.937500 0.532783
vt 0.937500 0.509713
vt 0.953125 0.501214
vt 0.937500 0.501214
vt 1.000000 0.501214
vt 1.000000 0.509713
vt 0.234375 0.532783
vt 0.218750 0.509713
vt 0.234375 0.509713
vt 0.203125 0.532783
vt 0.218750 0.532783
vt 0.218750 0.501214
vt 0.234375 0.501214
vt 0.203125 0.509713
vt 0.250000 0.577707
vt 0.250000 0.532783
vt 0.234375 0.577707
vt 0.203125 0.577707
vt 0.218750 0.577707
vt 0.187500 0.532783
vt 0.187500 0.509713
vt 0.203125 0.501214
vt 0.187500 0.501214
vt 0.250000 0.501214
vt 0.250000 0.509713
vt 0.671875 0.532783
vt 0.656250 0.509713
vt 0.671875 0.509713
vt 0.640625 0.532783
vt 0.656250 0.532783
vt 0.656250 0.501214
vt 0.671875 0.501214
vt 0.640625 0.509713
vt 0.671875 0.577707
vt 0.687500 0.577707
vt 0.640625 0.577707
vt 0.656250 0.577707
vt 0.625000 0.532783
vt 0.625000 0.509713
vt 0.640625 0.501214
vt 0.625000 0.501214
vt 0.359375 0.532783
vt 0.343750 0.509713
vt 0.359375 0.509713
vt 0.328125 0.532783
vt 0.343750 0.532783
vt 0.343750 0.501214
vt 0.359375 0.501214
vt 0.328125 0.509713
vt 0.375000 0.577707
vt 0.359375 0.577707
vt 0.328125 0.577707
vt 0.343750 0.577707
vt 0.312500 0.532783
vt 0.312500 0.509713
vt 0.328125 0.501214
vt 0.312500 0.501214
vt 0.046875 0.532783
vt 0.031250 0.509713
vt 0.046875 0.509713
vt 0.015625 0.532783
vt 0.031250 0.532783
vt 0.031250 0.501214
vt 0.046875 0.501214
vt 0.015625 0.509713
vt 0.062500 0.577707
vt 0.046875 0.577707
vt 0.015625 0.577707
vt 0.031250 0.577707
vt 0.000000 0.532783
vt 0.000000 0.509713
vt 0.015625 0.501214
vt 0.000000 0.501214
vt 0.031250 0.500000
vt 0.796875 0.532783
vt 0.781250 0.509713
vt 0.796875 0.509713
vt 0.765625 0.532783
vt 0.781250 0.532783
vt 0.781250 0.501214
vt 0.796875 0.501214
vt 0.765625 0.509713
vt 0.812500 0.577707
vt 0.796875 0.577707
vt 0.765625 0.577707
vt 0.781250 0.577707
vt 0.765625 0.501214
vt 0.484375 0.532783
vt 0.468750 0.509713
vt 0.484375 0.509713
vt 0.453125 0.532783
vt 0.468750 0.532783
vt 0.468750 0.501214
vt 0.484375 0.501214
vt 0.453125 0.509713
vt 0.500000 0.577707
vt 0.484375 0.577707
vt 0.453125 0.577707
vt 0.468750 0.577707
vt 0.453125 0.501214
vt 0.171875 0.532783
vt 0.156250 0.509713
vt 0.171875 0.509713
vt 0.140625 0.532783
vt 0.156250 0.532783
vt 0.156250 0.501214
vt 0.171875 0.501214
vt 0.140625 0.509713
vt 0.187500 0.577707
vt 0.171875 0.577707
vt 0.140625 0.577707
vt 0.156250 0.577707
vt 0.140625 0.501214
vt 0.921875 0.532783
vt 0.906250 0.509713
vt 0.921875 0.509713
vt 0.890625 0.532783
vt 0.906250 0.532783
vt 0.906250 0.501214
vt 0.921875 0.501214
vt 0.890625 0.509713
vt 0.937500 0.577707
vt 0.921875 0.577707
vt 0.890625 0.577707
vt 0.906250 0.577707
vt 0.890625 0.501214
vt 0.609375 0.532783
vt 0.593750 0.509713
vt 0.609375 0.509713
vt 0.578125 0.532783
vt 0.593750 0.532783
vt 0.593750 0.501214
vt 0.609375 0.501214
vt 0.578125 0.509713
vt 0.625000 0.577707
vt 0.609375 0.577707
vt 0.578125 0.577707
vt 0.593750 0.577707
vt 0.578125 0.501214
vt 0.296875 0.532783
vt 0.281250 0.509713
vt 0.296875 0.509713
vt 0.265625 0.532783
vt 0.281250 0.532783
vt 0.281250 0.501214
vt 0.296875 0.501214
vt 0.265625 0.509713
vt 0.312500 0.577707
vt 0.296875 0.577707
vt 0.265625 0.577707
vt 0.281250 0.577707
vt 0.265625 0.501214
vt 0.046953 0.936255
vt 0.031467 0.960939
vt 0.031277 0.936247
vt 0.047499 0.961000
vt 0.031874 0.971092
vt 0.015628 0.936244
vt 0.015652 0.960913
vt 0.062609 0.936262
vt 0.046875 0.889996
vt 0.062500 0.889996
vt 0.063368 0.961061
vt 0.048818 0.971285
vt 0.065620 0.971529
vt 0.049995 0.973980
vt 0.032118 0.973662
vt 0.015703 0.971015
vt 0.015734 0.973556
vt 0.000000 0.971004
vt 0.000000 0.960909
vt 0.000000 0.936243
vt 0.000000 0.889996
vt 0.015625 0.889996
vt 0.031250 0.889996
vt 0.108778 0.961087
vt 0.093750 0.936266
vt 0.109300 0.936266
vt 0.093750 0.971620
vt 0.093750 0.961091
vt 0.078722 0.961087
vt 0.078200 0.936266
vt 0.124892 0.936262
vt 0.109375 0.889996
vt 0.125000 0.889996
vt 0.124132 0.961061
vt 0.107402 0.971612
vt 0.121880 0.971529
vt 0.105143 0.975000
vt 0.093750 0.975000
vt 0.080098 0.971612
vt 0.082357 0.975000
vt 0.078125 0.889996
vt 0.093750 0.889996
vt 0.171872 0.936244
vt 0.156033 0.960939
vt 0.156223 0.936247
vt 0.171848 0.960913
vt 0.155626 0.971092
vt 0.140001 0.961000
vt 0.140547 0.936255
vt 0.187500 0.936243
vt 0.171875 0.889996
vt 0.187500 0.889996
vt 0.187500 0.960909
vt 0.171797 0.971015
vt 0.187500 0.971004
vt 0.171767 0.973556
vt 0.155382 0.973662
vt 0.138682 0.971284
vt 0.137505 0.973980
vt 0.140625 0.889996
vt 0.156250 0.889996
vt 0.234375 0.960909
vt 0.218750 0.936243
vt 0.234375 0.936243
vt 0.218750 0.971004
vt 0.218750 0.960909
vt 0.203125 0.960909
vt 0.203125 0.936243
vt 0.250000 0.889996
vt 0.234375 0.889996
vt 0.250000 0.936243
vt 0.250000 0.960909
vt 0.234375 0.971004
vt 0.250000 0.971004
vt 0.234375 0.973541
vt 0.218750 0.973541
vt 0.203125 0.971004
vt 0.203125 0.973541
vt 0.203125 0.889996
vt 0.218750 0.889996
vt 0.296875 0.960909
vt 0.281250 0.936243
vt 0.296875 0.936243
vt 0.281250 0.971004
vt 0.281250 0.960909
vt 0.265625 0.960909
vt 0.265625 0.936243
vt 0.312500 0.889996
vt 0.296875 0.889996
vt 0.312500 0.936243
vt 0.312500 0.960909
vt 0.296875 0.971004
vt 0.312500 0.971004
vt 0.296875 0.973541
vt 0.281250 0.973541
vt 0.265625 0.971004
vt 0.265625 0.973541
vt 0.265625 0.889996
vt 0.281250 0.889996
vt 0.359375 0.960909
vt 0.343750 0.936243
vt 0.359375 0.936243
vt 0.343750 0.971004
vt 0.343750 0.960909
vt 0.328125 0.960909
vt 0.328125 0.936243
vt 0.375000 0.889996
vt 0.359375 0.889996
vt 0.375000 0.936243
vt 0.375000 0.960909
vt 0.359375 0.971004
vt 0.375000 0.971004
vt 0.359375 0.973541
vt 0.343750 0.973541
vt 0.328125 0.971004
vt 0.328125 0.973541
vt 0.328125 0.889996
vt 0.343750 0.889996
vt 0.421875 0.960909
vt 0.406250 0.936243
vt 0.421875 0.936243
vt 0.406250 0.971004
vt 0.406250 0.960909
vt 0.390625 0.960909
vt 0.390625 0.936243
vt 0.437500 0.889996
vt 0.421875 0.889996
vt 0.437500 0.936243
vt 0.437500 0.960909
vt 0.421875 0.971004
vt 0.437500 0.971004
vt 0.421875 0.973541
vt 0.406250 0.973541
vt 0.390625 0.971004
vt 0.390625 0.973541
vt 0.390625 0.889996
vt 0.406250 0.889996
vt 0.484375 0.960909
vt 0.468750 0.936243
vt 0.484375 0.936243
vt 0.468750 0.971004
vt 0.468750 0.960909
vt 0.453125 0.960909
vt 0.453125 0.936243
vt 0.500000 0.889996
vt 0.484375 0.889996
vt 0.500000 0.936243
vt 0.500000 0.960909
vt 0.484375 0.971004
vt 0.500000 0.971004
vt 0.484375 0.973541
vt 0.468750 0.973541
vt 0.453125 0.971004
vt 0.453125 0.973541
vt 0.453125 0.889996
vt 0.468750 0.889996
vt 0.546875 0.960909
vt 0.531250 0.936243
vt 0.546875 0.936243
vt 0.531250 0.971004
vt 0.531250 0.960909
vt 0.515625 0.960909
vt 0.515625 0.936243
vt 0.562500 0.889996
vt 0.546875 0.889996
vt 0.562500 0.936243
vt 0.562500 0.960909
vt 0.546875 0.971004
vt 0.562500 0.971004
vt 0.546875 0.973541
vt 0.531250 0.973541
vt 0.515625 0.971004
vt 0.515625 0.973541
vt 0.515625 0.889996
vt 0.531250 0.889996
vt 0.609375 0.960909
vt 0.593750 0.936243
vt 0.609375 0.936243
vt 0.593750 0.971004
vt 0.593750 0.960909
vt 0.578125 0.960909
vt 0.578125 0.936243
vt 0.625000 0.889996
vt 0.609375 0.889996
vt 0.625000 0.936243
vt 0.625000 0.960909
vt 0.609375 0.971004
vt 0.625000 0.971004
vt 0.609375 0.973541
vt 0.593750 0.973541
vt 0.578125 0.971004
vt 0.578125 0.973541
vt 0.578125 0.889996
vt 0.593750 0.889996
vt 0.671875 0.960909
vt 0.656250 0.936243
vt 0.671875 0.936243
vt 0.656250 0.971004
vt 0.656250 0.960909
vt 0.640625 0.960909
vt 0.640625 0.936243
vt 0.687500 0.889996
vt 0.671875 0.889996
vt 0.687500 0.936243
vt 0.687500 0.960909
vt 0.671875 0.971004
vt 0.687500 0.971004
vt 0.671875 0.973541
vt 0.656250 0.973541
vt 0.640625 0.971004
vt 0.640625 0.973541
vt 0.640625 0.889996
vt 0.656250 0.889996
vt 0.734375 0.960909
vt 0.718750 0.936243
vt 0.734375 0.936243
vt 0.718750 0.971004
vt 0.718750 0.960909
vt 0.703125 0.960909
vt 0.703125 0.936243
vt 0.750000 0.889996
vt 0.734375 0.889996
vt 0.750000 0.936243
vt 0.750000 0.960909
vt 0.734375 0.971004
vt 0.750000 0.971004
vt 0.734375 0.973541
vt 0.718750 0.973541
vt 0.703125 0.971004
vt 0.703125 0.973541
vt 0.703125 0.889996
vt 0.718750 0.889996
vt 0.796875 0.960909
vt 0.781250 0.936243
vt 0.796875 0.936243
vt 0.781250 0.971004
vt 0.781250 0.960909
vt 0.765625 0.960909
vt 0.765625 0.936243
vt 0.812500 0.889996
vt 0.796875 0.889996
vt 0.812500 0.936243
vt 0.812500 0.960909
vt 0.796875 0.971004
vt 0.812500 0.971004
vt 0.796875 0.973541
vt 0.781250 0.973541
vt 0.765625 0.971004
vt 0.765625 0.973541
vt 0.765625 0.889996
vt 0.781250 0.889996
vt 0.859375 0.960909
vt 0.843750 0.936243
vt 0.859375 0.936243
vt 0.843750 0.971004
vt 0.843750 0.960909
vt 0.828125 0.960909
vt 0.828125 0.936243
vt 0.875000 0.889996
vt 0.859375 0.889996
vt 0.875000 0.960909
vt 0.875000 0.936243
vt 0.859375 0.971004
vt 0.875000 0.971004
vt 0.859375 0.973541
vt 0.843750 0.973541
vt 0.828125 0.971004
vt 0.828125 0.973541
vt 0.828125 0.889996
vt 0.843750 0.889996
vt 0.921875 0.960909
vt 0.906250 0.936243
vt 0.921875 0.936243
vt 0.906250 0.971004
vt 0.906250 0.960909
vt 0.890625 0.960909
vt 0.890625 0.936243
vt 0.937500 0.889996
vt 0.921875 0.889996
vt 0.937500 0.936243
vt 0.937500 0.960909
vt 0.921875 0.971004
vt 0.937500 0.971004
vt 0.921875 0.973541
vt 0.906250 0.973541
vt 0.890625 0.971004
vt 0.890625 0.973541
vt 0.890625 0.889996
vt 0.906250 0.889996
vt 0.984375 0.960909
vt 0.968750 0.936243
vt 0.984375 0.936243
vt 0.968750 0.971004
vt 0.968750 0.960909
vt 0.953125 0.960909
vt 0.953125 0.936243
vt 1.000000 0.936243
vt 0.984375 0.889996
vt 1.000000 0.889996
vt 1.000000 0.960909
vt 0.984375 0.971004
vt 1.000000 0.971004
vt 0.984375 0.973541
vt 0.968750 0.973541
vt 0.953125 0.971004
vt 0.953125 0.973541
vt 0.953125 0.889996
vt 0.968750 0.889996
vt 0.921960 0.981250
vt 0.906467 0.987500
vt 0.906928 0.981250
vt 0.921878 0.993750
vt 0.921902 0.987500
vt 0.892683 0.981273
vt 0.890703 0.993751
vt 0.891249 0.987511
vt 0.922038 0.975000
vt 0.921875 1.000000
vt 0.906277 0.993750
vt 0.890625 1.000000
vt 0.875000 1.000000
vt 0.875109 0.993761
vt 0.875868 0.987587
vt 0.878120 0.981510
vt 0.885417 0.975000
vt 0.895020 0.975000
vt 0.907552 0.975000
vt 0.861318 0.982208
vt 0.843967 0.987934
vt 0.844374 0.982758
vt 0.859453 0.993783
vt 0.859999 0.987760
vt 0.828203 0.982977
vt 0.828128 0.993814
vt 0.828152 0.988010
vt 0.859375 1.000000
vt 0.843777 0.993804
vt 0.828125 1.000000
vt 0.812500 1.000000
vt 0.812500 0.993815
vt 0.812500 0.988021
vt 0.812500 0.983008
vt 0.796875 0.983008
vt 0.781250 0.988021
vt 0.781250 0.983008
vt 0.796875 0.993815
vt 0.796875 0.988021
vt 0.765625 0.983008
vt 0.765625 0.993815
vt 0.765625 0.988021
vt 0.796875 1.000000
vt 0.781250 0.993815
vt 0.765625 1.000000
vt 0.750000 1.000000
vt 0.750000 0.993815
vt 0.750000 0.988021
vt 0.750000 0.983008
vt 0.734375 0.983008
vt 0.718750 0.988021
vt 0.718750 0.983008
vt 0.734375 0.993815
vt 0.734375 0.988021
vt 0.703125 0.983008
vt 0.703125 0.993815
vt 0.703125 0.988021
vt 0.734375 1.000000
vt 0.718750 0.993815
vt 0.703125 1.000000
vt 0.687500 1.000000
vt 0.687500 0.993815
vt 0.687500 0.988021
vt 0.687500 0.983008
vt 0.671875 0.983008
vt 0.656250 0.988021
vt 0.656250 0.983008
vt 0.671875 0.993815
vt 0.671875 0.988021
vt 0.640625 0.983008
vt 0.640625 0.993815
vt 0.640625 0.988021
vt 0.671875 1.000000
vt 0.656250 0.993815
vt 0.640625 1.000000
vt 0.625000 1.000000
vt 0.625000 0.993815
vt 0.625000 0.988021
vt 0.625000 0.983008
vt 0.656250 0.979167
vt 0.609375 0.983008
vt 0.593750 0.988021
vt 0.593750 0.983008
vt 0.609375 0.993815
vt 0.609375 0.988021
vt 0.578125 0.983008
vt 0.578125 0.993815
vt 0.578125 0.988021
vt 0.609375 1.000000
vt 0.593750 0.993815
vt 0.578125 1.000000
vt 0.562500 1.000000
vt 0.562500 0.993815
vt 0.562500 0.988021
vt 0.562500 0.983008
vt 0.546875 0.983008
vt 0.531250 0.988021
vt 0.531250 0.983008
vt 0.546875 0.993815
vt 0.546875 0.988021
vt 0.515625 0.983008
vt 0.515625 0.993815
vt 0.515625 0.988021
vt 0.546875 1.000000
vt 0.531250 0.993815
vt 0.515625 1.000000
vt 0.500000 1.000000
vt 0.500000 0.993815
vt 0.500000 0.988021
vt 0.500000 0.983008
vt 0.484375 0.983008
vt 0.468750 0.988021
vt 0.468750 0.983008
vt 0.484375 0.993815
vt 0.484375 0.988021
vt 0.453125 0.983008
vt 0.453125 0.993815
vt 0.453125 0.988021
vt 0.484375 0.979167
vt 0.484375 1.000000
vt 0.468750 0.993815
vt 0.453125 1.000000
vt 0.437500 1.000000
vt 0.437500 0.993815
vt 0.437500 0.988021
vt 0.437500 0.983008
vt 0.437500 0.979167
vt 0.453125 0.979167
vt 0.468750 0.979167
vt 0.421875 0.983008
vt 0.406250 0.988021
vt 0.406250 0.983008
vt 0.421875 0.993815
vt 0.421875 0.988021
vt 0.390625 0.983008
vt 0.390625 0.993815
vt 0.390625 0.988021
vt 0.421875 0.979167
vt 0.421875 1.000000
vt 0.406250 0.993815
vt 0.390625 1.000000
vt 0.375000 1.000000
vt 0.375000 0.993815
vt 0.375000 0.988021
vt 0.375000 0.983008
vt 0.375000 0.979167
vt 0.390625 0.979167
vt 0.406250 0.979167
vt 0.359375 0.983008
vt 0.343750 0.988021
vt 0.343750 0.983008
vt 0.359375 0.993815
vt 0.359375 0.988021
vt 0.328125 0.983008
vt 0.328125 0.993815
vt 0.328125 0.988021
vt 0.359375 0.979167
vt 0.359375 1.000000
vt 0.343750 0.993815
vt 0.328125 1.000000
vt 0.312500 1.000000
vt 0.312500 0.993815
vt 0.312500 0.988021
vt 0.312500 0.983008
vt 0.312500 0.979167
vt 0.328125 0.979167
vt 0.343750 0.979167
vt 0.296875 0.983008
vt 0.281250 0.988021
vt 0.281250 0.983008
vt 0.296875 0.993815
vt 0.296875 0.988021
vt 0.265625 0.983008
vt 0.265625 0.993815
vt 0.265625 0.988021
vt 0.296875 0.979167
vt 0.296875 1.000000
vt 0.281250 0.993815
vt 0.265625 1.000000
vt 0.250000 1.000000
vt 0.250000 0.993815
vt 0.250000 0.988021
vt 0.250000 0.983008
vt 0.250000 0.979167
vt 0.265625 0.979167
vt 0.281250 0.979167
vt 0.234375 0.983008
vt 0.218750 0.988021
vt 0.218750 0.983008
vt 0.234375 0.993815
vt 0.234375 0.988021
vt 0.203125 0.983008
vt 0.203125 0.993815
vt 0.203125 0.988021
vt 0.234375 0.979167
vt 0.234375 1.000000
vt 0.218750 0.993815
vt 0.203125 1.000000
vt 0.187500 1.000000
vt 0.187500 0.993815
vt 0.187500 0.988021
vt 0.187500 0.983008
vt 0.187500 0.979167
vt 0.203125 0.979167
vt 0.218750 0.979167
vt 0.171875 0.983008
vt 0.156250 0.988021
vt 0.156250 0.983008
vt 0.171875 0.993815
vt 0.171875 0.988021
vt 0.140625 0.983008
vt 0.140625 0.993815
vt 0.140625 0.988021
vt 0.171875 0.979167
vt 0.171875 1.000000
vt 0.156250 0.993815
vt 0.140625 1.000000
vt 0.125000 1.000000
vt 0.125000 0.993815
vt 0.125000 0.988021
vt 0.125000 0.983008
vt 0.125000 0.979167
vt 0.140625 0.979167
vt 0.156250 0.979167
vt 0.109375 0.983008
vt 0.093750 0.988021
vt 0.093750 0.983008
vt 0.109375 0.993815
vt 0.109375 0.988021
vt 0.078125 0.983008
vt 0.078125 0.993815
vt 0.078125 0.988021
vt 0.109375 0.979167
vt 0.109375 1.000000
vt 0.093750 0.993815
vt 0.078125 1.000000
vt 0.062500 1.000000
vt 0.062500 0.993815
vt 0.062500 0.988021
vt 0.062500 0.983008
vt 0.062500 0.979167
vt 0.078125 0.979167
vt 0.093750 0.979167
vt 0.046875 0.983008
vt 0.031250 0.988021
vt 0.031250 0.983008
vt 0.046875 0.993815
vt 0.046875 0.988021
vt 0.015625 0.983008
vt 0.015625 0.993815
vt 0.015625 0.988021
vt 0.046875 1.000000
vt 0.031250 0.993815
vt 0.015625 1.000000
vt 0.000000 1.000000
vt 0.000000 0.993815
vt 0.000000 0.988021
vt 0.000000 0.983008
vt 0.890625 0.975000
vt 0.906250 0.975000
vt 0.890625 0.975000
vt 0.921875 0.975000
vt 0.906250 0.975000
vt 0.906250 0.975000
vt 0.890625 0.975000
vt 0.921875 0.975000
vt 0.875000 0.975000
vt 0.875000 0.975000
vt 0.890625 0.975000
vt 0.921875 0.975000
vt 0.906250 0.975000
vt 0.937500 0.975000
vt 0.937500 0.975000
vt 0.937500 0.975000
vt 0.921875 0.975000
vt 0.937500 0.975000
vt 0.921875 0.975000
vt 0.906250 0.975000
vt 0.890625 0.975000
vt 0.875000 0.975000
vt 0.875000 0.975000
vt 0.875000 0.975000
vt 0.080098 0.975065
vt 0.093750 0.975521
vt 0.078722 0.975521
vt 0.107402 0.975065
vt 0.093750 0.975065
vt 0.093750 0.976758
vt 0.078200 0.976758
vt 0.108778 0.975521
vt 0.082357 0.975000
vt 0.105143 0.975000
vt 0.093750 0.975000
vt 0.114583 0.975000
vt 0.121880 0.975065
vt 0.124132 0.975521
vt 0.109300 0.976758
vt 0.124892 0.976758
vt 0.000000 0.000000
vt 0.000000 0.000000
vt 0.000000 0.000000
vt 0.000000 0.000000
vt 0.000000 0.000000
vt 0.000000 0.000000
vt 0.000000 0.000000
vt 0.000000 0.000000
vt 0.000000 0.000000
vt 0.000000 0.000000
vt 0.000000 0.000000
vt 0.000000 0.000000
vt 0.000000 0.000000
vt 0.000000 0.000000
vt 0.000000 0.000000
vt 0.000000 0.000000
vt 0.000000 0.000000
vt 0.000000 0.000000
vt 0.000000 0.000000
vt 0.000000 0.000000
vt 0.953125 0.975000
vt 0.968750 0.975000
vt 0.953125 0.975000
vt 0.984375 0.975000
vt 0.968750 0.975000
vt 0.968750 0.975000
vt 0.953125 0.975000
vt 0.984375 0.975000
vt 0.953125 0.975000
vt 0.984375 0.975000
vt 0.968750 0.975000
vt 1.000000 0.975000
vt 1.000000 0.975000
vt 1.000000 0.975000
vt 0.984375 0.975000
vt 1.000000 0.975000
vt 0.000000 0.000000
vt 0.000000 0.000000
vt 0.000000 0.000000
vt 0.000000 0.000000
vt 0.000000 0.000000
vt 0.000000 0.000000
vt 0.000000 0.000000
vt 0.000000 0.000000
vt 0.000000 0.000000
vt 0.000000 0.000000
vt 0.000000 0.000000
vt 0.000000 0.000000
vt 0.000000 0.000000
vt 0.000000 0.000000
vt 0.000000 0.000000
vt 0.000000 0.000000
vt 0.000000 0.000000
vt 0.000000 0.000000
vt 0.000000 0.000000
vt 0.000000 0.000000
vt 0.138682 0.975065
vt 0.156033 0.975521
vt 0.140001 0.975521
vt 0.171797 0.975065
vt 0.155626 0.975065
vt 0.156223 0.976758
vt 0.140547 0.976758
vt 0.171848 0.975521
vt 0.137505 0.975000
vt 0.171767 0.975000
vt 0.155382 0.975000
vt 0.187500 0.975000
vt 0.187500 0.975065
vt 0.187500 0.975521
vt 0.171872 0.976758
vt 0.187500 0.976758
vt 0.203125 0.975065
vt 0.218750 0.975521
vt 0.203125 0.975521
vt 0.234375 0.975065
vt 0.218750 0.975065
vt 0.218750 0.976758
vt 0.203125 0.976758
vt 0.234375 0.975521
vt 0.203125 0.975000
vt 0.234375 0.975000
vt 0.218750 0.975000
vt 0.250000 0.975000
vt 0.250000 0.975065
vt 0.250000 0.975521
vt 0.234375 0.976758
vt 0.250000 0.976758
vt 0.000000 0.000000
vt 0.000000 0.000000
vt 0.000000 0.000000
vt 0.000000 0.000000
vt 0.000000 0.000000
vt 0.000000 0.000000
vt 0.000000 0.000000
vt 0.000000 0.000000
vt 0.000000 0.000000
vt 0.000000 0.000000
vt 0.000000 0.000000
vt 0.000000 0.000000
vt 0.000000 0.000000
vt 0.000000 0.000000
vt 0.000000 0.000000
vt 0.000000 0.000000
vt 0.000000 0.000000
vt 0.000000 0.000000
vt 0.000000 0.000000
vt 0.000000 0.000000
vt 0.265625 0.975065
vt 0.281250 0.975521
vt 0.265625 0.975521
vt 0.296875 0.975065
vt 0.281250 0.975065
vt 0.281250 0.976758
vt 0.265625 0.976758
vt 0.296875 0.975521
vt 0.265625 0.975000
vt 0.296875 0.975000
vt 0.281250 0.975000
vt 0.312500 0.975000
vt 0.312500 0.975065
vt 0.312500 0.975521
vt 0.296875 0.976758
vt 0.312500 0.976758
vt 0.281250 0.979167
vt 0.000000 0.000000
vt 0.000000 0.000000
vt 0.000000 0.000000
vt 0.000000 0.000000
vt 0.000000 0.000000
vt 0.000000 0.000000
vt 0.000000 0.000000
vt 0.000000 0.000000
vt 0.000000 0.000000
vt 0.000000 0.000000
vt 0.000000 0.000000
vt 0.000000 0.000000
vt 0.000000 0.000000
vt 0.000000 0.000000
vt 0.000000 0.000000
vt 0.000000 0.000000
vt 0.000000 0.000000
vt 0.000000 0.000000
vt 0.000000 0.000000
vt 0.000000 0.000000
vt 0.000000 0.000000
vt 0.000000 0.000000
vt 0.000000 0.000000
vt 0.000000 0.000000
vt 0.000000 0.000000
vt 0.000000 0.000000
vt 0.000000 0.000000
vt 0.000000 0.000000
vt 0.000000 0.000000
vt 0.000000 0.000000
vt 0.000000 0.000000
vt 0.000000 0.000000
vt 0.000000 0.000000
vt 0.000000 0.000000
vt 0.000000 0.000000
vt 0.000000 0.000000
vt 0.000000 0.000000
vt 0.000000 0.000000
vt 0.000000 0.000000
vt 0.000000 0.000000
vt 0.000000 0.000000
vt 0.000000 0.000000
vt 0.000000 0.000000
vt 0.000000 0.000000
vt 0.000000 0.000000
vt 0.000000 0.000000
vt 0.000000 0.000000
vt 0.000000 0.000000
vt 0.328125 0.975065
vt 0.343750 0.975521
vt 0.328125 0.975521
vt 0.359375 0.975065
vt 0.343750 0.975065
vt 0.343750 0.976758
vt 0.328125 0.976758
vt 0.359375 0.975521
vt 0.328125 0.975000
vt 0.359375 0.975000
vt 0.343750 0.975000
vt 0.375000 0.975000
vt 0.375000 0.975065
vt 0.375000 0.975521
vt 0.359375 0.976758
vt 0.375000 0.976758
vt 0.000000 0.000000
vt 0.000000 0.000000
vt 0.000000 0.000000
vt 0.000000 0.000000
vt 0.000000 0.000000
vt 0.000000 0.000000
vt 0.000000 0.000000
vt 0.000000 0.000000
vt 0.000000 0.000000
vt 0.000000 0.000000
vt 0.000000 0.000000
vt 0.000000 0.000000
vt 0.000000 0.000000
vt 0.000000 0.000000
vt 0.000000 0.000000
vt 0.000000 0.000000
vt 0.390625 0.975065
vt 0.406250 0.975521
vt 0.390625 0.975521
vt 0.421875 0.975065
vt 0.406250 0.975065
vt 0.406250 0.976758
vt 0.390625 0.976758
vt 0.421875 0.975521
vt 0.390625 0.975000
vt 0.421875 0.975000
vt 0.406250 0.975000
vt 0.437500 0.975000
vt 0.437500 0.975065
vt 0.437500 0.975521
vt 0.421875 0.976758
vt 0.437500 0.976758
vt 0.453125 0.975065
vt 0.468750 0.975521
vt 0.453125 0.975521
vt 0.484375 0.975065
vt 0.468750 0.975065
vt 0.468750 0.976758
vt 0.453125 0.976758
vt 0.484375 0.975521
vt 0.453125 0.975000
vt 0.484375 0.975000
vt 0.468750 0.975000
vt 0.484375 0.976758
vt 0.222656 0.500000
vt 0.239583 0.500000
vt 0.468750 0.500000
vt 0.227431 0.500000
vt 0.156250 0.500000
vt 0.266927 0.500000
vt 0.201389 0.500000
vt 0.307292 0.500000
vt 0.250000 0.500000
vt 0.347656 0.500000
vt 0.298611 0.500000
vt 0.388021 0.500000
vt 0.347222 0.500000
vt 0.428385 0.500000
vt 0.395833 0.500000
vt 0.468750 0.500000
vt 0.444444 0.500000
vt 0.509115 0.500000
vt 0.493056 0.500000
vt 0.549479 0.500000
vt 0.541667 0.500000
vt 0.589844 0.500000
vt 0.590278 0.500000
vt 0.630208 0.500000
vt 0.638889 0.500000
vt 0.670573 0.500000
vt 0.687500 0.500000
vt 0.710070 0.500000
vt 0.736111 0.500000
vt 0.714844 0.500000
vt 0.781250 0.500000
vt 0.697917 0.500000
vt 0.000000 0.500000
vt 0.234375 0.500000
vt 0.031250 0.500000
vt 0.015625 0.500000
vt 0.468750 0.500000
vt 0.062500 0.500000
vt 0.046875 0.500000
vt 0.093750 0.500000
vt 0.078125 0.500000
vt 0.125000 0.500000
vt 0.109375 0.500000
vt 0.156250 0.500000
vt 0.140625 0.500000
vt 0.187500 0.500000
vt 0.171875 0.500000
vt 0.218750 0.500000
vt 0.203125 0.500000
vt 0.250000 0.500000
vt 0.234375 0.500000
vt 0.281250 0.500000
vt 0.265625 0.500000
vt 0.312500 0.500000
vt 0.296875 0.500000
vt 0.343750 0.500000
vt 0.328125 0.500000
vt 0.375000 0.500000
vt 0.359375 0.500000
vt 0.406250 0.500000
vt 0.390625 0.500000
vt 0.437500 0.500000
vt 0.421875 0.500000
vt 0.468750 0.500000
vt 0.453125 0.500000
vt 0.500000 0.500000
vt 0.484375 0.500000
vt 0.531250 0.500000
vt 0.515625 0.500000
vt 0.562500 0.500000
vt 0.546875 0.500000
vt 0.593750 0.500000
vt 0.578125 0.500000
vt 0.625000 0.500000
vt 0.609375 0.500000
vt 0.656250 0.500000
vt 0.640625 0.500000
vt 0.687500 0.500000
vt 0.671875 0.500000
vt 0.718750 0.500000
vt 0.703125 0.500000
vt 0.750000 0.500000
vt 0.734375 0.500000
vt 0.781250 0.500000
vt 0.765625 0.500000
vt 0.812500 0.500000
vt 0.796875 0.500000
vt 0.843750 0.500000
vt 0.828125 0.500000
vt 0.875000 0.500000
vt 0.859375 0.500000
vt 0.906250 0.500000
vt 0.890625 0.500000
vt 0.937500 0.500000
vt 0.921875 0.500000
vt 0.703125 0.500000
vt 0.031250 0.654195
vt 0.046875 0.748935
vt 0.046875 0.654195
vt 0.015625 0.654195
vt 0.031250 0.748935
vt 0.031250 0.858309
vt 0.046875 0.858309
vt 0.015625 0.858309
vt 0.046875 0.581405
vt 0.062500 0.654195
vt 0.062500 0.581405
vt 0.015625 0.581405
vt 0.031250 0.581405
vt 0.000000 0.654195
vt 0.015625 0.748935
vt 0.000000 0.748935
vt 0.000000 0.858309
vt 0.015625 0.975000
vt 0.031250 0.975000
vt 0.046875 0.975000
vt 0.062500 0.975000
vt 0.062500 0.858309
vt 0.062500 0.748935
vt 0.093750 0.654195
vt 0.109375 0.748935
vt 0.109375 0.654195
vt 0.078125 0.654195
vt 0.093750 0.748935
vt 0.109375 0.858309
vt 0.078125 0.858309
vt 0.093750 0.858309
vt 0.109375 0.581405
vt 0.125000 0.654195
vt 0.125000 0.581405
vt 0.078125 0.581405
vt 0.093750 0.581405
vt 0.078125 0.748935
vt 0.078125 0.975000
vt 0.093750 0.975000
vt 0.109375 0.975000
vt 0.125000 0.858309
vt 0.125000 0.975000
vt 0.125000 0.748935
vt 0.156250 0.654195
vt 0.171875 0.748935
vt 0.171875 0.654195
vt 0.140625 0.654195
vt 0.156250 0.748935
vt 0.171875 0.858309
vt 0.140625 0.858309
vt 0.156250 0.858309
vt 0.171875 0.581405
vt 0.187500 0.654195
vt 0.187500 0.581405
vt 0.140625 0.581405
vt 0.156250 0.581405
vt 0.140625 0.748935
vt 0.140625 0.975000
vt 0.156250 0.975000
vt 0.171875 0.975000
vt 0.187500 0.975000
vt 0.187500 0.858309
vt 0.187500 0.748935
vt 0.218750 0.654195
vt 0.234375 0.748935
vt 0.234375 0.654195
vt 0.203125 0.654195
vt 0.218750 0.748935
vt 0.218750 0.858309
vt 0.234375 0.858309
vt 0.203125 0.748935
vt 0.234375 0.581405
vt 0.250000 0.654195
vt 0.250000 0.581405
vt 0.203125 0.581405
vt 0.218750 0.581405
vt 0.203125 0.858309
vt 0.203125 0.975000
vt 0.218750 0.975000
vt 0.234375 0.975000
vt 0.250000 0.858309
vt 0.250000 0.975000
vt 0.250000 0.748935
vt 0.281250 0.654195
vt 0.296875 0.748935
vt 0.296875 0.654195
vt 0.265625 0.654195
vt 0.281250 0.748935
vt 0.296875 0.858309
vt 0.265625 0.748935
vt 0.281250 0.858309
vt 0.296875 0.581405
vt 0.312500 0.654195
vt 0.312500 0.581405
vt 0.265625 0.581405
vt 0.281250 0.581405
vt 0.265625 0.858309
vt 0.265625 0.975000
vt 0.281250 0.975000
vt 0.296875 0.975000
vt 0.312500 0.975000
vt 0.312500 0.858309
vt 0.312500 0.748935
vt 0.343750 0.654195
vt 0.359375 0.748935
vt 0.359375 0.654195
vt 0.328125 0.654195
vt 0.343750 0.748935
vt 0.359375 0.858309
vt 0.328125 0.748935
vt 0.343750 0.858309
vt 0.359375 0.581405
vt 0.375000 0.654195
vt 0.375000 0.581405
vt 0.328125 0.581405
vt 0.343750 0.581405
vt 0.328125 0.858309
vt 0.328125 0.975000
vt 0.343750 0.975000
vt 0.359375 0.975000
vt 0.375000 0.858309
vt 0.375000 0.975000
vt 0.375000 0.748935
vt 0.406250 0.654195
vt 0.421875 0.748935
vt 0.421875 0.654195
vt 0.390625 0.654195
vt 0.406250 0.748935
vt 0.421875 0.858309
vt 0.390625 0.748935
vt 0.406250 0.858309
vt 0.421875 0.581405
vt 0.437500 0.654195
vt 0.437500 0.581405
vt 0.390625 0.581405
vt 0.406250 0.581405
vt 0.390625 0.858309
vt 0.390625 0.975000
vt 0.406250 0.975000
vt 0.421875 0.975000
vt 0.437500 0.975000
vt 0.437500 0.858309
vt 0.437500 0.748935
vt 0.468750 0.654195
vt 0.484375 0.748935
vt 0.484375 0.654195
vt 0.453125 0.654195
vt 0.468750 0.748935
vt 0.468750 0.858309
vt 0.484375 0.858309
vt 0.453125 0.858309
vt 0.484375 0.581405
vt 0.500000 0.654195
vt 0.500000 0.581405
vt 0.453125 0.581405
vt 0.468750 0.581405
vt 0.453125 0.748935
vt 0.453125 0.975000
vt 0.468750 0.975000
vt 0.484375 0.975000
vt 0.500000 0.858309
vt 0.500000 0.975000
vt 0.500000 0.748935
vt 0.546875 0.654195
vt 0.531250 0.748935
vt 0.546875 0.748935
vt 0.515625 0.654195
vt 0.531250 0.654195
vt 0.546875 0.858309
vt 0.515625 0.748935
vt 0.531250 0.858309
vt 0.546875 0.581405
vt 0.562500 0.654195
vt 0.562500 0.581405
vt 0.515625 0.581405
vt 0.531250 0.581405
vt 0.515625 0.858309
vt 0.515625 0.975000
vt 0.531250 0.975000
vt 0.546875 0.975000
vt 0.562500 0.975000
vt 0.562500 0.858309
vt 0.562500 0.748935
vt 0.593750 0.654195
vt 0.609375 0.748935
vt 0.609375 0.654195
vt 0.578125 0.654195
vt 0.593750 0.748935
vt 0.593750 0.858309
vt 0.609375 0.858309
vt 0.578125 0.748935
vt 0.609375 0.581405
vt 0.625000 0.654195
vt 0.625000 0.581405
vt 0.578125 0.581405
vt 0.593750 0.581405
vt 0.578125 0.858309
vt 0.578125 0.975000
vt 0.593750 0.975000
vt 0.609375 0.975000
vt 0.625000 0.975000
vt 0.625000 0.858309
vt 0.625000 0.748935
vt 0.656250 0.654195
vt 0.671875 0.748935
vt 0.671875 0.654195
vt 0.640625 0.654195
vt 0.656250 0.748935
vt 0.671875 0.858309
vt 0.640625 0.748935
vt 0.656250 0.858309
vt 0.671875 0.581405
vt 0.687500 0.654195
vt 0.687500 0.581405
vt 0.640625 0.581405
vt 0.656250 0.581405
vt 0.640625 0.858309
vt 0.640625 0.975000
vt 0.656250 0.975000
vt 0.671875 0.975000
vt 0.687500 0.975000
vt 0.687500 0.858309
vt 0.687500 0.748935
vt 0.734375 0.654195
vt 0.718750 0.748935
vt 0.734375 0.748935
vt 0.703125 0.654195
vt 0.718750 0.654195
vt 0.718750 0.858309
vt 0.734375 0.858309
vt 0.703125 0.748935
vt 0.734375 0.581405
vt 0.750000 0.654195
vt 0.750000 0.581405
vt 0.703125 0.581405
vt 0.718750 0.581405
vt 0.703125 0.858309
vt 0.703125 0.975000
vt 0.718750 0.975000
vt 0.734375 0.975000
vt 0.750000 0.858309
vt 0.750000 0.975000
vt 0.750000 0.748935
vt 0.796875 0.654195
vt 0.781250 0.748935
vt 0.796875 0.748935
vt 0.765625 0.654195
vt 0.781250 0.654195
vt 0.781250 0.858309
vt 0.796875 0.858309
vt 0.765625 0.858309
vt 0.796875 0.581405
vt 0.812500 0.654195
vt 0.812500 0.581405
vt 0.765625 0.581405
vt 0.781250 0.581405
vt 0.765625 0.748935
vt 0.765625 0.975000
vt 0.781250 0.975000
vt 0.796875 0.975000
vt 0.812500 0.858309
vt 0.812500 0.975000
vt 0.812500 0.748935
vt 0.843750 0.654195
vt 0.859375 0.748935
vt 0.859375 0.654195
vt 0.828125 0.654195
vt 0.843750 0.748935
vt 0.859375 0.858309
vt 0.828125 0.858309
vt 0.843750 0.858309
vt 0.859375 0.581405
vt 0.875000 0.654195
vt 0.875000 0.581405
vt 0.828125 0.581405
vt 0.843750 0.581405
vt 0.828125 0.748935
vt 0.828125 0.975000
vt 0.843750 0.975000
vt 0.859375 0.975000
vt 0.875000 0.975000
vt 0.875000 0.858309
vt 0.875000 0.748935
vt 0.906250 0.654195
vt 0.921875 0.748935
vt 0.921875 0.654195
vt 0.890625 0.654195
vt 0.906250 0.748935
vt 0.921875 0.858309
vt 0.890625 0.858309
vt 0.906250 0.858309
vt 0.921875 0.581405
vt 0.937500 0.654195
vt 0.937500 0.581405
vt 0.890625 0.581405
vt 0.906250 0.581405
vt 0.890625 0.748935
vt 0.890625 0.975000
vt 0.906250 0.975000
vt 0.921875 0.975000
vt 0.937500 0.975000
vt 0.937500 0.858309
vt 0.937500 0.748935
vt 0.968750 0.654195
vt 0.984375 0.748935
vt 0.984375 0.654195
vt 0.953125 0.654195
vt 0.968750 0.748935
vt 0.968750 0.858309
vt 0.984375 0.858309
vt 0.953125 0.858309
vt 0.984375 0.581405
vt 1.000000 0.654195
vt 1.000000 0.581405
vt 0.953125 0.581405
vt 0.968750 0.581405
vt 0.953125 0.748935
vt 0.953125 0.975000
vt 0.968750 0.975000
vt 0.984375 0.975000
vt 1.000000 0.975000
vt 1.000000 0.858309
vt 1.000000 0.748935
vt 0.984375 0.733305
vt 0.968750 0.648153
vt 0.984375 0.648153
vt 0.984375 0.818730
vt 0.968750 0.733305
vt 0.953125 0.648153
vt 0.953125 0.818730
vt 0.953125 0.733305
vt 1.000000 0.648152
vt 1.000000 0.733305
vt 1.000000 0.818730
vt 0.968750 0.818730
vt 0.937500 0.818730
vt 0.937500 0.733305
vt 0.937500 0.648153
vt 0.921875 0.733305
vt 0.906250 0.648153
vt 0.921875 0.648153
vt 0.921875 0.818730
vt 0.906250 0.733305
vt 0.890625 0.733305
vt 0.890625 0.648153
vt 0.906250 0.818730
vt 0.890625 0.818730
vt 0.875000 0.818730
vt 0.875000 0.733305
vt 0.875000 0.648153
vt 0.859375 0.733305
vt 0.843750 0.648153
vt 0.859375 0.648153
vt 0.859375 0.818730
vt 0.843750 0.733305
vt 0.828125 0.733305
vt 0.828125 0.648153
vt 0.828125 0.818730
vt 0.843750 0.818730
vt 0.812500 0.818730
vt 0.812500 0.733305
vt 0.812500 0.648153
vt 0.796875 0.733304
vt 0.781250 0.648153
vt 0.796875 0.648153
vt 0.796875 0.818730
vt 0.781250 0.733305
vt 0.765625 0.733305
vt 0.765625 0.648153
vt 0.765625 0.818730
vt 0.781250 0.818730
vt 0.750000 0.818730
vt 0.750000 0.733305
vt 0.750000 0.648153
vt 0.734375 0.733304
vt 0.718750 0.648153
vt 0.734375 0.648153
vt 0.734375 0.818730
vt 0.718750 0.733305
vt 0.703125 0.733305
vt 0.703125 0.648153
vt 0.703125 0.818730
vt 0.718750 0.818730
vt 0.687500 0.818730
vt 0.687500 0.733305
vt 0.687500 0.648153
vt 0.671875 0.733304
vt 0.656250 0.648153
vt 0.671875 0.648153
vt 0.671875 0.818730
vt 0.656250 0.733305
vt 0.640625 0.733305
vt 0.640625 0.648153
vt 0.640625 0.818730
vt 0.656250 0.818730
vt 0.625000 0.818730
vt 0.625000 0.733305
vt 0.625000 0.648153
vt 0.656250 0.577707
vt 0.609375 0.733304
vt 0.593750 0.648153
vt 0.609375 0.648153
vt 0.609375 0.818730
vt 0.593750 0.733305
vt 0.578125 0.733305
vt 0.578125 0.648153
vt 0.578125 0.818730
vt 0.593750 0.818730
vt 0.562500 0.818730
vt 0.562500 0.733305
vt 0.562500 0.648153
vt 0.546875 0.733304
vt 0.531250 0.648153
vt 0.546875 0.648153
vt 0.546875 0.818730
vt 0.531250 0.733305
vt 0.515625 0.648153
vt 0.515625 0.818730
vt 0.515625 0.733305
vt 0.531250 0.818730
vt 0.500000 0.818730
vt 0.500000 0.733305
vt 0.500000 0.648153
vt 0.531250 0.577707
vt 0.484375 0.733304
vt 0.468750 0.648153
vt 0.484375 0.648153
vt 0.484375 0.818730
vt 0.468750 0.733305
vt 0.453125 0.733305
vt 0.453125 0.648153
vt 0.453125 0.818730
vt 0.468750 0.818730
vt 0.437500 0.818730
vt 0.437500 0.733305
vt 0.437500 0.648153
vt 0.421875 0.733304
vt 0.406250 0.648153
vt 0.421875 0.648153
vt 0.421875 0.818730
vt 0.406250 0.733305
vt 0.390625 0.648153
vt 0.390625 0.818730
vt 0.390625 0.733305
vt 0.406250 0.818730
vt 0.375000 0.818730
vt 0.375000 0.733305
vt 0.375000 0.648153
vt 0.359375 0.733304
vt 0.343750 0.648152
vt 0.359375 0.648153
vt 0.359375 0.818730
vt 0.343750 0.733305
vt 0.328125 0.648153
vt 0.328125 0.818730
vt 0.328125 0.733305
vt 0.343750 0.818730
vt 0.312500 0.818730
vt 0.312500 0.733305
vt 0.312500 0.648153
vt 0.343750 0.577707
vt 0.296875 0.733304
vt 0.281250 0.648153
vt 0.296875 0.648153
vt 0.296875 0.818730
vt 0.281250 0.733305
vt 0.265625 0.648153
vt 0.265625 0.818730
vt 0.265625 0.733305
vt 0.281250 0.818730
vt 0.250000 0.818730
vt 0.250000 0.733305
vt 0.250000 0.648153
vt 0.281250 0.577707
vt 0.234375 0.733304
vt 0.218750 0.648152
vt 0.234375 0.648153
vt 0.234375 0.818730
vt 0.218750 0.733305
vt 0.203125 0.733305
vt 0.203125 0.648153
vt 0.203125 0.818730
vt 0.218750 0.818730
vt 0.187500 0.818730
vt 0.187500 0.733305
vt 0.187500 0.648153
vt 0.171875 0.733304
vt 0.156250 0.648153
vt 0.171875 0.648153
vt 0.171875 0.818730
vt 0.156250 0.733305
vt 0.140625 0.733305
vt 0.140625 0.648153
vt 0.140625 0.818730
vt 0.156250 0.818730
vt 0.125000 0.818730
vt 0.125000 0.733305
vt 0.125000 0.648153
vt 0.109375 0.733305
vt 0.093750 0.648153
vt 0.109375 0.648153
vt 0.109375 0.818730
vt 0.093750 0.733305
vt 0.078125 0.733305
vt 0.078125 0.648153
vt 0.078125 0.818730
vt 0.093750 0.818730
vt 0.062500 0.818730
vt 0.062500 0.733305
vt 0.062500 0.648153
vt 0.046875 0.733305
vt 0.031250 0.648153
vt 0.046875 0.648153
vt 0.046875 0.818730
vt 0.031250 0.733305
vt 0.015625 0.733305
vt 0.015625 0.648153
vt 0.031250 0.818730
vt 0.015625 0.818730
vt 0.000000 0.818730
vt 0.000000 0.733305
vt 0.000000 0.648152
vt 0.000000 0.577707
vt 0.031250 0.577707
vt 0.453125 0.974384
vt 0.468750 0.974818
vt 0.453125 0.974818
vt 0.484375 0.974384
vt 0.468750 0.974384
vt 0.468750 0.974977
vt 0.453125 0.974977
vt 0.484375 0.974818
vt 0.437500 0.973541
vt 0.437500 0.974385
vt 0.500000 0.973541
vt 0.500000 0.974385
vt 0.500000 0.974818
vt 0.484375 0.974977
vt 0.500000 0.974977
vt 0.437500 0.974977
vt 0.437500 0.974818
vt 0.390625 0.974384
vt 0.406250 0.974818
vt 0.390625 0.974818
vt 0.421875 0.974384
vt 0.406250 0.974384
vt 0.406250 0.974977
vt 0.390625 0.974977
vt 0.421875 0.974818
vt 0.375000 0.973541
vt 0.375000 0.974385
vt 0.421875 0.974977
vt 0.375000 0.974977
vt 0.375000 0.974818
vt 0.328125 0.974384
vt 0.343750 0.974818
vt 0.328125 0.974818
vt 0.359375 0.974384
vt 0.343750 0.974384
vt 0.343750 0.974977
vt 0.328125 0.974977
vt 0.359375 0.974818
vt 0.312500 0.973541
vt 0.312500 0.974385
vt 0.359375 0.974977
vt 0.312500 0.974977
vt 0.312500 0.974818
vt 0.265625 0.974384
vt 0.281250 0.974818
vt 0.265625 0.974818
vt 0.296875 0.974384
vt 0.281250 0.974384
vt 0.281250 0.974977
vt 0.265625 0.974977
vt 0.296875 0.974818
vt 0.250000 0.973541
vt 0.250000 0.974385
vt 0.281250 0.973541
vt 0.296875 0.974977
vt 0.250000 0.974977
vt 0.250000 0.974818
vt 0.203125 0.974384
vt 0.218750 0.974818
vt 0.203125 0.974818
vt 0.234375 0.974384
vt 0.218750 0.974384
vt 0.218750 0.974977
vt 0.203125 0.974977
vt 0.234375 0.974818
vt 0.187500 0.973541
vt 0.187500 0.974385
vt 0.234375 0.974977
vt 0.187500 0.974977
vt 0.187500 0.974818
vt 0.138482 0.974673
vt 0.155816 0.974848
vt 0.139269 0.974913
vt 0.171794 0.974395
vt 0.155599 0.974472
vt 0.155599 0.974981
vt 0.138482 0.974989
vt 0.171821 0.974822
vt 0.114583 0.975000
vt 0.120443 0.975000
vt 0.171794 0.974978
vt 0.120443 0.975000
vt 0.122396 0.975000
vt 0.953125 0.974384
vt 0.968750 0.974818
vt 0.953125 0.974818
vt 0.984375 0.974385
vt 0.968750 0.974384
vt 0.968750 0.974977
vt 0.953125 0.974977
vt 0.984375 0.974818
vt 0.937500 0.973541
vt 0.937500 0.974385
vt 1.000000 0.973541
vt 1.000000 0.974384
vt 1.000000 0.974818
vt 0.984375 0.974977
vt 1.000000 0.974977
vt 0.937500 0.974977
vt 0.937500 0.974818
vt 0.078125 0.975000
vt 0.093750 0.975000
vt 0.078125 0.975000
vt 0.109375 0.975000
vt 0.093750 0.975000
vt 0.093750 0.975000
vt 0.078125 0.975000
vt 0.109375 0.975000
vt 0.062500 0.975000
vt 0.062500 0.975000
vt 0.078125 0.975000
vt 0.109375 0.975000
vt 0.125000 0.975000
vt 0.125000 0.975000
vt 0.125000 0.975000
vt 0.109375 0.975000
vt 0.125000 0.975000
vt 0.109375 0.975000
vt 0.078125 0.975000
vt 0.062500 0.975000
vt 0.062500 0.975000
vt 0.062500 0.975000
vt 0.890703 0.974385
vt 0.906467 0.974818
vt 0.891249 0.974818
vt 0.921878 0.974385
vt 0.906277 0.974385
vt 0.906928 0.974977
vt 0.892683 0.974977
vt 0.921902 0.974818
vt 0.875000 0.973541
vt 0.875109 0.974385
vt 0.921960 0.974977
vt 0.922038 0.975000
vt 0.907552 0.975000
vt 0.895020 0.975000
vt 0.878120 0.974977
vt 0.875868 0.974818
vt 0.515625 0.974384
vt 0.531250 0.974818
vt 0.515625 0.974818
vt 0.546875 0.974384
vt 0.531250 0.974384
vt 0.531250 0.974977
vt 0.515625 0.974977
vt 0.546875 0.974818
vt 0.562500 0.973541
vt 0.562500 0.974385
vt 0.562500 0.974818
vt 0.546875 0.974977
vt 0.562500 0.974977
vt 0.578125 0.974384
vt 0.593750 0.974818
vt 0.578125 0.974818
vt 0.609375 0.974384
vt 0.593750 0.974384
vt 0.593750 0.974977
vt 0.578125 0.974977
vt 0.609375 0.974818
vt 0.625000 0.973541
vt 0.625000 0.974385
vt 0.625000 0.974818
vt 0.609375 0.974977
vt 0.625000 0.974977
vt 0.640625 0.974384
vt 0.656250 0.974818
vt 0.640625 0.974818
vt 0.671875 0.974384
vt 0.656250 0.974384
vt 0.656250 0.974977
vt 0.640625 0.974977
vt 0.671875 0.974818
vt 0.656250 0.973541
vt 0.687500 0.973541
vt 0.687500 0.974385
vt 0.687500 0.974818
vt 0.671875 0.974977
vt 0.687500 0.974977
vt 0.703125 0.974384
vt 0.718750 0.974818
vt 0.703125 0.974818
vt 0.734375 0.974384
vt 0.718750 0.974384
vt 0.718750 0.974977
vt 0.703125 0.974977
vt 0.734375 0.974818
vt 0.750000 0.973541
vt 0.750000 0.974385
vt 0.750000 0.974818
vt 0.734375 0.974977
vt 0.750000 0.974977
vt 0.765625 0.974384
vt 0.781250 0.974818
vt 0.765625 0.974818
vt 0.796875 0.974384
vt 0.781250 0.974384
vt 0.781250 0.974977
vt 0.765625 0.974977
vt 0.796875 0.974818
vt 0.812500 0.973541
vt 0.812500 0.974385
vt 0.812500 0.974818
vt 0.796875 0.974977
vt 0.812500 0.974977
vt 0.828128 0.974384
vt 0.843967 0.974818
vt 0.828152 0.974818
vt 0.859453 0.974385
vt 0.843777 0.974385
vt 0.844374 0.974977
vt 0.828203 0.974977
vt 0.859999 0.974818
vt 0.861318 0.974977
vt 0.015706 0.974395
vt 0.031684 0.974848
vt 0.015679 0.974822
vt 0.049018 0.974673
vt 0.031901 0.974472
vt 0.031901 0.974981
vt 0.015706 0.974978
vt 0.048231 0.974913
vt 0.000000 0.973541
vt 0.000000 0.974384
vt 0.072917 0.975000
vt 0.067057 0.975000
vt 0.065104 0.975000
vt 0.049018 0.974989
vt 0.067057 0.975000
vt 0.000000 0.974977
vt 0.000000 0.974818
vt 0.000000 0.000000
vt 0.000000 0.000000
vt 0.000000 0.000000
vt 0.000000 0.000000
vt 0.000000 0.000000
vt 0.000000 0.000000
vt 0.000000 0.000000
vt 0.000000 0.000000
vt 0.000000 0.000000
vt 0.000000 0.000000
vt 0.000000 0.000000
vt 0.000000 0.000000
vt 0.000000 0.000000
vt 0.000000 0.000000
vt 0.000000 0.000000
vt 0.000000 0.000000
vt 0.000000 0.000000
vt 0.000000 0.000000
vt 0.000000 0.000000
vt 0.000000 0.000000
vt 0.000000 0.000000
vt 0.000000 0.000000
vt 0.000000 0.000000
vt 0.000000 0.000000
vt 0.000000 0.000000
vt 0.000000 0.000000
vt 0.000000 0.000000
vt 0.000000 0.000000
vt 0.000000 0.000000
vt 0.000000 0.000000
vt 0.000000 0.000000
vt 0.000000 0.000000
vt 0.000000 0.000000
vt 0.000000 0.000000
vt 0.000000 0.000000
vt 0.000000 0.000000
vt 0.000000 0.000000
vt 0.000000 0.000000
vt 0.000000 0.000000
vt 0.000000 0.000000
vt 0.000000 0.000000
vt 0.000000 0.000000
vt 0.000000 0.000000
vt 0.000000 0.000000
vt 0.000000 0.000000
vt 0.000000 0.000000
vt 0.000000 0.000000
vt 0.000000 0.000000
vt 0.000000 0.000000
vt 0.000000 0.000000
vt 0.000000 0.000000
vt 0.000000 0.000000
vt 0.000000 0.000000
vt 0.000000 0.000000
vt 0.000000 0.000000
vt 0.000000 0.000000
vt 0.000000 0.000000
vt 0.000000 0.000000
vt 0.000000 0.000000
vt 0.000000 0.000000
vt 0.000000 0.000000
vt 0.000000 0.000000
vt 0.000000 0.000000
vt 0.000000 0.000000
vt 0.000000 0.000000
vt 0.000000 0.000000
vt 0.000000 0.000000
vt 0.000000 0.000000
vt 0.000000 0.000000
vt 0.000000 0.000000
vt 0.000000 0.000000
vt 0.000000 0.000000
vt 0.000000 0.000000
vt 0.000000 0.000000
vt 0.000000 0.000000
vt 0.000000 0.000000
vt 0.000000 0.000000
vt 0.000000 0.000000
vt 0.000000 0.000000
vt 0.000000 0.000000
vt 0.000000 0.000000
vt 0.000000 0.000000
vt 0.000000 0.000000
vt 0.000000 0.000000
vt 0.000000 0.000000
vt 0.000000 0.000000
vt 0.000000 0.000000
vt 0.000000 0.000000
vt 0.000000 0.000000
vt 0.000000 0.000000
vt 0.000000 0.000000
vt 0.000000 0.000000
vt 0.000000 0.000000
vt 0.000000 0.000000
vt 0.000000 0.000000
vt 0.000000 0.000000
vt 0.000000 0.000000
vt 0.000000 0.000000
vt 0.000000 0.000000
vt 0.000000 0.000000
vt 0.000000 0.000000
vt 0.000000 0.000000
vt 0.000000 0.000000
vt 0.000000 0.000000
vt 0.000000 0.000000
vt 0.000000 0.000000
vt 0.000000 0.000000
vt 0.000000 0.000000
vt 0.000000 0.000000
vt 0.000000 0.000000
vt 0.000000 0.000000
vt 0.000000 0.000000
vt 0.000000 0.000000
vt 0.000000 0.000000
vt 0.000000 0.000000
vt 0.000000 0.000000
vt 0.000000 0.000000
vt 0.000000 0.000000
vt 0.000000 0.000000
vt 0.000000 0.000000
vt 0.000000 0.000000
vt 0.000000 0.000000
vt 0.000000 0.000000
vt 0.000000 0.000000
vt 0.000000 0.000000
vt 0.000000 0.000000
vt 0.000000 0.000000
vt 0.000000 0.000000
vt 0.000000 0.000000
vt 0.000000 0.000000
vt 0.000000 0.000000
vt 0.000000 0.000000
vt 0.000000 0.000000
vt 0.000000 0.000000
vt 0.000000 0.000000
vt 0.000000 0.000000
vt 0.000000 0.000000
vt 0.000000 0.000000
vt 0.000000 0.000000
vt 0.000000 0.000000
vt 0.000000 0.000000
vt 0.000000 0.000000
vt 0.000000 0.000000
vt 0.000000 0.000000
vt 0.000000 0.000000
vt 0.000000 0.000000
vt 0.000000 0.000000
vt 0.000000 0.000000
vt 0.000000 0.000000
vt 0.000000 0.000000
vt 0.000000 0.000000
vt 0.000000 0.000000
vt 0.000000 0.000000
vt 0.000000 0.000000
vt 0.000000 0.000000
vt 0.000000 0.000000
vt 0.000000 0.000000
vt 0.000000 0.000000
vt 0.000000 0.000000
vt 0.000000 0.000000
vt 0.000000 0.000000
vt 0.000000 0.000000
vt 0.000000 0.000000
vt 0.000000 0.000000
vt 0.000000 0.000000
vt 0.000000 0.000000
vt 0.000000 0.000000
vt 0.000000 0.000000
vt 0.000000 0.000000
vt 0.000000 0.000000
vt 0.000000 0.000000
vt 0.000000 0.000000
vt 0.000000 0.000000
vt 0.000000 0.000000
vt 0.000000 0.000000
vt 0.000000 0.000000
vt 0.000000 0.000000
vt 0.000000 0.000000
vt 0.000000 0.000000
vt 0.000000 0.000000
vt 0.000000 0.000000
vt 0.000000 0.000000
vt 0.000000 0.000000
vt 0.000000 0.000000
vt 0.000000 0.000000
vt 0.000000 0.000000
vt 0.000000 0.000000
vt 0.000000 0.000000
vt 0.000000 0.000000
vt 0.000000 0.000000
vt 0.000000 0.000000
vt 0.000000 0.000000
vt 0.000000 0.000000
vt 0.000000 0.000000
vt 0.000000 0.000000
vt 0.000000 0.000000
vt 0.000000 0.000000
vt 0.000000 0.000000
vt 0.000000 0.000000
vt 0.000000 0.000000
vt 0.000000 0.000000
vt 0.000000 0.000000
vt 0.000000 0.000000
vt 0.000000 0.000000
vt 0.000000 0.000000
vt 0.000000 0.000000
vt 0.000000 0.000000
vt 0.000000 0.000000
vt 0.000000 0.000000
vt 0.000000 0.000000
vt 0.000000 0.000000
vt 0.000000 0.000000
vt 0.000000 0.000000
vt 0.000000 0.000000
vt 0.000000 0.000000
vt 0.000000 0.000000
vt 0.000000 0.000000
vt 0.000000 0.000000
vt 0.000000 0.000000
vt 0.000000 0.000000
vt 0.000000 0.000000
vt 0.000000 0.000000
vt 0.000000 0.000000
vt 0.000000 0.000000
vt 0.000000 0.000000
vt 0.000000 0.000000
vt 0.000000 0.000000
vt 0.000000 0.000000
vt 0.000000 0.000000
vt 0.000000 0.000000
vt 0.000000 0.000000
vt 0.000000 0.000000
vt 0.000000 0.000000
vt 0.000000 0.000000
vt 0.000000 0.000000
vt 0.000000 0.000000
vt 0.000000 0.000000
vt 0.000000 0.000000
vt 0.000000 0.000000
vt 0.000000 0.000000
vt 0.000000 0.000000
vt 0.000000 0.000000
vt 0.000000 0.000000
vt 0.000000 0.000000
vt 0.000000 0.000000
vt 0.000000 0.000000
vt 0.000000 0.000000
vt 0.000000 0.000000
vt 0.000000 0.000000
vt 0.000000 0.000000
vt 0.000000 0.000000
vt 0.000000 0.000000
vt 0.000000 0.000000
vt 0.000000 0.000000
vt 0.000000 0.000000
vt 0.000000 0.000000
vt 0.779924 0.500000
vt 0.756541 0.500000
vt 0.764490 0.500000
vt 0.787152 0.500000
vt 0.770641 0.500000
vt 0.735429 0.500000
vt 0.764976 0.500000
vt 0.745865 0.500000
vt 0.750000 0.500000
vt 0.749078 0.500000
vt 0.765625 0.500000
vt 0.796875 0.500000
vt 0.781250 0.500000
vt 0.812500 0.500000
vt 0.795660 0.500000
vt 0.803482 0.500000
vt 0.783246 0.500000
vt 0.755208 0.500000
vt 0.727175 0.500000
vt 0.699749 0.500000
vt 0.696808 0.500000
vt 0.703125 0.500000
vt 0.726065 0.500000
vt 0.742622 0.500000
vt 0.282046 0.500000
vt 0.271587 0.500000
vt 0.266370 0.500000
vt 0.302198 0.500000
vt 0.287616 0.500000
vt 0.285105 0.500000
vt 0.314652 0.500000
vt 0.302481 0.500000
vt 0.250000 0.500000
vt 0.250717 0.500000
vt 0.265625 0.500000
vt 0.296875 0.500000
vt 0.281250 0.500000
vt 0.312500 0.500000
vt 0.297540 0.500000
vt 0.316599 0.500000
vt 0.325797 0.500000
vt 0.338542 0.500000
vt 0.337989 0.500000
vt 0.330150 0.500000
vt 0.307621 0.500000
vt 0.286458 0.500000
vt 0.268616 0.500000
vt 0.255739 0.500000
vt 0.717689 0.500000
vt 0.695921 0.500000
vt 0.702225 0.500000
vt 0.726532 0.500000
vt 0.710262 0.500000
vt 0.679139 0.500000
vt 0.708685 0.500000
vt 0.690442 0.500000
vt 0.687500 0.500000
vt 0.686783 0.500000
vt 0.703125 0.500000
vt 0.734375 0.500000
vt 0.718750 0.500000
vt 0.733395 0.500000
vt 0.678527 0.500000
vt 0.653549 0.500000
vt 0.648159 0.500000
vt 0.651042 0.500000
vt 0.668884 0.500000
vt 0.681761 0.500000
vt 0.219811 0.500000
vt 0.210968 0.500000
vt 0.204105 0.500000
vt 0.241579 0.500000
vt 0.227238 0.500000
vt 0.228815 0.500000
vt 0.258361 0.500000
vt 0.247058 0.500000
vt 0.187500 0.500000
vt 0.188422 0.500000
vt 0.203125 0.500000
vt 0.234375 0.500000
vt 0.218750 0.500000
vt 0.235275 0.500000
vt 0.289341 0.500000
vt 0.283951 0.500000
vt 0.258973 0.500000
vt 0.234375 0.500000
vt 0.211435 0.500000
vt 0.194878 0.500000
vt 0.655454 0.500000
vt 0.635302 0.500000
vt 0.639960 0.500000
vt 0.665913 0.500000
vt 0.649884 0.500000
vt 0.622848 0.500000
vt 0.652395 0.500000
vt 0.635019 0.500000
vt 0.625000 0.500000
vt 0.624488 0.500000
vt 0.640625 0.500000
vt 0.671875 0.500000
vt 0.656250 0.500000
vt 0.671130 0.500000
vt 0.629879 0.500000
vt 0.607350 0.500000
vt 0.599511 0.500000
vt 0.598958 0.500000
vt 0.611703 0.500000
vt 0.620901 0.500000
vt 0.157576 0.500000
vt 0.150348 0.500000
vt 0.141840 0.500000
vt 0.180959 0.500000
vt 0.166860 0.500000
vt 0.172524 0.500000
vt 0.202071 0.500000
vt 0.191635 0.500000
vt 0.125000 0.500000
vt 0.126127 0.500000
vt 0.140625 0.500000
vt 0.171875 0.500000
vt 0.156250 0.500000
vt 0.173011 0.500000
vt 0.240693 0.500000
vt 0.237751 0.500000
vt 0.210325 0.500000
vt 0.182292 0.500000
vt 0.154254 0.500000
vt 0.134018 0.500000
vt 0.593220 0.500000
vt 0.574683 0.500000
vt 0.577695 0.500000
vt 0.605294 0.500000
vt 0.589506 0.500000
vt 0.566558 0.500000
vt 0.596104 0.500000
vt 0.579596 0.500000
vt 0.562500 0.500000
vt 0.562193 0.500000
vt 0.578125 0.500000
vt 0.609375 0.500000
vt 0.593750 0.500000
vt 0.608865 0.500000
vt 0.581231 0.500000
vt 0.561150 0.500000
vt 0.550863 0.500000
vt 0.546875 0.500000
vt 0.554522 0.500000
vt 0.560041 0.500000
vt 0.095341 0.500000
vt 0.089729 0.500000
vt 0.079576 0.500000
vt 0.120340 0.500000
vt 0.106481 0.500000
vt 0.116234 0.500000
vt 0.145780 0.500000
vt 0.136212 0.500000
vt 0.062500 0.500000
vt 0.063832 0.500000
vt 0.078125 0.500000
vt 0.109375 0.500000
vt 0.093750 0.500000
vt 0.110746 0.500000
vt 0.192044 0.500000
vt 0.191551 0.500000
vt 0.161676 0.500000
vt 0.130208 0.500000
vt 0.097073 0.500000
vt 0.073158 0.500000
vt 0.530985 0.500000
vt 0.514064 0.500000
vt 0.515430 0.500000
vt 0.544675 0.500000
vt 0.529128 0.500000
vt 0.510267 0.500000
vt 0.539814 0.500000
vt 0.524173 0.500000
vt 0.500000 0.500000
vt 0.499898 0.500000
vt 0.515625 0.500000
vt 0.546875 0.500000
vt 0.531250 0.500000
vt 0.546600 0.500000
vt 0.532582 0.500000
vt 0.514950 0.500000
vt 0.502214 0.500000
vt 0.494792 0.500000
vt 0.497341 0.500000
vt 0.499180 0.500000
vt 0.968370 0.500000
vt 0.944010 0.500000
vt 0.951986 0.500000
vt 0.983995 0.500000
vt 0.965712 0.500000
vt 0.923503 0.500000
vt 0.983188 0.500000
vt 0.959256 0.500000
vt 0.937500 0.500000
vt 0.935601 0.500000
vt 0.953125 0.500000
vt 0.984375 0.500000
vt 0.968750 0.500000
vt 1.000000 0.500000
vt 0.984328 0.500000
vt 1.000000 0.500000
vt 1.000000 0.500000
vt 1.000000 0.500000
vt 0.982096 0.500000
vt 0.950521 0.500000
vt 0.891602 0.500000
vt 0.791667 0.500000
vt 0.884657 0.500000
vt 0.922309 0.500000
vt 0.033333 0.500000
vt 0.034309 0.500000
vt 0.017961 0.500000
vt 0.059947 0.500000
vt 0.047912 0.500000
vt 0.078660 0.500000
vt 0.090303 0.500000
vt 0.087291 0.500000
vt 0.000000 0.500000
vt 0.002441 0.500000
vt 0.015625 0.500000
vt 0.046875 0.500000
vt 0.031250 0.500000
vt 0.048509 0.500000
vt 0.145602 0.500000
vt 0.163002 0.500000
vt 0.164906 0.500000
vt 0.156250 0.500000
vt 0.065918 0.500000
vt 0.019531 0.500000
vt 0.468750 0.500000
vt 0.453445 0.500000
vt 0.453165 0.500000
vt 0.484056 0.500000
vt 0.468750 0.500000
vt 0.453977 0.500000
vt 0.483523 0.500000
vt 0.468750 0.500000
vt 0.437500 0.500000
vt 0.437603 0.500000
vt 0.453125 0.500000
vt 0.484375 0.500000
vt 0.468750 0.500000
vt 0.484335 0.500000
vt 0.483934 0.500000
vt 0.468750 0.500000
vt 0.453566 0.500000
vt 0.442708 0.500000
vt 0.440159 0.500000
vt 0.438320 0.500000
vt 0.904194 0.500000
vt 0.877580 0.500000
vt 0.888994 0.500000
vt 0.904249 0.500000
vt 0.889805 0.500000
vt 0.847275 0.500000
vt 0.861705 0.500000
vt 0.850833 0.500000
vt 0.875000 0.500000
vt 0.873668 0.500000
vt 0.890625 0.500000
vt 0.921875 0.500000
vt 0.906250 0.500000
vt 0.919672 0.500000
vt 0.775930 0.500000
vt 0.775367 0.500000
vt 0.792006 0.500000
vt 0.807292 0.500000
vt 0.840428 0.500000
vt 0.864342 0.500000
vt 0.406515 0.500000
vt 0.392825 0.500000
vt 0.390900 0.500000
vt 0.423436 0.500000
vt 0.408372 0.500000
vt 0.397686 0.500000
vt 0.427233 0.500000
vt 0.413327 0.500000
vt 0.375000 0.500000
vt 0.375307 0.500000
vt 0.390625 0.500000
vt 0.421875 0.500000
vt 0.406250 0.500000
vt 0.422070 0.500000
vt 0.435286 0.500000
vt 0.422550 0.500000
vt 0.404918 0.500000
vt 0.390625 0.500000
vt 0.382978 0.500000
vt 0.377460 0.500000
vt 0.842159 0.500000
vt 0.817160 0.500000
vt 0.826754 0.500000
vt 0.847771 0.500000
vt 0.831019 0.500000
vt 0.791720 0.500000
vt 0.821266 0.500000
vt 0.801288 0.500000
vt 0.811373 0.500000
vt 0.828125 0.500000
vt 0.859375 0.500000
vt 0.843750 0.500000
vt 0.857925 0.500000
vt 0.775824 0.500000
vt 0.745949 0.500000
vt 0.745456 0.500000
vt 0.344281 0.500000
vt 0.332206 0.500000
vt 0.328635 0.500000
vt 0.362817 0.500000
vt 0.347994 0.500000
vt 0.341396 0.500000
vt 0.370942 0.500000
vt 0.357904 0.500000
vt 0.313012 0.500000
vt 0.328125 0.500000
vt 0.359375 0.500000
vt 0.343750 0.500000
vt 0.359805 0.500000
vt 0.386637 0.500000
vt 0.376350 0.500000
vt 0.356270 0.500000
vt 0.283284 0.500000
vt 0.469415 0.500000
vt 0.301016 0.500000
vt 0.281509 0.500000
vt 0.223281 0.500000
vt 0.312079 0.500000
vt 0.258178 0.500000
vt 0.343413 0.500000
vt 0.296464 0.500000
vt 0.374748 0.500000
vt 0.334750 0.500000
vt 0.406082 0.500000
vt 0.373036 0.500000
vt 0.437416 0.500000
vt 0.411321 0.500000
vt 0.468751 0.500000
vt 0.449607 0.500000
vt 0.500085 0.500000
vt 0.487893 0.500000
vt 0.531420 0.500000
vt 0.526179 0.500000
vt 0.562754 0.500000
vt 0.564465 0.500000
vt 0.594089 0.500000
vt 0.602751 0.500000
vt 0.625423 0.500000
vt 0.641037 0.500000
vt 0.656007 0.500000
vt 0.679323 0.500000
vt 0.654842 0.500000
vt 0.714294 0.500000
vt 0.638621 0.500000
vt 0.298014 0.500000
vt 0.470052 0.500000
vt 0.644043 0.500000
vt 0.968750 0.502059
vt 0.984375 0.511435
vt 0.984375 0.502059
vt 0.953125 0.502059
vt 0.968750 0.511435
vt 0.984375 0.535445
vt 0.953125 0.535445
vt 0.968750 0.535445
vt 1.000000 0.502059
vt 0.937500 0.502059
vt 0.953125 0.511435
vt 0.937500 0.511435
vt 1.000000 0.535445
vt 1.000000 0.511435
vt 0.906250 0.502059
vt 0.921875 0.511435
vt 0.921875 0.502059
vt 0.890625 0.502059
vt 0.906250 0.511435
vt 0.921875 0.535445
vt 0.890625 0.535445
vt 0.906250 0.535445
vt 0.875000 0.502059
vt 0.890625 0.511435
vt 0.875000 0.511435
vt 0.937500 0.535445
vt 0.843750 0.502059
vt 0.859375 0.511435
vt 0.859375 0.502059
vt 0.828125 0.502059
vt 0.843750 0.511435
vt 0.859375 0.535445
vt 0.828125 0.535445
vt 0.843750 0.535445
vt 0.812500 0.502059
vt 0.828125 0.511435
vt 0.812500 0.511435
vt 0.875000 0.535445
vt 0.781250 0.502059
vt 0.796875 0.511435
vt 0.796875 0.502059
vt 0.765625 0.502059
vt 0.781250 0.511435
vt 0.796875 0.535445
vt 0.765625 0.535445
vt 0.781250 0.535445
vt 0.750000 0.502059
vt 0.765625 0.511435
vt 0.750000 0.511435
vt 0.812500 0.535445
vt 0.718750 0.502059
vt 0.734375 0.511435
vt 0.734375 0.502059
vt 0.703125 0.502059
vt 0.718750 0.511435
vt 0.734375 0.535445
vt 0.703125 0.535445
vt 0.718750 0.535445
vt 0.687500 0.502059
vt 0.703125 0.511435
vt 0.687500 0.511435
vt 0.750000 0.535445
vt 0.656250 0.502059
vt 0.671875 0.511435
vt 0.671875 0.502059
vt 0.640625 0.502059
vt 0.656250 0.511435
vt 0.671875 0.535445
vt 0.640625 0.535445
vt 0.656250 0.535445
vt 0.625000 0.502059
vt 0.640625 0.511435
vt 0.625000 0.511435
vt 0.687500 0.535445
vt 0.593750 0.502059
vt 0.609375 0.511435
vt 0.609375 0.502059
vt 0.578125 0.502059
vt 0.593750 0.511435
vt 0.609375 0.535445
vt 0.578125 0.535445
vt 0.593750 0.535445
vt 0.562500 0.502059
vt 0.578125 0.511435
vt 0.562500 0.511435
vt 0.625000 0.535445
vt 0.531250 0.502059
vt 0.546875 0.511435
vt 0.546875 0.502059
vt 0.515625 0.502059
vt 0.531250 0.511435
vt 0.546875 0.535445
vt 0.515625 0.535445
vt 0.531250 0.535445
vt 0.500000 0.502059
vt 0.515625 0.511435
vt 0.500000 0.511435
vt 0.562500 0.535445
vt 0.468750 0.502059
vt 0.484375 0.511435
vt 0.484375 0.502059
vt 0.453125 0.502059
vt 0.468750 0.511435
vt 0.484375 0.535445
vt 0.453125 0.535445
vt 0.468750 0.535445
vt 0.437500 0.502059
vt 0.453125 0.511435
vt 0.437500 0.511435
vt 0.500000 0.535445
vt 0.406250 0.502059
vt 0.421875 0.511435
vt 0.421875 0.502059
vt 0.390625 0.502059
vt 0.406250 0.511435
vt 0.421875 0.535445
vt 0.390625 0.535445
vt 0.406250 0.535445
vt 0.375000 0.502059
vt 0.390625 0.511435
vt 0.375000 0.511435
vt 0.437500 0.535445
vt 0.343750 0.502059
vt 0.359375 0.511435
vt 0.359375 0.502059
vt 0.328125 0.502059
vt 0.343750 0.511435
vt 0.359375 0.535445
vt 0.328125 0.535445
vt 0.343750 0.535445
vt 0.312500 0.502059
vt 0.328125 0.511435
vt 0.312500 0.511435
vt 0.375000 0.535445
vt 0.281250 0.502059
vt 0.296875 0.511435
vt 0.296875 0.502059
vt 0.265625 0.502059
vt 0.281250 0.511435
vt 0.296875 0.535445
vt 0.265625 0.535445
vt 0.281250 0.535445
vt 0.250000 0.502059
vt 0.265625 0.511435
vt 0.250000 0.511435
vt 0.312500 0.535445
vt 0.218750 0.502059
vt 0.234375 0.511435
vt 0.234375 0.502059
vt 0.203125 0.502059
vt 0.218750 0.511435
vt 0.234375 0.535445
vt 0.203125 0.535445
vt 0.218750 0.535445
vt 0.187500 0.502059
vt 0.203125 0.511435
vt 0.187500 0.511435
vt 0.250000 0.535445
vt 0.156250 0.502059
vt 0.171875 0.511435
vt 0.171875 0.502059
vt 0.140625 0.502059
vt 0.156250 0.511435
vt 0.171875 0.535445
vt 0.140625 0.535445
vt 0.156250 0.535445
vt 0.125000 0.502059
vt 0.140625 0.511435
vt 0.125000 0.511435
vt 0.187500 0.535445
vt 0.093750 0.502059
vt 0.109375 0.511435
vt 0.109375 0.502059
vt 0.078125 0.502059
vt 0.093750 0.511435
vt 0.109375 0.535445
vt 0.078125 0.535445
vt 0.093750 0.535445
vt 0.062500 0.502059
vt 0.078125 0.511435
vt 0.062500 0.511435
vt 0.125000 0.535445
vt 0.031250 0.502059
vt 0.046875 0.511435
vt 0.046875 0.502059
vt 0.015625 0.502059
vt 0.031250 0.511435
vt 0.046875 0.535445
vt 0.015625 0.535445
vt 0.031250 0.535445
vt 0.000000 0.502059
vt 0.015625 0.511435
vt 0.000000 0.511435
vt 0.000000 0.581405
vt 0.062500 0.535445
vt 0.968750 1.000000
vt 0.002441 0.500000
vt 0.468773 0.500000
vt 0.875000 0.500000
vt 0.062500 0.500000
vt 0.906250 1.000000
vt 0.843750 1.000000
vt 0.781250 1.000000
vt 0.718750 1.000000
vt 0.656250 1.000000
vt 0.593750 1.000000
vt 0.531250 1.000000
vt 0.468750 1.000000
vt 0.406250 1.000000
vt 0.343750 1.000000
vt 0.281250 1.000000
vt 0.218750 1.000000
vt 0.156250 1.000000
vt 0.093750 1.000000
vt 0.031250 1.000000
vt 0.468750 0.500000
vt 0.000000 0.975000
vt 0.125000 0.975000
vt 1.000000 0.500000
vt 0.468773 0.500000
vt 0.000000 0.535445
vn 0.0282 -0.0930 0.9952
vn 0.0636 -0.3200 0.9453
vn 0.0946 -0.3122 0.9453
vn 0.0095 -0.0967 0.9952
vn 0.0190 -0.0953 0.9952
vn 0.1279 -0.6433 0.7548
vn 0.1902 -0.6277 0.7548
vn 0.0321 -0.3247 0.9453
vn -0.1180 0.2848 0.9513
vn 0.0372 -0.0898 0.9952
vn -0.0894 0.2951 0.9513
vn -0.0303 0.3068 0.9513
vn -0.0602 0.3024 0.9512
vn 0.0000 0.3082 0.9513
vn 0.0000 -0.0972 0.9952
vn 0.0000 -0.3262 0.9452
vn 0.0645 -0.6527 0.7548
vn 0.0000 -0.6559 0.7548
vn 0.0882 -0.8925 0.4422
vn 0.1750 -0.8797 0.4422
vn 0.2601 -0.8584 0.4422
vn 0.2510 -0.6060 0.7548
vn 0.3432 -0.8286 0.4422
vn 0.1249 -0.3014 0.9452
vn 0.0071 -0.0722 -0.9973
vn -0.0456 0.2291 -0.9723
vn -0.0229 0.2325 -0.9723
vn 0.0210 -0.0694 -0.9973
vn 0.0141 -0.0711 -0.9973
vn -0.1276 0.6414 -0.7565
vn -0.0643 0.6508 -0.7565
vn -0.0677 0.2235 -0.9723
vn 0.0000 -0.1744 -0.9846
vn 0.0000 -0.0725 -0.9973
vn 0.0171 -0.1735 -0.9846
vn 0.0506 -0.1669 -0.9846
vn 0.0340 -0.1711 -0.9846
vn 0.0667 -0.1611 -0.9846
vn 0.0277 -0.0670 -0.9973
vn -0.0894 0.2158 -0.9723
vn -0.1896 0.6258 -0.7565
vn -0.2503 0.6042 -0.7565
vn -0.2652 0.8754 -0.4041
vn -0.1784 0.8971 -0.4041
vn -0.0899 0.9103 -0.4041
vn 0.0000 0.6540 -0.7565
vn 0.0000 0.9147 -0.4041
vn 0.0000 0.2336 -0.9723
vn -0.0639 -0.0342 -0.9973
vn 0.1942 0.1297 -0.9723
vn 0.2059 0.1102 -0.9723
vn -0.0561 -0.0460 -0.9973
vn -0.0603 -0.0403 -0.9973
vn 0.5437 0.3633 -0.7565
vn 0.5766 0.3085 -0.7565
vn 0.1806 0.1481 -0.9723
vn -0.1611 -0.0667 -0.9846
vn -0.0670 -0.0277 -0.9973
vn -0.1538 -0.0822 -0.9846
vn -0.1348 -0.1106 -0.9846
vn -0.1450 -0.0969 -0.9846
vn -0.1233 -0.1233 -0.9846
vn -0.0512 -0.0512 -0.9973
vn 0.1652 0.1652 -0.9723
vn 0.5056 0.4147 -0.7565
vn 0.4624 0.4624 -0.7565
vn 0.7073 0.5800 -0.4041
vn 0.7606 0.5082 -0.4041
vn 0.8065 0.4314 -0.4041
vn 0.6042 0.2503 -0.7565
vn 0.8451 0.3500 -0.4041
vn 0.2158 0.0894 -0.9723
vn -0.0930 -0.0282 0.9952
vn -0.3200 -0.0636 0.9453
vn -0.3122 -0.0946 0.9453
vn -0.0967 -0.0096 0.9952
vn -0.0953 -0.0190 0.9952
vn -0.6433 -0.1279 0.7548
vn -0.6277 -0.1902 0.7548
vn -0.3247 -0.0321 0.9453
vn 0.2848 0.1180 0.9513
vn -0.0898 -0.0372 0.9952
vn 0.2951 0.0894 0.9513
vn 0.3068 0.0303 0.9513
vn 0.3024 0.0602 0.9513
vn 0.3082 0.0000 0.9513
vn -0.0972 0.0000 0.9952
vn -0.3262 0.0000 0.9452
vn -0.6527 -0.0645 0.7548
vn -0.6559 0.0000 0.7548
vn -0.8925 -0.0882 0.4422
vn -0.8797 -0.1750 0.4422
vn -0.8584 -0.2601 0.4422
vn -0.6060 -0.2510 0.7548
vn -0.8286 -0.3432 0.4422
vn -0.3014 -0.1249 0.9452
vn -0.0722 -0.0071 -0.9973
vn 0.2291 0.0456 -0.9723
vn 0.2324 0.0229 -0.9723
vn -0.0694 -0.0210 -0.9973
vn -0.0711 -0.0141 -0.9973
vn 0.6414 0.1276 -0.7565
vn 0.6508 0.0643 -0.7565
vn 0.2235 0.0677 -0.9723
vn -0.1744 0.0000 -0.9846
vn -0.0725 0.0000 -0.9973
vn -0.1735 -0.0171 -0.9846
vn -0.1669 -0.0506 -0.9846
vn -0.1710 -0.0340 -0.9846
vn 0.6258 0.1896 -0.7565
vn 0.8754 0.2652 -0.4041
vn 0.8971 0.1784 -0.4041
vn 0.9103 0.0899 -0.4041
vn 0.6540 0.0000 -0.7565
vn 0.9147 0.0000 -0.4041
vn 0.2336 0.0000 -0.9723
vn 0.0751 0.0616 0.9952
vn 0.2712 0.1812 0.9453
vn 0.2522 0.2069 0.9453
vn 0.0857 0.0458 0.9952
vn 0.0808 0.0540 0.9952
vn 0.5453 0.3644 0.7548
vn 0.5071 0.4159 0.7548
vn 0.2877 0.1539 0.9453
vn -0.2179 -0.2179 0.9513
vn 0.0687 0.0687 0.9952
vn -0.2384 -0.1955 0.9513
vn -0.2719 -0.1454 0.9513
vn -0.2564 -0.1713 0.9512
vn -0.2848 -0.1180 0.9513
vn 0.0898 0.0372 0.9952
vn 0.3014 0.1249 0.9452
vn 0.5784 0.3094 0.7548
vn 0.6060 0.2510 0.7548
vn 0.7909 0.4230 0.4422
vn 0.7458 0.4983 0.4422
vn 0.6935 0.5687 0.4422
vn 0.4638 0.4638 0.7548
vn 0.6342 0.6342 0.4422
vn 0.2307 0.2307 0.9452
vn -0.0694 0.0210 -0.9973
vn 0.2291 -0.0456 -0.9723
vn 0.2235 -0.0677 -0.9723
vn -0.0721 0.0071 -0.9973
vn -0.0711 0.0141 -0.9973
vn 0.6414 -0.1276 -0.7565
vn 0.6258 -0.1896 -0.7565
vn 0.2325 -0.0229 -0.9723
vn -0.1611 0.0667 -0.9846
vn -0.0670 0.0277 -0.9973
vn -0.1669 0.0506 -0.9846
vn -0.1735 0.0171 -0.9846
vn -0.1711 0.0340 -0.9846
vn 0.6508 -0.0643 -0.7565
vn 0.9103 -0.0899 -0.4041
vn 0.8971 -0.1784 -0.4041
vn 0.8754 -0.2652 -0.4041
vn 0.6042 -0.2503 -0.7565
vn 0.8451 -0.3500 -0.4041
vn 0.2159 -0.0894 -0.9723
vn -0.0282 0.0930 0.9952
vn -0.0636 0.3200 0.9453
vn -0.0946 0.3122 0.9453
vn -0.0096 0.0967 0.9952
vn -0.0190 0.0953 0.9952
vn -0.1279 0.6433 0.7548
vn -0.1902 0.6277 0.7548
vn -0.0321 0.3247 0.9453
vn 0.1180 -0.2848 0.9513
vn -0.0372 0.0898 0.9952
vn 0.0894 -0.2951 0.9513
vn 0.0303 -0.3068 0.9513
vn 0.0602 -0.3024 0.9512
vn 0.0000 -0.3082 0.9513
vn 0.0000 0.0972 0.9952
vn 0.0000 0.3262 0.9452
vn -0.0645 0.6527 0.7548
vn 0.0000 0.6559 0.7548
vn -0.0882 0.8925 0.4422
vn -0.1750 0.8797 0.4422
vn -0.2601 0.8584 0.4422
vn -0.2510 0.6060 0.7548
vn -0.3432 0.8286 0.4422
vn -0.1249 0.3014 0.9452
vn 0.0616 -0.0751 0.9952
vn 0.1812 -0.2712 0.9453
vn 0.2069 -0.2522 0.9453
vn 0.0458 -0.0857 0.9952
vn 0.0540 -0.0808 0.9952
vn 0.3644 -0.5453 0.7548
vn 0.4159 -0.5072 0.7548
vn 0.1539 -0.2877 0.9453
vn -0.2179 0.2179 0.9513
vn 0.0687 -0.0687 0.9952
vn -0.1955 0.2384 0.9513
vn -0.1454 0.2719 0.9513
vn -0.1713 0.2564 0.9512
vn 0.3094 -0.5783 0.7548
vn 0.4230 -0.7909 0.4422
vn 0.4983 -0.7458 0.4422
vn 0.5687 -0.6935 0.4422
vn 0.4638 -0.4638 0.7548
vn 0.6342 -0.6342 0.4422
vn 0.2307 -0.2307 0.9452
vn -0.0561 0.0460 -0.9973
vn 0.1942 -0.1297 -0.9723
vn 0.1806 -0.1481 -0.9723
vn -0.0639 0.0342 -0.9973
vn -0.0603 0.0403 -0.9973
vn 0.5437 -0.3633 -0.7565
vn 0.5056 -0.4147 -0.7565
vn 0.2060 -0.1102 -0.9723
vn -0.1233 0.1233 -0.9846
vn -0.0513 0.0513 -0.9973
vn -0.1348 0.1106 -0.9846
vn -0.1538 0.0822 -0.9846
vn -0.1450 0.0969 -0.9846
vn 0.5766 -0.3085 -0.7565
vn 0.8066 -0.4314 -0.4041
vn 0.7606 -0.5082 -0.4041
vn 0.7073 -0.5801 -0.4041
vn 0.4624 -0.4624 -0.7565
vn 0.6468 -0.6468 -0.4041
vn 0.1652 -0.1652 -0.9723
vn -0.0751 -0.0616 0.9952
vn -0.2712 -0.1812 0.9453
vn -0.2522 -0.2069 0.9453
vn -0.0857 -0.0458 0.9952
vn -0.0808 -0.0540 0.9952
vn -0.5453 -0.3644 0.7548
vn -0.5072 -0.4159 0.7548
vn -0.2877 -0.1539 0.9453
vn 0.2179 0.2179 0.9513
vn -0.0687 -0.0687 0.9952
vn 0.2384 0.1955 0.9513
vn 0.2719 0.1454 0.9513
vn 0.2564 0.1713 0.9512
vn -0.5783 -0.3094 0.7548
vn -0.7909 -0.4230 0.4422
vn -0.7458 -0.4983 0.4422
vn -0.6935 -0.5687 0.4422
vn -0.4638 -0.4638 0.7548
vn -0.6342 -0.6342 0.4422
vn -0.2307 -0.2307 0.9452
vn -0.0342 0.0639 -0.9973
vn 0.1298 -0.1942 -0.9723
vn 0.1102 -0.2060 -0.9723
vn -0.0460 0.0561 -0.9973
vn -0.0403 0.0603 -0.9973
vn 0.3633 -0.5437 -0.7565
vn 0.3085 -0.5766 -0.7565
vn 0.1481 -0.1806 -0.9723
vn -0.0667 0.1611 -0.9846
vn -0.0277 0.0670 -0.9973
vn -0.0822 0.1538 -0.9846
vn -0.1106 0.1348 -0.9846
vn -0.0969 0.1450 -0.9846
vn 0.4147 -0.5056 -0.7565
vn 0.5801 -0.7073 -0.4041
vn 0.5082 -0.7606 -0.4041
vn 0.4314 -0.8065 -0.4041
vn 0.2503 -0.6042 -0.7565
vn 0.3500 -0.8451 -0.4041
vn 0.0894 -0.2158 -0.9723
vn 0.0458 0.0857 0.9952
vn 0.1812 0.2712 0.9453
vn 0.1539 0.2877 0.9453
vn 0.0616 0.0751 0.9952
vn 0.0540 0.0808 0.9952
vn 0.3644 0.5453 0.7548
vn 0.3094 0.5784 0.7548
vn 0.2069 0.2522 0.9453
vn -0.1180 -0.2848 0.9513
vn 0.0372 0.0898 0.9952
vn -0.1454 -0.2719 0.9513
vn -0.1955 -0.2384 0.9513
vn -0.1713 -0.2564 0.9512
vn 0.4159 0.5071 0.7548
vn 0.5687 0.6935 0.4422
vn 0.4983 0.7458 0.4422
vn 0.4230 0.7909 0.4422
vn 0.2510 0.6060 0.7548
vn 0.3432 0.8286 0.4422
vn 0.1249 0.3014 0.9452
vn -0.0071 0.0722 -0.9973
vn 0.0456 -0.2291 -0.9723
vn 0.0229 -0.2325 -0.9723
vn -0.0210 0.0694 -0.9973
vn -0.0141 0.0711 -0.9973
vn 0.1276 -0.6414 -0.7565
vn 0.0643 -0.6508 -0.7565
vn 0.0677 -0.2235 -0.9723
vn 0.0000 0.1744 -0.9846
vn 0.0000 0.0725 -0.9973
vn -0.0171 0.1735 -0.9846
vn -0.0506 0.1669 -0.9846
vn -0.0340 0.1710 -0.9846
vn 0.1896 -0.6258 -0.7565
vn 0.2652 -0.8754 -0.4041
vn 0.1784 -0.8971 -0.4041
vn 0.0899 -0.9103 -0.4041
vn 0.0000 -0.6540 -0.7565
vn 0.0000 -0.9147 -0.4041
vn 0.0000 -0.2336 -0.9723
vn 0.0973 0.9843 -0.1471
vn 0.1950 0.9807 0.0161
vn 0.1929 0.9701 -0.1471
vn 0.0967 0.9781 0.1843
vn 0.0983 0.9950 0.0161
vn 0.2868 0.9466 -0.1471
vn 0.2850 0.9406 0.1843
vn 0.2899 0.9569 0.0161
vn 0.0899 0.9103 -0.4041
vn 0.0000 0.9891 -0.1471
vn 0.0000 0.9828 0.1843
vn 0.0000 0.9998 0.0161
vn 0.0000 0.8969 0.4422
vn 0.0882 0.8925 0.4422
vn 0.1917 0.9640 0.1843
vn 0.2601 0.8584 0.4422
vn 0.3761 0.9080 0.1843
vn 0.3826 0.9237 0.0161
vn 0.3785 0.9138 -0.1471
vn 0.3500 0.8451 -0.4041
vn 0.2652 0.8754 -0.4041
vn 0.1784 0.8971 -0.4041
vn -0.0616 0.0751 0.9952
vn -0.1812 0.2712 0.9453
vn -0.2069 0.2522 0.9453
vn -0.0458 0.0857 0.9952
vn -0.0540 0.0808 0.9952
vn -0.3644 0.5453 0.7548
vn -0.4159 0.5072 0.7548
vn -0.1539 0.2877 0.9453
vn 0.2179 -0.2179 0.9513
vn -0.0687 0.0687 0.9952
vn 0.1955 -0.2384 0.9513
vn 0.1454 -0.2719 0.9513
vn 0.1713 -0.2564 0.9512
vn -0.3094 0.5783 0.7548
vn -0.4230 0.7909 0.4422
vn -0.4983 0.7458 0.4422
vn -0.5687 0.6935 0.4422
vn -0.4638 0.4638 0.7548
vn -0.6342 0.6342 0.4422
vn -0.2307 0.2307 0.9452
vn 0.0857 -0.0458 0.9952
vn 0.2712 -0.1812 0.9453
vn 0.2877 -0.1539 0.9453
vn 0.0751 -0.0616 0.9952
vn 0.0808 -0.0540 0.9952
vn 0.5453 -0.3644 0.7548
vn 0.5783 -0.3094 0.7548
vn 0.2522 -0.2069 0.9453
vn -0.2847 0.1180 0.9513
vn 0.0898 -0.0372 0.9952
vn -0.2719 0.1454 0.9513
vn -0.2384 0.1955 0.9513
vn -0.2564 0.1713 0.9512
vn 0.5072 -0.4159 0.7548
vn 0.6935 -0.5687 0.4422
vn 0.7458 -0.4983 0.4422
vn 0.7909 -0.4230 0.4422
vn 0.6060 -0.2510 0.7548
vn 0.8286 -0.3432 0.4422
vn 0.3014 -0.1249 0.9452
vn 0.5722 -0.0565 0.8181
vn 0.5795 -0.1153 0.8067
vn 0.5880 -0.0581 0.8068
vn 0.5503 -0.1667 0.8181
vn 0.5640 -0.1122 0.8181
vn 0.6250 -0.1243 0.7706
vn 0.6342 -0.0627 0.7706
vn 0.5655 -0.1713 0.8068
vn 0.5720 0.0000 0.8202
vn 0.5750 0.0000 0.8181
vn 0.5693 -0.0562 0.8202
vn 0.5475 -0.1659 0.8202
vn 0.5611 -0.1116 0.8202
vn 0.5285 -0.2189 0.8202
vn 0.5312 -0.2200 0.8181
vn 0.5459 -0.2261 0.8068
vn 0.6099 -0.1848 0.7706
vn 0.5888 -0.2439 0.7706
vn 0.8991 -0.2708 0.3439
vn 0.9311 -0.1852 0.3143
vn 0.9343 -0.0939 0.3439
vn 0.6373 0.0000 0.7706
vn 0.9276 0.0000 0.3736
vn 0.5909 0.0000 0.8068
vn -0.3700 -0.5538 -0.7459
vn -0.0086 -0.0146 -0.9998
vn -0.3283 -0.6094 -0.7216
vn -0.0101 -0.0135 -0.9998
vn -0.0075 -0.0113 -0.9999
vn 0.0097 0.0161 -0.9998
vn 0.0111 0.0152 -0.9998
vn 0.0099 0.0148 -0.9998
vn -0.3549 -0.8570 0.3736
vn -0.2749 -0.6637 -0.6956
vn -0.4443 -0.8272 0.3438
vn -0.5943 -0.7270 0.3439
vn -0.5274 -0.7893 0.3143
vn -0.6559 -0.6559 0.3736
vn -0.4374 -0.5366 -0.7216
vn -0.0149 -0.0149 -0.9998
vn 0.0141 0.0141 -0.9998
vn 0.0123 0.0123 -0.9998
vn 0.0078 0.0112 -0.9999
vn 0.0066 0.0099 -0.9999
vn 0.0074 0.0114 -0.9999
vn 0.0067 0.0161 -0.9998
vn 0.0076 0.0184 -0.9998
vn -0.0081 -0.0195 -0.9998
vn -0.2712 -0.5070 0.8181
vn -0.3283 -0.4913 0.8067
vn -0.2787 -0.5210 0.8068
vn -0.3646 -0.4446 0.8181
vn -0.3194 -0.4781 0.8181
vn -0.3540 -0.5299 0.7706
vn -0.3006 -0.5619 0.7706
vn -0.3747 -0.4569 0.8068
vn -0.2189 -0.5285 0.8202
vn -0.2200 -0.5312 0.8181
vn -0.2698 -0.5044 0.8202
vn -0.3628 -0.4423 0.8202
vn -0.3178 -0.4757 0.8202
vn -0.4045 -0.4045 0.8202
vn -0.4066 -0.4066 0.8181
vn -0.4178 -0.4178 0.8068
vn -0.4041 -0.4928 0.7706
vn -0.4506 -0.4506 0.7706
vn -0.2438 -0.5888 0.7706
vn -0.2261 -0.5459 0.8068
vn -0.3646 0.4446 0.8181
vn -0.3283 0.4913 0.8068
vn -0.3747 0.4569 0.8068
vn -0.2712 0.5070 0.8181
vn -0.3194 0.4781 0.8181
vn -0.3540 0.5299 0.7706
vn -0.4041 0.4928 0.7706
vn -0.2787 0.5210 0.8068
vn -0.4045 0.4045 0.8202
vn -0.4066 0.4066 0.8181
vn -0.3628 0.4423 0.8202
vn -0.2698 0.5044 0.8202
vn -0.3178 0.4757 0.8202
vn -0.2189 0.5285 0.8202
vn -0.2200 0.5312 0.8181
vn -0.2261 0.5459 0.8068
vn -0.3006 0.5619 0.7706
vn -0.2439 0.5888 0.7706
vn -0.4443 0.8272 0.3439
vn -0.5274 0.7893 0.3143
vn -0.5942 0.7270 0.3439
vn -0.4506 0.4506 0.7706
vn -0.6559 0.6559 0.3736
vn -0.4178 0.4178 0.8068
vn 0.4446 0.3646 0.8181
vn 0.4913 0.3283 0.8067
vn 0.4569 0.3747 0.8068
vn 0.5070 0.2712 0.8181
vn 0.4781 0.3194 0.8181
vn 0.5299 0.3540 0.7706
vn 0.4928 0.4041 0.7706
vn 0.5210 0.2787 0.8068
vn 0.4045 0.4045 0.8202
vn 0.4066 0.4066 0.8181
vn 0.4423 0.3628 0.8202
vn 0.5044 0.2698 0.8202
vn 0.4757 0.3178 0.8202
vn 0.5285 0.2189 0.8202
vn 0.5312 0.2200 0.8181
vn 0.5459 0.2261 0.8068
vn 0.5619 0.3006 0.7706
vn 0.5887 0.2439 0.7706
vn 0.8272 0.4443 0.3439
vn 0.7893 0.5274 0.3143
vn 0.7270 0.5943 0.3439
vn 0.4506 0.4506 0.7706
vn 0.6559 0.6559 0.3736
vn 0.4178 0.4178 0.8068
vn 0.1667 -0.5503 0.8181
vn 0.1153 -0.5795 0.8067
vn 0.1713 -0.5655 0.8068
vn 0.0565 -0.5722 0.8181
vn 0.1122 -0.5640 0.8181
vn 0.1243 -0.6250 0.7706
vn 0.1848 -0.6099 0.7706
vn 0.0581 -0.5880 0.8068
vn 0.2189 -0.5285 0.8202
vn 0.2200 -0.5312 0.8181
vn 0.1659 -0.5475 0.8202
vn 0.0562 -0.5693 0.8202
vn 0.1116 -0.5611 0.8202
vn 0.0000 -0.5720 0.8202
vn 0.0000 -0.5750 0.8181
vn 0.0000 -0.5908 0.8068
vn 0.0627 -0.6342 0.7706
vn 0.0000 -0.6373 0.7706
vn 0.0939 -0.9343 0.3439
vn 0.1852 -0.9311 0.3143
vn 0.2708 -0.8991 0.3439
vn 0.2439 -0.5888 0.7706
vn 0.3550 -0.8570 0.3736
vn 0.2261 -0.5459 0.8068
vn 0.0565 0.5722 0.8181
vn 0.1153 0.5795 0.8068
vn 0.0581 0.5880 0.8068
vn 0.1667 0.5503 0.8181
vn 0.1122 0.5640 0.8181
vn 0.1243 0.6250 0.7706
vn 0.0627 0.6342 0.7706
vn 0.1713 0.5655 0.8068
vn 0.0000 0.5720 0.8202
vn 0.0000 0.5750 0.8181
vn 0.0562 0.5693 0.8202
vn 0.1659 0.5475 0.8202
vn 0.1116 0.5611 0.8202
vn 0.2189 0.5285 0.8202
vn 0.2200 0.5312 0.8181
vn 0.2261 0.5459 0.8068
vn 0.1848 0.6099 0.7706
vn 0.2439 0.5888 0.7706
vn 0.2708 0.8991 0.3439
vn 0.1852 0.9311 0.3143
vn 0.0939 0.9343 0.3439
vn 0.0000 0.6373 0.7706
vn 0.0000 0.9276 0.3736
vn 0.0000 0.5908 0.8068
vn -0.5722 0.0565 0.8181
vn -0.5795 0.1153 0.8067
vn -0.5880 0.0581 0.8068
vn -0.5503 0.1667 0.8181
vn -0.5640 0.1122 0.8181
vn -0.6250 0.1243 0.7706
vn -0.6342 0.0627 0.7706
vn -0.5655 0.1713 0.8068
vn -0.5720 0.0000 0.8202
vn -0.5750 0.0000 0.8181
vn -0.5693 0.0562 0.8202
vn -0.5475 0.1659 0.8202
vn -0.5611 0.1116 0.8202
vn -0.5285 0.2189 0.8202
vn -0.5312 0.2200 0.8181
vn -0.5459 0.2261 0.8068
vn -0.6099 0.1848 0.7706
vn -0.5888 0.2439 0.7706
vn -0.8991 0.2708 0.3439
vn -0.9311 0.1852 0.3143
vn -0.9343 0.0939 0.3439
vn -0.6373 0.0000 0.7706
vn -0.9276 0.0000 0.3736
vn -0.5909 0.0000 0.8068
vn 0.5070 -0.2712 0.8181
vn 0.4913 -0.3283 0.8067
vn 0.5210 -0.2787 0.8068
vn 0.4446 -0.3646 0.8181
vn 0.4781 -0.3194 0.8181
vn 0.5299 -0.3540 0.7706
vn 0.5619 -0.3006 0.7706
vn 0.4569 -0.3747 0.8068
vn 0.5044 -0.2698 0.8202
vn 0.4423 -0.3628 0.8202
vn 0.4757 -0.3178 0.8202
vn 0.4045 -0.4045 0.8202
vn 0.4066 -0.4066 0.8181
vn 0.4178 -0.4178 0.8068
vn 0.4928 -0.4041 0.7706
vn 0.4506 -0.4506 0.7706
vn 0.7270 -0.5943 0.3439
vn 0.7893 -0.5274 0.3143
vn 0.8272 -0.4443 0.3439
vn 0.8570 -0.3550 0.3736
vn -0.4446 -0.3646 0.8181
vn -0.4913 -0.3283 0.8067
vn -0.4569 -0.3747 0.8068
vn -0.5070 -0.2712 0.8181
vn -0.4781 -0.3194 0.8181
vn -0.5299 -0.3540 0.7706
vn -0.4928 -0.4041 0.7706
vn -0.5210 -0.2787 0.8068
vn -0.4423 -0.3628 0.8202
vn -0.5044 -0.2698 0.8202
vn -0.4757 -0.3178 0.8202
vn -0.5285 -0.2189 0.8202
vn -0.5312 -0.2200 0.8181
vn -0.5459 -0.2261 0.8068
vn -0.5619 -0.3006 0.7706
vn -0.5888 -0.2439 0.7706
vn -0.8272 -0.4443 0.3439
vn -0.7893 -0.5274 0.3143
vn -0.7270 -0.5942 0.3439
vn -0.1667 0.5503 0.8181
vn -0.1153 0.5795 0.8067
vn -0.1713 0.5655 0.8068
vn -0.0565 0.5722 0.8181
vn -0.1122 0.5640 0.8181
vn -0.1243 0.6250 0.7706
vn -0.1848 0.6099 0.7706
vn -0.0581 0.5880 0.8068
vn -0.1659 0.5475 0.8202
vn -0.0562 0.5693 0.8202
vn -0.1116 0.5611 0.8202
vn -0.0627 0.6342 0.7706
vn -0.0939 0.9343 0.3439
vn -0.1852 0.9311 0.3142
vn -0.2708 0.8991 0.3439
vn -0.3550 0.8570 0.3736
vn 0.5503 0.1667 0.8181
vn 0.5795 0.1153 0.8067
vn 0.5655 0.1713 0.8068
vn 0.5722 0.0565 0.8181
vn 0.5640 0.1122 0.8181
vn 0.6250 0.1243 0.7706
vn 0.6099 0.1848 0.7706
vn 0.5880 0.0581 0.8068
vn 0.5475 0.1659 0.8202
vn 0.5693 0.0562 0.8202
vn 0.5611 0.1116 0.8202
vn 0.6342 0.0627 0.7706
vn 0.9343 0.0939 0.3439
vn 0.9311 0.1852 0.3142
vn 0.8991 0.2708 0.3439
vn 0.8570 0.3550 0.3736
vn -0.0565 -0.5722 0.8181
vn -0.1153 -0.5795 0.8067
vn -0.0581 -0.5880 0.8068
vn -0.1667 -0.5503 0.8181
vn -0.1122 -0.5640 0.8181
vn -0.1243 -0.6250 0.7706
vn -0.0627 -0.6342 0.7706
vn -0.1713 -0.5655 0.8068
vn -0.0562 -0.5693 0.8202
vn -0.1659 -0.5475 0.8202
vn -0.1116 -0.5611 0.8202
vn -0.1848 -0.6099 0.7706
vn -0.2708 -0.8991 0.3439
vn -0.1852 -0.9311 0.3143
vn -0.0939 -0.9343 0.3439
vn 0.0000 -0.9275 0.3736
vn -0.5070 0.2712 0.8181
vn -0.4913 0.3283 0.8067
vn -0.5210 0.2787 0.8068
vn -0.4446 0.3646 0.8181
vn -0.4781 0.3194 0.8181
vn -0.5299 0.3540 0.7706
vn -0.5619 0.3006 0.7706
vn -0.4569 0.3747 0.8068
vn -0.5044 0.2698 0.8202
vn -0.4423 0.3628 0.8202
vn -0.4757 0.3178 0.8202
vn -0.4928 0.4041 0.7706
vn -0.7270 0.5943 0.3439
vn -0.7893 0.5274 0.3143
vn -0.8272 0.4443 0.3439
vn -0.8570 0.3550 0.3736
vn 0.2712 0.5070 0.8181
vn 0.3283 0.4913 0.8068
vn 0.2787 0.5210 0.8068
vn 0.3646 0.4446 0.8181
vn 0.3194 0.4781 0.8181
vn 0.3540 0.5299 0.7706
vn 0.3006 0.5619 0.7706
vn 0.3747 0.4569 0.8068
vn 0.2698 0.5044 0.8202
vn 0.3628 0.4423 0.8202
vn 0.3178 0.4757 0.8202
vn 0.4041 0.4928 0.7706
vn 0.5943 0.7270 0.3439
vn 0.5274 0.7893 0.3143
vn 0.4443 0.8272 0.3439
vn 0.3550 0.8570 0.3736
vn 0.3646 -0.4446 0.8181
vn 0.3283 -0.4913 0.8067
vn 0.3747 -0.4569 0.8068
vn 0.2712 -0.5070 0.8181
vn 0.3194 -0.4781 0.8181
vn 0.3540 -0.5299 0.7706
vn 0.4041 -0.4928 0.7706
vn 0.2787 -0.5210 0.8068
vn 0.3628 -0.4423 0.8202
vn 0.2698 -0.5044 0.8202
vn 0.3178 -0.4757 0.8202
vn 0.3006 -0.5619 0.7706
vn 0.4443 -0.8272 0.3439
vn 0.5274 -0.7893 0.3143
vn 0.5942 -0.7270 0.3439
vn 0.6559 -0.6559 0.3736
vn -0.5503 -0.1667 0.8181
vn -0.5795 -0.1153 0.8067
vn -0.5655 -0.1713 0.8068
vn -0.5722 -0.0565 0.8181
vn -0.5640 -0.1122 0.8181
vn -0.6250 -0.1243 0.7706
vn -0.6099 -0.1848 0.7706
vn -0.5880 -0.0581 0.8068
vn -0.5475 -0.1659 0.8202
vn -0.5693 -0.0562 0.8202
vn -0.5611 -0.1116 0.8202
vn -0.6342 -0.0627 0.7706
vn -0.9343 -0.0939 0.3439
vn -0.9311 -0.1852 0.3143
vn -0.8991 -0.2708 0.3439
vn -0.8570 -0.3550 0.3736
vn -0.8158 -0.2472 0.5228
vn -0.7937 -0.1579 0.5874
vn -0.7745 -0.2347 0.5874
vn -0.8483 -0.0838 0.5228
vn -0.8361 -0.1663 0.5228
vn -0.7462 -0.1484 0.6489
vn -0.7281 -0.2206 0.6489
vn -0.8054 -0.0796 0.5874
vn -0.8395 -0.3477 0.4176
vn -0.7875 -0.3262 0.5228
vn -0.8696 -0.2635 0.4175
vn -0.9042 -0.0893 0.4175
vn -0.8912 -0.1773 0.4175
vn -0.9086 0.0000 0.4176
vn -0.8524 0.0000 0.5228
vn -0.8093 0.0000 0.5874
vn -0.7571 -0.0748 0.6489
vn -0.7608 0.0000 0.6489
vn -0.7027 -0.0694 0.7080
vn -0.6926 -0.1378 0.7080
vn -0.6758 -0.2047 0.7080
vn -0.7029 -0.2911 0.6489
vn -0.6524 -0.2702 0.7080
vn -0.7477 -0.3097 0.5874
vn 0.5406 -0.6591 0.5228
vn 0.4496 -0.6729 0.5874
vn 0.5132 -0.6258 0.5874
vn 0.4021 -0.7516 0.5228
vn 0.4736 -0.7088 0.5228
vn 0.4227 -0.6326 0.6489
vn 0.4825 -0.5883 0.6489
vn 0.3817 -0.7136 0.5874
vn 0.6425 -0.6425 0.4176
vn 0.6027 -0.6027 0.5228
vn 0.5762 -0.7026 0.4175
vn 0.4286 -0.8012 0.4175
vn 0.5048 -0.7555 0.4175
vn 0.3477 -0.8395 0.4176
vn 0.3262 -0.7875 0.5228
vn 0.3097 -0.7477 0.5874
vn 0.3589 -0.6709 0.6489
vn 0.2911 -0.7029 0.6489
vn 0.3331 -0.6227 0.7080
vn 0.3923 -0.5872 0.7080
vn 0.4478 -0.5460 0.7080
vn 0.5379 -0.5379 0.6489
vn 0.4993 -0.4993 0.7080
vn 0.5722 -0.5722 0.5874
vn 0.4021 0.7517 0.5228
vn 0.4496 0.6729 0.5874
vn 0.3817 0.7136 0.5874
vn 0.5406 0.6591 0.5228
vn 0.4736 0.7088 0.5228
vn 0.4227 0.6326 0.6489
vn 0.3589 0.6709 0.6489
vn 0.5132 0.6258 0.5874
vn 0.3477 0.8395 0.4176
vn 0.3262 0.7875 0.5228
vn 0.4286 0.8012 0.4175
vn 0.5762 0.7026 0.4175
vn 0.5048 0.7555 0.4175
vn 0.6425 0.6425 0.4176
vn 0.6027 0.6027 0.5228
vn 0.5722 0.5722 0.5874
vn 0.4825 0.5883 0.6489
vn 0.5379 0.5379 0.6490
vn 0.4478 0.5460 0.7080
vn 0.3923 0.5872 0.7080
vn 0.3331 0.6227 0.7080
vn 0.2911 0.7029 0.6490
vn 0.2702 0.6524 0.7080
vn 0.3097 0.7477 0.5874
vn -0.7516 0.4021 0.5228
vn -0.6729 0.4496 0.5874
vn -0.7136 0.3817 0.5874
vn -0.6591 0.5406 0.5228
vn -0.7088 0.4736 0.5228
vn -0.6326 0.4227 0.6489
vn -0.6709 0.3589 0.6489
vn -0.6258 0.5132 0.5874
vn -0.8395 0.3477 0.4176
vn -0.7875 0.3262 0.5228
vn -0.8012 0.4286 0.4175
vn -0.7026 0.5762 0.4175
vn -0.7555 0.5048 0.4175
vn -0.6425 0.6425 0.4176
vn -0.6027 0.6027 0.5228
vn -0.5722 0.5722 0.5874
vn -0.5883 0.4824 0.6489
vn -0.5379 0.5379 0.6490
vn -0.5460 0.4478 0.7080
vn -0.5872 0.3923 0.7080
vn -0.6227 0.3331 0.7080
vn -0.7029 0.2911 0.6489
vn -0.6524 0.2702 0.7080
vn -0.7477 0.3097 0.5874
vn -0.0838 -0.8483 0.5228
vn -0.1579 -0.7937 0.5874
vn -0.0796 -0.8054 0.5874
vn -0.2472 -0.8158 0.5228
vn -0.1663 -0.8361 0.5228
vn -0.1484 -0.7462 0.6489
vn -0.0748 -0.7571 0.6489
vn -0.2347 -0.7745 0.5874
vn 0.0000 -0.9086 0.4176
vn 0.0000 -0.8524 0.5228
vn -0.0893 -0.9042 0.4175
vn -0.2635 -0.8696 0.4175
vn -0.1773 -0.8912 0.4175
vn -0.3477 -0.8395 0.4176
vn -0.3262 -0.7875 0.5228
vn -0.3097 -0.7477 0.5874
vn -0.2206 -0.7281 0.6489
vn -0.2911 -0.7029 0.6490
vn -0.2048 -0.6758 0.7080
vn -0.1378 -0.6926 0.7080
vn -0.0694 -0.7027 0.7080
vn 0.0000 -0.7608 0.6490
vn 0.0000 -0.7062 0.7080
vn 0.0000 -0.8093 0.5874
vn 0.8158 0.2472 0.5228
vn 0.7938 0.1579 0.5874
vn 0.7745 0.2347 0.5874
vn 0.8483 0.0838 0.5228
vn 0.8361 0.1663 0.5228
vn 0.7462 0.1484 0.6489
vn 0.7281 0.2206 0.6489
vn 0.8054 0.0796 0.5874
vn 0.8395 0.3477 0.4176
vn 0.7875 0.3262 0.5228
vn 0.8696 0.2635 0.4175
vn 0.9042 0.0893 0.4175
vn 0.8912 0.1773 0.4175
vn 0.9086 0.0000 0.4176
vn 0.8524 0.0000 0.5228
vn 0.8093 0.0000 0.5874
vn 0.7571 0.0748 0.6489
vn 0.7608 0.0000 0.6489
vn 0.7027 0.0694 0.7080
vn 0.6926 0.1378 0.7080
vn 0.6758 0.2047 0.7080
vn 0.7029 0.2911 0.6489
vn 0.6524 0.2702 0.7080
vn 0.7477 0.3097 0.5874
vn -0.2472 0.8158 0.5228
vn -0.1579 0.7937 0.5874
vn -0.2347 0.7745 0.5874
vn -0.0838 0.8483 0.5228
vn -0.1663 0.8361 0.5228
vn -0.1484 0.7462 0.6489
vn -0.2206 0.7281 0.6489
vn -0.0796 0.8054 0.5874
vn -0.3477 0.8395 0.4176
vn -0.3262 0.7875 0.5228
vn -0.2635 0.8696 0.4175
vn -0.0893 0.9042 0.4175
vn -0.1773 0.8912 0.4175
vn 0.0000 0.9086 0.4176
vn 0.0000 0.8524 0.5228
vn 0.0000 0.8093 0.5874
vn -0.0748 0.7571 0.6489
vn 0.0000 0.7608 0.6489
vn -0.0694 0.7027 0.7080
vn -0.1378 0.6926 0.7080
vn -0.2047 0.6758 0.7080
vn -0.2911 0.7029 0.6490
vn -0.2702 0.6524 0.7080
vn -0.3097 0.7477 0.5874
vn -0.6591 -0.5406 0.5228
vn -0.6729 -0.4496 0.5874
vn -0.6258 -0.5132 0.5874
vn -0.7516 -0.4021 0.5228
vn -0.7088 -0.4736 0.5228
vn -0.6326 -0.4227 0.6489
vn -0.5883 -0.4825 0.6489
vn -0.7136 -0.3817 0.5874
vn -0.6425 -0.6425 0.4176
vn -0.6027 -0.6027 0.5228
vn -0.7026 -0.5762 0.4175
vn -0.8012 -0.4286 0.4175
vn -0.7555 -0.5048 0.4175
vn -0.6709 -0.3589 0.6489
vn -0.6227 -0.3331 0.7080
vn -0.5872 -0.3923 0.7080
vn -0.5460 -0.4478 0.7080
vn -0.5379 -0.5379 0.6489
vn -0.4993 -0.4993 0.7080
vn -0.5722 -0.5722 0.5874
vn 0.7516 -0.4021 0.5228
vn 0.6729 -0.4496 0.5874
vn 0.7136 -0.3817 0.5874
vn 0.6591 -0.5406 0.5228
vn 0.7088 -0.4736 0.5228
vn 0.6326 -0.4227 0.6489
vn 0.6709 -0.3589 0.6489
vn 0.6258 -0.5132 0.5874
vn 0.8395 -0.3477 0.4176
vn 0.7875 -0.3262 0.5228
vn 0.8012 -0.4286 0.4175
vn 0.7026 -0.5762 0.4175
vn 0.7555 -0.5048 0.4175
vn 0.5883 -0.4825 0.6489
vn 0.5460 -0.4478 0.7080
vn 0.5872 -0.3923 0.7080
vn 0.6227 -0.3331 0.7080
vn 0.7029 -0.2911 0.6489
vn 0.6524 -0.2702 0.7080
vn 0.7477 -0.3097 0.5874
vn -0.8483 0.0838 0.5228
vn -0.7937 0.1579 0.5874
vn -0.8054 0.0796 0.5874
vn -0.8158 0.2472 0.5228
vn -0.8361 0.1663 0.5228
vn -0.7462 0.1484 0.6489
vn -0.7571 0.0748 0.6489
vn -0.7745 0.2347 0.5874
vn -0.9042 0.0893 0.4175
vn -0.8696 0.2635 0.4175
vn -0.8912 0.1773 0.4175
vn -0.7281 0.2206 0.6489
vn -0.6758 0.2047 0.7080
vn -0.6926 0.1378 0.7080
vn -0.7027 0.0694 0.7080
vn -0.7062 0.0000 0.7080
vn 0.0838 0.8483 0.5228
vn 0.1579 0.7937 0.5874
vn 0.0796 0.8054 0.5874
vn 0.2472 0.8158 0.5228
vn 0.1663 0.8361 0.5228
vn 0.1484 0.7462 0.6489
vn 0.0748 0.7571 0.6489
vn 0.2347 0.7745 0.5874
vn 0.0893 0.9042 0.4175
vn 0.2635 0.8696 0.4175
vn 0.1773 0.8912 0.4175
vn 0.2206 0.7281 0.6489
vn 0.2047 0.6758 0.7080
vn 0.1378 0.6926 0.7080
vn 0.0694 0.7027 0.7080
vn 0.0000 0.7062 0.7080
vn 0.2472 -0.8158 0.5228
vn 0.1579 -0.7937 0.5874
vn 0.2347 -0.7745 0.5874
vn 0.0838 -0.8483 0.5228
vn 0.1663 -0.8361 0.5228
vn 0.1484 -0.7462 0.6489
vn 0.2206 -0.7281 0.6489
vn 0.0796 -0.8054 0.5874
vn 0.2635 -0.8696 0.4175
vn 0.0893 -0.9042 0.4175
vn 0.1773 -0.8912 0.4175
vn 0.0748 -0.7571 0.6489
vn 0.0694 -0.7027 0.7080
vn 0.1378 -0.6926 0.7080
vn 0.2047 -0.6758 0.7080
vn 0.2702 -0.6524 0.7080
vn 0.6591 0.5406 0.5228
vn 0.6729 0.4496 0.5874
vn 0.6258 0.5132 0.5874
vn 0.7516 0.4021 0.5228
vn 0.7088 0.4736 0.5228
vn 0.6326 0.4227 0.6489
vn 0.5883 0.4825 0.6489
vn 0.7136 0.3817 0.5874
vn 0.7026 0.5762 0.4175
vn 0.8012 0.4286 0.4175
vn 0.7555 0.5048 0.4175
vn 0.6709 0.3589 0.6489
vn 0.6227 0.3331 0.7080
vn 0.5872 0.3923 0.7080
vn 0.5460 0.4478 0.7080
vn 0.4993 0.4993 0.7080
vn -0.5406 0.6591 0.5228
vn -0.4496 0.6729 0.5874
vn -0.5132 0.6258 0.5874
vn -0.4021 0.7516 0.5228
vn -0.4736 0.7088 0.5228
vn -0.4227 0.6326 0.6489
vn -0.4825 0.5883 0.6489
vn -0.3817 0.7136 0.5874
vn -0.5762 0.7026 0.4175
vn -0.4286 0.8012 0.4175
vn -0.5048 0.7555 0.4175
vn -0.3589 0.6709 0.6489
vn -0.3331 0.6227 0.7080
vn -0.3923 0.5872 0.7080
vn -0.4478 0.5460 0.7080
vn -0.4993 0.4993 0.7080
vn -0.4021 -0.7516 0.5228
vn -0.4496 -0.6729 0.5874
vn -0.3817 -0.7136 0.5874
vn -0.5406 -0.6591 0.5228
vn -0.4736 -0.7088 0.5228
vn -0.4227 -0.6326 0.6489
vn -0.3589 -0.6709 0.6489
vn -0.5132 -0.6258 0.5874
vn -0.4286 -0.8012 0.4175
vn -0.5762 -0.7026 0.4175
vn -0.5048 -0.7555 0.4175
vn -0.4824 -0.5883 0.6489
vn -0.4478 -0.5460 0.7080
vn -0.3923 -0.5872 0.7080
vn -0.3331 -0.6227 0.7080
vn -0.2702 -0.6524 0.7080
vn 0.8483 -0.0838 0.5228
vn 0.7938 -0.1579 0.5874
vn 0.8054 -0.0796 0.5874
vn 0.8158 -0.2472 0.5228
vn 0.8361 -0.1663 0.5228
vn 0.7462 -0.1484 0.6489
vn 0.7571 -0.0748 0.6489
vn 0.7745 -0.2347 0.5874
vn 0.9042 -0.0893 0.4175
vn 0.8696 -0.2635 0.4175
vn 0.8912 -0.1773 0.4175
vn 0.7281 -0.2206 0.6489
vn 0.6758 -0.2047 0.7080
vn 0.6926 -0.1378 0.7080
vn 0.7027 -0.0694 0.7080
vn 0.7062 0.0000 0.7080
vn 0.5538 0.3700 -0.7459
vn 0.0135 0.0101 -0.9998
vn 0.5366 0.4374 -0.7216
vn 0.0145 0.0086 -0.9998
vn 0.0113 0.0075 -0.9999
vn -0.0152 -0.0111 -0.9998
vn -0.0161 -0.0097 -0.9998
vn -0.0148 -0.0099 -0.9998
vn 0.5080 0.5080 -0.6956
vn 0.6094 0.3284 -0.7216
vn 0.0195 0.0081 -0.9998
vn -0.0184 -0.0076 -0.9998
vn -0.0161 -0.0067 -0.9998
vn -0.0114 -0.0074 -0.9999
vn -0.0099 -0.0066 -0.9999
vn -0.0112 -0.0078 -0.9999
vn -0.0123 -0.0123 -0.9998
vn -0.0141 -0.0141 -0.9998
vn 0.0149 0.0149 -0.9998
vn -0.5538 -0.3700 -0.7459
vn -0.0135 -0.0101 -0.9998
vn -0.5366 -0.4374 -0.7216
vn -0.0145 -0.0086 -0.9998
vn -0.0113 -0.0075 -0.9999
vn 0.0152 0.0111 -0.9998
vn 0.0161 0.0097 -0.9998
vn 0.0148 0.0099 -0.9998
vn -0.5080 -0.5080 -0.6956
vn -0.6094 -0.3283 -0.7216
vn -0.0195 -0.0081 -0.9998
vn 0.0184 0.0076 -0.9998
vn 0.0161 0.0067 -0.9998
vn 0.0114 0.0074 -0.9999
vn 0.0099 0.0066 -0.9999
vn 0.0112 0.0078 -0.9999
vn 0.6532 0.1299 -0.7459
vn 0.0164 0.0042 -0.9998
vn 0.6631 0.1987 -0.7216
vn 0.0167 0.0023 -0.9998
vn 0.0133 0.0026 -0.9999
vn -0.0183 -0.0045 -0.9998
vn -0.0186 -0.0028 -0.9998
vn -0.0175 -0.0035 -0.9998
vn 0.6637 0.2749 -0.6956
vn 0.6887 0.0702 -0.7216
vn 0.0211 0.0000 -0.9998
vn -0.0199 0.0000 -0.9998
vn -0.0174 0.0000 -0.9998
vn -0.0134 -0.0024 -0.9999
vn -0.0117 -0.0023 -0.9999
vn -0.0133 -0.0029 -0.9999
vn -0.6532 -0.1299 -0.7459
vn -0.0164 -0.0042 -0.9998
vn -0.6631 -0.1987 -0.7216
vn -0.0167 -0.0023 -0.9998
vn -0.0133 -0.0026 -0.9999
vn 0.0183 0.0045 -0.9998
vn 0.0186 0.0028 -0.9998
vn 0.0175 0.0035 -0.9998
vn -0.6637 -0.2749 -0.6956
vn -0.6887 -0.0702 -0.7216
vn -0.0211 0.0000 -0.9998
vn 0.0199 0.0000 -0.9998
vn 0.0174 0.0000 -0.9998
vn 0.0134 0.0024 -0.9999
vn 0.0117 0.0023 -0.9999
vn 0.0133 0.0029 -0.9999
vn 0.6532 -0.1299 -0.7459
vn 0.0167 -0.0023 -0.9998
vn 0.6887 -0.0701 -0.7216
vn 0.0164 -0.0042 -0.9998
vn 0.0133 -0.0026 -0.9999
vn -0.0186 0.0028 -0.9998
vn -0.0183 0.0045 -0.9998
vn -0.0175 0.0034 -0.9998
vn 0.7184 0.0000 -0.6956
vn 0.6631 -0.1987 -0.7216
vn 0.0195 -0.0081 -0.9998
vn -0.0184 0.0076 -0.9998
vn -0.0161 0.0067 -0.9998
vn -0.0133 0.0029 -0.9999
vn -0.0117 0.0023 -0.9999
vn -0.0134 0.0024 -0.9999
vn -0.6532 0.1299 -0.7459
vn -0.0167 0.0023 -0.9998
vn -0.6887 0.0701 -0.7216
vn -0.0164 0.0042 -0.9998
vn -0.0133 0.0026 -0.9999
vn 0.0186 -0.0028 -0.9998
vn 0.0183 -0.0045 -0.9998
vn 0.0175 -0.0034 -0.9998
vn -0.7184 0.0000 -0.6956
vn -0.6631 0.1987 -0.7216
vn -0.0195 0.0081 -0.9998
vn 0.0184 -0.0076 -0.9998
vn 0.0161 -0.0067 -0.9998
vn 0.0133 -0.0029 -0.9999
vn 0.0117 -0.0023 -0.9999
vn 0.0134 -0.0024 -0.9999
vn 0.5538 -0.3700 -0.7459
vn 0.0145 -0.0086 -0.9998
vn 0.6094 -0.3283 -0.7216
vn 0.0135 -0.0101 -0.9998
vn 0.0113 -0.0075 -0.9999
vn -0.0161 0.0098 -0.9998
vn -0.0152 0.0111 -0.9998
vn -0.0148 0.0099 -0.9998
vn 0.6637 -0.2749 -0.6956
vn 0.5366 -0.4374 -0.7216
vn 0.0149 -0.0149 -0.9998
vn -0.0141 0.0141 -0.9998
vn -0.0123 0.0123 -0.9998
vn -0.0112 0.0078 -0.9999
vn -0.0099 0.0066 -0.9999
vn -0.0114 0.0074 -0.9999
vn -0.5538 0.3700 -0.7459
vn -0.0145 0.0086 -0.9998
vn -0.6094 0.3283 -0.7216
vn -0.0135 0.0101 -0.9998
vn -0.0113 0.0075 -0.9999
vn 0.0161 -0.0098 -0.9998
vn 0.0152 -0.0111 -0.9998
vn 0.0148 -0.0099 -0.9998
vn -0.6637 0.2749 -0.6956
vn -0.5366 0.4374 -0.7216
vn -0.0149 0.0149 -0.9998
vn 0.0141 -0.0141 -0.9998
vn 0.0123 -0.0123 -0.9998
vn 0.0112 -0.0078 -0.9999
vn 0.0099 -0.0066 -0.9999
vn 0.0114 -0.0074 -0.9999
vn 0.3700 -0.5537 -0.7459
vn 0.0101 -0.0135 -0.9998
vn 0.4373 -0.5366 -0.7216
vn 0.0086 -0.0145 -0.9998
vn 0.0075 -0.0113 -0.9999
vn -0.0111 0.0152 -0.9998
vn -0.0097 0.0161 -0.9998
vn -0.0099 0.0148 -0.9998
vn 0.5080 -0.5080 -0.6956
vn 0.3283 -0.6094 -0.7216
vn 0.0081 -0.0195 -0.9998
vn -0.0076 0.0184 -0.9998
vn -0.0067 0.0161 -0.9998
vn -0.0074 0.0114 -0.9999
vn -0.0066 0.0099 -0.9999
vn -0.0078 0.0112 -0.9999
vn -0.3700 0.5538 -0.7459
vn -0.0101 0.0135 -0.9998
vn -0.4373 0.5366 -0.7216
vn -0.0086 0.0145 -0.9998
vn -0.0075 0.0113 -0.9999
vn 0.0111 -0.0152 -0.9998
vn 0.0097 -0.0161 -0.9998
vn 0.0099 -0.0148 -0.9998
vn -0.5080 0.5080 -0.6956
vn -0.3283 0.6094 -0.7216
vn -0.0081 0.0195 -0.9998
vn 0.0076 -0.0184 -0.9998
vn 0.0067 -0.0161 -0.9998
vn 0.0074 -0.0114 -0.9999
vn 0.0066 -0.0099 -0.9999
vn 0.0078 -0.0112 -0.9999
vn 0.1299 -0.6532 -0.7459
vn 0.0042 -0.0164 -0.9998
vn 0.1987 -0.6631 -0.7216
vn 0.0023 -0.0167 -0.9998
vn 0.0026 -0.0133 -0.9999
vn -0.0045 0.0183 -0.9998
vn -0.0028 0.0186 -0.9998
vn -0.0035 0.0175 -0.9998
vn 0.2749 -0.6637 -0.6956
vn 0.0701 -0.6887 -0.7216
vn 0.0000 -0.0211 -0.9998
vn 0.0000 0.0199 -0.9998
vn 0.0000 0.0174 -0.9998
vn -0.0024 0.0134 -0.9999
vn -0.0023 0.0117 -0.9999
vn -0.0029 0.0133 -0.9999
vn 0.1299 0.6532 -0.7459
vn 0.0023 0.0167 -0.9998
vn 0.0701 0.6887 -0.7216
vn 0.0042 0.0164 -0.9998
vn 0.0026 0.0133 -0.9999
vn -0.0028 -0.0186 -0.9998
vn -0.0045 -0.0183 -0.9998
vn -0.0034 -0.0175 -0.9998
vn 0.0000 0.7183 -0.6956
vn 0.1987 0.6631 -0.7216
vn 0.0081 0.0195 -0.9998
vn -0.0076 -0.0184 -0.9998
vn -0.0067 -0.0161 -0.9998
vn -0.0029 -0.0133 -0.9999
vn -0.0023 -0.0117 -0.9999
vn -0.0024 -0.0134 -0.9999
vn 0.0000 -0.0174 -0.9998
vn 0.0000 -0.0199 -0.9998
vn 0.0000 0.0211 -0.9998
vn -0.1299 0.6532 -0.7459
vn -0.0042 0.0164 -0.9998
vn -0.1987 0.6631 -0.7216
vn -0.0023 0.0167 -0.9998
vn -0.0026 0.0133 -0.9999
vn 0.0045 -0.0183 -0.9998
vn 0.0028 -0.0186 -0.9998
vn 0.0035 -0.0175 -0.9998
vn -0.2749 0.6637 -0.6956
vn -0.0702 0.6887 -0.7216
vn 0.0024 -0.0134 -0.9999
vn 0.0023 -0.0117 -0.9999
vn 0.0029 -0.0133 -0.9999
vn -0.1299 -0.6532 -0.7459
vn -0.0023 -0.0167 -0.9998
vn -0.0701 -0.6887 -0.7216
vn -0.0042 -0.0164 -0.9998
vn -0.0026 -0.0133 -0.9999
vn 0.0028 0.0186 -0.9998
vn 0.0045 0.0183 -0.9998
vn 0.0034 0.0175 -0.9998
vn 0.0000 -0.7184 -0.6956
vn -0.1987 -0.6631 -0.7216
vn 0.0029 0.0133 -0.9999
vn 0.0023 0.0117 -0.9999
vn 0.0024 0.0134 -0.9999
vn 0.3700 0.5538 -0.7459
vn 0.0086 0.0146 -0.9998
vn 0.3283 0.6094 -0.7216
vn 0.0101 0.0135 -0.9998
vn 0.0075 0.0113 -0.9999
vn -0.0098 -0.0161 -0.9998
vn -0.0111 -0.0152 -0.9998
vn -0.0099 -0.0148 -0.9998
vn 0.2749 0.6637 -0.6956
vn 0.4374 0.5366 -0.7216
vn -0.0078 -0.0112 -0.9999
vn -0.0066 -0.0099 -0.9999
vn -0.0074 -0.0114 -0.9999
vn -0.0009 -0.0048 -1.0000
vn 0.0009 -0.0048 -1.0000
vn 0.0000 -0.0075 -1.0000
vn -0.0027 -0.0041 -1.0000
vn -0.0029 -0.0070 -1.0000
vn -0.0041 -0.0027 -1.0000
vn -0.0053 -0.0053 -1.0000
vn -0.0048 -0.0009 -1.0000
vn -0.0070 -0.0029 -1.0000
vn -0.0048 0.0009 -1.0000
vn -0.0075 0.0000 -1.0000
vn -0.0041 0.0027 -1.0000
vn -0.0070 0.0029 -1.0000
vn -0.0027 0.0041 -1.0000
vn -0.0053 0.0053 -1.0000
vn -0.0009 0.0048 -1.0000
vn -0.0029 0.0070 -1.0000
vn 0.0009 0.0048 -1.0000
vn 0.0000 0.0075 -1.0000
vn 0.0027 0.0041 -1.0000
vn 0.0029 0.0070 -1.0000
vn 0.0041 0.0027 -1.0000
vn 0.0053 0.0053 -1.0000
vn 0.0048 0.0009 -1.0000
vn 0.0070 0.0029 -1.0000
vn 0.0048 -0.0009 -1.0000
vn 0.0075 0.0000 -1.0000
vn 0.0041 -0.0027 -1.0000
vn 0.0070 -0.0029 -1.0000
vn 0.0027 -0.0041 -1.0000
vn 0.0053 -0.0053 -1.0000
vn 0.0029 -0.0070 -1.0000
vn -0.6246 -0.1892 0.7576
vn -0.5985 -0.1191 0.7922
vn -0.5840 -0.1769 0.7922
vn -0.6495 -0.0642 0.7576
vn -0.6401 -0.1273 0.7576
vn -0.5716 -0.1137 0.8126
vn -0.5578 -0.1690 0.8126
vn -0.6073 -0.0600 0.7922
vn -0.6030 -0.2497 0.7577
vn -0.6526 0.0000 0.7577
vn -0.6102 0.0000 0.7922
vn -0.5800 -0.0573 0.8126
vn -0.5828 0.0000 0.8126
vn -0.5384 -0.2230 0.8126
vn -0.5637 -0.2335 0.7922
vn 0.4139 -0.5046 0.7576
vn 0.3390 -0.5074 0.7922
vn 0.3870 -0.4718 0.7922
vn 0.3078 -0.5755 0.7576
vn 0.3626 -0.5427 0.7576
vn 0.3238 -0.4846 0.8126
vn 0.3696 -0.4506 0.8126
vn 0.2878 -0.5381 0.7922
vn 0.4615 -0.4615 0.7577
vn 0.2497 -0.6030 0.7577
vn 0.2335 -0.5637 0.7922
vn 0.2749 -0.5139 0.8126
vn 0.2230 -0.5384 0.8126
vn 0.4121 -0.4121 0.8126
vn 0.4315 -0.4315 0.7922
vn 0.3078 0.5755 0.7576
vn 0.3390 0.5074 0.7922
vn 0.2878 0.5381 0.7922
vn 0.4139 0.5046 0.7576
vn 0.3626 0.5426 0.7576
vn 0.3238 0.4846 0.8126
vn 0.2749 0.5139 0.8126
vn 0.3869 0.4718 0.7922
vn 0.2497 0.6030 0.7577
vn 0.4615 0.4615 0.7577
vn 0.4315 0.4315 0.7922
vn 0.3696 0.4507 0.8126
vn 0.4121 0.4121 0.8126
vn 0.2230 0.5385 0.8126
vn 0.2335 0.5637 0.7922
vn -0.5755 0.3078 0.7576
vn -0.5074 0.3390 0.7922
vn -0.5381 0.2878 0.7922
vn -0.5046 0.4139 0.7576
vn -0.5426 0.3626 0.7576
vn -0.4846 0.3238 0.8126
vn -0.5139 0.2749 0.8126
vn -0.4718 0.3869 0.7922
vn -0.6030 0.2497 0.7577
vn -0.4615 0.4615 0.7577
vn -0.4315 0.4315 0.7922
vn -0.4507 0.3696 0.8126
vn -0.4121 0.4121 0.8126
vn -0.5384 0.2230 0.8126
vn -0.5637 0.2335 0.7922
vn -0.0641 -0.6495 0.7576
vn -0.1190 -0.5985 0.7922
vn -0.0600 -0.6073 0.7922
vn -0.1892 -0.6246 0.7576
vn -0.1273 -0.6401 0.7576
vn -0.1137 -0.5716 0.8126
vn -0.0573 -0.5800 0.8126
vn -0.1769 -0.5840 0.7922
vn 0.0000 -0.6526 0.7577
vn -0.2497 -0.6030 0.7577
vn -0.2335 -0.5637 0.7922
vn -0.1690 -0.5578 0.8126
vn -0.2230 -0.5384 0.8126
vn 0.0000 -0.5828 0.8126
vn 0.0000 -0.6102 0.7922
vn 0.6246 0.1892 0.7576
vn 0.5985 0.1191 0.7922
vn 0.5840 0.1769 0.7922
vn 0.6495 0.0642 0.7576
vn 0.6401 0.1273 0.7576
vn 0.5716 0.1137 0.8126
vn 0.5578 0.1690 0.8126
vn 0.6073 0.0600 0.7922
vn 0.6030 0.2497 0.7577
vn 0.6526 0.0000 0.7577
vn 0.6102 0.0000 0.7922
vn 0.5800 0.0573 0.8126
vn 0.5828 0.0000 0.8126
vn 0.5384 0.2230 0.8126
vn 0.5637 0.2335 0.7922
vn -0.1892 0.6246 0.7576
vn -0.1190 0.5985 0.7922
vn -0.1769 0.5840 0.7922
vn -0.0642 0.6495 0.7576
vn -0.1273 0.6401 0.7576
vn -0.1137 0.5716 0.8126
vn -0.1690 0.5578 0.8126
vn -0.0600 0.6073 0.7922
vn -0.2497 0.6030 0.7577
vn 0.0000 0.6526 0.7577
vn 0.0000 0.6102 0.7922
vn -0.0573 0.5800 0.8126
vn 0.0000 0.5828 0.8126
vn -0.2230 0.5385 0.8126
vn -0.2335 0.5637 0.7922
vn -0.5046 -0.4139 0.7576
vn -0.5074 -0.3390 0.7922
vn -0.4718 -0.3869 0.7922
vn -0.5755 -0.3078 0.7576
vn -0.5427 -0.3626 0.7576
vn -0.4846 -0.3238 0.8126
vn -0.4507 -0.3696 0.8126
vn -0.5381 -0.2878 0.7922
vn -0.4615 -0.4615 0.7577
vn -0.5139 -0.2749 0.8126
vn -0.4121 -0.4121 0.8126
vn -0.4315 -0.4315 0.7922
vn 0.5755 -0.3078 0.7576
vn 0.5074 -0.3390 0.7922
vn 0.5381 -0.2878 0.7922
vn 0.5046 -0.4139 0.7576
vn 0.5427 -0.3626 0.7576
vn 0.4846 -0.3238 0.8126
vn 0.5139 -0.2749 0.8126
vn 0.4718 -0.3869 0.7922
vn 0.6030 -0.2497 0.7577
vn 0.4507 -0.3696 0.8126
vn 0.5384 -0.2230 0.8126
vn 0.5637 -0.2335 0.7922
vn -0.6495 0.0642 0.7576
vn -0.5985 0.1191 0.7922
vn -0.6073 0.0600 0.7922
vn -0.6246 0.1892 0.7576
vn -0.6401 0.1273 0.7576
vn -0.5716 0.1137 0.8126
vn -0.5800 0.0573 0.8126
vn -0.5840 0.1769 0.7922
vn -0.5578 0.1690 0.8126
vn 0.0642 0.6495 0.7576
vn 0.1191 0.5985 0.7922
vn 0.0600 0.6073 0.7922
vn 0.1892 0.6246 0.7576
vn 0.1273 0.6401 0.7576
vn 0.1137 0.5716 0.8126
vn 0.0573 0.5800 0.8126
vn 0.1769 0.5840 0.7922
vn 0.1690 0.5578 0.8126
vn 0.1892 -0.6246 0.7576
vn 0.1190 -0.5985 0.7922
vn 0.1769 -0.5840 0.7922
vn 0.0642 -0.6495 0.7576
vn 0.1273 -0.6401 0.7576
vn 0.1137 -0.5716 0.8126
vn 0.1690 -0.5578 0.8126
vn 0.0600 -0.6073 0.7922
vn 0.0573 -0.5800 0.8126
vn 0.5046 0.4139 0.7576
vn 0.5074 0.3390 0.7922
vn 0.4718 0.3869 0.7922
vn 0.5755 0.3078 0.7576
vn 0.5426 0.3626 0.7576
vn 0.4846 0.3238 0.8126
vn 0.4507 0.3696 0.8126
vn 0.5381 0.2878 0.7922
vn 0.5139 0.2749 0.8126
vn -0.4139 0.5046 0.7576
vn -0.3390 0.5074 0.7922
vn -0.3870 0.4718 0.7922
vn -0.3078 0.5755 0.7576
vn -0.3626 0.5427 0.7576
vn -0.3238 0.4846 0.8126
vn -0.3696 0.4507 0.8126
vn -0.2878 0.5381 0.7922
vn -0.2749 0.5139 0.8126
vn -0.3078 -0.5755 0.7576
vn -0.3390 -0.5074 0.7922
vn -0.2878 -0.5381 0.7922
vn -0.4139 -0.5046 0.7576
vn -0.3626 -0.5427 0.7576
vn -0.3238 -0.4846 0.8126
vn -0.2749 -0.5139 0.8126
vn -0.3869 -0.4718 0.7922
vn -0.3696 -0.4506 0.8126
vn 0.6495 -0.0642 0.7576
vn 0.5985 -0.1191 0.7922
vn 0.6073 -0.0600 0.7922
vn 0.6246 -0.1892 0.7576
vn 0.6401 -0.1273 0.7576
vn 0.5716 -0.1137 0.8126
vn 0.5800 -0.0573 0.8126
vn 0.5840 -0.1769 0.7922
vn 0.5578 -0.1690 0.8126
vn 0.9946 -0.0983 0.0322
vn 0.9770 -0.1943 0.0876
vn 0.9913 -0.0979 0.0876
vn 0.9565 -0.2898 0.0322
vn 0.9803 -0.1950 0.0322
vn 0.9527 -0.1895 0.2375
vn 0.9667 -0.0955 0.2375
vn 0.9533 -0.2889 0.0876
vn 0.9999 0.0000 0.0127
vn 0.9995 0.0000 0.0322
vn 0.9951 -0.0983 0.0127
vn 0.9569 -0.2899 0.0127
vn 0.9807 -0.1951 0.0127
vn 0.9234 -0.3825 0.0322
vn 0.9203 -0.3812 0.0876
vn 0.9296 -0.2817 0.2375
vn 0.8974 -0.3717 0.2375
vn 0.9714 0.0000 0.2375
vn 0.9961 0.0000 0.0876
vn -0.4714 -0.8813 0.0322
vn -0.5534 -0.8283 0.0876
vn -0.4699 -0.8784 0.0876
vn -0.6338 -0.7728 0.0322
vn -0.5553 -0.8310 0.0322
vn -0.5397 -0.8077 0.2375
vn -0.4582 -0.8565 0.2375
vn -0.6317 -0.7702 0.0876
vn -0.3826 -0.9238 0.0127
vn -0.3825 -0.9234 0.0322
vn -0.4716 -0.8817 0.0127
vn -0.6341 -0.7731 0.0127
vn -0.5555 -0.8314 0.0127
vn -0.7067 -0.7067 0.0322
vn -0.7044 -0.7044 0.0876
vn -0.6160 -0.7511 0.2375
vn -0.6868 -0.6868 0.2375
vn -0.3717 -0.8974 0.2375
vn -0.3812 -0.9203 0.0876
vn -0.6338 0.7728 0.0322
vn -0.5534 0.8283 0.0876
vn -0.6317 0.7702 0.0876
vn -0.4714 0.8813 0.0322
vn -0.5553 0.8310 0.0322
vn -0.5397 0.8077 0.2375
vn -0.6160 0.7511 0.2375
vn -0.4699 0.8784 0.0876
vn -0.7070 0.7070 0.0127
vn -0.7067 0.7067 0.0322
vn -0.6341 0.7731 0.0127
vn -0.4716 0.8817 0.0127
vn -0.5555 0.8314 0.0127
vn -0.3825 0.9234 0.0322
vn -0.3812 0.9203 0.0876
vn -0.4582 0.8565 0.2375
vn -0.3717 0.8974 0.2375
vn -0.6868 0.6868 0.2375
vn -0.7044 0.7044 0.0876
vn 0.7728 0.6338 0.0322
vn 0.8283 0.5534 0.0876
vn 0.7702 0.6317 0.0876
vn 0.8813 0.4714 0.0322
vn 0.8310 0.5553 0.0322
vn 0.8077 0.5397 0.2375
vn 0.7511 0.6160 0.2375
vn 0.8784 0.4699 0.0876
vn 0.7070 0.7070 0.0127
vn 0.7067 0.7067 0.0322
vn 0.7731 0.6341 0.0127
vn 0.8817 0.4716 0.0127
vn 0.8314 0.5555 0.0127
vn 0.9234 0.3825 0.0322
vn 0.9203 0.3812 0.0876
vn 0.8565 0.4582 0.2375
vn 0.8974 0.3717 0.2375
vn 0.6868 0.6868 0.2375
vn 0.7044 0.7044 0.0876
vn 0.2898 -0.9565 0.0322
vn 0.1943 -0.9770 0.0876
vn 0.2889 -0.9533 0.0876
vn 0.0983 -0.9946 0.0322
vn 0.1950 -0.9803 0.0322
vn 0.1895 -0.9527 0.2375
vn 0.2817 -0.9296 0.2375
vn 0.0979 -0.9913 0.0876
vn 0.3826 -0.9238 0.0127
vn 0.3825 -0.9234 0.0322
vn 0.2899 -0.9569 0.0127
vn 0.0983 -0.9951 0.0127
vn 0.1951 -0.9807 0.0127
vn 0.0000 -0.9995 0.0322
vn 0.0000 -0.9961 0.0876
vn 0.0955 -0.9667 0.2375
vn 0.0000 -0.9714 0.2375
vn 0.3717 -0.8974 0.2375
vn 0.3812 -0.9203 0.0876
vn 0.0983 0.9946 0.0322
vn 0.1943 0.9770 0.0876
vn 0.0979 0.9913 0.0876
vn 0.2898 0.9565 0.0322
vn 0.1950 0.9803 0.0322
vn 0.1895 0.9527 0.2375
vn 0.0955 0.9667 0.2375
vn 0.2889 0.9533 0.0876
vn 0.0000 0.9999 0.0127
vn 0.0000 0.9995 0.0322
vn 0.0983 0.9951 0.0127
vn 0.2899 0.9569 0.0127
vn 0.1951 0.9807 0.0127
vn 0.3825 0.9234 0.0322
vn 0.3812 0.9203 0.0876
vn 0.2817 0.9296 0.2375
vn 0.3717 0.8974 0.2375
vn 0.0000 0.9714 0.2375
vn 0.0000 0.9961 0.0876
vn -0.9946 0.0983 0.0322
vn -0.9770 0.1943 0.0876
vn -0.9913 0.0979 0.0876
vn -0.9565 0.2898 0.0322
vn -0.9803 0.1950 0.0322
vn -0.9527 0.1895 0.2375
vn -0.9667 0.0955 0.2375
vn -0.9533 0.2889 0.0876
vn -0.9999 0.0000 0.0127
vn -0.9995 0.0000 0.0322
vn -0.9951 0.0983 0.0127
vn -0.9569 0.2899 0.0127
vn -0.9807 0.1951 0.0127
vn -0.9234 0.3825 0.0322
vn -0.9203 0.3812 0.0876
vn -0.9296 0.2817 0.2375
vn -0.8974 0.3717 0.2375
vn -0.9714 0.0000 0.2375
vn -0.9961 0.0000 0.0876
vn 0.8813 -0.4714 0.0322
vn 0.8283 -0.5534 0.0876
vn 0.8784 -0.4699 0.0876
vn 0.7728 -0.6338 0.0322
vn 0.8310 -0.5553 0.0322
vn 0.8077 -0.5397 0.2375
vn 0.8565 -0.4582 0.2375
vn 0.7702 -0.6317 0.0876
vn 0.8817 -0.4716 0.0127
vn 0.9238 -0.3826 0.0127
vn 0.7731 -0.6341 0.0127
vn 0.8314 -0.5555 0.0127
vn 0.7067 -0.7067 0.0322
vn 0.7044 -0.7044 0.0876
vn 0.7511 -0.6160 0.2375
vn 0.6868 -0.6868 0.2375
vn -0.7728 -0.6338 0.0322
vn -0.8283 -0.5534 0.0876
vn -0.7702 -0.6317 0.0876
vn -0.8813 -0.4714 0.0322
vn -0.8310 -0.5553 0.0322
vn -0.8077 -0.5397 0.2375
vn -0.7511 -0.6160 0.2375
vn -0.8784 -0.4699 0.0876
vn -0.7070 -0.7070 0.0127
vn -0.7731 -0.6341 0.0127
vn -0.8817 -0.4716 0.0127
vn -0.8314 -0.5555 0.0127
vn -0.9234 -0.3825 0.0322
vn -0.9203 -0.3812 0.0876
vn -0.8565 -0.4582 0.2375
vn -0.8974 -0.3717 0.2375
vn -0.2898 0.9565 0.0322
vn -0.1943 0.9770 0.0876
vn -0.2889 0.9533 0.0876
vn -0.0983 0.9946 0.0322
vn -0.1950 0.9803 0.0322
vn -0.1895 0.9527 0.2375
vn -0.2817 0.9296 0.2375
vn -0.0979 0.9913 0.0876
vn -0.3826 0.9238 0.0127
vn -0.2899 0.9569 0.0127
vn -0.0983 0.9951 0.0127
vn -0.1951 0.9807 0.0127
vn -0.0955 0.9667 0.2375
vn 0.9565 0.2898 0.0322
vn 0.9770 0.1943 0.0876
vn 0.9533 0.2889 0.0876
vn 0.9946 0.0983 0.0322
vn 0.9803 0.1950 0.0322
vn 0.9527 0.1895 0.2375
vn 0.9296 0.2817 0.2375
vn 0.9913 0.0979 0.0876
vn 0.9238 0.3826 0.0127
vn 0.9569 0.2899 0.0127
vn 0.9951 0.0983 0.0127
vn 0.9807 0.1950 0.0127
vn 0.9667 0.0955 0.2375
vn -0.0983 -0.9946 0.0322
vn -0.1943 -0.9770 0.0876
vn -0.0979 -0.9913 0.0876
vn -0.2898 -0.9565 0.0322
vn -0.1950 -0.9803 0.0322
vn -0.1895 -0.9527 0.2375
vn -0.0955 -0.9667 0.2375
vn -0.2889 -0.9533 0.0876
vn 0.0000 -0.9999 0.0127
vn -0.0983 -0.9951 0.0127
vn -0.2899 -0.9569 0.0127
vn -0.1951 -0.9807 0.0127
vn -0.2817 -0.9296 0.2375
vn -0.8813 0.4714 0.0322
vn -0.8282 0.5534 0.0876
vn -0.8784 0.4699 0.0876
vn -0.7728 0.6338 0.0322
vn -0.8310 0.5553 0.0322
vn -0.8077 0.5397 0.2375
vn -0.8565 0.4582 0.2375
vn -0.7702 0.6317 0.0876
vn -0.9238 0.3826 0.0127
vn -0.8817 0.4716 0.0127
vn -0.7731 0.6341 0.0127
vn -0.8314 0.5555 0.0127
vn -0.7511 0.6160 0.2375
vn 0.4714 0.8813 0.0322
vn 0.5534 0.8283 0.0876
vn 0.4699 0.8784 0.0876
vn 0.6338 0.7728 0.0322
vn 0.5553 0.8310 0.0322
vn 0.5397 0.8077 0.2375
vn 0.4582 0.8565 0.2375
vn 0.6317 0.7702 0.0876
vn 0.3826 0.9238 0.0127
vn 0.4716 0.8817 0.0127
vn 0.6341 0.7731 0.0127
vn 0.5555 0.8314 0.0127
vn 0.6160 0.7511 0.2375
vn 0.6338 -0.7728 0.0322
vn 0.5534 -0.8283 0.0876
vn 0.6317 -0.7702 0.0876
vn 0.4714 -0.8813 0.0322
vn 0.5553 -0.8310 0.0322
vn 0.5397 -0.8077 0.2375
vn 0.6160 -0.7511 0.2375
vn 0.4699 -0.8784 0.0876
vn 0.7070 -0.7070 0.0127
vn 0.6341 -0.7731 0.0127
vn 0.4716 -0.8817 0.0127
vn 0.5555 -0.8314 0.0127
vn 0.4582 -0.8565 0.2375
vn -0.9565 -0.2898 0.0322
vn -0.9770 -0.1943 0.0876
vn -0.9533 -0.2889 0.0876
vn -0.9946 -0.0983 0.0322
vn -0.9803 -0.1950 0.0322
vn -0.9527 -0.1895 0.2375
vn -0.9296 -0.2817 0.2375
vn -0.9913 -0.0979 0.0876
vn -0.9238 -0.3826 0.0127
vn -0.9569 -0.2899 0.0127
vn -0.9951 -0.0983 0.0127
vn -0.9807 -0.1951 0.0127
vn -0.9667 -0.0955 0.2375
vn -0.2900 0.9570 -0.0014
vn -0.1951 0.9807 -0.0104
vn -0.1951 0.9808 -0.0014
vn -0.2900 0.9570 -0.0104
vn -0.1944 0.9776 -0.0804
vn -0.0983 0.9951 -0.0014
vn -0.0983 0.9951 -0.0104
vn -0.3827 0.9239 -0.0014
vn -0.2900 0.9570 0.0000
vn -0.3827 0.9239 0.0000
vn -0.3826 0.9238 -0.0104
vn -0.2890 0.9539 -0.0804
vn -0.3814 0.9209 -0.0804
vn -0.2664 0.8792 -0.3950
vn -0.1792 0.9010 -0.3949
vn -0.0980 0.9919 -0.0804
vn -0.0903 0.9142 -0.3950
vn 0.0000 0.9967 -0.0804
vn 0.0000 0.9999 -0.0104
vn 0.0000 1.0000 -0.0014
vn 0.0000 1.0000 0.0000
vn -0.0983 0.9951 0.0000
vn -0.1951 0.9808 0.0000
vn -0.6341 0.7732 -0.0104
vn -0.5556 0.8314 -0.0014
vn -0.6341 0.7732 -0.0014
vn -0.5538 0.8288 -0.0804
vn -0.5555 0.8314 -0.0104
vn -0.4716 0.8817 -0.0104
vn -0.4717 0.8817 -0.0014
vn -0.7071 0.7071 -0.0014
vn -0.6341 0.7732 0.0000
vn -0.7071 0.7071 0.0000
vn -0.7071 0.7071 -0.0104
vn -0.6321 0.7707 -0.0804
vn -0.7048 0.7048 -0.0804
vn -0.5826 0.7103 -0.3950
vn -0.5104 0.7638 -0.3949
vn -0.4701 0.8789 -0.0804
vn -0.4333 0.8101 -0.3950
vn -0.4717 0.8817 0.0000
vn -0.5556 0.8314 0.0000
vn -0.8817 0.4717 -0.0014
vn -0.8314 0.5555 -0.0104
vn -0.8314 0.5556 -0.0014
vn -0.8817 0.4716 -0.0104
vn -0.8288 0.5538 -0.0804
vn -0.7732 0.6341 -0.0104
vn -0.7732 0.6341 -0.0014
vn -0.9239 0.3827 -0.0014
vn -0.8817 0.4717 0.0000
vn -0.9239 0.3827 0.0000
vn -0.9238 0.3826 -0.0104
vn -0.8789 0.4701 -0.0804
vn -0.9209 0.3814 -0.0804
vn -0.8101 0.4333 -0.3950
vn -0.7638 0.5104 -0.3949
vn -0.7707 0.6321 -0.0804
vn -0.7103 0.5826 -0.3950
vn -0.7732 0.6341 0.0000
vn -0.8314 0.5556 0.0000
vn -0.9951 0.0983 -0.0104
vn -0.9808 0.1951 -0.0014
vn -0.9951 0.0983 -0.0014
vn -0.9776 0.1944 -0.0804
vn -0.9807 0.1951 -0.0104
vn -0.9570 0.2900 -0.0104
vn -0.9570 0.2900 -0.0014
vn -1.0000 0.0000 0.0000
vn -0.9951 0.0983 0.0000
vn -1.0000 0.0000 -0.0014
vn -0.9999 0.0000 -0.0104
vn -0.9919 0.0980 -0.0804
vn -0.9967 0.0000 -0.0804
vn -0.9142 0.0903 -0.3950
vn -0.9010 0.1792 -0.3949
vn -0.9539 0.2890 -0.0804
vn -0.8792 0.2664 -0.3950
vn -0.9570 0.2900 0.0000
vn -0.9808 0.1951 0.0000
vn -0.9570 -0.2900 -0.0104
vn -0.9808 -0.1951 -0.0014
vn -0.9570 -0.2900 -0.0014
vn -0.9776 -0.1944 -0.0804
vn -0.9807 -0.1951 -0.0104
vn -0.9951 -0.0983 -0.0104
vn -0.9951 -0.0983 -0.0014
vn -0.9239 -0.3827 0.0000
vn -0.9570 -0.2900 0.0000
vn -0.9239 -0.3827 -0.0014
vn -0.9238 -0.3826 -0.0104
vn -0.9539 -0.2890 -0.0804
vn -0.9209 -0.3814 -0.0804
vn -0.8792 -0.2664 -0.3950
vn -0.9010 -0.1792 -0.3949
vn -0.9919 -0.0980 -0.0804
vn -0.9142 -0.0903 -0.3950
vn -0.9951 -0.0983 0.0000
vn -0.9808 -0.1951 0.0000
vn -0.7732 -0.6341 -0.0104
vn -0.8314 -0.5556 -0.0014
vn -0.7732 -0.6341 -0.0014
vn -0.8288 -0.5538 -0.0804
vn -0.8314 -0.5555 -0.0104
vn -0.8817 -0.4716 -0.0104
vn -0.8817 -0.4717 -0.0014
vn -0.7071 -0.7071 0.0000
vn -0.7732 -0.6341 0.0000
vn -0.7071 -0.7071 -0.0014
vn -0.7071 -0.7071 -0.0104
vn -0.7707 -0.6321 -0.0804
vn -0.7048 -0.7048 -0.0804
vn -0.7103 -0.5826 -0.3950
vn -0.7638 -0.5104 -0.3949
vn -0.8789 -0.4701 -0.0804
vn -0.8101 -0.4333 -0.3950
vn -0.8817 -0.4717 0.0000
vn -0.8314 -0.5556 0.0000
vn -0.4716 -0.8817 -0.0104
vn -0.5556 -0.8314 -0.0014
vn -0.4717 -0.8817 -0.0014
vn -0.5538 -0.8288 -0.0804
vn -0.5555 -0.8314 -0.0104
vn -0.6341 -0.7732 -0.0104
vn -0.6341 -0.7732 -0.0014
vn -0.3827 -0.9239 0.0000
vn -0.4717 -0.8817 0.0000
vn -0.3827 -0.9239 -0.0014
vn -0.3826 -0.9238 -0.0104
vn -0.4701 -0.8789 -0.0804
vn -0.3814 -0.9209 -0.0804
vn -0.4333 -0.8101 -0.3950
vn -0.5104 -0.7638 -0.3949
vn -0.6321 -0.7707 -0.0804
vn -0.5826 -0.7103 -0.3950
vn -0.6341 -0.7732 0.0000
vn -0.5556 -0.8314 0.0000
vn -0.0983 -0.9951 -0.0104
vn -0.1951 -0.9808 -0.0014
vn -0.0983 -0.9951 -0.0014
vn -0.1944 -0.9776 -0.0804
vn -0.1951 -0.9807 -0.0104
vn -0.2900 -0.9570 -0.0104
vn -0.2900 -0.9570 -0.0014
vn 0.0000 -1.0000 0.0000
vn -0.0983 -0.9951 0.0000
vn 0.0000 -1.0000 -0.0014
vn 0.0000 -0.9999 -0.0104
vn -0.0980 -0.9919 -0.0804
vn 0.0000 -0.9967 -0.0804
vn -0.0903 -0.9142 -0.3950
vn -0.1792 -0.9010 -0.3949
vn -0.2890 -0.9539 -0.0804
vn -0.2664 -0.8792 -0.3950
vn -0.2900 -0.9570 0.0000
vn -0.1951 -0.9808 0.0000
vn 0.2900 -0.9570 -0.0104
vn 0.1951 -0.9808 -0.0014
vn 0.2900 -0.9570 -0.0014
vn 0.1944 -0.9776 -0.0804
vn 0.1951 -0.9807 -0.0104
vn 0.0983 -0.9951 -0.0104
vn 0.0983 -0.9951 -0.0014
vn 0.3827 -0.9239 0.0000
vn 0.2900 -0.9570 0.0000
vn 0.3827 -0.9239 -0.0014
vn 0.3826 -0.9238 -0.0104
vn 0.2890 -0.9539 -0.0804
vn 0.3814 -0.9209 -0.0804
vn 0.2664 -0.8792 -0.3950
vn 0.1792 -0.9010 -0.3949
vn 0.0980 -0.9919 -0.0804
vn 0.0903 -0.9142 -0.3950
vn 0.0983 -0.9951 0.0000
vn 0.1951 -0.9808 0.0000
vn 0.6341 -0.7732 -0.0104
vn 0.5556 -0.8314 -0.0014
vn 0.6341 -0.7732 -0.0014
vn 0.5538 -0.8288 -0.0804
vn 0.5555 -0.8314 -0.0104
vn 0.4716 -0.8817 -0.0104
vn 0.4717 -0.8817 -0.0014
vn 0.7071 -0.7071 0.0000
vn 0.6341 -0.7732 0.0000
vn 0.7071 -0.7071 -0.0014
vn 0.7071 -0.7071 -0.0104
vn 0.6321 -0.7707 -0.0804
vn 0.7048 -0.7048 -0.0804
vn 0.5826 -0.7103 -0.3950
vn 0.5104 -0.7638 -0.3949
vn 0.4701 -0.8789 -0.0804
vn 0.4333 -0.8101 -0.3950
vn 0.4717 -0.8817 0.0000
vn 0.5556 -0.8314 0.0000
vn 0.8817 -0.4716 -0.0104
vn 0.8314 -0.5556 -0.0014
vn 0.8817 -0.4717 -0.0014
vn 0.8288 -0.5538 -0.0804
vn 0.8314 -0.5555 -0.0104
vn 0.7732 -0.6341 -0.0104
vn 0.7732 -0.6341 -0.0014
vn 0.9239 -0.3827 0.0000
vn 0.8817 -0.4717 0.0000
vn 0.9239 -0.3827 -0.0014
vn 0.9238 -0.3826 -0.0104
vn 0.8789 -0.4701 -0.0804
vn 0.9209 -0.3814 -0.0804
vn 0.8101 -0.4333 -0.3950
vn 0.7638 -0.5104 -0.3949
vn 0.7707 -0.6321 -0.0804
vn 0.7103 -0.5826 -0.3950
vn 0.7732 -0.6341 0.0000
vn 0.8314 -0.5556 0.0000
vn 0.9951 -0.0983 -0.0104
vn 0.9808 -0.1951 -0.0014
vn 0.9951 -0.0983 -0.0014
vn 0.9776 -0.1944 -0.0804
vn 0.9807 -0.1951 -0.0104
vn 0.9570 -0.2900 -0.0104
vn 0.9570 -0.2900 -0.0014
vn 1.0000 0.0000 0.0000
vn 0.9951 -0.0983 0.0000
vn 1.0000 0.0000 -0.0014
vn 0.9999 0.0000 -0.0104
vn 0.9919 -0.0980 -0.0804
vn 0.9967 0.0000 -0.0804
vn 0.9142 -0.0903 -0.3950
vn 0.9010 -0.1792 -0.3949
vn 0.9539 -0.2890 -0.0804
vn 0.8792 -0.2664 -0.3950
vn 0.9570 -0.2900 0.0000
vn 0.9808 -0.1951 0.0000
vn 0.9570 0.2900 -0.0104
vn 0.9808 0.1951 -0.0014
vn 0.9570 0.2900 -0.0014
vn 0.9776 0.1944 -0.0804
vn 0.9807 0.1951 -0.0104
vn 0.9951 0.0983 -0.0104
vn 0.9951 0.0983 -0.0014
vn 0.9239 0.3827 0.0000
vn 0.9570 0.2900 0.0000
vn 0.9239 0.3827 -0.0014
vn 0.9238 0.3826 -0.0104
vn 0.9539 0.2890 -0.0804
vn 0.9209 0.3814 -0.0804
vn 0.8792 0.2664 -0.3950
vn 0.9010 0.1792 -0.3950
vn 0.9919 0.0980 -0.0804
vn 0.9142 0.0903 -0.3950
vn 0.9951 0.0983 0.0000
vn 0.9808 0.1951 0.0000
vn 0.7732 0.6341 -0.0104
vn 0.8314 0.5556 -0.0014
vn 0.7732 0.6341 -0.0014
vn 0.8288 0.5538 -0.0804
vn 0.8314 0.5555 -0.0104
vn 0.8817 0.4716 -0.0104
vn 0.8817 0.4717 -0.0014
vn 0.7071 0.7071 0.0000
vn 0.7732 0.6341 0.0000
vn 0.7071 0.7071 -0.0104
vn 0.7071 0.7071 -0.0014
vn 0.7707 0.6321 -0.0804
vn 0.7048 0.7048 -0.0804
vn 0.7103 0.5826 -0.3950
vn 0.7638 0.5104 -0.3949
vn 0.8789 0.4701 -0.0804
vn 0.8101 0.4333 -0.3950
vn 0.8817 0.4717 0.0000
vn 0.8314 0.5556 0.0000
vn 0.4716 0.8817 -0.0104
vn 0.5556 0.8314 -0.0014
vn 0.4717 0.8817 -0.0014
vn 0.5538 0.8288 -0.0804
vn 0.5555 0.8314 -0.0104
vn 0.6341 0.7732 -0.0104
vn 0.6341 0.7732 -0.0014
vn 0.3827 0.9239 0.0000
vn 0.4717 0.8817 0.0000
vn 0.3827 0.9239 -0.0014
vn 0.3826 0.9238 -0.0104
vn 0.4701 0.8789 -0.0804
vn 0.3814 0.9209 -0.0804
vn 0.4333 0.8101 -0.3950
vn 0.5104 0.7638 -0.3949
vn 0.6321 0.7707 -0.0804
vn 0.5826 0.7103 -0.3950
vn 0.6341 0.7732 0.0000
vn 0.5556 0.8314 0.0000
vn 0.0983 0.9951 -0.0104
vn 0.1951 0.9808 -0.0014
vn 0.0983 0.9951 -0.0014
vn 0.1944 0.9776 -0.0804
vn 0.1951 0.9807 -0.0104
vn 0.2900 0.9570 -0.0104
vn 0.2900 0.9570 -0.0014
vn 0.0983 0.9951 0.0000
vn 0.0980 0.9919 -0.0804
vn 0.0903 0.9142 -0.3950
vn 0.1792 0.9010 -0.3949
vn 0.2890 0.9539 -0.0804
vn 0.2664 0.8792 -0.3950
vn 0.2900 0.9570 0.0000
vn 0.1951 0.9808 0.0000
vn 0.4665 0.8722 -0.1471
vn 0.5555 0.8314 0.0161
vn 0.5495 0.8224 -0.1471
vn 0.4636 0.8666 0.1843
vn 0.4716 0.8816 0.0161
vn 0.6272 0.7648 -0.1471
vn 0.6232 0.7599 0.1843
vn 0.6341 0.7731 0.0161
vn 0.4314 0.8066 -0.4041
vn 0.5460 0.8172 0.1843
vn 0.6950 0.6950 0.1843
vn 0.7070 0.7070 0.0161
vn 0.6994 0.6994 -0.1471
vn 0.6468 0.6468 -0.4041
vn 0.5801 0.7073 -0.4041
vn 0.5082 0.7606 -0.4041
vn 0.7648 0.6272 -0.1471
vn 0.8314 0.5555 0.0161
vn 0.8224 0.5495 -0.1471
vn 0.7599 0.6232 0.1843
vn 0.7731 0.6341 0.0161
vn 0.8722 0.4665 -0.1471
vn 0.8666 0.4636 0.1843
vn 0.8816 0.4716 0.0161
vn 0.8172 0.5460 0.1843
vn 0.8286 0.3432 0.4422
vn 0.9080 0.3761 0.1843
vn 0.9237 0.3826 0.0161
vn 0.9138 0.3785 -0.1471
vn 0.9466 0.2868 -0.1471
vn 0.9807 0.1950 0.0161
vn 0.9701 0.1930 -0.1471
vn 0.9406 0.2850 0.1843
vn 0.9569 0.2899 0.0161
vn 0.9843 0.0973 -0.1471
vn 0.9781 0.0967 0.1843
vn 0.9950 0.0983 0.0161
vn 0.8584 0.2601 0.4422
vn 0.9640 0.1917 0.1843
vn 0.8925 0.0882 0.4422
vn 0.8969 0.0000 0.4422
vn 0.9828 0.0000 0.1843
vn 0.9998 0.0000 0.0161
vn 0.9891 0.0000 -0.1471
vn 0.9843 -0.0973 -0.1471
vn 0.9807 -0.1950 0.0161
vn 0.9701 -0.1929 -0.1471
vn 0.9781 -0.0967 0.1843
vn 0.9950 -0.0983 0.0161
vn 0.9466 -0.2868 -0.1471
vn 0.9406 -0.2850 0.1843
vn 0.9569 -0.2899 0.0161
vn 0.8925 -0.0882 0.4422
vn 0.9640 -0.1917 0.1843
vn 0.8584 -0.2601 0.4422
vn 0.9080 -0.3761 0.1843
vn 0.9237 -0.3826 0.0161
vn 0.9138 -0.3785 -0.1471
vn 0.8722 -0.4665 -0.1471
vn 0.8314 -0.5555 0.0161
vn 0.8224 -0.5495 -0.1471
vn 0.8666 -0.4636 0.1843
vn 0.8816 -0.4716 0.0161
vn 0.7648 -0.6272 -0.1471
vn 0.7599 -0.6232 0.1843
vn 0.7731 -0.6341 0.0161
vn 0.8172 -0.5460 0.1843
vn 0.6950 -0.6950 0.1843
vn 0.7070 -0.7070 0.0161
vn 0.6994 -0.6994 -0.1471
vn 0.6272 -0.7648 -0.1471
vn 0.5555 -0.8314 0.0161
vn 0.5495 -0.8224 -0.1471
vn 0.6232 -0.7599 0.1843
vn 0.6341 -0.7731 0.0161
vn 0.4665 -0.8722 -0.1471
vn 0.4636 -0.8666 0.1843
vn 0.4716 -0.8816 0.0161
vn 0.5460 -0.8172 0.1843
vn 0.3761 -0.9080 0.1843
vn 0.3826 -0.9237 0.0161
vn 0.3785 -0.9138 -0.1471
vn 0.2868 -0.9466 -0.1471
vn 0.1950 -0.9807 0.0161
vn 0.1929 -0.9701 -0.1471
vn 0.2850 -0.9406 0.1843
vn 0.2899 -0.9569 0.0161
vn 0.0973 -0.9843 -0.1471
vn 0.0967 -0.9781 0.1843
vn 0.0983 -0.9950 0.0161
vn 0.1917 -0.9640 0.1843
vn 0.0000 -0.8969 0.4422
vn 0.0000 -0.9828 0.1843
vn 0.0000 -0.9998 0.0161
vn 0.0000 -0.9891 -0.1471
vn -0.0973 -0.9843 -0.1471
vn -0.1950 -0.9807 0.0161
vn -0.1929 -0.9701 -0.1471
vn -0.0967 -0.9781 0.1843
vn -0.0983 -0.9950 0.0161
vn -0.2868 -0.9466 -0.1471
vn -0.2850 -0.9406 0.1843
vn -0.2899 -0.9569 0.0161
vn -0.0899 -0.9103 -0.4041
vn -0.0882 -0.8925 0.4422
vn -0.1917 -0.9640 0.1843
vn -0.2601 -0.8584 0.4422
vn -0.3432 -0.8286 0.4422
vn -0.3761 -0.9080 0.1843
vn -0.3826 -0.9237 0.0161
vn -0.3785 -0.9138 -0.1471
vn -0.3500 -0.8451 -0.4041
vn -0.2652 -0.8754 -0.4041
vn -0.1784 -0.8971 -0.4041
vn -0.4665 -0.8722 -0.1471
vn -0.5555 -0.8314 0.0161
vn -0.5495 -0.8224 -0.1471
vn -0.4636 -0.8666 0.1843
vn -0.4716 -0.8816 0.0161
vn -0.6272 -0.7648 -0.1471
vn -0.6232 -0.7599 0.1843
vn -0.6341 -0.7731 0.0161
vn -0.4314 -0.8066 -0.4041
vn -0.4230 -0.7909 0.4422
vn -0.5460 -0.8172 0.1843
vn -0.5687 -0.6935 0.4422
vn -0.6950 -0.6950 0.1843
vn -0.7070 -0.7070 0.0161
vn -0.6994 -0.6994 -0.1471
vn -0.6468 -0.6468 -0.4041
vn -0.5800 -0.7073 -0.4041
vn -0.5082 -0.7606 -0.4041
vn -0.7648 -0.6272 -0.1471
vn -0.8314 -0.5555 0.0161
vn -0.8224 -0.5495 -0.1471
vn -0.7599 -0.6232 0.1843
vn -0.7731 -0.6341 0.0161
vn -0.8722 -0.4665 -0.1471
vn -0.8666 -0.4636 0.1843
vn -0.8816 -0.4716 0.0161
vn -0.7073 -0.5800 -0.4041
vn -0.8172 -0.5460 0.1843
vn -0.9080 -0.3761 0.1843
vn -0.9237 -0.3826 0.0161
vn -0.9138 -0.3785 -0.1471
vn -0.8451 -0.3500 -0.4041
vn -0.8065 -0.4314 -0.4041
vn -0.7606 -0.5082 -0.4041
vn -0.9466 -0.2868 -0.1471
vn -0.9807 -0.1950 0.0161
vn -0.9701 -0.1930 -0.1471
vn -0.9406 -0.2850 0.1843
vn -0.9569 -0.2899 0.0161
vn -0.9843 -0.0973 -0.1471
vn -0.9781 -0.0967 0.1843
vn -0.9950 -0.0983 0.0161
vn -0.8754 -0.2652 -0.4041
vn -0.9640 -0.1917 0.1843
vn -0.8969 0.0000 0.4422
vn -0.9828 0.0000 0.1843
vn -0.9998 0.0000 0.0161
vn -0.9891 0.0000 -0.1471
vn -0.9147 0.0000 -0.4041
vn -0.9103 -0.0899 -0.4041
vn -0.8971 -0.1784 -0.4041
vn -0.9843 0.0973 -0.1471
vn -0.9807 0.1950 0.0161
vn -0.9701 0.1930 -0.1471
vn -0.9781 0.0967 0.1843
vn -0.9950 0.0983 0.0161
vn -0.9466 0.2868 -0.1471
vn -0.9406 0.2850 0.1843
vn -0.9569 0.2899 0.0161
vn -0.9103 0.0899 -0.4041
vn -0.8925 0.0882 0.4422
vn -0.9640 0.1917 0.1843
vn -0.8584 0.2601 0.4422
vn -0.8286 0.3432 0.4422
vn -0.9080 0.3761 0.1843
vn -0.9237 0.3826 0.0161
vn -0.9138 0.3785 -0.1471
vn -0.8451 0.3500 -0.4041
vn -0.8754 0.2652 -0.4041
vn -0.8971 0.1784 -0.4041
vn -0.8722 0.4665 -0.1471
vn -0.8314 0.5555 0.0161
vn -0.8224 0.5495 -0.1471
vn -0.8666 0.4636 0.1843
vn -0.8816 0.4716 0.0161
vn -0.7648 0.6272 -0.1471
vn -0.7599 0.6233 0.1843
vn -0.7731 0.6341 0.0161
vn -0.8066 0.4314 -0.4041
vn -0.7909 0.4230 0.4422
vn -0.8172 0.5460 0.1843
vn -0.6935 0.5687 0.4422
vn -0.6950 0.6950 0.1843
vn -0.7070 0.7070 0.0161
vn -0.6994 0.6994 -0.1471
vn -0.6468 0.6468 -0.4041
vn -0.7073 0.5801 -0.4041
vn -0.7606 0.5082 -0.4041
vn -0.6272 0.7648 -0.1471
vn -0.5555 0.8314 0.0161
vn -0.5495 0.8224 -0.1471
vn -0.6232 0.7599 0.1843
vn -0.6341 0.7731 0.0161
vn -0.4665 0.8722 -0.1471
vn -0.4636 0.8666 0.1843
vn -0.4716 0.8816 0.0161
vn -0.5801 0.7073 -0.4041
vn -0.5460 0.8172 0.1843
vn -0.3761 0.9080 0.1843
vn -0.3826 0.9237 0.0161
vn -0.3785 0.9138 -0.1471
vn -0.3500 0.8451 -0.4041
vn -0.4314 0.8066 -0.4041
vn -0.5082 0.7606 -0.4041
vn -0.2868 0.9466 -0.1471
vn -0.1950 0.9807 0.0161
vn -0.1929 0.9701 -0.1471
vn -0.2850 0.9406 0.1843
vn -0.2899 0.9569 0.0161
vn -0.0973 0.9843 -0.1471
vn -0.0967 0.9781 0.1843
vn -0.0983 0.9950 0.0161
vn -0.1917 0.9640 0.1843
vn -0.0460 -0.0561 -0.9973
vn 0.1297 0.1942 -0.9723
vn 0.1481 0.1806 -0.9723
vn -0.0342 -0.0639 -0.9973
vn -0.0403 -0.0603 -0.9973
vn 0.3633 0.5437 -0.7565
vn 0.4147 0.5056 -0.7565
vn 0.1102 0.2060 -0.9723
vn -0.1106 -0.1348 -0.9846
vn -0.0822 -0.1538 -0.9846
vn -0.0969 -0.1450 -0.9846
vn -0.0667 -0.1611 -0.9846
vn -0.0277 -0.0670 -0.9973
vn 0.0894 0.2158 -0.9723
vn 0.3085 0.5766 -0.7565
vn 0.2503 0.6042 -0.7565
vn 0.0342 -0.0639 -0.9973
vn -0.1297 0.1942 -0.9723
vn -0.1102 0.2059 -0.9723
vn 0.0460 -0.0561 -0.9973
vn 0.0403 -0.0603 -0.9973
vn -0.3633 0.5437 -0.7565
vn -0.3085 0.5766 -0.7565
vn -0.1481 0.1806 -0.9723
vn 0.0822 -0.1538 -0.9846
vn 0.1106 -0.1348 -0.9846
vn 0.0969 -0.1450 -0.9846
vn 0.1233 -0.1233 -0.9846
vn 0.0513 -0.0512 -0.9973
vn -0.1652 0.1652 -0.9723
vn -0.4147 0.5056 -0.7565
vn -0.4624 0.4624 -0.7565
vn 0.0930 0.0282 0.9952
vn 0.3200 0.0636 0.9453
vn 0.3122 0.0946 0.9453
vn 0.0967 0.0096 0.9952
vn 0.0953 0.0190 0.9952
vn 0.6433 0.1279 0.7548
vn 0.6277 0.1902 0.7548
vn 0.3247 0.0321 0.9453
vn -0.2951 -0.0894 0.9513
vn -0.3068 -0.0303 0.9513
vn -0.3024 -0.0602 0.9513
vn -0.3082 0.0000 0.9513
vn 0.0972 0.0000 0.9952
vn 0.3263 0.0000 0.9452
vn 0.6527 0.0645 0.7548
vn 0.6559 0.0000 0.7548
vn 0.8797 0.1750 0.4422
vn -0.0210 -0.0694 -0.9973
vn 0.0456 0.2291 -0.9723
vn 0.0677 0.2235 -0.9723
vn -0.0071 -0.0721 -0.9973
vn -0.0141 -0.0711 -0.9973
vn 0.1276 0.6414 -0.7565
vn 0.1896 0.6258 -0.7565
vn 0.0229 0.2325 -0.9723
vn -0.0506 -0.1669 -0.9846
vn -0.0171 -0.1736 -0.9846
vn -0.0340 -0.1711 -0.9846
vn 0.0643 0.6508 -0.7565
vn -0.0967 0.0096 0.9952
vn -0.3200 0.0636 0.9453
vn -0.3247 0.0321 0.9453
vn -0.0930 0.0282 0.9952
vn -0.0953 0.0190 0.9952
vn -0.6433 0.1279 0.7548
vn -0.6527 0.0645 0.7548
vn -0.3122 0.0946 0.9453
vn 0.3068 -0.0303 0.9513
vn 0.2951 -0.0894 0.9513
vn 0.3024 -0.0602 0.9512
vn 0.2847 -0.1180 0.9513
vn -0.0898 0.0372 0.9952
vn -0.3014 0.1249 0.9452
vn -0.6277 0.1902 0.7548
vn -0.6060 0.2510 0.7548
vn -0.8797 0.1750 0.4422
vn 0.0561 -0.0460 -0.9973
vn -0.1942 0.1297 -0.9723
vn -0.1806 0.1481 -0.9723
vn 0.0639 -0.0342 -0.9973
vn 0.0603 -0.0403 -0.9973
vn -0.5437 0.3633 -0.7565
vn -0.5056 0.4147 -0.7565
vn -0.2060 0.1102 -0.9723
vn 0.1348 -0.1106 -0.9846
vn 0.1538 -0.0822 -0.9846
vn 0.1450 -0.0969 -0.9846
vn 0.1611 -0.0667 -0.9846
vn 0.0670 -0.0277 -0.9973
vn -0.2158 0.0894 -0.9723
vn -0.5766 0.3085 -0.7565
vn -0.6042 0.2503 -0.7565
vn 0.0694 -0.0210 -0.9973
vn -0.2291 0.0456 -0.9723
vn -0.2235 0.0677 -0.9723
vn 0.0721 -0.0071 -0.9973
vn 0.0711 -0.0141 -0.9973
vn -0.6414 0.1276 -0.7565
vn -0.6258 0.1896 -0.7565
vn -0.2324 0.0229 -0.9723
vn 0.1669 -0.0506 -0.9846
vn 0.1735 -0.0171 -0.9846
vn 0.1711 -0.0340 -0.9846
vn 0.1744 0.0000 -0.9846
vn 0.0725 0.0000 -0.9973
vn -0.2336 0.0000 -0.9723
vn -0.6508 0.0643 -0.7565
vn -0.6540 0.0000 -0.7565
vn -0.0096 -0.0967 0.9952
vn -0.0636 -0.3200 0.9453
vn -0.0321 -0.3247 0.9453
vn -0.0282 -0.0930 0.9952
vn -0.0190 -0.0953 0.9952
vn -0.1279 -0.6433 0.7548
vn -0.0645 -0.6527 0.7548
vn -0.0946 -0.3122 0.9453
vn 0.0303 0.3068 0.9513
vn 0.0894 0.2951 0.9513
vn 0.0602 0.3024 0.9512
vn 0.1179 0.2848 0.9513
vn -0.0372 -0.0898 0.9952
vn -0.1249 -0.3014 0.9452
vn -0.1902 -0.6277 0.7548
vn -0.2510 -0.6060 0.7548
vn -0.1750 -0.8797 0.4422
vn 0.0722 0.0071 -0.9973
vn -0.2291 -0.0456 -0.9723
vn -0.2325 -0.0229 -0.9723
vn 0.0694 0.0210 -0.9973
vn 0.0711 0.0141 -0.9973
vn -0.6414 -0.1276 -0.7565
vn -0.6508 -0.0643 -0.7565
vn -0.2235 -0.0677 -0.9723
vn 0.1736 0.0171 -0.9846
vn 0.1669 0.0506 -0.9846
vn 0.1710 0.0340 -0.9846
vn 0.1611 0.0667 -0.9846
vn 0.0670 0.0277 -0.9973
vn -0.2159 -0.0894 -0.9723
vn -0.6258 -0.1896 -0.7565
vn -0.6042 -0.2503 -0.7565
vn 0.0967 -0.0096 0.9952
vn 0.3200 -0.0636 0.9453
vn 0.3247 -0.0321 0.9453
vn 0.0930 -0.0282 0.9952
vn 0.0953 -0.0190 0.9952
vn 0.6433 -0.1279 0.7548
vn 0.6527 -0.0645 0.7548
vn 0.3122 -0.0946 0.9453
vn -0.3068 0.0303 0.9513
vn -0.2951 0.0894 0.9513
vn -0.3024 0.0602 0.9512
vn 0.6277 -0.1902 0.7548
vn 0.8797 -0.1750 0.4422
vn -0.0857 0.0458 0.9952
vn -0.2712 0.1812 0.9453
vn -0.2877 0.1539 0.9453
vn -0.0751 0.0616 0.9952
vn -0.0808 0.0540 0.9952
vn -0.5453 0.3644 0.7548
vn -0.5783 0.3094 0.7548
vn -0.2522 0.2069 0.9453
vn 0.2719 -0.1454 0.9513
vn 0.2384 -0.1955 0.9513
vn 0.2564 -0.1713 0.9512
vn -0.5072 0.4159 0.7548
vn -0.7458 0.4983 0.4422
vn 0.0096 0.0967 0.9952
vn 0.0636 0.3200 0.9453
vn 0.0321 0.3247 0.9453
vn 0.0282 0.0930 0.9952
vn 0.0190 0.0953 0.9952
vn 0.1279 0.6433 0.7548
vn 0.0645 0.6527 0.7548
vn 0.0946 0.3122 0.9453
vn -0.0303 -0.3068 0.9513
vn -0.0894 -0.2951 0.9513
vn -0.0602 -0.3024 0.9512
vn 0.1902 0.6277 0.7548
vn 0.1750 0.8797 0.4422
vn 0.0639 0.0342 -0.9973
vn -0.1942 -0.1297 -0.9723
vn -0.2060 -0.1102 -0.9723
vn 0.0561 0.0460 -0.9973
vn 0.0603 0.0403 -0.9973
vn -0.5437 -0.3633 -0.7565
vn -0.5766 -0.3085 -0.7565
vn -0.1806 -0.1481 -0.9723
vn 0.1538 0.0822 -0.9846
vn 0.1348 0.1106 -0.9846
vn 0.1450 0.0969 -0.9846
vn 0.1233 0.1233 -0.9846
vn 0.0513 0.0513 -0.9973
vn -0.1652 -0.1652 -0.9723
vn -0.5056 -0.4147 -0.7565
vn -0.4624 -0.4624 -0.7565
vn -0.0458 -0.0857 0.9952
vn -0.1812 -0.2712 0.9453
vn -0.1539 -0.2877 0.9453
vn -0.0616 -0.0751 0.9952
vn -0.0540 -0.0808 0.9952
vn -0.3644 -0.5453 0.7548
vn -0.3094 -0.5784 0.7548
vn -0.2069 -0.2522 0.9453
vn 0.1454 0.2719 0.9513
vn 0.1955 0.2384 0.9513
vn 0.1713 0.2564 0.9512
vn -0.4159 -0.5071 0.7548
vn -0.4983 -0.7458 0.4422
vn 0.0460 0.0561 -0.9973
vn -0.1298 -0.1942 -0.9723
vn -0.1481 -0.1806 -0.9723
vn 0.0342 0.0639 -0.9973
vn 0.0403 0.0603 -0.9973
vn -0.3633 -0.5437 -0.7565
vn -0.4147 -0.5056 -0.7565
vn -0.1102 -0.2060 -0.9723
vn 0.1106 0.1348 -0.9846
vn 0.0822 0.1538 -0.9846
vn 0.0969 0.1450 -0.9846
vn 0.0667 0.1611 -0.9846
vn 0.0277 0.0670 -0.9973
vn -0.0894 -0.2158 -0.9723
vn -0.3085 -0.5766 -0.7565
vn -0.2503 -0.6042 -0.7565
vn 0.0210 0.0694 -0.9973
vn -0.0456 -0.2291 -0.9723
vn -0.0677 -0.2235 -0.9723
vn 0.0071 0.0721 -0.9973
vn 0.0141 0.0711 -0.9973
vn -0.1276 -0.6414 -0.7565
vn -0.1896 -0.6258 -0.7565
vn -0.0229 -0.2325 -0.9723
vn 0.0506 0.1669 -0.9846
vn 0.0172 0.1736 -0.9846
vn 0.0340 0.1710 -0.9846
vn -0.0643 -0.6508 -0.7565
vn 0.0000 0.0000 -1.0000
vn 0.1951 -0.9808 0.0008
vn 0.2900 -0.9570 0.0024
vn 0.2900 -0.9570 0.0008
vn 0.0983 -0.9951 0.0008
vn 0.1951 -0.9808 0.0024
vn 0.1951 -0.9807 0.0060
vn 0.2900 -0.9570 0.0060
vn 0.0983 -0.9951 0.0060
vn 0.2900 -0.9570 0.0002
vn 0.3827 -0.9239 0.0008
vn 0.3827 -0.9239 0.0002
vn 0.0983 -0.9951 0.0002
vn 0.1951 -0.9808 0.0002
vn 0.0000 -1.0000 0.0008
vn 0.0983 -0.9951 0.0024
vn 0.0000 -1.0000 0.0024
vn 0.0000 -1.0000 0.0060
vn 0.0983 -0.9950 0.0148
vn 0.1950 -0.9807 0.0148
vn 0.2899 -0.9569 0.0148
vn 0.3826 -0.9238 0.0148
vn 0.3827 -0.9239 0.0060
vn 0.3827 -0.9239 0.0024
vn 0.5556 -0.8314 0.0008
vn 0.6341 -0.7732 0.0024
vn 0.6341 -0.7732 0.0008
vn 0.4717 -0.8817 0.0008
vn 0.5556 -0.8314 0.0024
vn 0.6341 -0.7732 0.0060
vn 0.4717 -0.8817 0.0060
vn 0.5556 -0.8314 0.0060
vn 0.6341 -0.7732 0.0002
vn 0.7071 -0.7071 0.0008
vn 0.7071 -0.7071 0.0002
vn 0.4717 -0.8817 0.0002
vn 0.5556 -0.8314 0.0002
vn 0.4717 -0.8817 0.0024
vn 0.4716 -0.8816 0.0148
vn 0.5555 -0.8314 0.0148
vn 0.6341 -0.7731 0.0148
vn 0.7071 -0.7071 0.0060
vn 0.7070 -0.7070 0.0148
vn 0.7071 -0.7071 0.0024
vn 0.8314 -0.5556 0.0008
vn 0.8817 -0.4717 0.0024
vn 0.8817 -0.4717 0.0008
vn 0.7732 -0.6341 0.0008
vn 0.8314 -0.5556 0.0024
vn 0.8817 -0.4717 0.0060
vn 0.7732 -0.6341 0.0060
vn 0.8314 -0.5556 0.0060
vn 0.8817 -0.4717 0.0002
vn 0.9239 -0.3827 0.0008
vn 0.9239 -0.3827 0.0002
vn 0.7732 -0.6341 0.0002
vn 0.8314 -0.5556 0.0002
vn 0.7732 -0.6341 0.0024
vn 0.7731 -0.6341 0.0148
vn 0.8314 -0.5555 0.0148
vn 0.8816 -0.4716 0.0148
vn 0.9238 -0.3826 0.0148
vn 0.9239 -0.3827 0.0060
vn 0.9239 -0.3827 0.0024
vn 0.9808 -0.1951 0.0008
vn 0.9951 -0.0983 0.0024
vn 0.9951 -0.0983 0.0008
vn 0.9570 -0.2900 0.0008
vn 0.9808 -0.1951 0.0024
vn 0.9807 -0.1951 0.0060
vn 0.9951 -0.0983 0.0060
vn 0.9570 -0.2900 0.0024
vn 0.9951 -0.0983 0.0002
vn 1.0000 0.0000 0.0008
vn 1.0000 0.0000 0.0002
vn 0.9570 -0.2900 0.0002
vn 0.9808 -0.1951 0.0002
vn 0.9570 -0.2900 0.0060
vn 0.9569 -0.2899 0.0148
vn 0.9807 -0.1950 0.0148
vn 0.9950 -0.0983 0.0148
vn 1.0000 0.0000 0.0060
vn 0.9999 0.0000 0.0148
vn 1.0000 0.0000 0.0024
vn 0.9808 0.1951 0.0008
vn 0.9570 0.2900 0.0024
vn 0.9570 0.2900 0.0008
vn 0.9951 0.0983 0.0008
vn 0.9808 0.1951 0.0024
vn 0.9570 0.2900 0.0060
vn 0.9951 0.0983 0.0024
vn 0.9807 0.1951 0.0060
vn 0.9570 0.2900 0.0002
vn 0.9239 0.3827 0.0008
vn 0.9239 0.3827 0.0002
vn 0.9951 0.0983 0.0002
vn 0.9808 0.1951 0.0002
vn 0.9951 0.0983 0.0060
vn 0.9950 0.0983 0.0148
vn 0.9807 0.1950 0.0148
vn 0.9569 0.2899 0.0148
vn 0.9238 0.3826 0.0148
vn 0.9239 0.3827 0.0060
vn 0.9239 0.3827 0.0024
vn 0.8314 0.5556 0.0008
vn 0.7732 0.6341 0.0024
vn 0.7732 0.6341 0.0008
vn 0.8817 0.4717 0.0008
vn 0.8314 0.5556 0.0024
vn 0.7732 0.6341 0.0060
vn 0.8817 0.4717 0.0024
vn 0.8314 0.5556 0.0060
vn 0.7732 0.6341 0.0002
vn 0.7071 0.7071 0.0008
vn 0.7071 0.7071 0.0002
vn 0.8817 0.4717 0.0002
vn 0.8314 0.5556 0.0002
vn 0.8817 0.4717 0.0060
vn 0.8816 0.4716 0.0148
vn 0.8314 0.5555 0.0148
vn 0.7731 0.6341 0.0148
vn 0.7071 0.7071 0.0060
vn 0.7070 0.7070 0.0148
vn 0.7071 0.7071 0.0024
vn 0.5556 0.8314 0.0008
vn 0.4717 0.8817 0.0024
vn 0.4717 0.8817 0.0008
vn 0.6341 0.7732 0.0008
vn 0.5556 0.8314 0.0024
vn 0.4717 0.8817 0.0060
vn 0.6341 0.7732 0.0024
vn 0.5556 0.8314 0.0060
vn 0.4717 0.8817 0.0002
vn 0.3827 0.9239 0.0008
vn 0.3827 0.9239 0.0002
vn 0.6341 0.7732 0.0002
vn 0.5556 0.8314 0.0002
vn 0.6341 0.7732 0.0060
vn 0.6341 0.7731 0.0148
vn 0.5555 0.8314 0.0148
vn 0.4716 0.8816 0.0148
vn 0.3826 0.9238 0.0148
vn 0.3827 0.9239 0.0060
vn 0.3827 0.9239 0.0024
vn 0.1951 0.9808 0.0008
vn 0.0983 0.9951 0.0024
vn 0.0983 0.9951 0.0008
vn 0.2900 0.9570 0.0008
vn 0.1951 0.9808 0.0024
vn 0.1951 0.9807 0.0060
vn 0.0983 0.9951 0.0060
vn 0.2900 0.9570 0.0060
vn 0.0983 0.9951 0.0002
vn 0.0000 1.0000 0.0008
vn 0.0000 1.0000 0.0002
vn 0.2900 0.9570 0.0002
vn 0.1951 0.9808 0.0002
vn 0.2900 0.9570 0.0024
vn 0.2899 0.9569 0.0148
vn 0.1950 0.9807 0.0148
vn 0.0983 0.9950 0.0148
vn 0.0000 1.0000 0.0060
vn 0.0000 0.9999 0.0148
vn 0.0000 1.0000 0.0024
vn -0.2900 0.9570 0.0008
vn -0.1951 0.9808 0.0024
vn -0.2900 0.9570 0.0024
vn -0.0983 0.9951 0.0008
vn -0.1951 0.9808 0.0008
vn -0.2900 0.9570 0.0060
vn -0.0983 0.9951 0.0024
vn -0.1951 0.9807 0.0060
vn -0.2900 0.9570 0.0002
vn -0.3827 0.9239 0.0008
vn -0.3827 0.9239 0.0002
vn -0.0983 0.9951 0.0002
vn -0.1951 0.9808 0.0002
vn -0.0983 0.9951 0.0060
vn -0.0983 0.9950 0.0148
vn -0.1950 0.9807 0.0148
vn -0.2899 0.9569 0.0148
vn -0.3826 0.9238 0.0148
vn -0.3827 0.9239 0.0060
vn -0.3827 0.9239 0.0024
vn -0.5556 0.8314 0.0008
vn -0.6341 0.7732 0.0024
vn -0.6341 0.7732 0.0008
vn -0.4717 0.8817 0.0008
vn -0.5556 0.8314 0.0024
vn -0.5556 0.8314 0.0060
vn -0.6341 0.7732 0.0060
vn -0.4717 0.8817 0.0024
vn -0.6341 0.7732 0.0002
vn -0.7071 0.7071 0.0008
vn -0.7071 0.7071 0.0002
vn -0.4717 0.8817 0.0002
vn -0.5556 0.8314 0.0002
vn -0.4717 0.8817 0.0060
vn -0.4716 0.8816 0.0148
vn -0.5555 0.8314 0.0148
vn -0.6341 0.7731 0.0148
vn -0.7070 0.7070 0.0148
vn -0.7071 0.7071 0.0060
vn -0.7071 0.7071 0.0024
vn -0.8314 0.5556 0.0008
vn -0.8817 0.4717 0.0024
vn -0.8817 0.4717 0.0008
vn -0.7732 0.6341 0.0008
vn -0.8314 0.5556 0.0024
vn -0.8817 0.4717 0.0060
vn -0.7732 0.6341 0.0024
vn -0.8314 0.5556 0.0060
vn -0.8817 0.4717 0.0002
vn -0.9239 0.3827 0.0008
vn -0.9239 0.3827 0.0002
vn -0.7732 0.6341 0.0002
vn -0.8314 0.5556 0.0002
vn -0.7732 0.6341 0.0060
vn -0.7731 0.6341 0.0148
vn -0.8314 0.5555 0.0148
vn -0.8816 0.4716 0.0148
vn -0.9238 0.3826 0.0148
vn -0.9239 0.3827 0.0060
vn -0.9239 0.3827 0.0024
vn -0.9951 0.0983 0.0008
vn -0.9808 0.1951 0.0024
vn -0.9951 0.0983 0.0024
vn -0.9570 0.2900 0.0008
vn -0.9808 0.1951 0.0008
vn -0.9807 0.1951 0.0060
vn -0.9951 0.0983 0.0060
vn -0.9570 0.2900 0.0024
vn -0.9951 0.0983 0.0002
vn -1.0000 0.0000 0.0008
vn -1.0000 0.0000 0.0002
vn -0.9570 0.2900 0.0002
vn -0.9808 0.1951 0.0002
vn -0.9570 0.2900 0.0060
vn -0.9569 0.2899 0.0148
vn -0.9807 0.1950 0.0148
vn -0.9950 0.0983 0.0148
vn -1.0000 0.0000 0.0060
vn -0.9999 0.0000 0.0148
vn -1.0000 0.0000 0.0024
vn -0.9570 -0.2900 0.0008
vn -0.9808 -0.1951 0.0024
vn -0.9570 -0.2900 0.0024
vn -0.9951 -0.0983 0.0008
vn -0.9808 -0.1951 0.0008
vn -0.9807 -0.1951 0.0060
vn -0.9570 -0.2900 0.0060
vn -0.9951 -0.0983 0.0060
vn -0.9570 -0.2900 0.0002
vn -0.9239 -0.3827 0.0008
vn -0.9239 -0.3827 0.0002
vn -0.9951 -0.0983 0.0002
vn -0.9808 -0.1951 0.0002
vn -0.9951 -0.0983 0.0024
vn -0.9950 -0.0983 0.0148
vn -0.9807 -0.1950 0.0148
vn -0.9569 -0.2899 0.0148
vn -0.9239 -0.3827 0.0060
vn -0.9238 -0.3826 0.0148
vn -0.9239 -0.3827 0.0024
vn -0.8314 -0.5556 0.0008
vn -0.7732 -0.6341 0.0024
vn -0.7732 -0.6341 0.0008
vn -0.8817 -0.4717 0.0008
vn -0.8314 -0.5556 0.0024
vn -0.7732 -0.6341 0.0060
vn -0.8817 -0.4717 0.0060
vn -0.8314 -0.5556 0.0060
vn -0.7732 -0.6341 0.0002
vn -0.7071 -0.7071 0.0008
vn -0.7071 -0.7071 0.0002
vn -0.8817 -0.4717 0.0002
vn -0.8314 -0.5556 0.0002
vn -0.8817 -0.4717 0.0024
vn -0.8816 -0.4716 0.0148
vn -0.8314 -0.5555 0.0148
vn -0.7731 -0.6341 0.0148
vn -0.7070 -0.7070 0.0148
vn -0.7071 -0.7071 0.0060
vn -0.7071 -0.7071 0.0024
vn -0.5556 -0.8314 0.0008
vn -0.4717 -0.8817 0.0024
vn -0.4717 -0.8817 0.0008
vn -0.6341 -0.7732 0.0008
vn -0.5556 -0.8314 0.0024
vn -0.4717 -0.8817 0.0060
vn -0.6341 -0.7732 0.0060
vn -0.5556 -0.8314 0.0060
vn -0.4717 -0.8817 0.0002
vn -0.3827 -0.9239 0.0008
vn -0.3827 -0.9239 0.0002
vn -0.6341 -0.7732 0.0002
vn -0.5556 -0.8314 0.0002
vn -0.6341 -0.7732 0.0024
vn -0.6341 -0.7731 0.0148
vn -0.5555 -0.8314 0.0148
vn -0.4716 -0.8816 0.0148
vn -0.3826 -0.9238 0.0148
vn -0.3827 -0.9239 0.0060
vn -0.3827 -0.9239 0.0024
vn -0.1951 -0.9808 0.0008
vn -0.0983 -0.9951 0.0024
vn -0.0983 -0.9951 0.0008
vn -0.2900 -0.9570 0.0008
vn -0.1951 -0.9808 0.0024
vn -0.1951 -0.9807 0.0060
vn -0.0983 -0.9951 0.0060
vn -0.2900 -0.9570 0.0060
vn -0.0983 -0.9951 0.0002
vn 0.0000 -1.0000 0.0002
vn -0.2900 -0.9570 0.0002
vn -0.1951 -0.9808 0.0002
vn -0.2900 -0.9570 0.0024
vn -0.2899 -0.9569 0.0148
vn -0.1950 -0.9807 0.0148
vn -0.0983 -0.9950 0.0148
vn 0.0000 -0.9999 0.0148
vn 0.0983 0.9951 0.0021
vn 0.1951 0.9807 0.0052
vn 0.0983 0.9951 0.0052
vn 0.0983 0.9951 0.0007
vn 0.1951 0.9808 0.0021
vn 0.2900 0.9570 0.0052
vn 0.2900 0.9570 0.0007
vn 0.2900 0.9570 0.0021
vn 0.0000 1.0000 0.0052
vn 0.0000 1.0000 0.0021
vn 0.0000 1.0000 0.0007
vn 0.1951 0.9808 0.0007
vn 0.3827 0.9239 0.0007
vn 0.3827 0.9239 0.0021
vn 0.3827 0.9239 0.0052
vn 0.4717 0.8817 0.0021
vn 0.5556 0.8314 0.0052
vn 0.4717 0.8817 0.0052
vn 0.4717 0.8817 0.0007
vn 0.5556 0.8314 0.0021
vn 0.6341 0.7732 0.0021
vn 0.6341 0.7732 0.0052
vn 0.5556 0.8314 0.0007
vn 0.6341 0.7732 0.0007
vn 0.7071 0.7071 0.0007
vn 0.7071 0.7071 0.0021
vn 0.7071 0.7071 0.0052
vn 0.7732 0.6341 0.0021
vn 0.8314 0.5556 0.0052
vn 0.7732 0.6341 0.0052
vn 0.7732 0.6341 0.0007
vn 0.8314 0.5556 0.0021
vn 0.8817 0.4717 0.0021
vn 0.8817 0.4717 0.0052
vn 0.8817 0.4717 0.0007
vn 0.8314 0.5556 0.0007
vn 0.9239 0.3827 0.0007
vn 0.9239 0.3827 0.0021
vn 0.9239 0.3827 0.0052
vn 0.9570 0.2900 0.0021
vn 0.9807 0.1951 0.0052
vn 0.9570 0.2900 0.0052
vn 0.9570 0.2900 0.0007
vn 0.9808 0.1951 0.0021
vn 0.9951 0.0983 0.0021
vn 0.9951 0.0983 0.0052
vn 0.9951 0.0983 0.0007
vn 0.9808 0.1951 0.0007
vn 1.0000 0.0000 0.0007
vn 1.0000 0.0000 0.0021
vn 1.0000 0.0000 0.0052
vn 0.9951 -0.0983 0.0021
vn 0.9807 -0.1951 0.0052
vn 0.9951 -0.0983 0.0052
vn 0.9951 -0.0983 0.0007
vn 0.9808 -0.1951 0.0021
vn 0.9570 -0.2900 0.0021
vn 0.9570 -0.2900 0.0052
vn 0.9570 -0.2900 0.0007
vn 0.9808 -0.1951 0.0007
vn 0.9239 -0.3827 0.0007
vn 0.9239 -0.3827 0.0021
vn 0.9239 -0.3827 0.0052
vn 0.8817 -0.4717 0.0021
vn 0.8314 -0.5556 0.0052
vn 0.8817 -0.4717 0.0052
vn 0.8817 -0.4717 0.0007
vn 0.8314 -0.5556 0.0021
vn 0.7732 -0.6341 0.0021
vn 0.7732 -0.6341 0.0052
vn 0.7732 -0.6341 0.0007
vn 0.8314 -0.5556 0.0007
vn 0.7071 -0.7071 0.0007
vn 0.7071 -0.7071 0.0021
vn 0.7071 -0.7071 0.0052
vn 0.6341 -0.7732 0.0021
vn 0.5556 -0.8314 0.0052
vn 0.6341 -0.7732 0.0052
vn 0.6341 -0.7732 0.0007
vn 0.5556 -0.8314 0.0021
vn 0.4717 -0.8817 0.0021
vn 0.4717 -0.8817 0.0052
vn 0.4717 -0.8817 0.0007
vn 0.5556 -0.8314 0.0007
vn 0.3827 -0.9239 0.0007
vn 0.3827 -0.9239 0.0021
vn 0.3827 -0.9239 0.0052
vn 0.2900 -0.9570 0.0021
vn 0.1951 -0.9807 0.0052
vn 0.2900 -0.9570 0.0052
vn 0.2900 -0.9570 0.0007
vn 0.1951 -0.9808 0.0021
vn 0.0983 -0.9951 0.0052
vn 0.0983 -0.9951 0.0007
vn 0.0983 -0.9951 0.0021
vn 0.1951 -0.9808 0.0007
vn 0.0000 -1.0000 0.0007
vn 0.0000 -1.0000 0.0021
vn 0.0000 -1.0000 0.0052
vn -0.0983 -0.9951 0.0021
vn -0.1951 -0.9807 0.0052
vn -0.0983 -0.9951 0.0052
vn -0.0983 -0.9951 0.0007
vn -0.1951 -0.9808 0.0021
vn -0.2900 -0.9570 0.0021
vn -0.2900 -0.9570 0.0052
vn -0.2900 -0.9570 0.0007
vn -0.1951 -0.9808 0.0007
vn -0.3827 -0.9239 0.0007
vn -0.3827 -0.9239 0.0021
vn -0.3827 -0.9239 0.0052
vn -0.4717 -0.8817 0.0021
vn -0.5556 -0.8314 0.0052
vn -0.4717 -0.8817 0.0052
vn -0.4717 -0.8817 0.0007
vn -0.5556 -0.8314 0.0021
vn -0.6341 -0.7732 0.0052
vn -0.6341 -0.7732 0.0007
vn -0.6341 -0.7732 0.0021
vn -0.5556 -0.8314 0.0007
vn -0.7071 -0.7071 0.0007
vn -0.7071 -0.7071 0.0021
vn -0.7071 -0.7071 0.0052
vn -0.7732 -0.6341 0.0021
vn -0.8314 -0.5556 0.0052
vn -0.7732 -0.6341 0.0052
vn -0.7732 -0.6341 0.0007
vn -0.8314 -0.5556 0.0021
vn -0.8817 -0.4717 0.0052
vn -0.8817 -0.4717 0.0007
vn -0.8817 -0.4717 0.0021
vn -0.8314 -0.5556 0.0007
vn -0.9239 -0.3827 0.0007
vn -0.9239 -0.3827 0.0021
vn -0.9239 -0.3827 0.0052
vn -0.9570 -0.2900 0.0021
vn -0.9807 -0.1951 0.0052
vn -0.9570 -0.2900 0.0052
vn -0.9570 -0.2900 0.0007
vn -0.9808 -0.1951 0.0021
vn -0.9951 -0.0983 0.0052
vn -0.9951 -0.0983 0.0007
vn -0.9951 -0.0983 0.0021
vn -0.9808 -0.1951 0.0007
vn -1.0000 0.0000 0.0007
vn -1.0000 0.0000 0.0021
vn -1.0000 0.0000 0.0052
vn -0.9951 0.0983 0.0021
vn -0.9807 0.1951 0.0052
vn -0.9951 0.0983 0.0052
vn -0.9951 0.0983 0.0007
vn -0.9808 0.1951 0.0021
vn -0.9570 0.2900 0.0021
vn -0.9570 0.2900 0.0052
vn -0.9570 0.2900 0.0007
vn -0.9808 0.1951 0.0007
vn -0.9239 0.3827 0.0007
vn -0.9239 0.3827 0.0021
vn -0.9239 0.3827 0.0052
vn -0.8817 0.4717 0.0021
vn -0.8314 0.5556 0.0052
vn -0.8817 0.4717 0.0052
vn -0.8817 0.4717 0.0007
vn -0.8314 0.5556 0.0021
vn -0.7732 0.6341 0.0021
vn -0.7732 0.6341 0.0052
vn -0.7732 0.6341 0.0007
vn -0.8314 0.5556 0.0007
vn -0.7071 0.7071 0.0007
vn -0.7071 0.7071 0.0021
vn -0.7071 0.7071 0.0052
vn -0.6341 0.7732 0.0021
vn -0.5556 0.8314 0.0052
vn -0.6341 0.7732 0.0052
vn -0.6341 0.7732 0.0007
vn -0.5556 0.8314 0.0021
vn -0.4717 0.8817 0.0021
vn -0.4717 0.8817 0.0052
vn -0.4717 0.8817 0.0007
vn -0.5556 0.8314 0.0007
vn -0.3827 0.9239 0.0007
vn -0.3827 0.9239 0.0021
vn -0.3827 0.9239 0.0052
vn -0.2900 0.9570 0.0021
vn -0.1951 0.9807 0.0052
vn -0.2900 0.9570 0.0052
vn -0.2900 0.9570 0.0007
vn -0.1951 0.9808 0.0021
vn -0.0983 0.9951 0.0021
vn -0.0983 0.9951 0.0052
vn -0.1951 0.9808 0.0007
vn -0.0983 0.9951 0.0007
vn -0.1686 -0.5565 -0.8135
vn -0.0295 -0.1484 -0.9885
vn -0.0439 -0.1448 -0.9885
vn -0.0572 -0.5787 -0.8135
vn -0.1134 -0.5704 -0.8135
vn 0.0211 0.1062 -0.9941
vn 0.0314 0.1036 -0.9941
vn -0.0149 -0.1506 -0.9885
vn -0.3515 -0.8487 -0.3950
vn -0.2225 -0.5372 -0.8136
vn 0.0000 -0.9187 -0.3950
vn 0.0000 -0.5814 -0.8136
vn 0.0000 -0.1513 -0.9885
vn 0.0107 0.1078 -0.9941
vn 0.0000 0.1083 -0.9941
vn 0.0414 0.1001 -0.9941
vn -0.0579 -0.1397 -0.9885
vn -0.3687 -0.4496 -0.8135
vn -0.0841 -0.1258 -0.9885
vn -0.0960 -0.1170 -0.9885
vn -0.2743 -0.5127 -0.8135
vn -0.3231 -0.4835 -0.8135
vn 0.0602 0.0900 -0.9941
vn 0.0687 0.0837 -0.9941
vn -0.0714 -0.1334 -0.9885
vn -0.6496 -0.6496 -0.3950
vn -0.4111 -0.4111 -0.8136
vn 0.0511 0.0955 -0.9941
vn 0.0766 0.0766 -0.9941
vn -0.1070 -0.1070 -0.9885
vn -0.5127 -0.2743 -0.8135
vn -0.1259 -0.0841 -0.9885
vn -0.1334 -0.0714 -0.9885
vn -0.4496 -0.3687 -0.8135
vn -0.4835 -0.3231 -0.8135
vn 0.0901 0.0602 -0.9941
vn 0.0955 0.0511 -0.9941
vn -0.1170 -0.0960 -0.9885
vn -0.8487 -0.3515 -0.3950
vn -0.5372 -0.2225 -0.8136
vn 0.0837 0.0687 -0.9941
vn 0.1001 0.0414 -0.9941
vn -0.1398 -0.0579 -0.9885
vn -0.5787 -0.0572 -0.8135
vn -0.1484 -0.0295 -0.9885
vn -0.1506 -0.0149 -0.9885
vn -0.5565 -0.1686 -0.8135
vn -0.5704 -0.1134 -0.8135
vn 0.1062 0.0211 -0.9941
vn 0.1078 0.0107 -0.9941
vn -0.1448 -0.0439 -0.9885
vn -0.9187 0.0000 -0.3950
vn -0.5814 0.0000 -0.8136
vn 0.1036 0.0314 -0.9941
vn 0.1083 0.0000 -0.9941
vn -0.1513 0.0000 -0.9885
vn -0.5565 0.1686 -0.8135
vn -0.1484 0.0295 -0.9885
vn -0.1448 0.0439 -0.9885
vn -0.5787 0.0572 -0.8135
vn -0.5704 0.1134 -0.8135
vn 0.1062 -0.0211 -0.9941
vn 0.1036 -0.0314 -0.9941
vn -0.1506 0.0149 -0.9885
vn -0.8487 0.3515 -0.3950
vn -0.5372 0.2225 -0.8136
vn 0.1078 -0.0107 -0.9941
vn 0.1001 -0.0414 -0.9941
vn -0.1397 0.0579 -0.9885
vn -0.4496 0.3688 -0.8135
vn -0.1258 0.0841 -0.9885
vn -0.1170 0.0960 -0.9885
vn -0.5127 0.2743 -0.8135
vn -0.4835 0.3231 -0.8135
vn 0.0900 -0.0602 -0.9941
vn 0.0837 -0.0687 -0.9941
vn -0.1334 0.0714 -0.9885
vn -0.6496 0.6496 -0.3950
vn -0.4111 0.4111 -0.8136
vn 0.0955 -0.0511 -0.9941
vn 0.0766 -0.0766 -0.9941
vn -0.1069 0.1070 -0.9885
vn 0.1686 0.5565 -0.8135
vn 0.0295 0.1484 -0.9885
vn 0.0439 0.1448 -0.9885
vn 0.0572 0.5787 -0.8135
vn 0.1134 0.5704 -0.8135
vn -0.0211 -0.1062 -0.9941
vn -0.0314 -0.1036 -0.9941
vn 0.0149 0.1506 -0.9885
vn 0.3515 0.8487 -0.3950
vn 0.2225 0.5372 -0.8136
vn 0.0000 0.9187 -0.3950
vn 0.0000 0.5814 -0.8136
vn 0.0000 0.1513 -0.9885
vn -0.0107 -0.1078 -0.9941
vn 0.0000 -0.1083 -0.9941
vn -0.0414 -0.1001 -0.9941
vn 0.0579 0.1397 -0.9885
vn -0.2743 0.5127 -0.8135
vn -0.0841 0.1258 -0.9885
vn -0.0714 0.1334 -0.9885
vn -0.3688 0.4496 -0.8135
vn -0.3231 0.4835 -0.8135
vn 0.0601 -0.0900 -0.9941
vn 0.0511 -0.0955 -0.9941
vn -0.0960 0.1170 -0.9885
vn -0.3515 0.8487 -0.3950
vn -0.2225 0.5372 -0.8136
vn 0.0687 -0.0837 -0.9941
vn 0.0414 -0.1001 -0.9941
vn -0.0579 0.1397 -0.9885
vn 0.3688 0.4496 -0.8135
vn 0.0841 0.1258 -0.9885
vn 0.0960 0.1170 -0.9885
vn 0.2743 0.5127 -0.8135
vn 0.3231 0.4835 -0.8135
vn -0.0602 -0.0900 -0.9941
vn -0.0687 -0.0837 -0.9941
vn 0.0714 0.1334 -0.9885
vn 0.6496 0.6496 -0.3950
vn 0.4111 0.4111 -0.8136
vn -0.0511 -0.0955 -0.9941
vn -0.0766 -0.0766 -0.9941
vn 0.1070 0.1070 -0.9885
vn 0.0572 -0.5787 -0.8135
vn 0.0295 -0.1484 -0.9885
vn 0.0149 -0.1506 -0.9885
vn 0.1686 -0.5565 -0.8135
vn 0.1134 -0.5704 -0.8135
vn -0.0211 0.1062 -0.9941
vn -0.0107 0.1078 -0.9941
vn 0.0439 -0.1448 -0.9885
vn 0.3515 -0.8487 -0.3950
vn 0.2225 -0.5372 -0.8136
vn 0.0579 -0.1397 -0.9885
vn -0.0314 0.1036 -0.9941
vn -0.0414 0.1001 -0.9941
vn 0.2743 -0.5127 -0.8135
vn 0.0841 -0.1258 -0.9885
vn 0.0714 -0.1334 -0.9885
vn 0.3687 -0.4496 -0.8135
vn 0.3231 -0.4835 -0.8135
vn -0.0602 0.0901 -0.9941
vn -0.0511 0.0955 -0.9941
vn 0.0960 -0.1170 -0.9885
vn 0.6496 -0.6496 -0.3950
vn 0.4111 -0.4111 -0.8136
vn 0.1070 -0.1070 -0.9885
vn -0.0687 0.0837 -0.9941
vn -0.0766 0.0766 -0.9941
vn 0.4496 -0.3688 -0.8135
vn 0.1259 -0.0841 -0.9885
vn 0.1170 -0.0960 -0.9885
vn 0.5127 -0.2743 -0.8135
vn 0.4835 -0.3231 -0.8135
vn -0.0901 0.0602 -0.9941
vn -0.0837 0.0687 -0.9941
vn 0.1334 -0.0714 -0.9885
vn 0.8487 -0.3515 -0.3950
vn 0.5372 -0.2225 -0.8136
vn 0.1398 -0.0579 -0.9885
vn -0.0955 0.0511 -0.9941
vn -0.1001 0.0414 -0.9941
vn 0.5565 -0.1686 -0.8135
vn 0.1484 -0.0295 -0.9885
vn 0.1448 -0.0439 -0.9885
vn 0.5787 -0.0572 -0.8135
vn 0.5704 -0.1134 -0.8135
vn -0.1062 0.0211 -0.9941
vn -0.1036 0.0314 -0.9941
vn 0.1506 -0.0149 -0.9885
vn 0.9187 0.0000 -0.3950
vn 0.5814 0.0000 -0.8136
vn 0.1513 0.0000 -0.9885
vn -0.1078 0.0107 -0.9941
vn -0.1083 0.0000 -0.9941
vn 0.5787 0.0572 -0.8135
vn 0.1484 0.0295 -0.9885
vn 0.1506 0.0149 -0.9885
vn 0.5565 0.1686 -0.8135
vn 0.5704 0.1134 -0.8135
vn -0.1062 -0.0211 -0.9941
vn -0.1078 -0.0107 -0.9941
vn 0.1448 0.0439 -0.9885
vn 0.8487 0.3515 -0.3950
vn 0.5372 0.2225 -0.8136
vn 0.1397 0.0579 -0.9885
vn -0.1036 -0.0314 -0.9941
vn -0.1001 -0.0414 -0.9941
vn 0.5127 0.2743 -0.8135
vn 0.1259 0.0841 -0.9885
vn 0.1334 0.0714 -0.9885
vn 0.4496 0.3688 -0.8135
vn 0.4835 0.3231 -0.8135
vn -0.0900 -0.0602 -0.9941
vn -0.0955 -0.0511 -0.9941
vn 0.1170 0.0960 -0.9885
vn -0.0837 -0.0687 -0.9941
vn -0.0572 0.5787 -0.8135
vn -0.0295 0.1484 -0.9885
vn -0.0149 0.1506 -0.9885
vn -0.1686 0.5565 -0.8135
vn -0.1134 0.5704 -0.8135
vn 0.0211 -0.1062 -0.9941
vn 0.0106 -0.1078 -0.9941
vn -0.0439 0.1448 -0.9885
vn 0.0314 -0.1036 -0.9941
vn 0.4713 0.8811 0.0375
vn 0.5521 0.8263 0.1106
vn 0.4688 0.8763 0.1106
vn 0.6337 0.7727 0.0375
vn 0.5552 0.8309 0.0375
vn 0.4765 0.7131 0.5141
vn 0.4045 0.7562 0.5142
vn 0.6302 0.7685 0.1106
vn 0.3824 0.9232 0.0375
vn 0.7066 0.7066 0.0375
vn 0.7027 0.7027 0.1106
vn 0.5439 0.6631 0.5142
vn 0.6064 0.6064 0.5142
vn 0.3282 0.7924 0.5142
vn 0.3803 0.9182 0.1106
vn -0.0983 -0.9944 0.0375
vn -0.1939 -0.9748 0.1106
vn -0.0977 -0.9890 0.1106
vn -0.2897 -0.9564 0.0375
vn -0.1950 -0.9801 0.0375
vn -0.1673 -0.8412 0.5141
vn -0.0843 -0.8535 0.5142
vn -0.2882 -0.9511 0.1106
vn 0.0000 -0.9993 0.0375
vn -0.3824 -0.9232 0.0375
vn -0.3803 -0.9182 0.1106
vn -0.2487 -0.8208 0.5142
vn -0.3282 -0.7924 0.5142
vn 0.0000 -0.8576 0.5142
vn 0.0000 -0.9938 0.1106
vn 0.8811 -0.4713 0.0375
vn 0.8263 -0.5521 0.1106
vn 0.8763 -0.4688 0.1106
vn 0.7727 -0.6337 0.0375
vn 0.8309 -0.5552 0.0375
vn 0.7131 -0.4765 0.5141
vn 0.7562 -0.4045 0.5142
vn 0.7685 -0.6302 0.1106
vn 0.9232 -0.3824 0.0375
vn 0.7066 -0.7066 0.0375
vn 0.7027 -0.7027 0.1106
vn 0.6631 -0.5439 0.5142
vn 0.6064 -0.6064 0.5142
vn 0.7924 -0.3282 0.5142
vn 0.9182 -0.3803 0.1106
vn -0.9944 0.0983 0.0375
vn -0.9748 0.1939 0.1106
vn -0.9890 0.0977 0.1106
vn -0.9564 0.2897 0.0375
vn -0.9801 0.1950 0.0375
vn -0.8412 0.1673 0.5141
vn -0.8535 0.0843 0.5142
vn -0.9511 0.2882 0.1106
vn -0.9993 0.0000 0.0375
vn -0.9232 0.3824 0.0375
vn -0.9182 0.3803 0.1106
vn -0.8208 0.2487 0.5142
vn -0.7924 0.3282 0.5142
vn -0.8576 0.0000 0.5142
vn -0.9938 0.0000 0.1106
vn 0.0983 0.9944 0.0375
vn 0.1939 0.9748 0.1106
vn 0.0977 0.9890 0.1106
vn 0.2897 0.9564 0.0375
vn 0.1950 0.9801 0.0375
vn 0.1673 0.8412 0.5141
vn 0.0843 0.8535 0.5142
vn 0.2882 0.9511 0.1106
vn 0.0000 0.9993 0.0375
vn 0.2487 0.8208 0.5142
vn 0.0000 0.8576 0.5142
vn 0.0000 0.9938 0.1106
vn 0.9944 -0.0983 0.0375
vn 0.9748 -0.1939 0.1106
vn 0.9890 -0.0977 0.1106
vn 0.9564 -0.2897 0.0375
vn 0.9801 -0.1950 0.0375
vn 0.8412 -0.1673 0.5141
vn 0.8535 -0.0843 0.5142
vn 0.9511 -0.2882 0.1106
vn 0.9993 0.0000 0.0375
vn 0.8208 -0.2487 0.5142
vn 0.8576 0.0000 0.5142
vn 0.9938 0.0000 0.1106
vn -0.9564 -0.2897 0.0375
vn -0.9748 -0.1939 0.1106
vn -0.9511 -0.2882 0.1106
vn -0.9944 -0.0983 0.0375
vn -0.9801 -0.1950 0.0375
vn -0.8412 -0.1673 0.5141
vn -0.8208 -0.2487 0.5142
vn -0.9890 -0.0977 0.1106
vn -0.9232 -0.3824 0.0375
vn -0.8535 -0.0843 0.5142
vn -0.7924 -0.3282 0.5142
vn -0.9182 -0.3803 0.1106
vn -0.8811 0.4713 0.0375
vn -0.8263 0.5521 0.1106
vn -0.8763 0.4688 0.1106
vn -0.7727 0.6337 0.0375
vn -0.8309 0.5552 0.0375
vn -0.7131 0.4765 0.5141
vn -0.7562 0.4045 0.5142
vn -0.7685 0.6302 0.1106
vn -0.7066 0.7066 0.0375
vn -0.7027 0.7027 0.1106
vn -0.6631 0.5439 0.5142
vn -0.6064 0.6064 0.5142
vn 0.6337 -0.7727 0.0375
vn 0.5521 -0.8263 0.1106
vn 0.6302 -0.7685 0.1106
vn 0.4713 -0.8811 0.0375
vn 0.5552 -0.8309 0.0375
vn 0.4765 -0.7131 0.5141
vn 0.5439 -0.6632 0.5142
vn 0.4688 -0.8763 0.1106
vn 0.3824 -0.9232 0.0375
vn 0.3803 -0.9182 0.1106
vn 0.4045 -0.7562 0.5142
vn 0.3282 -0.7924 0.5142
vn -0.4713 -0.8811 0.0375
vn -0.5521 -0.8263 0.1106
vn -0.4688 -0.8763 0.1106
vn -0.6337 -0.7727 0.0375
vn -0.5552 -0.8309 0.0375
vn -0.4765 -0.7131 0.5141
vn -0.4045 -0.7562 0.5142
vn -0.6302 -0.7685 0.1106
vn -0.7066 -0.7066 0.0375
vn -0.7027 -0.7027 0.1106
vn -0.5439 -0.6631 0.5142
vn -0.6064 -0.6064 0.5142
vn 0.7727 0.6337 0.0375
vn 0.8263 0.5521 0.1106
vn 0.7685 0.6302 0.1106
vn 0.8811 0.4713 0.0375
vn 0.8309 0.5552 0.0375
vn 0.7131 0.4765 0.5141
vn 0.6631 0.5439 0.5142
vn 0.8763 0.4688 0.1106
vn 0.9232 0.3824 0.0375
vn 0.9182 0.3803 0.1106
vn 0.7562 0.4045 0.5142
vn 0.7924 0.3282 0.5142
vn -0.6337 0.7727 0.0375
vn -0.5521 0.8263 0.1106
vn -0.6302 0.7685 0.1106
vn -0.4713 0.8811 0.0375
vn -0.5552 0.8309 0.0375
vn -0.4765 0.7131 0.5141
vn -0.5439 0.6631 0.5142
vn -0.4688 0.8763 0.1106
vn -0.3824 0.9232 0.0375
vn -0.3803 0.9182 0.1106
vn -0.4045 0.7562 0.5142
vn -0.3282 0.7924 0.5142
vn 0.2897 -0.9564 0.0375
vn 0.1939 -0.9748 0.1106
vn 0.2882 -0.9511 0.1106
vn 0.0983 -0.9944 0.0375
vn 0.1950 -0.9801 0.0375
vn 0.1673 -0.8412 0.5141
vn 0.2487 -0.8208 0.5142
vn 0.0977 -0.9890 0.1106
vn 0.0843 -0.8535 0.5142
vn -0.7727 -0.6337 0.0375
vn -0.8263 -0.5521 0.1106
vn -0.7685 -0.6302 0.1106
vn -0.8811 -0.4713 0.0375
vn -0.8309 -0.5552 0.0375
vn -0.7131 -0.4765 0.5141
vn -0.6631 -0.5439 0.5142
vn -0.8763 -0.4688 0.1106
vn -0.7562 -0.4045 0.5142
vn 0.9564 0.2897 0.0375
vn 0.9748 0.1939 0.1106
vn 0.9511 0.2882 0.1106
vn 0.9944 0.0983 0.0375
vn 0.9801 0.1950 0.0375
vn 0.8412 0.1673 0.5141
vn 0.8208 0.2487 0.5142
vn 0.9890 0.0977 0.1106
vn 0.8535 0.0843 0.5142
vn -0.2897 0.9564 0.0375
vn -0.1939 0.9748 0.1106
vn -0.2882 0.9511 0.1106
vn -0.0983 0.9944 0.0375
vn -0.1950 0.9801 0.0375
vn -0.1673 0.8412 0.5141
vn -0.2487 0.8208 0.5142
vn -0.0977 0.9890 0.1106
vn -0.0843 0.8535 0.5142
vn -0.3670 -0.0730 0.9273
vn -0.0953 -0.0127 0.9954
vn -0.3820 -0.0399 0.9233
vn -0.0929 -0.0247 0.9954
vn -0.0869 -0.0173 0.9961
vn -0.0164 -0.0040 0.9998
vn -0.0167 -0.0025 0.9998
vn -0.0140 -0.0028 0.9999
vn -0.8600 0.0000 0.5103
vn -0.3948 0.0000 0.9187
vn -0.8531 -0.0849 0.5148
vn -0.8206 -0.2480 0.5148
vn -0.8382 -0.1667 0.5192
vn -0.7945 -0.3291 0.5102
vn -0.3682 -0.1093 0.9233
vn -0.0970 -0.0402 0.9944
vn -0.0188 -0.0078 0.9998
vn -0.0021 -0.0009 1.0000
vn -0.0013 0.0002 1.0000
vn -0.0009 -0.0002 1.0000
vn -0.0011 -0.0007 1.0000
vn -0.0023 0.0000 1.0000
vn -0.0204 0.0000 0.9998
vn -0.1051 0.0000 0.9944
vn 0.3670 0.0730 0.9273
vn 0.0953 0.0127 0.9954
vn 0.3820 0.0399 0.9233
vn 0.0929 0.0247 0.9954
vn 0.0869 0.0173 0.9961
vn 0.0164 0.0040 0.9998
vn 0.0167 0.0025 0.9998
vn 0.0139 0.0028 0.9999
vn 0.8600 0.0000 0.5102
vn 0.3948 0.0000 0.9187
vn 0.8531 0.0849 0.5148
vn 0.8206 0.2480 0.5148
vn 0.8382 0.1667 0.5192
vn 0.7945 0.3291 0.5102
vn 0.3682 0.1093 0.9233
vn 0.0971 0.0402 0.9944
vn 0.0188 0.0078 0.9998
vn 0.0021 0.0009 1.0000
vn 0.0013 -0.0002 1.0000
vn 0.0009 0.0002 1.0000
vn 0.0011 0.0007 1.0000
vn 0.0023 0.0000 1.0000
vn 0.0204 0.0000 0.9998
vn 0.1051 0.0000 0.9944
vn -0.3670 0.0730 0.9273
vn -0.0929 0.0247 0.9954
vn -0.3682 0.1093 0.9233
vn -0.0953 0.0127 0.9954
vn -0.0869 0.0173 0.9961
vn -0.0167 0.0025 0.9998
vn -0.0164 0.0040 0.9998
vn -0.0139 0.0027 0.9999
vn -0.7945 0.3291 0.5102
vn -0.3648 0.1511 0.9187
vn -0.8207 0.2480 0.5148
vn -0.8531 0.0849 0.5148
vn -0.8382 0.1667 0.5192
vn -0.3820 0.0399 0.9233
vn -0.0011 0.0007 1.0000
vn -0.0009 0.0002 1.0000
vn -0.0013 -0.0002 1.0000
vn -0.0021 0.0009 1.0000
vn -0.0188 0.0078 0.9998
vn -0.0971 0.0402 0.9944
vn 0.3670 -0.0730 0.9273
vn 0.0929 -0.0247 0.9954
vn 0.3682 -0.1093 0.9233
vn 0.0953 -0.0127 0.9954
vn 0.0869 -0.0173 0.9961
vn 0.0167 -0.0025 0.9998
vn 0.0164 -0.0040 0.9998
vn 0.0140 -0.0027 0.9999
vn 0.7945 -0.3291 0.5102
vn 0.3648 -0.1511 0.9187
vn 0.8206 -0.2480 0.5148
vn 0.8531 -0.0849 0.5148
vn 0.8382 -0.1667 0.5192
vn 0.3820 -0.0399 0.9233
vn 0.0011 -0.0007 1.0000
vn 0.0009 -0.0002 1.0000
vn 0.0013 0.0002 1.0000
vn 0.0021 -0.0009 1.0000
vn 0.0188 -0.0078 0.9998
vn 0.0971 -0.0402 0.9944
vn -0.3111 0.2079 0.9273
vn -0.0764 0.0584 0.9954
vn -0.2984 0.2419 0.9233
vn -0.0832 0.0482 0.9954
vn -0.0737 0.0492 0.9961
vn -0.0144 0.0087 0.9998
vn -0.0136 0.0100 0.9998
vn -0.0118 0.0079 0.9999
vn -0.6081 0.6081 0.5102
vn -0.2792 0.2792 0.9187
vn -0.6633 0.5431 0.5148
vn -0.7556 0.4049 0.5148
vn -0.7106 0.4748 0.5192
vn -0.3377 0.1831 0.9233
vn -0.0007 0.0011 1.0000
vn -0.0007 0.0005 1.0000
vn -0.0016 0.0016 1.0000
vn -0.0144 0.0144 0.9998
vn -0.0743 0.0743 0.9944
vn 0.3111 -0.2079 0.9273
vn 0.0764 -0.0584 0.9954
vn 0.2984 -0.2419 0.9233
vn 0.0832 -0.0482 0.9954
vn 0.0737 -0.0492 0.9961
vn 0.0144 -0.0087 0.9998
vn 0.0136 -0.0100 0.9998
vn 0.0118 -0.0079 0.9999
vn 0.6081 -0.6081 0.5102
vn 0.2792 -0.2792 0.9187
vn 0.6633 -0.5431 0.5148
vn 0.7556 -0.4049 0.5148
vn 0.7106 -0.4748 0.5192
vn 0.3377 -0.1831 0.9233
vn 0.0007 -0.0011 1.0000
vn 0.0007 -0.0005 1.0000
vn 0.0016 -0.0016 1.0000
vn 0.0144 -0.0144 0.9998
vn 0.0743 -0.0743 0.9944
vn -0.2079 0.3111 0.9273
vn -0.0482 0.0832 0.9954
vn -0.1831 0.3377 0.9233
vn -0.0584 0.0764 0.9954
vn -0.0492 0.0737 0.9961
vn -0.0100 0.0136 0.9998
vn -0.0087 0.0144 0.9998
vn -0.0079 0.0118 0.9999
vn -0.3291 0.7945 0.5102
vn -0.1511 0.3648 0.9187
vn -0.4050 0.7556 0.5148
vn -0.5431 0.6633 0.5148
vn -0.4748 0.7106 0.5192
vn -0.2419 0.2983 0.9233
vn -0.0002 0.0013 1.0000
vn -0.0005 0.0007 1.0000
vn -0.0009 0.0021 1.0000
vn -0.0078 0.0188 0.9998
vn -0.0402 0.0970 0.9944
vn 0.2079 -0.3111 0.9273
vn 0.0482 -0.0832 0.9954
vn 0.1831 -0.3377 0.9233
vn 0.0584 -0.0764 0.9954
vn 0.0492 -0.0737 0.9961
vn 0.0100 -0.0136 0.9998
vn 0.0087 -0.0144 0.9998
vn 0.0079 -0.0118 0.9999
vn 0.3291 -0.7945 0.5102
vn 0.1511 -0.3648 0.9187
vn 0.4050 -0.7556 0.5148
vn 0.5431 -0.6633 0.5148
vn 0.4748 -0.7106 0.5192
vn 0.2419 -0.2983 0.9233
vn 0.0002 -0.0013 1.0000
vn 0.0005 -0.0007 1.0000
vn 0.0010 -0.0007 1.0000
vn 0.0009 -0.0021 1.0000
vn 0.0078 -0.0188 0.9998
vn 0.0402 -0.0970 0.9944
vn -0.0730 0.3670 0.9273
vn -0.0127 0.0953 0.9954
vn -0.0399 0.3820 0.9233
vn -0.0247 0.0929 0.9954
vn -0.0173 0.0869 0.9961
vn -0.0040 0.0164 0.9998
vn -0.0025 0.0167 0.9998
vn -0.0028 0.0139 0.9999
vn 0.0000 0.8600 0.5102
vn 0.0000 0.3948 0.9187
vn -0.0849 0.8531 0.5148
vn -0.2480 0.8206 0.5148
vn -0.1667 0.8382 0.5192
vn -0.1093 0.3682 0.9233
vn 0.0002 0.0013 1.0000
vn -0.0002 0.0009 1.0000
vn 0.0000 0.0023 1.0000
vn 0.0000 0.0204 0.9998
vn 0.0000 0.1050 0.9944
vn -0.0730 -0.3670 0.9273
vn -0.0247 -0.0929 0.9954
vn -0.1093 -0.3682 0.9233
vn -0.0127 -0.0953 0.9954
vn -0.0173 -0.0869 0.9961
vn -0.0025 -0.0167 0.9998
vn -0.0040 -0.0164 0.9998
vn -0.0028 -0.0140 0.9999
vn -0.3291 -0.7945 0.5102
vn -0.1511 -0.3648 0.9187
vn -0.2480 -0.8206 0.5148
vn -0.0849 -0.8531 0.5148
vn -0.1667 -0.8382 0.5192
vn 0.0000 -0.8600 0.5102
vn -0.0399 -0.3820 0.9233
vn 0.0000 -0.1050 0.9944
vn 0.0000 -0.0204 0.9998
vn 0.0000 -0.0023 1.0000
vn -0.0007 -0.0011 1.0000
vn -0.0002 -0.0009 1.0000
vn -0.0009 -0.0021 1.0000
vn -0.0078 -0.0188 0.9998
vn -0.0402 -0.0970 0.9944
vn 0.0730 -0.3670 0.9273
vn 0.0127 -0.0953 0.9954
vn 0.0399 -0.3820 0.9233
vn 0.0247 -0.0929 0.9954
vn 0.0173 -0.0869 0.9961
vn 0.0040 -0.0164 0.9998
vn 0.0025 -0.0167 0.9998
vn 0.0027 -0.0139 0.9999
vn 0.0000 -0.3948 0.9187
vn 0.0849 -0.8531 0.5148
vn 0.2480 -0.8206 0.5148
vn 0.1667 -0.8382 0.5192
vn 0.1093 -0.3682 0.9233
vn -0.0002 -0.0013 1.0000
vn 0.0002 -0.0009 1.0000
vn 0.0730 0.3670 0.9273
vn 0.0247 0.0929 0.9954
vn 0.1093 0.3682 0.9233
vn 0.0127 0.0953 0.9954
vn 0.0173 0.0869 0.9961
vn 0.0025 0.0167 0.9998
vn 0.0040 0.0164 0.9998
vn 0.0027 0.0140 0.9999
vn 0.3291 0.7945 0.5102
vn 0.1511 0.3648 0.9187
vn 0.2480 0.8206 0.5148
vn 0.0849 0.8531 0.5148
vn 0.1667 0.8382 0.5192
vn 0.0399 0.3820 0.9233
vn 0.0007 0.0011 1.0000
vn 0.0002 0.0009 1.0000
vn 0.0009 0.0021 1.0000
vn 0.0078 0.0188 0.9998
vn 0.0402 0.0970 0.9944
vn -0.2079 -0.3111 0.9273
vn -0.0584 -0.0764 0.9954
vn -0.2419 -0.2984 0.9233
vn -0.0482 -0.0832 0.9954
vn -0.0492 -0.0737 0.9961
vn -0.0087 -0.0144 0.9998
vn -0.0100 -0.0136 0.9998
vn -0.0079 -0.0118 0.9999
vn -0.6081 -0.6081 0.5102
vn -0.2792 -0.2792 0.9187
vn -0.5431 -0.6633 0.5148
vn -0.4049 -0.7556 0.5148
vn -0.4748 -0.7106 0.5192
vn -0.1831 -0.3377 0.9233
vn -0.0010 -0.0007 1.0000
vn -0.0005 -0.0007 1.0000
vn -0.0016 -0.0016 1.0000
vn -0.0144 -0.0144 0.9998
vn -0.0743 -0.0743 0.9944
vn 0.2079 0.3111 0.9273
vn 0.0584 0.0764 0.9954
vn 0.2419 0.2984 0.9233
vn 0.0482 0.0832 0.9954
vn 0.0492 0.0737 0.9961
vn 0.0087 0.0144 0.9998
vn 0.0100 0.0136 0.9998
vn 0.0079 0.0118 0.9999
vn 0.6081 0.6081 0.5102
vn 0.2792 0.2792 0.9187
vn 0.5431 0.6633 0.5148
vn 0.4049 0.7556 0.5148
vn 0.4748 0.7106 0.5192
vn 0.1831 0.3377 0.9233
vn 0.0005 0.0007 1.0000
vn 0.0016 0.0016 1.0000
vn 0.0144 0.0144 0.9998
vn 0.0743 0.0743 0.9944
vn -0.3112 -0.2079 0.9273
vn -0.0832 -0.0482 0.9954
vn -0.3377 -0.1831 0.9233
vn -0.0764 -0.0584 0.9954
vn -0.0737 -0.0492 0.9961
vn -0.0136 -0.0100 0.9998
vn -0.0144 -0.0087 0.9998
vn -0.0118 -0.0079 0.9999
vn -0.3648 -0.1511 0.9187
vn -0.7556 -0.4049 0.5148
vn -0.6633 -0.5431 0.5148
vn -0.7106 -0.4748 0.5192
vn -0.2983 -0.2419 0.9233
vn -0.0007 -0.0005 1.0000
vn 0.3111 0.2079 0.9273
vn 0.0832 0.0482 0.9954
vn 0.3377 0.1831 0.9233
vn 0.0764 0.0584 0.9954
vn 0.0737 0.0492 0.9961
vn 0.0136 0.0100 0.9998
vn 0.0144 0.0087 0.9998
vn 0.0118 0.0079 0.9999
vn 0.3648 0.1511 0.9187
vn 0.7556 0.4049 0.5148
vn 0.6633 0.5431 0.5148
vn 0.7106 0.4748 0.5192
vn 0.2983 0.2419 0.9233
vn 0.0007 0.0005 1.0000
vn 0.0000 0.0000 1.0000
vn -0.1945 -0.9780 0.0750
vn -0.0983 -0.9951 0.0076
vn -0.0981 -0.9923 0.0750
vn -0.2891 -0.9543 0.0750
vn -0.1951 -0.9807 0.0076
vn -0.0983 -0.9951 0.0010
vn -0.2900 -0.9570 0.0010
vn -0.1951 -0.9808 0.0010
vn 0.0000 -0.9972 0.0750
vn -0.3816 -0.9213 0.0750
vn -0.2900 -0.9570 0.0076
vn -0.3827 -0.9238 0.0076
vn 0.0000 -1.0000 0.0010
vn 0.0000 -1.0000 0.0076
vn -0.5540 -0.8291 0.0750
vn -0.4717 -0.8817 0.0076
vn -0.4704 -0.8793 0.0750
vn -0.6323 -0.7710 0.0750
vn -0.5555 -0.8314 0.0076
vn -0.4717 -0.8817 0.0010
vn -0.6341 -0.7732 0.0010
vn -0.5556 -0.8314 0.0010
vn -0.7051 -0.7051 0.0750
vn -0.6341 -0.7732 0.0076
vn -0.7071 -0.7071 0.0076
vn -0.3827 -0.9239 0.0010
vn -0.8291 -0.5540 0.0750
vn -0.7732 -0.6341 0.0076
vn -0.7710 -0.6323 0.0750
vn -0.8793 -0.4703 0.0750
vn -0.8314 -0.5555 0.0076
vn -0.7732 -0.6341 0.0010
vn -0.8817 -0.4717 0.0010
vn -0.8314 -0.5556 0.0010
vn -0.9213 -0.3816 0.0750
vn -0.8817 -0.4717 0.0076
vn -0.9238 -0.3827 0.0076
vn -0.7071 -0.7071 0.0010
vn -0.9780 -0.1945 0.0750
vn -0.9570 -0.2900 0.0076
vn -0.9543 -0.2891 0.0750
vn -0.9923 -0.0981 0.0750
vn -0.9807 -0.1951 0.0076
vn -0.9570 -0.2900 0.0010
vn -0.9951 -0.0983 0.0010
vn -0.9808 -0.1951 0.0010
vn -0.9972 0.0000 0.0750
vn -0.9951 -0.0983 0.0076
vn -1.0000 0.0000 0.0076
vn -0.9239 -0.3827 0.0010
vn -0.9780 0.1945 0.0750
vn -0.9951 0.0983 0.0076
vn -0.9923 0.0981 0.0750
vn -0.9543 0.2891 0.0750
vn -0.9807 0.1951 0.0076
vn -0.9951 0.0983 0.0010
vn -0.9570 0.2900 0.0010
vn -0.9808 0.1951 0.0010
vn -0.9213 0.3816 0.0750
vn -0.9570 0.2900 0.0076
vn -0.9238 0.3827 0.0076
vn -1.0000 0.0000 0.0010
vn -0.8291 0.5540 0.0750
vn -0.8817 0.4717 0.0076
vn -0.8793 0.4704 0.0750
vn -0.7710 0.6323 0.0750
vn -0.8314 0.5555 0.0076
vn -0.8817 0.4717 0.0010
vn -0.7732 0.6341 0.0010
vn -0.8314 0.5556 0.0010
vn -0.7051 0.7051 0.0750
vn -0.7732 0.6341 0.0076
vn -0.7071 0.7071 0.0076
vn -0.9239 0.3827 0.0010
vn -0.5540 0.8291 0.0750
vn -0.6341 0.7732 0.0076
vn -0.6323 0.7710 0.0750
vn -0.4704 0.8793 0.0750
vn -0.5555 0.8314 0.0076
vn -0.6341 0.7732 0.0010
vn -0.4717 0.8817 0.0010
vn -0.5556 0.8314 0.0010
vn -0.3816 0.9213 0.0750
vn -0.4717 0.8817 0.0076
vn -0.3827 0.9238 0.0076
vn -0.7071 0.7071 0.0010
vn -0.1945 0.9780 0.0750
vn -0.2900 0.9570 0.0076
vn -0.2891 0.9543 0.0750
vn -0.0981 0.9923 0.0750
vn -0.1951 0.9807 0.0076
vn -0.2900 0.9570 0.0010
vn -0.0983 0.9951 0.0010
vn -0.1951 0.9808 0.0010
vn 0.0000 0.9972 0.0750
vn -0.0983 0.9951 0.0076
vn 0.0000 1.0000 0.0076
vn -0.3827 0.9239 0.0010
vn 0.1945 0.9780 0.0750
vn 0.0983 0.9951 0.0076
vn 0.0981 0.9923 0.0750
vn 0.2891 0.9543 0.0750
vn 0.1951 0.9807 0.0076
vn 0.0983 0.9951 0.0010
vn 0.2900 0.9570 0.0010
vn 0.1951 0.9808 0.0010
vn 0.3816 0.9213 0.0750
vn 0.2900 0.9570 0.0076
vn 0.3827 0.9238 0.0076
vn 0.0000 1.0000 0.0010
vn 0.5540 0.8291 0.0750
vn 0.4717 0.8817 0.0076
vn 0.4704 0.8793 0.0750
vn 0.6323 0.7710 0.0750
vn 0.5555 0.8314 0.0076
vn 0.4717 0.8817 0.0010
vn 0.6341 0.7732 0.0010
vn 0.5556 0.8314 0.0010
vn 0.7051 0.7051 0.0750
vn 0.6341 0.7732 0.0076
vn 0.7071 0.7071 0.0076
vn 0.3827 0.9239 0.0010
vn 0.8291 0.5540 0.0750
vn 0.7732 0.6341 0.0076
vn 0.7710 0.6323 0.0750
vn 0.8793 0.4703 0.0750
vn 0.8314 0.5555 0.0076
vn 0.7732 0.6341 0.0010
vn 0.8817 0.4717 0.0010
vn 0.8314 0.5556 0.0010
vn 0.9213 0.3816 0.0750
vn 0.8817 0.4717 0.0076
vn 0.9238 0.3827 0.0076
vn 0.7071 0.7071 0.0010
vn 0.9780 0.1945 0.0750
vn 0.9570 0.2900 0.0076
vn 0.9543 0.2891 0.0750
vn 0.9923 0.0981 0.0750
vn 0.9807 0.1951 0.0076
vn 0.9570 0.2900 0.0010
vn 0.9951 0.0983 0.0010
vn 0.9808 0.1951 0.0010
vn 0.9972 0.0000 0.0750
vn 0.9951 0.0983 0.0076
vn 1.0000 0.0000 0.0076
vn 0.9239 0.3827 0.0010
vn 0.9780 -0.1945 0.0750
vn 0.9951 -0.0983 0.0076
vn 0.9923 -0.0981 0.0750
vn 0.9543 -0.2891 0.0750
vn 0.9807 -0.1951 0.0076
vn 0.9951 -0.0983 0.0010
vn 0.9570 -0.2900 0.0010
vn 0.9808 -0.1951 0.0010
vn 0.9213 -0.3816 0.0750
vn 0.9570 -0.2900 0.0076
vn 0.9238 -0.3827 0.0076
vn 1.0000 0.0000 0.0010
vn 0.8291 -0.5540 0.0750
vn 0.8817 -0.4717 0.0076
vn 0.8793 -0.4704 0.0750
vn 0.7710 -0.6323 0.0750
vn 0.8314 -0.5555 0.0076
vn 0.8817 -0.4717 0.0010
vn 0.7732 -0.6341 0.0010
vn 0.8314 -0.5556 0.0010
vn 0.7051 -0.7051 0.0750
vn 0.7732 -0.6341 0.0076
vn 0.7071 -0.7071 0.0076
vn 0.9239 -0.3827 0.0010
vn 0.5540 -0.8291 0.0750
vn 0.6341 -0.7732 0.0076
vn 0.6323 -0.7710 0.0750
vn 0.4704 -0.8793 0.0750
vn 0.5555 -0.8314 0.0076
vn 0.6341 -0.7732 0.0010
vn 0.4717 -0.8817 0.0010
vn 0.5556 -0.8314 0.0010
vn 0.3816 -0.9213 0.0750
vn 0.4717 -0.8817 0.0076
vn 0.3827 -0.9238 0.0076
vn 0.7071 -0.7071 0.0010
vn 0.1945 -0.9780 0.0750
vn 0.2900 -0.9570 0.0076
vn 0.2891 -0.9543 0.0750
vn 0.0981 -0.9923 0.0750
vn 0.1951 -0.9807 0.0076
vn 0.2900 -0.9570 0.0010
vn 0.0983 -0.9951 0.0010
vn 0.1951 -0.9808 0.0010
vn 0.0983 -0.9951 0.0076
vn 0.3827 -0.9239 0.0010
usemtl vidrio
s 1
f 1809/1/1 1813/2/2 1812/3/3
f 1811/4/4 1813/2/2 1810/5/5
f 1812/3/3 1816/6/6 1815/7/7
f 1814/8/8 1816/6/6 1813/2/2
f 227/9/9 1809/1/1 906/10/10
f 1616/11/11 1810/5/5 1809/1/1
f 1614/12/12 1810/5/5 1615/13/13
f 237/14/14 1811/4/4 1614/12/12
f 1152/15/15 1814/8/8 1811/4/4
f 1153/16/16 1817/17/17 1814/8/8
f 1154/18/18 1017/19/19 1817/17/17
f 1817/17/17 1018/20/20 1816/6/6
f 1815/7/7 1018/20/20 1019/21/21
f 908/22/22 1019/21/21 137/23/23
f 907/24/24 1815/7/7 908/22/22
f 906/10/10 1812/3/3 907/24/24
f 1818/25/25 1822/26/26 1821/27/27
f 1820/28/28 1822/26/26 1819/29/29
f 1821/27/27 1825/30/30 1824/31/31
f 1823/32/32 1825/30/30 1822/26/26
f 217/33/33 1818/25/25 1451/34/34
f 1520/35/35 1819/29/29 1818/25/25
f 1518/36/36 1819/29/29 1519/37/37
f 216/38/38 1820/28/28 1518/36/36
f 1146/39/39 1823/32/32 1820/28/28
f 1147/40/40 1826/41/41 1823/32/32
f 1148/42/42 1089/43/43 1826/41/41
f 1826/41/41 1090/44/44 1825/30/30
f 1824/31/31 1090/44/44 1091/45/45
f 1449/46/46 1091/45/45 131/47/47
f 1450/48/48 1824/31/31 1449/46/46
f 1451/34/34 1821/27/27 1450/48/48
f 1827/49/49 1831/50/50 1830/51/51
f 1829/52/52 1831/50/50 1828/53/53
f 1830/51/51 1834/54/54 1833/55/55
f 1832/56/56 1834/54/54 1831/50/50
f 214/57/57 1827/49/49 1137/58/58
f 1517/59/59 1828/53/53 1827/49/49
f 1515/60/60 1828/53/53 1516/61/61
f 215/62/62 1829/52/52 1515/60/60
f 1143/63/63 1832/56/56 1829/52/52
f 1144/64/64 1835/65/65 1832/56/56
f 1145/66/66 1128/67/67 1835/65/65
f 1835/65/65 1129/68/68 1834/54/54
f 1833/55/55 1129/68/68 1130/69/69
f 1139/70/70 1130/69/69 148/71/71
f 1138/72/72 1833/55/55 1139/70/70
f 1137/58/58 1830/51/51 1138/72/72
f 1836/73/73 1840/74/74 1839/75/75
f 1838/76/76 1840/74/74 1837/77/77
f 1839/75/75 1843/78/78 1842/79/79
f 1841/80/80 1843/78/78 1840/74/74
f 229/81/81 1836/73/73 915/82/82
f 1613/83/83 1837/77/77 1836/73/73
f 1611/84/84 1837/77/77 1612/85/85
f 236/86/86 1838/76/76 1611/84/84
f 1140/87/87 1841/80/80 1838/76/76
f 1141/88/88 1844/89/89 1841/80/80
f 1142/90/90 1029/91/91 1844/89/89
f 1844/89/89 1030/92/92 1843/78/78
f 1842/79/79 1030/92/92 1031/93/93
f 917/94/94 1031/93/93 141/95/95
f 916/96/96 1842/79/79 917/94/94
f 915/82/82 1839/75/75 916/96/96
f 1845/97/97 1849/98/98 1848/99/99
f 1847/100/100 1849/98/98 1846/101/101
f 1848/99/99 1852/102/102 1851/103/103
f 1850/104/104 1852/102/102 1849/98/98
f 209/105/105 1845/97/97 900/106/106
f 1514/107/107 1846/101/101 1845/97/97
f 1512/108/108 1846/101/101 1513/109/109
f 214/57/57 1847/100/100 1512/108/108
f 1137/58/58 1850/104/104 1847/100/100
f 1138/72/72 1853/110/110 1850/104/104
f 1139/70/70 1125/111/111 1853/110/110
f 1853/110/110 1126/112/112 1852/102/102
f 1851/103/103 1126/112/112 1127/113/113
f 902/114/114 1127/113/113 149/115/115
f 901/116/116 1851/103/103 902/114/114
f 900/106/106 1848/99/99 901/116/116
f 1854/117/117 1858/118/118 1857/119/119
f 1856/120/120 1858/118/118 1855/121/121
f 1857/119/119 1861/122/122 1860/123/123
f 1859/124/124 1861/122/122 1858/118/118
f 231/125/125 1854/117/117 924/126/126
f 1610/127/127 1855/121/121 1854/117/117
f 1608/128/128 1855/121/121 1609/129/129
f 225/130/130 1856/120/120 1608/128/128
f 279/131/131 1859/124/124 1856/120/120
f 280/132/132 1862/133/133 1859/124/124
f 281/134/134 1002/135/135 1862/133/133
f 1862/133/133 1003/136/136 1861/122/122
f 1860/123/123 1003/136/136 1004/137/137
f 926/138/138 1004/137/137 132/139/139
f 925/140/140 1860/123/123 926/138/138
f 924/126/126 1857/119/119 925/140/140
f 1863/141/141 1867/142/142 1866/143/143
f 1865/144/144 1867/142/142 1864/145/145
f 1866/143/143 1870/146/146 1869/147/147
f 1868/148/148 1870/146/146 1867/142/142
f 210/149/149 1863/141/141 909/150/150
f 1511/151/151 1864/145/145 1863/141/141
f 1509/152/152 1864/145/145 1510/153/153
f 209/105/105 1865/144/144 1509/152/152
f 900/106/106 1868/148/148 1865/144/144
f 901/116/116 1871/154/154 1868/148/148
f 902/114/114 1122/155/155 1871/154/154
f 1871/154/154 1123/156/156 1870/146/146
f 1869/147/147 1123/156/156 1124/157/157
f 911/158/158 1124/157/157 150/159/159
f 910/160/160 1869/147/147 911/158/158
f 909/150/150 1866/143/143 910/160/160
f 1872/161/161 1876/162/162 1875/163/163
f 1874/164/164 1876/162/162 1873/165/165
f 1875/163/163 1879/166/166 1878/167/167
f 1877/168/168 1879/166/166 1876/162/162
f 233/169/169 1872/161/161 936/170/170
f 1607/171/171 1873/165/165 1872/161/161
f 1605/172/172 1873/165/165 1606/173/173
f 226/174/174 1874/164/164 1605/172/172
f 903/175/175 1877/168/168 1874/164/164
f 904/176/176 1880/177/177 1877/168/168
f 905/178/178 1041/179/179 1880/177/177
f 1880/177/177 1042/180/180 1879/166/166
f 1878/167/167 1042/180/180 1043/181/181
f 938/182/182 1043/181/181 145/183/183
f 937/184/184 1878/167/167 938/182/182
f 936/170/170 1875/163/163 937/184/184
f 1881/185/185 1885/186/186 1884/187/187
f 1883/188/188 1885/186/186 1882/189/189
f 1884/187/187 1888/190/190 1887/191/191
f 1886/192/192 1888/190/190 1885/186/186
f 235/193/193 1881/185/185 942/194/194
f 1604/195/195 1882/189/189 1881/185/185
f 1602/196/196 1882/189/189 1603/197/197
f 227/9/9 1883/188/188 1602/196/196
f 906/10/10 1886/192/192 1883/188/188
f 907/24/24 1889/198/198 1886/192/192
f 908/22/22 1014/199/199 1889/198/198
f 1889/198/198 1015/200/200 1888/190/190
f 1887/191/191 1015/200/200 1016/201/201
f 944/202/202 1016/201/201 136/203/203
f 943/204/204 1887/191/191 944/202/202
f 942/194/194 1884/187/187 943/204/204
f 1890/205/205 1894/206/206 1893/207/207
f 1892/208/208 1894/206/206 1891/209/209
f 1893/207/207 1897/210/210 1896/211/211
f 1895/212/212 1897/210/210 1894/206/206
f 211/213/213 1890/205/205 918/214/214
f 1508/215/215 1891/209/209 1890/205/205
f 1506/216/216 1891/209/209 1507/217/217
f 210/149/149 1892/208/208 1506/216/216
f 909/150/150 1895/212/212 1892/208/208
f 910/160/160 1898/218/218 1895/212/212
f 911/158/158 1119/219/219 1898/218/218
f 1898/218/218 1120/220/220 1897/210/210
f 1896/211/211 1120/220/220 1121/221/221
f 920/222/222 1121/221/221 151/223/223
f 919/224/224 1896/211/211 920/222/222
f 918/214/214 1893/207/207 919/224/224
f 1899/225/225 1903/226/226 1902/227/227
f 1901/228/228 1903/226/226 1900/229/229
f 1902/227/227 1906/230/230 1905/231/231
f 1904/232/232 1906/230/230 1903/226/226
f 228/233/233 1899/225/225 1532/234/234
f 1601/235/235 1900/229/229 1899/225/225
f 1599/236/236 1900/229/229 1600/237/237
f 229/81/81 1901/228/228 1599/236/236
f 915/82/82 1904/232/232 1901/228/228
f 916/96/96 1907/238/238 1904/232/232
f 917/94/94 1026/239/239 1907/238/238
f 1907/238/238 1027/240/240 1906/230/230
f 1905/231/231 1027/240/240 1028/241/241
f 1530/242/242 1028/241/241 140/243/243
f 1531/244/244 1905/231/231 1530/242/242
f 1532/234/234 1902/227/227 1531/244/244
f 1908/245/245 1912/246/246 1911/247/247
f 1910/248/248 1912/246/246 1909/249/249
f 1911/247/247 1915/250/250 1914/251/251
f 1913/252/252 1915/250/250 1912/246/246
f 213/253/253 1908/245/245 930/254/254
f 1505/255/255 1909/249/249 1908/245/245
f 1503/256/256 1909/249/249 1504/257/257
f 211/213/213 1910/248/248 1503/256/256
f 918/214/214 1913/252/252 1910/248/248
f 919/224/224 1916/258/258 1913/252/252
f 920/222/222 1116/259/259 1916/258/258
f 1916/258/258 1117/260/260 1915/250/250
f 1914/251/251 1117/260/260 1118/261/261
f 932/262/262 1118/261/261 152/263/263
f 931/264/264 1914/251/251 932/262/262
f 930/254/254 1911/247/247 931/264/264
f 1917/265/265 1921/266/266 1920/267/267
f 1919/268/268 1921/266/266 1918/269/269
f 1920/267/267 1924/270/270 1923/271/271
f 1922/272/272 1924/270/270 1921/266/266
f 230/273/273 1917/265/265 1538/274/274
f 1598/275/275 1918/269/269 1917/265/265
f 1596/276/276 1918/269/269 1597/277/277
f 231/125/125 1919/268/268 1596/276/276
f 924/126/126 1922/272/272 1919/268/268
f 925/140/140 1925/278/278 1922/272/272
f 926/138/138 999/279/279 1925/278/278
f 1925/278/278 1000/280/280 1924/270/270
f 1923/271/271 1000/280/280 1001/281/281
f 1536/282/282 1001/281/281 129/283/283
f 1537/284/284 1923/271/271 1536/282/282
f 1538/274/274 1920/267/267 1537/284/284
f 1926/285/285 1930/286/286 1929/287/287
f 1928/288/288 1930/286/286 1927/289/289
f 1929/287/287 1933/290/290 1932/291/291
f 1931/292/292 1933/290/290 1930/286/286
f 212/293/293 1926/285/285 1436/294/294
f 1502/295/295 1927/289/289 1926/285/285
f 1500/296/296 1927/289/289 1501/297/297
f 213/253/253 1928/288/288 1500/296/296
f 930/254/254 1931/292/292 1928/288/288
f 931/264/264 1934/298/298 1931/292/292
f 932/262/262 1113/299/299 1934/298/298
f 1934/298/298 1114/300/300 1933/290/290
f 1932/291/291 1114/300/300 1115/301/301
f 1434/302/302 1115/301/301 153/303/303
f 1435/304/304 1932/291/291 1434/302/302
f 1436/294/294 1929/287/287 1435/304/304
f 1935/305/305 1939/306/306 1938/307/307
f 1937/308/308 1939/306/306 1936/309/309
f 1939/306/306 1941/310/310 1938/307/307
f 1939/306/306 1943/311/311 1942/312/312
f 131/313/47 1935/305/305 1134/314/313
f 996/315/314 1936/309/309 1935/305/305
f 998/316/315 1936/309/309 997/317/316
f 130/318/317 1937/308/308 998/316/315
f 995/319/318 1940/320/319 1937/308/308
f 1940/320/319 993/321/320 1943/311/311
f 1943/311/311 129/322/283 1044/323/321
f 1942/312/312 1044/323/321 1045/324/322
f 1942/312/312 1046/325/323 1941/310/310
f 1941/310/310 146/326/324 1136/327/325
f 1938/307/307 1136/327/325 1135/328/326
f 1134/314/313 1938/307/307 1135/328/326
f 1944/329/327 1948/330/328 1947/331/329
f 1946/332/330 1948/330/328 1945/333/331
f 1947/331/329 1951/334/332 1950/335/333
f 1949/336/334 1951/334/332 1948/330/328
f 232/337/335 1944/329/327 1544/338/336
f 1595/339/337 1945/333/331 1944/329/327
f 1593/340/338 1945/333/331 1594/341/339
f 233/169/169 1946/332/330 1593/340/338
f 936/170/170 1949/336/334 1946/332/330
f 937/184/184 1952/342/340 1949/336/334
f 938/182/182 1038/343/341 1952/342/340
f 1952/342/340 1039/344/342 1951/334/332
f 1950/335/333 1039/344/342 1040/345/343
f 1542/346/344 1040/345/343 144/347/345
f 1543/348/346 1950/335/333 1542/346/344
f 1544/338/336 1947/331/329 1543/348/346
f 1953/349/347 1957/350/348 1956/351/349
f 1955/352/350 1957/350/348 1954/353/351
f 1956/351/349 1960/354/352 1959/355/353
f 1958/356/354 1960/354/352 1957/350/348
f 234/357/355 1953/349/347 1550/358/356
f 1592/359/357 1954/353/351 1953/349/347
f 1590/360/358 1954/353/351 1591/361/359
f 235/193/193 1955/352/350 1590/360/358
f 942/194/194 1958/356/354 1955/352/350
f 943/204/204 1961/362/360 1958/356/354
f 944/202/202 1011/363/361 1961/362/360
f 1961/362/360 1012/364/362 1960/354/352
f 1959/355/353 1012/364/362 1013/365/363
f 1548/366/364 1013/365/363 135/367/365
f 1549/368/366 1959/355/353 1548/366/364
f 1550/358/356 1956/351/349 1549/368/366
f 1962/369/367 1966/370/368 1965/371/369
f 1964/372/370 1966/370/368 1963/373/371
f 1965/371/369 1969/374/372 1968/375/373
f 1967/376/374 1969/374/372 1966/370/368
f 90/377/375 1962/369/367 734/378/376
f 800/379/377 1963/373/371 1962/369/367
f 798/380/378 1963/373/371 799/381/379
f 81/382/380 1964/372/370 798/380/378
f 465/383/381 1967/376/374 1964/372/370
f 466/384/382 1970/385/383 1967/376/374
f 467/386/384 431/387/385 1970/385/383
f 1970/385/383 430/388/386 1969/374/372
f 1968/375/373 430/388/386 429/389/387
f 732/390/388 429/389/387 37/391/389
f 733/392/390 1968/375/373 732/390/388
f 734/378/376 1965/371/369 733/392/390
f 1972/393/391 1974/394/392 1971/395/393
f 1972/393/391 1976/396/394 1975/397/395
f 1975/397/395 1977/398/396 1974/394/392
f 1975/397/395 1979/399/397 1978/400/398
f 42/401/399 1971/395/393 662/402/400
f 444/403/401 1972/393/391 1971/395/393
f 446/404/402 1972/393/391 445/405/403
f 43/406/404 1973/407/405 446/404/402
f 1973/407/405 658/408/406 1976/396/394
f 1976/396/394 659/409/407 1979/399/397
f 1979/399/397 75/410/408 638/411/409
f 1978/400/398 638/411/409 637/412/410
f 1978/400/398 636/413/411 1977/398/396
f 1977/398/396 74/414/412 660/415/413
f 1974/394/392 660/415/413 661/416/414
f 1971/395/393 661/416/414 662/402/400
f 1980/417/415 1984/418/416 1983/419/417
f 1982/420/418 1984/418/416 1981/421/419
f 1983/419/417 1987/422/420 1986/423/421
f 1985/424/422 1987/422/420 1984/418/416
f 91/425/423 1980/417/415 737/426/424
f 797/427/425 1981/421/419 1980/417/415
f 795/428/426 1981/421/419 796/429/427
f 82/430/428 1982/420/418 795/428/426
f 471/431/429 1985/424/422 1982/420/418
f 472/432/430 1988/433/431 1985/424/422
f 473/434/432 446/404/402 1988/433/431
f 1988/433/431 445/405/403 1987/422/420
f 1986/423/421 445/405/403 444/403/401
f 735/435/433 444/403/401 42/401/399
f 736/436/434 1986/423/421 735/435/433
f 737/426/424 1983/419/417 736/436/434
f 1989/437/435 1993/438/436 1992/439/437
f 1991/440/438 1993/438/436 1990/441/439
f 1992/439/437 1996/442/440 1995/443/441
f 1994/444/442 1996/442/440 1993/438/436
f 92/445/443 1989/437/435 740/446/444
f 794/447/445 1990/441/439 1989/437/435
f 792/448/446 1990/441/439 793/449/447
f 83/450/448 1991/440/438 792/448/446
f 477/451/449 1994/444/442 1991/440/438
f 478/452/450 1997/453/451 1994/444/442
f 479/454/452 461/455/453 1997/453/451
f 1997/453/451 460/456/454 1996/442/440
f 1995/443/441 460/456/454 459/457/455
f 738/458/456 459/457/455 47/459/457
f 739/460/458 1995/443/441 738/458/456
f 740/446/444 1992/439/437 739/460/458
f 1998/461/459 2002/462/460 2001/463/461
f 2000/464/462 2002/462/460 1999/465/463
f 2001/463/461 2005/466/464 2004/467/465
f 2003/468/466 2005/466/464 2002/462/460
f 93/469/467 1998/461/459 743/470/468
f 791/471/469 1999/465/463 1998/461/459
f 789/472/470 1999/465/463 790/473/471
f 84/474/472 2000/464/462 789/472/470
f 483/475/473 2003/468/466 2000/464/462
f 484/476/474 2006/477/475 2003/468/466
f 485/478/476 425/479/477 2006/477/475
f 2006/477/475 424/480/478 2005/466/464
f 2004/467/465 424/480/478 423/481/479
f 741/482/480 423/481/479 35/483/481
f 742/484/482 2004/467/465 741/482/480
f 743/470/468 2001/463/461 742/484/482
f 2007/485/483 2011/486/484 2010/487/485
f 2009/488/486 2011/486/484 2008/489/487
f 2010/487/485 2014/490/488 2013/491/489
f 2012/492/490 2014/490/488 2011/486/484
f 94/493/491 2007/485/483 746/494/492
f 788/495/493 2008/489/487 2007/485/483
f 786/496/494 2008/489/487 787/497/495
f 85/498/496 2009/488/486 786/496/494
f 489/499/497 2012/492/490 2009/488/486
f 490/500/498 2015/501/499 2012/492/490
f 491/502/500 440/503/501 2015/501/499
f 2015/501/499 439/504/502 2014/490/488
f 2013/491/489 439/504/502 438/505/503
f 744/506/504 438/505/503 40/507/505
f 745/508/506 2013/491/489 744/506/504
f 746/494/492 2010/487/485 745/508/506
f 2016/509/507 2020/510/508 2019/511/509
f 2018/512/510 2020/510/508 2017/513/511
f 2019/511/509 2023/514/512 2022/515/513
f 2021/516/514 2023/514/512 2020/510/508
f 95/517/515 2016/509/507 749/518/516
f 785/519/517 2017/513/511 2016/509/507
f 783/520/518 2017/513/511 784/521/519
f 86/522/520 2018/512/510 783/520/518
f 495/523/521 2021/516/514 2018/512/510
f 496/524/522 2024/525/523 2021/516/514
f 497/526/524 419/527/525 2024/525/523
f 2024/525/523 418/528/526 2023/514/512
f 2022/515/513 418/528/526 417/529/527
f 747/530/528 417/529/527 33/531/529
f 748/532/530 2022/515/513 747/530/528
f 749/518/516 2019/511/509 748/532/530
f 2025/533/531 2029/534/532 2028/535/533
f 2027/536/534 2029/534/532 2026/537/535
f 2028/535/533 2032/538/536 2031/539/537
f 2030/540/538 2032/538/536 2029/534/532
f 96/541/539 2025/533/531 752/542/540
f 782/543/541 2026/537/535 2025/533/531
f 780/544/542 2026/537/535 781/545/543
f 87/546/544 2027/536/534 780/544/542
f 501/547/545 2030/540/538 2027/536/534
f 502/548/546 2033/549/547 2030/540/538
f 503/550/548 455/551/549 2033/549/547
f 2033/549/547 454/552/550 2032/538/536
f 2031/539/537 454/552/550 453/553/551
f 750/554/552 453/553/551 45/555/553
f 751/556/554 2031/539/537 750/554/552
f 752/542/540 2028/535/533 751/556/554
f 2034/557/555 2038/558/556 2037/559/557
f 2036/560/558 2038/558/556 2035/561/559
f 2037/559/557 2041/562/560 2040/563/561
f 2039/564/562 2041/562/560 2038/558/556
f 81/382/380 2034/557/555 465/383/381
f 779/565/563 2035/561/559 2034/557/555
f 777/566/564 2035/561/559 778/567/565
f 88/568/566 2036/560/558 777/566/564
f 507/569/567 2039/564/562 2036/560/558
f 508/570/568 2042/571/569 2039/564/562
f 509/572/570 434/573/571 2042/571/569
f 2042/571/569 433/574/572 2041/562/560
f 2040/563/561 433/574/572 432/575/573
f 467/386/384 432/575/573 38/576/574
f 466/384/382 2040/563/561 467/386/384
f 465/383/381 2037/559/557 466/384/382
f 2043/577/575 2047/578/576 2046/579/577
f 2045/580/578 2047/578/576 2044/581/579
f 2046/579/577 2050/582/580 2049/583/581
f 2048/584/582 2050/582/580 2047/578/576
f 82/430/428 2043/577/575 471/431/429
f 776/585/583 2044/581/579 2043/577/575
f 774/586/584 2044/581/579 775/587/585
f 89/588/586 2045/580/578 774/586/584
f 510/589/587 2048/584/582 2045/580/578
f 511/590/588 2051/591/589 2048/584/582
f 512/592/590 449/593/591 2051/591/589
f 2051/591/589 448/594/592 2050/582/580
f 2049/583/581 448/594/592 447/595/593
f 473/434/432 447/595/593 43/406/404
f 472/432/430 2049/583/581 473/434/432
f 471/431/429 2046/579/577 472/432/430
f 2052/596/594 2056/597/595 2055/598/596
f 2054/599/597 2056/597/595 2053/600/598
f 2055/598/596 2059/601/599 2058/602/600
f 2057/603/601 2059/601/599 2056/597/595
f 83/450/448 2052/596/594 477/451/449
f 773/604/602 2053/600/598 2052/596/594
f 771/605/603 2053/600/598 772/606/604
f 95/607/515 2054/599/597 771/605/603
f 749/608/516 2057/603/601 2054/599/597
f 748/609/530 2060/610/605 2057/603/601
f 747/611/528 464/612/606 2060/610/605
f 2060/610/605 463/613/607 2059/601/599
f 2058/602/600 463/613/607 462/614/608
f 479/454/452 462/614/608 48/615/609
f 478/452/450 2058/602/600 479/454/452
f 477/451/449 2055/598/596 478/452/450
f 2061/616/610 2065/617/611 2064/618/612
f 2063/619/613 2065/617/611 2062/620/614
f 2064/618/612 2068/621/615 2067/622/616
f 2066/623/617 2068/621/615 2065/617/611
f 84/474/472 2061/616/610 483/475/473
f 770/624/618 2062/620/614 2061/616/610
f 768/625/619 2062/620/614 769/626/620
f 90/377/375 2063/619/613 768/625/619
f 734/378/376 2066/623/617 2063/619/613
f 733/392/390 2069/627/621 2066/623/617
f 732/390/388 428/628/622 2069/627/621
f 2069/627/621 427/629/623 2068/621/615
f 2067/622/616 427/629/623 426/630/624
f 485/478/476 426/630/624 36/631/625
f 484/476/474 2067/622/616 485/478/476
f 483/475/473 2064/618/612 484/476/474
f 2070/632/626 2074/633/627 2073/634/628
f 2072/635/629 2074/633/627 2071/636/630
f 2073/634/628 2077/637/631 2076/638/632
f 2075/639/633 2077/637/631 2074/633/627
f 85/498/496 2070/632/626 489/499/497
f 767/640/634 2071/636/630 2070/632/626
f 765/641/635 2071/636/630 766/642/636
f 91/425/423 2072/635/629 765/641/635
f 737/426/424 2075/639/633 2072/635/629
f 736/436/434 2078/643/637 2075/639/633
f 735/435/433 443/644/638 2078/643/637
f 2078/643/637 442/645/639 2077/637/631
f 2076/638/632 442/645/639 441/646/640
f 491/502/500 441/646/640 41/647/641
f 490/500/498 2076/638/632 491/502/500
f 489/499/497 2073/634/628 490/500/498
f 2079/648/642 2083/649/643 2082/650/644
f 2081/651/645 2083/649/643 2080/652/646
f 2082/650/644 2086/653/647 2085/654/648
f 2084/655/649 2086/653/647 2083/649/643
f 87/546/544 2079/648/642 501/547/545
f 764/656/650 2080/652/646 2079/648/642
f 762/657/651 2080/652/646 763/658/652
f 92/445/443 2081/651/645 762/657/651
f 740/446/444 2084/655/649 2081/651/645
f 739/460/458 2087/659/653 2084/655/649
f 738/458/456 458/660/654 2087/659/653
f 2087/659/653 457/661/655 2086/653/647
f 2085/654/648 457/661/655 456/662/656
f 503/550/548 456/662/656 46/663/657
f 502/548/546 2085/654/648 503/550/548
f 501/547/545 2082/650/644 502/548/546
f 2088/664/658 2092/665/659 2091/666/660
f 2090/667/661 2092/665/659 2089/668/662
f 2091/666/660 2095/669/663 2094/670/664
f 2093/671/665 2095/669/663 2092/665/659
f 86/522/520 2088/664/658 495/523/521
f 761/672/666 2089/668/662 2088/664/658
f 759/673/667 2089/668/662 760/674/668
f 93/469/467 2090/667/661 759/673/667
f 743/470/468 2093/671/665 2090/667/661
f 742/484/482 2096/675/669 2093/671/665
f 741/482/480 422/676/670 2096/675/669
f 2096/675/669 421/677/671 2095/669/663
f 2094/670/664 421/677/671 420/678/672
f 497/526/524 420/678/672 34/679/673
f 496/524/522 2094/670/664 497/526/524
f 495/523/521 2091/666/660 496/524/522
f 2097/680/674 2101/681/675 2100/682/676
f 2099/683/677 2101/681/675 2098/684/678
f 2100/682/676 2104/685/679 2103/686/680
f 2102/687/681 2104/685/679 2101/681/675
f 88/568/566 2097/680/674 507/569/567
f 758/688/682 2098/684/678 2097/680/674
f 756/689/683 2098/684/678 757/690/684
f 94/493/491 2099/683/677 756/689/683
f 746/494/492 2102/687/681 2099/683/677
f 745/508/506 2105/691/685 2102/687/681
f 744/506/504 437/692/686 2105/691/685
f 2105/691/685 436/693/687 2104/685/679
f 2103/686/680 436/693/687 435/694/688
f 509/572/570 435/694/688 39/695/689
f 508/570/568 2103/686/680 509/572/570
f 507/569/567 2100/682/676 508/570/568
f 2106/696/690 2110/697/691 2109/698/692
f 2108/699/693 2110/697/691 2107/700/694
f 2109/698/692 2113/701/695 2112/702/696
f 2111/703/697 2113/701/695 2110/697/691
f 89/588/586 2106/696/690 510/589/587
f 755/704/698 2107/700/694 2106/696/690
f 753/705/699 2107/700/694 754/706/700
f 96/541/539 2108/699/693 753/705/699
f 752/542/540 2111/703/697 2108/699/693
f 751/556/554 2114/707/701 2111/703/697
f 750/554/552 452/708/702 2114/707/701
f 2114/707/701 451/709/703 2113/701/695
f 2112/702/696 451/709/703 450/710/704
f 512/592/590 450/710/704 44/711/705
f 511/590/588 2112/702/696 512/592/590
f 510/589/587 2109/698/692 511/590/588
f 2115/712/706 2119/713/707 2118/714/708
f 2117/715/709 2119/713/707 2116/716/710
f 2118/714/708 2122/717/711 2121/718/712
f 2120/719/713 2122/717/711 2119/713/707
f 112/720/714 2115/712/706 558/721/715
f 896/722/716 2116/716/710 2115/712/706
f 894/723/717 2116/716/710 895/724/718
f 103/725/719 2117/715/709 894/723/717
f 821/726/720 2120/719/713 2117/715/709
f 820/727/721 2123/728/722 2120/719/713
f 819/729/723 561/730/724 2123/728/722
f 2123/728/722 562/731/725 2122/717/711
f 2121/718/712 562/731/725 563/732/726
f 560/733/727 563/732/726 64/734/728
f 559/735/729 2121/718/712 560/733/727
f 558/721/715 2118/714/708 559/735/729
f 2124/736/730 2128/737/731 2127/738/732
f 2126/739/733 2128/737/731 2125/740/734
f 2127/738/732 2131/741/735 2130/742/736
f 2129/743/737 2131/741/735 2128/737/731
f 111/744/738 2124/736/730 555/745/739
f 893/746/740 2125/740/734 2124/736/730
f 891/747/741 2125/740/734 892/748/742
f 101/749/743 2126/739/733 891/747/741
f 815/750/744 2129/743/737 2126/739/733
f 814/751/745 2132/752/746 2129/743/737
f 813/753/747 564/754/748 2132/752/746
f 2132/752/746 565/755/749 2131/741/735
f 2130/742/736 565/755/749 566/756/750
f 557/757/751 566/756/750 63/758/752
f 556/759/753 2130/742/736 557/757/751
f 555/745/739 2127/738/732 556/759/753
f 2133/760/754 2137/761/755 2136/762/756
f 2135/763/757 2137/761/755 2134/764/758
f 2136/762/756 2140/765/759 2139/766/760
f 2138/767/761 2140/765/759 2137/761/755
f 109/768/762 2133/760/754 543/769/763
f 890/770/764 2134/764/758 2133/760/754
f 888/771/765 2134/764/758 889/772/766
f 100/773/767 2135/763/757 888/771/765
f 812/774/768 2138/767/761 2135/763/757
f 811/775/769 2141/776/770 2138/767/761
f 810/777/771 567/778/772 2141/776/770
f 2141/776/770 568/779/773 2140/765/759
f 2139/766/760 568/779/773 569/780/774
f 545/781/775 569/780/774 59/782/776
f 544/783/777 2139/766/760 545/781/775
f 543/769/763 2136/762/756 544/783/777
f 2142/784/778 2146/785/779 2145/786/780
f 2144/787/781 2146/785/779 2143/788/782
f 2145/786/780 2149/789/783 2148/790/784
f 2147/791/785 2149/789/783 2146/785/779
f 110/792/786 2142/784/778 549/793/787
f 887/794/788 2143/788/782 2142/784/778
f 885/795/789 2143/788/782 886/796/790
f 99/797/791 2144/787/781 885/795/789
f 809/798/792 2147/791/785 2144/787/781
f 808/799/793 2150/800/794 2147/791/785
f 807/801/795 570/802/796 2150/800/794
f 2150/800/794 571/803/797 2149/789/783
f 2148/790/784 571/803/797 572/804/798
f 551/805/799 572/804/798 61/806/800
f 550/807/801 2148/790/784 551/805/799
f 549/793/787 2145/786/780 550/807/801
f 2151/808/802 2155/809/803 2154/810/804
f 2153/811/805 2155/809/803 2152/812/806
f 2154/810/804 2158/813/807 2157/814/808
f 2156/815/809 2158/813/807 2155/809/803
f 108/816/810 2151/808/802 537/817/811
f 884/818/812 2152/812/806 2151/808/802
f 882/819/813 2152/812/806 883/820/814
f 98/821/815 2153/811/805 882/819/813
f 806/822/816 2156/815/809 2153/811/805
f 805/823/817 2159/824/818 2156/815/809
f 804/825/819 573/826/820 2159/824/818
f 2159/824/818 574/827/821 2158/813/807
f 2157/814/808 574/827/821 575/828/822
f 539/829/823 575/828/822 57/830/824
f 538/831/825 2157/814/808 539/829/823
f 537/817/811 2154/810/804 538/831/825
f 2160/832/826 2164/833/827 2163/834/828
f 2162/835/829 2164/833/827 2161/836/830
f 2163/834/828 2167/837/831 2166/838/832
f 2165/839/833 2167/837/831 2164/833/827
f 107/840/834 2160/832/826 531/841/835
f 881/842/836 2161/836/830 2160/832/826
f 879/843/837 2161/836/830 880/844/838
f 97/845/839 2162/835/829 879/843/837
f 803/846/840 2165/839/833 2162/835/829
f 802/847/841 2168/848/842 2165/839/833
f 801/849/843 576/850/844 2168/848/842
f 2168/848/842 577/851/845 2167/837/831
f 2166/838/832 577/851/845 578/852/846
f 533/853/847 578/852/846 55/854/848
f 532/855/849 2166/838/832 533/853/847
f 531/841/835 2163/834/828 532/855/849
f 2169/856/850 2173/857/851 2172/858/852
f 2171/859/853 2173/857/851 2170/860/854
f 2172/858/852 2176/861/855 2175/862/856
f 2174/863/857 2176/861/855 2173/857/851
f 106/864/858 2169/856/850 525/865/859
f 878/866/860 2170/860/854 2169/856/850
f 876/867/861 2170/860/854 877/868/862
f 102/869/863 2171/859/853 876/867/861
f 818/870/864 2174/863/857 2171/859/853
f 817/871/865 2177/872/866 2174/863/857
f 816/873/867 579/874/868 2177/872/866
f 2177/872/866 580/875/869 2176/861/855
f 2175/862/856 580/875/869 581/876/870
f 527/877/871 581/876/870 53/878/872
f 526/879/873 2175/862/856 527/877/871
f 525/865/859 2172/858/852 526/879/873
f 2178/880/874 2182/881/875 2181/882/876
f 2180/883/877 2182/881/875 2179/884/878
f 2181/882/876 2185/885/879 2184/886/880
f 2183/887/881 2185/885/879 2182/881/875
f 105/888/882 2178/880/874 519/889/883
f 875/890/884 2179/884/878 2178/880/874
f 873/891/885 2179/884/878 874/892/886
f 112/720/714 2180/883/877 873/891/885
f 558/721/715 2183/887/881 2180/883/877
f 559/735/729 2186/893/887 2183/887/881
f 560/733/727 582/894/888 2186/893/887
f 2186/893/887 583/895/889 2185/885/879
f 2184/886/880 583/895/889 584/896/890
f 521/897/891 584/896/890 51/898/892
f 520/899/893 2184/886/880 521/897/891
f 519/889/883 2181/882/876 520/899/893
f 2187/900/894 2191/901/895 2190/902/896
f 2189/903/897 2191/901/895 2188/904/898
f 2190/902/896 2194/905/899 2193/906/900
f 2192/907/901 2194/905/899 2191/901/895
f 104/908/902 2187/900/894 513/909/903
f 872/910/904 2188/904/898 2187/900/894
f 870/911/905 2188/904/898 871/912/906
f 111/744/738 2189/903/897 870/911/905
f 555/745/739 2192/907/901 2189/903/897
f 556/759/753 2195/913/907 2192/907/901
f 557/757/751 585/914/908 2195/913/907
f 2195/913/907 586/915/909 2194/905/899
f 2193/906/900 586/915/909 587/916/910
f 515/917/911 587/916/910 49/918/912
f 514/919/913 2193/906/900 515/917/911
f 513/909/903 2190/902/896 514/919/913
f 2196/920/914 2200/921/915 2199/922/916
f 2198/923/917 2200/921/915 2197/924/918
f 2199/922/916 2203/925/919 2202/926/920
f 2201/927/921 2203/925/919 2200/921/915
f 103/725/719 2196/920/914 821/726/720
f 869/928/922 2197/924/918 2196/920/914
f 867/929/923 2197/924/918 868/930/924
f 110/792/786 2198/923/917 867/929/923
f 549/793/787 2201/927/921 2198/923/917
f 550/807/801 2204/931/925 2201/927/921
f 551/805/799 588/932/926 2204/931/925
f 2204/931/925 589/933/927 2203/925/919
f 2202/926/920 589/933/927 590/934/928
f 819/729/723 590/934/928 62/935/929
f 820/727/721 2202/926/920 819/729/723
f 821/726/720 2199/922/916 820/727/721
f 2205/936/930 2209/937/931 2208/938/932
f 2207/939/933 2209/937/931 2206/940/934
f 2208/938/932 2212/941/935 2211/942/936
f 2210/943/937 2212/941/935 2209/937/931
f 102/944/863 2205/936/930 818/945/864
f 866/946/938 2206/940/934 2205/936/930
f 864/947/939 2206/940/934 865/948/940
f 109/768/762 2207/939/933 864/947/939
f 543/769/763 2210/943/937 2207/939/933
f 544/783/777 2213/949/941 2210/943/937
f 545/781/775 591/950/942 2213/949/941
f 2213/949/941 592/951/943 2212/941/935
f 2211/942/936 592/951/943 593/952/944
f 816/953/867 593/952/944 60/954/945
f 817/955/865 2211/942/936 816/953/867
f 818/945/864 2208/938/932 817/955/865
f 2214/956/946 2218/957/947 2217/958/948
f 2216/959/949 2218/957/947 2215/960/950
f 2217/958/948 2221/961/951 2220/962/952
f 2219/963/953 2221/961/951 2218/957/947
f 101/749/743 2214/956/946 815/750/744
f 863/964/954 2215/960/950 2214/956/946
f 861/965/955 2215/960/950 862/966/956
f 108/816/810 2216/959/949 861/965/955
f 537/817/811 2219/963/953 2216/959/949
f 538/831/825 2222/967/957 2219/963/953
f 539/829/823 594/968/958 2222/967/957
f 2222/967/957 595/969/959 2221/961/951
f 2220/962/952 595/969/959 596/970/960
f 813/753/747 596/970/960 58/971/961
f 814/751/745 2220/962/952 813/753/747
f 815/750/744 2217/958/948 814/751/745
f 2223/972/962 2227/973/963 2226/974/964
f 2225/975/965 2227/973/963 2224/976/966
f 2226/974/964 2230/977/967 2229/978/968
f 2228/979/969 2230/977/967 2227/973/963
f 100/773/767 2223/972/962 812/774/768
f 860/980/970 2224/976/966 2223/972/962
f 858/981/971 2224/976/966 859/982/972
f 107/840/834 2225/975/965 858/981/971
f 531/841/835 2228/979/969 2225/975/965
f 532/855/849 2231/983/973 2228/979/969
f 533/853/847 597/984/974 2231/983/973
f 2231/983/973 598/985/975 2230/977/967
f 2229/978/968 598/985/975 599/986/976
f 810/777/771 599/986/976 56/987/977
f 811/775/769 2229/978/968 810/777/771
f 812/774/768 2226/974/964 811/775/769
f 2232/988/978 2236/989/979 2235/990/980
f 2234/991/981 2236/989/979 2233/992/982
f 2235/990/980 2239/993/983 2238/994/984
f 2237/995/985 2239/993/983 2236/989/979
f 99/797/791 2232/988/978 809/798/792
f 857/996/986 2233/992/982 2232/988/978
f 855/997/987 2233/992/982 856/998/988
f 106/864/858 2234/991/981 855/997/987
f 525/865/859 2237/995/985 2234/991/981
f 526/879/873 2240/999/989 2237/995/985
f 527/877/871 600/1000/990 2240/999/989
f 2240/999/989 601/1001/991 2239/993/983
f 2238/994/984 601/1001/991 602/1002/992
f 807/801/795 602/1002/992 54/1003/993
f 808/799/793 2238/994/984 807/801/795
f 809/798/792 2235/990/980 808/799/793
f 2241/1004/994 2245/1005/995 2244/1006/996
f 2243/1007/997 2245/1005/995 2242/1008/998
f 2244/1006/996 2248/1009/999 2247/1010/1000
f 2246/1011/1001 2248/1009/999 2245/1005/995
f 98/821/815 2241/1004/994 806/822/816
f 854/1012/1002 2242/1008/998 2241/1004/994
f 852/1013/1003 2242/1008/998 853/1014/1004
f 105/888/882 2243/1007/997 852/1013/1003
f 519/889/883 2246/1011/1001 2243/1007/997
f 520/899/893 2249/1015/1005 2246/1011/1001
f 521/897/891 603/1016/1006 2249/1015/1005
f 2249/1015/1005 604/1017/1007 2248/1009/999
f 2247/1010/1000 604/1017/1007 605/1018/1008
f 804/825/819 605/1018/1008 52/1019/1009
f 805/823/817 2247/1010/1000 804/825/819
f 806/822/816 2244/1006/996 805/823/817
f 2250/1020/1010 2254/1021/1011 2253/1022/1012
f 2252/1023/1013 2254/1021/1011 2251/1024/1014
f 2253/1022/1012 2257/1025/1015 2256/1026/1016
f 2255/1027/1017 2257/1025/1015 2254/1021/1011
f 97/845/839 2250/1020/1010 803/846/840
f 851/1028/1018 2251/1024/1014 2250/1020/1010
f 849/1029/1019 2251/1024/1014 850/1030/1020
f 104/908/902 2252/1023/1013 849/1029/1019
f 513/909/903 2255/1027/1017 2252/1023/1013
f 514/919/913 2258/1031/1021 2255/1027/1017
f 515/917/911 606/1032/1022 2258/1031/1021
f 2258/1031/1021 607/1033/1023 2257/1025/1015
f 2256/1026/1016 607/1033/1023 608/1034/1024
f 801/849/843 608/1034/1024 50/1035/1025
f 802/847/841 2256/1026/1016 801/849/843
f 803/846/840 2253/1022/1012 802/847/841
f 2260/1036/1026 2262/1037/1027 2259/1038/1028
f 2260/1036/1026 2264/1039/1029 2263/1040/1030
f 2263/1040/1030 2265/1041/1031 2262/1037/1027
f 2263/1040/1030 2267/1042/1032 2266/1043/1033
f 35/483/481 2259/1038/1028 668/1044/1034
f 423/481/479 2260/1036/1026 2259/1038/1028
f 425/479/477 2260/1036/1026 424/480/478
f 36/631/625 2261/1045/1035 425/479/477
f 2261/1045/1035 664/1046/1036 2264/1039/1029
f 2264/1039/1029 665/1047/1037 2267/1042/1032
f 2267/1042/1032 68/1048/1038 617/1049/1039
f 2266/1043/1033 617/1049/1039 616/1050/1040
f 2266/1043/1033 615/1051/1041 2265/1041/1031
f 2265/1041/1031 67/1052/1042 666/1053/1043
f 2262/1037/1027 666/1053/1043 667/1054/1044
f 2259/1038/1028 667/1054/1044 668/1044/1034
f 2269/1055/1045 2271/1056/1046 2268/1057/1047
f 2269/1055/1045 2273/1058/1048 2272/1059/1049
f 2272/1059/1049 2274/1060/1050 2271/1056/1046
f 2272/1059/1049 2276/1061/1051 2275/1062/1052
f 43/406/404 2268/1057/1047 657/1063/1053
f 447/595/593 2269/1055/1045 2268/1057/1047
f 449/593/591 2269/1055/1045 448/1064/592
f 44/711/705 2270/1065/1054 449/593/591
f 2270/1065/1054 670/1066/1055 2273/1058/1048
f 2273/1058/1048 671/1067/1056 2276/1061/1051
f 2276/1061/1051 76/1068/1057 641/1069/1058
f 2275/1062/1052 641/1069/1058 640/1070/1059
f 2275/1062/1052 639/1071/1060 2274/1060/1050
f 2274/1060/1050 75/410/408 659/409/407
f 2271/1056/1046 659/409/407 658/408/406
f 2268/1057/1047 658/408/406 657/1063/1053
f 2278/1072/1061 2280/1073/1062 2277/1074/1063
f 2278/1072/1061 2282/1075/1064 2281/1076/1065
f 2281/1076/1065 2283/1077/1066 2280/1073/1062
f 2281/1076/1065 2285/1078/1067 2284/1079/1068
f 36/631/625 2277/1074/1063 663/1080/1069
f 426/630/624 2278/1072/1061 2277/1074/1063
f 428/628/622 2278/1072/1061 427/629/623
f 37/391/389 2279/1081/1070 428/628/622
f 2279/1081/1070 673/1082/1071 2282/1075/1064
f 2282/1075/1064 674/1083/1072 2285/1078/1067
f 2285/1078/1067 69/1084/1073 620/1085/1074
f 2284/1079/1068 620/1085/1074 619/1086/1075
f 2284/1079/1068 618/1087/1076 2283/1077/1066
f 2283/1077/1066 68/1048/1038 665/1047/1037
f 2280/1073/1062 665/1047/1037 664/1046/1036
f 2277/1074/1063 664/1046/1036 663/1080/1069
f 2287/1088/1077 2289/1089/1078 2286/1090/1079
f 2287/1088/1077 2291/1091/1080 2290/1092/1081
f 2290/1092/1081 2292/1093/1082 2289/1089/1078
f 2290/1092/1081 2294/1094/1083 2293/1095/1084
f 44/711/705 2286/1090/1079 669/1096/1085
f 450/710/704 2287/1088/1077 2286/1090/1079
f 452/708/702 2287/1088/1077 451/709/703
f 45/555/553 2288/1097/1086 452/708/702
f 2288/1097/1086 676/1098/1087 2291/1091/1080
f 2291/1091/1080 677/1099/1088 2294/1094/1083
f 2294/1094/1083 77/1100/1089 644/1101/1090
f 2293/1095/1084 644/1101/1090 643/1102/1091
f 2293/1095/1084 642/1103/1092 2292/1093/1082
f 2292/1093/1082 76/1068/1057 671/1067/1056
f 2289/1089/1078 671/1067/1056 670/1066/1055
f 2286/1090/1079 670/1066/1055 669/1096/1085
f 2296/1104/1093 2298/1105/1094 2295/1106/1095
f 2296/1104/1093 2300/1107/1096 2299/1108/1097
f 2299/1108/1097 2301/1109/1098 2298/1105/1094
f 2299/1108/1097 2303/1110/1099 2302/1111/1100
f 37/391/389 2295/1106/1095 672/1112/1101
f 429/389/387 2296/1104/1093 2295/1106/1095
f 431/387/385 2296/1104/1093 430/388/386
f 38/576/574 2297/1113/1102 431/387/385
f 2297/1113/1102 679/1114/1103 2300/1107/1096
f 2300/1107/1096 680/1115/1104 2303/1110/1099
f 2303/1110/1099 70/1116/1105 623/1117/1106
f 2302/1111/1100 623/1117/1106 622/1118/1107
f 2302/1111/1100 621/1119/1108 2301/1109/1098
f 2301/1109/1098 69/1084/1073 674/1083/1072
f 2298/1105/1094 674/1083/1072 673/1082/1071
f 2295/1106/1095 673/1082/1071 672/1112/1101
f 2305/1120/1109 2307/1121/1110 2304/1122/1111
f 2305/1120/1109 2309/1123/1112 2308/1124/1113
f 2308/1124/1113 2310/1125/1114 2307/1121/1110
f 2308/1124/1113 2312/1126/1115 2311/1127/1116
f 45/555/553 2304/1122/1111 675/1128/1117
f 453/553/551 2305/1120/1109 2304/1122/1111
f 455/551/549 2305/1120/1109 454/552/550
f 46/663/657 2306/1129/1118 455/551/549
f 2306/1129/1118 682/1130/1119 2309/1123/1112
f 2309/1123/1112 683/1131/1120 2312/1126/1115
f 2312/1126/1115 78/1132/1121 647/1133/1122
f 2311/1127/1116 647/1133/1122 646/1134/1123
f 2311/1127/1116 645/1135/1124 2310/1125/1114
f 2310/1125/1114 77/1100/1089 677/1099/1088
f 2307/1121/1110 677/1099/1088 676/1098/1087
f 2304/1122/1111 676/1098/1087 675/1128/1117
f 2314/1136/1125 2316/1137/1126 2313/1138/1127
f 2314/1136/1125 2318/1139/1128 2317/1140/1129
f 2317/1140/1129 2319/1141/1130 2316/1137/1126
f 2317/1140/1129 2321/1142/1131 2320/1143/1132
f 38/576/574 2313/1138/1127 678/1144/1133
f 432/575/573 2314/1136/1125 2313/1138/1127
f 434/573/571 2314/1136/1125 433/1145/572
f 39/695/689 2315/1146/1134 434/573/571
f 2315/1146/1134 685/1147/1135 2318/1139/1128
f 2318/1139/1128 686/1148/1136 2321/1142/1131
f 2321/1142/1131 71/1149/1137 626/1150/1138
f 2320/1143/1132 626/1150/1138 625/1151/1139
f 2320/1143/1132 624/1152/1140 2319/1141/1130
f 2319/1141/1130 70/1116/1105 680/1115/1104
f 2316/1137/1126 680/1115/1104 679/1114/1103
f 2313/1138/1127 679/1114/1103 678/1144/1133
f 2323/1153/1141 2325/1154/1142 2322/1155/1143
f 2323/1153/1141 2327/1156/1144 2326/1157/1145
f 2326/1157/1145 2328/1158/1146 2325/1154/1142
f 2326/1157/1145 2330/1159/1147 2329/1160/1148
f 46/663/657 2322/1155/1143 681/1161/1149
f 456/662/656 2323/1153/1141 2322/1155/1143
f 458/660/654 2323/1153/1141 457/661/655
f 47/459/457 2324/1162/1150 458/660/654
f 2324/1162/1150 688/1163/1151 2327/1156/1144
f 2327/1156/1144 689/1164/1152 2330/1159/1147
f 2330/1159/1147 79/1165/1153 650/1166/1154
f 2329/1160/1148 650/1166/1154 649/1167/1155
f 2329/1160/1148 648/1168/1156 2328/1158/1146
f 2328/1158/1146 78/1132/1121 683/1131/1120
f 2325/1154/1142 683/1131/1120 682/1130/1119
f 2322/1155/1143 682/1130/1119 681/1161/1149
f 2332/1169/1157 2334/1170/1158 2331/1171/1159
f 2332/1169/1157 2336/1172/1160 2335/1173/1161
f 2335/1173/1161 2337/1174/1162 2334/1170/1158
f 2335/1173/1161 2339/1175/1163 2338/1176/1164
f 39/695/689 2331/1171/1159 684/1177/1165
f 435/694/688 2332/1169/1157 2331/1171/1159
f 437/692/686 2332/1169/1157 436/693/687
f 40/507/505 2333/1178/1166 437/692/686
f 2333/1178/1166 691/1179/1167 2336/1172/1160
f 2336/1172/1160 692/1180/1168 2339/1175/1163
f 2339/1175/1163 72/1181/1169 629/1182/1170
f 2338/1176/1164 629/1182/1170 628/1183/1171
f 2338/1176/1164 627/1184/1172 2337/1174/1162
f 2337/1174/1162 71/1149/1137 686/1148/1136
f 2334/1170/1158 686/1148/1136 685/1147/1135
f 2331/1171/1159 685/1147/1135 684/1177/1165
f 2341/1185/1173 2343/1186/1174 2340/1187/1175
f 2341/1185/1173 2345/1188/1176 2344/1189/1177
f 2344/1189/1177 2346/1190/1178 2343/1186/1174
f 2344/1189/1177 2348/1191/1179 2347/1192/1180
f 47/459/457 2340/1187/1175 687/1193/1181
f 459/457/455 2341/1185/1173 2340/1187/1175
f 461/455/453 2341/1185/1173 460/456/454
f 48/615/609 2342/1194/1182 461/455/453
f 2342/1194/1182 694/1195/1183 2345/1188/1176
f 2345/1188/1176 695/1196/1184 2348/1191/1179
f 2348/1191/1179 80/1197/1185 653/1198/1186
f 2347/1192/1180 653/1198/1186 652/1199/1187
f 2347/1192/1180 651/1200/1188 2346/1190/1178
f 2346/1190/1178 79/1165/1153 689/1164/1152
f 2343/1186/1174 689/1164/1152 688/1163/1151
f 2340/1187/1175 688/1163/1151 687/1193/1181
f 2350/1201/1189 2352/1202/1190 2349/1203/1191
f 2350/1201/1189 2354/1204/1192 2353/1205/1193
f 2353/1205/1193 2355/1206/1194 2352/1202/1190
f 2353/1205/1193 2357/1207/1195 2356/1208/1196
f 40/507/505 2349/1203/1191 690/1209/1197
f 438/505/503 2350/1201/1189 2349/1203/1191
f 440/503/501 2350/1201/1189 439/504/502
f 41/647/641 2351/1210/1198 440/503/501
f 2351/1210/1198 697/1211/1199 2354/1204/1192
f 2354/1204/1192 698/1212/1200 2357/1207/1195
f 2357/1207/1195 73/1213/1201 632/1214/1202
f 2356/1208/1196 632/1214/1202 631/1215/1203
f 2356/1208/1196 630/1216/1204 2355/1206/1194
f 2355/1206/1194 72/1181/1169 692/1180/1168
f 2352/1202/1190 692/1180/1168 691/1179/1167
f 2349/1203/1191 691/1179/1167 690/1209/1197
f 2359/1217/1205 2361/1218/1206 2358/1219/1207
f 2359/1217/1205 2363/1220/1208 2362/1221/1209
f 2362/1221/1209 2364/1222/1210 2361/1218/1206
f 2362/1221/1209 2366/1223/1211 2365/1224/1212
f 33/531/529 2358/1219/1207 704/1225/1213
f 417/529/527 2359/1217/1205 2358/1219/1207
f 419/527/525 2359/1217/1205 418/528/526
f 34/679/673 2360/1226/1214 419/527/525
f 2360/1226/1214 700/1227/1215 2363/1220/1208
f 2363/1220/1208 701/1228/1216 2366/1223/1211
f 2366/1223/1211 66/1229/1217 611/1230/1218
f 2365/1224/1212 611/1230/1218 610/1231/1219
f 2365/1224/1212 609/1232/1220 2364/1222/1210
f 2364/1222/1210 65/1233/1221 702/1234/1222
f 2361/1218/1206 702/1234/1222 703/1235/1223
f 2358/1219/1207 703/1235/1223 704/1225/1213
f 2368/1236/1224 2370/1237/1225 2367/1238/1226
f 2368/1236/1224 2372/1239/1227 2371/1240/1228
f 2371/1240/1228 2373/1241/1229 2370/1237/1225
f 2371/1240/1228 2375/1242/1230 2374/1243/1231
f 48/615/609 2367/1238/1226 693/1244/1232
f 462/614/608 2368/1236/1224 2367/1238/1226
f 464/612/606 2368/1236/1224 463/613/607
f 33/1245/529 2369/1246/1233 464/612/606
f 2369/1246/1233 703/1247/1223 2372/1239/1227
f 2372/1239/1227 702/1248/1222 2375/1242/1230
f 2375/1242/1230 65/1249/1221 656/1250/1234
f 2374/1243/1231 656/1250/1234 655/1251/1235
f 2374/1243/1231 654/1252/1236 2373/1241/1229
f 2373/1241/1229 80/1197/1185 695/1196/1184
f 2370/1237/1225 695/1196/1184 694/1195/1183
f 2367/1238/1226 694/1195/1183 693/1244/1232
f 2377/1253/1237 2379/1254/1238 2376/1255/1239
f 2377/1253/1237 2381/1256/1240 2380/1257/1241
f 2380/1257/1241 2382/1258/1242 2379/1254/1238
f 2380/1257/1241 2384/1259/1243 2383/1260/1244
f 41/647/641 2376/1255/1239 696/1261/1245
f 441/646/640 2377/1253/1237 2376/1255/1239
f 443/644/638 2377/1253/1237 442/645/639
f 42/401/399 2378/1262/1246 443/644/638
f 2378/1262/1246 661/416/414 2381/1256/1240
f 2381/1256/1240 660/415/413 2384/1259/1243
f 2384/1259/1243 74/414/412 635/1263/1247
f 2383/1260/1244 635/1263/1247 634/1264/1248
f 2383/1260/1244 633/1265/1249 2382/1258/1242
f 2382/1258/1242 73/1213/1201 698/1212/1200
f 2379/1254/1238 698/1212/1200 697/1211/1199
f 2376/1255/1239 697/1211/1199 696/1261/1245
f 2386/1266/1250 2388/1267/1251 2385/1268/1252
f 2386/1266/1250 2390/1269/1253 2389/1270/1254
f 2389/1270/1254 2391/1271/1255 2388/1267/1251
f 2389/1270/1254 2393/1272/1256 2392/1273/1257
f 34/679/673 2385/1268/1252 699/1274/1258
f 420/678/672 2386/1266/1250 2385/1268/1252
f 422/676/670 2386/1266/1250 421/677/671
f 35/483/481 2387/1275/1259 422/676/670
f 2387/1275/1259 667/1054/1044 2390/1269/1253
f 2390/1269/1253 666/1053/1043 2393/1272/1256
f 2393/1272/1256 67/1052/1042 614/1276/1260
f 2392/1273/1257 614/1276/1260 613/1277/1261
f 2392/1273/1257 612/1278/1262 2391/1271/1255
f 2391/1271/1255 66/1229/1217 701/1228/1216
f 2388/1267/1251 701/1228/1216 700/1227/1215
f 2385/1268/1252 700/1227/1215 699/1274/1258
f 2396/1279/1263 2426/1280/1264 2395/1281/1265
f 2398/1282/1266 2396/1279/1263 2397/1283/1267
f 2400/1284/1268 2398/1282/1266 2399/1285/1269
f 2402/1286/1270 2400/1284/1268 2401/1287/1271
f 2404/1288/1272 2402/1286/1270 2403/1289/1273
f 2406/1290/1274 2404/1288/1272 2405/1291/1275
f 2408/1292/1276 2406/1290/1274 2407/1293/1277
f 2410/1294/1278 2408/1292/1276 2409/1295/1279
f 2412/1296/1280 2410/1294/1278 2411/1297/1281
f 2414/1298/1282 2412/1296/1280 2413/1299/1283
f 2416/1300/1284 2414/1298/1282 2415/1301/1285
f 2418/1302/1286 2416/1300/1284 2417/1303/1287
f 2420/1304/1288 2418/1302/1286 2419/1305/1289
f 2422/1306/1290 2420/1304/1288 2421/1307/1291
f 2424/1308/1292 2422/1306/1290 2423/1309/1293
f 2426/1280/1264 2424/1308/1292 2425/1310/1294
f 609/1311/1220 656/1250/1234 65/1249/1221
f 610/1312/1219 2395/1281/1265 609/1311/1220
f 2395/1281/1265 655/1251/1235 656/1250/1234
f 612/1278/1262 611/1313/1218 66/1229/1217
f 613/1277/1261 2397/1283/1267 612/1278/1262
f 2397/1283/1267 610/1312/1219 611/1313/1218
f 615/1051/1041 614/1276/1260 67/1052/1042
f 616/1050/1040 2399/1285/1269 615/1051/1041
f 2399/1285/1269 613/1277/1261 614/1276/1260
f 618/1087/1076 617/1049/1039 68/1048/1038
f 619/1086/1075 2401/1287/1271 618/1087/1076
f 2401/1287/1271 616/1050/1040 617/1049/1039
f 621/1119/1108 620/1085/1074 69/1084/1073
f 622/1118/1107 2403/1289/1273 621/1119/1108
f 2403/1289/1273 619/1086/1075 620/1085/1074
f 624/1152/1140 623/1117/1106 70/1116/1105
f 625/1151/1139 2405/1291/1275 624/1152/1140
f 2405/1291/1275 622/1118/1107 623/1117/1106
f 627/1184/1172 626/1150/1138 71/1149/1137
f 628/1183/1171 2407/1293/1277 627/1184/1172
f 2407/1293/1277 625/1151/1139 626/1150/1138
f 630/1216/1204 629/1182/1170 72/1181/1169
f 631/1215/1203 2409/1295/1279 630/1216/1204
f 2409/1295/1279 628/1183/1171 629/1182/1170
f 633/1265/1249 632/1214/1202 73/1213/1201
f 634/1264/1248 2411/1297/1281 633/1265/1249
f 2411/1297/1281 631/1215/1203 632/1214/1202
f 636/413/411 635/1263/1247 74/414/412
f 637/412/410 2413/1299/1283 636/413/411
f 2413/1299/1283 634/1264/1248 635/1263/1247
f 639/1071/1060 638/411/409 75/410/408
f 640/1070/1059 2415/1301/1285 639/1071/1060
f 2415/1301/1285 637/412/410 638/411/409
f 642/1103/1092 641/1069/1058 76/1068/1057
f 643/1102/1091 2417/1303/1287 642/1103/1092
f 2417/1303/1287 640/1070/1059 641/1069/1058
f 645/1135/1124 644/1101/1090 77/1100/1089
f 646/1134/1123 2419/1305/1289 645/1135/1124
f 2419/1305/1289 643/1102/1091 644/1101/1090
f 648/1168/1156 647/1133/1122 78/1132/1121
f 649/1167/1155 2421/1307/1291 648/1168/1156
f 2421/1307/1291 646/1134/1123 647/1133/1122
f 651/1200/1188 650/1166/1154 79/1165/1153
f 652/1199/1187 2423/1309/1293 651/1200/1188
f 2423/1309/1293 649/1167/1155 650/1166/1154
f 654/1252/1236 653/1198/1186 80/1197/1185
f 655/1251/1235 2425/1310/1294 654/1252/1236
f 2425/1310/1294 652/1199/1187 653/1198/1186
f 2427/1314/1295 2431/1315/1296 2430/1316/1297
f 2429/1317/1298 2431/1315/1296 2428/1318/1299
f 2430/1316/1297 2434/1319/1300 2433/1320/1301
f 2432/1321/1302 2434/1319/1300 2431/1315/1296
f 64/734/728 2427/1314/1295 729/1322/1303
f 563/732/726 2428/1318/1299 2427/1314/1295
f 561/730/724 2428/1318/1299 562/731/725
f 62/935/929 2429/1317/1298 561/730/724
f 554/1323/1304 2432/1321/1302 2429/1317/1298
f 553/1324/1305 2435/1325/1306 2432/1321/1302
f 552/1326/1307 753/705/699 2435/1325/1306
f 2435/1325/1306 754/706/700 2434/1319/1300
f 2433/1320/1301 754/706/700 755/704/698
f 731/1327/1308 755/704/698 89/588/586
f 730/1328/1309 2433/1320/1301 731/1327/1308
f 729/1322/1303 2430/1316/1297 730/1328/1309
f 2436/1329/1310 2440/1330/1311 2439/1331/1312
f 2438/1332/1313 2440/1330/1311 2437/1333/1314
f 2439/1331/1312 2443/1334/1315 2442/1335/1316
f 2441/1336/1317 2443/1334/1315 2440/1330/1311
f 63/758/752 2436/1329/1310 726/1337/1318
f 566/756/750 2437/1333/1314 2436/1329/1310
f 564/754/748 2437/1333/1314 565/755/749
f 58/971/961 2438/1332/1313 564/754/748
f 542/1338/1319 2441/1336/1317 2438/1332/1313
f 541/1339/1320 2444/1340/1321 2441/1336/1317
f 540/1341/1322 756/689/683 2444/1340/1321
f 2444/1340/1321 757/690/684 2443/1334/1315
f 2442/1335/1316 757/690/684 758/688/682
f 728/1342/1323 758/688/682 88/568/566
f 727/1343/1324 2442/1335/1316 728/1342/1323
f 726/1337/1318 2439/1331/1312 727/1343/1324
f 2445/1344/1325 2449/1345/1326 2448/1346/1327
f 2447/1347/1328 2449/1345/1326 2446/1348/1329
f 2448/1346/1327 2452/1349/1330 2451/1350/1331
f 2450/1351/1332 2452/1349/1330 2449/1345/1326
f 59/1352/776 2445/1344/1325 720/1353/1333
f 569/1354/774 2446/1348/1329 2445/1344/1325
f 567/1355/772 2446/1348/1329 568/779/773
f 56/1356/977 2447/1347/1328 567/1355/772
f 536/1357/1334 2450/1351/1332 2447/1347/1328
f 535/1358/1335 2453/1359/1336 2450/1351/1332
f 534/1360/1337 759/1361/667 2453/1359/1336
f 2453/1359/1336 760/674/668 2452/1349/1330
f 2451/1350/1331 760/674/668 761/1362/666
f 722/1363/1338 761/1362/666 86/1364/520
f 721/1365/1339 2451/1350/1331 722/1363/1338
f 720/1353/1333 2448/1346/1327 721/1365/1339
f 2454/1366/1340 2458/1367/1341 2457/1368/1342
f 2456/1369/1343 2458/1367/1341 2455/1370/1344
f 2457/1368/1342 2461/1371/1345 2460/1372/1346
f 2459/1373/1347 2461/1371/1345 2458/1367/1341
f 61/806/800 2454/1366/1340 723/1374/1348
f 572/804/798 2455/1370/1344 2454/1366/1340
f 570/802/796 2455/1370/1344 571/803/797
f 54/1003/993 2456/1369/1343 570/802/796
f 530/1375/1349 2459/1373/1347 2456/1369/1343
f 529/1376/1350 2462/1377/1351 2459/1373/1347
f 528/1378/1352 762/657/651 2462/1377/1351
f 2462/1377/1351 763/658/652 2461/1371/1345
f 2460/1372/1346 763/658/652 764/656/650
f 725/1379/1353 764/656/650 87/546/544
f 724/1380/1354 2460/1372/1346 725/1379/1353
f 723/1374/1348 2457/1368/1342 724/1380/1354
f 2463/1381/1355 2467/1382/1356 2466/1383/1357
f 2465/1384/1358 2467/1382/1356 2464/1385/1359
f 2466/1383/1357 2470/1386/1360 2469/1387/1361
f 2468/1388/1362 2470/1386/1360 2467/1382/1356
f 57/830/824 2463/1381/1355 717/1389/1363
f 575/828/822 2464/1385/1359 2463/1381/1355
f 573/826/820 2464/1385/1359 574/827/821
f 52/1019/1009 2465/1384/1358 573/826/820
f 524/1390/1364 2468/1388/1362 2465/1384/1358
f 523/1391/1365 2471/1392/1366 2468/1388/1362
f 522/1393/1367 765/641/635 2471/1392/1366
f 2471/1392/1366 766/642/636 2470/1386/1360
f 2469/1387/1361 766/642/636 767/640/634
f 719/1394/1368 767/640/634 85/498/496
f 718/1395/1369 2469/1387/1361 719/1394/1368
f 717/1389/1363 2466/1383/1357 718/1395/1369
f 2472/1396/1370 2476/1397/1371 2475/1398/1372
f 2474/1399/1373 2476/1397/1371 2473/1400/1374
f 2475/1398/1372 2479/1401/1375 2478/1402/1376
f 2477/1403/1377 2479/1401/1375 2476/1397/1371
f 55/854/848 2472/1396/1370 714/1404/1378
f 578/852/846 2473/1400/1374 2472/1396/1370
f 576/850/844 2473/1400/1374 577/851/845
f 50/1035/1025 2474/1399/1373 576/850/844
f 518/1405/1379 2477/1403/1377 2474/1399/1373
f 517/1406/1380 2480/1407/1381 2477/1403/1377
f 516/1408/1382 768/625/619 2480/1407/1381
f 2480/1407/1381 769/626/620 2479/1401/1375
f 2478/1402/1376 769/626/620 770/624/618
f 716/1409/1383 770/624/618 84/474/472
f 715/1410/1384 2478/1402/1376 716/1409/1383
f 714/1404/1378 2475/1398/1372 715/1410/1384
f 2481/1411/1385 2485/1412/1386 2484/1413/1387
f 2483/1414/1388 2485/1412/1386 2482/1415/1389
f 2484/1413/1387 2488/1416/1390 2487/1417/1391
f 2486/1418/1392 2488/1416/1390 2485/1412/1386
f 53/878/872 2481/1411/1385 711/1419/1393
f 581/876/870 2482/1415/1389 2481/1411/1385
f 579/874/868 2482/1415/1389 580/875/869
f 60/1420/945 2483/1414/1388 579/874/868
f 548/1421/1394 2486/1418/1392 2483/1414/1388
f 547/1422/1395 2489/1423/1396 2486/1418/1392
f 546/1424/1397 771/605/603 2489/1423/1396
f 2489/1423/1396 772/606/604 2488/1416/1390
f 2487/1417/1391 772/606/604 773/604/602
f 713/1425/1398 773/604/602 83/450/448
f 712/1426/1399 2487/1417/1391 713/1425/1398
f 711/1419/1393 2484/1413/1387 712/1426/1399
f 2490/1427/1400 2494/1428/1401 2493/1429/1402
f 2492/1430/1403 2494/1428/1401 2491/1431/1404
f 2493/1429/1402 2497/1432/1405 2496/1433/1406
f 2495/1434/1407 2497/1432/1405 2494/1428/1401
f 51/898/892 2490/1427/1400 708/1435/1408
f 584/896/890 2491/1431/1404 2490/1427/1400
f 582/894/888 2491/1431/1404 583/895/889
f 64/734/728 2492/1430/1403 582/894/888
f 729/1322/1303 2495/1434/1407 2492/1430/1403
f 730/1328/1309 2498/1436/1409 2495/1434/1407
f 731/1327/1308 774/586/584 2498/1436/1409
f 2498/1436/1409 775/587/585 2497/1432/1405
f 2496/1433/1406 775/587/585 776/585/583
f 710/1437/1410 776/585/583 82/430/428
f 709/1438/1411 2496/1433/1406 710/1437/1410
f 708/1435/1408 2493/1429/1402 709/1438/1411
f 2499/1439/1412 2503/1440/1413 2502/1441/1414
f 2501/1442/1415 2503/1440/1413 2500/1443/1416
f 2502/1441/1414 2506/1444/1417 2505/1445/1418
f 2504/1446/1419 2506/1444/1417 2503/1440/1413
f 49/918/912 2499/1439/1412 705/1447/1420
f 587/916/910 2500/1443/1416 2499/1439/1412
f 585/914/908 2500/1443/1416 586/915/909
f 63/758/752 2501/1442/1415 585/914/908
f 726/1337/1318 2504/1446/1419 2501/1442/1415
f 727/1343/1324 2507/1448/1421 2504/1446/1419
f 728/1342/1323 777/566/564 2507/1448/1421
f 2507/1448/1421 778/567/565 2506/1444/1417
f 2505/1445/1418 778/567/565 779/565/563
f 707/1449/1422 779/565/563 81/382/380
f 706/1450/1423 2505/1445/1418 707/1449/1422
f 705/1447/1420 2502/1441/1414 706/1450/1423
f 2508/1451/1424 2512/1452/1425 2511/1453/1426
f 2510/1454/1427 2512/1452/1425 2509/1455/1428
f 2511/1453/1426 2515/1456/1429 2514/1457/1430
f 2513/1458/1431 2515/1456/1429 2512/1452/1425
f 62/935/929 2508/1451/1424 554/1323/1304
f 590/934/928 2509/1455/1428 2508/1451/1424
f 588/932/926 2509/1455/1428 589/933/927
f 61/806/800 2510/1454/1427 588/932/926
f 723/1374/1348 2513/1458/1431 2510/1454/1427
f 724/1380/1354 2516/1459/1432 2513/1458/1431
f 725/1379/1353 780/544/542 2516/1459/1432
f 2516/1459/1432 781/545/543 2515/1456/1429
f 2514/1457/1430 781/545/543 782/543/541
f 552/1326/1307 782/543/541 96/541/539
f 553/1324/1305 2514/1457/1430 552/1326/1307
f 554/1323/1304 2511/1453/1426 553/1324/1305
f 2517/1460/1433 2521/1461/1434 2520/1462/1435
f 2519/1463/1436 2521/1461/1434 2518/1464/1437
f 2520/1462/1435 2524/1465/1438 2523/1466/1439
f 2522/1467/1440 2524/1465/1438 2521/1461/1434
f 60/954/945 2517/1460/1433 548/1468/1394
f 593/952/944 2518/1464/1437 2517/1460/1433
f 591/950/942 2518/1464/1437 592/951/943
f 59/782/776 2519/1463/1436 591/950/942
f 720/1469/1333 2522/1467/1440 2519/1463/1436
f 721/1470/1339 2525/1471/1441 2522/1467/1440
f 722/1472/1338 783/520/518 2525/1471/1441
f 2525/1471/1441 784/521/519 2524/1465/1438
f 2523/1466/1439 784/521/519 785/519/517
f 546/1473/1397 785/519/517 95/517/515
f 547/1474/1395 2523/1466/1439 546/1473/1397
f 548/1468/1394 2520/1462/1435 547/1474/1395
f 2526/1475/1442 2530/1476/1443 2529/1477/1444
f 2528/1478/1445 2530/1476/1443 2527/1479/1446
f 2529/1477/1444 2533/1480/1447 2532/1481/1448
f 2531/1482/1449 2533/1480/1447 2530/1476/1443
f 58/971/961 2526/1475/1442 542/1338/1319
f 596/970/960 2527/1479/1446 2526/1475/1442
f 594/968/958 2527/1479/1446 595/969/959
f 57/830/824 2528/1478/1445 594/968/958
f 717/1389/1363 2531/1482/1449 2528/1478/1445
f 718/1395/1369 2534/1483/1450 2531/1482/1449
f 719/1394/1368 786/496/494 2534/1483/1450
f 2534/1483/1450 787/497/495 2533/1480/1447
f 2532/1481/1448 787/497/495 788/495/493
f 540/1341/1322 788/495/493 94/493/491
f 541/1339/1320 2532/1481/1448 540/1341/1322
f 542/1338/1319 2529/1477/1444 541/1339/1320
f 2535/1484/1451 2539/1485/1452 2538/1486/1453
f 2537/1487/1454 2539/1485/1452 2536/1488/1455
f 2538/1486/1453 2542/1489/1456 2541/1490/1457
f 2540/1491/1458 2542/1489/1456 2539/1485/1452
f 56/987/977 2535/1484/1451 536/1492/1334
f 599/986/976 2536/1488/1455 2535/1484/1451
f 597/984/974 2536/1488/1455 598/985/975
f 55/854/848 2537/1487/1454 597/984/974
f 714/1404/1378 2540/1491/1458 2537/1487/1454
f 715/1410/1384 2543/1493/1459 2540/1491/1458
f 716/1409/1383 789/472/470 2543/1493/1459
f 2543/1493/1459 790/473/471 2542/1489/1456
f 2541/1490/1457 790/473/471 791/471/469
f 534/1494/1337 791/471/469 93/469/467
f 535/1495/1335 2541/1490/1457 534/1494/1337
f 536/1492/1334 2538/1486/1453 535/1495/1335
f 2544/1496/1460 2548/1497/1461 2547/1498/1462
f 2546/1499/1463 2548/1497/1461 2545/1500/1464
f 2547/1498/1462 2551/1501/1465 2550/1502/1466
f 2549/1503/1467 2551/1501/1465 2548/1497/1461
f 54/1504/993 2544/1496/1460 530/1505/1349
f 602/1506/992 2545/1500/1464 2544/1496/1460
f 600/1507/990 2545/1500/1464 601/1001/991
f 53/1508/872 2546/1499/1463 600/1507/990
f 711/1509/1393 2549/1503/1467 2546/1499/1463
f 712/1510/1399 2552/1511/1468 2549/1503/1467
f 713/1512/1398 792/1513/446 2552/1511/1468
f 2552/1511/1468 793/449/447 2551/1501/1465
f 2550/1502/1466 793/449/447 794/1514/445
f 528/1515/1352 794/1514/445 92/1516/443
f 529/1517/1350 2550/1502/1466 528/1515/1352
f 530/1505/1349 2547/1498/1462 529/1517/1350
f 2553/1518/1469 2557/1519/1470 2556/1520/1471
f 2555/1521/1472 2557/1519/1470 2554/1522/1473
f 2556/1520/1471 2560/1523/1474 2559/1524/1475
f 2558/1525/1476 2560/1523/1474 2557/1519/1470
f 52/1019/1009 2553/1518/1469 524/1390/1364
f 605/1018/1008 2554/1522/1473 2553/1518/1469
f 603/1016/1006 2554/1522/1473 604/1017/1007
f 51/898/892 2555/1521/1472 603/1016/1006
f 708/1435/1408 2558/1525/1476 2555/1521/1472
f 709/1438/1411 2561/1526/1477 2558/1525/1476
f 710/1437/1410 795/428/426 2561/1526/1477
f 2561/1526/1477 796/429/427 2560/1523/1474
f 2559/1524/1475 796/429/427 797/427/425
f 522/1393/1367 797/427/425 91/425/423
f 523/1391/1365 2559/1524/1475 522/1393/1367
f 524/1390/1364 2556/1520/1471 523/1391/1365
f 2562/1527/1478 2566/1528/1479 2565/1529/1480
f 2564/1530/1481 2566/1528/1479 2563/1531/1482
f 2565/1529/1480 2569/1532/1483 2568/1533/1484
f 2567/1534/1485 2569/1532/1483 2566/1528/1479
f 50/1035/1025 2562/1527/1478 518/1405/1379
f 608/1034/1024 2563/1531/1482 2562/1527/1478
f 606/1032/1022 2563/1531/1482 607/1033/1023
f 49/918/912 2564/1530/1481 606/1032/1022
f 705/1447/1420 2567/1534/1485 2564/1530/1481
f 706/1450/1423 2570/1535/1486 2567/1534/1485
f 707/1449/1422 798/380/378 2570/1535/1486
f 2570/1535/1486 799/381/379 2569/1532/1483
f 2568/1533/1484 799/381/379 800/379/377
f 516/1408/1382 800/379/377 90/377/375
f 517/1406/1380 2568/1533/1484 516/1408/1382
f 518/1405/1379 2565/1529/1480 517/1406/1380
f 2571/1536/1487 2575/1537/1488 2574/1538/1489
f 2573/1539/1490 2575/1537/1488 2572/1540/1491
f 2574/1538/1489 2578/1541/1492 2577/1542/1493
f 2576/1543/1494 2578/1541/1492 2575/1537/1488
f 9/1544/1495 2571/1536/1487 470/1545/1496
f 312/1546/1497 2572/1540/1491 2571/1536/1487
f 314/1547/1498 2572/1540/1491 313/1548/1499
f 314/1547/1498 822/1549/1500 2573/1539/1490
f 822/1549/1500 2576/1543/1494 2573/1539/1490
f 823/1550/1501 2579/1551/1502 2576/1543/1494
f 824/1552/1503 849/1029/1019 2579/1551/1502
f 2579/1551/1502 850/1030/1020 2578/1541/1492
f 2577/1542/1493 850/1030/1020 851/1028/1018
f 468/1553/1504 851/1028/1018 97/845/839
f 469/1554/1505 2577/1542/1493 468/1553/1504
f 470/1545/1496 2574/1538/1489 469/1554/1505
f 2580/1555/1506 2584/1556/1507 2583/1557/1508
f 2582/1558/1509 2584/1556/1507 2581/1559/1510
f 2583/1557/1508 2587/1560/1511 2586/1561/1512
f 2585/1562/1513 2587/1560/1511 2584/1556/1507
f 19/1563/1514 2580/1555/1506 476/1564/1515
f 357/1565/1516 2581/1559/1510 2580/1555/1506
f 359/1566/1517 2581/1559/1510 358/1567/1518
f 359/1566/1517 825/1568/1519 2582/1558/1509
f 825/1568/1519 2585/1562/1513 2582/1558/1509
f 826/1569/1520 2588/1570/1521 2585/1562/1513
f 827/1571/1522 852/1013/1003 2588/1570/1521
f 2588/1570/1521 853/1014/1004 2587/1560/1511
f 2586/1561/1512 853/1014/1004 854/1012/1002
f 474/1572/1523 854/1012/1002 98/821/815
f 475/1573/1524 2586/1561/1512 474/1572/1523
f 476/1564/1515 2583/1557/1508 475/1573/1524
f 2589/1574/1525 2593/1575/1526 2592/1576/1527
f 2591/1577/1528 2593/1575/1526 2590/1578/1529
f 2592/1576/1527 2596/1579/1530 2595/1580/1531
f 2594/1581/1532 2596/1579/1530 2593/1575/1526
f 29/1582/1533 2589/1574/1525 482/1583/1534
f 402/1584/1535 2590/1578/1529 2589/1574/1525
f 404/1585/1536 2590/1578/1529 403/1586/1537
f 404/1585/1536 828/1587/1538 2591/1577/1528
f 828/1587/1538 2594/1581/1532 2591/1577/1528
f 829/1588/1539 2597/1589/1540 2594/1581/1532
f 830/1590/1541 855/997/987 2597/1589/1540
f 2597/1589/1540 856/998/988 2596/1579/1530
f 2595/1580/1531 856/998/988 857/996/986
f 480/1591/1542 857/996/986 99/797/791
f 481/1592/1543 2595/1580/1531 480/1591/1542
f 482/1583/1534 2592/1576/1527 481/1592/1543
f 2598/1593/1544 2602/1594/1545 2601/1595/1546
f 2600/1596/1547 2602/1594/1545 2599/1597/1548
f 2601/1595/1546 2605/1598/1549 2604/1599/1550
f 2603/1600/1551 2605/1598/1549 2602/1594/1545
f 5/1601/1552 2598/1593/1544 488/1602/1553
f 294/1603/1554 2599/1597/1548 2598/1593/1544
f 296/1604/1555 2599/1597/1548 295/1605/1556
f 296/1604/1555 831/1606/1557 2600/1596/1547
f 831/1606/1557 2603/1600/1551 2600/1596/1547
f 832/1607/1558 2606/1608/1559 2603/1600/1551
f 833/1609/1560 858/981/971 2606/1608/1559
f 2606/1608/1559 859/982/972 2605/1598/1549
f 2604/1599/1550 859/982/972 860/980/970
f 486/1610/1561 860/980/970 100/773/767
f 487/1611/1562 2604/1599/1550 486/1610/1561
f 488/1602/1553 2601/1595/1546 487/1611/1562
f 2607/1612/1563 2611/1613/1564 2610/1614/1565
f 2609/1615/1566 2611/1613/1564 2608/1616/1567
f 2610/1614/1565 2614/1617/1568 2613/1618/1569
f 2612/1619/1570 2614/1617/1568 2611/1613/1564
f 15/1620/1571 2607/1612/1563 494/1621/1572
f 339/1622/1573 2608/1616/1567 2607/1612/1563
f 341/1623/1574 2608/1616/1567 340/1624/1575
f 341/1623/1574 834/1625/1576 2609/1615/1566
f 834/1625/1576 2612/1619/1570 2609/1615/1566
f 835/1626/1577 2615/1627/1578 2612/1619/1570
f 836/1628/1579 861/965/955 2615/1627/1578
f 2615/1627/1578 862/966/956 2614/1617/1568
f 2613/1618/1569 862/966/956 863/964/954
f 492/1629/1580 863/964/954 101/749/743
f 493/1630/1581 2613/1618/1569 492/1629/1580
f 494/1621/1572 2610/1614/1565 493/1630/1581
f 2616/1631/1582 2620/1632/1583 2619/1633/1584
f 2618/1634/1585 2620/1632/1583 2617/1635/1586
f 2619/1633/1584 2623/1636/1587 2622/1637/1588
f 2621/1638/1589 2623/1636/1587 2620/1632/1583
f 1/1639/1590 2616/1631/1582 500/1640/1591
f 273/1641/1592 2617/1635/1586 2616/1631/1582
f 275/1642/1593 2617/1635/1586 274/1643/1594
f 275/1642/1593 837/1644/1595 2618/1634/1585
f 837/1644/1595 2621/1638/1589 2618/1634/1585
f 838/1645/1596 2624/1646/1597 2621/1638/1589
f 839/1647/1598 864/947/939 2624/1646/1597
f 2624/1646/1597 865/948/940 2623/1636/1587
f 2622/1637/1588 865/948/940 866/946/938
f 498/1648/1599 866/946/938 102/944/863
f 499/1649/1600 2622/1637/1588 498/1648/1599
f 500/1640/1591 2619/1633/1584 499/1649/1600
f 2625/1650/1601 2629/1651/1602 2628/1652/1603
f 2627/1653/1604 2629/1651/1602 2626/1654/1605
f 2628/1652/1603 2632/1655/1606 2631/1656/1607
f 2630/1657/1608 2632/1655/1606 2629/1651/1602
f 25/1658/1609 2625/1650/1601 506/1659/1610
f 384/1660/1611 2626/1654/1605 2625/1650/1601
f 386/1661/1612 2626/1654/1605 385/1662/1613
f 386/1661/1612 840/1663/1614 2627/1653/1604
f 840/1663/1614 2630/1657/1608 2627/1653/1604
f 841/1664/1615 2633/1665/1616 2630/1657/1608
f 842/1666/1617 867/929/923 2633/1665/1616
f 2633/1665/1616 868/930/924 2632/1655/1606
f 2631/1656/1607 868/930/924 869/928/922
f 504/1667/1618 869/928/922 103/725/719
f 505/1668/1619 2631/1656/1607 504/1667/1618
f 506/1659/1610 2628/1652/1603 505/1668/1619
f 2634/1669/1620 2638/1670/1621 2637/1671/1622
f 2636/1672/1623 2638/1670/1621 2635/1673/1624
f 2637/1671/1622 2641/1674/1625 2640/1675/1626
f 2639/1676/1627 2641/1674/1625 2638/1670/1621
f 321/1677/1628 822/1549/1500 11/1678/1629
f 321/1677/1628 2635/1673/1624 2634/1669/1620
f 323/1679/1630 2635/1673/1624 322/1680/1631
f 323/1679/1630 843/1681/1632 2636/1672/1623
f 843/1681/1632 2639/1676/1627 2636/1672/1623
f 844/1682/1633 2642/1683/1634 2639/1676/1627
f 845/1684/1635 870/911/905 2642/1683/1634
f 2642/1683/1634 871/912/906 2641/1674/1625
f 2640/1675/1626 871/912/906 872/910/904
f 824/1552/1503 872/910/904 104/908/902
f 823/1550/1501 2640/1675/1626 824/1552/1503
f 822/1549/1500 2637/1671/1622 823/1550/1501
f 2643/1685/1636 2647/1686/1637 2646/1687/1638
f 2645/1688/1639 2647/1686/1637 2644/1689/1640
f 2646/1687/1638 2650/1690/1641 2649/1691/1642
f 2648/1692/1643 2650/1690/1641 2647/1686/1637
f 21/1693/1644 2643/1685/1636 825/1568/1519
f 366/1694/1645 2644/1689/1640 2643/1685/1636
f 368/1695/1646 2644/1689/1640 367/1696/1647
f 368/1695/1646 846/1697/1648 2645/1688/1639
f 846/1697/1648 2648/1692/1643 2645/1688/1639
f 847/1698/1649 2651/1699/1650 2648/1692/1643
f 848/1700/1651 873/891/885 2651/1699/1650
f 2651/1699/1650 874/892/886 2650/1690/1641
f 2649/1691/1642 874/892/886 875/890/884
f 827/1571/1522 875/890/884 105/888/882
f 826/1569/1520 2649/1691/1642 827/1571/1522
f 825/1568/1519 2646/1687/1638 826/1569/1520
f 2652/1701/1652 2656/1702/1653 2655/1703/1654
f 2654/1704/1655 2656/1702/1653 2653/1705/1656
f 2655/1703/1654 2659/1706/1657 2658/1707/1658
f 2657/1708/1659 2659/1706/1657 2656/1702/1653
f 31/1709/1660 2652/1701/1652 828/1587/1538
f 411/1710/1661 2653/1705/1656 2652/1701/1652
f 413/1711/1662 2653/1705/1656 412/1712/1663
f 413/1711/1662 500/1713/1591 2654/1704/1655
f 500/1713/1591 2657/1708/1659 2654/1704/1655
f 499/1714/1600 2660/1715/1664 2657/1708/1659
f 498/1716/1599 876/867/861 2660/1715/1664
f 2660/1715/1664 877/1717/862 2659/1706/1657
f 2658/1707/1658 877/1717/862 878/866/860
f 830/1590/1541 878/866/860 106/864/858
f 829/1588/1539 2658/1707/1658 830/1590/1541
f 828/1587/1538 2655/1703/1654 829/1588/1539
f 2661/1718/1665 2665/1719/1666 2664/1720/1667
f 2663/1721/1668 2665/1719/1666 2662/1722/1669
f 2664/1720/1667 2668/1723/1670 2667/1724/1671
f 2666/1725/1672 2668/1723/1670 2665/1719/1666
f 7/1726/1673 2661/1718/1665 831/1606/1557
f 303/1727/1674 2662/1722/1669 2661/1718/1665
f 305/1728/1675 2662/1722/1669 304/1729/1676
f 305/1728/1675 470/1545/1496 2663/1721/1668
f 470/1545/1496 2666/1725/1672 2663/1721/1668
f 469/1554/1505 2669/1730/1677 2666/1725/1672
f 468/1553/1504 879/843/837 2669/1730/1677
f 2669/1730/1677 880/844/838 2668/1723/1670
f 2667/1724/1671 880/844/838 881/842/836
f 833/1609/1560 881/842/836 107/840/834
f 832/1607/1558 2667/1724/1671 833/1609/1560
f 831/1606/1557 2664/1720/1667 832/1607/1558
f 2670/1731/1678 2674/1732/1679 2673/1733/1680
f 2672/1734/1681 2674/1732/1679 2671/1735/1682
f 2673/1733/1680 2677/1736/1683 2676/1737/1684
f 2675/1738/1685 2677/1736/1683 2674/1732/1679
f 17/1739/1686 2670/1731/1678 834/1625/1576
f 348/1740/1687 2671/1735/1682 2670/1731/1678
f 350/1741/1688 2671/1735/1682 349/1742/1689
f 350/1741/1688 476/1564/1515 2672/1734/1681
f 476/1564/1515 2675/1738/1685 2672/1734/1681
f 475/1573/1524 2678/1743/1690 2675/1738/1685
f 474/1572/1523 882/819/813 2678/1743/1690
f 2678/1743/1690 883/820/814 2677/1736/1683
f 2676/1737/1684 883/820/814 884/818/812
f 836/1628/1579 884/818/812 108/816/810
f 835/1626/1577 2676/1737/1684 836/1628/1579
f 834/1625/1576 2673/1733/1680 835/1626/1577
f 2679/1744/1691 2683/1745/1692 2682/1746/1693
f 2681/1747/1694 2683/1745/1692 2680/1748/1695
f 2682/1746/1693 2686/1749/1696 2685/1750/1697
f 2684/1751/1698 2686/1749/1696 2683/1745/1692
f 27/1752/1699 2679/1744/1691 840/1663/1614
f 393/1753/1700 2680/1748/1695 2679/1744/1691
f 395/1754/1701 2680/1748/1695 394/1755/1702
f 395/1754/1701 482/1583/1534 2681/1747/1694
f 482/1583/1534 2684/1751/1698 2681/1747/1694
f 481/1592/1543 2687/1756/1703 2684/1751/1698
f 480/1591/1542 885/795/789 2687/1756/1703
f 2687/1756/1703 886/796/790 2686/1749/1696
f 2685/1750/1697 886/796/790 887/794/788
f 842/1666/1617 887/794/788 110/792/786
f 841/1664/1615 2685/1750/1697 842/1666/1617
f 840/1663/1614 2682/1746/1693 841/1664/1615
f 2688/1757/1704 2692/1758/1705 2691/1759/1706
f 2690/1760/1707 2692/1758/1705 2689/1761/1708
f 2691/1759/1706 2695/1762/1709 2694/1763/1710
f 2693/1764/1711 2695/1762/1709 2692/1758/1705
f 3/1765/1712 2688/1757/1704 837/1644/1595
f 285/1766/1713 2689/1761/1708 2688/1757/1704
f 287/1767/1714 2689/1761/1708 286/1768/1715
f 287/1767/1714 488/1602/1553 2690/1760/1707
f 488/1602/1553 2693/1764/1711 2690/1760/1707
f 487/1611/1562 2696/1769/1716 2693/1764/1711
f 486/1610/1561 888/771/765 2696/1769/1716
f 2696/1769/1716 889/772/766 2695/1762/1709
f 2694/1763/1710 889/772/766 890/770/764
f 839/1647/1598 890/770/764 109/768/762
f 838/1645/1596 2694/1763/1710 839/1647/1598
f 837/1644/1595 2691/1759/1706 838/1645/1596
f 2697/1770/1717 2701/1771/1718 2700/1772/1719
f 2699/1773/1720 2701/1771/1718 2698/1774/1721
f 2700/1772/1719 2704/1775/1722 2703/1776/1723
f 2702/1777/1724 2704/1775/1722 2701/1771/1718
f 13/1778/1725 2697/1770/1717 843/1681/1632
f 330/1779/1726 2698/1774/1721 2697/1770/1717
f 332/1780/1727 2698/1774/1721 331/1781/1728
f 332/1780/1727 494/1621/1572 2699/1773/1720
f 494/1621/1572 2702/1777/1724 2699/1773/1720
f 493/1630/1581 2705/1782/1729 2702/1777/1724
f 492/1629/1580 891/747/741 2705/1782/1729
f 2705/1782/1729 892/748/742 2704/1775/1722
f 2703/1776/1723 892/748/742 893/746/740
f 845/1684/1635 893/746/740 111/744/738
f 844/1682/1633 2703/1776/1723 845/1684/1635
f 843/1681/1632 2700/1772/1719 844/1682/1633
f 2706/1783/1730 2710/1784/1731 2709/1785/1732
f 2708/1786/1733 2710/1784/1731 2707/1787/1734
f 2709/1785/1732 2713/1788/1735 2712/1789/1736
f 2711/1790/1737 2713/1788/1735 2710/1784/1731
f 23/1791/1738 2706/1783/1730 846/1697/1648
f 375/1792/1739 2707/1787/1734 2706/1783/1730
f 377/1793/1740 2707/1787/1734 376/1794/1741
f 377/1793/1740 506/1659/1610 2708/1786/1733
f 506/1659/1610 2711/1790/1737 2708/1786/1733
f 505/1668/1619 2714/1795/1742 2711/1790/1737
f 504/1667/1618 894/723/717 2714/1795/1742
f 2714/1795/1742 895/724/718 2713/1788/1735
f 2712/1789/1736 895/724/718 896/722/716
f 848/1700/1651 896/722/716 112/720/714
f 847/1698/1649 2712/1789/1736 848/1700/1651
f 846/1697/1648 2709/1785/1732 847/1698/1649
f 2715/1796/1743 2719/1797/1744 2718/1798/1745
f 2716/1799/1746 2720/1800/1747 2719/1797/1744
f 2719/1797/1744 2721/1801/1748 2718/1798/1745
f 2720/1800/1747 2722/1802/1749 2719/1797/1744
f 1373/1803/1750 1422/1804/1751 207/1805/1752
f 1373/1803/1750 2716/1799/1746 2715/1796/1743
f 1372/1806/1753 2717/1807/1754 2716/1799/1746
f 1371/1808/1755 945/1809/1756 2717/1807/1754
f 2717/1807/1754 946/1810/1757 2720/1800/1747
f 946/1810/1757 2723/1811/1758 2720/1800/1747
f 947/1812/1759 899/1813/1760 2723/1811/1758
f 2723/1811/1758 898/1814/1761 2722/1802/1749
f 2722/1802/1749 897/1815/1762 2721/1801/1748
f 2721/1801/1748 208/1816/1763 1424/1817/1764
f 1423/1818/1765 2721/1801/1748 1424/1817/1764
f 1422/1804/1751 2718/1798/1745 1423/1818/1765
f 2725/1819/1766 2727/1820/1767 2724/1821/1768
f 2725/1819/1766 2729/1822/1769 2728/1823/1770
f 2727/1820/1767 2731/1824/1771 2730/1825/1772
f 2729/1822/1769 2731/1824/1771 2728/1823/1770
f 1370/1826/1773 1419/1827/1774 206/1828/1775
f 1370/1826/1773 2725/1819/1766 2724/1821/1768
f 1369/1829/1776 2726/1830/1777 2725/1819/1766
f 1368/1831/1778 948/1832/1779 2726/1830/1777
f 2726/1830/1777 949/1833/1780 2729/1822/1769
f 949/1833/1780 2732/1834/1781 2729/1822/1769
f 950/1835/1782 1371/1808/1755 2732/1834/1781
f 2732/1834/1781 1372/1806/1753 2731/1824/1771
f 2731/1824/1771 1373/1803/1750 2730/1825/1772
f 2730/1825/1772 207/1805/1752 1421/1836/1783
f 1420/1837/1784 2730/1825/1772 1421/1836/1783
f 2724/1821/1768 1420/1837/1784 1419/1827/1774
f 2733/1838/1785 2737/1839/1786 2736/1840/1787
f 2734/1841/1788 2738/1842/1789 2737/1839/1786
f 2736/1840/1787 2740/1843/1790 2739/1844/1791
f 2738/1842/1789 2740/1843/1790 2737/1839/1786
f 1367/1845/1792 1416/1846/1793 205/1847/1794
f 1366/1848/1795 2733/1838/1785 1367/1845/1792
f 1366/1848/1795 2735/1849/1796 2734/1841/1788
f 1365/1850/1797 951/1851/1798 2735/1849/1796
f 2735/1849/1796 952/1852/1799 2738/1842/1789
f 952/1852/1799 2741/1853/1800 2738/1842/1789
f 953/1854/1801 1368/1831/1778 2741/1853/1800
f 2741/1853/1800 1369/1829/1776 2740/1843/1790
f 2740/1843/1790 1370/1826/1773 2739/1844/1791
f 2739/1844/1791 206/1828/1775 1418/1855/1802
f 1417/1856/1803 2739/1844/1791 1418/1855/1802
f 2733/1838/1785 1417/1856/1803 1416/1846/1793
f 2743/1857/1804 2745/1858/1805 2742/1859/1806
f 2743/1857/1804 2747/1860/1807 2746/1861/1808
f 2745/1858/1805 2749/1862/1809 2748/1863/1810
f 2747/1860/1807 2749/1862/1809 2746/1861/1808
f 204/1864/1811 2742/1859/1806 1413/1865/1812
f 1364/1866/1813 2743/1857/1804 2742/1859/1806
f 1363/1867/1814 2744/1868/1815 2743/1857/1804
f 1362/1869/1816 954/1870/1817 2744/1868/1815
f 2744/1868/1815 955/1871/1818 2747/1860/1807
f 955/1871/1818 2750/1872/1819 2747/1860/1807
f 956/1873/1820 1365/1850/1797 2750/1872/1819
f 2750/1872/1819 1366/1848/1795 2749/1862/1809
f 2749/1862/1809 1367/1845/1792 2748/1863/1810
f 2748/1863/1810 205/1847/1794 1415/1874/1821
f 1414/1875/1822 2748/1863/1810 1415/1874/1821
f 2742/1859/1806 1414/1875/1822 1413/1865/1812
f 2752/1876/1823 2754/1877/1824 2751/1878/1825
f 2752/1876/1823 2756/1879/1826 2755/1880/1827
f 2754/1877/1824 2758/1881/1828 2757/1882/1829
f 2756/1879/1826 2758/1881/1828 2755/1880/1827
f 203/1883/1830 2751/1878/1825 1410/1884/1831
f 1361/1885/1832 2752/1876/1823 2751/1878/1825
f 1360/1886/1833 2753/1887/1834 2752/1876/1823
f 1359/1888/1835 957/1889/1836 2753/1887/1834
f 2753/1887/1834 958/1890/1837 2756/1879/1826
f 958/1890/1837 2759/1891/1838 2756/1879/1826
f 959/1892/1839 1362/1869/1816 2759/1891/1838
f 2759/1891/1838 1363/1867/1814 2758/1881/1828
f 2758/1881/1828 1364/1866/1813 2757/1882/1829
f 2757/1882/1829 204/1864/1811 1412/1893/1840
f 1411/1894/1841 2757/1882/1829 1412/1893/1840
f 2751/1878/1825 1411/1894/1841 1410/1884/1831
f 2761/1895/1842 2763/1896/1843 2760/1897/1844
f 2761/1895/1842 2765/1898/1845 2764/1899/1846
f 2763/1896/1843 2767/1900/1847 2766/1901/1848
f 2765/1898/1845 2767/1900/1847 2764/1899/1846
f 202/1902/1849 2760/1897/1844 1407/1903/1850
f 1358/1904/1851 2761/1895/1842 2760/1897/1844
f 1357/1905/1852 2762/1906/1853 2761/1895/1842
f 1356/1907/1854 960/1908/1855 2762/1906/1853
f 2762/1906/1853 961/1909/1856 2765/1898/1845
f 961/1909/1856 2768/1910/1857 2765/1898/1845
f 962/1911/1858 1359/1888/1835 2768/1910/1857
f 2768/1910/1857 1360/1886/1833 2767/1900/1847
f 2767/1900/1847 1361/1885/1832 2766/1901/1848
f 2766/1901/1848 203/1883/1830 1409/1912/1859
f 1408/1913/1860 2766/1901/1848 1409/1912/1859
f 2760/1897/1844 1408/1913/1860 1407/1903/1850
f 2770/1914/1861 2772/1915/1862 2769/1916/1863
f 2770/1914/1861 2774/1917/1864 2773/1918/1865
f 2772/1915/1862 2776/1919/1866 2775/1920/1867
f 2774/1917/1864 2776/1919/1866 2773/1918/1865
f 201/1921/1868 2769/1916/1863 1404/1922/1869
f 1355/1923/1870 2770/1914/1861 2769/1916/1863
f 1354/1924/1871 2771/1925/1872 2770/1914/1861
f 1353/1926/1873 963/1927/1874 2771/1925/1872
f 2771/1925/1872 964/1928/1875 2774/1917/1864
f 964/1928/1875 2777/1929/1876 2774/1917/1864
f 965/1930/1877 1356/1907/1854 2777/1929/1876
f 2777/1929/1876 1357/1905/1852 2776/1919/1866
f 2776/1919/1866 1358/1904/1851 2775/1920/1867
f 2775/1920/1867 202/1902/1849 1406/1931/1878
f 1405/1932/1879 2775/1920/1867 1406/1931/1878
f 2769/1916/1863 1405/1932/1879 1404/1922/1869
f 2779/1933/1880 2781/1934/1881 2778/1935/1882
f 2779/1933/1880 2783/1936/1883 2782/1937/1884
f 2781/1934/1881 2785/1938/1885 2784/1939/1886
f 2783/1936/1883 2785/1938/1885 2782/1937/1884
f 200/1940/1887 2778/1935/1882 1401/1941/1888
f 1352/1942/1889 2779/1933/1880 2778/1935/1882
f 1351/1943/1890 2780/1944/1891 2779/1933/1880
f 1350/1945/1892 966/1946/1893 2780/1944/1891
f 2780/1944/1891 967/1947/1894 2783/1936/1883
f 967/1947/1894 2786/1948/1895 2783/1936/1883
f 968/1949/1896 1353/1926/1873 2786/1948/1895
f 2786/1948/1895 1354/1924/1871 2785/1938/1885
f 2785/1938/1885 1355/1923/1870 2784/1939/1886
f 2784/1939/1886 201/1921/1868 1403/1950/1897
f 2781/1934/1881 1403/1950/1897 1402/1951/1898
f 2778/1935/1882 1402/1951/1898 1401/1941/1888
f 2788/1952/1899 2790/1953/1900 2787/1954/1901
f 2788/1952/1899 2792/1955/1902 2791/1956/1903
f 2790/1953/1900 2794/1957/1904 2793/1958/1905
f 2792/1955/1902 2794/1957/1904 2791/1956/1903
f 199/1959/1906 2787/1954/1901 1398/1960/1907
f 1349/1961/1908 2788/1952/1899 2787/1954/1901
f 1348/1962/1909 2789/1963/1910 2788/1952/1899
f 1347/1964/1911 969/1965/1912 2789/1963/1910
f 2789/1963/1910 970/1966/1913 2792/1955/1902
f 970/1966/1913 2795/1967/1914 2792/1955/1902
f 971/1968/1915 1350/1945/1892 2795/1967/1914
f 2795/1967/1914 1351/1943/1890 2794/1957/1904
f 2794/1957/1904 1352/1942/1889 2793/1958/1905
f 2793/1958/1905 200/1940/1887 1400/1969/1916
f 1399/1970/1917 2793/1958/1905 1400/1969/1916
f 2787/1954/1901 1399/1970/1917 1398/1960/1907
f 2797/1971/1918 2799/1972/1919 2796/1973/1920
f 2797/1971/1918 2801/1974/1921 2800/1975/1922
f 2799/1972/1919 2803/1976/1923 2802/1977/1924
f 2801/1974/1921 2803/1976/1923 2800/1975/1922
f 198/1978/1925 2796/1973/1920 1395/1979/1926
f 1346/1980/1927 2797/1971/1918 2796/1973/1920
f 1345/1981/1928 2798/1982/1929 2797/1971/1918
f 1344/1983/1930 972/1984/1931 2798/1982/1929
f 2798/1982/1929 973/1985/1932 2801/1974/1921
f 973/1985/1932 2804/1986/1933 2801/1974/1921
f 974/1987/1934 1347/1964/1911 2804/1986/1933
f 2804/1986/1933 1348/1962/1909 2803/1976/1923
f 2803/1976/1923 1349/1961/1908 2802/1977/1924
f 2802/1977/1924 199/1959/1906 1397/1988/1935
f 1396/1989/1936 2802/1977/1924 1397/1988/1935
f 2796/1973/1920 1396/1989/1936 1395/1979/1926
f 2806/1990/1937 2808/1991/1938 2805/1992/1939
f 2806/1990/1937 2810/1993/1940 2809/1994/1941
f 2808/1991/1938 2812/1995/1942 2811/1996/1943
f 2810/1993/1940 2812/1995/1942 2809/1994/1941
f 197/1997/1944 2805/1992/1939 1392/1998/1945
f 1343/1999/1946 2806/1990/1937 2805/1992/1939
f 1342/2000/1947 2807/2001/1948 2806/1990/1937
f 1341/2002/1949 975/2003/1950 2807/2001/1948
f 2807/2001/1948 976/2004/1951 2810/1993/1940
f 976/2004/1951 2813/2005/1952 2810/1993/1940
f 977/2006/1953 1344/1983/1930 2813/2005/1952
f 2813/2005/1952 1345/1981/1928 2812/1995/1942
f 2812/1995/1942 1346/1980/1927 2811/1996/1943
f 2811/1996/1943 198/1978/1925 1394/2007/1954
f 1393/2008/1955 2811/1996/1943 1394/2007/1954
f 2805/1992/1939 1393/2008/1955 1392/1998/1945
f 2815/2009/1956 2817/2010/1957 2814/2011/1958
f 2815/2009/1956 2819/2012/1959 2818/2013/1960
f 2817/2010/1957 2821/2014/1961 2820/2015/1962
f 2819/2012/1959 2821/2014/1961 2818/2013/1960
f 196/2016/1963 2814/2011/1958 1389/2017/1964
f 1340/2018/1965 2815/2009/1956 2814/2011/1958
f 1339/2019/1966 2816/2020/1967 2815/2009/1956
f 1338/2021/1968 978/2022/1969 2816/2020/1967
f 2816/2020/1967 979/2023/1970 2819/2012/1959
f 979/2023/1970 2822/2024/1971 2819/2012/1959
f 980/2025/1972 1341/2002/1949 2822/2024/1971
f 2822/2024/1971 1342/2000/1947 2821/2014/1961
f 2821/2014/1961 1343/1999/1946 2820/2015/1962
f 2820/2015/1962 197/1997/1944 1391/2026/1973
f 1390/2027/1974 2820/2015/1962 1391/2026/1973
f 2814/2011/1958 1390/2027/1974 1389/2017/1964
f 2824/2028/1975 2826/2029/1976 2823/2030/1977
f 2824/2028/1975 2828/2031/1978 2827/2032/1979
f 2826/2029/1976 2830/2033/1980 2829/2034/1981
f 2828/2031/1978 2830/2033/1980 2827/2032/1979
f 195/2035/1982 2823/2030/1977 1386/2036/1983
f 1337/2037/1984 2824/2028/1975 2823/2030/1977
f 1336/2038/1985 2825/2039/1986 2824/2028/1975
f 1335/2040/1987 981/2041/1988 2825/2039/1986
f 2825/2039/1986 982/2042/1989 2828/2031/1978
f 982/2042/1989 2831/2043/1990 2828/2031/1978
f 983/2044/1991 1338/2021/1968 2831/2043/1990
f 2831/2043/1990 1339/2019/1966 2830/2033/1980
f 2830/2033/1980 1340/2018/1965 2829/2034/1981
f 2829/2034/1981 196/2016/1963 1388/2045/1992
f 1387/2046/1993 2829/2034/1981 1388/2045/1992
f 2823/2030/1977 1387/2046/1993 1386/2036/1983
f 2833/2047/1994 2835/2048/1995 2832/2049/1996
f 2833/2047/1994 2837/2050/1997 2836/2051/1998
f 2835/2048/1995 2839/2052/1999 2838/2053/2000
f 2837/2050/1997 2839/2052/1999 2836/2051/1998
f 194/2054/2001 2832/2049/1996 1383/2055/2002
f 1333/2056/2003 2832/2049/1996 1334/2057/2004
f 1333/2056/2003 2834/2058/2005 2833/2047/1994
f 1332/2059/2006 984/2060/2007 2834/2058/2005
f 2834/2058/2005 985/2061/2008 2837/2050/1997
f 985/2061/2008 2840/2062/2009 2837/2050/1997
f 986/2063/2010 1335/2040/1987 2840/2062/2009
f 2840/2062/2009 1336/2038/1985 2839/2052/1999
f 2839/2052/1999 1337/2037/1984 2838/2053/2000
f 2838/2053/2000 195/2035/1982 1385/2064/2011
f 1384/2065/2012 2838/2053/2000 1385/2064/2011
f 2832/2049/1996 1384/2065/2012 1383/2055/2002
f 2842/2066/2013 2844/2067/2014 2841/2068/2015
f 2842/2066/2013 2846/2069/2016 2845/2070/2017
f 2844/2067/2014 2848/2071/2018 2847/2072/2019
f 2846/2069/2016 2848/2071/2018 2845/2070/2017
f 193/2073/2020 2841/2068/2015 1380/2074/2021
f 1331/2075/2022 2842/2066/2013 2841/2068/2015
f 1330/2076/2023 2843/2077/2024 2842/2066/2013
f 1329/2078/2025 987/2079/2026 2843/2077/2024
f 2843/2077/2024 988/2080/2027 2846/2069/2016
f 988/2080/2027 2849/2081/2028 2846/2069/2016
f 989/2082/2029 1332/2059/2006 2849/2081/2028
f 2849/2081/2028 1333/2056/2003 2848/2071/2018
f 2848/2071/2018 1334/2057/2004 2847/2072/2019
f 2847/2072/2019 194/2054/2001 1382/2083/2030
f 1381/2084/2031 2847/2072/2019 1382/2083/2030
f 2841/2068/2015 1381/2084/2031 1380/2074/2021
f 2851/2085/2032 2853/2086/2033 2850/2087/2034
f 2851/2085/2032 2855/2088/2035 2854/2089/2036
f 2853/2086/2033 2857/2090/2037 2856/2091/2038
f 2855/2088/2035 2857/2090/2037 2854/2089/2036
f 897/2092/1762 1377/2093/2039 208/2094/1763
f 898/2095/1761 2850/2087/2034 897/2092/1762
f 898/2095/1761 2852/2096/2040 2851/2085/2032
f 899/2097/1760 990/2098/2041 2852/2096/2040
f 2852/2096/2040 991/2099/2042 2855/2088/2035
f 991/2099/2042 2858/2100/2043 2855/2088/2035
f 992/2101/2044 1329/2078/2025 2858/2100/2043
f 2858/2100/2043 1330/2076/2023 2857/2090/2037
f 2857/2090/2037 1331/2075/2022 2856/2091/2038
f 2856/2091/2038 193/2073/2020 1379/2102/2045
f 1378/2103/2046 2856/2091/2038 1379/2102/2045
f 1377/2093/2039 2853/2086/2033 1378/2103/2046
f 2859/2104/2047 2863/2105/2048 2862/2106/2049
f 2861/2107/2050 2863/2105/2048 2860/2108/2051
f 2863/2105/2048 2865/2109/2052 2862/2106/2049
f 2863/2105/2048 2867/2110/2053 2866/2111/2054
f 146/326/324 2859/2104/2047 1131/2112/2055
f 1046/325/323 2860/2108/2051 2859/2104/2047
f 1044/323/321 2860/2108/2051 1045/324/322
f 129/322/283 2861/2107/2050 1044/323/321
f 1001/2113/281 2864/2114/2056 2861/2107/2050
f 2864/2114/2056 999/2115/279 2867/2110/2053
f 2867/2110/2053 132/2116/139 1047/2117/2057
f 2866/2111/2054 1047/2117/2057 1048/2118/2058
f 2866/2111/2054 1049/2119/2059 2865/2109/2052
f 2865/2109/2052 147/2120/2060 1133/2121/2061
f 2862/2106/2049 1133/2121/2061 1132/2122/2062
f 1131/2112/2055 2862/2106/2049 1132/2122/2062
f 2868/2123/2063 2872/2124/2064 2871/2125/2065
f 2870/2126/2066 2872/2124/2064 2869/2127/2067
f 2872/2124/2064 2874/2128/2068 2871/2125/2065
f 2872/2124/2064 2876/2129/2069 2875/2130/2070
f 147/2120/2060 2868/2123/2063 1128/67/67
f 1049/2119/2059 2869/2127/2067 2868/2123/2063
f 1047/2117/2057 2869/2127/2067 1048/2118/2058
f 132/2116/139 2870/2126/2066 1047/2117/2057
f 1004/2131/137 2873/2132/2071 2870/2126/2066
f 2873/2132/2071 1002/2133/135 2876/2129/2069
f 2876/2129/2069 133/2134/2072 1050/2135/2073
f 2875/2130/2070 1050/2135/2073 1051/2136/2074
f 2875/2130/2070 1052/2137/2075 2874/2128/2068
f 2874/2128/2068 148/71/71 1130/69/69
f 2871/2125/2065 1130/69/69 1129/68/68
f 1128/67/67 2871/2125/2065 1129/68/68
f 2877/2138/2076 2881/2139/2077 2880/2140/2078
f 2879/2141/2079 2881/2139/2077 2878/2142/2080
f 2881/2139/2077 2883/2143/2081 2880/2140/2078
f 2881/2139/2077 2885/2144/2082 2884/2145/2083
f 148/71/71 2877/2138/2076 1125/111/111
f 1052/2137/2075 2878/2142/2080 2877/2138/2076
f 1050/2135/2073 2878/2142/2080 1051/2136/2074
f 133/2134/2072 2879/2141/2079 1050/2135/2073
f 1007/2146/2084 2882/2147/2085 2879/2141/2079
f 2882/2147/2085 1005/2148/2086 2885/2144/2082
f 2885/2144/2082 134/2149/2087 1053/2150/2088
f 2884/2145/2083 1053/2150/2088 1054/2151/2089
f 2884/2145/2083 1055/2152/2090 2883/2143/2081
f 2883/2143/2081 149/115/115 1127/113/113
f 2880/2140/2078 1127/113/113 1126/112/112
f 1125/111/111 2880/2140/2078 1126/112/112
f 2886/2153/2091 2890/2154/2092 2889/2155/2093
f 2888/2156/2094 2890/2154/2092 2887/2157/2095
f 2890/2154/2092 2892/2158/2096 2889/2155/2093
f 2890/2154/2092 2894/2159/2097 2893/2160/2098
f 149/115/115 2886/2153/2091 1122/155/155
f 1055/2152/2090 2887/2157/2095 2886/2153/2091
f 1053/2150/2088 2887/2157/2095 1054/2151/2089
f 134/2149/2087 2888/2156/2094 1053/2150/2088
f 1010/2161/2099 2891/2162/2100 2888/2156/2094
f 2891/2162/2100 1008/2163/2101 2894/2159/2097
f 2894/2159/2097 135/2164/365 1056/2165/2102
f 2893/2160/2098 1056/2165/2102 1057/2166/2103
f 2893/2160/2098 1058/2167/2104 2892/2158/2096
f 2892/2158/2096 150/159/159 1124/157/157
f 2889/2155/2093 1124/157/157 1123/156/156
f 1122/155/155 2889/2155/2093 1123/156/156
f 2895/2168/2105 2899/2169/2106 2898/2170/2107
f 2897/2171/2108 2899/2169/2106 2896/2172/2109
f 2899/2169/2106 2901/2173/2110 2898/2170/2107
f 2899/2169/2106 2903/2174/2111 2902/2175/2112
f 150/159/159 2895/2168/2105 1119/219/219
f 1058/2167/2104 2896/2172/2109 2895/2168/2105
f 1056/2165/2102 2896/2172/2109 1057/2166/2103
f 135/2164/365 2897/2171/2108 1056/2165/2102
f 1013/2176/363 2900/2177/2113 2897/2171/2108
f 2900/2177/2113 1011/2178/361 2903/2174/2111
f 2903/2174/2111 136/2179/203 1059/2180/2114
f 2902/2175/2112 1059/2180/2114 1060/2181/2115
f 2902/2175/2112 1061/2182/2116 2901/2173/2110
f 2901/2173/2110 151/223/223 1121/221/221
f 2898/2170/2107 1121/221/221 1120/2183/220
f 1119/219/219 2898/2170/2107 1120/2183/220
f 2904/2184/2117 2908/2185/2118 2907/2186/2119
f 2906/2187/2120 2908/2185/2118 2905/2188/2121
f 2908/2185/2118 2910/2189/2122 2907/2186/2119
f 2908/2185/2118 2912/2190/2123 2911/2191/2124
f 151/223/223 2904/2184/2117 1116/259/259
f 1061/2182/2116 2905/2188/2121 2904/2184/2117
f 1059/2180/2114 2905/2188/2121 1060/2181/2115
f 136/2179/203 2906/2187/2120 1059/2180/2114
f 1016/2192/201 2909/2193/2125 2906/2187/2120
f 2909/2193/2125 1014/2194/199 2912/2190/2123
f 2912/2190/2123 137/2195/23 1062/2196/2126
f 2911/2191/2124 1062/2196/2126 1063/2197/2127
f 2911/2191/2124 1064/2198/2128 2910/2189/2122
f 2910/2189/2122 152/263/263 1118/261/261
f 2907/2186/2119 1118/261/261 1117/260/260
f 1116/259/259 2907/2186/2119 1117/260/260
f 2913/2199/2129 2917/2200/2130 2916/2201/2131
f 2915/2202/2132 2917/2200/2130 2914/2203/2133
f 2917/2200/2130 2919/2204/2134 2916/2201/2131
f 2917/2200/2130 2921/2205/2135 2920/2206/2136
f 152/263/263 2913/2199/2129 1113/299/299
f 1064/2198/2128 2914/2203/2133 2913/2199/2129
f 1062/2196/2126 2914/2203/2133 1063/2197/2127
f 137/2195/23 2915/2202/2132 1062/2196/2126
f 1019/2207/21 2918/2208/2137 2915/2202/2132
f 2918/2208/2137 1017/2209/19 2921/2205/2135
f 2921/2205/2135 138/2210/2138 1065/2211/2139
f 2920/2206/2136 1065/2211/2139 1066/2212/2140
f 2920/2206/2136 1067/2213/2141 2919/2204/2134
f 2919/2204/2134 153/303/303 1115/301/301
f 2916/2201/2131 1115/301/301 1114/300/300
f 1113/299/299 2916/2201/2131 1114/300/300
f 2922/2214/2142 2926/2215/2143 2925/2216/2144
f 2924/2217/2145 2926/2215/2143 2923/2218/2146
f 2926/2215/2143 2928/2219/2147 2925/2216/2144
f 2926/2215/2143 2930/2220/2148 2929/2221/2149
f 153/303/303 2922/2214/2142 1110/2222/2150
f 1067/2213/2141 2923/2218/2146 2922/2214/2142
f 1065/2211/2139 2923/2218/2146 1066/2212/2140
f 138/2210/2138 2924/2217/2145 1065/2211/2139
f 1022/2223/2151 2927/2224/2152 2924/2217/2145
f 2927/2224/2152 1020/2225/2153 2930/2220/2148
f 2930/2220/2148 139/2226/2154 1068/2227/2155
f 2929/2221/2149 1068/2227/2155 1069/2228/2156
f 2929/2221/2149 1070/2229/2157 2928/2219/2147
f 2928/2219/2147 154/2230/2158 1112/2231/2159
f 2925/2216/2144 1112/2231/2159 1111/2232/2160
f 1110/2222/2150 2925/2216/2144 1111/2232/2160
f 2931/2233/2161 2935/2234/2162 2934/2235/2163
f 2933/2236/2164 2935/2234/2162 2932/2237/2165
f 2935/2234/2162 2937/2238/2166 2934/2235/2163
f 2935/2234/2162 2939/2239/2167 2938/2240/2168
f 154/2230/2158 2931/2233/2161 1107/2241/2169
f 1070/2229/2157 2932/2237/2165 2931/2233/2161
f 1068/2227/2155 2932/2237/2165 1069/2228/2156
f 139/2226/2154 2933/2236/2164 1068/2227/2155
f 1025/2242/2170 2936/2243/2171 2933/2236/2164
f 2936/2243/2171 1023/2244/2172 2939/2239/2167
f 2939/2239/2167 140/2245/243 1071/2246/2173
f 2938/2240/2168 1071/2246/2173 1072/2247/2174
f 2938/2240/2168 1073/2248/2175 2937/2238/2166
f 2937/2238/2166 155/2249/2176 1109/2250/2177
f 2934/2235/2163 1109/2250/2177 1108/2251/2178
f 1107/2241/2169 2934/2235/2163 1108/2251/2178
f 2940/2252/2179 2944/2253/2180 2943/2254/2181
f 2942/2255/2182 2944/2253/2180 2941/2256/2183
f 2944/2253/2180 2946/2257/2184 2943/2254/2181
f 2944/2253/2180 2948/2258/2185 2947/2259/2186
f 155/2249/2176 2940/2252/2179 1104/2260/2187
f 1073/2248/2175 2941/2256/2183 2940/2252/2179
f 1071/2246/2173 2941/2256/2183 1072/2247/2174
f 140/2245/243 2942/2255/2182 1071/2246/2173
f 1028/2261/241 2945/2262/2188 2942/2255/2182
f 2945/2262/2188 1026/2263/239 2948/2258/2185
f 2948/2258/2185 141/2264/95 1074/2265/2189
f 2947/2259/2186 1074/2265/2189 1075/2266/2190
f 2947/2259/2186 1076/2267/2191 2946/2257/2184
f 2946/2257/2184 156/2268/2192 1106/2269/2193
f 2943/2254/2181 1106/2269/2193 1105/2270/2194
f 1104/2260/2187 2943/2254/2181 1105/2270/2194
f 2949/2271/2195 2953/2272/2196 2952/2273/2197
f 2951/2274/2198 2953/2272/2196 2950/2275/2199
f 2953/2272/2196 2955/2276/2200 2952/2273/2197
f 2953/2272/2196 2957/2277/2201 2956/2278/2202
f 156/2268/2192 2949/2271/2195 1101/2279/2203
f 1076/2267/2191 2950/2275/2199 2949/2271/2195
f 1074/2265/2189 2950/2275/2199 1075/2266/2190
f 141/2264/95 2951/2274/2198 1074/2265/2189
f 1031/2280/93 2954/2281/2204 2951/2274/2198
f 2954/2281/2204 1029/2282/91 2957/2277/2201
f 2957/2277/2201 142/2283/2205 1077/2284/2206
f 2956/2278/2202 1077/2284/2206 1078/2285/2207
f 2956/2278/2202 1079/2286/2208 2955/2276/2200
f 2955/2276/2200 157/2287/2209 1103/2288/2210
f 2952/2273/2197 1103/2288/2210 1102/2289/2211
f 1101/2279/2203 2952/2273/2197 1102/2289/2211
f 2958/2290/2212 2962/2291/2213 2961/2292/2214
f 2960/2293/2215 2962/2291/2213 2959/2294/2216
f 2962/2291/2213 2964/2295/2217 2961/2292/2214
f 2962/2291/2213 2966/2296/2218 2965/2297/2219
f 157/2287/2209 2958/2290/2212 1098/2298/2220
f 1079/2286/2208 2959/2294/2216 2958/2290/2212
f 1077/2284/2206 2959/2294/2216 1078/2285/2207
f 142/2283/2205 2960/2293/2215 1077/2284/2206
f 1034/2299/2221 2963/2300/2222 2960/2293/2215
f 2963/2300/2222 1032/2301/2223 2966/2296/2218
f 2966/2296/2218 143/2302/2224 1080/2303/2225
f 2965/2297/2219 1080/2303/2225 1081/2304/2226
f 2965/2297/2219 1082/2305/2227 2964/2295/2217
f 2964/2295/2217 158/2306/2228 1100/2307/2229
f 2961/2292/2214 1100/2307/2229 1099/2308/2230
f 1098/2298/2220 2961/2292/2214 1099/2308/2230
f 2967/2309/2231 2971/2310/2232 2970/2311/2233
f 2969/2312/2234 2971/2310/2232 2968/2313/2235
f 2971/2310/2232 2973/2314/2236 2970/2311/2233
f 2971/2310/2232 2975/2315/2237 2974/2316/2238
f 158/2306/2228 2967/2309/2231 1095/2317/2239
f 1082/2305/2227 2968/2313/2235 2967/2309/2231
f 1080/2303/2225 2968/2313/2235 1081/2304/2226
f 143/2302/2224 2969/2312/2234 1080/2303/2225
f 1037/2318/2240 2972/2319/2241 2969/2312/2234
f 2972/2319/2241 1035/2320/2242 2975/2315/2237
f 2975/2315/2237 144/2321/345 1083/2322/2243
f 2974/2316/2238 1083/2322/2243 1084/2323/2244
f 2974/2316/2238 1085/2324/2245 2973/2314/2236
f 2973/2314/2236 159/2325/2246 1097/2326/2247
f 2970/2311/2233 1097/2326/2247 1096/2327/2248
f 1095/2317/2239 2970/2311/2233 1096/2327/2248
f 2976/2328/2249 2980/2329/2250 2979/2330/2251
f 2978/2331/2252 2980/2329/2250 2977/2332/2253
f 2980/2329/2250 2982/2333/2254 2979/2330/2251
f 2980/2329/2250 2984/2334/2255 2983/2335/2256
f 159/2325/2246 2976/2328/2249 1092/2336/2257
f 1085/2324/2245 2977/2332/2253 2976/2328/2249
f 1083/2322/2243 2977/2332/2253 1084/2323/2244
f 144/2321/345 2978/2331/2252 1083/2322/2243
f 1040/2337/343 2981/2338/2258 2978/2331/2252
f 2981/2338/2258 1038/2339/341 2984/2334/2255
f 2984/2334/2255 145/2340/183 1086/2341/2259
f 2983/2335/2256 1086/2341/2259 1087/2342/2260
f 2983/2335/2256 1088/2343/2261 2982/2333/2254
f 2982/2333/2254 160/2344/2262 1094/2345/2263
f 2979/2330/2251 1094/2345/2263 1093/2346/2264
f 1092/2336/2257 2979/2330/2251 1093/2346/2264
f 2985/2347/2265 2989/2348/2266 2988/2349/2267
f 2987/2350/2268 2989/2348/2266 2986/2351/2269
f 2989/2348/2266 2991/2352/2270 2988/2349/2267
f 2989/2348/2266 2993/2353/2271 2992/2354/2272
f 160/2344/2262 2985/2347/2265 1089/43/43
f 1088/2343/2261 2986/2351/2269 2985/2347/2265
f 1086/2341/2259 2986/2351/2269 1087/2342/2260
f 145/2340/183 2987/2350/2268 1086/2341/2259
f 1043/2355/181 2990/2356/2273 2987/2350/2268
f 2990/2356/2273 1041/2357/179 2993/2353/2271
f 2993/2353/2271 130/2358/317 998/2359/315
f 2992/2354/2272 998/2359/315 997/2360/316
f 2992/2354/2272 996/2361/314 2991/2352/2270
f 2991/2352/2270 131/47/47 1091/45/45
f 2988/2349/2267 1091/45/45 1090/44/44
f 1089/43/43 2988/2349/2267 1090/44/44
f 2994/2362/2274 2998/2363/2275 2997/2364/2276
f 2996/2365/2277 2998/2363/2275 2995/2366/2278
f 2997/2364/2276 3001/2367/2279 3000/2368/2280
f 2999/2369/2281 3001/2367/2279 2998/2363/2275
f 215/2370/62 2994/2362/2274 1143/2371/63
f 1499/2372/2282 2995/2366/2278 2994/2362/2274
f 1497/2373/2283 2995/2366/2278 1498/2374/2284
f 218/2375/2285 2996/2365/2277 1497/2373/2283
f 1155/2376/2286 2999/2369/2281 2996/2365/2277
f 1156/2377/2287 3002/2378/2288 2999/2369/2281
f 1157/2379/2289 1131/2380/2055 3002/2378/2288
f 3002/2378/2288 1132/2381/2062 3001/2367/2279
f 3000/2368/2280 1132/2381/2062 1133/2382/2061
f 1145/2383/66 1133/2382/2061 147/2384/2060
f 1144/2385/64 3000/2368/2280 1145/2383/66
f 1143/2371/63 2997/2364/2276 1144/2385/64
f 3003/2386/2290 3007/2387/2291 3006/2388/2292
f 3005/2389/2293 3007/2387/2291 3004/2390/2294
f 3006/2388/2292 3010/2391/2295 3009/2392/2296
f 3008/2393/2297 3010/2391/2295 3007/2387/2291
f 216/38/38 3003/2386/2290 1146/39/39
f 1496/2394/2298 3004/2390/2294 3003/2386/2290
f 1494/2395/2299 3004/2390/2294 1495/2396/2300
f 219/2397/2301 3005/2389/2293 1494/2395/2299
f 1158/2398/2302 3008/2393/2297 3005/2389/2293
f 1159/2399/2303 3011/2400/2304 3008/2393/2297
f 1160/2401/2305 1092/2336/2257 3011/2400/2304
f 3011/2400/2304 1093/2346/2264 3010/2391/2295
f 3009/2392/2296 1093/2346/2264 1094/2345/2263
f 1148/42/42 1094/2345/2263 160/2344/2262
f 1147/40/40 3009/2392/2296 1148/42/42
f 1146/39/39 3006/2388/2292 1147/40/40
f 3012/2402/2306 3016/2403/2307 3015/2404/2308
f 3014/2405/2309 3016/2403/2307 3013/2406/2310
f 3015/2404/2308 3019/2407/2311 3018/2408/2312
f 3017/2409/2313 3019/2407/2311 3016/2403/2307
f 225/130/130 3012/2402/2306 279/131/131
f 1589/2410/2314 3013/2406/2310 3012/2402/2306
f 1587/2411/2315 3013/2406/2310 1588/2412/2316
f 238/2413/2317 3014/2405/2309 1587/2411/2315
f 1161/2414/2318 3017/2409/2313 3014/2405/2309
f 1162/2415/2319 3020/2416/2320 3017/2409/2313
f 1163/2417/2321 1005/2418/2086 3020/2416/2320
f 3020/2416/2320 1006/2419/2322 3019/2407/2311
f 3018/2408/2312 1006/2419/2322 1007/2420/2084
f 281/134/134 1007/2420/2084 133/2421/2072
f 280/132/132 3018/2408/2312 281/134/134
f 279/131/131 3015/2404/2308 280/132/132
f 3021/2422/2323 3025/2423/2324 3024/2424/2325
f 3023/2425/2326 3025/2423/2324 3022/2426/2327
f 3024/2424/2325 3028/2427/2328 3027/2428/2329
f 3026/2429/2330 3028/2427/2328 3025/2423/2324
f 218/2375/2285 3021/2422/2323 1155/2376/2286
f 1493/2430/2331 3022/2426/2327 3021/2422/2323
f 1491/2431/2332 3022/2426/2327 1492/2432/2333
f 217/2433/33 3023/2425/2326 1491/2431/2332
f 1451/2434/34 3026/2429/2330 3023/2425/2326
f 1450/2435/48 3029/2436/2334 3026/2429/2330
f 1449/2437/46 1134/314/313 3029/2436/2334
f 3029/2436/2334 1135/328/326 3028/2427/2328
f 3027/2428/2329 1135/328/326 1136/327/325
f 1157/2379/2289 1136/327/325 146/326/324
f 1156/2377/2287 3027/2428/2329 1157/2379/2289
f 1155/2376/2286 3024/2424/2325 1156/2377/2287
f 3030/2438/2335 3034/2439/2336 3033/2440/2337
f 3032/2441/2338 3034/2439/2336 3031/2442/2339
f 3033/2440/2337 3037/2443/2340 3036/2444/2341
f 3035/2445/2342 3037/2443/2340 3034/2439/2336
f 236/86/86 3030/2438/2335 1140/87/87
f 1586/2446/2343 3031/2442/2339 3030/2438/2335
f 1584/2447/2344 3031/2442/2339 1585/2448/2345
f 239/2449/2346 3032/2441/2338 1584/2447/2344
f 1164/2450/2347 3035/2445/2342 3032/2441/2338
f 1165/2451/2348 3038/2452/2349 3035/2445/2342
f 1166/2453/2350 1032/2454/2223 3038/2452/2349
f 3038/2452/2349 1033/2455/2351 3037/2443/2340
f 3036/2444/2341 1033/2455/2351 1034/2456/2221
f 1142/90/90 1034/2456/2221 142/2457/2205
f 1141/88/88 3036/2444/2341 1142/90/90
f 1140/87/87 3033/2440/2337 1141/88/88
f 3039/2458/2352 3043/2459/2353 3042/2460/2354
f 3041/2461/2355 3043/2459/2353 3040/2462/2356
f 3042/2460/2354 3046/2463/2357 3045/2464/2358
f 3044/2465/2359 3046/2463/2357 3043/2459/2353
f 219/2397/2301 3039/2458/2352 1158/2398/2302
f 1490/2466/2360 3040/2462/2356 3039/2458/2352
f 1488/2467/2361 3040/2462/2356 1489/2468/2362
f 220/2469/2363 3041/2461/2355 1488/2467/2361
f 1167/2470/2364 3044/2465/2359 3041/2461/2355
f 1168/2471/2365 3047/2472/2366 3044/2465/2359
f 1169/2473/2367 1095/2317/2239 3047/2472/2366
f 3047/2472/2366 1096/2327/2248 3046/2463/2357
f 3045/2464/2358 1096/2327/2248 1097/2326/2247
f 1160/2401/2305 1097/2326/2247 159/2325/2246
f 1159/2399/2303 3045/2464/2358 1160/2401/2305
f 1158/2398/2302 3042/2460/2354 1159/2399/2303
f 3048/2474/2368 3052/2475/2369 3051/2476/2370
f 3050/2477/2371 3052/2475/2369 3049/2478/2372
f 3051/2476/2370 3055/2479/2373 3054/2480/2374
f 3053/2481/2375 3055/2479/2373 3052/2475/2369
f 220/2469/2363 3048/2474/2368 1167/2470/2364
f 1487/2482/2376 3049/2478/2372 3048/2474/2368
f 1485/2483/2377 3049/2478/2372 1486/2484/2378
f 221/2485/2379 3050/2477/2371 1485/2483/2377
f 1170/2486/2380 3053/2481/2375 3050/2477/2371
f 1171/2487/2381 3056/2488/2382 3053/2481/2375
f 1172/2489/2383 1098/2298/2220 3056/2488/2382
f 3056/2488/2382 1099/2308/2230 3055/2479/2373
f 3054/2480/2374 1099/2308/2230 1100/2307/2229
f 1169/2473/2367 1100/2307/2229 158/2306/2228
f 1168/2471/2365 3054/2480/2374 1169/2473/2367
f 1167/2470/2364 3051/2476/2370 1168/2471/2365
f 3057/2490/2384 3061/2491/2385 3060/2492/2386
f 3059/2493/2387 3061/2491/2385 3058/2494/2388
f 3060/2492/2386 3064/2495/2389 3063/2496/2390
f 3062/2497/2391 3064/2495/2389 3061/2491/2385
f 237/14/14 3057/2490/2384 1152/15/15
f 1583/2498/2392 3058/2494/2388 3057/2490/2384
f 1581/2499/2393 3058/2494/2388 1582/2500/2394
f 240/2501/2395 3059/2493/2387 1581/2499/2393
f 1173/2502/2396 3062/2497/2391 3059/2493/2387
f 1174/2503/2397 3065/2504/2398 3062/2497/2391
f 1175/2505/2399 1020/2506/2153 3065/2504/2398
f 3065/2504/2398 1021/2507/2400 3064/2495/2389
f 3063/2496/2390 1021/2507/2400 1022/2508/2151
f 1154/18/18 1022/2508/2151 138/2509/2138
f 1153/16/16 3063/2496/2390 1154/18/18
f 1152/15/15 3060/2492/2386 1153/16/16
f 3066/2510/2401 3070/2511/2402 3069/2512/2403
f 3068/2513/2404 3070/2511/2402 3067/2514/2405
f 3069/2512/2403 3073/2515/2406 3072/2516/2407
f 3071/2517/2408 3073/2515/2406 3070/2511/2402
f 221/2485/2379 3066/2510/2401 1170/2486/2380
f 1484/2518/2409 3067/2514/2405 3066/2510/2401
f 1482/2519/2410 3067/2514/2405 1483/2520/2411
f 222/2521/2412 3068/2513/2404 1482/2519/2410
f 1176/2522/2413 3071/2517/2408 3068/2513/2404
f 1177/2523/2414 3074/2524/2415 3071/2517/2408
f 1178/2525/2416 1101/2279/2203 3074/2524/2415
f 3074/2524/2415 1102/2526/2211 3073/2515/2406
f 3072/2516/2407 1102/2526/2211 1103/2288/2210
f 1172/2489/2383 1103/2288/2210 157/2287/2209
f 1171/2487/2381 3072/2516/2407 1172/2489/2383
f 1170/2486/2380 3069/2512/2403 1171/2487/2381
f 3075/2527/2417 3079/2528/2418 3078/2529/2419
f 3077/2530/2420 3079/2528/2418 3076/2531/2421
f 3078/2529/2419 3082/2532/2422 3081/2533/2423
f 3080/2534/2424 3082/2532/2422 3079/2528/2418
f 238/2413/2317 3075/2527/2417 1161/2414/2318
f 1580/2535/2425 3076/2531/2421 3075/2527/2417
f 1578/2536/2426 3076/2531/2421 1579/2537/2427
f 234/357/355 3077/2530/2420 1578/2536/2426
f 1550/358/356 3080/2534/2424 3077/2530/2420
f 1549/368/366 3083/2538/2428 3080/2534/2424
f 1548/366/364 1008/2539/2101 3083/2538/2428
f 3083/2538/2428 1009/2540/2429 3082/2532/2422
f 3081/2533/2423 1009/2540/2429 1010/2541/2099
f 1163/2417/2321 1010/2541/2099 134/2542/2087
f 1162/2415/2319 3081/2533/2423 1163/2417/2321
f 1161/2414/2318 3078/2529/2419 1162/2415/2319
f 3084/2543/2430 3088/2544/2431 3087/2545/2432
f 3086/2546/2433 3088/2544/2431 3085/2547/2434
f 3087/2545/2432 3091/2548/2435 3090/2549/2436
f 3089/2550/2437 3091/2548/2435 3088/2544/2431
f 239/2449/2346 3084/2543/2430 1164/2450/2347
f 1577/2551/2438 3085/2547/2434 3084/2543/2430
f 1575/2552/2439 3085/2547/2434 1576/2553/2440
f 232/337/335 3086/2546/2433 1575/2552/2439
f 1544/338/336 3089/2550/2437 3086/2546/2433
f 1543/348/346 3092/2554/2441 3089/2550/2437
f 1542/346/344 1035/2555/2242 3092/2554/2441
f 3092/2554/2441 1036/2556/2442 3091/2548/2435
f 3090/2549/2436 1036/2556/2442 1037/2557/2240
f 1166/2453/2350 1037/2557/2240 143/2558/2224
f 1165/2451/2348 3090/2549/2436 1166/2453/2350
f 1164/2450/2347 3087/2545/2432 1165/2451/2348
f 3093/2559/2443 3097/2560/2444 3096/2561/2445
f 3095/2562/2446 3097/2560/2444 3094/2563/2447
f 3096/2561/2445 3100/2564/2448 3099/2565/2449
f 3098/2566/2450 3100/2564/2448 3097/2560/2444
f 226/174/174 3093/2559/2443 903/175/175
f 1574/2567/2451 3094/2563/2447 3093/2559/2443
f 1572/2568/2452 3094/2563/2447 1573/2569/2453
f 230/273/273 3095/2562/2446 1572/2568/2452
f 1538/274/274 3098/2566/2450 3095/2562/2446
f 1537/284/284 3101/2570/2454 3098/2566/2450
f 1536/282/282 993/2571/320 3101/2570/2454
f 3101/2570/2454 994/2572/2455 3100/2564/2448
f 3099/2565/2449 994/2572/2455 995/2573/318
f 905/178/178 995/2573/318 130/2574/317
f 904/176/176 3099/2565/2449 905/178/178
f 903/175/175 3096/2561/2445 904/176/176
f 3102/2575/2456 3106/2576/2457 3105/2577/2458
f 3104/2578/2459 3106/2576/2457 3103/2579/2460
f 3105/2577/2458 3109/2580/2461 3108/2581/2462
f 3107/2582/2463 3109/2580/2461 3106/2576/2457
f 222/2521/2412 3102/2575/2456 1176/2522/2413
f 1481/2583/2464 3103/2579/2460 3102/2575/2456
f 1479/2584/2465 3103/2579/2460 1480/2585/2466
f 223/2586/2467 3104/2578/2459 1479/2584/2465
f 1179/2587/2468 3107/2582/2463 3104/2578/2459
f 1180/2588/2469 3110/2589/2470 3107/2582/2463
f 1181/2590/2471 1104/2260/2187 3110/2589/2470
f 3110/2589/2470 1105/2270/2194 3109/2580/2461
f 3108/2581/2462 1105/2270/2194 1106/2269/2193
f 1178/2525/2416 1106/2269/2193 156/2268/2192
f 1177/2523/2414 3108/2581/2462 1178/2525/2416
f 1176/2522/2413 3105/2577/2458 1177/2523/2414
f 3111/2591/2472 3115/2592/2473 3114/2593/2474
f 3113/2594/2475 3115/2592/2473 3112/2595/2476
f 3114/2593/2474 3118/2596/2477 3117/2597/2478
f 3116/2598/2479 3118/2596/2477 3115/2592/2473
f 240/2501/2395 3111/2591/2472 1173/2502/2396
f 1571/2599/2480 3112/2595/2476 3111/2591/2472
f 1569/2600/2481 3112/2595/2476 1570/2601/2482
f 228/233/233 3113/2594/2475 1569/2600/2481
f 1532/234/234 3116/2598/2479 3113/2594/2475
f 1531/244/244 3119/2602/2483 3116/2598/2479
f 1530/242/242 1023/2603/2172 3119/2602/2483
f 3119/2602/2483 1024/2604/2484 3118/2596/2477
f 3117/2597/2478 1024/2604/2484 1025/2605/2170
f 1175/2505/2399 1025/2605/2170 139/2606/2154
f 1174/2503/2397 3117/2597/2478 1175/2505/2399
f 1173/2502/2396 3114/2593/2474 1174/2503/2397
f 3120/2607/2485 3124/2608/2486 3123/2609/2487
f 3122/2610/2488 3124/2608/2486 3121/2611/2489
f 3123/2609/2487 3127/2612/2490 3126/2613/2491
f 3125/2614/2492 3127/2612/2490 3124/2608/2486
f 223/2586/2467 3120/2607/2485 1179/2587/2468
f 1478/2615/2493 3121/2611/2489 3120/2607/2485
f 1476/2616/2494 3121/2611/2489 1477/2617/2495
f 224/2618/2496 3122/2610/2488 1476/2616/2494
f 1182/2619/2497 3125/2614/2492 3122/2610/2488
f 1183/2620/2498 3128/2621/2499 3125/2614/2492
f 1184/2622/2500 1107/2241/2169 3128/2621/2499
f 3128/2621/2499 1108/2251/2178 3127/2612/2490
f 3126/2613/2491 1108/2251/2178 1109/2250/2177
f 1181/2590/2471 1109/2250/2177 155/2249/2176
f 1180/2588/2469 3126/2613/2491 1181/2590/2471
f 1179/2587/2468 3123/2609/2487 1180/2588/2469
f 3129/2623/2501 3133/2624/2502 3132/2625/2503
f 3131/2626/2504 3133/2624/2502 3130/2627/2505
f 3132/2625/2503 3136/2628/2506 3135/2629/2507
f 3134/2630/2508 3136/2628/2506 3133/2624/2502
f 224/2618/2496 3129/2623/2501 1182/2619/2497
f 1475/2631/2509 3130/2627/2505 3129/2623/2501
f 1473/2632/2510 3130/2627/2505 1474/2633/2511
f 212/293/293 3131/2626/2504 1473/2632/2510
f 1436/294/294 3134/2630/2508 3131/2626/2504
f 1435/304/304 3137/2634/2512 3134/2630/2508
f 1434/302/302 1110/2222/2150 3137/2634/2512
f 3137/2634/2512 1111/2232/2160 3136/2628/2506
f 3135/2629/2507 1111/2232/2160 1112/2231/2159
f 1184/2622/2500 1112/2231/2159 154/2230/2158
f 1183/2620/2498 3135/2629/2507 1184/2622/2500
f 1182/2619/2497 3132/2625/2503 1183/2620/2498
f 3140/2635/2513 3139/2636/2513 3170/2637/2513
f 3142/2638/2513 3141/2639/2513 3140/2635/2513
f 3144/2640/2513 3143/2641/2513 3142/2638/2513
f 3146/2642/2513 3145/2643/2513 3144/2640/2513
f 3148/2644/2513 3147/2645/2513 3146/2642/2513
f 3150/2646/2513 3149/2647/2513 3148/2644/2513
f 3152/2648/2513 3151/2649/2513 3150/2646/2513
f 3154/2650/2513 3153/2651/2513 3152/2648/2513
f 3156/2652/2513 3155/2653/2513 3154/2650/2513
f 3158/2654/2513 3157/2655/2513 3156/2652/2513
f 3160/2656/2513 3159/2657/2513 3158/2654/2513
f 3162/2658/2513 3161/2659/2513 3160/2656/2513
f 3164/2660/2513 3163/2661/2513 3162/2658/2513
f 3166/2662/2513 3165/2663/2513 3164/2660/2513
f 3168/2664/2513 3167/2665/2513 3166/2662/2513
f 3170/2637/2513 3169/2666/2513 3168/2664/2513
f 177/2667/2513 1233/2668/2513 3139/2636/2513
f 1279/2669/2513 1280/2670/2513 3139/2636/2513
f 3139/2636/2513 1233/2668/2513 1234/2671/2513
f 192/2672/2513 1278/2673/2513 3141/2639/2513
f 1276/2674/2513 1277/2675/2513 3141/2639/2513
f 3141/2639/2513 1278/2673/2513 1279/2669/2513
f 191/2676/2513 1275/2677/2513 3143/2641/2513
f 1273/2678/2513 1274/2679/2513 3143/2641/2513
f 3143/2641/2513 1275/2677/2513 1276/2674/2513
f 190/2680/2513 1272/2681/2513 3145/2643/2513
f 1270/2682/2513 1271/2683/2513 3145/2643/2513
f 3145/2643/2513 1272/2681/2513 1273/2678/2513
f 189/2684/2513 1269/2685/2513 3147/2645/2513
f 1267/2686/2513 1268/2687/2513 3147/2645/2513
f 3147/2645/2513 1269/2685/2513 1270/2682/2513
f 188/2688/2513 1266/2689/2513 3149/2647/2513
f 1264/2690/2513 1265/2691/2513 3149/2647/2513
f 3149/2647/2513 1266/2689/2513 1267/2686/2513
f 187/2692/2513 1263/2693/2513 3151/2649/2513
f 1261/2694/2513 1262/2695/2513 3151/2649/2513
f 3151/2649/2513 1263/2693/2513 1264/2690/2513
f 186/2696/2513 1260/2697/2513 3153/2651/2513
f 1258/2698/2513 1259/2699/2513 3153/2651/2513
f 3153/2651/2513 1260/2697/2513 1261/2694/2513
f 185/2700/2513 1257/2701/2513 3155/2653/2513
f 1255/2702/2513 1256/2703/2513 3155/2653/2513
f 3155/2653/2513 1257/2701/2513 1258/2698/2513
f 184/2704/2513 1254/2705/2513 3157/2655/2513
f 1252/2706/2513 1253/2707/2513 3157/2655/2513
f 3157/2655/2513 1254/2705/2513 1255/2702/2513
f 183/2708/2513 1251/2709/2513 3159/2657/2513
f 1249/2710/2513 1250/2711/2513 3159/2657/2513
f 3159/2657/2513 1251/2709/2513 1252/2706/2513
f 182/2712/2513 1248/2713/2513 3161/2659/2513
f 1246/2714/2513 1247/2715/2513 3161/2659/2513
f 3161/2659/2513 1248/2713/2513 1249/2710/2513
f 181/2716/2513 1245/2717/2513 3163/2661/2513
f 1243/2718/2513 1244/2719/2513 3163/2661/2513
f 3163/2661/2513 1245/2717/2513 1246/2714/2513
f 180/2720/2513 1242/2721/2513 3165/2663/2513
f 1240/2722/2513 1241/2723/2513 3165/2663/2513
f 3165/2663/2513 1242/2721/2513 1243/2718/2513
f 179/2724/2513 1239/2725/2513 3167/2665/2513
f 1237/2726/2513 1238/2727/2513 3167/2665/2513
f 3167/2665/2513 1239/2725/2513 1240/2722/2513
f 178/2728/2513 1236/2729/2513 3169/2666/2513
f 1234/2671/2513 1235/2730/2513 3169/2666/2513
f 3169/2666/2513 1236/2729/2513 1237/2726/2513
f 3172/2731/2514 3174/2732/2515 3171/2733/2516
f 3173/2734/2517 3175/2735/2518 3172/2731/2514
f 3174/2732/2515 3178/2736/2519 3177/2737/2520
f 3175/2735/2518 3179/2738/2521 3178/2736/2519
f 1808/2739/2522 1730/2740/2523 262/2741/2524
f 1808/2739/2522 3172/2731/2514 3171/2733/2516
f 1806/2742/2525 3172/2731/2514 1807/2743/2526
f 1806/2742/2525 1317/2744/2527 3173/2734/2517
f 1317/2744/2527 3176/2745/2528 3173/2734/2517
f 1318/2746/2529 3179/2738/2521 3176/2745/2528
f 1319/2747/2530 414/2748/2531 3179/2738/2521
f 3178/2736/2519 414/2748/2531 415/2749/2532
f 3178/2736/2519 416/2750/2533 3177/2737/2520
f 3177/2737/2520 32/2751/2534 1728/2752/2535
f 1729/2753/2536 3177/2737/2520 1728/2752/2535
f 1730/2740/2523 3174/2732/2515 1729/2753/2536
f 3181/2754/2537 3183/2755/2538 3180/2756/2539
f 3182/2757/2540 3184/2758/2541 3181/2754/2537
f 3184/2758/2541 3186/2759/2542 3183/2755/2538
f 3184/2758/2541 3188/2760/2543 3187/2761/2544
f 1805/2762/2545 1724/2763/2546 260/2764/2547
f 1805/2762/2545 3181/2754/2537 3180/2756/2539
f 1803/2765/2548 3181/2754/2537 1804/2766/2549
f 1803/2765/2548 1730/2740/2523 3182/2757/2540
f 1730/2740/2523 3185/2767/2550 3182/2757/2540
f 1729/2753/2536 3188/2760/2543 3185/2767/2550
f 1728/2752/2535 405/2768/2551 3188/2760/2543
f 3188/2760/2543 406/2769/2552 3187/2761/2544
f 3186/2759/2542 406/2769/2552 407/2770/2553
f 1722/2771/2554 407/2770/2553 30/2772/2555
f 1723/2773/2556 3186/2759/2542 1722/2771/2554
f 1724/2763/2546 3183/2755/2538 1723/2773/2556
f 3190/2774/2557 3192/2775/2558 3189/2776/2559
f 3191/2777/2560 3193/2778/2561 3190/2774/2557
f 3193/2778/2561 3195/2779/2562 3192/2775/2558
f 3193/2778/2561 3197/2780/2563 3196/2781/2564
f 1802/2782/2565 1715/2783/2566 257/2784/2567
f 1802/2782/2565 3190/2774/2557 3189/2776/2559
f 1800/2785/2568 3190/2774/2557 1801/2786/2569
f 1800/2785/2568 1724/2763/2546 3191/2777/2560
f 1724/2763/2546 3194/2787/2570 3191/2777/2560
f 1723/2773/2556 3197/2780/2563 3194/2787/2570
f 1722/2771/2554 396/2788/2571 3197/2780/2563
f 3197/2780/2563 397/2789/2572 3196/2781/2564
f 3196/2781/2564 398/2790/2573 3195/2779/2562
f 3195/2779/2562 28/2791/2574 1713/2792/2575
f 1714/2793/2576 3195/2779/2562 1713/2792/2575
f 1715/2783/2566 3192/2775/2558 1714/2793/2576
f 3199/2794/2577 3201/2795/2578 3198/2796/2579
f 3200/2797/2580 3202/2798/2581 3199/2794/2577
f 3201/2795/2578 3205/2799/2582 3204/2800/2583
f 3203/2801/2584 3205/2799/2582 3202/2798/2581
f 1799/2802/2585 1718/2803/2586 258/2804/2587
f 1799/2802/2585 3199/2794/2577 3198/2796/2579
f 1797/2805/2588 3199/2794/2577 1798/2806/2589
f 1797/2805/2588 1715/2783/2566 3200/2797/2580
f 1715/2783/2566 3203/2801/2584 3200/2797/2580
f 1714/2793/2576 3206/2807/2590 3203/2801/2584
f 1713/2792/2575 387/2808/2591 3206/2807/2590
f 3205/2799/2582 387/2808/2591 388/2809/2592
f 3204/2800/2583 388/2809/2592 389/2810/2593
f 1716/2811/2594 389/2810/2593 26/2812/2595
f 1717/2813/2596 3204/2800/2583 1716/2811/2594
f 1718/2803/2586 3201/2795/2578 1717/2813/2596
f 3208/2814/2597 3210/2815/2598 3207/2816/2599
f 3209/2817/2600 3211/2818/2601 3208/2814/2597
f 3211/2818/2601 3213/2819/2602 3210/2815/2598
f 3212/2820/2603 3214/2821/2604 3211/2818/2601
f 1796/2822/2605 1721/2823/2606 259/2824/2607
f 1796/2822/2605 3208/2814/2597 3207/2816/2599
f 1794/2825/2608 3208/2814/2597 1795/2826/2609
f 1794/2825/2608 1718/2803/2586 3209/2817/2600
f 1718/2803/2586 3212/2820/2603 3209/2817/2600
f 1717/2813/2596 3215/2827/2610 3212/2820/2603
f 1716/2811/2594 378/2828/2611 3215/2827/2610
f 3215/2827/2610 379/2829/2612 3214/2821/2604
f 3213/2819/2602 379/2829/2612 380/2830/2613
f 3213/2819/2602 24/2831/2614 1719/2832/2615
f 1720/2833/2616 3213/2819/2602 1719/2832/2615
f 3207/2816/2599 1720/2833/2616 1721/2823/2606
f 3217/2834/2617 3219/2835/2618 3216/2836/2619
f 3218/2837/2620 3220/2838/2621 3217/2834/2617
f 3220/2838/2621 3222/2839/2622 3219/2835/2618
f 3221/2840/2623 3223/2841/2624 3220/2838/2621
f 1793/2842/2625 1760/2843/2626 272/2844/2627
f 1793/2842/2625 3217/2834/2617 3216/2836/2619
f 1791/2845/2628 3217/2834/2617 1792/2846/2629
f 1791/2845/2628 1721/2823/2606 3218/2837/2620
f 1721/2823/2606 3221/2840/2623 3218/2837/2620
f 1720/2833/2616 3224/2847/2630 3221/2840/2623
f 1719/2832/2615 369/2848/2631 3224/2847/2630
f 3223/2841/2624 369/2848/2631 370/2849/2632
f 3223/2841/2624 371/2850/2633 3222/2839/2622
f 1758/2851/2634 371/2850/2633 22/2852/2635
f 1759/2853/2636 3222/2839/2622 1758/2851/2634
f 1760/2843/2626 3219/2835/2618 1759/2853/2636
f 3226/2854/2637 3228/2855/2638 3225/2856/2639
f 3227/2857/2640 3229/2858/2641 3226/2854/2637
f 3229/2858/2641 3231/2859/2642 3228/2855/2638
f 3230/2860/2643 3232/2861/2644 3229/2858/2641
f 1790/2862/2645 1754/2863/2646 270/2864/2647
f 1790/2862/2645 3226/2854/2637 3225/2856/2639
f 1788/2865/2648 3226/2854/2637 1789/2866/2649
f 1788/2865/2648 1760/2843/2626 3227/2857/2640
f 1760/2843/2626 3230/2860/2643 3227/2857/2640
f 1759/2853/2636 3233/2867/2650 3230/2860/2643
f 1758/2851/2634 360/2868/2651 3233/2867/2650
f 3233/2867/2650 361/2869/2652 3232/2861/2644
f 3232/2861/2644 362/2870/2653 3231/2859/2642
f 3231/2859/2642 20/2871/2654 1752/2872/2655
f 1753/2873/2656 3231/2859/2642 1752/2872/2655
f 3225/2856/2639 1753/2873/2656 1754/2863/2646
f 3235/2874/2657 3237/2875/2658 3234/2876/2659
f 3236/2877/2660 3238/2878/2661 3235/2874/2657
f 3237/2875/2658 3241/2879/2662 3240/2880/2663
f 3238/2878/2661 3242/2881/2664 3241/2879/2662
f 1787/2882/2665 1727/2883/2666 261/2884/2667
f 1787/2882/2665 3235/2874/2657 3234/2876/2659
f 1785/2885/2668 3235/2874/2657 1786/2886/2669
f 1785/2885/2668 1754/2863/2646 3236/2877/2660
f 1754/2863/2646 3239/2887/2670 3236/2877/2660
f 1753/2873/2656 3242/2881/2664 3239/2887/2670
f 1752/2872/2655 351/2888/2671 3242/2881/2664
f 3242/2881/2664 352/2889/2672 3241/2879/2662
f 3241/2879/2662 353/2890/2673 3240/2880/2663
f 1725/2891/2674 353/2890/2673 18/2892/2675
f 1726/2893/2676 3240/2880/2663 1725/2891/2674
f 1727/2883/2666 3237/2875/2658 1726/2893/2676
f 3243/2894/2677 3247/2895/2678 3246/2896/2679
f 3245/2897/2680 3247/2895/2678 3244/2898/2681
f 3247/2895/2678 3249/2899/2682 3246/2896/2679
f 3248/2900/2683 3250/2901/2684 3247/2895/2678
f 1784/2902/2685 1757/2903/2686 271/2904/2687
f 1784/2902/2685 3244/2898/2681 3243/2894/2677
f 1782/2905/2688 3244/2898/2681 1783/2906/2689
f 1782/2905/2688 1727/2883/2666 3245/2897/2680
f 1727/2883/2666 3248/2900/2683 3245/2897/2680
f 1726/2893/2676 3251/2907/2690 3248/2900/2683
f 1725/2891/2674 342/2908/2691 3251/2907/2690
f 3251/2907/2690 343/2909/2692 3250/2901/2684
f 3250/2901/2684 344/2910/2693 3249/2899/2682
f 3249/2899/2682 16/2911/2694 1755/2912/2695
f 1756/2913/2696 3249/2899/2682 1755/2912/2695
f 1757/2903/2686 3246/2896/2679 1756/2913/2696
f 3253/2914/2697 3255/2915/2698 3252/2916/2699
f 3254/2917/2700 3256/2918/2701 3253/2914/2697
f 3255/2915/2698 3259/2919/2702 3258/2920/2703
f 3257/2921/2704 3259/2919/2702 3256/2918/2701
f 1781/2922/2705 1733/2923/2706 263/2924/2707
f 1781/2922/2705 3253/2914/2697 3252/2916/2699
f 1779/2925/2708 3253/2914/2697 1780/2926/2709
f 1779/2925/2708 1757/2903/2686 3254/2917/2700
f 1757/2903/2686 3257/2921/2704 3254/2917/2700
f 1756/2913/2696 3260/2927/2710 3257/2921/2704
f 1755/2912/2695 333/2928/2711 3260/2927/2710
f 3260/2927/2710 334/2929/2712 3259/2919/2702
f 3259/2919/2702 335/2930/2713 3258/2920/2703
f 3258/2920/2703 14/2931/2714 1731/2932/2715
f 1732/2933/2716 3258/2920/2703 1731/2932/2715
f 1733/2923/2706 3255/2915/2698 1732/2933/2716
f 3262/2934/2717 3264/2935/2718 3261/2936/2719
f 3263/2937/2720 3265/2938/2721 3262/2934/2717
f 3265/2938/2721 3267/2939/2722 3264/2935/2718
f 3266/2940/2723 3268/2941/2724 3265/2938/2721
f 1778/2942/2725 1736/2943/2726 264/2944/2727
f 1778/2942/2725 3262/2934/2717 3261/2936/2719
f 1776/2945/2728 3262/2934/2717 1777/2946/2729
f 1776/2945/2728 1733/2923/2706 3263/2937/2720
f 1733/2923/2706 3266/2940/2723 3263/2937/2720
f 1732/2933/2716 3269/2947/2730 3266/2940/2723
f 1731/2932/2715 324/2948/2731 3269/2947/2730
f 3269/2947/2730 325/2949/2732 3268/2941/2724
f 3268/2941/2724 326/2950/2733 3267/2939/2722
f 3267/2939/2722 12/2951/2734 1734/2952/2735
f 1735/2953/2736 3267/2939/2722 1734/2952/2735
f 1736/2943/2726 3264/2935/2718 1735/2953/2736
f 3270/2954/2737 3274/2955/2738 3273/2956/2739
f 3272/2957/2740 3274/2955/2738 3271/2958/2741
f 3273/2956/2739 3277/2959/2742 3276/2960/2743
f 3275/2961/2744 3277/2959/2742 3274/2955/2738
f 1775/2962/2745 1739/2963/2746 265/2964/2747
f 1775/2962/2745 3271/2958/2741 3270/2954/2737
f 1773/2965/2748 3271/2958/2741 1774/2966/2749
f 1773/2965/2748 1736/2943/2726 3272/2957/2740
f 1736/2943/2726 3275/2961/2744 3272/2957/2740
f 1735/2953/2736 3278/2967/2750 3275/2961/2744
f 1734/2952/2735 315/2968/2751 3278/2967/2750
f 3277/2959/2742 315/2968/2751 316/2969/2752
f 3277/2959/2742 317/2970/2753 3276/2960/2743
f 1737/2971/2754 317/2970/2753 10/2972/2755
f 1738/2973/2756 3276/2960/2743 1737/2971/2754
f 3270/2954/2737 1738/2973/2756 1739/2963/2746
f 3279/2974/2757 3283/2975/2758 3282/2976/2759
f 3281/2977/2760 3283/2975/2758 3280/2978/2761
f 3282/2976/2759 3286/2979/2762 3285/2980/2763
f 3283/2975/2758 3287/2981/2764 3286/2979/2762
f 1772/2982/2765 1742/2983/2766 266/2984/2767
f 1772/2982/2765 3280/2978/2761 3279/2974/2757
f 1770/2985/2768 3280/2978/2761 1771/2986/2769
f 1770/2985/2768 1739/2963/2746 3281/2977/2760
f 1739/2963/2746 3284/2987/2770 3281/2977/2760
f 1738/2973/2756 3287/2981/2764 3284/2987/2770
f 1737/2971/2754 306/2988/2771 3287/2981/2764
f 3286/2979/2762 306/2988/2771 307/2989/2772
f 3286/2979/2762 308/2990/2773 3285/2980/2763
f 1740/2991/2774 308/2990/2773 8/2992/2775
f 1741/2993/2776 3285/2980/2763 1740/2991/2774
f 1742/2983/2766 3282/2976/2759 1741/2993/2776
f 3289/2994/2777 3291/2995/2778 3288/2996/2779
f 3290/2997/2780 3292/2998/2781 3289/2994/2777
f 3292/2998/2781 3294/2999/2782 3291/2995/2778
f 3292/2998/2781 3296/3000/2783 3295/3001/2784
f 1769/3002/2785 1745/3003/2786 267/3004/2787
f 1769/3002/2785 3289/2994/2777 3288/2996/2779
f 1767/3005/2788 3289/2994/2777 1768/3006/2789
f 1767/3005/2788 1742/2983/2766 3290/2997/2780
f 1742/2983/2766 3293/3007/2790 3290/2997/2780
f 1741/2993/2776 3296/3000/2783 3293/3007/2790
f 1740/2991/2774 297/3008/2791 3296/3000/2783
f 3296/3000/2783 298/3009/2792 3295/3001/2784
f 3294/2999/2782 298/3009/2792 299/3010/2793
f 3294/2999/2782 6/3011/2794 1743/3012/2795
f 1744/3013/2796 3294/2999/2782 1743/3012/2795
f 1745/3003/2786 3291/2995/2778 1744/3013/2796
f 3298/3014/2797 3300/3015/2798 3297/3016/2799
f 3299/3017/2800 3301/3018/2801 3298/3014/2797
f 3301/3018/2801 3303/3019/2802 3300/3015/2798
f 3301/3018/2801 3305/3020/2803 3304/3021/2804
f 1766/3022/2805 1748/3023/2806 268/3024/2807
f 1766/3022/2805 3298/3014/2797 3297/3016/2799
f 1764/3025/2808 3298/3014/2797 1765/3026/2809
f 1764/3025/2808 1745/3003/2786 3299/3017/2800
f 1745/3003/2786 3302/3027/2810 3299/3017/2800
f 1744/3013/2796 3305/3020/2803 3302/3027/2810
f 1743/3012/2795 288/3028/2811 3305/3020/2803
f 3304/3021/2804 288/3028/2811 289/3029/2812
f 3304/3021/2804 290/3030/2813 3303/3019/2802
f 3303/3019/2802 4/3031/2814 1746/3032/2815
f 1747/3033/2816 3303/3019/2802 1746/3032/2815
f 1748/3023/2806 3300/3015/2798 1747/3033/2816
f 3307/3034/2817 3309/3035/2818 3306/3036/2819
f 3308/3037/2820 3310/3038/2821 3307/3034/2817
f 3309/3035/2818 3313/3039/2822 3312/3040/2823
f 3310/3038/2821 3314/3041/2824 3313/3039/2822
f 1763/3042/2825 1317/3043/2527 269/3044/2826
f 1763/3042/2825 3307/3034/2817 3306/3036/2819
f 1761/3045/2827 3307/3034/2817 1762/3046/2828
f 1761/3045/2827 1748/3023/2806 3308/3037/2820
f 1748/3023/2806 3311/3047/2829 3308/3037/2820
f 1747/3033/2816 3314/3041/2824 3311/3047/2829
f 1746/3032/2815 276/3048/2830 3314/3041/2824
f 3313/3039/2822 276/3048/2830 277/3049/2831
f 3313/3039/2822 278/3050/2832 3312/3040/2823
f 3312/3040/2823 2/3051/2833 1319/3052/2530
f 1318/3053/2529 3312/3040/2823 1319/3052/2530
f 1317/3043/2527 3309/3035/2818 1318/3053/2529
f 3316/3054/2834 3318/3055/2835 3315/3056/2836
f 3317/3057/2837 3319/3058/2838 3316/3054/2834
f 3319/3058/2838 3321/3059/2839 3318/3055/2835
f 3319/3058/2838 3323/3060/2840 3322/3061/2841
f 1374/3062/2842 273/1641/1592 1/1639/1590
f 1375/3063/2843 3315/3056/2836 1374/3062/2842
f 1376/3064/2844 3316/3054/2834 1375/3063/2843
f 208/2094/1763 3317/3057/2837 1376/3064/2844
f 1377/2093/2039 3320/3065/2845 3317/3057/2837
f 1378/2103/2046 3323/3060/2840 3320/3065/2845
f 1379/2102/2045 282/3066/2846 3323/3060/2840
f 3322/3061/2841 282/3066/2846 283/3067/2847
f 3321/3059/2839 283/3067/2847 284/3068/2848
f 3321/3059/2839 3/1765/1712 275/1642/1593
f 274/1643/1594 3321/3059/2839 275/1642/1593
f 3315/3056/2836 274/1643/1594 273/1641/1592
f 3325/3069/2849 3327/3070/2850 3324/3071/2851
f 3326/3072/2852 3328/3073/2853 3325/3069/2849
f 3327/3070/2850 3331/3074/2854 3330/3075/2855
f 3329/3076/2856 3331/3074/2854 3328/3073/2853
f 284/3068/2848 285/1766/1713 3/1765/1712
f 283/3067/2847 3324/3071/2851 284/3068/2848
f 282/3066/2846 3325/3069/2849 283/3067/2847
f 193/2073/2020 3326/3072/2852 282/3066/2846
f 1380/2074/2021 3329/3076/2856 3326/3072/2852
f 1381/2084/2031 3332/3077/2857 3329/3076/2856
f 3332/3077/2857 194/2054/2001 291/3078/2858
f 3331/3074/2854 291/3078/2858 292/3079/2859
f 3330/3075/2855 292/3079/2859 293/3080/2860
f 3330/3075/2855 5/1601/1552 287/1767/1714
f 286/1768/1715 3330/3075/2855 287/1767/1714
f 3324/3071/2851 286/1768/1715 285/1766/1713
f 3334/3081/2861 3336/3082/2862 3333/3083/2863
f 3335/3084/2864 3337/3085/2865 3334/3081/2861
f 3336/3082/2862 3340/3086/2866 3339/3087/2867
f 3337/3085/2865 3341/3088/2868 3340/3086/2866
f 293/3080/2860 294/1603/1554 5/1601/1552
f 292/3079/2859 3333/3083/2863 293/3080/2860
f 291/3078/2858 3334/3081/2861 292/3079/2859
f 194/2054/2001 3335/3084/2864 291/3078/2858
f 1383/2055/2002 3338/3089/2869 3335/3084/2864
f 1384/2065/2012 3341/3088/2868 3338/3089/2869
f 1385/2064/2011 300/3090/2870 3341/3088/2868
f 3340/3086/2866 300/3090/2870 301/3091/2871
f 3339/3087/2867 301/3091/2871 302/3092/2872
f 3339/3087/2867 7/1726/1673 296/1604/1555
f 295/1605/1556 3339/3087/2867 296/1604/1555
f 3333/3083/2863 295/1605/1556 294/1603/1554
f 3343/3093/2873 3345/3094/2874 3342/3095/2875
f 3344/3096/2876 3346/3097/2877 3343/3093/2873
f 3345/3094/2874 3349/3098/2878 3348/3099/2879
f 3346/3097/2877 3350/3100/2880 3349/3098/2878
f 302/3092/2872 303/1727/1674 7/1726/1673
f 301/3091/2871 3342/3095/2875 302/3092/2872
f 301/3091/2871 3344/3096/2876 3343/3093/2873
f 195/2035/1982 3344/3096/2876 300/3090/2870
f 1386/2036/1983 3347/3101/2881 3344/3096/2876
f 1387/2046/1993 3350/3100/2880 3347/3101/2881
f 1388/2045/1992 309/3102/2882 3350/3100/2880
f 3350/3100/2880 310/3103/2883 3349/3098/2878
f 3348/3099/2879 310/3103/2883 311/3104/2884
f 3348/3099/2879 9/1544/1495 305/1728/1675
f 304/1729/1676 3348/3099/2879 305/1728/1675
f 3342/3095/2875 304/1729/1676 303/1727/1674
f 3352/3105/2885 3354/3106/2886 3351/3107/2887
f 3353/3108/2888 3355/3109/2889 3352/3105/2885
f 3354/3106/2886 3358/3110/2890 3357/3111/2891
f 3355/3109/2889 3359/3112/2892 3358/3110/2890
f 311/3104/2884 312/1546/1497 9/1544/1495
f 310/3103/2883 3351/3107/2887 311/3104/2884
f 309/3102/2882 3352/3105/2885 310/3103/2883
f 196/2016/1963 3353/3108/2888 309/3102/2882
f 1389/2017/1964 3356/3113/2893 3353/3108/2888
f 1390/2027/1974 3359/3112/2892 3356/3113/2893
f 3359/3112/2892 197/1997/1944 318/3114/2894
f 3358/3110/2890 318/3114/2894 319/3115/2895
f 3357/3111/2891 319/3115/2895 320/3116/2896
f 3357/3111/2891 11/1678/1629 314/1547/1498
f 313/1548/1499 3357/3111/2891 314/1547/1498
f 3351/3107/2887 313/1548/1499 312/1546/1497
f 3361/3117/2897 3363/3118/2898 3360/3119/2899
f 3362/3120/2900 3364/3121/2901 3361/3117/2897
f 3363/3118/2898 3367/3122/2902 3366/3123/2903
f 3364/3121/2901 3368/3124/2904 3367/3122/2902
f 320/3116/2896 321/1677/1628 11/1678/1629
f 319/3115/2895 3360/3119/2899 320/3116/2896
f 318/3114/2894 3361/3117/2897 319/3115/2895
f 197/1997/1944 3362/3120/2900 318/3114/2894
f 1392/1998/1945 3365/3125/2905 3362/3120/2900
f 1393/2008/1955 3368/3124/2904 3365/3125/2905
f 3368/3124/2904 198/1978/1925 327/3126/2906
f 3367/3122/2902 327/3126/2906 328/3127/2907
f 3366/3123/2903 328/3127/2907 329/3128/2908
f 3366/3123/2903 13/1778/1725 323/1679/1630
f 322/3129/1631 3366/3123/2903 323/1679/1630
f 3360/3119/2899 322/3129/1631 321/1677/1628
f 3370/3130/2909 3372/3131/2910 3369/3132/2911
f 3371/3133/2912 3373/3134/2913 3370/3130/2909
f 3372/3131/2910 3376/3135/2914 3375/3136/2915
f 3373/3134/2913 3377/3137/2916 3376/3135/2914
f 329/3128/2908 330/1779/1726 13/1778/1725
f 328/3127/2907 3369/3132/2911 329/3128/2908
f 328/3127/2907 3371/3133/2912 3370/3130/2909
f 198/1978/1925 3371/3133/2912 327/3126/2906
f 1395/1979/1926 3374/3138/2917 3371/3133/2912
f 1396/1989/1936 3377/3137/2916 3374/3138/2917
f 3377/3137/2916 199/1959/1906 336/3139/2918
f 3377/3137/2916 337/3140/2919 3376/3135/2914
f 3375/3136/2915 337/3140/2919 338/3141/2920
f 3375/3136/2915 15/1620/1571 332/1780/1727
f 331/1781/1728 3375/3136/2915 332/1780/1727
f 3369/3132/2911 331/1781/1728 330/1779/1726
f 3379/3142/2921 3381/3143/2922 3378/3144/2923
f 3380/3145/2924 3382/3146/2925 3379/3142/2921
f 3382/3146/2925 3384/3147/2926 3381/3143/2922
f 3382/3146/2925 3386/3148/2927 3385/3149/2928
f 338/3141/2920 339/1622/1573 15/1620/1571
f 337/3140/2919 3378/3144/2923 338/3141/2920
f 336/3139/2918 3379/3142/2921 337/3140/2919
f 199/1959/1906 3380/3145/2924 336/3139/2918
f 1398/1960/1907 3383/3150/2929 3380/3145/2924
f 1399/1970/1917 3386/3148/2927 3383/3150/2929
f 1400/1969/1916 345/3151/2930 3386/3148/2927
f 3386/3148/2927 346/3152/2931 3385/3149/2928
f 3384/3147/2926 346/3152/2931 347/3153/2932
f 3384/3147/2926 17/1739/1686 341/1623/1574
f 340/3154/1575 3384/3147/2926 341/1623/1574
f 3378/3144/2923 340/3154/1575 339/1622/1573
f 3388/3155/2933 3390/3156/2934 3387/3157/2935
f 3389/3158/2936 3391/3159/2937 3388/3155/2933
f 3390/3156/2934 3394/3160/2938 3393/3161/2939
f 3391/3159/2937 3395/3162/2940 3394/3160/2938
f 347/3153/2932 348/1740/1687 17/1739/1686
f 346/3152/2931 3387/3157/2935 347/3153/2932
f 345/3151/2930 3388/3155/2933 346/3152/2931
f 345/3151/2930 1401/1941/1888 3389/3158/2936
f 1401/1941/1888 3392/3163/2941 3389/3158/2936
f 1402/1951/1898 3395/3162/2940 3392/3163/2941
f 3395/3162/2940 201/1921/1868 354/3164/2942
f 3394/3160/2938 354/3164/2942 355/3165/2943
f 3393/3161/2939 355/3165/2943 356/3166/2944
f 3393/3161/2939 19/1563/1514 350/1741/1688
f 349/1742/1689 3393/3161/2939 350/1741/1688
f 3387/3157/2935 349/1742/1689 348/1740/1687
f 3397/3167/2945 3399/3168/2946 3396/3169/2947
f 3398/3170/2948 3400/3171/2949 3397/3167/2945
f 3400/3171/2949 3402/3172/2950 3399/3168/2946
f 3400/3171/2949 3404/3173/2951 3403/3174/2952
f 356/3166/2944 357/1565/1516 19/1563/1514
f 355/3165/2943 3396/3169/2947 356/3166/2944
f 354/3164/2942 3397/3167/2945 355/3165/2943
f 201/1921/1868 3398/3170/2948 354/3164/2942
f 1404/1922/1869 3401/3175/2953 3398/3170/2948
f 1405/1932/1879 3404/3173/2951 3401/3175/2953
f 3404/3173/2951 202/1902/1849 363/3176/2954
f 3403/3174/2952 363/3176/2954 364/3177/2955
f 3402/3172/2950 364/3177/2955 365/3178/2956
f 3402/3172/2950 21/1693/1644 359/1566/1517
f 358/1567/1518 3402/3172/2950 359/1566/1517
f 3396/3169/2947 358/1567/1518 357/1565/1516
f 3406/3179/2957 3408/3180/2958 3405/3181/2959
f 3407/3182/2960 3409/3183/2961 3406/3179/2957
f 3409/3183/2961 3411/3184/2962 3408/3180/2958
f 3409/3183/2961 3413/3185/2963 3412/3186/2964
f 365/3178/2956 366/1694/1645 21/1693/1644
f 364/3177/2955 3405/3181/2959 365/3178/2956
f 363/3176/2954 3406/3179/2957 364/3177/2955
f 202/1902/1849 3407/3182/2960 363/3176/2954
f 1407/1903/1850 3410/3187/2965 3407/3182/2960
f 1408/1913/1860 3413/3185/2963 3410/3187/2965
f 1409/1912/1859 372/3188/2966 3413/3185/2963
f 3412/3186/2964 372/3188/2966 373/3189/2967
f 3411/3184/2962 373/3189/2967 374/3190/2968
f 3411/3184/2962 23/1791/1738 368/1695/1646
f 367/3191/1647 3411/3184/2962 368/1695/1646
f 3405/3181/2959 367/3191/1647 366/1694/1645
f 3415/3192/2969 3417/3193/2970 3414/3194/2971
f 3416/3195/2972 3418/3196/2973 3415/3192/2969
f 3418/3196/2973 3420/3197/2974 3417/3193/2970
f 3418/3196/2973 3422/3198/2975 3421/3199/2976
f 374/3190/2968 375/1792/1739 23/1791/1738
f 374/3190/2968 3415/3192/2969 3414/3194/2971
f 373/3189/2967 3416/3195/2972 3415/3192/2969
f 203/1883/1830 3416/3195/2972 372/3188/2966
f 1410/1884/1831 3419/3200/2977 3416/3195/2972
f 1411/1894/1841 3422/3198/2975 3419/3200/2977
f 1412/1893/1840 381/3201/2978 3422/3198/2975
f 3421/3199/2976 381/3201/2978 382/3202/2979
f 3420/3197/2974 382/3202/2979 383/3203/2980
f 3420/3197/2974 25/1658/1609 377/1793/1740
f 376/3204/1741 3420/3197/2974 377/1793/1740
f 3414/3194/2971 376/3204/1741 375/1792/1739
f 3424/3205/2981 3426/3206/2982 3423/3207/2983
f 3425/3208/2984 3427/3209/2985 3424/3205/2981
f 3426/3206/2982 3430/3210/2986 3429/3211/2987
f 3427/3209/2985 3431/3212/2988 3430/3210/2986
f 383/3203/2980 384/1660/1611 25/1658/1609
f 382/3202/2979 3423/3207/2983 383/3203/2980
f 381/3201/2978 3424/3205/2981 382/3202/2979
f 381/3201/2978 1413/1865/1812 3425/3208/2984
f 3425/3208/2984 1414/1875/1822 3428/3213/2989
f 1414/1875/1822 3431/3212/2988 3428/3213/2989
f 1415/1874/1821 390/3214/2990 3431/3212/2988
f 3430/3210/2986 390/3214/2990 391/3215/2991
f 3429/3211/2987 391/3215/2991 392/3216/2992
f 3429/3211/2987 27/1752/1699 386/1661/1612
f 385/1662/1613 3429/3211/2987 386/1661/1612
f 3423/3207/2983 385/1662/1613 384/1660/1611
f 3433/3217/2993 3435/3218/2994 3432/3219/2995
f 3434/3220/2996 3436/3221/2997 3433/3217/2993
f 3435/3218/2994 3439/3222/2998 3438/3223/2999
f 3436/3221/2997 3440/3224/3000 3439/3222/2998
f 392/3216/2992 393/1753/1700 27/1752/1699
f 391/3215/2991 3432/3219/2995 392/3216/2992
f 390/3214/2990 3433/3217/2993 391/3215/2991
f 205/1847/1794 3434/3220/2996 390/3214/2990
f 3434/3220/2996 1417/1856/1803 3437/3225/3001
f 1417/1856/1803 3440/3224/3000 3437/3225/3001
f 1418/1855/1802 399/3226/3002 3440/3224/3000
f 3439/3222/2998 399/3226/3002 400/3227/3003
f 3438/3223/2999 400/3227/3003 401/3228/3004
f 3438/3223/2999 29/1582/1533 395/1754/1701
f 394/1755/1702 3438/3223/2999 395/1754/1701
f 3432/3219/2995 394/1755/1702 393/1753/1700
f 3442/3229/3005 3444/3230/3006 3441/3231/3007
f 3443/3232/3008 3445/3233/3009 3442/3229/3005
f 3444/3230/3006 3448/3234/3010 3447/3235/3011
f 3445/3233/3009 3449/3236/3012 3448/3234/3010
f 401/3228/3004 402/1584/1535 29/1582/1533
f 400/3227/3003 3441/3231/3007 401/3228/3004
f 399/3226/3002 3442/3229/3005 400/3227/3003
f 206/1828/1775 3443/3232/3008 399/3226/3002
f 1419/1827/1774 3446/3237/3013 3443/3232/3008
f 1420/1837/1784 3449/3236/3012 3446/3237/3013
f 3449/3236/3012 207/1805/1752 408/3238/3014
f 3448/3234/3010 408/3238/3014 409/3239/3015
f 3447/3235/3011 409/3239/3015 410/3240/3016
f 3447/3235/3011 31/1709/1660 404/1585/1536
f 403/1586/1537 3447/3235/3011 404/1585/1536
f 3441/3231/3007 403/1586/1537 402/1584/1535
f 3451/3241/3017 3453/3242/3018 3450/3243/3019
f 3452/3244/3020 3454/3245/3021 3451/3241/3017
f 3453/3242/3018 3457/3246/3022 3456/3247/3023
f 3455/3248/3024 3457/3246/3022 3454/3245/3021
f 410/3240/3016 411/1710/1661 31/1709/1660
f 409/3239/3015 3450/3243/3019 410/3240/3016
f 408/3238/3014 3451/3241/3017 409/3239/3015
f 207/1805/1752 3452/3244/3020 408/3238/3014
f 3452/3244/3020 1423/1818/1765 3455/3248/3024
f 1423/1818/1765 3458/3249/3025 3455/3248/3024
f 1424/1817/1764 1376/3250/2844 3458/3249/3025
f 3458/3249/3025 1375/3251/2843 3457/3246/3022
f 3456/3247/3023 1375/3251/2843 1374/3252/2842
f 3456/3247/3023 1/3253/1590 413/1711/1662
f 412/3254/1663 3456/3247/3023 413/1711/1662
f 3450/3243/3019 412/3254/1663 411/1710/1661
f 3459/3255/3026 3463/3256/3027 3462/3257/3028
f 3461/3258/3029 3463/3256/3027 3460/3259/3030
f 3462/3257/3028 3466/3260/3031 3465/3261/3032
f 3464/3262/3033 3466/3260/3031 3463/3256/3027
f 122/3263/3034 3459/3255/3026 1470/3264/3035
f 968/1949/1896 3460/3259/3030 3459/3255/3026
f 966/1946/1893 3460/3259/3030 967/1947/1894
f 121/3265/3036 3461/3258/3029 966/1946/1893
f 929/3266/3037 3464/3262/3033 3461/3258/3029
f 928/3267/3038 3467/3268/3039 3464/3262/3033
f 927/3269/3040 1473/2632/2510 3467/3268/3039
f 3467/3268/3039 1474/2633/2511 3466/3260/3031
f 3465/3261/3032 1474/2633/2511 1475/2631/2509
f 1472/3270/3041 1475/2631/2509 224/2618/2496
f 1471/3271/3042 3465/3261/3032 1472/3270/3041
f 1470/3264/3035 3462/3257/3028 1471/3271/3042
f 3468/3272/3043 3472/3273/3044 3471/3274/3045
f 3470/3275/3046 3472/3273/3044 3469/3276/3047
f 3471/3274/3045 3475/3277/3048 3474/3278/3049
f 3473/3279/3050 3475/3277/3048 3472/3273/3044
f 123/3280/3051 3468/3272/3043 1467/3281/3052
f 965/1930/1877 3469/3276/3047 3468/3272/3043
f 963/1927/1874 3469/3276/3047 964/1928/1875
f 122/3263/3034 3470/3275/3046 963/1927/1874
f 1470/3264/3035 3473/3279/3050 3470/3275/3046
f 1471/3271/3042 3476/3282/3053 3473/3279/3050
f 1472/3270/3041 1476/2616/2494 3476/3282/3053
f 3476/3282/3053 1477/2617/2495 3475/3277/3048
f 3474/3278/3049 1477/2617/2495 1478/2615/2493
f 1469/3283/3054 1478/2615/2493 223/2586/2467
f 1468/3284/3055 3474/3278/3049 1469/3283/3054
f 1467/3281/3052 3471/3274/3045 1468/3284/3055
f 3477/3285/3056 3481/3286/3057 3480/3287/3058
f 3479/3288/3059 3481/3286/3057 3478/3289/3060
f 3480/3287/3058 3484/3290/3061 3483/3291/3062
f 3482/3292/3063 3484/3290/3061 3481/3286/3057
f 124/3293/3064 3477/3285/3056 1464/3294/3065
f 962/1911/1858 3478/3289/3060 3477/3285/3056
f 960/1908/1855 3478/3289/3060 961/1909/1856
f 123/3280/3051 3479/3288/3059 960/1908/1855
f 1467/3281/3052 3482/3292/3063 3479/3288/3059
f 1468/3284/3055 3485/3295/3066 3482/3292/3063
f 1469/3283/3054 1479/2584/2465 3485/3295/3066
f 3485/3295/3066 1480/2585/2466 3484/3290/3061
f 3483/3291/3062 1480/2585/2466 1481/2583/2464
f 1466/3296/3067 1481/2583/2464 222/2521/2412
f 1465/3297/3068 3483/3291/3062 1466/3296/3067
f 1464/3294/3065 3480/3287/3058 1465/3297/3068
f 3486/3298/3069 3490/3299/3070 3489/3300/3071
f 3488/3301/3072 3490/3299/3070 3487/3302/3073
f 3489/3300/3071 3493/3303/3074 3492/3304/3075
f 3491/3305/3076 3493/3303/3074 3490/3299/3070
f 125/3306/3077 3486/3298/3069 1461/3307/3078
f 959/1892/1839 3487/3302/3073 3486/3298/3069
f 957/1889/1836 3487/3302/3073 958/3308/1837
f 124/3293/3064 3488/3301/3072 957/1889/1836
f 1464/3294/3065 3491/3305/3076 3488/3301/3072
f 1465/3297/3068 3494/3309/3079 3491/3305/3076
f 1466/3296/3067 1482/2519/2410 3494/3309/3079
f 3494/3309/3079 1483/2520/2411 3493/3303/3074
f 3492/3304/3075 1483/2520/2411 1484/2518/2409
f 1463/3310/3080 1484/2518/2409 221/2485/2379
f 1462/3311/3081 3492/3304/3075 1463/3310/3080
f 1461/3307/3078 3489/3300/3071 1462/3311/3081
f 3495/3312/3082 3499/3313/3083 3498/3314/3084
f 3497/3315/3085 3499/3313/3083 3496/3316/3086
f 3498/3314/3084 3502/3317/3087 3501/3318/3088
f 3500/3319/3089 3502/3317/3087 3499/3313/3083
f 126/3320/3090 3495/3312/3082 1458/3321/3091
f 956/1873/1820 3496/3316/3086 3495/3312/3082
f 954/1870/1817 3496/3316/3086 955/1871/1818
f 125/3306/3077 3497/3315/3085 954/1870/1817
f 1461/3307/3078 3500/3319/3089 3497/3315/3085
f 1462/3311/3081 3503/3322/3092 3500/3319/3089
f 1463/3310/3080 1485/2483/2377 3503/3322/3092
f 3503/3322/3092 1486/2484/2378 3502/3317/3087
f 3501/3318/3088 1486/2484/2378 1487/2482/2376
f 1460/3323/3093 1487/2482/2376 220/2469/2363
f 1459/3324/3094 3501/3318/3088 1460/3323/3093
f 1458/3321/3091 3498/3314/3084 1459/3324/3094
f 3504/3325/3095 3508/3326/3096 3507/3327/3097
f 3506/3328/3098 3508/3326/3096 3505/3329/3099
f 3507/3327/3097 3511/3330/3100 3510/3331/3101
f 3509/3332/3102 3511/3330/3100 3508/3326/3096
f 127/3333/3103 3504/3325/3095 1455/3334/3104
f 953/1854/1801 3505/3329/3099 3504/3325/3095
f 951/1851/1798 3505/3329/3099 952/1852/1799
f 126/3320/3090 3506/3328/3098 951/1851/1798
f 1458/3321/3091 3509/3332/3102 3506/3328/3098
f 1459/3324/3094 3512/3335/3105 3509/3332/3102
f 1460/3323/3093 1488/2467/2361 3512/3335/3105
f 3512/3335/3105 1489/2468/2362 3511/3330/3100
f 3510/3331/3101 1489/2468/2362 1490/2466/2360
f 1457/3336/3106 1490/2466/2360 219/2397/2301
f 1456/3337/3107 3510/3331/3101 1457/3336/3106
f 1455/3334/3104 3507/3327/3097 1456/3337/3107
f 3513/3338/3108 3517/3339/3109 3516/3340/3110
f 3515/3341/3111 3517/3339/3109 3514/3342/3112
f 3516/3340/3110 3520/3343/3113 3519/3344/3114
f 3518/3345/3115 3520/3343/3113 3517/3339/3109
f 114/3346/3116 3513/3338/3108 1452/3347/3117
f 992/2101/2044 3514/3342/3112 3513/3338/3108
f 990/2098/2041 3514/3342/3112 991/2099/2042
f 113/3348/3118 3515/3341/3111 990/2098/2041
f 1151/3349/3119 3518/3345/3115 3515/3341/3111
f 1150/3350/3120 3521/3351/3121 3518/3345/3115
f 1149/3352/3122 1491/2431/2332 3521/3351/3121
f 3521/3351/3121 1492/2432/2333 3520/3343/3113
f 3519/3344/3114 1492/2432/2333 1493/2430/2331
f 1454/3353/3123 1493/2430/2331 218/2375/2285
f 1453/3354/3124 3519/3344/3114 1454/3353/3123
f 1452/3347/3117 3516/3340/3110 1453/3354/3124
f 3522/3355/3125 3526/3356/3126 3525/3357/3127
f 3524/3358/3128 3526/3356/3126 3523/3359/3129
f 3525/3357/3127 3529/3360/3130 3528/3361/3131
f 3527/3362/3132 3529/3360/3130 3526/3356/3126
f 128/3363/3133 3522/3355/3125 1446/3364/3134
f 950/3365/1782 3523/3359/3129 3522/3355/3125
f 948/3366/1779 3523/3359/3129 949/1833/1780
f 127/3367/3103 3524/3358/3128 948/3366/1779
f 1455/3368/3104 3527/3362/3132 3524/3358/3128
f 1456/3369/3107 3530/3370/3135 3527/3362/3132
f 1457/3371/3106 1494/3372/2299 3530/3370/3135
f 3530/3370/3135 1495/2396/2300 3529/3360/3130
f 3528/3361/3131 1495/2396/2300 1496/3373/2298
f 1448/3374/3136 1496/3373/2298 216/3375/38
f 1447/3376/3137 3528/3361/3131 1448/3374/3136
f 1446/3364/3134 3525/3357/3127 1447/3376/3137
f 3531/3377/3138 3535/3378/3139 3534/3379/3140
f 3533/3380/3141 3535/3378/3139 3532/3381/3142
f 3534/3379/3140 3538/3382/3143 3537/3383/3144
f 3536/3384/3145 3538/3382/3143 3535/3378/3139
f 115/3385/3146 3531/3377/3138 1443/3386/3147
f 989/2082/2029 3532/3381/3142 3531/3377/3138
f 987/2079/2026 3532/3381/3142 988/2080/2027
f 114/3346/3116 3533/3380/3141 987/2079/2026
f 1452/3347/3117 3536/3384/3145 3533/3380/3141
f 1453/3354/3124 3539/3387/3148 3536/3384/3145
f 1454/3353/3123 1497/3388/2283 3539/3387/3148
f 3539/3387/3148 1498/3389/2284 3538/3382/3143
f 3537/3383/3144 1498/3389/2284 1499/3390/2282
f 1445/3391/3149 1499/3390/2282 215/62/62
f 1444/3392/3150 3537/3383/3144 1445/3391/3149
f 1443/3386/3147 3534/3379/3140 1444/3392/3150
f 3540/3393/3151 3544/3394/3152 3543/3395/3153
f 3542/3396/3154 3544/3394/3152 3541/3397/3155
f 3543/3395/3153 3547/3398/3156 3546/3399/3157
f 3545/3400/3158 3547/3398/3156 3544/3394/3152
f 121/3265/3036 3540/3393/3151 929/3266/3037
f 971/1968/1915 3541/3397/3155 3540/3393/3151
f 969/1965/1912 3541/3397/3155 970/1966/1913
f 120/3401/3159 3542/3396/3154 969/1965/1912
f 1437/3402/3160 3545/3400/3158 3542/3396/3154
f 1438/3403/3161 3548/3404/3162 3545/3400/3158
f 1439/3405/3163 1500/296/296 3548/3404/3162
f 3548/3404/3162 1501/297/297 3547/3398/3156
f 3546/3399/3157 1501/297/297 1502/295/295
f 927/3269/3040 1502/295/295 212/293/293
f 928/3267/3038 3546/3399/3157 927/3269/3040
f 929/3266/3037 3543/3395/3153 928/3267/3038
f 3549/3406/3164 3553/3407/3165 3552/3408/3166
f 3551/3409/3167 3553/3407/3165 3550/3410/3168
f 3552/3408/3166 3556/3411/3169 3555/3412/3170
f 3554/3413/3171 3556/3411/3169 3553/3407/3165
f 120/3401/3159 3549/3406/3164 1437/3402/3160
f 974/1987/1934 3550/3410/3168 3549/3406/3164
f 972/1984/1931 3550/3410/3168 973/1985/1932
f 119/3414/3172 3551/3409/3167 972/1984/1931
f 1431/3415/3173 3554/3413/3171 3551/3409/3167
f 1432/3416/3174 3557/3417/3175 3554/3413/3171
f 1433/3418/3176 1503/256/256 3557/3417/3175
f 3557/3417/3175 1504/257/257 3556/3411/3169
f 3555/3412/3170 1504/257/257 1505/255/255
f 1439/3405/3163 1505/255/255 213/253/253
f 1438/3403/3161 3555/3412/3170 1439/3405/3163
f 1437/3402/3160 3552/3408/3166 1438/3403/3161
f 3558/3419/3177 3562/3420/3178 3561/3421/3179
f 3560/3422/3180 3562/3420/3178 3559/3423/3181
f 3561/3421/3179 3565/3424/3182 3564/3425/3183
f 3563/3426/3184 3565/3424/3182 3562/3420/3178
f 119/3414/3172 3558/3419/3177 1431/3415/3173
f 977/2006/1953 3559/3423/3181 3558/3419/3177
f 975/2003/1950 3559/3423/3181 976/3427/1951
f 118/3428/3185 3560/3422/3180 975/2003/1950
f 1428/3429/3186 3563/3426/3184 3560/3422/3180
f 1429/3430/3187 3566/3431/3188 3563/3426/3184
f 1430/3432/3189 1506/216/216 3566/3431/3188
f 3566/3431/3188 1507/217/217 3565/3424/3182
f 3564/3425/3183 1507/217/217 1508/215/215
f 1433/3418/3176 1508/215/215 211/213/213
f 1432/3416/3174 3564/3425/3183 1433/3418/3176
f 1431/3415/3173 3561/3421/3179 1432/3416/3174
f 3567/3433/3190 3571/3434/3191 3570/3435/3192
f 3569/3436/3193 3571/3434/3191 3568/3437/3194
f 3570/3435/3192 3574/3438/3195 3573/3439/3196
f 3572/3440/3197 3574/3438/3195 3571/3434/3191
f 118/3428/3185 3567/3433/3190 1428/3429/3186
f 980/2025/1972 3568/3437/3194 3567/3433/3190
f 978/2022/1969 3568/3437/3194 979/2023/1970
f 117/3441/3198 3569/3436/3193 978/2022/1969
f 1425/3442/3199 3572/3440/3197 3569/3436/3193
f 1426/3443/3200 3575/3444/3201 3572/3440/3197
f 1427/3445/3202 1509/152/152 3575/3444/3201
f 3575/3444/3201 1510/153/153 3574/3438/3195
f 3573/3439/3196 1510/153/153 1511/151/151
f 1430/3432/3189 1511/151/151 210/149/149
f 1429/3430/3187 3573/3439/3196 1430/3432/3189
f 1428/3429/3186 3570/3435/3192 1429/3430/3187
f 3576/3446/3203 3580/3447/3204 3579/3448/3205
f 3578/3449/3206 3580/3447/3204 3577/3450/3207
f 3579/3448/3205 3583/3451/3208 3582/3452/3209
f 3581/3453/3210 3583/3451/3208 3580/3447/3204
f 117/3441/3198 3576/3446/3203 1425/3442/3199
f 983/2044/1991 3577/3450/3207 3576/3446/3203
f 981/2041/1988 3577/3450/3207 982/2042/1989
f 116/3454/3211 3578/3449/3206 981/2041/1988
f 1440/3455/3212 3581/3453/3210 3578/3449/3206
f 1441/3456/3213 3584/3457/3214 3581/3453/3210
f 1442/3458/3215 1512/108/108 3584/3457/3214
f 3584/3457/3214 1513/109/109 3583/3451/3208
f 3582/3452/3209 1513/109/109 1514/107/107
f 1427/3445/3202 1514/107/107 209/105/105
f 1426/3443/3200 3582/3452/3209 1427/3445/3202
f 1425/3442/3199 3579/3448/3205 1426/3443/3200
f 3585/3459/3216 3589/3460/3217 3588/3461/3218
f 3587/3462/3219 3589/3460/3217 3586/3463/3220
f 3588/3461/3218 3592/3464/3221 3591/3465/3222
f 3590/3466/3223 3592/3464/3221 3589/3460/3217
f 116/3454/3211 3585/3459/3216 1440/3455/3212
f 986/2063/2010 3586/3463/3220 3585/3459/3216
f 984/2060/2007 3586/3463/3220 985/2061/2008
f 115/3385/3146 3587/3462/3219 984/2060/2007
f 1443/3386/3147 3590/3466/3223 3587/3462/3219
f 1444/3392/3150 3593/3467/3224 3590/3466/3223
f 1445/3391/3149 1515/60/60 3593/3467/3224
f 3593/3467/3224 1516/61/61 3592/3464/3221
f 3591/3465/3222 1516/61/61 1517/59/59
f 1442/3458/3215 1517/59/59 214/57/57
f 1441/3456/3213 3591/3465/3222 1442/3458/3215
f 1440/3455/3212 3588/3461/3218 1441/3456/3213
f 3594/3468/3225 3598/3469/3226 3597/3470/3227
f 3596/3471/3228 3598/3469/3226 3595/3472/3229
f 3597/3470/3227 3601/3473/3230 3600/3474/3231
f 3599/3475/3232 3601/3473/3230 3598/3469/3226
f 113/3476/3118 3594/3468/3225 1151/3477/3119
f 947/1812/1759 3595/3472/3229 3594/3468/3225
f 945/1809/1756 3595/3472/3229 946/1810/1757
f 128/3478/3133 3596/3471/3228 945/1809/1756
f 1446/3479/3134 3599/3475/3232 3596/3471/3228
f 1447/3480/3137 3602/3481/3233 3599/3475/3232
f 1448/3482/3136 1518/36/36 3602/3481/3233
f 3602/3481/3233 1519/37/37 3601/3473/3230
f 3600/3474/3231 1519/37/37 1520/35/35
f 1149/3483/3122 1520/35/35 217/33/33
f 1150/3484/3120 3600/3474/3231 1149/3483/3122
f 1151/3477/3119 3597/3470/3227 1150/3484/3120
f 3603/3485/3234 3607/3486/3235 3606/3487/3236
f 3605/3488/3237 3607/3486/3235 3604/3489/3238
f 3606/3487/3236 3610/3490/3239 3609/3491/3240
f 3608/3492/3241 3610/3490/3239 3607/3486/3235
f 20/3493/2654 3603/3485/3234 1566/3494/3242
f 362/3495/2653 3604/3489/3238 3603/3485/3234
f 360/3496/2651 3604/3489/3238 361/3497/2652
f 22/3498/2635 3605/3488/3237 360/3496/2651
f 914/3499/3243 3608/3492/3241 3605/3488/3237
f 913/3500/3244 3611/3501/3245 3608/3492/3241
f 912/3502/3246 1569/2600/2481 3611/3501/3245
f 3611/3501/3245 1570/2601/2482 3610/3490/3239
f 3609/3491/3240 1570/2601/2482 1571/2599/2480
f 1568/3503/3247 1571/2599/2480 240/2501/2395
f 1567/3504/3248 3609/3491/3240 1568/3503/3247
f 1566/3494/3242 3606/3487/3236 1567/3504/3248
f 3612/3505/3249 3616/3506/3250 3615/3507/3251
f 3614/3508/3252 3616/3506/3250 3613/3509/3253
f 3615/3507/3251 3619/3510/3254 3618/3511/3255
f 3617/3512/3256 3619/3510/3254 3616/3506/3250
f 2/3513/2833 3612/3505/3249 1524/3514/3257
f 278/3515/2832 3613/3509/3253 3612/3505/3249
f 276/3516/2830 3613/3509/3253 277/3517/2831
f 4/3518/2814 3614/3508/3252 276/3516/2830
f 923/3519/3258 3617/3512/3256 3614/3508/3252
f 922/3520/3259 3620/3521/3260 3617/3512/3256
f 921/3522/3261 1572/2568/2452 3620/3521/3260
f 3620/3521/3260 1573/2569/2453 3619/3510/3254
f 3618/3511/3255 1573/2569/2453 1574/2567/2451
f 1526/3523/3262 1574/2567/2451 226/174/174
f 1525/3524/3263 3618/3511/3255 1526/3523/3262
f 1524/3514/3257 3615/3507/3251 1525/3524/3263
f 3621/3525/3264 3625/3526/3265 3624/3527/3266
f 3623/3528/3267 3625/3526/3265 3622/3529/3268
f 3624/3527/3266 3628/3530/3269 3627/3531/3270
f 3626/3532/3271 3628/3530/3269 3625/3526/3265
f 28/3533/2574 3621/3525/3264 1563/3534/3272
f 398/3535/2573 3622/3529/3268 3621/3525/3264
f 396/3536/2571 3622/3529/3268 397/3537/2572
f 30/3538/2555 3623/3528/3267 396/3536/2571
f 935/3539/3273 3626/3532/3271 3623/3528/3267
f 934/3540/3274 3629/3541/3275 3626/3532/3271
f 933/3542/3276 1575/2552/2439 3629/3541/3275
f 3629/3541/3275 1576/2553/2440 3628/3530/3269
f 3627/3531/3270 1576/2553/2440 1577/2551/2438
f 1565/3543/3277 1577/2551/2438 239/2449/2346
f 1564/3544/3278 3627/3531/3270 1565/3543/3277
f 1563/3534/3272 3624/3527/3266 1564/3544/3278
f 3630/3545/3279 3634/3546/3280 3633/3547/3281
f 3632/3548/3282 3634/3546/3280 3631/3549/3283
f 3633/3547/3281 3637/3550/3284 3636/3551/3285
f 3635/3552/3286 3637/3550/3284 3634/3546/3280
f 10/3553/2755 3630/3545/3279 1560/3554/3287
f 317/3555/2753 3631/3549/3283 3630/3545/3279
f 315/3556/2751 3631/3549/3283 316/3557/2752
f 12/3558/2734 3632/3548/3282 315/3556/2751
f 941/3559/3288 3635/3552/3286 3632/3548/3282
f 940/3560/3289 3638/3561/3290 3635/3552/3286
f 939/3562/3291 1578/2536/2426 3638/3561/3290
f 3638/3561/3290 1579/2537/2427 3637/3550/3284
f 3636/3551/3285 1579/2537/2427 1580/2535/2425
f 1562/3563/3292 1580/2535/2425 238/2413/2317
f 1561/3564/3293 3636/3551/3285 1562/3563/3292
f 1560/3554/3287 3633/3547/3281 1561/3564/3293
f 3639/3565/3294 3643/3566/3295 3642/3567/3296
f 3641/3568/3297 3643/3566/3295 3640/3569/3298
f 3642/3567/3296 3646/3570/3299 3645/3571/3300
f 3644/3572/3301 3646/3570/3299 3643/3566/3295
f 18/3573/2675 3639/3565/3294 1557/3574/3302
f 353/3575/2673 3640/3569/3298 3639/3565/3294
f 351/3576/2671 3640/3569/3298 352/3577/2672
f 20/3493/2654 3641/3568/3297 351/3576/2671
f 1566/3494/3242 3644/3572/3301 3641/3568/3297
f 1567/3504/3248 3647/3578/3303 3644/3572/3301
f 1568/3503/3247 1581/2499/2393 3647/3578/3303
f 3647/3578/3303 1582/2500/2394 3646/3570/3299
f 3645/3571/3300 1582/2500/2394 1583/2498/2392
f 1559/3579/3304 1583/2498/2392 237/14/14
f 1558/3580/3305 3645/3571/3300 1559/3579/3304
f 1557/3574/3302 3642/3567/3296 1558/3580/3305
f 3648/3581/3306 3652/3582/3307 3651/3583/3308
f 3650/3584/3309 3652/3582/3307 3649/3585/3310
f 3651/3583/3308 3655/3586/3311 3654/3587/3312
f 3653/3588/3313 3655/3586/3311 3652/3582/3307
f 26/3589/2595 3648/3581/3306 1554/3590/3314
f 389/3591/2593 3649/3585/3310 3648/3581/3306
f 387/3592/2591 3649/3585/3310 388/3593/2592
f 28/3533/2574 3650/3584/3309 387/3592/2591
f 1563/3534/3272 3653/3588/3313 3650/3584/3309
f 1564/3544/3278 3656/3594/3315 3653/3588/3313
f 1565/3543/3277 1584/2447/2344 3656/3594/3315
f 3656/3594/3315 1585/2448/2345 3655/3586/3311
f 3654/3587/3312 1585/2448/2345 1586/2446/2343
f 1556/3595/3316 1586/2446/2343 236/86/86
f 1555/3596/3317 3654/3587/3312 1556/3595/3316
f 1554/3590/3314 3651/3583/3308 1555/3596/3317
f 3657/3597/3318 3661/3598/3319 3660/3599/3320
f 3659/3600/3321 3661/3598/3319 3658/3601/3322
f 3660/3599/3320 3664/3602/3323 3663/3603/3324
f 3662/3604/3325 3664/3602/3323 3661/3598/3319
f 8/3605/2775 3657/3597/3318 1521/3606/3326
f 308/3607/2773 3658/3601/3322 3657/3597/3318
f 306/3608/2771 3658/3601/3322 307/3609/2772
f 10/3553/2755 3659/3600/3321 306/3608/2771
f 1560/3554/3287 3662/3604/3325 3659/3600/3321
f 1561/3564/3293 3665/3610/3327 3662/3604/3325
f 1562/3563/3292 1587/2411/2315 3665/3610/3327
f 3665/3610/3327 1588/2412/2316 3664/3602/3323
f 3663/3603/3324 1588/2412/2316 1589/2410/2314
f 1523/3611/3328 1589/2410/2314 225/130/130
f 1522/3612/3329 3663/3603/3324 1523/3611/3328
f 1521/3606/3326 3660/3599/3320 1522/3612/3329
f 3666/3613/3330 3670/3614/3331 3669/3615/3332
f 3668/3616/3333 3670/3614/3331 3667/3617/3334
f 3669/3615/3332 3673/3618/3335 3672/3619/3336
f 3671/3620/3337 3673/3618/3335 3670/3614/3331
f 12/3558/2734 3666/3613/3330 941/3559/3288
f 326/3621/2733 3667/3617/3334 3666/3613/3330
f 324/3622/2731 3667/3617/3334 325/3623/2732
f 14/3624/2714 3668/3616/3333 324/3622/2731
f 1551/3625/3338 3671/3620/3337 3668/3616/3333
f 1552/3626/3339 3674/3627/3340 3671/3620/3337
f 1553/3628/3341 1590/360/358 3674/3627/3340
f 3674/3627/3340 1591/361/359 3673/3618/3335
f 3672/3619/3336 1591/361/359 1592/359/357
f 939/3562/3291 1592/359/357 234/357/355
f 940/3560/3289 3672/3619/3336 939/3562/3291
f 941/3559/3288 3669/3615/3332 940/3560/3289
f 3675/3629/3342 3679/3630/3343 3678/3631/3344
f 3677/3632/3345 3679/3630/3343 3676/3633/3346
f 3678/3631/3344 3682/3634/3347 3681/3635/3348
f 3680/3636/3349 3682/3634/3347 3679/3630/3343
f 30/3538/2555 3675/3629/3342 935/3539/3273
f 407/3637/2553 3676/3633/3346 3675/3629/3342
f 405/3638/2551 3676/3633/3346 406/3639/2552
f 32/3640/2534 3677/3632/3345 405/3638/2551
f 1545/3641/3350 3680/3636/3349 3677/3632/3345
f 1546/3642/3351 3683/3643/3352 3680/3636/3349
f 1547/3644/3353 1593/340/338 3683/3643/3352
f 3683/3643/3352 1594/341/339 3682/3634/3347
f 3681/3635/3348 1594/341/339 1595/339/337
f 933/3542/3276 1595/339/337 232/337/335
f 934/3540/3274 3681/3635/3348 933/3542/3276
f 935/3539/3273 3678/3631/3344 934/3540/3274
f 3684/3645/3354 3688/3646/3355 3687/3647/3356
f 3686/3648/3357 3688/3646/3355 3685/3649/3358
f 3687/3647/3356 3691/3650/3359 3690/3651/3360
f 3689/3652/3361 3691/3650/3359 3688/3646/3355
f 4/3518/2814 3684/3645/3354 923/3519/3258
f 290/3653/2813 3685/3649/3358 3684/3645/3354
f 288/3654/2811 3685/3649/3358 289/3655/2812
f 6/3656/2794 3686/3648/3357 288/3654/2811
f 1539/3657/3362 3689/3652/3361 3686/3648/3357
f 1540/3658/3363 3692/3659/3364 3689/3652/3361
f 1541/3660/3365 1596/276/276 3692/3659/3364
f 3692/3659/3364 1597/277/277 3691/3650/3359
f 3690/3651/3360 1597/277/277 1598/275/275
f 921/3522/3261 1598/275/275 230/273/273
f 922/3520/3259 3690/3651/3360 921/3522/3261
f 923/3519/3258 3687/3647/3356 922/3520/3259
f 3693/3661/3366 3697/3662/3367 3696/3663/3368
f 3695/3664/3369 3697/3662/3367 3694/3665/3370
f 3696/3663/3368 3700/3666/3371 3699/3667/3372
f 3698/3668/3373 3700/3666/3371 3697/3662/3367
f 22/3498/2635 3693/3661/3366 914/3499/3243
f 371/3669/2633 3694/3665/3370 3693/3661/3366
f 369/3670/2631 3694/3665/3370 370/3671/2632
f 24/3672/2614 3695/3664/3369 369/3670/2631
f 1533/3673/3374 3698/3668/3373 3695/3664/3369
f 1534/3674/3375 3701/3675/3376 3698/3668/3373
f 1535/3676/3377 1599/236/236 3701/3675/3376
f 3701/3675/3376 1600/237/237 3700/3666/3371
f 3699/3667/3372 1600/237/237 1601/235/235
f 912/3502/3246 1601/235/235 228/233/233
f 913/3500/3244 3699/3667/3372 912/3502/3246
f 914/3499/3243 3696/3663/3368 913/3500/3244
f 3702/3677/3378 3706/3678/3379 3705/3679/3380
f 3704/3680/3381 3706/3678/3379 3703/3681/3382
f 3705/3679/3380 3709/3682/3383 3708/3683/3384
f 3707/3684/3385 3709/3682/3383 3706/3678/3379
f 14/3624/2714 3702/3677/3378 1551/3625/3338
f 335/3685/2713 3703/3681/3382 3702/3677/3378
f 333/3686/2711 3703/3681/3382 334/3687/2712
f 16/3688/2694 3704/3680/3381 333/3686/2711
f 1527/3689/3386 3707/3684/3385 3704/3680/3381
f 1528/3690/3387 3710/3691/3388 3707/3684/3385
f 1529/3692/3389 1602/196/196 3710/3691/3388
f 3710/3691/3388 1603/197/197 3709/3682/3383
f 3708/3683/3384 1603/197/197 1604/195/195
f 1553/3628/3341 1604/195/195 235/193/193
f 1552/3626/3339 3708/3683/3384 1553/3628/3341
f 1551/3625/3338 3705/3679/3380 1552/3626/3339
f 3711/3693/3390 3715/3694/3391 3714/3695/3392
f 3713/3696/3393 3715/3694/3391 3712/3697/3394
f 3714/3695/3392 3718/3698/3395 3717/3699/3396
f 3716/3700/3397 3718/3698/3395 3715/3694/3391
f 32/3640/2534 3711/3693/3390 1545/3641/3350
f 416/3701/2533 3712/3697/3394 3711/3693/3390
f 414/3702/2531 3712/3697/3394 415/3703/2532
f 2/3513/2833 3713/3696/3393 414/3702/2531
f 1524/3514/3257 3716/3700/3397 3713/3696/3393
f 1525/3524/3263 3719/3704/3398 3716/3700/3397
f 1526/3523/3262 1605/172/172 3719/3704/3398
f 3719/3704/3398 1606/173/173 3718/3698/3395
f 3717/3699/3396 1606/173/173 1607/171/171
f 1547/3644/3353 1607/171/171 233/169/169
f 1546/3642/3351 3717/3699/3396 1547/3644/3353
f 1545/3641/3350 3714/3695/3392 1546/3642/3351
f 3720/3705/3399 3724/3706/3400 3723/3707/3401
f 3722/3708/3402 3724/3706/3400 3721/3709/3403
f 3723/3707/3401 3727/3710/3404 3726/3711/3405
f 3725/3712/3406 3727/3710/3404 3724/3706/3400
f 6/3656/2794 3720/3705/3399 1539/3657/3362
f 299/3713/2793 3721/3709/3403 3720/3705/3399
f 297/3714/2791 3721/3709/3403 298/3715/2792
f 8/3605/2775 3722/3708/3402 297/3714/2791
f 1521/3606/3326 3725/3712/3406 3722/3708/3402
f 1522/3612/3329 3728/3716/3407 3725/3712/3406
f 1523/3611/3328 1608/128/128 3728/3716/3407
f 3728/3716/3407 1609/129/129 3727/3710/3404
f 3726/3711/3405 1609/129/129 1610/127/127
f 1541/3660/3365 1610/127/127 231/125/125
f 1540/3658/3363 3726/3711/3405 1541/3660/3365
f 1539/3657/3362 3723/3707/3401 1540/3658/3363
f 3729/3717/3408 3733/3718/3409 3732/3719/3410
f 3731/3720/3411 3733/3718/3409 3730/3721/3412
f 3732/3719/3410 3736/3722/3413 3735/3723/3414
f 3734/3724/3415 3736/3722/3413 3733/3718/3409
f 24/3672/2614 3729/3717/3408 1533/3673/3374
f 380/3725/2613 3730/3721/3412 3729/3717/3408
f 378/3726/2611 3730/3721/3412 379/3727/2612
f 26/3589/2595 3731/3720/3411 378/3726/2611
f 1554/3590/3314 3734/3724/3415 3731/3720/3411
f 1555/3596/3317 3737/3728/3416 3734/3724/3415
f 1556/3595/3316 1611/84/84 3737/3728/3416
f 3737/3728/3416 1612/85/85 3736/3722/3413
f 3735/3723/3414 1612/85/85 1613/83/83
f 1535/3676/3377 1613/83/83 229/81/81
f 1534/3674/3375 3735/3723/3414 1535/3676/3377
f 1533/3673/3374 3732/3719/3410 1534/3674/3375
f 3738/3729/3417 3742/3730/3418 3741/3731/3419
f 3740/3732/3420 3742/3730/3418 3739/3733/3421
f 3741/3731/3419 3745/3734/3422 3744/3735/3423
f 3743/3736/3424 3745/3734/3422 3742/3730/3418
f 16/3688/2694 3738/3729/3417 1527/3689/3386
f 344/3737/2693 3739/3733/3421 3738/3729/3417
f 342/3738/2691 3739/3733/3421 343/3739/2692
f 18/3573/2675 3740/3732/3420 342/3738/2691
f 1557/3574/3302 3743/3736/3424 3740/3732/3420
f 1558/3580/3305 3746/3740/3425 3743/3736/3424
f 1559/3579/3304 1614/12/12 3746/3740/3425
f 3746/3740/3425 1615/13/13 3745/3734/3422
f 3744/3735/3423 1615/13/13 1616/11/11
f 1529/3692/3389 1616/11/11 227/9/9
f 1528/3690/3387 3744/3735/3423 1529/3692/3389
f 1527/3689/3386 3741/3731/3419 1528/3690/3387
f 3748/3741/3426 3750/3742/3427 3747/3743/3428
f 3748/3741/3426 3752/3744/3429 3751/3745/3430
f 3751/3745/3430 3753/3746/3431 3750/3742/3427
f 3751/3745/3430 3755/3747/3432 3754/3748/3433
f 165/3749/3434 3747/3743/3428 1670/3750/3435
f 1196/3751/3436 3748/3741/3426 3747/3743/3428
f 1194/3752/3437 3748/3741/3426 1195/3753/3438
f 164/3754/3439 3749/3755/3440 1194/3752/3437
f 3749/3755/3440 1666/3756/3441 3752/3744/3429
f 3752/3744/3429 1667/3757/3442 3755/3747/3432
f 3755/3747/3432 244/3758/3443 1626/3759/3444
f 3754/3748/3433 1626/3759/3444 1627/3760/3445
f 3754/3748/3433 1628/3761/3446 3753/3746/3431
f 3753/3746/3431 245/3762/3447 1668/3763/3448
f 3750/3742/3427 1668/3763/3448 1669/3764/3449
f 3747/3743/3428 1669/3764/3449 1670/3750/3435
f 3757/3765/3450 3759/3766/3451 3756/3767/3452
f 3757/3765/3450 3761/3768/3453 3760/3769/3454
f 3760/3769/3454 3762/3770/3455 3759/3766/3451
f 3760/3769/3454 3764/3771/3456 3763/3772/3457
f 173/3773/3458 3756/3767/3452 1676/3774/3459
f 1220/3775/3460 3757/3765/3450 3756/3767/3452
f 1218/3776/3461 3757/3765/3450 1219/3777/3462
f 172/3778/3463 3758/3779/3464 1218/3776/3461
f 3758/3779/3464 1672/3780/3465 3761/3768/3453
f 3761/3768/3453 1673/3781/3466 3764/3771/3456
f 3764/3771/3456 252/3782/3467 1650/3783/3468
f 3763/3772/3457 1650/3783/3468 1651/3784/3469
f 3763/3772/3457 1652/3785/3470 3762/3770/3455
f 3762/3770/3455 253/3786/3471 1674/3787/3472
f 3759/3766/3451 1674/3787/3472 1675/3788/3473
f 3756/3767/3452 1675/3788/3473 1676/3774/3459
f 3766/3789/3474 3768/3790/3475 3765/3791/3476
f 3766/3789/3474 3770/3792/3477 3769/3793/3478
f 3769/3793/3478 3771/3794/3479 3768/3790/3475
f 3769/3793/3478 3773/3795/3480 3772/3796/3481
f 166/3797/3482 3765/3791/3476 1679/3798/3483
f 1199/3799/3484 3766/3789/3474 3765/3791/3476
f 1197/3800/3485 3766/3789/3474 1198/3801/3486
f 165/3749/3434 3767/3802/3487 1197/3800/3485
f 3767/3802/3487 1669/3764/3449 3770/3792/3477
f 3770/3792/3477 1668/3763/3448 3773/3795/3480
f 3773/3795/3480 245/3762/3447 1629/3803/3488
f 3772/3796/3481 1629/3803/3488 1630/3804/3489
f 3772/3796/3481 1631/3805/3490 3771/3794/3479
f 3771/3794/3479 246/3806/3491 1677/3807/3492
f 3768/3790/3475 1677/3807/3492 1678/3808/3493
f 3765/3791/3476 1678/3808/3493 1679/3798/3483
f 3775/3809/3494 3777/3810/3495 3774/3811/3496
f 3775/3809/3494 3779/3812/3497 3778/3813/3498
f 3778/3813/3498 3780/3814/3499 3777/3810/3495
f 3778/3813/3498 3782/3815/3500 3781/3816/3501
f 174/3817/3502 3774/3811/3496 1682/3818/3503
f 1223/3819/3504 3775/3809/3494 3774/3811/3496
f 1221/3820/3505 3775/3809/3494 1222/3821/3506
f 173/3773/3458 3776/3822/3507 1221/3820/3505
f 3776/3822/3507 1675/3788/3473 3779/3812/3497
f 3779/3812/3497 1674/3787/3472 3782/3815/3500
f 3782/3815/3500 253/3786/3471 1653/3823/3508
f 3781/3816/3501 1653/3823/3508 1654/3824/3509
f 3781/3816/3501 1655/3825/3510 3780/3814/3499
f 3780/3814/3499 254/3826/3511 1680/3827/3512
f 3777/3810/3495 1680/3827/3512 1681/3828/3513
f 3774/3811/3496 1681/3828/3513 1682/3818/3503
f 3784/3829/3514 3786/3830/3515 3783/3831/3516
f 3784/3829/3514 3788/3832/3517 3787/3833/3518
f 3787/3833/3518 3789/3834/3519 3786/3830/3515
f 3787/3833/3518 3791/3835/3520 3790/3836/3521
f 167/3837/3522 3783/3831/3516 1685/3838/3523
f 1202/3839/3524 3784/3829/3514 3783/3831/3516
f 1200/3840/3525 3784/3829/3514 1201/3841/3526
f 166/3797/3482 3785/3842/3527 1200/3840/3525
f 3785/3842/3527 1678/3808/3493 3788/3832/3517
f 3788/3832/3517 1677/3807/3492 3791/3835/3520
f 3791/3835/3520 246/3806/3491 1632/3843/3528
f 3790/3836/3521 1632/3843/3528 1633/3844/3529
f 3790/3836/3521 1634/3845/3444 3789/3834/3519
f 3789/3834/3519 247/3846/3530 1683/3847/3531
f 3786/3830/3515 1683/3847/3531 1684/3848/3532
f 3783/3831/3516 1684/3848/3532 1685/3838/3523
f 3793/3849/3533 3795/3850/3534 3792/3851/3535
f 3793/3849/3533 3797/3852/3536 3796/3853/3537
f 3796/3853/3537 3798/3854/3538 3795/3850/3534
f 3796/3853/3537 3800/3855/3539 3799/3856/3540
f 175/3857/3541 3792/3851/3535 1688/3858/3542
f 1226/3859/3543 3793/3849/3533 3792/3851/3535
f 1224/3860/3544 3793/3849/3533 1225/3861/3545
f 174/3817/3502 3794/3862/3546 1224/3860/3544
f 3794/3862/3546 1681/3828/3513 3797/3852/3536
f 3797/3852/3536 1680/3827/3512 3800/3855/3539
f 3800/3855/3539 254/3826/3511 1656/3863/3547
f 3799/3856/3540 1656/3863/3547 1657/3864/3548
f 3799/3856/3540 1658/3865/3468 3798/3854/3538
f 3798/3854/3538 255/3866/3549 1686/3867/3550
f 3795/3850/3534 1686/3867/3550 1687/3868/3551
f 3792/3851/3535 1687/3868/3551 1688/3858/3542
f 3802/3869/3552 3804/3870/3553 3801/3871/3554
f 3802/3869/3552 3806/3872/3555 3805/3873/3556
f 3805/3873/3556 3807/3874/3557 3804/3870/3553
f 3805/3873/3556 3809/3875/3558 3808/3876/3559
f 168/3877/3560 3801/3871/3554 1691/3878/3561
f 1205/3879/3562 3802/3869/3552 3801/3871/3554
f 1203/3880/3563 3802/3869/3552 1204/3881/3564
f 167/3837/3522 3803/3882/3565 1203/3880/3563
f 3803/3882/3565 1684/3848/3532 3806/3872/3555
f 3806/3872/3555 1683/3847/3531 3809/3875/3558
f 3809/3875/3558 247/3846/3530 1635/3883/3566
f 3808/3876/3559 1635/3883/3566 1636/3884/3567
f 3808/3876/3559 1637/3885/3488 3807/3874/3557
f 3807/3874/3557 248/3886/3568 1689/3887/3569
f 3804/3870/3553 1689/3887/3569 1690/3888/3570
f 3801/3871/3554 1690/3888/3570 1691/3878/3561
f 3811/3889/3571 3813/3890/3572 3810/3891/3573
f 3811/3889/3571 3815/3892/3574 3814/3893/3575
f 3814/3893/3575 3816/3894/3576 3813/3890/3572
f 3814/3893/3575 3818/3895/3577 3817/3896/3578
f 176/3897/3579 3810/3891/3573 1694/3898/3580
f 1229/3899/3581 3811/3889/3571 3810/3891/3573
f 1227/3900/3582 3811/3889/3571 1228/3901/3583
f 175/3857/3541 3812/3902/3584 1227/3900/3582
f 3812/3902/3584 1687/3868/3551 3815/3892/3574
f 3815/3892/3574 1686/3867/3550 3818/3895/3577
f 3818/3895/3577 255/3866/3549 1659/3903/3585
f 3817/3896/3578 1659/3903/3585 1660/3904/3586
f 3817/3896/3578 1661/3905/3587 3816/3894/3576
f 3816/3894/3576 256/3906/3588 1692/3907/3589
f 3813/3890/3572 1692/3907/3589 1693/3908/3590
f 3810/3891/3573 1693/3908/3590 1694/3898/3580
f 3820/3909/3591 3822/3910/3592 3819/3911/3593
f 3820/3909/3591 3824/3912/3594 3823/3913/3595
f 3823/3913/3595 3825/3914/3596 3822/3910/3592
f 3823/3913/3595 3827/3915/3597 3826/3916/3598
f 169/3917/3599 3819/3911/3593 1697/3918/3600
f 1208/3919/3601 3820/3909/3591 3819/3911/3593
f 1206/3920/3602 3820/3909/3591 1207/3921/3603
f 168/3877/3560 3821/3922/3604 1206/3920/3602
f 3821/3922/3604 1690/3888/3570 3824/3912/3594
f 3824/3912/3594 1689/3887/3569 3827/3915/3597
f 3827/3915/3597 248/3886/3568 1638/3923/3605
f 3826/3916/3598 1638/3923/3605 1639/3924/3606
f 3826/3916/3598 1640/3925/3528 3825/3914/3596
f 3825/3914/3596 249/3926/3607 1695/3927/3608
f 3822/3910/3592 1695/3927/3608 1696/3928/3609
f 3819/3911/3593 1696/3928/3609 1697/3918/3600
f 3829/3929/3610 3831/3930/3611 3828/3931/3612
f 3829/3929/3610 3833/3932/3613 3832/3933/3614
f 3832/3933/3614 3834/3934/3615 3831/3930/3611
f 3832/3933/3614 3836/3935/3616 3835/3936/3617
f 162/3937/3618 3828/3931/3612 1703/3938/3619
f 1187/3939/3620 3829/3929/3610 3828/3931/3612
f 1185/3940/3621 3829/3929/3610 1186/3941/3622
f 161/3942/3623 3830/3943/3624 1185/3940/3621
f 3830/3943/3624 1699/3944/3625 3833/3932/3613
f 3833/3932/3613 1700/3945/3626 3836/3935/3616
f 3836/3935/3616 241/3946/3627 1617/3947/3628
f 3835/3936/3617 1617/3947/3628 1618/3948/3629
f 3835/3936/3617 1619/3949/3585 3834/3934/3615
f 3834/3934/3615 242/3950/3630 1701/3951/3631
f 3831/3930/3611 1701/3951/3631 1702/3952/3632
f 3828/3931/3612 1702/3952/3632 1703/3938/3619
f 3838/3953/3633 3840/3954/3634 3837/3955/3635
f 3838/3953/3633 3842/3956/3636 3841/3957/3637
f 3841/3957/3637 3843/3958/3638 3840/3954/3634
f 3841/3957/3637 3845/3959/3639 3844/3960/3640
f 161/3961/3623 3837/3955/3635 1698/3962/3641
f 1232/3963/3642 3838/3953/3633 3837/3955/3635
f 1230/3964/3643 3838/3953/3633 1231/3965/3644
f 176/3897/3579 3839/3966/3645 1230/3964/3643
f 3839/3966/3645 1693/3908/3590 3842/3956/3636
f 3842/3956/3636 1692/3907/3589 3845/3959/3639
f 3845/3959/3639 256/3906/3588 1662/3967/3646
f 3844/3960/3640 1662/3967/3646 1663/3968/3647
f 3844/3960/3640 1664/3969/3547 3843/3958/3638
f 3843/3958/3638 241/3970/3627 1700/3971/3626
f 3840/3954/3634 1700/3971/3626 1699/3972/3625
f 3837/3955/3635 1699/3972/3625 1698/3962/3641
f 3847/3973/3648 3849/3974/3649 3846/3975/3650
f 3847/3973/3648 3851/3976/3651 3850/3977/3652
f 3850/3977/3652 3852/3978/3653 3849/3974/3649
f 3850/3977/3652 3854/3979/3654 3853/3980/3655
f 170/3981/3656 3846/3975/3650 1706/3982/3657
f 1211/3983/3658 3847/3973/3648 3846/3975/3650
f 1209/3984/3659 3847/3973/3648 1210/3985/3660
f 169/3917/3599 3848/3986/3661 1209/3984/3659
f 3848/3986/3661 1696/3928/3609 3851/3976/3651
f 3851/3976/3651 1695/3927/3608 3854/3979/3654
f 3854/3979/3654 249/3926/3607 1641/3987/3662
f 3853/3980/3655 1641/3987/3662 1642/3988/3663
f 3853/3980/3655 1643/3989/3566 3852/3978/3653
f 3852/3978/3653 250/3990/3664 1704/3991/3665
f 3849/3974/3649 1704/3991/3665 1705/3992/3666
f 3846/3975/3650 1705/3992/3666 1706/3982/3657
f 3856/3993/3667 3858/3994/3668 3855/3995/3669
f 3856/3993/3667 3860/3996/3670 3859/3997/3671
f 3859/3997/3671 3861/3998/3672 3858/3994/3668
f 3859/3997/3671 3863/3999/3673 3862/4000/3674
f 163/4001/3675 3855/3995/3669 1709/4002/3676
f 1190/4003/3677 3856/3993/3667 3855/3995/3669
f 1188/4004/3678 3856/3993/3667 1189/4005/3679
f 162/3937/3618 3857/4006/3680 1188/4004/3678
f 3857/4006/3680 1702/3952/3632 3860/3996/3670
f 3860/3996/3670 1701/3951/3631 3863/3999/3673
f 3863/3999/3673 242/3950/3630 1620/4007/3681
f 3862/4000/3674 1620/4007/3681 1621/4008/3682
f 3862/4000/3674 1622/4009/3646 3861/3998/3672
f 3861/3998/3672 243/4010/3683 1707/4011/3684
f 3858/3994/3668 1707/4011/3684 1708/4012/3685
f 3855/3995/3669 1708/4012/3685 1709/4002/3676
f 3865/4013/3686 3867/4014/3687 3864/4015/3688
f 3865/4013/3686 3869/4016/3689 3868/4017/3690
f 3868/4017/3690 3870/4018/3691 3867/4014/3687
f 3868/4017/3690 3872/4019/3692 3871/4020/3693
f 171/4021/3694 3864/4015/3688 1712/4022/3695
f 1214/4023/3696 3865/4013/3686 3864/4015/3688
f 1212/4024/3697 3865/4013/3686 1213/4025/3698
f 170/3981/3656 3866/4026/3699 1212/4024/3697
f 3866/4026/3699 1705/3992/3666 3869/4016/3689
f 3869/4016/3689 1704/3991/3665 3872/4019/3692
f 3872/4019/3692 250/3990/3664 1644/4027/3470
f 3871/4020/3693 1644/4027/3470 1645/4028/3700
f 3871/4020/3693 1646/4029/3605 3870/4018/3691
f 3870/4018/3691 251/4030/3701 1710/4031/3702
f 3867/4014/3687 1710/4031/3702 1711/4032/3703
f 3864/4015/3688 1711/4032/3703 1712/4022/3695
f 3874/4033/3704 3876/4034/3705 3873/4035/3706
f 3874/4033/3704 3878/4036/3707 3877/4037/3708
f 3877/4037/3708 3879/4038/3709 3876/4034/3705
f 3877/4037/3708 3881/4039/3710 3880/4040/3711
f 164/3754/3439 3873/4035/3706 1665/4041/3712
f 1193/4042/3713 3874/4033/3704 3873/4035/3706
f 1191/4043/3714 3874/4033/3704 1192/4044/3715
f 163/4001/3675 3875/4045/3716 1191/4043/3714
f 3875/4045/3716 1708/4012/3685 3878/4036/3707
f 3878/4036/3707 1707/4011/3684 3881/4039/3710
f 3881/4039/3710 243/4010/3683 1623/4046/3490
f 3880/4040/3711 1623/4046/3490 1624/4047/3717
f 3880/4040/3711 1625/4048/3628 3879/4038/3709
f 3879/4038/3709 244/3758/3443 1667/3757/3442
f 3876/4034/3705 1667/3757/3442 1666/3756/3441
f 3873/4035/3706 1666/3756/3441 1665/4041/3712
f 3883/4049/3718 3885/4050/3719 3882/4051/3720
f 3883/4049/3718 3887/4052/3721 3886/4053/3722
f 3886/4053/3722 3888/4054/3723 3885/4050/3719
f 3886/4053/3722 3890/4055/3724 3889/4056/3725
f 172/3778/3463 3882/4051/3720 1671/4057/3726
f 1217/4058/3727 3883/4049/3718 3882/4051/3720
f 1215/4059/3728 3883/4049/3718 1216/4060/3729
f 171/4021/3694 3884/4061/3730 1215/4059/3728
f 3884/4061/3730 1711/4032/3703 3887/4052/3721
f 3887/4052/3721 1710/4031/3702 3890/4055/3724
f 3890/4055/3724 251/4030/3701 1647/4062/3510
f 3889/4056/3725 1647/4062/3510 1648/4063/3731
f 3889/4056/3725 1649/4064/3662 3888/4054/3723
f 3888/4054/3723 252/3782/3467 1673/3781/3466
f 3885/4050/3719 1673/3781/3466 1672/3780/3465
f 3882/4051/3720 1672/3780/3465 1671/4057/3726
f 3893/4065/3732 3923/4066/3732 3892/4067/3732
f 3895/4068/3732 3893/4065/3732 3894/4069/3732
f 3897/4070/3732 3895/4068/3732 3896/4071/3732
f 3899/4072/3732 3897/4070/3732 3898/4073/3732
f 3901/4074/3732 3899/4072/3732 3900/4075/3732
f 3903/4076/3732 3901/4074/3732 3902/4077/3732
f 3905/4078/3732 3903/4076/3732 3904/4079/3732
f 3907/4080/3732 3905/4078/3732 3906/4081/3732
f 3909/4082/3732 3907/4080/3732 3908/4083/3732
f 3911/4084/3732 3909/4082/3732 3910/4085/3732
f 3913/4086/3732 3911/4084/3732 3912/4087/3732
f 3915/4088/3732 3913/4086/3732 3914/4089/3732
f 3917/4090/3732 3915/4088/3732 3916/4091/3732
f 3919/4092/3732 3917/4090/3732 3918/4093/3732
f 3921/4094/3732 3919/4092/3732 3920/4095/3732
f 3923/4066/3732 3921/4094/3732 3922/4096/3732
f 1664/3969/3547 1617/4097/3628 241/3970/3627
f 1663/3968/3647 3892/4067/3732 1664/3969/3547
f 3892/4067/3732 1618/4098/3629 1617/4097/3628
f 1661/3905/3587 1662/3967/3646 256/3906/3588
f 1660/3904/3586 3894/4069/3732 1661/3905/3587
f 3894/4069/3732 1663/3968/3647 1662/3967/3646
f 1658/3865/3468 1659/3903/3585 255/3866/3549
f 1657/3864/3548 3896/4071/3732 1658/3865/3468
f 3896/4071/3732 1660/3904/3586 1659/3903/3585
f 1655/3825/3510 1656/3863/3547 254/3826/3511
f 1654/3824/3509 3898/4073/3732 1655/3825/3510
f 3898/4073/3732 1657/3864/3548 1656/3863/3547
f 1652/3785/3470 1653/3823/3508 253/3786/3471
f 1651/3784/3469 3900/4075/3732 1652/3785/3470
f 3900/4075/3732 1654/3824/3509 1653/3823/3508
f 1649/4064/3662 1650/3783/3468 252/3782/3467
f 1648/4063/3731 3902/4077/3732 1649/4064/3662
f 3902/4077/3732 1651/3784/3469 1650/3783/3468
f 1646/4029/3605 1647/4062/3510 251/4030/3701
f 1645/4028/3700 3904/4079/3732 1646/4029/3605
f 3904/4079/3732 1648/4063/3731 1647/4062/3510
f 1643/3989/3566 1644/4027/3470 250/3990/3664
f 1642/3988/3663 3906/4081/3732 1643/3989/3566
f 3906/4081/3732 1645/4028/3700 1644/4027/3470
f 1640/3925/3528 1641/3987/3662 249/3926/3607
f 1639/3924/3606 3908/4083/3732 1640/3925/3528
f 3908/4083/3732 1642/3988/3663 1641/3987/3662
f 1637/3885/3488 1638/3923/3605 248/3886/3568
f 1636/3884/3567 3910/4085/3732 1637/3885/3488
f 3910/4085/3732 1639/3924/3606 1638/3923/3605
f 1634/3845/3444 1635/3883/3566 247/3846/3530
f 1633/3844/3529 3912/4087/3732 1634/3845/3444
f 3912/4087/3732 1636/3884/3567 1635/3883/3566
f 1631/3805/3490 1632/3843/3528 246/3806/3491
f 1630/3804/3489 3914/4089/3732 1631/3805/3490
f 3914/4089/3732 1633/3844/3529 1632/3843/3528
f 1628/3761/3446 1629/3803/3488 245/3762/3447
f 1627/3760/3445 3916/4091/3732 1628/3761/3446
f 3916/4091/3732 1630/3804/3489 1629/3803/3488
f 1625/4048/3628 1626/3759/3444 244/3758/3443
f 1624/4047/3717 3918/4093/3732 1625/4048/3628
f 3918/4093/3732 1627/3760/3445 1626/3759/3444
f 1622/4009/3646 1623/4046/3490 243/4010/3683
f 1621/4008/3682 3920/4095/3732 1622/4009/3646
f 3920/4095/3732 1624/4047/3717 1623/4046/3490
f 1619/4099/3585 1620/4007/3681 242/3950/3630
f 1618/4098/3629 3922/4096/3732 1619/4099/3585
f 3922/4096/3732 1621/4008/3682 1620/4007/3681
f 3925/4100/3733 3927/4101/3734 3924/4102/3735
f 3926/4103/3736 3928/4104/3737 3925/4100/3733
f 3928/4104/3737 3930/4105/3738 3927/4101/3734
f 3928/4104/3737 3932/4106/3739 3931/4107/3740
f 161/3942/3623 3924/4102/3735 1749/4108/3741
f 1185/3940/3621 3925/4100/3733 3924/4102/3735
f 1187/3939/3620 3925/4100/3733 1186/3941/3622
f 162/3937/3618 3926/4103/3736 1187/3939/3620
f 1316/4109/3742 3929/4110/3743 3926/4103/3736
f 1315/4111/3744 3932/4106/3739 3929/4110/3743
f 3932/4106/3739 268/3024/2807 1761/3045/2827
f 3932/4106/3739 1762/3046/2828 3931/4107/3740
f 3930/4105/3738 1762/3046/2828 1763/3042/2825
f 3930/4105/3738 269/3044/2826 1751/4112/3745
f 1750/4113/3746 3930/4105/3738 1751/4112/3745
f 1749/4108/3741 3927/4101/3734 1750/4113/3746
f 3934/4114/3747 3936/4115/3748 3933/4116/3749
f 3935/4117/3750 3937/4118/3751 3934/4114/3747
f 3937/4118/3751 3939/4119/3752 3936/4115/3748
f 3937/4118/3751 3941/4120/3753 3940/4121/3754
f 162/3937/3618 3933/4116/3749 1316/4109/3742
f 1188/4004/3678 3934/4114/3747 3933/4116/3749
f 1190/4003/3677 3934/4114/3747 1189/4005/3679
f 163/4001/3675 3935/4117/3750 1190/4003/3677
f 1313/4122/3755 3938/4123/3756 3935/4117/3750
f 1312/4124/3757 3941/4120/3753 3938/4123/3756
f 3941/4120/3753 267/3004/2787 1764/3025/2808
f 3941/4120/3753 1765/3026/2809 3940/4121/3754
f 3939/4119/3752 1765/3026/2809 1766/3022/2805
f 3939/4119/3752 268/3024/2807 1314/4125/3758
f 1315/4111/3744 3939/4119/3752 1314/4125/3758
f 1316/4109/3742 3936/4115/3748 1315/4111/3744
f 3943/4126/3759 3945/4127/3760 3942/4128/3761
f 3944/4129/3762 3946/4130/3763 3943/4126/3759
f 3946/4130/3763 3948/4131/3764 3945/4127/3760
f 3946/4130/3763 3950/4132/3765 3949/4133/3766
f 163/4001/3675 3942/4128/3761 1313/4122/3755
f 1191/4043/3714 3943/4126/3759 3942/4128/3761
f 1193/4042/3713 3943/4126/3759 1192/4044/3715
f 164/3754/3439 3944/4129/3762 1193/4042/3713
f 1310/4134/3767 3947/4135/3768 3944/4129/3762
f 1309/4136/3769 3950/4132/3765 3947/4135/3768
f 3950/4132/3765 266/2984/2767 1767/3005/2788
f 3950/4132/3765 1768/3006/2789 3949/4133/3766
f 3948/4131/3764 1768/3006/2789 1769/3002/2785
f 3948/4131/3764 267/3004/2787 1311/4137/3770
f 1312/4124/3757 3948/4131/3764 1311/4137/3770
f 1313/4122/3755 3945/4127/3760 1312/4124/3757
f 3952/4138/3771 3954/4139/3772 3951/4140/3773
f 3953/4141/3774 3955/4142/3775 3952/4138/3771
f 3955/4142/3775 3957/4143/3776 3954/4139/3772
f 3955/4142/3775 3959/4144/3777 3958/4145/3778
f 164/3754/3439 3951/4140/3773 1310/4134/3767
f 1194/3752/3437 3952/4138/3771 3951/4140/3773
f 1196/3751/3436 3952/4138/3771 1195/3753/3438
f 165/3749/3434 3953/4141/3774 1196/3751/3436
f 1307/4146/3779 3956/4147/3780 3953/4141/3774
f 1306/4148/3781 3959/4144/3777 3956/4147/3780
f 3959/4144/3777 265/2964/2747 1770/2985/2768
f 3959/4144/3777 1771/2986/2769 3958/4145/3778
f 3957/4143/3776 1771/2986/2769 1772/2982/2765
f 3957/4143/3776 266/2984/2767 1308/4149/3782
f 1309/4136/3769 3957/4143/3776 1308/4149/3782
f 1310/4134/3767 3954/4139/3772 1309/4136/3769
f 3961/4150/3783 3963/4151/3784 3960/4152/3785
f 3962/4153/3786 3964/4154/3787 3961/4150/3783
f 3964/4154/3787 3966/4155/3788 3963/4151/3784
f 3964/4154/3787 3968/4156/3789 3967/4157/3790
f 165/3749/3434 3960/4152/3785 1307/4146/3779
f 1197/3800/3485 3961/4150/3783 3960/4152/3785
f 1199/3799/3484 3961/4150/3783 1198/3801/3486
f 166/3797/3482 3962/4153/3786 1199/3799/3484
f 1304/4158/3791 3965/4159/3792 3962/4153/3786
f 1303/4160/3793 3968/4156/3789 3965/4159/3792
f 3968/4156/3789 264/2944/2727 1773/2965/2748
f 3968/4156/3789 1774/2966/2749 3967/4157/3790
f 3966/4155/3788 1774/2966/2749 1775/2962/2745
f 3966/4155/3788 265/2964/2747 1305/4161/3794
f 1306/4148/3781 3966/4155/3788 1305/4161/3794
f 1307/4146/3779 3963/4151/3784 1306/4148/3781
f 3970/4162/3795 3972/4163/3796 3969/4164/3797
f 3971/4165/3798 3973/4166/3799 3970/4162/3795
f 3973/4166/3799 3975/4167/3800 3972/4163/3796
f 3973/4166/3799 3977/4168/3801 3976/4169/3802
f 166/3797/3482 3969/4164/3797 1304/4158/3791
f 1200/3840/3525 3970/4162/3795 3969/4164/3797
f 1202/3839/3524 3970/4162/3795 1201/3841/3526
f 167/3837/3522 3971/4165/3798 1202/3839/3524
f 1301/4170/3803 3974/4171/3804 3971/4165/3798
f 1300/4172/3805 3977/4168/3801 3974/4171/3804
f 3977/4168/3801 263/2924/2707 1776/2945/2728
f 3977/4168/3801 1777/2946/2729 3976/4169/3802
f 3975/4167/3800 1777/2946/2729 1778/2942/2725
f 3975/4167/3800 264/2944/2727 1302/4173/3806
f 1303/4160/3793 3975/4167/3800 1302/4173/3806
f 1304/4158/3791 3972/4163/3796 1303/4160/3793
f 3979/4174/3807 3981/4175/3808 3978/4176/3809
f 3980/4177/3810 3982/4178/3811 3979/4174/3807
f 3982/4178/3811 3984/4179/3812 3981/4175/3808
f 3982/4178/3811 3986/4180/3813 3985/4181/3814
f 167/3837/3522 3978/4176/3809 1301/4170/3803
f 1203/3880/3563 3979/4174/3807 3978/4176/3809
f 1205/3879/3562 3979/4174/3807 1204/3881/3564
f 168/3877/3560 3980/4177/3810 1205/3879/3562
f 1325/4182/3815 3983/4183/3816 3980/4177/3810
f 1324/4184/3817 3986/4180/3813 3983/4183/3816
f 3986/4180/3813 271/2904/2687 1779/2925/2708
f 3986/4180/3813 1780/2926/2709 3985/4181/3814
f 3984/4179/3812 1780/2926/2709 1781/2922/2705
f 3984/4179/3812 263/2924/2707 1299/4185/3818
f 1300/4172/3805 3984/4179/3812 1299/4185/3818
f 1301/4170/3803 3981/4175/3808 1300/4172/3805
f 3988/4186/3819 3990/4187/3820 3987/4188/3821
f 3989/4189/3822 3991/4190/3823 3988/4186/3819
f 3991/4190/3823 3993/4191/3824 3990/4187/3820
f 3991/4190/3823 3995/4192/3825 3994/4193/3826
f 168/3877/3560 3987/4188/3821 1325/4182/3815
f 1206/3920/3602 3988/4186/3819 3987/4188/3821
f 1208/3919/3601 3988/4186/3819 1207/3921/3603
f 169/3917/3599 3989/4189/3822 1208/3919/3601
f 1295/4194/3827 3992/4195/3828 3989/4189/3822
f 1294/4196/3829 3995/4192/3825 3992/4195/3828
f 3995/4192/3825 261/2884/2667 1782/2905/2688
f 3995/4192/3825 1783/2906/2689 3994/4193/3826
f 3993/4191/3824 1783/2906/2689 1784/2902/2685
f 3993/4191/3824 271/2904/2687 1323/4197/3830
f 1324/4184/3817 3993/4191/3824 1323/4197/3830
f 1325/4182/3815 3990/4187/3820 1324/4184/3817
f 3997/4198/3831 3999/4199/3832 3996/4200/3833
f 3998/4201/3834 4000/4202/3835 3997/4198/3831
f 4000/4202/3835 4002/4203/3836 3999/4199/3832
f 4000/4202/3835 4004/4204/3837 4003/4205/3838
f 169/3917/3599 3996/4200/3833 1295/4194/3827
f 1209/3984/3659 3997/4198/3831 3996/4200/3833
f 1211/3983/3658 3997/4198/3831 1210/3985/3660
f 170/3981/3656 3998/4201/3834 1211/3983/3658
f 1322/4206/3839 4001/4207/3840 3998/4201/3834
f 1321/4208/3841 4004/4204/3837 4001/4207/3840
f 4004/4204/3837 270/2864/2647 1785/2885/2668
f 4004/4204/3837 1786/2886/2669 4003/4205/3838
f 4002/4203/3836 1786/2886/2669 1787/2882/2665
f 4002/4203/3836 261/2884/2667 1293/4209/3842
f 1294/4196/3829 4002/4203/3836 1293/4209/3842
f 1295/4194/3827 3999/4199/3832 1294/4196/3829
f 4006/4210/3843 4008/4211/3844 4005/4212/3845
f 4007/4213/3846 4009/4214/3847 4006/4210/3843
f 4009/4214/3847 4011/4215/3848 4008/4211/3844
f 4009/4214/3847 4013/4216/3849 4012/4217/3850
f 170/3981/3656 4005/4212/3845 1322/4206/3839
f 1212/4024/3697 4006/4210/3843 4005/4212/3845
f 1214/4023/3696 4006/4210/3843 1213/4025/3698
f 171/4021/3694 4007/4213/3846 1214/4023/3696
f 1328/4218/3851 4010/4219/3852 4007/4213/3846
f 1327/4220/3853 4013/4216/3849 4010/4219/3852
f 4013/4216/3849 272/2844/2627 1788/2865/2648
f 4013/4216/3849 1789/2866/2649 4012/4217/3850
f 4011/4215/3848 1789/2866/2649 1790/2862/2645
f 4011/4215/3848 270/2864/2647 1320/4221/3854
f 1321/4208/3841 4011/4215/3848 1320/4221/3854
f 1322/4206/3839 4008/4211/3844 1321/4208/3841
f 4015/4222/3855 4017/4223/3856 4014/4224/3857
f 4016/4225/3858 4018/4226/3859 4015/4222/3855
f 4018/4226/3859 4020/4227/3860 4017/4223/3856
f 4018/4226/3859 4022/4228/3861 4021/4229/3862
f 171/4021/3694 4014/4224/3857 1328/4218/3851
f 1215/4059/3728 4015/4222/3855 4014/4224/3857
f 1217/4058/3727 4015/4222/3855 1216/4060/3729
f 172/3778/3463 4016/4225/3858 1217/4058/3727
f 1289/4230/3863 4019/4231/3864 4016/4225/3858
f 1288/4232/3865 4022/4228/3861 4019/4231/3864
f 4022/4228/3861 259/2824/2607 1791/2845/2628
f 4022/4228/3861 1792/2846/2629 4021/4229/3862
f 4020/4227/3860 1792/2846/2629 1793/2842/2625
f 4020/4227/3860 272/2844/2627 1326/4233/3866
f 1327/4220/3853 4020/4227/3860 1326/4233/3866
f 1328/4218/3851 4017/4223/3856 1327/4220/3853
f 4024/4234/3867 4026/4235/3868 4023/4236/3869
f 4025/4237/3870 4027/4238/3871 4024/4234/3867
f 4027/4238/3871 4029/4239/3872 4026/4235/3868
f 4027/4238/3871 4031/4240/3873 4030/4241/3874
f 172/3778/3463 4023/4236/3869 1289/4230/3863
f 1218/3776/3461 4024/4234/3867 4023/4236/3869
f 1220/3775/3460 4024/4234/3867 1219/3777/3462
f 173/3773/3458 4025/4237/3870 1220/3775/3460
f 1286/4242/3875 4028/4243/3876 4025/4237/3870
f 1285/4244/3877 4031/4240/3873 4028/4243/3876
f 4031/4240/3873 258/2804/2587 1794/2825/2608
f 4031/4240/3873 1795/2826/2609 4030/4241/3874
f 4029/4239/3872 1795/2826/2609 1796/2822/2605
f 4029/4239/3872 259/2824/2607 1287/4245/3878
f 1288/4232/3865 4029/4239/3872 1287/4245/3878
f 1289/4230/3863 4026/4235/3868 1288/4232/3865
f 4033/4246/3879 4035/4247/3880 4032/4248/3881
f 4034/4249/3882 4036/4250/3883 4033/4246/3879
f 4036/4250/3883 4038/4251/3884 4035/4247/3880
f 4036/4250/3883 4040/4252/3885 4039/4253/3886
f 173/3773/3458 4032/4248/3881 1286/4242/3875
f 1221/3820/3505 4033/4246/3879 4032/4248/3881
f 1223/3819/3504 4033/4246/3879 1222/3821/3506
f 174/3817/3502 4034/4249/3882 1223/3819/3504
f 1283/4254/3887 4037/4255/3888 4034/4249/3882
f 1282/4256/3889 4040/4252/3885 4037/4255/3888
f 4040/4252/3885 257/2784/2567 1797/2805/2588
f 4040/4252/3885 1798/2806/2589 4039/4253/3886
f 4038/4251/3884 1798/2806/2589 1799/2802/2585
f 4038/4251/3884 258/2804/2587 1284/4257/3890
f 1285/4244/3877 4038/4251/3884 1284/4257/3890
f 1286/4242/3875 4035/4247/3880 1285/4244/3877
f 4042/4258/3891 4044/4259/3892 4041/4260/3893
f 4043/4261/3894 4045/4262/3895 4042/4258/3891
f 4045/4262/3895 4047/4263/3896 4044/4259/3892
f 4045/4262/3895 4049/4264/3897 4048/4265/3898
f 174/3817/3502 4041/4260/3893 1283/4254/3887
f 1224/3860/3544 4042/4258/3891 4041/4260/3893
f 1226/3859/3543 4042/4258/3891 1225/3861/3545
f 175/3857/3541 4043/4261/3894 1226/3859/3543
f 1292/4266/3899 4046/4267/3900 4043/4261/3894
f 1291/4268/3901 4049/4264/3897 4046/4267/3900
f 4049/4264/3897 260/2764/2547 1800/2785/2568
f 4049/4264/3897 1801/2786/2569 4048/4265/3898
f 4047/4263/3896 1801/2786/2569 1802/2782/2565
f 4047/4263/3896 257/2784/2567 1281/4269/3902
f 1282/4256/3889 4047/4263/3896 1281/4269/3902
f 1283/4254/3887 4044/4259/3892 1282/4256/3889
f 4051/4270/3903 4053/4271/3904 4050/4272/3905
f 4052/4273/3906 4054/4274/3907 4051/4270/3903
f 4054/4274/3907 4056/4275/3908 4053/4271/3904
f 4054/4274/3907 4058/4276/3909 4057/4277/3910
f 175/3857/3541 4050/4272/3905 1292/4266/3899
f 1227/3900/3582 4051/4270/3903 4050/4272/3905
f 1229/3899/3581 4051/4270/3903 1228/3901/3583
f 176/3897/3579 4052/4273/3906 1229/3899/3581
f 1298/4278/3911 4055/4279/3912 4052/4273/3906
f 1297/4280/3913 4058/4276/3909 4055/4279/3912
f 4058/4276/3909 262/2741/2524 1803/2765/2548
f 4058/4276/3909 1804/2766/2549 4057/4277/3910
f 4056/4275/3908 1804/2766/2549 1805/2762/2545
f 4056/4275/3908 260/2764/2547 1290/4281/3914
f 1291/4268/3901 4056/4275/3908 1290/4281/3914
f 1292/4266/3899 4053/4271/3904 1291/4268/3901
f 4060/4282/3915 4062/4283/3916 4059/4284/3917
f 4061/4285/3918 4063/4286/3919 4060/4282/3915
f 4063/4286/3919 4065/4287/3920 4062/4283/3916
f 4063/4286/3919 4067/4288/3921 4066/4289/3922
f 176/3897/3579 4059/4284/3917 1298/4278/3911
f 1230/3964/3643 4060/4282/3915 4059/4284/3917
f 1232/3963/3642 4060/4282/3915 1231/3965/3644
f 161/3961/3623 4061/4285/3918 1232/3963/3642
f 1749/4290/3741 4064/4291/3923 4061/4285/3918
f 1750/4292/3746 4067/4288/3921 4064/4291/3923
f 4067/4288/3921 269/4293/2826 1806/2742/2525
f 4067/4288/3921 1807/2743/2526 4066/4289/3922
f 4065/4287/3920 1807/2743/2526 1808/2739/2522
f 4065/4287/3920 262/2741/2524 1296/4294/3924
f 1297/4280/3913 4065/4287/3920 1296/4294/3924
f 1298/4278/3911 4062/4283/3916 1297/4280/3913
f 1809/1/1 1810/5/5 1813/2/2
f 1811/4/4 1814/8/8 1813/2/2
f 1812/3/3 1813/2/2 1816/6/6
f 1814/8/8 1817/17/17 1816/6/6
f 227/9/9 1616/11/11 1809/1/1
f 1616/11/11 1615/13/13 1810/5/5
f 1614/12/12 1811/4/4 1810/5/5
f 237/14/14 1152/15/15 1811/4/4
f 1152/15/15 1153/16/16 1814/8/8
f 1153/16/16 1154/18/18 1817/17/17
f 1154/18/18 138/2509/2138 1017/19/19
f 1817/17/17 1017/19/19 1018/20/20
f 1815/7/7 1816/6/6 1018/20/20
f 908/22/22 1815/7/7 1019/21/21
f 907/24/24 1812/3/3 1815/7/7
f 906/10/10 1809/1/1 1812/3/3
f 1818/25/25 1819/29/29 1822/26/26
f 1820/28/28 1823/32/32 1822/26/26
f 1821/27/27 1822/26/26 1825/30/30
f 1823/32/32 1826/41/41 1825/30/30
f 217/33/33 1520/35/35 1818/25/25
f 1520/35/35 1519/37/37 1819/29/29
f 1518/36/36 1820/28/28 1819/29/29
f 216/38/38 1146/39/39 1820/28/28
f 1146/39/39 1147/40/40 1823/32/32
f 1147/40/40 1148/42/42 1826/41/41
f 1148/42/42 160/2344/2262 1089/43/43
f 1826/41/41 1089/43/43 1090/44/44
f 1824/31/31 1825/30/30 1090/44/44
f 1449/46/46 1824/31/31 1091/45/45
f 1450/48/48 1821/27/27 1824/31/31
f 1451/34/34 1818/25/25 1821/27/27
f 1827/49/49 1828/53/53 1831/50/50
f 1829/52/52 1832/56/56 1831/50/50
f 1830/51/51 1831/50/50 1834/54/54
f 1832/56/56 1835/65/65 1834/54/54
f 214/57/57 1517/59/59 1827/49/49
f 1517/59/59 1516/61/61 1828/53/53
f 1515/60/60 1829/52/52 1828/53/53
f 215/62/62 1143/63/63 1829/52/52
f 1143/63/63 1144/64/64 1832/56/56
f 1144/64/64 1145/66/66 1835/65/65
f 1145/66/66 147/2120/2060 1128/67/67
f 1835/65/65 1128/67/67 1129/68/68
f 1833/55/55 1834/54/54 1129/68/68
f 1139/70/70 1833/55/55 1130/69/69
f 1138/72/72 1830/51/51 1833/55/55
f 1137/58/58 1827/49/49 1830/51/51
f 1836/73/73 1837/77/77 1840/74/74
f 1838/76/76 1841/80/80 1840/74/74
f 1839/75/75 1840/74/74 1843/78/78
f 1841/80/80 1844/89/89 1843/78/78
f 229/81/81 1613/83/83 1836/73/73
f 1613/83/83 1612/85/85 1837/77/77
f 1611/84/84 1838/76/76 1837/77/77
f 236/86/86 1140/87/87 1838/76/76
f 1140/87/87 1141/88/88 1841/80/80
f 1141/88/88 1142/90/90 1844/89/89
f 1142/90/90 142/2457/2205 1029/91/91
f 1844/89/89 1029/91/91 1030/92/92
f 1842/79/79 1843/78/78 1030/92/92
f 917/94/94 1842/79/79 1031/93/93
f 916/96/96 1839/75/75 1842/79/79
f 915/82/82 1836/73/73 1839/75/75
f 1845/97/97 1846/101/101 1849/98/98
f 1847/100/100 1850/104/104 1849/98/98
f 1848/99/99 1849/98/98 1852/102/102
f 1850/104/104 1853/110/110 1852/102/102
f 209/105/105 1514/107/107 1845/97/97
f 1514/107/107 1513/109/109 1846/101/101
f 1512/108/108 1847/100/100 1846/101/101
f 214/57/57 1137/58/58 1847/100/100
f 1137/58/58 1138/72/72 1850/104/104
f 1138/72/72 1139/70/70 1853/110/110
f 1139/70/70 148/71/71 1125/111/111
f 1853/110/110 1125/111/111 1126/112/112
f 1851/103/103 1852/102/102 1126/112/112
f 902/114/114 1851/103/103 1127/113/113
f 901/116/116 1848/99/99 1851/103/103
f 900/106/106 1845/97/97 1848/99/99
f 1854/117/117 1855/121/121 1858/118/118
f 1856/120/120 1859/124/124 1858/118/118
f 1857/119/119 1858/118/118 1861/122/122
f 1859/124/124 1862/133/133 1861/122/122
f 231/125/125 1610/127/127 1854/117/117
f 1610/127/127 1609/129/129 1855/121/121
f 1608/128/128 1856/120/120 1855/121/121
f 225/130/130 279/131/131 1856/120/120
f 279/131/131 280/132/132 1859/124/124
f 280/132/132 281/134/134 1862/133/133
f 281/134/134 133/2421/2072 1002/135/135
f 1862/133/133 1002/135/135 1003/136/136
f 1860/123/123 1861/122/122 1003/136/136
f 926/138/138 1860/123/123 1004/137/137
f 925/140/140 1857/119/119 1860/123/123
f 924/126/126 1854/117/117 1857/119/119
f 1863/141/141 1864/145/145 1867/142/142
f 1865/144/144 1868/148/148 1867/142/142
f 1866/143/143 1867/142/142 1870/146/146
f 1868/148/148 1871/154/154 1870/146/146
f 210/149/149 1511/151/151 1863/141/141
f 1511/151/151 1510/153/153 1864/145/145
f 1509/152/152 1865/144/144 1864/145/145
f 209/105/105 900/106/106 1865/144/144
f 900/106/106 901/116/116 1868/148/148
f 901/116/116 902/114/114 1871/154/154
f 902/114/114 149/115/115 1122/155/155
f 1871/154/154 1122/155/155 1123/156/156
f 1869/147/147 1870/146/146 1123/156/156
f 911/158/158 1869/147/147 1124/157/157
f 910/160/160 1866/143/143 1869/147/147
f 909/150/150 1863/141/141 1866/143/143
f 1872/161/161 1873/165/165 1876/162/162
f 1874/164/164 1877/168/168 1876/162/162
f 1875/163/163 1876/162/162 1879/166/166
f 1877/168/168 1880/177/177 1879/166/166
f 233/169/169 1607/171/171 1872/161/161
f 1607/171/171 1606/173/173 1873/165/165
f 1605/172/172 1874/164/164 1873/165/165
f 226/174/174 903/175/175 1874/164/164
f 903/175/175 904/176/176 1877/168/168
f 904/176/176 905/178/178 1880/177/177
f 905/178/178 130/2574/317 1041/179/179
f 1880/177/177 1041/179/179 1042/180/180
f 1878/167/167 1879/166/166 1042/180/180
f 938/182/182 1878/167/167 1043/181/181
f 937/184/184 1875/163/163 1878/167/167
f 936/170/170 1872/161/161 1875/163/163
f 1881/185/185 1882/189/189 1885/186/186
f 1883/188/188 1886/192/192 1885/186/186
f 1884/187/187 1885/186/186 1888/190/190
f 1886/192/192 1889/198/198 1888/190/190
f 235/193/193 1604/195/195 1881/185/185
f 1604/195/195 1603/197/197 1882/189/189
f 1602/196/196 1883/188/188 1882/189/189
f 227/9/9 906/10/10 1883/188/188
f 906/10/10 907/24/24 1886/192/192
f 907/24/24 908/22/22 1889/198/198
f 908/22/22 137/23/23 1014/199/199
f 1889/198/198 1014/199/199 1015/200/200
f 1887/191/191 1888/190/190 1015/200/200
f 944/202/202 1887/191/191 1016/201/201
f 943/204/204 1884/187/187 1887/191/191
f 942/194/194 1881/185/185 1884/187/187
f 1890/205/205 1891/209/209 1894/206/206
f 1892/208/208 1895/212/212 1894/206/206
f 1893/207/207 1894/206/206 1897/210/210
f 1895/212/212 1898/218/218 1897/210/210
f 211/213/213 1508/215/215 1890/205/205
f 1508/215/215 1507/217/217 1891/209/209
f 1506/216/216 1892/208/208 1891/209/209
f 210/149/149 909/150/150 1892/208/208
f 909/150/150 910/160/160 1895/212/212
f 910/160/160 911/158/158 1898/218/218
f 911/158/158 150/159/159 1119/219/219
f 1898/218/218 1119/219/219 1120/220/220
f 1896/211/211 1897/210/210 1120/220/220
f 920/222/222 1896/211/211 1121/221/221
f 919/224/224 1893/207/207 1896/211/211
f 918/214/214 1890/205/205 1893/207/207
f 1899/225/225 1900/229/229 1903/226/226
f 1901/228/228 1904/232/232 1903/226/226
f 1902/227/227 1903/226/226 1906/230/230
f 1904/232/232 1907/238/238 1906/230/230
f 228/233/233 1601/235/235 1899/225/225
f 1601/235/235 1600/237/237 1900/229/229
f 1599/236/236 1901/228/228 1900/229/229
f 229/81/81 915/82/82 1901/228/228
f 915/82/82 916/96/96 1904/232/232
f 916/96/96 917/94/94 1907/238/238
f 917/94/94 141/95/95 1026/239/239
f 1907/238/238 1026/239/239 1027/240/240
f 1905/231/231 1906/230/230 1027/240/240
f 1530/242/242 1905/231/231 1028/241/241
f 1531/244/244 1902/227/227 1905/231/231
f 1532/234/234 1899/225/225 1902/227/227
f 1908/245/245 1909/249/249 1912/246/246
f 1910/248/248 1913/252/252 1912/246/246
f 1911/247/247 1912/246/246 1915/250/250
f 1913/252/252 1916/258/258 1915/250/250
f 213/253/253 1505/255/255 1908/245/245
f 1505/255/255 1504/257/257 1909/249/249
f 1503/256/256 1910/248/248 1909/249/249
f 211/213/213 918/214/214 1910/248/248
f 918/214/214 919/224/224 1913/252/252
f 919/224/224 920/222/222 1916/258/258
f 920/222/222 151/223/223 1116/259/259
f 1916/258/258 1116/259/259 1117/260/260
f 1914/251/251 1915/250/250 1117/260/260
f 932/262/262 1914/251/251 1118/261/261
f 931/264/264 1911/247/247 1914/251/251
f 930/254/254 1908/245/245 1911/247/247
f 1917/265/265 1918/269/269 1921/266/266
f 1919/268/268 1922/272/272 1921/266/266
f 1920/267/267 1921/266/266 1924/270/270
f 1922/272/272 1925/278/278 1924/270/270
f 230/273/273 1598/275/275 1917/265/265
f 1598/275/275 1597/277/277 1918/269/269
f 1596/276/276 1919/268/268 1918/269/269
f 231/125/125 924/126/126 1919/268/268
f 924/126/126 925/140/140 1922/272/272
f 925/140/140 926/138/138 1925/278/278
f 926/138/138 132/139/139 999/279/279
f 1925/278/278 999/279/279 1000/280/280
f 1923/271/271 1924/270/270 1000/280/280
f 1536/282/282 1923/271/271 1001/281/281
f 1537/284/284 1920/267/267 1923/271/271
f 1538/274/274 1917/265/265 1920/267/267
f 1926/285/285 1927/289/289 1930/286/286
f 1928/288/288 1931/292/292 1930/286/286
f 1929/287/287 1930/286/286 1933/290/290
f 1931/292/292 1934/298/298 1933/290/290
f 212/293/293 1502/295/295 1926/285/285
f 1502/295/295 1501/297/297 1927/289/289
f 1500/296/296 1928/288/288 1927/289/289
f 213/253/253 930/254/254 1928/288/288
f 930/254/254 931/264/264 1931/292/292
f 931/264/264 932/262/262 1934/298/298
f 932/262/262 152/263/263 1113/299/299
f 1934/298/298 1113/299/299 1114/300/300
f 1932/291/291 1933/290/290 1114/300/300
f 1434/302/302 1932/291/291 1115/301/301
f 1435/304/304 1929/287/287 1932/291/291
f 1436/294/294 1926/285/285 1929/287/287
f 1935/305/305 1936/309/309 1939/306/306
f 1937/308/308 1940/320/319 1939/306/306
f 1939/306/306 1942/312/312 1941/310/310
f 1939/306/306 1940/320/319 1943/311/311
f 131/313/47 996/315/314 1935/305/305
f 996/315/314 997/317/316 1936/309/309
f 998/316/315 1937/308/308 1936/309/309
f 130/318/317 995/319/318 1937/308/308
f 995/319/318 994/4295/2455 1940/320/319
f 1940/320/319 994/4295/2455 993/321/320
f 1943/311/311 993/321/320 129/322/283
f 1942/312/312 1943/311/311 1044/323/321
f 1942/312/312 1045/324/322 1046/325/323
f 1941/310/310 1046/325/323 146/326/324
f 1938/307/307 1941/310/310 1136/327/325
f 1134/314/313 1935/305/305 1938/307/307
f 1944/329/327 1945/333/331 1948/330/328
f 1946/332/330 1949/336/334 1948/330/328
f 1947/331/329 1948/330/328 1951/334/332
f 1949/336/334 1952/342/340 1951/334/332
f 232/337/335 1595/339/337 1944/329/327
f 1595/339/337 1594/341/339 1945/333/331
f 1593/340/338 1946/332/330 1945/333/331
f 233/169/169 936/170/170 1946/332/330
f 936/170/170 937/184/184 1949/336/334
f 937/184/184 938/182/182 1952/342/340
f 938/182/182 145/183/183 1038/343/341
f 1952/342/340 1038/343/341 1039/344/342
f 1950/335/333 1951/334/332 1039/344/342
f 1542/346/344 1950/335/333 1040/345/343
f 1543/348/346 1947/331/329 1950/335/333
f 1544/338/336 1944/329/327 1947/331/329
f 1953/349/347 1954/353/351 1957/350/348
f 1955/352/350 1958/356/354 1957/350/348
f 1956/351/349 1957/350/348 1960/354/352
f 1958/356/354 1961/362/360 1960/354/352
f 234/357/355 1592/359/357 1953/349/347
f 1592/359/357 1591/361/359 1954/353/351
f 1590/360/358 1955/352/350 1954/353/351
f 235/193/193 942/194/194 1955/352/350
f 942/194/194 943/204/204 1958/356/354
f 943/204/204 944/202/202 1961/362/360
f 944/202/202 136/203/203 1011/363/361
f 1961/362/360 1011/363/361 1012/364/362
f 1959/355/353 1960/354/352 1012/364/362
f 1548/366/364 1959/355/353 1013/365/363
f 1549/368/366 1956/351/349 1959/355/353
f 1550/358/356 1953/349/347 1956/351/349
f 1962/369/367 1963/373/371 1966/370/368
f 1964/372/370 1967/376/374 1966/370/368
f 1965/371/369 1966/370/368 1969/374/372
f 1967/376/374 1970/385/383 1969/374/372
f 90/377/375 800/379/377 1962/369/367
f 800/379/377 799/381/379 1963/373/371
f 798/380/378 1964/372/370 1963/373/371
f 81/382/380 465/383/381 1964/372/370
f 465/383/381 466/384/382 1967/376/374
f 466/384/382 467/386/384 1970/385/383
f 467/386/384 38/576/574 431/387/385
f 1970/385/383 431/387/385 430/388/386
f 1968/375/373 1969/374/372 430/388/386
f 732/390/388 1968/375/373 429/389/387
f 733/392/390 1965/371/369 1968/375/373
f 734/378/376 1962/369/367 1965/371/369
f 1972/393/391 1975/397/395 1974/394/392
f 1972/393/391 1973/407/405 1976/396/394
f 1975/397/395 1978/400/398 1977/398/396
f 1975/397/395 1976/396/394 1979/399/397
f 42/401/399 444/403/401 1971/395/393
f 444/403/401 445/405/403 1972/393/391
f 446/404/402 1973/407/405 1972/393/391
f 43/406/404 657/1063/1053 1973/407/405
f 1973/407/405 657/1063/1053 658/408/406
f 1976/396/394 658/408/406 659/409/407
f 1979/399/397 659/409/407 75/410/408
f 1978/400/398 1979/399/397 638/411/409
f 1978/400/398 637/412/410 636/413/411
f 1977/398/396 636/413/411 74/414/412
f 1974/394/392 1977/398/396 660/415/413
f 1971/395/393 1974/394/392 661/416/414
f 1980/417/415 1981/421/419 1984/418/416
f 1982/420/418 1985/424/422 1984/418/416
f 1983/419/417 1984/418/416 1987/422/420
f 1985/424/422 1988/433/431 1987/422/420
f 91/425/423 797/427/425 1980/417/415
f 797/427/425 796/429/427 1981/421/419
f 795/428/426 1982/420/418 1981/421/419
f 82/430/428 471/431/429 1982/420/418
f 471/431/429 472/432/430 1985/424/422
f 472/432/430 473/434/432 1988/433/431
f 473/434/432 43/406/404 446/404/402
f 1988/433/431 446/404/402 445/405/403
f 1986/423/421 1987/422/420 445/405/403
f 735/435/433 1986/423/421 444/403/401
f 736/436/434 1983/419/417 1986/423/421
f 737/426/424 1980/417/415 1983/419/417
f 1989/437/435 1990/441/439 1993/438/436
f 1991/440/438 1994/444/442 1993/438/436
f 1992/439/437 1993/438/436 1996/442/440
f 1994/444/442 1997/453/451 1996/442/440
f 92/445/443 794/447/445 1989/437/435
f 794/447/445 793/449/447 1990/441/439
f 792/448/446 1991/440/438 1990/441/439
f 83/450/448 477/451/449 1991/440/438
f 477/451/449 478/452/450 1994/444/442
f 478/452/450 479/454/452 1997/453/451
f 479/454/452 48/615/609 461/455/453
f 1997/453/451 461/455/453 460/456/454
f 1995/443/441 1996/442/440 460/456/454
f 738/458/456 1995/443/441 459/457/455
f 739/460/458 1992/439/437 1995/443/441
f 740/446/444 1989/437/435 1992/439/437
f 1998/461/459 1999/465/463 2002/462/460
f 2000/464/462 2003/468/466 2002/462/460
f 2001/463/461 2002/462/460 2005/466/464
f 2003/468/466 2006/477/475 2005/466/464
f 93/469/467 791/471/469 1998/461/459
f 791/471/469 790/473/471 1999/465/463
f 789/472/470 2000/464/462 1999/465/463
f 84/474/472 483/475/473 2000/464/462
f 483/475/473 484/476/474 2003/468/466
f 484/476/474 485/478/476 2006/477/475
f 485/478/476 36/631/625 425/479/477
f 2006/477/475 425/479/477 424/480/478
f 2004/467/465 2005/466/464 424/480/478
f 741/482/480 2004/467/465 423/481/479
f 742/484/482 2001/463/461 2004/467/465
f 743/470/468 1998/461/459 2001/463/461
f 2007/485/483 2008/489/487 2011/486/484
f 2009/488/486 2012/492/490 2011/486/484
f 2010/487/485 2011/486/484 2014/490/488
f 2012/492/490 2015/501/499 2014/490/488
f 94/493/491 788/495/493 2007/485/483
f 788/495/493 787/497/495 2008/489/487
f 786/496/494 2009/488/486 2008/489/487
f 85/498/496 489/499/497 2009/488/486
f 489/499/497 490/500/498 2012/492/490
f 490/500/498 491/502/500 2015/501/499
f 491/502/500 41/647/641 440/503/501
f 2015/501/499 440/503/501 439/504/502
f 2013/491/489 2014/490/488 439/504/502
f 744/506/504 2013/491/489 438/505/503
f 745/508/506 2010/487/485 2013/491/489
f 746/494/492 2007/485/483 2010/487/485
f 2016/509/507 2017/513/511 2020/510/508
f 2018/512/510 2021/516/514 2020/510/508
f 2019/511/509 2020/510/508 2023/514/512
f 2021/516/514 2024/525/523 2023/514/512
f 95/517/515 785/519/517 2016/509/507
f 785/519/517 784/521/519 2017/513/511
f 783/520/518 2018/512/510 2017/513/511
f 86/522/520 495/523/521 2018/512/510
f 495/523/521 496/524/522 2021/516/514
f 496/524/522 497/526/524 2024/525/523
f 497/526/524 34/679/673 419/527/525
f 2024/525/523 419/527/525 418/528/526
f 2022/515/513 2023/514/512 418/528/526
f 747/530/528 2022/515/513 417/529/527
f 748/532/530 2019/511/509 2022/515/513
f 749/518/516 2016/509/507 2019/511/509
f 2025/533/531 2026/537/535 2029/534/532
f 2027/536/534 2030/540/538 2029/534/532
f 2028/535/533 2029/534/532 2032/538/536
f 2030/540/538 2033/549/547 2032/538/536
f 96/541/539 782/543/541 2025/533/531
f 782/543/541 781/545/543 2026/537/535
f 780/544/542 2027/536/534 2026/537/535
f 87/546/544 501/547/545 2027/536/534
f 501/547/545 502/548/546 2030/540/538
f 502/548/546 503/550/548 2033/549/547
f 503/550/548 46/663/657 455/551/549
f 2033/549/547 455/551/549 454/552/550
f 2031/539/537 2032/538/536 454/552/550
f 750/554/552 2031/539/537 453/553/551
f 751/556/554 2028/535/533 2031/539/537
f 752/542/540 2025/533/531 2028/535/533
f 2034/557/555 2035/561/559 2038/558/556
f 2036/560/558 2039/564/562 2038/558/556
f 2037/559/557 2038/558/556 2041/562/560
f 2039/564/562 2042/571/569 2041/562/560
f 81/382/380 779/565/563 2034/557/555
f 779/565/563 778/567/565 2035/561/559
f 777/566/564 2036/560/558 2035/561/559
f 88/568/566 507/569/567 2036/560/558
f 507/569/567 508/570/568 2039/564/562
f 508/570/568 509/572/570 2042/571/569
f 509/572/570 39/695/689 434/573/571
f 2042/571/569 434/573/571 433/574/572
f 2040/563/561 2041/562/560 433/574/572
f 467/386/384 2040/563/561 432/575/573
f 466/384/382 2037/559/557 2040/563/561
f 465/383/381 2034/557/555 2037/559/557
f 2043/577/575 2044/581/579 2047/578/576
f 2045/580/578 2048/584/582 2047/578/576
f 2046/579/577 2047/578/576 2050/582/580
f 2048/584/582 2051/591/589 2050/582/580
f 82/430/428 776/585/583 2043/577/575
f 776/585/583 775/587/585 2044/581/579
f 774/586/584 2045/580/578 2044/581/579
f 89/588/586 510/589/587 2045/580/578
f 510/589/587 511/590/588 2048/584/582
f 511/590/588 512/592/590 2051/591/589
f 512/592/590 44/711/705 449/593/591
f 2051/591/589 449/593/591 448/594/592
f 2049/583/581 2050/582/580 448/594/592
f 473/434/432 2049/583/581 447/595/593
f 472/432/430 2046/579/577 2049/583/581
f 471/431/429 2043/577/575 2046/579/577
f 2052/596/594 2053/600/598 2056/597/595
f 2054/599/597 2057/603/601 2056/597/595
f 2055/598/596 2056/597/595 2059/601/599
f 2057/603/601 2060/610/605 2059/601/599
f 83/450/448 773/604/602 2052/596/594
f 773/604/602 772/606/604 2053/600/598
f 771/605/603 2054/599/597 2053/600/598
f 95/607/515 749/608/516 2054/599/597
f 749/608/516 748/609/530 2057/603/601
f 748/609/530 747/611/528 2060/610/605
f 747/611/528 33/1245/529 464/612/606
f 2060/610/605 464/612/606 463/613/607
f 2058/602/600 2059/601/599 463/613/607
f 479/454/452 2058/602/600 462/614/608
f 478/452/450 2055/598/596 2058/602/600
f 477/451/449 2052/596/594 2055/598/596
f 2061/616/610 2062/620/614 2065/617/611
f 2063/619/613 2066/623/617 2065/617/611
f 2064/618/612 2065/617/611 2068/621/615
f 2066/623/617 2069/627/621 2068/621/615
f 84/474/472 770/624/618 2061/616/610
f 770/624/618 769/626/620 2062/620/614
f 768/625/619 2063/619/613 2062/620/614
f 90/377/375 734/378/376 2063/619/613
f 734/378/376 733/392/390 2066/623/617
f 733/392/390 732/390/388 2069/627/621
f 732/390/388 37/391/389 428/628/622
f 2069/627/621 428/628/622 427/629/623
f 2067/622/616 2068/621/615 427/629/623
f 485/478/476 2067/622/616 426/630/624
f 484/476/474 2064/618/612 2067/622/616
f 483/475/473 2061/616/610 2064/618/612
f 2070/632/626 2071/636/630 2074/633/627
f 2072/635/629 2075/639/633 2074/633/627
f 2073/634/628 2074/633/627 2077/637/631
f 2075/639/633 2078/643/637 2077/637/631
f 85/498/496 767/640/634 2070/632/626
f 767/640/634 766/642/636 2071/636/630
f 765/641/635 2072/635/629 2071/636/630
f 91/425/423 737/426/424 2072/635/629
f 737/426/424 736/436/434 2075/639/633
f 736/436/434 735/435/433 2078/643/637
f 735/435/433 42/401/399 443/644/638
f 2078/643/637 443/644/638 442/645/639
f 2076/638/632 2077/637/631 442/645/639
f 491/502/500 2076/638/632 441/646/640
f 490/500/498 2073/634/628 2076/638/632
f 489/499/497 2070/632/626 2073/634/628
f 2079/648/642 2080/652/646 2083/649/643
f 2081/651/645 2084/655/649 2083/649/643
f 2082/650/644 2083/649/643 2086/653/647
f 2084/655/649 2087/659/653 2086/653/647
f 87/546/544 764/656/650 2079/648/642
f 764/656/650 763/658/652 2080/652/646
f 762/657/651 2081/651/645 2080/652/646
f 92/445/443 740/446/444 2081/651/645
f 740/446/444 739/460/458 2084/655/649
f 739/460/458 738/458/456 2087/659/653
f 738/458/456 47/459/457 458/660/654
f 2087/659/653 458/660/654 457/661/655
f 2085/654/648 2086/653/647 457/661/655
f 503/550/548 2085/654/648 456/662/656
f 502/548/546 2082/650/644 2085/654/648
f 501/547/545 2079/648/642 2082/650/644
f 2088/664/658 2089/668/662 2092/665/659
f 2090/667/661 2093/671/665 2092/665/659
f 2091/666/660 2092/665/659 2095/669/663
f 2093/671/665 2096/675/669 2095/669/663
f 86/522/520 761/672/666 2088/664/658
f 761/672/666 760/674/668 2089/668/662
f 759/673/667 2090/667/661 2089/668/662
f 93/469/467 743/470/468 2090/667/661
f 743/470/468 742/484/482 2093/671/665
f 742/484/482 741/482/480 2096/675/669
f 741/482/480 35/483/481 422/676/670
f 2096/675/669 422/676/670 421/677/671
f 2094/670/664 2095/669/663 421/677/671
f 497/526/524 2094/670/664 420/678/672
f 496/524/522 2091/666/660 2094/670/664
f 495/523/521 2088/664/658 2091/666/660
f 2097/680/674 2098/684/678 2101/681/675
f 2099/683/677 2102/687/681 2101/681/675
f 2100/682/676 2101/681/675 2104/685/679
f 2102/687/681 2105/691/685 2104/685/679
f 88/568/566 758/688/682 2097/680/674
f 758/688/682 757/690/684 2098/684/678
f 756/689/683 2099/683/677 2098/684/678
f 94/493/491 746/494/492 2099/683/677
f 746/494/492 745/508/506 2102/687/681
f 745/508/506 744/506/504 2105/691/685
f 744/506/504 40/507/505 437/692/686
f 2105/691/685 437/692/686 436/693/687
f 2103/686/680 2104/685/679 436/693/687
f 509/572/570 2103/686/680 435/694/688
f 508/570/568 2100/682/676 2103/686/680
f 507/569/567 2097/680/674 2100/682/676
f 2106/696/690 2107/700/694 2110/697/691
f 2108/699/693 2111/703/697 2110/697/691
f 2109/698/692 2110/697/691 2113/701/695
f 2111/703/697 2114/707/701 2113/701/695
f 89/588/586 755/704/698 2106/696/690
f 755/704/698 754/706/700 2107/700/694
f 753/705/699 2108/699/693 2107/700/694
f 96/541/539 752/542/540 2108/699/693
f 752/542/540 751/556/554 2111/703/697
f 751/556/554 750/554/552 2114/707/701
f 750/554/552 45/555/553 452/708/702
f 2114/707/701 452/708/702 451/709/703
f 2112/702/696 2113/701/695 451/709/703
f 512/592/590 2112/702/696 450/710/704
f 511/590/588 2109/698/692 2112/702/696
f 510/589/587 2106/696/690 2109/698/692
f 2115/712/706 2116/716/710 2119/713/707
f 2117/715/709 2120/719/713 2119/713/707
f 2118/714/708 2119/713/707 2122/717/711
f 2120/719/713 2123/728/722 2122/717/711
f 112/720/714 896/722/716 2115/712/706
f 896/722/716 895/724/718 2116/716/710
f 894/723/717 2117/715/709 2116/716/710
f 103/725/719 821/726/720 2117/715/709
f 821/726/720 820/727/721 2120/719/713
f 820/727/721 819/729/723 2123/728/722
f 819/729/723 62/935/929 561/730/724
f 2123/728/722 561/730/724 562/731/725
f 2121/718/712 2122/717/711 562/731/725
f 560/733/727 2121/718/712 563/732/726
f 559/735/729 2118/714/708 2121/718/712
f 558/721/715 2115/712/706 2118/714/708
f 2124/736/730 2125/740/734 2128/737/731
f 2126/739/733 2129/743/737 2128/737/731
f 2127/738/732 2128/737/731 2131/741/735
f 2129/743/737 2132/752/746 2131/741/735
f 111/744/738 893/746/740 2124/736/730
f 893/746/740 892/748/742 2125/740/734
f 891/747/741 2126/739/733 2125/740/734
f 101/749/743 815/750/744 2126/739/733
f 815/750/744 814/751/745 2129/743/737
f 814/751/745 813/753/747 2132/752/746
f 813/753/747 58/971/961 564/754/748
f 2132/752/746 564/754/748 565/755/749
f 2130/742/736 2131/741/735 565/755/749
f 557/757/751 2130/742/736 566/756/750
f 556/759/753 2127/738/732 2130/742/736
f 555/745/739 2124/736/730 2127/738/732
f 2133/760/754 2134/764/758 2137/761/755
f 2135/763/757 2138/767/761 2137/761/755
f 2136/762/756 2137/761/755 2140/765/759
f 2138/767/761 2141/776/770 2140/765/759
f 109/768/762 890/770/764 2133/760/754
f 890/770/764 889/772/766 2134/764/758
f 888/771/765 2135/763/757 2134/764/758
f 100/773/767 812/774/768 2135/763/757
f 812/774/768 811/775/769 2138/767/761
f 811/775/769 810/777/771 2141/776/770
f 810/777/771 56/987/977 567/778/772
f 2141/776/770 567/778/772 568/779/773
f 2139/766/760 2140/765/759 568/779/773
f 545/781/775 2139/766/760 569/780/774
f 544/783/777 2136/762/756 2139/766/760
f 543/769/763 2133/760/754 2136/762/756
f 2142/784/778 2143/788/782 2146/785/779
f 2144/787/781 2147/791/785 2146/785/779
f 2145/786/780 2146/785/779 2149/789/783
f 2147/791/785 2150/800/794 2149/789/783
f 110/792/786 887/794/788 2142/784/778
f 887/794/788 886/796/790 2143/788/782
f 885/795/789 2144/787/781 2143/788/782
f 99/797/791 809/798/792 2144/787/781
f 809/798/792 808/799/793 2147/791/785
f 808/799/793 807/801/795 2150/800/794
f 807/801/795 54/1003/993 570/802/796
f 2150/800/794 570/802/796 571/803/797
f 2148/790/784 2149/789/783 571/803/797
f 551/805/799 2148/790/784 572/804/798
f 550/807/801 2145/786/780 2148/790/784
f 549/793/787 2142/784/778 2145/786/780
f 2151/808/802 2152/812/806 2155/809/803
f 2153/811/805 2156/815/809 2155/809/803
f 2154/810/804 2155/809/803 2158/813/807
f 2156/815/809 2159/824/818 2158/813/807
f 108/816/810 884/818/812 2151/808/802
f 884/818/812 883/820/814 2152/812/806
f 882/819/813 2153/811/805 2152/812/806
f 98/821/815 806/822/816 2153/811/805
f 806/822/816 805/823/817 2156/815/809
f 805/823/817 804/825/819 2159/824/818
f 804/825/819 52/1019/1009 573/826/820
f 2159/824/818 573/826/820 574/827/821
f 2157/814/808 2158/813/807 574/827/821
f 539/829/823 2157/814/808 575/828/822
f 538/831/825 2154/810/804 2157/814/808
f 537/817/811 2151/808/802 2154/810/804
f 2160/832/826 2161/836/830 2164/833/827
f 2162/835/829 2165/839/833 2164/833/827
f 2163/834/828 2164/833/827 2167/837/831
f 2165/839/833 2168/848/842 2167/837/831
f 107/840/834 881/842/836 2160/832/826
f 881/842/836 880/844/838 2161/836/830
f 879/843/837 2162/835/829 2161/836/830
f 97/845/839 803/846/840 2162/835/829
f 803/846/840 802/847/841 2165/839/833
f 802/847/841 801/849/843 2168/848/842
f 801/849/843 50/1035/1025 576/850/844
f 2168/848/842 576/850/844 577/851/845
f 2166/838/832 2167/837/831 577/851/845
f 533/853/847 2166/838/832 578/852/846
f 532/855/849 2163/834/828 2166/838/832
f 531/841/835 2160/832/826 2163/834/828
f 2169/856/850 2170/860/854 2173/857/851
f 2171/859/853 2174/863/857 2173/857/851
f 2172/858/852 2173/857/851 2176/861/855
f 2174/863/857 2177/872/866 2176/861/855
f 106/864/858 878/866/860 2169/856/850
f 878/866/860 877/868/862 2170/860/854
f 876/867/861 2171/859/853 2170/860/854
f 102/869/863 818/870/864 2171/859/853
f 818/870/864 817/871/865 2174/863/857
f 817/871/865 816/873/867 2177/872/866
f 816/873/867 60/1420/945 579/874/868
f 2177/872/866 579/874/868 580/875/869
f 2175/862/856 2176/861/855 580/875/869
f 527/877/871 2175/862/856 581/876/870
f 526/879/873 2172/858/852 2175/862/856
f 525/865/859 2169/856/850 2172/858/852
f 2178/880/874 2179/884/878 2182/881/875
f 2180/883/877 2183/887/881 2182/881/875
f 2181/882/876 2182/881/875 2185/885/879
f 2183/887/881 2186/893/887 2185/885/879
f 105/888/882 875/890/884 2178/880/874
f 875/890/884 874/892/886 2179/884/878
f 873/891/885 2180/883/877 2179/884/878
f 112/720/714 558/721/715 2180/883/877
f 558/721/715 559/735/729 2183/887/881
f 559/735/729 560/733/727 2186/893/887
f 560/733/727 64/734/728 582/894/888
f 2186/893/887 582/894/888 583/895/889
f 2184/886/880 2185/885/879 583/895/889
f 521/897/891 2184/886/880 584/896/890
f 520/899/893 2181/882/876 2184/886/880
f 519/889/883 2178/880/874 2181/882/876
f 2187/900/894 2188/904/898 2191/901/895
f 2189/903/897 2192/907/901 2191/901/895
f 2190/902/896 2191/901/895 2194/905/899
f 2192/907/901 2195/913/907 2194/905/899
f 104/908/902 872/910/904 2187/900/894
f 872/910/904 871/912/906 2188/904/898
f 870/911/905 2189/903/897 2188/904/898
f 111/744/738 555/745/739 2189/903/897
f 555/745/739 556/759/753 2192/907/901
f 556/759/753 557/757/751 2195/913/907
f 557/757/751 63/758/752 585/914/908
f 2195/913/907 585/914/908 586/915/909
f 2193/906/900 2194/905/899 586/915/909
f 515/917/911 2193/906/900 587/916/910
f 514/919/913 2190/902/896 2193/906/900
f 513/909/903 2187/900/894 2190/902/896
f 2196/920/914 2197/924/918 2200/921/915
f 2198/923/917 2201/927/921 2200/921/915
f 2199/922/916 2200/921/915 2203/925/919
f 2201/927/921 2204/931/925 2203/925/919
f 103/725/719 869/928/922 2196/920/914
f 869/928/922 868/930/924 2197/924/918
f 867/929/923 2198/923/917 2197/924/918
f 110/792/786 549/793/787 2198/923/917
f 549/793/787 550/807/801 2201/927/921
f 550/807/801 551/805/799 2204/931/925
f 551/805/799 61/806/800 588/932/926
f 2204/931/925 588/932/926 589/933/927
f 2202/926/920 2203/925/919 589/933/927
f 819/729/723 2202/926/920 590/934/928
f 820/727/721 2199/922/916 2202/926/920
f 821/726/720 2196/920/914 2199/922/916
f 2205/936/930 2206/940/934 2209/937/931
f 2207/939/933 2210/943/937 2209/937/931
f 2208/938/932 2209/937/931 2212/941/935
f 2210/943/937 2213/949/941 2212/941/935
f 102/944/863 866/946/938 2205/936/930
f 866/946/938 865/948/940 2206/940/934
f 864/947/939 2207/939/933 2206/940/934
f 109/768/762 543/769/763 2207/939/933
f 543/769/763 544/783/777 2210/943/937
f 544/783/777 545/781/775 2213/949/941
f 545/781/775 59/782/776 591/950/942
f 2213/949/941 591/950/942 592/951/943
f 2211/942/936 2212/941/935 592/951/943
f 816/953/867 2211/942/936 593/952/944
f 817/955/865 2208/938/932 2211/942/936
f 818/945/864 2205/936/930 2208/938/932
f 2214/956/946 2215/960/950 2218/957/947
f 2216/959/949 2219/963/953 2218/957/947
f 2217/958/948 2218/957/947 2221/961/951
f 2219/963/953 2222/967/957 2221/961/951
f 101/749/743 863/964/954 2214/956/946
f 863/964/954 862/966/956 2215/960/950
f 861/965/955 2216/959/949 2215/960/950
f 108/816/810 537/817/811 2216/959/949
f 537/817/811 538/831/825 2219/963/953
f 538/831/825 539/829/823 2222/967/957
f 539/829/823 57/830/824 594/968/958
f 2222/967/957 594/968/958 595/969/959
f 2220/962/952 2221/961/951 595/969/959
f 813/753/747 2220/962/952 596/970/960
f 814/751/745 2217/958/948 2220/962/952
f 815/750/744 2214/956/946 2217/958/948
f 2223/972/962 2224/976/966 2227/973/963
f 2225/975/965 2228/979/969 2227/973/963
f 2226/974/964 2227/973/963 2230/977/967
f 2228/979/969 2231/983/973 2230/977/967
f 100/773/767 860/980/970 2223/972/962
f 860/980/970 859/982/972 2224/976/966
f 858/981/971 2225/975/965 2224/976/966
f 107/840/834 531/841/835 2225/975/965
f 531/841/835 532/855/849 2228/979/969
f 532/855/849 533/853/847 2231/983/973
f 533/853/847 55/854/848 597/984/974
f 2231/983/973 597/984/974 598/985/975
f 2229/978/968 2230/977/967 598/985/975
f 810/777/771 2229/978/968 599/986/976
f 811/775/769 2226/974/964 2229/978/968
f 812/774/768 2223/972/962 2226/974/964
f 2232/988/978 2233/992/982 2236/989/979
f 2234/991/981 2237/995/985 2236/989/979
f 2235/990/980 2236/989/979 2239/993/983
f 2237/995/985 2240/999/989 2239/993/983
f 99/797/791 857/996/986 2232/988/978
f 857/996/986 856/998/988 2233/992/982
f 855/997/987 2234/991/981 2233/992/982
f 106/864/858 525/865/859 2234/991/981
f 525/865/859 526/879/873 2237/995/985
f 526/879/873 527/877/871 2240/999/989
f 527/877/871 53/878/872 600/1000/990
f 2240/999/989 600/1000/990 601/1001/991
f 2238/994/984 2239/993/983 601/1001/991
f 807/801/795 2238/994/984 602/1002/992
f 808/799/793 2235/990/980 2238/994/984
f 809/798/792 2232/988/978 2235/990/980
f 2241/1004/994 2242/1008/998 2245/1005/995
f 2243/1007/997 2246/1011/1001 2245/1005/995
f 2244/1006/996 2245/1005/995 2248/1009/999
f 2246/1011/1001 2249/1015/1005 2248/1009/999
f 98/821/815 854/1012/1002 2241/1004/994
f 854/1012/1002 853/1014/1004 2242/1008/998
f 852/1013/1003 2243/1007/997 2242/1008/998
f 105/888/882 519/889/883 2243/1007/997
f 519/889/883 520/899/893 2246/1011/1001
f 520/899/893 521/897/891 2249/1015/1005
f 521/897/891 51/898/892 603/1016/1006
f 2249/1015/1005 603/1016/1006 604/1017/1007
f 2247/1010/1000 2248/1009/999 604/1017/1007
f 804/825/819 2247/1010/1000 605/1018/1008
f 805/823/817 2244/1006/996 2247/1010/1000
f 806/822/816 2241/1004/994 2244/1006/996
f 2250/1020/1010 2251/1024/1014 2254/1021/1011
f 2252/1023/1013 2255/1027/1017 2254/1021/1011
f 2253/1022/1012 2254/1021/1011 2257/1025/1015
f 2255/1027/1017 2258/1031/1021 2257/1025/1015
f 97/845/839 851/1028/1018 2250/1020/1010
f 851/1028/1018 850/1030/1020 2251/1024/1014
f 849/1029/1019 2252/1023/1013 2251/1024/1014
f 104/908/902 513/909/903 2252/1023/1013
f 513/909/903 514/919/913 2255/1027/1017
f 514/919/913 515/917/911 2258/1031/1021
f 515/917/911 49/918/912 606/1032/1022
f 2258/1031/1021 606/1032/1022 607/1033/1023
f 2256/1026/1016 2257/1025/1015 607/1033/1023
f 801/849/843 2256/1026/1016 608/1034/1024
f 802/847/841 2253/1022/1012 2256/1026/1016
f 803/846/840 2250/1020/1010 2253/1022/1012
f 2260/1036/1026 2263/1040/1030 2262/1037/1027
f 2260/1036/1026 2261/1045/1035 2264/1039/1029
f 2263/1040/1030 2266/1043/1033 2265/1041/1031
f 2263/1040/1030 2264/1039/1029 2267/1042/1032
f 35/483/481 423/481/479 2259/1038/1028
f 423/481/479 424/480/478 2260/1036/1026
f 425/479/477 2261/1045/1035 2260/1036/1026
f 36/631/625 663/1080/1069 2261/1045/1035
f 2261/1045/1035 663/1080/1069 664/1046/1036
f 2264/1039/1029 664/1046/1036 665/1047/1037
f 2267/1042/1032 665/1047/1037 68/1048/1038
f 2266/1043/1033 2267/1042/1032 617/1049/1039
f 2266/1043/1033 616/1050/1040 615/1051/1041
f 2265/1041/1031 615/1051/1041 67/1052/1042
f 2262/1037/1027 2265/1041/1031 666/1053/1043
f 2259/1038/1028 2262/1037/1027 667/1054/1044
f 2269/1055/1045 2272/1059/1049 2271/1056/1046
f 2269/1055/1045 2270/1065/1054 2273/1058/1048
f 2272/1059/1049 2275/1062/1052 2274/1060/1050
f 2272/1059/1049 2273/1058/1048 2276/1061/1051
f 43/406/404 447/595/593 2268/1057/1047
f 447/595/593 448/1064/592 2269/1055/1045
f 449/593/591 2270/1065/1054 2269/1055/1045
f 44/711/705 669/1096/1085 2270/1065/1054
f 2270/1065/1054 669/1096/1085 670/1066/1055
f 2273/1058/1048 670/1066/1055 671/1067/1056
f 2276/1061/1051 671/1067/1056 76/1068/1057
f 2275/1062/1052 2276/1061/1051 641/1069/1058
f 2275/1062/1052 640/1070/1059 639/1071/1060
f 2274/1060/1050 639/1071/1060 75/410/408
f 2271/1056/1046 2274/1060/1050 659/409/407
f 2268/1057/1047 2271/1056/1046 658/408/406
f 2278/1072/1061 2281/1076/1065 2280/1073/1062
f 2278/1072/1061 2279/1081/1070 2282/1075/1064
f 2281/1076/1065 2284/1079/1068 2283/1077/1066
f 2281/1076/1065 2282/1075/1064 2285/1078/1067
f 36/631/625 426/630/624 2277/1074/1063
f 426/630/624 427/629/623 2278/1072/1061
f 428/628/622 2279/1081/1070 2278/1072/1061
f 37/391/389 672/1112/1101 2279/1081/1070
f 2279/1081/1070 672/1112/1101 673/1082/1071
f 2282/1075/1064 673/1082/1071 674/1083/1072
f 2285/1078/1067 674/1083/1072 69/1084/1073
f 2284/1079/1068 2285/1078/1067 620/1085/1074
f 2284/1079/1068 619/1086/1075 618/1087/1076
f 2283/1077/1066 618/1087/1076 68/1048/1038
f 2280/1073/1062 2283/1077/1066 665/1047/1037
f 2277/1074/1063 2280/1073/1062 664/1046/1036
f 2287/1088/1077 2290/1092/1081 2289/1089/1078
f 2287/1088/1077 2288/1097/1086 2291/1091/1080
f 2290/1092/1081 2293/1095/1084 2292/1093/1082
f 2290/1092/1081 2291/1091/1080 2294/1094/1083
f 44/711/705 450/710/704 2286/1090/1079
f 450/710/704 451/709/703 2287/1088/1077
f 452/708/702 2288/1097/1086 2287/1088/1077
f 45/555/553 675/1128/1117 2288/1097/1086
f 2288/1097/1086 675/1128/1117 676/1098/1087
f 2291/1091/1080 676/1098/1087 677/1099/1088
f 2294/1094/1083 677/1099/1088 77/1100/1089
f 2293/1095/1084 2294/1094/1083 644/1101/1090
f 2293/1095/1084 643/1102/1091 642/1103/1092
f 2292/1093/1082 642/1103/1092 76/1068/1057
f 2289/1089/1078 2292/1093/1082 671/1067/1056
f 2286/1090/1079 2289/1089/1078 670/1066/1055
f 2296/1104/1093 2299/1108/1097 2298/1105/1094
f 2296/1104/1093 2297/1113/1102 2300/1107/1096
f 2299/1108/1097 2302/1111/1100 2301/1109/1098
f 2299/1108/1097 2300/1107/1096 2303/1110/1099
f 37/391/389 429/389/387 2295/1106/1095
f 429/389/387 430/388/386 2296/1104/1093
f 431/387/385 2297/1113/1102 2296/1104/1093
f 38/576/574 678/1144/1133 2297/1113/1102
f 2297/1113/1102 678/1144/1133 679/1114/1103
f 2300/1107/1096 679/1114/1103 680/1115/1104
f 2303/1110/1099 680/1115/1104 70/1116/1105
f 2302/1111/1100 2303/1110/1099 623/1117/1106
f 2302/1111/1100 622/1118/1107 621/1119/1108
f 2301/1109/1098 621/1119/1108 69/1084/1073
f 2298/1105/1094 2301/1109/1098 674/1083/1072
f 2295/1106/1095 2298/1105/1094 673/1082/1071
f 2305/1120/1109 2308/1124/1113 2307/1121/1110
f 2305/1120/1109 2306/1129/1118 2309/1123/1112
f 2308/1124/1113 2311/1127/1116 2310/1125/1114
f 2308/1124/1113 2309/1123/1112 2312/1126/1115
f 45/555/553 453/553/551 2304/1122/1111
f 453/553/551 454/552/550 2305/1120/1109
f 455/551/549 2306/1129/1118 2305/1120/1109
f 46/663/657 681/1161/1149 2306/1129/1118
f 2306/1129/1118 681/1161/1149 682/1130/1119
f 2309/1123/1112 682/1130/1119 683/1131/1120
f 2312/1126/1115 683/1131/1120 78/1132/1121
f 2311/1127/1116 2312/1126/1115 647/1133/1122
f 2311/1127/1116 646/1134/1123 645/1135/1124
f 2310/1125/1114 645/1135/1124 77/1100/1089
f 2307/1121/1110 2310/1125/1114 677/1099/1088
f 2304/1122/1111 2307/1121/1110 676/1098/1087
f 2314/1136/1125 2317/1140/1129 2316/1137/1126
f 2314/1136/1125 2315/1146/1134 2318/1139/1128
f 2317/1140/1129 2320/1143/1132 2319/1141/1130
f 2317/1140/1129 2318/1139/1128 2321/1142/1131
f 38/576/574 432/575/573 2313/1138/1127
f 432/575/573 433/1145/572 2314/1136/1125
f 434/573/571 2315/1146/1134 2314/1136/1125
f 39/695/689 684/1177/1165 2315/1146/1134
f 2315/1146/1134 684/1177/1165 685/1147/1135
f 2318/1139/1128 685/1147/1135 686/1148/1136
f 2321/1142/1131 686/1148/1136 71/1149/1137
f 2320/1143/1132 2321/1142/1131 626/1150/1138
f 2320/1143/1132 625/1151/1139 624/1152/1140
f 2319/1141/1130 624/1152/1140 70/1116/1105
f 2316/1137/1126 2319/1141/1130 680/1115/1104
f 2313/1138/1127 2316/1137/1126 679/1114/1103
f 2323/1153/1141 2326/1157/1145 2325/1154/1142
f 2323/1153/1141 2324/1162/1150 2327/1156/1144
f 2326/1157/1145 2329/1160/1148 2328/1158/1146
f 2326/1157/1145 2327/1156/1144 2330/1159/1147
f 46/663/657 456/662/656 2322/1155/1143
f 456/662/656 457/661/655 2323/1153/1141
f 458/660/654 2324/1162/1150 2323/1153/1141
f 47/459/457 687/1193/1181 2324/1162/1150
f 2324/1162/1150 687/1193/1181 688/1163/1151
f 2327/1156/1144 688/1163/1151 689/1164/1152
f 2330/1159/1147 689/1164/1152 79/1165/1153
f 2329/1160/1148 2330/1159/1147 650/1166/1154
f 2329/1160/1148 649/1167/1155 648/1168/1156
f 2328/1158/1146 648/1168/1156 78/1132/1121
f 2325/1154/1142 2328/1158/1146 683/1131/1120
f 2322/1155/1143 2325/1154/1142 682/1130/1119
f 2332/1169/1157 2335/1173/1161 2334/1170/1158
f 2332/1169/1157 2333/1178/1166 2336/1172/1160
f 2335/1173/1161 2338/1176/1164 2337/1174/1162
f 2335/1173/1161 2336/1172/1160 2339/1175/1163
f 39/695/689 435/694/688 2331/1171/1159
f 435/694/688 436/693/687 2332/1169/1157
f 437/692/686 2333/1178/1166 2332/1169/1157
f 40/507/505 690/1209/1197 2333/1178/1166
f 2333/1178/1166 690/1209/1197 691/1179/1167
f 2336/1172/1160 691/1179/1167 692/1180/1168
f 2339/1175/1163 692/1180/1168 72/1181/1169
f 2338/1176/1164 2339/1175/1163 629/1182/1170
f 2338/1176/1164 628/1183/1171 627/1184/1172
f 2337/1174/1162 627/1184/1172 71/1149/1137
f 2334/1170/1158 2337/1174/1162 686/1148/1136
f 2331/1171/1159 2334/1170/1158 685/1147/1135
f 2341/1185/1173 2344/1189/1177 2343/1186/1174
f 2341/1185/1173 2342/1194/1182 2345/1188/1176
f 2344/1189/1177 2347/1192/1180 2346/1190/1178
f 2344/1189/1177 2345/1188/1176 2348/1191/1179
f 47/459/457 459/457/455 2340/1187/1175
f 459/457/455 460/456/454 2341/1185/1173
f 461/455/453 2342/1194/1182 2341/1185/1173
f 48/615/609 693/1244/1232 2342/1194/1182
f 2342/1194/1182 693/1244/1232 694/1195/1183
f 2345/1188/1176 694/1195/1183 695/1196/1184
f 2348/1191/1179 695/1196/1184 80/1197/1185
f 2347/1192/1180 2348/1191/1179 653/1198/1186
f 2347/1192/1180 652/1199/1187 651/1200/1188
f 2346/1190/1178 651/1200/1188 79/1165/1153
f 2343/1186/1174 2346/1190/1178 689/1164/1152
f 2340/1187/1175 2343/1186/1174 688/1163/1151
f 2350/1201/1189 2353/1205/1193 2352/1202/1190
f 2350/1201/1189 2351/1210/1198 2354/1204/1192
f 2353/1205/1193 2356/1208/1196 2355/1206/1194
f 2353/1205/1193 2354/1204/1192 2357/1207/1195
f 40/507/505 438/505/503 2349/1203/1191
f 438/505/503 439/504/502 2350/1201/1189
f 440/503/501 2351/1210/1198 2350/1201/1189
f 41/647/641 696/1261/1245 2351/1210/1198
f 2351/1210/1198 696/1261/1245 697/1211/1199
f 2354/1204/1192 697/1211/1199 698/1212/1200
f 2357/1207/1195 698/1212/1200 73/1213/1201
f 2356/1208/1196 2357/1207/1195 632/1214/1202
f 2356/1208/1196 631/1215/1203 630/1216/1204
f 2355/1206/1194 630/1216/1204 72/1181/1169
f 2352/1202/1190 2355/1206/1194 692/1180/1168
f 2349/1203/1191 2352/1202/1190 691/1179/1167
f 2359/1217/1205 2362/1221/1209 2361/1218/1206
f 2359/1217/1205 2360/1226/1214 2363/1220/1208
f 2362/1221/1209 2365/1224/1212 2364/1222/1210
f 2362/1221/1209 2363/1220/1208 2366/1223/1211
f 33/531/529 417/529/527 2358/1219/1207
f 417/529/527 418/528/526 2359/1217/1205
f 419/527/525 2360/1226/1214 2359/1217/1205
f 34/679/673 699/1274/1258 2360/1226/1214
f 2360/1226/1214 699/1274/1258 700/1227/1215
f 2363/1220/1208 700/1227/1215 701/1228/1216
f 2366/1223/1211 701/1228/1216 66/1229/1217
f 2365/1224/1212 2366/1223/1211 611/1230/1218
f 2365/1224/1212 610/1231/1219 609/1232/1220
f 2364/1222/1210 609/1232/1220 65/1233/1221
f 2361/1218/1206 2364/1222/1210 702/1234/1222
f 2358/1219/1207 2361/1218/1206 703/1235/1223
f 2368/1236/1224 2371/1240/1228 2370/1237/1225
f 2368/1236/1224 2369/1246/1233 2372/1239/1227
f 2371/1240/1228 2374/1243/1231 2373/1241/1229
f 2371/1240/1228 2372/1239/1227 2375/1242/1230
f 48/615/609 462/614/608 2367/1238/1226
f 462/614/608 463/613/607 2368/1236/1224
f 464/612/606 2369/1246/1233 2368/1236/1224
f 33/1245/529 704/4296/1213 2369/1246/1233
f 2369/1246/1233 704/4296/1213 703/1247/1223
f 2372/1239/1227 703/1247/1223 702/1248/1222
f 2375/1242/1230 702/1248/1222 65/1249/1221
f 2374/1243/1231 2375/1242/1230 656/1250/1234
f 2374/1243/1231 655/1251/1235 654/1252/1236
f 2373/1241/1229 654/1252/1236 80/1197/1185
f 2370/1237/1225 2373/1241/1229 695/1196/1184
f 2367/1238/1226 2370/1237/1225 694/1195/1183
f 2377/1253/1237 2380/1257/1241 2379/1254/1238
f 2377/1253/1237 2378/1262/1246 2381/1256/1240
f 2380/1257/1241 2383/1260/1244 2382/1258/1242
f 2380/1257/1241 2381/1256/1240 2384/1259/1243
f 41/647/641 441/646/640 2376/1255/1239
f 441/646/640 442/645/639 2377/1253/1237
f 443/644/638 2378/1262/1246 2377/1253/1237
f 42/401/399 662/402/400 2378/1262/1246
f 2378/1262/1246 662/402/400 661/416/414
f 2381/1256/1240 661/416/414 660/415/413
f 2384/1259/1243 660/415/413 74/414/412
f 2383/1260/1244 2384/1259/1243 635/1263/1247
f 2383/1260/1244 634/1264/1248 633/1265/1249
f 2382/1258/1242 633/1265/1249 73/1213/1201
f 2379/1254/1238 2382/1258/1242 698/1212/1200
f 2376/1255/1239 2379/1254/1238 697/1211/1199
f 2386/1266/1250 2389/1270/1254 2388/1267/1251
f 2386/1266/1250 2387/1275/1259 2390/1269/1253
f 2389/1270/1254 2392/1273/1257 2391/1271/1255
f 2389/1270/1254 2390/1269/1253 2393/1272/1256
f 34/679/673 420/678/672 2385/1268/1252
f 420/678/672 421/677/671 2386/1266/1250
f 422/676/670 2387/1275/1259 2386/1266/1250
f 35/483/481 668/1044/1034 2387/1275/1259
f 2387/1275/1259 668/1044/1034 667/1054/1044
f 2390/1269/1253 667/1054/1044 666/1053/1043
f 2393/1272/1256 666/1053/1043 67/1052/1042
f 2392/1273/1257 2393/1272/1256 614/1276/1260
f 2392/1273/1257 613/1277/1261 612/1278/1262
f 2391/1271/1255 612/1278/1262 66/1229/1217
f 2388/1267/1251 2391/1271/1255 701/1228/1216
f 2385/1268/1252 2388/1267/1251 700/1227/1215
f 2396/1279/1263 2394/4297/2513 2426/1280/1264
f 2398/1282/1266 2394/4297/2513 2396/1279/1263
f 2400/1284/1268 2394/4297/2513 2398/1282/1266
f 2402/1286/1270 2394/4297/2513 2400/1284/1268
f 2404/1288/1272 2394/4297/2513 2402/1286/1270
f 2406/1290/1274 2394/4297/2513 2404/1288/1272
f 2408/1292/1276 2394/4297/2513 2406/1290/1274
f 2410/1294/1278 2394/4297/2513 2408/1292/1276
f 2412/1296/1280 2394/4297/2513 2410/1294/1278
f 2414/1298/1282 2394/4297/2513 2412/1296/1280
f 2416/1300/1284 2394/4297/2513 2414/1298/1282
f 2418/1302/1286 2394/4297/2513 2416/1300/1284
f 2420/1304/1288 2394/4297/2513 2418/1302/1286
f 2422/1306/1290 2394/4297/2513 2420/1304/1288
f 2424/1308/1292 2394/4297/2513 2422/1306/1290
f 2426/1280/1264 2394/4297/2513 2424/1308/1292
f 609/1311/1220 2395/1281/1265 656/1250/1234
f 610/1312/1219 2396/1279/1263 2395/1281/1265
f 2395/1281/1265 2426/1280/1264 655/1251/1235
f 612/1278/1262 2397/1283/1267 611/1313/1218
f 613/1277/1261 2398/1282/1266 2397/1283/1267
f 2397/1283/1267 2396/1279/1263 610/1312/1219
f 615/1051/1041 2399/1285/1269 614/1276/1260
f 616/1050/1040 2400/1284/1268 2399/1285/1269
f 2399/1285/1269 2398/1282/1266 613/1277/1261
f 618/1087/1076 2401/1287/1271 617/1049/1039
f 619/1086/1075 2402/1286/1270 2401/1287/1271
f 2401/1287/1271 2400/1284/1268 616/1050/1040
f 621/1119/1108 2403/1289/1273 620/1085/1074
f 622/1118/1107 2404/1288/1272 2403/1289/1273
f 2403/1289/1273 2402/1286/1270 619/1086/1075
f 624/1152/1140 2405/1291/1275 623/1117/1106
f 625/1151/1139 2406/1290/1274 2405/1291/1275
f 2405/1291/1275 2404/1288/1272 622/1118/1107
f 627/1184/1172 2407/1293/1277 626/1150/1138
f 628/1183/1171 2408/1292/1276 2407/1293/1277
f 2407/1293/1277 2406/1290/1274 625/1151/1139
f 630/1216/1204 2409/1295/1279 629/1182/1170
f 631/1215/1203 2410/1294/1278 2409/1295/1279
f 2409/1295/1279 2408/1292/1276 628/1183/1171
f 633/1265/1249 2411/1297/1281 632/1214/1202
f 634/1264/1248 2412/1296/1280 2411/1297/1281
f 2411/1297/1281 2410/1294/1278 631/1215/1203
f 636/413/411 2413/1299/1283 635/1263/1247
f 637/412/410 2414/1298/1282 2413/1299/1283
f 2413/1299/1283 2412/1296/1280 634/1264/1248
f 639/1071/1060 2415/1301/1285 638/411/409
f 640/1070/1059 2416/1300/1284 2415/1301/1285
f 2415/1301/1285 2414/1298/1282 637/412/410
f 642/1103/1092 2417/1303/1287 641/1069/1058
f 643/1102/1091 2418/1302/1286 2417/1303/1287
f 2417/1303/1287 2416/1300/1284 640/1070/1059
f 645/1135/1124 2419/1305/1289 644/1101/1090
f 646/1134/1123 2420/1304/1288 2419/1305/1289
f 2419/1305/1289 2418/1302/1286 643/1102/1091
f 648/1168/1156 2421/1307/1291 647/1133/1122
f 649/1167/1155 2422/1306/1290 2421/1307/1291
f 2421/1307/1291 2420/1304/1288 646/1134/1123
f 651/1200/1188 2423/1309/1293 650/1166/1154
f 652/1199/1187 2424/1308/1292 2423/1309/1293
f 2423/1309/1293 2422/1306/1290 649/1167/1155
f 654/1252/1236 2425/1310/1294 653/1198/1186
f 655/1251/1235 2426/1280/1264 2425/1310/1294
f 2425/1310/1294 2424/1308/1292 652/1199/1187
f 2427/1314/1295 2428/1318/1299 2431/1315/1296
f 2429/1317/1298 2432/1321/1302 2431/1315/1296
f 2430/1316/1297 2431/1315/1296 2434/1319/1300
f 2432/1321/1302 2435/1325/1306 2434/1319/1300
f 64/734/728 563/732/726 2427/1314/1295
f 563/732/726 562/731/725 2428/1318/1299
f 561/730/724 2429/1317/1298 2428/1318/1299
f 62/935/929 554/1323/1304 2429/1317/1298
f 554/1323/1304 553/1324/1305 2432/1321/1302
f 553/1324/1305 552/1326/1307 2435/1325/1306
f 552/1326/1307 96/541/539 753/705/699
f 2435/1325/1306 753/705/699 754/706/700
f 2433/1320/1301 2434/1319/1300 754/706/700
f 731/1327/1308 2433/1320/1301 755/704/698
f 730/1328/1309 2430/1316/1297 2433/1320/1301
f 729/1322/1303 2427/1314/1295 2430/1316/1297
f 2436/1329/1310 2437/1333/1314 2440/1330/1311
f 2438/1332/1313 2441/1336/1317 2440/1330/1311
f 2439/1331/1312 2440/1330/1311 2443/1334/1315
f 2441/1336/1317 2444/1340/1321 2443/1334/1315
f 63/758/752 566/756/750 2436/1329/1310
f 566/756/750 565/755/749 2437/1333/1314
f 564/754/748 2438/1332/1313 2437/1333/1314
f 58/971/961 542/1338/1319 2438/1332/1313
f 542/1338/1319 541/1339/1320 2441/1336/1317
f 541/1339/1320 540/1341/1322 2444/1340/1321
f 540/1341/1322 94/493/491 756/689/683
f 2444/1340/1321 756/689/683 757/690/684
f 2442/1335/1316 2443/1334/1315 757/690/684
f 728/1342/1323 2442/1335/1316 758/688/682
f 727/1343/1324 2439/1331/1312 2442/1335/1316
f 726/1337/1318 2436/1329/1310 2439/1331/1312
f 2445/1344/1325 2446/1348/1329 2449/1345/1326
f 2447/1347/1328 2450/1351/1332 2449/1345/1326
f 2448/1346/1327 2449/1345/1326 2452/1349/1330
f 2450/1351/1332 2453/1359/1336 2452/1349/1330
f 59/1352/776 569/1354/774 2445/1344/1325
f 569/1354/774 568/779/773 2446/1348/1329
f 567/1355/772 2447/1347/1328 2446/1348/1329
f 56/1356/977 536/1357/1334 2447/1347/1328
f 536/1357/1334 535/1358/1335 2450/1351/1332
f 535/1358/1335 534/1360/1337 2453/1359/1336
f 534/1360/1337 93/4298/467 759/1361/667
f 2453/1359/1336 759/1361/667 760/674/668
f 2451/1350/1331 2452/1349/1330 760/674/668
f 722/1363/1338 2451/1350/1331 761/1362/666
f 721/1365/1339 2448/1346/1327 2451/1350/1331
f 720/1353/1333 2445/1344/1325 2448/1346/1327
f 2454/1366/1340 2455/1370/1344 2458/1367/1341
f 2456/1369/1343 2459/1373/1347 2458/1367/1341
f 2457/1368/1342 2458/1367/1341 2461/1371/1345
f 2459/1373/1347 2462/1377/1351 2461/1371/1345
f 61/806/800 572/804/798 2454/1366/1340
f 572/804/798 571/803/797 2455/1370/1344
f 570/802/796 2456/1369/1343 2455/1370/1344
f 54/1003/993 530/1375/1349 2456/1369/1343
f 530/1375/1349 529/1376/1350 2459/1373/1347
f 529/1376/1350 528/1378/1352 2462/1377/1351
f 528/1378/1352 92/445/443 762/657/651
f 2462/1377/1351 762/657/651 763/658/652
f 2460/1372/1346 2461/1371/1345 763/658/652
f 725/1379/1353 2460/1372/1346 764/656/650
f 724/1380/1354 2457/1368/1342 2460/1372/1346
f 723/1374/1348 2454/1366/1340 2457/1368/1342
f 2463/1381/1355 2464/1385/1359 2467/1382/1356
f 2465/1384/1358 2468/1388/1362 2467/1382/1356
f 2466/1383/1357 2467/1382/1356 2470/1386/1360
f 2468/1388/1362 2471/1392/1366 2470/1386/1360
f 57/830/824 575/828/822 2463/1381/1355
f 575/828/822 574/827/821 2464/1385/1359
f 573/826/820 2465/1384/1358 2464/1385/1359
f 52/1019/1009 524/1390/1364 2465/1384/1358
f 524/1390/1364 523/1391/1365 2468/1388/1362
f 523/1391/1365 522/1393/1367 2471/1392/1366
f 522/1393/1367 91/425/423 765/641/635
f 2471/1392/1366 765/641/635 766/642/636
f 2469/1387/1361 2470/1386/1360 766/642/636
f 719/1394/1368 2469/1387/1361 767/640/634
f 718/1395/1369 2466/1383/1357 2469/1387/1361
f 717/1389/1363 2463/1381/1355 2466/1383/1357
f 2472/1396/1370 2473/1400/1374 2476/1397/1371
f 2474/1399/1373 2477/1403/1377 2476/1397/1371
f 2475/1398/1372 2476/1397/1371 2479/1401/1375
f 2477/1403/1377 2480/1407/1381 2479/1401/1375
f 55/854/848 578/852/846 2472/1396/1370
f 578/852/846 577/851/845 2473/1400/1374
f 576/850/844 2474/1399/1373 2473/1400/1374
f 50/1035/1025 518/1405/1379 2474/1399/1373
f 518/1405/1379 517/1406/1380 2477/1403/1377
f 517/1406/1380 516/1408/1382 2480/1407/1381
f 516/1408/1382 90/377/375 768/625/619
f 2480/1407/1381 768/625/619 769/626/620
f 2478/1402/1376 2479/1401/1375 769/626/620
f 716/1409/1383 2478/1402/1376 770/624/618
f 715/1410/1384 2475/1398/1372 2478/1402/1376
f 714/1404/1378 2472/1396/1370 2475/1398/1372
f 2481/1411/1385 2482/1415/1389 2485/1412/1386
f 2483/1414/1388 2486/1418/1392 2485/1412/1386
f 2484/1413/1387 2485/1412/1386 2488/1416/1390
f 2486/1418/1392 2489/1423/1396 2488/1416/1390
f 53/878/872 581/876/870 2481/1411/1385
f 581/876/870 580/875/869 2482/1415/1389
f 579/874/868 2483/1414/1388 2482/1415/1389
f 60/1420/945 548/1421/1394 2483/1414/1388
f 548/1421/1394 547/1422/1395 2486/1418/1392
f 547/1422/1395 546/1424/1397 2489/1423/1396
f 546/1424/1397 95/607/515 771/605/603
f 2489/1423/1396 771/605/603 772/606/604
f 2487/1417/1391 2488/1416/1390 772/606/604
f 713/1425/1398 2487/1417/1391 773/604/602
f 712/1426/1399 2484/1413/1387 2487/1417/1391
f 711/1419/1393 2481/1411/1385 2484/1413/1387
f 2490/1427/1400 2491/1431/1404 2494/1428/1401
f 2492/1430/1403 2495/1434/1407 2494/1428/1401
f 2493/1429/1402 2494/1428/1401 2497/1432/1405
f 2495/1434/1407 2498/1436/1409 2497/1432/1405
f 51/898/892 584/896/890 2490/1427/1400
f 584/896/890 583/895/889 2491/1431/1404
f 582/894/888 2492/1430/1403 2491/1431/1404
f 64/734/728 729/1322/1303 2492/1430/1403
f 729/1322/1303 730/1328/1309 2495/1434/1407
f 730/1328/1309 731/1327/1308 2498/1436/1409
f 731/1327/1308 89/588/586 774/586/584
f 2498/1436/1409 774/586/584 775/587/585
f 2496/1433/1406 2497/1432/1405 775/587/585
f 710/1437/1410 2496/1433/1406 776/585/583
f 709/1438/1411 2493/1429/1402 2496/1433/1406
f 708/1435/1408 2490/1427/1400 2493/1429/1402
f 2499/1439/1412 2500/1443/1416 2503/1440/1413
f 2501/1442/1415 2504/1446/1419 2503/1440/1413
f 2502/1441/1414 2503/1440/1413 2506/1444/1417
f 2504/1446/1419 2507/1448/1421 2506/1444/1417
f 49/918/912 587/916/910 2499/1439/1412
f 587/916/910 586/915/909 2500/1443/1416
f 585/914/908 2501/1442/1415 2500/1443/1416
f 63/758/752 726/1337/1318 2501/1442/1415
f 726/1337/1318 727/1343/1324 2504/1446/1419
f 727/1343/1324 728/1342/1323 2507/1448/1421
f 728/1342/1323 88/568/566 777/566/564
f 2507/1448/1421 777/566/564 778/567/565
f 2505/1445/1418 2506/1444/1417 778/567/565
f 707/1449/1422 2505/1445/1418 779/565/563
f 706/1450/1423 2502/1441/1414 2505/1445/1418
f 705/1447/1420 2499/1439/1412 2502/1441/1414
f 2508/1451/1424 2509/1455/1428 2512/1452/1425
f 2510/1454/1427 2513/1458/1431 2512/1452/1425
f 2511/1453/1426 2512/1452/1425 2515/1456/1429
f 2513/1458/1431 2516/1459/1432 2515/1456/1429
f 62/935/929 590/934/928 2508/1451/1424
f 590/934/928 589/933/927 2509/1455/1428
f 588/932/926 2510/1454/1427 2509/1455/1428
f 61/806/800 723/1374/1348 2510/1454/1427
f 723/1374/1348 724/1380/1354 2513/1458/1431
f 724/1380/1354 725/1379/1353 2516/1459/1432
f 725/1379/1353 87/546/544 780/544/542
f 2516/1459/1432 780/544/542 781/545/543
f 2514/1457/1430 2515/1456/1429 781/545/543
f 552/1326/1307 2514/1457/1430 782/543/541
f 553/1324/1305 2511/1453/1426 2514/1457/1430
f 554/1323/1304 2508/1451/1424 2511/1453/1426
f 2517/1460/1433 2518/1464/1437 2521/1461/1434
f 2519/1463/1436 2522/1467/1440 2521/1461/1434
f 2520/1462/1435 2521/1461/1434 2524/1465/1438
f 2522/1467/1440 2525/1471/1441 2524/1465/1438
f 60/954/945 593/952/944 2517/1460/1433
f 593/952/944 592/951/943 2518/1464/1437
f 591/950/942 2519/1463/1436 2518/1464/1437
f 59/782/776 720/1469/1333 2519/1463/1436
f 720/1469/1333 721/1470/1339 2522/1467/1440
f 721/1470/1339 722/1472/1338 2525/1471/1441
f 722/1472/1338 86/522/520 783/520/518
f 2525/1471/1441 783/520/518 784/521/519
f 2523/1466/1439 2524/1465/1438 784/521/519
f 546/1473/1397 2523/1466/1439 785/519/517
f 547/1474/1395 2520/1462/1435 2523/1466/1439
f 548/1468/1394 2517/1460/1433 2520/1462/1435
f 2526/1475/1442 2527/1479/1446 2530/1476/1443
f 2528/1478/1445 2531/1482/1449 2530/1476/1443
f 2529/1477/1444 2530/1476/1443 2533/1480/1447
f 2531/1482/1449 2534/1483/1450 2533/1480/1447
f 58/971/961 596/970/960 2526/1475/1442
f 596/970/960 595/969/959 2527/1479/1446
f 594/968/958 2528/1478/1445 2527/1479/1446
f 57/830/824 717/1389/1363 2528/1478/1445
f 717/1389/1363 718/1395/1369 2531/1482/1449
f 718/1395/1369 719/1394/1368 2534/1483/1450
f 719/1394/1368 85/498/496 786/496/494
f 2534/1483/1450 786/496/494 787/497/495
f 2532/1481/1448 2533/1480/1447 787/497/495
f 540/1341/1322 2532/1481/1448 788/495/493
f 541/1339/1320 2529/1477/1444 2532/1481/1448
f 542/1338/1319 2526/1475/1442 2529/1477/1444
f 2535/1484/1451 2536/1488/1455 2539/1485/1452
f 2537/1487/1454 2540/1491/1458 2539/1485/1452
f 2538/1486/1453 2539/1485/1452 2542/1489/1456
f 2540/1491/1458 2543/1493/1459 2542/1489/1456
f 56/987/977 599/986/976 2535/1484/1451
f 599/986/976 598/985/975 2536/1488/1455
f 597/984/974 2537/1487/1454 2536/1488/1455
f 55/854/848 714/1404/1378 2537/1487/1454
f 714/1404/1378 715/1410/1384 2540/1491/1458
f 715/1410/1384 716/1409/1383 2543/1493/1459
f 716/1409/1383 84/474/472 789/472/470
f 2543/1493/1459 789/472/470 790/473/471
f 2541/1490/1457 2542/1489/1456 790/473/471
f 534/1494/1337 2541/1490/1457 791/471/469
f 535/1495/1335 2538/1486/1453 2541/1490/1457
f 536/1492/1334 2535/1484/1451 2538/1486/1453
f 2544/1496/1460 2545/1500/1464 2548/1497/1461
f 2546/1499/1463 2549/1503/1467 2548/1497/1461
f 2547/1498/1462 2548/1497/1461 2551/1501/1465
f 2549/1503/1467 2552/1511/1468 2551/1501/1465
f 54/1504/993 602/1506/992 2544/1496/1460
f 602/1506/992 601/1001/991 2545/1500/1464
f 600/1507/990 2546/1499/1463 2545/1500/1464
f 53/1508/872 711/1509/1393 2546/1499/1463
f 711/1509/1393 712/1510/1399 2549/1503/1467
f 712/1510/1399 713/1512/1398 2552/1511/1468
f 713/1512/1398 83/4299/448 792/1513/446
f 2552/1511/1468 792/1513/446 793/449/447
f 2550/1502/1466 2551/1501/1465 793/449/447
f 528/1515/1352 2550/1502/1466 794/1514/445
f 529/1517/1350 2547/1498/1462 2550/1502/1466
f 530/1505/1349 2544/1496/1460 2547/1498/1462
f 2553/1518/1469 2554/1522/1473 2557/1519/1470
f 2555/1521/1472 2558/1525/1476 2557/1519/1470
f 2556/1520/1471 2557/1519/1470 2560/1523/1474
f 2558/1525/1476 2561/1526/1477 2560/1523/1474
f 52/1019/1009 605/1018/1008 2553/1518/1469
f 605/1018/1008 604/1017/1007 2554/1522/1473
f 603/1016/1006 2555/1521/1472 2554/1522/1473
f 51/898/892 708/1435/1408 2555/1521/1472
f 708/1435/1408 709/1438/1411 2558/1525/1476
f 709/1438/1411 710/1437/1410 2561/1526/1477
f 710/1437/1410 82/430/428 795/428/426
f 2561/1526/1477 795/428/426 796/429/427
f 2559/1524/1475 2560/1523/1474 796/429/427
f 522/1393/1367 2559/1524/1475 797/427/425
f 523/1391/1365 2556/1520/1471 2559/1524/1475
f 524/1390/1364 2553/1518/1469 2556/1520/1471
f 2562/1527/1478 2563/1531/1482 2566/1528/1479
f 2564/1530/1481 2567/1534/1485 2566/1528/1479
f 2565/1529/1480 2566/1528/1479 2569/1532/1483
f 2567/1534/1485 2570/1535/1486 2569/1532/1483
f 50/1035/1025 608/1034/1024 2562/1527/1478
f 608/1034/1024 607/1033/1023 2563/1531/1482
f 606/1032/1022 2564/1530/1481 2563/1531/1482
f 49/918/912 705/1447/1420 2564/1530/1481
f 705/1447/1420 706/1450/1423 2567/1534/1485
f 706/1450/1423 707/1449/1422 2570/1535/1486
f 707/1449/1422 81/382/380 798/380/378
f 2570/1535/1486 798/380/378 799/381/379
f 2568/1533/1484 2569/1532/1483 799/381/379
f 516/1408/1382 2568/1533/1484 800/379/377
f 517/1406/1380 2565/1529/1480 2568/1533/1484
f 518/1405/1379 2562/1527/1478 2565/1529/1480
f 2571/1536/1487 2572/1540/1491 2575/1537/1488
f 2573/1539/1490 2576/1543/1494 2575/1537/1488
f 2574/1538/1489 2575/1537/1488 2578/1541/1492
f 2576/1543/1494 2579/1551/1502 2578/1541/1492
f 9/1544/1495 312/1546/1497 2571/1536/1487
f 312/1546/1497 313/1548/1499 2572/1540/1491
f 314/1547/1498 2573/1539/1490 2572/1540/1491
f 314/1547/1498 11/1678/1629 822/1549/1500
f 822/1549/1500 823/1550/1501 2576/1543/1494
f 823/1550/1501 824/1552/1503 2579/1551/1502
f 824/1552/1503 104/908/902 849/1029/1019
f 2579/1551/1502 849/1029/1019 850/1030/1020
f 2577/1542/1493 2578/1541/1492 850/1030/1020
f 468/1553/1504 2577/1542/1493 851/1028/1018
f 469/1554/1505 2574/1538/1489 2577/1542/1493
f 470/1545/1496 2571/1536/1487 2574/1538/1489
f 2580/1555/1506 2581/1559/1510 2584/1556/1507
f 2582/1558/1509 2585/1562/1513 2584/1556/1507
f 2583/1557/1508 2584/1556/1507 2587/1560/1511
f 2585/1562/1513 2588/1570/1521 2587/1560/1511
f 19/1563/1514 357/1565/1516 2580/1555/1506
f 357/1565/1516 358/1567/1518 2581/1559/1510
f 359/1566/1517 2582/1558/1509 2581/1559/1510
f 359/1566/1517 21/1693/1644 825/1568/1519
f 825/1568/1519 826/1569/1520 2585/1562/1513
f 826/1569/1520 827/1571/1522 2588/1570/1521
f 827/1571/1522 105/888/882 852/1013/1003
f 2588/1570/1521 852/1013/1003 853/1014/1004
f 2586/1561/1512 2587/1560/1511 853/1014/1004
f 474/1572/1523 2586/1561/1512 854/1012/1002
f 475/1573/1524 2583/1557/1508 2586/1561/1512
f 476/1564/1515 2580/1555/1506 2583/1557/1508
f 2589/1574/1525 2590/1578/1529 2593/1575/1526
f 2591/1577/1528 2594/1581/1532 2593/1575/1526
f 2592/1576/1527 2593/1575/1526 2596/1579/1530
f 2594/1581/1532 2597/1589/1540 2596/1579/1530
f 29/1582/1533 402/1584/1535 2589/1574/1525
f 402/1584/1535 403/1586/1537 2590/1578/1529
f 404/1585/1536 2591/1577/1528 2590/1578/1529
f 404/1585/1536 31/1709/1660 828/1587/1538
f 828/1587/1538 829/1588/1539 2594/1581/1532
f 829/1588/1539 830/1590/1541 2597/1589/1540
f 830/1590/1541 106/864/858 855/997/987
f 2597/1589/1540 855/997/987 856/998/988
f 2595/1580/1531 2596/1579/1530 856/998/988
f 480/1591/1542 2595/1580/1531 857/996/986
f 481/1592/1543 2592/1576/1527 2595/1580/1531
f 482/1583/1534 2589/1574/1525 2592/1576/1527
f 2598/1593/1544 2599/1597/1548 2602/1594/1545
f 2600/1596/1547 2603/1600/1551 2602/1594/1545
f 2601/1595/1546 2602/1594/1545 2605/1598/1549
f 2603/1600/1551 2606/1608/1559 2605/1598/1549
f 5/1601/1552 294/1603/1554 2598/1593/1544
f 294/1603/1554 295/1605/1556 2599/1597/1548
f 296/1604/1555 2600/1596/1547 2599/1597/1548
f 296/1604/1555 7/1726/1673 831/1606/1557
f 831/1606/1557 832/1607/1558 2603/1600/1551
f 832/1607/1558 833/1609/1560 2606/1608/1559
f 833/1609/1560 107/840/834 858/981/971
f 2606/1608/1559 858/981/971 859/982/972
f 2604/1599/1550 2605/1598/1549 859/982/972
f 486/1610/1561 2604/1599/1550 860/980/970
f 487/1611/1562 2601/1595/1546 2604/1599/1550
f 488/1602/1553 2598/1593/1544 2601/1595/1546
f 2607/1612/1563 2608/1616/1567 2611/1613/1564
f 2609/1615/1566 2612/1619/1570 2611/1613/1564
f 2610/1614/1565 2611/1613/1564 2614/1617/1568
f 2612/1619/1570 2615/1627/1578 2614/1617/1568
f 15/1620/1571 339/1622/1573 2607/1612/1563
f 339/1622/1573 340/1624/1575 2608/1616/1567
f 341/1623/1574 2609/1615/1566 2608/1616/1567
f 341/1623/1574 17/1739/1686 834/1625/1576
f 834/1625/1576 835/1626/1577 2612/1619/1570
f 835/1626/1577 836/1628/1579 2615/1627/1578
f 836/1628/1579 108/816/810 861/965/955
f 2615/1627/1578 861/965/955 862/966/956
f 2613/1618/1569 2614/1617/1568 862/966/956
f 492/1629/1580 2613/1618/1569 863/964/954
f 493/1630/1581 2610/1614/1565 2613/1618/1569
f 494/1621/1572 2607/1612/1563 2610/1614/1565
f 2616/1631/1582 2617/1635/1586 2620/1632/1583
f 2618/1634/1585 2621/1638/1589 2620/1632/1583
f 2619/1633/1584 2620/1632/1583 2623/1636/1587
f 2621/1638/1589 2624/1646/1597 2623/1636/1587
f 1/1639/1590 273/1641/1592 2616/1631/1582
f 273/1641/1592 274/1643/1594 2617/1635/1586
f 275/1642/1593 2618/1634/1585 2617/1635/1586
f 275/1642/1593 3/1765/1712 837/1644/1595
f 837/1644/1595 838/1645/1596 2621/1638/1589
f 838/1645/1596 839/1647/1598 2624/1646/1597
f 839/1647/1598 109/768/762 864/947/939
f 2624/1646/1597 864/947/939 865/948/940
f 2622/1637/1588 2623/1636/1587 865/948/940
f 498/1648/1599 2622/1637/1588 866/946/938
f 499/1649/1600 2619/1633/1584 2622/1637/1588
f 500/1640/1591 2616/1631/1582 2619/1633/1584
f 2625/1650/1601 2626/1654/1605 2629/1651/1602
f 2627/1653/1604 2630/1657/1608 2629/1651/1602
f 2628/1652/1603 2629/1651/1602 2632/1655/1606
f 2630/1657/1608 2633/1665/1616 2632/1655/1606
f 25/1658/1609 384/1660/1611 2625/1650/1601
f 384/1660/1611 385/1662/1613 2626/1654/1605
f 386/1661/1612 2627/1653/1604 2626/1654/1605
f 386/1661/1612 27/1752/1699 840/1663/1614
f 840/1663/1614 841/1664/1615 2630/1657/1608
f 841/1664/1615 842/1666/1617 2633/1665/1616
f 842/1666/1617 110/792/786 867/929/923
f 2633/1665/1616 867/929/923 868/930/924
f 2631/1656/1607 2632/1655/1606 868/930/924
f 504/1667/1618 2631/1656/1607 869/928/922
f 505/1668/1619 2628/1652/1603 2631/1656/1607
f 506/1659/1610 2625/1650/1601 2628/1652/1603
f 2634/1669/1620 2635/1673/1624 2638/1670/1621
f 2636/1672/1623 2639/1676/1627 2638/1670/1621
f 2637/1671/1622 2638/1670/1621 2641/1674/1625
f 2639/1676/1627 2642/1683/1634 2641/1674/1625
f 321/1677/1628 2634/1669/1620 822/1549/1500
f 321/1677/1628 322/1680/1631 2635/1673/1624
f 323/1679/1630 2636/1672/1623 2635/1673/1624
f 323/1679/1630 13/1778/1725 843/1681/1632
f 843/1681/1632 844/1682/1633 2639/1676/1627
f 844/1682/1633 845/1684/1635 2642/1683/1634
f 845/1684/1635 111/744/738 870/911/905
f 2642/1683/1634 870/911/905 871/912/906
f 2640/1675/1626 2641/1674/1625 871/912/906
f 824/1552/1503 2640/1675/1626 872/910/904
f 823/1550/1501 2637/1671/1622 2640/1675/1626
f 822/1549/1500 2634/1669/1620 2637/1671/1622
f 2643/1685/1636 2644/1689/1640 2647/1686/1637
f 2645/1688/1639 2648/1692/1643 2647/1686/1637
f 2646/1687/1638 2647/1686/1637 2650/1690/1641
f 2648/1692/1643 2651/1699/1650 2650/1690/1641
f 21/1693/1644 366/1694/1645 2643/1685/1636
f 366/1694/1645 367/1696/1647 2644/1689/1640
f 368/1695/1646 2645/1688/1639 2644/1689/1640
f 368/1695/1646 23/1791/1738 846/1697/1648
f 846/1697/1648 847/1698/1649 2648/1692/1643
f 847/1698/1649 848/1700/1651 2651/1699/1650
f 848/1700/1651 112/720/714 873/891/885
f 2651/1699/1650 873/891/885 874/892/886
f 2649/1691/1642 2650/1690/1641 874/892/886
f 827/1571/1522 2649/1691/1642 875/890/884
f 826/1569/1520 2646/1687/1638 2649/1691/1642
f 825/1568/1519 2643/1685/1636 2646/1687/1638
f 2652/1701/1652 2653/1705/1656 2656/1702/1653
f 2654/1704/1655 2657/1708/1659 2656/1702/1653
f 2655/1703/1654 2656/1702/1653 2659/1706/1657
f 2657/1708/1659 2660/1715/1664 2659/1706/1657
f 31/1709/1660 411/1710/1661 2652/1701/1652
f 411/1710/1661 412/1712/1663 2653/1705/1656
f 413/1711/1662 2654/1704/1655 2653/1705/1656
f 413/1711/1662 1/3253/1590 500/1713/1591
f 500/1713/1591 499/1714/1600 2657/1708/1659
f 499/1714/1600 498/1716/1599 2660/1715/1664
f 498/1716/1599 102/869/863 876/867/861
f 2660/1715/1664 876/867/861 877/1717/862
f 2658/1707/1658 2659/1706/1657 877/1717/862
f 830/1590/1541 2658/1707/1658 878/866/860
f 829/1588/1539 2655/1703/1654 2658/1707/1658
f 828/1587/1538 2652/1701/1652 2655/1703/1654
f 2661/1718/1665 2662/1722/1669 2665/1719/1666
f 2663/1721/1668 2666/1725/1672 2665/1719/1666
f 2664/1720/1667 2665/1719/1666 2668/1723/1670
f 2666/1725/1672 2669/1730/1677 2668/1723/1670
f 7/1726/1673 303/1727/1674 2661/1718/1665
f 303/1727/1674 304/1729/1676 2662/1722/1669
f 305/1728/1675 2663/1721/1668 2662/1722/1669
f 305/1728/1675 9/1544/1495 470/1545/1496
f 470/1545/1496 469/1554/1505 2666/1725/1672
f 469/1554/1505 468/1553/1504 2669/1730/1677
f 468/1553/1504 97/845/839 879/843/837
f 2669/1730/1677 879/843/837 880/844/838
f 2667/1724/1671 2668/1723/1670 880/844/838
f 833/1609/1560 2667/1724/1671 881/842/836
f 832/1607/1558 2664/1720/1667 2667/1724/1671
f 831/1606/1557 2661/1718/1665 2664/1720/1667
f 2670/1731/1678 2671/1735/1682 2674/1732/1679
f 2672/1734/1681 2675/1738/1685 2674/1732/1679
f 2673/1733/1680 2674/1732/1679 2677/1736/1683
f 2675/1738/1685 2678/1743/1690 2677/1736/1683
f 17/1739/1686 348/1740/1687 2670/1731/1678
f 348/1740/1687 349/1742/1689 2671/1735/1682
f 350/1741/1688 2672/1734/1681 2671/1735/1682
f 350/1741/1688 19/1563/1514 476/1564/1515
f 476/1564/1515 475/1573/1524 2675/1738/1685
f 475/1573/1524 474/1572/1523 2678/1743/1690
f 474/1572/1523 98/821/815 882/819/813
f 2678/1743/1690 882/819/813 883/820/814
f 2676/1737/1684 2677/1736/1683 883/820/814
f 836/1628/1579 2676/1737/1684 884/818/812
f 835/1626/1577 2673/1733/1680 2676/1737/1684
f 834/1625/1576 2670/1731/1678 2673/1733/1680
f 2679/1744/1691 2680/1748/1695 2683/1745/1692
f 2681/1747/1694 2684/1751/1698 2683/1745/1692
f 2682/1746/1693 2683/1745/1692 2686/1749/1696
f 2684/1751/1698 2687/1756/1703 2686/1749/1696
f 27/1752/1699 393/1753/1700 2679/1744/1691
f 393/1753/1700 394/1755/1702 2680/1748/1695
f 395/1754/1701 2681/1747/1694 2680/1748/1695
f 395/1754/1701 29/1582/1533 482/1583/1534
f 482/1583/1534 481/1592/1543 2684/1751/1698
f 481/1592/1543 480/1591/1542 2687/1756/1703
f 480/1591/1542 99/797/791 885/795/789
f 2687/1756/1703 885/795/789 886/796/790
f 2685/1750/1697 2686/1749/1696 886/796/790
f 842/1666/1617 2685/1750/1697 887/794/788
f 841/1664/1615 2682/1746/1693 2685/1750/1697
f 840/1663/1614 2679/1744/1691 2682/1746/1693
f 2688/1757/1704 2689/1761/1708 2692/1758/1705
f 2690/1760/1707 2693/1764/1711 2692/1758/1705
f 2691/1759/1706 2692/1758/1705 2695/1762/1709
f 2693/1764/1711 2696/1769/1716 2695/1762/1709
f 3/1765/1712 285/1766/1713 2688/1757/1704
f 285/1766/1713 286/1768/1715 2689/1761/1708
f 287/1767/1714 2690/1760/1707 2689/1761/1708
f 287/1767/1714 5/1601/1552 488/1602/1553
f 488/1602/1553 487/1611/1562 2693/1764/1711
f 487/1611/1562 486/1610/1561 2696/1769/1716
f 486/1610/1561 100/773/767 888/771/765
f 2696/1769/1716 888/771/765 889/772/766
f 2694/1763/1710 2695/1762/1709 889/772/766
f 839/1647/1598 2694/1763/1710 890/770/764
f 838/1645/1596 2691/1759/1706 2694/1763/1710
f 837/1644/1595 2688/1757/1704 2691/1759/1706
f 2697/1770/1717 2698/1774/1721 2701/1771/1718
f 2699/1773/1720 2702/1777/1724 2701/1771/1718
f 2700/1772/1719 2701/1771/1718 2704/1775/1722
f 2702/1777/1724 2705/1782/1729 2704/1775/1722
f 13/1778/1725 330/1779/1726 2697/1770/1717
f 330/1779/1726 331/1781/1728 2698/1774/1721
f 332/1780/1727 2699/1773/1720 2698/1774/1721
f 332/1780/1727 15/1620/1571 494/1621/1572
f 494/1621/1572 493/1630/1581 2702/1777/1724
f 493/1630/1581 492/1629/1580 2705/1782/1729
f 492/1629/1580 101/749/743 891/747/741
f 2705/1782/1729 891/747/741 892/748/742
f 2703/1776/1723 2704/1775/1722 892/748/742
f 845/1684/1635 2703/1776/1723 893/746/740
f 844/1682/1633 2700/1772/1719 2703/1776/1723
f 843/1681/1632 2697/1770/1717 2700/1772/1719
f 2706/1783/1730 2707/1787/1734 2710/1784/1731
f 2708/1786/1733 2711/1790/1737 2710/1784/1731
f 2709/1785/1732 2710/1784/1731 2713/1788/1735
f 2711/1790/1737 2714/1795/1742 2713/1788/1735
f 23/1791/1738 375/1792/1739 2706/1783/1730
f 375/1792/1739 376/1794/1741 2707/1787/1734
f 377/1793/1740 2708/1786/1733 2707/1787/1734
f 377/1793/1740 25/1658/1609 506/1659/1610
f 506/1659/1610 505/1668/1619 2711/1790/1737
f 505/1668/1619 504/1667/1618 2714/1795/1742
f 504/1667/1618 103/725/719 894/723/717
f 2714/1795/1742 894/723/717 895/724/718
f 2712/1789/1736 2713/1788/1735 895/724/718
f 848/1700/1651 2712/1789/1736 896/722/716
f 847/1698/1649 2709/1785/1732 2712/1789/1736
f 846/1697/1648 2706/1783/1730 2709/1785/1732
f 2715/1796/1743 2716/1799/1746 2719/1797/1744
f 2716/1799/1746 2717/1807/1754 2720/1800/1747
f 2719/1797/1744 2722/1802/1749 2721/1801/1748
f 2720/1800/1747 2723/1811/1758 2722/1802/1749
f 1373/1803/1750 2715/1796/1743 1422/1804/1751
f 1373/1803/1750 1372/1806/1753 2716/1799/1746
f 1372/1806/1753 1371/1808/1755 2717/1807/1754
f 1371/1808/1755 128/3478/3133 945/1809/1756
f 2717/1807/1754 945/1809/1756 946/1810/1757
f 946/1810/1757 947/1812/1759 2723/1811/1758
f 947/1812/1759 113/3476/3118 899/1813/1760
f 2723/1811/1758 899/1813/1760 898/1814/1761
f 2722/1802/1749 898/1814/1761 897/1815/1762
f 2721/1801/1748 897/1815/1762 208/1816/1763
f 1423/1818/1765 2718/1798/1745 2721/1801/1748
f 1422/1804/1751 2715/1796/1743 2718/1798/1745
f 2725/1819/1766 2728/1823/1770 2727/1820/1767
f 2725/1819/1766 2726/1830/1777 2729/1822/1769
f 2727/1820/1767 2728/1823/1770 2731/1824/1771
f 2729/1822/1769 2732/1834/1781 2731/1824/1771
f 1370/1826/1773 2724/1821/1768 1419/1827/1774
f 1370/1826/1773 1369/1829/1776 2725/1819/1766
f 1369/1829/1776 1368/1831/1778 2726/1830/1777
f 1368/1831/1778 127/3333/3103 948/1832/1779
f 2726/1830/1777 948/1832/1779 949/1833/1780
f 949/1833/1780 950/1835/1782 2732/1834/1781
f 950/1835/1782 128/3478/3133 1371/1808/1755
f 2732/1834/1781 1371/1808/1755 1372/1806/1753
f 2731/1824/1771 1372/1806/1753 1373/1803/1750
f 2730/1825/1772 1373/1803/1750 207/1805/1752
f 1420/1837/1784 2727/1820/1767 2730/1825/1772
f 2724/1821/1768 2727/1820/1767 1420/1837/1784
f 2733/1838/1785 2734/1841/1788 2737/1839/1786
f 2734/1841/1788 2735/1849/1796 2738/1842/1789
f 2736/1840/1787 2737/1839/1786 2740/1843/1790
f 2738/1842/1789 2741/1853/1800 2740/1843/1790
f 1367/1845/1792 2733/1838/1785 1416/1846/1793
f 1366/1848/1795 2734/1841/1788 2733/1838/1785
f 1366/1848/1795 1365/1850/1797 2735/1849/1796
f 1365/1850/1797 126/3320/3090 951/1851/1798
f 2735/1849/1796 951/1851/1798 952/1852/1799
f 952/1852/1799 953/1854/1801 2741/1853/1800
f 953/1854/1801 127/3333/3103 1368/1831/1778
f 2741/1853/1800 1368/1831/1778 1369/1829/1776
f 2740/1843/1790 1369/1829/1776 1370/1826/1773
f 2739/1844/1791 1370/1826/1773 206/1828/1775
f 1417/1856/1803 2736/1840/1787 2739/1844/1791
f 2733/1838/1785 2736/1840/1787 1417/1856/1803
f 2743/1857/1804 2746/1861/1808 2745/1858/1805
f 2743/1857/1804 2744/1868/1815 2747/1860/1807
f 2745/1858/1805 2746/1861/1808 2749/1862/1809
f 2747/1860/1807 2750/1872/1819 2749/1862/1809
f 204/1864/1811 1364/1866/1813 2742/1859/1806
f 1364/1866/1813 1363/1867/1814 2743/1857/1804
f 1363/1867/1814 1362/1869/1816 2744/1868/1815
f 1362/1869/1816 125/3306/3077 954/1870/1817
f 2744/1868/1815 954/1870/1817 955/1871/1818
f 955/1871/1818 956/1873/1820 2750/1872/1819
f 956/1873/1820 126/3320/3090 1365/1850/1797
f 2750/1872/1819 1365/1850/1797 1366/1848/1795
f 2749/1862/1809 1366/1848/1795 1367/1845/1792
f 2748/1863/1810 1367/1845/1792 205/1847/1794
f 1414/1875/1822 2745/1858/1805 2748/1863/1810
f 2742/1859/1806 2745/1858/1805 1414/1875/1822
f 2752/1876/1823 2755/1880/1827 2754/1877/1824
f 2752/1876/1823 2753/1887/1834 2756/1879/1826
f 2754/1877/1824 2755/1880/1827 2758/1881/1828
f 2756/1879/1826 2759/1891/1838 2758/1881/1828
f 203/1883/1830 1361/1885/1832 2751/1878/1825
f 1361/1885/1832 1360/1886/1833 2752/1876/1823
f 1360/1886/1833 1359/1888/1835 2753/1887/1834
f 1359/1888/1835 124/3293/3064 957/1889/1836
f 2753/1887/1834 957/1889/1836 958/1890/1837
f 958/1890/1837 959/1892/1839 2759/1891/1838
f 959/1892/1839 125/3306/3077 1362/1869/1816
f 2759/1891/1838 1362/1869/1816 1363/1867/1814
f 2758/1881/1828 1363/1867/1814 1364/1866/1813
f 2757/1882/1829 1364/1866/1813 204/1864/1811
f 1411/1894/1841 2754/1877/1824 2757/1882/1829
f 2751/1878/1825 2754/1877/1824 1411/1894/1841
f 2761/1895/1842 2764/1899/1846 2763/1896/1843
f 2761/1895/1842 2762/1906/1853 2765/1898/1845
f 2763/1896/1843 2764/1899/1846 2767/1900/1847
f 2765/1898/1845 2768/1910/1857 2767/1900/1847
f 202/1902/1849 1358/1904/1851 2760/1897/1844
f 1358/1904/1851 1357/1905/1852 2761/1895/1842
f 1357/1905/1852 1356/1907/1854 2762/1906/1853
f 1356/1907/1854 123/3280/3051 960/1908/1855
f 2762/1906/1853 960/1908/1855 961/1909/1856
f 961/1909/1856 962/1911/1858 2768/1910/1857
f 962/1911/1858 124/3293/3064 1359/1888/1835
f 2768/1910/1857 1359/1888/1835 1360/1886/1833
f 2767/1900/1847 1360/1886/1833 1361/1885/1832
f 2766/1901/1848 1361/1885/1832 203/1883/1830
f 1408/1913/1860 2763/1896/1843 2766/1901/1848
f 2760/1897/1844 2763/1896/1843 1408/1913/1860
f 2770/1914/1861 2773/1918/1865 2772/1915/1862
f 2770/1914/1861 2771/1925/1872 2774/1917/1864
f 2772/1915/1862 2773/1918/1865 2776/1919/1866
f 2774/1917/1864 2777/1929/1876 2776/1919/1866
f 201/1921/1868 1355/1923/1870 2769/1916/1863
f 1355/1923/1870 1354/1924/1871 2770/1914/1861
f 1354/1924/1871 1353/1926/1873 2771/1925/1872
f 1353/1926/1873 122/3263/3034 963/1927/1874
f 2771/1925/1872 963/1927/1874 964/1928/1875
f 964/1928/1875 965/1930/1877 2777/1929/1876
f 965/1930/1877 123/3280/3051 1356/1907/1854
f 2777/1929/1876 1356/1907/1854 1357/1905/1852
f 2776/1919/1866 1357/1905/1852 1358/1904/1851
f 2775/1920/1867 1358/1904/1851 202/1902/1849
f 1405/1932/1879 2772/1915/1862 2775/1920/1867
f 2769/1916/1863 2772/1915/1862 1405/1932/1879
f 2779/1933/1880 2782/1937/1884 2781/1934/1881
f 2779/1933/1880 2780/1944/1891 2783/1936/1883
f 2781/1934/1881 2782/1937/1884 2785/1938/1885
f 2783/1936/1883 2786/1948/1895 2785/1938/1885
f 200/1940/1887 1352/1942/1889 2778/1935/1882
f 1352/1942/1889 1351/1943/1890 2779/1933/1880
f 1351/1943/1890 1350/1945/1892 2780/1944/1891
f 1350/1945/1892 121/3265/3036 966/1946/1893
f 2780/1944/1891 966/1946/1893 967/1947/1894
f 967/1947/1894 968/1949/1896 2786/1948/1895
f 968/1949/1896 122/3263/3034 1353/1926/1873
f 2786/1948/1895 1353/1926/1873 1354/1924/1871
f 2785/1938/1885 1354/1924/1871 1355/1923/1870
f 2784/1939/1886 1355/1923/1870 201/1921/1868
f 2781/1934/1881 2784/1939/1886 1403/1950/1897
f 2778/1935/1882 2781/1934/1881 1402/1951/1898
f 2788/1952/1899 2791/1956/1903 2790/1953/1900
f 2788/1952/1899 2789/1963/1910 2792/1955/1902
f 2790/1953/1900 2791/1956/1903 2794/1957/1904
f 2792/1955/1902 2795/1967/1914 2794/1957/1904
f 199/1959/1906 1349/1961/1908 2787/1954/1901
f 1349/1961/1908 1348/1962/1909 2788/1952/1899
f 1348/1962/1909 1347/1964/1911 2789/1963/1910
f 1347/1964/1911 120/3401/3159 969/1965/1912
f 2789/1963/1910 969/1965/1912 970/1966/1913
f 970/1966/1913 971/1968/1915 2795/1967/1914
f 971/1968/1915 121/3265/3036 1350/1945/1892
f 2795/1967/1914 1350/1945/1892 1351/1943/1890
f 2794/1957/1904 1351/1943/1890 1352/1942/1889
f 2793/1958/1905 1352/1942/1889 200/1940/1887
f 1399/1970/1917 2790/1953/1900 2793/1958/1905
f 2787/1954/1901 2790/1953/1900 1399/1970/1917
f 2797/1971/1918 2800/1975/1922 2799/1972/1919
f 2797/1971/1918 2798/1982/1929 2801/1974/1921
f 2799/1972/1919 2800/1975/1922 2803/1976/1923
f 2801/1974/1921 2804/1986/1933 2803/1976/1923
f 198/1978/1925 1346/1980/1927 2796/1973/1920
f 1346/1980/1927 1345/1981/1928 2797/1971/1918
f 1345/1981/1928 1344/1983/1930 2798/1982/1929
f 1344/1983/1930 119/3414/3172 972/1984/1931
f 2798/1982/1929 972/1984/1931 973/1985/1932
f 973/1985/1932 974/1987/1934 2804/1986/1933
f 974/1987/1934 120/3401/3159 1347/1964/1911
f 2804/1986/1933 1347/1964/1911 1348/1962/1909
f 2803/1976/1923 1348/1962/1909 1349/1961/1908
f 2802/1977/1924 1349/1961/1908 199/1959/1906
f 1396/1989/1936 2799/1972/1919 2802/1977/1924
f 2796/1973/1920 2799/1972/1919 1396/1989/1936
f 2806/1990/1937 2809/1994/1941 2808/1991/1938
f 2806/1990/1937 2807/2001/1948 2810/1993/1940
f 2808/1991/1938 2809/1994/1941 2812/1995/1942
f 2810/1993/1940 2813/2005/1952 2812/1995/1942
f 197/1997/1944 1343/1999/1946 2805/1992/1939
f 1343/1999/1946 1342/2000/1947 2806/1990/1937
f 1342/2000/1947 1341/2002/1949 2807/2001/1948
f 1341/2002/1949 118/3428/3185 975/2003/1950
f 2807/2001/1948 975/2003/1950 976/2004/1951
f 976/2004/1951 977/2006/1953 2813/2005/1952
f 977/2006/1953 119/3414/3172 1344/1983/1930
f 2813/2005/1952 1344/1983/1930 1345/1981/1928
f 2812/1995/1942 1345/1981/1928 1346/1980/1927
f 2811/1996/1943 1346/1980/1927 198/1978/1925
f 1393/2008/1955 2808/1991/1938 2811/1996/1943
f 2805/1992/1939 2808/1991/1938 1393/2008/1955
f 2815/2009/1956 2818/2013/1960 2817/2010/1957
f 2815/2009/1956 2816/2020/1967 2819/2012/1959
f 2817/2010/1957 2818/2013/1960 2821/2014/1961
f 2819/2012/1959 2822/2024/1971 2821/2014/1961
f 196/2016/1963 1340/2018/1965 2814/2011/1958
f 1340/2018/1965 1339/2019/1966 2815/2009/1956
f 1339/2019/1966 1338/2021/1968 2816/2020/1967
f 1338/2021/1968 117/3441/3198 978/2022/1969
f 2816/2020/1967 978/2022/1969 979/2023/1970
f 979/2023/1970 980/2025/1972 2822/2024/1971
f 980/2025/1972 118/3428/3185 1341/2002/1949
f 2822/2024/1971 1341/2002/1949 1342/2000/1947
f 2821/2014/1961 1342/2000/1947 1343/1999/1946
f 2820/2015/1962 1343/1999/1946 197/1997/1944
f 1390/2027/1974 2817/2010/1957 2820/2015/1962
f 2814/2011/1958 2817/2010/1957 1390/2027/1974
f 2824/2028/1975 2827/2032/1979 2826/2029/1976
f 2824/2028/1975 2825/2039/1986 2828/2031/1978
f 2826/2029/1976 2827/2032/1979 2830/2033/1980
f 2828/2031/1978 2831/2043/1990 2830/2033/1980
f 195/2035/1982 1337/2037/1984 2823/2030/1977
f 1337/2037/1984 1336/2038/1985 2824/2028/1975
f 1336/2038/1985 1335/2040/1987 2825/2039/1986
f 1335/2040/1987 116/3454/3211 981/2041/1988
f 2825/2039/1986 981/2041/1988 982/2042/1989
f 982/2042/1989 983/2044/1991 2831/2043/1990
f 983/2044/1991 117/3441/3198 1338/2021/1968
f 2831/2043/1990 1338/2021/1968 1339/2019/1966
f 2830/2033/1980 1339/2019/1966 1340/2018/1965
f 2829/2034/1981 1340/2018/1965 196/2016/1963
f 1387/2046/1993 2826/2029/1976 2829/2034/1981
f 2823/2030/1977 2826/2029/1976 1387/2046/1993
f 2833/2047/1994 2836/2051/1998 2835/2048/1995
f 2833/2047/1994 2834/2058/2005 2837/2050/1997
f 2835/2048/1995 2836/2051/1998 2839/2052/1999
f 2837/2050/1997 2840/2062/2009 2839/2052/1999
f 194/2054/2001 1334/2057/2004 2832/2049/1996
f 1333/2056/2003 2833/2047/1994 2832/2049/1996
f 1333/2056/2003 1332/2059/2006 2834/2058/2005
f 1332/2059/2006 115/3385/3146 984/2060/2007
f 2834/2058/2005 984/2060/2007 985/2061/2008
f 985/2061/2008 986/2063/2010 2840/2062/2009
f 986/2063/2010 116/3454/3211 1335/2040/1987
f 2840/2062/2009 1335/2040/1987 1336/2038/1985
f 2839/2052/1999 1336/2038/1985 1337/2037/1984
f 2838/2053/2000 1337/2037/1984 195/2035/1982
f 1384/2065/2012 2835/2048/1995 2838/2053/2000
f 2832/2049/1996 2835/2048/1995 1384/2065/2012
f 2842/2066/2013 2845/2070/2017 2844/2067/2014
f 2842/2066/2013 2843/2077/2024 2846/2069/2016
f 2844/2067/2014 2845/2070/2017 2848/2071/2018
f 2846/2069/2016 2849/2081/2028 2848/2071/2018
f 193/2073/2020 1331/2075/2022 2841/2068/2015
f 1331/2075/2022 1330/2076/2023 2842/2066/2013
f 1330/2076/2023 1329/2078/2025 2843/2077/2024
f 1329/2078/2025 114/3346/3116 987/2079/2026
f 2843/2077/2024 987/2079/2026 988/2080/2027
f 988/2080/2027 989/2082/2029 2849/2081/2028
f 989/2082/2029 115/3385/3146 1332/2059/2006
f 2849/2081/2028 1332/2059/2006 1333/2056/2003
f 2848/2071/2018 1333/2056/2003 1334/2057/2004
f 2847/2072/2019 1334/2057/2004 194/2054/2001
f 1381/2084/2031 2844/2067/2014 2847/2072/2019
f 2841/2068/2015 2844/2067/2014 1381/2084/2031
f 2851/2085/2032 2854/2089/2036 2853/2086/2033
f 2851/2085/2032 2852/2096/2040 2855/2088/2035
f 2853/2086/2033 2854/2089/2036 2857/2090/2037
f 2855/2088/2035 2858/2100/2043 2857/2090/2037
f 897/2092/1762 2850/2087/2034 1377/2093/2039
f 898/2095/1761 2851/2085/2032 2850/2087/2034
f 898/2095/1761 899/2097/1760 2852/2096/2040
f 899/2097/1760 113/3348/3118 990/2098/2041
f 2852/2096/2040 990/2098/2041 991/2099/2042
f 991/2099/2042 992/2101/2044 2858/2100/2043
f 992/2101/2044 114/3346/3116 1329/2078/2025
f 2858/2100/2043 1329/2078/2025 1330/2076/2023
f 2857/2090/2037 1330/2076/2023 1331/2075/2022
f 2856/2091/2038 1331/2075/2022 193/2073/2020
f 1378/2103/2046 2853/2086/2033 2856/2091/2038
f 1377/2093/2039 2850/2087/2034 2853/2086/2033
f 2859/2104/2047 2860/2108/2051 2863/2105/2048
f 2861/2107/2050 2864/2114/2056 2863/2105/2048
f 2863/2105/2048 2866/2111/2054 2865/2109/2052
f 2863/2105/2048 2864/2114/2056 2867/2110/2053
f 146/326/324 1046/325/323 2859/2104/2047
f 1046/325/323 1045/324/322 2860/2108/2051
f 1044/323/321 2861/2107/2050 2860/2108/2051
f 129/322/283 1001/2113/281 2861/2107/2050
f 1001/2113/281 1000/4300/280 2864/2114/2056
f 2864/2114/2056 1000/4300/280 999/2115/279
f 2867/2110/2053 999/2115/279 132/2116/139
f 2866/2111/2054 2867/2110/2053 1047/2117/2057
f 2866/2111/2054 1048/2118/2058 1049/2119/2059
f 2865/2109/2052 1049/2119/2059 147/2120/2060
f 2862/2106/2049 2865/2109/2052 1133/2121/2061
f 1131/2112/2055 2859/2104/2047 2862/2106/2049
f 2868/2123/2063 2869/2127/2067 2872/2124/2064
f 2870/2126/2066 2873/2132/2071 2872/2124/2064
f 2872/2124/2064 2875/2130/2070 2874/2128/2068
f 2872/2124/2064 2873/2132/2071 2876/2129/2069
f 147/2120/2060 1049/2119/2059 2868/2123/2063
f 1049/2119/2059 1048/2118/2058 2869/2127/2067
f 1047/2117/2057 2870/2126/2066 2869/2127/2067
f 132/2116/139 1004/2131/137 2870/2126/2066
f 1004/2131/137 1003/4301/136 2873/2132/2071
f 2873/2132/2071 1003/4301/136 1002/2133/135
f 2876/2129/2069 1002/2133/135 133/2134/2072
f 2875/2130/2070 2876/2129/2069 1050/2135/2073
f 2875/2130/2070 1051/2136/2074 1052/2137/2075
f 2874/2128/2068 1052/2137/2075 148/71/71
f 2871/2125/2065 2874/2128/2068 1130/69/69
f 1128/67/67 2868/2123/2063 2871/2125/2065
f 2877/2138/2076 2878/2142/2080 2881/2139/2077
f 2879/2141/2079 2882/2147/2085 2881/2139/2077
f 2881/2139/2077 2884/2145/2083 2883/2143/2081
f 2881/2139/2077 2882/2147/2085 2885/2144/2082
f 148/71/71 1052/2137/2075 2877/2138/2076
f 1052/2137/2075 1051/2136/2074 2878/2142/2080
f 1050/2135/2073 2879/2141/2079 2878/2142/2080
f 133/2134/2072 1007/2146/2084 2879/2141/2079
f 1007/2146/2084 1006/4302/2322 2882/2147/2085
f 2882/2147/2085 1006/4302/2322 1005/2148/2086
f 2885/2144/2082 1005/2148/2086 134/2149/2087
f 2884/2145/2083 2885/2144/2082 1053/2150/2088
f 2884/2145/2083 1054/2151/2089 1055/2152/2090
f 2883/2143/2081 1055/2152/2090 149/115/115
f 2880/2140/2078 2883/2143/2081 1127/113/113
f 1125/111/111 2877/2138/2076 2880/2140/2078
f 2886/2153/2091 2887/2157/2095 2890/2154/2092
f 2888/2156/2094 2891/2162/2100 2890/2154/2092
f 2890/2154/2092 2893/2160/2098 2892/2158/2096
f 2890/2154/2092 2891/2162/2100 2894/2159/2097
f 149/115/115 1055/2152/2090 2886/2153/2091
f 1055/2152/2090 1054/2151/2089 2887/2157/2095
f 1053/2150/2088 2888/2156/2094 2887/2157/2095
f 134/2149/2087 1010/2161/2099 2888/2156/2094
f 1010/2161/2099 1009/4303/2429 2891/2162/2100
f 2891/2162/2100 1009/4303/2429 1008/2163/2101
f 2894/2159/2097 1008/2163/2101 135/2164/365
f 2893/2160/2098 2894/2159/2097 1056/2165/2102
f 2893/2160/2098 1057/2166/2103 1058/2167/2104
f 2892/2158/2096 1058/2167/2104 150/159/159
f 2889/2155/2093 2892/2158/2096 1124/157/157
f 1122/155/155 2886/2153/2091 2889/2155/2093
f 2895/2168/2105 2896/2172/2109 2899/2169/2106
f 2897/2171/2108 2900/2177/2113 2899/2169/2106
f 2899/2169/2106 2902/2175/2112 2901/2173/2110
f 2899/2169/2106 2900/2177/2113 2903/2174/2111
f 150/159/159 1058/2167/2104 2895/2168/2105
f 1058/2167/2104 1057/2166/2103 2896/2172/2109
f 1056/2165/2102 2897/2171/2108 2896/2172/2109
f 135/2164/365 1013/2176/363 2897/2171/2108
f 1013/2176/363 1012/4304/362 2900/2177/2113
f 2900/2177/2113 1012/4304/362 1011/2178/361
f 2903/2174/2111 1011/2178/361 136/2179/203
f 2902/2175/2112 2903/2174/2111 1059/2180/2114
f 2902/2175/2112 1060/2181/2115 1061/2182/2116
f 2901/2173/2110 1061/2182/2116 151/223/223
f 2898/2170/2107 2901/2173/2110 1121/221/221
f 1119/219/219 2895/2168/2105 2898/2170/2107
f 2904/2184/2117 2905/2188/2121 2908/2185/2118
f 2906/2187/2120 2909/2193/2125 2908/2185/2118
f 2908/2185/2118 2911/2191/2124 2910/2189/2122
f 2908/2185/2118 2909/2193/2125 2912/2190/2123
f 151/223/223 1061/2182/2116 2904/2184/2117
f 1061/2182/2116 1060/2181/2115 2905/2188/2121
f 1059/2180/2114 2906/2187/2120 2905/2188/2121
f 136/2179/203 1016/2192/201 2906/2187/2120
f 1016/2192/201 1015/4305/200 2909/2193/2125
f 2909/2193/2125 1015/4305/200 1014/2194/199
f 2912/2190/2123 1014/2194/199 137/2195/23
f 2911/2191/2124 2912/2190/2123 1062/2196/2126
f 2911/2191/2124 1063/2197/2127 1064/2198/2128
f 2910/2189/2122 1064/2198/2128 152/263/263
f 2907/2186/2119 2910/2189/2122 1118/261/261
f 1116/259/259 2904/2184/2117 2907/2186/2119
f 2913/2199/2129 2914/2203/2133 2917/2200/2130
f 2915/2202/2132 2918/2208/2137 2917/2200/2130
f 2917/2200/2130 2920/2206/2136 2919/2204/2134
f 2917/2200/2130 2918/2208/2137 2921/2205/2135
f 152/263/263 1064/2198/2128 2913/2199/2129
f 1064/2198/2128 1063/2197/2127 2914/2203/2133
f 1062/2196/2126 2915/2202/2132 2914/2203/2133
f 137/2195/23 1019/2207/21 2915/2202/2132
f 1019/2207/21 1018/4306/20 2918/2208/2137
f 2918/2208/2137 1018/4306/20 1017/2209/19
f 2921/2205/2135 1017/2209/19 138/2210/2138
f 2920/2206/2136 2921/2205/2135 1065/2211/2139
f 2920/2206/2136 1066/2212/2140 1067/2213/2141
f 2919/2204/2134 1067/2213/2141 153/303/303
f 2916/2201/2131 2919/2204/2134 1115/301/301
f 1113/299/299 2913/2199/2129 2916/2201/2131
f 2922/2214/2142 2923/2218/2146 2926/2215/2143
f 2924/2217/2145 2927/2224/2152 2926/2215/2143
f 2926/2215/2143 2929/2221/2149 2928/2219/2147
f 2926/2215/2143 2927/2224/2152 2930/2220/2148
f 153/303/303 1067/2213/2141 2922/2214/2142
f 1067/2213/2141 1066/2212/2140 2923/2218/2146
f 1065/2211/2139 2924/2217/2145 2923/2218/2146
f 138/2210/2138 1022/2223/2151 2924/2217/2145
f 1022/2223/2151 1021/4307/2400 2927/2224/2152
f 2927/2224/2152 1021/4307/2400 1020/2225/2153
f 2930/2220/2148 1020/2225/2153 139/2226/2154
f 2929/2221/2149 2930/2220/2148 1068/2227/2155
f 2929/2221/2149 1069/2228/2156 1070/2229/2157
f 2928/2219/2147 1070/2229/2157 154/2230/2158
f 2925/2216/2144 2928/2219/2147 1112/2231/2159
f 1110/2222/2150 2922/2214/2142 2925/2216/2144
f 2931/2233/2161 2932/2237/2165 2935/2234/2162
f 2933/2236/2164 2936/2243/2171 2935/2234/2162
f 2935/2234/2162 2938/2240/2168 2937/2238/2166
f 2935/2234/2162 2936/2243/2171 2939/2239/2167
f 154/2230/2158 1070/2229/2157 2931/2233/2161
f 1070/2229/2157 1069/2228/2156 2932/2237/2165
f 1068/2227/2155 2933/2236/2164 2932/2237/2165
f 139/2226/2154 1025/2242/2170 2933/2236/2164
f 1025/2242/2170 1024/4308/2484 2936/2243/2171
f 2936/2243/2171 1024/4308/2484 1023/2244/2172
f 2939/2239/2167 1023/2244/2172 140/2245/243
f 2938/2240/2168 2939/2239/2167 1071/2246/2173
f 2938/2240/2168 1072/2247/2174 1073/2248/2175
f 2937/2238/2166 1073/2248/2175 155/2249/2176
f 2934/2235/2163 2937/2238/2166 1109/2250/2177
f 1107/2241/2169 2931/2233/2161 2934/2235/2163
f 2940/2252/2179 2941/2256/2183 2944/2253/2180
f 2942/2255/2182 2945/2262/2188 2944/2253/2180
f 2944/2253/2180 2947/2259/2186 2946/2257/2184
f 2944/2253/2180 2945/2262/2188 2948/2258/2185
f 155/2249/2176 1073/2248/2175 2940/2252/2179
f 1073/2248/2175 1072/2247/2174 2941/2256/2183
f 1071/2246/2173 2942/2255/2182 2941/2256/2183
f 140/2245/243 1028/2261/241 2942/2255/2182
f 1028/2261/241 1027/4309/240 2945/2262/2188
f 2945/2262/2188 1027/4309/240 1026/2263/239
f 2948/2258/2185 1026/2263/239 141/2264/95
f 2947/2259/2186 2948/2258/2185 1074/2265/2189
f 2947/2259/2186 1075/2266/2190 1076/2267/2191
f 2946/2257/2184 1076/2267/2191 156/2268/2192
f 2943/2254/2181 2946/2257/2184 1106/2269/2193
f 1104/2260/2187 2940/2252/2179 2943/2254/2181
f 2949/2271/2195 2950/2275/2199 2953/2272/2196
f 2951/2274/2198 2954/2281/2204 2953/2272/2196
f 2953/2272/2196 2956/2278/2202 2955/2276/2200
f 2953/2272/2196 2954/2281/2204 2957/2277/2201
f 156/2268/2192 1076/2267/2191 2949/2271/2195
f 1076/2267/2191 1075/2266/2190 2950/2275/2199
f 1074/2265/2189 2951/2274/2198 2950/2275/2199
f 141/2264/95 1031/2280/93 2951/2274/2198
f 1031/2280/93 1030/4310/92 2954/2281/2204
f 2954/2281/2204 1030/4310/92 1029/2282/91
f 2957/2277/2201 1029/2282/91 142/2283/2205
f 2956/2278/2202 2957/2277/2201 1077/2284/2206
f 2956/2278/2202 1078/2285/2207 1079/2286/2208
f 2955/2276/2200 1079/2286/2208 157/2287/2209
f 2952/2273/2197 2955/2276/2200 1103/2288/2210
f 1101/2279/2203 2949/2271/2195 2952/2273/2197
f 2958/2290/2212 2959/2294/2216 2962/2291/2213
f 2960/2293/2215 2963/2300/2222 2962/2291/2213
f 2962/2291/2213 2965/2297/2219 2964/2295/2217
f 2962/2291/2213 2963/2300/2222 2966/2296/2218
f 157/2287/2209 1079/2286/2208 2958/2290/2212
f 1079/2286/2208 1078/2285/2207 2959/2294/2216
f 1077/2284/2206 2960/2293/2215 2959/2294/2216
f 142/2283/2205 1034/2299/2221 2960/2293/2215
f 1034/2299/2221 1033/4311/2351 2963/2300/2222
f 2963/2300/2222 1033/4311/2351 1032/2301/2223
f 2966/2296/2218 1032/2301/2223 143/2302/2224
f 2965/2297/2219 2966/2296/2218 1080/2303/2225
f 2965/2297/2219 1081/2304/2226 1082/2305/2227
f 2964/2295/2217 1082/2305/2227 158/2306/2228
f 2961/2292/2214 2964/2295/2217 1100/2307/2229
f 1098/2298/2220 2958/2290/2212 2961/2292/2214
f 2967/2309/2231 2968/2313/2235 2971/2310/2232
f 2969/2312/2234 2972/2319/2241 2971/2310/2232
f 2971/2310/2232 2974/2316/2238 2973/2314/2236
f 2971/2310/2232 2972/2319/2241 2975/2315/2237
f 158/2306/2228 1082/2305/2227 2967/2309/2231
f 1082/2305/2227 1081/2304/2226 2968/2313/2235
f 1080/2303/2225 2969/2312/2234 2968/2313/2235
f 143/2302/2224 1037/2318/2240 2969/2312/2234
f 1037/2318/2240 1036/4312/2442 2972/2319/2241
f 2972/2319/2241 1036/4312/2442 1035/2320/2242
f 2975/2315/2237 1035/2320/2242 144/2321/345
f 2974/2316/2238 2975/2315/2237 1083/2322/2243
f 2974/2316/2238 1084/2323/2244 1085/2324/2245
f 2973/2314/2236 1085/2324/2245 159/2325/2246
f 2970/2311/2233 2973/2314/2236 1097/2326/2247
f 1095/2317/2239 2967/2309/2231 2970/2311/2233
f 2976/2328/2249 2977/2332/2253 2980/2329/2250
f 2978/2331/2252 2981/2338/2258 2980/2329/2250
f 2980/2329/2250 2983/2335/2256 2982/2333/2254
f 2980/2329/2250 2981/2338/2258 2984/2334/2255
f 159/2325/2246 1085/2324/2245 2976/2328/2249
f 1085/2324/2245 1084/2323/2244 2977/2332/2253
f 1083/2322/2243 2978/2331/2252 2977/2332/2253
f 144/2321/345 1040/2337/343 2978/2331/2252
f 1040/2337/343 1039/4313/342 2981/2338/2258
f 2981/2338/2258 1039/4313/342 1038/2339/341
f 2984/2334/2255 1038/2339/341 145/2340/183
f 2983/2335/2256 2984/2334/2255 1086/2341/2259
f 2983/2335/2256 1087/2342/2260 1088/2343/2261
f 2982/2333/2254 1088/2343/2261 160/2344/2262
f 2979/2330/2251 2982/2333/2254 1094/2345/2263
f 1092/2336/2257 2976/2328/2249 2979/2330/2251
f 2985/2347/2265 2986/2351/2269 2989/2348/2266
f 2987/2350/2268 2990/2356/2273 2989/2348/2266
f 2989/2348/2266 2992/2354/2272 2991/2352/2270
f 2989/2348/2266 2990/2356/2273 2993/2353/2271
f 160/2344/2262 1088/2343/2261 2985/2347/2265
f 1088/2343/2261 1087/2342/2260 2986/2351/2269
f 1086/2341/2259 2987/2350/2268 2986/2351/2269
f 145/2340/183 1043/2355/181 2987/2350/2268
f 1043/2355/181 1042/4314/180 2990/2356/2273
f 2990/2356/2273 1042/4314/180 1041/2357/179
f 2993/2353/2271 1041/2357/179 130/2358/317
f 2992/2354/2272 2993/2353/2271 998/2359/315
f 2992/2354/2272 997/2360/316 996/2361/314
f 2991/2352/2270 996/2361/314 131/47/47
f 2988/2349/2267 2991/2352/2270 1091/45/45
f 1089/43/43 2985/2347/2265 2988/2349/2267
f 2994/2362/2274 2995/2366/2278 2998/2363/2275
f 2996/2365/2277 2999/2369/2281 2998/2363/2275
f 2997/2364/2276 2998/2363/2275 3001/2367/2279
f 2999/2369/2281 3002/2378/2288 3001/2367/2279
f 215/2370/62 1499/2372/2282 2994/2362/2274
f 1499/2372/2282 1498/2374/2284 2995/2366/2278
f 1497/2373/2283 2996/2365/2277 2995/2366/2278
f 218/2375/2285 1155/2376/2286 2996/2365/2277
f 1155/2376/2286 1156/2377/2287 2999/2369/2281
f 1156/2377/2287 1157/2379/2289 3002/2378/2288
f 1157/2379/2289 146/326/324 1131/2380/2055
f 3002/2378/2288 1131/2380/2055 1132/2381/2062
f 3000/2368/2280 3001/2367/2279 1132/2381/2062
f 1145/2383/66 3000/2368/2280 1133/2382/2061
f 1144/2385/64 2997/2364/2276 3000/2368/2280
f 1143/2371/63 2994/2362/2274 2997/2364/2276
f 3003/2386/2290 3004/2390/2294 3007/2387/2291
f 3005/2389/2293 3008/2393/2297 3007/2387/2291
f 3006/2388/2292 3007/2387/2291 3010/2391/2295
f 3008/2393/2297 3011/2400/2304 3010/2391/2295
f 216/38/38 1496/2394/2298 3003/2386/2290
f 1496/2394/2298 1495/2396/2300 3004/2390/2294
f 1494/2395/2299 3005/2389/2293 3004/2390/2294
f 219/2397/2301 1158/2398/2302 3005/2389/2293
f 1158/2398/2302 1159/2399/2303 3008/2393/2297
f 1159/2399/2303 1160/2401/2305 3011/2400/2304
f 1160/2401/2305 159/2325/2246 1092/2336/2257
f 3011/2400/2304 1092/2336/2257 1093/2346/2264
f 3009/2392/2296 3010/2391/2295 1093/2346/2264
f 1148/42/42 3009/2392/2296 1094/2345/2263
f 1147/40/40 3006/2388/2292 3009/2392/2296
f 1146/39/39 3003/2386/2290 3006/2388/2292
f 3012/2402/2306 3013/2406/2310 3016/2403/2307
f 3014/2405/2309 3017/2409/2313 3016/2403/2307
f 3015/2404/2308 3016/2403/2307 3019/2407/2311
f 3017/2409/2313 3020/2416/2320 3019/2407/2311
f 225/130/130 1589/2410/2314 3012/2402/2306
f 1589/2410/2314 1588/2412/2316 3013/2406/2310
f 1587/2411/2315 3014/2405/2309 3013/2406/2310
f 238/2413/2317 1161/2414/2318 3014/2405/2309
f 1161/2414/2318 1162/2415/2319 3017/2409/2313
f 1162/2415/2319 1163/2417/2321 3020/2416/2320
f 1163/2417/2321 134/2542/2087 1005/2418/2086
f 3020/2416/2320 1005/2418/2086 1006/2419/2322
f 3018/2408/2312 3019/2407/2311 1006/2419/2322
f 281/134/134 3018/2408/2312 1007/2420/2084
f 280/132/132 3015/2404/2308 3018/2408/2312
f 279/131/131 3012/2402/2306 3015/2404/2308
f 3021/2422/2323 3022/2426/2327 3025/2423/2324
f 3023/2425/2326 3026/2429/2330 3025/2423/2324
f 3024/2424/2325 3025/2423/2324 3028/2427/2328
f 3026/2429/2330 3029/2436/2334 3028/2427/2328
f 218/2375/2285 1493/2430/2331 3021/2422/2323
f 1493/2430/2331 1492/2432/2333 3022/2426/2327
f 1491/2431/2332 3023/2425/2326 3022/2426/2327
f 217/2433/33 1451/2434/34 3023/2425/2326
f 1451/2434/34 1450/2435/48 3026/2429/2330
f 1450/2435/48 1449/2437/46 3029/2436/2334
f 1449/2437/46 131/313/47 1134/314/313
f 3029/2436/2334 1134/314/313 1135/328/326
f 3027/2428/2329 3028/2427/2328 1135/328/326
f 1157/2379/2289 3027/2428/2329 1136/327/325
f 1156/2377/2287 3024/2424/2325 3027/2428/2329
f 1155/2376/2286 3021/2422/2323 3024/2424/2325
f 3030/2438/2335 3031/2442/2339 3034/2439/2336
f 3032/2441/2338 3035/2445/2342 3034/2439/2336
f 3033/2440/2337 3034/2439/2336 3037/2443/2340
f 3035/2445/2342 3038/2452/2349 3037/2443/2340
f 236/86/86 1586/2446/2343 3030/2438/2335
f 1586/2446/2343 1585/2448/2345 3031/2442/2339
f 1584/2447/2344 3032/2441/2338 3031/2442/2339
f 239/2449/2346 1164/2450/2347 3032/2441/2338
f 1164/2450/2347 1165/2451/2348 3035/2445/2342
f 1165/2451/2348 1166/2453/2350 3038/2452/2349
f 1166/2453/2350 143/2558/2224 1032/2454/2223
f 3038/2452/2349 1032/2454/2223 1033/2455/2351
f 3036/2444/2341 3037/2443/2340 1033/2455/2351
f 1142/90/90 3036/2444/2341 1034/2456/2221
f 1141/88/88 3033/2440/2337 3036/2444/2341
f 1140/87/87 3030/2438/2335 3033/2440/2337
f 3039/2458/2352 3040/2462/2356 3043/2459/2353
f 3041/2461/2355 3044/2465/2359 3043/2459/2353
f 3042/2460/2354 3043/2459/2353 3046/2463/2357
f 3044/2465/2359 3047/2472/2366 3046/2463/2357
f 219/2397/2301 1490/2466/2360 3039/2458/2352
f 1490/2466/2360 1489/2468/2362 3040/2462/2356
f 1488/2467/2361 3041/2461/2355 3040/2462/2356
f 220/2469/2363 1167/2470/2364 3041/2461/2355
f 1167/2470/2364 1168/2471/2365 3044/2465/2359
f 1168/2471/2365 1169/2473/2367 3047/2472/2366
f 1169/2473/2367 158/2306/2228 1095/2317/2239
f 3047/2472/2366 1095/2317/2239 1096/2327/2248
f 3045/2464/2358 3046/2463/2357 1096/2327/2248
f 1160/2401/2305 3045/2464/2358 1097/2326/2247
f 1159/2399/2303 3042/2460/2354 3045/2464/2358
f 1158/2398/2302 3039/2458/2352 3042/2460/2354
f 3048/2474/2368 3049/2478/2372 3052/2475/2369
f 3050/2477/2371 3053/2481/2375 3052/2475/2369
f 3051/2476/2370 3052/2475/2369 3055/2479/2373
f 3053/2481/2375 3056/2488/2382 3055/2479/2373
f 220/2469/2363 1487/2482/2376 3048/2474/2368
f 1487/2482/2376 1486/2484/2378 3049/2478/2372
f 1485/2483/2377 3050/2477/2371 3049/2478/2372
f 221/2485/2379 1170/2486/2380 3050/2477/2371
f 1170/2486/2380 1171/2487/2381 3053/2481/2375
f 1171/2487/2381 1172/2489/2383 3056/2488/2382
f 1172/2489/2383 157/2287/2209 1098/2298/2220
f 3056/2488/2382 1098/2298/2220 1099/2308/2230
f 3054/2480/2374 3055/2479/2373 1099/2308/2230
f 1169/2473/2367 3054/2480/2374 1100/2307/2229
f 1168/2471/2365 3051/2476/2370 3054/2480/2374
f 1167/2470/2364 3048/2474/2368 3051/2476/2370
f 3057/2490/2384 3058/2494/2388 3061/2491/2385
f 3059/2493/2387 3062/2497/2391 3061/2491/2385
f 3060/2492/2386 3061/2491/2385 3064/2495/2389
f 3062/2497/2391 3065/2504/2398 3064/2495/2389
f 237/14/14 1583/2498/2392 3057/2490/2384
f 1583/2498/2392 1582/2500/2394 3058/2494/2388
f 1581/2499/2393 3059/2493/2387 3058/2494/2388
f 240/2501/2395 1173/2502/2396 3059/2493/2387
f 1173/2502/2396 1174/2503/2397 3062/2497/2391
f 1174/2503/2397 1175/2505/2399 3065/2504/2398
f 1175/2505/2399 139/2606/2154 1020/2506/2153
f 3065/2504/2398 1020/2506/2153 1021/2507/2400
f 3063/2496/2390 3064/2495/2389 1021/2507/2400
f 1154/18/18 3063/2496/2390 1022/2508/2151
f 1153/16/16 3060/2492/2386 3063/2496/2390
f 1152/15/15 3057/2490/2384 3060/2492/2386
f 3066/2510/2401 3067/2514/2405 3070/2511/2402
f 3068/2513/2404 3071/2517/2408 3070/2511/2402
f 3069/2512/2403 3070/2511/2402 3073/2515/2406
f 3071/2517/2408 3074/2524/2415 3073/2515/2406
f 221/2485/2379 1484/2518/2409 3066/2510/2401
f 1484/2518/2409 1483/2520/2411 3067/2514/2405
f 1482/2519/2410 3068/2513/2404 3067/2514/2405
f 222/2521/2412 1176/2522/2413 3068/2513/2404
f 1176/2522/2413 1177/2523/2414 3071/2517/2408
f 1177/2523/2414 1178/2525/2416 3074/2524/2415
f 1178/2525/2416 156/2268/2192 1101/2279/2203
f 3074/2524/2415 1101/2279/2203 1102/2526/2211
f 3072/2516/2407 3073/2515/2406 1102/2526/2211
f 1172/2489/2383 3072/2516/2407 1103/2288/2210
f 1171/2487/2381 3069/2512/2403 3072/2516/2407
f 1170/2486/2380 3066/2510/2401 3069/2512/2403
f 3075/2527/2417 3076/2531/2421 3079/2528/2418
f 3077/2530/2420 3080/2534/2424 3079/2528/2418
f 3078/2529/2419 3079/2528/2418 3082/2532/2422
f 3080/2534/2424 3083/2538/2428 3082/2532/2422
f 238/2413/2317 1580/2535/2425 3075/2527/2417
f 1580/2535/2425 1579/2537/2427 3076/2531/2421
f 1578/2536/2426 3077/2530/2420 3076/2531/2421
f 234/357/355 1550/358/356 3077/2530/2420
f 1550/358/356 1549/368/366 3080/2534/2424
f 1549/368/366 1548/366/364 3083/2538/2428
f 1548/366/364 135/367/365 1008/2539/2101
f 3083/2538/2428 1008/2539/2101 1009/2540/2429
f 3081/2533/2423 3082/2532/2422 1009/2540/2429
f 1163/2417/2321 3081/2533/2423 1010/2541/2099
f 1162/2415/2319 3078/2529/2419 3081/2533/2423
f 1161/2414/2318 3075/2527/2417 3078/2529/2419
f 3084/2543/2430 3085/2547/2434 3088/2544/2431
f 3086/2546/2433 3089/2550/2437 3088/2544/2431
f 3087/2545/2432 3088/2544/2431 3091/2548/2435
f 3089/2550/2437 3092/2554/2441 3091/2548/2435
f 239/2449/2346 1577/2551/2438 3084/2543/2430
f 1577/2551/2438 1576/2553/2440 3085/2547/2434
f 1575/2552/2439 3086/2546/2433 3085/2547/2434
f 232/337/335 1544/338/336 3086/2546/2433
f 1544/338/336 1543/348/346 3089/2550/2437
f 1543/348/346 1542/346/344 3092/2554/2441
f 1542/346/344 144/347/345 1035/2555/2242
f 3092/2554/2441 1035/2555/2242 1036/2556/2442
f 3090/2549/2436 3091/2548/2435 1036/2556/2442
f 1166/2453/2350 3090/2549/2436 1037/2557/2240
f 1165/2451/2348 3087/2545/2432 3090/2549/2436
f 1164/2450/2347 3084/2543/2430 3087/2545/2432
f 3093/2559/2443 3094/2563/2447 3097/2560/2444
f 3095/2562/2446 3098/2566/2450 3097/2560/2444
f 3096/2561/2445 3097/2560/2444 3100/2564/2448
f 3098/2566/2450 3101/2570/2454 3100/2564/2448
f 226/174/174 1574/2567/2451 3093/2559/2443
f 1574/2567/2451 1573/2569/2453 3094/2563/2447
f 1572/2568/2452 3095/2562/2446 3094/2563/2447
f 230/273/273 1538/274/274 3095/2562/2446
f 1538/274/274 1537/284/284 3098/2566/2450
f 1537/284/284 1536/282/282 3101/2570/2454
f 1536/282/282 129/283/283 993/2571/320
f 3101/2570/2454 993/2571/320 994/2572/2455
f 3099/2565/2449 3100/2564/2448 994/2572/2455
f 905/178/178 3099/2565/2449 995/2573/318
f 904/176/176 3096/2561/2445 3099/2565/2449
f 903/175/175 3093/2559/2443 3096/2561/2445
f 3102/2575/2456 3103/2579/2460 3106/2576/2457
f 3104/2578/2459 3107/2582/2463 3106/2576/2457
f 3105/2577/2458 3106/2576/2457 3109/2580/2461
f 3107/2582/2463 3110/2589/2470 3109/2580/2461
f 222/2521/2412 1481/2583/2464 3102/2575/2456
f 1481/2583/2464 1480/2585/2466 3103/2579/2460
f 1479/2584/2465 3104/2578/2459 3103/2579/2460
f 223/2586/2467 1179/2587/2468 3104/2578/2459
f 1179/2587/2468 1180/2588/2469 3107/2582/2463
f 1180/2588/2469 1181/2590/2471 3110/2589/2470
f 1181/2590/2471 155/2249/2176 1104/2260/2187
f 3110/2589/2470 1104/2260/2187 1105/2270/2194
f 3108/2581/2462 3109/2580/2461 1105/2270/2194
f 1178/2525/2416 3108/2581/2462 1106/2269/2193
f 1177/2523/2414 3105/2577/2458 3108/2581/2462
f 1176/2522/2413 3102/2575/2456 3105/2577/2458
f 3111/2591/2472 3112/2595/2476 3115/2592/2473
f 3113/2594/2475 3116/2598/2479 3115/2592/2473
f 3114/2593/2474 3115/2592/2473 3118/2596/2477
f 3116/2598/2479 3119/2602/2483 3118/2596/2477
f 240/2501/2395 1571/2599/2480 3111/2591/2472
f 1571/2599/2480 1570/2601/2482 3112/2595/2476
f 1569/2600/2481 3113/2594/2475 3112/2595/2476
f 228/233/233 1532/234/234 3113/2594/2475
f 1532/234/234 1531/244/244 3116/2598/2479
f 1531/244/244 1530/242/242 3119/2602/2483
f 1530/242/242 140/243/243 1023/2603/2172
f 3119/2602/2483 1023/2603/2172 1024/2604/2484
f 3117/2597/2478 3118/2596/2477 1024/2604/2484
f 1175/2505/2399 3117/2597/2478 1025/2605/2170
f 1174/2503/2397 3114/2593/2474 3117/2597/2478
f 1173/2502/2396 3111/2591/2472 3114/2593/2474
f 3120/2607/2485 3121/2611/2489 3124/2608/2486
f 3122/2610/2488 3125/2614/2492 3124/2608/2486
f 3123/2609/2487 3124/2608/2486 3127/2612/2490
f 3125/2614/2492 3128/2621/2499 3127/2612/2490
f 223/2586/2467 1478/2615/2493 3120/2607/2485
f 1478/2615/2493 1477/2617/2495 3121/2611/2489
f 1476/2616/2494 3122/2610/2488 3121/2611/2489
f 224/2618/2496 1182/2619/2497 3122/2610/2488
f 1182/2619/2497 1183/2620/2498 3125/2614/2492
f 1183/2620/2498 1184/2622/2500 3128/2621/2499
f 1184/2622/2500 154/2230/2158 1107/2241/2169
f 3128/2621/2499 1107/2241/2169 1108/2251/2178
f 3126/2613/2491 3127/2612/2490 1108/2251/2178
f 1181/2590/2471 3126/2613/2491 1109/2250/2177
f 1180/2588/2469 3123/2609/2487 3126/2613/2491
f 1179/2587/2468 3120/2607/2485 3123/2609/2487
f 3129/2623/2501 3130/2627/2505 3133/2624/2502
f 3131/2626/2504 3134/2630/2508 3133/2624/2502
f 3132/2625/2503 3133/2624/2502 3136/2628/2506
f 3134/2630/2508 3137/2634/2512 3136/2628/2506
f 224/2618/2496 1475/2631/2509 3129/2623/2501
f 1475/2631/2509 1474/2633/2511 3130/2627/2505
f 1473/2632/2510 3131/2626/2504 3130/2627/2505
f 212/293/293 1436/294/294 3131/2626/2504
f 1436/294/294 1435/304/304 3134/2630/2508
f 1435/304/304 1434/302/302 3137/2634/2512
f 1434/302/302 153/303/303 1110/2222/2150
f 3137/2634/2512 1110/2222/2150 1111/2232/2160
f 3135/2629/2507 3136/2628/2506 1111/2232/2160
f 1184/2622/2500 3135/2629/2507 1112/2231/2159
f 1183/2620/2498 3132/2625/2503 3135/2629/2507
f 1182/2619/2497 3129/2623/2501 3132/2625/2503
f 3140/2635/2513 3170/2637/2513 3138/4315/2513
f 3142/2638/2513 3140/2635/2513 3138/4315/2513
f 3144/2640/2513 3142/2638/2513 3138/4315/2513
f 3146/2642/2513 3144/2640/2513 3138/4315/2513
f 3148/2644/2513 3146/2642/2513 3138/4315/2513
f 3150/2646/2513 3148/2644/2513 3138/4315/2513
f 3152/2648/2513 3150/2646/2513 3138/4315/2513
f 3154/2650/2513 3152/2648/2513 3138/4315/2513
f 3156/2652/2513 3154/2650/2513 3138/4315/2513
f 3158/2654/2513 3156/2652/2513 3138/4315/2513
f 3160/2656/2513 3158/2654/2513 3138/4315/2513
f 3162/2658/2513 3160/2656/2513 3138/4315/2513
f 3164/2660/2513 3162/2658/2513 3138/4315/2513
f 3166/2662/2513 3164/2660/2513 3138/4315/2513
f 3168/2664/2513 3166/2662/2513 3138/4315/2513
f 3170/2637/2513 3168/2664/2513 3138/4315/2513
f 177/2667/2513 3139/2636/2513 1280/2670/2513
f 1279/2669/2513 3139/2636/2513 3140/2635/2513
f 3139/2636/2513 1234/2671/2513 3170/2637/2513
f 192/2672/2513 3141/2639/2513 1277/2675/2513
f 1276/2674/2513 3141/2639/2513 3142/2638/2513
f 3141/2639/2513 1279/2669/2513 3140/2635/2513
f 191/2676/2513 3143/2641/2513 1274/2679/2513
f 1273/2678/2513 3143/2641/2513 3144/2640/2513
f 3143/2641/2513 1276/2674/2513 3142/2638/2513
f 190/2680/2513 3145/2643/2513 1271/2683/2513
f 1270/2682/2513 3145/2643/2513 3146/2642/2513
f 3145/2643/2513 1273/2678/2513 3144/2640/2513
f 189/2684/2513 3147/2645/2513 1268/2687/2513
f 1267/2686/2513 3147/2645/2513 3148/2644/2513
f 3147/2645/2513 1270/2682/2513 3146/2642/2513
f 188/2688/2513 3149/2647/2513 1265/2691/2513
f 1264/2690/2513 3149/2647/2513 3150/2646/2513
f 3149/2647/2513 1267/2686/2513 3148/2644/2513
f 187/2692/2513 3151/2649/2513 1262/2695/2513
f 1261/2694/2513 3151/2649/2513 3152/2648/2513
f 3151/2649/2513 1264/2690/2513 3150/2646/2513
f 186/2696/2513 3153/2651/2513 1259/2699/2513
f 1258/2698/2513 3153/2651/2513 3154/2650/2513
f 3153/2651/2513 1261/2694/2513 3152/2648/2513
f 185/2700/2513 3155/2653/2513 1256/2703/2513
f 1255/2702/2513 3155/2653/2513 3156/2652/2513
f 3155/2653/2513 1258/2698/2513 3154/2650/2513
f 184/2704/2513 3157/2655/2513 1253/2707/2513
f 1252/2706/2513 3157/2655/2513 3158/2654/2513
f 3157/2655/2513 1255/2702/2513 3156/2652/2513
f 183/2708/2513 3159/2657/2513 1250/2711/2513
f 1249/2710/2513 3159/2657/2513 3160/2656/2513
f 3159/2657/2513 1252/2706/2513 3158/2654/2513
f 182/2712/2513 3161/2659/2513 1247/2715/2513
f 1246/2714/2513 3161/2659/2513 3162/2658/2513
f 3161/2659/2513 1249/2710/2513 3160/2656/2513
f 181/2716/2513 3163/2661/2513 1244/2719/2513
f 1243/2718/2513 3163/2661/2513 3164/2660/2513
f 3163/2661/2513 1246/2714/2513 3162/2658/2513
f 180/2720/2513 3165/2663/2513 1241/2723/2513
f 1240/2722/2513 3165/2663/2513 3166/2662/2513
f 3165/2663/2513 1243/2718/2513 3164/2660/2513
f 179/2724/2513 3167/2665/2513 1238/2727/2513
f 1237/2726/2513 3167/2665/2513 3168/2664/2513
f 3167/2665/2513 1240/2722/2513 3166/2662/2513
f 178/2728/2513 3169/2666/2513 1235/2730/2513
f 1234/2671/2513 3169/2666/2513 3170/2637/2513
f 3169/2666/2513 1237/2726/2513 3168/2664/2513
f 3172/2731/2514 3175/2735/2518 3174/2732/2515
f 3173/2734/2517 3176/2745/2528 3175/2735/2518
f 3174/2732/2515 3175/2735/2518 3178/2736/2519
f 3175/2735/2518 3176/2745/2528 3179/2738/2521
f 1808/2739/2522 3171/2733/2516 1730/2740/2523
f 1808/2739/2522 1807/2743/2526 3172/2731/2514
f 1806/2742/2525 3173/2734/2517 3172/2731/2514
f 1806/2742/2525 269/4293/2826 1317/2744/2527
f 1317/2744/2527 1318/2746/2529 3176/2745/2528
f 1318/2746/2529 1319/2747/2530 3179/2738/2521
f 1319/2747/2530 2/4316/2833 414/2748/2531
f 3178/2736/2519 3179/2738/2521 414/2748/2531
f 3178/2736/2519 415/2749/2532 416/2750/2533
f 3177/2737/2520 416/2750/2533 32/2751/2534
f 1729/2753/2536 3174/2732/2515 3177/2737/2520
f 1730/2740/2523 3171/2733/2516 3174/2732/2515
f 3181/2754/2537 3184/2758/2541 3183/2755/2538
f 3182/2757/2540 3185/2767/2550 3184/2758/2541
f 3184/2758/2541 3187/2761/2544 3186/2759/2542
f 3184/2758/2541 3185/2767/2550 3188/2760/2543
f 1805/2762/2545 3180/2756/2539 1724/2763/2546
f 1805/2762/2545 1804/2766/2549 3181/2754/2537
f 1803/2765/2548 3182/2757/2540 3181/2754/2537
f 1803/2765/2548 262/2741/2524 1730/2740/2523
f 1730/2740/2523 1729/2753/2536 3185/2767/2550
f 1729/2753/2536 1728/2752/2535 3188/2760/2543
f 1728/2752/2535 32/2751/2534 405/2768/2551
f 3188/2760/2543 405/2768/2551 406/2769/2552
f 3186/2759/2542 3187/2761/2544 406/2769/2552
f 1722/2771/2554 3186/2759/2542 407/2770/2553
f 1723/2773/2556 3183/2755/2538 3186/2759/2542
f 1724/2763/2546 3180/2756/2539 3183/2755/2538
f 3190/2774/2557 3193/2778/2561 3192/2775/2558
f 3191/2777/2560 3194/2787/2570 3193/2778/2561
f 3193/2778/2561 3196/2781/2564 3195/2779/2562
f 3193/2778/2561 3194/2787/2570 3197/2780/2563
f 1802/2782/2565 3189/2776/2559 1715/2783/2566
f 1802/2782/2565 1801/2786/2569 3190/2774/2557
f 1800/2785/2568 3191/2777/2560 3190/2774/2557
f 1800/2785/2568 260/2764/2547 1724/2763/2546
f 1724/2763/2546 1723/2773/2556 3194/2787/2570
f 1723/2773/2556 1722/2771/2554 3197/2780/2563
f 1722/2771/2554 30/2772/2555 396/2788/2571
f 3197/2780/2563 396/2788/2571 397/2789/2572
f 3196/2781/2564 397/2789/2572 398/2790/2573
f 3195/2779/2562 398/2790/2573 28/2791/2574
f 1714/2793/2576 3192/2775/2558 3195/2779/2562
f 1715/2783/2566 3189/2776/2559 3192/2775/2558
f 3199/2794/2577 3202/2798/2581 3201/2795/2578
f 3200/2797/2580 3203/2801/2584 3202/2798/2581
f 3201/2795/2578 3202/2798/2581 3205/2799/2582
f 3203/2801/2584 3206/2807/2590 3205/2799/2582
f 1799/2802/2585 3198/2796/2579 1718/2803/2586
f 1799/2802/2585 1798/2806/2589 3199/2794/2577
f 1797/2805/2588 3200/2797/2580 3199/2794/2577
f 1797/2805/2588 257/2784/2567 1715/2783/2566
f 1715/2783/2566 1714/2793/2576 3203/2801/2584
f 1714/2793/2576 1713/2792/2575 3206/2807/2590
f 1713/2792/2575 28/2791/2574 387/2808/2591
f 3205/2799/2582 3206/2807/2590 387/2808/2591
f 3204/2800/2583 3205/2799/2582 388/2809/2592
f 1716/2811/2594 3204/2800/2583 389/2810/2593
f 1717/2813/2596 3201/2795/2578 3204/2800/2583
f 1718/2803/2586 3198/2796/2579 3201/2795/2578
f 3208/2814/2597 3211/2818/2601 3210/2815/2598
f 3209/2817/2600 3212/2820/2603 3211/2818/2601
f 3211/2818/2601 3214/2821/2604 3213/2819/2602
f 3212/2820/2603 3215/2827/2610 3214/2821/2604
f 1796/2822/2605 3207/2816/2599 1721/2823/2606
f 1796/2822/2605 1795/2826/2609 3208/2814/2597
f 1794/2825/2608 3209/2817/2600 3208/2814/2597
f 1794/2825/2608 258/2804/2587 1718/2803/2586
f 1718/2803/2586 1717/2813/2596 3212/2820/2603
f 1717/2813/2596 1716/2811/2594 3215/2827/2610
f 1716/2811/2594 26/2812/2595 378/2828/2611
f 3215/2827/2610 378/2828/2611 379/2829/2612
f 3213/2819/2602 3214/2821/2604 379/2829/2612
f 3213/2819/2602 380/2830/2613 24/2831/2614
f 1720/2833/2616 3210/2815/2598 3213/2819/2602
f 3207/2816/2599 3210/2815/2598 1720/2833/2616
f 3217/2834/2617 3220/2838/2621 3219/2835/2618
f 3218/2837/2620 3221/2840/2623 3220/2838/2621
f 3220/2838/2621 3223/2841/2624 3222/2839/2622
f 3221/2840/2623 3224/2847/2630 3223/2841/2624
f 1793/2842/2625 3216/2836/2619 1760/2843/2626
f 1793/2842/2625 1792/2846/2629 3217/2834/2617
f 1791/2845/2628 3218/2837/2620 3217/2834/2617
f 1791/2845/2628 259/2824/2607 1721/2823/2606
f 1721/2823/2606 1720/2833/2616 3221/2840/2623
f 1720/2833/2616 1719/2832/2615 3224/2847/2630
f 1719/2832/2615 24/2831/2614 369/2848/2631
f 3223/2841/2624 3224/2847/2630 369/2848/2631
f 3223/2841/2624 370/2849/2632 371/2850/2633
f 1758/2851/2634 3222/2839/2622 371/2850/2633
f 1759/2853/2636 3219/2835/2618 3222/2839/2622
f 1760/2843/2626 3216/2836/2619 3219/2835/2618
f 3226/2854/2637 3229/2858/2641 3228/2855/2638
f 3227/2857/2640 3230/2860/2643 3229/2858/2641
f 3229/2858/2641 3232/2861/2644 3231/2859/2642
f 3230/2860/2643 3233/2867/2650 3232/2861/2644
f 1790/2862/2645 3225/2856/2639 1754/2863/2646
f 1790/2862/2645 1789/2866/2649 3226/2854/2637
f 1788/2865/2648 3227/2857/2640 3226/2854/2637
f 1788/2865/2648 272/2844/2627 1760/2843/2626
f 1760/2843/2626 1759/2853/2636 3230/2860/2643
f 1759/2853/2636 1758/2851/2634 3233/2867/2650
f 1758/2851/2634 22/2852/2635 360/2868/2651
f 3233/2867/2650 360/2868/2651 361/2869/2652
f 3232/2861/2644 361/2869/2652 362/2870/2653
f 3231/2859/2642 362/2870/2653 20/2871/2654
f 1753/2873/2656 3228/2855/2638 3231/2859/2642
f 3225/2856/2639 3228/2855/2638 1753/2873/2656
f 3235/2874/2657 3238/2878/2661 3237/2875/2658
f 3236/2877/2660 3239/2887/2670 3238/2878/2661
f 3237/2875/2658 3238/2878/2661 3241/2879/2662
f 3238/2878/2661 3239/2887/2670 3242/2881/2664
f 1787/2882/2665 3234/2876/2659 1727/2883/2666
f 1787/2882/2665 1786/2886/2669 3235/2874/2657
f 1785/2885/2668 3236/2877/2660 3235/2874/2657
f 1785/2885/2668 270/2864/2647 1754/2863/2646
f 1754/2863/2646 1753/2873/2656 3239/2887/2670
f 1753/2873/2656 1752/2872/2655 3242/2881/2664
f 1752/2872/2655 20/2871/2654 351/2888/2671
f 3242/2881/2664 351/2888/2671 352/2889/2672
f 3241/2879/2662 352/2889/2672 353/2890/2673
f 1725/2891/2674 3240/2880/2663 353/2890/2673
f 1726/2893/2676 3237/2875/2658 3240/2880/2663
f 1727/2883/2666 3234/2876/2659 3237/2875/2658
f 3243/2894/2677 3244/2898/2681 3247/2895/2678
f 3245/2897/2680 3248/2900/2683 3247/2895/2678
f 3247/2895/2678 3250/2901/2684 3249/2899/2682
f 3248/2900/2683 3251/2907/2690 3250/2901/2684
f 1784/2902/2685 3243/2894/2677 1757/2903/2686
f 1784/2902/2685 1783/2906/2689 3244/2898/2681
f 1782/2905/2688 3245/2897/2680 3244/2898/2681
f 1782/2905/2688 261/2884/2667 1727/2883/2666
f 1727/2883/2666 1726/2893/2676 3248/2900/2683
f 1726/2893/2676 1725/2891/2674 3251/2907/2690
f 1725/2891/2674 18/2892/2675 342/2908/2691
f 3251/2907/2690 342/2908/2691 343/2909/2692
f 3250/2901/2684 343/2909/2692 344/2910/2693
f 3249/2899/2682 344/2910/2693 16/2911/2694
f 1756/2913/2696 3246/2896/2679 3249/2899/2682
f 1757/2903/2686 3243/2894/2677 3246/2896/2679
f 3253/2914/2697 3256/2918/2701 3255/2915/2698
f 3254/2917/2700 3257/2921/2704 3256/2918/2701
f 3255/2915/2698 3256/2918/2701 3259/2919/2702
f 3257/2921/2704 3260/2927/2710 3259/2919/2702
f 1781/2922/2705 3252/2916/2699 1733/2923/2706
f 1781/2922/2705 1780/2926/2709 3253/2914/2697
f 1779/2925/2708 3254/2917/2700 3253/2914/2697
f 1779/2925/2708 271/2904/2687 1757/2903/2686
f 1757/2903/2686 1756/2913/2696 3257/2921/2704
f 1756/2913/2696 1755/2912/2695 3260/2927/2710
f 1755/2912/2695 16/2911/2694 333/2928/2711
f 3260/2927/2710 333/2928/2711 334/2929/2712
f 3259/2919/2702 334/2929/2712 335/2930/2713
f 3258/2920/2703 335/2930/2713 14/2931/2714
f 1732/2933/2716 3255/2915/2698 3258/2920/2703
f 1733/2923/2706 3252/2916/2699 3255/2915/2698
f 3262/2934/2717 3265/2938/2721 3264/2935/2718
f 3263/2937/2720 3266/2940/2723 3265/2938/2721
f 3265/2938/2721 3268/2941/2724 3267/2939/2722
f 3266/2940/2723 3269/2947/2730 3268/2941/2724
f 1778/2942/2725 3261/2936/2719 1736/2943/2726
f 1778/2942/2725 1777/2946/2729 3262/2934/2717
f 1776/2945/2728 3263/2937/2720 3262/2934/2717
f 1776/2945/2728 263/2924/2707 1733/2923/2706
f 1733/2923/2706 1732/2933/2716 3266/2940/2723
f 1732/2933/2716 1731/2932/2715 3269/2947/2730
f 1731/2932/2715 14/2931/2714 324/2948/2731
f 3269/2947/2730 324/2948/2731 325/2949/2732
f 3268/2941/2724 325/2949/2732 326/2950/2733
f 3267/2939/2722 326/2950/2733 12/2951/2734
f 1735/2953/2736 3264/2935/2718 3267/2939/2722
f 1736/2943/2726 3261/2936/2719 3264/2935/2718
f 3270/2954/2737 3271/2958/2741 3274/2955/2738
f 3272/2957/2740 3275/2961/2744 3274/2955/2738
f 3273/2956/2739 3274/2955/2738 3277/2959/2742
f 3275/2961/2744 3278/2967/2750 3277/2959/2742
f 1775/2962/2745 3270/2954/2737 1739/2963/2746
f 1775/2962/2745 1774/2966/2749 3271/2958/2741
f 1773/2965/2748 3272/2957/2740 3271/2958/2741
f 1773/2965/2748 264/2944/2727 1736/2943/2726
f 1736/2943/2726 1735/2953/2736 3275/2961/2744
f 1735/2953/2736 1734/2952/2735 3278/2967/2750
f 1734/2952/2735 12/2951/2734 315/2968/2751
f 3277/2959/2742 3278/2967/2750 315/2968/2751
f 3277/2959/2742 316/2969/2752 317/2970/2753
f 1737/2971/2754 3276/2960/2743 317/2970/2753
f 1738/2973/2756 3273/2956/2739 3276/2960/2743
f 3270/2954/2737 3273/2956/2739 1738/2973/2756
f 3279/2974/2757 3280/2978/2761 3283/2975/2758
f 3281/2977/2760 3284/2987/2770 3283/2975/2758
f 3282/2976/2759 3283/2975/2758 3286/2979/2762
f 3283/2975/2758 3284/2987/2770 3287/2981/2764
f 1772/2982/2765 3279/2974/2757 1742/2983/2766
f 1772/2982/2765 1771/2986/2769 3280/2978/2761
f 1770/2985/2768 3281/2977/2760 3280/2978/2761
f 1770/2985/2768 265/2964/2747 1739/2963/2746
f 1739/2963/2746 1738/2973/2756 3284/2987/2770
f 1738/2973/2756 1737/2971/2754 3287/2981/2764
f 1737/2971/2754 10/2972/2755 306/2988/2771
f 3286/2979/2762 3287/2981/2764 306/2988/2771
f 3286/2979/2762 307/2989/2772 308/2990/2773
f 1740/2991/2774 3285/2980/2763 308/2990/2773
f 1741/2993/2776 3282/2976/2759 3285/2980/2763
f 1742/2983/2766 3279/2974/2757 3282/2976/2759
f 3289/2994/2777 3292/2998/2781 3291/2995/2778
f 3290/2997/2780 3293/3007/2790 3292/2998/2781
f 3292/2998/2781 3295/3001/2784 3294/2999/2782
f 3292/2998/2781 3293/3007/2790 3296/3000/2783
f 1769/3002/2785 3288/2996/2779 1745/3003/2786
f 1769/3002/2785 1768/3006/2789 3289/2994/2777
f 1767/3005/2788 3290/2997/2780 3289/2994/2777
f 1767/3005/2788 266/2984/2767 1742/2983/2766
f 1742/2983/2766 1741/2993/2776 3293/3007/2790
f 1741/2993/2776 1740/2991/2774 3296/3000/2783
f 1740/2991/2774 8/2992/2775 297/3008/2791
f 3296/3000/2783 297/3008/2791 298/3009/2792
f 3294/2999/2782 3295/3001/2784 298/3009/2792
f 3294/2999/2782 299/3010/2793 6/3011/2794
f 1744/3013/2796 3291/2995/2778 3294/2999/2782
f 1745/3003/2786 3288/2996/2779 3291/2995/2778
f 3298/3014/2797 3301/3018/2801 3300/3015/2798
f 3299/3017/2800 3302/3027/2810 3301/3018/2801
f 3301/3018/2801 3304/3021/2804 3303/3019/2802
f 3301/3018/2801 3302/3027/2810 3305/3020/2803
f 1766/3022/2805 3297/3016/2799 1748/3023/2806
f 1766/3022/2805 1765/3026/2809 3298/3014/2797
f 1764/3025/2808 3299/3017/2800 3298/3014/2797
f 1764/3025/2808 267/3004/2787 1745/3003/2786
f 1745/3003/2786 1744/3013/2796 3302/3027/2810
f 1744/3013/2796 1743/3012/2795 3305/3020/2803
f 1743/3012/2795 6/3011/2794 288/3028/2811
f 3304/3021/2804 3305/3020/2803 288/3028/2811
f 3304/3021/2804 289/3029/2812 290/3030/2813
f 3303/3019/2802 290/3030/2813 4/3031/2814
f 1747/3033/2816 3300/3015/2798 3303/3019/2802
f 1748/3023/2806 3297/3016/2799 3300/3015/2798
f 3307/3034/2817 3310/3038/2821 3309/3035/2818
f 3308/3037/2820 3311/3047/2829 3310/3038/2821
f 3309/3035/2818 3310/3038/2821 3313/3039/2822
f 3310/3038/2821 3311/3047/2829 3314/3041/2824
f 1763/3042/2825 3306/3036/2819 1317/3043/2527
f 1763/3042/2825 1762/3046/2828 3307/3034/2817
f 1761/3045/2827 3308/3037/2820 3307/3034/2817
f 1761/3045/2827 268/3024/2807 1748/3023/2806
f 1748/3023/2806 1747/3033/2816 3311/3047/2829
f 1747/3033/2816 1746/3032/2815 3314/3041/2824
f 1746/3032/2815 4/3031/2814 276/3048/2830
f 3313/3039/2822 3314/3041/2824 276/3048/2830
f 3313/3039/2822 277/3049/2831 278/3050/2832
f 3312/3040/2823 278/3050/2832 2/3051/2833
f 1318/3053/2529 3309/3035/2818 3312/3040/2823
f 1317/3043/2527 3306/3036/2819 3309/3035/2818
f 3316/3054/2834 3319/3058/2838 3318/3055/2835
f 3317/3057/2837 3320/3065/2845 3319/3058/2838
f 3319/3058/2838 3322/3061/2841 3321/3059/2839
f 3319/3058/2838 3320/3065/2845 3323/3060/2840
f 1374/3062/2842 3315/3056/2836 273/1641/1592
f 1375/3063/2843 3316/3054/2834 3315/3056/2836
f 1376/3064/2844 3317/3057/2837 3316/3054/2834
f 208/2094/1763 1377/2093/2039 3317/3057/2837
f 1377/2093/2039 1378/2103/2046 3320/3065/2845
f 1378/2103/2046 1379/2102/2045 3323/3060/2840
f 1379/2102/2045 193/2073/2020 282/3066/2846
f 3322/3061/2841 3323/3060/2840 282/3066/2846
f 3321/3059/2839 3322/3061/2841 283/3067/2847
f 3321/3059/2839 284/3068/2848 3/1765/1712
f 274/1643/1594 3318/3055/2835 3321/3059/2839
f 3315/3056/2836 3318/3055/2835 274/1643/1594
f 3325/3069/2849 3328/3073/2853 3327/3070/2850
f 3326/3072/2852 3329/3076/2856 3328/3073/2853
f 3327/3070/2850 3328/3073/2853 3331/3074/2854
f 3329/3076/2856 3332/3077/2857 3331/3074/2854
f 284/3068/2848 3324/3071/2851 285/1766/1713
f 283/3067/2847 3325/3069/2849 3324/3071/2851
f 282/3066/2846 3326/3072/2852 3325/3069/2849
f 193/2073/2020 1380/2074/2021 3326/3072/2852
f 1380/2074/2021 1381/2084/2031 3329/3076/2856
f 1381/2084/2031 1382/2083/2030 3332/3077/2857
f 3332/3077/2857 1382/2083/2030 194/2054/2001
f 3331/3074/2854 3332/3077/2857 291/3078/2858
f 3330/3075/2855 3331/3074/2854 292/3079/2859
f 3330/3075/2855 293/3080/2860 5/1601/1552
f 286/1768/1715 3327/3070/2850 3330/3075/2855
f 3324/3071/2851 3327/3070/2850 286/1768/1715
f 3334/3081/2861 3337/3085/2865 3336/3082/2862
f 3335/3084/2864 3338/3089/2869 3337/3085/2865
f 3336/3082/2862 3337/3085/2865 3340/3086/2866
f 3337/3085/2865 3338/3089/2869 3341/3088/2868
f 293/3080/2860 3333/3083/2863 294/1603/1554
f 292/3079/2859 3334/3081/2861 3333/3083/2863
f 291/3078/2858 3335/3084/2864 3334/3081/2861
f 194/2054/2001 1383/2055/2002 3335/3084/2864
f 1383/2055/2002 1384/2065/2012 3338/3089/2869
f 1384/2065/2012 1385/2064/2011 3341/3088/2868
f 1385/2064/2011 195/2035/1982 300/3090/2870
f 3340/3086/2866 3341/3088/2868 300/3090/2870
f 3339/3087/2867 3340/3086/2866 301/3091/2871
f 3339/3087/2867 302/3092/2872 7/1726/1673
f 295/1605/1556 3336/3082/2862 3339/3087/2867
f 3333/3083/2863 3336/3082/2862 295/1605/1556
f 3343/3093/2873 3346/3097/2877 3345/3094/2874
f 3344/3096/2876 3347/3101/2881 3346/3097/2877
f 3345/3094/2874 3346/3097/2877 3349/3098/2878
f 3346/3097/2877 3347/3101/2881 3350/3100/2880
f 302/3092/2872 3342/3095/2875 303/1727/1674
f 301/3091/2871 3343/3093/2873 3342/3095/2875
f 301/3091/2871 300/3090/2870 3344/3096/2876
f 195/2035/1982 1386/2036/1983 3344/3096/2876
f 1386/2036/1983 1387/2046/1993 3347/3101/2881
f 1387/2046/1993 1388/2045/1992 3350/3100/2880
f 1388/2045/1992 196/2016/1963 309/3102/2882
f 3350/3100/2880 309/3102/2882 310/3103/2883
f 3348/3099/2879 3349/3098/2878 310/3103/2883
f 3348/3099/2879 311/3104/2884 9/1544/1495
f 304/1729/1676 3345/3094/2874 3348/3099/2879
f 3342/3095/2875 3345/3094/2874 304/1729/1676
f 3352/3105/2885 3355/3109/2889 3354/3106/2886
f 3353/3108/2888 3356/3113/2893 3355/3109/2889
f 3354/3106/2886 3355/3109/2889 3358/3110/2890
f 3355/3109/2889 3356/3113/2893 3359/3112/2892
f 311/3104/2884 3351/3107/2887 312/1546/1497
f 310/3103/2883 3352/3105/2885 3351/3107/2887
f 309/3102/2882 3353/3108/2888 3352/3105/2885
f 196/2016/1963 1389/2017/1964 3353/3108/2888
f 1389/2017/1964 1390/2027/1974 3356/3113/2893
f 1390/2027/1974 1391/2026/1973 3359/3112/2892
f 3359/3112/2892 1391/2026/1973 197/1997/1944
f 3358/3110/2890 3359/3112/2892 318/3114/2894
f 3357/3111/2891 3358/3110/2890 319/3115/2895
f 3357/3111/2891 320/3116/2896 11/1678/1629
f 313/1548/1499 3354/3106/2886 3357/3111/2891
f 3351/3107/2887 3354/3106/2886 313/1548/1499
f 3361/3117/2897 3364/3121/2901 3363/3118/2898
f 3362/3120/2900 3365/3125/2905 3364/3121/2901
f 3363/3118/2898 3364/3121/2901 3367/3122/2902
f 3364/3121/2901 3365/3125/2905 3368/3124/2904
f 320/3116/2896 3360/3119/2899 321/1677/1628
f 319/3115/2895 3361/3117/2897 3360/3119/2899
f 318/3114/2894 3362/3120/2900 3361/3117/2897
f 197/1997/1944 1392/1998/1945 3362/3120/2900
f 1392/1998/1945 1393/2008/1955 3365/3125/2905
f 1393/2008/1955 1394/2007/1954 3368/3124/2904
f 3368/3124/2904 1394/2007/1954 198/1978/1925
f 3367/3122/2902 3368/3124/2904 327/3126/2906
f 3366/3123/2903 3367/3122/2902 328/3127/2907
f 3366/3123/2903 329/3128/2908 13/1778/1725
f 322/3129/1631 3363/3118/2898 3366/3123/2903
f 3360/3119/2899 3363/3118/2898 322/3129/1631
f 3370/3130/2909 3373/3134/2913 3372/3131/2910
f 3371/3133/2912 3374/3138/2917 3373/3134/2913
f 3372/3131/2910 3373/3134/2913 3376/3135/2914
f 3373/3134/2913 3374/3138/2917 3377/3137/2916
f 329/3128/2908 3369/3132/2911 330/1779/1726
f 328/3127/2907 3370/3130/2909 3369/3132/2911
f 328/3127/2907 327/3126/2906 3371/3133/2912
f 198/1978/1925 1395/1979/1926 3371/3133/2912
f 1395/1979/1926 1396/1989/1936 3374/3138/2917
f 1396/1989/1936 1397/1988/1935 3377/3137/2916
f 3377/3137/2916 1397/1988/1935 199/1959/1906
f 3377/3137/2916 336/3139/2918 337/3140/2919
f 3375/3136/2915 3376/3135/2914 337/3140/2919
f 3375/3136/2915 338/3141/2920 15/1620/1571
f 331/1781/1728 3372/3131/2910 3375/3136/2915
f 3369/3132/2911 3372/3131/2910 331/1781/1728
f 3379/3142/2921 3382/3146/2925 3381/3143/2922
f 3380/3145/2924 3383/3150/2929 3382/3146/2925
f 3382/3146/2925 3385/3149/2928 3384/3147/2926
f 3382/3146/2925 3383/3150/2929 3386/3148/2927
f 338/3141/2920 3378/3144/2923 339/1622/1573
f 337/3140/2919 3379/3142/2921 3378/3144/2923
f 336/3139/2918 3380/3145/2924 3379/3142/2921
f 199/1959/1906 1398/1960/1907 3380/3145/2924
f 1398/1960/1907 1399/1970/1917 3383/3150/2929
f 1399/1970/1917 1400/1969/1916 3386/3148/2927
f 1400/1969/1916 200/1940/1887 345/3151/2930
f 3386/3148/2927 345/3151/2930 346/3152/2931
f 3384/3147/2926 3385/3149/2928 346/3152/2931
f 3384/3147/2926 347/3153/2932 17/1739/1686
f 340/3154/1575 3381/3143/2922 3384/3147/2926
f 3378/3144/2923 3381/3143/2922 340/3154/1575
f 3388/3155/2933 3391/3159/2937 3390/3156/2934
f 3389/3158/2936 3392/3163/2941 3391/3159/2937
f 3390/3156/2934 3391/3159/2937 3394/3160/2938
f 3391/3159/2937 3392/3163/2941 3395/3162/2940
f 347/3153/2932 3387/3157/2935 348/1740/1687
f 346/3152/2931 3388/3155/2933 3387/3157/2935
f 345/3151/2930 3389/3158/2936 3388/3155/2933
f 345/3151/2930 200/1940/1887 1401/1941/1888
f 1401/1941/1888 1402/1951/1898 3392/3163/2941
f 1402/1951/1898 1403/1950/1897 3395/3162/2940
f 3395/3162/2940 1403/1950/1897 201/1921/1868
f 3394/3160/2938 3395/3162/2940 354/3164/2942
f 3393/3161/2939 3394/3160/2938 355/3165/2943
f 3393/3161/2939 356/3166/2944 19/1563/1514
f 349/1742/1689 3390/3156/2934 3393/3161/2939
f 3387/3157/2935 3390/3156/2934 349/1742/1689
f 3397/3167/2945 3400/3171/2949 3399/3168/2946
f 3398/3170/2948 3401/3175/2953 3400/3171/2949
f 3400/3171/2949 3403/3174/2952 3402/3172/2950
f 3400/3171/2949 3401/3175/2953 3404/3173/2951
f 356/3166/2944 3396/3169/2947 357/1565/1516
f 355/3165/2943 3397/3167/2945 3396/3169/2947
f 354/3164/2942 3398/3170/2948 3397/3167/2945
f 201/1921/1868 1404/1922/1869 3398/3170/2948
f 1404/1922/1869 1405/1932/1879 3401/3175/2953
f 1405/1932/1879 1406/1931/1878 3404/3173/2951
f 3404/3173/2951 1406/1931/1878 202/1902/1849
f 3403/3174/2952 3404/3173/2951 363/3176/2954
f 3402/3172/2950 3403/3174/2952 364/3177/2955
f 3402/3172/2950 365/3178/2956 21/1693/1644
f 358/1567/1518 3399/3168/2946 3402/3172/2950
f 3396/3169/2947 3399/3168/2946 358/1567/1518
f 3406/3179/2957 3409/3183/2961 3408/3180/2958
f 3407/3182/2960 3410/3187/2965 3409/3183/2961
f 3409/3183/2961 3412/3186/2964 3411/3184/2962
f 3409/3183/2961 3410/3187/2965 3413/3185/2963
f 365/3178/2956 3405/3181/2959 366/1694/1645
f 364/3177/2955 3406/3179/2957 3405/3181/2959
f 363/3176/2954 3407/3182/2960 3406/3179/2957
f 202/1902/1849 1407/1903/1850 3407/3182/2960
f 1407/1903/1850 1408/1913/1860 3410/3187/2965
f 1408/1913/1860 1409/1912/1859 3413/3185/2963
f 1409/1912/1859 203/1883/1830 372/3188/2966
f 3412/3186/2964 3413/3185/2963 372/3188/2966
f 3411/3184/2962 3412/3186/2964 373/3189/2967
f 3411/3184/2962 374/3190/2968 23/1791/1738
f 367/3191/1647 3408/3180/2958 3411/3184/2962
f 3405/3181/2959 3408/3180/2958 367/3191/1647
f 3415/3192/2969 3418/3196/2973 3417/3193/2970
f 3416/3195/2972 3419/3200/2977 3418/3196/2973
f 3418/3196/2973 3421/3199/2976 3420/3197/2974
f 3418/3196/2973 3419/3200/2977 3422/3198/2975
f 374/3190/2968 3414/3194/2971 375/1792/1739
f 374/3190/2968 373/3189/2967 3415/3192/2969
f 373/3189/2967 372/3188/2966 3416/3195/2972
f 203/1883/1830 1410/1884/1831 3416/3195/2972
f 1410/1884/1831 1411/1894/1841 3419/3200/2977
f 1411/1894/1841 1412/1893/1840 3422/3198/2975
f 1412/1893/1840 204/1864/1811 381/3201/2978
f 3421/3199/2976 3422/3198/2975 381/3201/2978
f 3420/3197/2974 3421/3199/2976 382/3202/2979
f 3420/3197/2974 383/3203/2980 25/1658/1609
f 376/3204/1741 3417/3193/2970 3420/3197/2974
f 3414/3194/2971 3417/3193/2970 376/3204/1741
f 3424/3205/2981 3427/3209/2985 3426/3206/2982
f 3425/3208/2984 3428/3213/2989 3427/3209/2985
f 3426/3206/2982 3427/3209/2985 3430/3210/2986
f 3427/3209/2985 3428/3213/2989 3431/3212/2988
f 383/3203/2980 3423/3207/2983 384/1660/1611
f 382/3202/2979 3424/3205/2981 3423/3207/2983
f 381/3201/2978 3425/3208/2984 3424/3205/2981
f 381/3201/2978 204/1864/1811 1413/1865/1812
f 3425/3208/2984 1413/1865/1812 1414/1875/1822
f 1414/1875/1822 1415/1874/1821 3431/3212/2988
f 1415/1874/1821 205/1847/1794 390/3214/2990
f 3430/3210/2986 3431/3212/2988 390/3214/2990
f 3429/3211/2987 3430/3210/2986 391/3215/2991
f 3429/3211/2987 392/3216/2992 27/1752/1699
f 385/1662/1613 3426/3206/2982 3429/3211/2987
f 3423/3207/2983 3426/3206/2982 385/1662/1613
f 3433/3217/2993 3436/3221/2997 3435/3218/2994
f 3434/3220/2996 3437/3225/3001 3436/3221/2997
f 3435/3218/2994 3436/3221/2997 3439/3222/2998
f 3436/3221/2997 3437/3225/3001 3440/3224/3000
f 392/3216/2992 3432/3219/2995 393/1753/1700
f 391/3215/2991 3433/3217/2993 3432/3219/2995
f 390/3214/2990 3434/3220/2996 3433/3217/2993
f 205/1847/1794 1416/1846/1793 3434/3220/2996
f 3434/3220/2996 1416/1846/1793 1417/1856/1803
f 1417/1856/1803 1418/1855/1802 3440/3224/3000
f 1418/1855/1802 206/1828/1775 399/3226/3002
f 3439/3222/2998 3440/3224/3000 399/3226/3002
f 3438/3223/2999 3439/3222/2998 400/3227/3003
f 3438/3223/2999 401/3228/3004 29/1582/1533
f 394/1755/1702 3435/3218/2994 3438/3223/2999
f 3432/3219/2995 3435/3218/2994 394/1755/1702
f 3442/3229/3005 3445/3233/3009 3444/3230/3006
f 3443/3232/3008 3446/3237/3013 3445/3233/3009
f 3444/3230/3006 3445/3233/3009 3448/3234/3010
f 3445/3233/3009 3446/3237/3013 3449/3236/3012
f 401/3228/3004 3441/3231/3007 402/1584/1535
f 400/3227/3003 3442/3229/3005 3441/3231/3007
f 399/3226/3002 3443/3232/3008 3442/3229/3005
f 206/1828/1775 1419/1827/1774 3443/3232/3008
f 1419/1827/1774 1420/1837/1784 3446/3237/3013
f 1420/1837/1784 1421/1836/1783 3449/3236/3012
f 3449/3236/3012 1421/1836/1783 207/1805/1752
f 3448/3234/3010 3449/3236/3012 408/3238/3014
f 3447/3235/3011 3448/3234/3010 409/3239/3015
f 3447/3235/3011 410/3240/3016 31/1709/1660
f 403/1586/1537 3444/3230/3006 3447/3235/3011
f 3441/3231/3007 3444/3230/3006 403/1586/1537
f 3451/3241/3017 3454/3245/3021 3453/3242/3018
f 3452/3244/3020 3455/3248/3024 3454/3245/3021
f 3453/3242/3018 3454/3245/3021 3457/3246/3022
f 3455/3248/3024 3458/3249/3025 3457/3246/3022
f 410/3240/3016 3450/3243/3019 411/1710/1661
f 409/3239/3015 3451/3241/3017 3450/3243/3019
f 408/3238/3014 3452/3244/3020 3451/3241/3017
f 207/1805/1752 1422/1804/1751 3452/3244/3020
f 3452/3244/3020 1422/1804/1751 1423/1818/1765
f 1423/1818/1765 1424/1817/1764 3458/3249/3025
f 1424/1817/1764 208/1816/1763 1376/3250/2844
f 3458/3249/3025 1376/3250/2844 1375/3251/2843
f 3456/3247/3023 3457/3246/3022 1375/3251/2843
f 3456/3247/3023 1374/3252/2842 1/3253/1590
f 412/3254/1663 3453/3242/3018 3456/3247/3023
f 3450/3243/3019 3453/3242/3018 412/3254/1663
f 3459/3255/3026 3460/3259/3030 3463/3256/3027
f 3461/3258/3029 3464/3262/3033 3463/3256/3027
f 3462/3257/3028 3463/3256/3027 3466/3260/3031
f 3464/3262/3033 3467/3268/3039 3466/3260/3031
f 122/3263/3034 968/1949/1896 3459/3255/3026
f 968/1949/1896 967/1947/1894 3460/3259/3030
f 966/1946/1893 3461/3258/3029 3460/3259/3030
f 121/3265/3036 929/3266/3037 3461/3258/3029
f 929/3266/3037 928/3267/3038 3464/3262/3033
f 928/3267/3038 927/3269/3040 3467/3268/3039
f 927/3269/3040 212/293/293 1473/2632/2510
f 3467/3268/3039 1473/2632/2510 1474/2633/2511
f 3465/3261/3032 3466/3260/3031 1474/2633/2511
f 1472/3270/3041 3465/3261/3032 1475/2631/2509
f 1471/3271/3042 3462/3257/3028 3465/3261/3032
f 1470/3264/3035 3459/3255/3026 3462/3257/3028
f 3468/3272/3043 3469/3276/3047 3472/3273/3044
f 3470/3275/3046 3473/3279/3050 3472/3273/3044
f 3471/3274/3045 3472/3273/3044 3475/3277/3048
f 3473/3279/3050 3476/3282/3053 3475/3277/3048
f 123/3280/3051 965/1930/1877 3468/3272/3043
f 965/1930/1877 964/1928/1875 3469/3276/3047
f 963/1927/1874 3470/3275/3046 3469/3276/3047
f 122/3263/3034 1470/3264/3035 3470/3275/3046
f 1470/3264/3035 1471/3271/3042 3473/3279/3050
f 1471/3271/3042 1472/3270/3041 3476/3282/3053
f 1472/3270/3041 224/2618/2496 1476/2616/2494
f 3476/3282/3053 1476/2616/2494 1477/2617/2495
f 3474/3278/3049 3475/3277/3048 1477/2617/2495
f 1469/3283/3054 3474/3278/3049 1478/2615/2493
f 1468/3284/3055 3471/3274/3045 3474/3278/3049
f 1467/3281/3052 3468/3272/3043 3471/3274/3045
f 3477/3285/3056 3478/3289/3060 3481/3286/3057
f 3479/3288/3059 3482/3292/3063 3481/3286/3057
f 3480/3287/3058 3481/3286/3057 3484/3290/3061
f 3482/3292/3063 3485/3295/3066 3484/3290/3061
f 124/3293/3064 962/1911/1858 3477/3285/3056
f 962/1911/1858 961/1909/1856 3478/3289/3060
f 960/1908/1855 3479/3288/3059 3478/3289/3060
f 123/3280/3051 1467/3281/3052 3479/3288/3059
f 1467/3281/3052 1468/3284/3055 3482/3292/3063
f 1468/3284/3055 1469/3283/3054 3485/3295/3066
f 1469/3283/3054 223/2586/2467 1479/2584/2465
f 3485/3295/3066 1479/2584/2465 1480/2585/2466
f 3483/3291/3062 3484/3290/3061 1480/2585/2466
f 1466/3296/3067 3483/3291/3062 1481/2583/2464
f 1465/3297/3068 3480/3287/3058 3483/3291/3062
f 1464/3294/3065 3477/3285/3056 3480/3287/3058
f 3486/3298/3069 3487/3302/3073 3490/3299/3070
f 3488/3301/3072 3491/3305/3076 3490/3299/3070
f 3489/3300/3071 3490/3299/3070 3493/3303/3074
f 3491/3305/3076 3494/3309/3079 3493/3303/3074
f 125/3306/3077 959/1892/1839 3486/3298/3069
f 959/1892/1839 958/3308/1837 3487/3302/3073
f 957/1889/1836 3488/3301/3072 3487/3302/3073
f 124/3293/3064 1464/3294/3065 3488/3301/3072
f 1464/3294/3065 1465/3297/3068 3491/3305/3076
f 1465/3297/3068 1466/3296/3067 3494/3309/3079
f 1466/3296/3067 222/2521/2412 1482/2519/2410
f 3494/3309/3079 1482/2519/2410 1483/2520/2411
f 3492/3304/3075 3493/3303/3074 1483/2520/2411
f 1463/3310/3080 3492/3304/3075 1484/2518/2409
f 1462/3311/3081 3489/3300/3071 3492/3304/3075
f 1461/3307/3078 3486/3298/3069 3489/3300/3071
f 3495/3312/3082 3496/3316/3086 3499/3313/3083
f 3497/3315/3085 3500/3319/3089 3499/3313/3083
f 3498/3314/3084 3499/3313/3083 3502/3317/3087
f 3500/3319/3089 3503/3322/3092 3502/3317/3087
f 126/3320/3090 956/1873/1820 3495/3312/3082
f 956/1873/1820 955/1871/1818 3496/3316/3086
f 954/1870/1817 3497/3315/3085 3496/3316/3086
f 125/3306/3077 1461/3307/3078 3497/3315/3085
f 1461/3307/3078 1462/3311/3081 3500/3319/3089
f 1462/3311/3081 1463/3310/3080 3503/3322/3092
f 1463/3310/3080 221/2485/2379 1485/2483/2377
f 3503/3322/3092 1485/2483/2377 1486/2484/2378
f 3501/3318/3088 3502/3317/3087 1486/2484/2378
f 1460/3323/3093 3501/3318/3088 1487/2482/2376
f 1459/3324/3094 3498/3314/3084 3501/3318/3088
f 1458/3321/3091 3495/3312/3082 3498/3314/3084
f 3504/3325/3095 3505/3329/3099 3508/3326/3096
f 3506/3328/3098 3509/3332/3102 3508/3326/3096
f 3507/3327/3097 3508/3326/3096 3511/3330/3100
f 3509/3332/3102 3512/3335/3105 3511/3330/3100
f 127/3333/3103 953/1854/1801 3504/3325/3095
f 953/1854/1801 952/1852/1799 3505/3329/3099
f 951/1851/1798 3506/3328/3098 3505/3329/3099
f 126/3320/3090 1458/3321/3091 3506/3328/3098
f 1458/3321/3091 1459/3324/3094 3509/3332/3102
f 1459/3324/3094 1460/3323/3093 3512/3335/3105
f 1460/3323/3093 220/2469/2363 1488/2467/2361
f 3512/3335/3105 1488/2467/2361 1489/2468/2362
f 3510/3331/3101 3511/3330/3100 1489/2468/2362
f 1457/3336/3106 3510/3331/3101 1490/2466/2360
f 1456/3337/3107 3507/3327/3097 3510/3331/3101
f 1455/3334/3104 3504/3325/3095 3507/3327/3097
f 3513/3338/3108 3514/3342/3112 3517/3339/3109
f 3515/3341/3111 3518/3345/3115 3517/3339/3109
f 3516/3340/3110 3517/3339/3109 3520/3343/3113
f 3518/3345/3115 3521/3351/3121 3520/3343/3113
f 114/3346/3116 992/2101/2044 3513/3338/3108
f 992/2101/2044 991/2099/2042 3514/3342/3112
f 990/2098/2041 3515/3341/3111 3514/3342/3112
f 113/3348/3118 1151/3349/3119 3515/3341/3111
f 1151/3349/3119 1150/3350/3120 3518/3345/3115
f 1150/3350/3120 1149/3352/3122 3521/3351/3121
f 1149/3352/3122 217/2433/33 1491/2431/2332
f 3521/3351/3121 1491/2431/2332 1492/2432/2333
f 3519/3344/3114 3520/3343/3113 1492/2432/2333
f 1454/3353/3123 3519/3344/3114 1493/2430/2331
f 1453/3354/3124 3516/3340/3110 3519/3344/3114
f 1452/3347/3117 3513/3338/3108 3516/3340/3110
f 3522/3355/3125 3523/3359/3129 3526/3356/3126
f 3524/3358/3128 3527/3362/3132 3526/3356/3126
f 3525/3357/3127 3526/3356/3126 3529/3360/3130
f 3527/3362/3132 3530/3370/3135 3529/3360/3130
f 128/3363/3133 950/3365/1782 3522/3355/3125
f 950/3365/1782 949/1833/1780 3523/3359/3129
f 948/3366/1779 3524/3358/3128 3523/3359/3129
f 127/3367/3103 1455/3368/3104 3524/3358/3128
f 1455/3368/3104 1456/3369/3107 3527/3362/3132
f 1456/3369/3107 1457/3371/3106 3530/3370/3135
f 1457/3371/3106 219/4317/2301 1494/3372/2299
f 3530/3370/3135 1494/3372/2299 1495/2396/2300
f 3528/3361/3131 3529/3360/3130 1495/2396/2300
f 1448/3374/3136 3528/3361/3131 1496/3373/2298
f 1447/3376/3137 3525/3357/3127 3528/3361/3131
f 1446/3364/3134 3522/3355/3125 3525/3357/3127
f 3531/3377/3138 3532/3381/3142 3535/3378/3139
f 3533/3380/3141 3536/3384/3145 3535/3378/3139
f 3534/3379/3140 3535/3378/3139 3538/3382/3143
f 3536/3384/3145 3539/3387/3148 3538/3382/3143
f 115/3385/3146 989/2082/2029 3531/3377/3138
f 989/2082/2029 988/2080/2027 3532/3381/3142
f 987/2079/2026 3533/3380/3141 3532/3381/3142
f 114/3346/3116 1452/3347/3117 3533/3380/3141
f 1452/3347/3117 1453/3354/3124 3536/3384/3145
f 1453/3354/3124 1454/3353/3123 3539/3387/3148
f 1454/3353/3123 218/2375/2285 1497/3388/2283
f 3539/3387/3148 1497/3388/2283 1498/3389/2284
f 3537/3383/3144 3538/3382/3143 1498/3389/2284
f 1445/3391/3149 3537/3383/3144 1499/3390/2282
f 1444/3392/3150 3534/3379/3140 3537/3383/3144
f 1443/3386/3147 3531/3377/3138 3534/3379/3140
f 3540/3393/3151 3541/3397/3155 3544/3394/3152
f 3542/3396/3154 3545/3400/3158 3544/3394/3152
f 3543/3395/3153 3544/3394/3152 3547/3398/3156
f 3545/3400/3158 3548/3404/3162 3547/3398/3156
f 121/3265/3036 971/1968/1915 3540/3393/3151
f 971/1968/1915 970/1966/1913 3541/3397/3155
f 969/1965/1912 3542/3396/3154 3541/3397/3155
f 120/3401/3159 1437/3402/3160 3542/3396/3154
f 1437/3402/3160 1438/3403/3161 3545/3400/3158
f 1438/3403/3161 1439/3405/3163 3548/3404/3162
f 1439/3405/3163 213/253/253 1500/296/296
f 3548/3404/3162 1500/296/296 1501/297/297
f 3546/3399/3157 3547/3398/3156 1501/297/297
f 927/3269/3040 3546/3399/3157 1502/295/295
f 928/3267/3038 3543/3395/3153 3546/3399/3157
f 929/3266/3037 3540/3393/3151 3543/3395/3153
f 3549/3406/3164 3550/3410/3168 3553/3407/3165
f 3551/3409/3167 3554/3413/3171 3553/3407/3165
f 3552/3408/3166 3553/3407/3165 3556/3411/3169
f 3554/3413/3171 3557/3417/3175 3556/3411/3169
f 120/3401/3159 974/1987/1934 3549/3406/3164
f 974/1987/1934 973/1985/1932 3550/3410/3168
f 972/1984/1931 3551/3409/3167 3550/3410/3168
f 119/3414/3172 1431/3415/3173 3551/3409/3167
f 1431/3415/3173 1432/3416/3174 3554/3413/3171
f 1432/3416/3174 1433/3418/3176 3557/3417/3175
f 1433/3418/3176 211/213/213 1503/256/256
f 3557/3417/3175 1503/256/256 1504/257/257
f 3555/3412/3170 3556/3411/3169 1504/257/257
f 1439/3405/3163 3555/3412/3170 1505/255/255
f 1438/3403/3161 3552/3408/3166 3555/3412/3170
f 1437/3402/3160 3549/3406/3164 3552/3408/3166
f 3558/3419/3177 3559/3423/3181 3562/3420/3178
f 3560/3422/3180 3563/3426/3184 3562/3420/3178
f 3561/3421/3179 3562/3420/3178 3565/3424/3182
f 3563/3426/3184 3566/3431/3188 3565/3424/3182
f 119/3414/3172 977/2006/1953 3558/3419/3177
f 977/2006/1953 976/3427/1951 3559/3423/3181
f 975/2003/1950 3560/3422/3180 3559/3423/3181
f 118/3428/3185 1428/3429/3186 3560/3422/3180
f 1428/3429/3186 1429/3430/3187 3563/3426/3184
f 1429/3430/3187 1430/3432/3189 3566/3431/3188
f 1430/3432/3189 210/149/149 1506/216/216
f 3566/3431/3188 1506/216/216 1507/217/217
f 3564/3425/3183 3565/3424/3182 1507/217/217
f 1433/3418/3176 3564/3425/3183 1508/215/215
f 1432/3416/3174 3561/3421/3179 3564/3425/3183
f 1431/3415/3173 3558/3419/3177 3561/3421/3179
f 3567/3433/3190 3568/3437/3194 3571/3434/3191
f 3569/3436/3193 3572/3440/3197 3571/3434/3191
f 3570/3435/3192 3571/3434/3191 3574/3438/3195
f 3572/3440/3197 3575/3444/3201 3574/3438/3195
f 118/3428/3185 980/2025/1972 3567/3433/3190
f 980/2025/1972 979/2023/1970 3568/3437/3194
f 978/2022/1969 3569/3436/3193 3568/3437/3194
f 117/3441/3198 1425/3442/3199 3569/3436/3193
f 1425/3442/3199 1426/3443/3200 3572/3440/3197
f 1426/3443/3200 1427/3445/3202 3575/3444/3201
f 1427/3445/3202 209/105/105 1509/152/152
f 3575/3444/3201 1509/152/152 1510/153/153
f 3573/3439/3196 3574/3438/3195 1510/153/153
f 1430/3432/3189 3573/3439/3196 1511/151/151
f 1429/3430/3187 3570/3435/3192 3573/3439/3196
f 1428/3429/3186 3567/3433/3190 3570/3435/3192
f 3576/3446/3203 3577/3450/3207 3580/3447/3204
f 3578/3449/3206 3581/3453/3210 3580/3447/3204
f 3579/3448/3205 3580/3447/3204 3583/3451/3208
f 3581/3453/3210 3584/3457/3214 3583/3451/3208
f 117/3441/3198 983/2044/1991 3576/3446/3203
f 983/2044/1991 982/2042/1989 3577/3450/3207
f 981/2041/1988 3578/3449/3206 3577/3450/3207
f 116/3454/3211 1440/3455/3212 3578/3449/3206
f 1440/3455/3212 1441/3456/3213 3581/3453/3210
f 1441/3456/3213 1442/3458/3215 3584/3457/3214
f 1442/3458/3215 214/57/57 1512/108/108
f 3584/3457/3214 1512/108/108 1513/109/109
f 3582/3452/3209 3583/3451/3208 1513/109/109
f 1427/3445/3202 3582/3452/3209 1514/107/107
f 1426/3443/3200 3579/3448/3205 3582/3452/3209
f 1425/3442/3199 3576/3446/3203 3579/3448/3205
f 3585/3459/3216 3586/3463/3220 3589/3460/3217
f 3587/3462/3219 3590/3466/3223 3589/3460/3217
f 3588/3461/3218 3589/3460/3217 3592/3464/3221
f 3590/3466/3223 3593/3467/3224 3592/3464/3221
f 116/3454/3211 986/2063/2010 3585/3459/3216
f 986/2063/2010 985/2061/2008 3586/3463/3220
f 984/2060/2007 3587/3462/3219 3586/3463/3220
f 115/3385/3146 1443/3386/3147 3587/3462/3219
f 1443/3386/3147 1444/3392/3150 3590/3466/3223
f 1444/3392/3150 1445/3391/3149 3593/3467/3224
f 1445/3391/3149 215/62/62 1515/60/60
f 3593/3467/3224 1515/60/60 1516/61/61
f 3591/3465/3222 3592/3464/3221 1516/61/61
f 1442/3458/3215 3591/3465/3222 1517/59/59
f 1441/3456/3213 3588/3461/3218 3591/3465/3222
f 1440/3455/3212 3585/3459/3216 3588/3461/3218
f 3594/3468/3225 3595/3472/3229 3598/3469/3226
f 3596/3471/3228 3599/3475/3232 3598/3469/3226
f 3597/3470/3227 3598/3469/3226 3601/3473/3230
f 3599/3475/3232 3602/3481/3233 3601/3473/3230
f 113/3476/3118 947/1812/1759 3594/3468/3225
f 947/1812/1759 946/1810/1757 3595/3472/3229
f 945/1809/1756 3596/3471/3228 3595/3472/3229
f 128/3478/3133 1446/3479/3134 3596/3471/3228
f 1446/3479/3134 1447/3480/3137 3599/3475/3232
f 1447/3480/3137 1448/3482/3136 3602/3481/3233
f 1448/3482/3136 216/38/38 1518/36/36
f 3602/3481/3233 1518/36/36 1519/37/37
f 3600/3474/3231 3601/3473/3230 1519/37/37
f 1149/3483/3122 3600/3474/3231 1520/35/35
f 1150/3484/3120 3597/3470/3227 3600/3474/3231
f 1151/3477/3119 3594/3468/3225 3597/3470/3227
f 3603/3485/3234 3604/3489/3238 3607/3486/3235
f 3605/3488/3237 3608/3492/3241 3607/3486/3235
f 3606/3487/3236 3607/3486/3235 3610/3490/3239
f 3608/3492/3241 3611/3501/3245 3610/3490/3239
f 20/3493/2654 362/3495/2653 3603/3485/3234
f 362/3495/2653 361/3497/2652 3604/3489/3238
f 360/3496/2651 3605/3488/3237 3604/3489/3238
f 22/3498/2635 914/3499/3243 3605/3488/3237
f 914/3499/3243 913/3500/3244 3608/3492/3241
f 913/3500/3244 912/3502/3246 3611/3501/3245
f 912/3502/3246 228/233/233 1569/2600/2481
f 3611/3501/3245 1569/2600/2481 1570/2601/2482
f 3609/3491/3240 3610/3490/3239 1570/2601/2482
f 1568/3503/3247 3609/3491/3240 1571/2599/2480
f 1567/3504/3248 3606/3487/3236 3609/3491/3240
f 1566/3494/3242 3603/3485/3234 3606/3487/3236
f 3612/3505/3249 3613/3509/3253 3616/3506/3250
f 3614/3508/3252 3617/3512/3256 3616/3506/3250
f 3615/3507/3251 3616/3506/3250 3619/3510/3254
f 3617/3512/3256 3620/3521/3260 3619/3510/3254
f 2/3513/2833 278/3515/2832 3612/3505/3249
f 278/3515/2832 277/3517/2831 3613/3509/3253
f 276/3516/2830 3614/3508/3252 3613/3509/3253
f 4/3518/2814 923/3519/3258 3614/3508/3252
f 923/3519/3258 922/3520/3259 3617/3512/3256
f 922/3520/3259 921/3522/3261 3620/3521/3260
f 921/3522/3261 230/273/273 1572/2568/2452
f 3620/3521/3260 1572/2568/2452 1573/2569/2453
f 3618/3511/3255 3619/3510/3254 1573/2569/2453
f 1526/3523/3262 3618/3511/3255 1574/2567/2451
f 1525/3524/3263 3615/3507/3251 3618/3511/3255
f 1524/3514/3257 3612/3505/3249 3615/3507/3251
f 3621/3525/3264 3622/3529/3268 3625/3526/3265
f 3623/3528/3267 3626/3532/3271 3625/3526/3265
f 3624/3527/3266 3625/3526/3265 3628/3530/3269
f 3626/3532/3271 3629/3541/3275 3628/3530/3269
f 28/3533/2574 398/3535/2573 3621/3525/3264
f 398/3535/2573 397/3537/2572 3622/3529/3268
f 396/3536/2571 3623/3528/3267 3622/3529/3268
f 30/3538/2555 935/3539/3273 3623/3528/3267
f 935/3539/3273 934/3540/3274 3626/3532/3271
f 934/3540/3274 933/3542/3276 3629/3541/3275
f 933/3542/3276 232/337/335 1575/2552/2439
f 3629/3541/3275 1575/2552/2439 1576/2553/2440
f 3627/3531/3270 3628/3530/3269 1576/2553/2440
f 1565/3543/3277 3627/3531/3270 1577/2551/2438
f 1564/3544/3278 3624/3527/3266 3627/3531/3270
f 1563/3534/3272 3621/3525/3264 3624/3527/3266
f 3630/3545/3279 3631/3549/3283 3634/3546/3280
f 3632/3548/3282 3635/3552/3286 3634/3546/3280
f 3633/3547/3281 3634/3546/3280 3637/3550/3284
f 3635/3552/3286 3638/3561/3290 3637/3550/3284
f 10/3553/2755 317/3555/2753 3630/3545/3279
f 317/3555/2753 316/3557/2752 3631/3549/3283
f 315/3556/2751 3632/3548/3282 3631/3549/3283
f 12/3558/2734 941/3559/3288 3632/3548/3282
f 941/3559/3288 940/3560/3289 3635/3552/3286
f 940/3560/3289 939/3562/3291 3638/3561/3290
f 939/3562/3291 234/357/355 1578/2536/2426
f 3638/3561/3290 1578/2536/2426 1579/2537/2427
f 3636/3551/3285 3637/3550/3284 1579/2537/2427
f 1562/3563/3292 3636/3551/3285 1580/2535/2425
f 1561/3564/3293 3633/3547/3281 3636/3551/3285
f 1560/3554/3287 3630/3545/3279 3633/3547/3281
f 3639/3565/3294 3640/3569/3298 3643/3566/3295
f 3641/3568/3297 3644/3572/3301 3643/3566/3295
f 3642/3567/3296 3643/3566/3295 3646/3570/3299
f 3644/3572/3301 3647/3578/3303 3646/3570/3299
f 18/3573/2675 353/3575/2673 3639/3565/3294
f 353/3575/2673 352/3577/2672 3640/3569/3298
f 351/3576/2671 3641/3568/3297 3640/3569/3298
f 20/3493/2654 1566/3494/3242 3641/3568/3297
f 1566/3494/3242 1567/3504/3248 3644/3572/3301
f 1567/3504/3248 1568/3503/3247 3647/3578/3303
f 1568/3503/3247 240/2501/2395 1581/2499/2393
f 3647/3578/3303 1581/2499/2393 1582/2500/2394
f 3645/3571/3300 3646/3570/3299 1582/2500/2394
f 1559/3579/3304 3645/3571/3300 1583/2498/2392
f 1558/3580/3305 3642/3567/3296 3645/3571/3300
f 1557/3574/3302 3639/3565/3294 3642/3567/3296
f 3648/3581/3306 3649/3585/3310 3652/3582/3307
f 3650/3584/3309 3653/3588/3313 3652/3582/3307
f 3651/3583/3308 3652/3582/3307 3655/3586/3311
f 3653/3588/3313 3656/3594/3315 3655/3586/3311
f 26/3589/2595 389/3591/2593 3648/3581/3306
f 389/3591/2593 388/3593/2592 3649/3585/3310
f 387/3592/2591 3650/3584/3309 3649/3585/3310
f 28/3533/2574 1563/3534/3272 3650/3584/3309
f 1563/3534/3272 1564/3544/3278 3653/3588/3313
f 1564/3544/3278 1565/3543/3277 3656/3594/3315
f 1565/3543/3277 239/2449/2346 1584/2447/2344
f 3656/3594/3315 1584/2447/2344 1585/2448/2345
f 3654/3587/3312 3655/3586/3311 1585/2448/2345
f 1556/3595/3316 3654/3587/3312 1586/2446/2343
f 1555/3596/3317 3651/3583/3308 3654/3587/3312
f 1554/3590/3314 3648/3581/3306 3651/3583/3308
f 3657/3597/3318 3658/3601/3322 3661/3598/3319
f 3659/3600/3321 3662/3604/3325 3661/3598/3319
f 3660/3599/3320 3661/3598/3319 3664/3602/3323
f 3662/3604/3325 3665/3610/3327 3664/3602/3323
f 8/3605/2775 308/3607/2773 3657/3597/3318
f 308/3607/2773 307/3609/2772 3658/3601/3322
f 306/3608/2771 3659/3600/3321 3658/3601/3322
f 10/3553/2755 1560/3554/3287 3659/3600/3321
f 1560/3554/3287 1561/3564/3293 3662/3604/3325
f 1561/3564/3293 1562/3563/3292 3665/3610/3327
f 1562/3563/3292 238/2413/2317 1587/2411/2315
f 3665/3610/3327 1587/2411/2315 1588/2412/2316
f 3663/3603/3324 3664/3602/3323 1588/2412/2316
f 1523/3611/3328 3663/3603/3324 1589/2410/2314
f 1522/3612/3329 3660/3599/3320 3663/3603/3324
f 1521/3606/3326 3657/3597/3318 3660/3599/3320
f 3666/3613/3330 3667/3617/3334 3670/3614/3331
f 3668/3616/3333 3671/3620/3337 3670/3614/3331
f 3669/3615/3332 3670/3614/3331 3673/3618/3335
f 3671/3620/3337 3674/3627/3340 3673/3618/3335
f 12/3558/2734 326/3621/2733 3666/3613/3330
f 326/3621/2733 325/3623/2732 3667/3617/3334
f 324/3622/2731 3668/3616/3333 3667/3617/3334
f 14/3624/2714 1551/3625/3338 3668/3616/3333
f 1551/3625/3338 1552/3626/3339 3671/3620/3337
f 1552/3626/3339 1553/3628/3341 3674/3627/3340
f 1553/3628/3341 235/193/193 1590/360/358
f 3674/3627/3340 1590/360/358 1591/361/359
f 3672/3619/3336 3673/3618/3335 1591/361/359
f 939/3562/3291 3672/3619/3336 1592/359/357
f 940/3560/3289 3669/3615/3332 3672/3619/3336
f 941/3559/3288 3666/3613/3330 3669/3615/3332
f 3675/3629/3342 3676/3633/3346 3679/3630/3343
f 3677/3632/3345 3680/3636/3349 3679/3630/3343
f 3678/3631/3344 3679/3630/3343 3682/3634/3347
f 3680/3636/3349 3683/3643/3352 3682/3634/3347
f 30/3538/2555 407/3637/2553 3675/3629/3342
f 407/3637/2553 406/3639/2552 3676/3633/3346
f 405/3638/2551 3677/3632/3345 3676/3633/3346
f 32/3640/2534 1545/3641/3350 3677/3632/3345
f 1545/3641/3350 1546/3642/3351 3680/3636/3349
f 1546/3642/3351 1547/3644/3353 3683/3643/3352
f 1547/3644/3353 233/169/169 1593/340/338
f 3683/3643/3352 1593/340/338 1594/341/339
f 3681/3635/3348 3682/3634/3347 1594/341/339
f 933/3542/3276 3681/3635/3348 1595/339/337
f 934/3540/3274 3678/3631/3344 3681/3635/3348
f 935/3539/3273 3675/3629/3342 3678/3631/3344
f 3684/3645/3354 3685/3649/3358 3688/3646/3355
f 3686/3648/3357 3689/3652/3361 3688/3646/3355
f 3687/3647/3356 3688/3646/3355 3691/3650/3359
f 3689/3652/3361 3692/3659/3364 3691/3650/3359
f 4/3518/2814 290/3653/2813 3684/3645/3354
f 290/3653/2813 289/3655/2812 3685/3649/3358
f 288/3654/2811 3686/3648/3357 3685/3649/3358
f 6/3656/2794 1539/3657/3362 3686/3648/3357
f 1539/3657/3362 1540/3658/3363 3689/3652/3361
f 1540/3658/3363 1541/3660/3365 3692/3659/3364
f 1541/3660/3365 231/125/125 1596/276/276
f 3692/3659/3364 1596/276/276 1597/277/277
f 3690/3651/3360 3691/3650/3359 1597/277/277
f 921/3522/3261 3690/3651/3360 1598/275/275
f 922/3520/3259 3687/3647/3356 3690/3651/3360
f 923/3519/3258 3684/3645/3354 3687/3647/3356
f 3693/3661/3366 3694/3665/3370 3697/3662/3367
f 3695/3664/3369 3698/3668/3373 3697/3662/3367
f 3696/3663/3368 3697/3662/3367 3700/3666/3371
f 3698/3668/3373 3701/3675/3376 3700/3666/3371
f 22/3498/2635 371/3669/2633 3693/3661/3366
f 371/3669/2633 370/3671/2632 3694/3665/3370
f 369/3670/2631 3695/3664/3369 3694/3665/3370
f 24/3672/2614 1533/3673/3374 3695/3664/3369
f 1533/3673/3374 1534/3674/3375 3698/3668/3373
f 1534/3674/3375 1535/3676/3377 3701/3675/3376
f 1535/3676/3377 229/81/81 1599/236/236
f 3701/3675/3376 1599/236/236 1600/237/237
f 3699/3667/3372 3700/3666/3371 1600/237/237
f 912/3502/3246 3699/3667/3372 1601/235/235
f 913/3500/3244 3696/3663/3368 3699/3667/3372
f 914/3499/3243 3693/3661/3366 3696/3663/3368
f 3702/3677/3378 3703/3681/3382 3706/3678/3379
f 3704/3680/3381 3707/3684/3385 3706/3678/3379
f 3705/3679/3380 3706/3678/3379 3709/3682/3383
f 3707/3684/3385 3710/3691/3388 3709/3682/3383
f 14/3624/2714 335/3685/2713 3702/3677/3378
f 335/3685/2713 334/3687/2712 3703/3681/3382
f 333/3686/2711 3704/3680/3381 3703/3681/3382
f 16/3688/2694 1527/3689/3386 3704/3680/3381
f 1527/3689/3386 1528/3690/3387 3707/3684/3385
f 1528/3690/3387 1529/3692/3389 3710/3691/3388
f 1529/3692/3389 227/9/9 1602/196/196
f 3710/3691/3388 1602/196/196 1603/197/197
f 3708/3683/3384 3709/3682/3383 1603/197/197
f 1553/3628/3341 3708/3683/3384 1604/195/195
f 1552/3626/3339 3705/3679/3380 3708/3683/3384
f 1551/3625/3338 3702/3677/3378 3705/3679/3380
f 3711/3693/3390 3712/3697/3394 3715/3694/3391
f 3713/3696/3393 3716/3700/3397 3715/3694/3391
f 3714/3695/3392 3715/3694/3391 3718/3698/3395
f 3716/3700/3397 3719/3704/3398 3718/3698/3395
f 32/3640/2534 416/3701/2533 3711/3693/3390
f 416/3701/2533 415/3703/2532 3712/3697/3394
f 414/3702/2531 3713/3696/3393 3712/3697/3394
f 2/3513/2833 1524/3514/3257 3713/3696/3393
f 1524/3514/3257 1525/3524/3263 3716/3700/3397
f 1525/3524/3263 1526/3523/3262 3719/3704/3398
f 1526/3523/3262 226/174/174 1605/172/172
f 3719/3704/3398 1605/172/172 1606/173/173
f 3717/3699/3396 3718/3698/3395 1606/173/173
f 1547/3644/3353 3717/3699/3396 1607/171/171
f 1546/3642/3351 3714/3695/3392 3717/3699/3396
f 1545/3641/3350 3711/3693/3390 3714/3695/3392
f 3720/3705/3399 3721/3709/3403 3724/3706/3400
f 3722/3708/3402 3725/3712/3406 3724/3706/3400
f 3723/3707/3401 3724/3706/3400 3727/3710/3404
f 3725/3712/3406 3728/3716/3407 3727/3710/3404
f 6/3656/2794 299/3713/2793 3720/3705/3399
f 299/3713/2793 298/3715/2792 3721/3709/3403
f 297/3714/2791 3722/3708/3402 3721/3709/3403
f 8/3605/2775 1521/3606/3326 3722/3708/3402
f 1521/3606/3326 1522/3612/3329 3725/3712/3406
f 1522/3612/3329 1523/3611/3328 3728/3716/3407
f 1523/3611/3328 225/130/130 1608/128/128
f 3728/3716/3407 1608/128/128 1609/129/129
f 3726/3711/3405 3727/3710/3404 1609/129/129
f 1541/3660/3365 3726/3711/3405 1610/127/127
f 1540/3658/3363 3723/3707/3401 3726/3711/3405
f 1539/3657/3362 3720/3705/3399 3723/3707/3401
f 3729/3717/3408 3730/3721/3412 3733/3718/3409
f 3731/3720/3411 3734/3724/3415 3733/3718/3409
f 3732/3719/3410 3733/3718/3409 3736/3722/3413
f 3734/3724/3415 3737/3728/3416 3736/3722/3413
f 24/3672/2614 380/3725/2613 3729/3717/3408
f 380/3725/2613 379/3727/2612 3730/3721/3412
f 378/3726/2611 3731/3720/3411 3730/3721/3412
f 26/3589/2595 1554/3590/3314 3731/3720/3411
f 1554/3590/3314 1555/3596/3317 3734/3724/3415
f 1555/3596/3317 1556/3595/3316 3737/3728/3416
f 1556/3595/3316 236/86/86 1611/84/84
f 3737/3728/3416 1611/84/84 1612/85/85
f 3735/3723/3414 3736/3722/3413 1612/85/85
f 1535/3676/3377 3735/3723/3414 1613/83/83
f 1534/3674/3375 3732/3719/3410 3735/3723/3414
f 1533/3673/3374 3729/3717/3408 3732/3719/3410
f 3738/3729/3417 3739/3733/3421 3742/3730/3418
f 3740/3732/3420 3743/3736/3424 3742/3730/3418
f 3741/3731/3419 3742/3730/3418 3745/3734/3422
f 3743/3736/3424 3746/3740/3425 3745/3734/3422
f 16/3688/2694 344/3737/2693 3738/3729/3417
f 344/3737/2693 343/3739/2692 3739/3733/3421
f 342/3738/2691 3740/3732/3420 3739/3733/3421
f 18/3573/2675 1557/3574/3302 3740/3732/3420
f 1557/3574/3302 1558/3580/3305 3743/3736/3424
f 1558/3580/3305 1559/3579/3304 3746/3740/3425
f 1559/3579/3304 237/14/14 1614/12/12
f 3746/3740/3425 1614/12/12 1615/13/13
f 3744/3735/3423 3745/3734/3422 1615/13/13
f 1529/3692/3389 3744/3735/3423 1616/11/11
f 1528/3690/3387 3741/3731/3419 3744/3735/3423
f 1527/3689/3386 3738/3729/3417 3741/3731/3419
f 3748/3741/3426 3751/3745/3430 3750/3742/3427
f 3748/3741/3426 3749/3755/3440 3752/3744/3429
f 3751/3745/3430 3754/3748/3433 3753/3746/3431
f 3751/3745/3430 3752/3744/3429 3755/3747/3432
f 165/3749/3434 1196/3751/3436 3747/3743/3428
f 1196/3751/3436 1195/3753/3438 3748/3741/3426
f 1194/3752/3437 3749/3755/3440 3748/3741/3426
f 164/3754/3439 1665/4041/3712 3749/3755/3440
f 3749/3755/3440 1665/4041/3712 1666/3756/3441
f 3752/3744/3429 1666/3756/3441 1667/3757/3442
f 3755/3747/3432 1667/3757/3442 244/3758/3443
f 3754/3748/3433 3755/3747/3432 1626/3759/3444
f 3754/3748/3433 1627/3760/3445 1628/3761/3446
f 3753/3746/3431 1628/3761/3446 245/3762/3447
f 3750/3742/3427 3753/3746/3431 1668/3763/3448
f 3747/3743/3428 3750/3742/3427 1669/3764/3449
f 3757/3765/3450 3760/3769/3454 3759/3766/3451
f 3757/3765/3450 3758/3779/3464 3761/3768/3453
f 3760/3769/3454 3763/3772/3457 3762/3770/3455
f 3760/3769/3454 3761/3768/3453 3764/3771/3456
f 173/3773/3458 1220/3775/3460 3756/3767/3452
f 1220/3775/3460 1219/3777/3462 3757/3765/3450
f 1218/3776/3461 3758/3779/3464 3757/3765/3450
f 172/3778/3463 1671/4057/3726 3758/3779/3464
f 3758/3779/3464 1671/4057/3726 1672/3780/3465
f 3761/3768/3453 1672/3780/3465 1673/3781/3466
f 3764/3771/3456 1673/3781/3466 252/3782/3467
f 3763/3772/3457 3764/3771/3456 1650/3783/3468
f 3763/3772/3457 1651/3784/3469 1652/3785/3470
f 3762/3770/3455 1652/3785/3470 253/3786/3471
f 3759/3766/3451 3762/3770/3455 1674/3787/3472
f 3756/3767/3452 3759/3766/3451 1675/3788/3473
f 3766/3789/3474 3769/3793/3478 3768/3790/3475
f 3766/3789/3474 3767/3802/3487 3770/3792/3477
f 3769/3793/3478 3772/3796/3481 3771/3794/3479
f 3769/3793/3478 3770/3792/3477 3773/3795/3480
f 166/3797/3482 1199/3799/3484 3765/3791/3476
f 1199/3799/3484 1198/3801/3486 3766/3789/3474
f 1197/3800/3485 3767/3802/3487 3766/3789/3474
f 165/3749/3434 1670/3750/3435 3767/3802/3487
f 3767/3802/3487 1670/3750/3435 1669/3764/3449
f 3770/3792/3477 1669/3764/3449 1668/3763/3448
f 3773/3795/3480 1668/3763/3448 245/3762/3447
f 3772/3796/3481 3773/3795/3480 1629/3803/3488
f 3772/3796/3481 1630/3804/3489 1631/3805/3490
f 3771/3794/3479 1631/3805/3490 246/3806/3491
f 3768/3790/3475 3771/3794/3479 1677/3807/3492
f 3765/3791/3476 3768/3790/3475 1678/3808/3493
f 3775/3809/3494 3778/3813/3498 3777/3810/3495
f 3775/3809/3494 3776/3822/3507 3779/3812/3497
f 3778/3813/3498 3781/3816/3501 3780/3814/3499
f 3778/3813/3498 3779/3812/3497 3782/3815/3500
f 174/3817/3502 1223/3819/3504 3774/3811/3496
f 1223/3819/3504 1222/3821/3506 3775/3809/3494
f 1221/3820/3505 3776/3822/3507 3775/3809/3494
f 173/3773/3458 1676/3774/3459 3776/3822/3507
f 3776/3822/3507 1676/3774/3459 1675/3788/3473
f 3779/3812/3497 1675/3788/3473 1674/3787/3472
f 3782/3815/3500 1674/3787/3472 253/3786/3471
f 3781/3816/3501 3782/3815/3500 1653/3823/3508
f 3781/3816/3501 1654/3824/3509 1655/3825/3510
f 3780/3814/3499 1655/3825/3510 254/3826/3511
f 3777/3810/3495 3780/3814/3499 1680/3827/3512
f 3774/3811/3496 3777/3810/3495 1681/3828/3513
f 3784/3829/3514 3787/3833/3518 3786/3830/3515
f 3784/3829/3514 3785/3842/3527 3788/3832/3517
f 3787/3833/3518 3790/3836/3521 3789/3834/3519
f 3787/3833/3518 3788/3832/3517 3791/3835/3520
f 167/3837/3522 1202/3839/3524 3783/3831/3516
f 1202/3839/3524 1201/3841/3526 3784/3829/3514
f 1200/3840/3525 3785/3842/3527 3784/3829/3514
f 166/3797/3482 1679/3798/3483 3785/3842/3527
f 3785/3842/3527 1679/3798/3483 1678/3808/3493
f 3788/3832/3517 1678/3808/3493 1677/3807/3492
f 3791/3835/3520 1677/3807/3492 246/3806/3491
f 3790/3836/3521 3791/3835/3520 1632/3843/3528
f 3790/3836/3521 1633/3844/3529 1634/3845/3444
f 3789/3834/3519 1634/3845/3444 247/3846/3530
f 3786/3830/3515 3789/3834/3519 1683/3847/3531
f 3783/3831/3516 3786/3830/3515 1684/3848/3532
f 3793/3849/3533 3796/3853/3537 3795/3850/3534
f 3793/3849/3533 3794/3862/3546 3797/3852/3536
f 3796/3853/3537 3799/3856/3540 3798/3854/3538
f 3796/3853/3537 3797/3852/3536 3800/3855/3539
f 175/3857/3541 1226/3859/3543 3792/3851/3535
f 1226/3859/3543 1225/3861/3545 3793/3849/3533
f 1224/3860/3544 3794/3862/3546 3793/3849/3533
f 174/3817/3502 1682/3818/3503 3794/3862/3546
f 3794/3862/3546 1682/3818/3503 1681/3828/3513
f 3797/3852/3536 1681/3828/3513 1680/3827/3512
f 3800/3855/3539 1680/3827/3512 254/3826/3511
f 3799/3856/3540 3800/3855/3539 1656/3863/3547
f 3799/3856/3540 1657/3864/3548 1658/3865/3468
f 3798/3854/3538 1658/3865/3468 255/3866/3549
f 3795/3850/3534 3798/3854/3538 1686/3867/3550
f 3792/3851/3535 3795/3850/3534 1687/3868/3551
f 3802/3869/3552 3805/3873/3556 3804/3870/3553
f 3802/3869/3552 3803/3882/3565 3806/3872/3555
f 3805/3873/3556 3808/3876/3559 3807/3874/3557
f 3805/3873/3556 3806/3872/3555 3809/3875/3558
f 168/3877/3560 1205/3879/3562 3801/3871/3554
f 1205/3879/3562 1204/3881/3564 3802/3869/3552
f 1203/3880/3563 3803/3882/3565 3802/3869/3552
f 167/3837/3522 1685/3838/3523 3803/3882/3565
f 3803/3882/3565 1685/3838/3523 1684/3848/3532
f 3806/3872/3555 1684/3848/3532 1683/3847/3531
f 3809/3875/3558 1683/3847/3531 247/3846/3530
f 3808/3876/3559 3809/3875/3558 1635/3883/3566
f 3808/3876/3559 1636/3884/3567 1637/3885/3488
f 3807/3874/3557 1637/3885/3488 248/3886/3568
f 3804/3870/3553 3807/3874/3557 1689/3887/3569
f 3801/3871/3554 3804/3870/3553 1690/3888/3570
f 3811/3889/3571 3814/3893/3575 3813/3890/3572
f 3811/3889/3571 3812/3902/3584 3815/3892/3574
f 3814/3893/3575 3817/3896/3578 3816/3894/3576
f 3814/3893/3575 3815/3892/3574 3818/3895/3577
f 176/3897/3579 1229/3899/3581 3810/3891/3573
f 1229/3899/3581 1228/3901/3583 3811/3889/3571
f 1227/3900/3582 3812/3902/3584 3811/3889/3571
f 175/3857/3541 1688/3858/3542 3812/3902/3584
f 3812/3902/3584 1688/3858/3542 1687/3868/3551
f 3815/3892/3574 1687/3868/3551 1686/3867/3550
f 3818/3895/3577 1686/3867/3550 255/3866/3549
f 3817/3896/3578 3818/3895/3577 1659/3903/3585
f 3817/3896/3578 1660/3904/3586 1661/3905/3587
f 3816/3894/3576 1661/3905/3587 256/3906/3588
f 3813/3890/3572 3816/3894/3576 1692/3907/3589
f 3810/3891/3573 3813/3890/3572 1693/3908/3590
f 3820/3909/3591 3823/3913/3595 3822/3910/3592
f 3820/3909/3591 3821/3922/3604 3824/3912/3594
f 3823/3913/3595 3826/3916/3598 3825/3914/3596
f 3823/3913/3595 3824/3912/3594 3827/3915/3597
f 169/3917/3599 1208/3919/3601 3819/3911/3593
f 1208/3919/3601 1207/3921/3603 3820/3909/3591
f 1206/3920/3602 3821/3922/3604 3820/3909/3591
f 168/3877/3560 1691/3878/3561 3821/3922/3604
f 3821/3922/3604 1691/3878/3561 1690/3888/3570
f 3824/3912/3594 1690/3888/3570 1689/3887/3569
f 3827/3915/3597 1689/3887/3569 248/3886/3568
f 3826/3916/3598 3827/3915/3597 1638/3923/3605
f 3826/3916/3598 1639/3924/3606 1640/3925/3528
f 3825/3914/3596 1640/3925/3528 249/3926/3607
f 3822/3910/3592 3825/3914/3596 1695/3927/3608
f 3819/3911/3593 3822/3910/3592 1696/3928/3609
f 3829/3929/3610 3832/3933/3614 3831/3930/3611
f 3829/3929/3610 3830/3943/3624 3833/3932/3613
f 3832/3933/3614 3835/3936/3617 3834/3934/3615
f 3832/3933/3614 3833/3932/3613 3836/3935/3616
f 162/3937/3618 1187/3939/3620 3828/3931/3612
f 1187/3939/3620 1186/3941/3622 3829/3929/3610
f 1185/3940/3621 3830/3943/3624 3829/3929/3610
f 161/3942/3623 1698/4318/3641 3830/3943/3624
f 3830/3943/3624 1698/4318/3641 1699/3944/3625
f 3833/3932/3613 1699/3944/3625 1700/3945/3626
f 3836/3935/3616 1700/3945/3626 241/3946/3627
f 3835/3936/3617 3836/3935/3616 1617/3947/3628
f 3835/3936/3617 1618/3948/3629 1619/3949/3585
f 3834/3934/3615 1619/3949/3585 242/3950/3630
f 3831/3930/3611 3834/3934/3615 1701/3951/3631
f 3828/3931/3612 3831/3930/3611 1702/3952/3632
f 3838/3953/3633 3841/3957/3637 3840/3954/3634
f 3838/3953/3633 3839/3966/3645 3842/3956/3636
f 3841/3957/3637 3844/3960/3640 3843/3958/3638
f 3841/3957/3637 3842/3956/3636 3845/3959/3639
f 161/3961/3623 1232/3963/3642 3837/3955/3635
f 1232/3963/3642 1231/3965/3644 3838/3953/3633
f 1230/3964/3643 3839/3966/3645 3838/3953/3633
f 176/3897/3579 1694/3898/3580 3839/3966/3645
f 3839/3966/3645 1694/3898/3580 1693/3908/3590
f 3842/3956/3636 1693/3908/3590 1692/3907/3589
f 3845/3959/3639 1692/3907/3589 256/3906/3588
f 3844/3960/3640 3845/3959/3639 1662/3967/3646
f 3844/3960/3640 1663/3968/3647 1664/3969/3547
f 3843/3958/3638 1664/3969/3547 241/3970/3627
f 3840/3954/3634 3843/3958/3638 1700/3971/3626
f 3837/3955/3635 3840/3954/3634 1699/3972/3625
f 3847/3973/3648 3850/3977/3652 3849/3974/3649
f 3847/3973/3648 3848/3986/3661 3851/3976/3651
f 3850/3977/3652 3853/3980/3655 3852/3978/3653
f 3850/3977/3652 3851/3976/3651 3854/3979/3654
f 170/3981/3656 1211/3983/3658 3846/3975/3650
f 1211/3983/3658 1210/3985/3660 3847/3973/3648
f 1209/3984/3659 3848/3986/3661 3847/3973/3648
f 169/3917/3599 1697/3918/3600 3848/3986/3661
f 3848/3986/3661 1697/3918/3600 1696/3928/3609
f 3851/3976/3651 1696/3928/3609 1695/3927/3608
f 3854/3979/3654 1695/3927/3608 249/3926/3607
f 3853/3980/3655 3854/3979/3654 1641/3987/3662
f 3853/3980/3655 1642/3988/3663 1643/3989/3566
f 3852/3978/3653 1643/3989/3566 250/3990/3664
f 3849/3974/3649 3852/3978/3653 1704/3991/3665
f 3846/3975/3650 3849/3974/3649 1705/3992/3666
f 3856/3993/3667 3859/3997/3671 3858/3994/3668
f 3856/3993/3667 3857/4006/3680 3860/3996/3670
f 3859/3997/3671 3862/4000/3674 3861/3998/3672
f 3859/3997/3671 3860/3996/3670 3863/3999/3673
f 163/4001/3675 1190/4003/3677 3855/3995/3669
f 1190/4003/3677 1189/4005/3679 3856/3993/3667
f 1188/4004/3678 3857/4006/3680 3856/3993/3667
f 162/3937/3618 1703/3938/3619 3857/4006/3680
f 3857/4006/3680 1703/3938/3619 1702/3952/3632
f 3860/3996/3670 1702/3952/3632 1701/3951/3631
f 3863/3999/3673 1701/3951/3631 242/3950/3630
f 3862/4000/3674 3863/3999/3673 1620/4007/3681
f 3862/4000/3674 1621/4008/3682 1622/4009/3646
f 3861/3998/3672 1622/4009/3646 243/4010/3683
f 3858/3994/3668 3861/3998/3672 1707/4011/3684
f 3855/3995/3669 3858/3994/3668 1708/4012/3685
f 3865/4013/3686 3868/4017/3690 3867/4014/3687
f 3865/4013/3686 3866/4026/3699 3869/4016/3689
f 3868/4017/3690 3871/4020/3693 3870/4018/3691
f 3868/4017/3690 3869/4016/3689 3872/4019/3692
f 171/4021/3694 1214/4023/3696 3864/4015/3688
f 1214/4023/3696 1213/4025/3698 3865/4013/3686
f 1212/4024/3697 3866/4026/3699 3865/4013/3686
f 170/3981/3656 1706/3982/3657 3866/4026/3699
f 3866/4026/3699 1706/3982/3657 1705/3992/3666
f 3869/4016/3689 1705/3992/3666 1704/3991/3665
f 3872/4019/3692 1704/3991/3665 250/3990/3664
f 3871/4020/3693 3872/4019/3692 1644/4027/3470
f 3871/4020/3693 1645/4028/3700 1646/4029/3605
f 3870/4018/3691 1646/4029/3605 251/4030/3701
f 3867/4014/3687 3870/4018/3691 1710/4031/3702
f 3864/4015/3688 3867/4014/3687 1711/4032/3703
f 3874/4033/3704 3877/4037/3708 3876/4034/3705
f 3874/4033/3704 3875/4045/3716 3878/4036/3707
f 3877/4037/3708 3880/4040/3711 3879/4038/3709
f 3877/4037/3708 3878/4036/3707 3881/4039/3710
f 164/3754/3439 1193/4042/3713 3873/4035/3706
f 1193/4042/3713 1192/4044/3715 3874/4033/3704
f 1191/4043/3714 3875/4045/3716 3874/4033/3704
f 163/4001/3675 1709/4002/3676 3875/4045/3716
f 3875/4045/3716 1709/4002/3676 1708/4012/3685
f 3878/4036/3707 1708/4012/3685 1707/4011/3684
f 3881/4039/3710 1707/4011/3684 243/4010/3683
f 3880/4040/3711 3881/4039/3710 1623/4046/3490
f 3880/4040/3711 1624/4047/3717 1625/4048/3628
f 3879/4038/3709 1625/4048/3628 244/3758/3443
f 3876/4034/3705 3879/4038/3709 1667/3757/3442
f 3873/4035/3706 3876/4034/3705 1666/3756/3441
f 3883/4049/3718 3886/4053/3722 3885/4050/3719
f 3883/4049/3718 3884/4061/3730 3887/4052/3721
f 3886/4053/3722 3889/4056/3725 3888/4054/3723
f 3886/4053/3722 3887/4052/3721 3890/4055/3724
f 172/3778/3463 1217/4058/3727 3882/4051/3720
f 1217/4058/3727 1216/4060/3729 3883/4049/3718
f 1215/4059/3728 3884/4061/3730 3883/4049/3718
f 171/4021/3694 1712/4022/3695 3884/4061/3730
f 3884/4061/3730 1712/4022/3695 1711/4032/3703
f 3887/4052/3721 1711/4032/3703 1710/4031/3702
f 3890/4055/3724 1710/4031/3702 251/4030/3701
f 3889/4056/3725 3890/4055/3724 1647/4062/3510
f 3889/4056/3725 1648/4063/3731 1649/4064/3662
f 3888/4054/3723 1649/4064/3662 252/3782/3467
f 3885/4050/3719 3888/4054/3723 1673/3781/3466
f 3882/4051/3720 3885/4050/3719 1672/3780/3465
f 3893/4065/3732 3891/4319/3732 3923/4066/3732
f 3895/4068/3732 3891/4319/3732 3893/4065/3732
f 3897/4070/3732 3891/4319/3732 3895/4068/3732
f 3899/4072/3732 3891/4319/3732 3897/4070/3732
f 3901/4074/3732 3891/4319/3732 3899/4072/3732
f 3903/4076/3732 3891/4319/3732 3901/4074/3732
f 3905/4078/3732 3891/4319/3732 3903/4076/3732
f 3907/4080/3732 3891/4319/3732 3905/4078/3732
f 3909/4082/3732 3891/4319/3732 3907/4080/3732
f 3911/4084/3732 3891/4319/3732 3909/4082/3732
f 3913/4086/3732 3891/4319/3732 3911/4084/3732
f 3915/4088/3732 3891/4319/3732 3913/4086/3732
f 3917/4090/3732 3891/4319/3732 3915/4088/3732
f 3919/4092/3732 3891/4319/3732 3917/4090/3732
f 3921/4094/3732 3891/4319/3732 3919/4092/3732
f 3923/4066/3732 3891/4319/3732 3921/4094/3732
f 1664/3969/3547 3892/4067/3732 1617/4097/3628
f 1663/3968/3647 3893/4065/3732 3892/4067/3732
f 3892/4067/3732 3923/4066/3732 1618/4098/3629
f 1661/3905/3587 3894/4069/3732 1662/3967/3646
f 1660/3904/3586 3895/4068/3732 3894/4069/3732
f 3894/4069/3732 3893/4065/3732 1663/3968/3647
f 1658/3865/3468 3896/4071/3732 1659/3903/3585
f 1657/3864/3548 3897/4070/3732 3896/4071/3732
f 3896/4071/3732 3895/4068/3732 1660/3904/3586
f 1655/3825/3510 3898/4073/3732 1656/3863/3547
f 1654/3824/3509 3899/4072/3732 3898/4073/3732
f 3898/4073/3732 3897/4070/3732 1657/3864/3548
f 1652/3785/3470 3900/4075/3732 1653/3823/3508
f 1651/3784/3469 3901/4074/3732 3900/4075/3732
f 3900/4075/3732 3899/4072/3732 1654/3824/3509
f 1649/4064/3662 3902/4077/3732 1650/3783/3468
f 1648/4063/3731 3903/4076/3732 3902/4077/3732
f 3902/4077/3732 3901/4074/3732 1651/3784/3469
f 1646/4029/3605 3904/4079/3732 1647/4062/3510
f 1645/4028/3700 3905/4078/3732 3904/4079/3732
f 3904/4079/3732 3903/4076/3732 1648/4063/3731
f 1643/3989/3566 3906/4081/3732 1644/4027/3470
f 1642/3988/3663 3907/4080/3732 3906/4081/3732
f 3906/4081/3732 3905/4078/3732 1645/4028/3700
f 1640/3925/3528 3908/4083/3732 1641/3987/3662
f 1639/3924/3606 3909/4082/3732 3908/4083/3732
f 3908/4083/3732 3907/4080/3732 1642/3988/3663
f 1637/3885/3488 3910/4085/3732 1638/3923/3605
f 1636/3884/3567 3911/4084/3732 3910/4085/3732
f 3910/4085/3732 3909/4082/3732 1639/3924/3606
f 1634/3845/3444 3912/4087/3732 1635/3883/3566
f 1633/3844/3529 3913/4086/3732 3912/4087/3732
f 3912/4087/3732 3911/4084/3732 1636/3884/3567
f 1631/3805/3490 3914/4089/3732 1632/3843/3528
f 1630/3804/3489 3915/4088/3732 3914/4089/3732
f 3914/4089/3732 3913/4086/3732 1633/3844/3529
f 1628/3761/3446 3916/4091/3732 1629/3803/3488
f 1627/3760/3445 3917/4090/3732 3916/4091/3732
f 3916/4091/3732 3915/4088/3732 1630/3804/3489
f 1625/4048/3628 3918/4093/3732 1626/3759/3444
f 1624/4047/3717 3919/4092/3732 3918/4093/3732
f 3918/4093/3732 3917/4090/3732 1627/3760/3445
f 1622/4009/3646 3920/4095/3732 1623/4046/3490
f 1621/4008/3682 3921/4094/3732 3920/4095/3732
f 3920/4095/3732 3919/4092/3732 1624/4047/3717
f 1619/4099/3585 3922/4096/3732 1620/4007/3681
f 1618/4098/3629 3923/4066/3732 3922/4096/3732
f 3922/4096/3732 3921/4094/3732 1621/4008/3682
f 3925/4100/3733 3928/4104/3737 3927/4101/3734
f 3926/4103/3736 3929/4110/3743 3928/4104/3737
f 3928/4104/3737 3931/4107/3740 3930/4105/3738
f 3928/4104/3737 3929/4110/3743 3932/4106/3739
f 161/3942/3623 1185/3940/3621 3924/4102/3735
f 1185/3940/3621 1186/3941/3622 3925/4100/3733
f 1187/3939/3620 3926/4103/3736 3925/4100/3733
f 162/3937/3618 1316/4109/3742 3926/4103/3736
f 1316/4109/3742 1315/4111/3744 3929/4110/3743
f 1315/4111/3744 1314/4125/3758 3932/4106/3739
f 3932/4106/3739 1314/4125/3758 268/3024/2807
f 3932/4106/3739 1761/3045/2827 1762/3046/2828
f 3930/4105/3738 3931/4107/3740 1762/3046/2828
f 3930/4105/3738 1763/3042/2825 269/3044/2826
f 1750/4113/3746 3927/4101/3734 3930/4105/3738
f 1749/4108/3741 3924/4102/3735 3927/4101/3734
f 3934/4114/3747 3937/4118/3751 3936/4115/3748
f 3935/4117/3750 3938/4123/3756 3937/4118/3751
f 3937/4118/3751 3940/4121/3754 3939/4119/3752
f 3937/4118/3751 3938/4123/3756 3941/4120/3753
f 162/3937/3618 1188/4004/3678 3933/4116/3749
f 1188/4004/3678 1189/4005/3679 3934/4114/3747
f 1190/4003/3677 3935/4117/3750 3934/4114/3747
f 163/4001/3675 1313/4122/3755 3935/4117/3750
f 1313/4122/3755 1312/4124/3757 3938/4123/3756
f 1312/4124/3757 1311/4137/3770 3941/4120/3753
f 3941/4120/3753 1311/4137/3770 267/3004/2787
f 3941/4120/3753 1764/3025/2808 1765/3026/2809
f 3939/4119/3752 3940/4121/3754 1765/3026/2809
f 3939/4119/3752 1766/3022/2805 268/3024/2807
f 1315/4111/3744 3936/4115/3748 3939/4119/3752
f 1316/4109/3742 3933/4116/3749 3936/4115/3748
f 3943/4126/3759 3946/4130/3763 3945/4127/3760
f 3944/4129/3762 3947/4135/3768 3946/4130/3763
f 3946/4130/3763 3949/4133/3766 3948/4131/3764
f 3946/4130/3763 3947/4135/3768 3950/4132/3765
f 163/4001/3675 1191/4043/3714 3942/4128/3761
f 1191/4043/3714 1192/4044/3715 3943/4126/3759
f 1193/4042/3713 3944/4129/3762 3943/4126/3759
f 164/3754/3439 1310/4134/3767 3944/4129/3762
f 1310/4134/3767 1309/4136/3769 3947/4135/3768
f 1309/4136/3769 1308/4149/3782 3950/4132/3765
f 3950/4132/3765 1308/4149/3782 266/2984/2767
f 3950/4132/3765 1767/3005/2788 1768/3006/2789
f 3948/4131/3764 3949/4133/3766 1768/3006/2789
f 3948/4131/3764 1769/3002/2785 267/3004/2787
f 1312/4124/3757 3945/4127/3760 3948/4131/3764
f 1313/4122/3755 3942/4128/3761 3945/4127/3760
f 3952/4138/3771 3955/4142/3775 3954/4139/3772
f 3953/4141/3774 3956/4147/3780 3955/4142/3775
f 3955/4142/3775 3958/4145/3778 3957/4143/3776
f 3955/4142/3775 3956/4147/3780 3959/4144/3777
f 164/3754/3439 1194/3752/3437 3951/4140/3773
f 1194/3752/3437 1195/3753/3438 3952/4138/3771
f 1196/3751/3436 3953/4141/3774 3952/4138/3771
f 165/3749/3434 1307/4146/3779 3953/4141/3774
f 1307/4146/3779 1306/4148/3781 3956/4147/3780
f 1306/4148/3781 1305/4161/3794 3959/4144/3777
f 3959/4144/3777 1305/4161/3794 265/2964/2747
f 3959/4144/3777 1770/2985/2768 1771/2986/2769
f 3957/4143/3776 3958/4145/3778 1771/2986/2769
f 3957/4143/3776 1772/2982/2765 266/2984/2767
f 1309/4136/3769 3954/4139/3772 3957/4143/3776
f 1310/4134/3767 3951/4140/3773 3954/4139/3772
f 3961/4150/3783 3964/4154/3787 3963/4151/3784
f 3962/4153/3786 3965/4159/3792 3964/4154/3787
f 3964/4154/3787 3967/4157/3790 3966/4155/3788
f 3964/4154/3787 3965/4159/3792 3968/4156/3789
f 165/3749/3434 1197/3800/3485 3960/4152/3785
f 1197/3800/3485 1198/3801/3486 3961/4150/3783
f 1199/3799/3484 3962/4153/3786 3961/4150/3783
f 166/3797/3482 1304/4158/3791 3962/4153/3786
f 1304/4158/3791 1303/4160/3793 3965/4159/3792
f 1303/4160/3793 1302/4173/3806 3968/4156/3789
f 3968/4156/3789 1302/4173/3806 264/2944/2727
f 3968/4156/3789 1773/2965/2748 1774/2966/2749
f 3966/4155/3788 3967/4157/3790 1774/2966/2749
f 3966/4155/3788 1775/2962/2745 265/2964/2747
f 1306/4148/3781 3963/4151/3784 3966/4155/3788
f 1307/4146/3779 3960/4152/3785 3963/4151/3784
f 3970/4162/3795 3973/4166/3799 3972/4163/3796
f 3971/4165/3798 3974/4171/3804 3973/4166/3799
f 3973/4166/3799 3976/4169/3802 3975/4167/3800
f 3973/4166/3799 3974/4171/3804 3977/4168/3801
f 166/3797/3482 1200/3840/3525 3969/4164/3797
f 1200/3840/3525 1201/3841/3526 3970/4162/3795
f 1202/3839/3524 3971/4165/3798 3970/4162/3795
f 167/3837/3522 1301/4170/3803 3971/4165/3798
f 1301/4170/3803 1300/4172/3805 3974/4171/3804
f 1300/4172/3805 1299/4185/3818 3977/4168/3801
f 3977/4168/3801 1299/4185/3818 263/2924/2707
f 3977/4168/3801 1776/2945/2728 1777/2946/2729
f 3975/4167/3800 3976/4169/3802 1777/2946/2729
f 3975/4167/3800 1778/2942/2725 264/2944/2727
f 1303/4160/3793 3972/4163/3796 3975/4167/3800
f 1304/4158/3791 3969/4164/3797 3972/4163/3796
f 3979/4174/3807 3982/4178/3811 3981/4175/3808
f 3980/4177/3810 3983/4183/3816 3982/4178/3811
f 3982/4178/3811 3985/4181/3814 3984/4179/3812
f 3982/4178/3811 3983/4183/3816 3986/4180/3813
f 167/3837/3522 1203/3880/3563 3978/4176/3809
f 1203/3880/3563 1204/3881/3564 3979/4174/3807
f 1205/3879/3562 3980/4177/3810 3979/4174/3807
f 168/3877/3560 1325/4182/3815 3980/4177/3810
f 1325/4182/3815 1324/4184/3817 3983/4183/3816
f 1324/4184/3817 1323/4197/3830 3986/4180/3813
f 3986/4180/3813 1323/4197/3830 271/2904/2687
f 3986/4180/3813 1779/2925/2708 1780/2926/2709
f 3984/4179/3812 3985/4181/3814 1780/2926/2709
f 3984/4179/3812 1781/2922/2705 263/2924/2707
f 1300/4172/3805 3981/4175/3808 3984/4179/3812
f 1301/4170/3803 3978/4176/3809 3981/4175/3808
f 3988/4186/3819 3991/4190/3823 3990/4187/3820
f 3989/4189/3822 3992/4195/3828 3991/4190/3823
f 3991/4190/3823 3994/4193/3826 3993/4191/3824
f 3991/4190/3823 3992/4195/3828 3995/4192/3825
f 168/3877/3560 1206/3920/3602 3987/4188/3821
f 1206/3920/3602 1207/3921/3603 3988/4186/3819
f 1208/3919/3601 3989/4189/3822 3988/4186/3819
f 169/3917/3599 1295/4194/3827 3989/4189/3822
f 1295/4194/3827 1294/4196/3829 3992/4195/3828
f 1294/4196/3829 1293/4209/3842 3995/4192/3825
f 3995/4192/3825 1293/4209/3842 261/2884/2667
f 3995/4192/3825 1782/2905/2688 1783/2906/2689
f 3993/4191/3824 3994/4193/3826 1783/2906/2689
f 3993/4191/3824 1784/2902/2685 271/2904/2687
f 1324/4184/3817 3990/4187/3820 3993/4191/3824
f 1325/4182/3815 3987/4188/3821 3990/4187/3820
f 3997/4198/3831 4000/4202/3835 3999/4199/3832
f 3998/4201/3834 4001/4207/3840 4000/4202/3835
f 4000/4202/3835 4003/4205/3838 4002/4203/3836
f 4000/4202/3835 4001/4207/3840 4004/4204/3837
f 169/3917/3599 1209/3984/3659 3996/4200/3833
f 1209/3984/3659 1210/3985/3660 3997/4198/3831
f 1211/3983/3658 3998/4201/3834 3997/4198/3831
f 170/3981/3656 1322/4206/3839 3998/4201/3834
f 1322/4206/3839 1321/4208/3841 4001/4207/3840
f 1321/4208/3841 1320/4221/3854 4004/4204/3837
f 4004/4204/3837 1320/4221/3854 270/2864/2647
f 4004/4204/3837 1785/2885/2668 1786/2886/2669
f 4002/4203/3836 4003/4205/3838 1786/2886/2669
f 4002/4203/3836 1787/2882/2665 261/2884/2667
f 1294/4196/3829 3999/4199/3832 4002/4203/3836
f 1295/4194/3827 3996/4200/3833 3999/4199/3832
f 4006/4210/3843 4009/4214/3847 4008/4211/3844
f 4007/4213/3846 4010/4219/3852 4009/4214/3847
f 4009/4214/3847 4012/4217/3850 4011/4215/3848
f 4009/4214/3847 4010/4219/3852 4013/4216/3849
f 170/3981/3656 1212/4024/3697 4005/4212/3845
f 1212/4024/3697 1213/4025/3698 4006/4210/3843
f 1214/4023/3696 4007/4213/3846 4006/4210/3843
f 171/4021/3694 1328/4218/3851 4007/4213/3846
f 1328/4218/3851 1327/4220/3853 4010/4219/3852
f 1327/4220/3853 1326/4233/3866 4013/4216/3849
f 4013/4216/3849 1326/4233/3866 272/2844/2627
f 4013/4216/3849 1788/2865/2648 1789/2866/2649
f 4011/4215/3848 4012/4217/3850 1789/2866/2649
f 4011/4215/3848 1790/2862/2645 270/2864/2647
f 1321/4208/3841 4008/4211/3844 4011/4215/3848
f 1322/4206/3839 4005/4212/3845 4008/4211/3844
f 4015/4222/3855 4018/4226/3859 4017/4223/3856
f 4016/4225/3858 4019/4231/3864 4018/4226/3859
f 4018/4226/3859 4021/4229/3862 4020/4227/3860
f 4018/4226/3859 4019/4231/3864 4022/4228/3861
f 171/4021/3694 1215/4059/3728 4014/4224/3857
f 1215/4059/3728 1216/4060/3729 4015/4222/3855
f 1217/4058/3727 4016/4225/3858 4015/4222/3855
f 172/3778/3463 1289/4230/3863 4016/4225/3858
f 1289/4230/3863 1288/4232/3865 4019/4231/3864
f 1288/4232/3865 1287/4245/3878 4022/4228/3861
f 4022/4228/3861 1287/4245/3878 259/2824/2607
f 4022/4228/3861 1791/2845/2628 1792/2846/2629
f 4020/4227/3860 4021/4229/3862 1792/2846/2629
f 4020/4227/3860 1793/2842/2625 272/2844/2627
f 1327/4220/3853 4017/4223/3856 4020/4227/3860
f 1328/4218/3851 4014/4224/3857 4017/4223/3856
f 4024/4234/3867 4027/4238/3871 4026/4235/3868
f 4025/4237/3870 4028/4243/3876 4027/4238/3871
f 4027/4238/3871 4030/4241/3874 4029/4239/3872
f 4027/4238/3871 4028/4243/3876 4031/4240/3873
f 172/3778/3463 1218/3776/3461 4023/4236/3869
f 1218/3776/3461 1219/3777/3462 4024/4234/3867
f 1220/3775/3460 4025/4237/3870 4024/4234/3867
f 173/3773/3458 1286/4242/3875 4025/4237/3870
f 1286/4242/3875 1285/4244/3877 4028/4243/3876
f 1285/4244/3877 1284/4257/3890 4031/4240/3873
f 4031/4240/3873 1284/4257/3890 258/2804/2587
f 4031/4240/3873 1794/2825/2608 1795/2826/2609
f 4029/4239/3872 4030/4241/3874 1795/2826/2609
f 4029/4239/3872 1796/2822/2605 259/2824/2607
f 1288/4232/3865 4026/4235/3868 4029/4239/3872
f 1289/4230/3863 4023/4236/3869 4026/4235/3868
f 4033/4246/3879 4036/4250/3883 4035/4247/3880
f 4034/4249/3882 4037/4255/3888 4036/4250/3883
f 4036/4250/3883 4039/4253/3886 4038/4251/3884
f 4036/4250/3883 4037/4255/3888 4040/4252/3885
f 173/3773/3458 1221/3820/3505 4032/4248/3881
f 1221/3820/3505 1222/3821/3506 4033/4246/3879
f 1223/3819/3504 4034/4249/3882 4033/4246/3879
f 174/3817/3502 1283/4254/3887 4034/4249/3882
f 1283/4254/3887 1282/4256/3889 4037/4255/3888
f 1282/4256/3889 1281/4269/3902 4040/4252/3885
f 4040/4252/3885 1281/4269/3902 257/2784/2567
f 4040/4252/3885 1797/2805/2588 1798/2806/2589
f 4038/4251/3884 4039/4253/3886 1798/2806/2589
f 4038/4251/3884 1799/2802/2585 258/2804/2587
f 1285/4244/3877 4035/4247/3880 4038/4251/3884
f 1286/4242/3875 4032/4248/3881 4035/4247/3880
f 4042/4258/3891 4045/4262/3895 4044/4259/3892
f 4043/4261/3894 4046/4267/3900 4045/4262/3895
f 4045/4262/3895 4048/4265/3898 4047/4263/3896
f 4045/4262/3895 4046/4267/3900 4049/4264/3897
f 174/3817/3502 1224/3860/3544 4041/4260/3893
f 1224/3860/3544 1225/3861/3545 4042/4258/3891
f 1226/3859/3543 4043/4261/3894 4042/4258/3891
f 175/3857/3541 1292/4266/3899 4043/4261/3894
f 1292/4266/3899 1291/4268/3901 4046/4267/3900
f 1291/4268/3901 1290/4281/3914 4049/4264/3897
f 4049/4264/3897 1290/4281/3914 260/2764/2547
f 4049/4264/3897 1800/2785/2568 1801/2786/2569
f 4047/4263/3896 4048/4265/3898 1801/2786/2569
f 4047/4263/3896 1802/2782/2565 257/2784/2567
f 1282/4256/3889 4044/4259/3892 4047/4263/3896
f 1283/4254/3887 4041/4260/3893 4044/4259/3892
f 4051/4270/3903 4054/4274/3907 4053/4271/3904
f 4052/4273/3906 4055/4279/3912 4054/4274/3907
f 4054/4274/3907 4057/4277/3910 4056/4275/3908
f 4054/4274/3907 4055/4279/3912 4058/4276/3909
f 175/3857/3541 1227/3900/3582 4050/4272/3905
f 1227/3900/3582 1228/3901/3583 4051/4270/3903
f 1229/3899/3581 4052/4273/3906 4051/4270/3903
f 176/3897/3579 1298/4278/3911 4052/4273/3906
f 1298/4278/3911 1297/4280/3913 4055/4279/3912
f 1297/4280/3913 1296/4294/3924 4058/4276/3909
f 4058/4276/3909 1296/4294/3924 262/2741/2524
f 4058/4276/3909 1803/2765/2548 1804/2766/2549
f 4056/4275/3908 4057/4277/3910 1804/2766/2549
f 4056/4275/3908 1805/2762/2545 260/2764/2547
f 1291/4268/3901 4053/4271/3904 4056/4275/3908
f 1292/4266/3899 4050/4272/3905 4053/4271/3904
f 4060/4282/3915 4063/4286/3919 4062/4283/3916
f 4061/4285/3918 4064/4291/3923 4063/4286/3919
f 4063/4286/3919 4066/4289/3922 4065/4287/3920
f 4063/4286/3919 4064/4291/3923 4067/4288/3921
f 176/3897/3579 1230/3964/3643 4059/4284/3917
f 1230/3964/3643 1231/3965/3644 4060/4282/3915
f 1232/3963/3642 4061/4285/3918 4060/4282/3915
f 161/3961/3623 1749/4290/3741 4061/4285/3918
f 1749/4290/3741 1750/4292/3746 4064/4291/3923
f 1750/4292/3746 1751/4320/3745 4067/4288/3921
f 4067/4288/3921 1751/4320/3745 269/4293/2826
f 4067/4288/3921 1806/2742/2525 1807/2743/2526
f 4065/4287/3920 4066/4289/3922 1807/2743/2526
f 4065/4287/3920 1808/2739/2522 262/2741/2524
f 1297/4280/3913 4062/4283/3916 4065/4287/3920
f 1298/4278/3911 4059/4284/3917 4062/4283/3916
