# Blender 5.0.1
# www.blender.org
mtllib textured.mtl
o centrifuge_tube_50ml_body
v -0.006311 0.109671 0.012463
v -0.006985 0.109645 0.012098
v -0.006985 0.107658 0.012098
v 0.013826 0.110576 0.002002
v 0.013758 0.110561 0.002426
v 0.013758 0.108574 0.002426
v 0.013960 0.111638 0.000530
v 0.013970 0.111656 -0.000000
v 0.013970 0.114650 0.000000
v 0.007579 0.112134 -0.011735
v 0.006985 0.112158 -0.012098
v 0.006985 0.114650 -0.012098
v -0.008104 0.112703 -0.011379
v -0.008982 0.112741 -0.010700
v -0.008980 0.114650 -0.010702
v -0.013970 0.113156 0.000000
v -0.013970 0.112144 0.000000
v -0.013758 0.110240 0.002426
v -0.013758 0.114650 0.002426
v -0.013970 0.114650 0.000000
v -0.013970 0.110158 0.000051
v -0.013921 0.110196 0.001166
v -0.013783 0.110235 0.002276
v -0.013581 0.113045 -0.003275
v -0.013758 0.113074 -0.002426
v -0.013758 0.114650 -0.002426
v -0.013796 0.113082 -0.002198
v -0.013926 0.113118 -0.001108
v -0.013278 0.113007 -0.004342
v -0.013128 0.114650 -0.004778
v -0.013128 0.112991 -0.004778
v -0.012098 0.114650 -0.006985
v -0.012098 0.112907 -0.006985
v -0.012417 0.112930 -0.006401
v -0.012890 0.112969 -0.005387
v -0.010702 0.114650 -0.008980
v -0.011239 0.112852 -0.008297
v -0.011865 0.112891 -0.007374
v -0.009795 0.112778 -0.009961
v -0.010547 0.112815 -0.009161
v -0.010702 0.112823 -0.008980
v -0.007170 0.112665 -0.011990
v -0.006985 0.114650 -0.012098
v -0.006985 0.112657 -0.012098
v -0.006187 0.112626 -0.012525
v -0.004778 0.114650 -0.013128
v -0.005166 0.112587 -0.012980
v -0.002426 0.112490 -0.013758
v -0.003045 0.112511 -0.013634
v -0.002426 0.114650 -0.013758
v -0.004115 0.112549 -0.013350
v -0.004778 0.112573 -0.013128
v 0.000000 0.114650 -0.013970
v 0.000000 0.112408 -0.013970
v -0.000872 0.112438 -0.013943
v -0.001966 0.112475 -0.013831
v 0.002462 0.112322 -0.013751
v 0.002426 0.112323 -0.013758
v 0.002426 0.114650 -0.013758
v 0.001353 0.112361 -0.013904
v 0.000238 0.112400 -0.013968
v 0.003553 0.112283 -0.013511
v 0.004778 0.114650 -0.013128
v 0.004618 0.112245 -0.013184
v 0.006631 0.112171 -0.012296
v 0.005647 0.112208 -0.012778
v 0.004778 0.112239 -0.013128
v 0.008488 0.112096 -0.011096
v 0.008980 0.114650 -0.010702
v 0.008980 0.112074 -0.010702
v 0.010702 0.114650 -0.008980
v 0.010702 0.111990 -0.008980
v 0.010148 0.112019 -0.009601
v 0.009347 0.112057 -0.010382
v 0.012098 0.114650 -0.006985
v 0.011546 0.111942 -0.007864
v 0.010883 0.111980 -0.008759
v 0.013128 0.114650 -0.004778
v 0.013128 0.111825 -0.004778
v 0.013067 0.111830 -0.004940
v 0.012637 0.111868 -0.005956
v 0.012131 0.111904 -0.006927
v 0.012098 0.111906 -0.006985
v 0.013758 0.114650 -0.002426
v 0.013686 0.111754 -0.002801
v 0.013419 0.111792 -0.003886
v 0.013958 0.111676 -0.000583
v 0.013867 0.111715 -0.001697
v 0.013758 0.111740 -0.002426
v 0.013875 0.111601 0.001630
v 0.013758 0.114650 0.002426
v 0.013758 0.111574 0.002426
v 0.013128 0.114650 0.004778
v 0.013128 0.111491 0.004778
v 0.013447 0.111527 0.003786
v 0.013704 0.111564 0.002712
v 0.012098 0.111407 0.006985
v 0.012163 0.111411 0.006871
v 0.012098 0.114650 0.006985
v 0.012674 0.111450 0.005876
v 0.013103 0.111489 0.004844
v 0.011575 0.111372 0.007821
v 0.010702 0.114650 0.008980
v 0.010917 0.111334 0.008717
v 0.008980 0.111241 0.010702
v 0.009415 0.111261 0.010320
v 0.008980 0.114650 0.010702
v 0.010195 0.111297 0.009551
v 0.010702 0.111323 0.008980
v 0.006707 0.111146 0.012255
v 0.006985 0.111157 0.012098
v 0.006985 0.114650 0.012098
v 0.007665 0.111185 0.011679
v 0.008571 0.111223 0.011032
v 0.005704 0.111107 0.012752
v 0.004778 0.114650 0.013128
v 0.004778 0.111073 0.013128
v 0.002426 0.110990 0.013758
v 0.002531 0.110994 0.013739
v 0.002426 0.114650 0.013758
v 0.003606 0.111031 0.013497
v 0.004667 0.111069 0.013167
v -0.000770 0.110881 0.013949
v -0.000000 0.110908 0.013970
v 0.000000 0.114650 0.013970
v 0.000343 0.110920 0.013966
v 0.001447 0.110957 0.013895
v -0.001883 0.110843 0.013842
v -0.002426 0.114650 0.013758
v -0.002426 0.110823 0.013758
v -0.004778 0.114650 0.013128
v -0.004066 0.110765 0.013365
v -0.002985 0.110804 0.013647
v -0.006985 0.110658 0.012098
v -0.006122 0.110690 0.012557
v -0.006985 0.114650 0.012098
v -0.005114 0.110727 0.013000
v -0.004778 0.110739 0.013128
v -0.008904 0.110578 0.010764
v -0.008018 0.110616 0.011440
v -0.008980 0.114650 0.010702
v -0.007088 0.110654 0.012039
v -0.010702 0.110490 0.008980
v -0.010507 0.110500 0.009206
v -0.010702 0.114650 0.008980
v -0.009737 0.110539 0.010018
v -0.008980 0.110574 0.010702
v -0.011209 0.110461 0.008338
v -0.012098 0.114650 0.006985
v -0.011835 0.110424 0.007422
v -0.013128 0.110325 0.004778
v -0.012852 0.110350 0.005477
v -0.013128 0.114650 0.004778
v -0.012382 0.110387 0.006468
v -0.012098 0.110406 0.006985
v -0.013557 0.110274 0.003371
v -0.013245 0.110312 0.004442
v -0.013860 0.112084 -0.001754
v -0.013930 0.110120 -0.001057
v -0.013970 0.110156 0.000000
v -0.013128 0.111979 -0.004778
v -0.013294 0.110009 -0.004293
v -0.013533 0.112026 -0.003468
v -0.013592 0.110047 -0.003226
v -0.013758 0.112061 -0.002426
v -0.013758 0.110074 -0.002426
v -0.013804 0.110083 -0.002148
v -0.011272 0.111842 -0.008252
v -0.011892 0.109893 -0.007331
v -0.012098 0.111894 -0.006985
v -0.012098 0.109907 -0.006985
v -0.012227 0.111903 -0.006757
v -0.012441 0.109931 -0.006356
v -0.012986 0.111965 -0.005149
v -0.012909 0.109970 -0.005340
v -0.013128 0.109991 -0.004778
v -0.010147 0.111782 -0.009602
v -0.010580 0.109816 -0.009123
v -0.010702 0.111810 -0.008980
v -0.010702 0.109823 -0.008980
v -0.011269 0.109854 -0.008256
v -0.006985 0.111645 -0.012098
v -0.007214 0.109667 -0.011963
v -0.007436 0.111663 -0.011826
v -0.008146 0.109705 -0.011349
v -0.008871 0.111724 -0.010792
v -0.008980 0.109741 -0.010702
v -0.008980 0.111729 -0.010702
v -0.009020 0.109743 -0.010667
v -0.009831 0.109780 -0.009925
v -0.004778 0.111560 -0.013128
v -0.005213 0.109589 -0.012961
v -0.005874 0.111601 -0.012675
v -0.006233 0.109628 -0.012502
v -0.006985 0.109657 -0.012098
v 0.000000 0.111395 -0.013970
v 0.000000 0.109408 -0.013970
v -0.000782 0.111422 -0.013948
v -0.000922 0.109439 -0.013940
v -0.002426 0.111478 -0.013758
v -0.002016 0.109476 -0.013824
v -0.002426 0.109490 -0.013758
v -0.002516 0.111481 -0.013741
v -0.003094 0.109513 -0.013623
v -0.004220 0.111540 -0.013317
v -0.004163 0.109550 -0.013335
v -0.004778 0.109573 -0.013128
v 0.004462 0.111238 -0.013238
v 0.003504 0.109285 -0.013523
v 0.002748 0.111300 -0.013697
v 0.002426 0.109323 -0.013758
v 0.002426 0.111311 -0.013758
v 0.002411 0.109324 -0.013760
v 0.000986 0.111361 -0.013935
v 0.001302 0.109363 -0.013909
v 0.000187 0.109401 -0.013969
v 0.006985 0.111145 -0.012098
v 0.006587 0.109173 -0.012320
v 0.006086 0.111179 -0.012574
v 0.005601 0.109209 -0.012798
v 0.004778 0.111227 -0.013128
v 0.004778 0.109239 -0.013128
v 0.004570 0.109247 -0.013201
v 0.008980 0.111062 -0.010702
v 0.008447 0.109098 -0.011127
v 0.007608 0.111120 -0.011717
v 0.007536 0.109136 -0.011763
v 0.006985 0.109158 -0.012098
v 0.011420 0.110937 -0.008046
v 0.010851 0.108982 -0.008799
v 0.010702 0.110977 -0.008980
v 0.010702 0.108990 -0.008980
v 0.010309 0.110998 -0.009428
v 0.010113 0.109020 -0.009638
v 0.009028 0.111060 -0.010661
v 0.009309 0.109059 -0.010417
v 0.008980 0.109074 -0.010702
v 0.012339 0.110877 -0.006551
v 0.012106 0.108906 -0.006971
v 0.012098 0.110894 -0.006985
v 0.012098 0.108906 -0.006985
v 0.011517 0.108943 -0.007906
v 0.013758 0.110728 -0.002426
v 0.013676 0.108755 -0.002851
v 0.013582 0.110758 -0.003269
v 0.013404 0.108794 -0.003935
v 0.013128 0.110812 -0.004778
v 0.013128 0.108825 -0.004778
v 0.013060 0.110819 -0.004960
v 0.013049 0.108832 -0.004988
v 0.012615 0.108869 -0.006001
v 0.013880 0.108602 0.001580
v 0.013962 0.108640 0.000479
v 0.013968 0.110635 0.000254
v 0.013970 0.108656 -0.000000
v 0.013970 0.110644 -0.000000
v 0.013956 0.108678 -0.000634
v 0.013887 0.110696 -0.001517
v 0.013860 0.108717 -0.001747
v 0.013758 0.108740 -0.002426
v 0.012101 0.110394 0.006980
v 0.012188 0.108413 0.006827
v 0.012890 0.110456 0.005386
v 0.012696 0.108452 0.005829
v 0.013128 0.110479 0.004778
v 0.013121 0.108490 0.004796
v 0.013128 0.108491 0.004778
v 0.013468 0.110517 0.003713
v 0.013461 0.108529 0.003737
v 0.013714 0.108566 0.002663
v 0.011120 0.110333 0.008456
v 0.011604 0.108374 0.007779
v 0.012098 0.108407 0.006985
v 0.008980 0.110229 0.010702
v 0.009453 0.108262 0.010286
v 0.009974 0.110274 0.009782
v 0.010229 0.108299 0.009514
v 0.010702 0.110310 0.008980
v 0.010702 0.108323 0.008980
v 0.010948 0.108336 0.008677
v 0.006985 0.110145 0.012098
v 0.006985 0.108157 0.012098
v 0.007219 0.110154 0.011960
v 0.007708 0.108187 0.011651
v 0.008674 0.110215 0.010951
v 0.008611 0.108225 0.011001
v 0.008980 0.108241 0.010702
v 0.003977 0.110031 0.013392
v 0.004715 0.108071 0.013150
v 0.004778 0.110060 0.013128
v 0.004778 0.108073 0.013128
v 0.005641 0.110093 0.012781
v 0.005751 0.108109 0.012731
v 0.006752 0.108148 0.012230
v 0.002426 0.109978 0.013758
v 0.002580 0.107995 0.013730
v 0.003655 0.108032 0.013483
v -0.002426 0.109811 0.013758
v -0.001832 0.107844 0.013849
v -0.001241 0.109853 0.013915
v -0.000719 0.107883 0.013951
v -0.000000 0.109895 0.013970
v -0.000000 0.107908 0.013970
v 0.000529 0.109914 0.013960
v 0.000394 0.107921 0.013964
v 0.002270 0.109972 0.013784
v 0.001497 0.107959 0.013890
v 0.002426 0.107990 0.013758
v -0.006077 0.107692 0.012579
v -0.005067 0.107729 0.013019
v -0.004778 0.109727 0.013128
v -0.004778 0.107739 0.013128
v -0.004702 0.109730 0.013155
v -0.004017 0.107767 0.013380
v -0.002999 0.109791 0.013644
v -0.002935 0.107805 0.013658
v -0.002426 0.107823 0.013758
v -0.008980 0.109562 0.010702
v -0.008865 0.107579 0.010797
v -0.007819 0.109612 0.011577
v -0.007976 0.107618 0.011469
v -0.007044 0.107655 0.012064
v -0.011565 0.109428 0.007837
v -0.011178 0.107463 0.008379
v -0.010702 0.109477 0.008980
v -0.010702 0.107490 0.008980
v -0.010480 0.109489 0.009238
v -0.010474 0.107502 0.009245
v -0.009221 0.109551 0.010494
v -0.009700 0.107541 0.010053
v -0.008980 0.107574 0.010702
v -0.013128 0.109312 0.004778
v -0.012832 0.107352 0.005523
v -0.012454 0.109369 0.006329
v -0.012359 0.107388 0.006513
v -0.012098 0.109394 0.006985
v -0.012098 0.107406 0.006985
v -0.011808 0.107425 0.007465
v -0.013913 0.109187 0.001262
v -0.013775 0.107237 0.002327
v -0.013758 0.109228 0.002426
v -0.013758 0.107240 0.002426
v -0.013640 0.109249 0.003020
v -0.013545 0.107276 0.003421
v -0.013148 0.109310 0.004722
v -0.013229 0.107314 0.004490
v -0.013128 0.107325 0.004778
v -0.013788 0.109067 -0.002249
v -0.013934 0.107122 -0.001007
v -0.013961 0.109126 -0.000508
v -0.013970 0.107156 0.000000
v -0.013970 0.109144 0.000000
v -0.013970 0.107160 0.000102
v -0.013917 0.107198 0.001217
v -0.013398 0.109008 -0.003957
v -0.013604 0.107048 -0.003177
v -0.013758 0.109061 -0.002426
v -0.013758 0.107074 -0.002426
v -0.013811 0.107085 -0.002099
v -0.012098 0.108894 -0.006985
v -0.012464 0.106933 -0.006310
v -0.012789 0.108947 -0.005621
v -0.012929 0.106972 -0.005292
v -0.013128 0.108979 -0.004778
v -0.013128 0.106991 -0.004778
v -0.013310 0.107011 -0.004244
v -0.009797 0.108766 -0.009959
v -0.008980 0.108729 -0.010702
v -0.009059 0.106745 -0.010635
v -0.009866 0.106781 -0.009890
v -0.010613 0.106818 -0.009085
v -0.010702 0.108810 -0.008980
v -0.010702 0.106823 -0.008980
v -0.010965 0.108824 -0.008657
v -0.011300 0.106856 -0.008215
v -0.011972 0.108885 -0.007200
v -0.011919 0.106894 -0.007287
v -0.012098 0.106907 -0.006985
v -0.005406 0.108584 -0.012882
v -0.006279 0.106630 -0.012479
v -0.006985 0.108645 -0.012098
v -0.006985 0.106657 -0.012098
v -0.006999 0.108645 -0.012091
v -0.007258 0.106668 -0.011937
v -0.008473 0.108707 -0.011107
v -0.008187 0.106707 -0.011320
v -0.008980 0.106741 -0.010702
v -0.002426 0.108478 -0.013758
v -0.003143 0.106515 -0.013612
v -0.003733 0.108523 -0.013462
v -0.004212 0.106552 -0.013320
v -0.004778 0.108560 -0.013128
v -0.004778 0.106573 -0.013128
v -0.005261 0.106591 -0.012942
v 0.002426 0.108311 -0.013758
v 0.002360 0.106326 -0.013769
v 0.001495 0.108344 -0.013890
v 0.001251 0.106365 -0.013914
v 0.000000 0.108395 -0.013970
v 0.000136 0.106403 -0.013969
v 0.000000 0.106408 -0.013970
v -0.000276 0.108405 -0.013967
v -0.000973 0.106441 -0.013936
v -0.002023 0.108464 -0.013823
v -0.002066 0.106478 -0.013816
v -0.002426 0.106490 -0.013758
v 0.006533 0.108162 -0.012349
v 0.005554 0.106211 -0.012818
v 0.004940 0.108221 -0.013068
v 0.004778 0.106239 -0.013128
v 0.004778 0.108227 -0.013128
v 0.004522 0.106249 -0.013218
v 0.003248 0.108282 -0.013587
v 0.003454 0.106287 -0.013536
v 0.002426 0.106323 -0.013758
v 0.008028 0.108103 -0.011433
v 0.007494 0.106138 -0.011790
v 0.006985 0.108145 -0.012098
v 0.006985 0.106158 -0.012098
v 0.006542 0.106174 -0.012343
v 0.011705 0.107919 -0.007626
v 0.010819 0.105983 -0.008838
v 0.010702 0.107977 -0.008980
v 0.010702 0.105990 -0.008980
v 0.010647 0.107980 -0.009044
v 0.010077 0.106022 -0.009675
v 0.009412 0.108042 -0.010324
v 0.009270 0.106061 -0.010451
v 0.008980 0.108062 -0.010702
v 0.008980 0.106074 -0.010702
v 0.008406 0.106100 -0.011158
v 0.012098 0.107894 -0.006985
v 0.012081 0.105907 -0.007015
v 0.011488 0.105945 -0.007948
v 0.013128 0.107812 -0.004778
v 0.013031 0.105834 -0.005035
v 0.012565 0.107861 -0.006105
v 0.012594 0.105871 -0.006046
v 0.012098 0.105906 -0.006985
v 0.013934 0.107678 -0.001008
v 0.013854 0.105718 -0.001798
v 0.013758 0.107728 -0.002426
v 0.013758 0.105740 -0.002426
v 0.013693 0.107740 -0.002770
v 0.013665 0.105757 -0.002901
v 0.013231 0.107801 -0.004482
v 0.013390 0.105796 -0.003984
v 0.013128 0.105825 -0.004778
v 0.013758 0.107561 0.002426
v 0.013886 0.105604 0.001530
v 0.013949 0.107618 0.000761
v 0.013963 0.105641 0.000428
v 0.013970 0.107644 -0.000000
v 0.013970 0.105656 -0.000000
v 0.013953 0.105680 -0.000685
v 0.013128 0.107479 0.004778
v 0.013139 0.105492 0.004748
v 0.013324 0.107500 0.004200
v 0.013474 0.105530 0.003688
v 0.013745 0.107559 0.002496
v 0.013723 0.105568 0.002614
v 0.013758 0.105574 0.002426
v 0.010806 0.107316 0.008854
v 0.011632 0.105376 0.007736
v 0.011838 0.107377 0.007418
v 0.012098 0.105407 0.006985
v 0.012098 0.107394 0.006985
v 0.012213 0.105415 0.006782
v 0.012684 0.107438 0.005854
v 0.012717 0.105454 0.005782
v 0.013128 0.105491 0.004778
v 0.009617 0.107257 0.010133
v 0.010264 0.105300 0.009477
v 0.010702 0.107310 0.008980
v 0.010702 0.105323 0.008980
v 0.010980 0.105338 0.008637
v 0.008270 0.107198 0.011259
v 0.008651 0.105227 0.010969
v 0.008980 0.107229 0.010702
v 0.008980 0.105241 0.010702
v 0.009490 0.105264 0.010252
v 0.003489 0.107014 0.013527
v 0.004763 0.105072 0.013133
v 0.004778 0.107060 0.013128
v 0.004778 0.105073 0.013128
v 0.005169 0.107075 0.012978
v 0.005798 0.105111 0.012710
v 0.006776 0.107137 0.012217
v 0.006797 0.105150 0.012205
v 0.006985 0.107145 0.012098
v 0.006985 0.105157 0.012098
v 0.007750 0.105189 0.011623
v 0.002426 0.106978 0.013758
v 0.002630 0.104997 0.013720
v 0.003704 0.105034 0.013470
v -0.000000 0.106895 0.013970
v -0.000000 0.104908 0.013970
v 0.000021 0.106896 0.013970
v 0.000445 0.104923 0.013963
v 0.001775 0.106956 0.013857
v 0.001547 0.104961 0.013884
v 0.002426 0.104990 0.013758
v -0.003496 0.106773 0.013525
v -0.002885 0.104807 0.013669
v -0.002426 0.106811 0.013758
v -0.002426 0.104823 0.013758
v -0.001750 0.106835 0.013860
v -0.001782 0.104846 0.013856
v -0.000668 0.104885 0.013954
v -0.008980 0.106562 0.010702
v -0.008825 0.104581 0.010829
v -0.008235 0.106594 0.011285
v -0.007935 0.104620 0.011498
v -0.006985 0.106645 0.012098
v -0.007000 0.104657 0.012089
v -0.006985 0.104658 0.012098
v -0.006753 0.106654 0.012229
v -0.006032 0.104693 0.012601
v -0.005176 0.106712 0.012976
v -0.005020 0.104731 0.013037
v -0.004778 0.106727 0.013128
v -0.004778 0.104739 0.013128
v -0.003968 0.104769 0.013395
v -0.011841 0.106411 0.007413
v -0.011148 0.104465 0.008420
v -0.010811 0.106471 0.008848
v -0.010702 0.104490 0.008980
v -0.010702 0.106477 0.008980
v -0.010440 0.104504 0.009283
v -0.009599 0.106533 0.010149
v -0.009663 0.104542 0.010089
v -0.008980 0.104574 0.010702
v -0.012673 0.106352 0.005879
v -0.012336 0.104390 0.006557
v -0.012098 0.106394 0.006985
v -0.012098 0.104406 0.006985
v -0.011781 0.104427 0.007508
v -0.013950 0.106170 0.000753
v -0.013766 0.104239 0.002377
v -0.013758 0.106228 0.002426
v -0.013758 0.104240 0.002426
v -0.013741 0.106231 0.002518
v -0.013532 0.104278 0.003471
v -0.013311 0.106293 0.004240
v -0.013212 0.104316 0.004538
v -0.013128 0.106312 0.004778
v -0.013128 0.104325 0.004778
v -0.012812 0.104353 0.005570
v -0.013970 0.106144 0.000000
v -0.013969 0.104161 0.000153
v -0.013912 0.104200 0.001268
v -0.013758 0.106061 -0.002426
v -0.013819 0.104087 -0.002049
v -0.013933 0.106109 -0.001013
v -0.013937 0.104123 -0.000956
v -0.013970 0.104156 0.000000
v -0.013128 0.105979 -0.004778
v -0.013128 0.103991 -0.004778
v -0.013245 0.105991 -0.004442
v -0.013325 0.104012 -0.004196
v -0.013698 0.106051 -0.002742
v -0.013615 0.104050 -0.003127
v -0.013758 0.104074 -0.002426
v -0.008980 0.105729 -0.010702
v -0.008980 0.103741 -0.010702
v -0.009097 0.103746 -0.010602
v -0.009433 0.105749 -0.010304
v -0.009902 0.103783 -0.009855
v -0.010646 0.103820 -0.009046
v -0.010644 0.105807 -0.009048
v -0.010702 0.103823 -0.008980
v -0.010702 0.105810 -0.008980
v -0.011329 0.103858 -0.008173
v -0.011700 0.105868 -0.007633
v -0.011945 0.103896 -0.007243
v -0.012098 0.105894 -0.006985
v -0.012098 0.103907 -0.006985
v -0.012575 0.105929 -0.006086
v -0.012487 0.103935 -0.006264
v -0.012948 0.103974 -0.005245
v -0.008228 0.103709 -0.011290
v -0.008063 0.105689 -0.011408
v -0.007301 0.103670 -0.011910
v -0.006985 0.105645 -0.012098
v -0.006985 0.103657 -0.012098
v -0.006325 0.103631 -0.012456
v -0.006551 0.105628 -0.012339
v -0.005308 0.103592 -0.012922
v -0.004931 0.105566 -0.013071
v -0.004778 0.103573 -0.013128
v -0.004778 0.105560 -0.013128
v -0.004260 0.103554 -0.013304
v -0.003244 0.105506 -0.013588
v -0.003193 0.103516 -0.013600
v -0.002426 0.103490 -0.013758
v -0.002426 0.105478 -0.013758
v -0.002115 0.103480 -0.013809
v -0.001525 0.105447 -0.013886
v -0.001023 0.103443 -0.013932
v 0.000000 0.105395 -0.013970
v -0.001023 0.102430 -0.013932
v 0.000000 0.015880 -0.013970
v -0.002426 0.102478 -0.013758
v -0.002426 0.015880 -0.013758
v -0.002752 0.102489 -0.013696
v -0.006985 0.015880 -0.012098
v -0.006095 0.102610 -0.012571
v -0.004778 0.015880 -0.013128
v -0.004778 0.102560 -0.013128
v -0.004451 0.102548 -0.013242
v -0.008980 0.015880 -0.010702
v -0.007642 0.102672 -0.011695
v -0.006985 0.102645 -0.012098
v -0.010702 0.102810 -0.008980
v -0.010311 0.102790 -0.009426
v -0.010702 0.015880 -0.008980
v -0.009056 0.102732 -0.010638
v -0.008980 0.102729 -0.010702
v -0.011414 0.102850 -0.008055
v -0.012098 0.015880 -0.006985
v -0.012098 0.102894 -0.006985
v -0.012343 0.102912 -0.006542
v -0.013128 0.015880 -0.004778
v -0.013074 0.102973 -0.004922
v -0.013758 0.015880 -0.002426
v -0.013591 0.103034 -0.003234
v -0.013128 0.102979 -0.004778
v -0.013970 0.015880 0.000000
v -0.013888 0.103092 -0.001516
v -0.013758 0.103061 -0.002426
v -0.013824 0.103213 0.002013
v -0.013968 0.103152 0.000243
v -0.013970 0.103144 0.000000
v -0.013758 0.103228 0.002426
v -0.013758 0.015880 0.002426
v -0.013457 0.103275 0.003752
v -0.013128 0.015880 0.004778
v -0.013128 0.103312 0.004778
v -0.012876 0.103335 0.005418
v -0.012098 0.015880 0.006985
v -0.012101 0.103394 0.006980
v -0.011127 0.103454 0.008447
v -0.010702 0.015880 0.008980
v -0.010702 0.103477 0.008980
v -0.009965 0.103515 0.009791
v -0.008980 0.015880 0.010702
v -0.008980 0.103562 0.010702
v -0.008641 0.103577 0.010977
v -0.006985 0.015880 0.012098
v -0.007189 0.103637 0.011978
v -0.004778 0.015880 0.013128
v -0.005641 0.103695 0.012780
v -0.006985 0.103645 0.012098
v -0.002426 0.015880 0.013758
v -0.003988 0.103755 0.013389
v -0.004778 0.103727 0.013128
v -0.000000 0.103895 0.013970
v -0.000488 0.103879 0.013961
v 0.000000 0.015880 0.013970
v -0.002256 0.103817 0.013787
v -0.002426 0.103811 0.013758
v 0.001275 0.103939 0.013912
v 0.002426 0.015880 0.013758
v 0.002426 0.103978 0.013758
v 0.002998 0.103997 0.013645
v 0.004778 0.015880 0.013128
v 0.004692 0.104057 0.013159
v 0.006985 0.015880 0.012098
v 0.006324 0.104119 0.012457
v 0.004778 0.104060 0.013128
v 0.009246 0.104241 0.010472
v 0.008980 0.104229 0.010702
v 0.008980 0.015880 0.010702
v 0.007854 0.104180 0.011553
v 0.006985 0.104145 0.012098
v 0.012098 0.015880 0.006985
v 0.011559 0.104359 0.007846
v 0.010702 0.015880 0.008980
v 0.010702 0.104310 0.008980
v 0.010479 0.104299 0.009239
v 0.013128 0.015880 0.004778
v 0.012461 0.104421 0.006315
v 0.012098 0.104394 0.006985
v 0.013758 0.104561 0.002426
v 0.013647 0.104542 0.002988
v 0.013758 0.015880 0.002426
v 0.013162 0.104482 0.004682
v 0.013128 0.104479 0.004778
v 0.013913 0.104600 0.001265
v 0.013970 0.015880 0.000000
v 0.013970 0.104644 -0.000000
v 0.013961 0.104661 -0.000498
v 0.013758 0.015880 -0.002426
v 0.013785 0.104722 -0.002266
v 0.013128 0.015880 -0.004778
v 0.013386 0.104784 -0.003997
v 0.013758 0.104728 -0.002426
v 0.012098 0.015880 -0.006985
v 0.012777 0.104844 -0.005650
v 0.013128 0.104812 -0.004778
v 0.010971 0.104962 -0.008649
v 0.011973 0.104902 -0.007198
v 0.012098 0.104894 -0.006985
v 0.010702 0.104977 -0.008980
v 0.010702 0.015880 -0.008980
v 0.009784 0.105024 -0.009972
v 0.008980 0.015880 -0.010702
v 0.008980 0.105062 -0.010702
v 0.008439 0.105086 -0.011133
v 0.006985 0.015880 -0.012098
v 0.006985 0.105145 -0.012098
v 0.006972 0.105146 -0.012106
v 0.004778 0.015880 -0.013128
v 0.005409 0.105204 -0.012880
v 0.002426 0.015880 -0.013758
v 0.003743 0.105264 -0.013459
v 0.004778 0.105227 -0.013128
v 0.000233 0.105387 -0.013968
v 0.002003 0.105326 -0.013826
v 0.002426 0.105311 -0.013758
v 0.002252 0.114650 0.012773
v 0.004436 0.114650 0.012188
v 0.006485 0.114650 0.011232
v 0.008337 0.114650 0.009936
v 0.009936 0.114650 0.008337
v 0.011232 0.114650 0.006485
v 0.012188 0.114650 0.004436
v 0.012773 0.114650 0.002252
v 0.012970 0.114650 0.000000
v 0.012773 0.114650 -0.002252
v 0.012188 0.114650 -0.004436
v 0.011232 0.114650 -0.006485
v 0.009936 0.114650 -0.008337
v 0.008337 0.114650 -0.009936
v 0.006485 0.114650 -0.011232
v 0.004436 0.114650 -0.012188
v 0.002252 0.114650 -0.012773
v 0.000000 0.114650 -0.012970
v -0.002252 0.114650 -0.012773
v -0.004436 0.114650 -0.012188
v -0.006485 0.114650 -0.011232
v -0.008337 0.114650 -0.009936
v -0.009936 0.114650 -0.008337
v -0.011232 0.114650 -0.006485
v -0.012188 0.114650 -0.004436
v -0.012773 0.114650 -0.002252
v -0.012970 0.114650 0.000000
v -0.012773 0.114650 0.002252
v -0.012188 0.114650 0.004436
v -0.011232 0.114650 0.006485
v -0.009936 0.114650 0.008337
v -0.008337 0.114650 0.009936
v -0.006485 0.114650 0.011232
v -0.004436 0.114650 0.012188
v -0.002252 0.114650 0.012773
v 0.000000 0.114650 0.012970
v -0.001648 0.000000 -0.004526
v -0.000836 0.000000 -0.004744
v 0.000000 0.000000 0.000000
v 0.000000 0.000000 -0.004817
v 0.000836 0.000000 -0.004744
v -0.003690 0.000000 -0.003096
v -0.003096 0.000000 -0.003690
v -0.002408 0.000000 -0.004172
v -0.004744 0.000000 -0.000836
v -0.004526 0.000000 -0.001648
v -0.004172 0.000000 -0.002409
v -0.004526 0.000000 0.001648
v -0.004744 0.000000 0.000836
v -0.004817 0.000000 -0.000000
v -0.003096 0.000000 0.003690
v -0.003690 0.000000 0.003096
v -0.004172 0.000000 0.002409
v -0.000836 0.000000 0.004744
v -0.001648 0.000000 0.004526
v -0.002408 0.000000 0.004172
v 0.001648 0.000000 0.004526
v 0.000836 0.000000 0.004744
v 0.000000 0.000000 0.004817
v 0.003690 0.000000 0.003096
v 0.003096 0.000000 0.003690
v 0.002409 0.000000 0.004172
v 0.004744 0.000000 0.000836
v 0.004526 0.000000 0.001648
v 0.004172 0.000000 0.002409
v 0.004526 0.000000 -0.001648
v 0.004744 0.000000 -0.000836
v 0.004817 0.000000 0.000000
v 0.003096 0.000000 -0.003690
v 0.003690 0.000000 -0.003096
v 0.004172 0.000000 -0.002409
v 0.001648 0.000000 -0.004526
v 0.002409 0.000000 -0.004172
v 0.004817 0.000000 0.000000
v 0.013970 0.015880 0.000000
v -0.004817 0.000000 -0.000000
v -0.013970 0.015880 0.000000
v -0.014570 0.112849 0.000000
v -0.014570 0.112449 0.000000
v -0.014270 0.112296 0.000000
v -0.001067 0.102736 -0.014531
v -0.001067 0.103136 -0.014531
v -0.001045 0.102583 -0.014232
v -0.014157 0.112237 -0.001791
v -0.001232 0.108741 -0.014518
v -0.000287 0.108710 -0.014567
v -0.000282 0.108558 -0.014267
v 0.011050 0.108288 -0.009496
v 0.011105 0.108286 -0.009433
v 0.010876 0.108133 -0.009238
v 0.011956 0.108072 -0.007790
v 0.014261 0.108049 -0.002983
v 0.014281 0.108046 -0.002889
v 0.013987 0.107893 -0.002829
v -0.014066 0.106577 0.003800
v -0.014331 0.106537 0.002626
v -0.014036 0.106384 0.002572
v 0.000238 0.105540 -0.014268
v -0.001558 0.105600 -0.014185
v -0.001591 0.105753 -0.014483
v 0.006471 0.105480 -0.013054
v 0.007271 0.105451 -0.012626
v 0.007122 0.105298 -0.012366
v 0.011206 0.105115 -0.008835
v 0.009994 0.105177 -0.010186
v 0.010204 0.105330 -0.010400
v 0.011807 0.104512 0.008014
v 0.012729 0.104573 0.006451
v 0.012996 0.104726 0.006586
v -0.010299 0.103075 -0.010306
v -0.009445 0.103038 -0.011094
v -0.009250 0.102885 -0.010866
v -0.002830 0.102793 -0.014292
v -0.002811 0.102641 -0.013990
v -0.002870 0.102794 -0.014285
v -0.004642 0.102854 -0.013811
v -0.006225 0.102763 -0.012840
v -0.006356 0.102915 -0.013110
v -0.004547 0.102701 -0.013526
v -0.004886 0.102862 -0.013726
v -0.007806 0.102824 -0.011946
v -0.008674 0.103005 -0.011706
v -0.007970 0.102977 -0.012197
v -0.006856 0.102934 -0.012856
v -0.010753 0.103096 -0.009831
v -0.010532 0.102943 -0.009629
v -0.011689 0.103144 -0.008698
v -0.011659 0.103003 -0.008228
v -0.012608 0.103064 -0.006683
v -0.012840 0.103215 -0.006885
v -0.011904 0.103156 -0.008401
v -0.014174 0.103339 -0.003373
v -0.013636 0.103279 -0.005133
v -0.013355 0.103126 -0.005028
v -0.013559 0.103272 -0.005333
v -0.012874 0.103217 -0.006823
v -0.014484 0.103398 -0.001581
v -0.014201 0.103343 -0.003258
v -0.014186 0.103245 -0.001548
v -0.013882 0.103187 -0.003304
v -0.014418 0.103519 0.002100
v -0.014537 0.103481 0.000979
v -0.014268 0.103305 0.000248
v -0.014568 0.103457 0.000253
v -0.014524 0.103411 -0.001160
v -0.013746 0.103428 0.003833
v -0.014035 0.103581 0.003913
v -0.014233 0.103553 0.003116
v -0.014121 0.103366 0.002056
v -0.013619 0.103624 0.005178
v -0.013153 0.103488 0.005535
v -0.013429 0.103641 0.005651
v -0.012718 0.103693 0.007108
v -0.012361 0.103546 0.007130
v -0.012621 0.103699 0.007280
v -0.011605 0.103759 0.008810
v -0.011366 0.103606 0.008629
v -0.011545 0.103762 0.008888
v -0.010179 0.103668 0.010001
v -0.010393 0.103821 0.010211
v -0.007498 0.103943 0.012493
v -0.008790 0.103892 0.011620
v -0.008827 0.103730 0.011213
v -0.009012 0.103882 0.011448
v -0.010109 0.103834 0.010492
v -0.005762 0.103848 0.013055
v -0.005883 0.104001 0.013329
v -0.007344 0.103790 0.012235
v -0.006978 0.103962 0.012790
v -0.000840 0.104173 0.014546
v -0.002353 0.104123 0.014379
v -0.002305 0.103970 0.014083
v -0.002985 0.104101 0.014261
v -0.004073 0.103908 0.013676
v -0.004159 0.104061 0.013964
v -0.005047 0.104030 0.013668
v 0.003062 0.104150 0.013938
v 0.003127 0.104303 0.014231
v 0.001302 0.104092 0.014210
v 0.001310 0.104244 0.014511
v -0.000498 0.104031 0.014261
v -0.000509 0.104184 0.014561
v 0.006595 0.104424 0.012992
v 0.005442 0.104382 0.013516
v 0.004792 0.104210 0.013441
v 0.004893 0.104363 0.013724
v 0.003403 0.104312 0.014167
v 0.007379 0.104454 0.012563
v 0.006460 0.104272 0.012724
v 0.008191 0.104486 0.012049
v 0.008023 0.104333 0.011801
v 0.009148 0.104525 0.011340
v 0.009445 0.104393 0.010697
v 0.009643 0.104546 0.010922
v 0.010704 0.104593 0.009885
v 0.010929 0.104604 0.009636
v 0.010704 0.104452 0.009437
v 0.012032 0.104663 0.008217
v 0.012055 0.104664 0.008183
v 0.014233 0.104848 0.003117
v 0.013910 0.104807 0.004335
v 0.013445 0.104635 0.004783
v 0.013727 0.104788 0.004884
v 0.013112 0.104735 0.006353
v 0.014211 0.104753 0.001292
v 0.014510 0.104906 0.001319
v 0.013940 0.104695 0.003052
v 0.014348 0.104867 0.002533
v 0.014054 0.105078 -0.003844
v 0.014377 0.105028 -0.002363
v 0.014081 0.104875 -0.002315
v 0.014468 0.105006 -0.001722
v 0.014261 0.104813 -0.000508
v 0.014561 0.104966 -0.000519
v 0.014564 0.104935 0.000423
v 0.013961 0.105089 -0.004169
v 0.013673 0.104937 -0.004083
v 0.013569 0.105129 -0.005308
v 0.013051 0.104997 -0.005771
v 0.011460 0.105267 -0.008998
v 0.012487 0.105208 -0.007507
v 0.012230 0.105055 -0.007352
v 0.012651 0.105197 -0.007227
v 0.013325 0.105149 -0.005892
v 0.008621 0.105238 -0.011372
v 0.008321 0.105411 -0.011960
v 0.008802 0.105391 -0.011611
v 0.010007 0.105339 -0.010590
v 0.005642 0.105509 -0.013433
v 0.005526 0.105357 -0.013157
v 0.004502 0.105549 -0.013857
v 0.003823 0.105417 -0.013748
v 0.000254 0.105693 -0.014568
v 0.002089 0.105631 -0.014419
v 0.002046 0.105479 -0.014123
v 0.002413 0.105620 -0.014369
v 0.003903 0.105570 -0.014037
v -0.003313 0.105658 -0.013880
v -0.003383 0.105811 -0.014172
v -0.001893 0.105763 -0.014446
v -0.006832 0.105933 -0.012869
v -0.005986 0.105902 -0.013283
v -0.005037 0.105719 -0.013351
v -0.005143 0.105871 -0.013632
v -0.003970 0.105831 -0.014019
v -0.006692 0.105780 -0.012604
v -0.008236 0.105842 -0.011653
v -0.007888 0.105974 -0.012250
v -0.009636 0.105902 -0.010525
v -0.009622 0.106045 -0.010941
v -0.008410 0.105995 -0.011898
v -0.012203 0.106173 -0.007961
v -0.011101 0.106113 -0.009437
v -0.010872 0.105960 -0.009242
v -0.011006 0.106108 -0.009548
v -0.009839 0.106055 -0.010747
v -0.013115 0.106235 -0.006347
v -0.012285 0.106178 -0.007834
v -0.012845 0.106082 -0.006216
v -0.011951 0.106021 -0.007797
v -0.014287 0.106356 -0.002860
v -0.014041 0.106322 -0.003890
v -0.013530 0.106144 -0.004537
v -0.013814 0.106296 -0.004632
v -0.013307 0.106250 -0.005934
v -0.014232 0.106262 -0.001035
v -0.014532 0.106414 -0.001057
v -0.013992 0.106203 -0.002801
v -0.014340 0.106365 -0.002580
v -0.014249 0.106322 0.000769
v -0.014474 0.106505 0.001674
v -0.014549 0.106475 0.000785
v -0.014562 0.106434 -0.000471
v -0.013883 0.106598 0.004423
v -0.013597 0.106445 0.004332
v -0.013346 0.106648 0.005846
v -0.012945 0.106505 0.006005
v -0.010012 0.106839 0.010585
v -0.011073 0.106787 0.009469
v -0.011043 0.106624 0.009038
v -0.011275 0.106777 0.009228
v -0.012095 0.106563 0.007572
v -0.012342 0.106717 0.007743
v -0.013217 0.106658 0.006131
v -0.009552 0.106859 0.011002
v -0.009806 0.106686 0.010367
v -0.008589 0.106900 0.011769
v -0.008412 0.106747 0.011527
v -0.007808 0.106931 0.012301
v -0.006898 0.106807 0.012492
v -0.007043 0.106960 0.012755
v -0.005911 0.107000 0.013317
v -0.005398 0.107018 0.013533
v -0.005287 0.106865 0.013255
v -0.003901 0.107070 0.014038
v -0.003571 0.106926 0.013816
v 0.000022 0.107049 0.014270
v -0.001787 0.107142 0.014460
v -0.001787 0.106988 0.014158
v -0.001825 0.107140 0.014455
v -0.003646 0.107079 0.014106
v 0.001851 0.107261 0.014452
v 0.000383 0.107214 0.014565
v 0.000022 0.107202 0.014570
v 0.003564 0.107167 0.013818
v 0.003639 0.107320 0.014108
v 0.001813 0.107108 0.014154
v 0.002511 0.107282 0.014352
v 0.008347 0.107492 0.011942
v 0.007067 0.107442 0.012741
v 0.006922 0.107289 0.012479
v 0.006482 0.107420 0.013049
v 0.005280 0.107228 0.013257
v 0.005391 0.107380 0.013536
v 0.004491 0.107349 0.013861
v 0.008625 0.107503 0.011743
v 0.008447 0.107351 0.011501
v 0.010026 0.107563 0.010571
v 0.009824 0.107410 0.010350
v 0.010874 0.107602 0.009697
v 0.011038 0.107469 0.009044
v 0.011270 0.107621 0.009234
v 0.012175 0.107672 0.008003
v 0.013610 0.107652 0.004290
v 0.013896 0.107805 0.004380
v 0.012957 0.107591 0.005980
v 0.013223 0.107743 0.006119
v 0.012092 0.107529 0.007577
v 0.012346 0.107682 0.007737
v 0.014512 0.107907 0.001294
v 0.014435 0.107885 0.001979
v 0.014040 0.107712 0.002549
v 0.014336 0.107865 0.002603
v 0.013986 0.107815 0.004083
v 0.014548 0.107923 0.000794
v 0.014249 0.107770 0.000777
v 0.014546 0.107977 -0.000844
v 0.014233 0.107831 -0.001029
v 0.014532 0.107984 -0.001051
v 0.012835 0.108013 -0.006237
v 0.013105 0.108166 -0.006368
v 0.013516 0.107954 -0.004578
v 0.013659 0.108121 -0.005072
v 0.013800 0.108107 -0.004675
v 0.012208 0.108225 -0.007953
v 0.012324 0.108218 -0.007773
v 0.012766 0.108190 -0.007022
v 0.008201 0.108256 -0.011678
v 0.008373 0.108409 -0.011924
v 0.009614 0.108195 -0.010545
v 0.009525 0.108360 -0.011026
v 0.009816 0.108347 -0.010767
v 0.003388 0.108587 -0.014171
v 0.005141 0.108527 -0.013633
v 0.005046 0.108374 -0.013348
v 0.005891 0.108501 -0.013326
v 0.006673 0.108315 -0.012614
v 0.006813 0.108468 -0.012879
v 0.007777 0.108432 -0.012321
v 0.001528 0.108496 -0.014188
v 0.001560 0.108649 -0.014486
v 0.003318 0.108435 -0.013879
v 0.003084 0.108598 -0.014240
v 0.000942 0.108670 -0.014540
v -0.002110 0.108770 -0.014416
v -0.002066 0.108617 -0.014120
v -0.003338 0.108810 -0.014183
v -0.003814 0.108675 -0.013751
v -0.003894 0.108828 -0.014040
v -0.005522 0.108736 -0.013158
v -0.005638 0.108889 -0.013435
v -0.004143 0.108837 -0.013969
v -0.008837 0.109012 -0.011584
v -0.008041 0.108980 -0.012150
v -0.007149 0.108798 -0.012350
v -0.007299 0.108951 -0.012610
v -0.006151 0.108908 -0.013208
v -0.008655 0.108859 -0.011346
v -0.010007 0.108918 -0.010173
v -0.009754 0.109051 -0.010823
v -0.011200 0.108977 -0.008843
v -0.011222 0.109119 -0.009293
v -0.010218 0.109071 -0.010387
v -0.013339 0.109253 -0.005862
v -0.012486 0.109191 -0.007510
v -0.012229 0.109038 -0.007355
v -0.012465 0.109190 -0.007543
v -0.011436 0.109130 -0.009029
v -0.013686 0.109161 -0.004042
v -0.013973 0.109314 -0.004127
v -0.013064 0.109100 -0.005742
v -0.013444 0.109262 -0.005617
v -0.014560 0.109432 -0.000530
v -0.014497 0.109401 -0.001459
v -0.014084 0.109220 -0.002297
v -0.014380 0.109373 -0.002346
v -0.014130 0.109333 -0.003553
v -0.014261 0.109279 -0.000519
v -0.014212 0.109340 0.001290
v -0.014561 0.109466 0.000499
v -0.013933 0.109402 0.003085
v -0.014329 0.109537 0.002641
v -0.014510 0.109493 0.001317
v -0.012989 0.109675 0.006601
v -0.013712 0.109616 0.004925
v -0.013430 0.109463 0.004823
v -0.013777 0.109609 0.004742
v -0.014226 0.109554 0.003150
v -0.012061 0.109733 0.008174
v -0.012933 0.109678 0.006711
v -0.011813 0.109581 0.008005
v -0.012721 0.109522 0.006465
v -0.009617 0.109856 0.010945
v -0.010436 0.109819 0.010168
v -0.010705 0.109642 0.009436
v -0.010930 0.109794 0.009634
v -0.011818 0.109747 0.008521
v -0.009419 0.109704 0.010720
v -0.007987 0.109765 0.011825
v -0.008812 0.109891 0.011604
v -0.006446 0.109823 0.012731
v -0.007000 0.109961 0.012778
v -0.008155 0.109917 0.012074
v -0.003539 0.110082 0.014134
v -0.004904 0.110035 0.013720
v -0.004803 0.109882 0.013438
v -0.005070 0.110029 0.013660
v -0.006582 0.109976 0.012999
v -0.003128 0.110096 0.014230
v -0.003063 0.109944 0.013937
v -0.001412 0.110154 0.014501
v -0.001268 0.110005 0.014214
v 0.002319 0.110125 0.014080
v 0.000762 0.110226 0.014550
v 0.000541 0.110066 0.014260
v 0.000552 0.110219 0.014560
v -0.001294 0.110158 0.014512
v 0.004148 0.110337 0.013967
v 0.002875 0.110294 0.014284
v 0.002367 0.110278 0.014376
v 0.004929 0.110364 0.013711
v 0.004063 0.110184 0.013679
v 0.005883 0.110398 0.013330
v 0.005762 0.110245 0.013055
v 0.006894 0.110436 0.012836
v 0.007374 0.110307 0.012217
v 0.007529 0.110460 0.012474
v 0.008726 0.110508 0.011668
v 0.009046 0.110521 0.011422
v 0.008860 0.110368 0.011186
v 0.010343 0.110577 0.010262
v 0.010188 0.110427 0.009992
v 0.010402 0.110579 0.010202
v 0.011598 0.110639 0.008819
v 0.011359 0.110486 0.008638
v 0.011726 0.110646 0.008648
v 0.012361 0.110547 0.007130
v 0.012621 0.110700 0.007280
v 0.013167 0.110609 0.005502
v 0.013444 0.110762 0.005617
v 0.012871 0.110717 0.006828
v 0.014123 0.110728 0.002045
v 0.014306 0.110860 0.002759
v 0.013757 0.110670 0.003793
v 0.014046 0.110823 0.003872
v 0.013741 0.110789 0.004843
v 0.014494 0.110999 -0.001491
v 0.014568 0.110940 0.000265
v 0.014268 0.110788 0.000260
v 0.014555 0.110928 0.000653
v 0.014420 0.110881 0.002088
v 0.014484 0.111002 -0.001582
v 0.014186 0.110849 -0.001550
v 0.014190 0.111060 -0.003304
v 0.013874 0.110911 -0.003339
v 0.012869 0.111183 -0.006833
v 0.013541 0.111131 -0.005380
v 0.013340 0.110971 -0.005066
v 0.013621 0.111124 -0.005173
v 0.014165 0.111063 -0.003409
v 0.011666 0.111089 -0.008219
v 0.010530 0.111151 -0.009630
v 0.010752 0.111303 -0.009833
v 0.012613 0.111200 -0.007293
v 0.012604 0.111030 -0.006692
v 0.011911 0.111242 -0.008392
v 0.011413 0.111270 -0.009058
v 0.007935 0.111426 -0.012220
v 0.008744 0.111394 -0.011655
v 0.009222 0.111212 -0.010890
v 0.009415 0.111365 -0.011119
v 0.010377 0.111321 -0.010228
v 0.007771 0.111273 -0.011968
v 0.006217 0.111332 -0.012844
v 0.006928 0.111464 -0.012817
v 0.002929 0.111603 -0.014273
v 0.004653 0.111544 -0.013807
v 0.004558 0.111391 -0.013523
v 0.004994 0.111532 -0.013687
v 0.006348 0.111484 -0.013115
v 0.001007 0.111514 -0.014234
v -0.000799 0.111575 -0.014248
v -0.000816 0.111728 -0.014547
v 0.002866 0.111605 -0.014285
v 0.002807 0.111452 -0.013991
v 0.001028 0.111667 -0.014534
v 0.000794 0.111675 -0.014548
v -0.004401 0.111846 -0.013889
v -0.003468 0.111814 -0.014151
v -0.002570 0.111633 -0.014037
v -0.002625 0.111786 -0.014332
v -0.001376 0.111746 -0.014505
v -0.004311 0.111693 -0.013603
v -0.006000 0.111754 -0.012947
v -0.005504 0.111884 -0.013490
v -0.007596 0.111816 -0.012080
v -0.007432 0.111956 -0.012532
v -0.006126 0.111907 -0.013220
v -0.010583 0.112088 -0.010014
v -0.009252 0.112029 -0.011256
v -0.009061 0.111877 -0.011024
v -0.009215 0.112028 -0.011286
v -0.007756 0.111969 -0.012334
v -0.011514 0.111995 -0.008430
v -0.012490 0.112056 -0.006902
v -0.012752 0.112209 -0.007047
v -0.010760 0.112096 -0.009823
v -0.010365 0.111935 -0.009808
v -0.011756 0.112147 -0.008607
v -0.012080 0.112166 -0.008147
v -0.013544 0.112270 -0.005370
v -0.013161 0.112239 -0.006250
v -0.013147 0.112237 -0.006280
v -0.013265 0.112118 -0.005260
v -0.013823 0.112178 -0.003543
v -0.013944 0.112311 -0.004224
v -0.014455 0.112389 -0.001829
v -0.014413 0.112380 -0.002135
v -0.014114 0.112331 -0.003617
v -0.014201 0.103743 -0.003258
v -0.006978 0.104362 0.012790
v -0.014405 0.106778 -0.002189
v -0.014340 0.106765 -0.002580
v 0.005141 0.108927 -0.013633
v 0.005891 0.108901 -0.013326
v 0.004767 0.108940 -0.013768
v -0.012933 0.110078 0.006711
v 0.000762 0.110626 0.014550
v 0.002875 0.110694 0.014284
v 0.013541 0.111531 -0.005380
v -0.014524 0.112811 -0.001155
v -0.014413 0.112780 -0.002135
v -0.014164 0.112738 -0.003416
v -0.013944 0.112711 -0.004224
v -0.013443 0.112662 -0.005618
v -0.013161 0.112639 -0.006250
v -0.013147 0.112637 -0.006280
v -0.012080 0.112566 -0.008147
v -0.012375 0.112584 -0.007691
v -0.011000 0.112508 -0.009555
v -0.010760 0.112496 -0.009823
v -0.010216 0.112471 -0.010388
v -0.009215 0.112428 -0.011286
v -0.008452 0.112396 -0.011868
v -0.007432 0.112356 -0.012532
v -0.001376 0.112146 -0.014505
v -0.002051 0.112168 -0.014425
v -0.003468 0.112214 -0.014151
v -0.004291 0.112242 -0.013924
v -0.005504 0.112284 -0.013490
v -0.006453 0.112319 -0.013063
v 0.000249 0.112093 -0.014568
v 0.000794 0.112075 -0.014548
v 0.002567 0.112015 -0.014342
v 0.002929 0.112003 -0.014273
v 0.003706 0.111976 -0.014091
v 0.004994 0.111932 -0.013687
v 0.010377 0.111721 -0.010228
v 0.009748 0.111750 -0.010828
v 0.008744 0.111794 -0.011655
v 0.007905 0.111827 -0.012239
v 0.006928 0.111864 -0.012817
v 0.005889 0.111901 -0.013327
v 0.013180 0.111561 -0.006211
v 0.012613 0.111600 -0.007293
v 0.012042 0.111635 -0.008202
v 0.011413 0.111670 -0.009058
v 0.013995 0.111485 -0.004053
v 0.014190 0.111460 -0.003304
v 0.014555 0.111328 0.000653
v 0.014557 0.111369 -0.000608
v 0.014494 0.111399 -0.001491
v 0.012871 0.111117 0.006828
v 0.013219 0.111143 0.006128
v 0.013741 0.111189 0.004843
v 0.014025 0.111220 0.003948
v 0.014306 0.111260 0.002759
v 0.014470 0.111294 0.001701
v 0.012072 0.111065 0.008157
v 0.011726 0.111046 0.008648
v 0.010633 0.110990 0.009961
v 0.008726 0.110908 0.011668
v 0.009820 0.110954 0.010764
v 0.010343 0.110977 0.010262
v 0.003761 0.110724 0.014076
v 0.004929 0.110764 0.013711
v 0.005949 0.110800 0.013300
v 0.006894 0.110836 0.012836
v 0.007994 0.110878 0.012181
v 0.001509 0.110650 0.014492
v -0.000803 0.110574 0.014548
v -0.001412 0.110554 0.014501
v -0.012344 0.110117 0.007741
v -0.011818 0.110147 0.008521
v -0.010959 0.110193 0.009602
v -0.010436 0.110219 0.010168
v -0.010155 0.110232 0.010448
v -0.008812 0.110291 0.011604
v -0.008363 0.110309 0.011931
v -0.007000 0.110361 0.012778
v -0.006385 0.110383 0.013097
v -0.005070 0.110429 0.013660
v -0.004240 0.110458 0.013939
v -0.003539 0.110482 0.014134
v -0.003113 0.110497 0.014233
v -0.013404 0.110043 0.005712
v -0.013777 0.110009 0.004742
v -0.012465 0.109590 -0.007543
v -0.012975 0.109624 -0.006629
v -0.013444 0.109662 -0.005617
v -0.013865 0.109702 -0.004477
v -0.014130 0.109733 -0.003553
v -0.014397 0.109776 -0.002241
v -0.014497 0.109801 -0.001459
v -0.014528 0.109813 -0.001102
v -0.014561 0.109866 0.000499
v -0.014519 0.109889 0.001216
v -0.014329 0.109937 0.002641
v -0.014139 0.109967 0.003516
v -0.008041 0.109380 -0.012150
v -0.008496 0.109398 -0.011837
v -0.009754 0.109451 -0.010823
v -0.010253 0.109473 -0.010352
v -0.011222 0.109519 -0.009293
v -0.011753 0.109547 -0.008611
v -0.006501 0.109321 -0.013039
v -0.006151 0.109308 -0.013208
v -0.005437 0.109282 -0.013518
v -0.004143 0.109237 -0.013969
v -0.003338 0.109210 -0.014183
v -0.002103 0.109169 -0.014417
v -0.001232 0.109141 -0.014518
v 0.000195 0.109095 -0.014569
v 0.000942 0.109070 -0.014540
v 0.002515 0.109017 -0.014351
v 0.003084 0.108998 -0.014240
v 0.009525 0.108760 -0.011026
v 0.008810 0.108791 -0.011605
v 0.007777 0.108832 -0.012321
v 0.006870 0.108866 -0.012849
v 0.010547 0.108713 -0.010052
v 0.011050 0.108688 -0.009496
v 0.012012 0.108636 -0.008246
v 0.012324 0.108618 -0.007773
v 0.012766 0.108590 -0.007022
v 0.013157 0.108562 -0.006259
v 0.013659 0.108521 -0.005072
v 0.013980 0.108487 -0.004104
v 0.014261 0.108449 -0.002983
v 0.014456 0.108410 -0.001822
v 0.014546 0.108377 -0.000844
v 0.014561 0.108333 0.000500
v 0.014512 0.108307 0.001294
v 0.014435 0.108285 0.001979
v 0.014303 0.108259 0.002777
v 0.013986 0.108215 0.004083
v 0.013685 0.108184 0.005002
v 0.013223 0.108143 0.006119
v 0.012712 0.108106 0.007120
v 0.012175 0.108072 0.008003
v 0.011419 0.108029 0.009050
v 0.010874 0.108002 0.009697
v 0.010026 0.107963 0.010571
v 0.008980 0.107918 0.011473
v 0.008347 0.107892 0.011942
v -0.001787 0.107542 0.014460
v -0.000750 0.107576 0.014551
v 0.000383 0.107614 0.014565
v 0.001561 0.107652 0.014486
v 0.002511 0.107682 0.014352
v 0.003812 0.107725 0.014062
v 0.004491 0.107749 0.013861
v 0.004918 0.107764 0.013715
v 0.006482 0.107820 0.013049
v 0.007042 0.107841 0.012755
v -0.014562 0.106834 -0.000471
v -0.014570 0.106853 0.000106
v -0.014474 0.106905 0.001674
v -0.014367 0.106930 0.002426
v -0.014066 0.106977 0.003800
v -0.013797 0.107007 0.004683
v -0.013346 0.107048 0.005846
v -0.012890 0.107081 0.006792
v -0.012342 0.107117 0.007743
v -0.011658 0.107156 0.008739
v -0.011073 0.107187 0.009469
v -0.010117 0.107234 0.010485
v -0.009552 0.107259 0.011002
v -0.009246 0.107272 0.011261
v -0.007808 0.107331 0.012301
v -0.007347 0.107348 0.012582
v -0.005911 0.107400 0.013317
v -0.005285 0.107422 0.013578
v -0.003901 0.107470 0.014038
v -0.003061 0.107499 0.014245
v -0.014041 0.106722 -0.003890
v -0.013484 0.106665 -0.005520
v -0.013307 0.106650 -0.005934
v -0.012999 0.106626 -0.006581
v -0.012285 0.106578 -0.007834
v -0.011785 0.106549 -0.008568
v -0.011006 0.106508 -0.009548
v -0.009622 0.106445 -0.010941
v -0.010290 0.106474 -0.010315
v -0.008539 0.106400 -0.011806
v -0.007888 0.106374 -0.012250
v -0.006549 0.106323 -0.013015
v -0.005986 0.106302 -0.013283
v -0.004393 0.106245 -0.013892
v -0.003970 0.106231 -0.014019
v -0.003279 0.106208 -0.014196
v -0.001893 0.106163 -0.014446
v -0.001014 0.106134 -0.014535
v 0.000254 0.106093 -0.014568
v 0.001305 0.106058 -0.014511
v 0.002413 0.106020 -0.014369
v 0.008321 0.105811 -0.011960
v 0.007816 0.105831 -0.012296
v 0.006471 0.105880 -0.013054
v 0.005793 0.105904 -0.013369
v 0.004502 0.105949 -0.013857
v 0.003603 0.105980 -0.014118
v 0.009669 0.105754 -0.010900
v 0.010007 0.105739 -0.010590
v 0.010510 0.105715 -0.010091
v 0.011460 0.105667 -0.008998
v 0.011982 0.105638 -0.008290
v 0.012651 0.105597 -0.007227
v 0.013135 0.105564 -0.006306
v 0.013569 0.105529 -0.005308
v 0.014054 0.105478 -0.003844
v 0.014252 0.105450 -0.003026
v 0.014468 0.105406 -0.001722
v 0.014348 0.105267 0.002533
v 0.014482 0.105297 0.001596
v 0.014564 0.105335 0.000423
v 0.014552 0.105373 -0.000714
v 0.014053 0.105223 0.003846
v 0.013910 0.105207 0.004335
v 0.013263 0.105147 0.006031
v 0.013112 0.105135 0.006353
v 0.012738 0.105108 0.007073
v 0.012032 0.105063 0.008217
v 0.005442 0.104782 0.013516
v 0.006047 0.104804 0.013256
v 0.007379 0.104854 0.012563
v 0.008083 0.104882 0.012122
v 0.009148 0.104925 0.011340
v 0.009897 0.104957 0.010693
v 0.010704 0.104993 0.009885
v 0.011451 0.105031 0.009008
v 0.003403 0.104712 0.014167
v 0.001613 0.104654 0.014480
v 0.003863 0.104727 0.014049
v -0.000840 0.104573 0.014546
v 0.000464 0.104616 0.014563
v 0.001310 0.104644 0.014511
v -0.006291 0.104387 0.013142
v -0.005047 0.104430 0.013668
v -0.004138 0.104462 0.013970
v -0.002985 0.104501 0.014261
v -0.001858 0.104539 0.014451
v -0.008275 0.104313 0.011992
v -0.008790 0.104292 0.011620
v -0.011545 0.104162 0.008888
v -0.010888 0.104197 0.009682
v -0.010109 0.104234 0.010492
v -0.014412 0.103780 -0.002137
v -0.014524 0.103811 -0.001160
v -0.014569 0.103854 0.000160
v -0.014537 0.103881 0.000979
v -0.014510 0.103893 0.001322
v -0.014233 0.103953 0.003116
v -0.014113 0.103971 0.003620
v -0.013619 0.104024 0.005178
v -0.013362 0.104047 0.005809
v -0.012718 0.104093 0.007108
v -0.012287 0.104120 0.007830
v -0.013897 0.103705 -0.004376
v -0.013559 0.103672 -0.005333
v -0.011689 0.103544 -0.008698
v -0.012459 0.103589 -0.007554
v -0.012840 0.103615 -0.006885
v -0.006856 0.103334 -0.012856
v -0.007615 0.103363 -0.012422
v -0.008674 0.103405 -0.011706
v -0.009488 0.103439 -0.011057
v -0.010299 0.103475 -0.010306
v -0.011103 0.103513 -0.009435
v -0.005536 0.103285 -0.013477
v -0.004886 0.103262 -0.013726
v -0.003330 0.103209 -0.014184
v -0.002830 0.103193 -0.014292
v 0.000000 0.015880 -0.012970
v 0.002252 0.015880 -0.012773
v 0.004436 0.015880 -0.012188
v 0.006485 0.015880 -0.011232
v 0.008337 0.015880 -0.009936
v 0.009936 0.015880 -0.008337
v 0.011232 0.015880 -0.006485
v 0.012188 0.015880 -0.004436
v 0.012773 0.015880 -0.002252
v 0.012970 0.015880 0.000000
v 0.012773 0.015880 0.002252
v 0.012188 0.015880 0.004436
v 0.011232 0.015880 0.006485
v 0.009936 0.015880 0.008337
v 0.008337 0.015880 0.009936
v 0.006485 0.015880 0.011232
v 0.004436 0.015880 0.012188
v 0.002252 0.015880 0.012773
v 0.000000 0.015880 0.012970
v -0.002252 0.015880 0.012773
v -0.004436 0.015880 0.012188
v -0.006485 0.015880 0.011232
v -0.008337 0.015880 0.009936
v -0.009936 0.015880 0.008337
v -0.011232 0.015880 0.006485
v -0.012188 0.015880 0.004436
v -0.012773 0.015880 0.002252
v -0.012970 0.015880 0.000000
v -0.012773 0.015880 -0.002252
v -0.012188 0.015880 -0.004436
v -0.011232 0.015880 -0.006485
v -0.009936 0.015880 -0.008337
v -0.008337 0.015880 -0.009936
v -0.006485 0.015880 -0.011232
v -0.004436 0.015880 -0.012188
v -0.002252 0.015880 -0.012773
v 0.000861 0.002000 0.004881
v 0.001695 0.002000 0.004657
v 0.002478 0.002000 0.004292
v 0.003186 0.002000 0.003797
v 0.003797 0.002000 0.003186
v 0.004292 0.002000 0.002478
v 0.004657 0.002000 0.001695
v 0.004881 0.002000 0.000861
v 0.004956 0.002000 0.000000
v 0.012970 0.015880 0.000000
v 0.004881 0.002000 -0.000861
v 0.004657 0.002000 -0.001695
v 0.004292 0.002000 -0.002478
v 0.003797 0.002000 -0.003186
v 0.003186 0.002000 -0.003797
v 0.002478 0.002000 -0.004292
v 0.001695 0.002000 -0.004657
v 0.000861 0.002000 -0.004881
v 0.000000 0.002000 -0.004956
v -0.000861 0.002000 -0.004881
v -0.001695 0.002000 -0.004657
v -0.002478 0.002000 -0.004292
v -0.003186 0.002000 -0.003797
v -0.003797 0.002000 -0.003186
v -0.004292 0.002000 -0.002478
v -0.004657 0.002000 -0.001695
v -0.004881 0.002000 -0.000861
v -0.004956 0.002000 0.000000
v -0.012970 0.015880 0.000000
v -0.004881 0.002000 0.000861
v -0.004657 0.002000 0.001695
v -0.004292 0.002000 0.002478
v -0.003797 0.002000 0.003186
v -0.003186 0.002000 0.003797
v -0.002478 0.002000 0.004292
v -0.001695 0.002000 0.004657
v -0.000861 0.002000 0.004881
v 0.000000 0.002000 0.004956
v 0.000000 0.002000 0.000000
v -0.004956 0.002000 -0.000000
v 0.004956 0.002000 0.000000
vn -0.4760 -0.0000 0.8794
vn 0.9874 -0.0000 0.1585
vn 0.9998 -0.0000 0.0190
vn 0.5214 -0.0000 -0.8533
vn -0.6120 -0.0000 -0.7909
vn -0.9962 -0.0000 0.0872
vn -0.9991 0.0011 0.0435
vn -0.9914 0.0479 0.1215
vn -0.9814 0.0996 0.1640
vn -0.9789 -0.0000 -0.2041
vn -0.9862 -0.0000 -0.1655
vn -0.9961 0.0116 -0.0872
vn -0.9910 0.0584 -0.1201
vn -0.9992 -0.0000 -0.0397
vn -0.9610 0.0389 -0.2739
vn -0.9657 0.0199 -0.2588
vn -0.9452 -0.0000 -0.3264
vn -0.8777 -0.0000 -0.4792
vn -0.9060 0.0245 -0.4225
vn -0.9058 0.0250 -0.4229
vn -0.9314 -0.0000 -0.3639
vn -0.8189 0.0271 -0.5734
vn -0.8272 0.0146 -0.5617
vn -0.8578 -0.0000 -0.5140
vn -0.6726 -0.0000 -0.7400
vn -0.7268 0.0454 -0.6853
vn -0.7071 0.0102 -0.7071
vn -0.7605 -0.0000 -0.6493
vn -0.7857 -0.0000 -0.6186
vn -0.5452 0.0461 -0.8370
vn -0.5736 0.0086 -0.8191
vn -0.5066 -0.0000 -0.8622
vn -0.4717 -0.0000 -0.8818
vn -0.4225 0.0245 -0.9060
vn -0.4063 0.0110 -0.9137
vn -0.1959 -0.0000 -0.9806
vn -0.2558 0.0182 -0.9666
vn -0.2588 0.0207 -0.9657
vn -0.3184 -0.0000 -0.9480
vn -0.3559 -0.0000 -0.9345
vn -0.0312 -0.0000 -0.9995
vn -0.0871 0.0221 -0.9960
vn -0.1012 0.0121 -0.9948
vn -0.1572 -0.0000 -0.9876
vn 0.1749 -0.0000 -0.9846
vn 0.1353 -0.0000 -0.9908
vn 0.0871 0.0229 -0.9959
vn 0.0572 0.0052 -0.9984
vn 0.0085 -0.0000 -1.0000
vn 0.2155 0.0006 -0.9765
vn 0.2588 0.0224 -0.9657
vn 0.2928 0.0032 -0.9562
vn 0.4874 -0.0000 -0.8732
vn 0.4400 0.0087 -0.8979
vn 0.4225 0.0206 -0.9061
vn 0.3733 -0.0000 -0.9277
vn 0.3363 -0.0000 -0.9417
vn 0.5759 0.0181 -0.8173
vn 0.5735 0.0160 -0.8190
vn 0.6253 -0.0000 -0.7804
vn 0.7466 -0.0000 -0.6653
vn 0.7070 0.0182 -0.7070
vn 0.6985 0.0108 -0.7155
vn 0.6560 -0.0000 -0.7547
vn 0.8190 0.0192 -0.5735
vn 0.8035 0.0054 -0.5953
vn 0.7726 -0.0000 -0.6349
vn 0.9376 -0.0000 -0.3478
vn 0.9207 0.0028 -0.3902
vn 0.8871 0.0383 -0.4600
vn 0.9063 0.0020 -0.4226
vn 0.8672 -0.0000 -0.4979
vn 0.8468 -0.0000 -0.5318
vn 0.9659 0.0097 -0.2588
vn 0.9708 0.0244 -0.2386
vn 0.9507 -0.0000 -0.3103
vn 0.9998 -0.0000 -0.0209
vn 0.9966 0.0118 -0.0812
vn 0.9961 0.0153 -0.0871
vn 0.9890 -0.0000 -0.1476
vn 0.9823 -0.0000 -0.1871
vn 0.9969 0.0103 0.0777
vn 0.9961 0.0154 0.0871
vn 0.9894 -0.0000 0.1452
vn 0.9518 -0.0000 0.3067
vn 0.9658 0.0167 0.2588
vn 0.9725 0.0047 0.2329
vn 0.9829 -0.0000 0.1839
vn 0.8684 -0.0000 0.4959
vn 0.8897 0.0018 0.4566
vn 0.9062 0.0166 0.4226
vn 0.9233 0.0009 0.3840
vn 0.9388 -0.0000 0.3444
vn 0.8478 -0.0000 0.5303
vn 0.8191 0.0156 0.5735
vn 0.8055 0.0053 0.5925
vn 0.6585 -0.0000 0.7526
vn 0.7021 0.0102 0.7120
vn 0.7070 0.0136 0.7070
vn 0.7482 -0.0000 0.6635
vn 0.7738 -0.0000 0.6334
vn 0.4901 -0.0000 0.8717
vn 0.5246 -0.0000 0.8514
vn 0.5735 0.0135 0.8191
vn 0.5813 0.0090 0.8137
vn 0.6283 -0.0000 0.7780
vn 0.4444 0.0047 0.8958
vn 0.4226 0.0145 0.9062
vn 0.3754 -0.0000 0.9269
vn 0.1774 -0.0000 0.9841
vn 0.2198 0.0013 0.9755
vn 0.2588 0.0147 0.9658
vn 0.2963 0.0014 0.9551
vn 0.3381 -0.0000 0.9411
vn -0.0276 -0.0000 0.9996
vn 0.0123 -0.0000 0.9999
vn 0.0872 0.0069 0.9962
vn 0.0634 0.0202 0.9978
vn 0.1387 -0.0000 0.9903
vn -0.0955 0.0139 0.9953
vn -0.0872 0.0097 0.9961
vn -0.1543 -0.0000 0.9880
vn -0.2588 0.0117 0.9659
vn -0.2528 0.0090 0.9675
vn -0.1937 -0.0000 0.9811
vn -0.4694 -0.0000 0.8830
vn -0.4030 0.0182 0.9150
vn -0.4226 0.0068 0.9063
vn -0.3541 -0.0000 0.9352
vn -0.3166 -0.0000 0.9485
vn -0.6062 0.0010 0.7953
vn -0.5735 0.0132 0.8191
vn -0.5411 0.0013 0.8409
vn -0.5037 -0.0000 0.8639
vn -0.7591 -0.0000 0.6509
vn -0.7252 0.0036 0.6885
vn -0.7071 0.0126 0.7071
vn -0.6703 -0.0000 0.7421
vn -0.6401 -0.0000 0.7683
vn -0.7845 -0.0000 0.6201
vn -0.8191 0.0113 0.5735
vn -0.8255 0.0070 0.5643
vn -0.9302 -0.0000 0.3672
vn -0.9040 0.0115 0.4275
vn -0.9063 0.0091 0.4226
vn -0.8764 -0.0000 0.4816
vn -0.8568 -0.0000 0.5157
vn -0.9782 -0.0000 0.2076
vn -0.9659 0.0116 0.2588
vn -0.9601 0.0043 0.2797
vn -0.9440 -0.0000 0.3300
vn -0.9979 0.0133 -0.0633
vn -0.9993 -0.0000 -0.0379
vn -1.0000 -0.0000 0.0018
vn -0.9552 0.0079 -0.2957
vn -0.9631 -0.0039 -0.2692
vn -0.9774 0.0037 -0.2112
vn -0.9793 -0.0000 -0.2024
vn -0.9887 -0.0000 -0.1496
vn -0.9865 0.0049 -0.1639
vn -0.9934 -0.0050 -0.1146
vn -0.8375 0.0081 -0.5464
vn -0.8587 -0.0000 -0.5124
vn -0.8707 -0.0000 -0.4919
vn -0.8786 -0.0021 -0.4776
vn -0.9040 0.0108 -0.4273
vn -0.9079 0.0049 -0.4191
vn -0.9348 -0.0022 -0.3553
vn -0.9321 -0.0000 -0.3622
vn -0.9458 -0.0000 -0.3247
vn -0.7465 0.0022 -0.6654
vn -0.7617 -0.0000 -0.6479
vn -0.7869 -0.0000 -0.6171
vn -0.7868 0.0001 -0.6172
vn -0.8296 -0.0001 -0.5583
vn -0.5162 0.0013 -0.8565
vn -0.5503 -0.0040 -0.8350
vn -0.5844 0.0141 -0.8114
vn -0.6134 -0.0023 -0.7897
vn -0.6389 -0.0000 -0.7693
vn -0.6442 -0.0000 -0.7648
vn -0.6857 0.0015 -0.7279
vn -0.6749 0.0126 -0.7378
vn -0.7312 -0.0053 -0.6822
vn -0.3814 0.0060 -0.9244
vn -0.4102 -0.0052 -0.9120
vn -0.4605 0.0061 -0.8876
vn -0.4733 -0.0000 -0.8809
vn -0.5082 -0.0000 -0.8612
vn -0.0280 -0.0000 -0.9996
vn -0.0331 -0.0020 -0.9995
vn -0.1149 0.0038 -0.9934
vn -0.1049 0.0113 -0.9944
vn -0.1590 -0.0000 -0.9873
vn -0.1769 -0.0000 -0.9842
vn -0.1977 -0.0010 -0.9803
vn -0.2412 0.0124 -0.9704
vn -0.2599 0.0013 -0.9656
vn -0.3221 -0.0007 -0.9467
vn -0.3201 -0.0000 -0.9474
vn -0.3576 -0.0000 -0.9339
vn 0.2590 0.0139 -0.9658
vn 0.2122 -0.0046 -0.9772
vn 0.1852 -0.0000 -0.9827
vn 0.1732 -0.0000 -0.9849
vn 0.1223 0.0004 -0.9925
vn 0.1333 0.0082 -0.9910
vn 0.0351 -0.0074 -0.9994
vn 0.0535 0.0044 -0.9986
vn 0.0067 -0.0000 -1.0000
vn 0.4683 0.0046 -0.8836
vn 0.4364 -0.0054 -0.8998
vn 0.3896 0.0085 -0.9209
vn 0.3716 -0.0000 -0.9284
vn 0.3307 -0.0000 -0.9437
vn 0.3346 0.0007 -0.9424
vn 0.2892 -0.0021 -0.9573
vn 0.5951 0.0126 -0.8036
vn 0.5725 -0.0016 -0.8199
vn 0.5225 0.0010 -0.8526
vn 0.5199 -0.0000 -0.8542
vn 0.4858 -0.0000 -0.8741
vn 0.7925 0.0040 -0.6098
vn 0.7714 -0.0000 -0.6363
vn 0.7522 -0.0000 -0.6590
vn 0.7453 -0.0031 -0.6668
vn 0.6937 0.0077 -0.7203
vn 0.6959 0.0100 -0.7181
vn 0.6444 -0.0029 -0.7647
vn 0.6546 -0.0000 -0.7559
vn 0.6239 -0.0000 -0.7815
vn 0.8748 0.0001 -0.4845
vn 0.8663 -0.0000 -0.4995
vn 0.8426 -0.0000 -0.5385
vn 0.8459 0.0039 -0.5333
vn 0.8012 -0.0029 -0.5984
vn 0.9790 0.0033 -0.2038
vn 0.9699 -0.0053 -0.2433
vn 0.9575 0.0110 -0.2881
vn 0.9501 -0.0000 -0.3120
vn 0.9373 -0.0000 -0.3485
vn 0.9369 -0.0001 -0.3495
vn 0.9108 0.0009 -0.4128
vn 0.9194 0.0190 -0.3929
vn 0.8854 -0.0053 -0.4648
vn 0.9897 -0.0033 0.1433
vn 0.9972 0.0117 0.0742
vn 0.9967 0.0062 0.0811
vn 0.9999 -0.0010 0.0171
vn 1.0000 -0.0000 0.0091
vn 0.9997 -0.0000 -0.0227
vn 0.9985 0.0101 -0.0540
vn 0.9963 -0.0037 -0.0854
vn 0.9900 0.0029 -0.1411
vn 0.9888 -0.0000 -0.1494
vn 0.9820 -0.0000 -0.1889
vn 0.8962 0.0051 0.4436
vn 0.8910 0.0140 0.4537
vn 0.9315 -0.0099 0.3635
vn 0.9247 0.0004 0.3806
vn 0.9395 -0.0000 0.3426
vn 0.9526 -0.0000 0.3041
vn 0.9524 0.0005 0.3050
vn 0.9755 -0.0006 0.2199
vn 0.9733 0.0058 0.2294
vn 0.9833 -0.0000 0.1821
vn 0.8324 0.0141 0.5539
vn 0.8488 0.0001 0.5287
vn 0.8693 -0.0000 0.4943
vn 0.6789 0.0082 0.7342
vn 0.7051 -0.0048 0.7091
vn 0.7404 0.0048 0.6721
vn 0.7494 -0.0000 0.6621
vn 0.7812 -0.0000 0.6242
vn 0.7749 0.0034 0.6321
vn 0.8079 -0.0042 0.5893
vn 0.5084 -0.0000 0.8611
vn 0.5262 -0.0028 0.8504
vn 0.5696 0.0124 0.8219
vn 0.5845 0.0017 0.8114
vn 0.6319 -0.0007 0.7750
vn 0.6297 -0.0000 0.7769
vn 0.6599 -0.0000 0.7514
vn 0.3135 0.0009 0.9496
vn 0.3398 -0.0000 0.9405
vn 0.3731 -0.0000 0.9278
vn 0.3772 -0.0020 0.9261
vn 0.4525 0.0030 0.8918
vn 0.4476 0.0067 0.8942
vn 0.4917 -0.0000 0.8708
vn 0.2294 0.0041 0.9733
vn 0.2231 0.0087 0.9748
vn 0.3000 -0.0047 0.9539
vn -0.1316 0.0064 0.9913
vn -0.0912 -0.0056 0.9958
vn -0.0447 0.0068 0.9990
vn -0.0257 -0.0000 0.9997
vn 0.0189 -0.0000 0.9998
vn 0.0141 0.0013 0.9999
vn 0.1005 -0.0046 0.9949
vn 0.0668 0.0265 0.9974
vn 0.1685 -0.0132 0.9856
vn 0.1405 -0.0000 0.9901
vn 0.1792 -0.0000 0.9838
vn -0.4677 -0.0036 0.8839
vn -0.3993 0.0064 0.9168
vn -0.3978 0.0076 0.9174
vn -0.3524 -0.0000 0.9359
vn -0.3393 -0.0000 0.9407
vn -0.3149 -0.0011 0.9491
vn -0.2766 0.0137 0.9609
vn -0.2490 -0.0012 0.9685
vn -0.1942 0.0006 0.9810
vn -0.1919 -0.0000 0.9814
vn -0.1524 -0.0000 0.9883
vn -0.6022 0.0035 0.7984
vn -0.6034 0.0045 0.7975
vn -0.5301 -0.0040 0.8479
vn -0.5381 0.0014 0.8429
vn -0.5021 -0.0000 0.8648
vn -0.7981 0.0092 0.6024
vn -0.7834 -0.0000 0.6215
vn -0.7582 -0.0000 0.6521
vn -0.7579 -0.0001 0.6523
vn -0.7066 0.0003 0.7076
vn -0.7230 0.0207 0.6906
vn -0.6511 -0.0114 0.7589
vn -0.6690 -0.0000 0.7433
vn -0.6387 -0.0000 0.7695
vn -0.9174 0.0129 0.3978
vn -0.9022 -0.0033 0.4312
vn -0.8791 0.0020 0.4766
vn -0.8755 -0.0000 0.4832
vn -0.8475 -0.0000 0.5308
vn -0.8559 0.0080 0.5170
vn -0.8232 -0.0053 0.5677
vn -0.9912 0.0019 0.1321
vn -0.9854 -0.0000 0.1701
vn -0.9808 -0.0000 0.1950
vn -0.9778 -0.0045 0.2096
vn -0.9607 0.0101 0.2773
vn -0.9591 0.0060 0.2832
vn -0.9404 -0.0014 0.3401
vn -0.9434 -0.0000 0.3317
vn -0.9295 -0.0000 0.3688
vn -0.9950 0.0112 -0.0992
vn -0.9993 -0.0046 -0.0359
vn -0.9998 -0.0000 -0.0182
vn -1.0000 -0.0000 0.0037
vn -0.9990 0.0021 0.0452
vn -0.9989 0.0010 0.0472
vn -0.9919 -0.0009 0.1269
vn -0.9733 0.0111 -0.2292
vn -0.9797 -0.0000 -0.2006
vn -0.9859 -0.0000 -0.1673
vn -0.9868 -0.0005 -0.1619
vn -0.9938 0.0034 -0.1113
vn -0.8919 0.0105 -0.4522
vn -0.9096 -0.0049 -0.4154
vn -0.9280 0.0035 -0.3725
vn -0.9328 -0.0000 -0.3605
vn -0.9498 -0.0000 -0.3128
vn -0.9463 0.0047 -0.3231
vn -0.9641 -0.0044 -0.2657
vn -0.6725 0.0019 -0.7401
vn -0.6779 -0.0018 -0.7351
vn -0.7335 0.0021 -0.6797
vn -0.7344 0.0030 -0.6787
vn -0.7629 -0.0000 -0.6466
vn -0.7755 -0.0000 -0.6313
vn -0.7880 -0.0042 -0.6157
vn -0.8223 0.0121 -0.5690
vn -0.8316 0.0022 -0.5553
vn -0.8615 -0.0006 -0.5077
vn -0.8597 -0.0000 -0.5109
vn -0.8794 -0.0000 -0.4760
vn -0.4439 0.0139 -0.8960
vn -0.4749 -0.0000 -0.8800
vn -0.5004 -0.0000 -0.8658
vn -0.5098 -0.0001 -0.8603
vn -0.5546 0.0080 -0.8321
vn -0.5529 0.0094 -0.8332
vn -0.6250 -0.0065 -0.7806
vn -0.6148 -0.0000 -0.7887
vn -0.6456 -0.0000 -0.7637
vn -0.2204 0.0080 -0.9754
vn -0.2636 -0.0055 -0.9646
vn -0.3047 0.0054 -0.9524
vn -0.3218 -0.0000 -0.9468
vn -0.3646 -0.0000 -0.9312
vn -0.3593 0.0019 -0.9332
vn -0.4134 -0.0027 -0.9105
vn 0.1405 0.0010 -0.9901
vn 0.1292 -0.0039 -0.9916
vn 0.0538 0.0055 -0.9985
vn 0.0498 0.0031 -0.9988
vn 0.0049 -0.0000 -1.0000
vn -0.0099 -0.0000 -1.0000
vn -0.0350 -0.0035 -0.9994
vn -0.0820 0.0133 -0.9965
vn -0.1089 -0.0008 -0.9941
vn -0.1592 0.0003 -0.9872
vn -0.1608 -0.0000 -0.9870
vn -0.1994 -0.0000 -0.9799
vn 0.4118 0.0130 -0.9112
vn 0.3699 -0.0021 -0.9291
vn 0.3478 -0.0000 -0.9376
vn 0.3329 -0.0000 -0.9430
vn 0.2879 0.0065 -0.9576
vn 0.2859 0.0051 -0.9583
vn 0.2030 -0.0040 -0.9792
vn 0.2106 -0.0000 -0.9776
vn 0.1713 -0.0000 -0.9852
vn 0.5381 0.0069 -0.8429
vn 0.5183 -0.0000 -0.8552
vn 0.4839 -0.0000 -0.8751
vn 0.4842 0.0001 -0.8749
vn 0.4333 -0.0002 -0.9013
vn 0.8035 0.0050 -0.5953
vn 0.7703 -0.0000 -0.6377
vn 0.7641 -0.0000 -0.6451
vn 0.7441 -0.0013 -0.6681
vn 0.7197 0.0142 -0.6942
vn 0.6929 -0.0032 -0.7210
vn 0.6584 0.0013 -0.7526
vn 0.6533 -0.0000 -0.7571
vn 0.6093 -0.0000 -0.7929
vn 0.6227 0.0101 -0.7824
vn 0.5694 -0.0054 -0.8221
vn 0.8523 0.0004 -0.5231
vn 0.8441 -0.0050 -0.5361
vn 0.7992 0.0105 -0.6010
vn 0.9209 0.0058 -0.3899
vn 0.9179 0.0014 -0.3969
vn 0.8833 -0.0013 -0.4689
vn 0.8844 -0.0000 -0.4667
vn 0.8654 -0.0000 -0.5011
vn 0.9924 0.0091 -0.1227
vn 0.9885 -0.0000 -0.1512
vn 0.9826 -0.0000 -0.1860
vn 0.9816 -0.0008 -0.1907
vn 0.9656 0.0040 -0.2599
vn 0.9691 0.0154 -0.2461
vn 0.9434 -0.0079 -0.3317
vn 0.9495 -0.0000 -0.3137
vn 0.9363 -0.0000 -0.3512
vn 0.9933 0.0126 0.1147
vn 0.9975 -0.0046 0.0700
vn 0.9996 0.0026 0.0273
vn 0.9999 -0.0000 0.0153
vn 0.9993 -0.0000 -0.0361
vn 0.9997 0.0059 -0.0243
vn 0.9960 -0.0046 -0.0891
vn 0.9469 0.0003 0.3214
vn 0.9533 -0.0056 0.3020
vn 0.9706 0.0117 0.2405
vn 0.9742 0.0026 0.2258
vn 0.9844 -0.0004 0.1761
vn 0.9836 -0.0000 0.1804
vn 0.9899 -0.0000 0.1417
vn 0.8118 0.0095 0.5838
vn 0.8498 -0.0034 0.5271
vn 0.8568 -0.0000 0.5156
vn 0.8702 -0.0000 0.4927
vn 0.8878 0.0044 0.4601
vn 0.8930 -0.0015 0.4500
vn 0.9246 0.0015 0.3809
vn 0.9257 -0.0000 0.3783
vn 0.9401 -0.0000 0.3409
vn 0.7281 0.0110 0.6854
vn 0.7506 -0.0000 0.6608
vn 0.7698 -0.0000 0.6383
vn 0.7761 -0.0008 0.6306
vn 0.8098 0.0070 0.5867
vn 0.6176 0.0037 0.7865
vn 0.6311 -0.0000 0.7757
vn 0.6659 -0.0000 0.7460
vn 0.6612 0.0027 0.7502
vn 0.7076 -0.0029 0.7066
vn 0.2962 0.0004 0.9551
vn 0.3415 -0.0000 0.9399
vn 0.3561 -0.0000 0.9345
vn 0.3790 -0.0052 0.9254
vn 0.4279 0.0135 0.9037
vn 0.4511 -0.0005 0.8925
vn 0.4925 0.0001 0.8703
vn 0.4933 -0.0000 0.8699
vn 0.5468 -0.0000 0.8373
vn 0.5271 0.0175 0.8496
vn 0.5876 -0.0055 0.8091
vn 0.2117 0.0033 0.9773
vn 0.2270 -0.0035 0.9739
vn 0.3031 0.0053 0.9529
vn 0.0007 -0.0000 1.0000
vn 0.0159 -0.0002 0.9999
vn 0.0641 0.0102 0.9979
vn 0.0712 0.0055 0.9974
vn 0.1505 -0.0037 0.9886
vn 0.1423 -0.0000 0.9898
vn 0.1810 -0.0000 0.9835
vn -0.2123 0.0053 0.9772
vn -0.1901 -0.0000 0.9818
vn -0.1495 -0.0000 0.9888
vn -0.1506 0.0004 0.9886
vn -0.0627 -0.0010 0.9980
vn -0.0885 0.0215 0.9958
vn -0.0239 -0.0000 0.9997
vn -0.6166 0.0027 0.7873
vn -0.6002 -0.0049 0.7999
vn -0.5457 0.0075 0.8379
vn -0.5350 0.0004 0.8449
vn -0.5005 -0.0000 0.8657
vn -0.4917 -0.0000 0.8708
vn -0.4661 -0.0039 0.8847
vn -0.4282 0.0137 0.9036
vn -0.3958 -0.0028 0.9184
vn -0.3563 0.0008 0.9344
vn -0.3507 -0.0000 0.9365
vn -0.2965 -0.0000 0.9550
vn -0.3135 0.0118 0.9495
vn -0.2453 -0.0055 0.9694
vn -0.8125 0.0120 0.5828
vn -0.7822 -0.0017 0.6230
vn -0.7700 -0.0000 0.6381
vn -0.7567 -0.0000 0.6537
vn -0.7280 0.0087 0.6855
vn -0.7201 0.0019 0.6939
vn -0.6652 -0.0015 0.7466
vn -0.6676 -0.0000 0.7445
vn -0.6373 -0.0000 0.7706
vn -0.8876 0.0067 0.4607
vn -0.8746 -0.0000 0.4848
vn -0.8570 -0.0000 0.5154
vn -0.8549 -0.0010 0.5189
vn -0.8213 0.0025 0.5704
vn -0.9935 0.0015 0.1139
vn -0.9851 -0.0000 0.1719
vn -0.9842 -0.0000 0.1770
vn -0.9774 -0.0016 0.2113
vn -0.9702 0.0141 0.2419
vn -0.9579 -0.0045 0.2870
vn -0.9465 0.0014 0.3228
vn -0.9428 -0.0000 0.3335
vn -0.9243 -0.0000 0.3818
vn -0.9289 0.0073 0.3703
vn -0.9007 -0.0046 0.4345
vn -0.9996 0.0017 0.0269
vn -0.9987 -0.0056 0.0511
vn -0.9914 0.0152 0.1300
vn -0.9923 0.0072 -0.1235
vn -0.9942 -0.0011 -0.1076
vn -0.9993 0.0010 -0.0363
vn -0.9994 -0.0000 -0.0342
vn -1.0000 -0.0000 0.0055
vn -0.9440 -0.0000 -0.3300
vn -0.9470 -0.0017 -0.3212
vn -0.9662 0.0070 -0.2578
vn -0.9648 0.0106 -0.2626
vn -0.9828 -0.0051 -0.1848
vn -0.9800 -0.0000 -0.1988
vn -0.9871 -0.0000 -0.1602
vn -0.6470 -0.0000 -0.7625
vn -0.6591 0.0012 -0.7520
vn -0.6806 -0.0052 -0.7326
vn -0.7354 0.0204 -0.6774
vn -0.7200 -0.0001 -0.6940
vn -0.7640 -0.0000 -0.6452
vn -0.7890 -0.0000 -0.6143
vn -0.8029 0.0121 -0.5960
vn -0.8338 -0.0054 -0.5521
vn -0.8520 0.0025 -0.5235
vn -0.8606 -0.0000 -0.5093
vn -0.8837 -0.0000 -0.4681
vn -0.8802 0.0036 -0.4745
vn -0.9212 -0.0058 -0.3891
vn -0.9108 0.0146 -0.4127
vn -0.9334 -0.0000 -0.3588
vn -0.6163 -0.0000 -0.7875
vn -0.6104 0.0035 -0.7921
vn -0.5564 -0.0033 -0.8309
vn -0.5390 0.0061 -0.8423
vn -0.5114 -0.0000 -0.8594
vn -0.4766 -0.0000 -0.8791
vn -0.4846 -0.0034 -0.8747
vn -0.4165 0.0063 -0.9091
vn -0.4115 0.0100 -0.9114
vn -0.3611 -0.0012 -0.9325
vn -0.3475 -0.0000 -0.9377
vn -0.3236 -0.0000 -0.9462
vn -0.2872 0.0104 -0.9578
vn -0.2670 -0.0010 -0.9637
vn -0.2011 0.0008 -0.9796
vn -0.2030 -0.0000 -0.9792
vn -0.1625 -0.0000 -0.9867
vn -0.1414 0.0034 -0.9900
vn -0.1126 -0.0054 -0.9936
vn -0.0544 0.0093 -0.9985
vn -0.0366 -0.0000 -0.9993
vn -0.1236 -0.0010 -0.9923
vn -0.0872 -0.0000 -0.9962
vn -0.1853 -0.0000 -0.9827
vn -0.4226 -0.0006 -0.9063
vn -0.3896 -0.0000 -0.9210
vn -0.2588 -0.0000 -0.9659
vn -0.3304 -0.0021 -0.9438
vn -0.2583 -0.0003 -0.9661
vn -0.5736 -0.0005 -0.8192
vn -0.5237 -0.0000 -0.8519
vn -0.4684 -0.0000 -0.8835
vn -0.7522 -0.0000 -0.6589
vn -0.6945 -0.0006 -0.7195
vn -0.7071 -0.0001 -0.7071
vn -0.6455 -0.0000 -0.7638
vn -0.5960 -0.0000 -0.8030
vn -0.7922 -0.0000 -0.6102
vn -0.8192 -0.0006 -0.5736
vn -0.8424 -0.0000 -0.5389
vn -0.8749 -0.0000 -0.4842
vn -0.9063 -0.0004 -0.4226
vn -0.9116 -0.0001 -0.4111
vn -0.9659 -0.0005 -0.2588
vn -0.9579 -0.0000 -0.2872
vn -0.9378 -0.0000 -0.3472
vn -0.9962 -0.0006 -0.0872
vn -0.9900 -0.0000 -0.1411
vn -0.9792 -0.0000 -0.2027
vn -0.9967 -0.0002 0.0809
vn -1.0000 -0.0000 0.0087
vn -0.9985 -0.0000 -0.0543
vn -0.9873 -0.0020 0.1590
vn -0.9752 -0.0000 0.2214
vn -0.9659 -0.0006 0.2588
vn -0.9522 -0.0000 0.3055
vn -0.9310 -0.0000 0.3651
vn -0.9063 -0.0005 0.4226
vn -0.8957 -0.0000 0.4446
vn -0.8330 -0.0000 0.5533
vn -0.8192 -0.0005 0.5736
vn -0.7815 -0.0000 0.6239
vn -0.7402 -0.0000 0.6723
vn -0.7071 -0.0006 0.7071
vn -0.6788 -0.0000 0.7343
vn -0.6307 -0.0000 0.7760
vn -0.5736 -0.0004 0.8192
vn -0.5677 -0.0002 0.8232
vn -0.4226 -0.0006 0.9063
vn -0.4526 -0.0000 0.8917
vn -0.5073 -0.0000 0.8618
vn -0.2588 -0.0005 0.9659
vn -0.3139 -0.0000 0.9495
vn -0.3731 -0.0000 0.9278
vn -0.0175 -0.0000 0.9998
vn -0.0984 -0.0004 0.9951
vn -0.0872 -0.0002 0.9962
vn -0.1676 -0.0000 0.9859
vn -0.2299 -0.0000 0.9732
vn 0.0457 -0.0000 0.9990
vn 0.0872 -0.0006 0.9962
vn 0.1326 -0.0000 0.9912
vn 0.1942 -0.0000 0.9810
vn 0.2588 -0.0004 0.9659
vn 0.2758 -0.0001 0.9612
vn 0.4226 -0.0005 0.9063
vn 0.3981 -0.0000 0.9174
vn 0.3389 -0.0000 0.9408
vn 0.6524 -0.0000 0.7579
vn 0.6033 -0.0000 0.7975
vn 0.5736 -0.0006 0.8192
vn 0.5315 -0.0000 0.8471
vn 0.4765 -0.0000 0.8792
vn 0.8192 -0.0006 0.5736
vn 0.7978 -0.0000 0.6030
vn 0.7071 -0.0000 0.7071
vn 0.7582 -0.0021 0.6521
vn 0.7074 -0.0003 0.7069
vn 0.9063 -0.0005 0.4226
vn 0.8793 -0.0000 0.4762
vn 0.8473 -0.0000 0.5312
vn 0.9810 -0.0000 0.1938
vn 0.9614 -0.0005 0.2751
vn 0.9659 -0.0001 0.2588
vn 0.9409 -0.0000 0.3386
vn 0.9175 -0.0000 0.3977
vn 0.9912 -0.0000 0.1322
vn 0.9962 -0.0006 0.0872
vn 0.9990 -0.0000 0.0453
vn 0.9998 -0.0000 -0.0178
vn 0.9962 -0.0004 -0.0872
vn 0.9951 -0.0001 -0.0991
vn 0.9659 -0.0005 -0.2588
vn 0.9731 -0.0000 -0.2303
vn 0.9858 -0.0000 -0.1679
vn 0.9063 -0.0006 -0.4226
vn 0.9277 -0.0000 -0.3734
vn 0.9494 -0.0000 -0.3142
vn 0.8228 -0.0002 -0.5683
vn 0.8616 -0.0000 -0.5076
vn 0.8916 -0.0000 -0.4529
vn 0.7757 -0.0020 -0.6311
vn 0.8192 -0.0000 -0.5736
vn 0.7341 -0.0000 -0.6791
vn 0.7071 -0.0006 -0.7071
vn 0.6721 -0.0000 -0.7405
vn 0.6236 -0.0000 -0.7817
vn 0.5736 -0.0005 -0.8192
vn 0.5531 -0.0000 -0.8331
vn 0.4995 -0.0000 -0.8663
vn 0.4226 -0.0000 -0.9063
vn 0.4440 -0.0007 -0.8960
vn 0.2588 -0.0006 -0.9659
vn 0.3052 -0.0000 -0.9523
vn 0.3647 -0.0000 -0.9311
vn 0.0083 -0.0000 -1.0000
vn 0.0802 -0.0002 -0.9968
vn 0.0872 -0.0003 -0.9962
vn 0.1585 -0.0000 -0.9874
vn 0.2210 -0.0000 -0.9753
vn -0.0000 1.0000 -0.0000
vn -0.0000 -1.0000 -0.0000
vn 0.0756 -0.4979 0.8639
vn 0.2245 -0.4979 0.8377
vn 0.3665 -0.4979 0.7860
vn 0.4974 -0.4979 0.7104
vn 0.6132 -0.4979 0.6132
vn 0.7104 -0.4979 0.4974
vn 0.7860 -0.4979 0.3665
vn 0.8377 -0.4979 0.2245
vn 0.8377 -0.4979 0.2244
vn 0.8639 -0.4979 0.0756
vn 0.8639 -0.4979 -0.0756
vn 0.8377 -0.4979 -0.2244
vn 0.8377 -0.4979 -0.2245
vn 0.7860 -0.4979 -0.3665
vn 0.7104 -0.4979 -0.4974
vn 0.6132 -0.4979 -0.6132
vn 0.4974 -0.4979 -0.7104
vn 0.3665 -0.4979 -0.7860
vn 0.2244 -0.4979 -0.8377
vn 0.2245 -0.4979 -0.8377
vn 0.0756 -0.4979 -0.8639
vn -0.0756 -0.4979 -0.8639
vn -0.2245 -0.4979 -0.8377
vn -0.3665 -0.4979 -0.7860
vn -0.4974 -0.4979 -0.7104
vn -0.6132 -0.4979 -0.6132
vn -0.7104 -0.4979 -0.4974
vn -0.7860 -0.4979 -0.3665
vn -0.8377 -0.4979 -0.2244
vn -0.8377 -0.4979 -0.2245
vn -0.8639 -0.4979 -0.0756
vn -0.8639 -0.4979 0.0756
vn -0.8377 -0.4979 0.2245
vn -0.8377 -0.4979 0.2244
vn -0.7860 -0.4979 0.3665
vn -0.7104 -0.4979 0.4974
vn -0.6132 -0.4979 0.6132
vn -0.4974 -0.4979 0.7104
vn -0.3665 -0.4979 0.7860
vn -0.2245 -0.4979 0.8377
vn -0.0756 -0.4979 0.8639
vn -0.0000 -0.0000 1.0000
vn 0.9973 -0.0000 -0.0733
vn 0.9973 -0.0000 -0.0732
vn -0.4537 -0.8911 0.0011
vn -0.0527 -0.8903 -0.4523
vn 0.3256 -0.8907 -0.3171
vn 0.3450 -0.8911 -0.2947
vn 0.4384 -0.8907 -0.1204
vn -0.4371 -0.8901 0.1292
vn -0.0506 -0.8911 -0.4509
vn 0.1894 -0.8903 -0.4141
vn 0.3167 -0.8911 -0.3249
vn 0.4053 -0.8912 0.2038
vn -0.3293 -0.8902 -0.3148
vn -0.0893 -0.8897 -0.4477
vn -0.1165 -0.8908 -0.4392
vn -0.1457 -0.8897 -0.4328
vn -0.1992 -0.8911 -0.4077
vn -0.1964 -0.8989 -0.3915
vn -0.2950 -0.8911 -0.3447
vn -0.2721 -0.9161 -0.2944
vn -0.2837 -0.8903 -0.3561
vn -0.2494 -0.8911 -0.3790
vn -0.2384 -0.9084 -0.3436
vn -0.2323 -0.8905 -0.3912
vn -0.3694 -0.8899 -0.2675
vn -0.3552 -0.9015 -0.2473
vn -0.3972 -0.8937 -0.2086
vn -0.4032 -0.8897 -0.2143
vn -0.3842 -0.8909 -0.2423
vn -0.4444 -0.8896 -0.1054
vn -0.4337 -0.8908 -0.1353
vn -0.4127 -0.8980 -0.1527
vn -0.4261 -0.8898 -0.1634
vn -0.4141 -0.8908 -0.1872
vn -0.4513 -0.8911 -0.0472
vn -0.4459 -0.8938 -0.0474
vn -0.4009 -0.9132 0.0732
vn -0.4526 -0.8904 0.0487
vn -0.4536 -0.8911 0.0090
vn -0.4264 -0.9044 0.0163
vn -0.4546 -0.8906 -0.0141
vn -0.4325 -0.8910 0.1380
vn -0.4059 -0.9064 0.1172
vn -0.4230 -0.8900 0.1699
vn -0.3936 -0.9036 0.1691
vn -0.4100 -0.8909 0.1953
vn -0.3967 -0.8899 0.2253
vn -0.3812 -0.8975 0.2220
vn -0.3802 -0.8908 0.2487
vn -0.3635 -0.8897 0.2763
vn -0.3607 -0.8911 0.2752
vn -0.3425 -0.8907 0.2989
vn -0.3194 -0.8933 0.3163
vn -0.3220 -0.8912 0.3196
vn -0.2197 -0.8995 0.3777
vn -0.2539 -0.8906 0.3772
vn -0.2796 -0.8911 0.3574
vn -0.2583 -0.9035 0.3421
vn -0.2983 -0.8906 0.3434
vn -0.1825 -0.8911 0.4154
vn -0.1575 -0.9092 0.3855
vn -0.0205 -0.8899 0.4558
vn -0.0539 -0.8910 0.4509
vn -0.0649 -0.9054 0.4195
vn -0.0830 -0.8901 0.4482
vn -0.1284 -0.8911 0.4352
vn -0.0965 -0.9178 0.3851
vn -0.1437 -0.8903 0.4320
vn 0.0981 -0.8911 0.4430
vn 0.0978 -0.8890 0.4474
vn 0.0425 -0.8919 0.4503
vn 0.0417 -0.8897 0.4547
vn 0.1992 -0.9093 0.3655
vn 0.1886 -0.8905 0.4141
vn 0.1535 -0.8911 0.4270
vn 0.1523 -0.8999 0.4087
vn 0.1298 -0.8906 0.4358
vn 0.2379 -0.9173 0.3193
vn 0.2562 -0.8911 0.3744
vn 0.2944 -0.8901 0.3479
vn 0.2840 -0.9051 0.3165
vn 0.3144 -0.8910 0.3276
vn 0.3385 -0.8900 0.3055
vn 0.3776 -0.8897 0.2567
vn 0.3737 -0.8927 0.2520
vn 0.3914 -0.8908 0.2310
vn 0.4077 -0.8896 0.2060
vn 0.4103 -0.9086 0.0780
vn 0.4400 -0.8905 0.1158
vn 0.4280 -0.8911 0.1508
vn 0.4147 -0.8989 0.1412
vn 0.4197 -0.8906 0.1749
vn 0.4520 -0.8911 0.0403
vn 0.4158 -0.9091 0.0262
vn 0.4385 -0.8899 -0.1260
vn 0.4445 -0.8910 -0.0929
vn 0.4182 -0.9055 -0.0726
vn 0.4512 -0.8901 -0.0645
vn 0.4534 -0.8911 -0.0173
vn 0.3960 -0.9177 -0.0315
vn 0.4553 -0.8903 -0.0017
vn 0.4206 -0.8901 -0.1756
vn 0.3878 -0.9049 -0.1752
vn 0.3586 -0.8897 -0.2826
vn 0.3766 -0.8909 -0.2540
vn 0.3715 -0.9005 -0.2260
vn 0.3935 -0.8899 -0.2306
vn 0.4072 -0.8910 -0.2008
vn 0.2255 -0.8911 -0.3937
vn 0.1976 -0.9090 -0.3669
vn 0.2432 -0.8905 -0.3846
vn 0.2730 -0.8911 -0.3624
vn 0.2591 -0.8994 -0.3521
vn 0.2934 -0.8906 -0.3474
vn 0.1312 -0.8901 -0.4364
vn 0.1105 -0.9052 -0.4103
vn 0.0073 -0.8896 -0.4566
vn 0.0408 -0.8909 -0.4524
vn 0.0594 -0.9007 -0.4303
vn 0.0699 -0.8899 -0.4508
vn 0.1026 -0.8910 -0.4423
vn -0.1061 -0.8911 -0.4411
vn -0.1071 -0.9003 -0.4218
vn -0.0826 -0.8907 -0.4471
vn -0.2015 -0.9180 -0.3416
vn -0.2010 -0.8903 -0.4087
vn -0.1613 -0.8911 -0.4241
vn -0.1580 -0.9099 -0.3836
vn -0.1427 -0.8905 -0.4321
vn -0.2483 -0.9052 -0.3450
vn -0.2966 -0.8997 -0.3204
vn -0.3049 -0.8899 -0.3393
vn -0.2779 -0.8910 -0.3591
vn -0.3826 -0.8897 -0.2492
vn -0.3628 -0.8908 -0.2735
vn -0.3393 -0.8960 -0.2863
vn -0.3462 -0.8898 -0.2973
vn -0.3241 -0.8909 -0.3183
vn -0.4098 -0.8912 -0.1948
vn -0.4024 -0.8950 -0.1925
vn -0.4006 -0.9139 -0.0650
vn -0.4429 -0.8904 -0.1050
vn -0.4306 -0.8911 -0.1429
vn -0.4059 -0.9052 -0.1259
vn -0.4241 -0.8905 -0.1644
vn -0.4526 -0.8911 -0.0321
vn -0.4357 -0.8997 -0.0258
vn -0.4460 -0.8911 0.0832
vn -0.3878 -0.9175 0.0888
vn -0.4503 -0.8903 0.0678
vn -0.4530 -0.8912 0.0257
vn -0.4147 -0.9093 0.0344
vn -0.4550 -0.8905 0.0052
vn -0.4157 -0.8899 0.1878
vn -0.3941 -0.9001 0.1856
vn -0.2931 -0.9008 0.3203
vn -0.3291 -0.8906 0.3138
vn -0.3504 -0.8911 0.2883
vn -0.3521 -0.8902 0.2891
vn -0.3851 -0.8906 0.2419
vn -0.3869 -0.8897 0.2425
vn -0.4015 -0.8909 0.2124
vn -0.2340 -0.9100 0.3422
vn -0.2664 -0.8911 0.3673
vn -0.2318 -0.8903 0.3920
vn -0.2015 -0.9060 0.3722
vn -0.2062 -0.8910 0.4044
vn -0.1769 -0.8901 0.4200
vn -0.1178 -0.8899 0.4408
vn -0.1070 -0.8993 0.4241
vn 0.0020 -0.8910 0.4539
vn -0.0266 -0.8907 0.4537
vn -0.0554 -0.8911 0.4503
vn -0.0567 -0.8896 0.4532
vn -0.0889 -0.8908 0.4455
vn 0.0622 -0.9020 0.4271
vn 0.0355 -0.8906 0.4534
vn 0.0020 -0.8911 0.4537
vn 0.1141 -0.8911 0.4391
vn 0.1154 -0.9115 0.3949
vn 0.2662 -0.8899 0.3705
vn 0.2370 -0.8910 0.3873
vn 0.2091 -0.9056 0.3691
vn 0.2125 -0.8901 0.4032
vn 0.1690 -0.8911 0.4211
vn 0.1632 -0.9174 0.3629
vn 0.1548 -0.8903 0.4282
vn 0.3144 -0.8897 0.3311
vn 0.3129 -0.8913 0.3281
vn 0.3464 -0.8900 0.2964
vn 0.3311 -0.9050 0.2673
vn 0.3632 -0.8910 0.2725
vn 0.3841 -0.8899 0.2461
vn 0.4332 -0.8911 0.1351
vn 0.4366 -0.8891 0.1374
vn 0.4116 -0.8917 0.1883
vn 0.4148 -0.8896 0.1911
vn 0.4236 -0.9056 0.0186
vn 0.4529 -0.8905 0.0434
vn 0.4466 -0.8911 0.0800
vn 0.4291 -0.9004 0.0714
vn 0.4427 -0.8906 0.1039
vn 0.4554 -0.8898 -0.0301
vn 0.4390 -0.8978 -0.0341
vn 0.4444 -0.8911 -0.0914
vn 0.4476 -0.8896 -0.0911
vn 0.4505 -0.8908 -0.0590
vn 0.4076 -0.8911 -0.1992
vn 0.3809 -0.9039 -0.1946
vn 0.4180 -0.8906 -0.1793
vn 0.3478 -0.8896 -0.2960
vn 0.3660 -0.8909 -0.2691
vn 0.3676 -0.8980 -0.2418
vn 0.3391 -0.9112 -0.2341
vn 0.3904 -0.8904 -0.2339
vn 0.2597 -0.8911 -0.3721
vn 0.2399 -0.9031 -0.3562
vn 0.2791 -0.8906 -0.3591
vn 0.1053 -0.8901 -0.4435
vn 0.1450 -0.8908 -0.4306
vn 0.1464 -0.9062 -0.3967
vn 0.1727 -0.8903 -0.4214
vn 0.2113 -0.8911 -0.4015
vn 0.1793 -0.9123 -0.3683
vn 0.2276 -0.8904 -0.3941
vn 0.0472 -0.8911 -0.4513
vn 0.0395 -0.9007 -0.4326
vn -0.0103 -0.8911 -0.4536
vn -0.0207 -0.9100 -0.4142
vn 0.0095 -0.8905 -0.4550
vn -0.1131 -0.8901 -0.4415
vn -0.1168 -0.9046 -0.4099
vn -0.1406 -0.8910 -0.4318
vn -0.1767 -0.8911 -0.4179
vn -0.1748 -0.8990 -0.4015
vn -0.1531 -0.8907 -0.4281
vn -0.2556 -0.9166 -0.3073
vn -0.2644 -0.8903 -0.3707
vn -0.2286 -0.8911 -0.3920
vn -0.2195 -0.9085 -0.3557
vn -0.2108 -0.8905 -0.4032
vn -0.3008 -0.9048 -0.3013
vn -0.3421 -0.9009 -0.2670
vn -0.3546 -0.8899 -0.2867
vn -0.3314 -0.8910 -0.3104
vn -0.4184 -0.8896 -0.1832
vn -0.4036 -0.8908 -0.2088
vn -0.3871 -0.8926 -0.2311
vn -0.3912 -0.8897 -0.2355
vn -0.3707 -0.8909 -0.2624
vn -0.4355 -0.8911 -0.1272
vn -0.4214 -0.8991 -0.1182
vn -0.3975 -0.9176 0.0027
vn -0.4543 -0.8903 -0.0312
vn -0.4480 -0.8911 -0.0721
vn -0.4133 -0.9089 -0.0557
vn -0.4457 -0.8905 -0.0917
vn -0.4202 -0.9065 0.0420
vn -0.4166 -0.9040 0.0959
vn -0.4468 -0.8900 0.0912
vn -0.4503 -0.8910 0.0577
vn -0.4070 -0.8897 0.2070
vn -0.4180 -0.8908 0.1779
vn -0.4145 -0.8974 0.1513
vn -0.4304 -0.8898 0.1519
vn -0.4382 -0.8909 0.1191
vn -0.3743 -0.8911 0.2564
vn -0.3699 -0.8941 0.2524
vn -0.2579 -0.9131 0.3157
vn -0.3130 -0.8904 0.3305
vn -0.3395 -0.8911 0.3010
vn -0.3140 -0.9044 0.2889
vn -0.3553 -0.8906 0.2840
vn -0.2335 -0.9062 0.3525
vn -0.1916 -0.9029 0.3847
vn -0.2123 -0.8900 0.4035
vn -0.2401 -0.8910 0.3853
vn -0.1039 -0.8900 0.4441
vn -0.1278 -0.8908 0.4360
vn -0.1470 -0.8970 0.4169
vn -0.1561 -0.8898 0.4288
vn -0.1862 -0.8909 0.4142
vn -0.0418 -0.8897 0.4546
vn -0.0375 -0.8952 0.4440
vn 0.0737 -0.8966 0.4367
vn 0.0495 -0.8907 0.4519
vn 0.0185 -0.8911 0.4534
vn 0.0177 -0.8896 0.4563
vn -0.0126 -0.8908 0.4542
vn 0.1298 -0.9072 0.4001
vn 0.1097 -0.8906 0.4415
vn 0.0772 -0.8911 0.4471
vn 0.1770 -0.9157 0.3607
vn 0.1844 -0.8911 0.4146
vn 0.2262 -0.8901 0.3956
vn 0.2220 -0.9060 0.3603
vn 0.2501 -0.8910 0.3789
vn 0.2786 -0.8899 0.3611
vn 0.3250 -0.8898 0.3205
vn 0.3208 -0.8940 0.3127
vn 0.3428 -0.8908 0.2983
vn 0.3635 -0.8897 0.2763
vn 0.3618 -0.8911 0.2739
vn 0.3807 -0.8907 0.2486
vn 0.3842 -0.8969 0.2190
vn 0.3951 -0.8911 0.2232
vn 0.4192 -0.8911 0.1736
vn 0.3925 -0.9071 0.1522
vn 0.4116 -0.8905 0.1939
vn 0.4212 -0.9051 0.0578
vn 0.4494 -0.8902 0.0755
vn 0.4378 -0.8911 0.1194
vn 0.3918 -0.9155 0.0914
vn 0.4346 -0.8903 0.1356
vn 0.4539 -0.8897 -0.0486
vn 0.4540 -0.8909 -0.0149
vn 0.4320 -0.9019 0.0052
vn 0.4558 -0.8900 0.0143
vn 0.4516 -0.8910 0.0474
vn 0.4441 -0.8897 -0.1058
vn 0.4334 -0.8949 -0.1064
vn 0.3873 -0.8975 -0.2108
vn 0.4124 -0.8907 -0.1913
vn 0.4237 -0.8911 -0.1623
vn 0.4267 -0.8896 -0.1625
vn 0.4344 -0.8908 -0.1333
vn 0.3339 -0.8911 -0.3072
vn 0.3370 -0.9075 -0.2506
vn 0.3703 -0.8911 -0.2621
vn 0.3462 -0.8903 -0.2957
vn 0.2847 -0.9160 -0.2826
vn 0.2042 -0.9162 -0.3447
vn 0.2602 -0.8903 -0.3736
vn 0.2922 -0.8911 -0.3472
vn 0.2620 -0.9079 -0.3271
vn 0.3089 -0.8905 -0.3341
vn 0.1827 -0.9049 -0.3844
vn 0.0903 -0.8897 -0.4476
vn 0.1225 -0.8909 -0.4374
vn 0.1358 -0.9014 -0.4112
vn 0.1509 -0.8899 -0.4304
vn 0.1813 -0.8910 -0.4163
vn -0.0267 -0.8911 -0.4530
vn 0.0317 -0.8896 -0.4556
vn 0.0306 -0.8911 -0.4527
vn -0.0012 -0.8907 -0.4547
vn -0.0299 -0.8980 -0.4389
vn -0.1364 -0.9168 -0.3753
vn -0.1231 -0.8903 -0.4383
vn -0.0826 -0.8911 -0.4462
vn -0.0862 -0.9080 -0.4101
vn -0.0630 -0.8905 -0.4506
vn -0.1816 -0.9057 -0.3830
vn -0.2328 -0.9017 -0.3643
vn -0.2383 -0.8899 -0.3890
vn -0.2081 -0.8910 -0.4036
vn -0.3316 -0.8897 -0.3138
vn -0.3099 -0.8908 -0.3324
vn -0.2872 -0.8928 -0.3469
vn -0.2897 -0.8897 -0.3530
vn -0.2615 -0.8909 -0.3714
vn -0.3977 -0.8912 -0.2183
vn -0.3565 -0.8991 -0.2540
vn -0.3667 -0.8911 -0.2672
vn -0.3884 -0.8905 -0.2371
vn -0.3712 -0.9085 -0.1917
vn -0.3759 -0.9175 -0.1303
vn -0.3976 -0.9042 -0.1562
vn -0.4176 -0.8903 -0.1815
vn -0.4129 -0.9050 -0.1022
vn -0.4566 -0.8897 0.0002
vn -0.4530 -0.8909 -0.0335
vn -0.4326 -0.9001 -0.0525
vn -0.4518 -0.8900 -0.0620
vn -0.4442 -0.8910 -0.0939
vn -0.0898 -0.8926 -0.4418
vn -0.0905 -0.8897 -0.4475
vn -0.0883 -0.8774 -0.4716
vn -0.1132 -0.8909 -0.4399
vn -0.1463 -0.8896 -0.4326
vn -0.1456 -0.8911 -0.4297
vn -0.1761 -0.8907 -0.4192
vn -0.1462 -0.8911 -0.4295
vn -0.1789 -0.8906 -0.4182
vn -0.2082 -0.8781 -0.4308
vn -0.2049 -0.8911 -0.4049
vn -0.2508 -0.8896 -0.3817
vn -0.2694 -0.8542 -0.4448
vn -0.2635 -0.8910 -0.3697
vn -0.2968 -0.8896 -0.3472
vn -0.2987 -0.8873 -0.3515
vn -0.3157 -0.8908 -0.3269
vn -0.3374 -0.8897 -0.3077
vn -0.3159 -0.9051 -0.2847
vn -0.3471 -0.8910 -0.2927
vn -0.3358 -0.8911 -0.3051
vn -0.3614 -0.8904 -0.2767
vn -0.3975 -0.8730 -0.2825
vn -0.3773 -0.8911 -0.2522
vn -0.4042 -0.8896 -0.2129
vn -0.4254 -0.8911 -0.1579
vn -0.4279 -0.8896 -0.1598
vn -0.4114 -0.8909 -0.1923
vn -0.4330 -0.8685 -0.2413
vn -0.4361 -0.8907 -0.1287
vn -0.4545 -0.8842 -0.1081
vn -0.4417 -0.8911 -0.1039
vn -0.4483 -0.8907 -0.0752
vn -0.4424 -0.8911 -0.1009
vn -0.4510 -0.8903 -0.0629
vn -0.4866 -0.8719 -0.0552
vn -0.4526 -0.8910 -0.0346
vn -0.4566 -0.8896 0.0088
vn -0.4730 -0.8811 0.0042
vn -0.4530 -0.8908 0.0345
vn -0.4518 -0.8896 0.0670
vn -0.4488 -0.8911 0.0668
vn -0.4419 -0.8902 0.1106
vn -0.4487 -0.8911 0.0674
vn -0.4432 -0.8905 0.1027
vn -0.4641 -0.8764 0.1285
vn -0.4347 -0.8911 0.1304
vn -0.4206 -0.8896 0.1780
vn -0.4768 -0.8595 0.1840
vn -0.4107 -0.8910 0.1935
vn -0.3952 -0.8897 0.2287
vn -0.3923 -0.8911 0.2280
vn -0.3632 -0.8896 0.2769
vn -0.3603 -0.8912 0.2758
vn -0.3358 -0.8904 0.3074
vn -0.3506 -0.8718 0.3422
vn -0.3144 -0.8910 0.3273
vn -0.2816 -0.8896 0.3596
vn -0.3092 -0.8722 0.3791
vn -0.2619 -0.8909 0.3711
vn -0.2342 -0.8896 0.3921
vn -0.2325 -0.8912 0.3896
vn -0.2008 -0.8905 0.4083
vn -0.2319 -0.8911 0.3900
vn -0.2044 -0.8906 0.4062
vn -0.1911 -0.8817 0.4314
vn -0.1785 -0.8911 0.4172
vn -0.1295 -0.8896 0.4380
vn -0.1694 -0.8502 0.4984
vn -0.1132 -0.8910 0.4396
vn -0.0726 -0.8896 0.4509
vn -0.0774 -0.8841 0.4608
vn -0.0454 -0.8908 0.4521
vn -0.0148 -0.8896 0.4565
vn -0.0122 -0.9007 0.4342
vn 0.0085 -0.8909 0.4542
vn -0.0138 -0.8911 0.4535
vn 0.0227 -0.8905 0.4545
vn 0.0429 -0.8752 0.4818
vn 0.0510 -0.8911 0.4509
vn 0.0986 -0.8897 0.4458
vn 0.1541 -0.8911 0.4268
vn 0.1542 -0.8896 0.4299
vn 0.1172 -0.8910 0.4387
vn 0.0950 -0.8651 0.4926
vn 0.1827 -0.8907 0.4163
vn 0.2103 -0.8862 0.4129
vn 0.2066 -0.8911 0.4040
vn 0.2440 -0.8903 0.3845
vn 0.2085 -0.8911 0.4030
vn 0.2436 -0.8903 0.3847
vn 0.2746 -0.8713 0.4067
vn 0.2668 -0.8910 0.3672
vn 0.3029 -0.8896 0.3418
vn 0.3138 -0.8765 0.3651
vn 0.3185 -0.8909 0.3239
vn 0.3429 -0.8897 0.3015
vn 0.3274 -0.9007 0.2855
vn 0.3557 -0.8909 0.2824
vn 0.3413 -0.8911 0.2990
vn 0.3636 -0.8906 0.2732
vn 0.3952 -0.8783 0.2692
vn 0.3796 -0.8911 0.2487
vn 0.4080 -0.8896 0.2054
vn 0.4552 -0.8544 0.2505
vn 0.4130 -0.8910 0.1885
vn 0.4308 -0.8896 0.1520
vn 0.4348 -0.8871 0.1549
vn 0.4371 -0.8908 0.1246
vn 0.4463 -0.8896 0.0968
vn 0.4434 -0.8912 0.0959
vn 0.4510 -0.8905 0.0601
vn 0.4436 -0.8911 0.0953
vn 0.4512 -0.8905 0.0588
vn 0.4839 -0.8739 0.0458
vn 0.4528 -0.8911 0.0304
vn 0.4564 -0.8896 -0.0172
vn 0.4474 -0.8911 -0.0756
vn 0.4505 -0.8896 -0.0752
vn 0.4525 -0.8909 -0.0387
vn 0.4949 -0.8689 -0.0072
vn 0.4420 -0.8906 -0.1067
vn 0.4483 -0.8838 -0.1341
vn 0.4151 -0.9009 -0.1271
vn 0.4277 -0.8909 -0.1530
vn 0.4334 -0.8911 -0.1343
vn 0.4218 -0.8903 -0.1717
vn 0.4491 -0.8716 -0.1966
vn 0.4089 -0.8910 -0.1971
vn 0.3911 -0.8897 -0.2357
vn 0.4077 -0.8810 -0.2400
vn 0.3753 -0.8909 -0.2559
vn 0.3581 -0.8896 -0.2835
vn 0.3538 -0.8922 -0.2807
vn 0.3215 -0.8885 -0.3275
vn 0.3552 -0.8911 -0.2823
vn 0.3327 -0.8905 -0.3103
vn 0.3383 -0.8761 -0.3435
vn 0.3113 -0.8911 -0.3302
vn 0.2750 -0.8896 -0.3647
vn 0.3216 -0.8589 -0.3987
vn 0.2584 -0.8910 -0.3733
vn 0.2272 -0.8896 -0.3962
vn 0.2258 -0.8906 -0.3949
vn 0.2011 -0.8906 -0.4079
vn 0.1763 -0.8897 -0.4212
vn 0.1608 -0.9061 -0.3912
vn 0.1624 -0.8910 -0.4239
vn 0.1743 -0.8911 -0.4189
vn 0.1375 -0.8904 -0.4339
vn 0.1329 -0.8719 -0.4713
vn 0.1090 -0.8911 -0.4406
vn 0.0644 -0.8896 -0.4522
vn 0.0783 -0.8724 -0.4824
vn 0.0413 -0.8909 -0.4523
vn 0.0065 -0.8896 -0.4567
vn 0.0061 -0.8915 -0.4529
vn -0.0500 -0.8893 -0.4546
vn 0.0055 -0.8911 -0.4537
vn -0.0269 -0.8906 -0.4540
vn -0.0512 -0.8817 -0.4691
vn -0.0550 -0.8911 -0.4504
vn -0.1066 -0.8897 -0.4440
vn -0.1023 -0.8508 -0.5155
vn -0.1212 -0.8910 -0.4375
vn -0.1621 -0.8896 -0.4270
vn -0.1628 -0.8845 -0.4372
vn -0.1865 -0.8908 -0.4144
vn -0.2153 -0.8896 -0.4029
vn -0.2140 -0.8911 -0.4001
vn -0.2555 -0.8901 -0.3775
vn -0.2146 -0.8912 -0.3998
vn -0.2470 -0.8905 -0.3822
vn -0.2788 -0.8747 -0.3964
vn -0.2701 -0.8911 -0.3647
vn -0.3090 -0.8896 -0.3363
vn -0.3466 -0.8912 -0.2928
vn -0.3483 -0.8897 -0.2953
vn -0.3212 -0.8910 -0.3209
vn -0.3300 -0.8642 -0.3797
vn -0.3661 -0.8907 -0.2696
vn -0.3881 -0.8863 -0.2527
vn -0.3807 -0.8911 -0.2469
vn -0.3972 -0.8907 -0.2211
vn -0.3818 -0.8911 -0.2451
vn -0.4032 -0.8903 -0.2115
vn -0.4413 -0.8711 -0.2154
vn -0.4147 -0.8910 -0.1846
vn -0.4334 -0.8896 -0.1442
vn -0.4551 -0.8760 -0.1594
vn -0.4380 -0.8909 -0.1206
vn -0.4480 -0.8896 -0.0888
vn -0.4451 -0.8911 -0.0880
vn -0.4512 -0.8906 -0.0567
vn -0.4452 -0.8911 -0.0874
vn -0.4515 -0.8906 -0.0548
vn -0.4752 -0.8792 -0.0356
vn -0.4530 -0.8911 -0.0263
vn -0.4560 -0.8896 0.0256
vn -0.5185 -0.8550 0.0103
vn -0.4521 -0.8910 0.0429
vn -0.4491 -0.8896 0.0835
vn -0.4535 -0.8874 0.0830
vn -0.4408 -0.8908 0.1107
vn -0.4349 -0.8896 0.1397
vn -0.4035 -0.9053 0.1324
vn -0.4263 -0.8910 0.1561
vn -0.4317 -0.8911 0.1397
vn -0.4199 -0.8904 0.1755
vn -0.4416 -0.8739 0.2031
vn -0.4070 -0.8911 0.2007
vn -0.3867 -0.8897 0.2428
vn -0.3499 -0.8911 0.2888
vn -0.3529 -0.8896 0.2900
vn -0.3728 -0.8909 0.2593
vn -0.4249 -0.8691 0.2532
vn -0.3296 -0.8906 0.3132
vn -0.3219 -0.8834 0.3406
vn -0.3108 -0.8911 0.3306
vn -0.2830 -0.8904 0.3564
vn -0.3082 -0.8911 0.3330
vn -0.2792 -0.8903 0.3598
vn -0.2909 -0.8711 0.3957
vn -0.2550 -0.8910 0.3755
vn -0.2200 -0.8896 0.4002
vn -0.2332 -0.8803 0.4131
vn -0.1969 -0.8909 0.4094
vn -0.1686 -0.8897 0.4243
vn -0.1554 -0.9044 0.3975
vn -0.1494 -0.8910 0.4288
vn -0.1667 -0.8911 0.4220
vn -0.1334 -0.8905 0.4349
vn -0.1217 -0.8761 0.4664
vn -0.1050 -0.8911 0.4415
vn -0.0560 -0.8896 0.4533
vn -0.0793 -0.8590 0.5058
vn -0.0371 -0.8910 0.4526
vn 0.0018 -0.8896 0.4568
vn 0.0022 -0.8903 0.4553
vn 0.0295 -0.8908 0.4535
vn 0.0588 -0.8896 0.4529
vn 0.0587 -0.8911 0.4499
vn 0.0960 -0.8905 0.4448
vn 0.0593 -0.8911 0.4498
vn 0.0975 -0.8904 0.4446
vn 0.1201 -0.8725 0.4736
vn 0.1252 -0.8911 0.4362
vn 0.1699 -0.8896 0.4239
vn 0.2219 -0.8911 0.3958
vn 0.2226 -0.8896 0.3989
vn 0.1901 -0.8909 0.4125
vn 0.1728 -0.8729 0.4563
vn 0.2503 -0.8906 0.3796
vn 0.2796 -0.8813 0.3810
vn 0.2593 -0.9009 0.3481
vn 0.2879 -0.8909 0.3514
vn 0.2733 -0.8911 0.3622
vn 0.3046 -0.8902 0.3387
vn 0.3359 -0.8717 0.3567
vn 0.3240 -0.8910 0.3180
vn 0.3536 -0.8897 0.2889
vn 0.3594 -0.8845 0.2974
vn 0.3683 -0.8908 0.2662
vn 0.3876 -0.8896 0.2417
vn 0.3700 -0.9005 0.2286
vn 0.3974 -0.8909 0.2200
vn 0.3855 -0.8911 0.2393
vn 0.4049 -0.8905 0.2076
vn 0.4401 -0.8744 0.2044
vn 0.4163 -0.8911 0.1808
vn 0.4360 -0.8896 0.1363
vn 0.4467 -0.8911 0.0794
vn 0.4494 -0.8897 0.0808
vn 0.4389 -0.8909 0.1166
vn 0.4771 -0.8634 0.1642
vn 0.4517 -0.8907 0.0507
vn 0.4610 -0.8870 0.0249
vn 0.4277 -0.9037 0.0205
vn 0.4541 -0.8910 0.0036
vn 0.4532 -0.8911 0.0221
vn 0.4550 -0.8903 -0.0180
vn 0.4898 -0.8712 -0.0336
vn 0.4514 -0.8911 -0.0471
vn 0.4475 -0.8896 -0.0917
vn 0.4736 -0.8762 -0.0894
vn 0.4396 -0.8909 -0.1147
vn 0.4323 -0.8896 -0.1476
vn 0.4255 -0.8931 -0.1459
vn 0.4290 -0.8911 -0.1477
vn 0.4291 -0.8911 -0.1475
vn 0.4180 -0.8906 -0.1791
vn 0.4285 -0.8794 -0.2073
vn 0.4052 -0.8911 -0.2043
vn 0.3823 -0.8896 -0.2498
vn 0.4436 -0.8553 -0.2677
vn 0.3703 -0.8910 -0.2626
vn 0.3474 -0.8896 -0.2965
vn 0.3508 -0.8878 -0.2980
vn 0.3265 -0.8908 -0.3161
vn 0.3069 -0.8896 -0.3384
vn 0.3023 -0.8927 -0.3341
vn 0.3041 -0.8912 -0.3367
vn 0.3041 -0.8911 -0.3367
vn 0.2757 -0.8904 -0.3621
vn 0.2809 -0.8734 -0.3977
vn 0.2516 -0.8911 -0.3777
vn 0.2129 -0.8896 -0.4040
vn 0.1590 -0.8911 -0.4249
vn 0.1608 -0.8897 -0.4274
vn 0.1932 -0.8909 -0.4110
vn 0.2411 -0.8687 -0.4326
vn 0.1294 -0.8907 -0.4359
vn 0.1089 -0.8834 -0.4558
vn 0.1043 -0.8911 -0.4416
vn 0.0719 -0.8906 -0.4490
vn 0.1009 -0.8911 -0.4424
vn 0.0621 -0.8903 -0.4512
vn 0.0543 -0.8708 -0.4886
vn 0.0329 -0.8910 -0.4527
vn -0.0101 -0.8896 -0.4566
vn -0.0049 -0.8798 -0.4754
vn -0.0350 -0.8908 -0.4530
vn -0.0669 -0.8897 -0.4517
vn -0.0646 -0.9059 -0.4184
vn -0.0804 -0.8910 -0.4467
vn -0.0673 -0.8911 -0.4487
vn -0.1014 -0.8906 -0.4434
vn -0.1273 -0.8767 -0.4638
vn -0.1292 -0.8911 -0.4350
vn -0.1777 -0.8896 -0.4207
vn -0.1836 -0.8595 -0.4770
vn -0.1939 -0.8910 -0.4106
vn -0.2299 -0.8896 -0.3947
vn -0.2294 -0.8905 -0.3929
vn -0.2541 -0.8907 -0.3770
vn -0.2779 -0.8896 -0.3625
vn -0.2762 -0.8911 -0.3599
vn -0.3126 -0.8901 -0.3315
vn -0.2768 -0.8911 -0.3595
vn -0.3074 -0.8904 -0.3357
vn -0.3408 -0.8730 -0.3489
vn -0.3267 -0.8911 -0.3151
vn -0.3588 -0.8897 -0.2824
vn -0.3898 -0.8911 -0.2322
vn -0.3919 -0.8896 -0.2345
vn -0.3706 -0.8909 -0.2626
vn -0.3773 -0.8731 -0.3088
vn -0.4066 -0.8906 -0.2038
vn -0.4332 -0.8809 -0.1906
vn -0.4160 -0.8911 -0.1812
vn -0.4287 -0.8906 -0.1515
vn -0.4179 -0.8911 -0.1769
vn -0.4333 -0.8902 -0.1407
vn -0.4704 -0.8712 -0.1407
vn -0.4398 -0.8910 -0.1126
vn -0.4508 -0.8897 -0.0728
vn -0.4608 -0.8841 -0.0777
vn -0.4519 -0.8908 -0.0467
vn -0.4563 -0.8897 -0.0159
vn -0.4535 -0.8911 -0.0156
vn -0.4546 -0.8902 0.0288
vn -0.4535 -0.8911 -0.0149
vn -0.4545 -0.8905 0.0222
vn -0.4834 -0.8744 0.0426
vn -0.4509 -0.8911 0.0512
vn -0.4457 -0.8896 0.0999
vn -0.4264 -0.8911 0.1552
vn -0.4295 -0.8896 0.1554
vn -0.4383 -0.8909 0.1187
vn -0.4954 -0.8633 0.0963
vn -0.4162 -0.8907 0.1828
vn -0.4106 -0.8875 0.2091
vn -0.4040 -0.8911 0.2064
vn -0.3906 -0.8908 0.2324
vn -0.4034 -0.8911 0.2078
vn -0.3852 -0.8904 0.2426
vn -0.4070 -0.8716 0.2734
vn -0.3678 -0.8911 0.2660
vn -0.3419 -0.8896 0.3028
vn -0.3651 -0.8766 0.3135
vn -0.3235 -0.8909 0.3189
vn -0.3006 -0.8896 0.3439
vn -0.2985 -0.8911 0.3418
vn -0.2648 -0.8902 0.3707
vn -0.2979 -0.8912 0.3422
vn -0.2722 -0.8906 0.3644
vn -0.2673 -0.8791 0.3947
vn -0.2481 -0.8911 0.3799
vn -0.2056 -0.8897 0.4077
vn -0.2495 -0.8556 0.4536
vn -0.1896 -0.8910 0.4125
vn -0.1530 -0.8896 0.4302
vn -0.1551 -0.8879 0.4331
vn -0.1252 -0.8908 0.4369
vn -0.0970 -0.8896 0.4463
vn -0.0893 -0.9026 0.4212
vn -0.0749 -0.8909 0.4480
vn -0.0955 -0.8911 0.4436
vn -0.0578 -0.8904 0.4515
vn -0.0447 -0.8731 0.4855
vn -0.0288 -0.8911 0.4529
vn 0.0183 -0.8896 0.4564
vn 0.0752 -0.8911 0.4474
vn 0.0749 -0.8897 0.4504
vn 0.0391 -0.8909 0.4524
vn 0.0079 -0.8677 0.4970
vn 0.1053 -0.8907 0.4422
vn 0.1330 -0.8839 0.4483
vn 0.1301 -0.8911 0.4347
vn 0.1694 -0.8903 0.4226
vn 0.1332 -0.8911 0.4337
vn 0.1715 -0.8903 0.4219
vn 0.1969 -0.8708 0.4504
vn 0.1976 -0.8910 0.4087
vn 0.2370 -0.8896 0.3904
vn 0.2419 -0.8798 0.4091
vn 0.2570 -0.8908 0.3746
vn 0.2844 -0.8896 0.3574
vn 0.2704 -0.9020 0.3365
vn 0.2995 -0.8909 0.3414
vn 0.2832 -0.8911 0.3545
vn 0.3103 -0.8905 0.3327
vn 0.3416 -0.8775 0.3367
vn 0.3294 -0.8911 0.3121
vn 0.3640 -0.8896 0.2758
vn 0.3968 -0.8599 0.3212
vn 0.3728 -0.8910 0.2591
vn 0.3962 -0.8896 0.2273
vn 0.3940 -0.8912 0.2250
vn 0.4220 -0.8896 0.1750
vn 0.4195 -0.8911 0.1730
vn 0.4342 -0.8904 0.1366
vn 0.4707 -0.8725 0.1314
vn 0.4406 -0.8911 0.1086
vn 0.4520 -0.8897 0.0648
vn 0.4538 -0.8911 0.0066
vn 0.4566 -0.8896 0.0076
vn 0.4521 -0.8909 0.0427
vn 0.4813 -0.8731 0.0784
vn 0.4540 -0.8906 -0.0264
vn 0.4708 -0.8807 -0.0511
vn 0.4444 -0.8944 -0.0504
vn 0.4478 -0.8908 -0.0773
vn 0.4504 -0.8911 -0.0554
vn 0.4456 -0.8902 -0.0948
vn 0.4782 -0.8709 -0.1134
vn 0.4371 -0.8910 -0.1226
vn 0.4266 -0.8896 -0.1631
vn 0.4391 -0.8833 -0.1640
vn 0.4144 -0.8908 -0.1864
vn 0.4031 -0.8896 -0.2147
vn 0.4004 -0.8911 -0.2135
vn 0.3833 -0.8905 -0.2451
vn 0.4000 -0.8912 -0.2141
vn 0.3827 -0.8905 -0.2460
vn 0.3969 -0.8748 -0.2779
vn 0.3652 -0.8911 -0.2693
vn 0.3363 -0.8896 -0.3091
vn 0.2916 -0.8912 -0.3476
vn 0.2943 -0.8896 -0.3493
vn 0.3204 -0.8910 -0.3218
vn 0.3805 -0.8638 -0.3303
vn 0.2688 -0.8907 -0.3667
vn 0.2506 -0.8873 -0.3872
vn 0.2460 -0.8911 -0.3812
vn 0.2074 -0.8902 -0.4057
vn 0.2447 -0.8911 -0.3821
vn 0.2117 -0.8904 -0.4030
vn 0.2147 -0.8724 -0.4392
vn 0.1858 -0.8911 -0.4141
vn 0.1451 -0.8896 -0.4330
vn 0.1595 -0.8769 -0.4534
vn 0.1212 -0.8909 -0.4378
vn 0.0888 -0.8896 -0.4481
vn 0.0867 -0.8935 -0.4407
vn 0.0611 -0.8908 -0.4503
vn 0.0873 -0.8911 -0.4453
vn 0.0536 -0.8906 -0.4517
vn 0.0342 -0.8786 -0.4763
vn 0.0246 -0.8911 -0.4531
vn -0.0266 -0.8896 -0.4560
vn -0.0111 -0.8540 -0.5202
vn -0.0431 -0.8910 -0.4519
vn -0.0829 -0.8897 -0.4490
vn -0.0824 -0.8876 -0.4532
vn -0.1093 -0.8908 -0.4411
vn -0.1387 -0.8896 -0.4351
vn -0.1380 -0.8911 -0.4322
vn -0.1824 -0.8901 -0.4176
vn -0.1386 -0.8911 -0.4320
vn -0.1753 -0.8904 -0.4200
vn -0.2038 -0.8730 -0.4432
vn -0.2013 -0.8911 -0.4067
vn -0.2441 -0.8896 -0.3860
vn -0.2896 -0.8911 -0.3493
vn -0.2908 -0.8896 -0.3522
vn -0.2604 -0.8909 -0.3721
vn -0.2554 -0.8676 -0.4267
vn -0.3130 -0.8907 -0.3297
vn -0.3385 -0.8847 -0.3205
vn -0.3302 -0.8911 -0.3112
vn -0.3518 -0.8907 -0.2880
vn -0.3321 -0.8911 -0.3091
vn -0.3592 -0.8903 -0.2800
vn -0.3951 -0.8711 -0.2917
vn -0.3751 -0.8911 -0.2556
vn -0.4003 -0.8896 -0.2199
vn -0.4134 -0.8802 -0.2332
vn -0.4099 -0.8908 -0.1960
vn -0.4250 -0.8896 -0.1673
vn -0.4223 -0.8911 -0.1659
vn -0.4391 -0.8901 -0.1221
vn -0.4226 -0.8911 -0.1653
vn -0.4352 -0.8905 -0.1325
vn -0.4650 -0.8771 -0.1201
vn -0.4416 -0.8911 -0.1046
vn -0.4531 -0.8897 -0.0567
vn -0.4538 -0.8911 0.0017
vn -0.4567 -0.8896 0.0008
vn -0.4524 -0.8910 -0.0385
vn -0.5034 -0.8604 -0.0792
vn -0.9738 -0.0000 -0.2275
vn -0.4969 -0.0000 0.8678
vn -0.9865 -0.0000 -0.1637
vn 0.3787 -0.0000 -0.9255
vn 0.3400 -0.0000 -0.9404
vn -0.8896 -0.0000 0.4568
vn 0.0451 -0.0000 0.9990
vn 0.1799 -0.0000 0.9837
vn 0.9321 -0.0000 -0.3621
vn -0.9980 -0.0000 -0.0629
vn -0.9937 -0.1060 -0.0360
vn -0.9888 0.0572 -0.1376
vn -0.9936 -0.0000 -0.1130
vn -0.9803 -0.0000 -0.1977
vn -0.9815 -0.0269 -0.1898
vn -0.9629 0.0149 -0.2696
vn -0.9650 -0.0000 -0.2623
vn -0.9441 -0.0000 -0.3295
vn -0.9404 0.0279 -0.3389
vn -0.9170 -0.0159 -0.3985
vn -0.9132 -0.0000 -0.4074
vn -0.9028 -0.0000 -0.4300
vn -0.7676 0.1024 -0.6327
vn -0.8181 -0.0000 -0.5750
vn -0.8393 -0.0000 -0.5436
vn -0.8531 -0.0347 -0.5206
vn -0.8750 0.0552 -0.4810
vn -0.8892 -0.0000 -0.4575
vn -0.7931 -0.0657 -0.6056
vn -0.7468 -0.0000 -0.6650
vn -0.7325 -0.0000 -0.6808
vn -0.7198 0.0117 -0.6941
vn -0.6822 -0.0582 -0.7288
vn -0.6674 0.0053 -0.7447
vn -0.6337 -0.0000 -0.7736
vn -0.5835 -0.0000 -0.8121
vn -0.6049 -0.1280 -0.7859
vn -0.5446 0.0272 -0.8382
vn 0.0027 0.1042 -0.9946
vn -0.0753 -0.0000 -0.9972
vn -0.1177 -0.0000 -0.9931
vn -0.1384 -0.0338 -0.9898
vn -0.1881 0.0429 -0.9812
vn -0.2092 -0.0000 -0.9779
vn -0.2664 -0.0000 -0.9639
vn -0.2705 -0.0084 -0.9627
vn -0.3361 0.0116 -0.9418
vn -0.3402 -0.0000 -0.9404
vn -0.4106 -0.0000 -0.9118
vn -0.3980 0.0324 -0.9168
vn -0.4777 -0.0459 -0.8773
vn -0.4659 -0.0000 -0.8848
vn -0.5213 -0.0000 -0.8534
vn -0.0419 -0.1011 -0.9940
vn 0.0358 -0.0000 -0.9994
vn 0.0625 -0.0000 -0.9980
vn 0.1352 0.0421 -0.9899
vn 0.1136 -0.0545 -0.9920
vn 0.1887 0.0017 -0.9820
vn 0.1989 -0.0000 -0.9800
vn 0.2278 -0.0000 -0.9737
vn 0.2579 -0.0676 -0.9638
vn 0.2997 0.0306 -0.9535
vn 0.6909 -0.0000 -0.7229
vn 0.6787 -0.0330 -0.7337
vn 0.6357 0.0325 -0.7712
vn 0.6234 -0.0000 -0.7819
vn 0.5717 -0.0000 -0.8205
vn 0.5728 0.0031 -0.8197
vn 0.5093 -0.0036 -0.8606
vn 0.5105 -0.0000 -0.8599
vn 0.4402 -0.0000 -0.8979
vn 0.4566 0.0501 -0.8883
vn 0.3710 -0.0636 -0.9264
vn 0.3897 -0.0000 -0.9209
vn 0.3311 -0.0000 -0.9436
vn 0.9174 -0.0000 -0.3980
vn 0.9056 -0.0539 -0.4207
vn 0.8860 0.0313 -0.4627
vn 0.8746 -0.0000 -0.4848
vn 0.8467 -0.0000 -0.5321
vn 0.8419 -0.0212 -0.5392
vn 0.8056 0.0164 -0.5922
vn 0.8007 -0.0000 -0.5990
vn 0.7488 -0.0000 -0.6627
vn 0.7606 0.0728 -0.6451
vn 0.7252 -0.0000 -0.6885
vn 0.9551 0.0393 -0.2936
vn 0.9383 -0.1171 -0.3255
vn 0.9676 0.0062 -0.2523
vn 0.9996 0.0290 0.0025
vn 0.9968 -0.0662 -0.0442
vn 0.9974 -0.0000 -0.0721
vn 0.9944 -0.0000 -0.1055
vn 0.9863 0.0137 -0.1644
vn 0.9858 -0.0000 -0.1680
vn 0.9731 -0.0000 -0.2304
vn 0.8313 0.0947 0.5476
vn 0.8749 -0.0000 0.4842
vn 0.8956 -0.0000 0.4448
vn 0.9039 -0.0374 0.4261
vn 0.9250 0.0397 0.3778
vn 0.9333 -0.0000 0.3591
vn 0.9534 -0.0000 0.3019
vn 0.9542 -0.0064 0.2991
vn 0.9730 0.0078 0.2306
vn 0.9737 -0.0000 0.2277
vn 0.9882 -0.0000 0.1531
vn 0.9852 0.0359 0.1674
vn 0.9957 -0.0483 0.0792
vn 0.9956 -0.0000 0.0942
vn 0.9995 -0.0000 0.0315
vn 0.8539 -0.1101 0.5087
vn 0.8169 -0.0000 0.5768
vn 0.8004 -0.0000 0.5994
vn 0.7551 0.0375 0.6545
vn 0.7685 -0.0584 0.6372
vn 0.7116 0.0119 0.7025
vn 0.6359 0.0352 0.7710
vn 0.6668 -0.0630 0.7426
vn 0.6922 -0.0000 0.7217
vn 0.7199 -0.0000 0.6941
vn 0.2278 -0.0000 0.9737
vn 0.2421 -0.0314 0.9697
vn 0.2975 0.0283 0.9543
vn 0.3116 -0.0000 0.9502
vn 0.3736 -0.0000 0.9276
vn 0.3710 0.0068 0.9286
vn 0.4412 -0.0070 0.8974
vn 0.4388 -0.0000 0.8986
vn 0.5114 -0.0000 0.8593
vn 0.4925 0.0603 0.8682
vn 0.5746 -0.0679 0.8156
vn 0.5585 -0.0000 0.8295
vn 0.6099 -0.0000 0.7924
vn 0.1041 0.0938 0.9901
vn 0.1535 -0.1354 0.9788
vn 0.0780 -0.0000 0.9970
vn -0.0267 0.0371 0.9990
vn 0.0014 -0.0865 0.9963
vn -0.0762 0.0050 0.9971
vn -0.8681 -0.0000 0.4963
vn -0.8571 -0.0526 0.5124
vn -0.8298 0.0188 0.5577
vn -0.8196 -0.0000 0.5730
vn -0.7825 -0.0000 0.6226
vn -0.7815 -0.0051 0.6239
vn -0.7345 0.0027 0.6786
vn -0.7334 -0.0000 0.6798
vn -0.7067 -0.0000 0.7075
vn -0.6878 -0.0249 0.7254
vn -0.6524 0.0652 0.7551
vn -0.6328 -0.0000 0.7743
vn -0.5895 -0.0000 0.8078
vn -0.5821 -0.0120 0.8130
vn -0.5286 0.0292 0.8484
vn -0.5207 -0.0000 0.8538
vn -0.4595 -0.0000 0.8882
vn -0.4665 0.0131 0.8844
vn -0.3924 -0.0311 0.9193
vn -0.4005 -0.0000 0.9163
vn -0.3196 -0.0000 0.9475
vn -0.3434 0.0524 0.9377
vn -0.2634 -0.0852 0.9609
vn -0.2901 -0.0000 0.9570
vn -0.2283 -0.0000 0.9736
vn -0.2288 0.0005 0.9735
vn -0.1555 -0.0022 0.9878
vn -0.1561 -0.0000 0.9877
vn -0.0929 -0.0000 0.9957
vn -0.9182 0.0205 0.3956
vn -0.8936 -0.1398 0.4264
vn -0.9334 0.0140 0.3585
vn -0.8735 0.0034 -0.4867
vn -0.8867 -0.0731 -0.4564
vn -0.9068 0.0194 -0.4211
vn -0.9191 -0.0000 -0.3939
vn -0.9380 -0.0000 -0.3467
vn -0.9420 -0.0382 -0.3334
vn -0.9609 0.0187 -0.2763
vn -0.9646 -0.0000 -0.2636
vn -0.9800 -0.0000 -0.1990
vn -0.9791 0.0122 -0.2030
vn -0.9919 -0.0081 -0.1267
vn -0.9914 -0.0000 -0.1306
vn -0.9961 -0.0000 -0.0879
vn -0.9976 -0.0176 -0.0677
vn -0.9985 0.0506 -0.0224
vn -1.0000 -0.0000 -0.0011
vn -0.9983 -0.0000 0.0589
vn -0.9980 -0.0062 0.0625
vn -0.9912 0.0116 0.1321
vn -0.9907 -0.0000 0.1360
vn -0.9774 -0.0000 0.2114
vn -0.9798 0.0289 0.1977
vn -0.9571 -0.0534 0.2850
vn -0.9625 -0.0000 0.2713
vn -0.4514 0.1600 -0.8779
vn -0.5267 -0.0000 -0.8501
vn -0.5676 -0.0000 -0.8233
vn -0.5799 -0.0201 -0.8144
vn -0.6256 0.0434 -0.7790
vn -0.6385 -0.0000 -0.7696
vn -0.6868 -0.0000 -0.7269
vn -0.6855 0.0029 -0.7281
vn -0.7380 -0.0063 -0.6748
vn -0.7367 -0.0000 -0.6762
vn -0.7888 -0.0000 -0.6147
vn -0.7762 0.0389 -0.6293
vn -0.8307 -0.0812 -0.5508
vn -0.8218 -0.0000 -0.5698
vn -0.8562 -0.0000 -0.5166
vn -0.5007 -0.0719 -0.8626
vn -0.4342 -0.0000 -0.9008
vn -0.4046 -0.0000 -0.9145
vn -0.3975 0.0105 -0.9176
vn -0.3368 -0.0255 -0.9412
vn -0.3291 -0.0000 -0.9443
vn -0.2758 -0.0000 -0.9612
vn -0.2476 0.0185 -0.9687
vn -0.2568 -0.0000 -0.9665
vn -0.1871 -0.0000 -0.9823
vn -0.1868 0.0008 -0.9824
vn -0.1147 -0.0005 -0.9934
vn -0.1145 -0.0000 -0.9934
vn -0.0522 -0.0000 -0.9986
vn -0.0343 0.0392 -0.9986
vn 0.0214 -0.0309 -0.9993
vn 0.0390 -0.0000 -0.9992
vn 0.0859 -0.0000 -0.9963
vn 0.1623 0.1143 -0.9801
vn 0.1146 -0.1070 -0.9876
vn 0.1922 -0.0000 -0.9814
vn 0.2668 -0.0731 -0.9610
vn 0.2946 0.0572 -0.9539
vn 0.2221 -0.0000 -0.9750
vn 0.7172 0.0720 -0.6931
vn 0.6638 -0.0000 -0.7479
vn 0.6295 -0.0000 -0.7770
vn 0.6133 -0.0426 -0.7887
vn 0.5703 0.0332 -0.8207
vn 0.5544 -0.0000 -0.8322
vn 0.5030 -0.0000 -0.8643
vn 0.5009 -0.0058 -0.8655
vn 0.4384 0.0056 -0.8988
vn 0.4363 -0.0000 -0.8998
vn 0.6797 -0.1377 -0.7204
vn 0.7414 -0.0000 -0.6711
vn 0.7603 -0.0000 -0.6496
vn 0.8018 0.0138 -0.5974
vn 0.7901 -0.0582 -0.6102
vn 0.8420 0.0171 -0.5391
vn 0.8353 -0.0000 -0.5498
vn 0.8614 -0.0000 -0.5079
vn 0.8881 -0.0000 -0.4596
vn 0.8901 0.0076 -0.4557
vn 0.9193 -0.0133 -0.3934
vn 0.9212 -0.0000 -0.3892
vn 0.9424 -0.0000 -0.3345
vn 0.9491 0.0216 -0.3143
vn 0.9625 -0.0592 -0.2647
vn 0.9699 -0.0000 -0.2434
vn 0.9795 -0.0000 -0.2015
vn 0.9907 0.0161 -0.1349
vn 0.9774 -0.1287 -0.1679
vn 0.9959 0.0652 -0.0627
vn 0.9958 -0.0000 -0.0916
vn 1.0000 -0.0000 -0.0017
vn 0.9991 -0.0413 -0.0132
vn 0.9972 0.0201 0.0723
vn 0.9981 -0.0000 0.0616
vn 0.9937 -0.0000 0.1123
vn 0.9876 -0.0000 0.1573
vn 0.9865 0.0096 0.1636
vn 0.9732 -0.0205 0.2291
vn 0.9718 -0.0000 0.2357
vn 0.9569 -0.0000 0.2905
vn 0.9498 0.0175 0.3124
vn 0.9312 -0.0679 0.3581
vn 0.9242 -0.0000 0.3819
vn 0.8792 -0.0000 0.4764
vn 0.8867 -0.1125 0.4484
vn 0.8387 0.0635 0.5409
vn 0.8546 -0.0000 0.5193
vn 0.8057 -0.0000 0.5924
vn 0.8107 -0.0310 0.5847
vn 0.7596 0.0172 0.6501
vn 0.7653 -0.0000 0.6436
vn 0.7179 -0.0000 0.6962
vn 0.6413 -0.0000 0.7673
vn 0.6531 -0.0697 0.7540
vn 0.5944 0.0131 0.8040
vn -0.0871 -0.0000 0.9962
vn -0.0583 -0.0688 0.9959
vn -0.0134 0.0239 0.9996
vn 0.0139 -0.0000 0.9999
vn 0.0668 -0.0000 0.9978
vn 0.0777 -0.0295 0.9965
vn 0.1393 0.0167 0.9901
vn 0.1497 -0.0000 0.9887
vn 0.2172 -0.0000 0.9761
vn 0.2105 0.0205 0.9774
vn 0.2854 -0.0136 0.9583
vn 0.2791 -0.0000 0.9603
vn 0.3229 -0.0000 0.9464
vn 0.3399 -0.0196 0.9403
vn 0.3898 0.0518 0.9195
vn 0.4078 -0.0000 0.9131
vn 0.4642 -0.0000 0.8857
vn 0.4651 -0.0016 0.8852
vn 0.5287 0.0038 0.8488
vn 0.5297 -0.0000 0.8482
vn 0.5825 -0.0000 0.8129
vn -0.9934 -0.0720 -0.0889
vn -0.9861 0.1061 -0.1277
vn -0.9986 -0.0000 -0.0524
vn -0.9999 -0.0000 -0.0125
vn -0.9994 -0.0336 0.0119
vn -0.9969 0.0519 0.0594
vn -0.9964 -0.0000 0.0844
vn -0.9900 -0.0000 0.1408
vn -0.9889 -0.0132 0.1481
vn -0.9768 0.0210 0.2132
vn -0.9753 -0.0000 0.2207
vn -0.9567 -0.0000 0.2912
vn -0.9593 0.0217 0.2815
vn -0.9313 -0.0357 0.3625
vn -0.9357 -0.0000 0.3529
vn -0.9009 -0.0000 0.4340
vn -0.9105 0.0664 0.4082
vn -0.8589 -0.1153 0.4991
vn -0.8789 -0.0000 0.4771
vn -0.8243 -0.0000 0.5661
vn -0.8092 -0.0643 0.5841
vn -0.7807 0.0168 0.6246
vn -0.7670 -0.0000 0.6417
vn -0.7280 -0.0000 0.6856
vn -0.7241 -0.0174 0.6895
vn -0.6754 0.0077 0.7374
vn -0.6715 -0.0000 0.7410
vn -0.6451 -0.0000 0.7641
vn -0.6221 -0.0285 0.7824
vn -0.5868 0.0672 0.8070
vn -0.5630 -0.0000 0.8265
vn -0.5201 -0.0000 0.8541
vn -0.5094 -0.0162 0.8604
vn -0.4564 0.0378 0.8890
vn -0.4450 -0.0000 0.8955
vn -0.3843 -0.0000 0.9232
vn -0.3884 0.0071 0.9215
vn -0.3151 -0.0165 0.9489
vn -0.3196 -0.0000 0.9476
vn -0.2390 -0.0000 0.9710
vn -0.2602 0.0446 0.9645
vn -0.1626 -0.0971 0.9819
vn -0.1883 0.0061 0.9821
vn -0.1239 -0.0000 0.9923
vn -0.9205 0.1431 -0.3637
vn -0.9562 -0.0000 -0.2926
vn -0.9750 -0.0000 -0.2223
vn -0.9720 0.0328 -0.2327
vn -0.9824 -0.0000 -0.1867
vn -0.9438 -0.0835 -0.3197
vn -0.9195 -0.0000 -0.3931
vn -0.9068 -0.0000 -0.4215
vn -0.9028 0.0102 -0.4299
vn -0.8732 -0.0323 -0.4863
vn -0.8687 -0.0000 -0.4953
vn -0.8403 -0.0000 -0.5421
vn -0.8262 0.0096 -0.5633
vn -0.8007 -0.0697 -0.5949
vn -0.7825 0.0139 -0.6225
vn -0.7587 -0.0000 -0.6515
vn -0.6679 -0.0000 -0.7443
vn -0.7165 -0.0000 -0.6976
vn -0.7303 -0.0893 -0.6773
vn -0.6832 0.0156 -0.7301
vn -0.6197 -0.0000 -0.7849
vn -0.6243 -0.0210 -0.7809
vn -0.5590 0.0107 -0.8291
vn -0.5639 -0.0000 -0.8258
vn -0.5056 -0.0000 -0.8628
vn -0.4949 0.0335 -0.8683
vn -0.4406 -0.0171 -0.8976
vn -0.4303 -0.0000 -0.9027
vn -0.3821 -0.0000 -0.9241
vn -0.3542 0.0620 -0.9331
vn -0.3138 -0.0300 -0.9490
vn -0.2870 -0.0000 -0.9579
vn -0.2524 -0.0000 -0.9676
vn -0.2487 0.0056 -0.9686
vn -0.1817 -0.0130 -0.9833
vn -0.1777 -0.0000 -0.9841
vn -0.1196 -0.0000 -0.9928
vn -0.0993 0.0151 -0.9949
vn -0.0479 -0.0628 -0.9969
vn -0.0261 -0.0000 -0.9997
vn 0.0806 -0.0000 -0.9967
vn 0.0490 -0.1238 -0.9911
vn 0.1284 0.0222 -0.9915
vn 0.6453 0.1102 -0.7560
vn 0.5877 -0.0000 -0.8091
vn 0.5539 -0.0000 -0.8326
vn 0.5344 -0.0331 -0.8446
vn 0.4917 0.0495 -0.8693
vn 0.4718 -0.0000 -0.8817
vn 0.4210 -0.0000 -0.9071
vn 0.4155 -0.0105 -0.9095
vn 0.3541 0.0171 -0.9350
vn 0.3484 -0.0000 -0.9374
vn 0.2783 -0.0000 -0.9605
vn 0.2892 0.0250 -0.9569
vn 0.2051 -0.0407 -0.9779
vn 0.2170 -0.0000 -0.9762
vn 0.1545 -0.0000 -0.9880
vn 0.6140 -0.0852 -0.7847
vn 0.6753 -0.0000 -0.7375
vn 0.6936 -0.0000 -0.7203
vn 0.7045 0.0102 -0.7096
vn 0.7427 -0.0540 -0.6674
vn 0.7549 -0.0000 -0.6559
vn 0.8048 -0.0000 -0.5935
vn 0.8200 -0.0702 -0.5680
vn 0.8463 0.0259 -0.5321
vn 0.8627 -0.0000 -0.5057
vn 0.8926 -0.0000 -0.4508
vn 0.8831 -0.0583 -0.4656
vn 0.9228 0.0425 -0.3829
vn 0.9170 -0.0000 -0.3988
vn 0.9455 -0.0000 -0.3255
vn 0.9490 0.0349 -0.3133
vn 0.9614 -0.0000 -0.2750
vn 0.9770 -0.0000 -0.2133
vn 0.9674 -0.0873 -0.2378
vn 0.9861 0.0374 -0.1618
vn 0.9616 0.0942 0.2578
vn 0.9810 -0.0000 0.1939
vn 0.9899 -0.0000 0.1418
vn 0.9910 -0.0226 0.1316
vn 0.9973 0.0214 0.0700
vn 0.9982 -0.0000 0.0598
vn 0.9999 -0.0000 -0.0100
vn 0.9998 0.0190 -0.0027
vn 0.9962 -0.0202 -0.0843
vn 0.9970 -0.0000 -0.0770
vn 0.9901 -0.0000 -0.1402
vn 0.9731 -0.0807 0.2159
vn 0.9598 -0.0000 0.2808
vn 0.9486 -0.0000 0.3164
vn 0.9157 0.1071 0.3872
vn 0.9331 -0.0662 0.3536
vn 0.9052 -0.0000 0.4250
vn 0.8960 -0.0000 0.4441
vn 0.8872 0.0123 0.4613
vn 0.8608 -0.0615 0.5051
vn 0.8508 0.0046 0.5254
vn 0.2801 0.1071 0.9540
vn 0.3547 -0.0000 0.9350
vn 0.3944 -0.0000 0.9190
vn 0.4143 -0.0344 0.9095
vn 0.4595 0.0466 0.8870
vn 0.4798 -0.0000 0.8774
vn 0.5308 -0.0000 0.8475
vn 0.5348 -0.0093 0.8449
vn 0.5915 0.0133 0.8062
vn 0.5955 -0.0000 0.8033
vn 0.6539 -0.0000 0.7565
vn 0.6440 0.0290 0.7644
vn 0.7078 -0.0435 0.7051
vn 0.6992 -0.0000 0.7150
vn 0.7609 -0.0000 0.6489
vn 0.7382 0.0804 0.6697
vn 0.8024 -0.1250 0.5835
vn 0.7894 -0.0000 0.6138
vn 0.8266 -0.0000 0.5628
vn 0.1740 -0.0554 0.9832
vn 0.3213 -0.0868 0.9430
vn 0.2494 -0.0000 0.9684
vn 0.2241 -0.0000 0.9746
vn 0.1507 0.0516 0.9872
vn -0.0138 0.0277 0.9995
vn 0.0298 -0.0705 0.9971
vn 0.0609 -0.0000 0.9981
vn 0.1003 -0.0000 0.9950
vn -0.4555 -0.0000 0.8902
vn -0.4407 -0.0297 0.8972
vn -0.3903 0.0347 0.9200
vn -0.3753 -0.0000 0.9269
vn -0.3154 -0.0000 0.9490
vn -0.3161 0.0018 0.9487
vn -0.2446 -0.0022 0.9696
vn -0.2454 -0.0000 0.9694
vn -0.1663 -0.0000 0.9861
vn -0.1846 0.0490 0.9816
vn -0.0903 -0.0652 0.9938
vn -0.1097 -0.0000 0.9940
vn -0.0463 -0.0000 0.9989
vn -0.5594 0.1104 0.8215
vn -0.5174 -0.1167 0.8478
vn -0.5858 -0.0000 0.8105
vn -0.7703 -0.0000 0.6377
vn -0.7513 -0.0640 0.6569
vn -0.7215 0.0248 0.6920
vn -0.7037 -0.0000 0.7105
vn -0.6497 -0.0000 0.7602
vn -0.6575 0.0417 0.7523
vn -0.6110 -0.0000 0.7917
vn -0.9827 -0.0000 -0.1853
vn -0.9849 -0.0548 -0.1643
vn -0.9933 0.0203 -0.1139
vn -0.9956 -0.0000 -0.0941
vn -0.9994 -0.0000 -0.0344
vn -0.9995 -0.0106 -0.0308
vn -0.9992 0.0059 0.0389
vn -0.9991 -0.0000 0.0423
vn -0.9969 -0.0000 0.0790
vn -0.9940 -0.0231 0.1065
vn -0.9863 0.0692 0.1500
vn -0.9838 -0.0000 0.1791
vn -0.9729 -0.0000 0.2312
vn -0.9702 -0.0135 0.2417
vn -0.9530 0.0347 0.3011
vn -0.9500 -0.0000 0.3123
vn -0.9262 -0.0000 0.3771
vn -0.9284 0.0100 0.3714
vn -0.8955 -0.0238 0.4444
vn -0.8987 -0.0000 0.4386
vn -0.8585 -0.0000 0.5128
vn -0.8694 0.0464 0.4920
vn -0.8120 -0.1062 0.5739
vn -0.8332 0.0163 0.5528
vn -0.7944 -0.0000 0.6073
vn -0.9559 0.0199 -0.2931
vn -0.9575 -0.1333 -0.2556
vn -0.9425 0.0147 -0.3338
vn -0.8286 0.0319 -0.5590
vn -0.8500 -0.0668 -0.5225
vn -0.8685 -0.0000 -0.4957
vn -0.8824 -0.0000 -0.4705
vn -0.9073 0.0099 -0.4203
vn -0.9085 -0.0000 -0.4178
vn -0.9333 -0.0000 -0.3592
vn -0.3812 0.1030 -0.9188
vn -0.4535 -0.0000 -0.8913
vn -0.4968 -0.0000 -0.8679
vn -0.5099 -0.0315 -0.8596
vn -0.5584 0.0309 -0.8290
vn -0.5714 -0.0000 -0.8206
vn -0.6237 -0.0000 -0.7817
vn -0.6220 0.0051 -0.7830
vn -0.6797 -0.0057 -0.7335
vn -0.6781 -0.0000 -0.7350
vn -0.7351 -0.0000 -0.6780
vn -0.7204 0.0536 -0.6915
vn -0.7821 -0.0664 -0.6195
vn -0.7711 -0.0000 -0.6367
vn -0.8097 -0.0000 -0.5869
vn -0.4261 -0.1277 -0.8956
vn -0.3577 -0.0000 -0.9338
vn -0.3270 -0.0000 -0.9450
vn -0.2566 0.0462 -0.9654
vn -0.2840 -0.0842 -0.9551
vn -0.1948 0.0207 -0.9806
vn -0.2114 -0.0000 -0.9774
vn -0.1340 -0.0000 -0.9910
vn -0.0424 0.8900 -0.4539
vn -0.1894 0.8900 0.4147
vn -0.1176 0.8900 0.4405
vn -0.3781 0.8883 -0.2605
vn -0.0446 0.8884 -0.4569
vn 0.3719 0.8887 -0.2680
vn -0.0351 0.8815 -0.4708
vn -0.0215 0.8902 -0.4551
vn -0.4549 0.8893 -0.0471
vn -0.4530 0.8902 -0.0483
vn -0.4501 0.8894 -0.0799
vn -0.1041 0.8837 -0.4563
vn -0.0922 0.8902 -0.4462
vn -0.0684 0.8897 -0.4515
vn -0.0617 0.8915 -0.4488
vn -0.0458 0.8874 -0.4586
vn -0.2026 0.8878 -0.4133
vn -0.1883 0.8914 -0.4124
vn -0.1706 0.8857 -0.4317
vn -0.1613 0.8902 -0.4261
vn -0.1356 0.8895 -0.4363
vn -0.1360 0.8894 -0.4365
vn -0.1181 0.8902 -0.4401
vn -0.2636 0.8880 -0.3768
vn -0.2551 0.8911 -0.3753
vn -0.2326 0.8879 -0.3970
vn -0.2273 0.8902 -0.3948
vn -0.2064 0.8897 -0.4073
vn -0.3162 0.8893 -0.3305
vn -0.3151 0.8897 -0.3303
vn -0.2886 0.8898 -0.3536
vn -0.2876 0.8902 -0.3533
vn -0.2717 0.8898 -0.3667
vn -0.3625 0.8891 -0.2794
vn -0.3669 0.8872 -0.2798
vn -0.3353 0.8917 -0.3040
vn -0.3417 0.8891 -0.3044
vn -0.3283 0.8899 -0.3166
vn -0.4066 0.8866 -0.2207
vn -0.4128 0.8837 -0.2205
vn -0.3741 0.8937 -0.2477
vn -0.3919 0.8865 -0.2462
vn -0.3758 0.8900 -0.2583
vn -0.4486 0.8865 -0.1134
vn -0.4397 0.8901 -0.1196
vn -0.4330 0.8892 -0.1477
vn -0.4307 0.8902 -0.1485
vn -0.4204 0.8893 -0.1798
vn -0.4279 0.8863 -0.1774
vn -0.4127 0.8905 -0.1916
vn -0.4708 0.8812 0.0430
vn -0.4547 0.8902 0.0287
vn -0.4565 0.8897 0.0065
vn -0.4512 0.8924 -0.0079
vn -0.4556 0.8901 -0.0116
vn -0.4555 0.8898 -0.0281
vn -0.4588 0.8874 -0.0448
vn -0.4570 0.8883 -0.0460
vn -0.4468 0.8911 -0.0797
vn -0.4487 0.8902 -0.0786
vn -0.4450 0.8897 -0.1021
vn -0.4545 0.8835 0.1137
vn -0.4443 0.8902 0.1010
vn -0.4502 0.8896 0.0766
vn -0.4456 0.8929 0.0646
vn -0.4631 0.8849 0.0495
vn -0.4278 0.8857 0.1803
vn -0.4224 0.8902 0.1708
vn -0.4331 0.8895 0.1452
vn -0.4311 0.8915 0.1394
vn -0.4418 0.8885 0.1241
vn -0.3737 0.8871 0.2711
vn -0.3737 0.8908 0.2583
vn -0.3929 0.8877 0.2400
vn -0.3907 0.8902 0.2343
vn -0.4062 0.8895 0.2092
vn -0.4071 0.8885 0.2120
vn -0.4116 0.8904 0.1941
vn -0.3284 0.8815 0.3392
vn -0.3271 0.8897 0.3185
vn -0.3490 0.8897 0.2942
vn -0.3487 0.8902 0.2931
vn -0.3650 0.8896 0.2745
vn -0.2682 0.8848 0.3811
vn -0.2687 0.8902 0.3679
vn -0.2907 0.8896 0.3523
vn -0.2939 0.8932 0.3403
vn -0.3196 0.8850 0.3384
vn -0.2060 0.8870 0.4134
vn -0.2075 0.8902 0.4056
vn -0.2329 0.8895 0.3931
vn -0.2359 0.8928 0.3839
vn -0.2565 0.8879 0.3820
vn -0.1404 0.8890 0.4359
vn -0.1414 0.8902 0.4331
vn -0.1716 0.8894 0.4237
vn -0.1717 0.8895 0.4234
vn -0.1879 0.8899 0.4156
vn 0.0538 0.8807 0.4706
vn 0.0354 0.8902 0.4543
vn 0.0171 0.8898 0.4561
vn 0.0020 0.8922 0.4516
vn -0.0012 0.8901 0.4557
vn -0.0232 0.8896 0.4561
vn -0.0352 0.8854 0.4634
vn -0.0415 0.8889 0.4562
vn -0.0715 0.8909 0.4485
vn -0.0706 0.8902 0.4501
vn -0.1051 0.8893 0.4452
vn -0.1005 0.8847 0.4552
vn -0.1168 0.8901 0.4405
vn 0.1222 0.8831 0.4529
vn 0.1088 0.8902 0.4424
vn 0.0857 0.8897 0.4485
vn 0.0726 0.8929 0.4444
vn 0.0559 0.8827 0.4667
vn 0.1880 0.8852 0.4255
vn 0.1775 0.8902 0.4196
vn 0.1526 0.8896 0.4306
vn 0.1414 0.8931 0.4271
vn 0.1289 0.8868 0.4438
vn 0.2489 0.8873 0.3882
vn 0.2423 0.8902 0.3858
vn 0.2171 0.8894 0.4022
vn 0.2128 0.8910 0.4010
vn 0.1982 0.8893 0.4122
vn 0.3329 0.8864 0.3217
vn 0.3216 0.8901 0.3230
vn 0.3029 0.8893 0.3426
vn 0.3007 0.8902 0.3422
vn 0.2767 0.8894 0.3640
vn 0.2819 0.8873 0.3650
vn 0.2632 0.8904 0.3714
vn 0.4308 0.8810 0.1956
vn 0.4092 0.8902 0.2005
vn 0.3998 0.8897 0.2204
vn 0.3879 0.8925 0.2302
vn 0.3899 0.8901 0.2359
vn 0.3811 0.8897 0.2513
vn 0.3774 0.8866 0.2675
vn 0.3733 0.8882 0.2678
vn 0.3475 0.8913 0.2913
vn 0.3502 0.8902 0.2914
vn 0.3346 0.8896 0.3108
vn 0.4435 0.8870 0.1290
vn 0.4361 0.8902 0.1318
vn 0.4292 0.8896 0.1559
vn 0.4186 0.8931 0.1648
vn 0.4277 0.8842 0.1876
vn 0.4539 0.8890 0.0605
vn 0.4514 0.8902 0.0620
vn 0.4476 0.8894 0.0928
vn 0.4460 0.8901 0.0937
vn 0.4426 0.8898 0.1113
vn 0.4628 0.8852 -0.0466
vn 0.4565 0.8889 -0.0386
vn 0.4539 0.8910 -0.0084
vn 0.4555 0.8902 -0.0097
vn 0.4567 0.8893 0.0247
vn 0.4647 0.8853 0.0191
vn 0.4542 0.8901 0.0374
vn 0.4505 0.8849 -0.1186
vn 0.4485 0.8862 -0.1162
vn 0.4435 0.8929 -0.0771
vn 0.4481 0.8902 -0.0823
vn 0.4532 0.8896 -0.0566
vn 0.4160 0.8901 -0.1863
vn 0.4159 0.8902 -0.1860
vn 0.4300 0.8893 -0.1557
vn 0.4280 0.8909 -0.1524
vn 0.4376 0.8894 -0.1318
vn 0.3798 0.8924 -0.2436
vn 0.3816 0.8902 -0.2488
vn 0.4017 0.8892 -0.2189
vn 0.4020 0.8889 -0.2195
vn 0.4089 0.8898 -0.2024
vn 0.3689 0.8830 -0.2901
vn 0.3643 0.8890 -0.2773
vn 0.3373 0.8902 -0.3062
vn 0.3354 0.8944 -0.2958
vn 0.3296 0.8897 -0.3161
vn 0.2767 0.8896 -0.3634
vn 0.2806 0.8932 -0.3513
vn 0.3133 0.8824 -0.3509
vn 0.3127 0.8853 -0.3441
vn 0.3205 0.8900 -0.3243
vn 0.1914 0.8850 -0.4245
vn 0.1962 0.8901 -0.4113
vn 0.2178 0.8895 -0.4016
vn 0.2215 0.8929 -0.3920
vn 0.2534 0.8845 -0.3918
vn 0.2530 0.8826 -0.3963
vn 0.2614 0.8901 -0.3734
vn 0.1237 0.8880 -0.4429
vn 0.1259 0.8902 -0.4379
vn 0.1552 0.8894 -0.4300
vn 0.1582 0.8922 -0.4231
vn 0.1812 0.8883 -0.4220
vn 0.0538 0.8905 -0.4517
vn 0.0533 0.8902 -0.4525
vn 0.0876 0.8893 -0.4489
vn 0.0893 0.8907 -0.4457
vn 0.1084 0.8897 -0.4435
vn -0.0164 0.8923 -0.4511
vn -0.0198 0.8902 -0.4551
vn 0.0172 0.8892 -0.4572
vn 0.0142 0.8869 -0.4618
vn 0.0328 0.8897 -0.4554
vn -0.0654 0.8806 -0.4693
vn -0.0532 0.8891 -0.4546
vn -0.0905 0.8902 -0.4465
vn -0.0830 0.8941 -0.4400
vn -0.1029 0.8897 -0.4448
vn -0.2066 0.8833 -0.4208
vn -0.1887 0.8901 -0.4148
vn -0.1694 0.8896 -0.4242
vn -0.1572 0.8932 -0.4213
vn -0.1401 0.8826 -0.4487
vn -0.1174 0.8901 -0.4405
vn -0.2666 0.8856 -0.3802
vn -0.2556 0.8902 -0.3772
vn -0.2329 0.8895 -0.3932
vn -0.2228 0.8930 -0.3912
vn -0.2089 0.8865 -0.4129
vn -0.3128 0.8904 -0.3307
vn -0.3132 0.8902 -0.3308
vn -0.2911 0.8894 -0.3524
vn -0.2835 0.8922 -0.3515
vn -0.2723 0.8888 -0.3687
vn -0.3555 0.8924 -0.2780
vn -0.3610 0.8902 -0.2780
vn -0.3393 0.8892 -0.3068
vn -0.3442 0.8872 -0.3073
vn -0.3280 0.8898 -0.3174
vn -0.4018 0.8803 -0.2522
vn -0.3822 0.8891 -0.2520
vn -0.4006 0.8902 -0.2170
vn -0.4351 0.8823 -0.1795
vn -0.3903 0.8943 -0.2187
vn -0.4074 0.8897 -0.2063
vn -0.4131 0.8901 -0.1927
vn -0.4333 0.8831 -0.1800
vn -0.4562 0.8892 -0.0349
vn -0.4486 0.8925 -0.0466
vn -0.4651 0.8824 -0.0713
vn -0.4485 0.8902 -0.0802
vn -0.4448 0.8897 -0.1025
vn -0.4446 0.8898 -0.1028
vn -0.4375 0.8899 -0.1292
vn -0.4563 0.8812 -0.1236
vn -0.4244 0.8932 -0.1486
vn -0.4556 0.8895 0.0349
vn -0.4492 0.8930 0.0262
vn -0.4668 0.8844 -0.0008
vn -0.4555 0.8902 -0.0092
vn -0.4554 0.8898 -0.0289
vn -0.4449 0.8894 0.1048
vn -0.4406 0.8923 0.0981
vn -0.4576 0.8864 0.0700
vn -0.4533 0.8890 0.0655
vn -0.4538 0.8899 0.0470
vn -0.4141 0.8867 0.2056
vn -0.4126 0.8900 0.1938
vn -0.4234 0.8894 0.1724
vn -0.4213 0.8912 0.1684
vn -0.4380 0.8882 0.1389
vn -0.4405 0.8864 0.1425
vn -0.4393 0.8900 0.1222
vn -0.3543 0.8870 0.2963
vn -0.3646 0.8902 0.2731
vn -0.3760 0.8884 0.2634
vn -0.3753 0.8901 0.2585
vn -0.3928 0.8892 0.2344
vn -0.3925 0.8896 0.2336
vn -0.4051 0.8899 0.2098
vn -0.3168 0.8894 0.3295
vn -0.3254 0.8915 0.3153
vn -0.3289 0.8901 0.3154
vn -0.3529 0.8891 0.2916
vn -0.2617 0.8896 0.3743
vn -0.2670 0.8932 0.3619
vn -0.2997 0.8816 0.3646
vn -0.2986 0.8902 0.3440
vn -0.3145 0.8898 0.3307
vn -0.2018 0.8896 0.4098
vn -0.2068 0.8930 0.3997
vn -0.2380 0.8837 0.4030
vn -0.2396 0.8894 0.3894
vn -0.2545 0.8899 0.3786
vn -0.1377 0.8894 0.4358
vn -0.1419 0.8926 0.4279
vn -0.1738 0.8857 0.4304
vn -0.1743 0.8864 0.4288
vn -0.1887 0.8900 0.4151
vn -0.1016 0.8836 0.4571
vn -0.1057 0.8878 0.4480
vn -0.0721 0.8914 0.4474
vn -0.0692 0.8893 0.4520
vn -0.0424 0.8901 0.4538
vn -0.0350 0.8866 0.4612
vn -0.0240 0.8898 0.4557
vn 0.0008 0.8899 0.4562
vn 0.0017 0.8893 0.4574
vn 0.0345 0.8902 0.4543
vn 0.0357 0.8896 0.4554
vn 0.0524 0.8899 0.4531
vn 0.0734 0.8878 0.4544
vn 0.0712 0.8892 0.4520
vn 0.1072 0.8902 0.4428
vn 0.0992 0.8943 0.4364
vn 0.1194 0.8897 0.4407
vn 0.1853 0.8896 0.4175
vn 0.1731 0.8932 0.4150
vn 0.1568 0.8827 0.4430
vn 0.1435 0.8894 0.4341
vn 0.1260 0.8898 0.4385
vn 0.2478 0.8895 0.3840
vn 0.2376 0.8929 0.3823
vn 0.2211 0.8847 0.4104
vn 0.2165 0.8868 0.4082
vn 0.1968 0.8900 0.4114
vn 0.3327 0.8880 0.3174
vn 0.3193 0.8912 0.3221
vn 0.3117 0.8866 0.3416
vn 0.2966 0.8922 0.3405
vn 0.2798 0.8865 0.3685
vn 0.2852 0.8842 0.3700
vn 0.2629 0.8900 0.3724
vn 0.3771 0.8878 0.2637
vn 0.3678 0.8912 0.2655
vn 0.3552 0.8877 0.2928
vn 0.3492 0.8902 0.2926
vn 0.3340 0.8897 0.3114
vn 0.4106 0.8892 0.2017
vn 0.4095 0.8897 0.2019
vn 0.3922 0.8898 0.2335
vn 0.3912 0.8902 0.2336
vn 0.3806 0.8898 0.2520
vn 0.4514 0.8872 0.0952
vn 0.4420 0.8900 0.1120
vn 0.4371 0.8891 0.1356
vn 0.4406 0.8875 0.1346
vn 0.4204 0.8915 0.1689
vn 0.4240 0.8900 0.1678
vn 0.4171 0.8899 0.1845
vn 0.4534 0.8895 0.0569
vn 0.4460 0.8928 0.0633
vn 0.4516 0.8887 0.0798
vn 0.4385 0.8930 0.1014
vn 0.4609 0.8862 -0.0472
vn 0.4543 0.8901 -0.0374
vn 0.4571 0.8894 -0.0123
vn 0.4522 0.8919 -0.0077
vn 0.4610 0.8871 0.0238
vn 0.4666 0.8842 0.0199
vn 0.4543 0.8900 0.0383
vn 0.4438 0.8885 -0.1166
vn 0.4415 0.8901 -0.1128
vn 0.4499 0.8893 -0.0825
vn 0.4482 0.8903 -0.0806
vn 0.4534 0.8896 -0.0557
vn 0.3872 0.8843 -0.2610
vn 0.3825 0.8902 -0.2475
vn 0.3967 0.8896 -0.2263
vn 0.3960 0.8930 -0.2139
vn 0.4096 0.8882 -0.2083
vn 0.4104 0.8892 -0.2023
vn 0.4137 0.8925 -0.1800
vn 0.4163 0.8902 -0.1850
vn 0.4318 0.8892 -0.1512
vn 0.4329 0.8884 -0.1528
vn 0.4369 0.8900 -0.1306
vn 0.3401 0.8863 -0.3143
vn 0.3384 0.8902 -0.3050
vn 0.3579 0.8895 -0.2840
vn 0.3577 0.8913 -0.2785
vn 0.3722 0.8888 -0.2672
vn 0.2566 0.8869 -0.3842
vn 0.2616 0.8906 -0.3720
vn 0.2853 0.8881 -0.3604
vn 0.2852 0.8902 -0.3553
vn 0.3101 0.8894 -0.3359
vn 0.3100 0.8882 -0.3391
vn 0.3207 0.8903 -0.3232
vn 0.1167 0.8895 -0.4418
vn 0.1256 0.8931 -0.4320
vn 0.1550 0.8821 -0.4448
vn 0.1608 0.8902 -0.4263
vn 0.1823 0.8897 -0.4186
vn 0.1812 0.8894 -0.4197
vn 0.1984 0.8910 -0.4084
vn 0.1973 0.8896 -0.4118
vn 0.2250 0.8899 -0.3967
vn 0.2251 0.8902 -0.3961
vn 0.2474 0.8896 -0.3839
vn 0.0472 0.8895 -0.4545
vn 0.0548 0.8931 -0.4466
vn 0.0846 0.8842 -0.4595
vn 0.0911 0.8902 -0.4464
vn 0.1093 0.8898 -0.4430
vn -0.0238 0.8895 -0.4564
vn -0.0176 0.8925 -0.4507
vn 0.0125 0.8860 -0.4635
vn 0.0151 0.8879 -0.4598
vn 0.0336 0.8899 -0.4549
vn -0.1712 0.8897 -0.4233
vn -0.1561 0.8926 -0.4229
vn -0.1538 0.8901 -0.4290
vn -0.1342 0.8896 -0.4365
vn -0.1253 0.8851 -0.4483
vn -0.1177 0.8883 -0.4439
vn -0.0881 0.8914 -0.4445
vn -0.0883 0.8913 -0.4447
vn -0.0578 0.8880 -0.4562
vn -0.0627 0.8852 -0.4610
vn -0.0433 0.8900 -0.4538
vn -0.2711 0.8833 -0.3825
vn -0.2548 0.8902 -0.3777
vn -0.2345 0.8896 -0.3919
vn -0.2211 0.8932 -0.3916
vn -0.2101 0.8817 -0.4226
vn -0.2157 0.8789 -0.4254
vn -0.1880 0.8901 -0.4151
vn -0.3224 0.8859 -0.3335
vn -0.3121 0.8902 -0.3319
vn -0.2924 0.8896 -0.3509
vn -0.2810 0.8931 -0.3512
vn -0.2741 0.8869 -0.3719
vn -0.3657 0.8878 -0.2792
vn -0.3600 0.8902 -0.2793
vn -0.3419 0.8894 -0.3033
vn -0.3378 0.8909 -0.3036
vn -0.3279 0.8894 -0.3184
vn -0.4241 0.8859 -0.1880
vn -0.4134 0.8897 -0.1936
vn -0.4006 0.8898 -0.2183
vn -0.3998 0.8902 -0.2185
vn -0.3843 0.8893 -0.2479
vn -0.3901 0.8870 -0.2472
vn -0.3744 0.8903 -0.2593
vn -0.4666 0.8836 -0.0387
vn -0.4531 0.8902 -0.0475
vn -0.4513 0.8897 -0.0687
vn -0.4438 0.8924 -0.0814
vn -0.4475 0.8901 -0.0860
vn -0.4445 0.8897 -0.1037
vn -0.4476 0.8862 -0.1199
vn -0.4432 0.8881 -0.1220
vn -0.4265 0.8915 -0.1527
vn -0.4296 0.8902 -0.1516
vn -0.4211 0.8896 -0.1769
vn -0.4626 0.8860 0.0321
vn -0.4549 0.8902 0.0254
vn -0.4569 0.8895 -0.0026
vn -0.4498 0.8931 -0.0112
vn -0.4607 0.8871 -0.0297
vn -0.4486 0.8879 0.1021
vn -0.4450 0.8902 0.0978
vn -0.4521 0.8894 0.0675
vn -0.4493 0.8911 0.0637
vn -0.4549 0.8893 0.0463
vn -0.4157 0.8861 0.2048
vn -0.4133 0.8898 0.1933
vn -0.4242 0.8898 0.1686
vn -0.4236 0.8902 0.1677
vn -0.4363 0.8893 0.1368
vn -0.4388 0.8875 0.1409
vn -0.4391 0.8902 0.1213
vn -0.3298 0.8813 0.3385
vn -0.3277 0.8902 0.3166
vn -0.3429 0.8897 0.3014
vn -0.3474 0.8927 0.2871
vn -0.3541 0.8901 0.2869
vn -0.3659 0.8897 0.2731
vn -0.3805 0.8859 0.2653
vn -0.3792 0.8879 0.2607
vn -0.3910 0.8917 0.2280
vn -0.3924 0.8902 0.2315
vn -0.4059 0.8896 0.2093
vn -0.2710 0.8838 0.3815
vn -0.2714 0.8902 0.3659
vn -0.2923 0.8896 0.3509
vn -0.2964 0.8932 0.3382
vn -0.3216 0.8845 0.3380
vn -0.2084 0.8860 0.4142
vn -0.2103 0.8902 0.4041
vn -0.2346 0.8896 0.3919
vn -0.2377 0.8923 0.3838
vn -0.2570 0.8879 0.3815
vn -0.1734 0.8893 0.4231
vn -0.1735 0.8894 0.4229
vn -0.1446 0.8902 0.4320
vn -0.1478 0.8941 0.4227
vn -0.1328 0.8897 0.4369
vn -0.0297 0.8831 0.4683
vn -0.0432 0.8901 0.4537
vn -0.0641 0.8896 0.4523
vn -0.0735 0.8932 0.4436
vn -0.1021 0.8824 0.4593
vn -0.1026 0.8829 0.4582
vn -0.1184 0.8901 0.4402
vn 0.0418 0.8857 0.4624
vn 0.0337 0.8902 0.4544
vn 0.0068 0.8895 0.4568
vn -0.0014 0.8930 0.4500
vn -0.0246 0.8860 0.4631
vn 0.1088 0.8885 0.4458
vn 0.1056 0.8902 0.4432
vn 0.0759 0.8894 0.4507
vn 0.0698 0.8922 0.4462
vn 0.0520 0.8888 0.4554
vn 0.1736 0.8906 0.4204
vn 0.1744 0.8902 0.4209
vn 0.1431 0.8893 0.4344
vn 0.1426 0.8895 0.4340
vn 0.1249 0.8899 0.4387
vn 0.3083 0.8897 0.3366
vn 0.2947 0.8927 0.3409
vn 0.2943 0.8901 0.3479
vn 0.2776 0.8896 0.3628
vn 0.2747 0.8843 0.3774
vn 0.2649 0.8879 0.3761
vn 0.2345 0.8923 0.3857
vn 0.2395 0.8902 0.3876
vn 0.2081 0.8892 0.4075
vn 0.2184 0.8842 0.4129
vn 0.1964 0.8895 0.4125
vn 0.3852 0.8838 0.2657
vn 0.3691 0.8902 0.2672
vn 0.3555 0.8896 0.2869
vn 0.3434 0.8931 0.2905
vn 0.3423 0.8826 0.3222
vn 0.3471 0.8806 0.3227
vn 0.3203 0.8901 0.3241
vn 0.4165 0.8866 0.2013
vn 0.4079 0.8902 0.2030
vn 0.3952 0.8895 0.2294
vn 0.3854 0.8930 0.2326
vn 0.3843 0.8873 0.2550
vn 0.4392 0.8884 0.1335
vn 0.4351 0.8902 0.1351
vn 0.4261 0.8894 0.1656
vn 0.4208 0.8915 0.1677
vn 0.4177 0.8893 0.1859
vn 0.4635 0.8856 0.0299
vn 0.4554 0.8894 0.0391
vn 0.4504 0.8904 0.0654
vn 0.4509 0.8902 0.0652
vn 0.4466 0.8894 0.0979
vn 0.4504 0.8877 0.0959
vn 0.4416 0.8901 0.1128
vn 0.4715 0.8805 -0.0491
vn 0.4599 0.8872 -0.0375
vn 0.4512 0.8924 -0.0029
vn 0.4556 0.8902 -0.0064
vn 0.4564 0.8895 0.0211
vn 0.4489 0.8851 -0.1231
vn 0.4417 0.8902 -0.1120
vn 0.4487 0.8895 -0.0866
vn 0.4433 0.8930 -0.0775
vn 0.4604 0.8859 -0.0563
vn 0.4191 0.8884 -0.1874
vn 0.4170 0.8902 -0.1835
vn 0.4299 0.8894 -0.1552
vn 0.4264 0.8923 -0.1481
vn 0.4399 0.8884 -0.1309
vn 0.3832 0.8904 -0.2456
vn 0.3834 0.8902 -0.2461
vn 0.4018 0.8893 -0.2184
vn 0.4009 0.8903 -0.2161
vn 0.4098 0.8898 -0.2008
vn 0.3366 0.8894 -0.3093
vn 0.3363 0.8926 -0.3003
vn 0.3671 0.8853 -0.2855
vn 0.3672 0.8850 -0.2862
vn 0.3716 0.8896 -0.2655
vn 0.2599 0.8865 -0.3828
vn 0.2628 0.8901 -0.3724
vn 0.2848 0.8894 -0.3577
vn 0.2850 0.8915 -0.3520
vn 0.3147 0.8876 -0.3363
vn 0.3155 0.8840 -0.3449
vn 0.3217 0.8900 -0.3231
vn 0.1637 0.8877 -0.4304
vn 0.1817 0.8899 -0.4184
vn 0.1972 0.8895 -0.4122
vn 0.1977 0.8902 -0.4105
vn 0.2264 0.8893 -0.3973
vn 0.2267 0.8900 -0.3955
vn 0.2480 0.8897 -0.3832
vn 0.1151 0.8897 -0.4418
vn 0.1272 0.8925 -0.4327
vn 0.1324 0.8901 -0.4361
vn 0.1645 0.8891 -0.4271
vn 0.0457 0.8896 -0.4544
vn 0.0564 0.8932 -0.4462
vn 0.0836 0.8816 -0.4646
vn 0.0923 0.8897 -0.4470
vn 0.1101 0.8898 -0.4428
vn -0.0253 0.8896 -0.4561
vn -0.0158 0.8932 -0.4495
vn 0.0107 0.8835 -0.4683
vn 0.0159 0.8872 -0.4611
vn 0.0344 0.8899 -0.4548
vn -0.0622 0.8845 -0.4623
vn -0.0600 0.8858 -0.4601
vn -0.0861 0.8926 -0.4426
vn -0.0935 0.8895 -0.4473
vn -0.1158 0.8901 -0.4408
vn -0.1285 0.8854 -0.4467
vn -0.1340 0.8888 -0.4383
vn -0.1556 0.8914 -0.4256
vn -0.1604 0.8893 -0.4282
vn -0.1871 0.8902 -0.4155
vn -0.1931 0.8878 -0.4179
vn -0.2041 0.8899 -0.4080
vn -0.2237 0.8895 -0.3984
vn -0.2244 0.8892 -0.3987
vn -0.2542 0.8902 -0.3781
vn -0.2509 0.8916 -0.3770
vn -0.2873 0.8875 -0.3604
vn -0.3211 0.8897 -0.3244
vn -0.3076 0.8924 -0.3301
vn -0.3078 0.8901 -0.3360
vn -0.2835 0.8892 -0.3592
vn -0.3939 0.8845 -0.2501
vn -0.3743 0.8900 -0.2603
vn -0.3665 0.8896 -0.2725
vn -0.3541 0.8931 -0.2774
vn -0.3560 0.8818 -0.3094
vn -0.3428 0.8873 -0.3085
vn -0.3265 0.8900 -0.3183
vn -0.4043 0.8895 -0.2128
vn -0.3936 0.8932 -0.2176
vn -0.3939 0.8923 -0.2205
vn -0.3954 0.8839 -0.2500
vn -0.4450 0.8917 -0.0831
vn -0.4459 0.8890 -0.1047
vn -0.4495 0.8857 -0.1162
vn -0.4390 0.8901 -0.1220
vn -0.4325 0.8895 -0.1476
vn -0.4242 0.8927 -0.1519
vn -0.4267 0.8854 -0.1844
vn -0.4351 0.8817 -0.1824
vn -0.4124 0.8901 -0.1942
vn -0.0872 -0.0000 0.9962
vn -0.2588 -0.0000 0.9659
vn -0.4226 -0.0000 0.9063
vn -0.5736 -0.0000 0.8192
vn -0.7071 -0.0000 0.7071
vn -0.8192 -0.0000 0.5736
vn -0.9063 -0.0000 0.4226
vn -0.9659 -0.0000 0.2588
vn -0.9962 -0.0000 -0.0872
vn -0.9659 -0.0000 -0.2588
vn -0.9063 -0.0000 -0.4226
vn -0.8192 -0.0000 -0.5736
vn -0.7071 -0.0000 -0.7071
vn -0.5736 -0.0000 -0.8192
vn -0.4226 -0.0000 -0.9063
vn 0.0872 -0.0000 -0.9962
vn 0.2588 -0.0000 -0.9659
vn 0.5736 -0.0000 -0.8192
vn 0.7071 -0.0000 -0.7071
vn 0.9063 -0.0000 -0.4226
vn 0.9659 -0.0000 -0.2588
vn 0.9962 -0.0000 -0.0872
vn 0.9962 -0.0000 0.0872
vn 0.9659 -0.0000 0.2588
vn 0.9063 -0.0000 0.4226
vn 0.8192 -0.0000 0.5736
vn 0.5736 -0.0000 0.8192
vn 0.4226 -0.0000 0.9063
vn 0.2588 -0.0000 0.9659
vn 0.0872 -0.0000 0.9962
vn -0.2244 0.4986 -0.8373
vn -0.3663 0.4986 -0.7856
vn -0.4972 0.4986 -0.7101
vn -0.6130 0.4986 -0.6130
vn -0.7101 0.4986 -0.4972
vn -0.7856 0.4986 -0.3663
vn -0.8373 0.4986 -0.2244
vn -0.8636 0.4986 -0.0756
vn -0.8636 0.4986 0.0756
vn -0.8373 0.4986 0.2244
vn -0.7856 0.4986 0.3663
vn -0.7101 0.4986 0.4972
vn -0.6130 0.4986 0.6130
vn -0.4972 0.4986 0.7101
vn -0.3663 0.4986 0.7856
vn -0.2244 0.4986 0.8373
vn -0.0756 0.4986 0.8636
vn 0.0756 0.4986 0.8636
vn 0.2244 0.4986 0.8373
vn 0.3663 0.4986 0.7856
vn 0.4972 0.4986 0.7101
vn 0.6130 0.4986 0.6130
vn 0.7101 0.4986 0.4972
vn 0.7856 0.4986 0.3663
vn 0.8373 0.4986 0.2244
vn 0.8636 0.4986 0.0756
vn 0.8636 0.4986 -0.0756
vn 0.8373 0.4986 -0.2244
vn 0.7856 0.4986 -0.3663
vn 0.7101 0.4986 -0.4972
vn 0.6130 0.4986 -0.6130
vn 0.4972 0.4986 -0.7101
vn 0.3663 0.4986 -0.7856
vn 0.2244 0.4986 -0.8373
vn 0.0756 0.4986 -0.8636
vn -0.0756 0.4986 -0.8636
s 0
usemtl Material
f 1//1 2//1 3//1
f 4//2 5//2 6//2
f 7//3 8//3 9//3
f 10//4 11//4 12//4
f 13//5 14//5 15//5
f 16//6 17//6 18//6
f 19//6 20//6 16//6
f 21//7 22//7 17//7
f 17//8 22//8 23//8
f 17//9 23//9 18//9
f 24//10 25//10 26//10
f 26//11 25//11 27//11
f 26//12 27//12 20//12
f 20//13 27//13 28//13
f 20//14 28//14 16//14
f 24//15 26//15 29//15
f 29//16 26//16 30//16
f 29//17 30//17 31//17
f 32//18 33//18 34//18
f 32//19 34//19 30//19
f 30//20 34//20 35//20
f 30//21 35//21 31//21
f 36//22 37//22 32//22
f 32//23 37//23 38//23
f 32//24 38//24 33//24
f 14//25 39//25 15//25
f 15//26 39//26 40//26
f 15//27 40//27 36//27
f 36//28 40//28 41//28
f 36//29 41//29 37//29
f 13//30 15//30 42//30
f 42//31 15//31 43//31
f 42//32 43//32 44//32
f 44//33 43//33 45//33
f 45//34 43//34 46//34
f 45//35 46//35 47//35
f 48//36 49//36 50//36
f 50//37 49//37 51//37
f 50//38 51//38 46//38
f 46//39 51//39 52//39
f 46//40 52//40 47//40
f 53//41 54//41 55//41
f 53//42 55//42 50//42
f 50//43 55//43 56//43
f 50//44 56//44 48//44
f 57//45 58//45 59//45
f 59//46 58//46 60//46
f 59//47 60//47 53//47
f 53//48 60//48 61//48
f 53//49 61//49 54//49
f 57//50 59//50 62//50
f 62//51 59//51 63//51
f 62//52 63//52 64//52
f 11//53 65//53 12//53
f 12//54 65//54 66//54
f 12//55 66//55 63//55
f 63//56 66//56 67//56
f 63//57 67//57 64//57
f 10//58 12//58 68//58
f 68//59 12//59 69//59
f 68//60 69//60 70//60
f 71//61 72//61 73//61
f 71//62 73//62 69//62
f 69//63 73//63 74//63
f 69//64 74//64 70//64
f 75//65 76//65 71//65
f 71//66 76//66 77//66
f 71//67 77//67 72//67
f 78//68 79//68 80//68
f 80//69 81//69 78//69
f 78//70 81//70 82//70
f 78//71 82//71 75//71
f 75//72 82//72 83//72
f 75//73 83//73 76//73
f 84//74 85//74 78//74
f 78//75 85//75 86//75
f 78//76 86//76 79//76
f 8//77 87//77 9//77
f 9//78 87//78 88//78
f 9//79 88//79 84//79
f 84//80 88//80 89//80
f 84//81 89//81 85//81
f 7//82 9//82 90//82
f 90//83 9//83 91//83
f 90//84 91//84 92//84
f 93//85 94//85 95//85
f 93//86 95//86 91//86
f 91//87 95//87 96//87
f 91//88 96//88 92//88
f 97//89 98//89 99//89
f 99//90 98//90 100//90
f 99//91 100//91 93//91
f 93//92 100//92 101//92
f 93//93 101//93 94//93
f 97//94 99//94 102//94
f 102//95 99//95 103//95
f 102//96 103//96 104//96
f 105//97 106//97 107//97
f 107//98 106//98 108//98
f 107//99 108//99 103//99
f 103//100 108//100 109//100
f 103//101 109//101 104//101
f 110//102 111//102 112//102
f 112//103 111//103 113//103
f 112//104 113//104 107//104
f 107//105 113//105 114//105
f 107//106 114//106 105//106
f 110//107 112//107 115//107
f 115//108 112//108 116//108
f 115//109 116//109 117//109
f 118//110 119//110 120//110
f 120//111 119//111 121//111
f 120//112 121//112 116//112
f 116//113 121//113 122//113
f 116//114 122//114 117//114
f 123//115 124//115 125//115
f 125//116 124//116 126//116
f 125//117 126//117 120//117
f 120//118 126//118 127//118
f 120//119 127//119 118//119
f 123//120 125//120 128//120
f 128//121 125//121 129//121
f 128//122 129//122 130//122
f 131//123 132//123 129//123
f 129//124 132//124 133//124
f 129//125 133//125 130//125
f 134//126 135//126 136//126
f 136//127 135//127 137//127
f 136//128 137//128 131//128
f 131//129 137//129 138//129
f 131//130 138//130 132//130
f 139//131 140//131 141//131
f 141//132 140//132 136//132
f 136//133 140//133 142//133
f 136//134 142//134 134//134
f 143//135 144//135 145//135
f 145//136 144//136 146//136
f 145//137 146//137 141//137
f 141//138 146//138 147//138
f 141//139 147//139 139//139
f 143//140 145//140 148//140
f 148//141 145//141 149//141
f 148//142 149//142 150//142
f 151//143 152//143 153//143
f 153//144 152//144 154//144
f 153//145 154//145 149//145
f 149//146 154//146 155//146
f 149//147 155//147 150//147
f 16//6 18//6 19//6
f 19//148 18//148 156//148
f 19//149 156//149 153//149
f 153//150 156//150 157//150
f 153//151 157//151 151//151
f 158//152 159//152 17//152
f 17//153 159//153 160//153
f 17//154 160//154 21//154
f 161//155 162//155 163//155
f 163//156 162//156 164//156
f 163//157 164//157 165//157
f 165//158 164//158 166//158
f 165//159 166//159 158//159
f 158//160 166//160 167//160
f 158//161 167//161 159//161
f 168//162 169//162 170//162
f 170//163 169//163 171//163
f 170//164 171//164 172//164
f 172//165 171//165 173//165
f 172//166 173//166 174//166
f 174//167 173//167 175//167
f 174//168 175//168 161//168
f 161//169 175//169 176//169
f 161//170 176//170 162//170
f 177//171 178//171 179//171
f 179//172 178//172 180//172
f 179//173 180//173 168//173
f 168//174 180//174 181//174
f 168//175 181//175 169//175
f 182//176 183//176 184//176
f 184//177 183//177 185//177
f 184//178 185//178 186//178
f 186//179 185//179 187//179
f 186//180 187//180 188//180
f 188//181 187//181 189//181
f 188//182 189//182 177//182
f 177//183 189//183 190//183
f 177//184 190//184 178//184
f 191//185 192//185 193//185
f 193//186 192//186 194//186
f 193//187 194//187 182//187
f 182//188 194//188 195//188
f 182//189 195//189 183//189
f 196//190 197//190 198//190
f 198//191 197//191 199//191
f 198//192 199//192 200//192
f 199//193 201//193 200//193
f 200//194 201//194 202//194
f 200//195 202//195 203//195
f 203//196 202//196 204//196
f 203//197 204//197 205//197
f 205//198 204//198 206//198
f 205//199 206//199 191//199
f 191//200 206//200 207//200
f 191//201 207//201 192//201
f 208//202 209//202 210//202
f 210//203 209//203 211//203
f 210//204 211//204 212//204
f 212//205 211//205 213//205
f 212//206 213//206 214//206
f 214//207 213//207 215//207
f 214//208 215//208 196//208
f 196//209 215//209 216//209
f 196//210 216//210 197//210
f 217//211 218//211 219//211
f 219//212 218//212 220//212
f 219//213 220//213 221//213
f 221//214 220//214 222//214
f 221//215 222//215 208//215
f 208//216 222//216 223//216
f 208//217 223//217 209//217
f 224//218 225//218 226//218
f 226//219 225//219 227//219
f 226//220 227//220 217//220
f 217//221 227//221 228//221
f 217//222 228//222 218//222
f 229//223 230//223 231//223
f 231//224 230//224 232//224
f 231//225 232//225 233//225
f 233//226 232//226 234//226
f 233//227 234//227 235//227
f 235//228 234//228 236//228
f 235//229 236//229 224//229
f 224//230 236//230 237//230
f 224//231 237//231 225//231
f 238//232 239//232 240//232
f 240//233 239//233 241//233
f 240//234 241//234 229//234
f 229//235 241//235 242//235
f 229//236 242//236 230//236
f 243//237 244//237 245//237
f 245//238 244//238 246//238
f 245//239 246//239 247//239
f 247//240 246//240 248//240
f 247//241 248//241 249//241
f 249//242 248//242 250//242
f 249//243 250//243 238//243
f 238//244 250//244 251//244
f 238//245 251//245 239//245
f 6//246 252//246 4//246
f 4//247 252//247 253//247
f 4//248 253//248 254//248
f 254//249 253//249 255//249
f 254//250 255//250 256//250
f 256//251 255//251 257//251
f 256//252 257//252 258//252
f 258//253 257//253 259//253
f 258//254 259//254 243//254
f 243//255 259//255 260//255
f 243//256 260//256 244//256
f 261//257 262//257 263//257
f 263//258 262//258 264//258
f 263//259 264//259 265//259
f 264//260 266//260 265//260
f 265//261 266//261 267//261
f 265//262 267//262 268//262
f 268//263 267//263 269//263
f 268//264 269//264 5//264
f 5//265 269//265 270//265
f 5//266 270//266 6//266
f 271//267 272//267 261//267
f 261//268 272//268 273//268
f 261//269 273//269 262//269
f 274//270 275//270 276//270
f 276//271 275//271 277//271
f 276//272 277//272 278//272
f 278//273 277//273 279//273
f 278//274 279//274 271//274
f 271//275 279//275 280//275
f 271//276 280//276 272//276
f 281//277 282//277 283//277
f 283//278 282//278 284//278
f 283//279 284//279 285//279
f 285//280 284//280 286//280
f 285//281 286//281 274//281
f 274//282 286//282 287//282
f 274//283 287//283 275//283
f 288//284 289//284 290//284
f 290//285 289//285 291//285
f 290//286 291//286 292//286
f 292//287 291//287 293//287
f 292//288 293//288 281//288
f 281//289 293//289 294//289
f 281//290 294//290 282//290
f 295//291 296//291 288//291
f 288//292 296//292 297//292
f 288//293 297//293 289//293
f 298//294 299//294 300//294
f 300//295 299//295 301//295
f 300//296 301//296 302//296
f 302//297 301//297 303//297
f 302//298 303//298 304//298
f 304//299 303//299 305//299
f 304//300 305//300 306//300
f 306//301 305//301 307//301
f 306//302 307//302 295//302
f 295//303 307//303 308//303
f 295//304 308//304 296//304
f 3//305 309//305 1//305
f 1//306 309//306 310//306
f 1//307 310//307 311//307
f 311//308 310//308 312//308
f 311//309 312//309 313//309
f 313//310 312//310 314//310
f 313//311 314//311 315//311
f 315//312 314//312 316//312
f 315//313 316//313 298//313
f 298//314 316//314 317//314
f 298//315 317//315 299//315
f 318//316 319//316 320//316
f 320//317 319//317 321//317
f 320//318 321//318 2//318
f 2//319 321//319 322//319
f 2//320 322//320 3//320
f 323//321 324//321 325//321
f 325//322 324//322 326//322
f 325//323 326//323 327//323
f 327//324 326//324 328//324
f 327//325 328//325 329//325
f 329//326 328//326 330//326
f 329//327 330//327 318//327
f 318//328 330//328 331//328
f 318//329 331//329 319//329
f 332//330 333//330 334//330
f 334//331 333//331 335//331
f 334//332 335//332 336//332
f 336//333 335//333 337//333
f 336//334 337//334 323//334
f 323//335 337//335 338//335
f 323//336 338//336 324//336
f 339//337 340//337 341//337
f 341//338 340//338 342//338
f 341//339 342//339 343//339
f 343//340 342//340 344//340
f 343//341 344//341 345//341
f 345//342 344//342 346//342
f 345//343 346//343 332//343
f 332//344 346//344 347//344
f 332//345 347//345 333//345
f 348//346 349//346 350//346
f 350//347 349//347 351//347
f 350//348 351//348 352//348
f 352//349 351//349 353//349
f 352//350 353//350 339//350
f 339//351 353//351 354//351
f 339//352 354//352 340//352
f 355//353 356//353 357//353
f 357//354 356//354 358//354
f 357//355 358//355 348//355
f 348//356 358//356 359//356
f 348//357 359//357 349//357
f 360//358 361//358 362//358
f 362//359 361//359 363//359
f 362//360 363//360 364//360
f 364//361 363//361 365//361
f 364//362 365//362 355//362
f 355//363 365//363 366//363
f 355//364 366//364 356//364
f 367//365 368//365 369//365
f 369//366 370//366 367//366
f 367//367 370//367 371//367
f 367//368 371//368 372//368
f 372//369 371//369 373//369
f 372//370 373//370 374//370
f 374//371 373//371 375//371
f 374//372 375//372 376//372
f 376//373 375//373 377//373
f 376//374 377//374 360//374
f 360//375 377//375 378//375
f 360//376 378//376 361//376
f 379//377 380//377 381//377
f 381//378 380//378 382//378
f 381//379 382//379 383//379
f 383//380 382//380 384//380
f 383//381 384//381 385//381
f 385//382 384//382 386//382
f 385//383 386//383 368//383
f 368//384 386//384 387//384
f 368//385 387//385 369//385
f 388//386 389//386 390//386
f 390//387 389//387 391//387
f 390//388 391//388 392//388
f 392//389 391//389 393//389
f 392//390 393//390 379//390
f 379//391 393//391 394//391
f 379//392 394//392 380//392
f 395//393 396//393 397//393
f 397//394 396//394 398//394
f 397//395 398//395 399//395
f 398//396 400//396 399//396
f 399//397 400//397 401//397
f 399//398 401//398 402//398
f 402//399 401//399 403//399
f 402//400 403//400 404//400
f 404//401 403//401 405//401
f 404//402 405//402 388//402
f 388//403 405//403 406//403
f 388//404 406//404 389//404
f 407//405 408//405 409//405
f 409//406 408//406 410//406
f 409//407 410//407 411//407
f 411//408 410//408 412//408
f 411//409 412//409 413//409
f 413//410 412//410 414//410
f 413//411 414//411 395//411
f 395//412 414//412 415//412
f 395//413 415//413 396//413
f 416//414 417//414 418//414
f 418//415 417//415 419//415
f 418//416 419//416 407//416
f 407//417 419//417 420//417
f 407//418 420//418 408//418
f 421//419 422//419 423//419
f 423//420 422//420 424//420
f 423//421 424//421 425//421
f 425//422 424//422 426//422
f 425//423 426//423 427//423
f 427//424 426//424 428//424
f 427//425 428//425 429//425
f 429//426 428//426 430//426
f 429//427 430//427 416//427
f 416//428 430//428 431//428
f 416//429 431//429 417//429
f 432//430 433//430 421//430
f 421//431 433//431 434//431
f 421//432 434//432 422//432
f 435//433 436//433 437//433
f 437//434 436//434 438//434
f 437//435 438//435 432//435
f 432//436 438//436 439//436
f 432//437 439//437 433//437
f 440//438 441//438 442//438
f 442//439 441//439 443//439
f 442//440 443//440 444//440
f 444//441 443//441 445//441
f 444//442 445//442 446//442
f 446//443 445//443 447//443
f 446//444 447//444 435//444
f 435//445 447//445 448//445
f 435//446 448//446 436//446
f 449//447 450//447 451//447
f 451//448 450//448 452//448
f 451//449 452//449 453//449
f 453//450 452//450 454//450
f 453//451 454//451 440//451
f 440//452 454//452 455//452
f 440//453 455//453 441//453
f 456//454 457//454 458//454
f 458//455 457//455 459//455
f 458//456 459//456 460//456
f 460//457 459//457 461//457
f 460//458 461//458 449//458
f 449//459 461//459 462//459
f 449//460 462//460 450//460
f 463//461 464//461 465//461
f 465//462 464//462 466//462
f 465//463 466//463 467//463
f 467//464 466//464 468//464
f 467//465 468//465 469//465
f 469//466 468//466 470//466
f 469//467 470//467 456//467
f 456//468 470//468 471//468
f 456//469 471//469 457//469
f 472//470 473//470 474//470
f 474//471 473//471 475//471
f 474//472 475//472 463//472
f 463//473 475//473 476//473
f 463//474 476//474 464//474
f 477//475 478//475 479//475
f 479//476 478//476 480//476
f 479//477 480//477 472//477
f 472//478 480//478 481//478
f 472//479 481//479 473//479
f 482//480 483//480 484//480
f 484//481 483//481 485//481
f 484//482 485//482 486//482
f 486//483 485//483 487//483
f 486//484 487//484 488//484
f 488//485 487//485 489//485
f 488//486 489//486 490//486
f 490//487 489//487 491//487
f 490//488 491//488 477//488
f 477//489 491//489 492//489
f 477//490 492//490 478//490
f 493//491 494//491 482//491
f 482//492 494//492 495//492
f 482//493 495//493 483//493
f 496//494 497//494 498//494
f 498//495 497//495 499//495
f 498//496 499//496 500//496
f 500//497 499//497 501//497
f 500//498 501//498 493//498
f 493//499 501//499 502//499
f 493//500 502//500 494//500
f 503//501 504//501 505//501
f 505//502 504//502 506//502
f 505//503 506//503 507//503
f 507//504 506//504 508//504
f 507//505 508//505 496//505
f 496//506 508//506 509//506
f 496//507 509//507 497//507
f 510//508 511//508 512//508
f 512//509 511//509 513//509
f 512//510 513//510 514//510
f 513//511 515//511 514//511
f 514//512 515//512 516//512
f 514//513 516//513 517//513
f 517//514 516//514 518//514
f 517//515 518//515 519//515
f 519//516 518//516 520//516
f 519//517 520//517 521//517
f 521//518 520//518 522//518
f 521//519 522//519 503//519
f 503//520 522//520 523//520
f 503//521 523//521 504//521
f 524//522 525//522 526//522
f 526//523 525//523 527//523
f 526//524 527//524 528//524
f 528//525 527//525 529//525
f 528//526 529//526 530//526
f 530//527 529//527 531//527
f 530//528 531//528 510//528
f 510//529 531//529 532//529
f 510//530 532//530 511//530
f 533//531 534//531 535//531
f 535//532 534//532 536//532
f 535//533 536//533 524//533
f 524//534 536//534 537//534
f 524//535 537//535 525//535
f 538//536 539//536 540//536
f 540//537 539//537 541//537
f 540//538 541//538 542//538
f 542//539 541//539 543//539
f 542//540 543//540 544//540
f 544//541 543//541 545//541
f 544//542 545//542 546//542
f 546//543 545//543 547//543
f 546//544 547//544 533//544
f 533//545 547//545 548//545
f 533//546 548//546 534//546
f 549//547 550//547 538//547
f 538//548 550//548 551//548
f 538//549 551//549 539//549
f 552//550 553//550 554//550
f 554//551 553//551 555//551
f 554//552 555//552 549//552
f 549//553 555//553 556//553
f 549//554 556//554 550//554
f 557//555 558//555 559//555
f 559//556 558//556 560//556
f 559//557 560//557 561//557
f 561//558 560//558 562//558
f 561//559 562//559 552//559
f 552//560 562//560 563//560
f 552//561 563//561 553//561
f 564//562 565//562 566//562
f 564//563 566//563 567//563
f 566//564 568//564 567//564
f 567//565 568//565 569//565
f 567//566 569//566 570//566
f 570//567 569//567 571//567
f 570//567 571//567 572//567
f 572//568 571//568 573//568
f 572//569 573//569 574//569
f 574//570 573//570 575//570
f 574//571 575//571 576//571
f 576//572 575//572 577//572
f 576//573 577//573 578//573
f 578//574 577//574 579//574
f 578//575 579//575 557//575
f 557//576 579//576 580//576
f 557//577 580//577 558//577
f 565//578 564//578 581//578
f 581//579 564//579 582//579
f 581//580 582//580 583//580
f 583//581 582//581 584//581
f 583//582 584//582 585//582
f 585//583 584//583 586//583
f 586//584 584//584 587//584
f 586//585 587//585 588//585
f 588//586 587//586 589//586
f 588//587 589//587 590//587
f 590//588 589//588 591//588
f 590//589 591//589 592//589
f 592//590 591//590 593//590
f 592//591 593//591 594//591
f 594//592 593//592 595//592
f 595//593 593//593 596//593
f 595//594 596//594 597//594
f 597//595 596//595 598//595
f 597//596 598//596 599//596
f 599//597 598//597 600//597
f 599//598 600//598 601//598
f 601//598 600//598 602//598
f 601//599 602//599 603//599
f 603//600 602//600 604//600
f 603//601 604//601 605//601
f 606//602 607//602 608//602
f 608//603 607//603 609//603
f 608//604 609//604 604//604
f 604//605 609//605 610//605
f 604//606 610//606 605//606
f 611//607 612//607 606//607
f 606//608 612//608 613//608
f 606//609 613//609 607//609
f 614//610 615//610 616//610
f 616//611 615//611 617//611
f 616//612 617//612 611//612
f 611//613 617//613 618//613
f 611//614 618//614 612//614
f 614//615 616//615 619//615
f 619//616 616//616 620//616
f 619//617 620//617 621//617
f 621//618 620//618 622//618
f 622//619 620//619 623//619
f 622//620 623//620 624//620
f 625//621 626//621 623//621
f 623//622 626//622 627//622
f 623//623 627//623 624//623
f 628//624 629//624 625//624
f 625//625 629//625 630//625
f 625//626 630//626 626//626
f 631//627 632//627 628//627
f 628//628 632//628 633//628
f 628//629 633//629 629//629
f 631//630 628//630 634//630
f 634//6 628//6 635//6
f 634//631 635//631 636//631
f 636//632 635//632 637//632
f 636//633 637//633 638//633
f 638//634 637//634 639//634
f 639//635 637//635 640//635
f 639//636 640//636 641//636
f 641//637 640//637 642//637
f 642//638 640//638 643//638
f 642//639 643//639 644//639
f 644//640 643//640 645//640
f 645//641 643//641 646//641
f 645//642 646//642 647//642
f 647//643 646//643 648//643
f 648//644 646//644 649//644
f 648//645 649//645 650//645
f 651//646 652//646 649//646
f 649//647 652//647 653//647
f 649//648 653//648 650//648
f 654//649 655//649 651//649
f 651//650 655//650 656//650
f 651//651 656//651 652//651
f 657//652 658//652 659//652
f 659//653 658//653 660//653
f 659//654 660//654 654//654
f 654//655 660//655 661//655
f 654//656 661//656 655//656
f 657//657 659//657 662//657
f 662//658 659//658 663//658
f 662//659 663//659 664//659
f 664//660 663//660 665//660
f 665//661 663//661 666//661
f 665//662 666//662 667//662
f 668//663 669//663 666//663
f 666//664 669//664 670//664
f 666//665 670//665 667//665
f 671//666 672//666 673//666
f 673//667 672//667 674//667
f 673//668 674//668 668//668
f 668//669 674//669 675//669
f 668//670 675//670 669//670
f 676//671 677//671 678//671
f 678//672 677//672 679//672
f 678//673 679//673 673//673
f 673//674 679//674 680//674
f 673//675 680//675 671//675
f 681//676 682//676 676//676
f 676//677 682//677 683//677
f 676//678 683//678 677//678
f 684//679 685//679 686//679
f 686//680 685//680 687//680
f 686//681 687//681 681//681
f 681//682 687//682 688//682
f 681//683 688//683 682//683
f 684//684 686//684 689//684
f 689//685 686//685 690//685
f 689//686 690//686 691//686
f 691//687 690//687 692//687
f 692//688 690//688 693//688
f 692//689 693//689 694//689
f 695//690 696//690 693//690
f 693//691 696//691 697//691
f 693//692 697//692 694//692
f 698//693 699//693 695//693
f 695//694 699//694 700//694
f 695//695 700//695 696//695
f 701//696 702//696 698//696
f 698//697 702//697 703//697
f 698//698 703//698 699//698
f 701//699 698//699 704//699
f 704//700 698//700 705//700
f 704//701 705//701 706//701
f 706//702 705//702 707//702
f 706//703 707//703 708//703
f 708//704 707//704 709//704
f 709//705 707//705 710//705
f 709//706 710//706 711//706
f 711//707 710//707 712//707
f 712//708 710//708 713//708
f 712//709 713//709 714//709
f 715//710 716//710 713//710
f 713//711 716//711 717//711
f 713//712 717//712 714//712
f 600//713 718//713 602//713
f 602//714 718//714 719//714
f 602//715 719//715 715//715
f 715//716 719//716 720//716
f 715//717 720//717 716//717
f 721//718 120//718 722//718
f 722//718 120//718 116//718
f 722//718 116//718 723//718
f 723//718 116//718 112//718
f 723//718 112//718 724//718
f 724//718 112//718 107//718
f 724//718 107//718 725//718
f 725//718 107//718 103//718
f 725//718 103//718 726//718
f 726//718 103//718 99//718
f 726//718 99//718 727//718
f 727//718 99//718 93//718
f 727//718 93//718 728//718
f 728//718 93//718 91//718
f 728//718 91//718 729//718
f 729//718 91//718 9//718
f 729//718 9//718 730//718
f 730//718 9//718 84//718
f 730//718 84//718 731//718
f 731//718 84//718 78//718
f 731//718 78//718 732//718
f 732//718 78//718 75//718
f 732//718 75//718 733//718
f 733//718 75//718 71//718
f 733//718 71//718 734//718
f 734//718 71//718 69//718
f 734//718 69//718 735//718
f 735//718 69//718 12//718
f 735//718 12//718 736//718
f 736//718 12//718 63//718
f 736//718 63//718 737//718
f 737//718 63//718 59//718
f 737//718 59//718 738//718
f 738//718 59//718 53//718
f 738//718 53//718 739//718
f 739//718 53//718 50//718
f 739//718 50//718 740//718
f 740//718 50//718 46//718
f 740//718 46//718 741//718
f 741//718 46//718 43//718
f 741//718 43//718 742//718
f 742//718 43//718 15//718
f 742//718 15//718 743//718
f 743//718 15//718 36//718
f 743//718 36//718 744//718
f 744//718 36//718 32//718
f 744//718 32//718 745//718
f 745//718 32//718 30//718
f 745//718 30//718 746//718
f 746//718 30//718 26//718
f 746//718 26//718 747//718
f 747//718 26//718 20//718
f 747//718 20//718 748//718
f 748//718 20//718 19//718
f 748//718 19//718 749//718
f 749//718 19//718 153//718
f 749//718 153//718 750//718
f 750//718 153//718 149//718
f 750//718 149//718 751//718
f 751//718 149//718 145//718
f 751//718 145//718 752//718
f 752//718 145//718 141//718
f 752//718 141//718 753//718
f 753//718 141//718 136//718
f 753//718 136//718 754//718
f 754//718 136//718 131//718
f 754//718 131//718 755//718
f 755//718 131//718 129//718
f 755//718 129//718 756//718
f 756//718 129//718 125//718
f 756//718 125//718 721//718
f 721//718 125//718 120//718
f 757//719 758//719 759//719
f 759//719 758//719 760//719
f 759//719 760//719 761//719
f 762//719 763//719 759//719
f 759//719 763//719 764//719
f 759//719 764//719 757//719
f 765//719 766//719 759//719
f 759//719 766//719 767//719
f 759//719 767//719 762//719
f 768//719 769//719 759//719
f 759//719 769//719 770//719
f 759//719 770//719 765//719
f 771//719 772//719 759//719
f 759//719 772//719 773//719
f 759//719 773//719 768//719
f 774//719 775//719 759//719
f 759//719 775//719 776//719
f 759//719 776//719 771//719
f 777//719 778//719 759//719
f 759//719 778//719 779//719
f 759//719 779//719 774//719
f 780//719 781//719 759//719
f 759//719 781//719 782//719
f 759//719 782//719 777//719
f 783//719 784//719 759//719
f 759//719 784//719 785//719
f 759//719 785//719 780//719
f 786//719 787//719 759//719
f 759//719 787//719 788//719
f 759//719 788//719 783//719
f 789//719 790//719 759//719
f 759//719 790//719 791//719
f 759//719 791//719 786//719
f 761//719 792//719 759//719
f 759//719 792//719 793//719
f 759//719 793//719 789//719
f 659//720 778//720 663//720
f 663//721 778//721 777//721
f 663//721 777//721 666//721
f 666//722 777//722 782//722
f 666//722 782//722 668//722
f 668//723 782//723 781//723
f 668//723 781//723 673//723
f 673//724 781//724 780//724
f 673//724 780//724 678//724
f 678//725 780//725 785//725
f 678//725 785//725 676//725
f 676//726 785//726 784//726
f 676//726 784//726 681//726
f 681//727 784//727 783//727
f 681//728 783//728 686//728
f 686//729 783//729 794//729
f 686//729 794//729 795//729
f 795//730 794//730 787//730
f 795//730 787//730 693//730
f 693//731 787//731 786//731
f 693//732 786//732 695//732
f 695//733 786//733 791//733
f 695//733 791//733 698//733
f 698//734 791//734 790//734
f 698//734 790//734 705//734
f 705//735 790//735 789//735
f 705//735 789//735 707//735
f 707//736 789//736 793//736
f 707//736 793//736 710//736
f 710//737 793//737 792//737
f 710//737 792//737 713//737
f 713//738 792//738 761//738
f 713//739 761//739 715//739
f 715//740 761//740 760//740
f 715//740 760//740 602//740
f 602//741 760//741 758//741
f 602//741 758//741 604//741
f 604//742 758//742 757//742
f 604//742 757//742 608//742
f 608//743 757//743 764//743
f 608//743 764//743 606//743
f 606//744 764//744 763//744
f 606//744 763//744 611//744
f 611//745 763//745 762//745
f 611//745 762//745 616//745
f 616//746 762//746 767//746
f 616//746 767//746 620//746
f 620//747 767//747 766//747
f 620//747 766//747 623//747
f 623//748 766//748 765//748
f 623//749 765//749 625//749
f 625//750 765//750 796//750
f 625//750 796//750 797//750
f 797//751 796//751 769//751
f 797//751 769//751 635//751
f 635//752 769//752 768//752
f 635//753 768//753 637//753
f 637//754 768//754 773//754
f 637//754 773//754 640//754
f 640//755 773//755 772//755
f 640//755 772//755 643//755
f 643//756 772//756 771//756
f 643//756 771//756 646//756
f 646//757 771//757 776//757
f 646//757 776//757 649//757
f 649//758 776//758 775//758
f 649//758 775//758 651//758
f 651//759 775//759 774//759
f 651//759 774//759 654//759
f 654//760 774//760 779//760
f 654//760 779//760 659//760
f 659//720 779//720 778//720
f 798//761 799//761 16//761
f 16//761 799//761 800//761
f 16//761 800//761 17//761
f 801//762 802//762 803//762
f 803//762 802//762 599//762
f 803//763 599//763 601//763
f 804//764 800//764 799//764
f 805//765 806//765 807//765
f 808//766 809//766 810//766
f 810//767 809//767 811//767
f 812//768 813//768 814//768
f 815//769 816//769 817//769
f 818//770 819//770 820//770
f 821//771 822//771 823//771
f 824//772 825//772 826//772
f 827//773 828//773 829//773
f 830//774 831//774 832//774
f 833//775 801//775 803//775
f 834//776 835//776 833//776
f 835//777 834//777 836//777
f 837//778 838//778 839//778
f 839//779 838//779 840//779
f 832//780 831//780 841//780
f 831//781 842//781 841//781
f 841//782 842//782 843//782
f 841//783 843//783 837//783
f 837//784 843//784 844//784
f 837//785 844//785 838//785
f 845//786 846//786 847//786
f 847//787 846//787 848//787
f 849//788 850//788 848//788
f 848//789 850//789 851//789
f 848//790 851//790 847//790
f 852//791 853//791 854//791
f 854//792 853//792 855//792
f 854//793 855//793 849//793
f 849//794 855//794 856//794
f 849//795 856//795 850//795
f 857//796 858//796 859//796
f 859//797 858//797 860//797
f 861//798 862//798 863//798
f 863//799 862//799 864//799
f 863//800 864//800 859//800
f 859//801 864//801 865//801
f 859//802 865//802 857//802
f 866//803 867//803 868//803
f 866//804 868//804 869//804
f 867//805 866//805 870//805
f 870//806 866//806 871//806
f 870//807 871//807 872//807
f 872//808 871//808 873//808
f 873//809 871//809 874//809
f 873//810 874//810 875//810
f 875//811 874//811 876//811
f 876//812 874//812 877//812
f 876//813 877//813 878//813
f 878//814 877//814 879//814
f 878//815 879//815 880//815
f 881//816 882//816 883//816
f 883//817 882//817 884//817
f 883//818 884//818 879//818
f 879//819 884//819 885//819
f 879//820 885//820 880//820
f 886//821 887//821 888//821
f 888//822 887//822 889//822
f 890//823 891//823 892//823
f 892//824 891//824 893//824
f 892//825 893//825 894//825
f 894//826 893//826 895//826
f 894//827 895//827 886//827
f 886//828 895//828 896//828
f 886//829 896//829 887//829
f 897//830 898//830 899//830
f 899//831 898//831 900//831
f 899//832 900//832 901//832
f 901//833 900//833 902//833
f 903//834 904//834 905//834
f 905//835 904//835 906//835
f 905//836 906//836 897//836
f 897//837 906//837 907//837
f 897//838 907//838 898//838
f 908//839 909//839 910//839
f 910//840 909//840 911//840
f 910//841 911//841 912//841
f 912//842 911//842 913//842
f 912//843 913//843 914//843
f 914//844 913//844 915//844
f 916//845 917//845 918//845
f 918//846 917//846 827//846
f 918//847 827//847 919//847
f 919//848 827//848 829//848
f 920//849 921//849 922//849
f 922//850 921//850 923//850
f 922//851 923//851 828//851
f 828//852 923//852 924//852
f 828//853 924//853 829//853
f 925//854 926//854 927//854
f 927//855 926//855 928//855
f 929//856 930//856 931//856
f 931//857 930//857 932//857
f 931//858 932//858 933//858
f 933//859 932//859 934//859
f 933//860 934//860 925//860
f 925//861 934//861 935//861
f 925//862 935//862 926//862
f 936//863 937//863 938//863
f 938//864 937//864 939//864
f 940//865 941//865 942//865
f 942//866 941//866 943//866
f 942//867 943//867 939//867
f 939//868 943//868 944//868
f 939//869 944//869 938//869
f 823//870 822//870 945//870
f 822//871 946//871 945//871
f 945//872 946//872 947//872
f 945//873 947//873 825//873
f 825//874 947//874 948//874
f 825//875 948//875 826//875
f 949//876 950//876 951//876
f 951//877 950//877 952//877
f 953//878 954//878 955//878
f 955//879 954//879 956//879
f 955//880 956//880 952//880
f 952//881 956//881 957//881
f 952//882 957//882 951//882
f 958//883 959//883 819//883
f 819//884 959//884 960//884
f 819//885 960//885 820//885
f 961//886 962//886 963//886
f 963//887 962//887 964//887
f 963//888 964//888 958//888
f 958//889 964//889 965//889
f 958//890 965//890 959//890
f 966//891 967//891 968//891
f 969//892 970//892 967//892
f 967//893 970//893 971//893
f 967//894 971//894 968//894
f 972//895 973//895 974//895
f 974//896 973//896 975//896
f 974//897 975//897 969//897
f 969//898 975//898 976//898
f 969//899 976//899 970//899
f 977//900 978//900 979//900
f 979//901 978//901 980//901
f 981//902 982//902 983//902
f 983//903 982//903 984//903
f 983//904 984//904 979//904
f 979//905 984//905 985//905
f 979//906 985//906 977//906
f 986//907 987//907 988//907
f 988//908 987//908 989//908
f 817//909 816//909 990//909
f 816//910 991//910 990//910
f 990//911 991//911 992//911
f 990//912 992//912 986//912
f 986//913 992//913 993//913
f 986//914 993//914 987//914
f 994//915 995//915 996//915
f 996//916 995//916 997//916
f 998//917 999//917 1000//917
f 1000//918 999//918 1001//918
f 1000//919 1001//919 1002//919
f 1002//920 1001//920 1003//920
f 1002//921 1003//921 997//921
f 997//922 1003//922 1004//922
f 997//923 1004//923 996//923
f 1005//924 1006//924 1007//924
f 1007//925 1006//925 1008//925
f 1007//926 1008//926 1009//926
f 1009//927 1008//927 1010//927
f 1009//928 1010//928 1011//928
f 1011//929 1010//929 1012//929
f 1013//930 1014//930 1015//930
f 1015//931 1014//931 1016//931
f 1017//932 1018//932 1019//932
f 1019//933 1018//933 1020//933
f 1019//934 1020//934 1016//934
f 1016//935 1020//935 1021//935
f 1016//936 1021//936 1015//936
f 1022//937 1023//937 1017//937
f 1017//938 1023//938 1024//938
f 1017//939 1024//939 1018//939
f 1025//940 1026//940 1027//940
f 1027//941 1026//941 1028//941
f 1029//942 1030//942 1031//942
f 1031//943 1030//943 1032//943
f 1031//944 1032//944 1033//944
f 1033//945 1032//945 1034//945
f 1033//946 1034//946 1025//946
f 1025//947 1034//947 1035//947
f 1025//948 1035//948 1026//948
f 1036//949 1037//949 1038//949
f 1038//950 1037//950 1039//950
f 1038//951 1039//951 1040//951
f 1040//952 1039//952 1041//952
f 1040//953 1041//953 1042//953
f 1042//954 1041//954 1043//954
f 1044//955 1045//955 1046//955
f 1046//956 1045//956 1047//956
f 1046//957 1047//957 1048//957
f 1048//958 1047//958 1049//958
f 1050//959 1051//959 1052//959
f 1052//960 1051//960 1053//960
f 1052//961 1053//961 1044//961
f 1044//962 1053//962 1054//962
f 1044//963 1054//963 1045//963
f 1055//964 1056//964 1057//964
f 1057//965 1056//965 1058//965
f 814//966 813//966 1058//966
f 1058//967 813//967 1059//967
f 1058//968 1059//968 1057//968
f 1060//969 1061//969 1062//969
f 1062//970 1061//970 1063//970
f 1062//971 1063//971 1064//971
f 809//972 1065//972 811//972
f 811//973 1065//973 1066//973
f 811//974 1066//974 1060//974
f 1060//975 1066//975 1067//975
f 1060//976 1067//976 1061//976
f 1068//977 1069//977 1070//977
f 1070//978 1069//978 1071//978
f 1070//979 1071//979 1072//979
f 1073//980 1074//980 1075//980
f 1075//981 1074//981 1076//981
f 1075//982 1076//982 1077//982
f 1077//983 1076//983 1078//983
f 1077//984 1078//984 1068//984
f 1068//985 1078//985 1079//985
f 1068//986 1079//986 1069//986
f 1080//987 1081//987 1082//987
f 1082//988 1081//988 1083//988
f 807//989 806//989 1080//989
f 1080//990 806//990 1084//990
f 1080//991 1084//991 1081//991
f 1085//992 1086//992 1087//992
f 1087//993 1086//993 1088//993
f 1087//994 1088//994 1089//994
f 1090//995 1091//995 1088//995
f 1088//996 1091//996 1092//996
f 1088//997 1092//997 1089//997
f 1093//998 1094//998 1095//998
f 1095//999 1094//999 1096//999
f 1095//1000 1096//1000 1090//1000
f 1090//1001 1096//1001 1097//1001
f 1090//1002 1097//1002 1091//1002
f 1098//1003 1099//1003 1100//1003
f 1101//1004 1102//1004 1099//1004
f 1099//1005 1102//1005 1103//1005
f 1099//1006 1103//1006 1100//1006
f 1104//1007 1105//1007 1106//1007
f 1106//1008 1105//1008 1107//1008
f 1106//1009 1107//1009 1101//1009
f 1101//1010 1107//1010 1108//1010
f 1101//1011 1108//1011 1102//1011
f 1109//1012 1110//1012 1111//1012
f 1111//1013 1110//1013 1112//1013
f 1113//1014 1114//1014 1115//1014
f 1115//1015 1114//1015 1116//1015
f 1115//1016 1116//1016 1109//1016
f 1109//1017 1116//1017 1117//1017
f 1109//1018 1117//1018 1110//1018
f 1118//1019 1119//1019 1120//1019
f 1121//1020 1122//1020 1119//1020
f 1119//1021 1122//1021 1123//1021
f 1119//1022 1123//1022 1120//1022
f 1124//1023 1125//1023 1126//1023
f 1126//1024 1125//1024 1127//1024
f 1126//1025 1127//1025 1121//1025
f 1121//1026 1127//1026 1128//1026
f 1121//1027 1128//1027 1122//1027
f 1129//1028 1130//1028 1131//1028
f 1131//1029 1130//1029 1132//1029
f 1133//1030 1134//1030 1135//1030
f 1135//1031 1134//1031 1136//1031
f 1135//1032 1136//1032 1131//1032
f 1131//1033 1136//1033 1137//1033
f 1131//1034 1137//1034 1129//1034
f 1138//1035 1139//1035 1140//1035
f 1141//1036 1142//1036 1139//1036
f 1139//1037 1142//1037 1143//1037
f 1139//1038 1143//1038 1140//1038
f 1144//1039 1145//1039 1146//1039
f 1146//1040 1145//1040 1147//1040
f 1146//1041 1147//1041 1141//1041
f 1141//1042 1147//1042 1148//1042
f 1141//1043 1148//1043 1142//1043
f 1149//1044 1150//1044 1151//1044
f 1151//1045 1150//1045 1152//1045
f 1153//1046 1154//1046 1155//1046
f 1155//1047 1154//1047 1156//1047
f 1155//1048 1156//1048 1152//1048
f 1152//1049 1156//1049 1157//1049
f 1152//1050 1157//1050 1151//1050
f 1158//1051 1159//1051 1153//1051
f 1153//1052 1159//1052 1160//1052
f 1153//1053 1160//1053 1154//1053
f 1161//1054 1162//1054 1163//1054
f 1163//1055 1162//1055 1164//1055
f 1163//1056 1164//1056 1165//1056
f 1165//1057 1164//1057 1166//1057
f 1165//1058 1166//1058 1167//1058
f 1167//1059 1166//1059 1168//1059
f 1169//1060 1170//1060 1171//1060
f 1171//1061 1170//1061 1172//1061
f 1171//1062 1172//1062 1173//1062
f 1173//1063 1172//1063 1174//1063
f 1174//1064 1172//1064 1175//1064
f 1174//1065 1175//1065 1176//1065
f 1176//1066 1175//1066 1177//1066
f 1176//1067 1177//1067 1178//1067
f 1179//1068 1180//1068 1177//1068
f 1177//1069 1180//1069 1181//1069
f 1177//1070 1181//1070 1178//1070
f 1182//1071 1183//1071 1184//1071
f 1184//1072 1183//1072 1185//1072
f 1184//1073 1185//1073 1179//1073
f 1179//1074 1185//1074 1186//1074
f 1179//1075 1186//1075 1180//1075
f 1187//1076 1188//1076 1189//1076
f 1189//1077 1188//1077 1190//1077
f 1189//1078 1190//1078 1182//1078
f 1182//1079 1190//1079 1191//1079
f 1182//1080 1191//1080 1183//1080
f 1192//1081 1193//1081 1194//1081
f 1194//1082 1193//1082 1195//1082
f 1196//1083 1197//1083 1198//1083
f 1198//1084 1197//1084 1199//1084
f 1198//1085 1199//1085 1195//1085
f 1195//1086 1199//1086 1200//1086
f 1195//1087 1200//1087 1194//1087
f 1201//1088 1202//1088 1203//1088
f 1204//1089 1205//1089 1206//1089
f 1206//1090 1205//1090 1201//1090
f 1206//1091 1201//1091 1207//1091
f 1207//1092 1201//1092 1203//1092
f 1208//1093 1209//1093 1210//1093
f 1210//1094 1209//1094 1211//1094
f 1210//1095 1211//1095 1202//1095
f 1202//1096 1211//1096 1212//1096
f 1202//1097 1212//1097 1203//1097
f 1213//1098 1214//1098 1215//1098
f 1216//1099 1217//1099 1218//1099
f 1218//1100 1217//1100 1219//1100
f 1218//1101 1219//1101 1214//1101
f 1214//1102 1219//1102 1220//1102
f 1214//1103 1220//1103 1215//1103
f 1221//1104 1222//1104 1223//1104
f 1224//1105 1225//1105 1226//1105
f 1226//1106 1225//1106 1221//1106
f 1226//1107 1221//1107 1227//1107
f 1227//1108 1221//1108 1223//1108
f 1228//1109 1229//1109 1230//1109
f 1230//1110 1229//1110 1231//1110
f 1230//1111 1231//1111 1222//1111
f 1222//1112 1231//1112 1232//1112
f 1222//1113 1232//1113 1223//1113
f 1233//1114 1234//1114 1235//1114
f 1236//1115 1237//1115 1234//1115
f 1234//1116 1237//1116 1238//1116
f 1234//1117 1238//1117 1235//1117
f 1239//1118 1240//1118 1241//1118
f 1241//1119 1240//1119 1242//1119
f 1241//1120 1242//1120 1236//1120
f 1236//1121 1242//1121 1243//1121
f 1236//1122 1243//1122 1237//1122
f 1244//1123 1245//1123 1246//1123
f 1247//1124 1248//1124 1249//1124
f 1249//1125 1248//1125 1244//1125
f 1249//1126 1244//1126 1250//1126
f 1250//1127 1244//1127 1246//1127
f 1251//1128 1252//1128 1245//1128
f 1245//1129 1252//1129 1253//1129
f 1245//1130 1253//1130 1246//1130
f 1254//1131 1255//1131 1256//1131
f 799//1132 1257//1132 804//1132
f 804//1133 1257//1133 1258//1133
f 804//1134 1258//1134 1255//1134
f 1255//1135 1258//1135 1259//1135
f 1255//1136 1259//1136 1256//1136
f 833//1137 803//1137 834//1137
f 834//1138 803//1138 601//1138
f 834//1139 601//1139 603//1139
f 603//1140 605//1140 834//1140
f 834//1141 605//1141 839//1141
f 834//1142 839//1142 836//1142
f 836//1143 839//1143 840//1143
f 605//1144 610//1144 839//1144
f 839//1145 610//1145 609//1145
f 839//1146 609//1146 837//1146
f 837//1147 609//1147 607//1147
f 837//1148 607//1148 841//1148
f 607//1149 613//1149 841//1149
f 841//1150 613//1150 612//1150
f 841//1151 612//1151 832//1151
f 832//1152 612//1152 618//1152
f 618//1153 617//1153 832//1153
f 832//1154 617//1154 846//1154
f 832//1155 846//1155 830//1155
f 830//1156 846//1156 845//1156
f 617//1157 615//1157 846//1157
f 846//1158 615//1158 614//1158
f 846//1159 614//1159 848//1159
f 848//1160 614//1160 619//1160
f 848//1161 619//1161 849//1161
f 624//1162 854//1162 622//1162
f 622//1163 854//1163 849//1163
f 622//1164 849//1164 621//1164
f 621//1165 849//1165 619//1165
f 624//1166 627//1166 854//1166
f 854//1167 627//1167 860//1167
f 854//1168 860//1168 852//1168
f 852//1169 860//1169 858//1169
f 627//1170 626//1170 860//1170
f 860//1171 626//1171 630//1171
f 860//1172 630//1172 859//1172
f 859//1173 630//1173 629//1173
f 859//1174 629//1174 863//1174
f 863//1175 629//1175 633//1175
f 633//1176 632//1176 863//1176
f 863//1177 632//1177 869//1177
f 863//1178 869//1178 861//1178
f 861//1179 869//1179 868//1179
f 632//1180 631//1180 869//1180
f 869//1181 631//1181 634//1181
f 869//1182 634//1182 866//1182
f 866//1183 634//1183 636//1183
f 866//1184 636//1184 871//1184
f 636//1185 638//1185 871//1185
f 871//1186 638//1186 639//1186
f 871//1187 639//1187 874//1187
f 874//1188 639//1188 641//1188
f 874//1189 641//1189 877//1189
f 641//1190 642//1190 877//1190
f 877//1191 642//1191 644//1191
f 877//1192 644//1192 879//1192
f 879//1193 644//1193 645//1193
f 879//1194 645//1194 883//1194
f 883//1195 645//1195 647//1195
f 647//1196 648//1196 883//1196
f 883//1197 648//1197 888//1197
f 883//1198 888//1198 881//1198
f 881//1199 888//1199 889//1199
f 648//1200 650//1200 888//1200
f 888//1201 650//1201 653//1201
f 888//1202 653//1202 886//1202
f 886//1203 653//1203 652//1203
f 886//1204 652//1204 894//1204
f 652//1205 656//1205 894//1205
f 894//1206 656//1206 655//1206
f 894//1207 655//1207 892//1207
f 892//1208 655//1208 661//1208
f 661//1209 660//1209 892//1209
f 892//1210 660//1210 901//1210
f 892//1211 901//1211 890//1211
f 890//1212 901//1212 902//1212
f 660//1213 658//1213 901//1213
f 901//1214 658//1214 657//1214
f 901//1215 657//1215 899//1215
f 899//1216 657//1216 662//1216
f 899//1217 662//1217 897//1217
f 667//1218 905//1218 665//1218
f 665//1219 905//1219 897//1219
f 665//1220 897//1220 664//1220
f 664//1221 897//1221 662//1221
f 667//1222 670//1222 905//1222
f 905//1223 670//1223 909//1223
f 905//1224 909//1224 903//1224
f 903//1225 909//1225 908//1225
f 670//1226 669//1226 909//1226
f 909//1227 669//1227 675//1227
f 909//1228 675//1228 911//1228
f 911//1229 675//1229 674//1229
f 911//1230 674//1230 913//1230
f 913//1231 674//1231 672//1231
f 672//1232 671//1232 913//1232
f 913//1233 671//1233 917//1233
f 913//1234 917//1234 915//1234
f 915//1235 917//1235 916//1235
f 671//1236 680//1236 917//1236
f 917//1237 680//1237 679//1237
f 917//1238 679//1238 827//1238
f 827//1239 679//1239 677//1239
f 827//1240 677//1240 828//1240
f 677//1241 683//1241 828//1241
f 828//1242 683//1242 682//1242
f 828//1243 682//1243 922//1243
f 922//1244 682//1244 688//1244
f 688//1245 687//1245 922//1245
f 922//1246 687//1246 927//1246
f 922//1247 927//1247 920//1247
f 920//1248 927//1248 928//1248
f 687//1249 685//1249 927//1249
f 927//1250 685//1250 684//1250
f 927//1251 684//1251 925//1251
f 925//1252 684//1252 689//1252
f 925//1253 689//1253 933//1253
f 694//1254 931//1254 692//1254
f 692//1255 931//1255 933//1255
f 692//1256 933//1256 691//1256
f 691//1257 933//1257 689//1257
f 694//1258 697//1258 931//1258
f 931//1259 697//1259 937//1259
f 931//1260 937//1260 929//1260
f 929//1261 937//1261 936//1261
f 697//1262 696//1262 937//1262
f 937//1263 696//1263 700//1263
f 937//1264 700//1264 939//1264
f 939//1265 700//1265 699//1265
f 939//1266 699//1266 942//1266
f 942//1267 699//1267 703//1267
f 703//1268 702//1268 942//1268
f 942//1269 702//1269 824//1269
f 942//1270 824//1270 940//1270
f 940//1271 824//1271 826//1271
f 702//1272 701//1272 824//1272
f 824//1273 701//1273 704//1273
f 824//1274 704//1274 825//1274
f 825//1275 704//1275 706//1275
f 825//1276 706//1276 945//1276
f 706//1277 708//1277 945//1277
f 945//1278 708//1278 709//1278
f 945//1279 709//1279 823//1279
f 823//1280 709//1280 711//1280
f 711//1281 712//1281 823//1281
f 823//1282 712//1282 950//1282
f 823//1283 950//1283 821//1283
f 821//1284 950//1284 949//1284
f 712//1285 714//1285 950//1285
f 950//1286 714//1286 717//1286
f 950//1287 717//1287 952//1287
f 952//1288 717//1288 716//1288
f 952//1289 716//1289 955//1289
f 955//1290 716//1290 720//1290
f 720//1291 719//1291 955//1291
f 955//1292 719//1292 818//1292
f 955//1293 818//1293 953//1293
f 953//1294 818//1294 820//1294
f 719//1295 718//1295 818//1295
f 818//1296 718//1296 600//1296
f 818//1297 600//1297 819//1297
f 819//1298 600//1298 598//1298
f 819//1299 598//1299 958//1299
f 598//1300 596//1300 958//1300
f 958//1301 596//1301 593//1301
f 958//1302 593//1302 963//1302
f 963//1303 593//1303 591//1303
f 591//1304 589//1304 963//1304
f 963//1305 589//1305 966//1305
f 963//1306 966//1306 961//1306
f 961//1307 966//1307 968//1307
f 589//1308 587//1308 966//1308
f 966//1309 587//1309 584//1309
f 966//1310 584//1310 967//1310
f 967//1311 584//1311 582//1311
f 967//1312 582//1312 969//1312
f 570//1313 974//1313 567//1313
f 567//1314 974//1314 969//1314
f 567//1315 969//1315 564//1315
f 564//1316 969//1316 582//1316
f 570//1317 572//1317 974//1317
f 974//1318 572//1318 980//1318
f 974//1319 980//1319 972//1319
f 972//1320 980//1320 978//1320
f 572//1321 574//1321 980//1321
f 980//1322 574//1322 576//1322
f 980//1323 576//1323 979//1323
f 979//1324 576//1324 578//1324
f 979//1325 578//1325 983//1325
f 983//1326 578//1326 557//1326
f 557//1327 559//1327 983//1327
f 983//1328 559//1328 988//1328
f 983//1329 988//1329 981//1329
f 981//1330 988//1330 989//1330
f 559//1331 561//1331 988//1331
f 988//1332 561//1332 552//1332
f 988//1333 552//1333 986//1333
f 986//1334 552//1334 554//1334
f 986//1335 554//1335 990//1335
f 554//1336 549//1336 990//1336
f 990//1337 549//1337 538//1337
f 990//1338 538//1338 817//1338
f 817//1339 538//1339 540//1339
f 540//1340 542//1340 817//1340
f 817//1341 542//1341 995//1341
f 817//1342 995//1342 815//1342
f 815//1343 995//1343 994//1343
f 542//1344 544//1344 995//1344
f 995//1345 544//1345 546//1345
f 995//1346 546//1346 997//1346
f 997//1347 546//1347 533//1347
f 997//1348 533//1348 1002//1348
f 526//1349 1000//1349 524//1349
f 524//1350 1000//1350 1002//1350
f 524//1351 1002//1351 535//1351
f 535//1352 1002//1352 533//1352
f 526//1353 528//1353 1000//1353
f 1000//1354 528//1354 1006//1354
f 1000//1355 1006//1355 998//1355
f 998//1356 1006//1356 1005//1356
f 528//1357 530//1357 1006//1357
f 1006//1358 530//1358 510//1358
f 1006//1359 510//1359 1008//1359
f 1008//1360 510//1360 512//1360
f 1008//1361 512//1361 1010//1361
f 1010//1362 512//1362 514//1362
f 514//1363 517//1363 1010//1363
f 1010//1364 517//1364 1014//1364
f 1010//1365 1014//1365 1012//1365
f 1012//1366 1014//1366 1013//1366
f 517//1367 519//1367 1014//1367
f 1014//1368 519//1368 521//1368
f 1014//1369 521//1369 1016//1369
f 1016//1370 521//1370 503//1370
f 1016//1371 503//1371 1019//1371
f 503//1372 505//1372 1019//1372
f 1019//1373 505//1373 507//1373
f 1019//1374 507//1374 1017//1374
f 1017//1375 507//1375 496//1375
f 496//1376 498//1376 1017//1376
f 1017//1377 498//1377 1027//1377
f 1017//1378 1027//1378 1022//1378
f 1022//1379 1027//1379 1028//1379
f 498//1380 500//1380 1027//1380
f 1027//1381 500//1381 493//1381
f 1027//1382 493//1382 1025//1382
f 1025//1383 493//1383 482//1383
f 1025//1384 482//1384 1033//1384
f 488//1385 1031//1385 486//1385
f 486//1386 1031//1386 1033//1386
f 486//1387 1033//1387 484//1387
f 484//1388 1033//1388 482//1388
f 488//1389 490//1389 1031//1389
f 1031//1390 490//1390 1037//1390
f 1031//1391 1037//1391 1029//1391
f 1029//1392 1037//1392 1036//1392
f 490//1393 477//1393 1037//1393
f 1037//1394 477//1394 479//1394
f 1037//1395 479//1395 1039//1395
f 1039//1396 479//1396 472//1396
f 1039//1397 472//1397 1041//1397
f 1041//1398 472//1398 474//1398
f 474//1399 463//1399 1041//1399
f 1041//1400 463//1400 1048//1400
f 1041//1401 1048//1401 1043//1401
f 1043//1402 1048//1402 1049//1402
f 463//1403 465//1403 1048//1403
f 1048//1404 465//1404 467//1404
f 1048//1405 467//1405 1046//1405
f 1046//1406 467//1406 469//1406
f 1046//1407 469//1407 1044//1407
f 460//1408 1052//1408 458//1408
f 458//1409 1052//1409 1044//1409
f 458//1410 1044//1410 456//1410
f 456//1411 1044//1411 469//1411
f 460//1412 449//1412 1052//1412
f 1052//1413 449//1413 1056//1413
f 1052//1414 1056//1414 1050//1414
f 1050//1415 1056//1415 1055//1415
f 449//1416 451//1416 1056//1416
f 1056//1417 451//1417 453//1417
f 1056//1418 453//1418 1058//1418
f 1058//1419 453//1419 440//1419
f 1058//1420 440//1420 814//1420
f 814//1421 440//1421 442//1421
f 442//1422 444//1422 814//1422
f 814//1423 444//1423 1062//1423
f 814//1424 1062//1424 812//1424
f 812//1425 1062//1425 1064//1425
f 444//1426 446//1426 1062//1426
f 1062//1427 446//1427 435//1427
f 1062//1428 435//1428 1060//1428
f 1060//1429 435//1429 437//1429
f 1060//1430 437//1430 811//1430
f 437//1431 432//1431 811//1431
f 811//1432 432//1432 421//1432
f 811//1433 421//1433 810//1433
f 810//1434 421//1434 423//1434
f 423//1435 425//1435 810//1435
f 810//1436 425//1436 1070//1436
f 810//1437 1070//1437 808//1437
f 808//1438 1070//1438 1072//1438
f 425//1439 427//1439 1070//1439
f 1070//1440 427//1440 429//1440
f 1070//1441 429//1441 1068//1441
f 1068//1442 429//1442 416//1442
f 1068//1443 416//1443 1077//1443
f 409//1444 1075//1444 407//1444
f 407//1445 1075//1445 1077//1445
f 407//1446 1077//1446 418//1446
f 418//1447 1077//1447 416//1447
f 409//1448 411//1448 1075//1448
f 1075//1449 411//1449 1082//1449
f 1075//1450 1082//1450 1073//1450
f 1073//1451 1082//1451 1083//1451
f 411//1452 413//1452 1082//1452
f 1082//1453 413//1453 395//1453
f 1082//1454 395//1454 1080//1454
f 1080//1455 395//1455 397//1455
f 1080//1456 397//1456 807//1456
f 807//1457 397//1457 399//1457
f 399//1458 402//1458 807//1458
f 807//1459 402//1459 1086//1459
f 807//1460 1086//1460 805//1460
f 805//1461 1086//1461 1085//1461
f 402//1462 404//1462 1086//1462
f 1086//1463 404//1463 388//1463
f 1086//1464 388//1464 1088//1464
f 1088//1465 388//1465 390//1465
f 1088//1466 390//1466 1090//1466
f 390//1467 392//1467 1090//1467
f 1090//1468 392//1468 379//1468
f 1090//1469 379//1469 1095//1469
f 1095//1470 379//1470 381//1470
f 381//1471 383//1471 1095//1471
f 1095//1472 383//1472 1098//1472
f 1095//1473 1098//1473 1093//1473
f 1093//1474 1098//1474 1100//1474
f 383//1475 385//1475 1098//1475
f 1098//1476 385//1476 368//1476
f 1098//1477 368//1477 1099//1477
f 1099//1478 368//1478 367//1478
f 1099//1479 367//1479 1101//1479
f 376//1480 1106//1480 374//1480
f 374//1481 1106//1481 1101//1481
f 374//1482 1101//1482 372//1482
f 372//1483 1101//1483 367//1483
f 376//1484 360//1484 1106//1484
f 1106//1485 360//1485 1111//1485
f 1106//1486 1111//1486 1104//1486
f 1104//1487 1111//1487 1112//1487
f 360//1488 362//1488 1111//1488
f 1111//1489 362//1489 364//1489
f 1111//1490 364//1490 1109//1490
f 1109//1491 364//1491 355//1491
f 1109//1492 355//1492 1115//1492
f 1115//1493 355//1493 357//1493
f 357//1494 348//1494 1115//1494
f 1115//1495 348//1495 1118//1495
f 1115//1496 1118//1496 1113//1496
f 1113//1497 1118//1497 1120//1497
f 348//1498 350//1498 1118//1498
f 1118//1499 350//1499 352//1499
f 1118//1500 352//1500 1119//1500
f 1119//1501 352//1501 339//1501
f 1119//1502 339//1502 1121//1502
f 345//1503 1126//1503 343//1503
f 343//1504 1126//1504 1121//1504
f 343//1505 1121//1505 341//1505
f 341//1506 1121//1506 339//1506
f 345//1507 332//1507 1126//1507
f 1126//1508 332//1508 1132//1508
f 1126//1509 1132//1509 1124//1509
f 1124//1510 1132//1510 1130//1510
f 332//1511 334//1511 1132//1511
f 1132//1512 334//1512 336//1512
f 1132//1513 336//1513 1131//1513
f 1131//1514 336//1514 323//1514
f 1131//1515 323//1515 1135//1515
f 1135//1516 323//1516 325//1516
f 325//1517 327//1517 1135//1517
f 1135//1518 327//1518 1138//1518
f 1135//1519 1138//1519 1133//1519
f 1133//1520 1138//1520 1140//1520
f 327//1521 329//1521 1138//1521
f 1138//1522 329//1522 318//1522
f 1138//1523 318//1523 1139//1523
f 1139//1524 318//1524 320//1524
f 1139//1525 320//1525 1141//1525
f 320//1526 2//1526 1141//1526
f 1141//1527 2//1527 1//1527
f 1141//1528 1//1528 1146//1528
f 1146//1529 1//1529 311//1529
f 311//1530 313//1530 1146//1530
f 1146//1531 313//1531 1150//1531
f 1146//1532 1150//1532 1144//1532
f 1144//1533 1150//1533 1149//1533
f 313//1534 315//1534 1150//1534
f 1150//1535 315//1535 298//1535
f 1150//1536 298//1536 1152//1536
f 1152//1537 298//1537 300//1537
f 1152//1538 300//1538 1155//1538
f 306//1539 1153//1539 304//1539
f 304//1540 1153//1540 1155//1540
f 304//1541 1155//1541 302//1541
f 302//1542 1155//1542 300//1542
f 306//1543 295//1543 1153//1543
f 1153//1544 295//1544 1162//1544
f 1153//1545 1162//1545 1158//1545
f 1158//1546 1162//1546 1161//1546
f 295//1547 288//1547 1162//1547
f 1162//1548 288//1548 290//1548
f 1162//1549 290//1549 1164//1549
f 1164//1550 290//1550 292//1550
f 1164//1551 292//1551 1166//1551
f 1166//1552 292//1552 281//1552
f 281//1553 283//1553 1166//1553
f 1166//1554 283//1554 1170//1554
f 1166//1555 1170//1555 1168//1555
f 1168//1556 1170//1556 1169//1556
f 283//1557 285//1557 1170//1557
f 1170//1558 285//1558 274//1558
f 1170//1559 274//1559 1172//1559
f 1172//1560 274//1560 276//1560
f 1172//1561 276//1561 1175//1561
f 276//1562 278//1562 1175//1562
f 1175//1563 278//1563 271//1563
f 1175//1564 271//1564 1177//1564
f 1177//1565 271//1565 261//1565
f 1177//1566 261//1566 1179//1566
f 261//1567 263//1567 1179//1567
f 1179//1568 263//1568 265//1568
f 1179//1569 265//1569 1184//1569
f 1184//1570 265//1570 268//1570
f 1184//1571 268//1571 1182//1571
f 254//1572 1189//1572 4//1572
f 4//1573 1189//1573 1182//1573
f 4//1574 1182//1574 5//1574
f 5//1575 1182//1575 268//1575
f 254//1576 256//1576 1189//1576
f 1189//1577 256//1577 1193//1577
f 1189//1578 1193//1578 1187//1578
f 1187//1579 1193//1579 1192//1579
f 256//1580 258//1580 1193//1580
f 1193//1581 258//1581 243//1581
f 1193//1582 243//1582 1195//1582
f 1195//1583 243//1583 245//1583
f 1195//1584 245//1584 1198//1584
f 1198//1585 245//1585 247//1585
f 247//1586 249//1586 1198//1586
f 1198//1587 249//1587 1205//1587
f 1198//1588 1205//1588 1196//1588
f 1196//1589 1205//1589 1204//1589
f 249//1590 238//1590 1205//1590
f 1205//1591 238//1591 240//1591
f 1205//1592 240//1592 1201//1592
f 1201//1593 240//1593 229//1593
f 1201//1594 229//1594 1202//1594
f 235//1595 1210//1595 233//1595
f 233//1596 1210//1596 1202//1596
f 233//1597 1202//1597 231//1597
f 231//1598 1202//1598 229//1598
f 235//1599 224//1599 1210//1599
f 1210//1600 224//1600 1213//1600
f 1210//1601 1213//1601 1208//1601
f 1208//1602 1213//1602 1215//1602
f 224//1603 226//1603 1213//1603
f 1213//1604 226//1604 217//1604
f 1213//1605 217//1605 1214//1605
f 1214//1606 217//1606 219//1606
f 1214//1607 219//1607 1218//1607
f 1218//1608 219//1608 221//1608
f 221//1609 208//1609 1218//1609
f 1218//1610 208//1610 1225//1610
f 1218//1611 1225//1611 1216//1611
f 1216//1612 1225//1612 1224//1612
f 208//1613 210//1613 1225//1613
f 1225//1614 210//1614 212//1614
f 1225//1615 212//1615 1221//1615
f 1221//1616 212//1616 214//1616
f 1221//1617 214//1617 1222//1617
f 214//1618 196//1618 1222//1618
f 1222//1619 196//1619 198//1619
f 1222//1620 198//1620 1230//1620
f 1230//1621 198//1621 200//1621
f 200//1622 203//1622 1230//1622
f 1230//1623 203//1623 1233//1623
f 1230//1624 1233//1624 1228//1624
f 1228//1625 1233//1625 1235//1625
f 203//1626 205//1626 1233//1626
f 1233//1627 205//1627 191//1627
f 1233//1628 191//1628 1234//1628
f 1234//1629 191//1629 193//1629
f 1234//1630 193//1630 1236//1630
f 186//1631 1241//1631 184//1631
f 184//1632 1241//1632 1236//1632
f 184//1633 1236//1633 182//1633
f 182//1634 1236//1634 193//1634
f 186//1635 188//1635 1241//1635
f 1241//1636 188//1636 1248//1636
f 1241//1637 1248//1637 1239//1637
f 1239//1638 1248//1638 1247//1638
f 188//1639 177//1639 1248//1639
f 1248//1640 177//1640 179//1640
f 1248//1641 179//1641 1244//1641
f 1244//1642 179//1642 168//1642
f 1244//1643 168//1643 1245//1643
f 1245//1644 168//1644 170//1644
f 170//1645 172//1645 1245//1645
f 1245//1646 172//1646 1254//1646
f 1245//1647 1254//1647 1251//1647
f 1251//1648 1254//1648 1256//1648
f 172//1649 174//1649 1254//1649
f 1254//1650 174//1650 161//1650
f 1254//1651 161//1651 1255//1651
f 1255//1652 161//1652 163//1652
f 1255//1653 163//1653 804//1653
f 17//1654 800//1654 158//1654
f 158//1655 800//1655 804//1655
f 158//1656 804//1656 165//1656
f 165//1657 804//1657 163//1657
f 852//1658 858//1658 1260//1658
f 881//1659 889//1659 1261//1659
f 1262//1660 1263//1660 989//1660
f 1074//1661 1264//1661 1265//1661
f 1264//1662 1074//1662 1266//1662
f 1124//1663 1130//1663 1267//1663
f 1156//1664 1154//1664 1268//1664
f 1160//1665 1159//1665 1269//1665
f 1199//1666 1197//1666 1270//1666
f 799//1667 798//1667 1257//1667
f 1257//1668 798//1668 1271//1668
f 1257//1669 1271//1669 1258//1669
f 1258//1670 1271//1670 1272//1670
f 1258//1671 1272//1671 1259//1671
f 1259//1672 1272//1672 1273//1672
f 1259//1673 1273//1673 1256//1673
f 1256//1674 1273//1674 1274//1674
f 1256//1675 1274//1675 1251//1675
f 1251//1676 1274//1676 1275//1676
f 1251//1677 1275//1677 1252//1677
f 1252//1678 1275//1678 1276//1678
f 1252//1679 1276//1679 1277//1679
f 1247//1680 1249//1680 1278//1680
f 1278//1681 1249//1681 1250//1681
f 1278//1682 1250//1682 1279//1682
f 1279//1683 1250//1683 1246//1683
f 1279//1684 1246//1684 1277//1684
f 1277//1685 1246//1685 1253//1685
f 1277//1679 1253//1679 1252//1679
f 1278//1686 1280//1686 1247//1686
f 1247//1687 1280//1687 1281//1687
f 1247//1688 1281//1688 1239//1688
f 1239//1689 1281//1689 1282//1689
f 1239//1690 1282//1690 1240//1690
f 1240//1691 1282//1691 1283//1691
f 1240//1692 1283//1692 1242//1692
f 1242//1693 1283//1693 1243//1693
f 1243//1694 1283//1694 1284//1694
f 1243//1695 1284//1695 1285//1695
f 1227//1696 1223//1696 1286//1696
f 1286//1697 1223//1697 1232//1697
f 1286//1698 1232//1698 1287//1698
f 1287//1699 1232//1699 1231//1699
f 1287//1700 1231//1700 1288//1700
f 1288//1701 1231//1701 1229//1701
f 1288//1702 1229//1702 1289//1702
f 1289//1703 1229//1703 1228//1703
f 1289//1704 1228//1704 1290//1704
f 1290//1705 1228//1705 1235//1705
f 1290//1706 1235//1706 1291//1706
f 1291//1707 1235//1707 1238//1707
f 1291//1708 1238//1708 1285//1708
f 1285//1709 1238//1709 1237//1709
f 1285//1710 1237//1710 1243//1710
f 1286//1711 1292//1711 1227//1711
f 1227//1712 1292//1712 1293//1712
f 1227//1713 1293//1713 1226//1713
f 1226//1714 1293//1714 1224//1714
f 1293//1715 1294//1715 1224//1715
f 1224//1716 1294//1716 1295//1716
f 1224//1717 1295//1717 1216//1717
f 1216//1718 1295//1718 1296//1718
f 1216//1719 1296//1719 1217//1719
f 1217//1720 1296//1720 1297//1720
f 1298//1721 1212//1721 1299//1721
f 1299//1722 1212//1722 1211//1722
f 1299//1723 1211//1723 1300//1723
f 1300//1724 1211//1724 1209//1724
f 1300//1725 1209//1725 1301//1725
f 1301//1726 1209//1726 1208//1726
f 1301//1727 1208//1727 1302//1727
f 1302//1728 1208//1728 1215//1728
f 1302//1729 1215//1729 1303//1729
f 1303//1730 1215//1730 1220//1730
f 1303//1731 1220//1731 1297//1731
f 1297//1732 1220//1732 1219//1732
f 1297//1733 1219//1733 1217//1733
f 1270//1734 1197//1734 1304//1734
f 1304//1735 1197//1735 1196//1735
f 1304//1736 1196//1736 1305//1736
f 1305//1737 1196//1737 1204//1737
f 1305//1738 1204//1738 1306//1738
f 1306//1739 1204//1739 1206//1739
f 1306//1740 1206//1740 1307//1740
f 1307//1741 1206//1741 1207//1741
f 1307//1742 1207//1742 1298//1742
f 1298//1743 1207//1743 1203//1743
f 1298//1744 1203//1744 1212//1744
f 1199//1745 1270//1745 1200//1745
f 1200//1746 1270//1746 1308//1746
f 1200//1747 1308//1747 1309//1747
f 1310//1748 1188//1748 1311//1748
f 1311//1749 1188//1749 1187//1749
f 1311//1750 1187//1750 1312//1750
f 1312//1751 1187//1751 1192//1751
f 1312//1752 1192//1752 1309//1752
f 1309//1753 1192//1753 1194//1753
f 1309//1754 1194//1754 1200//1754
f 1176//1755 1178//1755 1313//1755
f 1313//1756 1178//1756 1181//1756
f 1313//1757 1181//1757 1314//1757
f 1314//1758 1181//1758 1180//1758
f 1314//1759 1180//1759 1315//1759
f 1315//1760 1180//1760 1186//1760
f 1315//1761 1186//1761 1316//1761
f 1316//1762 1186//1762 1185//1762
f 1316//1763 1185//1763 1317//1763
f 1317//1764 1185//1764 1183//1764
f 1317//1765 1183//1765 1318//1765
f 1318//1766 1183//1766 1191//1766
f 1318//1767 1191//1767 1310//1767
f 1310//1768 1191//1768 1190//1768
f 1310//1769 1190//1769 1188//1769
f 1313//1770 1319//1770 1176//1770
f 1176//1771 1319//1771 1320//1771
f 1176//1772 1320//1772 1174//1772
f 1174//1773 1320//1773 1173//1773
f 1173//1774 1320//1774 1321//1774
f 1173//1775 1321//1775 1171//1775
f 1322//1776 1169//1776 1323//1776
f 1323//1777 1169//1777 1171//1777
f 1323//1778 1171//1778 1324//1778
f 1324//1779 1171//1779 1321//1779
f 1269//1780 1159//1780 1325//1780
f 1325//1781 1159//1781 1158//1781
f 1325//1782 1158//1782 1326//1782
f 1326//1783 1158//1783 1161//1783
f 1326//1784 1161//1784 1327//1784
f 1327//1785 1161//1785 1163//1785
f 1327//1786 1163//1786 1328//1786
f 1328//1787 1163//1787 1165//1787
f 1328//1788 1165//1788 1329//1788
f 1329//1789 1165//1789 1167//1789
f 1329//1790 1167//1790 1322//1790
f 1322//1791 1167//1791 1168//1791
f 1322//1792 1168//1792 1169//1792
f 1160//1793 1269//1793 1154//1793
f 1154//1794 1269//1794 1330//1794
f 1154//1795 1330//1795 1268//1795
f 1156//1796 1268//1796 1157//1796
f 1157//1797 1268//1797 1331//1797
f 1157//1798 1331//1798 1332//1798
f 1267//1799 1130//1799 1333//1799
f 1333//1800 1130//1800 1129//1800
f 1333//1801 1129//1801 1334//1801
f 1334//1802 1129//1802 1137//1802
f 1334//1803 1137//1803 1335//1803
f 1335//1804 1137//1804 1136//1804
f 1335//1805 1136//1805 1336//1805
f 1336//1806 1136//1806 1134//1806
f 1336//1807 1134//1807 1337//1807
f 1337//1808 1134//1808 1133//1808
f 1337//1809 1133//1809 1338//1809
f 1338//1810 1133//1810 1140//1810
f 1338//1811 1140//1811 1339//1811
f 1339//1812 1140//1812 1143//1812
f 1339//1813 1143//1813 1340//1813
f 1340//1814 1143//1814 1142//1814
f 1340//1815 1142//1815 1341//1815
f 1341//1816 1142//1816 1148//1816
f 1341//1817 1148//1817 1342//1817
f 1342//1818 1148//1818 1147//1818
f 1342//1819 1147//1819 1343//1819
f 1343//1820 1147//1820 1145//1820
f 1343//1821 1145//1821 1344//1821
f 1344//1822 1145//1822 1144//1822
f 1344//1823 1144//1823 1345//1823
f 1345//1824 1144//1824 1149//1824
f 1345//1825 1149//1825 1332//1825
f 1332//1826 1149//1826 1151//1826
f 1332//1827 1151//1827 1157//1827
f 1124//1828 1267//1828 1125//1828
f 1125//1829 1267//1829 1346//1829
f 1125//1830 1346//1830 1347//1830
f 1348//1831 1105//1831 1349//1831
f 1349//1832 1105//1832 1104//1832
f 1349//1833 1104//1833 1350//1833
f 1350//1834 1104//1834 1112//1834
f 1350//1835 1112//1835 1351//1835
f 1351//1836 1112//1836 1110//1836
f 1351//1837 1110//1837 1352//1837
f 1352//1838 1110//1838 1117//1838
f 1352//1839 1117//1839 1353//1839
f 1353//1840 1117//1840 1116//1840
f 1353//1841 1116//1841 1354//1841
f 1354//1842 1116//1842 1114//1842
f 1354//1843 1114//1843 1355//1843
f 1355//1844 1114//1844 1113//1844
f 1355//1845 1113//1845 1356//1845
f 1356//1846 1113//1846 1120//1846
f 1356//1847 1120//1847 1357//1847
f 1357//1848 1120//1848 1123//1848
f 1357//1849 1123//1849 1358//1849
f 1358//1850 1123//1850 1122//1850
f 1358//1851 1122//1851 1359//1851
f 1359//1852 1122//1852 1128//1852
f 1359//1853 1128//1853 1347//1853
f 1347//1854 1128//1854 1127//1854
f 1347//344 1127//344 1125//344
f 1097//1855 1096//1855 1360//1855
f 1360//1856 1096//1856 1094//1856
f 1360//1857 1094//1857 1361//1857
f 1361//1858 1094//1858 1093//1858
f 1361//1859 1093//1859 1362//1859
f 1362//1860 1093//1860 1100//1860
f 1362//1861 1100//1861 1363//1861
f 1363//1862 1100//1862 1103//1862
f 1363//1863 1103//1863 1364//1863
f 1364//1864 1103//1864 1102//1864
f 1364//1865 1102//1865 1365//1865
f 1365//1866 1102//1866 1108//1866
f 1365//1867 1108//1867 1348//1867
f 1348//1868 1108//1868 1107//1868
f 1348//1869 1107//1869 1105//1869
f 1360//1870 1366//1870 1097//1870
f 1097//1871 1366//1871 1367//1871
f 1097//1872 1367//1872 1091//1872
f 1091//1873 1367//1873 1368//1873
f 1091//1874 1368//1874 1092//1874
f 1092//1875 1368//1875 1369//1875
f 1092//1876 1369//1876 1089//1876
f 1089//1877 1369//1877 1087//1877
f 1087//1878 1369//1878 1370//1878
f 1087//1879 1370//1879 1085//1879
f 1085//1880 1370//1880 1371//1880
f 1085//1881 1371//1881 805//1881
f 805//1882 1371//1882 1372//1882
f 805//1883 1372//1883 806//1883
f 806//1884 1372//1884 1373//1884
f 806//1885 1373//1885 1084//1885
f 1084//1886 1373//1886 1374//1886
f 1084//1887 1374//1887 1081//1887
f 1081//1888 1374//1888 1083//1888
f 1083//1889 1374//1889 1375//1889
f 1083//1890 1375//1890 1376//1890
f 1266//1891 1074//1891 1376//1891
f 1376//1892 1074//1892 1073//1892
f 1376//1893 1073//1893 1083//1893
f 808//1894 1072//1894 1377//1894
f 1377//1895 1072//1895 1071//1895
f 1377//1896 1071//1896 1378//1896
f 1378//1897 1071//1897 1069//1897
f 1378//1898 1069//1898 1379//1898
f 1379//1899 1069//1899 1079//1899
f 1379//1900 1079//1900 1380//1900
f 1380//1901 1079//1901 1078//1901
f 1380//1902 1078//1902 1265//1902
f 1265//1903 1078//1903 1076//1903
f 1265//1661 1076//1661 1074//1661
f 1377//1904 1381//1904 808//1904
f 808//1905 1381//1905 1382//1905
f 808//1906 1382//1906 809//1906
f 809//1907 1382//1907 1065//1907
f 1065//1908 1382//1908 1383//1908
f 1065//1909 1383//1909 1066//1909
f 1383//1910 1384//1910 1066//1910
f 1066//1911 1384//1911 1385//1911
f 1066//1911 1385//1911 1067//1911
f 1067//1912 1385//1912 1061//1912
f 1061//1913 1385//1913 1386//1913
f 1061//1914 1386//1914 1063//1914
f 1063//1915 1386//1915 1387//1915
f 1063//1916 1387//1916 1064//1916
f 1064//1917 1387//1917 1388//1917
f 1064//1918 1388//1918 812//1918
f 812//1919 1388//1919 1389//1919
f 812//1920 1389//1920 813//1920
f 813//1921 1389//1921 1059//1921
f 1059//1922 1389//1922 1390//1922
f 1059//1923 1390//1923 1057//1923
f 1057//1924 1390//1924 1391//1924
f 1057//1925 1391//1925 1055//1925
f 1055//1926 1391//1926 1392//1926
f 1055//1927 1392//1927 1050//1927
f 1392//1928 1393//1928 1050//1928
f 1050//1929 1393//1929 1394//1929
f 1050//1929 1394//1929 1051//1929
f 1051//1930 1394//1930 1053//1930
f 1053//1931 1394//1931 1395//1931
f 1053//1932 1395//1932 1054//1932
f 1054//1933 1395//1933 1396//1933
f 1054//1934 1396//1934 1045//1934
f 1045//1935 1396//1935 1397//1935
f 1045//1936 1397//1936 1047//1936
f 1047//1937 1397//1937 1398//1937
f 1047//1938 1398//1938 1049//1938
f 1049//1939 1398//1939 1399//1939
f 1049//1940 1399//1940 1043//1940
f 1043//1941 1399//1941 1400//1941
f 1043//1942 1400//1942 1042//1942
f 1042//1943 1400//1943 1401//1943
f 1042//1944 1401//1944 1040//1944
f 1401//1945 1402//1945 1040//1945
f 1040//1946 1402//1946 1403//1946
f 1040//1946 1403//1946 1038//1946
f 1038//1947 1403//1947 1036//1947
f 1036//1948 1403//1948 1404//1948
f 1036//1949 1404//1949 1405//1949
f 1406//1950 1018//1950 1407//1950
f 1407//1951 1018//1951 1024//1951
f 1407//1952 1024//1952 1408//1952
f 1408//1953 1024//1953 1023//1953
f 1408//1954 1023//1954 1409//1954
f 1409//1955 1023//1955 1022//1955
f 1409//1956 1022//1956 1410//1956
f 1410//1957 1022//1957 1028//1957
f 1410//1958 1028//1958 1411//1958
f 1411//1959 1028//1959 1026//1959
f 1411//1960 1026//1960 1412//1960
f 1412//1961 1026//1961 1035//1961
f 1412//1962 1035//1962 1413//1962
f 1413//1963 1035//1963 1034//1963
f 1413//1964 1034//1964 1414//1964
f 1414//1965 1034//1965 1032//1965
f 1414//1966 1032//1966 1415//1966
f 1415//1967 1032//1967 1030//1967
f 1415//1968 1030//1968 1405//1968
f 1405//1969 1030//1969 1029//1969
f 1405//1970 1029//1970 1036//1970
f 1262//1971 989//1971 1416//1971
f 989//1972 987//1972 1416//1972
f 1416//1973 987//1973 993//1973
f 1416//1974 993//1974 1417//1974
f 1417//1975 993//1975 992//1975
f 1417//1976 992//1976 1418//1976
f 1418//1977 992//1977 991//1977
f 1418//1978 991//1978 1419//1978
f 1419//1979 991//1979 816//1979
f 1419//1980 816//1980 1420//1980
f 1420//1981 816//1981 815//1981
f 1420//1982 815//1982 1421//1982
f 1421//1983 815//1983 994//1983
f 1421//1984 994//1984 1422//1984
f 1422//1985 994//1985 996//1985
f 1422//1986 996//1986 1423//1986
f 1423//1987 996//1987 1004//1987
f 1423//1988 1004//1988 1424//1988
f 1424//1989 1004//1989 1003//1989
f 1424//1990 1003//1990 1425//1990
f 1425//1991 1003//1991 1001//1991
f 1425//1992 1001//1992 1426//1992
f 1426//1993 1001//1993 999//1993
f 1426//1994 999//1994 1427//1994
f 1427//1995 999//1995 998//1995
f 1427//1996 998//1996 1428//1996
f 1428//1997 998//1997 1005//1997
f 1428//1998 1005//1998 1429//1998
f 1429//1999 1005//1999 1007//1999
f 1429//2000 1007//2000 1430//2000
f 1430//2001 1007//2001 1009//2001
f 1430//2002 1009//2002 1431//2002
f 1431//2003 1009//2003 1011//2003
f 1431//2004 1011//2004 1432//2004
f 1432//2005 1011//2005 1012//2005
f 1432//2006 1012//2006 1433//2006
f 1433//2007 1012//2007 1013//2007
f 1433//2008 1013//2008 1434//2008
f 1434//2009 1013//2009 1015//2009
f 1434//2010 1015//2010 1435//2010
f 1435//2011 1015//2011 1021//2011
f 1435//2012 1021//2012 1406//2012
f 1406//2013 1021//2013 1020//2013
f 1406//2014 1020//2014 1018//2014
f 985//2015 984//2015 1436//2015
f 1436//2016 984//2016 982//2016
f 1436//2017 982//2017 1263//2017
f 1263//2018 982//2018 981//2018
f 1263//2019 981//2019 989//2019
f 1436//2020 1437//2020 985//2020
f 985//2021 1437//2021 1438//2021
f 985//2022 1438//2022 977//2022
f 977//2023 1438//2023 1439//2023
f 977//2024 1439//2024 978//2024
f 978//2025 1439//2025 1440//2025
f 978//2026 1440//2026 972//2026
f 972//2027 1440//2027 1441//2027
f 972//2028 1441//2028 973//2028
f 973//2029 1441//2029 1442//2029
f 973//2030 1442//2030 975//2030
f 1443//2031 970//2031 976//2031
f 975//2032 1442//2032 976//2032
f 976//2033 1442//2033 1444//2033
f 976//2034 1444//2034 1443//2034
f 970//2035 1443//2035 971//2035
f 971//2036 1443//2036 1445//2036
f 971//2037 1445//2037 968//2037
f 968//2038 1445//2038 1446//2038
f 968//2039 1446//2039 961//2039
f 961//2040 1446//2040 1447//2040
f 961//2041 1447//2041 962//2041
f 962//2042 1447//2042 1448//2042
f 962//2043 1448//2043 964//2043
f 964//2044 1448//2044 1449//2044
f 964//2045 1449//2045 965//2045
f 965//2046 1449//2046 1450//2046
f 965//2047 1450//2047 959//2047
f 959//2048 1450//2048 1451//2048
f 959//2049 1451//2049 960//2049
f 960//2050 1451//2050 1452//2050
f 960//2051 1452//2051 820//2051
f 820//2052 1452//2052 1453//2052
f 820//2053 1453//2053 953//2053
f 953//2054 1453//2054 1454//2054
f 953//2055 1454//2055 954//2055
f 954//2056 1454//2056 1455//2056
f 954//2057 1455//2057 1456//2057
f 948//2058 947//2058 1457//2058
f 1457//2059 947//2059 946//2059
f 1457//2060 946//2060 1458//2060
f 1458//2061 946//2061 822//2061
f 1458//2062 822//2062 1459//2062
f 1459//2063 822//2063 821//2063
f 1459//2064 821//2064 1460//2064
f 1460//2065 821//2065 949//2065
f 1460//2066 949//2066 1461//2066
f 1461//2067 949//2067 951//2067
f 1461//2068 951//2068 1462//2068
f 1462//2069 951//2069 957//2069
f 1462//2070 957//2070 1456//2070
f 1456//2071 957//2071 956//2071
f 1456//2072 956//2072 954//2072
f 1457//2073 1463//2073 948//2073
f 948//2074 1463//2074 1464//2074
f 948//2075 1464//2075 826//2075
f 826//2076 1464//2076 1465//2076
f 826//2077 1465//2077 940//2077
f 1465//2078 1466//2078 940//2078
f 940//2079 1466//2079 1467//2079
f 940//2080 1467//2080 941//2080
f 941//2081 1467//2081 1468//2081
f 941//2082 1468//2082 943//2082
f 943//2083 1468//2083 944//2083
f 944//2084 1468//2084 1469//2084
f 944//2085 1469//2085 938//2085
f 938//2086 1469//2086 1470//2086
f 938//2087 1470//2087 936//2087
f 936//2088 1470//2088 1471//2088
f 936//2089 1471//2089 929//2089
f 929//2090 1471//2090 930//2090
f 930//2091 1471//2091 1472//2091
f 930//2092 1472//2092 1473//2092
f 921//2093 920//2093 1474//2093
f 1474//2094 920//2094 928//2094
f 1474//2095 928//2095 1475//2095
f 1475//2096 928//2096 926//2096
f 1475//2097 926//2097 1476//2097
f 1476//2098 926//2098 935//2098
f 1476//2099 935//2099 1477//2099
f 1477//2100 935//2100 934//2100
f 1477//2101 934//2101 1473//2101
f 1473//2102 934//2102 932//2102
f 1473//2103 932//2103 930//2103
f 1474//2104 1478//2104 921//2104
f 921//2105 1478//2105 1479//2105
f 921//2106 1479//2106 923//2106
f 923//2107 1479//2107 924//2107
f 1479//2108 1480//2108 924//2108
f 924//2109 1480//2109 1481//2109
f 924//2110 1481//2110 829//2110
f 829//2111 1481//2111 1482//2111
f 829//2112 1482//2112 919//2112
f 919//2113 1482//2113 1483//2113
f 907//2114 906//2114 1484//2114
f 1484//2115 906//2115 904//2115
f 1484//2116 904//2116 1485//2116
f 1485//2117 904//2117 903//2117
f 1485//2118 903//2118 1486//2118
f 1486//2119 903//2119 908//2119
f 1486//2120 908//2120 1487//2120
f 1487//2121 908//2121 910//2121
f 1487//2122 910//2122 1488//2122
f 1488//2123 910//2123 912//2123
f 1488//2124 912//2124 1489//2124
f 1489//2125 912//2125 914//2125
f 1489//2126 914//2126 1490//2126
f 1490//2127 914//2127 915//2127
f 1490//2128 915//2128 1491//2128
f 1491//2129 915//2129 916//2129
f 1491//2130 916//2130 1483//2130
f 1483//2131 916//2131 918//2131
f 1483//2132 918//2132 919//2132
f 1492//2133 1493//2133 900//2133
f 1484//2134 1494//2134 907//2134
f 907//2135 1494//2135 1492//2135
f 907//2136 1492//2136 898//2136
f 898//2137 1492//2137 900//2137
f 1495//2138 902//2138 1496//2138
f 1496//2139 902//2139 900//2139
f 1496//2140 900//2140 1497//2140
f 1497//2141 900//2141 1493//2141
f 1261//2142 889//2142 1498//2142
f 1498//2143 889//2143 887//2143
f 1498//2144 887//2144 1499//2144
f 1499//2145 887//2145 896//2145
f 1499//2146 896//2146 1500//2146
f 1500//2147 896//2147 895//2147
f 1500//2148 895//2148 1501//2148
f 1501//2149 895//2149 893//2149
f 1501//2150 893//2150 1502//2150
f 1502//2151 893//2151 891//2151
f 1502//2152 891//2152 1495//2152
f 1495//2153 891//2153 890//2153
f 1495//2154 890//2154 902//2154
f 881//2155 1261//2155 882//2155
f 882//2156 1261//2156 1503//2156
f 882//2157 1503//2157 1504//2157
f 1505//2158 878//2158 1506//2158
f 1506//2159 878//2159 880//2159
f 1506//2160 880//2160 1507//2160
f 1507//2161 880//2161 885//2161
f 1507//2162 885//2162 1504//2162
f 1504//2163 885//2163 884//2163
f 1504//2164 884//2164 882//2164
f 1260//2165 858//2165 1508//2165
f 1508//2166 858//2166 857//2166
f 1508//2167 857//2167 1509//2167
f 1509//2168 857//2168 865//2168
f 1509//2169 865//2169 1510//2169
f 1510//2170 865//2170 864//2170
f 1510//2171 864//2171 1511//2171
f 1511//2172 864//2172 862//2172
f 1511//2173 862//2173 1512//2173
f 1512//2174 862//2174 861//2174
f 1512//2175 861//2175 1513//2175
f 1513//2176 861//2176 868//2176
f 1513//2177 868//2177 1514//2177
f 1514//2178 868//2178 867//2178
f 1514//2179 867//2179 1515//2179
f 1515//2180 867//2180 870//2180
f 1515//2181 870//2181 1516//2181
f 1516//2182 870//2182 872//2182
f 1516//2183 872//2183 1517//2183
f 1517//2184 872//2184 873//2184
f 1517//2185 873//2185 1518//2185
f 1518//2186 873//2186 875//2186
f 1518//2187 875//2187 1505//2187
f 1505//2188 875//2188 876//2188
f 1505//2189 876//2189 878//2189
f 852//2190 1260//2190 853//2190
f 853//2191 1260//2191 1519//2191
f 853//2192 1519//2192 1520//2192
f 1521//2193 851//2193 1522//2193
f 1522//2194 851//2194 850//2194
f 1522//2195 850//2195 1523//2195
f 1523//2196 850//2196 856//2196
f 1523//2197 856//2197 1520//2197
f 1520//2198 856//2198 855//2198
f 1520//2199 855//2199 853//2199
f 840//2200 838//2200 1524//2200
f 1524//2201 838//2201 844//2201
f 1524//2202 844//2202 1525//2202
f 1525//2203 844//2203 843//2203
f 1525//2204 843//2204 1526//2204
f 1526//2205 843//2205 842//2205
f 1526//2206 842//2206 1527//2206
f 1527//2207 842//2207 831//2207
f 1527//2208 831//2208 1528//2208
f 1528//2209 831//2209 830//2209
f 1528//2210 830//2210 1529//2210
f 1529//2211 830//2211 845//2211
f 1529//2212 845//2212 1521//2212
f 1521//2213 845//2213 847//2213
f 1521//2214 847//2214 851//2214
f 1524//2215 1530//2215 840//2215
f 840//2216 1530//2216 1531//2216
f 840//2217 1531//2217 836//2217
f 836//2218 1531//2218 835//2218
f 835//2219 1531//2219 1532//2219
f 835//2220 1532//2220 833//2220
f 1532//2221 1533//2221 833//2221
f 833//2222 1533//2222 802//2222
f 833//2222 802//2222 801//2222
f 48//2223 56//2223 1287//2223
f 138//2224 137//2224 1342//2224
f 317//2225 316//2225 1435//2225
f 378//2226 377//2226 1440//2226
f 406//2227 405//2227 1452//2227
f 424//2228 422//2228 1466//2228
f 1533//2229 597//2229 802//2229
f 802//2230 597//2230 599//2230
f 798//2231 16//2231 1271//2231
f 1271//2232 16//2232 28//2232
f 1271//2233 28//2233 1272//2233
f 1531//2234 592//2234 1532//2234
f 1532//2235 592//2235 594//2235
f 1532//2236 594//2236 1533//2236
f 1533//2237 594//2237 595//2237
f 1533//2238 595//2238 597//2238
f 1525//2239 585//2239 1524//2239
f 1524//2240 585//2240 586//2240
f 1524//2241 586//2241 1530//2241
f 1530//2242 586//2242 588//2242
f 1530//2243 588//2243 1531//2243
f 1531//2244 588//2244 590//2244
f 1531//2245 590//2245 592//2245
f 1527//2246 565//2246 1526//2246
f 1526//2247 565//2247 581//2247
f 1526//2248 581//2248 1525//2248
f 1525//2249 581//2249 583//2249
f 1525//2250 583//2250 585//2250
f 1529//2251 569//2251 1528//2251
f 1528//2252 569//2252 568//2252
f 1528//2253 568//2253 1527//2253
f 1527//2254 568//2254 566//2254
f 1527//2255 566//2255 565//2255
f 1522//2256 575//2256 1521//2256
f 1521//2257 575//2257 573//2257
f 1521//2258 573//2258 1529//2258
f 1529//2259 573//2259 571//2259
f 1529//2260 571//2260 569//2260
f 1520//2261 580//2261 1523//2261
f 1523//2262 580//2262 579//2262
f 1523//2263 579//2263 1522//2263
f 1522//2264 579//2264 577//2264
f 1522//2265 577//2265 575//2265
f 1508//2266 563//2266 1260//2266
f 1260//2267 563//2267 562//2267
f 1260//2268 562//2268 1519//2268
f 1519//2269 562//2269 560//2269
f 1519//2270 560//2270 1520//2270
f 1520//2271 560//2271 558//2271
f 1520//2272 558//2272 580//2272
f 1513//2273 539//2273 1512//2273
f 1512//2274 539//2274 551//2274
f 1512//2275 551//2275 1511//2275
f 1511//2276 551//2276 550//2276
f 1511//2277 550//2277 1510//2277
f 1510//2278 550//2278 556//2278
f 1510//2279 556//2279 1509//2279
f 1509//2280 556//2280 555//2280
f 1509//2281 555//2281 1508//2281
f 1508//2282 555//2282 553//2282
f 1508//2283 553//2283 563//2283
f 1515//2284 545//2284 1514//2284
f 1514//2285 545//2285 543//2285
f 1514//2286 543//2286 1513//2286
f 1513//2287 543//2287 541//2287
f 1513//2288 541//2288 539//2288
f 1517//2289 534//2289 1516//2289
f 1516//2290 534//2290 548//2290
f 1516//2291 548//2291 1515//2291
f 1515//2292 548//2292 547//2292
f 1515//2293 547//2293 545//2293
f 1506//2294 527//2294 1505//2294
f 1505//2295 527//2295 525//2295
f 1505//2296 525//2296 1518//2296
f 1518//2297 525//2297 537//2297
f 1518//2298 537//2298 1517//2298
f 1517//2299 537//2299 536//2299
f 1517//2300 536//2300 534//2300
f 1504//2301 532//2301 1507//2301
f 1507//2302 532//2302 531//2302
f 1507//2303 531//2303 1506//2303
f 1506//2304 531//2304 529//2304
f 1506//2305 529//2305 527//2305
f 1261//2306 515//2306 1503//2306
f 1503//2307 515//2307 513//2307
f 1503//2308 513//2308 1504//2308
f 1504//2309 513//2309 511//2309
f 1504//2310 511//2310 532//2310
f 1499//2311 520//2311 1498//2311
f 1498//2312 520//2312 518//2312
f 1498//2313 518//2313 1261//2313
f 1261//2314 518//2314 516//2314
f 1261//2315 516//2315 515//2315
f 1501//2316 504//2316 1500//2316
f 1500//2317 504//2317 523//2317
f 1500//2318 523//2318 1499//2318
f 1499//2319 523//2319 522//2319
f 1499//2320 522//2320 520//2320
f 1492//2321 502//2321 1493//2321
f 1493//2322 502//2322 501//2322
f 1493//2323 501//2323 1497//2323
f 1497//2324 501//2324 499//2324
f 1497//2325 499//2325 1496//2325
f 1496//2326 499//2326 497//2326
f 1496//2327 497//2327 1495//2327
f 1495//2328 497//2328 509//2328
f 1495//2329 509//2329 1502//2329
f 1502//2330 509//2330 508//2330
f 1502//2331 508//2331 1501//2331
f 1501//2332 508//2332 506//2332
f 1501//2333 506//2333 504//2333
f 1484//2334 483//2334 1494//2334
f 1494//2335 483//2335 495//2335
f 1494//2336 495//2336 1492//2336
f 1492//2337 495//2337 494//2337
f 1492//2338 494//2338 502//2338
f 1486//2339 489//2339 1485//2339
f 1485//2340 489//2340 487//2340
f 1485//2341 487//2341 1484//2341
f 1484//2342 487//2342 485//2342
f 1484//2343 485//2343 483//2343
f 1488//2344 478//2344 1487//2344
f 1487//2345 478//2345 492//2345
f 1487//2346 492//2346 1486//2346
f 1486//2347 492//2347 491//2347
f 1486//2348 491//2348 489//2348
f 1491//2349 475//2349 1490//2349
f 1490//2350 475//2350 473//2350
f 1490//2351 473//2351 1489//2351
f 1489//2352 473//2352 481//2352
f 1489//2353 481//2353 1488//2353
f 1488//2354 481//2354 480//2354
f 1488//2355 480//2355 478//2355
f 1479//2356 471//2356 1480//2356
f 1480//2357 471//2357 470//2357
f 1480//2358 470//2358 1481//2358
f 1481//2359 470//2359 468//2359
f 1481//2360 468//2360 1482//2360
f 1482//2361 468//2361 466//2361
f 1482//2362 466//2362 1483//2362
f 1483//2363 466//2363 464//2363
f 1483//2364 464//2364 1491//2364
f 1491//2365 464//2365 476//2365
f 1491//2366 476//2366 475//2366
f 1474//2367 461//2367 1478//2367
f 1478//2368 461//2368 459//2368
f 1478//2369 459//2369 1479//2369
f 1479//2370 459//2370 457//2370
f 1479//2371 457//2371 471//2371
f 1476//2372 452//2372 1475//2372
f 1475//2373 452//2373 450//2373
f 1475//2374 450//2374 1474//2374
f 1474//2375 450//2375 462//2375
f 1474//2376 462//2376 461//2376
f 1472//2377 443//2377 1473//2377
f 1473//2378 443//2378 441//2378
f 1473//2379 441//2379 1477//2379
f 1477//2380 441//2380 455//2380
f 1477//2381 455//2381 1476//2381
f 1476//2382 455//2382 454//2382
f 1476//2383 454//2383 452//2383
f 1470//2384 448//2384 1471//2384
f 1471//2385 448//2385 447//2385
f 1471//2386 447//2386 1472//2386
f 1472//2387 447//2387 445//2387
f 1472//2388 445//2388 443//2388
f 1468//2389 439//2389 1469//2389
f 1469//2390 439//2390 438//2390
f 1469//2391 438//2391 1470//2391
f 1470//2392 438//2392 436//2392
f 1470//2393 436//2393 448//2393
f 1466//2394 422//2394 1467//2394
f 1467//2395 422//2395 434//2395
f 1467//2396 434//2396 1468//2396
f 1468//2397 434//2397 433//2397
f 1468//2398 433//2398 439//2398
f 424//2399 1466//2399 426//2399
f 426//2400 1466//2400 1465//2400
f 426//2401 1465//2401 428//2401
f 428//2402 1465//2402 1464//2402
f 428//2403 1464//2403 1463//2403
f 1458//2404 417//2404 1457//2404
f 1457//2405 417//2405 431//2405
f 1457//2406 431//2406 1463//2406
f 1463//2407 431//2407 430//2407
f 1463//2408 430//2408 428//2408
f 1461//2409 410//2409 1460//2409
f 1460//2410 410//2410 408//2410
f 1460//2411 408//2411 1459//2411
f 1459//2412 408//2412 420//2412
f 1459//2413 420//2413 1458//2413
f 1458//2414 420//2414 419//2414
f 1458//2415 419//2415 417//2415
f 1456//2416 415//2416 1462//2416
f 1462//2417 415//2417 414//2417
f 1462//2418 414//2418 1461//2418
f 1461//2419 414//2419 412//2419
f 1461//2420 412//2420 410//2420
f 1454//2421 400//2421 1455//2421
f 1455//2422 400//2422 398//2422
f 1455//2423 398//2423 1456//2423
f 1456//2424 398//2424 396//2424
f 1456//2425 396//2425 415//2425
f 1452//2426 405//2426 1453//2426
f 1453//2427 405//2427 403//2427
f 1453//2428 403//2428 1454//2428
f 1454//2429 403//2429 401//2429
f 1454//2430 401//2430 400//2430
f 406//2431 1452//2431 389//2431
f 389//2432 1452//2432 1451//2432
f 389//2433 1451//2433 391//2433
f 391//2434 1451//2434 1450//2434
f 391//2435 1450//2435 1449//2435
f 1446//2436 382//2436 1447//2436
f 1447//2437 382//2437 380//2437
f 1447//2438 380//2438 1448//2438
f 1448//2439 380//2439 394//2439
f 1448//2440 394//2440 1449//2440
f 1449//2440 394//2440 393//2440
f 1449//2441 393//2441 391//2441
f 1443//2442 387//2442 1445//2442
f 1445//2443 387//2443 386//2443
f 1445//2444 386//2444 1446//2444
f 1446//2445 386//2445 384//2445
f 1446//2446 384//2446 382//2446
f 1442//2447 371//2447 1444//2447
f 1444//2448 371//2448 370//2448
f 1444//2449 370//2449 1443//2449
f 1443//2450 370//2450 369//2450
f 1443//2451 369//2451 387//2451
f 1440//2452 377//2452 1441//2452
f 1441//2453 377//2453 375//2453
f 1441//2454 375//2454 1442//2454
f 1442//2455 375//2455 373//2455
f 1442//2456 373//2456 371//2456
f 378//2457 1440//2457 361//2457
f 361//2458 1440//2458 1439//2458
f 361//2459 1439//2459 363//2459
f 1437//2460 1436//2460 366//2460
f 1439//2461 1438//2461 363//2461
f 363//2462 1438//2462 1437//2462
f 363//2463 1437//2463 365//2463
f 365//2464 1437//2464 366//2464
f 1417//2465 351//2465 1416//2465
f 1416//2466 351//2466 349//2466
f 1416//2467 349//2467 1262//2467
f 1262//2468 349//2468 359//2468
f 1262//2469 359//2469 1263//2469
f 1263//2470 359//2470 358//2470
f 1263//2471 358//2471 1436//2471
f 1436//2472 358//2472 356//2472
f 1436//2473 356//2473 366//2473
f 1419//2474 340//2474 1418//2474
f 1418//2475 340//2475 354//2475
f 1418//2476 354//2476 1417//2476
f 1417//2477 354//2477 353//2477
f 1417//2478 353//2478 351//2478
f 1421//2479 346//2479 1420//2479
f 1420//2480 346//2480 344//2480
f 1420//2481 344//2481 1419//2481
f 1419//2482 344//2482 342//2482
f 1419//2483 342//2483 340//2483
f 1424//2484 337//2484 1423//2484
f 1423//2485 337//2485 335//2485
f 1423//2486 335//2486 1422//2486
f 1422//2487 335//2487 333//2487
f 1422//2488 333//2488 1421//2488
f 1421//2489 333//2489 347//2489
f 1421//2490 347//2490 346//2490
f 330//2491 328//2491 1426//2491
f 1426//2492 328//2492 326//2492
f 1426//2493 326//2493 1425//2493
f 1425//2494 326//2494 324//2494
f 1425//2495 324//2495 1424//2495
f 1424//2496 324//2496 338//2496
f 1424//2497 338//2497 337//2497
f 1429//2498 331//2498 1428//2498
f 1428//2499 331//2499 330//2499
f 1428//2500 330//2500 1427//2500
f 1427//2501 330//2501 1426//2501
f 1431//2502 322//2502 1430//2502
f 1430//2503 322//2503 321//2503
f 1430//2504 321//2504 1429//2504
f 1429//2505 321//2505 319//2505
f 1429//2506 319//2506 331//2506
f 1433//2507 310//2507 1432//2507
f 1432//2508 310//2508 309//2508
f 1432//2509 309//2509 1431//2509
f 1431//2510 309//2510 3//2510
f 1431//2511 3//2511 322//2511
f 1435//2512 316//2512 1434//2512
f 1434//2513 316//2513 314//2513
f 1434//2514 314//2514 1433//2514
f 1433//2515 314//2515 312//2515
f 1433//2516 312//2516 310//2516
f 317//2517 1435//2517 299//2517
f 299//2518 1435//2518 1406//2518
f 299//2519 1406//2519 301//2519
f 301//2520 1406//2520 1407//2520
f 301//2521 1407//2521 303//2521
f 303//2522 1407//2522 1408//2522
f 303//2523 1408//2523 305//2523
f 305//2524 1408//2524 307//2524
f 307//2525 1408//2525 1409//2525
f 307//2526 1409//2526 308//2526
f 308//2527 1409//2527 1410//2527
f 308//2528 1410//2528 296//2528
f 296//2529 1410//2529 297//2529
f 297//2530 1410//2530 1411//2530
f 297//2531 1411//2531 289//2531
f 289//2532 1411//2532 1412//2532
f 289//2533 1412//2533 1413//2533
f 1415//2534 294//2534 1414//2534
f 1414//2535 294//2535 293//2535
f 1414//2536 293//2536 1413//2536
f 1413//2537 293//2537 291//2537
f 1413//2538 291//2538 289//2538
f 1404//2539 286//2539 1405//2539
f 1405//2540 286//2540 284//2540
f 1405//2541 284//2541 1415//2541
f 1415//2542 284//2542 282//2542
f 1415//2543 282//2543 294//2543
f 1401//2544 279//2544 1402//2544
f 1402//2545 279//2545 277//2545
f 1402//2546 277//2546 1403//2546
f 1403//2547 277//2547 275//2547
f 1403//2548 275//2548 1404//2548
f 1404//2549 275//2549 287//2549
f 1404//2550 287//2550 286//2550
f 1399//2551 273//2551 1400//2551
f 1400//2552 273//2552 272//2552
f 1400//2553 272//2553 1401//2553
f 1401//2554 272//2554 280//2554
f 1401//2555 280//2555 279//2555
f 1397//2556 266//2556 1398//2556
f 1398//2557 266//2557 264//2557
f 1398//2558 264//2558 1399//2558
f 1399//2559 264//2559 262//2559
f 1399//2560 262//2560 273//2560
f 252//2561 6//2561 1395//2561
f 1395//2562 6//2562 270//2562
f 1395//2563 270//2563 1396//2563
f 1396//2564 270//2564 269//2564
f 1396//2565 269//2565 1397//2565
f 1397//2566 269//2566 267//2566
f 1397//2567 267//2567 266//2567
f 1392//2568 253//2568 1393//2568
f 1393//2569 253//2569 252//2569
f 1393//2570 252//2570 1394//2570
f 1394//2571 252//2571 1395//2571
f 1389//2572 260//2572 1390//2572
f 1390//2573 260//2573 259//2573
f 1390//2574 259//2574 1391//2574
f 1391//2575 259//2575 257//2575
f 1391//2576 257//2576 1392//2576
f 1392//2577 257//2577 255//2577
f 1392//2578 255//2578 253//2578
f 1387//2579 248//2579 1388//2579
f 1388//2580 248//2580 246//2580
f 1388//2581 246//2581 1389//2581
f 1389//2582 246//2582 244//2582
f 1389//2583 244//2583 260//2583
f 1382//2584 230//2584 1383//2584
f 1383//2585 230//2585 242//2585
f 1383//2586 242//2586 1384//2586
f 1384//2587 242//2587 241//2587
f 1384//2588 241//2588 1385//2588
f 1385//2589 241//2589 239//2589
f 1385//2590 239//2590 1386//2590
f 1386//2591 239//2591 251//2591
f 1386//2592 251//2592 1387//2592
f 1387//2593 251//2593 250//2593
f 1387//2594 250//2594 248//2594
f 1377//2595 236//2595 1381//2595
f 1381//2596 236//2596 234//2596
f 1381//2597 234//2597 1382//2597
f 1382//2598 234//2598 232//2598
f 1382//2599 232//2599 230//2599
f 1380//2600 228//2600 1379//2600
f 1379//2601 228//2601 227//2601
f 1379//2602 227//2602 1378//2602
f 1378//2603 227//2603 225//2603
f 1378//2604 225//2604 1377//2604
f 1377//2605 225//2605 237//2605
f 1377//2606 237//2606 236//2606
f 1375//2607 211//2607 1376//2607
f 1376//2608 211//2608 209//2608
f 1376//2609 209//2609 1266//2609
f 1266//2610 209//2610 223//2610
f 1266//2611 223//2611 1264//2611
f 1264//2612 223//2612 222//2612
f 1264//2613 222//2613 1265//2613
f 1265//2614 222//2614 220//2614
f 1265//2615 220//2615 1380//2615
f 1380//2616 220//2616 218//2616
f 1380//2617 218//2617 228//2617
f 1373//2618 216//2618 1374//2618
f 1374//2619 216//2619 215//2619
f 1374//2620 215//2620 1375//2620
f 1375//2621 215//2621 213//2621
f 1375//2622 213//2622 211//2622
f 1371//2623 201//2623 1372//2623
f 1372//2624 201//2624 199//2624
f 1372//2625 199//2625 1373//2625
f 1373//2626 199//2626 197//2626
f 1373//2627 197//2627 216//2627
f 1366//2628 194//2628 1367//2628
f 1367//2629 194//2629 192//2629
f 1367//2630 192//2630 1368//2630
f 1368//2631 192//2631 207//2631
f 1368//2632 207//2632 1369//2632
f 1369//2633 207//2633 206//2633
f 1369//2634 206//2634 1370//2634
f 1370//2635 206//2635 204//2635
f 1370//2636 204//2636 1371//2636
f 1371//2637 204//2637 202//2637
f 1371//2638 202//2638 201//2638
f 1362//2639 187//2639 1361//2639
f 1361//2640 187//2640 185//2640
f 1361//2641 185//2641 1360//2641
f 1360//2642 185//2642 183//2642
f 1360//2643 183//2643 1366//2643
f 1366//2644 183//2644 195//2644
f 1366//2645 195//2645 194//2645
f 1364//2646 178//2646 1363//2646
f 1363//2647 178//2647 190//2647
f 1363//2648 190//2648 1362//2648
f 1362//2649 190//2649 189//2649
f 1362//2650 189//2650 187//2650
f 1348//2651 169//2651 1365//2651
f 1365//2652 169//2652 181//2652
f 1365//2653 181//2653 1364//2653
f 1364//2654 181//2654 180//2654
f 1364//2655 180//2655 178//2655
f 1351//2656 176//2656 1350//2656
f 1350//2657 176//2657 175//2657
f 1350//2658 175//2658 1349//2658
f 1349//2659 175//2659 173//2659
f 1349//2660 173//2660 1348//2660
f 1348//2661 173//2661 171//2661
f 1348//2662 171//2662 169//2662
f 1356//2663 160//2663 1355//2663
f 1355//2664 160//2664 159//2664
f 1355//2665 159//2665 1354//2665
f 1354//2666 159//2666 167//2666
f 1354//2667 167//2667 1353//2667
f 1353//2668 167//2668 166//2668
f 1353//2669 166//2669 1352//2669
f 1352//2670 166//2670 164//2670
f 1352//2671 164//2671 1351//2671
f 1351//2672 164//2672 162//2672
f 1351//2673 162//2673 176//2673
f 1358//2674 23//2674 1357//2674
f 1357//2675 23//2675 22//2675
f 1357//2676 22//2676 1356//2676
f 1356//2677 22//2677 21//2677
f 1356//2678 21//2678 160//2678
f 1347//2679 157//2679 1359//2679
f 1359//2680 157//2680 156//2680
f 1359//2681 156//2681 1358//2681
f 1358//2682 156//2682 18//2682
f 1358//2683 18//2683 23//2683
f 1333//2684 155//2684 1267//2684
f 1267//2685 155//2685 154//2685
f 1267//2686 154//2686 1346//2686
f 1346//2687 154//2687 152//2687
f 1346//2688 152//2688 1347//2688
f 1347//2689 152//2689 151//2689
f 1347//2690 151//2690 157//2690
f 1338//2691 147//2691 1337//2691
f 1337//2692 147//2692 146//2692
f 1337//2693 146//2693 1336//2693
f 1336//2694 146//2694 144//2694
f 1336//2695 144//2695 1335//2695
f 1335//2696 144//2696 143//2696
f 1335//2697 143//2697 1334//2697
f 1334//2698 143//2698 148//2698
f 1334//2699 148//2699 1333//2699
f 1333//2700 148//2700 150//2700
f 1333//2701 150//2701 155//2701
f 1340//2702 142//2702 1339//2702
f 1339//2703 142//2703 140//2703
f 1339//2704 140//2704 1338//2704
f 1338//2705 140//2705 139//2705
f 1338//2706 139//2706 147//2706
f 1342//2707 137//2707 1341//2707
f 1341//2708 137//2708 135//2708
f 1341//2709 135//2709 1340//2709
f 1340//2710 135//2710 134//2710
f 1340//2711 134//2711 142//2711
f 138//2712 1342//2712 132//2712
f 132//2713 1342//2713 1343//2713
f 132//2714 1343//2714 133//2714
f 133//2715 1343//2715 1344//2715
f 133//2716 1344//2716 1345//2716
f 1268//2717 124//2717 1331//2717
f 1331//2718 124//2718 123//2718
f 1331//2719 123//2719 1332//2719
f 1332//2720 123//2720 128//2720
f 1332//2721 128//2721 1345//2721
f 1345//2722 128//2722 130//2722
f 1345//2723 130//2723 133//2723
f 1269//2724 118//2724 1330//2724
f 1330//2725 118//2725 127//2725
f 1330//2726 127//2726 1268//2726
f 1268//2727 127//2727 126//2727
f 1268//2728 126//2728 124//2728
f 1326//2729 122//2729 1325//2729
f 1325//2730 122//2730 121//2730
f 1325//2731 121//2731 1269//2731
f 1269//2732 121//2732 119//2732
f 1269//2733 119//2733 118//2733
f 1328//2734 110//2734 1327//2734
f 1327//2735 110//2735 115//2735
f 1327//2736 115//2736 1326//2736
f 1326//2737 115//2737 117//2737
f 1326//2738 117//2738 122//2738
f 1321//2739 108//2739 1324//2739
f 1324//2740 108//2740 106//2740
f 1324//2741 106//2741 1323//2741
f 1323//2742 106//2742 105//2742
f 1323//2743 105//2743 1322//2743
f 1322//2744 105//2744 114//2744
f 1322//2745 114//2745 1329//2745
f 1329//2746 114//2746 113//2746
f 1329//2747 113//2747 1328//2747
f 1328//2748 113//2748 111//2748
f 1328//2749 111//2749 110//2749
f 1313//2750 97//2750 1319//2750
f 1319//2751 97//2751 102//2751
f 1319//2752 102//2752 1320//2752
f 1320//2753 102//2753 104//2753
f 1320//2754 104//2754 1321//2754
f 1321//2755 104//2755 109//2755
f 1321//2756 109//2756 108//2756
f 1315//2757 101//2757 1314//2757
f 1314//2758 101//2758 100//2758
f 1314//2759 100//2759 1313//2759
f 1313//2760 100//2760 98//2760
f 1313//2761 98//2761 97//2761
f 1317//2762 96//2762 1316//2762
f 1316//2763 96//2763 95//2763
f 1316//2764 95//2764 1315//2764
f 1315//2765 95//2765 94//2765
f 1315//2766 94//2766 101//2766
f 1311//2767 8//2767 1310//2767
f 1310//2768 8//2768 7//2768
f 1310//2769 7//2769 1318//2769
f 1318//2770 7//2770 90//2770
f 1318//2771 90//2771 1317//2771
f 1317//2772 90//2772 92//2772
f 1317//2773 92//2773 96//2773
f 1309//2774 89//2774 1312//2774
f 1312//2775 89//2775 88//2775
f 1312//2776 88//2776 1311//2776
f 1311//2777 88//2777 87//2777
f 1311//2778 87//2778 8//2778
f 1270//2779 79//2779 1308//2779
f 1308//2780 79//2780 86//2780
f 1308//2781 86//2781 1309//2781
f 1309//2782 86//2782 85//2782
f 1309//2783 85//2783 89//2783
f 1305//2784 82//2784 1304//2784
f 1304//2785 82//2785 81//2785
f 1304//2786 81//2786 1270//2786
f 1270//2787 81//2787 80//2787
f 1270//2788 80//2788 79//2788
f 1307//2789 77//2789 1306//2789
f 1306//2790 77//2790 76//2790
f 1306//2791 76//2791 1305//2791
f 1305//2792 76//2792 83//2792
f 1305//2793 83//2793 82//2793
f 1299//2794 74//2794 1298//2794
f 1298//2795 74//2795 73//2795
f 1298//2796 73//2796 1307//2796
f 1307//2797 73//2797 72//2797
f 1307//2798 72//2798 77//2798
f 1302//2799 11//2799 1301//2799
f 1301//2800 11//2800 10//2800
f 1301//2801 10//2801 1300//2801
f 1300//2802 10//2802 68//2802
f 1300//2803 68//2803 1299//2803
f 1299//2804 68//2804 70//2804
f 1299//2805 70//2805 74//2805
f 62//2806 64//2806 1297//2806
f 1297//2807 64//2807 67//2807
f 1297//2808 67//2808 1303//2808
f 1303//2809 67//2809 66//2809
f 1303//2810 66//2810 1302//2810
f 1302//2811 66//2811 65//2811
f 1302//2812 65//2812 11//2812
f 1294//2813 57//2813 1295//2813
f 1295//2814 57//2814 62//2814
f 1295//2815 62//2815 1296//2815
f 1296//2816 62//2816 1297//2816
f 1292//2817 61//2817 1293//2817
f 1293//2818 61//2818 60//2818
f 1293//2819 60//2819 1294//2819
f 1294//2820 60//2820 58//2820
f 1294//2821 58//2821 57//2821
f 1287//2822 56//2822 1286//2822
f 1286//2823 56//2823 55//2823
f 1286//2824 55//2824 1292//2824
f 1292//2825 55//2825 54//2825
f 1292//2826 54//2826 61//2826
f 48//2827 1287//2827 49//2827
f 49//2828 1287//2828 1288//2828
f 49//2829 1288//2829 51//2829
f 51//2830 1288//2830 1289//2830
f 51//2831 1289//2831 52//2831
f 52//2832 1289//2832 1290//2832
f 52//2833 1290//2833 47//2833
f 47//2834 1290//2834 45//2834
f 45//2835 1290//2835 1291//2835
f 45//2836 1291//2836 44//2836
f 44//2837 1291//2837 1285//2837
f 44//2838 1285//2838 42//2838
f 42//2839 1285//2839 13//2839
f 13//2840 1285//2840 1284//2840
f 13//2841 1284//2841 14//2841
f 14//2842 1284//2842 1283//2842
f 14//2843 1283//2843 39//2843
f 1280//2844 40//2844 1281//2844
f 1281//2845 40//2845 39//2845
f 1281//2846 39//2846 1282//2846
f 1282//2847 39//2847 1283//2847
f 34//2848 33//2848 1279//2848
f 1279//2849 33//2849 38//2849
f 1279//2850 38//2850 1278//2850
f 1278//2851 38//2851 37//2851
f 1278//2852 37//2852 1280//2852
f 1280//2853 37//2853 41//2853
f 1280//2854 41//2854 40//2854
f 1275//2855 35//2855 1276//2855
f 1276//2856 35//2856 34//2856
f 1276//2857 34//2857 1277//2857
f 1277//2858 34//2858 1279//2858
f 28//2859 27//2859 1272//2859
f 1272//2860 27//2860 25//2860
f 1272//2861 25//2861 1273//2861
f 1273//2862 25//2862 24//2862
f 1273//2863 24//2863 1274//2863
f 1274//2864 24//2864 29//2864
f 1274//2865 29//2865 1275//2865
f 1275//2866 29//2866 31//2866
f 1275//2867 31//2867 35//2867
f 738//2868 1534//2868 737//2868
f 737//2868 1534//2868 1535//2868
f 737//2869 1535//2869 736//2869
f 736//2869 1535//2869 1536//2869
f 736//2870 1536//2870 735//2870
f 735//2870 1536//2870 1537//2870
f 735//2871 1537//2871 734//2871
f 734//2871 1537//2871 1538//2871
f 734//2872 1538//2872 733//2872
f 733//2872 1538//2872 1539//2872
f 733//2873 1539//2873 732//2873
f 732//2873 1539//2873 1540//2873
f 732//2874 1540//2874 731//2874
f 731//2874 1540//2874 1541//2874
f 731//2875 1541//2875 730//2875
f 730//2875 1541//2875 1542//2875
f 730//6 1542//6 729//6
f 729//6 1542//6 1543//6
f 729//2876 1543//2876 728//2876
f 728//2876 1543//2876 1544//2876
f 728//2877 1544//2877 727//2877
f 727//2877 1544//2877 1545//2877
f 727//2878 1545//2878 726//2878
f 726//2878 1545//2878 1546//2878
f 726//2879 1546//2879 725//2879
f 725//2879 1546//2879 1547//2879
f 725//2880 1547//2880 724//2880
f 724//2880 1547//2880 1548//2880
f 724//2881 1548//2881 723//2881
f 723//2881 1548//2881 1549//2881
f 723//2882 1549//2882 722//2882
f 722//2882 1549//2882 1550//2882
f 722//604 1550//604 721//604
f 721//604 1550//604 1551//604
f 721//600 1551//600 756//600
f 756//600 1551//600 1552//600
f 756//2883 1552//2883 755//2883
f 755//2883 1552//2883 1553//2883
f 755//2884 1553//2884 754//2884
f 754//2884 1553//2884 1554//2884
f 754//708 1554//708 753//708
f 753//708 1554//708 1555//708
f 753//2885 1555//2885 752//2885
f 752//2885 1555//2885 1556//2885
f 752//2886 1556//2886 751//2886
f 751//2886 1556//2886 1557//2886
f 751//700 1557//700 750//700
f 750//700 1557//700 1558//700
f 750//2887 1558//2887 749//2887
f 749//2887 1558//2887 1559//2887
f 749//2888 1559//2888 748//2888
f 748//2888 1559//2888 1560//2888
f 748//2889 1560//2889 747//2889
f 747//2889 1560//2889 1561//2889
f 747//2890 1561//2890 746//2890
f 746//2890 1561//2890 1562//2890
f 746//2891 1562//2891 745//2891
f 745//2891 1562//2891 1563//2891
f 745//2892 1563//2892 744//2892
f 744//2892 1563//2892 1564//2892
f 744//2893 1564//2893 743//2893
f 743//2893 1564//2893 1565//2893
f 743//673 1565//673 742//673
f 742//673 1565//673 1566//673
f 742//2894 1566//2894 741//2894
f 741//2894 1566//2894 1567//2894
f 741//2895 1567//2895 740//2895
f 740//2895 1567//2895 1568//2895
f 740//2896 1568//2896 739//2896
f 739//2896 1568//2896 1569//2896
f 739//2897 1569//2897 738//2897
f 738//2897 1569//2897 1534//2897
f 1570//2898 1551//2898 1571//2898
f 1571//2898 1551//2898 1550//2898
f 1571//2899 1550//2899 1572//2899
f 1572//2899 1550//2899 1549//2899
f 1572//2900 1549//2900 1573//2900
f 1573//2900 1549//2900 1548//2900
f 1573//2901 1548//2901 1574//2901
f 1574//2901 1548//2901 1547//2901
f 1574//2902 1547//2902 1575//2902
f 1575//2902 1547//2902 1546//2902
f 1575//2903 1546//2903 1576//2903
f 1576//2903 1546//2903 1545//2903
f 1576//2904 1545//2904 1577//2904
f 1577//2904 1545//2904 1544//2904
f 1577//2905 1544//2905 1578//2905
f 1578//2905 1544//2905 1579//2905
f 1578//2906 1579//2906 1580//2906
f 1580//2906 1579//2906 1542//2906
f 1580//2907 1542//2907 1581//2907
f 1581//2907 1542//2907 1541//2907
f 1581//2908 1541//2908 1582//2908
f 1582//2908 1541//2908 1540//2908
f 1582//2909 1540//2909 1583//2909
f 1583//2909 1540//2909 1539//2909
f 1583//2910 1539//2910 1584//2910
f 1584//2910 1539//2910 1538//2910
f 1584//2911 1538//2911 1585//2911
f 1585//2911 1538//2911 1537//2911
f 1585//2912 1537//2912 1586//2912
f 1586//2912 1537//2912 1536//2912
f 1586//2913 1536//2913 1587//2913
f 1587//2913 1536//2913 1535//2913
f 1587//2914 1535//2914 1588//2914
f 1588//2914 1535//2914 1534//2914
f 1588//2915 1534//2915 1589//2915
f 1589//2915 1534//2915 1569//2915
f 1589//2916 1569//2916 1590//2916
f 1590//2916 1569//2916 1568//2916
f 1590//2917 1568//2917 1591//2917
f 1591//2917 1568//2917 1567//2917
f 1591//2918 1567//2918 1592//2918
f 1592//2918 1567//2918 1566//2918
f 1592//2919 1566//2919 1593//2919
f 1593//2919 1566//2919 1565//2919
f 1593//2920 1565//2920 1594//2920
f 1594//2920 1565//2920 1564//2920
f 1594//2921 1564//2921 1595//2921
f 1595//2921 1564//2921 1563//2921
f 1595//2922 1563//2922 1596//2922
f 1596//2922 1563//2922 1562//2922
f 1596//2923 1562//2923 1597//2923
f 1597//2923 1562//2923 1598//2923
f 1597//2924 1598//2924 1599//2924
f 1599//2924 1598//2924 1560//2924
f 1599//2925 1560//2925 1600//2925
f 1600//2925 1560//2925 1559//2925
f 1600//2926 1559//2926 1601//2926
f 1601//2926 1559//2926 1558//2926
f 1601//2927 1558//2927 1602//2927
f 1602//2927 1558//2927 1557//2927
f 1602//2928 1557//2928 1603//2928
f 1603//2928 1557//2928 1556//2928
f 1603//2929 1556//2929 1604//2929
f 1604//2929 1556//2929 1555//2929
f 1604//2930 1555//2930 1605//2930
f 1605//2930 1555//2930 1554//2930
f 1605//2931 1554//2931 1606//2931
f 1606//2931 1554//2931 1553//2931
f 1606//2932 1553//2932 1607//2932
f 1607//2932 1553//2932 1552//2932
f 1607//2933 1552//2933 1570//2933
f 1570//2933 1552//2933 1551//2933
f 1605//718 1606//718 1608//718
f 1608//718 1606//718 1607//718
f 1608//718 1607//718 1570//718
f 1602//718 1603//718 1608//718
f 1608//718 1603//718 1604//718
f 1608//718 1604//718 1605//718
f 1599//718 1600//718 1608//718
f 1608//718 1600//718 1601//718
f 1608//718 1601//718 1602//718
f 1595//718 1596//718 1608//718
f 1608//718 1596//718 1609//718
f 1608//718 1609//718 1599//718
f 1592//718 1593//718 1608//718
f 1608//718 1593//718 1594//718
f 1608//718 1594//718 1595//718
f 1589//718 1590//718 1608//718
f 1608//718 1590//718 1591//718
f 1608//718 1591//718 1592//718
f 1586//718 1587//718 1608//718
f 1608//718 1587//718 1588//718
f 1608//718 1588//718 1589//718
f 1583//718 1584//718 1608//718
f 1608//718 1584//718 1585//718
f 1608//718 1585//718 1586//718
f 1580//718 1581//718 1608//718
f 1608//718 1581//718 1582//718
f 1608//718 1582//718 1583//718
f 1576//718 1577//718 1608//718
f 1608//718 1577//718 1610//718
f 1608//718 1610//718 1580//718
f 1573//718 1574//718 1608//718
f 1608//718 1574//718 1575//718
f 1608//718 1575//718 1576//718
f 1570//718 1571//718 1608//718
f 1608//718 1571//718 1572//718
f 1608//718 1572//718 1573//718
o centrifuge_tube_50ml_cap
v -0.016896 0.103660 -0.004691
v -0.017040 0.103660 -0.004136
v -0.016896 0.116000 -0.004691
v -0.017040 0.116000 -0.004136
v -0.017248 0.103660 -0.003158
v -0.017342 0.103660 -0.002592
v -0.017248 0.116000 -0.003158
v -0.017342 0.116000 -0.002592
v -0.017462 0.103660 -0.001599
v -0.017505 0.103660 -0.001027
v -0.017462 0.116000 -0.001599
v -0.017505 0.116000 -0.001027
v -0.017535 0.103660 -0.000027
v -0.017526 0.103660 0.000546
v -0.017535 0.116000 -0.000027
v -0.017526 0.116000 0.000546
v -0.017467 0.103660 0.001544
v -0.017407 0.103660 0.002115
v -0.017467 0.116000 0.001544
v -0.017407 0.116000 0.002115
v -0.017258 0.103660 0.003104
v -0.017147 0.103660 0.003667
v -0.017258 0.116000 0.003104
v -0.017147 0.116000 0.003667
v -0.016910 0.103660 0.004638
v -0.016750 0.103660 0.005189
v -0.016910 0.116000 0.004638
v -0.016750 0.116000 0.005189
v -0.016427 0.103660 0.006136
v -0.016217 0.103660 0.006670
v -0.016427 0.116000 0.006136
v -0.016217 0.116000 0.006670
v -0.015810 0.103660 0.007583
v -0.015554 0.103660 0.008097
v -0.015810 0.116000 0.007583
v -0.015554 0.116000 0.008097
v -0.015067 0.103660 0.008970
v -0.014765 0.103660 0.009458
v -0.015067 0.116000 0.008970
v -0.014765 0.116000 0.009458
v -0.014202 0.103660 0.010285
v -0.013858 0.103660 0.010744
v -0.014202 0.116000 0.010285
v -0.013858 0.116000 0.010744
v -0.013223 0.103660 0.011516
v -0.012839 0.103660 0.011943
v -0.013223 0.116000 0.011516
v -0.012839 0.116000 0.011943
v -0.012138 0.103660 0.012655
v -0.011717 0.103660 0.013046
v -0.012138 0.116000 0.012655
v -0.011717 0.116000 0.013046
v -0.010954 0.103660 0.013692
v -0.010500 0.103660 0.014043
v -0.010954 0.116000 0.013692
v -0.010500 0.116000 0.014043
v -0.009683 0.103660 0.014619
v -0.009199 0.103660 0.014928
v -0.009683 0.116000 0.014619
v -0.009199 0.116000 0.014928
v -0.008333 0.103660 0.015428
v -0.007824 0.103660 0.015693
v -0.008333 0.116000 0.015428
v -0.007824 0.116000 0.015693
v -0.006917 0.103660 0.016113
v -0.006386 0.103660 0.016331
v -0.006917 0.116000 0.016113
v -0.006386 0.116000 0.016331
v -0.005445 0.103660 0.016668
v -0.004896 0.103660 0.016838
v -0.005445 0.116000 0.016668
v -0.004896 0.116000 0.016838
v -0.003929 0.103660 0.017089
v -0.003367 0.103660 0.017209
v -0.003929 0.116000 0.017089
v -0.003367 0.116000 0.017209
v -0.002381 0.103660 0.017373
v -0.001811 0.103660 0.017441
v -0.002381 0.116000 0.017373
v -0.001811 0.116000 0.017441
v -0.000814 0.103660 0.017516
v -0.000241 0.103660 0.017533
v -0.000814 0.116000 0.017516
v -0.000241 0.116000 0.017533
v 0.000759 0.103660 0.017519
v 0.001332 0.103660 0.017484
v 0.000759 0.116000 0.017519
v 0.001332 0.116000 0.017484
v 0.002327 0.103660 0.017380
v 0.002894 0.103660 0.017295
v 0.002327 0.116000 0.017380
v 0.002894 0.116000 0.017295
v 0.003875 0.103660 0.017101
v 0.004433 0.103660 0.016965
v 0.003875 0.116000 0.017101
v 0.004433 0.116000 0.016965
v 0.005392 0.103660 0.016685
v 0.005936 0.103660 0.016500
v 0.005392 0.116000 0.016685
v 0.005936 0.116000 0.016500
v 0.006866 0.103660 0.016135
v 0.007391 0.103660 0.015901
v 0.006866 0.116000 0.016135
v 0.007391 0.116000 0.015901
v 0.008285 0.103660 0.015454
v 0.008786 0.103660 0.015175
v 0.008285 0.116000 0.015454
v 0.008786 0.116000 0.015175
v 0.009637 0.103660 0.014649
v 0.010111 0.103660 0.014326
v 0.009637 0.116000 0.014649
v 0.010111 0.116000 0.014326
v 0.010911 0.103660 0.013727
v 0.011355 0.103660 0.013362
v 0.010911 0.116000 0.013727
v 0.011355 0.116000 0.013362
v 0.012098 0.103660 0.012693
v 0.012507 0.103660 0.012291
v 0.012098 0.116000 0.012693
v 0.012507 0.116000 0.012291
v 0.013187 0.103660 0.011558
v 0.013558 0.103660 0.011120
v 0.013187 0.116000 0.011558
v 0.013558 0.116000 0.011120
v 0.014170 0.103660 0.010329
v 0.014500 0.103660 0.009860
v 0.014170 0.116000 0.010329
v 0.014500 0.116000 0.009860
v 0.015039 0.103660 0.009017
v 0.015326 0.103660 0.008520
v 0.015039 0.116000 0.009017
v 0.015326 0.116000 0.008520
v 0.015787 0.103660 0.007633
v 0.016028 0.103660 0.007112
v 0.015787 0.116000 0.007633
v 0.016028 0.116000 0.007112
v 0.016407 0.103660 0.006187
v 0.016601 0.103660 0.005647
v 0.016407 0.116000 0.006187
v 0.016601 0.116000 0.005647
v 0.016896 0.103660 0.004691
v 0.017040 0.103660 0.004136
v 0.016896 0.116000 0.004691
v 0.017040 0.116000 0.004136
v 0.017248 0.103660 0.003158
v 0.017342 0.103660 0.002592
v 0.017248 0.116000 0.003158
v 0.017342 0.116000 0.002592
v 0.017462 0.103660 0.001599
v 0.017505 0.103660 0.001027
v 0.017462 0.116000 0.001599
v 0.017505 0.116000 0.001027
v 0.017535 0.103660 0.000027
v 0.017526 0.103660 -0.000546
v 0.017535 0.116000 0.000027
v 0.017526 0.116000 -0.000546
v 0.017467 0.103660 -0.001544
v 0.017407 0.103660 -0.002115
v 0.017467 0.116000 -0.001544
v 0.017407 0.116000 -0.002115
v 0.017258 0.103660 -0.003104
v 0.017147 0.103660 -0.003667
v 0.017258 0.116000 -0.003104
v 0.017147 0.116000 -0.003667
v 0.016910 0.103660 -0.004638
v 0.016750 0.103660 -0.005189
v 0.016910 0.116000 -0.004638
v 0.016750 0.116000 -0.005189
v 0.016427 0.103660 -0.006136
v 0.016217 0.103660 -0.006670
v 0.016427 0.116000 -0.006136
v 0.016217 0.116000 -0.006670
v 0.015810 0.103660 -0.007583
v 0.015554 0.103660 -0.008097
v 0.015810 0.116000 -0.007583
v 0.015554 0.116000 -0.008097
v 0.015067 0.103660 -0.008970
v 0.014765 0.103660 -0.009458
v 0.015067 0.116000 -0.008970
v 0.014765 0.116000 -0.009458
v 0.014202 0.103660 -0.010285
v 0.013858 0.103660 -0.010744
v 0.014202 0.116000 -0.010285
v 0.013858 0.116000 -0.010744
v 0.013223 0.103660 -0.011516
v 0.012839 0.103660 -0.011943
v 0.013223 0.116000 -0.011516
v 0.012839 0.116000 -0.011943
v 0.012138 0.103660 -0.012655
v 0.011717 0.103660 -0.013046
v 0.012138 0.116000 -0.012655
v 0.011717 0.116000 -0.013046
v 0.010954 0.103660 -0.013692
v 0.010500 0.103660 -0.014043
v 0.010954 0.116000 -0.013692
v 0.010500 0.116000 -0.014043
v 0.009683 0.103660 -0.014619
v 0.009199 0.103660 -0.014928
v 0.009683 0.116000 -0.014619
v 0.009199 0.116000 -0.014928
v 0.008333 0.103660 -0.015428
v 0.007824 0.103660 -0.015693
v 0.008333 0.116000 -0.015428
v 0.007824 0.116000 -0.015693
v 0.006917 0.103660 -0.016113
v 0.006386 0.103660 -0.016331
v 0.006917 0.116000 -0.016113
v 0.006386 0.116000 -0.016331
v 0.005445 0.103660 -0.016668
v 0.004896 0.103660 -0.016838
v 0.005445 0.116000 -0.016668
v 0.004896 0.116000 -0.016838
v 0.003929 0.103660 -0.017089
v 0.003367 0.103660 -0.017209
v 0.003929 0.116000 -0.017089
v 0.003367 0.116000 -0.017209
v 0.002381 0.103660 -0.017373
v 0.001811 0.103660 -0.017441
v 0.002381 0.116000 -0.017373
v 0.001811 0.116000 -0.017441
v 0.000814 0.103660 -0.017516
v 0.000241 0.103660 -0.017533
v 0.000814 0.116000 -0.017516
v 0.000241 0.116000 -0.017533
v -0.000759 0.103660 -0.017519
v -0.001332 0.103660 -0.017484
v -0.000759 0.116000 -0.017519
v -0.001332 0.116000 -0.017484
v -0.002327 0.103660 -0.017380
v -0.002894 0.103660 -0.017295
v -0.002327 0.116000 -0.017380
v -0.002894 0.116000 -0.017295
v -0.003875 0.103660 -0.017101
v -0.004433 0.103660 -0.016965
v -0.003875 0.116000 -0.017101
v -0.004433 0.116000 -0.016965
v -0.005392 0.103660 -0.016685
v -0.005936 0.103660 -0.016500
v -0.005392 0.116000 -0.016685
v -0.005936 0.116000 -0.016500
v -0.006866 0.103660 -0.016135
v -0.007391 0.103660 -0.015901
v -0.006866 0.116000 -0.016135
v -0.007391 0.116000 -0.015901
v -0.008285 0.103660 -0.015454
v -0.008786 0.103660 -0.015175
v -0.008285 0.116000 -0.015454
v -0.008786 0.116000 -0.015175
v -0.009637 0.103660 -0.014649
v -0.010111 0.103660 -0.014326
v -0.009637 0.116000 -0.014649
v -0.010111 0.116000 -0.014326
v -0.010911 0.103660 -0.013727
v -0.011355 0.103660 -0.013362
v -0.010911 0.116000 -0.013727
v -0.011355 0.116000 -0.013362
v -0.012098 0.103660 -0.012693
v -0.012507 0.103660 -0.012291
v -0.012098 0.116000 -0.012693
v -0.012507 0.116000 -0.012291
v -0.016407 0.103660 -0.006187
v -0.016601 0.103660 -0.005647
v -0.016407 0.116000 -0.006187
v -0.016601 0.116000 -0.005647
v -0.015787 0.103660 -0.007633
v -0.016028 0.103660 -0.007112
v -0.015787 0.116000 -0.007633
v -0.016028 0.116000 -0.007112
v -0.015039 0.103660 -0.009017
v -0.015326 0.103660 -0.008520
v -0.015039 0.116000 -0.009017
v -0.015326 0.116000 -0.008520
v -0.014170 0.103660 -0.010329
v -0.014500 0.103660 -0.009860
v -0.014170 0.116000 -0.010329
v -0.014500 0.116000 -0.009860
v -0.013187 0.103660 -0.011558
v -0.013558 0.103660 -0.011120
v -0.013187 0.116000 -0.011558
v -0.013558 0.116000 -0.011120
v -0.006166 0.116000 0.016072
v -0.006088 0.116000 0.016036
v -0.006892 0.116000 0.015775
v -0.004701 0.116000 0.016561
v -0.004626 0.116000 0.016517
v -0.005450 0.116000 0.016329
v -0.014007 0.116000 0.010007
v -0.014037 0.116000 0.010088
v -0.013623 0.116000 0.010641
v -0.011421 0.116000 0.012881
v -0.011335 0.116000 0.012874
v -0.012010 0.116000 0.012432
v -0.008682 0.116000 0.014692
v -0.008768 0.116000 0.014684
v -0.008854 0.116000 0.014691
v -0.005488 0.116000 0.016251
v -0.014136 0.116000 0.010229
v -0.013786 0.116000 0.010696
v -0.014081 0.116000 0.010163
v -0.011995 0.116000 0.012347
v -0.008598 0.116000 0.014715
v -0.008520 0.116000 0.014751
v -0.008449 0.116000 0.014801
v -0.017356 0.116000 0.000568
v -0.017276 0.116000 0.000601
v -0.017152 0.116000 -0.000197
v -0.014848 0.116000 0.008711
v -0.014436 0.116000 0.009378
v -0.014825 0.116000 0.008628
v -0.014817 0.116000 0.008542
v -0.013707 0.116000 0.010661
v -0.009742 0.116000 0.013984
v -0.009686 0.116000 0.014050
v -0.009016 0.116000 0.014749
v -0.009643 0.116000 0.014125
v -0.009613 0.116000 0.014206
v -0.009598 0.116000 0.014291
v -0.009597 0.116000 0.014377
v -0.009612 0.116000 0.014462
v -0.008338 0.116000 0.014932
v -0.007501 0.116000 0.015426
v -0.008388 0.116000 0.014862
v -0.008301 0.116000 0.015010
v -0.008278 0.116000 0.015094
v -0.007582 0.116000 0.015455
v -0.000005 0.116000 -0.017103
v -0.000083 0.116000 -0.017065
v -0.016975 0.116000 0.003658
v -0.016891 0.116000 0.003676
v -0.016911 0.116000 0.002869
v -0.016539 0.116000 0.004208
v -0.016555 0.116000 0.004292
v -0.014996 0.116000 0.008921
v -0.014689 0.116000 0.009417
v -0.014935 0.116000 0.008860
v -0.012082 0.116000 0.012020
v -0.012039 0.116000 0.012095
v -0.008298 0.116000 0.015349
v -0.007780 0.116000 0.015618
v -0.008277 0.116000 0.015266
v -0.008270 0.116000 0.015180
v -0.007724 0.116000 0.015553
v -0.007657 0.116000 0.015498
v -0.007416 0.116000 0.015411
v -0.007330 0.116000 0.015411
v -0.007245 0.116000 0.015426
v -0.007163 0.116000 0.015456
v -0.007088 0.116000 0.015499
v -0.012623 0.116000 -0.011485
v -0.012703 0.116000 -0.011452
v -0.006005 0.116000 0.016014
v -0.005031 0.116000 -0.016346
v -0.005113 0.116000 -0.016373
v -0.005919 0.116000 0.016006
v -0.005833 0.116000 0.016014
v -0.005749 0.116000 0.016036
v -0.004767 0.116000 0.016616
v -0.005427 0.116000 0.016412
v -0.005418 0.116000 0.016498
v -0.004545 0.116000 0.016488
v -0.004460 0.116000 0.016472
v 0.013992 0.116000 -0.009922
v -0.004374 0.116000 0.016472
v -0.016989 0.116000 -0.002367
v -0.016949 0.116000 -0.002291
v -0.013427 0.116000 -0.010496
v -0.016922 0.116000 -0.002208
v -0.016910 0.116000 -0.002123
v -0.013394 0.116000 -0.010575
v -0.017260 0.116000 -0.000950
v -0.017191 0.116000 -0.000898
v -0.017133 0.116000 -0.000835
v -0.017086 0.116000 -0.000762
v -0.017052 0.116000 -0.000683
v -0.017032 0.116000 -0.000599
v -0.017101 0.116000 -0.000267
v -0.016840 0.116000 0.002622
v -0.016849 0.116000 0.002708
v -0.016873 0.116000 0.002791
v -0.016537 0.116000 0.004121
v -0.015390 0.116000 0.008042
v -0.015539 0.116000 0.007264
v -0.015569 0.116000 0.007345
v -0.014271 0.116000 0.009426
v -0.014196 0.116000 0.009470
v -0.013160 0.116000 0.010817
v -0.012443 0.116000 0.011807
v -0.012358 0.116000 0.011823
v -0.013451 0.116000 0.010644
v -0.013368 0.116000 0.010667
v -0.013992 0.116000 0.009922
v -0.009808 0.116000 0.013928
v -0.010956 0.116000 0.013054
v -0.010907 0.116000 0.013125
v -0.007022 0.116000 0.015554
v -0.006966 0.116000 0.015620
v -0.006922 0.116000 0.015694
v -0.006237 0.116000 0.016122
v -0.006876 0.116000 0.015860
v -0.006875 0.116000 0.015946
v -0.012034 0.116000 -0.012635
v -0.011241 0.116000 -0.013132
v -0.011231 0.116000 -0.013046
v -0.012873 0.116000 -0.011429
v -0.012959 0.116000 -0.011440
v -0.013041 0.116000 -0.011466
v -0.010098 0.116000 -0.013757
v -0.010151 0.116000 -0.013690
v -0.004620 0.116000 -0.016428
v -0.004694 0.116000 -0.016384
v -0.005671 0.116000 0.016072
v -0.005599 0.116000 0.016121
v -0.005538 0.116000 0.016181
v -0.004288 0.116000 0.016486
v -0.004207 0.116000 0.016515
v -0.004132 0.116000 0.016558
v -0.017376 0.116000 -0.001598
v -0.017419 0.116000 -0.001016
v -0.017449 0.116000 -0.000034
v -0.017440 0.116000 0.000550
v -0.017203 0.116000 0.000647
v -0.017138 0.116000 0.000704
v -0.013495 0.116000 -0.011060
v -0.013444 0.116000 -0.010991
v -0.013405 0.116000 -0.010914
v -0.017085 0.116000 0.000772
v -0.017044 0.116000 0.000849
v -0.017017 0.116000 0.000931
v -0.017005 0.116000 0.001016
v -0.016947 0.116000 0.002301
v -0.016900 0.116000 0.002373
v -0.016865 0.116000 0.002452
v -0.016845 0.116000 0.002536
v -0.014885 0.116000 0.008789
v -0.014608 0.116000 0.009390
v -0.014522 0.116000 0.009377
v -0.014131 0.116000 0.009527
v -0.014077 0.116000 0.009594
v -0.014034 0.116000 0.009669
v -0.014006 0.116000 0.009751
v -0.009641 0.116000 0.014544
v -0.009149 0.116000 0.014858
v -0.009087 0.116000 0.014798
v -0.012010 0.116000 0.012176
v -0.011995 0.116000 0.012261
v -0.013111 0.116000 0.010888
v -0.013075 0.116000 0.010967
v -0.013053 0.116000 0.011050
v -0.013076 0.116000 0.011306
v -0.012529 0.116000 0.011805
v -0.012615 0.116000 0.011819
v -0.010302 0.116000 0.013881
v -0.010220 0.116000 0.013853
v -0.010869 0.116000 0.013543
v -0.011881 0.116000 -0.012556
v -0.011961 0.116000 -0.012589
v -0.012356 0.116000 -0.011987
v -0.013118 0.116000 -0.011506
v -0.010708 0.116000 -0.013570
v -0.010784 0.116000 -0.013610
v -0.004458 0.116000 -0.016627
v -0.004500 0.116000 -0.016552
v -0.003461 0.116000 -0.016711
v -0.005424 0.116000 0.016584
v -0.004866 0.116000 0.016757
v -0.004823 0.116000 0.016682
v 0.000338 0.116000 0.017039
v 0.016165 0.116000 -0.005920
v 0.000252 0.116000 0.017033
v 0.000166 0.116000 0.017042
v -0.017162 0.116000 -0.003149
v -0.017258 0.116000 -0.002573
v -0.013380 0.116000 -0.010831
v -0.013370 0.116000 -0.010746
v -0.013375 0.116000 -0.010659
v -0.017382 0.116000 0.001531
v -0.017321 0.116000 0.002111
v -0.017300 0.116000 0.001502
v -0.017224 0.116000 0.001460
v -0.017235 0.116000 0.002122
v -0.017157 0.116000 0.001406
v -0.016811 0.116000 0.003708
v -0.016737 0.116000 0.003753
v -0.016673 0.116000 0.003811
v -0.016619 0.116000 0.003878
v -0.016578 0.116000 0.003954
v -0.016550 0.116000 0.004036
v -0.015735 0.116000 0.007540
v -0.015474 0.116000 0.008062
v -0.015669 0.116000 0.007485
v -0.015613 0.116000 0.007420
v -0.012083 0.116000 0.012589
v -0.011655 0.116000 0.012986
v -0.012040 0.116000 0.012514
v -0.011583 0.116000 0.012937
v -0.011504 0.116000 0.012902
v -0.013537 0.116000 0.010635
v -0.010870 0.116000 0.013204
v -0.010848 0.116000 0.013287
v -0.009883 0.116000 0.013885
v -0.010840 0.116000 0.013373
v -0.010848 0.116000 0.013459
v -0.010905 0.116000 0.013621
v -0.010444 0.116000 0.013978
v -0.010377 0.116000 0.013924
v -0.006889 0.116000 0.016031
v -0.006349 0.116000 0.016253
v -0.006299 0.116000 0.016182
v -0.012787 0.116000 -0.011433
v -0.010216 0.116000 -0.013632
v -0.010289 0.116000 -0.013586
v -0.010369 0.116000 -0.013554
v -0.010454 0.116000 -0.013536
v -0.010540 0.116000 -0.013533
v -0.010625 0.116000 -0.013544
v -0.010853 0.116000 -0.013663
v -0.011304 0.116000 -0.013292
v -0.011265 0.116000 -0.013215
v -0.004774 0.116000 -0.016352
v -0.004859 0.116000 -0.016335
v -0.004945 0.116000 -0.016333
v -0.005910 0.116000 -0.016245
v -0.005931 0.116000 -0.016161
v -0.005314 0.116000 -0.016532
v -0.005966 0.116000 -0.016082
v -0.005257 0.116000 -0.016468
v -0.005189 0.116000 -0.016414
v -0.004065 0.116000 0.016612
v -0.004009 0.116000 0.016678
v -0.002879 0.116000 0.016798
v -0.003964 0.116000 0.016752
v -0.003934 0.116000 0.016833
v -0.003127 0.116000 0.016866
v -0.003197 0.116000 0.016915
v -0.003258 0.116000 0.016976
v 0.015735 0.116000 -0.007540
v -0.002498 0.116000 0.016970
v -0.002447 0.116000 0.017040
v 0.016215 0.116000 -0.005990
v -0.002385 0.116000 0.017201
v -0.001528 0.116000 0.017034
v -0.002409 0.116000 0.017118
v -0.001447 0.116000 0.017004
v -0.001724 0.116000 0.017200
v -0.001668 0.116000 0.017134
v -0.001602 0.116000 0.017078
v 0.003461 0.116000 0.016711
v 0.003545 0.116000 0.016731
v 0.017419 0.116000 0.001016
v -0.016708 0.116000 -0.003880
v -0.016675 0.116000 -0.003801
v -0.016656 0.116000 -0.003716
v -0.017065 0.116000 -0.001734
v -0.017133 0.116000 -0.001680
v -0.017337 0.116000 -0.000990
v -0.017208 0.116000 -0.001639
v -0.017290 0.116000 -0.001611
v -0.016913 0.116000 -0.002037
v -0.016931 0.116000 -0.001952
v -0.016962 0.116000 -0.001872
v -0.017008 0.116000 -0.001798
v -0.017214 0.116000 -0.000137
v -0.017286 0.116000 -0.000089
v -0.017365 0.116000 -0.000054
v -0.017006 0.116000 0.002238
v -0.017007 0.116000 0.001102
v -0.017075 0.116000 0.002186
v -0.017024 0.116000 0.001187
v -0.017152 0.116000 0.002147
v -0.017056 0.116000 0.001267
v -0.017100 0.116000 0.001341
v -0.017174 0.116000 0.003083
v -0.017062 0.116000 0.003655
v -0.016962 0.116000 0.002939
v -0.017024 0.116000 0.002999
v -0.017096 0.116000 0.003047
v -0.013046 0.116000 0.011136
v -0.013054 0.116000 0.011222
v -0.013162 0.116000 0.011455
v -0.012772 0.116000 0.011889
v -0.013113 0.116000 0.011384
v -0.012696 0.116000 0.011847
v -0.010135 0.116000 0.013839
v -0.010049 0.116000 0.013839
v -0.009964 0.116000 0.013855
v -0.012450 0.116000 -0.012226
v -0.012405 0.116000 -0.012152
v -0.012373 0.116000 -0.012072
v -0.011236 0.116000 -0.012960
v -0.011256 0.116000 -0.012876
v -0.011290 0.116000 -0.012797
v -0.012365 0.116000 -0.011815
v -0.011397 0.116000 -0.012661
v -0.012353 0.116000 -0.011901
v -0.011466 0.116000 -0.012609
v -0.011542 0.116000 -0.012570
v -0.011625 0.116000 -0.012544
v -0.012392 0.116000 -0.011733
v -0.012433 0.116000 -0.011657
v -0.009584 0.116000 -0.014581
v -0.010067 0.116000 -0.014252
v -0.009521 0.116000 -0.014522
v -0.009448 0.116000 -0.014476
v -0.010035 0.116000 -0.014172
v -0.009369 0.116000 -0.014442
v -0.010019 0.116000 -0.014087
v -0.010017 0.116000 -0.014001
v -0.009030 0.116000 -0.014454
v -0.010029 0.116000 -0.013915
v -0.008953 0.116000 -0.014493
v -0.003206 0.116000 -0.016738
v -0.003289 0.116000 -0.016714
v -0.003375 0.116000 -0.016705
v -0.004555 0.116000 -0.016485
v 0.003127 0.116000 -0.016866
v 0.003049 0.116000 -0.016829
v 0.002965 0.116000 -0.016806
v 0.001528 0.116000 -0.017034
v 0.001447 0.116000 -0.017004
v 0.000065 0.116000 -0.017153
v 0.001109 0.116000 -0.017029
v 0.000126 0.116000 -0.017214
v -0.003915 0.116000 0.017004
v -0.003345 0.116000 0.017125
v -0.003917 0.116000 0.016918
v -0.003308 0.116000 0.017047
v -0.003049 0.116000 0.016829
v -0.002965 0.116000 0.016806
v -0.001276 0.116000 0.016987
v -0.001191 0.116000 0.017001
v -0.001109 0.116000 0.017029
v -0.001033 0.116000 0.017071
v -0.002376 0.116000 0.017286
v -0.001796 0.116000 0.017356
v -0.001767 0.116000 0.017275
v 0.001612 0.116000 0.016989
v 0.001693 0.116000 0.016958
v 0.001778 0.116000 0.016942
v 0.001864 0.116000 0.016940
v 0.003129 0.116000 0.016776
v 0.003206 0.116000 0.016738
v -0.017027 0.116000 -0.000512
v -0.017037 0.116000 -0.000427
v -0.017062 0.116000 -0.000344
v -0.016204 0.116000 0.005352
v -0.016156 0.116000 0.005424
v -0.016122 0.116000 0.005503
v -0.016101 0.116000 0.005587
v -0.016095 0.116000 0.005673
v -0.015878 0.116000 0.006650
v -0.015798 0.116000 0.006682
v -0.016104 0.116000 0.005759
v -0.015724 0.116000 0.006726
v -0.013991 0.116000 0.009836
v -0.008937 0.116000 0.014713
v -0.011711 0.116000 -0.012533
v -0.011797 0.116000 -0.012537
v -0.012486 0.116000 -0.011589
v -0.012550 0.116000 -0.011531
v -0.009112 0.116000 -0.014429
v -0.009198 0.116000 -0.014418
v -0.009284 0.116000 -0.014423
v -0.006014 0.116000 -0.016010
v -0.003697 0.116000 -0.016813
v -0.003759 0.116000 -0.016873
v -0.004430 0.116000 -0.016709
v 0.002879 0.116000 -0.016798
v 0.002793 0.116000 -0.016804
v 0.002710 0.116000 -0.016826
v 0.002631 0.116000 -0.016861
v 0.002560 0.116000 -0.016910
v 0.002498 0.116000 -0.016970
v 0.001362 0.116000 -0.016988
v 0.001276 0.116000 -0.016987
v 0.001191 0.116000 -0.017001
v -0.001362 0.116000 0.016988
v 0.000422 0.116000 0.017060
v 0.000501 0.116000 0.017095
v 0.000573 0.116000 0.017143
v 0.001950 0.116000 0.016954
v 0.002031 0.116000 0.016982
v 0.016127 0.116000 -0.005842
v 0.003289 0.116000 0.016714
v 0.003375 0.116000 0.016705
v 0.002309 0.116000 0.017295
v 0.002277 0.116000 0.017215
v -0.016811 0.116000 -0.004674
v -0.016958 0.116000 -0.004110
v -0.016652 0.116000 -0.003630
v -0.016662 0.116000 -0.003545
v -0.016687 0.116000 -0.003462
v -0.016841 0.116000 -0.003256
v -0.017178 0.116000 -0.002540
v -0.016778 0.116000 -0.003316
v -0.017105 0.116000 -0.002494
v -0.016586 0.116000 0.004373
v -0.016579 0.116000 0.005165
v -0.016493 0.116000 0.005175
v -0.016411 0.116000 0.005200
v -0.016348 0.116000 0.006100
v -0.016135 0.116000 0.006643
v -0.015523 0.116000 0.007179
v -0.015304 0.116000 0.008037
v -0.015522 0.116000 0.007093
v -0.015218 0.116000 0.008047
v -0.015535 0.116000 0.007008
v -0.015136 0.116000 0.008071
v -0.015563 0.116000 0.006926
v -0.015659 0.116000 0.006783
v -0.015605 0.116000 0.006851
v -0.014880 0.116000 0.008293
v -0.014351 0.116000 0.009395
v -0.014844 0.116000 0.008372
v -0.014823 0.116000 0.008456
v -0.012277 0.116000 0.011853
v -0.012203 0.116000 0.011897
v -0.012137 0.116000 0.011953
v -0.013290 0.116000 0.010705
v -0.013220 0.116000 0.010755
v -0.011338 0.116000 -0.012724
v -0.010057 0.116000 -0.013833
v -0.006144 0.116000 -0.015897
v -0.006221 0.116000 -0.015858
v -0.008883 0.116000 -0.014544
v -0.006074 0.116000 -0.015948
v -0.002309 0.116000 -0.017295
v -0.002886 0.116000 -0.017209
v -0.003850 0.116000 -0.017019
v -0.004417 0.116000 -0.016881
v -0.003811 0.116000 -0.016942
v -0.003625 0.116000 -0.016766
v -0.005360 0.116000 -0.016605
v -0.005912 0.116000 -0.016417
v -0.005904 0.116000 -0.016331
v 0.008298 0.116000 -0.015349
v 0.000816 0.116000 -0.017430
v 0.000233 0.116000 -0.017447
v 0.000833 0.116000 -0.017345
v 0.000865 0.116000 -0.017265
v 0.000211 0.116000 -0.017364
v 0.000910 0.116000 -0.017191
v -0.002793 0.116000 0.016804
v -0.002710 0.116000 0.016826
v 0.013991 0.116000 -0.009836
v 0.000083 0.116000 0.017065
v 0.000005 0.116000 0.017103
v -0.000966 0.116000 0.017126
v -0.000910 0.116000 0.017191
v 0.000749 0.116000 0.017433
v -0.016813 0.116000 -0.004017
v -0.016413 0.116000 -0.004806
v -0.016882 0.116000 -0.004070
v -0.016481 0.116000 -0.004753
v -0.016333 0.116000 -0.005439
v -0.016293 0.116000 -0.005362
v -0.016267 0.116000 -0.005280
v -0.016256 0.116000 -0.005195
v -0.016913 0.116000 -0.003209
v -0.016992 0.116000 -0.003174
v -0.017076 0.116000 -0.003154
v -0.016333 0.116000 0.005239
v -0.016264 0.116000 0.005290
v -0.015058 0.116000 0.008109
v -0.014988 0.116000 0.008160
v -0.014928 0.116000 0.008222
v -0.001864 0.116000 -0.016940
v -0.001950 0.116000 -0.016954
v -0.002914 0.116000 -0.017039
v -0.002031 0.116000 -0.016982
v -0.002893 0.116000 -0.017122
v -0.002107 0.116000 -0.017023
v -0.002950 0.116000 -0.016960
v -0.002999 0.116000 -0.016889
v -0.001778 0.116000 -0.016942
v -0.003059 0.116000 -0.016827
v -0.003129 0.116000 -0.016776
v -0.004416 0.116000 -0.016794
v 0.007724 0.116000 -0.015553
v 0.008278 0.116000 -0.015094
v 0.008270 0.116000 -0.015180
v 0.008277 0.116000 -0.015266
v 0.007780 0.116000 -0.015618
v 0.004545 0.116000 -0.016488
v 0.004460 0.116000 -0.016472
v 0.003258 0.116000 -0.016976
v 0.003197 0.116000 -0.016915
v 0.004207 0.116000 -0.016515
v 0.004288 0.116000 -0.016486
v 0.004374 0.116000 -0.016472
v 0.001767 0.116000 -0.017275
v 0.001724 0.116000 -0.017200
v 0.001668 0.116000 -0.017134
v 0.001602 0.116000 -0.017078
v 0.000175 0.116000 -0.017285
v 0.001033 0.116000 -0.017071
v 0.000966 0.116000 -0.017126
v 0.014996 0.116000 -0.008921
v 0.014436 0.116000 -0.009378
v 0.014351 0.116000 -0.009395
v 0.014848 0.116000 -0.008711
v 0.014271 0.116000 -0.009426
v 0.016348 0.116000 -0.006100
v -0.000865 0.116000 0.017265
v -0.000833 0.116000 0.017345
v -0.000065 0.116000 0.017153
v -0.000126 0.116000 0.017214
v 0.000635 0.116000 0.017203
v 0.001538 0.116000 0.017033
v 0.000686 0.116000 0.017273
v 0.000725 0.116000 0.017350
v 0.001473 0.116000 0.017090
v 0.001418 0.116000 0.017156
v 0.016204 0.116000 -0.005352
v 0.016156 0.116000 -0.005424
v 0.016122 0.116000 -0.005503
v 0.016101 0.116000 -0.005587
v 0.016095 0.116000 -0.005673
v 0.016104 0.116000 -0.005759
v 0.017260 0.116000 0.000950
v 0.017191 0.116000 0.000898
v 0.002107 0.116000 0.017023
v 0.017133 0.116000 0.000835
v 0.017086 0.116000 0.000762
v 0.003759 0.116000 0.016873
v 0.003811 0.116000 0.016942
v 0.004620 0.116000 0.016428
v -0.016557 0.116000 -0.004712
v -0.016639 0.116000 -0.004685
v -0.016725 0.116000 -0.004672
v -0.016259 0.116000 -0.005108
v -0.016277 0.116000 -0.005024
v -0.016310 0.116000 -0.004944
v -0.016755 0.116000 -0.003953
v -0.016356 0.116000 -0.004871
v -0.017042 0.116000 -0.002435
v -0.016726 0.116000 -0.003385
v -0.016829 0.116000 0.004610
v -0.016665 0.116000 0.005170
v -0.016630 0.116000 0.004447
v -0.016687 0.116000 0.004513
v -0.016754 0.116000 0.004567
v -0.016127 0.116000 0.005842
v -0.016049 0.116000 0.006630
v -0.015963 0.116000 0.006633
v -0.002175 0.116000 -0.017077
v -0.002232 0.116000 -0.017142
v -0.002277 0.116000 -0.017215
v -0.003545 0.116000 -0.016731
v 0.013220 0.116000 -0.010755
v 0.013160 0.116000 -0.010817
v 0.006088 0.116000 -0.016036
v 0.012277 0.116000 -0.011853
v 0.012203 0.116000 -0.011897
v 0.013076 0.116000 -0.011306
v 0.007088 0.116000 -0.015499
v 0.006166 0.116000 -0.016072
v 0.006237 0.116000 -0.016122
v 0.003915 0.116000 -0.017004
v 0.003345 0.116000 -0.017125
v 0.003917 0.116000 -0.016918
v 0.015659 0.116000 -0.006783
v 0.015724 0.116000 -0.006726
v 0.016277 0.116000 -0.006051
v 0.015798 0.116000 -0.006682
v 0.015878 0.116000 -0.006650
v 0.014988 0.116000 -0.008160
v 0.014928 0.116000 -0.008222
v 0.014880 0.116000 -0.008293
v 0.014885 0.116000 -0.008789
v 0.014935 0.116000 -0.008860
v 0.014608 0.116000 -0.009390
v 0.014689 0.116000 -0.009417
v 0.014522 0.116000 -0.009377
v 0.014077 0.116000 -0.009594
v 0.014825 0.116000 -0.008628
v 0.014131 0.116000 -0.009527
v 0.014196 0.116000 -0.009470
v 0.016135 0.116000 -0.006643
v 0.016049 0.116000 -0.006630
v 0.015963 0.116000 -0.006633
v -0.000816 0.116000 0.017430
v 0.001332 0.116000 0.017398
v 0.001346 0.116000 0.017313
v 0.001375 0.116000 0.017231
v 0.016665 0.116000 -0.005170
v 0.016579 0.116000 -0.005165
v 0.016493 0.116000 -0.005175
v 0.002232 0.116000 0.017142
v 0.002886 0.116000 0.017209
v 0.002175 0.116000 0.017077
v 0.002893 0.116000 0.017122
v 0.002914 0.116000 0.017039
v 0.003059 0.116000 0.016827
v 0.017337 0.116000 0.000990
v 0.003625 0.116000 0.016766
v 0.003697 0.116000 0.016813
v 0.003850 0.116000 0.017019
v 0.004458 0.116000 0.016627
v 0.004500 0.116000 0.016552
v 0.004555 0.116000 0.016485
v -0.016324 0.116000 -0.006163
v -0.016521 0.116000 -0.005613
v -0.016239 0.116000 -0.006153
v -0.016152 0.116000 -0.006158
v -0.016449 0.116000 -0.005566
v -0.016068 0.116000 -0.006177
v -0.016165 0.116000 0.005920
v -0.016215 0.116000 0.005990
v -0.016277 0.116000 0.006051
v -0.011249 0.116000 0.012883
v -0.011165 0.116000 0.012906
v -0.011087 0.116000 0.012943
v -0.011017 0.116000 0.012993
v -0.008239 0.116000 -0.015381
v -0.008749 0.116000 -0.015097
v -0.008181 0.116000 -0.015317
v -0.008113 0.116000 -0.015264
v -0.001538 0.116000 -0.017033
v -0.001612 0.116000 -0.016989
v -0.001693 0.116000 -0.016958
v 0.014136 0.116000 -0.010229
v 0.007022 0.116000 -0.015554
v 0.006966 0.116000 -0.015620
v 0.006299 0.116000 -0.016182
v 0.006922 0.116000 -0.015694
v 0.005919 0.116000 -0.016006
v 0.005833 0.116000 -0.016014
v 0.005749 0.116000 -0.016036
v 0.004626 0.116000 -0.016517
v 0.004767 0.116000 -0.016616
v 0.004701 0.116000 -0.016561
v 0.005418 0.116000 -0.016498
v 0.005427 0.116000 -0.016412
v 0.003934 0.116000 -0.016833
v 0.003308 0.116000 -0.017047
v 0.003964 0.116000 -0.016752
v 0.002376 0.116000 -0.017286
v 0.001796 0.116000 -0.017356
v 0.015605 0.116000 -0.006851
v -0.002631 0.116000 0.016861
v -0.002560 0.116000 0.016910
v -0.000233 0.116000 0.017447
v -0.000211 0.116000 0.017364
v -0.000175 0.116000 0.017285
v 0.016411 0.116000 -0.005200
v 0.016333 0.116000 -0.005239
v 0.016264 0.116000 -0.005290
v 0.017052 0.116000 0.000683
v 0.017032 0.116000 0.000599
v 0.017027 0.116000 0.000512
v 0.016849 0.116000 -0.002708
v 0.016873 0.116000 -0.002791
v 0.016550 0.116000 -0.004036
v 0.016911 0.116000 -0.002869
v 0.016578 0.116000 -0.003954
v 0.016962 0.116000 -0.002939
v 0.017024 0.116000 -0.002999
v 0.016537 0.116000 -0.004121
v 0.016539 0.116000 -0.004208
v 0.002950 0.116000 0.016960
v 0.002999 0.116000 0.016889
v 0.004774 0.116000 0.016352
v 0.004859 0.116000 0.016335
v 0.004945 0.116000 0.016333
v 0.005031 0.116000 0.016346
v 0.005113 0.116000 0.016373
v 0.004417 0.116000 0.016881
v 0.004416 0.116000 0.016794
v 0.004430 0.116000 0.016709
v -0.015725 0.116000 -0.006631
v -0.015736 0.116000 -0.006545
v -0.007698 0.116000 -0.015205
v -0.007782 0.116000 -0.015188
v -0.008716 0.116000 -0.014928
v -0.007869 0.116000 -0.015185
v -0.007954 0.116000 -0.015197
v -0.007617 0.116000 -0.015237
v -0.006304 0.116000 -0.015834
v -0.001375 0.116000 -0.017231
v -0.001418 0.116000 -0.017156
v -0.000338 0.116000 -0.017039
v -0.001473 0.116000 -0.017090
v -0.000252 0.116000 -0.017033
v 0.014007 0.116000 -0.010007
v 0.013537 0.116000 -0.010635
v 0.014037 0.116000 -0.010088
v 0.014081 0.116000 -0.010163
v 0.013451 0.116000 -0.010644
v 0.013368 0.116000 -0.010667
v 0.013290 0.116000 -0.010705
v 0.006889 0.116000 -0.016031
v 0.006349 0.116000 -0.016253
v 0.006892 0.116000 -0.015775
v 0.006876 0.116000 -0.015860
v 0.006875 0.116000 -0.015946
v 0.005671 0.116000 -0.016072
v 0.005599 0.116000 -0.016121
v 0.005538 0.116000 -0.016181
v 0.004132 0.116000 -0.016558
v 0.004065 0.116000 -0.016612
v 0.004009 0.116000 -0.016678
v 0.002447 0.116000 -0.017040
v 0.002409 0.116000 -0.017118
v 0.002385 0.116000 -0.017201
v 0.015304 0.116000 -0.008037
v 0.015535 0.116000 -0.007008
v 0.015522 0.116000 -0.007093
v 0.014034 0.116000 -0.009669
v 0.014006 0.116000 -0.009751
v 0.017449 0.116000 0.000034
v 0.016840 0.116000 -0.002622
v 0.016687 0.116000 -0.004513
v 0.016754 0.116000 -0.004567
v 0.016829 0.116000 -0.004610
v 0.004694 0.116000 0.016384
v 0.006221 0.116000 0.015858
v 0.006304 0.116000 0.015834
v -0.014962 0.116000 -0.008978
v -0.015254 0.116000 -0.008473
v -0.015762 0.116000 -0.006463
v -0.015801 0.116000 -0.006386
v -0.015853 0.116000 -0.006317
v -0.016385 0.116000 -0.005508
v -0.015916 0.116000 -0.006258
v -0.015989 0.116000 -0.006211
v -0.008725 0.116000 -0.015014
v -0.008036 0.116000 -0.015224
v -0.008721 0.116000 -0.014842
v -0.008742 0.116000 -0.014758
v -0.008776 0.116000 -0.014679
v -0.008824 0.116000 -0.014607
v -0.000166 0.116000 -0.017042
v -0.000422 0.116000 -0.017060
v -0.000501 0.116000 -0.017095
v -0.001346 0.116000 -0.017313
v -0.000573 0.116000 -0.017143
v 0.012083 0.116000 -0.012589
v 0.011655 0.116000 -0.012986
v 0.012040 0.116000 -0.012514
v 0.005488 0.116000 -0.016251
v 0.005450 0.116000 -0.016329
v 0.005424 0.116000 -0.016584
v 0.004866 0.116000 -0.016757
v 0.004823 0.116000 -0.016682
v 0.015218 0.116000 -0.008047
v 0.015136 0.116000 -0.008071
v 0.015058 0.116000 -0.008109
v 0.017005 0.116000 -0.001016
v 0.017007 0.116000 -0.001102
v 0.016845 0.116000 -0.002536
v 0.017024 0.116000 -0.001187
v 0.017382 0.116000 -0.001531
v 0.017152 0.116000 0.000197
v 0.017214 0.116000 0.000137
v 0.017044 0.116000 -0.000849
v 0.017286 0.116000 0.000089
v 0.017085 0.116000 -0.000772
v 0.017365 0.116000 0.000054
v 0.017138 0.116000 -0.000704
v 0.017203 0.116000 -0.000647
v -0.015706 0.116000 -0.007601
v -0.015952 0.116000 -0.007072
v -0.015165 0.116000 -0.007777
v -0.015223 0.116000 -0.007713
v -0.015826 0.116000 -0.006954
v -0.015291 0.116000 -0.007660
v -0.015884 0.116000 -0.007018
v -0.015368 0.116000 -0.007619
v -0.006560 0.116000 -0.015849
v -0.007344 0.116000 -0.015736
v -0.006476 0.116000 -0.015829
v -0.007342 0.116000 -0.015649
v -0.007356 0.116000 -0.015564
v 0.013786 0.116000 -0.010696
v 0.013707 0.116000 -0.010661
v 0.013623 0.116000 -0.010641
v 0.006005 0.116000 -0.016014
v 0.007163 0.116000 -0.015456
v 0.013075 0.116000 -0.010967
v 0.007245 0.116000 -0.015426
v 0.007330 0.116000 -0.015411
v 0.013111 0.116000 -0.010888
v 0.015563 0.116000 -0.006926
v 0.014844 0.116000 -0.008372
v 0.014823 0.116000 -0.008456
v 0.014817 0.116000 -0.008542
v 0.017037 0.116000 0.000427
v 0.017062 0.116000 0.000344
v 0.017101 0.116000 0.000267
v 0.017017 0.116000 -0.000931
v 0.017096 0.116000 -0.003047
v 0.016673 0.116000 -0.003811
v 0.016619 0.116000 -0.003878
v 0.016555 0.116000 -0.004292
v 0.016586 0.116000 -0.004373
v 0.016630 0.116000 -0.004447
v 0.006390 0.116000 0.015824
v 0.006476 0.116000 0.015829
v 0.006560 0.116000 0.015849
v 0.005360 0.116000 0.016605
v 0.005314 0.116000 0.016532
v 0.007617 0.116000 0.015237
v 0.007698 0.116000 0.015205
v 0.006712 0.116000 0.015930
v 0.006775 0.116000 0.015989
v 0.006827 0.116000 0.016058
v -0.015450 0.116000 -0.007593
v -0.015535 0.116000 -0.007581
v -0.015622 0.116000 -0.007583
v -0.015780 0.116000 -0.006881
v -0.015747 0.116000 -0.006801
v -0.015119 0.116000 -0.007850
v -0.006827 0.116000 -0.016058
v -0.007360 0.116000 -0.015821
v -0.006390 0.116000 -0.015824
v -0.007544 0.116000 -0.015282
v -0.007479 0.116000 -0.015339
v -0.000749 0.116000 -0.017433
v -0.001332 0.116000 -0.017398
v -0.000635 0.116000 -0.017203
v -0.000686 0.116000 -0.017273
v -0.000725 0.116000 -0.017350
v 0.011165 0.116000 -0.012906
v 0.013053 0.116000 -0.011050
v 0.012529 0.116000 -0.011805
v 0.013113 0.116000 -0.011384
v 0.012443 0.116000 -0.011807
v 0.012358 0.116000 -0.011823
v 0.009016 0.116000 -0.014749
v 0.008937 0.116000 -0.014713
v 0.009597 0.116000 -0.014377
v 0.007582 0.116000 -0.015455
v 0.007501 0.116000 -0.015426
v 0.007416 0.116000 -0.015411
v 0.015523 0.116000 -0.007179
v 0.015539 0.116000 -0.007264
v 0.015569 0.116000 -0.007345
v 0.017056 0.116000 -0.001267
v 0.017100 0.116000 -0.001341
v 0.016865 0.116000 -0.002452
v 0.017157 0.116000 -0.001406
v 0.017224 0.116000 -0.001460
v 0.017440 0.116000 -0.000550
v 0.017356 0.116000 -0.000568
v 0.017276 0.116000 -0.000601
v 0.016891 0.116000 -0.003676
v 0.016811 0.116000 -0.003708
v 0.016737 0.116000 -0.003753
v 0.005966 0.116000 0.016082
v 0.006014 0.116000 0.016010
v 0.006074 0.116000 0.015948
v 0.006144 0.116000 0.015897
v 0.007356 0.116000 0.015564
v 0.007384 0.116000 0.015482
v 0.008725 0.116000 0.015014
v 0.008181 0.116000 0.015317
v 0.008239 0.116000 0.015381
v -0.014407 0.116000 -0.009105
v -0.014470 0.116000 -0.009046
v -0.015139 0.116000 -0.008345
v -0.014543 0.116000 -0.009000
v -0.015190 0.116000 -0.008414
v -0.014623 0.116000 -0.008966
v -0.006639 0.116000 -0.015883
v -0.006712 0.116000 -0.015930
v -0.006775 0.116000 -0.015989
v -0.007384 0.116000 -0.015482
v -0.007425 0.116000 -0.015407
v 0.011995 0.116000 -0.012347
v 0.012010 0.116000 -0.012432
v 0.011504 0.116000 -0.012902
v 0.011421 0.116000 -0.012881
v 0.011335 0.116000 -0.012874
v 0.012010 0.116000 -0.012176
v 0.011249 0.116000 -0.012883
v 0.010905 0.116000 -0.013621
v 0.010444 0.116000 -0.013978
v 0.010869 0.116000 -0.013543
v 0.010377 0.116000 -0.013924
v 0.010848 0.116000 -0.013459
v 0.010840 0.116000 -0.013373
v 0.008682 0.116000 -0.014692
v 0.008598 0.116000 -0.014715
v 0.015474 0.116000 -0.008062
v 0.015390 0.116000 -0.008042
v 0.015669 0.116000 -0.007485
v 0.015613 0.116000 -0.007420
v 0.017174 0.116000 -0.003083
v 0.017062 0.116000 -0.003655
v 0.016975 0.116000 -0.003658
v 0.007342 0.116000 0.015649
v -0.014707 0.116000 -0.008947
v -0.014793 0.116000 -0.008943
v -0.014879 0.116000 -0.008953
v -0.015086 0.116000 -0.007929
v -0.013474 0.116000 -0.010423
v -0.015728 0.116000 -0.006717
v 0.012137 0.116000 -0.011953
v 0.012082 0.116000 -0.012020
v 0.012039 0.116000 -0.012095
v 0.011995 0.116000 -0.012261
v 0.013162 0.116000 -0.011455
v 0.009686 0.116000 -0.014050
v 0.009643 0.116000 -0.014125
v 0.010135 0.116000 -0.013839
v 0.010049 0.116000 -0.013839
v 0.010907 0.116000 -0.013125
v 0.017075 0.116000 -0.002186
v 0.017006 0.116000 -0.002238
v 0.017300 0.116000 -0.001502
v 0.016947 0.116000 -0.002301
v 0.016900 0.116000 -0.002373
v 0.005904 0.116000 0.016331
v 0.005910 0.116000 0.016245
v 0.005931 0.116000 0.016161
v 0.006639 0.116000 0.015883
v 0.007360 0.116000 0.015821
v 0.007344 0.116000 0.015736
v 0.007782 0.116000 0.015188
v 0.007869 0.116000 0.015185
v 0.007954 0.116000 0.015197
v 0.008749 0.116000 0.015097
v 0.008716 0.116000 0.014928
v 0.008721 0.116000 0.014842
v 0.008742 0.116000 0.014758
v 0.013046 0.116000 -0.011136
v 0.013054 0.116000 -0.011222
v 0.011583 0.116000 -0.012937
v 0.012772 0.116000 -0.011889
v 0.012696 0.116000 -0.011847
v 0.012615 0.116000 -0.011819
v 0.017321 0.116000 -0.002111
v 0.017235 0.116000 -0.002122
v 0.017152 0.116000 -0.002147
v 0.005912 0.116000 0.016417
v 0.005189 0.116000 0.016414
v 0.005257 0.116000 0.016468
v 0.008824 0.116000 0.014607
v 0.008883 0.116000 0.014544
v 0.009369 0.116000 0.014442
v 0.009448 0.116000 0.014476
v -0.013533 0.116000 -0.010359
v -0.015063 0.116000 -0.008100
v -0.015067 0.116000 -0.008014
v 0.009613 0.116000 -0.014206
v 0.009598 0.116000 -0.014291
v 0.009641 0.116000 -0.014544
v 0.009149 0.116000 -0.014858
v 0.009612 0.116000 -0.014462
v 0.010220 0.116000 -0.013853
v 0.009964 0.116000 -0.013855
v 0.007425 0.116000 0.015407
v 0.007479 0.116000 0.015339
v 0.007544 0.116000 0.015282
v -0.014297 0.116000 -0.009588
v -0.014279 0.116000 -0.009504
v -0.013601 0.116000 -0.010307
v -0.014276 0.116000 -0.009418
v 0.009087 0.116000 -0.014798
v 0.008768 0.116000 -0.014684
v 0.008520 0.116000 -0.014751
v 0.008449 0.116000 -0.014801
v 0.008388 0.116000 -0.014862
v 0.007657 0.116000 -0.015498
v 0.008338 0.116000 -0.014932
v 0.008301 0.116000 -0.015010
v 0.008036 0.116000 0.015224
v 0.008113 0.116000 0.015264
v 0.008776 0.116000 0.014679
v 0.011087 0.116000 -0.012943
v 0.011017 0.116000 -0.012993
v 0.010956 0.116000 -0.013054
v 0.009742 0.116000 -0.013984
v 0.008854 0.116000 -0.014691
v 0.009808 0.116000 -0.013928
v 0.008953 0.116000 0.014493
v 0.009030 0.116000 0.014454
v 0.009112 0.116000 0.014429
v 0.009198 0.116000 0.014418
v 0.009284 0.116000 0.014423
v -0.014330 0.116000 -0.009668
v -0.013678 0.116000 -0.010267
v -0.014375 0.116000 -0.009742
v -0.013760 0.116000 -0.010241
v -0.013846 0.116000 -0.010229
v -0.014288 0.116000 -0.009332
v -0.014314 0.116000 -0.009250
v -0.014354 0.116000 -0.009173
v 0.010302 0.116000 -0.013881
v 0.010870 0.116000 -0.013204
v 0.010848 0.116000 -0.013287
v 0.010454 0.116000 0.013536
v 0.010540 0.116000 0.013533
v 0.010625 0.116000 0.013544
v 0.010708 0.116000 0.013570
v 0.010853 0.116000 0.013663
v -0.014097 0.116000 -0.010283
v -0.014433 0.116000 -0.009806
v -0.014017 0.116000 -0.010251
v -0.013932 0.116000 -0.010233
v -0.015074 0.116000 -0.008186
v -0.015099 0.116000 -0.008268
v 0.009883 0.116000 -0.013885
v 0.009584 0.116000 0.014581
v 0.009521 0.116000 0.014522
v 0.010017 0.116000 0.014001
v 0.010029 0.116000 0.013915
v 0.010216 0.116000 0.013632
v 0.010289 0.116000 0.013586
v 0.010369 0.116000 0.013554
v 0.010067 0.116000 0.014252
v 0.010035 0.116000 0.014172
v 0.010019 0.116000 0.014087
v 0.010057 0.116000 0.013833
v 0.010098 0.116000 0.013757
v 0.010151 0.116000 0.013690
v 0.012034 0.116000 0.012635
v 0.011466 0.116000 0.012609
v 0.011542 0.116000 0.012570
v 0.016962 0.116000 0.001872
v 0.011625 0.116000 0.012544
v 0.011711 0.116000 0.012533
v 0.011797 0.116000 0.012537
v 0.011881 0.116000 0.012556
v 0.012353 0.116000 0.011901
v 0.012365 0.116000 0.011815
v 0.013118 0.116000 0.011506
v 0.011304 0.116000 0.013292
v 0.011265 0.116000 0.013215
v 0.010784 0.116000 0.013610
v 0.011241 0.116000 0.013132
v 0.011231 0.116000 0.013046
v 0.011236 0.116000 0.012960
v 0.011256 0.116000 0.012876
v 0.012450 0.116000 0.012226
v 0.012405 0.116000 0.012152
v 0.011961 0.116000 0.012589
v 0.012373 0.116000 0.012072
v 0.012356 0.116000 0.011987
v 0.012392 0.116000 0.011733
v 0.012433 0.116000 0.011657
v 0.012486 0.116000 0.011589
v 0.012550 0.116000 0.011531
v 0.012623 0.116000 0.011485
v 0.012703 0.116000 0.011452
v 0.012787 0.116000 0.011433
v 0.017208 0.116000 0.001639
v 0.017133 0.116000 0.001680
v 0.017065 0.116000 0.001734
v 0.011290 0.116000 0.012797
v 0.011338 0.116000 0.012724
v 0.011397 0.116000 0.012661
v 0.017376 0.116000 0.001598
v 0.017290 0.116000 0.001611
v 0.017008 0.116000 0.001798
v 0.013495 0.116000 0.011060
v 0.013444 0.116000 0.010991
v 0.013041 0.116000 0.011466
v 0.013405 0.116000 0.010914
v 0.012959 0.116000 0.011440
v 0.013380 0.116000 0.010831
v 0.013370 0.116000 0.010746
v 0.013375 0.116000 0.010659
v 0.013394 0.116000 0.010575
v 0.013678 0.116000 0.010267
v 0.013760 0.116000 0.010241
v 0.016931 0.116000 0.001952
v 0.013846 0.116000 0.010229
v 0.013932 0.116000 0.010233
v 0.012873 0.116000 0.011429
v 0.013427 0.116000 0.010496
v 0.013474 0.116000 0.010423
v 0.013533 0.116000 0.010359
v 0.013601 0.116000 0.010307
v 0.014097 0.116000 0.010283
v 0.014407 0.116000 0.009105
v 0.014470 0.116000 0.009046
v 0.014543 0.116000 0.009000
v 0.014623 0.116000 0.008966
v 0.014433 0.116000 0.009806
v 0.014375 0.116000 0.009742
v 0.014017 0.116000 0.010251
v 0.014330 0.116000 0.009668
v 0.014297 0.116000 0.009588
v 0.014279 0.116000 0.009504
v 0.014276 0.116000 0.009418
v 0.014288 0.116000 0.009332
v 0.014314 0.116000 0.009250
v 0.014354 0.116000 0.009173
v 0.014962 0.116000 0.008978
v 0.015254 0.116000 0.008473
v 0.014879 0.116000 0.008953
v 0.016324 0.116000 0.006163
v 0.014793 0.116000 0.008943
v 0.015190 0.116000 0.008414
v 0.015139 0.116000 0.008345
v 0.015099 0.116000 0.008268
v 0.015074 0.116000 0.008186
v 0.015063 0.116000 0.008100
v 0.015368 0.116000 0.007619
v 0.015736 0.116000 0.006545
v 0.015291 0.116000 0.007660
v 0.015223 0.116000 0.007713
v 0.015706 0.116000 0.007601
v 0.015801 0.116000 0.006386
v 0.015853 0.116000 0.006317
v 0.016259 0.116000 0.005108
v 0.015916 0.116000 0.006258
v 0.015067 0.116000 0.008014
v 0.015086 0.116000 0.007929
v 0.014707 0.116000 0.008947
v 0.016277 0.116000 0.005024
v 0.016310 0.116000 0.004944
v 0.016913 0.116000 0.002037
v 0.015622 0.116000 0.007583
v 0.015780 0.116000 0.006881
v 0.015535 0.116000 0.007581
v 0.015747 0.116000 0.006801
v 0.015728 0.116000 0.006717
v 0.015450 0.116000 0.007593
v 0.015725 0.116000 0.006631
v 0.015762 0.116000 0.006463
v 0.015119 0.116000 0.007850
v 0.015165 0.116000 0.007777
v 0.015989 0.116000 0.006211
v 0.016068 0.116000 0.006177
v 0.016152 0.116000 0.006158
v 0.015952 0.116000 0.007072
v 0.015884 0.116000 0.007018
v 0.015826 0.116000 0.006954
v 0.016726 0.116000 0.003385
v 0.016687 0.116000 0.003462
v 0.016662 0.116000 0.003545
v 0.017162 0.116000 0.003149
v 0.016811 0.116000 0.004674
v 0.016333 0.116000 0.005439
v 0.016293 0.116000 0.005362
v 0.016239 0.116000 0.006153
v 0.016267 0.116000 0.005280
v 0.016256 0.116000 0.005195
v 0.016356 0.116000 0.004871
v 0.016413 0.116000 0.004806
v 0.016481 0.116000 0.004753
v 0.016652 0.116000 0.003630
v 0.016557 0.116000 0.004712
v 0.016639 0.116000 0.004685
v 0.016755 0.116000 0.003953
v 0.016708 0.116000 0.003880
v 0.016725 0.116000 0.004672
v 0.016675 0.116000 0.003801
v 0.016656 0.116000 0.003716
v 0.016521 0.116000 0.005613
v 0.016449 0.116000 0.005566
v 0.016385 0.116000 0.005508
v 0.016958 0.116000 0.004110
v 0.016882 0.116000 0.004070
v 0.016813 0.116000 0.004017
v 0.017042 0.116000 0.002435
v 0.016989 0.116000 0.002367
v 0.017076 0.116000 0.003154
v 0.016949 0.116000 0.002291
v 0.016992 0.116000 0.003174
v 0.016922 0.116000 0.002208
v 0.016910 0.116000 0.002123
v 0.017258 0.116000 0.002573
v 0.017178 0.116000 0.002540
v 0.017105 0.116000 0.002494
v 0.016778 0.116000 0.003316
v 0.016841 0.116000 0.003256
v 0.016913 0.116000 0.003209
v 0.008749 0.103660 0.015097
v -0.000233 0.103660 0.017447
v -0.013786 0.103660 0.010696
v -0.010444 0.103660 0.013978
v 0.017419 0.103660 0.001016
v 0.011655 0.103660 -0.012986
v -0.007780 0.103660 0.015618
v -0.016135 0.103660 0.006643
v 0.017440 0.103660 -0.000550
v 0.007360 0.103660 0.015821
v 0.013786 0.103660 -0.010696
v -0.007360 0.103660 -0.015821
v 0.015952 0.103660 0.007072
v -0.015474 0.103660 0.008062
v 0.016135 0.103660 -0.006643
v -0.007657 0.103660 0.015498
v -0.007724 0.103660 0.015553
v -0.008278 0.103660 0.015094
v -0.008817 0.103660 0.012135
v -0.008520 0.103660 0.014751
v -0.008598 0.103660 0.014715
v -0.005538 0.103660 0.016181
v -0.005599 0.103660 0.016121
v -0.004226 0.103660 0.014392
v -0.005839 0.103660 0.013817
v -0.005833 0.103660 0.016014
v -0.012382 0.103660 0.008467
v -0.008854 0.103660 0.014691
v -0.013266 0.103660 0.007000
v -0.008937 0.103660 0.014713
v -0.009016 0.103660 0.014749
v -0.013537 0.103660 0.010635
v -0.013623 0.103660 0.010641
v -0.016239 0.103660 -0.006153
v -0.011655 0.103660 0.012986
v -0.011583 0.103660 0.012937
v -0.014136 0.103660 0.010229
v -0.014081 0.103660 0.010163
v -0.013707 0.103660 0.010661
v -0.014037 0.103660 0.010088
v -0.014007 0.103660 0.010007
v -0.013992 0.103660 0.009922
v -0.002793 0.103660 0.016804
v -0.002879 0.103660 0.016798
v -0.002558 0.103660 0.014780
v -0.004374 0.103660 0.016472
v -0.004460 0.103660 0.016472
v -0.004545 0.103660 0.016488
v -0.004626 0.103660 0.016517
v -0.005424 0.103660 0.016584
v -0.005418 0.103660 0.016498
v -0.004767 0.103660 0.016616
v -0.006349 0.103660 0.016253
v -0.006889 0.103660 0.016031
v -0.006966 0.103660 0.015620
v -0.007022 0.103660 0.015554
v -0.007376 0.103660 0.013061
v -0.008298 0.103660 0.015349
v -0.008277 0.103660 0.015266
v -0.008270 0.103660 0.015180
v -0.008301 0.103660 0.015010
v -0.007501 0.103660 0.015426
v -0.007582 0.103660 0.015455
v -0.011335 0.103660 0.012874
v -0.011421 0.103660 0.012881
v -0.011504 0.103660 0.012902
v -0.014436 0.103660 0.009378
v -0.014351 0.103660 0.009395
v -0.014271 0.103660 0.009426
v 0.001796 0.103660 -0.017356
v -0.004701 0.103660 0.016561
v -0.005450 0.103660 0.016329
v -0.005427 0.103660 0.016412
v -0.005488 0.103660 0.016251
v -0.005671 0.103660 0.016072
v -0.005749 0.103660 0.016036
v -0.006088 0.103660 0.016036
v -0.006892 0.103660 0.015775
v -0.006922 0.103660 0.015694
v -0.008338 0.103660 0.014932
v -0.008388 0.103660 0.014862
v -0.008449 0.103660 0.014801
v -0.009613 0.103660 0.014206
v -0.009598 0.103660 0.014291
v -0.009597 0.103660 0.014377
v -0.012615 0.103660 0.011819
v -0.012529 0.103660 0.011805
v -0.012443 0.103660 0.011807
v -0.014077 0.103660 0.009594
v -0.014131 0.103660 0.009527
v -0.014196 0.103660 0.009470
v -0.014996 0.103660 0.008921
v -0.014935 0.103660 0.008860
v -0.014522 0.103660 0.009377
v -0.014885 0.103660 0.008789
v -0.014848 0.103660 0.008711
v -0.014825 0.103660 0.008628
v -0.006875 0.103660 0.015946
v -0.006237 0.103660 0.016122
v -0.006299 0.103660 0.016182
v -0.006166 0.103660 0.016072
v -0.006876 0.103660 0.015860
v -0.007088 0.103660 0.015499
v -0.007163 0.103660 0.015456
v -0.007245 0.103660 0.015426
v -0.008682 0.103660 0.014692
v -0.008768 0.103660 0.014684
v -0.010143 0.103660 0.011051
v -0.011336 0.103660 0.009823
v -0.009808 0.103660 0.013928
v -0.009883 0.103660 0.013885
v -0.009964 0.103660 0.013855
v -0.012696 0.103660 0.011847
v -0.012772 0.103660 0.011889
v -0.013991 0.103660 0.009836
v -0.014006 0.103660 0.009751
v -0.014034 0.103660 0.009669
v -0.015735 0.103660 0.007540
v -0.015669 0.103660 0.007485
v -0.015390 0.103660 0.008042
v -0.015613 0.103660 0.007420
v -0.015569 0.103660 0.007345
v -0.016958 0.103660 -0.004110
v -0.001362 0.103660 0.016988
v -0.001447 0.103660 0.017004
v -0.000856 0.103660 0.014976
v -0.002498 0.103660 0.016970
v -0.002560 0.103660 0.016910
v -0.002631 0.103660 0.016861
v -0.002710 0.103660 0.016826
v -0.004207 0.103660 0.016515
v -0.004288 0.103660 0.016486
v -0.004866 0.103660 0.016757
v -0.004823 0.103660 0.016682
v -0.006005 0.103660 0.016014
v -0.005919 0.103660 0.016006
v -0.009149 0.103660 0.014858
v -0.009641 0.103660 0.014544
v -0.009087 0.103660 0.014798
v -0.009612 0.103660 0.014462
v -0.015798 0.103660 0.006682
v -0.015878 0.103660 0.006650
v -0.016104 0.103660 0.005759
v -0.016665 0.103660 0.005170
v 0.012450 0.103660 0.012226
v 0.001693 0.103660 0.016958
v 0.001612 0.103660 0.016989
v 0.000856 0.103660 0.014976
v -0.003049 0.103660 0.016829
v -0.003127 0.103660 0.016866
v -0.003934 0.103660 0.016833
v -0.003197 0.103660 0.016915
v -0.003258 0.103660 0.016976
v -0.004009 0.103660 0.016678
v -0.004065 0.103660 0.016612
v -0.004132 0.103660 0.016558
v -0.010870 0.103660 0.013204
v -0.010907 0.103660 0.013125
v -0.010049 0.103660 0.013839
v -0.010956 0.103660 0.013054
v -0.012203 0.103660 0.011897
v -0.012277 0.103660 0.011853
v -0.013076 0.103660 0.011306
v -0.012358 0.103660 0.011823
v -0.013113 0.103660 0.011384
v -0.013162 0.103660 0.011455
v -0.015724 0.103660 0.006726
v -0.016204 0.103660 0.005352
v -0.016264 0.103660 0.005290
v -0.016555 0.103660 0.004292
v -0.014689 0.103660 0.009417
v -0.014608 0.103660 0.009390
v -0.001796 0.103660 0.017356
v -0.002376 0.103660 0.017286
v -0.001602 0.103660 0.017078
v -0.002385 0.103660 0.017201
v -0.001528 0.103660 0.017034
v -0.002409 0.103660 0.017118
v -0.003964 0.103660 0.016752
v -0.002965 0.103660 0.016806
v -0.003345 0.103660 0.017125
v -0.003915 0.103660 0.017004
v -0.003308 0.103660 0.017047
v -0.003917 0.103660 0.016918
v -0.007416 0.103660 0.015411
v -0.007330 0.103660 0.015411
v -0.009643 0.103660 0.014125
v -0.009686 0.103660 0.014050
v -0.009742 0.103660 0.013984
v -0.010135 0.103660 0.013839
v -0.010840 0.103660 0.013373
v -0.010848 0.103660 0.013287
v -0.010220 0.103660 0.013853
v -0.010302 0.103660 0.013881
v -0.010377 0.103660 0.013924
v -0.010905 0.103660 0.013621
v -0.010869 0.103660 0.013543
v -0.010848 0.103660 0.013459
v -0.011087 0.103660 0.012943
v -0.011165 0.103660 0.012906
v -0.012010 0.103660 0.012432
v -0.011249 0.103660 0.012883
v -0.012040 0.103660 0.012514
v -0.012083 0.103660 0.012589
v -0.014880 0.103660 0.008293
v -0.016095 0.103660 0.005673
v 0.003625 0.103660 0.016766
v 0.003545 0.103660 0.016731
v 0.005839 0.103660 0.013817
v -0.001668 0.103660 0.017134
v -0.001724 0.103660 0.017200
v -0.001767 0.103660 0.017275
v 0.000005 0.103660 0.017103
v 0.000000 0.103660 0.015000
v 0.000083 0.103660 0.017065
v 0.000166 0.103660 0.017042
v -0.001276 0.103660 0.016987
v -0.002447 0.103660 0.017040
v -0.011995 0.103660 0.012347
v -0.011995 0.103660 0.012261
v -0.011017 0.103660 0.012993
v -0.012010 0.103660 0.012176
v -0.013160 0.103660 0.010817
v -0.013220 0.103660 0.010755
v -0.013978 0.103660 0.005442
v -0.001332 0.103660 -0.017398
v -0.015563 0.103660 0.006926
v -0.015605 0.103660 0.006851
v -0.015659 0.103660 0.006783
v -0.015136 0.103660 0.008071
v -0.015535 0.103660 0.007008
v -0.015218 0.103660 0.008047
v -0.015522 0.103660 0.007093
v -0.015304 0.103660 0.008037
v -0.015523 0.103660 0.007179
v -0.015539 0.103660 0.007264
v -0.014844 0.103660 0.008372
v 0.002031 0.103660 0.016982
v 0.001950 0.103660 0.016954
v 0.002558 0.103660 0.014780
v 0.001864 0.103660 0.016940
v 0.001778 0.103660 0.016942
v 0.000501 0.103660 0.017095
v 0.000422 0.103660 0.017060
v 0.000338 0.103660 0.017039
v 0.000252 0.103660 0.017033
v -0.000966 0.103660 0.017126
v -0.001033 0.103660 0.017071
v -0.001109 0.103660 0.017029
v -0.001191 0.103660 0.017001
v -0.012039 0.103660 0.012095
v -0.012082 0.103660 0.012020
v -0.012137 0.103660 0.011953
v -0.013111 0.103660 0.010888
v -0.014847 0.103660 0.002135
v -0.013368 0.103660 0.010667
v -0.013451 0.103660 0.010644
v -0.014928 0.103660 0.008222
v -0.014988 0.103660 0.008160
v -0.015058 0.103660 0.008109
v -0.015963 0.103660 0.006633
v -0.016049 0.103660 0.006630
v -0.016127 0.103660 0.005842
v -0.016165 0.103660 0.005920
v -0.016101 0.103660 0.005587
v -0.016122 0.103660 0.005503
v -0.016156 0.103660 0.005424
v -0.016630 0.103660 0.004447
v -0.016586 0.103660 0.004373
v -0.016579 0.103660 0.005165
v -0.016493 0.103660 0.005175
v -0.016521 0.103660 -0.005613
v -0.016324 0.103660 -0.006163
v -0.017017 0.103660 0.000931
v -0.017044 0.103660 0.000849
v -0.016259 0.103660 -0.005108
v -0.017085 0.103660 0.000772
v 0.002886 0.103660 0.017209
v 0.002309 0.103660 0.017295
v 0.002893 0.103660 0.017122
v -0.016348 0.103660 0.006100
v -0.016277 0.103660 0.006051
v -0.016215 0.103660 0.005990
v -0.016333 0.103660 0.005239
v -0.016411 0.103660 0.005200
v -0.016829 0.103660 0.004610
v -0.016754 0.103660 0.004567
v -0.016687 0.103660 0.004513
v -0.016911 0.103660 0.002869
v -0.016578 0.103660 0.003954
v -0.016619 0.103660 0.003878
v -0.016873 0.103660 0.002791
v -0.016849 0.103660 0.002708
v -0.016840 0.103660 0.002622
v -0.016845 0.103660 0.002536
v -0.017005 0.103660 0.001016
v -0.016865 0.103660 0.002452
v -0.016900 0.103660 0.002373
v 0.001332 0.103660 0.017398
v 0.000749 0.103660 0.017433
v 0.001473 0.103660 0.017090
v 0.000725 0.103660 0.017350
v 0.001538 0.103660 0.017033
v 0.000686 0.103660 0.017273
v 0.000635 0.103660 0.017203
v 0.000573 0.103660 0.017143
v -0.000816 0.103660 0.017430
v -0.000833 0.103660 0.017345
v -0.000211 0.103660 0.017364
v -0.000865 0.103660 0.017265
v -0.000175 0.103660 0.017285
v -0.000126 0.103660 0.017214
v -0.000910 0.103660 0.017191
v -0.000065 0.103660 0.017153
v -0.014507 0.103660 0.003813
v -0.013290 0.103660 0.010705
v -0.014817 0.103660 0.008542
v -0.014823 0.103660 0.008456
v -0.016673 0.103660 0.003811
v -0.016737 0.103660 0.003753
v -0.016811 0.103660 0.003708
v -0.016333 0.103660 -0.005439
v -0.016293 0.103660 -0.005362
v -0.016267 0.103660 -0.005280
v -0.016385 0.103660 -0.005508
v -0.016449 0.103660 -0.005566
v -0.017052 0.103660 -0.000683
v -0.017086 0.103660 -0.000762
v -0.017133 0.103660 -0.000835
v -0.016913 0.103660 -0.002037
v -0.016910 0.103660 -0.002123
v -0.016277 0.103660 -0.005024
v 0.004417 0.103660 0.016881
v 0.003850 0.103660 0.017019
v 0.003461 0.103660 0.016711
v 0.003375 0.103660 0.016705
v 0.003289 0.103660 0.016714
v 0.001418 0.103660 0.017156
v 0.001375 0.103660 0.017231
v 0.001346 0.103660 0.017313
v -0.013075 0.103660 0.010967
v -0.013053 0.103660 0.011050
v -0.013046 0.103660 0.011136
v -0.013054 0.103660 0.011222
v -0.015762 0.103660 -0.006463
v -0.013644 0.103660 -0.006231
v -0.015801 0.103660 -0.006386
v -0.014266 0.103660 -0.004635
v -0.015853 0.103660 -0.006317
v -0.016539 0.103660 0.004208
v -0.016537 0.103660 0.004121
v -0.016550 0.103660 0.004036
v -0.016891 0.103660 0.003676
v -0.016975 0.103660 0.003658
v -0.016962 0.103660 0.002939
v -0.017024 0.103660 0.002999
v -0.016947 0.103660 0.002301
v -0.017006 0.103660 0.002238
v -0.017007 0.103660 0.001102
v -0.017075 0.103660 0.002186
v -0.017024 0.103660 0.001187
v -0.017152 0.103660 0.002147
v -0.017056 0.103660 0.001267
v -0.017235 0.103660 0.002122
v -0.017037 0.103660 -0.000427
v -0.017027 0.103660 -0.000512
v -0.017032 0.103660 -0.000599
v -0.017101 0.103660 -0.000267
v -0.017276 0.103660 0.000601
v -0.017152 0.103660 -0.000197
v -0.017356 0.103660 0.000568
v -0.017214 0.103660 -0.000137
v -0.017286 0.103660 -0.000089
v 0.003206 0.103660 0.016738
v 0.003129 0.103660 0.016776
v 0.003059 0.103660 0.016827
v -0.012845 0.103660 -0.007746
v -0.015747 0.103660 -0.006801
v -0.011879 0.103660 -0.009160
v -0.015780 0.103660 -0.006881
v -0.015223 0.103660 -0.007713
v -0.015165 0.103660 -0.007777
v -0.002277 0.103660 -0.017215
v -0.015119 0.103660 -0.007850
v -0.015952 0.103660 -0.007072
v -0.015706 0.103660 -0.007601
v -0.015884 0.103660 -0.007018
v -0.015622 0.103660 -0.007583
v -0.017062 0.103660 0.003655
v -0.017174 0.103660 0.003083
v -0.017096 0.103660 0.003047
v -0.017224 0.103660 0.001460
v -0.017157 0.103660 0.001406
v -0.017100 0.103660 0.001341
v -0.016256 0.103660 -0.005195
v -0.017062 0.103660 -0.000344
v -0.017203 0.103660 0.000647
v -0.017138 0.103660 0.000704
v -0.016931 0.103660 -0.001952
v -0.017191 0.103660 -0.000898
v -0.017260 0.103660 -0.000950
v 0.004500 0.103660 0.016552
v 0.004458 0.103660 0.016627
v 0.003811 0.103660 0.016942
v 0.004430 0.103660 0.016709
v 0.004416 0.103660 0.016794
v 0.002914 0.103660 0.017039
v 0.002277 0.103660 0.017215
v 0.002950 0.103660 0.016960
v 0.002107 0.103660 0.017023
v 0.004226 0.103660 0.014392
v 0.002175 0.103660 0.017077
v 0.002232 0.103660 0.017142
v 0.002999 0.103660 0.016889
v -0.014701 0.103660 -0.002979
v -0.015989 0.103660 -0.006211
v -0.015916 0.103660 -0.006258
v 0.000000 0.103660 -0.015000
v -0.000252 0.103660 -0.017033
v -0.000166 0.103660 -0.017042
v -0.015086 0.103660 -0.007929
v -0.015067 0.103660 -0.008014
v -0.015063 0.103660 -0.008100
v -0.015074 0.103660 -0.008186
v -0.015099 0.103660 -0.008268
v -0.015139 0.103660 -0.008345
v -0.015535 0.103660 -0.007581
v -0.015450 0.103660 -0.007593
v -0.015368 0.103660 -0.007619
v -0.015826 0.103660 -0.006954
v -0.015291 0.103660 -0.007660
v -0.017321 0.103660 0.002111
v -0.017382 0.103660 0.001531
v -0.017300 0.103660 0.001502
v -0.017440 0.103660 0.000550
v -0.017449 0.103660 -0.000034
v -0.017365 0.103660 -0.000054
v -0.017337 0.103660 -0.000990
v -0.017008 0.103660 -0.001798
v -0.016962 0.103660 -0.001872
v -0.016662 0.103660 -0.003545
v -0.016652 0.103660 -0.003630
v -0.016656 0.103660 -0.003716
v -0.016992 0.103660 -0.003174
v -0.016913 0.103660 -0.003209
v -0.017178 0.103660 -0.002540
v 0.004859 0.103660 0.016335
v 0.004774 0.103660 0.016352
v 0.007376 0.103660 0.013061
v 0.004694 0.103660 0.016384
v 0.004620 0.103660 0.016428
v 0.003697 0.103660 0.016813
v 0.003759 0.103660 0.016873
v 0.004555 0.103660 0.016485
v -0.014945 0.103660 -0.001284
v -0.016152 0.103660 -0.006158
v -0.016068 0.103660 -0.006177
v -0.014994 0.103660 0.000428
v -0.015736 0.103660 -0.006545
v -0.015725 0.103660 -0.006631
v -0.015728 0.103660 -0.006717
v -0.002886 0.103660 -0.017209
v -0.017419 0.103660 -0.001016
v -0.017376 0.103660 -0.001598
v -0.017290 0.103660 -0.001611
v -0.017208 0.103660 -0.001639
v -0.017133 0.103660 -0.001680
v -0.017065 0.103660 -0.001734
v -0.016675 0.103660 -0.003801
v -0.016708 0.103660 -0.003880
v -0.016310 0.103660 -0.004944
v -0.016755 0.103660 -0.003953
v -0.016813 0.103660 -0.004017
v -0.016557 0.103660 -0.004712
v -0.016481 0.103660 -0.004753
v -0.016882 0.103660 -0.004070
v -0.016413 0.103660 -0.004806
v -0.016356 0.103660 -0.004871
v -0.017258 0.103660 -0.002573
v -0.017162 0.103660 -0.003149
v -0.017076 0.103660 -0.003154
v -0.016841 0.103660 -0.003256
v -0.016778 0.103660 -0.003316
v -0.017105 0.103660 -0.002494
v -0.016726 0.103660 -0.003385
v -0.016687 0.103660 -0.003462
v 0.000233 0.103660 -0.017447
v 0.005113 0.103660 0.016373
v 0.005031 0.103660 0.016346
v 0.004945 0.103660 0.016333
v -0.002107 0.103660 -0.017023
v -0.003397 0.103660 -0.014610
v -0.002175 0.103660 -0.017077
v -0.005041 0.103660 -0.014128
v -0.002232 0.103660 -0.017142
v -0.002031 0.103660 -0.016982
v -0.001950 0.103660 -0.016954
v -0.001710 0.103660 -0.014902
v -0.001864 0.103660 -0.016940
v -0.001538 0.103660 -0.017033
v -0.001473 0.103660 -0.017090
v -0.001418 0.103660 -0.017156
v -0.016922 0.103660 -0.002208
v -0.016949 0.103660 -0.002291
v -0.016989 0.103660 -0.002367
v -0.017042 0.103660 -0.002435
v -0.016811 0.103660 -0.004674
v -0.016725 0.103660 -0.004672
v -0.016639 0.103660 -0.004685
v 0.005912 0.103660 0.016417
v 0.005360 0.103660 0.016605
v -0.001778 0.103660 -0.016942
v -0.001693 0.103660 -0.016958
v -0.001612 0.103660 -0.016989
v 0.017321 0.103660 -0.002111
v -0.006618 0.103660 -0.013461
v -0.008110 0.103660 -0.012619
v -0.009495 0.103660 -0.011612
v -0.001375 0.103660 -0.017231
v -0.000338 0.103660 -0.017039
v -0.000635 0.103660 -0.017203
v -0.000573 0.103660 -0.017143
v -0.001346 0.103660 -0.017313
v -0.000501 0.103660 -0.017095
v -0.000422 0.103660 -0.017060
v -0.013932 0.103660 -0.010233
v -0.013846 0.103660 -0.010229
v -0.014375 0.103660 -0.009742
v -0.002309 0.103660 -0.017295
v -0.002893 0.103660 -0.017122
v -0.010098 0.103660 -0.013757
v -0.010057 0.103660 -0.013833
v -0.003206 0.103660 -0.016738
v -0.015254 0.103660 -0.008473
v -0.014962 0.103660 -0.008978
v -0.015190 0.103660 -0.008414
v -0.014879 0.103660 -0.008953
v -0.014793 0.103660 -0.008943
v -0.014707 0.103660 -0.008947
v -0.014623 0.103660 -0.008966
v 0.017105 0.103660 0.002494
v 0.017178 0.103660 0.002540
v 0.006712 0.103660 0.015930
v -0.010757 0.103660 -0.010454
v -0.000749 0.103660 -0.017433
v -0.000725 0.103660 -0.017350
v -0.000686 0.103660 -0.017273
v -0.003129 0.103660 -0.016776
v -0.014407 0.103660 -0.009105
v 0.007780 0.103660 -0.015618
v -0.010853 0.103660 -0.013663
v -0.010784 0.103660 -0.013610
v -0.011241 0.103660 -0.013132
v -0.011231 0.103660 -0.013046
v -0.014470 0.103660 -0.009046
v 0.006390 0.103660 0.015824
v 0.006304 0.103660 0.015834
v 0.006221 0.103660 0.015858
v 0.006144 0.103660 0.015897
v 0.006074 0.103660 0.015948
v 0.006014 0.103660 0.016010
v -0.013533 0.103660 -0.010359
v -0.014354 0.103660 -0.009173
v -0.013601 0.103660 -0.010307
v -0.014314 0.103660 -0.009250
v -0.014433 0.103660 -0.009806
v -0.014097 0.103660 -0.010283
v -0.014017 0.103660 -0.010251
v -0.012450 0.103660 -0.012226
v -0.012034 0.103660 -0.012635
v -0.004694 0.103660 -0.016384
v -0.004620 0.103660 -0.016428
v -0.003289 0.103660 -0.016714
v -0.010019 0.103660 -0.014087
v -0.010035 0.103660 -0.014172
v -0.009198 0.103660 -0.014418
v -0.010067 0.103660 -0.014252
v -0.009584 0.103660 -0.014581
v -0.009521 0.103660 -0.014522
v -0.009448 0.103660 -0.014476
v -0.009369 0.103660 -0.014442
v -0.009284 0.103660 -0.014423
v 0.007425 0.103660 0.015407
v 0.007384 0.103660 0.015482
v 0.007356 0.103660 0.015564
v 0.016665 0.103660 -0.005170
v 0.005966 0.103660 0.016082
v 0.005314 0.103660 0.016532
v 0.005257 0.103660 0.016468
v 0.005189 0.103660 0.016414
v -0.014288 0.103660 -0.009332
v -0.014276 0.103660 -0.009418
v -0.014279 0.103660 -0.009504
v -0.014297 0.103660 -0.009588
v -0.014330 0.103660 -0.009668
v -0.013678 0.103660 -0.010267
v -0.013760 0.103660 -0.010241
v -0.013427 0.103660 -0.010496
v -0.012703 0.103660 -0.011452
v -0.013474 0.103660 -0.010423
v -0.012623 0.103660 -0.011485
v -0.012550 0.103660 -0.011531
v -0.010540 0.103660 -0.013533
v -0.010454 0.103660 -0.013536
v -0.010369 0.103660 -0.013554
v -0.010289 0.103660 -0.013586
v -0.010216 0.103660 -0.013632
v -0.010151 0.103660 -0.013690
v -0.002999 0.103660 -0.016889
v -0.002950 0.103660 -0.016960
v -0.002914 0.103660 -0.017039
v 0.008716 0.103660 0.014928
v 0.008725 0.103660 0.015014
v 0.008036 0.103660 0.015224
v 0.007954 0.103660 0.015197
v 0.007869 0.103660 0.015185
v 0.007782 0.103660 0.015188
v 0.007698 0.103660 0.015205
v 0.006827 0.103660 0.016058
v 0.006775 0.103660 0.015989
v 0.007344 0.103660 0.015736
v 0.007342 0.103660 0.015649
v -0.011304 0.103660 -0.013292
v -0.011265 0.103660 -0.013215
v -0.013394 0.103660 -0.010575
v -0.013375 0.103660 -0.010659
v -0.013370 0.103660 -0.010746
v -0.012433 0.103660 -0.011657
v -0.012392 0.103660 -0.011733
v -0.011397 0.103660 -0.012661
v -0.011881 0.103660 -0.012556
v -0.012356 0.103660 -0.011987
v -0.011961 0.103660 -0.012589
v -0.012373 0.103660 -0.012072
v -0.012405 0.103660 -0.012152
v -0.014543 0.103660 -0.009000
v -0.003059 0.103660 -0.016827
v -0.010029 0.103660 -0.013915
v -0.010017 0.103660 -0.014001
v 0.008824 0.103660 0.014607
v 0.008776 0.103660 0.014679
v 0.006349 0.103660 -0.016253
v 0.016913 0.103660 0.002037
v 0.014847 0.103660 0.002135
v 0.016931 0.103660 0.001952
v 0.014994 0.103660 0.000428
v 0.016962 0.103660 0.001872
v 0.017008 0.103660 0.001798
v 0.016910 0.103660 0.002123
v 0.016922 0.103660 0.002208
v 0.014507 0.103660 0.003813
v 0.016949 0.103660 0.002291
v 0.016989 0.103660 0.002367
v 0.013978 0.103660 0.005442
v 0.017042 0.103660 0.002435
v 0.013266 0.103660 0.007000
v 0.005931 0.103660 0.016161
v 0.005910 0.103660 0.016245
v 0.005904 0.103660 0.016331
v -0.012873 0.103660 -0.011429
v -0.012787 0.103660 -0.011433
v -0.013405 0.103660 -0.010914
v -0.013380 0.103660 -0.010831
v -0.012486 0.103660 -0.011589
v -0.011797 0.103660 -0.012537
v -0.011711 0.103660 -0.012533
v -0.011625 0.103660 -0.012544
v -0.004555 0.103660 -0.016485
v -0.003461 0.103660 -0.016711
v -0.003375 0.103660 -0.016705
v 0.008883 0.103660 0.014544
v 0.008239 0.103660 0.015381
v 0.008181 0.103660 0.015317
v 0.008113 0.103660 0.015264
v 0.007617 0.103660 0.015237
v 0.007544 0.103660 0.015282
v 0.007479 0.103660 0.015339
v 0.006639 0.103660 0.015883
v 0.008817 0.103660 0.012135
v 0.006560 0.103660 0.015849
v 0.006476 0.103660 0.015829
v -0.012365 0.103660 -0.011815
v -0.012353 0.103660 -0.011901
v -0.011466 0.103660 -0.012609
v -0.011542 0.103660 -0.012570
v -0.008883 0.103660 -0.014544
v -0.007954 0.103660 -0.015197
v -0.008953 0.103660 -0.014493
v -0.007869 0.103660 -0.015185
v -0.007782 0.103660 -0.015188
v -0.009112 0.103660 -0.014429
v -0.009030 0.103660 -0.014454
v -0.004500 0.103660 -0.016552
v -0.004458 0.103660 -0.016627
v -0.004430 0.103660 -0.016709
v 0.009448 0.103660 0.014476
v 0.009369 0.103660 0.014442
v 0.008742 0.103660 0.014758
v 0.008721 0.103660 0.014842
v 0.010143 0.103660 0.011051
v 0.011336 0.103660 0.009823
v 0.012382 0.103660 0.008467
v -0.013495 0.103660 -0.011060
v -0.013118 0.103660 -0.011506
v -0.013444 0.103660 -0.010991
v -0.013041 0.103660 -0.011466
v -0.012959 0.103660 -0.011440
v -0.011338 0.103660 -0.012724
v -0.010625 0.103660 -0.013544
v -0.011290 0.103660 -0.012797
v -0.010708 0.103660 -0.013570
v -0.011256 0.103660 -0.012876
v -0.011236 0.103660 -0.012960
v -0.006639 0.103660 -0.015883
v -0.006560 0.103660 -0.015849
v -0.007344 0.103660 -0.015736
v -0.006476 0.103660 -0.015829
v -0.007342 0.103660 -0.015649
v -0.008824 0.103660 -0.014607
v -0.008776 0.103660 -0.014679
v -0.008742 0.103660 -0.014758
v -0.008113 0.103660 -0.015264
v -0.008716 0.103660 -0.014928
v -0.008725 0.103660 -0.015014
v -0.008721 0.103660 -0.014842
v -0.008036 0.103660 -0.015224
v -0.004416 0.103660 -0.016794
v -0.003759 0.103660 -0.016873
v -0.003697 0.103660 -0.016813
v 0.010067 0.103660 0.014252
v 0.009584 0.103660 0.014581
v 0.010035 0.103660 0.014172
v 0.009284 0.103660 0.014423
v 0.009198 0.103660 0.014418
v 0.009112 0.103660 0.014429
v 0.009030 0.103660 0.014454
v 0.008953 0.103660 0.014493
v -0.000083 0.103660 -0.017065
v -0.000005 0.103660 -0.017103
v 0.000065 0.103660 -0.017153
v 0.017376 0.103660 0.001598
v 0.017290 0.103660 0.001611
v 0.017337 0.103660 0.000990
v 0.017208 0.103660 0.001639
v 0.017260 0.103660 0.000950
v 0.017191 0.103660 0.000898
v -0.007698 0.103660 -0.015205
v -0.007617 0.103660 -0.015237
v -0.004859 0.103660 -0.016335
v -0.005912 0.103660 -0.016417
v -0.005360 0.103660 -0.016605
v -0.005904 0.103660 -0.016331
v -0.006390 0.103660 -0.015824
v -0.006304 0.103660 -0.015834
v -0.006221 0.103660 -0.015858
v 0.017133 0.103660 0.001680
v 0.017065 0.103660 0.001734
v -0.004774 0.103660 -0.016352
v -0.005910 0.103660 -0.016245
v -0.005314 0.103660 -0.016532
v -0.005931 0.103660 -0.016161
v -0.006144 0.103660 -0.015897
v -0.006074 0.103660 -0.015948
v -0.005257 0.103660 -0.016468
v -0.006014 0.103660 -0.016010
v -0.005966 0.103660 -0.016082
v -0.007544 0.103660 -0.015282
v -0.007479 0.103660 -0.015339
v -0.007425 0.103660 -0.015407
v -0.006827 0.103660 -0.016058
v -0.006775 0.103660 -0.015989
v -0.006712 0.103660 -0.015930
v -0.005189 0.103660 -0.016414
v -0.005113 0.103660 -0.016373
v -0.005031 0.103660 -0.016346
v -0.004945 0.103660 -0.016333
v -0.003625 0.103660 -0.016766
v -0.003545 0.103660 -0.016731
v 0.011304 0.103660 0.013292
v 0.010853 0.103660 0.013663
v 0.011265 0.103660 0.013215
v 0.000126 0.103660 -0.017214
v 0.001109 0.103660 -0.017029
v 0.000175 0.103660 -0.017285
v 0.001033 0.103660 -0.017071
v 0.000211 0.103660 -0.017364
v 0.000966 0.103660 -0.017126
v 0.000910 0.103660 -0.017191
v 0.016539 0.103660 -0.004208
v 0.016537 0.103660 -0.004121
v 0.014266 0.103660 -0.004635
v 0.017027 0.103660 0.000512
v 0.017032 0.103660 0.000599
v -0.007384 0.103660 -0.015482
v -0.007356 0.103660 -0.015564
v -0.008749 0.103660 -0.015097
v -0.008239 0.103660 -0.015381
v -0.008181 0.103660 -0.015317
v -0.004417 0.103660 -0.016881
v -0.003850 0.103660 -0.017019
v -0.003811 0.103660 -0.016942
v 0.010708 0.103660 0.013570
v 0.010625 0.103660 0.013544
v 0.010540 0.103660 0.013533
v 0.010454 0.103660 0.013536
v 0.010369 0.103660 0.013554
v 0.010289 0.103660 0.013586
v 0.010216 0.103660 0.013632
v 0.010019 0.103660 0.014087
v 0.009521 0.103660 0.014522
v 0.010017 0.103660 0.014001
v 0.010029 0.103660 0.013915
v 0.000816 0.103660 -0.017430
v 0.000833 0.103660 -0.017345
v 0.000865 0.103660 -0.017265
v 0.001362 0.103660 -0.016988
v 0.001447 0.103660 -0.017004
v 0.001710 0.103660 -0.014902
v 0.017052 0.103660 0.000683
v 0.017086 0.103660 0.000762
v 0.017133 0.103660 0.000835
v 0.010151 0.103660 0.013690
v 0.010098 0.103660 0.013757
v 0.010057 0.103660 0.013833
v 0.001191 0.103660 -0.017001
v 0.001276 0.103660 -0.016987
v 0.002631 0.103660 -0.016861
v 0.002560 0.103660 -0.016910
v 0.002498 0.103660 -0.016970
v 0.014701 0.103660 -0.002979
v 0.016550 0.103660 -0.004036
v 0.016578 0.103660 -0.003954
v 0.017007 0.103660 -0.001102
v 0.017005 0.103660 -0.001016
v 0.014945 0.103660 -0.001284
v 0.017017 0.103660 -0.000931
v 0.017044 0.103660 -0.000849
v 0.017286 0.103660 0.000089
v 0.017214 0.103660 0.000137
v 0.017152 0.103660 0.000197
v 0.013495 0.103660 0.011060
v 0.013118 0.103660 0.011506
v 0.013444 0.103660 0.010991
v 0.017024 0.103660 -0.002999
v 0.016962 0.103660 -0.002939
v 0.016911 0.103660 -0.002869
v 0.016873 0.103660 -0.002791
v 0.016849 0.103660 -0.002708
v 0.017085 0.103660 -0.000772
v 0.017138 0.103660 -0.000704
v 0.017203 0.103660 -0.000647
v 0.017101 0.103660 0.000267
v 0.017062 0.103660 0.000344
v 0.017037 0.103660 0.000427
v 0.012959 0.103660 0.011440
v 0.012873 0.103660 0.011429
v 0.016687 0.103660 0.003462
v 0.011711 0.103660 0.012533
v 0.011625 0.103660 0.012544
v 0.011542 0.103660 0.012570
v 0.011466 0.103660 0.012609
v 0.001668 0.103660 -0.017134
v 0.001602 0.103660 -0.017078
v 0.001528 0.103660 -0.017034
v 0.001724 0.103660 -0.017200
v 0.001767 0.103660 -0.017275
v 0.002447 0.103660 -0.017040
v 0.016840 0.103660 -0.002622
v 0.016845 0.103660 -0.002536
v 0.016865 0.103660 -0.002452
v 0.017056 0.103660 -0.001267
v 0.017024 0.103660 -0.001187
v 0.017449 0.103660 0.000034
v 0.017365 0.103660 0.000054
v 0.017356 0.103660 -0.000568
v 0.017276 0.103660 -0.000601
v 0.011256 0.103660 0.012876
v 0.011236 0.103660 0.012960
v 0.011231 0.103660 0.013046
v 0.011241 0.103660 0.013132
v 0.010784 0.103660 0.013610
v 0.002710 0.103660 -0.016826
v 0.002793 0.103660 -0.016804
v 0.003397 0.103660 -0.014610
v 0.002879 0.103660 -0.016798
v 0.002965 0.103660 -0.016806
v 0.015522 0.103660 -0.007093
v 0.015535 0.103660 -0.007008
v 0.015304 0.103660 -0.008037
v 0.017062 0.103660 -0.003655
v 0.017174 0.103660 -0.003083
v 0.016619 0.103660 -0.003878
v 0.016673 0.103660 -0.003811
v 0.017096 0.103660 -0.003047
v 0.016737 0.103660 -0.003753
v 0.016900 0.103660 -0.002373
v 0.017224 0.103660 -0.001460
v 0.017157 0.103660 -0.001406
v 0.017100 0.103660 -0.001341
v 0.012787 0.103660 0.011433
v 0.012703 0.103660 0.011452
v 0.012623 0.103660 0.011485
v 0.012433 0.103660 0.011657
v 0.016726 0.103660 0.003385
v 0.012486 0.103660 0.011589
v 0.012550 0.103660 0.011531
v 0.012392 0.103660 0.011733
v 0.012365 0.103660 0.011815
v 0.011881 0.103660 0.012556
v 0.012353 0.103660 0.011901
v 0.012356 0.103660 0.011987
v 0.012034 0.103660 0.012635
v 0.011961 0.103660 0.012589
v 0.012405 0.103660 0.012152
v 0.012373 0.103660 0.012072
v 0.011397 0.103660 0.012661
v 0.011338 0.103660 0.012724
v 0.011290 0.103660 0.012797
v 0.002376 0.103660 -0.017286
v 0.002385 0.103660 -0.017201
v 0.002409 0.103660 -0.017118
v 0.003049 0.103660 -0.016829
v 0.003127 0.103660 -0.016866
v 0.003197 0.103660 -0.016915
v 0.005919 0.103660 -0.016006
v 0.016127 0.103660 -0.005842
v 0.016104 0.103660 -0.005759
v 0.013644 0.103660 -0.006231
v 0.012845 0.103660 -0.007746
v 0.016687 0.103660 -0.004513
v 0.016630 0.103660 -0.004447
v 0.016586 0.103660 -0.004373
v 0.016555 0.103660 -0.004292
v 0.016811 0.103660 -0.003708
v 0.016891 0.103660 -0.003676
v 0.016975 0.103660 -0.003658
v 0.016947 0.103660 -0.002301
v 0.017006 0.103660 -0.002238
v 0.017075 0.103660 -0.002186
v 0.017258 0.103660 0.002573
v 0.017162 0.103660 0.003149
v 0.017076 0.103660 0.003154
v 0.016992 0.103660 0.003174
v 0.016913 0.103660 0.003209
v 0.011797 0.103660 0.012537
v 0.004374 0.103660 -0.016472
v 0.005041 0.103660 -0.014128
v 0.004288 0.103660 -0.016486
v 0.004207 0.103660 -0.016515
v 0.003258 0.103660 -0.016976
v 0.016095 0.103660 -0.005673
v 0.016101 0.103660 -0.005587
v 0.016122 0.103660 -0.005503
v 0.017382 0.103660 -0.001531
v 0.017300 0.103660 -0.001502
v 0.017235 0.103660 -0.002122
v 0.017152 0.103660 -0.002147
v 0.016841 0.103660 0.003256
v 0.016778 0.103660 0.003316
v 0.003308 0.103660 -0.017047
v 0.004065 0.103660 -0.016612
v 0.004132 0.103660 -0.016558
v 0.003934 0.103660 -0.016833
v 0.003964 0.103660 -0.016752
v 0.004009 0.103660 -0.016678
v 0.006088 0.103660 -0.016036
v 0.014848 0.103660 -0.008711
v 0.006005 0.103660 -0.016014
v 0.016829 0.103660 -0.004610
v 0.016754 0.103660 -0.004567
v 0.016579 0.103660 -0.005165
v 0.016493 0.103660 -0.005175
v 0.016411 0.103660 -0.005200
v 0.013375 0.103660 0.010659
v 0.013370 0.103660 0.010746
v 0.013380 0.103660 0.010831
v 0.013405 0.103660 0.010914
v 0.013041 0.103660 0.011466
v 0.003345 0.103660 -0.017125
v 0.003915 0.103660 -0.017004
v 0.003917 0.103660 -0.016918
v 0.005418 0.103660 -0.016498
v 0.004626 0.103660 -0.016517
v 0.004701 0.103660 -0.016561
v 0.005538 0.103660 -0.016181
v 0.005599 0.103660 -0.016121
v 0.006618 0.103660 -0.013461
v 0.005671 0.103660 -0.016072
v 0.005749 0.103660 -0.016036
v 0.010757 0.103660 -0.010454
v 0.009495 0.103660 -0.011612
v 0.014433 0.103660 0.009806
v 0.014097 0.103660 0.010283
v 0.014375 0.103660 0.009742
v 0.013846 0.103660 0.010229
v 0.013760 0.103660 0.010241
v 0.013678 0.103660 0.010267
v 0.013601 0.103660 0.010307
v 0.013533 0.103660 0.010359
v 0.004866 0.103660 -0.016757
v 0.005424 0.103660 -0.016584
v 0.016204 0.103660 -0.005352
v 0.016264 0.103660 -0.005290
v 0.016333 0.103660 -0.005239
v 0.005833 0.103660 -0.016014
v 0.008110 0.103660 -0.012619
v 0.015165 0.103660 0.007777
v 0.015119 0.103660 0.007850
v 0.015736 0.103660 0.006545
v 0.013474 0.103660 0.010423
v 0.013427 0.103660 0.010496
v 0.013394 0.103660 0.010575
v 0.004767 0.103660 -0.016616
v 0.004823 0.103660 -0.016682
v 0.005427 0.103660 -0.016412
v 0.005450 0.103660 -0.016329
v 0.005488 0.103660 -0.016251
v 0.004545 0.103660 -0.016488
v 0.004460 0.103660 -0.016472
v 0.008298 0.103660 -0.015349
v 0.008277 0.103660 -0.015266
v 0.007724 0.103660 -0.015553
v 0.008270 0.103660 -0.015180
v 0.008278 0.103660 -0.015094
v 0.014825 0.103660 -0.008628
v 0.014817 0.103660 -0.008542
v 0.014823 0.103660 -0.008456
v 0.015659 0.103660 -0.006783
v 0.015724 0.103660 -0.006726
v 0.015798 0.103660 -0.006682
v 0.015878 0.103660 -0.006650
v 0.015963 0.103660 -0.006633
v 0.016049 0.103660 -0.006630
v 0.016165 0.103660 -0.005920
v 0.015474 0.103660 -0.008062
v 0.015735 0.103660 -0.007540
v 0.015390 0.103660 -0.008042
v 0.014330 0.103660 0.009668
v 0.014017 0.103660 0.010251
v 0.014297 0.103660 0.009588
v 0.006237 0.103660 -0.016122
v 0.007088 0.103660 -0.015499
v 0.006166 0.103660 -0.016072
v 0.015605 0.103660 -0.006851
v 0.015563 0.103660 -0.006926
v 0.015613 0.103660 -0.007420
v 0.015569 0.103660 -0.007345
v 0.016156 0.103660 -0.005424
v 0.011879 0.103660 -0.009160
v 0.014314 0.103660 0.009250
v 0.014288 0.103660 0.009332
v 0.013932 0.103660 0.010233
v 0.014276 0.103660 0.009418
v 0.014279 0.103660 0.009504
v 0.014623 0.103660 0.008966
v 0.014543 0.103660 0.009000
v 0.014470 0.103660 0.009046
v 0.014407 0.103660 0.009105
v 0.006892 0.103660 -0.015775
v 0.006922 0.103660 -0.015694
v 0.006299 0.103660 -0.016182
v 0.006966 0.103660 -0.015620
v 0.007022 0.103660 -0.015554
v 0.006889 0.103660 -0.016031
v 0.006875 0.103660 -0.015946
v 0.006876 0.103660 -0.015860
v 0.016348 0.103660 -0.006100
v 0.016277 0.103660 -0.006051
v 0.016215 0.103660 -0.005990
v 0.014988 0.103660 -0.008160
v 0.015058 0.103660 -0.008109
v 0.015136 0.103660 -0.008071
v 0.015218 0.103660 -0.008047
v 0.015254 0.103660 0.008473
v 0.014962 0.103660 0.008978
v 0.015190 0.103660 0.008414
v 0.015762 0.103660 0.006463
v 0.014354 0.103660 0.009173
v 0.014136 0.103660 -0.010229
v 0.014081 0.103660 -0.010163
v 0.013707 0.103660 -0.010661
v 0.014037 0.103660 -0.010088
v 0.013623 0.103660 -0.010641
v 0.013537 0.103660 -0.010635
v 0.014007 0.103660 -0.010007
v 0.013992 0.103660 -0.009922
v 0.013991 0.103660 -0.009836
v 0.014844 0.103660 -0.008372
v 0.014880 0.103660 -0.008293
v 0.014928 0.103660 -0.008222
v 0.015539 0.103660 -0.007264
v 0.015523 0.103660 -0.007179
v 0.007245 0.103660 -0.015426
v 0.007330 0.103660 -0.015411
v 0.013075 0.103660 -0.010967
v 0.010848 0.103660 -0.013459
v 0.010840 0.103660 -0.013373
v 0.010377 0.103660 -0.013924
v 0.013111 0.103660 -0.010888
v 0.014436 0.103660 -0.009378
v 0.014522 0.103660 -0.009377
v 0.014608 0.103660 -0.009390
v 0.014885 0.103660 -0.008789
v 0.014689 0.103660 -0.009417
v 0.014996 0.103660 -0.008921
v 0.014935 0.103660 -0.008860
v 0.015669 0.103660 -0.007485
v 0.015063 0.103660 0.008100
v 0.015074 0.103660 0.008186
v 0.014793 0.103660 0.008943
v 0.015099 0.103660 0.008268
v 0.015139 0.103660 0.008345
v 0.014879 0.103660 0.008953
v 0.007163 0.103660 -0.015456
v 0.012203 0.103660 -0.011897
v 0.012277 0.103660 -0.011853
v 0.013076 0.103660 -0.011306
v 0.012358 0.103660 -0.011823
v 0.012443 0.103660 -0.011807
v 0.014196 0.103660 -0.009470
v 0.014271 0.103660 -0.009426
v 0.014351 0.103660 -0.009395
v 0.014006 0.103660 -0.009751
v 0.014034 0.103660 -0.009669
v 0.013451 0.103660 -0.010644
v 0.014077 0.103660 -0.009594
v 0.013368 0.103660 -0.010667
v 0.016152 0.103660 0.006158
v 0.016068 0.103660 0.006177
v 0.016259 0.103660 0.005108
v 0.015989 0.103660 0.006211
v 0.015725 0.103660 0.006631
v 0.015728 0.103660 0.006717
v 0.015535 0.103660 0.007581
v 0.015747 0.103660 0.006801
v 0.015780 0.103660 0.006881
v 0.015450 0.103660 0.007593
v 0.015368 0.103660 0.007619
v 0.015291 0.103660 0.007660
v 0.015223 0.103660 0.007713
v 0.007416 0.103660 -0.015411
v 0.007501 0.103660 -0.015426
v 0.007582 0.103660 -0.015455
v 0.012529 0.103660 -0.011805
v 0.012615 0.103660 -0.011819
v 0.012696 0.103660 -0.011847
v 0.011335 0.103660 -0.012874
v 0.012010 0.103660 -0.012176
v 0.011249 0.103660 -0.012883
v 0.011165 0.103660 -0.012906
v 0.011421 0.103660 -0.012881
v 0.011504 0.103660 -0.012902
v 0.011995 0.103660 -0.012261
v 0.016356 0.103660 0.004871
v 0.016310 0.103660 0.004944
v 0.016662 0.103660 0.003545
v 0.016277 0.103660 0.005024
v 0.015916 0.103660 0.006258
v 0.015853 0.103660 0.006317
v 0.015801 0.103660 0.006386
v 0.010444 0.103660 -0.013978
v 0.010905 0.103660 -0.013621
v 0.010869 0.103660 -0.013543
v 0.012083 0.103660 -0.012589
v 0.012040 0.103660 -0.012514
v 0.011583 0.103660 -0.012937
v 0.012010 0.103660 -0.012432
v 0.011995 0.103660 -0.012347
v 0.012039 0.103660 -0.012095
v 0.012082 0.103660 -0.012020
v 0.012137 0.103660 -0.011953
v 0.014131 0.103660 -0.009527
v 0.016639 0.103660 0.004685
v 0.016557 0.103660 0.004712
v 0.016652 0.103660 0.003630
v 0.016481 0.103660 0.004753
v 0.016413 0.103660 0.004806
v 0.014707 0.103660 0.008947
v 0.015086 0.103660 0.007929
v 0.015067 0.103660 0.008014
v 0.016521 0.103660 0.005613
v 0.016324 0.103660 0.006163
v 0.015706 0.103660 0.007601
v 0.015622 0.103660 0.007583
v 0.015884 0.103660 0.007018
v 0.015826 0.103660 0.006954
v 0.012772 0.103660 -0.011889
v 0.013162 0.103660 -0.011455
v 0.013113 0.103660 -0.011384
v 0.013053 0.103660 -0.011050
v 0.013046 0.103660 -0.011136
v 0.013054 0.103660 -0.011222
v 0.013160 0.103660 -0.010817
v 0.013220 0.103660 -0.010755
v 0.013290 0.103660 -0.010705
v 0.009964 0.103660 -0.013855
v 0.010049 0.103660 -0.013839
v 0.009613 0.103660 -0.014206
v 0.009643 0.103660 -0.014125
v 0.008937 0.103660 -0.014713
v 0.016656 0.103660 0.003716
v 0.016675 0.103660 0.003801
v 0.016725 0.103660 0.004672
v 0.016708 0.103660 0.003880
v 0.016256 0.103660 0.005195
v 0.016267 0.103660 0.005280
v 0.016239 0.103660 0.006153
v 0.016293 0.103660 0.005362
v 0.009149 0.103660 -0.014858
v 0.009641 0.103660 -0.014544
v 0.009087 0.103660 -0.014798
v 0.009016 0.103660 -0.014749
v 0.016958 0.103660 0.004110
v 0.016811 0.103660 0.004674
v 0.016333 0.103660 0.005439
v 0.016385 0.103660 0.005508
v 0.016449 0.103660 0.005566
v 0.008598 0.103660 -0.014715
v 0.008682 0.103660 -0.014692
v 0.010907 0.103660 -0.013125
v 0.010135 0.103660 -0.013839
v 0.009612 0.103660 -0.014462
v 0.009597 0.103660 -0.014377
v 0.009598 0.103660 -0.014291
v 0.016755 0.103660 0.003953
v 0.016813 0.103660 0.004017
v 0.016882 0.103660 0.004070
v 0.008301 0.103660 -0.015010
v 0.008338 0.103660 -0.014932
v 0.007657 0.103660 -0.015498
v 0.008388 0.103660 -0.014862
v 0.008449 0.103660 -0.014801
v 0.008520 0.103660 -0.014751
v 0.009742 0.103660 -0.013984
v 0.009808 0.103660 -0.013928
v 0.009883 0.103660 -0.013885
v 0.010956 0.103660 -0.013054
v 0.011017 0.103660 -0.012993
v 0.011087 0.103660 -0.012943
v 0.010220 0.103660 -0.013853
v 0.010302 0.103660 -0.013881
v 0.010870 0.103660 -0.013204
v 0.010848 0.103660 -0.013287
v 0.009686 0.103660 -0.014050
v 0.008854 0.103660 -0.014691
v 0.008768 0.103660 -0.014684
v -0.000000 0.114000 -0.015000
v -0.000000 0.103660 -0.015000
v 0.001710 0.114000 -0.014902
v 0.003397 0.114000 -0.014610
v 0.005041 0.114000 -0.014128
v 0.006618 0.114000 -0.013461
v 0.008110 0.114000 -0.012619
v 0.009495 0.114000 -0.011612
v 0.010757 0.114000 -0.010454
v 0.011879 0.114000 -0.009160
v 0.012845 0.114000 -0.007746
v 0.013644 0.114000 -0.006231
v 0.014266 0.114000 -0.004635
v 0.014701 0.114000 -0.002979
v 0.014945 0.114000 -0.001284
v 0.014994 0.114000 0.000428
v 0.014847 0.114000 0.002135
v 0.014507 0.114000 0.003813
v 0.013978 0.114000 0.005442
v 0.013266 0.114000 0.007000
v 0.012382 0.114000 0.008467
v 0.011336 0.114000 0.009823
v 0.010143 0.114000 0.011051
v 0.008817 0.114000 0.012135
v 0.007376 0.114000 0.013061
v 0.005839 0.114000 0.013817
v 0.004226 0.114000 0.014392
v 0.002558 0.114000 0.014780
v 0.000856 0.114000 0.014976
v 0.000000 0.114000 0.015000
v 0.000000 0.103660 0.015000
v -0.000856 0.114000 0.014976
v -0.002558 0.114000 0.014780
v -0.004226 0.114000 0.014392
v -0.005839 0.114000 0.013817
v -0.007376 0.114000 0.013061
v -0.008817 0.114000 0.012135
v -0.010143 0.114000 0.011051
v -0.011336 0.114000 0.009823
v -0.012382 0.114000 0.008467
v -0.013266 0.114000 0.007000
v -0.013978 0.114000 0.005442
v -0.014507 0.114000 0.003813
v -0.014847 0.114000 0.002135
v -0.014994 0.114000 0.000428
v -0.014945 0.114000 -0.001284
v -0.014701 0.114000 -0.002979
v -0.014266 0.114000 -0.004635
v -0.013644 0.114000 -0.006231
v -0.012845 0.114000 -0.007746
v -0.011879 0.114000 -0.009160
v -0.010757 0.114000 -0.010454
v -0.009495 0.114000 -0.011612
v -0.008110 0.114000 -0.012619
v -0.006618 0.114000 -0.013461
v -0.005041 0.114000 -0.014128
v -0.003397 0.114000 -0.014610
v -0.001710 0.114000 -0.014902
v 0.000000 0.114000 0.015000
v 0.000000 0.114000 -0.000000
v 0.000000 0.114000 -0.015000
vn -0.9678 -0.0000 -0.2517
vn -0.9865 -0.0000 -0.1640
vn -0.9972 -0.0000 -0.0749
vn -0.9999 -0.0000 0.0148
vn -0.9945 -0.0000 0.1044
vn -0.9812 -0.0000 0.1931
vn -0.9599 -0.0000 0.2803
vn -0.9309 -0.0000 0.3652
vn -0.8945 -0.0000 0.4472
vn -0.8508 -0.0000 0.5255
vn -0.8002 -0.0000 0.5997
vn -0.7433 -0.0000 0.6690
vn -0.6803 -0.0000 0.7329
vn -0.6119 -0.0000 0.7910
vn -0.5385 -0.0000 0.8426
vn -0.4608 -0.0000 0.8875
vn -0.3794 -0.0000 0.9252
vn -0.2949 -0.0000 0.9555
vn -0.2081 -0.0000 0.9781
vn -0.1196 -0.0000 0.9928
vn -0.0301 -0.0000 0.9995
vn 0.0596 -0.0000 0.9982
vn 0.1489 -0.0000 0.9889
vn 0.2369 -0.0000 0.9715
vn 0.3231 -0.0000 0.9464
vn 0.4066 -0.0000 0.9136
vn 0.4868 -0.0000 0.8735
vn 0.5632 -0.0000 0.8263
vn 0.6350 -0.0000 0.7725
vn 0.7017 -0.0000 0.7125
vn 0.7627 -0.0000 0.6467
vn 0.8176 -0.0000 0.5758
vn 0.8176 -0.0000 0.5757
vn 0.8659 -0.0000 0.5001
vn 0.9073 -0.0000 0.4205
vn 0.9413 -0.0000 0.3375
vn 0.9678 -0.0000 0.2517
vn 0.9865 -0.0000 0.1640
vn 0.9972 -0.0000 0.0749
vn 0.9999 -0.0000 -0.0148
vn 0.9945 -0.0000 -0.1044
vn 0.9812 -0.0000 -0.1931
vn 0.9599 -0.0000 -0.2803
vn 0.9309 -0.0000 -0.3652
vn 0.8945 -0.0000 -0.4472
vn 0.8508 -0.0000 -0.5255
vn 0.8002 -0.0000 -0.5997
vn 0.7433 -0.0000 -0.6690
vn 0.6803 -0.0000 -0.7329
vn 0.6119 -0.0000 -0.7910
vn 0.5385 -0.0000 -0.8426
vn 0.4608 -0.0000 -0.8875
vn 0.3794 -0.0000 -0.9252
vn 0.2949 -0.0000 -0.9555
vn 0.2081 -0.0000 -0.9781
vn 0.1196 -0.0000 -0.9928
vn 0.0301 -0.0000 -0.9995
vn -0.0596 -0.0000 -0.9982
vn -0.1489 -0.0000 -0.9889
vn -0.2369 -0.0000 -0.9715
vn -0.3231 -0.0000 -0.9464
vn -0.4066 -0.0000 -0.9136
vn -0.4868 -0.0000 -0.8735
vn -0.5632 -0.0000 -0.8263
vn -0.6350 -0.0000 -0.7725
vn -0.7017 -0.0000 -0.7125
vn -0.9413 -0.0000 -0.3375
vn -0.9073 -0.0000 -0.4205
vn -0.8659 -0.0000 -0.5001
vn -0.8176 -0.0000 -0.5758
vn -0.8176 -0.0000 -0.5757
vn -0.7627 -0.0000 -0.6467
vn -0.0000 1.0000 -0.0000
vn -0.0000 -1.0000 -0.0000
vn 0.0001 -1.0000 -0.0000
vn -0.0001 -1.0000 -0.0000
vn -0.0004 -1.0000 -0.0000
vn -0.0002 -1.0000 -0.0000
vn 0.0002 -1.0000 -0.0000
vn 0.0007 -1.0000 -0.0000
vn -0.0007 -1.0000 -0.0000
vn -0.0006 -1.0000 -0.0000
vn -0.0015 -1.0000 -0.0000
vn -0.0571 -0.0000 0.9984
vn -0.1705 -0.0000 0.9854
vn -0.2817 -0.0000 0.9595
vn -0.3893 -0.0000 0.9211
vn -0.4917 -0.0000 0.8707
vn -0.5878 -0.0000 0.8090
vn -0.6762 -0.0000 0.7367
vn -0.7557 -0.0000 0.6549
vn -0.8255 -0.0000 0.5644
vn -0.8844 -0.0000 0.4667
vn -0.9319 -0.0000 0.3628
vn -0.9671 -0.0000 0.2542
vn -0.9898 -0.0000 0.1423
vn -0.9996 -0.0000 0.0286
vn -0.9963 -0.0000 -0.0856
vn -0.9801 -0.0000 -0.1986
vn -0.9511 -0.0000 -0.3090
vn -0.9096 -0.0000 -0.4154
vn -0.8563 -0.0000 -0.5164
vn -0.7919 -0.0000 -0.6106
vn -0.7171 -0.0000 -0.6969
vn -0.6330 -0.0000 -0.7741
vn -0.5406 -0.0000 -0.8413
vn -0.4412 -0.0000 -0.8974
vn -0.3360 -0.0000 -0.9418
vn -0.2265 -0.0000 -0.9740
vn -0.1140 -0.0000 -0.9935
vn -0.0286 -0.0000 -0.9996
vn 0.0286 -0.0000 -0.9996
vn 0.1140 -0.0000 -0.9935
vn 0.2265 -0.0000 -0.9740
vn 0.3360 -0.0000 -0.9418
vn 0.4412 -0.0000 -0.8974
vn 0.5406 -0.0000 -0.8413
vn 0.6330 -0.0000 -0.7741
vn 0.7171 -0.0000 -0.6969
vn 0.7919 -0.0000 -0.6106
vn 0.8563 -0.0000 -0.5164
vn 0.9096 -0.0000 -0.4154
vn 0.9511 -0.0000 -0.3090
vn 0.9801 -0.0000 -0.1986
vn 0.9963 -0.0000 -0.0856
vn 0.9996 -0.0000 0.0286
vn 0.9898 -0.0000 0.1423
vn 0.9671 -0.0000 0.2542
vn 0.9319 -0.0000 0.3628
vn 0.8844 -0.0000 0.4667
vn 0.8255 -0.0000 0.5644
vn 0.7557 -0.0000 0.6549
vn 0.6762 -0.0000 0.7367
vn 0.5878 -0.0000 0.8090
vn 0.4917 -0.0000 0.8707
vn 0.3893 -0.0000 0.9211
vn 0.2817 -0.0000 0.9595
vn 0.1705 -0.0000 0.9854
vn 0.0571 -0.0000 0.9984
vn -0.7505 -0.0000 0.6608
vn -0.8531 -0.0000 0.5218
vn -0.9301 -0.0000 0.3672
vn -0.9795 -0.0000 0.2016
vn -0.9795 -0.0000 0.2017
vn -0.9995 -0.0000 0.0301
vn -0.9898 -0.0000 -0.1424
vn -0.9898 -0.0000 -0.1423
vn -0.9506 -0.0000 -0.3105
vn -0.9506 -0.0000 -0.3106
vn -0.8829 -0.0000 -0.4695
vn -0.7890 -0.0000 -0.6144
vn -0.7890 -0.0000 -0.6145
vn -0.6715 -0.0000 -0.7410
vn -0.6714 -0.0000 -0.7411
vn -0.5339 -0.0000 -0.8455
vn -0.3804 -0.0000 -0.9248
vn -0.2156 -0.0000 -0.9765
vn -0.0444 -0.0000 -0.9990
vn 0.1282 -0.0000 -0.9917
vn 0.2970 -0.0000 -0.9549
vn 0.4569 -0.0000 -0.8895
vn 0.6031 -0.0000 -0.7976
vn -0.6883 -0.0000 0.7254
vn -0.8029 -0.0000 0.5961
vn -0.8029 -0.0000 0.5962
vn -0.8935 -0.0000 0.4491
vn -0.9574 -0.0000 0.2887
vn -0.9928 -0.0000 0.1196
vn -0.9986 -0.0000 -0.0531
vn -0.9746 -0.0000 -0.2241
vn -0.9215 -0.0000 -0.3885
vn -0.8408 -0.0000 -0.5413
vn -0.8409 -0.0000 -0.5412
vn -0.7352 -0.0000 -0.6779
vn -0.6075 -0.0000 -0.7943
vn -0.6076 -0.0000 -0.7943
vn -0.4618 -0.0000 -0.8870
vn -0.3023 -0.0000 -0.9532
vn -0.1337 -0.0000 -0.9910
vn 0.0388 -0.0000 -0.9992
vn 0.2102 -0.0000 -0.9777
vn 0.3753 -0.0000 -0.9269
vn 0.5292 -0.0000 -0.8485
vn -0.6205 -0.0000 0.7842
vn -0.7462 -0.0000 0.6657
vn -0.8496 -0.0000 0.5274
vn -0.9277 -0.0000 0.3733
vn -0.9781 -0.0000 0.2081
vn -0.9993 -0.0000 0.0367
vn -0.9907 -0.0000 -0.1358
vn -0.9907 -0.0000 -0.1359
vn -0.9526 -0.0000 -0.3043
vn -0.8860 -0.0000 -0.4637
vn -0.7930 -0.0000 -0.6093
vn -0.7930 -0.0000 -0.6092
vn -0.6763 -0.0000 -0.7366
vn -0.5394 -0.0000 -0.8420
vn -0.3865 -0.0000 -0.9223
vn -0.2220 -0.0000 -0.9750
vn -0.0509 -0.0000 -0.9987
vn 0.1217 -0.0000 -0.9926
vn 0.2907 -0.0000 -0.9568
vn 0.4510 -0.0000 -0.8925
vn -0.5477 -0.0000 0.8367
vn -0.6835 -0.0000 0.7299
vn -0.7989 -0.0000 0.6014
vn -0.8905 -0.0000 0.4550
vn -0.8905 -0.0000 0.4549
vn -0.9555 -0.0000 0.2949
vn -0.9920 -0.0000 0.1261
vn -0.9989 -0.0000 -0.0465
vn -0.9760 -0.0000 -0.2177
vn -0.9240 -0.0000 -0.3824
vn -0.8444 -0.0000 -0.5357
vn -0.7396 -0.0000 -0.6730
vn -0.6128 -0.0000 -0.7903
vn -0.4676 -0.0000 -0.8839
vn -0.3085 -0.0000 -0.9512
vn -0.1402 -0.0000 -0.9901
vn 0.0322 -0.0000 -0.9995
vn 0.2038 -0.0000 -0.9790
vn 0.3692 -0.0000 -0.9293
vn -0.4705 -0.0000 0.8824
vn -0.6153 -0.0000 0.7883
vn -0.7418 -0.0000 0.6706
vn -0.8461 -0.0000 0.5329
vn -0.8461 -0.0000 0.5330
vn -0.9252 -0.0000 0.3794
vn -0.9767 -0.0000 0.2145
vn -0.9991 -0.0000 0.0432
vn -0.9916 -0.0000 -0.1293
vn -0.9545 -0.0000 -0.2981
vn -0.9546 -0.0000 -0.2980
vn -0.8890 -0.0000 -0.4579
vn -0.8890 -0.0000 -0.4578
vn -0.7970 -0.0000 -0.6040
vn -0.6811 -0.0000 -0.7322
vn -0.5450 -0.0000 -0.8385
vn -0.3925 -0.0000 -0.9197
vn -0.3926 -0.0000 -0.9197
vn -0.2284 -0.0000 -0.9736
vn -0.0575 -0.0000 -0.9983
vn 0.1152 -0.0000 -0.9933
vn 0.2844 -0.0000 -0.9587
vn -0.3895 -0.0000 0.9210
vn -0.5422 -0.0000 0.8403
vn -0.6787 -0.0000 0.7344
vn -0.7949 -0.0000 0.6067
vn -0.7950 -0.0000 0.6067
vn -0.8875 -0.0000 0.4608
vn -0.9536 -0.0000 0.3012
vn -0.9912 -0.0000 0.1326
vn -0.9992 -0.0000 -0.0400
vn -0.9992 -0.0000 -0.0399
vn -0.9774 -0.0000 -0.2113
vn -0.9265 -0.0000 -0.3763
vn -0.8479 -0.0000 -0.5302
vn -0.7440 -0.0000 -0.6682
vn -0.7440 -0.0000 -0.6681
vn -0.6179 -0.0000 -0.7862
vn -0.4734 -0.0000 -0.8808
vn -0.3148 -0.0000 -0.9492
vn -0.1467 -0.0000 -0.9892
vn 0.0257 -0.0000 -0.9997
vn 0.1973 -0.0000 -0.9803
vn -0.8068 -0.0000 0.5909
vn -0.8964 -0.0000 0.4432
vn -0.9593 -0.0000 0.2823
vn -0.9593 -0.0000 0.2824
vn -0.9936 -0.0000 0.1131
vn -0.9936 -0.0000 0.1130
vn -0.9982 -0.0000 -0.0596
vn -0.9731 -0.0000 -0.2305
vn -0.9189 -0.0000 -0.3945
vn -0.8373 -0.0000 -0.5468
vn -0.7307 -0.0000 -0.6827
vn -0.6023 -0.0000 -0.7983
vn -0.6023 -0.0000 -0.7982
vn -0.4559 -0.0000 -0.8900
vn -0.4560 -0.0000 -0.8900
vn -0.2960 -0.0000 -0.9552
vn -0.1272 -0.0000 -0.9919
vn 0.0454 -0.0000 -0.9990
vn 0.2166 -0.0000 -0.9763
vn 0.3814 -0.0000 -0.9244
vn 0.5348 -0.0000 -0.8450
vn 0.6722 -0.0000 -0.7404
vn -0.8565 -0.0000 0.5162
vn -0.9325 -0.0000 0.3611
vn -0.9808 -0.0000 0.1952
vn -0.9997 -0.0000 0.0235
vn -0.9997 -0.0000 0.0236
vn -0.9889 -0.0000 -0.1489
vn -0.9889 -0.0000 -0.1488
vn -0.9485 -0.0000 -0.3168
vn -0.8798 -0.0000 -0.4753
vn -0.7849 -0.0000 -0.6196
vn -0.6666 -0.0000 -0.7454
vn -0.6666 -0.0000 -0.7455
vn -0.5283 -0.0000 -0.8490
vn -0.3743 -0.0000 -0.9273
vn -0.2092 -0.0000 -0.9779
vn -0.0378 -0.0000 -0.9993
vn 0.1347 -0.0000 -0.9909
vn 0.3033 -0.0000 -0.9529
vn 0.4627 -0.0000 -0.8865
vn 0.6084 -0.0000 -0.7937
vn 0.7359 -0.0000 -0.6771
vn -0.8993 -0.0000 0.4373
vn -0.9611 -0.0000 0.2760
vn -0.9611 -0.0000 0.2761
vn -0.9943 -0.0000 0.1065
vn -0.9978 -0.0000 -0.0662
vn -0.9715 -0.0000 -0.2369
vn -0.9163 -0.0000 -0.4006
vn -0.8337 -0.0000 -0.5523
vn -0.7262 -0.0000 -0.6875
vn -0.5971 -0.0000 -0.8022
vn -0.4501 -0.0000 -0.8930
vn -0.2897 -0.0000 -0.9571
vn -0.1207 -0.0000 -0.9927
vn 0.0519 -0.0000 -0.9987
vn 0.2230 -0.0000 -0.9748
vn 0.3874 -0.0000 -0.9219
vn 0.5403 -0.0000 -0.8415
vn 0.6771 -0.0000 -0.7359
vn 0.7936 -0.0000 -0.6084
vn -0.9349 -0.0000 0.3550
vn -0.9820 -0.0000 0.1888
vn -0.9999 -0.0000 0.0170
vn -0.9879 -0.0000 -0.1554
vn -0.9464 -0.0000 -0.3230
vn -0.8767 -0.0000 -0.4811
vn -0.7808 -0.0000 -0.6248
vn -0.6617 -0.0000 -0.7498
vn -0.5228 -0.0000 -0.8525
vn -0.5227 -0.0000 -0.8525
vn -0.3682 -0.0000 -0.9297
vn -0.2028 -0.0000 -0.9792
vn -0.0312 -0.0000 -0.9995
vn 0.1413 -0.0000 -0.9900
vn 0.3095 -0.0000 -0.9509
vn 0.4685 -0.0000 -0.8834
vn 0.4685 -0.0000 -0.8835
vn 0.6136 -0.0000 -0.7897
vn 0.6136 -0.0000 -0.7896
vn 0.7403 -0.0000 -0.6723
vn 0.8450 -0.0000 -0.5348
vn 0.8449 -0.0000 -0.5349
vn -0.9629 -0.0000 0.2697
vn -0.9950 -0.0000 0.1000
vn -0.9974 -0.0000 -0.0727
vn -0.9700 -0.0000 -0.2433
vn -0.9136 -0.0000 -0.4066
vn -0.8300 -0.0000 -0.5577
vn -0.7217 -0.0000 -0.6922
vn -0.5918 -0.0000 -0.8061
vn -0.4442 -0.0000 -0.8959
vn -0.2834 -0.0000 -0.9590
vn -0.1142 -0.0000 -0.9935
vn 0.0585 -0.0000 -0.9983
vn 0.2294 -0.0000 -0.9733
vn 0.3935 -0.0000 -0.9193
vn 0.5458 -0.0000 -0.8379
vn 0.6819 -0.0000 -0.7315
vn 0.7976 -0.0000 -0.6032
vn 0.8895 -0.0000 -0.4570
vn -0.9832 -0.0000 0.1823
vn -0.9999 -0.0000 0.0104
vn -0.9868 -0.0000 -0.1618
vn -0.9442 -0.0000 -0.3292
vn -0.8735 -0.0000 -0.4868
vn -0.7767 -0.0000 -0.6299
vn -0.6567 -0.0000 -0.7541
vn -0.5171 -0.0000 -0.8559
vn -0.3621 -0.0000 -0.9321
vn -0.1963 -0.0000 -0.9805
vn -0.0246 -0.0000 -0.9997
vn 0.1478 -0.0000 -0.9890
vn 0.3157 -0.0000 -0.9489
vn 0.4743 -0.0000 -0.8803
vn 0.6187 -0.0000 -0.7856
vn 0.7447 -0.0000 -0.6674
vn 0.8484 -0.0000 -0.5293
vn 0.9269 -0.0000 -0.3754
vn -0.9956 -0.0000 0.0934
vn -0.9969 -0.0000 -0.0793
vn -0.9683 -0.0000 -0.2496
vn -0.9109 -0.0000 -0.4126
vn -0.8263 -0.0000 -0.5632
vn -0.7171 -0.0000 -0.6970
vn -0.5865 -0.0000 -0.8100
vn -0.4383 -0.0000 -0.8988
vn -0.2771 -0.0000 -0.9608
vn -0.1076 -0.0000 -0.9942
vn 0.0651 -0.0000 -0.9979
vn 0.2358 -0.0000 -0.9718
vn 0.3995 -0.0000 -0.9167
vn 0.5513 -0.0000 -0.8343
vn 0.6867 -0.0000 -0.7270
vn 0.8015 -0.0000 -0.5980
vn 0.8925 -0.0000 -0.4511
vn 0.9568 -0.0000 -0.2908
vn -1.0000 -0.0000 0.0038
vn -0.9857 -0.0000 -0.1683
vn -0.9421 -0.0000 -0.3354
vn -0.8703 -0.0000 -0.4926
vn -0.7725 -0.0000 -0.6350
vn -0.6517 -0.0000 -0.7584
vn -0.5115 -0.0000 -0.8593
vn -0.3560 -0.0000 -0.9345
vn -0.1899 -0.0000 -0.9818
vn -0.0181 -0.0000 -0.9998
vn 0.1543 -0.0000 -0.9880
vn 0.3220 -0.0000 -0.9468
vn 0.4801 -0.0000 -0.8772
vn 0.6239 -0.0000 -0.7815
vn 0.7491 -0.0000 -0.6625
vn 0.8519 -0.0000 -0.5237
vn 0.9293 -0.0000 -0.3693
vn 0.9790 -0.0000 -0.2038
vn 0.9790 -0.0000 -0.2039
vn -0.9963 -0.0000 -0.0858
vn -0.9667 -0.0000 -0.2560
vn -0.9082 -0.0000 -0.4185
vn -0.8226 -0.0000 -0.5686
vn -0.7125 -0.0000 -0.7017
vn -0.5811 -0.0000 -0.8138
vn -0.4324 -0.0000 -0.9017
vn -0.2708 -0.0000 -0.9626
vn -0.1011 -0.0000 -0.9949
vn 0.0716 -0.0000 -0.9974
vn 0.2422 -0.0000 -0.9702
vn 0.4055 -0.0000 -0.9141
vn 0.5568 -0.0000 -0.8307
vn 0.6914 -0.0000 -0.7224
vn 0.8054 -0.0000 -0.5927
vn 0.8954 -0.0000 -0.4452
vn 0.9587 -0.0000 -0.2845
vn 0.9933 -0.0000 -0.1153
vn -0.9846 -0.0000 -0.1748
vn -0.9398 -0.0000 -0.3416
vn -0.8670 -0.0000 -0.4983
vn -0.7683 -0.0000 -0.6400
vn -0.6467 -0.0000 -0.7627
vn -0.5058 -0.0000 -0.8626
vn -0.3499 -0.0000 -0.9368
vn -0.1834 -0.0000 -0.9830
vn -0.0115 -0.0000 -0.9999
vn 0.1607 -0.0000 -0.9870
vn 0.3282 -0.0000 -0.9446
vn 0.4858 -0.0000 -0.8741
vn 0.4858 -0.0000 -0.8740
vn 0.6290 -0.0000 -0.7774
vn 0.7534 -0.0000 -0.6576
vn 0.8553 -0.0000 -0.5181
vn 0.9317 -0.0000 -0.3632
vn 0.9803 -0.0000 -0.1974
vn 0.9997 -0.0000 -0.0258
vn -0.9650 -0.0000 -0.2624
vn -0.9054 -0.0000 -0.4245
vn -0.8189 -0.0000 -0.5740
vn -0.7079 -0.0000 -0.7063
vn -0.5758 -0.0000 -0.8176
vn -0.4265 -0.0000 -0.9045
vn -0.2645 -0.0000 -0.9644
vn -0.0945 -0.0000 -0.9955
vn 0.0782 -0.0000 -0.9969
vn 0.2485 -0.0000 -0.9686
vn 0.4116 -0.0000 -0.9114
vn 0.5622 -0.0000 -0.8270
vn 0.6962 -0.0000 -0.7179
vn 0.8093 -0.0000 -0.5874
vn 0.8983 -0.0000 -0.4393
vn 0.9605 -0.0000 -0.2782
vn 0.9941 -0.0000 -0.1087
vn 0.9980 -0.0000 0.0639
vn 0.9980 -0.0000 0.0640
vn -0.9376 -0.0000 -0.3478
vn -0.8637 -0.0000 -0.5039
vn -0.7641 -0.0000 -0.6451
vn -0.6417 -0.0000 -0.7670
vn -0.5002 -0.0000 -0.8659
vn -0.3437 -0.0000 -0.9391
vn -0.1770 -0.0000 -0.9842
vn -0.0049 -0.0000 -1.0000
vn 0.1672 -0.0000 -0.9859
vn 0.3344 -0.0000 -0.9424
vn 0.4916 -0.0000 -0.8708
vn 0.6341 -0.0000 -0.7732
vn 0.7577 -0.0000 -0.6526
vn 0.8587 -0.0000 -0.5125
vn 0.9341 -0.0000 -0.3570
vn 0.9816 -0.0000 -0.1910
vn 0.9998 -0.0000 -0.0192
vn 0.9882 -0.0000 0.1531
vn -0.9026 -0.0000 -0.4304
vn -0.8151 -0.0000 -0.5793
vn -0.8151 -0.0000 -0.5794
vn -0.7032 -0.0000 -0.7110
vn -0.5704 -0.0000 -0.8214
vn -0.4205 -0.0000 -0.9073
vn -0.2581 -0.0000 -0.9661
vn -0.0880 -0.0000 -0.9961
vn 0.0847 -0.0000 -0.9964
vn 0.2549 -0.0000 -0.9670
vn 0.4175 -0.0000 -0.9087
vn 0.5677 -0.0000 -0.8233
vn 0.7009 -0.0000 -0.7133
vn 0.8132 -0.0000 -0.5820
vn 0.9012 -0.0000 -0.4334
vn 0.9623 -0.0000 -0.2719
vn 0.9948 -0.0000 -0.1022
vn 0.9975 -0.0000 0.0705
vn 0.9705 -0.0000 0.2411
vn -0.8604 -0.0000 -0.5096
vn -0.7599 -0.0000 -0.6501
vn -0.6367 -0.0000 -0.7711
vn -0.4945 -0.0000 -0.8692
vn -0.3375 -0.0000 -0.9413
vn -0.1705 -0.0000 -0.9854
vn 0.0016 -0.0000 -1.0000
vn 0.1737 -0.0000 -0.9848
vn 0.3406 -0.0000 -0.9402
vn 0.4973 -0.0000 -0.8676
vn 0.6392 -0.0000 -0.7691
vn 0.7620 -0.0000 -0.6476
vn 0.8621 -0.0000 -0.5068
vn 0.9364 -0.0000 -0.3509
vn 0.9828 -0.0000 -0.1845
vn 0.9999 -0.0000 -0.0126
vn 0.9872 -0.0000 0.1596
vn 0.9450 -0.0000 0.3271
vn -0.8113 -0.0000 -0.5847
vn -0.6985 -0.0000 -0.7156
vn -0.5650 -0.0000 -0.8251
vn -0.4146 -0.0000 -0.9100
vn -0.2518 -0.0000 -0.9678
vn -0.0815 -0.0000 -0.9967
vn 0.0913 -0.0000 -0.9958
vn 0.2613 -0.0000 -0.9653
vn 0.4235 -0.0000 -0.9059
vn 0.5731 -0.0000 -0.8195
vn 0.7055 -0.0000 -0.7087
vn 0.8170 -0.0000 -0.5767
vn 0.9040 -0.0000 -0.4275
vn 0.9641 -0.0000 -0.2655
vn 0.9954 -0.0000 -0.0957
vn 0.9970 -0.0000 0.0771
vn 0.9689 -0.0000 0.2475
vn 0.9119 -0.0000 0.4105
vn 0.9118 -0.0000 0.4105
vn -0.7556 -0.0000 -0.6550
vn -0.7556 -0.0000 -0.6551
vn -0.6316 -0.0000 -0.7753
vn -0.4888 -0.0000 -0.8724
vn -0.4887 -0.0000 -0.8724
vn -0.3313 -0.0000 -0.9435
vn -0.1640 -0.0000 -0.9865
vn 0.0082 -0.0000 -1.0000
vn 0.1802 -0.0000 -0.9836
vn 0.3467 -0.0000 -0.9380
vn 0.5030 -0.0000 -0.8643
vn 0.6442 -0.0000 -0.7649
vn 0.6442 -0.0000 -0.7648
vn 0.7662 -0.0000 -0.6426
vn 0.8654 -0.0000 -0.5011
vn 0.9387 -0.0000 -0.3447
vn 0.9840 -0.0000 -0.1780
vn 1.0000 -0.0000 -0.0061
vn 0.9861 -0.0000 0.1661
vn 0.9428 -0.0000 0.3333
vn 0.8714 -0.0000 0.4906
vn -0.6938 -0.0000 -0.7201
vn -0.6938 -0.0000 -0.7202
vn -0.5595 -0.0000 -0.8288
vn -0.4086 -0.0000 -0.9127
vn -0.2454 -0.0000 -0.9694
vn -0.0749 -0.0000 -0.9972
vn 0.0978 -0.0000 -0.9952
vn 0.2676 -0.0000 -0.9635
vn 0.4294 -0.0000 -0.9031
vn 0.5784 -0.0000 -0.8157
vn 0.7102 -0.0000 -0.7040
vn 0.8207 -0.0000 -0.5713
vn 0.9068 -0.0000 -0.4216
vn 0.9068 -0.0000 -0.4215
vn 0.9658 -0.0000 -0.2592
vn 0.9960 -0.0000 -0.0891
vn 0.9965 -0.0000 0.0836
vn 0.9672 -0.0000 0.2538
vn 0.9091 -0.0000 0.4165
vn 0.8239 -0.0000 0.5668
vn 0.8239 -0.0000 0.5667
vn -0.6265 -0.0000 -0.7795
vn -0.6265 -0.0000 -0.7794
vn -0.4830 -0.0000 -0.8756
vn -0.3251 -0.0000 -0.9457
vn -0.1575 -0.0000 -0.9875
vn 0.0148 -0.0000 -0.9999
vn 0.1866 -0.0000 -0.9824
vn 0.3529 -0.0000 -0.9357
vn 0.5086 -0.0000 -0.8610
vn 0.6492 -0.0000 -0.7606
vn 0.7704 -0.0000 -0.6375
vn 0.8686 -0.0000 -0.4954
vn 0.9409 -0.0000 -0.3385
vn 0.9409 -0.0000 -0.3386
vn 0.9852 -0.0000 -0.1716
vn 1.0000 -0.0000 0.0005
vn 0.9850 -0.0000 0.1726
vn 0.9406 -0.0000 0.3395
vn 0.8681 -0.0000 0.4963
vn 0.7698 -0.0000 0.6383
vn -0.5541 -0.0000 -0.8325
vn -0.4026 -0.0000 -0.9154
vn -0.2390 -0.0000 -0.9710
vn -0.0684 -0.0000 -0.9977
vn 0.1043 -0.0000 -0.9945
vn 0.2739 -0.0000 -0.9617
vn 0.4353 -0.0000 -0.9003
vn 0.4354 -0.0000 -0.9003
vn 0.5838 -0.0000 -0.8119
vn 0.7148 -0.0000 -0.6994
vn 0.7148 -0.0000 -0.6993
vn 0.8245 -0.0000 -0.5659
vn 0.9096 -0.0000 -0.4155
vn 0.9096 -0.0000 -0.4156
vn 0.9675 -0.0000 -0.2528
vn 0.9675 -0.0000 -0.2529
vn 0.9966 -0.0000 -0.0826
vn 0.9959 -0.0000 0.0901
vn 0.9656 -0.0000 0.2602
vn 0.9064 -0.0000 0.4225
vn 0.8202 -0.0000 0.5721
vn 0.7095 -0.0000 0.7047
vn -0.4772 -0.0000 -0.8788
vn -0.3189 -0.0000 -0.9478
vn -0.1510 -0.0000 -0.9885
vn 0.0213 -0.0000 -0.9998
vn 0.1931 -0.0000 -0.9812
vn 0.3590 -0.0000 -0.9333
vn 0.5143 -0.0000 -0.8576
vn 0.6542 -0.0000 -0.7563
vn 0.7746 -0.0000 -0.6324
vn 0.8719 -0.0000 -0.4897
vn 0.9431 -0.0000 -0.3324
vn 0.9432 -0.0000 -0.3323
vn 0.9863 -0.0000 -0.1651
vn 1.0000 -0.0000 0.0071
vn 0.9838 -0.0000 0.1791
vn 0.9384 -0.0000 0.3457
vn 0.9383 -0.0000 0.3457
vn 0.8649 -0.0000 0.5020
vn 0.7656 -0.0000 0.6434
vn 0.6434 -0.0000 0.7655
vn -0.3965 -0.0000 -0.9180
vn -0.2326 -0.0000 -0.9726
vn -0.0618 -0.0000 -0.9981
vn 0.1109 -0.0000 -0.9938
vn 0.2802 -0.0000 -0.9599
vn 0.2803 -0.0000 -0.9599
vn 0.4413 -0.0000 -0.8974
vn 0.5891 -0.0000 -0.8081
vn 0.7194 -0.0000 -0.6946
vn 0.8282 -0.0000 -0.5604
vn 0.8282 -0.0000 -0.5605
vn 0.9123 -0.0000 -0.4096
vn 0.9691 -0.0000 -0.2465
vn 0.9692 -0.0000 -0.2465
vn 0.9971 -0.0000 -0.0760
vn 0.9953 -0.0000 0.0967
vn 0.9638 -0.0000 0.2666
vn 0.9638 -0.0000 0.2665
vn 0.9036 -0.0000 0.4284
vn 0.8164 -0.0000 0.5775
vn 0.7048 -0.0000 0.7094
vn 0.5722 -0.0000 0.8201
vn -0.3127 -0.0000 -0.9499
vn -0.3126 -0.0000 -0.9499
vn -0.1445 -0.0000 -0.9895
vn 0.0279 -0.0000 -0.9996
vn 0.1995 -0.0000 -0.9799
vn 0.3652 -0.0000 -0.9309
vn 0.5199 -0.0000 -0.8542
vn 0.6592 -0.0000 -0.7520
vn 0.7787 -0.0000 -0.6273
vn 0.8751 -0.0000 -0.4840
vn 0.9453 -0.0000 -0.3261
vn 0.9453 -0.0000 -0.3262
vn 0.9873 -0.0000 -0.1586
vn 0.9999 -0.0000 0.0137
vn 0.9826 -0.0000 0.1855
vn 0.9361 -0.0000 0.3519
vn 0.9360 -0.0000 0.3519
vn 0.8616 -0.0000 0.5077
vn 0.8615 -0.0000 0.5077
vn 0.7613 -0.0000 0.6484
vn 0.6384 -0.0000 0.7697
vn 0.4964 -0.0000 0.8681
vn -0.2263 -0.0000 -0.9741
vn -0.0552 -0.0000 -0.9985
vn 0.1174 -0.0000 -0.9931
vn 0.2865 -0.0000 -0.9581
vn 0.2866 -0.0000 -0.9581
vn 0.4471 -0.0000 -0.8945
vn 0.5944 -0.0000 -0.8042
vn 0.5944 -0.0000 -0.8041
vn 0.7239 -0.0000 -0.6899
vn 0.8318 -0.0000 -0.5550
vn 0.9149 -0.0000 -0.4036
vn 0.9707 -0.0000 -0.2402
vn 0.9707 -0.0000 -0.2401
vn 0.9976 -0.0000 -0.0694
vn 0.9976 -0.0000 -0.0695
vn 0.9947 -0.0000 0.1032
vn 0.9621 -0.0000 0.2728
vn 0.9621 -0.0000 0.2729
vn 0.9007 -0.0000 0.4344
vn 0.8126 -0.0000 0.5829
vn 0.8125 -0.0000 0.5829
vn 0.7001 -0.0000 0.7140
vn 0.7002 -0.0000 0.7140
vn 0.5668 -0.0000 0.8238
vn 0.4166 -0.0000 0.9091
vn -0.1380 -0.0000 -0.9904
vn 0.0345 -0.0000 -0.9994
vn 0.2059 -0.0000 -0.9786
vn 0.3713 -0.0000 -0.9285
vn 0.5255 -0.0000 -0.8508
vn 0.6641 -0.0000 -0.7476
vn 0.7829 -0.0000 -0.6222
vn 0.7828 -0.0000 -0.6222
vn 0.8782 -0.0000 -0.4782
vn 0.8783 -0.0000 -0.4782
vn 0.9474 -0.0000 -0.3200
vn 0.9474 -0.0000 -0.3199
vn 0.9884 -0.0000 -0.1522
vn 0.9884 -0.0000 -0.1521
vn 0.9998 -0.0000 0.0202
vn 0.9814 -0.0000 0.1920
vn 0.9337 -0.0000 0.3580
vn 0.8582 -0.0000 0.5133
vn 0.8582 -0.0000 0.5134
vn 0.7570 -0.0000 0.6534
vn 0.6333 -0.0000 0.7739
vn 0.4907 -0.0000 0.8713
vn 0.3334 -0.0000 0.9428
vn -0.0487 -0.0000 -0.9988
vn 0.1239 -0.0000 -0.9923
vn 0.2928 -0.0000 -0.9562
vn 0.4530 -0.0000 -0.8915
vn 0.5997 -0.0000 -0.8003
vn 0.5997 -0.0000 -0.8002
vn 0.7284 -0.0000 -0.6851
vn 0.8355 -0.0000 -0.5495
vn 0.9176 -0.0000 -0.3976
vn 0.9723 -0.0000 -0.2337
vn 0.9980 -0.0000 -0.0629
vn 0.9940 -0.0000 0.1098
vn 0.9602 -0.0000 0.2792
vn 0.8979 -0.0000 0.4403
vn 0.8979 -0.0000 0.4402
vn 0.8087 -0.0000 0.5882
vn 0.6954 -0.0000 0.7186
vn 0.5614 -0.0000 0.8276
vn 0.4106 -0.0000 0.9118
vn 0.2476 -0.0000 0.9689
vn 0.0410 -0.0000 -0.9992
vn 0.2124 -0.0000 -0.9772
vn 0.3774 -0.0000 -0.9261
vn 0.5311 -0.0000 -0.8473
vn 0.6690 -0.0000 -0.7433
vn 0.7869 -0.0000 -0.6170
vn 0.7869 -0.0000 -0.6171
vn 0.8814 -0.0000 -0.4724
vn 0.9495 -0.0000 -0.3137
vn 0.9893 -0.0000 -0.1456
vn 0.9996 -0.0000 0.0268
vn 0.9801 -0.0000 0.1984
vn 0.9314 -0.0000 0.3641
vn 0.8548 -0.0000 0.5190
vn 0.7527 -0.0000 0.6583
vn 0.6282 -0.0000 0.7780
vn 0.4849 -0.0000 0.8746
vn 0.4849 -0.0000 0.8745
vn 0.3272 -0.0000 0.9449
vn 0.1597 -0.0000 0.9872
vn 0.1304 -0.0000 -0.9915
vn 0.2991 -0.0000 -0.9542
vn 0.4589 -0.0000 -0.8885
vn 0.6049 -0.0000 -0.7963
vn 0.7329 -0.0000 -0.6803
vn 0.8390 -0.0000 -0.5441
vn 0.8391 -0.0000 -0.5440
vn 0.9202 -0.0000 -0.3915
vn 0.9738 -0.0000 -0.2273
vn 0.9738 -0.0000 -0.2274
vn 0.9984 -0.0000 -0.0564
vn 0.9932 -0.0000 0.1163
vn 0.9584 -0.0000 0.2855
vn 0.8950 -0.0000 0.4462
vn 0.8949 -0.0000 0.4462
vn 0.8048 -0.0000 0.5935
vn 0.6907 -0.0000 0.7231
vn 0.6907 -0.0000 0.7232
vn 0.5559 -0.0000 0.8312
vn 0.5560 -0.0000 0.8312
vn 0.4046 -0.0000 0.9145
vn 0.2412 -0.0000 0.9705
vn 0.0706 -0.0000 0.9975
vn 0.2188 -0.0000 -0.9758
vn 0.3834 -0.0000 -0.9236
vn 0.3835 -0.0000 -0.9236
vn 0.5366 -0.0000 -0.8438
vn 0.5367 -0.0000 -0.8438
vn 0.6739 -0.0000 -0.7389
vn 0.7910 -0.0000 -0.6119
vn 0.8845 -0.0000 -0.4666
vn 0.8844 -0.0000 -0.4666
vn 0.9516 -0.0000 -0.3075
vn 0.9903 -0.0000 -0.1391
vn 0.9994 -0.0000 0.0333
vn 0.9994 -0.0000 0.0334
vn 0.9788 -0.0000 0.2049
vn 0.9289 -0.0000 0.3702
vn 0.9289 -0.0000 0.3703
vn 0.8514 -0.0000 0.5246
vn 0.8514 -0.0000 0.5245
vn 0.7484 -0.0000 0.6633
vn 0.6231 -0.0000 0.7822
vn 0.6231 -0.0000 0.7821
vn 0.4792 -0.0000 0.8777
vn 0.3210 -0.0000 0.9471
vn 0.1532 -0.0000 0.9882
vn -0.0191 -0.0000 0.9998
vn 0.3054 -0.0000 -0.9522
vn 0.4647 -0.0000 -0.8855
vn 0.6102 -0.0000 -0.7923
vn 0.6101 -0.0000 -0.7923
vn 0.7374 -0.0000 -0.6755
vn 0.8426 -0.0000 -0.5385
vn 0.9227 -0.0000 -0.3855
vn 0.9753 -0.0000 -0.2209
vn 0.9988 -0.0000 -0.0498
vn 0.9924 -0.0000 0.1228
vn 0.9565 -0.0000 0.2918
vn 0.8920 -0.0000 0.4520
vn 0.8009 -0.0000 0.5988
vn 0.6859 -0.0000 0.7277
vn 0.5505 -0.0000 0.8348
vn 0.5505 -0.0000 0.8349
vn 0.3986 -0.0000 0.9171
vn 0.2348 -0.0000 0.9720
vn 0.0640 -0.0000 0.9979
vn -0.1087 -0.0000 0.9941
vn 0.3895 -0.0000 -0.9210
vn 0.5422 -0.0000 -0.8403
vn 0.6787 -0.0000 -0.7344
vn 0.7949 -0.0000 -0.6067
vn 0.7950 -0.0000 -0.6067
vn 0.8875 -0.0000 -0.4608
vn 0.9536 -0.0000 -0.3012
vn 0.9912 -0.0000 -0.1326
vn 0.9992 -0.0000 0.0400
vn 0.9992 -0.0000 0.0399
vn 0.9774 -0.0000 0.2113
vn 0.9265 -0.0000 0.3763
vn 0.8479 -0.0000 0.5302
vn 0.7440 -0.0000 0.6682
vn 0.7440 -0.0000 0.6681
vn 0.6179 -0.0000 0.7862
vn 0.4734 -0.0000 0.8808
vn 0.3148 -0.0000 0.9492
vn 0.1467 -0.0000 0.9892
vn -0.0257 -0.0000 0.9997
vn -0.1973 -0.0000 0.9803
vn 0.4705 -0.0000 -0.8824
vn 0.6153 -0.0000 -0.7883
vn 0.7418 -0.0000 -0.6706
vn 0.8461 -0.0000 -0.5329
vn 0.8461 -0.0000 -0.5330
vn 0.9252 -0.0000 -0.3794
vn 0.9767 -0.0000 -0.2145
vn 0.9991 -0.0000 -0.0432
vn 0.9916 -0.0000 0.1293
vn 0.9545 -0.0000 0.2981
vn 0.9546 -0.0000 0.2980
vn 0.8890 -0.0000 0.4579
vn 0.8890 -0.0000 0.4578
vn 0.7970 -0.0000 0.6040
vn 0.6811 -0.0000 0.7322
vn 0.5450 -0.0000 0.8385
vn 0.3925 -0.0000 0.9197
vn 0.3926 -0.0000 0.9197
vn 0.2284 -0.0000 0.9736
vn 0.0575 -0.0000 0.9983
vn -0.1152 -0.0000 0.9933
vn -0.2844 -0.0000 0.9587
vn 0.5477 -0.0000 -0.8367
vn 0.6835 -0.0000 -0.7299
vn 0.7989 -0.0000 -0.6014
vn 0.8905 -0.0000 -0.4550
vn 0.8905 -0.0000 -0.4549
vn 0.9555 -0.0000 -0.2949
vn 0.9920 -0.0000 -0.1261
vn 0.9989 -0.0000 0.0465
vn 0.9760 -0.0000 0.2177
vn 0.9240 -0.0000 0.3824
vn 0.8444 -0.0000 0.5357
vn 0.7396 -0.0000 0.6730
vn 0.6128 -0.0000 0.7903
vn 0.4676 -0.0000 0.8839
vn 0.3085 -0.0000 0.9512
vn 0.1402 -0.0000 0.9901
vn -0.0322 -0.0000 0.9995
vn -0.2038 -0.0000 0.9790
vn -0.3692 -0.0000 0.9293
vn 0.6205 -0.0000 -0.7842
vn 0.7462 -0.0000 -0.6657
vn 0.8496 -0.0000 -0.5274
vn 0.9277 -0.0000 -0.3733
vn 0.9781 -0.0000 -0.2081
vn 0.9993 -0.0000 -0.0367
vn 0.9907 -0.0000 0.1358
vn 0.9907 -0.0000 0.1359
vn 0.9526 -0.0000 0.3043
vn 0.8860 -0.0000 0.4637
vn 0.7930 -0.0000 0.6093
vn 0.7930 -0.0000 0.6092
vn 0.6763 -0.0000 0.7366
vn 0.5394 -0.0000 0.8420
vn 0.3865 -0.0000 0.9223
vn 0.2220 -0.0000 0.9750
vn 0.0509 -0.0000 0.9987
vn -0.1217 -0.0000 0.9926
vn -0.2907 -0.0000 0.9568
vn -0.4510 -0.0000 0.8925
vn 0.6883 -0.0000 -0.7254
vn 0.8029 -0.0000 -0.5961
vn 0.8029 -0.0000 -0.5962
vn 0.8935 -0.0000 -0.4491
vn 0.9574 -0.0000 -0.2887
vn 0.9928 -0.0000 -0.1196
vn 0.9986 -0.0000 0.0531
vn 0.9746 -0.0000 0.2241
vn 0.9215 -0.0000 0.3885
vn 0.8408 -0.0000 0.5413
vn 0.8409 -0.0000 0.5412
vn 0.7352 -0.0000 0.6779
vn 0.6075 -0.0000 0.7943
vn 0.6076 -0.0000 0.7943
vn 0.4618 -0.0000 0.8870
vn 0.3023 -0.0000 0.9532
vn 0.1337 -0.0000 0.9910
vn -0.0388 -0.0000 0.9992
vn -0.2102 -0.0000 0.9777
vn -0.3753 -0.0000 0.9269
vn -0.5292 -0.0000 0.8485
vn 0.7505 -0.0000 -0.6608
vn 0.8531 -0.0000 -0.5218
vn 0.9301 -0.0000 -0.3672
vn 0.9795 -0.0000 -0.2016
vn 0.9795 -0.0000 -0.2017
vn 0.9995 -0.0000 -0.0301
vn 0.9898 -0.0000 0.1424
vn 0.9506 -0.0000 0.3105
vn 0.9506 -0.0000 0.3106
vn 0.8829 -0.0000 0.4695
vn 0.7890 -0.0000 0.6144
vn 0.7890 -0.0000 0.6145
vn 0.6715 -0.0000 0.7410
vn 0.6714 -0.0000 0.7411
vn 0.5339 -0.0000 0.8455
vn 0.3804 -0.0000 0.9248
vn 0.2156 -0.0000 0.9765
vn 0.0444 -0.0000 0.9990
vn -0.1282 -0.0000 0.9917
vn -0.2970 -0.0000 0.9549
vn -0.4569 -0.0000 0.8895
vn -0.6031 -0.0000 0.7976
vn 0.8068 -0.0000 -0.5909
vn 0.8964 -0.0000 -0.4432
vn 0.9593 -0.0000 -0.2823
vn 0.9593 -0.0000 -0.2824
vn 0.9936 -0.0000 -0.1131
vn 0.9936 -0.0000 -0.1130
vn 0.9982 -0.0000 0.0596
vn 0.9731 -0.0000 0.2305
vn 0.9189 -0.0000 0.3945
vn 0.8373 -0.0000 0.5468
vn 0.7307 -0.0000 0.6827
vn 0.6023 -0.0000 0.7983
vn 0.6023 -0.0000 0.7982
vn 0.4559 -0.0000 0.8900
vn 0.4560 -0.0000 0.8900
vn 0.2960 -0.0000 0.9552
vn 0.1272 -0.0000 0.9919
vn -0.0454 -0.0000 0.9990
vn -0.2166 -0.0000 0.9763
vn -0.3814 -0.0000 0.9244
vn -0.5348 -0.0000 0.8450
vn -0.6722 -0.0000 0.7404
vn 0.8565 -0.0000 -0.5162
vn 0.9325 -0.0000 -0.3611
vn 0.9808 -0.0000 -0.1952
vn 0.9997 -0.0000 -0.0235
vn 0.9997 -0.0000 -0.0236
vn 0.9889 -0.0000 0.1489
vn 0.9889 -0.0000 0.1488
vn 0.9485 -0.0000 0.3168
vn 0.8798 -0.0000 0.4753
vn 0.7849 -0.0000 0.6196
vn 0.6666 -0.0000 0.7454
vn 0.6666 -0.0000 0.7455
vn 0.5283 -0.0000 0.8490
vn 0.3743 -0.0000 0.9273
vn 0.2092 -0.0000 0.9779
vn 0.0378 -0.0000 0.9993
vn -0.1347 -0.0000 0.9909
vn -0.3033 -0.0000 0.9529
vn -0.4627 -0.0000 0.8865
vn -0.6084 -0.0000 0.7937
vn -0.7359 -0.0000 0.6771
vn 0.8993 -0.0000 -0.4373
vn 0.9611 -0.0000 -0.2760
vn 0.9611 -0.0000 -0.2761
vn 0.9943 -0.0000 -0.1065
vn 0.9978 -0.0000 0.0662
vn 0.9715 -0.0000 0.2369
vn 0.9163 -0.0000 0.4006
vn 0.8337 -0.0000 0.5523
vn 0.7262 -0.0000 0.6875
vn 0.5971 -0.0000 0.8022
vn 0.4501 -0.0000 0.8930
vn 0.2897 -0.0000 0.9571
vn 0.1207 -0.0000 0.9927
vn -0.0519 -0.0000 0.9987
vn -0.2230 -0.0000 0.9748
vn -0.3874 -0.0000 0.9219
vn -0.5403 -0.0000 0.8415
vn -0.6771 -0.0000 0.7359
vn -0.7936 -0.0000 0.6084
vn 0.9349 -0.0000 -0.3550
vn 0.9820 -0.0000 -0.1888
vn 0.9999 -0.0000 -0.0170
vn 0.9879 -0.0000 0.1554
vn 0.9464 -0.0000 0.3230
vn 0.8767 -0.0000 0.4811
vn 0.7808 -0.0000 0.6248
vn 0.6617 -0.0000 0.7498
vn 0.5228 -0.0000 0.8525
vn 0.5227 -0.0000 0.8525
vn 0.3682 -0.0000 0.9297
vn 0.2028 -0.0000 0.9792
vn 0.0312 -0.0000 0.9995
vn -0.1413 -0.0000 0.9900
vn -0.3095 -0.0000 0.9509
vn -0.4685 -0.0000 0.8834
vn -0.4685 -0.0000 0.8835
vn -0.6136 -0.0000 0.7897
vn -0.6136 -0.0000 0.7896
vn -0.7403 -0.0000 0.6723
vn -0.8450 -0.0000 0.5348
vn -0.8449 -0.0000 0.5349
vn 0.9629 -0.0000 -0.2697
vn 0.9950 -0.0000 -0.1000
vn 0.9974 -0.0000 0.0727
vn 0.9700 -0.0000 0.2433
vn 0.9136 -0.0000 0.4066
vn 0.8300 -0.0000 0.5577
vn 0.7217 -0.0000 0.6922
vn 0.5918 -0.0000 0.8061
vn 0.4442 -0.0000 0.8959
vn 0.2834 -0.0000 0.9590
vn 0.1142 -0.0000 0.9935
vn -0.0585 -0.0000 0.9983
vn -0.2294 -0.0000 0.9733
vn -0.3935 -0.0000 0.9193
vn -0.5458 -0.0000 0.8379
vn -0.6819 -0.0000 0.7315
vn -0.7976 -0.0000 0.6032
vn -0.8895 -0.0000 0.4570
vn 0.9832 -0.0000 -0.1823
vn 0.9999 -0.0000 -0.0104
vn 0.9868 -0.0000 0.1618
vn 0.9442 -0.0000 0.3292
vn 0.8735 -0.0000 0.4868
vn 0.7767 -0.0000 0.6299
vn 0.6567 -0.0000 0.7541
vn 0.5171 -0.0000 0.8559
vn 0.3621 -0.0000 0.9321
vn 0.1963 -0.0000 0.9805
vn 0.0246 -0.0000 0.9997
vn -0.1478 -0.0000 0.9890
vn -0.3157 -0.0000 0.9489
vn -0.4743 -0.0000 0.8803
vn -0.6187 -0.0000 0.7856
vn -0.7447 -0.0000 0.6674
vn -0.8484 -0.0000 0.5293
vn -0.9269 -0.0000 0.3754
vn 0.9956 -0.0000 -0.0934
vn 0.9969 -0.0000 0.0793
vn 0.9683 -0.0000 0.2496
vn 0.9109 -0.0000 0.4126
vn 0.8263 -0.0000 0.5632
vn 0.7171 -0.0000 0.6970
vn 0.5865 -0.0000 0.8100
vn 0.4383 -0.0000 0.8988
vn 0.2771 -0.0000 0.9608
vn 0.1076 -0.0000 0.9942
vn -0.0651 -0.0000 0.9979
vn -0.2358 -0.0000 0.9718
vn -0.3995 -0.0000 0.9167
vn -0.5513 -0.0000 0.8343
vn -0.6867 -0.0000 0.7270
vn -0.8015 -0.0000 0.5980
vn -0.8925 -0.0000 0.4511
vn -0.9568 -0.0000 0.2908
vn 1.0000 -0.0000 -0.0038
vn 0.9857 -0.0000 0.1683
vn 0.9421 -0.0000 0.3354
vn 0.8703 -0.0000 0.4926
vn 0.7725 -0.0000 0.6350
vn 0.6517 -0.0000 0.7584
vn 0.5115 -0.0000 0.8593
vn 0.3560 -0.0000 0.9345
vn 0.1899 -0.0000 0.9818
vn 0.0181 -0.0000 0.9998
vn -0.1543 -0.0000 0.9880
vn -0.3220 -0.0000 0.9468
vn -0.4801 -0.0000 0.8772
vn -0.6239 -0.0000 0.7815
vn -0.7491 -0.0000 0.6625
vn -0.8519 -0.0000 0.5237
vn -0.9293 -0.0000 0.3693
vn -0.9790 -0.0000 0.2038
vn -0.9790 -0.0000 0.2039
vn 0.9963 -0.0000 0.0858
vn 0.9667 -0.0000 0.2560
vn 0.9082 -0.0000 0.4185
vn 0.8226 -0.0000 0.5686
vn 0.7125 -0.0000 0.7017
vn 0.5811 -0.0000 0.8138
vn 0.4324 -0.0000 0.9017
vn 0.2708 -0.0000 0.9626
vn 0.1011 -0.0000 0.9949
vn -0.0716 -0.0000 0.9974
vn -0.2422 -0.0000 0.9702
vn -0.4055 -0.0000 0.9141
vn -0.5568 -0.0000 0.8307
vn -0.6914 -0.0000 0.7224
vn -0.8054 -0.0000 0.5927
vn -0.8954 -0.0000 0.4452
vn -0.9587 -0.0000 0.2845
vn -0.9933 -0.0000 0.1153
vn 0.9846 -0.0000 0.1748
vn 0.9398 -0.0000 0.3416
vn 0.8670 -0.0000 0.4983
vn 0.7683 -0.0000 0.6400
vn 0.7684 -0.0000 0.6400
vn 0.6467 -0.0000 0.7627
vn 0.5058 -0.0000 0.8626
vn 0.3499 -0.0000 0.9368
vn 0.1834 -0.0000 0.9830
vn 0.0115 -0.0000 0.9999
vn -0.1607 -0.0000 0.9870
vn -0.3282 -0.0000 0.9446
vn -0.4858 -0.0000 0.8741
vn -0.4858 -0.0000 0.8740
vn -0.6290 -0.0000 0.7774
vn -0.7534 -0.0000 0.6576
vn -0.8553 -0.0000 0.5181
vn -0.9317 -0.0000 0.3632
vn -0.9803 -0.0000 0.1974
vn -0.9997 -0.0000 0.0258
vn 0.9650 -0.0000 0.2624
vn 0.9054 -0.0000 0.4245
vn 0.8189 -0.0000 0.5740
vn 0.7079 -0.0000 0.7063
vn 0.5758 -0.0000 0.8176
vn 0.4265 -0.0000 0.9045
vn 0.2645 -0.0000 0.9644
vn 0.0945 -0.0000 0.9955
vn -0.0782 -0.0000 0.9969
vn -0.2485 -0.0000 0.9686
vn -0.4116 -0.0000 0.9114
vn -0.5622 -0.0000 0.8270
vn -0.6962 -0.0000 0.7179
vn -0.8093 -0.0000 0.5874
vn -0.8983 -0.0000 0.4393
vn -0.9605 -0.0000 0.2782
vn -0.9941 -0.0000 0.1087
vn -0.9980 -0.0000 -0.0639
vn -0.9980 -0.0000 -0.0640
vn 0.9376 -0.0000 0.3478
vn 0.8637 -0.0000 0.5039
vn 0.7641 -0.0000 0.6451
vn 0.6417 -0.0000 0.7670
vn 0.5002 -0.0000 0.8659
vn 0.3437 -0.0000 0.9391
vn 0.1770 -0.0000 0.9842
vn 0.0049 -0.0000 1.0000
vn -0.1672 -0.0000 0.9859
vn -0.3344 -0.0000 0.9424
vn -0.4916 -0.0000 0.8708
vn -0.6341 -0.0000 0.7732
vn -0.7577 -0.0000 0.6526
vn -0.8587 -0.0000 0.5125
vn -0.9341 -0.0000 0.3570
vn -0.9816 -0.0000 0.1910
vn -0.9998 -0.0000 0.0192
vn -0.9882 -0.0000 -0.1531
vn 0.9026 -0.0000 0.4304
vn 0.8151 -0.0000 0.5793
vn 0.8151 -0.0000 0.5794
vn 0.7032 -0.0000 0.7110
vn 0.5704 -0.0000 0.8214
vn 0.4205 -0.0000 0.9073
vn 0.2581 -0.0000 0.9661
vn 0.0880 -0.0000 0.9961
vn -0.0847 -0.0000 0.9964
vn -0.2549 -0.0000 0.9670
vn -0.4175 -0.0000 0.9087
vn -0.5677 -0.0000 0.8233
vn -0.7009 -0.0000 0.7133
vn -0.8132 -0.0000 0.5820
vn -0.9012 -0.0000 0.4334
vn -0.9623 -0.0000 0.2719
vn -0.9948 -0.0000 0.1022
vn -0.9975 -0.0000 -0.0705
vn -0.9705 -0.0000 -0.2411
vn 0.8604 -0.0000 0.5096
vn 0.7599 -0.0000 0.6501
vn 0.6367 -0.0000 0.7711
vn 0.4945 -0.0000 0.8692
vn 0.3375 -0.0000 0.9413
vn -0.0016 -0.0000 1.0000
vn -0.1737 -0.0000 0.9848
vn -0.3406 -0.0000 0.9402
vn -0.4973 -0.0000 0.8676
vn -0.6392 -0.0000 0.7691
vn -0.7620 -0.0000 0.6476
vn -0.8621 -0.0000 0.5068
vn -0.9364 -0.0000 0.3509
vn -0.9828 -0.0000 0.1845
vn -0.9999 -0.0000 0.0126
vn -0.9872 -0.0000 -0.1596
vn -0.9450 -0.0000 -0.3271
vn 0.8113 -0.0000 0.5847
vn 0.6985 -0.0000 0.7156
vn 0.5650 -0.0000 0.8251
vn 0.4146 -0.0000 0.9100
vn 0.2518 -0.0000 0.9678
vn 0.0815 -0.0000 0.9967
vn -0.0913 -0.0000 0.9958
vn -0.2613 -0.0000 0.9653
vn -0.4235 -0.0000 0.9059
vn -0.5731 -0.0000 0.8195
vn -0.7055 -0.0000 0.7087
vn -0.8170 -0.0000 0.5767
vn -0.9040 -0.0000 0.4275
vn -0.9641 -0.0000 0.2655
vn -0.9954 -0.0000 0.0957
vn -0.9970 -0.0000 -0.0771
vn -0.9689 -0.0000 -0.2475
vn -0.9119 -0.0000 -0.4105
vn -0.9118 -0.0000 -0.4105
vn 0.7556 -0.0000 0.6550
vn 0.7556 -0.0000 0.6551
vn 0.6316 -0.0000 0.7753
vn 0.4888 -0.0000 0.8724
vn 0.4887 -0.0000 0.8724
vn 0.3313 -0.0000 0.9435
vn 0.1640 -0.0000 0.9865
vn -0.0082 -0.0000 1.0000
vn -0.1802 -0.0000 0.9836
vn -0.3467 -0.0000 0.9380
vn -0.5030 -0.0000 0.8643
vn -0.6442 -0.0000 0.7649
vn -0.6442 -0.0000 0.7648
vn -0.7662 -0.0000 0.6426
vn -0.8654 -0.0000 0.5011
vn -0.9387 -0.0000 0.3447
vn -0.9840 -0.0000 0.1780
vn -1.0000 -0.0000 0.0061
vn -0.9861 -0.0000 -0.1661
vn -0.9428 -0.0000 -0.3333
vn -0.8714 -0.0000 -0.4906
vn 0.6938 -0.0000 0.7201
vn 0.6938 -0.0000 0.7202
vn 0.5595 -0.0000 0.8288
vn 0.4086 -0.0000 0.9127
vn 0.2454 -0.0000 0.9694
vn 0.0749 -0.0000 0.9972
vn -0.0978 -0.0000 0.9952
vn -0.2676 -0.0000 0.9635
vn -0.4294 -0.0000 0.9031
vn -0.5784 -0.0000 0.8157
vn -0.7102 -0.0000 0.7040
vn -0.8207 -0.0000 0.5713
vn -0.9068 -0.0000 0.4216
vn -0.9068 -0.0000 0.4215
vn -0.9658 -0.0000 0.2592
vn -0.9960 -0.0000 0.0891
vn -0.9965 -0.0000 -0.0836
vn -0.9672 -0.0000 -0.2538
vn -0.9091 -0.0000 -0.4165
vn -0.8239 -0.0000 -0.5668
vn -0.8239 -0.0000 -0.5667
vn 0.6265 -0.0000 0.7795
vn 0.6265 -0.0000 0.7794
vn 0.4830 -0.0000 0.8756
vn 0.3251 -0.0000 0.9457
vn 0.1575 -0.0000 0.9875
vn -0.0148 -0.0000 0.9999
vn -0.1866 -0.0000 0.9824
vn -0.3529 -0.0000 0.9357
vn -0.5086 -0.0000 0.8610
vn -0.6492 -0.0000 0.7606
vn -0.7704 -0.0000 0.6375
vn -0.8686 -0.0000 0.4954
vn -0.9409 -0.0000 0.3385
vn -0.9409 -0.0000 0.3386
vn -0.9852 -0.0000 0.1716
vn -1.0000 -0.0000 -0.0005
vn -0.9850 -0.0000 -0.1726
vn -0.9406 -0.0000 -0.3395
vn -0.8681 -0.0000 -0.4963
vn -0.7698 -0.0000 -0.6383
vn 0.5541 -0.0000 0.8325
vn 0.4026 -0.0000 0.9154
vn 0.2390 -0.0000 0.9710
vn 0.0684 -0.0000 0.9977
vn -0.1043 -0.0000 0.9945
vn -0.2739 -0.0000 0.9617
vn -0.4353 -0.0000 0.9003
vn -0.4354 -0.0000 0.9003
vn -0.5838 -0.0000 0.8119
vn -0.7148 -0.0000 0.6994
vn -0.7148 -0.0000 0.6993
vn -0.8245 -0.0000 0.5659
vn -0.9096 -0.0000 0.4155
vn -0.9096 -0.0000 0.4156
vn -0.9675 -0.0000 0.2528
vn -0.9675 -0.0000 0.2529
vn -0.9966 -0.0000 0.0826
vn -0.9959 -0.0000 -0.0901
vn -0.9656 -0.0000 -0.2602
vn -0.9064 -0.0000 -0.4225
vn -0.8202 -0.0000 -0.5721
vn -0.7095 -0.0000 -0.7047
vn 0.4772 -0.0000 0.8788
vn 0.3189 -0.0000 0.9478
vn 0.1510 -0.0000 0.9885
vn -0.0213 -0.0000 0.9998
vn -0.1931 -0.0000 0.9812
vn -0.3590 -0.0000 0.9333
vn -0.5143 -0.0000 0.8576
vn -0.6542 -0.0000 0.7563
vn -0.7746 -0.0000 0.6324
vn -0.8719 -0.0000 0.4897
vn -0.9431 -0.0000 0.3324
vn -0.9432 -0.0000 0.3323
vn -0.9863 -0.0000 0.1651
vn -1.0000 -0.0000 -0.0071
vn -0.9838 -0.0000 -0.1791
vn -0.9384 -0.0000 -0.3457
vn -0.9383 -0.0000 -0.3457
vn -0.8649 -0.0000 -0.5020
vn -0.7656 -0.0000 -0.6434
vn -0.6434 -0.0000 -0.7655
vn 0.3965 -0.0000 0.9180
vn 0.2326 -0.0000 0.9726
vn 0.0618 -0.0000 0.9981
vn -0.1109 -0.0000 0.9938
vn -0.2802 -0.0000 0.9599
vn -0.2803 -0.0000 0.9599
vn -0.4413 -0.0000 0.8974
vn -0.5891 -0.0000 0.8081
vn -0.7194 -0.0000 0.6946
vn -0.8282 -0.0000 0.5604
vn -0.8282 -0.0000 0.5605
vn -0.9123 -0.0000 0.4096
vn -0.9691 -0.0000 0.2465
vn -0.9692 -0.0000 0.2465
vn -0.9971 -0.0000 0.0760
vn -0.9953 -0.0000 -0.0967
vn -0.9638 -0.0000 -0.2666
vn -0.9638 -0.0000 -0.2665
vn -0.9036 -0.0000 -0.4284
vn -0.8164 -0.0000 -0.5775
vn -0.7048 -0.0000 -0.7094
vn -0.5722 -0.0000 -0.8201
vn 0.3127 -0.0000 0.9499
vn 0.3126 -0.0000 0.9499
vn 0.1445 -0.0000 0.9895
vn -0.0279 -0.0000 0.9996
vn -0.1995 -0.0000 0.9799
vn -0.3652 -0.0000 0.9309
vn -0.5199 -0.0000 0.8542
vn -0.6592 -0.0000 0.7520
vn -0.7787 -0.0000 0.6273
vn -0.8751 -0.0000 0.4840
vn -0.9453 -0.0000 0.3261
vn -0.9453 -0.0000 0.3262
vn -0.9873 -0.0000 0.1586
vn -0.9999 -0.0000 -0.0137
vn -0.9826 -0.0000 -0.1855
vn -0.9361 -0.0000 -0.3519
vn -0.9360 -0.0000 -0.3519
vn -0.8616 -0.0000 -0.5077
vn -0.8615 -0.0000 -0.5077
vn -0.7613 -0.0000 -0.6484
vn -0.6384 -0.0000 -0.7697
vn -0.4964 -0.0000 -0.8681
vn 0.2263 -0.0000 0.9741
vn 0.0552 -0.0000 0.9985
vn -0.1174 -0.0000 0.9931
vn -0.2865 -0.0000 0.9581
vn -0.2866 -0.0000 0.9581
vn -0.4471 -0.0000 0.8945
vn -0.5944 -0.0000 0.8042
vn -0.5944 -0.0000 0.8041
vn -0.7239 -0.0000 0.6899
vn -0.8318 -0.0000 0.5550
vn -0.9149 -0.0000 0.4036
vn -0.9707 -0.0000 0.2402
vn -0.9707 -0.0000 0.2401
vn -0.9976 -0.0000 0.0694
vn -0.9976 -0.0000 0.0695
vn -0.9947 -0.0000 -0.1032
vn -0.9621 -0.0000 -0.2728
vn -0.9621 -0.0000 -0.2729
vn -0.9007 -0.0000 -0.4344
vn -0.8126 -0.0000 -0.5829
vn -0.8125 -0.0000 -0.5829
vn -0.7001 -0.0000 -0.7140
vn -0.7002 -0.0000 -0.7140
vn -0.5668 -0.0000 -0.8238
vn -0.4166 -0.0000 -0.9091
vn 0.1380 -0.0000 0.9904
vn -0.0345 -0.0000 0.9994
vn -0.2059 -0.0000 0.9786
vn -0.3713 -0.0000 0.9285
vn -0.5255 -0.0000 0.8508
vn -0.6641 -0.0000 0.7476
vn -0.7829 -0.0000 0.6222
vn -0.7828 -0.0000 0.6222
vn -0.8782 -0.0000 0.4782
vn -0.8783 -0.0000 0.4782
vn -0.9474 -0.0000 0.3200
vn -0.9474 -0.0000 0.3199
vn -0.9884 -0.0000 0.1522
vn -0.9884 -0.0000 0.1521
vn -0.9998 -0.0000 -0.0202
vn -0.9814 -0.0000 -0.1920
vn -0.9337 -0.0000 -0.3580
vn -0.8582 -0.0000 -0.5133
vn -0.8582 -0.0000 -0.5134
vn -0.7570 -0.0000 -0.6534
vn -0.6333 -0.0000 -0.7739
vn -0.4907 -0.0000 -0.8713
vn -0.3334 -0.0000 -0.9428
vn 0.0487 -0.0000 0.9988
vn -0.1239 -0.0000 0.9923
vn -0.2928 -0.0000 0.9562
vn -0.4530 -0.0000 0.8915
vn -0.5997 -0.0000 0.8003
vn -0.5997 -0.0000 0.8002
vn -0.7284 -0.0000 0.6851
vn -0.8355 -0.0000 0.5495
vn -0.9176 -0.0000 0.3976
vn -0.9723 -0.0000 0.2337
vn -0.9980 -0.0000 0.0629
vn -0.9940 -0.0000 -0.1098
vn -0.9602 -0.0000 -0.2792
vn -0.8979 -0.0000 -0.4403
vn -0.8979 -0.0000 -0.4402
vn -0.8087 -0.0000 -0.5882
vn -0.6954 -0.0000 -0.7186
vn -0.5614 -0.0000 -0.8276
vn -0.4106 -0.0000 -0.9118
vn -0.2476 -0.0000 -0.9689
vn -0.0410 -0.0000 0.9992
vn -0.2124 -0.0000 0.9772
vn -0.3774 -0.0000 0.9261
vn -0.5311 -0.0000 0.8473
vn -0.6690 -0.0000 0.7433
vn -0.7869 -0.0000 0.6170
vn -0.7869 -0.0000 0.6171
vn -0.8814 -0.0000 0.4724
vn -0.9495 -0.0000 0.3137
vn -0.9893 -0.0000 0.1456
vn -0.9996 -0.0000 -0.0268
vn -0.9801 -0.0000 -0.1984
vn -0.9314 -0.0000 -0.3641
vn -0.8548 -0.0000 -0.5190
vn -0.7527 -0.0000 -0.6583
vn -0.6282 -0.0000 -0.7780
vn -0.4849 -0.0000 -0.8746
vn -0.4849 -0.0000 -0.8745
vn -0.3272 -0.0000 -0.9449
vn -0.1597 -0.0000 -0.9872
vn -0.1304 -0.0000 0.9915
vn -0.2991 -0.0000 0.9542
vn -0.4589 -0.0000 0.8885
vn -0.6049 -0.0000 0.7963
vn -0.7329 -0.0000 0.6803
vn -0.8390 -0.0000 0.5441
vn -0.8391 -0.0000 0.5440
vn -0.9202 -0.0000 0.3915
vn -0.9738 -0.0000 0.2273
vn -0.9738 -0.0000 0.2274
vn -0.9984 -0.0000 0.0564
vn -0.9932 -0.0000 -0.1163
vn -0.9584 -0.0000 -0.2855
vn -0.8950 -0.0000 -0.4462
vn -0.8949 -0.0000 -0.4462
vn -0.8048 -0.0000 -0.5935
vn -0.6907 -0.0000 -0.7231
vn -0.6907 -0.0000 -0.7232
vn -0.5559 -0.0000 -0.8312
vn -0.5560 -0.0000 -0.8312
vn -0.4046 -0.0000 -0.9145
vn -0.2412 -0.0000 -0.9705
vn -0.0706 -0.0000 -0.9975
vn -0.2188 -0.0000 0.9758
vn -0.3834 -0.0000 0.9236
vn -0.3835 -0.0000 0.9236
vn -0.5366 -0.0000 0.8438
vn -0.5367 -0.0000 0.8438
vn -0.6739 -0.0000 0.7389
vn -0.7910 -0.0000 0.6119
vn -0.8845 -0.0000 0.4666
vn -0.8844 -0.0000 0.4666
vn -0.9516 -0.0000 0.3075
vn -0.9903 -0.0000 0.1391
vn -0.9994 -0.0000 -0.0333
vn -0.9994 -0.0000 -0.0334
vn -0.9788 -0.0000 -0.2049
vn -0.9289 -0.0000 -0.3702
vn -0.9289 -0.0000 -0.3703
vn -0.8514 -0.0000 -0.5246
vn -0.8514 -0.0000 -0.5245
vn -0.7484 -0.0000 -0.6633
vn -0.6231 -0.0000 -0.7822
vn -0.6231 -0.0000 -0.7821
vn -0.4792 -0.0000 -0.8777
vn -0.3210 -0.0000 -0.9471
vn -0.1532 -0.0000 -0.9882
vn 0.0191 -0.0000 -0.9998
vn -0.3054 -0.0000 0.9522
vn -0.4647 -0.0000 0.8855
vn -0.6102 -0.0000 0.7923
vn -0.6101 -0.0000 0.7923
vn -0.7374 -0.0000 0.6755
vn -0.8426 -0.0000 0.5385
vn -0.9227 -0.0000 0.3855
vn -0.9753 -0.0000 0.2209
vn -0.9988 -0.0000 0.0498
vn -0.9924 -0.0000 -0.1228
vn -0.9565 -0.0000 -0.2918
vn -0.8920 -0.0000 -0.4520
vn -0.8009 -0.0000 -0.5988
vn -0.6859 -0.0000 -0.7277
vn -0.5505 -0.0000 -0.8348
vn -0.5505 -0.0000 -0.8349
vn -0.3986 -0.0000 -0.9171
vn -0.2348 -0.0000 -0.9720
vn -0.0640 -0.0000 -0.9979
vn 0.1087 -0.0000 -0.9941
s 0
usemtl cap
f 1611//2934 1612//2934 1613//2934
f 1613//2934 1612//2934 1614//2934
f 1615//2935 1616//2935 1617//2935
f 1617//2935 1616//2935 1618//2935
f 1619//2936 1620//2936 1621//2936
f 1621//2936 1620//2936 1622//2936
f 1623//2937 1624//2937 1625//2937
f 1625//2937 1624//2937 1626//2937
f 1627//2938 1628//2938 1629//2938
f 1629//2938 1628//2938 1630//2938
f 1631//2939 1632//2939 1633//2939
f 1633//2939 1632//2939 1634//2939
f 1635//2940 1636//2940 1637//2940
f 1637//2940 1636//2940 1638//2940
f 1639//2941 1640//2941 1641//2941
f 1641//2941 1640//2941 1642//2941
f 1643//2942 1644//2942 1645//2942
f 1645//2942 1644//2942 1646//2942
f 1647//2943 1648//2943 1649//2943
f 1649//2943 1648//2943 1650//2943
f 1651//2944 1652//2944 1653//2944
f 1653//2944 1652//2944 1654//2944
f 1655//2945 1656//2945 1657//2945
f 1657//2945 1656//2945 1658//2945
f 1659//2946 1660//2946 1661//2946
f 1661//2946 1660//2946 1662//2946
f 1663//2947 1664//2947 1665//2947
f 1665//2947 1664//2947 1666//2947
f 1667//2948 1668//2948 1669//2948
f 1669//2948 1668//2948 1670//2948
f 1671//2949 1672//2949 1673//2949
f 1673//2949 1672//2949 1674//2949
f 1675//2950 1676//2950 1677//2950
f 1677//2950 1676//2950 1678//2950
f 1679//2951 1680//2951 1681//2951
f 1681//2951 1680//2951 1682//2951
f 1683//2952 1684//2952 1685//2952
f 1685//2952 1684//2952 1686//2952
f 1687//2953 1688//2953 1689//2953
f 1689//2953 1688//2953 1690//2953
f 1691//2954 1692//2954 1693//2954
f 1693//2954 1692//2954 1694//2954
f 1695//2955 1696//2955 1697//2955
f 1697//2955 1696//2955 1698//2955
f 1699//2956 1700//2956 1701//2956
f 1701//2956 1700//2956 1702//2956
f 1703//2957 1704//2957 1705//2957
f 1705//2957 1704//2957 1706//2957
f 1707//2958 1708//2958 1709//2958
f 1709//2958 1708//2958 1710//2958
f 1711//2959 1712//2959 1713//2959
f 1713//2959 1712//2959 1714//2959
f 1715//2960 1716//2960 1717//2960
f 1717//2960 1716//2960 1718//2960
f 1719//2961 1720//2961 1721//2961
f 1721//2961 1720//2961 1722//2961
f 1723//2962 1724//2962 1725//2962
f 1725//2962 1724//2962 1726//2962
f 1727//2963 1728//2963 1729//2963
f 1729//2963 1728//2963 1730//2963
f 1731//2964 1732//2964 1733//2964
f 1733//2964 1732//2964 1734//2964
f 1735//2965 1736//2965 1737//2965
f 1737//2966 1736//2966 1738//2966
f 1739//2967 1740//2967 1741//2967
f 1741//2967 1740//2967 1742//2967
f 1743//2968 1744//2968 1745//2968
f 1745//2968 1744//2968 1746//2968
f 1747//2969 1748//2969 1749//2969
f 1749//2969 1748//2969 1750//2969
f 1751//2970 1752//2970 1753//2970
f 1753//2970 1752//2970 1754//2970
f 1755//2971 1756//2971 1757//2971
f 1757//2971 1756//2971 1758//2971
f 1759//2972 1760//2972 1761//2972
f 1761//2972 1760//2972 1762//2972
f 1763//2973 1764//2973 1765//2973
f 1765//2973 1764//2973 1766//2973
f 1767//2974 1768//2974 1769//2974
f 1769//2974 1768//2974 1770//2974
f 1771//2975 1772//2975 1773//2975
f 1773//2975 1772//2975 1774//2975
f 1775//2976 1776//2976 1777//2976
f 1777//2976 1776//2976 1778//2976
f 1779//2977 1780//2977 1781//2977
f 1781//2977 1780//2977 1782//2977
f 1783//2978 1784//2978 1785//2978
f 1785//2978 1784//2978 1786//2978
f 1787//2979 1788//2979 1789//2979
f 1789//2979 1788//2979 1790//2979
f 1791//2980 1792//2980 1793//2980
f 1793//2980 1792//2980 1794//2980
f 1795//2981 1796//2981 1797//2981
f 1797//2981 1796//2981 1798//2981
f 1799//2982 1800//2982 1801//2982
f 1801//2982 1800//2982 1802//2982
f 1803//2983 1804//2983 1805//2983
f 1805//2983 1804//2983 1806//2983
f 1807//2984 1808//2984 1809//2984
f 1809//2984 1808//2984 1810//2984
f 1811//2985 1812//2985 1813//2985
f 1813//2985 1812//2985 1814//2985
f 1815//2986 1816//2986 1817//2986
f 1817//2986 1816//2986 1818//2986
f 1819//2987 1820//2987 1821//2987
f 1821//2987 1820//2987 1822//2987
f 1823//2988 1824//2988 1825//2988
f 1825//2988 1824//2988 1826//2988
f 1827//2989 1828//2989 1829//2989
f 1829//2989 1828//2989 1830//2989
f 1831//2990 1832//2990 1833//2990
f 1833//2990 1832//2990 1834//2990
f 1835//2991 1836//2991 1837//2991
f 1837//2991 1836//2991 1838//2991
f 1839//2992 1840//2992 1841//2992
f 1841//2992 1840//2992 1842//2992
f 1843//2993 1844//2993 1845//2993
f 1845//2993 1844//2993 1846//2993
f 1847//2994 1848//2994 1849//2994
f 1849//2994 1848//2994 1850//2994
f 1851//2995 1852//2995 1853//2995
f 1853//2995 1852//2995 1854//2995
f 1855//2996 1856//2996 1857//2996
f 1857//2996 1856//2996 1858//2996
f 1859//2997 1860//2997 1861//2997
f 1861//2997 1860//2997 1862//2997
f 1863//2998 1864//2998 1865//2998
f 1865//2998 1864//2998 1866//2998
f 1867//2999 1868//2999 1869//2999
f 1869//2999 1868//2999 1870//2999
f 1871//3000 1872//3000 1873//3000
f 1873//3000 1872//3000 1874//3000
f 1875//3001 1876//3001 1877//3001
f 1877//3001 1876//3001 1878//3001
f 1879//3002 1880//3002 1881//3002
f 1881//3002 1880//3002 1882//3002
f 1883//3003 1884//3003 1885//3003
f 1885//3004 1884//3004 1886//3004
f 1887//3005 1888//3005 1889//3005
f 1889//3005 1888//3005 1890//3005
f 1891//3006 1892//3006 1893//3006
f 1894//3006 1895//3006 1896//3006
f 1897//3006 1898//3006 1899//3006
f 1900//3006 1901//3006 1902//3006
f 1903//3006 1889//3006 1904//3006
f 1904//3006 1889//3006 1905//3006
f 1896//3006 1895//3006 1906//3006
f 1653//3006 1654//3006 1907//3006
f 1907//3006 1654//3006 1908//3006
f 1907//3006 1908//3006 1909//3006
f 1902//3006 1901//3006 1910//3006
f 1903//3006 1911//3006 1889//3006
f 1889//3006 1911//3006 1912//3006
f 1889//3006 1912//3006 1913//3006
f 1914//3006 1915//3006 1916//3006
f 1917//3006 1918//3006 1919//3006
f 1919//3006 1918//3006 1920//3006
f 1909//3006 1908//3006 1898//3006
f 1898//3006 1908//3006 1921//3006
f 1898//3006 1921//3006 1899//3006
f 1922//3006 1923//3006 1924//3006
f 1924//3006 1923//3006 1925//3006
f 1924//3006 1925//3006 1926//3006
f 1926//3006 1927//3006 1924//3006
f 1924//3006 1927//3006 1928//3006
f 1924//3006 1928//3006 1929//3006
f 1930//3006 1931//3006 1932//3006
f 1932//3006 1931//3006 1913//3006
f 1930//3006 1933//3006 1931//3006
f 1931//3006 1933//3006 1934//3006
f 1931//3006 1934//3006 1935//3006
f 1936//3006 1937//3006 1895//3006
f 1938//3006 1939//3006 1940//3006
f 1941//3006 1942//3006 1905//3006
f 1649//3006 1650//3006 1943//3006
f 1943//3006 1650//3006 1944//3006
f 1943//3006 1944//3006 1945//3006
f 1946//3006 1947//3006 1901//3006
f 1673//3006 1674//3006 1948//3006
f 1948//3006 1674//3006 1949//3006
f 1948//3006 1949//3006 1950//3006
f 1950//3006 1949//3006 1951//3006
f 1951//3006 1949//3006 1952//3006
f 1951//3006 1952//3006 1934//3006
f 1934//3006 1952//3006 1953//3006
f 1934//3006 1953//3006 1935//3006
f 1913//3006 1931//3006 1889//3006
f 1889//3006 1931//3006 1954//3006
f 1889//3006 1954//3006 1955//3006
f 1955//3006 1956//3006 1889//3006
f 1889//3006 1956//3006 1957//3006
f 1889//3006 1957//3006 1958//3006
f 1959//3006 1960//3006 1961//3006
f 1962//3006 1963//3006 1964//3006
f 1937//3006 1965//3006 1966//3006
f 1894//3006 1896//3006 1967//3006
f 1967//3006 1896//3006 1968//3006
f 1967//3006 1968//3006 1969//3006
f 1970//3006 1971//3006 1972//3006
f 1972//3006 1971//3006 1973//3006
f 1974//3006 1975//3006 1976//3006
f 1975//3006 1977//3006 1976//3006
f 1976//3006 1977//3006 1978//3006
f 1976//3006 1978//3006 1979//3006
f 1980//3006 1981//3006 1979//3006
f 1979//3006 1981//3006 1982//3006
f 1982//3006 1983//3006 1979//3006
f 1979//3006 1983//3006 1984//3006
f 1979//3006 1984//3006 1985//3006
f 1916//3006 1915//3006 1986//3006
f 1987//3006 1988//3006 1905//3006
f 1905//3006 1988//3006 1989//3006
f 1905//3006 1989//3006 1940//3006
f 1941//3006 1905//3006 1990//3006
f 1991//3006 1992//3006 1993//3006
f 1942//3006 1994//3006 1995//3006
f 1996//3006 1997//3006 1998//3006
f 1999//3006 2000//3006 2001//3006
f 2002//3006 2003//3006 2004//3006
f 2005//3006 2006//3006 1892//3006
f 1892//3006 2006//3006 2007//3006
f 1892//3006 2007//3006 1893//3006
f 1891//3006 1893//3006 2008//3006
f 2008//3006 1893//3006 2009//3006
f 2008//3006 2009//3006 2010//3006
f 2011//3006 1869//3006 1870//3006
f 1961//3006 2012//3006 2013//3006
f 2014//3006 2015//3006 1892//3006
f 1892//3006 2015//3006 2016//3006
f 2017//3006 2018//3006 1964//3006
f 1965//3006 2019//3006 2020//3006
f 1966//3006 2021//3006 1937//3006
f 1937//3006 2021//3006 2022//3006
f 1937//3006 2022//3006 1895//3006
f 1895//3006 2022//3006 2023//3006
f 1895//3006 2023//3006 1906//3006
f 1973//3006 2024//3006 1972//3006
f 1972//3006 2024//3006 2025//3006
f 1972//3006 2025//3006 2026//3006
f 1621//3006 1622//3006 2027//3006
f 2027//3006 1622//3006 2028//3006
f 1625//3006 1626//3006 2029//3006
f 2029//3006 1626//3006 2030//3006
f 1915//3006 2031//3006 1979//3006
f 1979//3006 2031//3006 2032//3006
f 1890//3006 2033//3006 1889//3006
f 1889//3006 2033//3006 2034//3006
f 1889//3006 2034//3006 2035//3006
f 2032//3006 2036//3006 1979//3006
f 1979//3006 2036//3006 2037//3006
f 1979//3006 2037//3006 1905//3006
f 1905//3006 2037//3006 2038//3006
f 1905//3006 2038//3006 2039//3006
f 2040//3006 2041//3006 2039//3006
f 2039//3006 2041//3006 2042//3006
f 2039//3006 2042//3006 1905//3006
f 1905//3006 2042//3006 2043//3006
f 1905//3006 2043//3006 1987//3006
f 1945//3006 1944//3006 2044//3006
f 2044//3006 1944//3006 2045//3006
f 2044//3006 2045//3006 1917//3006
f 1917//3006 2045//3006 2046//3006
f 1917//3006 2046//3006 1918//3006
f 1995//3006 2047//3006 1942//3006
f 1942//3006 2047//3006 2048//3006
f 1942//3006 2048//3006 1905//3006
f 1905//3006 2048//3006 2049//3006
f 1905//3006 2049//3006 2050//3006
f 1669//3006 1670//3006 2051//3006
f 2051//3006 1670//3006 2052//3006
f 2051//3006 2052//3006 1929//3006
f 1929//3006 2052//3006 2053//3006
f 1929//3006 2053//3006 1924//3006
f 1947//3006 2054//3006 1901//3006
f 1901//3006 2054//3006 2055//3006
f 1901//3006 2055//3006 1910//3006
f 1996//3006 2056//3006 1997//3006
f 1997//3006 2056//3006 2057//3006
f 1997//3006 2057//3006 2058//3006
f 1997//3006 2059//3006 2060//3006
f 2060//3006 2059//3006 2061//3006
f 2062//3006 2063//3006 2064//3006
f 2065//3006 2066//3006 2067//3006
f 1958//3006 2005//3006 1889//3006
f 1889//3006 2005//3006 1892//3006
f 1889//3006 1892//3006 2068//3006
f 2068//3006 1892//3006 2016//3006
f 2069//3006 2070//3006 2012//3006
f 2071//3006 2072//3006 2073//3006
f 1681//3006 1682//3006 2074//3006
f 2074//3006 1682//3006 2075//3006
f 2074//3006 2075//3006 1969//3006
f 1969//3006 2075//3006 2076//3006
f 1969//3006 2076//3006 1967//3006
f 2077//3006 2078//3006 2079//3006
f 2079//3006 2078//3006 2080//3006
f 1617//3006 1618//3006 2081//3006
f 2081//3006 1618//3006 2082//3006
f 2035//3006 2083//3006 1889//3006
f 1889//3006 2083//3006 2084//3006
f 1889//3006 2084//3006 1905//3006
f 1905//3006 2084//3006 2085//3006
f 1905//3006 2085//3006 1979//3006
f 1629//3006 1630//3006 2086//3006
f 2086//3006 1630//3006 2087//3006
f 2086//3006 2087//3006 2088//3006
f 2088//3006 2087//3006 2089//3006
f 2089//3006 2087//3006 2090//3006
f 2089//3006 2090//3006 2091//3006
f 1939//3006 2092//3006 1940//3006
f 1940//3006 2092//3006 2093//3006
f 1940//3006 2093//3006 2094//3006
f 2094//3006 2095//3006 1940//3006
f 1940//3006 2095//3006 2096//3006
f 1940//3006 2096//3006 1905//3006
f 1905//3006 2096//3006 2097//3006
f 1905//3006 2097//3006 1990//3006
f 1645//3006 1646//3006 2098//3006
f 2098//3006 1646//3006 2099//3006
f 2098//3006 2099//3006 2100//3006
f 2100//3006 2099//3006 1991//3006
f 2100//3006 1991//3006 2101//3006
f 2101//3006 1991//3006 1993//3006
f 1661//3006 1662//3006 2102//3006
f 2102//3006 1662//3006 2103//3006
f 2102//3006 2103//3006 2104//3006
f 2104//3006 2103//3006 2105//3006
f 2104//3006 2105//3006 1902//3006
f 1902//3006 2105//3006 2106//3006
f 1902//3006 2106//3006 1900//3006
f 1897//3006 1899//3006 2001//3006
f 2001//3006 1899//3006 2107//3006
f 2001//3006 2107//3006 1999//3006
f 2004//3006 2108//3006 2002//3006
f 2002//3006 2108//3006 2109//3006
f 2002//3006 2109//3006 2110//3006
f 2110//3006 2109//3006 2111//3006
f 2110//3006 2111//3006 2112//3006
f 1665//3006 1666//3006 2113//3006
f 2113//3006 1666//3006 2114//3006
f 2113//3006 2114//3006 2064//3006
f 2064//3006 2114//3006 2115//3006
f 2064//3006 2115//3006 2062//3006
f 1677//3006 1678//3006 2116//3006
f 2116//3006 1678//3006 2117//3006
f 2116//3006 2117//3006 2010//3006
f 2010//3006 2117//3006 2118//3006
f 2010//3006 2118//3006 2008//3006
f 1961//3006 1960//3006 1892//3006
f 1892//3006 1960//3006 2119//3006
f 1892//3006 2119//3006 2014//3006
f 2018//3006 2120//3006 1964//3006
f 1964//3006 2120//3006 2121//3006
f 1964//3006 2121//3006 1961//3006
f 1961//3006 2121//3006 2122//3006
f 2122//3006 2123//3006 1961//3006
f 1961//3006 2123//3006 2124//3006
f 1961//3006 2124//3006 2012//3006
f 2012//3006 2124//3006 2125//3006
f 2012//3006 2125//3006 2069//3006
f 1865//3006 1866//3006 2126//3006
f 2126//3006 1866//3006 2127//3006
f 2126//3006 2127//3006 2070//3006
f 2070//3006 2127//3006 2128//3006
f 2070//3006 2128//3006 2012//3006
f 2020//3006 2129//3006 1965//3006
f 1965//3006 2129//3006 2130//3006
f 1965//3006 2130//3006 1964//3006
f 1964//3006 2130//3006 2131//3006
f 1964//3006 2131//3006 1962//3006
f 2132//3006 2133//3006 2134//3006
f 2134//3006 2133//3006 2135//3006
f 2134//3006 2135//3006 2136//3006
f 2136//3006 2135//3006 2137//3006
f 2026//3006 2138//3006 1972//3006
f 1972//3006 2138//3006 2139//3006
f 1972//3006 2139//3006 2140//3006
f 2140//3006 2139//3006 2141//3006
f 2140//3006 2141//3006 2142//3006
f 2143//3006 2142//3006 2144//3006
f 2144//3006 2142//3006 2145//3006
f 2146//3006 1785//3006 1786//3006
f 2147//3006 2148//3006 2149//3006
f 2150//3006 2151//3006 2152//3006
f 2152//3006 2151//3006 2153//3006
f 2152//3006 2153//3006 2148//3006
f 2154//3006 2155//3006 2150//3006
f 2150//3006 2155//3006 2156//3006
f 2150//3006 2156//3006 2151//3006
f 2157//3006 2158//3006 2159//3006
f 2160//3006 2161//3006 1976//3006
f 1976//3006 2161//3006 2162//3006
f 2163//3006 2164//3006 2165//3006
f 2165//3006 2164//3006 2166//3006
f 2165//3006 2166//3006 2028//3006
f 2028//3006 2166//3006 2167//3006
f 2028//3006 2167//3006 2027//3006
f 1978//3006 2168//3006 1979//3006
f 1979//3006 2168//3006 2169//3006
f 1979//3006 2169//3006 1980//3006
f 1980//3006 2169//3006 2170//3006
f 1980//3006 2170//3006 2165//3006
f 2165//3006 2170//3006 2171//3006
f 2165//3006 2171//3006 2163//3006
f 1916//3006 2172//3006 1914//3006
f 1914//3006 2172//3006 2173//3006
f 1914//3006 2173//3006 2030//3006
f 2030//3006 2173//3006 2174//3006
f 2030//3006 2174//3006 2029//3006
f 2040//3006 2039//3006 2175//3006
f 2175//3006 2039//3006 2176//3006
f 2175//3006 2176//3006 2177//3006
f 2177//3006 2176//3006 2178//3006
f 2177//3006 2178//3006 2179//3006
f 2179//3006 2178//3006 2180//3006
f 2179//3006 2180//3006 2090//3006
f 2090//3006 2180//3006 2181//3006
f 2090//3006 2181//3006 2091//3006
f 1633//3006 1634//3006 2182//3006
f 2182//3006 1634//3006 2183//3006
f 1940//3006 2184//3006 1938//3006
f 1938//3006 2184//3006 2185//3006
f 1938//3006 2185//3006 2183//3006
f 2183//3006 2185//3006 2186//3006
f 2183//3006 2186//3006 2182//3006
f 2058//3006 2187//3006 1997//3006
f 1997//3006 2187//3006 2188//3006
f 1997//3006 2188//3006 2059//3006
f 1657//3006 1658//3006 2189//3006
f 2189//3006 1658//3006 2190//3006
f 2189//3006 2190//3006 2191//3006
f 2191//3006 2190//3006 2059//3006
f 2059//3006 2190//3006 2192//3006
f 2059//3006 2192//3006 2061//3006
f 2063//3006 2193//3006 2064//3006
f 2064//3006 2193//3006 2194//3006
f 2064//3006 2194//3006 2112//3006
f 2112//3006 2194//3006 2195//3006
f 2112//3006 2195//3006 2110//3006
f 1870//3006 2196//3006 2011//3006
f 2011//3006 2196//3006 2197//3006
f 2011//3006 2197//3006 2066//3006
f 2066//3006 2197//3006 2198//3006
f 2066//3006 2198//3006 2067//3006
f 2013//3006 2199//3006 1961//3006
f 1961//3006 2199//3006 2200//3006
f 1961//3006 2200//3006 2201//3006
f 2202//3006 2203//3006 2204//3006
f 2204//3006 2203//3006 2205//3006
f 2204//3006 2205//3006 2067//3006
f 2067//3006 2205//3006 2206//3006
f 2067//3006 2206//3006 2207//3006
f 1961//3006 2208//3006 2209//3006
f 1861//3006 1862//3006 2210//3006
f 2210//3006 1862//3006 2211//3006
f 2210//3006 2211//3006 2212//3006
f 2212//3006 2211//3006 2213//3006
f 2213//3006 2211//3006 2214//3006
f 2213//3006 2214//3006 2215//3006
f 2216//3006 2217//3006 2218//3006
f 2218//3006 2217//3006 2219//3006
f 2218//3006 2219//3006 2220//3006
f 2221//3006 2222//3006 1965//3006
f 1965//3006 2222//3006 2223//3006
f 1965//3006 2223//3006 2073//3006
f 2073//3006 2072//3006 1965//3006
f 1965//3006 2072//3006 2224//3006
f 1965//3006 2224//3006 2019//3006
f 2225//3006 2226//3006 1970//3006
f 1970//3006 2226//3006 2227//3006
f 2228//3006 2229//3006 1970//3006
f 1936//3006 1895//3006 2230//3006
f 2230//3006 1895//3006 2231//3006
f 2230//3006 2231//3006 2232//3006
f 1685//3006 1686//3006 2233//3006
f 2233//3006 1686//3006 2234//3006
f 2233//3006 2234//3006 2235//3006
f 2235//3006 2234//3006 2142//3006
f 2142//3006 2234//3006 2236//3006
f 2142//3006 2236//3006 2145//3006
f 2143//3006 2237//3006 2142//3006
f 2142//3006 2237//3006 2238//3006
f 2142//3006 2238//3006 2140//3006
f 2239//3006 2240//3006 2149//3006
f 2240//3006 2241//3006 2149//3006
f 2149//3006 2241//3006 2242//3006
f 2149//3006 2242//3006 2078//3006
f 1689//3006 1690//3006 2243//3006
f 2243//3006 1690//3006 2244//3006
f 2243//3006 2244//3006 2150//3006
f 2150//3006 2244//3006 2245//3006
f 2150//3006 2245//3006 2154//3006
f 2246//3006 2247//3006 2078//3006
f 2078//3006 2247//3006 2248//3006
f 2078//3006 2248//3006 2249//3006
f 2250//3006 2251//3006 2159//3006
f 1985//3006 2252//3006 1979//3006
f 1979//3006 2252//3006 2253//3006
f 1979//3006 2253//3006 1915//3006
f 1915//3006 2253//3006 2254//3006
f 1915//3006 2254//3006 1986//3006
f 2255//3006 2256//3006 1942//3006
f 1942//3006 2256//3006 2257//3006
f 1942//3006 2257//3006 1994//3006
f 1994//3006 2257//3006 2258//3006
f 1994//3006 2258//3006 2259//3006
f 2260//3006 2261//3006 2262//3006
f 2262//3006 2261//3006 2263//3006
f 2050//3006 2264//3006 1905//3006
f 1905//3006 2264//3006 2001//3006
f 1905//3006 2001//3006 2265//3006
f 2207//3006 2266//3006 2067//3006
f 2067//3006 2266//3006 2267//3006
f 2067//3006 2267//3006 2065//3006
f 2209//3006 2268//3006 1961//3006
f 1961//3006 2268//3006 2269//3006
f 1961//3006 2269//3006 1959//3006
f 2218//3006 2270//3006 2216//3006
f 2216//3006 2270//3006 2271//3006
f 2216//3006 2271//3006 2214//3006
f 2214//3006 2271//3006 2272//3006
f 2214//3006 2272//3006 2215//3006
f 2273//3006 1964//3006 2135//3006
f 2135//3006 1964//3006 1963//3006
f 2135//3006 1963//3006 2137//3006
f 2274//3006 2275//3006 2276//3006
f 2227//3006 2277//3006 1970//3006
f 1970//3006 2277//3006 2278//3006
f 1970//3006 2278//3006 2279//3006
f 2279//3006 2280//3006 1970//3006
f 1970//3006 2280//3006 2281//3006
f 1970//3006 2281//3006 2282//3006
f 2229//3006 2283//3006 1970//3006
f 1970//3006 2283//3006 2284//3006
f 1970//3006 2284//3006 1895//3006
f 1895//3006 2284//3006 2285//3006
f 1895//3006 2285//3006 2231//3006
f 2148//3006 2153//3006 2149//3006
f 2149//3006 2153//3006 2286//3006
f 2149//3006 2286//3006 2239//3006
f 2077//3006 2287//3006 2078//3006
f 2078//3006 2287//3006 2288//3006
f 2078//3006 2288//3006 2289//3006
f 2249//3006 2290//3006 2078//3006
f 2078//3006 2290//3006 2291//3006
f 2078//3006 2291//3006 2292//3006
f 2251//3006 2293//3006 2159//3006
f 2159//3006 2293//3006 2294//3006
f 2159//3006 2294//3006 2157//3006
f 1701//3006 1702//3006 2295//3006
f 2295//3006 1702//3006 2296//3006
f 1613//3006 1614//3006 2297//3006
f 2297//3006 1614//3006 2298//3006
f 2162//3006 2299//3006 1976//3006
f 1976//3006 2299//3006 2300//3006
f 1976//3006 2300//3006 2301//3006
f 2302//3006 2303//3006 2304//3006
f 2304//3006 2303//3006 2305//3006
f 2306//3006 2307//3006 1942//3006
f 1942//3006 2307//3006 2308//3006
f 1942//3006 2308//3006 2309//3006
f 1641//3006 1642//3006 2310//3006
f 2310//3006 1642//3006 2311//3006
f 1992//3006 1991//3006 2312//3006
f 2312//3006 1991//3006 2313//3006
f 2312//3006 2313//3006 2314//3006
f 2314//3006 2313//3006 2315//3006
f 2314//3006 2315//3006 2316//3006
f 2316//3006 2315//3006 2317//3006
f 2316//3006 2317//3006 2318//3006
f 2263//3006 2319//3006 2262//3006
f 2262//3006 2319//3006 2320//3006
f 2262//3006 2320//3006 2318//3006
f 2259//3006 2262//3006 1994//3006
f 1994//3006 2262//3006 2321//3006
f 1994//3006 2321//3006 2322//3006
f 2322//3006 2321//3006 2323//3006
f 2322//3006 2323//3006 1918//3006
f 1918//3006 2323//3006 2324//3006
f 1918//3006 2324//3006 1920//3006
f 1998//3006 2325//3006 1996//3006
f 1996//3006 2325//3006 2326//3006
f 1996//3006 2326//3006 2327//3006
f 2000//3006 2328//3006 2001//3006
f 2001//3006 2328//3006 2329//3006
f 2001//3006 2329//3006 1996//3006
f 2201//3006 2330//3006 1961//3006
f 1961//3006 2330//3006 2203//3006
f 1961//3006 2203//3006 2208//3006
f 2208//3006 2203//3006 2202//3006
f 2331//3006 2332//3006 2219//3006
f 2219//3006 2332//3006 2333//3006
f 2219//3006 2333//3006 2220//3006
f 2220//3006 2333//3006 2334//3006
f 2331//3006 2017//3006 2332//3006
f 2332//3006 2017//3006 1964//3006
f 2332//3006 1964//3006 2335//3006
f 2335//3006 1964//3006 2273//3006
f 1841//3006 1842//3006 2336//3006
f 2336//3006 1842//3006 2337//3006
f 1845//3006 1846//3006 2338//3006
f 2338//3006 1846//3006 2339//3006
f 2338//3006 2339//3006 2340//3006
f 2274//3006 2276//3006 2341//3006
f 1849//3006 1850//3006 2342//3006
f 2342//3006 1850//3006 2343//3006
f 2342//3006 2343//3006 2134//3006
f 2134//3006 2343//3006 2344//3006
f 2134//3006 2344//3006 2132//3006
f 2345//3006 1813//3006 1814//3006
f 1833//3006 1834//3006 2346//3006
f 2346//3006 1834//3006 2347//3006
f 2346//3006 2347//3006 2348//3006
f 2348//3006 2347//3006 2349//3006
f 2349//3006 2347//3006 2350//3006
f 2349//3006 2350//3006 2351//3006
f 2140//3006 2352//3006 1972//3006
f 1972//3006 2352//3006 2353//3006
f 1972//3006 2353//3006 2354//3006
f 2080//3006 2078//3006 2355//3006
f 2355//3006 2078//3006 2242//3006
f 2355//3006 2242//3006 2356//3006
f 2356//3006 2242//3006 2357//3006
f 2356//3006 2357//3006 2358//3006
f 2359//3006 1697//3006 1698//3006
f 2360//3006 2361//3006 2362//3006
f 2362//3006 2361//3006 2363//3006
f 2364//3006 2365//3006 1976//3006
f 1976//3006 2365//3006 2366//3006
f 1976//3006 2366//3006 2367//3006
f 2302//3006 2368//3006 2303//3006
f 2303//3006 2368//3006 2369//3006
f 2303//3006 2369//3006 2082//3006
f 2082//3006 2369//3006 2370//3006
f 2082//3006 2370//3006 2081//3006
f 2309//3006 2371//3006 1942//3006
f 1942//3006 2371//3006 2372//3006
f 1942//3006 2372//3006 2255//3006
f 2317//3006 2373//3006 2318//3006
f 2318//3006 2373//3006 2374//3006
f 2318//3006 2374//3006 2262//3006
f 2262//3006 2374//3006 2375//3006
f 2262//3006 2375//3006 2321//3006
f 2376//3006 2377//3006 2378//3006
f 2378//3006 2377//3006 2379//3006
f 2378//3006 2379//3006 2380//3006
f 2380//3006 2379//3006 2381//3006
f 2378//3006 2382//3006 2376//3006
f 2376//3006 2382//3006 2383//3006
f 2376//3006 2383//3006 2384//3006
f 2384//3006 2383//3006 2385//3006
f 2384//3006 2385//3006 1965//3006
f 1965//3006 2385//3006 2386//3006
f 1965//3006 2386//3006 2221//3006
f 2340//3006 2339//3006 2275//3006
f 2275//3006 2339//3006 2387//3006
f 2275//3006 2387//3006 2276//3006
f 2388//3006 2389//3006 2390//3006
f 2390//3006 2391//3006 2388//3006
f 2388//3006 2391//3006 2345//3006
f 2388//3006 2345//3006 2392//3006
f 2392//3006 2345//3006 1814//3006
f 1970//3006 2393//3006 2394//3006
f 2395//3006 2396//3006 2397//3006
f 2397//3006 2396//3006 2225//3006
f 2397//3006 2225//3006 2398//3006
f 2398//3006 2225//3006 1970//3006
f 2398//3006 1970//3006 2399//3006
f 2399//3006 1970//3006 2394//3006
f 2400//3006 2401//3006 2282//3006
f 2282//3006 2401//3006 2402//3006
f 2282//3006 2402//3006 1970//3006
f 1970//3006 2402//3006 2403//3006
f 1970//3006 2403//3006 2228//3006
f 2232//3006 2231//3006 2404//3006
f 2404//3006 2231//3006 2405//3006
f 2404//3006 2405//3006 2350//3006
f 2350//3006 2405//3006 2406//3006
f 2350//3006 2406//3006 2351//3006
f 2407//3006 1789//3006 1790//3006
f 2408//3006 2409//3006 2410//3006
f 2410//3006 2409//3006 2411//3006
f 2412//3006 1781//3006 1782//3006
f 2358//3006 2413//3006 2356//3006
f 2356//3006 2413//3006 2414//3006
f 2356//3006 2414//3006 2415//3006
f 2415//3006 2414//3006 2416//3006
f 2289//3006 2417//3006 2078//3006
f 2078//3006 2417//3006 2418//3006
f 2078//3006 2418//3006 2246//3006
f 2417//3006 2419//3006 2418//3006
f 2418//3006 2419//3006 2420//3006
f 2418//3006 2420//3006 2421//3006
f 2421//3006 2420//3006 2422//3006
f 2423//3006 2424//3006 2291//3006
f 2291//3006 2424//3006 2425//3006
f 2291//3006 2425//3006 2426//3006
f 2426//3006 2427//3006 2291//3006
f 2291//3006 2427//3006 2428//3006
f 2291//3006 2428//3006 2292//3006
f 2429//3006 2430//3006 2431//3006
f 2431//3006 2430//3006 2432//3006
f 2431//3006 2432//3006 2433//3006
f 2434//3006 2435//3006 2436//3006
f 2363//3006 2437//3006 2362//3006
f 2362//3006 2437//3006 2438//3006
f 2362//3006 2438//3006 2298//3006
f 2298//3006 2438//3006 2439//3006
f 2298//3006 2439//3006 2297//3006
f 2367//3006 2440//3006 1976//3006
f 1976//3006 2440//3006 2441//3006
f 1976//3006 2441//3006 2442//3006
f 2160//3006 1976//3006 2443//3006
f 2443//3006 1976//3006 2442//3006
f 2443//3006 2442//3006 2360//3006
f 2360//3006 2442//3006 2444//3006
f 2360//3006 2444//3006 2361//3006
f 1974//3006 1976//3006 2445//3006
f 2445//3006 1976//3006 2301//3006
f 2445//3006 2301//3006 2305//3006
f 2305//3006 2301//3006 2446//3006
f 2305//3006 2446//3006 2304//3006
f 1637//3006 1638//3006 2447//3006
f 2447//3006 1638//3006 2448//3006
f 2306//3006 2449//3006 2307//3006
f 2307//3006 2449//3006 2450//3006
f 2307//3006 2450//3006 2448//3006
f 2448//3006 2450//3006 2451//3006
f 2448//3006 2451//3006 2447//3006
f 2452//3006 2453//3006 2262//3006
f 2262//3006 2453//3006 2454//3006
f 2262//3006 2454//3006 2260//3006
f 2381//3006 2455//3006 2380//3006
f 2380//3006 2455//3006 2456//3006
f 2380//3006 2456//3006 2337//3006
f 2337//3006 2456//3006 2457//3006
f 2337//3006 2457//3006 2336//3006
f 2071//3006 2073//3006 2276//3006
f 2276//3006 2073//3006 2458//3006
f 2276//3006 2458//3006 2341//3006
f 2459//3006 2460//3006 2461//3006
f 2462//3006 2463//3006 2464//3006
f 2461//3006 2465//3006 2466//3006
f 2466//3006 2465//3006 2467//3006
f 1825//3006 1826//3006 2468//3006
f 2468//3006 1826//3006 2469//3006
f 2468//3006 2469//3006 2470//3006
f 2471//3006 2149//3006 2472//3006
f 2472//3006 2149//3006 2473//3006
f 2472//3006 2473//3006 2474//3006
f 2474//3006 2473//3006 2475//3006
f 2476//3006 2477//3006 2353//3006
f 2353//3006 2477//3006 2478//3006
f 2479//3006 2480//3006 2481//3006
f 2481//3006 2480//3006 2407//3006
f 2481//3006 2407//3006 2482//3006
f 2482//3006 2407//3006 1790//3006
f 2479//3006 2481//3006 2410//3006
f 2410//3006 2481//3006 2483//3006
f 2410//3006 2483//3006 2408//3006
f 2484//3006 2485//3006 2486//3006
f 2486//3006 2485//3006 2410//3006
f 2486//3006 2410//3006 2487//3006
f 2487//3006 2410//3006 2411//3006
f 1782//3006 2488//3006 2412//3006
f 2412//3006 2488//3006 2489//3006
f 2412//3006 2489//3006 2473//3006
f 2473//3006 2489//3006 2490//3006
f 2473//3006 2490//3006 2475//3006
f 2491//3006 1693//3006 1694//3006
f 1698//3006 2492//3006 2359//3006
f 2359//3006 2492//3006 2493//3006
f 2359//3006 2493//3006 2420//3006
f 2420//3006 2493//3006 2494//3006
f 2420//3006 2494//3006 2422//3006
f 1778//3006 2495//3006 2431//3006
f 2431//3006 2495//3006 2496//3006
f 2431//3006 2496//3006 2497//3006
f 2296//3006 1702//3006 2498//3006
f 2498//3006 1702//3006 2499//3006
f 2498//3006 2499//3006 2500//3006
f 2500//3006 2499//3006 2501//3006
f 2500//3006 2501//3006 2502//3006
f 2503//3006 2250//3006 2500//3006
f 2500//3006 2250//3006 2159//3006
f 2500//3006 2159//3006 2431//3006
f 2431//3006 2159//3006 2504//3006
f 2431//3006 2504//3006 2429//3006
f 2158//3006 2505//3006 2159//3006
f 2159//3006 2505//3006 2506//3006
f 2159//3006 2506//3006 2434//3006
f 2507//3006 1705//3006 1706//3006
f 2508//3006 2509//3006 2435//3006
f 2435//3006 2509//3006 2510//3006
f 2435//3006 2510//3006 2436//3006
f 1873//3006 1874//3006 2511//3006
f 2511//3006 1874//3006 2512//3006
f 2511//3006 2512//3006 2513//3006
f 2513//3006 2512//3006 2514//3006
f 2514//3006 2512//3006 2515//3006
f 2514//3006 2515//3006 2516//3006
f 2452//3006 2517//3006 2453//3006
f 2453//3006 2517//3006 2518//3006
f 2453//3006 2518//3006 2311//3006
f 2311//3006 2518//3006 2519//3006
f 2311//3006 2519//3006 2310//3006
f 1946//3006 1901//3006 2327//3006
f 2327//3006 1901//3006 2520//3006
f 2327//3006 2520//3006 1996//3006
f 1996//3006 2520//3006 2521//3006
f 1996//3006 2521//3006 2001//3006
f 2001//3006 2521//3006 2522//3006
f 2001//3006 2522//3006 2523//3006
f 1924//3006 2265//3006 1922//3006
f 1922//3006 2265//3006 2001//3006
f 1922//3006 2001//3006 2002//3006
f 2002//3006 2001//3006 2523//3006
f 2002//3006 2523//3006 2003//3006
f 1857//3006 1858//3006 2524//3006
f 2524//3006 1858//3006 2525//3006
f 2524//3006 2525//3006 2526//3006
f 2526//3006 2525//3006 2527//3006
f 2528//3006 2529//3006 1965//3006
f 1965//3006 2529//3006 2530//3006
f 1965//3006 2530//3006 2384//3006
f 2531//3006 1793//3006 1794//3006
f 2465//3006 2532//3006 2467//3006
f 2467//3006 2532//3006 2533//3006
f 2467//3006 2533//3006 2534//3006
f 2534//3006 2533//3006 2535//3006
f 2536//3006 2537//3006 1970//3006
f 1970//3006 2537//3006 2538//3006
f 1970//3006 2538//3006 2393//3006
f 2393//3006 2538//3006 2539//3006
f 2540//3006 2541//3006 2542//3006
f 2542//3006 2541//3006 2539//3006
f 2542//3006 2539//3006 2543//3006
f 2470//3006 2469//3006 2544//3006
f 2544//3006 2469//3006 2545//3006
f 2544//3006 2545//3006 2546//3006
f 1829//3006 1830//3006 2547//3006
f 2547//3006 1830//3006 2548//3006
f 2549//3006 2353//3006 2471//3006
f 2471//3006 2353//3006 2550//3006
f 2471//3006 2550//3006 2149//3006
f 2149//3006 2550//3006 2551//3006
f 2149//3006 2551//3006 2147//3006
f 1694//3006 2552//3006 2491//3006
f 2491//3006 2552//3006 2553//3006
f 2491//3006 2553//3006 2414//3006
f 2414//3006 2553//3006 2554//3006
f 2414//3006 2554//3006 2416//3006
f 2497//3006 2555//3006 2431//3006
f 2431//3006 2555//3006 2556//3006
f 2431//3006 2556//3006 2291//3006
f 2291//3006 2556//3006 2557//3006
f 2291//3006 2557//3006 2423//3006
f 2433//3006 2558//3006 2431//3006
f 2431//3006 2558//3006 2559//3006
f 2431//3006 2559//3006 2560//3006
f 2561//3006 2562//3006 2563//3006
f 2563//3006 2562//3006 2564//3006
f 2563//3006 2564//3006 2565//3006
f 2565//3006 2564//3006 2566//3006
f 2565//3006 2566//3006 2567//3006
f 2431//3006 2568//3006 2569//3006
f 2502//3006 2570//3006 2500//3006
f 2500//3006 2570//3006 2571//3006
f 2500//3006 2571//3006 2503//3006
f 2572//3006 2573//3006 2159//3006
f 2573//3006 2574//3006 2159//3006
f 2159//3006 2574//3006 2575//3006
f 2159//3006 2575//3006 2576//3006
f 1706//3006 2577//3006 2507//3006
f 2507//3006 2577//3006 2578//3006
f 2507//3006 2578//3006 2435//3006
f 2435//3006 2578//3006 2579//3006
f 2435//3006 2579//3006 2508//3006
f 2580//3006 2581//3006 1976//3006
f 2582//3006 2583//3006 2584//3006
f 2584//3006 2583//3006 2585//3006
f 2584//3006 2585//3006 2586//3006
f 2587//3006 2333//3006 2588//3006
f 2589//3006 2590//3006 2591//3006
f 2591//3006 2590//3006 2592//3006
f 2591//3006 2592//3006 2593//3006
f 1972//3006 2594//3006 2595//3006
f 2595//3006 2594//3006 2596//3006
f 2595//3006 2596//3006 2597//3006
f 2595//3006 2598//3006 1972//3006
f 1972//3006 2598//3006 2599//3006
f 1972//3006 2599//3006 2600//3006
f 1817//3006 1818//3006 2601//3006
f 2601//3006 1818//3006 2602//3006
f 2535//3006 2603//3006 2534//3006
f 2534//3006 2603//3006 2604//3006
f 2534//3006 2604//3006 2602//3006
f 2602//3006 2604//3006 2605//3006
f 2602//3006 2605//3006 2601//3006
f 2538//3006 2606//3006 2539//3006
f 2539//3006 2606//3006 2607//3006
f 2539//3006 2607//3006 2608//3006
f 2397//3006 2609//3006 2395//3006
f 2395//3006 2609//3006 2610//3006
f 2395//3006 2610//3006 2545//3006
f 2545//3006 2610//3006 2611//3006
f 2545//3006 2611//3006 2546//3006
f 2282//3006 2612//3006 2400//3006
f 2400//3006 2612//3006 2613//3006
f 2400//3006 2613//3006 2548//3006
f 2548//3006 2613//3006 2614//3006
f 2548//3006 2614//3006 2547//3006
f 2615//3006 2616//3006 2617//3006
f 2484//3006 2618//3006 2353//3006
f 2353//3006 2618//3006 2619//3006
f 2353//3006 2619//3006 2354//3006
f 2620//3006 1765//3006 1766//3006
f 2568//3006 2431//3006 2563//3006
f 2563//3006 2431//3006 2621//3006
f 2563//3006 2621//3006 2561//3006
f 2622//3006 2623//3006 1778//3006
f 1778//3006 2623//3006 2624//3006
f 1778//3006 2624//3006 1777//3006
f 2434//3006 2436//3006 2159//3006
f 2159//3006 2436//3006 2625//3006
f 2159//3006 2625//3006 2572//3006
f 2626//3006 2627//3006 2159//3006
f 1881//3006 1882//3006 2628//3006
f 2628//3006 1882//3006 2629//3006
f 2581//3006 2630//3006 1976//3006
f 1976//3006 2630//3006 2631//3006
f 1976//3006 2631//3006 2364//3006
f 2364//3006 2631//3006 2632//3006
f 2364//3006 2632//3006 2633//3006
f 2633//3006 2632//3006 2634//3006
f 2633//3006 2634//3006 2515//3006
f 2515//3006 2634//3006 2635//3006
f 2515//3006 2635//3006 2516//3006
f 2525//3006 2636//3006 2527//3006
f 2527//3006 2636//3006 2584//3006
f 2527//3006 2584//3006 2637//3006
f 2637//3006 2584//3006 2586//3006
f 2584//3006 2638//3006 2582//3006
f 2582//3006 2638//3006 2639//3006
f 2582//3006 2639//3006 2587//3006
f 2587//3006 2639//3006 2640//3006
f 2587//3006 2640//3006 2333//3006
f 2333//3006 2640//3006 2641//3006
f 2333//3006 2641//3006 2334//3006
f 1937//3006 2642//3006 1965//3006
f 1965//3006 2642//3006 2593//3006
f 1965//3006 2593//3006 2528//3006
f 2528//3006 2593//3006 2592//3006
f 2591//3006 2643//3006 2589//3006
f 2589//3006 2643//3006 2644//3006
f 2589//3006 2644//3006 2645//3006
f 2645//3006 2644//3006 2646//3006
f 1801//3006 1802//3006 2647//3006
f 2647//3006 1802//3006 2648//3006
f 2647//3006 2648//3006 2649//3006
f 2608//3006 2650//3006 2539//3006
f 2539//3006 2650//3006 2651//3006
f 2539//3006 2651//3006 2543//3006
f 1821//3006 1822//3006 2652//3006
f 2652//3006 1822//3006 2653//3006
f 2652//3006 2653//3006 2542//3006
f 2542//3006 2653//3006 2654//3006
f 2542//3006 2654//3006 2540//3006
f 2655//3006 2656//3006 2353//3006
f 2353//3006 2656//3006 2657//3006
f 2353//3006 2657//3006 2476//3006
f 2658//3006 2659//3006 2660//3006
f 2660//3006 2659//3006 2661//3006
f 2662//3006 1769//3006 1770//3006
f 2663//3006 2664//3006 2665//3006
f 2665//3006 2664//3006 2666//3006
f 2665//3006 2666//3006 2667//3006
f 2667//3006 2666//3006 2668//3006
f 2667//3006 2668//3006 2669//3006
f 2669//3006 2668//3006 2670//3006
f 1877//3006 1878//3006 2671//3006
f 2671//3006 1878//3006 2672//3006
f 2673//3006 2674//3006 2675//3006
f 2675//3006 2674//3006 2676//3006
f 2675//3006 2676//3006 2677//3006
f 2677//3006 2676//3006 2678//3006
f 2679//3006 2680//3006 2681//3006
f 2681//3006 2680//3006 2682//3006
f 2681//3006 2682//3006 2683//3006
f 1794//3006 2684//3006 2531//3006
f 2531//3006 2684//3006 2685//3006
f 2531//3006 2685//3006 2597//3006
f 2597//3006 2685//3006 2686//3006
f 2597//3006 2686//3006 2595//3006
f 2600//3006 2459//3006 1972//3006
f 1972//3006 2459//3006 2461//3006
f 1972//3006 2461//3006 1970//3006
f 1970//3006 2461//3006 2687//3006
f 1970//3006 2687//3006 2536//3006
f 2688//3006 2689//3006 2690//3006
f 2690//3006 2689//3006 2691//3006
f 2460//3006 2692//3006 2461//3006
f 2461//3006 2692//3006 2689//3006
f 2461//3006 2689//3006 2465//3006
f 2465//3006 2689//3006 2688//3006
f 2549//3006 2693//3006 2353//3006
f 2353//3006 2693//3006 2616//3006
f 2353//3006 2616//3006 2655//3006
f 2655//3006 2616//3006 2615//3006
f 2478//3006 2694//3006 2353//3006
f 2353//3006 2694//3006 2695//3006
f 2353//3006 2695//3006 2484//3006
f 2484//3006 2695//3006 2696//3006
f 2484//3006 2696//3006 2485//3006
f 2560//3006 2697//3006 2431//3006
f 2431//3006 2697//3006 2660//3006
f 2431//3006 2660//3006 2621//3006
f 2697//3006 2698//3006 2660//3006
f 2660//3006 2698//3006 2699//3006
f 2660//3006 2699//3006 2658//3006
f 2658//3006 2699//3006 2663//3006
f 2658//3006 2663//3006 2700//3006
f 2700//3006 2663//3006 2665//3006
f 2701//3006 2702//3006 2567//3006
f 2567//3006 2702//3006 2703//3006
f 2567//3006 2703//3006 2565//3006
f 2569//3006 2704//3006 2431//3006
f 2431//3006 2704//3006 2705//3006
f 2431//3006 2705//3006 1778//3006
f 1778//3006 2705//3006 2706//3006
f 1778//3006 2706//3006 2622//3006
f 2627//3006 2707//3006 2159//3006
f 2159//3006 2707//3006 2708//3006
f 2159//3006 2708//3006 2709//3006
f 1709//3006 1710//3006 2710//3006
f 2710//3006 1710//3006 2711//3006
f 2712//3006 2713//3006 2159//3006
f 2714//3006 2715//3006 1714//3006
f 1714//3006 2715//3006 2716//3006
f 1714//3006 2716//3006 1713//3006
f 2678//3006 2717//3006 2677//3006
f 2677//3006 2717//3006 2718//3006
f 2677//3006 2718//3006 2672//3006
f 2672//3006 2718//3006 2719//3006
f 2672//3006 2719//3006 2671//3006
f 2675//3006 2720//3006 2673//3006
f 2673//3006 2720//3006 2721//3006
f 2673//3006 2721//3006 2722//3006
f 1853//3006 1854//3006 2723//3006
f 2723//3006 1854//3006 2724//3006
f 2588//3006 2725//3006 2587//3006
f 2587//3006 2725//3006 2681//3006
f 2587//3006 2681//3006 2726//3006
f 2726//3006 2681//3006 2727//3006
f 1837//3006 1838//3006 2728//3006
f 2728//3006 1838//3006 2729//3006
f 2646//3006 2730//3006 2645//3006
f 2645//3006 2730//3006 2731//3006
f 2645//3006 2731//3006 2729//3006
f 2729//3006 2731//3006 2732//3006
f 2729//3006 2732//3006 2728//3006
f 2733//3006 2689//3006 2734//3006
f 2735//3006 2464//3006 2736//3006
f 2735//3006 2737//3006 2464//3006
f 2464//3006 2737//3006 2738//3006
f 2464//3006 2738//3006 2462//3006
f 2739//3006 2740//3006 2741//3006
f 2742//3006 2743//3006 2689//3006
f 2689//3006 2743//3006 2744//3006
f 2689//3006 2744//3006 2691//3006
f 2617//3006 2745//3006 2615//3006
f 2615//3006 2745//3006 2746//3006
f 2615//3006 2746//3006 2747//3006
f 2661//3006 2748//3006 2660//3006
f 2660//3006 2748//3006 2749//3006
f 2660//3006 2749//3006 2750//3006
f 2750//3006 2749//3006 2751//3006
f 2750//3006 2751//3006 2752//3006
f 1766//3006 2753//3006 2620//3006
f 2620//3006 2753//3006 2754//3006
f 2620//3006 2754//3006 2668//3006
f 2668//3006 2754//3006 2755//3006
f 2668//3006 2755//3006 2670//3006
f 2756//3006 2757//3006 2701//3006
f 2701//3006 2757//3006 2758//3006
f 2701//3006 2758//3006 2702//3006
f 2759//3006 2760//3006 2576//3006
f 2576//3006 2760//3006 2761//3006
f 2576//3006 2761//3006 2159//3006
f 2159//3006 2761//3006 2762//3006
f 2159//3006 2762//3006 2626//3006
f 2763//3006 2764//3006 2709//3006
f 2765//3006 2766//3006 2767//3006
f 2768//3006 2769//3006 2770//3006
f 2770//3006 2769//3006 2771//3006
f 2770//3006 2771//3006 2772//3006
f 2772//3006 2771//3006 2773//3006
f 2679//3006 2774//3006 2680//3006
f 2680//3006 2774//3006 2775//3006
f 2680//3006 2775//3006 2724//3006
f 2724//3006 2775//3006 2776//3006
f 2724//3006 2776//3006 2723//3006
f 2683//3006 2777//3006 2681//3006
f 2681//3006 2777//3006 2778//3006
f 2681//3006 2778//3006 2727//3006
f 2779//3006 2780//3006 2781//3006
f 2782//3006 2783//3006 2784//3006
f 2784//3006 2783//3006 2785//3006
f 2784//3006 2785//3006 2733//3006
f 1805//3006 1806//3006 2786//3006
f 2786//3006 1806//3006 2787//3006
f 2786//3006 2787//3006 2788//3006
f 2788//3006 2787//3006 2789//3006
f 2788//3006 2789//3006 2790//3006
f 2790//3006 2789//3006 2791//3006
f 2792//3006 2793//3006 2689//3006
f 1786//3006 2794//3006 2146//3006
f 2146//3006 2794//3006 2795//3006
f 2146//3006 2795//3006 2796//3006
f 2796//3006 2795//3006 2615//3006
f 2796//3006 2615//3006 2797//3006
f 2797//3006 2615//3006 2747//3006
f 1773//3006 1774//3006 2798//3006
f 2798//3006 1774//3006 2799//3006
f 2798//3006 2799//3006 2701//3006
f 2701//3006 2799//3006 2800//3006
f 2701//3006 2800//3006 2756//3006
f 2763//3006 2709//3006 2801//3006
f 2773//3006 2802//3006 2772//3006
f 2772//3006 2802//3006 2803//3006
f 2772//3006 2803//3006 2629//3006
f 2629//3006 2803//3006 2804//3006
f 2629//3006 2804//3006 2628//3006
f 2805//3006 2722//3006 2806//3006
f 2806//3006 2722//3006 2721//3006
f 2806//3006 2721//3006 1976//3006
f 1976//3006 2721//3006 2807//3006
f 1976//3006 2807//3006 2580//3006
f 2808//3006 2809//3006 2733//3006
f 2733//3006 2809//3006 2810//3006
f 2733//3006 2810//3006 2784//3006
f 2782//3006 2784//3006 2781//3006
f 2781//3006 2784//3006 2811//3006
f 2781//3006 2811//3006 2779//3006
f 2812//3006 1797//3006 1798//3006
f 2813//3006 2814//3006 2740//3006
f 2815//3006 2816//3006 2817//3006
f 2818//3006 2819//3006 2820//3006
f 2820//3006 2819//3006 2821//3006
f 2820//3006 2821//3006 2752//3006
f 2752//3006 2821//3006 2822//3006
f 2752//3006 2822//3006 2750//3006
f 2823//3006 2824//3006 2576//3006
f 2576//3006 2824//3006 2825//3006
f 2576//3006 2825//3006 2759//3006
f 2714//3006 1714//3006 2826//3006
f 2826//3006 1714//3006 2827//3006
f 2826//3006 2827//3006 2709//3006
f 2709//3006 2827//3006 2828//3006
f 2709//3006 2828//3006 2801//3006
f 2713//3006 2829//3006 2159//3006
f 2159//3006 2829//3006 2830//3006
f 2159//3006 2830//3006 2831//3006
f 1717//3006 1718//3006 2767//3006
f 2767//3006 1718//3006 2832//3006
f 2767//3006 2832//3006 2765//3006
f 2765//3006 2833//3006 2766//3006
f 2766//3006 2833//3006 2834//3006
f 2766//3006 2834//3006 2835//3006
f 2733//3006 2734//3006 2808//3006
f 2808//3006 2734//3006 2836//3006
f 2808//3006 2836//3006 2463//3006
f 2463//3006 2836//3006 2837//3006
f 2463//3006 2837//3006 2464//3006
f 2649//3006 2648//3006 2780//3006
f 2780//3006 2648//3006 2838//3006
f 2780//3006 2838//3006 2781//3006
f 1798//3006 2839//3006 2812//3006
f 2812//3006 2839//3006 2840//3006
f 2812//3006 2840//3006 2736//3006
f 2736//3006 2840//3006 2841//3006
f 2736//3006 2841//3006 2735//3006
f 1770//3006 2842//3006 2662//3006
f 2662//3006 2842//3006 2843//3006
f 2662//3006 2843//3006 2820//3006
f 2820//3006 2843//3006 2844//3006
f 2820//3006 2844//3006 2818//3006
f 2823//3006 2576//3006 2845//3006
f 2845//3006 2576//3006 2846//3006
f 2845//3006 2846//3006 1710//3006
f 1710//3006 2846//3006 2847//3006
f 1710//3006 2847//3006 2711//3006
f 2848//3006 2849//3006 2159//3006
f 2850//3006 2851//3006 2159//3006
f 2852//3006 2853//3006 2806//3006
f 2806//3006 2853//3006 2854//3006
f 2806//3006 2854//3006 2805//3006
f 2814//3006 2855//3006 2740//3006
f 2740//3006 2855//3006 2856//3006
f 2740//3006 2856//3006 2741//3006
f 1809//3006 1810//3006 2857//3006
f 2857//3006 1810//3006 2858//3006
f 2857//3006 2858//3006 2859//3006
f 2815//3006 2817//3006 2860//3006
f 2689//3006 2816//3006 2861//3006
f 2764//3006 2862//3006 2709//3006
f 2709//3006 2862//3006 2863//3006
f 2709//3006 2863//3006 2159//3006
f 2159//3006 2863//3006 2864//3006
f 2159//3006 2864//3006 2712//3006
f 2865//3006 2866//3006 2867//3006
f 2867//3006 2866//3006 2868//3006
f 2859//3006 2858//3006 2741//3006
f 2741//3006 2858//3006 2869//3006
f 2741//3006 2869//3006 2739//3006
f 2792//3006 2689//3006 2870//3006
f 2793//3006 2871//3006 2689//3006
f 2689//3006 2871//3006 2872//3006
f 2689//3006 2872//3006 2742//3006
f 2742//3006 2872//3006 2873//3006
f 2742//3006 2873//3006 2874//3006
f 2874//3006 2873//3006 2875//3006
f 2874//3006 2875//3006 2388//3006
f 2388//3006 2875//3006 2876//3006
f 2388//3006 2876//3006 2389//3006
f 2831//3006 2877//3006 2159//3006
f 2159//3006 2877//3006 2878//3006
f 2159//3006 2878//3006 2848//3006
f 2848//3006 2878//3006 2766//3006
f 2848//3006 2766//3006 2879//3006
f 2879//3006 2766//3006 2835//3006
f 2733//3006 2880//3006 2689//3006
f 2689//3006 2880//3006 2881//3006
f 2689//3006 2881//3006 2816//3006
f 2816//3006 2881//3006 2882//3006
f 2816//3006 2882//3006 2817//3006
f 2813//3006 2740//3006 2883//3006
f 2883//3006 2740//3006 2884//3006
f 2883//3006 2884//3006 2885//3006
f 2849//3006 2886//3006 2159//3006
f 2159//3006 2886//3006 2887//3006
f 2159//3006 2887//3006 2888//3006
f 2888//3006 2889//3006 2159//3006
f 2159//3006 2889//3006 2890//3006
f 2159//3006 2890//3006 2850//3006
f 2865//3006 2867//3006 2891//3006
f 2891//3006 2867//3006 2892//3006
f 2891//3006 2892//3006 2893//3006
f 2893//3006 2892//3006 2894//3006
f 2893//3006 2894//3006 2895//3006
f 2868//3006 2896//3006 2867//3006
f 2867//3006 2896//3006 2897//3006
f 2867//3006 2897//3006 2898//3006
f 2860//3006 2817//3006 2899//3006
f 2899//3006 2817//3006 2900//3006
f 2899//3006 2900//3006 2789//3006
f 2789//3006 2900//3006 2901//3006
f 2789//3006 2901//3006 2791//3006
f 2902//3006 2903//3006 2159//3006
f 2159//3006 2903//3006 2904//3006
f 2159//3006 2904//3006 2905//3006
f 2906//3006 1725//3006 1726//3006
f 1885//3006 1886//3006 2907//3006
f 2907//3006 1886//3006 2908//3006
f 2907//3006 2908//3006 2909//3006
f 2909//3006 2908//3006 2893//3006
f 2909//3006 2893//3006 2910//3006
f 2910//3006 2893//3006 2895//3006
f 2852//3006 2867//3006 2853//3006
f 2853//3006 2867//3006 2898//3006
f 2853//3006 2898//3006 2911//3006
f 2911//3006 2898//3006 2768//3006
f 2911//3006 2768//3006 2912//3006
f 2912//3006 2768//3006 2770//3006
f 2861//3006 2913//3006 2689//3006
f 2689//3006 2913//3006 2885//3006
f 2689//3006 2885//3006 2870//3006
f 2870//3006 2885//3006 2884//3006
f 2914//3006 1721//3006 1722//3006
f 2915//3006 2916//3006 2851//3006
f 2851//3006 2916//3006 2917//3006
f 2918//3006 2919//3006 2159//3006
f 2159//3006 2919//3006 2920//3006
f 2159//3006 2920//3006 2902//3006
f 1722//3006 2921//3006 2914//3006
f 2914//3006 2921//3006 2922//3006
f 2914//3006 2922//3006 2915//3006
f 2915//3006 2922//3006 2923//3006
f 2915//3006 2923//3006 2916//3006
f 2917//3006 2924//3006 2851//3006
f 2851//3006 2924//3006 2925//3006
f 2851//3006 2925//3006 2159//3006
f 2159//3006 2925//3006 2926//3006
f 2159//3006 2926//3006 2918//3006
f 2927//3006 1729//3006 1730//3006
f 2928//3006 2929//3006 2930//3006
f 2930//3006 2929//3006 2931//3006
f 2931//3006 2932//3006 2930//3006
f 2930//3006 2932//3006 2933//3006
f 2930//3006 2933//3006 2934//3006
f 2935//3006 2936//3006 2934//3006
f 2937//3006 1733//3006 1734//3006
f 1726//3006 2938//3006 2906//3006
f 2906//3006 2938//3006 2939//3006
f 2906//3006 2939//3006 2940//3006
f 2940//3006 2939//3006 2941//3006
f 2940//3006 2941//3006 2905//3006
f 2941//3006 2942//3006 2905//3006
f 2905//3006 2942//3006 2943//3006
f 2905//3006 2943//3006 2944//3006
f 1730//3006 2945//3006 2927//3006
f 2927//3006 2945//3006 2946//3006
f 2927//3006 2946//3006 2947//3006
f 2947//3006 2946//3006 2948//3006
f 2947//3006 2948//3006 2934//3006
f 2934//3006 2948//3006 2949//3006
f 2934//3006 2949//3006 2935//3006
f 2936//3006 2950//3006 2934//3006
f 2934//3006 2950//3006 2951//3006
f 2934//3006 2951//3006 2930//3006
f 2930//3006 2951//3006 2952//3006
f 2930//3006 2952//3006 2953//3006
f 2953//3006 2954//3006 2930//3006
f 2930//3006 2954//3006 2955//3006
f 2930//3006 2955//3006 2956//3006
f 2957//3006 2159//3006 2958//3006
f 2958//3006 2159//3006 2959//3006
f 2960//3006 2961//3006 2930//3006
f 2930//3006 2961//3006 2962//3006
f 2930//3006 2962//3006 2928//3006
f 1761//3006 1762//3006 2963//3006
f 2963//3006 1762//3006 2159//3006
f 2963//3006 2159//3006 2964//3006
f 2964//3006 2159//3006 2957//3006
f 2944//3006 2960//3006 2905//3006
f 2905//3006 2960//3006 2930//3006
f 2905//3006 2930//3006 2159//3006
f 2159//3006 2930//3006 2965//3006
f 2159//3006 2965//3006 2959//3006
f 1734//3006 2966//3006 2937//3006
f 2937//3006 2966//3006 2967//3006
f 2937//3006 2967//3006 2968//3006
f 2968//3006 2967//3006 2969//3006
f 2968//3006 2969//3006 2970//3006
f 2970//3006 2969//3006 2971//3006
f 2971//3006 2972//3006 2970//3006
f 2970//3006 2972//3006 2973//3006
f 2970//3006 2973//3006 2974//3006
f 2975//3006 2976//3006 2977//3006
f 2977//3006 2976//3006 2978//3006
f 2977//3006 2978//3006 2979//3006
f 2956//3006 2980//3006 2930//3006
f 2930//3006 2980//3006 2970//3006
f 2930//3006 2970//3006 2981//3006
f 2981//3006 2970//3006 2974//3006
f 2981//3006 2982//3006 2930//3006
f 2930//3006 2982//3006 2983//3006
f 2930//3006 2983//3006 2977//3006
f 2977//3006 2983//3006 2984//3006
f 2977//3006 2984//3006 2975//3006
f 2985//3006 1737//3006 1738//3006
f 2986//3006 2987//3006 2977//3006
f 2977//3006 2987//3006 2988//3006
f 2977//3006 2988//3006 2989//3006
f 1738//3006 2990//3006 2985//3006
f 2985//3006 2990//3006 2991//3006
f 2985//3006 2991//3006 2992//3006
f 2992//3006 2991//3006 2993//3006
f 2992//3006 2993//3006 2994//3006
f 2994//3006 2995//3006 2992//3006
f 2992//3006 2995//3006 2996//3006
f 2992//3006 2996//3006 2979//3006
f 2996//3006 2997//3006 2979//3006
f 2979//3006 2997//3006 2998//3006
f 2979//3006 2998//3006 2977//3006
f 2977//3006 2998//3006 2999//3006
f 2977//3006 2999//3006 2986//3006
f 1741//3006 1742//3006 3000//3006
f 3000//3006 1742//3006 3001//3006
f 3000//3006 3001//3006 3002//3006
f 3003//3006 1749//3006 1750//3006
f 3002//3006 3001//3006 3004//3006
f 3004//3006 3001//3006 3005//3006
f 3004//3006 3005//3006 3006//3006
f 3006//3006 3007//3006 3004//3006
f 3004//3006 3007//3006 3008//3006
f 3004//3006 3008//3006 3009//3006
f 3010//3006 3011//3006 3012//3006
f 3012//3006 3011//3006 3013//3006
f 3014//3006 1745//3006 1746//3006
f 3015//3006 3016//3006 3017//3006
f 3017//3006 3016//3006 3018//3006
f 3009//3006 3019//3006 3004//3006
f 3004//3006 3019//3006 3020//3006
f 3004//3006 3020//3006 3021//3006
f 3022//3006 3023//3006 3024//3006
f 3025//3006 3026//3006 3027//3006
f 3027//3006 3026//3006 3028//3006
f 3027//3006 3028//3006 3029//3006
f 3010//3006 3030//3006 3011//3006
f 3011//3006 3030//3006 3027//3006
f 3011//3006 3027//3006 3031//3006
f 3031//3006 3027//3006 3029//3006
f 3015//3006 3017//3006 3032//3006
f 3032//3006 3017//3006 3033//3006
f 3032//3006 3033//3006 3011//3006
f 3011//3006 3033//3006 3034//3006
f 3011//3006 3034//3006 3013//3006
f 3018//3006 3035//3006 3017//3006
f 3017//3006 3035//3006 3036//3006
f 3017//3006 3036//3006 3037//3006
f 1746//3006 3038//3006 3014//3006
f 3014//3006 3038//3006 3039//3006
f 3014//3006 3039//3006 3025//3006
f 3025//3006 3039//3006 3040//3006
f 3025//3006 3040//3006 3026//3006
f 3017//3006 3022//3006 3033//3006
f 3033//3006 3022//3006 3024//3006
f 3033//3006 3024//3006 3020//3006
f 3020//3006 3024//3006 2977//3006
f 3020//3006 2977//3006 3021//3006
f 3021//3006 2977//3006 2989//3006
f 3041//3006 3024//3006 3042//3006
f 3042//3006 3024//3006 3043//3006
f 3044//3006 1757//3006 1758//3006
f 3045//3006 1753//3006 1754//3006
f 3046//3006 3047//3006 3048//3006
f 3048//3006 3047//3006 3049//3006
f 3048//3006 3049//3006 3037//3006
f 3037//3006 3049//3006 3050//3006
f 3037//3006 3050//3006 3017//3006
f 3023//3006 3051//3006 3024//3006
f 3024//3006 3051//3006 3052//3006
f 3024//3006 3052//3006 3043//3006
f 3043//3006 3052//3006 3053//3006
f 3043//3006 3053//3006 3054//3006
f 3054//3006 3053//3006 3055//3006
f 3054//3006 3055//3006 3056//3006
f 3057//3006 3058//3006 3059//3006
f 3059//3006 3058//3006 3060//3006
f 3059//3006 3060//3006 3056//3006
f 3056//3006 3060//3006 3061//3006
f 3056//3006 3061//3006 3054//3006
f 1750//3006 3062//3006 3003//3006
f 3003//3006 3062//3006 3063//3006
f 3003//3006 3063//3006 3048//3006
f 3048//3006 3063//3006 3064//3006
f 3048//3006 3064//3006 3046//3006
f 1754//3006 3065//3006 3045//3006
f 3045//3006 3065//3006 3066//3006
f 3045//3006 3066//3006 3059//3006
f 3059//3006 3066//3006 3067//3006
f 3059//3006 3067//3006 3057//3006
f 3068//3006 3069//3006 3070//3006
f 3070//3006 3069//3006 3071//3006
f 3070//3006 3071//3006 3072//3006
f 3072//3006 3071//3006 3073//3006
f 3072//3006 3073//3006 3074//3006
f 1758//3006 3075//3006 3044//3006
f 3044//3006 3075//3006 3076//3006
f 3044//3006 3076//3006 3070//3006
f 3070//3006 3076//3006 3077//3006
f 3070//3006 3077//3006 3068//3006
f 3041//3006 3078//3006 3024//3006
f 3024//3006 3078//3006 3079//3006
f 3024//3006 3079//3006 3074//3006
f 3074//3006 3079//3006 3080//3006
f 3074//3006 3080//3006 3072//3006
f 3081//3007 1716//3007 1715//3007
f 3082//3007 1692//3007 1691//3007
f 3083//3007 1652//3007 1651//3007
f 3084//3007 1664//3007 1663//3007
f 3085//3007 1760//3007 1759//3007
f 3086//3007 1800//3007 1799//3007
f 3087//3007 1672//3007 1671//3007
f 3088//3007 1640//3007 1639//3007
f 3089//3007 1764//3007 1763//3007
f 3090//3007 1712//3007 1711//3007
f 3091//3007 1792//3007 1791//3007
f 3092//3007 1852//3007 1851//3007
f 3093//3007 1744//3007 1743//3007
f 3094//3007 1644//3007 1643//3007
f 3095//3007 1780//3007 1779//3007
f 3096//3007 3097//3007 3098//3007
f 3099//3007 3100//3007 3101//3007
f 3102//3007 3103//3007 3104//3007
f 3105//3007 3104//3007 3106//3007
f 3107//3007 3108//3007 3109//3007
f 3109//3007 3108//3007 3110//3007
f 3109//3007 3110//3007 3111//3007
f 3112//3007 3113//3007 3114//3007
f 1660//3007 1659//3007 3115//3007
f 3115//3007 1659//3007 3116//3007
f 1651//3007 3117//3007 3083//3007
f 3083//3007 3117//3007 3118//3007
f 3083//3007 3118//3007 3119//3007
f 3119//3007 3118//3007 3120//3007
f 3119//3007 3120//3007 3113//3007
f 3113//3007 3120//3007 3121//3007
f 3113//3007 3121//3007 3122//3007
f 3123//3007 3124//3007 3125//3007
f 3126//3007 3127//3007 3104//3007
f 3104//3007 3127//3007 3128//3007
f 3104//3007 3128//3007 3129//3007
f 3130//3007 3131//3007 3132//3007
f 1676//3007 1675//3007 3133//3007
f 3133//3007 1675//3007 3134//3007
f 3135//3007 3136//3007 3137//3007
f 1671//3007 3138//3007 3087//3007
f 3087//3007 3138//3007 3139//3007
f 3087//3007 3139//3007 3097//3007
f 3097//3007 3139//3007 3140//3007
f 3097//3007 3140//3007 3098//3007
f 3141//3007 3142//3007 3098//3007
f 3098//3007 3142//3007 3143//3007
f 3098//3007 3143//3007 3096//3007
f 3144//3007 3145//3007 1659//3007
f 1659//3007 3145//3007 3146//3007
f 1659//3007 3146//3007 3116//3007
f 3147//3007 3114//3007 3148//3007
f 3148//3007 3114//3007 3149//3007
f 3150//3007 1828//3007 1827//3007
f 3129//3007 3151//3007 3152//3007
f 3152//3007 3151//3007 3132//3007
f 3152//3007 3132//3007 3153//3007
f 3153//3007 3132//3007 3131//3007
f 3129//3007 3152//3007 3104//3007
f 3104//3007 3152//3007 3154//3007
f 3104//3007 3154//3007 3102//3007
f 3103//3007 3155//3007 3104//3007
f 3104//3007 3155//3007 3156//3007
f 3104//3007 3156//3007 3106//3007
f 3157//3007 3158//3007 3159//3007
f 3160//3007 3161//3007 3099//3007
f 3099//3007 3161//3007 3162//3007
f 3099//3007 3162//3007 3100//3007
f 3163//3007 3111//3007 3164//3007
f 3164//3007 3111//3007 3165//3007
f 3166//3007 1655//3007 3167//3007
f 3167//3007 1655//3007 3168//3007
f 3169//3007 3170//3007 3114//3007
f 3114//3007 3170//3007 3171//3007
f 3114//3007 3171//3007 3149//3007
f 3172//3007 3173//3007 3174//3007
f 3174//3007 3173//3007 3147//3007
f 3173//3007 3175//3007 3147//3007
f 3147//3007 3175//3007 3176//3007
f 3147//3007 3176//3007 3177//3007
f 3178//3007 3179//3007 3134//3007
f 3134//3007 3179//3007 3180//3007
f 3134//3007 3180//3007 3133//3007
f 3157//3007 3181//3007 3158//3007
f 3158//3007 3181//3007 3179//3007
f 3158//3007 3179//3007 3182//3007
f 3182//3007 3179//3007 3178//3007
f 3136//3007 3183//3007 3137//3007
f 3137//3007 3183//3007 3184//3007
f 3137//3007 3184//3007 3185//3007
f 3101//3007 3186//3007 3099//3007
f 3099//3007 3186//3007 3187//3007
f 3099//3007 3187//3007 3188//3007
f 3188//3007 3187//3007 3108//3007
f 3188//3007 3108//3007 3189//3007
f 3189//3007 3108//3007 3107//3007
f 3190//3007 3191//3007 3109//3007
f 3109//3007 3191//3007 3192//3007
f 3166//3007 3193//3007 1655//3007
f 1655//3007 3193//3007 3194//3007
f 1655//3007 3194//3007 1656//3007
f 3122//3007 3195//3007 3113//3007
f 3113//3007 3195//3007 3196//3007
f 3113//3007 3196//3007 3114//3007
f 3114//3008 3196//3008 3197//3008
f 3114//3009 3197//3009 3169//3009
f 1643//3007 3198//3007 3094//3007
f 3094//3007 3198//3007 3199//3007
f 3094//3007 3199//3007 3200//3007
f 3200//3007 3199//3007 3201//3007
f 3200//3007 3201//3007 3202//3007
f 3203//3007 1612//3007 1611//3007
f 3204//3007 3205//3007 3206//3007
f 3207//3007 3208//3007 3206//3007
f 3206//3007 3208//3007 3209//3007
f 3206//3007 3209//3007 3125//3007
f 3125//3007 3209//3007 3210//3007
f 3125//3007 3210//3007 3123//3007
f 3125//3007 3211//3007 3104//3007
f 3104//3007 3211//3007 3212//3007
f 3104//3007 3212//3007 3126//3007
f 1680//3007 1679//3007 3213//3007
f 3213//3007 1679//3007 3130//3007
f 3213//3007 3130//3007 3214//3007
f 3214//3007 3130//3007 3132//3007
f 3159//3007 3135//3007 3157//3007
f 3157//3007 3135//3007 3137//3007
f 3157//3007 3137//3007 3215//3007
f 3215//3007 3137//3007 3105//3007
f 3215//3007 3105//3007 3216//3007
f 3216//3007 3105//3007 3106//3007
f 1668//3007 1667//3007 3217//3007
f 3217//3007 1667//3007 3218//3007
f 3217//3007 3218//3007 3219//3007
f 3219//3007 3218//3007 3111//3007
f 3111//3007 3218//3007 3220//3007
f 3111//3007 3220//3007 3165//3007
f 3221//3007 3222//3007 3223//3007
f 3224//3007 1636//3007 1635//3007
f 3225//3007 1728//3007 1727//3007
f 3226//3007 3227//3007 3228//3007
f 3229//3007 3230//3007 3231//3007
f 3231//3007 3230//3007 3232//3007
f 3231//3007 3232//3007 3233//3007
f 3234//3007 3235//3007 3125//3007
f 3125//3007 3235//3007 3236//3007
f 3125//3007 3236//3007 3211//3007
f 3237//3007 3238//3007 3239//3007
f 3239//3007 3238//3007 3240//3007
f 3241//3007 3242//3007 3243//3007
f 3243//3007 3242//3007 3244//3007
f 3243//3007 3244//3007 3245//3007
f 3245//3007 3244//3007 3168//3007
f 3245//3007 3168//3007 3246//3007
f 3246//3007 3168//3007 1655//3007
f 3221//3007 3223//3007 3247//3007
f 3248//3007 3249//3007 3250//3007
f 1648//3007 1647//3007 3251//3007
f 3251//3007 1647//3007 3172//3007
f 3251//3007 3172//3007 3252//3007
f 3252//3007 3172//3007 3174//3007
f 1688//3007 1687//3007 3253//3007
f 3253//3007 1687//3007 3254//3007
f 3255//3007 3256//3007 3257//3007
f 3257//3007 3256//3007 3258//3007
f 3257//3007 3258//3007 3205//3007
f 3234//3007 3125//3007 3259//3007
f 3259//3007 3125//3007 3124//3007
f 3259//3007 3124//3007 3231//3007
f 3231//3007 3124//3007 3260//3007
f 3231//3007 3260//3007 3229//3007
f 1684//3007 1683//3007 3261//3007
f 3261//3007 1683//3007 3262//3007
f 3261//3007 3262//3007 3263//3007
f 3263//3007 3262//3007 3233//3007
f 3233//3007 3262//3007 3264//3007
f 3233//3007 3264//3007 3231//3007
f 3141//3007 3160//3007 3142//3007
f 3142//3007 3160//3007 3099//3007
f 3142//3007 3099//3007 3265//3007
f 3265//3007 3099//3007 3137//3007
f 3265//3007 3137//3007 3266//3007
f 3266//3007 3137//3007 3185//3007
f 3163//3007 3267//3007 3111//3007
f 3111//3007 3267//3007 3268//3007
f 3111//3007 3268//3007 3109//3007
f 3109//3007 3268//3007 3269//3007
f 3109//3007 3269//3007 3190//3007
f 3270//3007 3271//3007 3239//3007
f 3239//3007 3271//3007 3272//3007
f 3239//3007 3272//3007 3237//3007
f 3270//3007 3273//3007 3271//3007
f 3271//3007 3273//3007 3274//3007
f 3271//3007 3274//3007 3275//3007
f 1663//3007 3276//3007 3084//3007
f 3084//3007 3276//3007 3277//3007
f 3084//3007 3277//3007 3275//3007
f 3275//3007 3277//3007 3278//3007
f 3275//3007 3278//3007 3271//3007
f 3279//3007 3280//3007 3281//3007
f 3281//3007 3280//3007 3282//3007
f 3281//3007 3282//3007 3283//3007
f 3283//3007 3282//3007 3144//3007
f 3283//3007 3144//3007 3284//3007
f 3284//3007 3144//3007 1659//3007
f 3285//3007 3223//3007 3286//3007
f 3287//3007 3288//3007 3289//3007
f 3255//3007 3290//3007 3256//3007
f 3256//3007 3290//3007 3291//3007
f 3256//3007 3291//3007 3254//3007
f 3254//3007 3291//3007 3292//3007
f 3254//3007 3292//3007 3253//3007
f 3293//3007 3294//3007 3295//3007
f 3295//3007 3294//3007 3296//3007
f 3204//3007 3206//3007 3297//3007
f 3205//3007 3258//3007 3206//3007
f 3206//3007 3258//3007 3298//3007
f 3206//3007 3298//3007 3207//3007
f 3281//3007 3299//3007 3279//3007
f 3279//3007 3299//3007 3300//3007
f 3279//3007 3300//3007 3301//3007
f 3301//3007 3300//3007 3302//3007
f 3303//3007 3304//3007 3305//3007
f 3306//3007 1836//3007 1835//3007
f 3307//3007 3308//3007 3223//3007
f 3223//3007 3308//3007 3309//3007
f 3223//3007 3309//3007 3247//3007
f 3307//3007 3310//3007 3311//3007
f 3311//3007 3310//3007 3312//3007
f 3311//3007 3312//3007 3313//3007
f 3313//3007 3312//3007 3314//3007
f 3313//3007 3314//3007 3315//3007
f 3315//3007 3314//3007 3200//3007
f 3315//3009 3200//3009 3316//3009
f 3316//3007 3200//3007 3202//3007
f 3250//3010 3317//3010 3285//3010
f 3318//3007 3319//3007 3320//3007
f 3320//3007 3319//3007 3321//3007
f 3320//3007 3321//3007 3228//3007
f 3228//3007 3321//3007 3322//3007
f 3228//3007 3322//3007 3226//3007
f 3323//3007 3324//3007 3228//3007
f 3228//3007 3324//3007 3325//3007
f 3228//3007 3325//3007 3294//3007
f 3294//3007 3325//3007 3326//3007
f 3294//3007 3326//3007 3296//3007
f 3327//3007 3328//3007 3294//3007
f 3294//3007 3328//3007 3329//3007
f 3294//3007 3329//3007 3206//3007
f 3206//3007 3329//3007 3330//3007
f 3206//3007 3330//3007 3297//3007
f 3302//3007 3331//3007 3301//3007
f 3301//3007 3331//3007 3332//3007
f 3301//3007 3332//3007 3333//3007
f 3303//3007 3305//3007 3334//3007
f 3335//3007 3336//3007 3337//3007
f 3285//3007 3338//3007 3223//3007
f 3223//3007 3338//3007 3339//3007
f 3223//3007 3339//3007 3307//3007
f 3307//3007 3339//3007 3340//3007
f 3307//3007 3340//3007 3310//3007
f 3222//3007 3341//3007 3223//3007
f 3223//3007 3341//3007 3342//3007
f 3223//3008 3342//3008 3343//3008
f 3343//3007 3342//3007 3344//3007
f 3286//3008 3345//3008 3285//3008
f 3285//3011 3345//3011 3346//3011
f 3285//3007 3346//3007 3250//3007
f 3250//3008 3346//3008 3347//3008
f 3250//3009 3347//3009 3248//3009
f 3348//3007 3349//3007 3350//3007
f 3350//3007 3349//3007 3250//3007
f 3350//3007 3250//3007 3351//3007
f 1872//3007 1871//3007 3352//3007
f 3352//3007 1871//3007 3353//3007
f 3352//3007 3353//3007 3114//3007
f 3354//3007 3355//3007 3356//3007
f 3356//3007 3355//3007 3357//3007
f 1700//3007 1699//3007 3358//3007
f 3358//3007 1699//3007 3359//3007
f 3358//3007 3359//3007 3360//3007
f 1639//3007 3361//3007 3088//3007
f 3088//3007 3361//3007 3362//3007
f 3088//3007 3362//3007 3342//3007
f 3342//3007 3362//3007 3363//3007
f 3342//3007 3363//3007 3344//3007
f 3249//3007 3364//3007 3250//3007
f 3250//3007 3364//3007 3365//3007
f 3250//3007 3365//3007 3351//3007
f 1635//3007 3366//3007 3224//3007
f 3224//3007 3366//3007 3367//3007
f 3224//3007 3367//3007 3350//3007
f 3350//3007 3367//3007 3368//3007
f 3350//3007 3368//3007 3348//3007
f 3369//3007 3370//3007 3371//3007
f 3370//3007 3369//3007 3147//3007
f 3147//3007 3369//3007 3372//3007
f 3147//3007 3372//3007 3373//3007
f 3373//3007 3374//3007 3147//3007
f 3147//3007 3374//3007 3375//3007
f 3147//3007 3375//3007 3376//3007
f 3376//3007 3375//3007 3377//3007
f 3376//3008 3377//3008 3378//3008
f 1696//3007 1695//3007 3379//3007
f 3379//3007 1695//3007 3380//3007
f 3381//3007 3382//3007 3383//3007
f 3383//3007 3382//3007 3384//3007
f 3383//3007 3384//3007 3227//3007
f 3227//3007 3384//3007 3385//3007
f 3227//3007 3385//3007 3228//3007
f 3228//3007 3385//3007 3386//3007
f 3228//3007 3386//3007 3323//3007
f 1691//3007 3387//3007 3082//3007
f 3082//3007 3387//3007 3388//3007
f 3082//3007 3388//3007 3389//3007
f 3389//3007 3388//3007 3390//3007
f 3389//3007 3390//3007 3391//3007
f 3391//3007 3390//3007 3392//3007
f 3327//3007 3294//3007 3393//3007
f 3393//3007 3294//3007 3293//3007
f 3393//3007 3293//3007 3390//3007
f 3390//3007 3293//3007 3394//3007
f 3390//3007 3394//3007 3392//3007
f 3335//3007 3395//3007 3336//3007
f 3336//3007 3395//3007 3305//3007
f 3336//3007 3305//3007 3396//3007
f 3396//3007 3305//3007 3304//3007
f 3177//3007 3397//3007 3147//3007
f 3147//3007 3397//3007 3398//3007
f 3147//3008 3398//3008 3317//3008
f 3371//3007 3399//3007 3369//3007
f 3369//3007 3399//3007 3400//3007
f 3369//3007 3400//3007 3401//3007
f 3402//3007 3114//3007 3403//3007
f 3403//3007 3114//3007 3404//3007
f 3402//3007 3405//3007 3114//3007
f 3114//3007 3405//3007 3406//3007
f 3114//3007 3406//3007 3352//3007
f 3407//3007 3408//3007 3356//3007
f 3356//3007 3408//3007 3409//3007
f 3410//3007 3411//3007 3412//3007
f 1704//3007 1703//3007 3413//3007
f 3413//3007 1703//3007 3414//3007
f 3288//3007 3415//3007 3289//3007
f 3289//3007 3415//3007 3416//3007
f 3289//3007 3416//3007 3417//3007
f 3381//3007 3418//3007 3382//3007
f 3382//3007 3418//3007 3419//3007
f 3382//3007 3419//3007 3380//3007
f 3380//3007 3419//3007 3420//3007
f 3380//3007 3420//3007 3379//3007
f 3421//3007 3301//3007 3422//3007
f 3422//3007 3301//3007 3333//3007
f 3422//3007 3333//3007 3423//3007
f 3423//3012 3333//3012 3241//3012
f 3423//3007 3241//3007 3424//3007
f 3424//3007 3241//3007 3243//3007
f 3192//3007 3239//3007 3109//3007
f 3109//3007 3239//3007 3240//3007
f 3109//3007 3240//3007 3305//3007
f 3305//3007 3240//3007 3301//3007
f 3305//3007 3301//3007 3334//3007
f 3334//3007 3301//3007 3421//3007
f 3425//3007 3426//3007 3427//3007
f 3427//3007 3426//3007 3428//3007
f 3427//3007 3428//3007 3429//3007
f 3250//3007 3430//3007 3317//3007
f 3317//3007 3430//3007 3431//3007
f 3317//3007 3431//3007 3147//3007
f 3147//3007 3431//3007 3432//3007
f 3147//3011 3432//3011 3370//3011
f 3401//3007 3433//3007 3369//3007
f 3369//3007 3433//3007 3434//3007
f 3369//3007 3434//3007 3435//3007
f 3435//3007 3434//3007 3436//3007
f 3378//3007 3437//3007 3376//3007
f 3376//3007 3437//3007 3438//3007
f 3376//3007 3438//3007 3439//3007
f 3439//3007 3438//3007 3440//3007
f 3439//3007 3440//3007 3441//3007
f 3441//3007 3440//3007 3442//3007
f 3441//3007 3442//3007 3443//3007
f 3443//3007 3442//3007 3444//3007
f 3445//3010 3446//3010 3356//3010
f 3356//3007 3446//3007 3447//3007
f 3356//3007 3447//3007 3407//3007
f 3448//3007 3449//3007 3450//3007
f 3450//3007 3449//3007 3451//3007
f 3450//3007 3451//3007 3452//3007
f 3452//3007 3451//3007 3453//3007
f 3417//3007 3454//3007 3289//3007
f 3289//3007 3454//3007 3455//3007
f 3289//3007 3455//3007 3456//3007
f 3457//3007 3458//3007 3459//3007
f 3459//3007 3458//3007 3460//3007
f 3461//3007 3462//3007 3463//3007
f 3463//3007 3462//3007 3464//3007
f 1876//3007 1875//3007 3465//3007
f 3465//3007 1875//3007 3466//3007
f 3465//3007 3466//3007 3467//3007
f 3467//3007 3466//3007 3468//3007
f 1632//3007 1631//3007 3469//3007
f 3469//3007 1631//3007 3470//3007
f 3469//3007 3470//3007 3434//3007
f 3434//3007 3470//3007 3471//3007
f 3434//3007 3471//3007 3436//3007
f 3472//3007 3473//3007 3444//3007
f 3444//3007 3473//3007 3474//3007
f 3444//3007 3474//3007 3443//3007
f 3404//3007 3114//3007 3475//3007
f 3475//3007 3114//3007 3147//3007
f 3475//3009 3147//3009 3356//3009
f 3356//3007 3147//3007 3376//3007
f 3356//3007 3376//3007 3354//3007
f 3448//3007 3476//3007 3449//3007
f 3449//3011 3476//3011 3445//3011
f 3449//3007 3445//3007 3477//3007
f 3477//3009 3445//3009 3356//3009
f 3477//3007 3356//3007 3478//3007
f 3478//3007 3356//3007 3357//3007
f 3412//3007 3356//3007 3410//3007
f 3410//3009 3356//3009 3409//3009
f 3410//3013 3409//3013 3479//3013
f 3479//3007 3409//3007 3480//3007
f 3479//3007 3480//3007 3481//3007
f 3482//3007 3483//3007 3484//3007
f 3484//3007 3483//3007 3485//3007
f 3484//3007 3485//3007 3414//3007
f 3414//3007 3485//3007 3486//3007
f 3414//3007 3486//3007 3413//3007
f 3360//3007 3359//3007 3487//3007
f 3487//3007 3359//3007 3488//3007
f 3487//3007 3488//3007 3489//3007
f 3318//3007 3320//3007 3490//3007
f 3490//3007 3320//3007 3491//3007
f 3490//3007 3491//3007 3492//3007
f 3492//3007 3491//3007 3289//3007
f 3492//3007 3289//3007 3493//3007
f 3493//3007 3289//3007 3456//3007
f 3493//3007 3456//3007 3488//3007
f 3488//3007 3456//3007 3494//3007
f 3488//3007 3494//3007 3489//3007
f 3495//3007 3496//3007 3428//3007
f 3428//3007 3496//3007 3497//3007
f 3428//3007 3497//3007 3429//3007
f 3498//3007 3499//3007 3500//3007
f 3464//3007 3501//3007 3463//3007
f 3463//3007 3501//3007 3502//3007
f 3463//3007 3502//3007 3503//3007
f 3503//3007 3504//3007 3463//3007
f 3463//3007 3504//3007 3505//3007
f 3463//3007 3505//3007 3506//3007
f 3468//3007 3507//3007 3467//3007
f 3467//3007 3507//3007 3508//3007
f 3467//3007 3508//3007 3509//3007
f 3463//3007 3510//3007 3461//3007
f 3461//3007 3510//3007 3467//3007
f 3461//3007 3467//3007 3511//3007
f 3511//3007 3467//3007 3509//3007
f 1628//3007 1627//3007 3512//3007
f 3512//3007 1627//3007 3513//3007
f 3512//3007 3513//3007 3444//3007
f 3444//3007 3513//3007 3514//3007
f 3444//3007 3514//3007 3472//3007
f 1624//3007 1623//3007 3515//3007
f 3515//3007 1623//3007 3516//3007
f 3515//3007 3516//3007 3451//3007
f 3451//3007 3516//3007 3517//3007
f 3451//3007 3517//3007 3453//3007
f 3518//3007 3519//3007 3481//3007
f 3481//3007 3519//3007 3520//3007
f 3481//3011 3520//3011 3479//3011
f 3521//3007 3522//3007 3412//3007
f 3412//3007 3522//3007 3523//3007
f 3524//3007 3525//3007 3526//3007
f 3527//3007 3528//3007 3529//3007
f 3529//3007 3528//3007 3530//3007
f 3529//3007 3530//3007 3531//3007
f 3287//3007 3289//3007 3532//3007
f 3532//3007 3289//3007 3529//3007
f 3532//3007 3529//3007 3533//3007
f 3533//3007 3529//3007 3531//3007
f 3533//3007 3531//3007 3484//3007
f 3484//3007 3531//3007 3534//3007
f 3484//3007 3534//3007 3482//3007
f 3535//3007 3536//3007 3495//3007
f 3495//3007 3536//3007 3537//3007
f 3495//3007 3537//3007 3496//3007
f 3535//3007 3538//3007 3536//3007
f 3536//3007 3538//3007 3335//3007
f 3536//3007 3335//3007 3114//3007
f 3114//3007 3335//3007 3337//3007
f 3114//3007 3337//3007 3112//3007
f 3425//3007 3539//3007 3426//3007
f 3426//3007 3539//3007 3540//3007
f 3426//3007 3540//3007 3457//3007
f 3457//3007 3540//3007 3541//3007
f 3457//3007 3541//3007 3458//3007
f 3542//3007 1840//3007 1839//3007
f 1620//3007 1619//3007 3543//3007
f 3543//3007 1619//3007 3544//3007
f 3543//3007 3544//3007 3518//3007
f 3518//3007 3544//3007 3545//3007
f 3518//3007 3545//3007 3546//3007
f 3546//3007 3547//3007 3518//3007
f 3518//3007 3547//3007 3548//3007
f 3518//3007 3548//3007 3519//3007
f 3523//3007 3549//3007 3412//3007
f 3412//3007 3549//3007 3550//3007
f 3412//3013 3550//3013 3551//3013
f 3551//3007 3550//3007 3552//3007
f 3551//3007 3552//3007 3553//3007
f 3554//3007 3555//3007 3556//3007
f 3556//3007 3555//3007 3557//3007
f 3556//3007 3557//3007 3553//3007
f 3553//3007 3557//3007 3558//3007
f 3553//3009 3558//3009 3551//3009
f 1616//3007 1615//3007 3559//3007
f 3559//3007 1615//3007 3560//3007
f 3559//3007 3560//3007 3526//3007
f 3526//3007 3560//3007 3561//3007
f 3526//3007 3561//3007 3524//3007
f 3525//3007 3562//3007 3526//3007
f 3526//3007 3562//3007 3563//3007
f 3526//3007 3563//3007 3564//3007
f 3564//3007 3563//3007 3565//3007
f 3564//3007 3565//3007 3566//3007
f 3567//3007 1832//3007 1831//3007
f 3568//3007 3569//3007 3529//3007
f 3529//3007 3569//3007 3570//3007
f 3529//3007 3570//3007 3527//3007
f 3571//3007 3572//3007 3573//3007
f 3573//3007 3572//3007 3574//3007
f 3573//3007 3574//3007 3575//3007
f 3571//3007 3576//3007 3572//3007
f 3572//3007 3576//3007 3577//3007
f 3572//3007 3577//3007 3578//3007
f 3578//3007 3577//3007 3579//3007
f 3580//3007 3581//3007 3498//3007
f 3498//3007 3581//3007 3582//3007
f 3411//3007 3583//3007 3412//3007
f 3412//3007 3583//3007 3584//3007
f 3412//3008 3584//3008 3521//3008
f 3521//3007 3584//3007 3585//3007
f 3521//3014 3585//3014 3566//3014
f 3566//3007 3585//3007 3586//3007
f 3566//3007 3586//3007 3564//3007
f 1611//3007 3587//3007 3203//3007
f 3203//3007 3587//3007 3588//3007
f 3203//3007 3588//3007 3556//3007
f 3556//3007 3588//3007 3589//3007
f 3556//3007 3589//3007 3554//3007
f 1708//3007 1707//3007 3590//3007
f 3590//3007 1707//3007 3591//3007
f 3579//3007 3592//3007 3578//3007
f 3578//3007 3592//3007 3593//3007
f 3578//3007 3593//3007 3498//3007
f 3498//3007 3593//3007 3594//3007
f 3498//3007 3594//3007 3580//3007
f 3595//3007 1768//3007 1767//3007
f 3574//3007 3596//3007 3575//3007
f 3575//3007 3596//3007 3597//3007
f 3575//3007 3597//3007 3598//3007
f 3582//3007 3599//3007 3498//3007
f 3498//3007 3599//3007 3600//3007
f 3498//3007 3600//3007 3499//3007
f 3601//3007 3602//3007 3603//3007
f 3603//3007 3602//3007 3604//3007
f 3603//3007 3604//3007 3599//3007
f 3599//3007 3604//3007 3605//3007
f 3599//3007 3605//3007 3600//3007
f 3606//3007 3607//3007 3608//3007
f 1839//3007 3609//3007 3542//3007
f 3542//3007 3609//3007 3463//3007
f 3542//3007 3463//3007 3610//3007
f 3611//3007 3612//3007 3613//3007
f 1880//3007 1879//3007 3614//3007
f 3614//3007 1879//3007 3615//3007
f 3614//3007 3615//3007 3616//3007
f 3616//3007 3615//3007 3617//3007
f 3617//3007 3618//3007 3616//3007
f 3616//3007 3618//3007 3619//3007
f 3616//3007 3619//3007 3620//3007
f 3621//3007 3622//3007 3623//3007
f 3463//3007 3575//3007 3510//3007
f 3510//3007 3575//3007 3598//3007
f 3510//3007 3598//3007 3460//3007
f 3460//3007 3598//3007 3624//3007
f 3460//3007 3624//3007 3459//3007
f 1835//3007 3625//3007 3306//3007
f 3306//3007 3625//3007 3626//3007
f 3306//3007 3626//3007 3603//3007
f 3603//3007 3626//3007 3627//3007
f 3603//3007 3627//3007 3601//3007
f 3613//3007 3628//3007 3629//3007
f 3630//3007 1812//3007 1811//3007
f 3631//3007 3632//3007 3633//3007
f 3633//3007 3632//3007 3634//3007
f 3629//3007 3628//3007 3635//3007
f 3636//3007 3637//3007 3529//3007
f 3529//3007 3637//3007 3638//3007
f 3638//3007 3639//3007 3529//3007
f 3529//3007 3639//3007 3640//3007
f 3529//3007 3640//3007 3641//3007
f 3642//3007 3643//3007 3644//3007
f 3644//3009 3643//3009 3645//3009
f 1884//3007 1883//3007 3646//3007
f 3646//3007 1883//3007 3647//3007
f 3646//3007 3647//3007 3608//3007
f 3608//3007 3647//3007 3648//3007
f 3608//3007 3648//3007 3606//3007
f 1868//3007 1867//3007 3649//3007
f 3649//3007 1867//3007 3650//3007
f 3651//3007 3652//3007 3653//3007
f 3654//3007 3655//3007 3656//3007
f 1860//3007 1859//3007 3657//3007
f 3657//3007 1859//3007 3658//3007
f 3657//3007 3658//3007 3655//3007
f 3655//3007 3658//3007 3659//3007
f 3655//3007 3659//3007 3660//3007
f 3660//3007 3661//3007 3655//3007
f 3655//3007 3661//3007 3662//3007
f 3655//3007 3662//3007 3656//3007
f 3663//3007 3664//3007 3623//3007
f 3623//3007 3664//3007 3665//3007
f 3666//3007 1776//3007 1775//3007
f 3667//3007 3668//3007 3641//3007
f 3641//3007 3668//3007 3669//3007
f 3641//3007 3669//3007 3529//3007
f 3529//3007 3669//3007 3670//3007
f 3529//3007 3670//3007 3568//3007
f 3645//3007 3671//3007 3644//3007
f 3644//3007 3671//3007 3672//3007
f 3644//3007 3672//3007 3673//3007
f 3673//3007 3674//3007 3644//3007
f 3644//3007 3674//3007 3675//3007
f 3644//3007 3675//3007 3676//3007
f 3676//3007 3675//3007 3608//3007
f 3676//3007 3608//3007 3677//3007
f 3677//3007 3608//3007 3607//3007
f 3678//3007 3679//3007 3680//3007
f 3680//3007 3679//3007 3681//3007
f 3680//3007 3681//3007 3682//3007
f 3683//3007 3684//3007 3680//3007
f 3680//3007 3684//3007 3685//3007
f 3680//3007 3685//3007 3686//3007
f 3642//3008 3680//3008 3643//3008
f 3643//3007 3680//3007 3686//3007
f 3643//3007 3686//3007 3629//3007
f 3629//3007 3686//3007 3687//3007
f 3629//3007 3687//3007 3613//3007
f 3613//3007 3687//3007 3688//3007
f 3613//3007 3688//3007 3611//3007
f 3689//3007 3690//3007 3463//3007
f 3463//3007 3690//3007 3691//3007
f 3463//3007 3691//3007 3610//3007
f 3692//3007 3693//3007 3694//3007
f 3695//3007 3696//3007 3622//3007
f 3622//3007 3696//3007 3697//3007
f 3622//3007 3697//3007 3698//3007
f 1711//3007 3699//3007 3090//3007
f 3090//3007 3699//3007 3700//3007
f 3090//3007 3700//3007 3701//3007
f 3701//3007 3700//3007 3623//3007
f 3701//3007 3623//3007 3702//3007
f 3702//3007 3623//3007 3665//3007
f 1864//3007 1863//3007 3703//3007
f 3703//3007 1863//3007 3631//3007
f 3703//3007 3631//3007 3704//3007
f 3704//3007 3631//3007 3633//3007
f 3678//3007 3705//3007 3679//3007
f 3679//3007 3705//3007 3706//3007
f 3679//3007 3706//3007 3707//3007
f 3708//3007 3709//3007 3710//3007
f 3711//3007 3712//3007 3713//3007
f 3713//3007 3712//3007 3714//3007
f 3713//3007 3714//3007 3650//3007
f 3650//3007 3714//3007 3715//3007
f 3650//3007 3715//3007 3649//3007
f 3620//3007 3716//3007 3616//3007
f 3616//3007 3716//3007 3635//3007
f 3616//3007 3635//3007 3506//3007
f 3506//3007 3635//3007 3628//3007
f 3506//3007 3628//3007 3463//3007
f 3463//3008 3628//3008 3717//3008
f 3463//3007 3717//3007 3689//3007
f 3612//3007 3718//3007 3613//3007
f 3613//3007 3718//3007 3719//3007
f 3613//3007 3719//3007 3653//3007
f 3720//3007 3721//3007 3694//3007
f 3722//3007 1816//3007 1815//3007
f 3723//3007 3724//3007 3725//3007
f 3725//3007 3724//3007 3726//3007
f 3725//3007 3726//3007 3727//3007
f 3727//3007 3726//3007 3728//3007
f 3723//3007 3729//3007 3724//3007
f 3724//3007 3729//3007 3730//3007
f 3724//3007 3730//3007 3731//3007
f 3730//3007 3732//3007 3731//3007
f 3731//3007 3732//3007 3733//3007
f 3731//3007 3733//3007 3734//3007
f 3734//3007 3733//3007 3735//3007
f 3734//3007 3735//3007 3736//3007
f 3736//3007 3735//3007 3621//3007
f 3667//3007 3737//3007 3668//3007
f 3668//3007 3737//3007 3738//3007
f 3668//3007 3738//3007 3591//3007
f 3591//3007 3738//3007 3739//3007
f 3591//3007 3739//3007 3590//3007
f 3740//3007 3741//3007 3742//3007
f 3742//3007 3741//3007 3679//3007
f 3742//3007 3679//3007 3743//3007
f 3743//3007 3679//3007 3707//3007
f 3708//3007 3710//3007 3744//3007
f 3711//3007 3745//3007 3712//3007
f 3712//3007 3745//3007 3746//3007
f 3712//3007 3746//3007 3747//3007
f 3748//3007 3749//3007 3652//3007
f 3652//3007 3749//3007 3750//3007
f 3652//3007 3750//3007 3653//3007
f 3695//3007 3622//3007 3694//3007
f 3694//3007 3622//3007 3751//3007
f 3694//3007 3751//3007 3720//3007
f 1715//3007 3752//3007 3081//3007
f 3081//3007 3752//3007 3753//3007
f 3081//3007 3753//3007 3693//3007
f 3693//3007 3753//3007 3754//3007
f 3693//3007 3754//3007 3694//3007
f 3698//3007 3755//3007 3622//3007
f 3622//3007 3755//3007 3756//3007
f 3622//3007 3756//3007 3623//3007
f 3623//3009 3756//3009 3757//3009
f 3623//3007 3757//3007 3663//3007
f 3623//3007 3758//3007 3759//3007
f 3759//3007 3758//3007 3760//3007
f 3759//3007 3760//3007 3529//3007
f 3529//3007 3760//3007 3761//3007
f 3529//3007 3761//3007 3636//3007
f 3709//3007 3762//3007 3710//3007
f 3710//3007 3762//3007 3763//3007
f 3710//3007 3763//3007 3764//3007
f 3764//3007 3763//3007 3712//3007
f 3764//3007 3712//3007 3765//3007
f 3765//3007 3712//3007 3747//3007
f 3766//3007 3767//3007 3768//3007
f 3768//3007 3767//3007 3769//3007
f 3768//3007 3769//3007 3770//3007
f 3656//3007 3771//3007 3654//3007
f 3654//3007 3771//3007 3772//3007
f 3654//3007 3772//3007 3719//3007
f 3748//3007 3773//3007 3749//3007
f 3749//3007 3773//3007 3774//3007
f 3749//3007 3774//3007 3775//3007
f 3622//3007 3776//3007 3777//3007
f 3721//3007 3778//3007 3694//3007
f 3694//3007 3778//3007 3779//3007
f 3694//3007 3779//3007 3692//3007
f 3759//3007 3780//3007 3623//3007
f 3623//3007 3780//3007 3781//3007
f 3623//3007 3781//3007 3621//3007
f 3621//3007 3781//3007 3782//3007
f 3621//3007 3782//3007 3736//3007
f 1888//3007 1887//3007 3783//3007
f 3783//3007 1887//3007 3784//3007
f 3783//3007 3784//3007 3785//3007
f 3785//3007 3784//3007 3786//3007
f 3785//3007 3786//3007 3742//3007
f 3742//3007 3786//3007 3787//3007
f 3742//3007 3787//3007 3740//3007
f 3682//3007 3744//3007 3680//3007
f 3680//3007 3744//3007 3710//3007
f 3680//3007 3710//3007 3683//3007
f 3683//3008 3710//3008 3788//3008
f 3683//3007 3788//3007 3789//3007
f 3789//3007 3788//3007 3790//3007
f 3789//3007 3790//3007 3791//3007
f 3791//3007 3790//3007 3792//3007
f 3791//3007 3792//3007 3632//3007
f 3632//3007 3792//3007 3793//3007
f 3632//3007 3793//3007 3634//3007
f 3794//3007 3795//3007 3796//3007
f 3796//3007 3795//3007 3797//3007
f 3796//3007 3797//3007 3798//3007
f 3766//3007 3799//3007 3767//3007
f 3767//3007 3799//3007 3800//3007
f 3767//3007 3800//3007 3801//3007
f 3802//3007 3803//3007 3804//3007
f 3801//3007 3805//3007 3767//3007
f 3767//3007 3805//3007 3803//3007
f 3767//3007 3803//3007 3806//3007
f 3806//3007 3803//3007 3802//3007
f 3807//3007 3808//3007 3775//3007
f 3775//3007 3808//3007 3809//3007
f 1720//3007 1719//3007 3810//3007
f 3810//3007 1719//3007 3811//3007
f 3810//3007 3811//3007 3812//3007
f 3777//3007 3813//3007 3622//3007
f 3622//3007 3813//3007 3814//3007
f 3622//3007 3814//3007 3815//3007
f 3815//3007 3816//3007 3622//3007
f 3622//3007 3816//3007 3817//3007
f 3622//3007 3817//3007 3751//3007
f 3500//3007 3818//3007 3498//3007
f 3498//3007 3818//3007 3819//3007
f 3498//3007 3819//3007 3820//3007
f 1759//3007 3821//3007 3085//3007
f 3085//3007 3821//3007 3822//3007
f 3085//3007 3822//3007 3823//3007
f 3823//3007 3822//3007 3824//3007
f 3823//3007 3824//3007 3825//3007
f 3825//3007 3824//3007 3826//3007
f 3770//3007 3827//3007 3768//3007
f 3768//3007 3827//3007 3828//3007
f 3768//3007 3828//3007 3829//3007
f 1848//3007 1847//3007 3830//3007
f 3830//3007 1847//3007 3831//3007
f 3830//3007 3831//3007 3832//3007
f 3797//3007 3833//3007 3828//3007
f 3828//3007 3833//3007 3834//3007
f 3828//3007 3834//3007 3835//3007
f 3824//3007 3836//3007 3726//3007
f 3726//3007 3836//3007 3837//3007
f 3726//3007 3837//3007 3728//3007
f 3651//3007 3653//3007 3838//3007
f 3838//3007 3653//3007 3719//3007
f 3838//3007 3719//3007 3829//3007
f 3829//3007 3719//3007 3772//3007
f 3829//3009 3772//3009 3768//3009
f 3832//3007 3831//3007 3839//3007
f 3839//3007 3831//3007 3840//3007
f 3839//3007 3840//3007 3841//3007
f 3842//3012 3843//3012 3844//3012
f 3844//3007 3843//3007 3845//3007
f 3844//3007 3845//3007 3840//3007
f 3840//3007 3845//3007 3846//3007
f 3840//3007 3846//3007 3841//3007
f 3828//3007 3847//3007 3797//3007
f 3797//3007 3847//3007 3848//3007
f 3797//3007 3848//3007 3849//3007
f 1851//3007 3850//3007 3092//3007
f 3092//3007 3850//3007 3851//3007
f 3092//3007 3851//3007 3796//3007
f 3796//3007 3851//3007 3852//3007
f 3796//3007 3852//3007 3794//3007
f 3844//3007 3853//3007 3842//3007
f 3842//3007 3853//3007 3854//3007
f 3842//3007 3854//3007 3835//3007
f 3835//3007 3854//3007 3855//3007
f 3835//3007 3855//3007 3828//3007
f 3828//3007 3855//3007 3856//3007
f 3828//3007 3856//3007 3829//3007
f 3809//3007 3857//3007 3775//3007
f 3775//3007 3857//3007 3858//3007
f 3775//3007 3858//3007 3749//3007
f 1724//3007 1723//3007 3859//3007
f 3859//3007 1723//3007 3860//3007
f 3859//3007 3860//3007 3861//3007
f 3820//3007 3862//3007 3863//3007
f 3863//3007 3862//3007 3864//3007
f 3863//3007 3864//3007 3865//3007
f 3865//3007 3864//3007 3866//3007
f 3865//3007 3866//3007 3867//3007
f 3867//3007 3866//3007 3868//3007
f 3869//3007 3870//3007 3871//3007
f 3726//3007 3872//3007 3873//3007
f 3849//3007 3874//3007 3797//3007
f 3797//3007 3874//3007 3875//3007
f 3797//3007 3875//3007 3798//3007
f 1856//3007 1855//3007 3876//3007
f 3876//3007 1855//3007 3877//3007
f 3876//3007 3877//3007 3804//3007
f 3804//3007 3877//3007 3878//3007
f 3804//3007 3878//3007 3802//3007
f 1844//3007 1843//3007 3879//3007
f 3879//3007 1843//3007 3880//3007
f 3879//3007 3880//3007 3807//3007
f 3807//3007 3880//3007 3881//3007
f 3807//3007 3881//3007 3808//3007
f 3882//3007 3883//3007 3622//3007
f 3622//3007 3883//3007 3884//3007
f 3622//3007 3884//3007 3885//3007
f 3885//3007 3886//3007 3622//3007
f 3622//3007 3886//3007 3887//3007
f 3622//3007 3887//3007 3888//3007
f 3812//3007 3811//3007 3889//3007
f 3889//3007 3811//3007 3890//3007
f 3889//3007 3890//3007 3891//3007
f 3891//3007 3890//3007 3776//3007
f 3891//3007 3776//3007 3892//3007
f 1831//3007 3893//3007 3567//3007
f 3567//3007 3893//3007 3894//3007
f 3567//3007 3894//3007 3866//3007
f 3866//3007 3894//3007 3895//3007
f 3866//3007 3895//3007 3868//3007
f 3896//3007 3897//3007 3898//3007
f 3873//3007 3899//3007 3726//3007
f 3726//3007 3899//3007 3900//3007
f 3726//3007 3900//3007 3824//3007
f 3824//3007 3900//3007 3901//3007
f 3824//3007 3901//3007 3826//3007
f 3888//3009 3902//3009 3622//3009
f 3622//3007 3902//3007 3903//3007
f 3622//3007 3903//3007 3776//3007
f 3776//3007 3903//3007 3904//3007
f 3776//3007 3904//3007 3892//3007
f 3820//3007 3863//3007 3498//3007
f 3498//3007 3863//3007 3905//3007
f 3498//3007 3905//3007 3898//3007
f 3898//3007 3905//3007 3906//3007
f 3898//3007 3906//3007 3896//3007
f 3907//3007 3898//3007 3908//3007
f 3908//3007 3898//3007 3909//3007
f 3871//3007 3870//3007 3910//3007
f 3910//3007 3870//3007 3911//3007
f 3910//3007 3911//3007 3912//3007
f 3913//3007 3914//3007 3915//3007
f 3915//3007 3914//3007 3916//3007
f 3915//3007 3916//3007 3917//3007
f 3917//3007 3918//3007 3915//3007
f 3915//3007 3918//3007 3919//3007
f 3915//3007 3919//3007 3920//3007
f 1732//3007 1731//3007 3921//3007
f 3921//3007 1731//3007 3922//3007
f 3921//3007 3922//3007 3923//3007
f 3924//3007 3925//3007 3912//3007
f 3912//3007 3925//3007 3926//3007
f 3912//3007 3926//3007 3910//3007
f 3910//3007 3926//3007 3927//3007
f 3910//3007 3927//3007 3928//3007
f 3917//3007 3929//3007 3918//3007
f 3918//3007 3929//3007 3930//3007
f 3918//3007 3930//3007 3931//3007
f 3920//3007 3932//3007 3915//3007
f 3915//3007 3932//3007 3933//3007
f 3915//3007 3933//3007 3726//3007
f 3726//3007 3933//3007 3934//3007
f 3726//3007 3934//3007 3872//3007
f 3935//3007 3936//3007 3937//3007
f 3938//3007 3939//3007 3622//3007
f 3622//3007 3939//3007 3940//3007
f 3622//3007 3940//3007 3941//3007
f 3942//3007 3909//3007 3943//3007
f 3943//3007 3909//3007 3898//3007
f 3943//3007 3898//3007 3944//3007
f 3944//3007 3898//3007 3897//3007
f 3942//3007 3945//3007 3909//3007
f 3909//3007 3945//3007 3946//3007
f 3909//3007 3946//3007 3947//3007
f 3928//3007 3948//3007 3910//3007
f 3910//3007 3948//3007 3949//3007
f 3910//3007 3949//3007 3950//3007
f 3910//3007 3951//3007 3915//3007
f 3915//3007 3951//3007 3952//3007
f 3915//3007 3952//3007 3913//3007
f 1763//3007 3953//3007 3089//3007
f 3089//3007 3953//3007 3954//3007
f 3089//3007 3954//3007 3955//3007
f 3955//3007 3954//3007 3918//3007
f 3955//3007 3918//3007 3956//3007
f 3956//3007 3918//3007 3931//3007
f 3957//3007 3958//3007 3882//3007
f 3882//3007 3958//3007 3959//3007
f 3882//3007 3959//3007 3960//3007
f 3861//3007 3860//3007 3960//3007
f 3960//3007 3860//3007 3961//3007
f 3960//3007 3961//3007 3882//3007
f 3907//3007 3962//3007 3898//3007
f 3898//3007 3962//3007 3963//3007
f 3898//3007 3963//3007 3964//3007
f 3964//3007 3963//3007 3965//3007
f 3964//3007 3965//3007 3966//3007
f 3967//3007 3968//3007 3969//3007
f 1772//3007 1771//3007 3970//3007
f 3970//3007 1771//3007 3971//3007
f 3912//3007 3972//3007 3924//3007
f 3924//3009 3972//3009 3973//3009
f 3924//3007 3973//3007 3974//3007
f 3974//3007 3973//3007 3975//3007
f 3976//3007 3977//3007 3950//3007
f 3950//3007 3977//3007 3978//3007
f 3950//3007 3978//3007 3910//3007
f 3910//3007 3978//3007 3979//3007
f 3910//3007 3979//3007 3951//3007
f 3936//3007 3980//3007 3937//3007
f 3937//3007 3980//3007 3981//3007
f 3937//3007 3981//3007 3982//3007
f 3983//3007 3984//3007 3985//3007
f 3985//3015 3984//3015 3937//3015
f 3985//3007 3937//3007 3986//3007
f 3986//3007 3937//3007 3982//3007
f 3987//3009 3988//3009 3989//3009
f 3989//3007 3988//3007 3990//3007
f 3989//3007 3990//3007 3991//3007
f 1727//3007 3992//3007 3225//3007
f 3225//3007 3992//3007 3993//3007
f 3225//3007 3993//3007 3994//3007
f 3994//3007 3993//3007 3989//3007
f 3994//3007 3989//3007 3995//3007
f 3995//3007 3989//3007 3991//3007
f 3941//3007 3996//3007 3622//3007
f 3622//3007 3996//3007 3997//3007
f 3622//3007 3997//3007 3882//3007
f 3882//3007 3997//3007 3998//3007
f 3882//3007 3998//3007 3957//3007
f 1827//3007 3999//3007 3150//3007
f 3150//3007 3999//3007 4000//3007
f 3150//3007 4000//3007 3946//3007
f 3946//3007 4000//3007 4001//3007
f 3946//3007 4001//3007 3947//3007
f 3966//3007 4002//3007 3964//3007
f 3964//3007 4002//3007 4003//3007
f 3964//3007 4003//3007 4004//3007
f 4005//3007 4006//3007 4007//3007
f 4008//3007 4009//3007 4010//3007
f 4010//3007 4011//3007 4008//3007
f 4008//3007 4011//3007 4012//3007
f 4008//3007 4012//3007 3871//3007
f 3871//3007 4012//3007 4013//3007
f 3871//3007 4013//3007 3869//3007
f 3975//3008 4014//3008 3974//3008
f 3974//3007 4014//3007 4015//3007
f 3974//3007 4015//3007 3971//3007
f 3971//3007 4015//3007 4016//3007
f 3971//3007 4016//3007 3970//3007
f 3976//3007 4017//3007 3977//3007
f 3977//3007 4017//3007 4018//3007
f 3977//3007 4018//3007 4019//3007
f 1756//3007 1755//3007 4020//3007
f 4020//3007 1755//3007 4021//3007
f 4020//3007 4021//3007 3622//3007
f 4021//3007 4022//3007 3622//3007
f 3622//3007 4022//3007 4023//3007
f 3622//3007 4023//3007 4024//3007
f 3938//3007 3622//3007 4025//3007
f 4025//3013 3622//3013 3984//3013
f 4025//3007 3984//3007 3989//3007
f 3989//3007 3984//3007 3983//3007
f 3989//3007 3983//3007 3987//3007
f 4026//3007 4027//3007 4028//3007
f 4028//3007 4027//3007 3964//3007
f 4028//3007 3964//3007 4029//3007
f 4029//3007 3964//3007 4004//3007
f 4029//3007 4004//3007 4030//3007
f 4007//3007 4031//3007 4005//3007
f 4005//3007 4031//3007 4032//3007
f 4005//3007 4032//3007 4033//3007
f 1767//3007 4034//3007 3595//3007
f 3595//3007 4034//3007 4035//3007
f 3595//3007 4035//3007 4036//3007
f 4036//3007 4035//3007 3977//3007
f 4036//3007 3977//3007 4037//3007
f 4037//3007 3977//3007 4019//3007
f 4024//3007 4038//3007 3622//3007
f 3622//3007 4038//3007 4039//3007
f 3622//3007 4039//3007 3984//3007
f 4040//3007 4041//3007 4030//3007
f 4030//3007 4041//3007 4042//3007
f 4030//3007 4042//3007 4029//3007
f 4043//3007 4044//3007 4040//3007
f 4040//3007 4044//3007 4045//3007
f 4040//3007 4045//3007 4041//3007
f 4046//3007 4047//3007 4048//3007
f 4048//3007 4047//3007 4005//3007
f 1775//3007 4049//3007 3666//3007
f 3666//3007 4049//3007 4050//3007
f 3666//3007 4050//3007 4051//3007
f 4051//3007 4050//3007 4010//3007
f 4051//3007 4010//3007 4052//3007
f 4052//3007 4010//3007 4053//3007
f 4054//3007 4055//3007 3935//3007
f 3935//3007 4055//3007 4056//3007
f 3935//3007 4056//3007 4057//3007
f 3923//3007 3922//3007 4057//3007
f 4057//3007 3922//3007 4058//3007
f 4057//3007 4058//3007 3935//3007
f 1824//3007 1823//3007 4059//3007
f 4059//3007 1823//3007 4060//3007
f 4059//3007 4060//3007 4040//3007
f 4040//3007 4060//3007 4061//3007
f 4040//3007 4061//3007 4043//3007
f 4062//3007 4063//3007 4064//3007
f 4065//3008 4066//3008 4067//3008
f 4067//3007 4066//3007 4068//3007
f 4067//3007 4068//3007 4069//3007
f 4070//3007 4071//3007 4005//3007
f 1736//3007 1735//3007 4072//3007
f 4072//3007 1735//3007 4073//3007
f 4072//3007 4073//3007 4074//3007
f 3937//3007 4075//3007 4076//3007
f 4076//3007 4077//3007 3937//3007
f 3937//3007 4077//3007 4078//3007
f 3937//3007 4078//3007 4079//3007
f 1820//3007 1819//3007 4080//3007
f 4080//3007 1819//3007 4081//3007
f 4080//3007 4081//3007 4062//3007
f 4082//3007 4083//3007 4010//3007
f 4010//3007 4083//3007 4084//3007
f 4010//3007 4084//3007 4053//3007
f 4069//3007 4085//3007 4067//3007
f 4067//3007 4085//3007 4005//3007
f 4067//3007 4005//3007 4086//3007
f 4086//3007 4005//3007 4071//3007
f 4087//3007 4088//3007 4089//3007
f 4079//3007 4090//3007 3937//3007
f 3937//3009 4090//3009 4091//3009
f 3937//3007 4091//3007 3935//3007
f 3935//3008 4091//3008 4092//3008
f 3935//3007 4092//3007 4054//3007
f 4064//3007 4093//3007 4062//3007
f 4062//3007 4093//3007 4094//3007
f 4062//3007 4094//3007 4080//3007
f 4062//3007 4095//3007 4063//3007
f 4063//3007 4095//3007 4096//3007
f 4063//3007 4096//3007 4097//3007
f 4097//3007 4065//3007 4063//3007
f 4063//3007 4065//3007 4067//3007
f 4063//3007 4067//3007 4098//3007
f 4098//3007 4067//3007 4027//3007
f 4098//3007 4027//3007 4099//3007
f 4099//3007 4027//3007 4026//3007
f 1811//3007 4100//3007 3630//3007
f 3630//3007 4100//3007 4101//3007
f 3630//3007 4101//3007 4102//3007
f 4102//3007 4101//3007 4103//3007
f 4102//3007 4103//3007 4104//3007
f 4047//3007 4105//3007 4005//3007
f 4005//3007 4105//3007 4106//3007
f 4005//3007 4106//3007 4107//3007
f 4108//3007 4109//3007 4006//3007
f 4006//3007 4109//3007 4110//3007
f 4006//3007 4110//3007 4111//3007
f 4111//3007 4112//3007 4006//3007
f 4006//3007 4112//3007 4113//3007
f 4006//3007 4113//3007 4114//3007
f 1784//3007 1783//3007 4115//3007
f 4115//3007 1783//3007 4116//3007
f 4115//3007 4116//3007 4117//3007
f 4074//3007 4073//3007 4118//3007
f 4118//3007 4073//3007 4119//3007
f 4118//3007 4119//3007 4120//3007
f 4121//3007 4122//3007 4123//3007
f 4123//3007 4122//3007 4046//3007
f 4108//3008 4006//3008 4124//3008
f 4124//3007 4006//3007 4005//3007
f 4124//3007 4005//3007 4125//3007
f 4126//3007 4127//3007 3969//3007
f 4033//3007 4128//3007 4005//3007
f 4005//3008 4128//3008 4082//3008
f 4005//3007 4082//3007 4070//3007
f 4070//3007 4082//3007 4010//3007
f 4070//3007 4010//3007 4129//3007
f 4129//3007 4010//3007 4009//3007
f 4130//3007 4131//3007 4132//3007
f 4132//3009 4131//3009 4133//3009
f 4132//3007 4133//3007 4119//3007
f 4119//3007 4133//3007 4134//3007
f 4119//3007 4134//3007 4120//3007
f 4135//3007 4136//3007 3937//3007
f 3937//3007 4136//3007 4137//3007
f 3937//3007 4137//3007 4138//3007
f 4139//3007 4140//3007 4141//3007
f 4141//3007 4140//3007 4142//3007
f 4141//3007 4142//3007 4121//3007
f 4121//3007 4142//3007 4143//3007
f 4121//3009 4143//3009 4122//3009
f 1815//3007 4144//3007 3722//3007
f 3722//3007 4144//3007 4145//3007
f 3722//3007 4145//3007 4141//3007
f 4141//3007 4145//3007 4146//3007
f 4141//3007 4146//3007 4139//3007
f 1779//3007 4147//3007 3095//3007
f 3095//3007 4147//3007 4148//3007
f 3095//3007 4148//3007 4113//3007
f 4113//3007 4148//3007 4149//3007
f 4113//3007 4149//3007 4114//3007
f 4150//3007 4151//3007 4125//3007
f 4125//3007 4151//3007 4152//3007
f 4125//3007 4152//3007 3968//3007
f 3968//3007 4152//3007 4153//3007
f 3968//3007 4153//3007 3969//3007
f 1740//3007 1739//3007 4154//3007
f 4154//3007 1739//3007 4155//3007
f 4154//3007 4155//3007 4156//3007
f 4089//3007 4088//3007 4157//3007
f 4138//3009 4158//3009 3937//3009
f 3937//3008 4158//3008 4130//3008
f 3937//3007 4130//3007 4075//3007
f 4075//3007 4130//3007 4132//3007
f 1791//3007 4159//3007 3091//3007
f 3091//3007 4159//3007 4160//3007
f 3091//3007 4160//3007 4161//3007
f 4161//3007 4160//3007 4162//3007
f 4161//3007 4162//3007 4163//3007
f 4163//3007 4162//3007 4164//3007
f 4162//3007 4165//3007 4164//3007
f 4164//3007 4165//3007 4166//3007
f 4164//3007 4166//3007 4167//3007
f 4107//3007 4168//3007 4005//3007
f 4005//3007 4168//3007 4169//3007
f 4005//3007 4169//3007 4125//3007
f 4125//3008 4169//3008 4170//3008
f 4125//3007 4170//3007 4150//3007
f 4127//3007 4171//3007 3969//3007
f 3969//3007 4171//3007 4172//3007
f 3969//3007 4172//3007 3967//3007
f 4173//3007 4174//3007 4175//3007
f 4176//3007 4177//3007 4178//3007
f 4046//3007 4175//3007 4179//3007
f 4180//3007 4181//3007 4047//3007
f 4047//3007 4181//3007 4182//3007
f 4047//3007 4182//3007 4183//3007
f 1788//3007 1787//3007 4184//3007
f 4184//3007 1787//3007 4185//3007
f 4184//3007 4185//3007 4182//3007
f 4182//3007 4185//3007 4186//3007
f 4182//3007 4186//3007 4183//3007
f 4117//3007 4116//3007 3969//3007
f 3969//3007 4116//3007 4187//3007
f 3969//3007 4187//3007 4126//3007
f 4188//3007 4189//3007 4190//3007
f 4190//3007 4189//3007 4191//3007
f 4190//3007 4191//3007 4192//3007
f 4156//3007 4155//3007 4192//3007
f 4192//3007 4155//3007 4193//3007
f 4192//3007 4193//3007 4190//3007
f 4046//3007 4122//3007 4175//3007
f 4175//3007 4122//3007 4194//3007
f 4175//3007 4194//3007 4173//3007
f 4195//3007 4196//3007 4197//3007
f 4197//3007 4196//3007 4198//3007
f 4197//3007 4198//3007 4199//3007
f 4200//3007 4201//3007 4047//3007
f 4047//3007 4201//3007 4202//3007
f 4047//3007 4202//3007 4180//3007
f 4167//3008 4203//3008 4164//3008
f 4164//3007 4203//3007 4204//3007
f 4164//3007 4204//3007 4205//3007
f 4205//3007 4204//3007 4206//3007
f 4205//3007 4206//3007 4207//3007
f 4208//3007 4209//3007 4210//3007
f 4210//3007 4209//3007 4211//3007
f 4212//3007 4213//3007 4214//3007
f 4214//3007 4213//3007 4215//3007
f 4214//3007 4215//3007 4216//3007
f 4212//3007 4214//3007 4089//3007
f 4089//3007 4214//3007 4217//3007
f 4089//3007 4217//3007 4218//3007
f 4218//3007 4219//3007 4089//3007
f 4089//3007 4219//3007 4220//3007
f 4089//3007 4220//3007 4087//3007
f 4174//3007 4221//3007 4175//3007
f 4175//3007 4221//3007 4222//3007
f 4175//3007 4222//3007 4223//3007
f 4199//3007 4224//3007 4197//3007
f 4197//3007 4224//3007 4225//3007
f 4197//3007 4225//3007 4226//3007
f 4227//3007 4228//3007 4229//3007
f 4229//3007 4228//3007 4230//3007
f 4227//3007 4231//3007 4228//3007
f 4228//3007 4231//3007 4232//3007
f 4228//3007 4232//3007 4233//3007
f 4234//3007 4235//3007 4236//3007
f 4236//3007 4235//3007 4237//3007
f 4211//3007 4238//3007 4210//3007
f 4210//3007 4238//3007 4239//3007
f 4210//3007 4239//3007 4240//3007
f 1804//3007 1803//3007 4241//3007
f 4241//3007 1803//3007 4242//3007
f 4241//3007 4242//3007 4178//3007
f 4178//3007 4242//3007 4243//3007
f 4178//3007 4243//3007 4176//3007
f 1799//3007 4244//3007 3086//3007
f 3086//3007 4244//3007 4245//3007
f 3086//3007 4245//3007 4246//3007
f 4246//3007 4245//3007 4247//3007
f 4246//3007 4247//3007 4232//3007
f 4232//3007 4247//3007 4248//3007
f 4232//3007 4248//3007 4233//3007
f 4228//3007 4249//3007 4230//3007
f 4230//3007 4249//3007 4250//3007
f 4230//3007 4250//3007 4251//3007
f 4200//3007 4047//3007 4252//3007
f 4252//3007 4047//3007 4046//3007
f 4252//3007 4046//3007 4206//3007
f 4253//3007 4254//3007 4255//3007
f 4255//3007 4254//3007 4256//3007
f 4255//3007 4256//3007 4236//3007
f 4236//3007 4256//3007 4257//3007
f 4236//3007 4257//3007 4234//3007
f 4135//3007 3937//3007 4258//3007
f 4258//3008 3937//3008 4259//3008
f 4258//3007 4259//3007 4190//3007
f 4190//3011 4259//3011 4260//3011
f 4190//3007 4260//3007 4188//3007
f 1748//3007 1747//3007 4261//3007
f 4261//3007 1747//3007 4262//3007
f 1743//3007 4263//3007 3093//3007
f 3093//3007 4263//3007 4264//3007
f 3093//3007 4264//3007 4265//3007
f 4265//3007 4264//3007 4214//3007
f 4265//3007 4214//3007 4266//3007
f 4266//3007 4214//3007 4216//3007
f 1796//3007 1795//3007 4267//3007
f 4267//3007 1795//3007 4268//3007
f 4267//3007 4268//3007 4226//3007
f 4226//3007 4268//3007 4269//3007
f 4226//3007 4269//3007 4197//3007
f 4175//3007 4230//3007 4270//3007
f 4270//3007 4230//3007 4251//3007
f 4270//3007 4251//3007 4271//3007
f 4271//3011 4251//3011 4195//3011
f 4271//3007 4195//3007 4272//3007
f 4272//3007 4195//3007 4197//3007
f 4179//3007 4273//3007 4046//3007
f 4046//3007 4273//3007 4274//3007
f 4046//3007 4274//3007 4206//3007
f 4206//3007 4274//3007 4275//3007
f 4206//3007 4275//3007 4207//3007
f 4240//3012 4157//3012 4210//3012
f 4210//3007 4157//3007 4088//3007
f 4210//3012 4088//3012 4237//3012
f 4237//3016 4088//3016 4259//3016
f 4237//3007 4259//3007 4236//3007
f 4236//3010 4259//3010 3937//3010
f 4276//3007 4277//3007 4175//3007
f 4278//3007 4279//3007 4280//3007
f 4255//3007 4281//3007 4253//3007
f 4253//3007 4281//3007 4282//3007
f 4253//3007 4282//3007 4283//3007
f 4283//3007 4282//3007 4284//3007
f 4210//3007 4285//3007 4208//3007
f 4208//3007 4285//3007 4286//3007
f 4208//3007 4286//3007 4287//3007
f 4287//3007 4286//3007 4288//3007
f 1808//3007 1807//3007 4289//3007
f 4289//3007 1807//3007 4290//3007
f 4289//3007 4290//3007 4291//3007
f 4291//3007 4290//3007 4292//3007
f 1752//3007 1751//3007 4293//3007
f 4293//3007 1751//3007 4294//3007
f 4288//3007 4295//3007 4287//3007
f 4287//3007 4295//3007 4296//3007
f 4287//3007 4296//3007 4262//3007
f 4262//3007 4296//3007 4297//3007
f 4262//3007 4297//3007 4261//3007
f 4175//3007 4298//3007 4299//3007
f 4300//3007 4277//3007 4301//3007
f 4290//3007 4302//3007 4292//3007
f 4292//3007 4302//3007 4303//3007
f 4292//3007 4303//3007 4280//3007
f 4280//3007 4303//3007 4304//3007
f 4280//3007 4304//3007 4278//3007
f 4284//3007 4305//3007 4283//3007
f 4283//3007 4305//3007 4306//3007
f 4283//3007 4306//3007 4294//3007
f 4294//3007 4306//3007 4307//3007
f 4294//3007 4307//3007 4293//3007
f 4104//3007 4308//3007 4102//3007
f 4102//3007 4308//3007 4309//3007
f 4102//3007 4309//3007 4310//3007
f 4310//3007 4309//3007 4311//3007
f 4310//3007 4311//3007 4223//3007
f 4223//3007 4311//3007 4312//3007
f 4223//3007 4312//3007 4175//3007
f 4175//3008 4312//3008 4313//3008
f 4175//3007 4313//3007 4298//3007
f 4314//3007 4315//3007 4175//3007
f 4175//3007 4315//3007 4316//3007
f 4175//3007 4316//3007 4276//3007
f 4300//3007 4317//3007 4277//3007
f 4277//3009 4317//3009 4318//3009
f 4277//3007 4318//3007 4175//3007
f 4175//3007 4318//3007 4319//3007
f 4175//3007 4319//3007 4230//3007
f 4301//3007 4320//3007 4300//3007
f 4300//3007 4320//3007 4321//3007
f 4300//3007 4321//3007 4322//3007
f 4322//3007 4321//3007 4178//3007
f 4322//3007 4178//3007 4323//3007
f 4323//3007 4178//3007 4177//3007
f 4279//3007 4324//3007 4280//3007
f 4280//3007 4324//3007 4314//3007
f 4280//3007 4314//3007 4325//3007
f 4325//3007 4314//3007 4175//3007
f 4325//3007 4175//3007 4326//3007
f 4326//3007 4175//3007 4299//3007
f 4327//3017 4328//3017 4329//3017
f 4329//3017 4328//3017 3898//3017
f 4329//3018 3898//3018 4330//3018
f 4330//3018 3898//3018 3964//3018
f 4330//3019 3964//3019 4331//3019
f 4331//3019 3964//3019 4027//3019
f 4331//3020 4027//3020 4332//3020
f 4332//3020 4027//3020 4067//3020
f 4332//3021 4067//3021 4333//3021
f 4333//3021 4067//3021 4086//3021
f 4333//3022 4086//3022 4334//3022
f 4334//3022 4086//3022 4071//3022
f 4334//3023 4071//3023 4335//3023
f 4335//3023 4071//3023 4070//3023
f 4335//3024 4070//3024 4336//3024
f 4336//3024 4070//3024 4129//3024
f 4336//3025 4129//3025 4337//3025
f 4337//3025 4129//3025 4009//3025
f 4337//3026 4009//3026 4338//3026
f 4338//3026 4009//3026 4008//3026
f 4338//3027 4008//3027 4339//3027
f 4339//3027 4008//3027 3871//3027
f 4339//3028 3871//3028 4340//3028
f 4340//3028 3871//3028 3910//3028
f 4340//3029 3910//3029 4341//3029
f 4341//3029 3910//3029 3915//3029
f 4341//3030 3915//3030 4342//3030
f 4342//3030 3915//3030 3726//3030
f 4342//3031 3726//3031 4343//3031
f 4343//3031 3726//3031 3724//3031
f 4343//3032 3724//3032 4344//3032
f 4344//3032 3724//3032 3731//3032
f 4344//3033 3731//3033 4345//3033
f 4345//3033 3731//3033 3734//3033
f 4345//3034 3734//3034 4346//3034
f 4346//3034 3734//3034 3736//3034
f 4346//3035 3736//3035 4347//3035
f 4347//3035 3736//3035 3782//3035
f 4347//3036 3782//3036 4348//3036
f 4348//3036 3782//3036 3781//3036
f 4348//3037 3781//3037 4349//3037
f 4349//3037 3781//3037 3780//3037
f 4349//3038 3780//3038 4350//3038
f 4350//3038 3780//3038 3759//3038
f 4350//3039 3759//3039 4351//3039
f 4351//3039 3759//3039 3529//3039
f 4351//3040 3529//3040 4352//3040
f 4352//3040 3529//3040 3289//3040
f 4352//3041 3289//3041 4353//3041
f 4353//3041 3289//3041 3491//3041
f 4353//3042 3491//3042 4354//3042
f 4354//3042 3491//3042 3320//3042
f 4354//3043 3320//3043 4355//3043
f 4355//3043 3320//3043 3228//3043
f 4355//3044 3228//3044 4356//3044
f 4356//3044 3228//3044 4357//3044
f 4356//3045 4357//3045 4358//3045
f 4358//3045 4357//3045 3206//3045
f 4358//3046 3206//3046 4359//3046
f 4359//3046 3206//3046 3125//3046
f 4359//3047 3125//3047 4360//3047
f 4360//3047 3125//3047 3104//3047
f 4360//3048 3104//3048 4361//3048
f 4361//3048 3104//3048 3105//3048
f 4361//3049 3105//3049 4362//3049
f 4362//3049 3105//3049 3137//3049
f 4362//3050 3137//3050 4363//3050
f 4363//3050 3137//3050 3099//3050
f 4363//3051 3099//3051 4364//3051
f 4364//3051 3099//3051 3188//3051
f 4364//3052 3188//3052 4365//3052
f 4365//3052 3188//3052 3189//3052
f 4365//3053 3189//3053 4366//3053
f 4366//3053 3189//3053 3107//3053
f 4366//3054 3107//3054 4367//3054
f 4367//3054 3107//3054 3109//3054
f 4367//3055 3109//3055 4368//3055
f 4368//3055 3109//3055 3305//3055
f 4368//3056 3305//3056 4369//3056
f 4369//3056 3305//3056 3395//3056
f 4369//3057 3395//3057 4370//3057
f 4370//3057 3395//3057 3335//3057
f 4370//3058 3335//3058 4371//3058
f 4371//3058 3335//3058 3538//3058
f 4371//3059 3538//3059 4372//3059
f 4372//3059 3538//3059 3535//3059
f 4372//3060 3535//3060 4373//3060
f 4373//3060 3535//3060 3495//3060
f 4373//3061 3495//3061 4374//3061
f 4374//3061 3495//3061 3428//3061
f 4374//3062 3428//3062 4375//3062
f 4375//3062 3428//3062 3426//3062
f 4375//3063 3426//3063 4376//3063
f 4376//3063 3426//3063 3457//3063
f 4376//3064 3457//3064 4377//3064
f 4377//3064 3457//3064 3459//3064
f 4377//3065 3459//3065 4378//3065
f 4378//3065 3459//3065 3624//3065
f 4378//3066 3624//3066 4379//3066
f 4379//3066 3624//3066 3598//3066
f 4379//3067 3598//3067 4380//3067
f 4380//3067 3598//3067 3597//3067
f 4380//3068 3597//3068 4381//3068
f 4381//3068 3597//3068 3596//3068
f 4381//3069 3596//3069 4382//3069
f 4382//3069 3596//3069 3574//3069
f 4382//3070 3574//3070 4383//3070
f 4383//3070 3574//3070 3572//3070
f 4383//3071 3572//3071 4384//3071
f 4384//3071 3572//3071 3578//3071
f 4384//3072 3578//3072 4327//3072
f 4327//3072 3578//3072 4328//3072
f 4385//3007 4358//3007 4386//3007
f 4385//3007 4386//3007 4355//3007
f 4352//3007 4353//3007 4386//3007
f 4386//3007 4353//3007 4354//3007
f 4386//3007 4354//3007 4355//3007
f 4349//3007 4350//3007 4386//3007
f 4386//3007 4350//3007 4351//3007
f 4386//3007 4351//3007 4352//3007
f 4346//3007 4347//3007 4386//3007
f 4386//3007 4347//3007 4348//3007
f 4386//3007 4348//3007 4349//3007
f 4343//3007 4344//3007 4386//3007
f 4386//3007 4344//3007 4345//3007
f 4386//3007 4345//3007 4346//3007
f 4340//3007 4341//3007 4386//3007
f 4386//3007 4341//3007 4342//3007
f 4386//3007 4342//3007 4343//3007
f 4337//3007 4338//3007 4386//3007
f 4386//3007 4338//3007 4339//3007
f 4386//3007 4339//3007 4340//3007
f 4334//3007 4335//3007 4386//3007
f 4386//3007 4335//3007 4336//3007
f 4386//3007 4336//3007 4337//3007
f 4331//3007 4332//3007 4386//3007
f 4386//3007 4332//3007 4333//3007
f 4386//3007 4333//3007 4334//3007
f 4387//3007 4329//3007 4386//3007
f 4386//3007 4329//3007 4330//3007
f 4386//3007 4330//3007 4331//3007
f 4382//3007 4383//3007 4386//3007
f 4386//3007 4383//3007 4384//3007
f 4386//3007 4384//3007 4387//3007
f 4379//3007 4380//3007 4386//3007
f 4386//3007 4380//3007 4381//3007
f 4386//3007 4381//3007 4382//3007
f 4376//3007 4377//3007 4386//3007
f 4386//3007 4377//3007 4378//3007
f 4386//3007 4378//3007 4379//3007
f 4373//3007 4374//3007 4386//3007
f 4386//3007 4374//3007 4375//3007
f 4386//3007 4375//3007 4376//3007
f 4370//3007 4371//3007 4386//3007
f 4386//3007 4371//3007 4372//3007
f 4386//3007 4372//3007 4373//3007
f 4367//3007 4368//3007 4386//3007
f 4386//3007 4368//3007 4369//3007
f 4386//3007 4369//3007 4370//3007
f 4364//3007 4365//3007 4386//3007
f 4386//3007 4365//3007 4366//3007
f 4386//3007 4366//3007 4367//3007
f 4361//3007 4362//3007 4386//3007
f 4386//3007 4362//3007 4363//3007
f 4386//3007 4363//3007 4364//3007
f 4358//3007 4359//3007 4386//3007
f 4386//3007 4359//3007 4360//3007
f 4386//3007 4360//3007 4361//3007
f 1870//3073 1868//3073 2196//3073
f 2196//3073 1868//3073 3649//3073
f 2196//3074 3649//3074 2197//3074
f 2197//3074 3649//3074 3715//3074
f 2197//3075 3715//3075 2198//3075
f 2198//3075 3715//3075 3714//3075
f 2198//3076 3714//3076 2067//3076
f 2067//3077 3714//3077 3712//3077
f 2067//3078 3712//3078 2204//3078
f 2204//3078 3712//3078 3763//3078
f 2204//3079 3763//3079 2202//3079
f 2202//3080 3763//3080 3762//3080
f 2202//3081 3762//3081 2208//3081
f 2208//3082 3762//3082 3709//3082
f 2208//3083 3709//3083 2209//3083
f 2209//3083 3709//3083 3708//3083
f 2209//3084 3708//3084 2268//3084
f 2268//3085 3708//3085 3744//3085
f 2268//3086 3744//3086 2269//3086
f 2269//3087 3744//3087 3682//3087
f 2269//3088 3682//3088 1959//3088
f 1959//3088 3682//3088 3681//3088
f 1959//3089 3681//3089 1960//3089
f 1960//3089 3681//3089 3679//3089
f 1960//3090 3679//3090 2119//3090
f 2119//3090 3679//3090 3741//3090
f 2119//3091 3741//3091 2014//3091
f 2014//3091 3741//3091 3740//3091
f 2014//3092 3740//3092 2015//3092
f 2015//3092 3740//3092 3787//3092
f 2015//3093 3787//3093 2016//3093
f 2016//3093 3787//3093 3786//3093
f 2016//3094 3786//3094 2068//3094
f 2068//3094 3786//3094 3784//3094
f 2068//3095 3784//3095 1889//3095
f 1889//3095 3784//3095 1887//3095
f 1890//3096 1888//3096 2033//3096
f 2033//3096 1888//3096 3783//3096
f 2033//3097 3783//3097 2034//3097
f 2034//3098 3783//3098 3785//3098
f 2034//3099 3785//3099 2035//3099
f 2035//3099 3785//3099 3742//3099
f 2035//3100 3742//3100 2083//3100
f 2083//3100 3742//3100 3743//3100
f 2083//3101 3743//3101 2084//3101
f 2084//3101 3743//3101 3707//3101
f 2084//3102 3707//3102 2085//3102
f 2085//3102 3707//3102 3706//3102
f 2085//3103 3706//3103 1979//3103
f 1979//3103 3706//3103 3705//3103
f 1979//3104 3705//3104 1976//3104
f 1976//3104 3705//3104 3678//3104
f 1976//3105 3678//3105 2806//3105
f 2806//3106 3678//3106 3680//3106
f 2806//3107 3680//3107 2852//3107
f 2852//3107 3680//3107 3642//3107
f 2852//3108 3642//3108 2867//3108
f 2867//3109 3642//3109 3644//3109
f 2867//3110 3644//3110 2892//3110
f 2892//3110 3644//3110 3676//3110
f 2892//3111 3676//3111 2894//3111
f 2894//3111 3676//3111 3677//3111
f 2894//3112 3677//3112 2895//3112
f 2895//3112 3677//3112 3607//3112
f 2895//3113 3607//3113 2910//3113
f 2910//3113 3607//3113 3606//3113
f 2910//3114 3606//3114 2909//3114
f 2909//3114 3606//3114 3648//3114
f 2909//3115 3648//3115 2907//3115
f 2907//3115 3648//3115 3647//3115
f 2907//3116 3647//3116 1885//3116
f 1885//3116 3647//3116 1883//3116
f 1886//3117 1884//3117 2908//3117
f 2908//3117 1884//3117 3646//3117
f 2908//3118 3646//3118 2893//3118
f 2893//3118 3646//3118 3608//3118
f 2893//3119 3608//3119 2891//3119
f 2891//3119 3608//3119 3675//3119
f 2891//3120 3675//3120 2865//3120
f 2865//3120 3675//3120 3674//3120
f 2865//3121 3674//3121 2866//3121
f 2866//3121 3674//3121 3673//3121
f 2866//3122 3673//3122 2868//3122
f 2868//3122 3673//3122 3672//3122
f 2868//3123 3672//3123 2896//3123
f 2896//3124 3672//3124 3671//3124
f 2896//3125 3671//3125 2897//3125
f 2897//3125 3671//3125 3645//3125
f 2897//3126 3645//3126 2898//3126
f 2898//3126 3645//3126 3643//3126
f 2898//3127 3643//3127 2768//3127
f 2768//3128 3643//3128 3629//3128
f 2768//3129 3629//3129 2769//3129
f 2769//3129 3629//3129 3635//3129
f 2769//3130 3635//3130 2771//3130
f 2771//3130 3635//3130 3716//3130
f 2771//3131 3716//3131 2773//3131
f 2773//3131 3716//3131 3620//3131
f 2773//3132 3620//3132 2802//3132
f 2802//3132 3620//3132 3619//3132
f 2802//3133 3619//3133 2803//3133
f 2803//3133 3619//3133 3618//3133
f 2803//3134 3618//3134 2804//3134
f 2804//3134 3618//3134 3617//3134
f 2804//3135 3617//3135 2628//3135
f 2628//3135 3617//3135 3615//3135
f 2628//3136 3615//3136 1881//3136
f 1881//3136 3615//3136 1879//3136
f 1882//3137 1880//3137 2629//3137
f 2629//3137 1880//3137 3614//3137
f 2629//3138 3614//3138 2772//3138
f 2772//3138 3614//3138 3616//3138
f 2772//3139 3616//3139 2770//3139
f 2770//3139 3616//3139 3506//3139
f 2770//3140 3506//3140 2912//3140
f 2912//3141 3506//3141 3505//3141
f 2912//3142 3505//3142 2911//3142
f 2911//3142 3505//3142 3504//3142
f 2911//3143 3504//3143 2853//3143
f 2853//3143 3504//3143 3503//3143
f 2853//3144 3503//3144 2854//3144
f 2854//3144 3503//3144 3502//3144
f 2854//3145 3502//3145 2805//3145
f 2805//3145 3502//3145 3501//3145
f 2805//3146 3501//3146 2722//3146
f 2722//3146 3501//3146 3464//3146
f 2722//3147 3464//3147 2673//3147
f 2673//3147 3464//3147 3462//3147
f 2673//3148 3462//3148 2674//3148
f 2674//3148 3462//3148 3461//3148
f 2674//3149 3461//3149 2676//3149
f 2676//3149 3461//3149 3511//3149
f 2676//3150 3511//3150 2678//3150
f 2678//3150 3511//3150 3509//3150
f 2678//3151 3509//3151 2717//3151
f 2717//3151 3509//3151 3508//3151
f 2717//3152 3508//3152 2718//3152
f 2718//3152 3508//3152 3507//3152
f 2718//3153 3507//3153 2719//3153
f 2719//3153 3507//3153 3468//3153
f 2719//3154 3468//3154 2671//3154
f 2671//3154 3468//3154 3466//3154
f 2671//3155 3466//3155 1877//3155
f 1877//3155 3466//3155 1875//3155
f 1878//3156 1876//3156 2672//3156
f 2672//3156 1876//3156 3465//3156
f 2672//3157 3465//3157 2677//3157
f 2677//3157 3465//3157 3467//3157
f 2677//3158 3467//3158 2675//3158
f 2675//3158 3467//3158 3510//3158
f 2675//3159 3510//3159 2720//3159
f 2720//3160 3510//3160 3460//3160
f 2720//3161 3460//3161 2721//3161
f 2721//3161 3460//3161 3458//3161
f 2721//3162 3458//3162 2807//3162
f 2807//3162 3458//3162 3541//3162
f 2807//3163 3541//3163 2580//3163
f 2580//3163 3541//3163 3540//3163
f 2580//3164 3540//3164 2581//3164
f 2581//3164 3540//3164 3539//3164
f 2581//3165 3539//3165 2630//3165
f 2630//3166 3539//3166 3425//3166
f 2630//3167 3425//3167 2631//3167
f 2631//3168 3425//3168 3427//3168
f 2631//3169 3427//3169 2632//3169
f 2632//3169 3427//3169 3429//3169
f 2632//3170 3429//3170 2634//3170
f 2634//3170 3429//3170 3497//3170
f 2634//3171 3497//3171 2635//3171
f 2635//3171 3497//3171 3496//3171
f 2635//3172 3496//3172 2516//3172
f 2516//3173 3496//3173 3537//3173
f 2516//3174 3537//3174 2514//3174
f 2514//3174 3537//3174 3536//3174
f 2514//3175 3536//3175 2513//3175
f 2513//3175 3536//3175 3114//3175
f 2513//3176 3114//3176 2511//3176
f 2511//3176 3114//3176 3353//3176
f 2511//3177 3353//3177 1873//3177
f 1873//3177 3353//3177 1871//3177
f 1874//3178 1872//3178 2512//3178
f 2512//3178 1872//3178 3352//3178
f 2512//3179 3352//3179 2515//3179
f 2515//3179 3352//3179 3406//3179
f 2515//3180 3406//3180 2633//3180
f 2633//3180 3406//3180 3405//3180
f 2633//3181 3405//3181 2364//3181
f 2364//3182 3405//3182 3402//3182
f 2364//3183 3402//3183 2365//3183
f 2365//3183 3402//3183 3403//3183
f 2365//3184 3403//3184 2366//3184
f 2366//3184 3403//3184 3404//3184
f 2366//3185 3404//3185 2367//3185
f 2367//3185 3404//3185 3475//3185
f 2367//3186 3475//3186 2440//3186
f 2440//3187 3475//3187 3356//3187
f 2440//3188 3356//3188 2441//3188
f 2441//3188 3356//3188 3412//3188
f 2441//3189 3412//3189 2442//3189
f 2442//3189 3412//3189 3551//3189
f 2442//3190 3551//3190 2444//3190
f 2444//3190 3551//3190 3558//3190
f 2444//3191 3558//3191 2361//3191
f 2361//3192 3558//3192 3557//3192
f 2361//3193 3557//3193 2363//3193
f 2363//3193 3557//3193 3555//3193
f 2363//3194 3555//3194 2437//3194
f 2437//3194 3555//3194 3554//3194
f 2437//3195 3554//3195 2438//3195
f 2438//3195 3554//3195 3589//3195
f 2438//3196 3589//3196 2439//3196
f 2439//3196 3589//3196 3588//3196
f 2439//3197 3588//3197 2297//3197
f 2297//3197 3588//3197 3587//3197
f 2297//3198 3587//3198 1613//3198
f 1613//3198 3587//3198 1611//3198
f 1866//3199 1864//3199 2127//3199
f 2127//3199 1864//3199 3703//3199
f 2127//3200 3703//3200 2128//3200
f 2128//3200 3703//3200 3704//3200
f 2128//3201 3704//3201 2012//3201
f 2012//3202 3704//3202 3633//3202
f 2012//3203 3633//3203 2013//3203
f 2013//3204 3633//3204 3634//3204
f 2013//3205 3634//3205 2199//3205
f 2199//3205 3634//3205 3793//3205
f 2199//3206 3793//3206 2200//3206
f 2200//3206 3793//3206 3792//3206
f 2200//3207 3792//3207 2201//3207
f 2201//3207 3792//3207 3790//3207
f 2201//3208 3790//3208 2330//3208
f 2330//3208 3790//3208 3788//3208
f 2330//3209 3788//3209 2203//3209
f 2203//3209 3788//3209 3710//3209
f 2203//3210 3710//3210 2205//3210
f 2205//3211 3710//3211 3764//3211
f 2205//3212 3764//3212 2206//3212
f 2206//3213 3764//3213 3765//3213
f 2206//3214 3765//3214 2207//3214
f 2207//3214 3765//3214 3747//3214
f 2207//3215 3747//3215 2266//3215
f 2266//3215 3747//3215 3746//3215
f 2266//3216 3746//3216 2267//3216
f 2267//3216 3746//3216 3745//3216
f 2267//3217 3745//3217 2065//3217
f 2065//3217 3745//3217 3711//3217
f 2065//3218 3711//3218 2066//3218
f 2066//3218 3711//3218 3713//3218
f 2066//3219 3713//3219 2011//3219
f 2011//3219 3713//3219 3650//3219
f 2011//3220 3650//3220 1869//3220
f 1869//3220 3650//3220 1867//3220
f 1862//3221 1860//3221 2211//3221
f 2211//3221 1860//3221 3657//3221
f 2211//3222 3657//3222 2214//3222
f 2214//3222 3657//3222 3655//3222
f 2214//3223 3655//3223 2216//3223
f 2216//3223 3655//3223 3654//3223
f 2216//3224 3654//3224 2217//3224
f 2217//3225 3654//3225 3719//3225
f 2217//3226 3719//3226 2219//3226
f 2219//3227 3719//3227 3718//3227
f 2219//3228 3718//3228 2331//3228
f 2331//3228 3718//3228 3612//3228
f 2331//3229 3612//3229 2017//3229
f 2017//3229 3612//3229 3611//3229
f 2017//3230 3611//3230 2018//3230
f 2018//3230 3611//3230 3688//3230
f 2018//3231 3688//3231 2120//3231
f 2120//3232 3688//3232 3687//3232
f 2120//3233 3687//3233 2121//3233
f 2121//3233 3687//3233 3686//3233
f 2121//3234 3686//3234 2122//3234
f 2122//3234 3686//3234 3685//3234
f 2122//3235 3685//3235 2123//3235
f 2123//3235 3685//3235 3684//3235
f 2123//3236 3684//3236 2124//3236
f 2124//3236 3684//3236 3683//3236
f 2124//3237 3683//3237 2125//3237
f 2125//3237 3683//3237 3789//3237
f 2125//3238 3789//3238 2069//3238
f 2069//3238 3789//3238 3791//3238
f 2069//3239 3791//3239 2070//3239
f 2070//3239 3791//3239 3632//3239
f 2070//3240 3632//3240 2126//3240
f 2126//3240 3632//3240 3631//3240
f 2126//3241 3631//3241 1865//3241
f 1865//3241 3631//3241 1863//3241
f 1858//3242 1856//3242 2525//3242
f 2525//3242 1856//3242 3876//3242
f 2525//3243 3876//3243 2636//3243
f 2636//3244 3876//3244 3804//3244
f 2636//3245 3804//3245 2584//3245
f 2584//3245 3804//3245 3803//3245
f 2584//3246 3803//3246 2638//3246
f 2638//3246 3803//3246 3805//3246
f 2638//3247 3805//3247 2639//3247
f 2639//3247 3805//3247 3801//3247
f 2639//3248 3801//3248 2640//3248
f 2640//3248 3801//3248 3800//3248
f 2640//3249 3800//3249 2641//3249
f 2641//3249 3800//3249 3799//3249
f 2641//3250 3799//3250 2334//3250
f 2334//3250 3799//3250 3766//3250
f 2334//3251 3766//3251 2220//3251
f 2220//3251 3766//3251 3768//3251
f 2220//3252 3768//3252 2218//3252
f 2218//3252 3768//3252 3772//3252
f 2218//3253 3772//3253 2270//3253
f 2270//3253 3772//3253 3771//3253
f 2270//3254 3771//3254 2271//3254
f 2271//3254 3771//3254 3656//3254
f 2271//3255 3656//3255 2272//3255
f 2272//3255 3656//3255 3662//3255
f 2272//3256 3662//3256 2215//3256
f 2215//3256 3662//3256 3661//3256
f 2215//3257 3661//3257 2213//3257
f 2213//3257 3661//3257 3660//3257
f 2213//3258 3660//3258 2212//3258
f 2212//3258 3660//3258 3659//3258
f 2212//3259 3659//3259 2210//3259
f 2210//3259 3659//3259 3658//3259
f 2210//3260 3658//3260 1861//3260
f 1861//3260 3658//3260 1859//3260
f 1854//3261 1852//3261 2724//3261
f 2724//3261 1852//3261 3092//3261
f 2724//3262 3092//3262 2680//3262
f 2680//3262 3092//3262 3796//3262
f 2680//3263 3796//3263 2682//3263
f 2682//3263 3796//3263 3798//3263
f 2682//3264 3798//3264 2683//3264
f 2683//3264 3798//3264 3875//3264
f 2683//3265 3875//3265 2777//3265
f 2777//3265 3875//3265 3874//3265
f 2777//3266 3874//3266 2778//3266
f 2778//3266 3874//3266 3849//3266
f 2778//3267 3849//3267 2727//3267
f 2727//3267 3849//3267 3848//3267
f 2727//3268 3848//3268 2726//3268
f 2726//3268 3848//3268 3847//3268
f 2726//3269 3847//3269 2587//3269
f 2587//3270 3847//3270 3828//3270
f 2587//3271 3828//3271 2582//3271
f 2582//3271 3828//3271 3827//3271
f 2582//3272 3827//3272 2583//3272
f 2583//3272 3827//3272 3770//3272
f 2583//3273 3770//3273 2585//3273
f 2585//3273 3770//3273 3769//3273
f 2585//3274 3769//3274 2586//3274
f 2586//3274 3769//3274 3767//3274
f 2586//3275 3767//3275 2637//3275
f 2637//3275 3767//3275 3806//3275
f 2637//3276 3806//3276 2527//3276
f 2527//3277 3806//3277 3802//3277
f 2527//3278 3802//3278 2526//3278
f 2526//3279 3802//3279 3878//3279
f 2526//3280 3878//3280 2524//3280
f 2524//3280 3878//3280 3877//3280
f 2524//3281 3877//3281 1857//3281
f 1857//3282 3877//3282 1855//3282
f 1850//3283 1848//3283 2343//3283
f 2343//3283 1848//3283 3830//3283
f 2343//3284 3830//3284 2344//3284
f 2344//3284 3830//3284 3832//3284
f 2344//3285 3832//3285 2132//3285
f 2132//3285 3832//3285 3839//3285
f 2132//3286 3839//3286 2133//3286
f 2133//3286 3839//3286 3841//3286
f 2133//3287 3841//3287 2135//3287
f 2135//3287 3841//3287 3846//3287
f 2135//3288 3846//3288 2273//3288
f 2273//3288 3846//3288 3845//3288
f 2273//3289 3845//3289 2335//3289
f 2335//3289 3845//3289 3843//3289
f 2335//3290 3843//3290 2332//3290
f 2332//3290 3843//3290 3842//3290
f 2332//3291 3842//3291 2333//3291
f 2333//3291 3842//3291 3835//3291
f 2333//3292 3835//3292 2588//3292
f 2588//3292 3835//3292 3834//3292
f 2588//3293 3834//3293 2725//3293
f 2725//3293 3834//3293 3833//3293
f 2725//3294 3833//3294 2681//3294
f 2681//3294 3833//3294 3797//3294
f 2681//3295 3797//3295 2679//3295
f 2679//3295 3797//3295 3795//3295
f 2679//3296 3795//3296 2774//3296
f 2774//3296 3795//3296 3794//3296
f 2774//3297 3794//3297 2775//3297
f 2775//3297 3794//3297 3852//3297
f 2775//3298 3852//3298 2776//3298
f 2776//3298 3852//3298 3851//3298
f 2776//3299 3851//3299 2723//3299
f 2723//3299 3851//3299 3850//3299
f 2723//3300 3850//3300 1853//3300
f 1853//3300 3850//3300 1851//3300
f 1846//3301 1844//3301 2339//3301
f 2339//3301 1844//3301 3879//3301
f 2339//3302 3879//3302 2387//3302
f 2387//3302 3879//3302 3807//3302
f 2387//3303 3807//3303 2276//3303
f 2276//3303 3807//3303 3775//3303
f 2276//3304 3775//3304 2071//3304
f 2071//3304 3775//3304 3774//3304
f 2071//3305 3774//3305 2072//3305
f 2072//3305 3774//3305 3773//3305
f 2072//3306 3773//3306 2224//3306
f 2224//3306 3773//3306 3748//3306
f 2224//3307 3748//3307 2019//3307
f 2019//3307 3748//3307 3652//3307
f 2019//3308 3652//3308 2020//3308
f 2020//3308 3652//3308 3651//3308
f 2020//3309 3651//3309 2129//3309
f 2129//3309 3651//3309 3838//3309
f 2129//3310 3838//3310 2130//3310
f 2130//3310 3838//3310 3829//3310
f 2130//3311 3829//3311 2131//3311
f 2131//3311 3829//3311 3856//3311
f 2131//3312 3856//3312 1962//3312
f 1962//3312 3856//3312 3855//3312
f 1962//3313 3855//3313 1963//3313
f 1963//3313 3855//3313 3854//3313
f 1963//3314 3854//3314 2137//3314
f 2137//3314 3854//3314 3853//3314
f 2137//3315 3853//3315 2136//3315
f 2136//3315 3853//3315 3844//3315
f 2136//3316 3844//3316 2134//3316
f 2134//3316 3844//3316 3840//3316
f 2134//3317 3840//3317 2342//3317
f 2342//3317 3840//3317 3831//3317
f 2342//3318 3831//3318 1849//3318
f 1849//3318 3831//3318 1847//3318
f 1842//3319 1840//3319 2337//3319
f 2337//3319 1840//3319 3542//3319
f 2337//3320 3542//3320 2380//3320
f 2380//3320 3542//3320 3610//3320
f 2380//3321 3610//3321 2378//3321
f 2378//3321 3610//3321 3691//3321
f 2378//3322 3691//3322 2382//3322
f 2382//3322 3691//3322 3690//3322
f 2382//3323 3690//3323 2383//3323
f 2383//3323 3690//3323 3689//3323
f 2383//3324 3689//3324 2385//3324
f 2385//3324 3689//3324 3717//3324
f 2385//3325 3717//3325 2386//3325
f 2386//3325 3717//3325 3628//3325
f 2386//3326 3628//3326 2221//3326
f 2221//3326 3628//3326 3613//3326
f 2221//3327 3613//3327 2222//3327
f 2222//3327 3613//3327 3653//3327
f 2222//3328 3653//3328 2223//3328
f 2223//3328 3653//3328 3750//3328
f 2223//3329 3750//3329 2073//3329
f 2073//3329 3750//3329 3749//3329
f 2073//3330 3749//3330 2458//3330
f 2458//3330 3749//3330 3858//3330
f 2458//3331 3858//3331 2341//3331
f 2341//3331 3858//3331 3857//3331
f 2341//3332 3857//3332 2274//3332
f 2274//3332 3857//3332 3809//3332
f 2274//3333 3809//3333 2275//3333
f 2275//3333 3809//3333 3808//3333
f 2275//3334 3808//3334 2340//3334
f 2340//3334 3808//3334 3881//3334
f 2340//3335 3881//3335 2338//3335
f 2338//3335 3881//3335 3880//3335
f 2338//3336 3880//3336 1845//3336
f 1845//3336 3880//3336 1843//3336
f 1838//3337 1836//3337 2729//3337
f 2729//3337 1836//3337 3306//3337
f 2729//3338 3306//3338 2645//3338
f 2645//3338 3306//3338 3603//3338
f 2645//3339 3603//3339 2589//3339
f 2589//3339 3603//3339 3599//3339
f 2589//3340 3599//3340 2590//3340
f 2590//3340 3599//3340 3582//3340
f 2590//3341 3582//3341 2592//3341
f 2592//3341 3582//3341 3581//3341
f 2592//3342 3581//3342 2528//3342
f 2528//3342 3581//3342 3580//3342
f 2528//3343 3580//3343 2529//3343
f 2529//3343 3580//3343 3594//3343
f 2529//3344 3594//3344 2530//3344
f 2530//3344 3594//3344 3593//3344
f 2530//3345 3593//3345 2384//3345
f 2384//3345 3593//3345 3592//3345
f 2384//3346 3592//3346 2376//3346
f 2376//3346 3592//3346 3579//3346
f 2376//3347 3579//3347 2377//3347
f 2377//3347 3579//3347 3577//3347
f 2377//3348 3577//3348 2379//3348
f 2379//3348 3577//3348 3576//3348
f 2379//3349 3576//3349 2381//3349
f 2381//3349 3576//3349 3571//3349
f 2381//3350 3571//3350 2455//3350
f 2455//3350 3571//3350 3573//3350
f 2455//3351 3573//3351 2456//3351
f 2456//3351 3573//3351 3575//3351
f 2456//3352 3575//3352 2457//3352
f 2457//3352 3575//3352 3463//3352
f 2457//3353 3463//3353 2336//3353
f 2336//3353 3463//3353 3609//3353
f 2336//3354 3609//3354 1841//3354
f 1841//3355 3609//3355 1839//3355
f 1834//3356 1832//3356 2347//3356
f 2347//3356 1832//3356 3567//3356
f 2347//3357 3567//3357 2350//3357
f 2350//3357 3567//3357 3866//3357
f 2350//3358 3866//3358 2404//3358
f 2404//3358 3866//3358 3864//3358
f 2404//3359 3864//3359 2232//3359
f 2232//3359 3864//3359 3862//3359
f 2232//3360 3862//3360 2230//3360
f 2230//3360 3862//3360 3820//3360
f 2230//3361 3820//3361 1936//3361
f 1936//3361 3820//3361 3819//3361
f 1936//3362 3819//3362 1937//3362
f 1937//3362 3819//3362 3818//3362
f 1937//3363 3818//3363 2642//3363
f 2642//3363 3818//3363 3500//3363
f 2642//3364 3500//3364 2593//3364
f 2593//3364 3500//3364 3499//3364
f 2593//3365 3499//3365 2591//3365
f 2591//3365 3499//3365 3600//3365
f 2591//3366 3600//3366 2643//3366
f 2643//3366 3600//3366 3605//3366
f 2643//3367 3605//3367 2644//3367
f 2644//3367 3605//3367 3604//3367
f 2644//3368 3604//3368 2646//3368
f 2646//3368 3604//3368 3602//3368
f 2646//3369 3602//3369 2730//3369
f 2730//3369 3602//3369 3601//3369
f 2730//3370 3601//3370 2731//3370
f 2731//3370 3601//3370 3627//3370
f 2731//3371 3627//3371 2732//3371
f 2732//3371 3627//3371 3626//3371
f 2732//3372 3626//3372 2728//3372
f 2728//3372 3626//3372 3625//3372
f 2728//3373 3625//3373 1837//3373
f 1837//3373 3625//3373 1835//3373
f 1830//3374 1828//3374 2548//3374
f 2548//3374 1828//3374 3150//3374
f 2548//3375 3150//3375 2400//3375
f 2400//3375 3150//3375 3946//3375
f 2400//3376 3946//3376 2401//3376
f 2401//3376 3946//3376 3945//3376
f 2401//3377 3945//3377 2402//3377
f 2402//3377 3945//3377 3942//3377
f 2402//3378 3942//3378 2403//3378
f 2403//3378 3942//3378 3943//3378
f 2403//3379 3943//3379 2228//3379
f 2228//3379 3943//3379 3944//3379
f 2228//3380 3944//3380 2229//3380
f 2229//3380 3944//3380 3897//3380
f 2229//3381 3897//3381 2283//3381
f 2283//3381 3897//3381 3896//3381
f 2283//3382 3896//3382 2284//3382
f 2284//3382 3896//3382 3906//3382
f 2284//3383 3906//3383 2285//3383
f 2285//3383 3906//3383 3905//3383
f 2285//3384 3905//3384 2231//3384
f 2231//3384 3905//3384 3863//3384
f 2231//3385 3863//3385 2405//3385
f 2405//3386 3863//3386 3865//3386
f 2405//3387 3865//3387 2406//3387
f 2406//3387 3865//3387 3867//3387
f 2406//3388 3867//3388 2351//3388
f 2351//3388 3867//3388 3868//3388
f 2351//3389 3868//3389 2349//3389
f 2349//3389 3868//3389 3895//3389
f 2349//3390 3895//3390 2348//3390
f 2348//3390 3895//3390 3894//3390
f 2348//3391 3894//3391 2346//3391
f 2346//3391 3894//3391 3893//3391
f 2346//3392 3893//3392 1833//3392
f 1833//3392 3893//3392 1831//3392
f 1826//3393 1824//3393 2469//3393
f 2469//3393 1824//3393 4059//3393
f 2469//3394 4059//3394 2545//3394
f 2545//3394 4059//3394 4040//3394
f 2545//3395 4040//3395 2395//3395
f 2395//3395 4040//3395 4030//3395
f 2395//3396 4030//3396 2396//3396
f 2396//3396 4030//3396 4004//3396
f 2396//3397 4004//3397 2225//3397
f 2225//3397 4004//3397 4003//3397
f 2225//3398 4003//3398 2226//3398
f 2226//3398 4003//3398 4002//3398
f 2226//3399 4002//3399 2227//3399
f 2227//3399 4002//3399 3966//3399
f 2227//3400 3966//3400 2277//3400
f 2277//3400 3966//3400 3965//3400
f 2277//3401 3965//3401 2278//3401
f 2278//3401 3965//3401 3963//3401
f 2278//3402 3963//3402 2279//3402
f 2279//3402 3963//3402 3962//3402
f 2279//3403 3962//3403 2280//3403
f 2280//3403 3962//3403 3907//3403
f 2280//3404 3907//3404 2281//3404
f 2281//3404 3907//3404 3908//3404
f 2281//3405 3908//3405 2282//3405
f 2282//3405 3908//3405 3909//3405
f 2282//3406 3909//3406 2612//3406
f 2612//3406 3909//3406 3947//3406
f 2612//3407 3947//3407 2613//3407
f 2613//3407 3947//3407 4001//3407
f 2613//3408 4001//3408 2614//3408
f 2614//3408 4001//3408 4000//3408
f 2614//3409 4000//3409 2547//3409
f 2547//3409 4000//3409 3999//3409
f 2547//3410 3999//3410 1829//3410
f 1829//3411 3999//3411 1827//3411
f 1822//3412 1820//3412 2653//3412
f 2653//3412 1820//3412 4080//3412
f 2653//3413 4080//3413 2654//3413
f 2654//3413 4080//3413 4094//3413
f 2654//3414 4094//3414 2540//3414
f 2540//3414 4094//3414 4093//3414
f 2540//3415 4093//3415 2541//3415
f 2541//3415 4093//3415 4064//3415
f 2541//3416 4064//3416 2539//3416
f 2539//3416 4064//3416 4063//3416
f 2539//3417 4063//3417 2393//3417
f 2393//3417 4063//3417 4098//3417
f 2393//3418 4098//3418 2394//3418
f 2394//3418 4098//3418 4099//3418
f 2394//3419 4099//3419 2399//3419
f 2399//3419 4099//3419 4026//3419
f 2399//3420 4026//3420 2398//3420
f 2398//3420 4026//3420 4028//3420
f 2398//3421 4028//3421 2397//3421
f 2397//3421 4028//3421 4029//3421
f 2397//3422 4029//3422 2609//3422
f 2609//3422 4029//3422 4042//3422
f 2609//3423 4042//3423 2610//3423
f 2610//3423 4042//3423 4041//3423
f 2610//3424 4041//3424 2611//3424
f 2611//3424 4041//3424 4045//3424
f 2611//3425 4045//3425 2546//3425
f 2546//3425 4045//3425 4044//3425
f 2546//3426 4044//3426 2544//3426
f 2544//3426 4044//3426 4043//3426
f 2544//3427 4043//3427 2470//3427
f 2470//3427 4043//3427 4061//3427
f 2470//3428 4061//3428 2468//3428
f 2468//3428 4061//3428 4060//3428
f 2468//3429 4060//3429 1825//3429
f 1825//3429 4060//3429 1823//3429
f 1818//3430 1816//3430 2602//3430
f 2602//3430 1816//3430 3722//3430
f 2602//3431 3722//3431 2534//3431
f 2534//3432 3722//3432 4141//3432
f 2534//3433 4141//3433 2467//3433
f 2467//3433 4141//3433 4121//3433
f 2467//3434 4121//3434 2466//3434
f 2466//3434 4121//3434 4123//3434
f 2466//3435 4123//3435 2461//3435
f 2461//3435 4123//3435 4046//3435
f 2461//3436 4046//3436 2687//3436
f 2687//3436 4046//3436 4048//3436
f 2687//3437 4048//3437 2536//3437
f 2536//3437 4048//3437 4005//3437
f 2536//3438 4005//3438 2537//3438
f 2537//3438 4005//3438 4085//3438
f 2537//3439 4085//3439 2538//3439
f 2538//3439 4085//3439 4069//3439
f 2538//3440 4069//3440 2606//3440
f 2606//3440 4069//3440 4068//3440
f 2606//3441 4068//3441 2607//3441
f 2607//3441 4068//3441 4066//3441
f 2607//3442 4066//3442 2608//3442
f 2608//3442 4066//3442 4065//3442
f 2608//3443 4065//3443 2650//3443
f 2650//3443 4065//3443 4097//3443
f 2650//3444 4097//3444 2651//3444
f 2651//3444 4097//3444 4096//3444
f 2651//3445 4096//3445 2543//3445
f 2543//3445 4096//3445 4095//3445
f 2543//3446 4095//3446 2542//3446
f 2542//3446 4095//3446 4062//3446
f 2542//3447 4062//3447 2652//3447
f 2652//3447 4062//3447 4081//3447
f 2652//3448 4081//3448 1821//3448
f 1821//3448 4081//3448 1819//3448
f 1814//3449 1812//3449 2392//3449
f 2392//3449 1812//3449 3630//3449
f 2392//3450 3630//3450 2388//3450
f 2388//3450 3630//3450 4102//3450
f 2388//3451 4102//3451 2874//3451
f 2874//3451 4102//3451 4310//3451
f 2874//3452 4310//3452 2742//3452
f 2742//3452 4310//3452 4223//3452
f 2742//3453 4223//3453 2743//3453
f 2743//3453 4223//3453 4222//3453
f 2743//3454 4222//3454 2744//3454
f 2744//3454 4222//3454 4221//3454
f 2744//3455 4221//3455 2691//3455
f 2691//3455 4221//3455 4174//3455
f 2691//3456 4174//3456 2690//3456
f 2690//3456 4174//3456 4173//3456
f 2690//3457 4173//3457 2688//3457
f 2688//3457 4173//3457 4194//3457
f 2688//3458 4194//3458 2465//3458
f 2465//3458 4194//3458 4122//3458
f 2465//3459 4122//3459 2532//3459
f 2532//3459 4122//3459 4143//3459
f 2532//3460 4143//3460 2533//3460
f 2533//3460 4143//3460 4142//3460
f 2533//3461 4142//3461 2535//3461
f 2535//3461 4142//3461 4140//3461
f 2535//3462 4140//3462 2603//3462
f 2603//3462 4140//3462 4139//3462
f 2603//3463 4139//3463 2604//3463
f 2604//3463 4139//3463 4146//3463
f 2604//3464 4146//3464 2605//3464
f 2605//3464 4146//3464 4145//3464
f 2605//3465 4145//3465 2601//3465
f 2601//3465 4145//3465 4144//3465
f 2601//3466 4144//3466 1817//3466
f 1817//3466 4144//3466 1815//3466
f 1810//3467 1808//3467 2858//3467
f 2858//3467 1808//3467 4289//3467
f 2858//3468 4289//3468 2869//3468
f 2869//3468 4289//3468 4291//3468
f 2869//3469 4291//3469 2739//3469
f 2739//3469 4291//3469 4292//3469
f 2739//3470 4292//3470 2740//3470
f 2740//3470 4292//3470 4280//3470
f 2740//3471 4280//3471 2884//3471
f 2884//3471 4280//3471 4325//3471
f 2884//3472 4325//3472 2870//3472
f 2870//3472 4325//3472 4326//3472
f 2870//3473 4326//3473 2792//3473
f 2792//3473 4326//3473 4299//3473
f 2792//3474 4299//3474 2793//3474
f 2793//3474 4299//3474 4298//3474
f 2793//3475 4298//3475 2871//3475
f 2871//3475 4298//3475 4313//3475
f 2871//3476 4313//3476 2872//3476
f 2872//3476 4313//3476 4312//3476
f 2872//3477 4312//3477 2873//3477
f 2873//3477 4312//3477 4311//3477
f 2873//3478 4311//3478 2875//3478
f 2875//3478 4311//3478 4309//3478
f 2875//3479 4309//3479 2876//3479
f 2876//3479 4309//3479 4308//3479
f 2876//3480 4308//3480 2389//3480
f 2389//3480 4308//3480 4104//3480
f 2389//3481 4104//3481 2390//3481
f 2390//3481 4104//3481 4103//3481
f 2390//3482 4103//3482 2391//3482
f 2391//3482 4103//3482 4101//3482
f 2391//3483 4101//3483 2345//3483
f 2345//3483 4101//3483 4100//3483
f 2345//3484 4100//3484 1813//3484
f 1813//3485 4100//3485 1811//3485
f 1806//3486 1804//3486 2787//3486
f 2787//3487 1804//3487 4241//3487
f 2787//3488 4241//3488 2789//3488
f 2789//3488 4241//3488 4178//3488
f 2789//3489 4178//3489 2899//3489
f 2899//3490 4178//3490 4321//3490
f 2899//3491 4321//3491 2860//3491
f 2860//3491 4321//3491 4320//3491
f 2860//3492 4320//3492 2815//3492
f 2815//3492 4320//3492 4301//3492
f 2815//3493 4301//3493 2816//3493
f 2816//3493 4301//3493 4277//3493
f 2816//3494 4277//3494 2861//3494
f 2861//3494 4277//3494 4276//3494
f 2861//3495 4276//3495 2913//3495
f 2913//3495 4276//3495 4316//3495
f 2913//3496 4316//3496 2885//3496
f 2885//3496 4316//3496 4315//3496
f 2885//3497 4315//3497 2883//3497
f 2883//3498 4315//3498 4314//3498
f 2883//3499 4314//3499 2813//3499
f 2813//3499 4314//3499 4324//3499
f 2813//3500 4324//3500 2814//3500
f 2814//3500 4324//3500 4279//3500
f 2814//3501 4279//3501 2855//3501
f 2855//3501 4279//3501 4278//3501
f 2855//3502 4278//3502 2856//3502
f 2856//3502 4278//3502 4304//3502
f 2856//3503 4304//3503 2741//3503
f 2741//3503 4304//3503 4303//3503
f 2741//3504 4303//3504 2859//3504
f 2859//3504 4303//3504 4302//3504
f 2859//3505 4302//3505 2857//3505
f 2857//3505 4302//3505 4290//3505
f 2857//3506 4290//3506 1809//3506
f 1809//3506 4290//3506 1807//3506
f 1802//3507 1800//3507 2648//3507
f 2648//3508 1800//3508 3086//3508
f 2648//3509 3086//3509 2838//3509
f 2838//3509 3086//3509 4246//3509
f 2838//3510 4246//3510 2781//3510
f 2781//3510 4246//3510 4232//3510
f 2781//3511 4232//3511 2782//3511
f 2782//3511 4232//3511 4231//3511
f 2782//3512 4231//3512 2783//3512
f 2783//3512 4231//3512 4227//3512
f 2783//3513 4227//3513 2785//3513
f 2785//3513 4227//3513 4229//3513
f 2785//3514 4229//3514 2733//3514
f 2733//3514 4229//3514 4230//3514
f 2733//3515 4230//3515 2880//3515
f 2880//3515 4230//3515 4319//3515
f 2880//3516 4319//3516 2881//3516
f 2881//3516 4319//3516 4318//3516
f 2881//3517 4318//3517 2882//3517
f 2882//3517 4318//3517 4317//3517
f 2882//3518 4317//3518 2817//3518
f 2817//3518 4317//3518 4300//3518
f 2817//3519 4300//3519 2900//3519
f 2900//3520 4300//3520 4322//3520
f 2900//3521 4322//3521 2901//3521
f 2901//3521 4322//3521 4323//3521
f 2901//3522 4323//3522 2791//3522
f 2791//3522 4323//3522 4177//3522
f 2791//3523 4177//3523 2790//3523
f 2790//3523 4177//3523 4176//3523
f 2790//3524 4176//3524 2788//3524
f 2788//3524 4176//3524 4243//3524
f 2788//3525 4243//3525 2786//3525
f 2786//3525 4243//3525 4242//3525
f 2786//3526 4242//3526 1805//3526
f 1805//3527 4242//3527 1803//3527
f 1798//3528 1796//3528 2839//3528
f 2839//3529 1796//3529 4267//3529
f 2839//3530 4267//3530 2840//3530
f 2840//3530 4267//3530 4226//3530
f 2840//3531 4226//3531 2841//3531
f 2841//3531 4226//3531 4225//3531
f 2841//3532 4225//3532 2735//3532
f 2735//3532 4225//3532 4224//3532
f 2735//3533 4224//3533 2737//3533
f 2737//3533 4224//3533 4199//3533
f 2737//3534 4199//3534 2738//3534
f 2738//3534 4199//3534 4198//3534
f 2738//3535 4198//3535 2462//3535
f 2462//3535 4198//3535 4196//3535
f 2462//3536 4196//3536 2463//3536
f 2463//3536 4196//3536 4195//3536
f 2463//3537 4195//3537 2808//3537
f 2808//3537 4195//3537 4251//3537
f 2808//3538 4251//3538 2809//3538
f 2809//3538 4251//3538 4250//3538
f 2809//3539 4250//3539 2810//3539
f 2810//3539 4250//3539 4249//3539
f 2810//3540 4249//3540 2784//3540
f 2784//3541 4249//3541 4228//3541
f 2784//3542 4228//3542 2811//3542
f 2811//3542 4228//3542 4233//3542
f 2811//3543 4233//3543 2779//3543
f 2779//3543 4233//3543 4248//3543
f 2779//3544 4248//3544 2780//3544
f 2780//3544 4248//3544 4247//3544
f 2780//3545 4247//3545 2649//3545
f 2649//3545 4247//3545 4245//3545
f 2649//3546 4245//3546 2647//3546
f 2647//3546 4245//3546 4244//3546
f 2647//3547 4244//3547 1801//3547
f 1801//3547 4244//3547 1799//3547
f 1794//3548 1792//3548 2684//3548
f 2684//3548 1792//3548 3091//3548
f 2684//3549 3091//3549 2685//3549
f 2685//3549 3091//3549 4161//3549
f 2685//3550 4161//3550 2686//3550
f 2686//3550 4161//3550 4163//3550
f 2686//3551 4163//3551 2595//3551
f 2595//3551 4163//3551 4164//3551
f 2595//3552 4164//3552 2598//3552
f 2598//3552 4164//3552 4205//3552
f 2598//3553 4205//3553 2599//3553
f 2599//3553 4205//3553 4207//3553
f 2599//3554 4207//3554 2600//3554
f 2600//3555 4207//3555 4275//3555
f 2600//3556 4275//3556 2459//3556
f 2459//3556 4275//3556 4274//3556
f 2459//3557 4274//3557 2460//3557
f 2460//3558 4274//3558 4273//3558
f 2460//3559 4273//3559 2692//3559
f 2692//3559 4273//3559 4179//3559
f 2692//3560 4179//3560 2689//3560
f 2689//3561 4179//3561 4175//3561
f 2689//3562 4175//3562 2734//3562
f 2734//3563 4175//3563 4270//3563
f 2734//3564 4270//3564 2836//3564
f 2836//3564 4270//3564 4271//3564
f 2836//3565 4271//3565 2837//3565
f 2837//3565 4271//3565 4272//3565
f 2837//3566 4272//3566 2464//3566
f 2464//3566 4272//3566 4197//3566
f 2464//3567 4197//3567 2736//3567
f 2736//3567 4197//3567 4269//3567
f 2736//3568 4269//3568 2812//3568
f 2812//3568 4269//3568 4268//3568
f 2812//3569 4268//3569 1797//3569
f 1797//3569 4268//3569 1795//3569
f 1790//3570 1788//3570 2482//3570
f 2482//3570 1788//3570 4184//3570
f 2482//3571 4184//3571 2481//3571
f 2481//3571 4184//3571 4182//3571
f 2481//3572 4182//3572 2483//3572
f 2483//3572 4182//3572 4181//3572
f 2483//3573 4181//3573 2408//3573
f 2408//3573 4181//3573 4180//3573
f 2408//3574 4180//3574 2409//3574
f 2409//3574 4180//3574 4202//3574
f 2409//3575 4202//3575 2411//3575
f 2411//3575 4202//3575 4201//3575
f 2411//3576 4201//3576 2487//3576
f 2487//3576 4201//3576 4200//3576
f 2487//3577 4200//3577 2486//3577
f 2486//3577 4200//3577 4252//3577
f 2486//3578 4252//3578 2484//3578
f 2484//3578 4252//3578 4206//3578
f 2484//3579 4206//3579 2618//3579
f 2618//3579 4206//3579 4204//3579
f 2618//3580 4204//3580 2619//3580
f 2619//3581 4204//3581 4203//3581
f 2619//3582 4203//3582 2354//3582
f 2354//3582 4203//3582 4167//3582
f 2354//3583 4167//3583 1972//3583
f 1972//3583 4167//3583 4166//3583
f 1972//3584 4166//3584 2594//3584
f 2594//3584 4166//3584 4165//3584
f 2594//3585 4165//3585 2596//3585
f 2596//3586 4165//3586 4162//3586
f 2596//3587 4162//3587 2597//3587
f 2597//3587 4162//3587 4160//3587
f 2597//3588 4160//3588 2531//3588
f 2531//3588 4160//3588 4159//3588
f 2531//3589 4159//3589 1793//3589
f 1793//3589 4159//3589 1791//3589
f 1786//3590 1784//3590 2794//3590
f 2794//3590 1784//3590 4115//3590
f 2794//3591 4115//3591 2795//3591
f 2795//3591 4115//3591 4117//3591
f 2795//3592 4117//3592 2615//3592
f 2615//3592 4117//3592 3969//3592
f 2615//3593 3969//3593 2655//3593
f 2655//3593 3969//3593 4153//3593
f 2655//3594 4153//3594 2656//3594
f 2656//3595 4153//3595 4152//3595
f 2656//3596 4152//3596 2657//3596
f 2657//3596 4152//3596 4151//3596
f 2657//3597 4151//3597 2476//3597
f 2476//3597 4151//3597 4150//3597
f 2476//3598 4150//3598 2477//3598
f 2477//3598 4150//3598 4170//3598
f 2477//3599 4170//3599 2478//3599
f 2478//3600 4170//3600 4169//3600
f 2478//3601 4169//3601 2694//3601
f 2694//3601 4169//3601 4168//3601
f 2694//3602 4168//3602 2695//3602
f 2695//3603 4168//3603 4107//3603
f 2695//3604 4107//3604 2696//3604
f 2696//3604 4107//3604 4106//3604
f 2696//3605 4106//3605 2485//3605
f 2485//3605 4106//3605 4105//3605
f 2485//3606 4105//3606 2410//3606
f 2410//3607 4105//3607 4047//3607
f 2410//3608 4047//3608 2479//3608
f 2479//3608 4047//3608 4183//3608
f 2479//3609 4183//3609 2480//3609
f 2480//3609 4183//3609 4186//3609
f 2480//3610 4186//3610 2407//3610
f 2407//3610 4186//3610 4185//3610
f 2407//3611 4185//3611 1789//3611
f 1789//3611 4185//3611 1787//3611
f 1782//3612 1780//3612 2488//3612
f 2488//3613 1780//3613 3095//3613
f 2488//3614 3095//3614 2489//3614
f 2489//3614 3095//3614 4113//3614
f 2489//3615 4113//3615 2490//3615
f 2490//3615 4113//3615 4112//3615
f 2490//3616 4112//3616 2475//3616
f 2475//3616 4112//3616 4111//3616
f 2475//3617 4111//3617 2474//3617
f 2474//3617 4111//3617 4110//3617
f 2474//3618 4110//3618 2472//3618
f 2472//3618 4110//3618 4109//3618
f 2472//3619 4109//3619 2471//3619
f 2471//3619 4109//3619 4108//3619
f 2471//3620 4108//3620 2549//3620
f 2549//3620 4108//3620 4124//3620
f 2549//3621 4124//3621 2693//3621
f 2693//3621 4124//3621 4125//3621
f 2693//3622 4125//3622 2616//3622
f 2616//3623 4125//3623 3968//3623
f 2616//3624 3968//3624 2617//3624
f 2617//3624 3968//3624 3967//3624
f 2617//3625 3967//3625 2745//3625
f 2745//3625 3967//3625 4172//3625
f 2745//3626 4172//3626 2746//3626
f 2746//3626 4172//3626 4171//3626
f 2746//3627 4171//3627 2747//3627
f 2747//3628 4171//3628 4127//3628
f 2747//3629 4127//3629 2797//3629
f 2797//3630 4127//3630 4126//3630
f 2797//3631 4126//3631 2796//3631
f 2796//3631 4126//3631 4187//3631
f 2796//3632 4187//3632 2146//3632
f 2146//3632 4187//3632 4116//3632
f 2146//3633 4116//3633 1785//3633
f 1785//3633 4116//3633 1783//3633
f 1778//3634 1776//3634 2495//3634
f 2495//3634 1776//3634 3666//3634
f 2495//3635 3666//3635 2496//3635
f 2496//3635 3666//3635 4051//3635
f 2496//3636 4051//3636 2497//3636
f 2497//3636 4051//3636 4052//3636
f 2497//3637 4052//3637 2555//3637
f 2555//3638 4052//3638 4053//3638
f 2555//3639 4053//3639 2556//3639
f 2556//3639 4053//3639 4084//3639
f 2556//3640 4084//3640 2557//3640
f 2557//3641 4084//3641 4083//3641
f 2557//3642 4083//3642 2423//3642
f 2423//3642 4083//3642 4082//3642
f 2423//3643 4082//3643 2424//3643
f 2424//3643 4082//3643 4128//3643
f 2424//3644 4128//3644 2425//3644
f 2425//3644 4128//3644 4033//3644
f 2425//3645 4033//3645 2426//3645
f 2426//3646 4033//3646 4032//3646
f 2426//3647 4032//3647 2427//3647
f 2427//3648 4032//3648 4031//3648
f 2427//3649 4031//3649 2428//3649
f 2428//3649 4031//3649 4007//3649
f 2428//3650 4007//3650 2292//3650
f 2292//3651 4007//3651 4006//3651
f 2292//3652 4006//3652 2078//3652
f 2078//3652 4006//3652 4114//3652
f 2078//3653 4114//3653 2149//3653
f 2149//3654 4114//3654 4149//3654
f 2149//3655 4149//3655 2473//3655
f 2473//3656 4149//3656 4148//3656
f 2473//3657 4148//3657 2412//3657
f 2412//3657 4148//3657 4147//3657
f 2412//3658 4147//3658 1781//3658
f 1781//3658 4147//3658 1779//3658
f 1774//3659 1772//3659 2799//3659
f 2799//3659 1772//3659 3970//3659
f 2799//3660 3970//3660 2800//3660
f 2800//3660 3970//3660 4016//3660
f 2800//3661 4016//3661 2756//3661
f 2756//3661 4016//3661 4015//3661
f 2756//3662 4015//3662 2757//3662
f 2757//3662 4015//3662 4014//3662
f 2757//3663 4014//3663 2758//3663
f 2758//3663 4014//3663 3975//3663
f 2758//3664 3975//3664 2702//3664
f 2702//3664 3975//3664 3973//3664
f 2702//3665 3973//3665 2703//3665
f 2703//3666 3973//3666 3972//3666
f 2703//3667 3972//3667 2565//3667
f 2565//3668 3972//3668 3912//3668
f 2565//3669 3912//3669 2563//3669
f 2563//3670 3912//3670 3911//3670
f 2563//3671 3911//3671 2568//3671
f 2568//3672 3911//3672 3870//3672
f 2568//3673 3870//3673 2569//3673
f 2569//3673 3870//3673 3869//3673
f 2569//3674 3869//3674 2704//3674
f 2704//3674 3869//3674 4013//3674
f 2704//3675 4013//3675 2705//3675
f 2705//3675 4013//3675 4012//3675
f 2705//3676 4012//3676 2706//3676
f 2706//3677 4012//3677 4011//3677
f 2706//3678 4011//3678 2622//3678
f 2622//3678 4011//3678 4010//3678
f 2622//3679 4010//3679 2623//3679
f 2623//3679 4010//3679 4050//3679
f 2623//3680 4050//3680 2624//3680
f 2624//3680 4050//3680 4049//3680
f 2624//3681 4049//3681 1777//3681
f 1777//3681 4049//3681 1775//3681
f 1770//3682 1768//3682 2842//3682
f 2842//3682 1768//3682 3595//3682
f 2842//3683 3595//3683 2843//3683
f 2843//3683 3595//3683 4036//3683
f 2843//3684 4036//3684 2844//3684
f 2844//3684 4036//3684 4037//3684
f 2844//3685 4037//3685 2818//3685
f 2818//3685 4037//3685 4019//3685
f 2818//3686 4019//3686 2819//3686
f 2819//3687 4019//3687 4018//3687
f 2819//3688 4018//3688 2821//3688
f 2821//3688 4018//3688 4017//3688
f 2821//3689 4017//3689 2822//3689
f 2822//3689 4017//3689 3976//3689
f 2822//3690 3976//3690 2750//3690
f 2750//3690 3976//3690 3950//3690
f 2750//3691 3950//3691 2660//3691
f 2660//3691 3950//3691 3949//3691
f 2660//3692 3949//3692 2621//3692
f 2621//3692 3949//3692 3948//3692
f 2621//3693 3948//3693 2561//3693
f 2561//3693 3948//3693 3928//3693
f 2561//3694 3928//3694 2562//3694
f 2562//3694 3928//3694 3927//3694
f 2562//3695 3927//3695 2564//3695
f 2564//3696 3927//3696 3926//3696
f 2564//3697 3926//3697 2566//3697
f 2566//3697 3926//3697 3925//3697
f 2566//3698 3925//3698 2567//3698
f 2567//3698 3925//3698 3924//3698
f 2567//3699 3924//3699 2701//3699
f 2701//3699 3924//3699 3974//3699
f 2701//3700 3974//3700 2798//3700
f 2798//3700 3974//3700 3971//3700
f 2798//3701 3971//3701 1773//3701
f 1773//3701 3971//3701 1771//3701
f 1766//3702 1764//3702 2753//3702
f 2753//3702 1764//3702 3089//3702
f 2753//3703 3089//3703 2754//3703
f 2754//3703 3089//3703 3955//3703
f 2754//3704 3955//3704 2755//3704
f 2755//3704 3955//3704 3956//3704
f 2755//3705 3956//3705 2670//3705
f 2670//3705 3956//3705 3931//3705
f 2670//3706 3931//3706 2669//3706
f 2669//3706 3931//3706 3930//3706
f 2669//3707 3930//3707 2667//3707
f 2667//3708 3930//3708 3929//3708
f 2667//3709 3929//3709 2665//3709
f 2665//3709 3929//3709 3917//3709
f 2665//3710 3917//3710 2700//3710
f 2700//3710 3917//3710 3916//3710
f 2700//3711 3916//3711 2658//3711
f 2658//3711 3916//3711 3914//3711
f 2658//3712 3914//3712 2659//3712
f 2659//3712 3914//3712 3913//3712
f 2659//3713 3913//3713 2661//3713
f 2661//3713 3913//3713 3952//3713
f 2661//3714 3952//3714 2748//3714
f 2748//3714 3952//3714 3951//3714
f 2748//3715 3951//3715 2749//3715
f 2749//3715 3951//3715 3979//3715
f 2749//3716 3979//3716 2751//3716
f 2751//3716 3979//3716 3978//3716
f 2751//3717 3978//3717 2752//3717
f 2752//3717 3978//3717 3977//3717
f 2752//3718 3977//3718 2820//3718
f 2820//3719 3977//3719 4035//3719
f 2820//3720 4035//3720 2662//3720
f 2662//3720 4035//3720 4034//3720
f 2662//3721 4034//3721 1769//3721
f 1769//3721 4034//3721 1767//3721
f 1762//3722 1760//3722 2159//3722
f 2159//3722 1760//3722 3085//3722
f 2159//3723 3085//3723 2504//3723
f 2504//3723 3085//3723 3823//3723
f 2504//3724 3823//3724 2429//3724
f 2429//3724 3823//3724 3825//3724
f 2429//3725 3825//3725 2430//3725
f 2430//3725 3825//3725 3826//3725
f 2430//3726 3826//3726 2432//3726
f 2432//3726 3826//3726 3901//3726
f 2432//3727 3901//3727 2433//3727
f 2433//3728 3901//3728 3900//3728
f 2433//3729 3900//3729 2558//3729
f 2558//3729 3900//3729 3899//3729
f 2558//3730 3899//3730 2559//3730
f 2559//3731 3899//3731 3873//3731
f 2559//3732 3873//3732 2560//3732
f 2560//3732 3873//3732 3872//3732
f 2560//3733 3872//3733 2697//3733
f 2697//3733 3872//3733 3934//3733
f 2697//3734 3934//3734 2698//3734
f 2698//3734 3934//3734 3933//3734
f 2698//3735 3933//3735 2699//3735
f 2699//3736 3933//3736 3932//3736
f 2699//3737 3932//3737 2663//3737
f 2663//3737 3932//3737 3920//3737
f 2663//3738 3920//3738 2664//3738
f 2664//3739 3920//3739 3919//3739
f 2664//3740 3919//3740 2666//3740
f 2666//3741 3919//3741 3918//3741
f 2666//3742 3918//3742 2668//3742
f 2668//3742 3918//3742 3954//3742
f 2668//3743 3954//3743 2620//3743
f 2620//3743 3954//3743 3953//3743
f 2620//3744 3953//3744 1765//3744
f 1765//3744 3953//3744 1763//3744
f 1758//3745 1756//3745 3075//3745
f 3075//3745 1756//3745 4020//3745
f 3075//3746 4020//3746 3076//3746
f 3076//3747 4020//3747 3622//3747
f 3076//3748 3622//3748 3077//3748
f 3077//3749 3622//3749 3621//3749
f 3077//3750 3621//3750 3068//3750
f 3068//3750 3621//3750 3735//3750
f 3068//3751 3735//3751 3069//3751
f 3069//3751 3735//3751 3733//3751
f 3069//3752 3733//3752 3071//3752
f 3071//3753 3733//3753 3732//3753
f 3071//3754 3732//3754 3073//3754
f 3073//3754 3732//3754 3730//3754
f 3073//3755 3730//3755 3074//3755
f 3074//3755 3730//3755 3729//3755
f 3074//3756 3729//3756 3024//3756
f 3024//3757 3729//3757 3723//3757
f 3024//3758 3723//3758 2977//3758
f 2977//3758 3723//3758 3725//3758
f 2977//3759 3725//3759 2930//3759
f 2930//3760 3725//3760 3727//3760
f 2930//3761 3727//3761 2965//3761
f 2965//3762 3727//3762 3728//3762
f 2965//3763 3728//3763 2959//3763
f 2959//3763 3728//3763 3837//3763
f 2959//3764 3837//3764 2958//3764
f 2958//3765 3837//3765 3836//3765
f 2958//3766 3836//3766 2957//3766
f 2957//3766 3836//3766 3824//3766
f 2957//3767 3824//3767 2964//3767
f 2964//3767 3824//3767 3822//3767
f 2964//3768 3822//3768 2963//3768
f 2963//3768 3822//3768 3821//3768
f 2963//3769 3821//3769 1761//3769
f 1761//3769 3821//3769 1759//3769
f 1754//3770 1752//3770 3065//3770
f 3065//3770 1752//3770 4293//3770
f 3065//3771 4293//3771 3066//3771
f 3066//3771 4293//3771 4307//3771
f 3066//3772 4307//3772 3067//3772
f 3067//3773 4307//3773 4306//3773
f 3067//3774 4306//3774 3057//3774
f 3057//3774 4306//3774 4305//3774
f 3057//3775 4305//3775 3058//3775
f 3058//3775 4305//3775 4284//3775
f 3058//3776 4284//3776 3060//3776
f 3060//3776 4284//3776 4282//3776
f 3060//3777 4282//3777 3061//3777
f 3061//3777 4282//3777 4281//3777
f 3061//3778 4281//3778 3054//3778
f 3054//3778 4281//3778 4255//3778
f 3054//3779 4255//3779 3043//3779
f 3043//3779 4255//3779 4236//3779
f 3043//3780 4236//3780 3042//3780
f 3042//3780 4236//3780 3937//3780
f 3042//3781 3937//3781 3041//3781
f 3041//3781 3937//3781 3984//3781
f 3041//3782 3984//3782 3078//3782
f 3078//3782 3984//3782 4039//3782
f 3078//3783 4039//3783 3079//3783
f 3079//3783 4039//3783 4038//3783
f 3079//3784 4038//3784 3080//3784
f 3080//3785 4038//3785 4024//3785
f 3080//3786 4024//3786 3072//3786
f 3072//3786 4024//3786 4023//3786
f 3072//3787 4023//3787 3070//3787
f 3070//3787 4023//3787 4022//3787
f 3070//3788 4022//3788 3044//3788
f 3044//3788 4022//3788 4021//3788
f 3044//3789 4021//3789 1757//3789
f 1757//3789 4021//3789 1755//3789
f 1750//3790 1748//3790 3062//3790
f 3062//3790 1748//3790 4261//3790
f 3062//3791 4261//3791 3063//3791
f 3063//3791 4261//3791 4297//3791
f 3063//3792 4297//3792 3064//3792
f 3064//3792 4297//3792 4296//3792
f 3064//3793 4296//3793 3046//3793
f 3046//3794 4296//3794 4295//3794
f 3046//3795 4295//3795 3047//3795
f 3047//3795 4295//3795 4288//3795
f 3047//3796 4288//3796 3049//3796
f 3049//3796 4288//3796 4286//3796
f 3049//3797 4286//3797 3050//3797
f 3050//3797 4286//3797 4285//3797
f 3050//3798 4285//3798 3017//3798
f 3017//3799 4285//3799 4210//3799
f 3017//3800 4210//3800 3022//3800
f 3022//3800 4210//3800 4237//3800
f 3022//3801 4237//3801 3023//3801
f 3023//3801 4237//3801 4235//3801
f 3023//3802 4235//3802 3051//3802
f 3051//3802 4235//3802 4234//3802
f 3051//3803 4234//3803 3052//3803
f 3052//3804 4234//3804 4257//3804
f 3052//3805 4257//3805 3053//3805
f 3053//3805 4257//3805 4256//3805
f 3053//3806 4256//3806 3055//3806
f 3055//3806 4256//3806 4254//3806
f 3055//3807 4254//3807 3056//3807
f 3056//3807 4254//3807 4253//3807
f 3056//3808 4253//3808 3059//3808
f 3059//3808 4253//3808 4283//3808
f 3059//3809 4283//3809 3045//3809
f 3045//3809 4283//3809 4294//3809
f 3045//3810 4294//3810 1753//3810
f 1753//3810 4294//3810 1751//3810
f 1746//3811 1744//3811 3038//3811
f 3038//3811 1744//3811 3093//3811
f 3038//3812 3093//3812 3039//3812
f 3039//3812 3093//3812 4265//3812
f 3039//3813 4265//3813 3040//3813
f 3040//3813 4265//3813 4266//3813
f 3040//3814 4266//3814 3026//3814
f 3026//3815 4266//3815 4216//3815
f 3026//3816 4216//3816 3028//3816
f 3028//3816 4216//3816 4215//3816
f 3028//3817 4215//3817 3029//3817
f 3029//3817 4215//3817 4213//3817
f 3029//3818 4213//3818 3031//3818
f 3031//3818 4213//3818 4212//3818
f 3031//3819 4212//3819 3011//3819
f 3011//3819 4212//3819 4089//3819
f 3011//3820 4089//3820 3032//3820
f 3032//3821 4089//3821 4157//3821
f 3032//3822 4157//3822 3015//3822
f 3015//3823 4157//3823 4240//3823
f 3015//3824 4240//3824 3016//3824
f 3016//3824 4240//3824 4239//3824
f 3016//3825 4239//3825 3018//3825
f 3018//3825 4239//3825 4238//3825
f 3018//3826 4238//3826 3035//3826
f 3035//3826 4238//3826 4211//3826
f 3035//3827 4211//3827 3036//3827
f 3036//3828 4211//3828 4209//3828
f 3036//3829 4209//3829 3037//3829
f 3037//3829 4209//3829 4208//3829
f 3037//3830 4208//3830 3048//3830
f 3048//3830 4208//3830 4287//3830
f 3048//3831 4287//3831 3003//3831
f 3003//3831 4287//3831 4262//3831
f 3003//3832 4262//3832 1749//3832
f 1749//3832 4262//3832 1747//3832
f 1742//3833 1740//3833 3001//3833
f 3001//3833 1740//3833 4154//3833
f 3001//3834 4154//3834 3005//3834
f 3005//3834 4154//3834 4156//3834
f 3005//3835 4156//3835 3006//3835
f 3006//3835 4156//3835 4192//3835
f 3006//3836 4192//3836 3007//3836
f 3007//3837 4192//3837 4191//3837
f 3007//3838 4191//3838 3008//3838
f 3008//3838 4191//3838 4189//3838
f 3008//3839 4189//3839 3009//3839
f 3009//3839 4189//3839 4188//3839
f 3009//3840 4188//3840 3019//3840
f 3019//3840 4188//3840 4260//3840
f 3019//3841 4260//3841 3020//3841
f 3020//3841 4260//3841 4259//3841
f 3020//3842 4259//3842 3033//3842
f 3033//3842 4259//3842 4088//3842
f 3033//3843 4088//3843 3034//3843
f 3034//3843 4088//3843 4087//3843
f 3034//3844 4087//3844 3013//3844
f 3013//3844 4087//3844 4220//3844
f 3013//3845 4220//3845 3012//3845
f 3012//3845 4220//3845 4219//3845
f 3012//3846 4219//3846 3010//3846
f 3010//3846 4219//3846 4218//3846
f 3010//3847 4218//3847 3030//3847
f 3030//3847 4218//3847 4217//3847
f 3030//3848 4217//3848 3027//3848
f 3027//3848 4217//3848 4214//3848
f 3027//3849 4214//3849 3025//3849
f 3025//3849 4214//3849 4264//3849
f 3025//3850 4264//3850 3014//3850
f 3014//3850 4264//3850 4263//3850
f 3014//3851 4263//3851 1745//3851
f 1745//3851 4263//3851 1743//3851
f 1738//3852 1736//3852 2990//3852
f 2990//3852 1736//3852 4072//3852
f 2990//3853 4072//3853 2991//3853
f 2991//3853 4072//3853 4074//3853
f 2991//3854 4074//3854 2993//3854
f 2993//3854 4074//3854 4118//3854
f 2993//3855 4118//3855 2994//3855
f 2994//3855 4118//3855 4120//3855
f 2994//3856 4120//3856 2995//3856
f 2995//3856 4120//3856 4134//3856
f 2995//3857 4134//3857 2996//3857
f 2996//3857 4134//3857 4133//3857
f 2996//3858 4133//3858 2997//3858
f 2997//3859 4133//3859 4131//3859
f 2997//3860 4131//3860 2998//3860
f 2998//3860 4131//3860 4130//3860
f 2998//3861 4130//3861 2999//3861
f 2999//3861 4130//3861 4158//3861
f 2999//3862 4158//3862 2986//3862
f 2986//3863 4158//3863 4138//3863
f 2986//3864 4138//3864 2987//3864
f 2987//3864 4138//3864 4137//3864
f 2987//3865 4137//3865 2988//3865
f 2988//3865 4137//3865 4136//3865
f 2988//3866 4136//3866 2989//3866
f 2989//3866 4136//3866 4135//3866
f 2989//3867 4135//3867 3021//3867
f 3021//3867 4135//3867 4258//3867
f 3021//3868 4258//3868 3004//3868
f 3004//3868 4258//3868 4190//3868
f 3004//3869 4190//3869 3002//3869
f 3002//3869 4190//3869 4193//3869
f 3002//3870 4193//3870 3000//3870
f 3000//3870 4193//3870 4155//3870
f 3000//3871 4155//3871 1741//3871
f 1741//3871 4155//3871 1739//3871
f 1734//3872 1732//3872 2966//3872
f 2966//3872 1732//3872 3921//3872
f 2966//3873 3921//3873 2967//3873
f 2967//3874 3921//3874 3923//3874
f 2967//3875 3923//3875 2969//3875
f 2969//3875 3923//3875 4057//3875
f 2969//3876 4057//3876 2971//3876
f 2971//3876 4057//3876 4056//3876
f 2971//3877 4056//3877 2972//3877
f 2972//3877 4056//3877 4055//3877
f 2972//3878 4055//3878 2973//3878
f 2973//3878 4055//3878 4054//3878
f 2973//3879 4054//3879 2974//3879
f 2974//3879 4054//3879 4092//3879
f 2974//3880 4092//3880 2981//3880
f 2981//3880 4092//3880 4091//3880
f 2981//3881 4091//3881 2982//3881
f 2982//3882 4091//3882 4090//3882
f 2982//3883 4090//3883 2983//3883
f 2983//3883 4090//3883 4079//3883
f 2983//3884 4079//3884 2984//3884
f 2984//3885 4079//3885 4078//3885
f 2984//3886 4078//3886 2975//3886
f 2975//3886 4078//3886 4077//3886
f 2975//3887 4077//3887 2976//3887
f 2976//3887 4077//3887 4076//3887
f 2976//3888 4076//3888 2978//3888
f 2978//3888 4076//3888 4075//3888
f 2978//3889 4075//3889 2979//3889
f 2979//3889 4075//3889 4132//3889
f 2979//3890 4132//3890 2992//3890
f 2992//3890 4132//3890 4119//3890
f 2992//3891 4119//3891 2985//3891
f 2985//3891 4119//3891 4073//3891
f 2985//3892 4073//3892 1737//3892
f 1737//3892 4073//3892 1735//3892
f 1730//3893 1728//3893 2945//3893
f 2945//3893 1728//3893 3225//3893
f 2945//3894 3225//3894 2946//3894
f 2946//3894 3225//3894 3994//3894
f 2946//3895 3994//3895 2948//3895
f 2948//3895 3994//3895 3995//3895
f 2948//3896 3995//3896 2949//3896
f 2949//3897 3995//3897 3991//3897
f 2949//3898 3991//3898 2935//3898
f 2935//3898 3991//3898 3990//3898
f 2935//3899 3990//3899 2936//3899
f 2936//3060 3990//3060 3988//3060
f 2936//3900 3988//3900 2950//3900
f 2950//3901 3988//3901 3987//3901
f 2950//3902 3987//3902 2951//3902
f 2951//3902 3987//3902 3983//3902
f 2951//3903 3983//3903 2952//3903
f 2952//3904 3983//3904 3985//3904
f 2952//3905 3985//3905 2953//3905
f 2953//3906 3985//3906 3986//3906
f 2953//3907 3986//3907 2954//3907
f 2954//3907 3986//3907 3982//3907
f 2954//3908 3982//3908 2955//3908
f 2955//3908 3982//3908 3981//3908
f 2955//3909 3981//3909 2956//3909
f 2956//3909 3981//3909 3980//3909
f 2956//3910 3980//3910 2980//3910
f 2980//3910 3980//3910 3936//3910
f 2980//3911 3936//3911 2970//3911
f 2970//3911 3936//3911 3935//3911
f 2970//3912 3935//3912 2968//3912
f 2968//3912 3935//3912 4058//3912
f 2968//3913 4058//3913 2937//3913
f 2937//3913 4058//3913 3922//3913
f 2937//3914 3922//3914 1733//3914
f 1733//3914 3922//3914 1731//3914
f 1726//3915 1724//3915 2938//3915
f 2938//3915 1724//3915 3859//3915
f 2938//3916 3859//3916 2939//3916
f 2939//3916 3859//3916 3861//3916
f 2939//3917 3861//3917 2941//3917
f 2941//3918 3861//3918 3960//3918
f 2941//3919 3960//3919 2942//3919
f 2942//3920 3960//3920 3959//3920
f 2942//3921 3959//3921 2943//3921
f 2943//3921 3959//3921 3958//3921
f 2943//3922 3958//3922 2944//3922
f 2944//3922 3958//3922 3957//3922
f 2944//3923 3957//3923 2960//3923
f 2960//3923 3957//3923 3998//3923
f 2960//3924 3998//3924 2961//3924
f 2961//3924 3998//3924 3997//3924
f 2961//3925 3997//3925 2962//3925
f 2962//3925 3997//3925 3996//3925
f 2962//3926 3996//3926 2928//3926
f 2928//3927 3996//3927 3941//3927
f 2928//3928 3941//3928 2929//3928
f 2929//3929 3941//3929 3940//3929
f 2929//3930 3940//3930 2931//3930
f 2931//3930 3940//3930 3939//3930
f 2931//3931 3939//3931 2932//3931
f 2932//3931 3939//3931 3938//3931
f 2932//3932 3938//3932 2933//3932
f 2933//3932 3938//3932 4025//3932
f 2933//3933 4025//3933 2934//3933
f 2934//3933 4025//3933 3989//3933
f 2934//3934 3989//3934 2947//3934
f 2947//3934 3989//3934 3993//3934
f 2947//3935 3993//3935 2927//3935
f 2927//3935 3993//3935 3992//3935
f 2927//3936 3992//3936 1729//3936
f 1729//3936 3992//3936 1727//3936
f 1722//3937 1720//3937 2921//3937
f 2921//3937 1720//3937 3810//3937
f 2921//3938 3810//3938 2922//3938
f 2922//3938 3810//3938 3812//3938
f 2922//3939 3812//3939 2923//3939
f 2923//3939 3812//3939 3889//3939
f 2923//3940 3889//3940 2916//3940
f 2916//3941 3889//3941 3891//3941
f 2916//3942 3891//3942 2917//3942
f 2917//3943 3891//3943 3892//3943
f 2917//3944 3892//3944 2924//3944
f 2924//3944 3892//3944 3904//3944
f 2924//3945 3904//3945 2925//3945
f 2925//3945 3904//3945 3903//3945
f 2925//3946 3903//3946 2926//3946
f 2926//3946 3903//3946 3902//3946
f 2926//3947 3902//3947 2918//3947
f 2918//3948 3902//3948 3888//3948
f 2918//3949 3888//3949 2919//3949
f 2919//3949 3888//3949 3887//3949
f 2919//3950 3887//3950 2920//3950
f 2920//3950 3887//3950 3886//3950
f 2920//3951 3886//3951 2902//3951
f 2902//3951 3886//3951 3885//3951
f 2902//3952 3885//3952 2903//3952
f 2903//3952 3885//3952 3884//3952
f 2903//3953 3884//3953 2904//3953
f 2904//3953 3884//3953 3883//3953
f 2904//3954 3883//3954 2905//3954
f 2905//3954 3883//3954 3882//3954
f 2905//3955 3882//3955 2940//3955
f 2940//3955 3882//3955 3961//3955
f 2940//3956 3961//3956 2906//3956
f 2906//3956 3961//3956 3860//3956
f 2906//3957 3860//3957 1725//3957
f 1725//3957 3860//3957 1723//3957
f 1718//3958 1716//3958 2832//3958
f 2832//3958 1716//3958 3081//3958
f 2832//3959 3081//3959 2765//3959
f 2765//3960 3081//3960 3693//3960
f 2765//3961 3693//3961 2833//3961
f 2833//3961 3693//3961 3692//3961
f 2833//3962 3692//3962 2834//3962
f 2834//3962 3692//3962 3779//3962
f 2834//3963 3779//3963 2835//3963
f 2835//3963 3779//3963 3778//3963
f 2835//3964 3778//3964 2879//3964
f 2879//3964 3778//3964 3721//3964
f 2879//3965 3721//3965 2848//3965
f 2848//3965 3721//3965 3720//3965
f 2848//3966 3720//3966 2849//3966
f 2849//3966 3720//3966 3751//3966
f 2849//3967 3751//3967 2886//3967
f 2886//3967 3751//3967 3817//3967
f 2886//3968 3817//3968 2887//3968
f 2887//3968 3817//3968 3816//3968
f 2887//3969 3816//3969 2888//3969
f 2888//3969 3816//3969 3815//3969
f 2888//3970 3815//3970 2889//3970
f 2889//3970 3815//3970 3814//3970
f 2889//3971 3814//3971 2890//3971
f 2890//3971 3814//3971 3813//3971
f 2890//3972 3813//3972 2850//3972
f 2850//3972 3813//3972 3777//3972
f 2850//3973 3777//3973 2851//3973
f 2851//3973 3777//3973 3776//3973
f 2851//3974 3776//3974 2915//3974
f 2915//3974 3776//3974 3890//3974
f 2915//3975 3890//3975 2914//3975
f 2914//3975 3890//3975 3811//3975
f 2914//3976 3811//3976 1721//3976
f 1721//3976 3811//3976 1719//3976
f 1714//3977 1712//3977 2827//3977
f 2827//3977 1712//3977 3090//3977
f 2827//3978 3090//3978 2828//3978
f 2828//3978 3090//3978 3701//3978
f 2828//3979 3701//3979 2801//3979
f 2801//3979 3701//3979 3702//3979
f 2801//3980 3702//3980 2763//3980
f 2763//3980 3702//3980 3665//3980
f 2763//3981 3665//3981 2764//3981
f 2764//3981 3665//3981 3664//3981
f 2764//3982 3664//3982 2862//3982
f 2862//3982 3664//3982 3663//3982
f 2862//3983 3663//3983 2863//3983
f 2863//3983 3663//3983 3757//3983
f 2863//3984 3757//3984 2864//3984
f 2864//3984 3757//3984 3756//3984
f 2864//3985 3756//3985 2712//3985
f 2712//3986 3756//3986 3755//3986
f 2712//3987 3755//3987 2713//3987
f 2713//3987 3755//3987 3698//3987
f 2713//3988 3698//3988 2829//3988
f 2829//3988 3698//3988 3697//3988
f 2829//3989 3697//3989 2830//3989
f 2830//3989 3697//3989 3696//3989
f 2830//3990 3696//3990 2831//3990
f 2831//3990 3696//3990 3695//3990
f 2831//3991 3695//3991 2877//3991
f 2877//3991 3695//3991 3694//3991
f 2877//3992 3694//3992 2878//3992
f 2878//3993 3694//3993 3754//3993
f 2878//3994 3754//3994 2766//3994
f 2766//3995 3754//3995 3753//3995
f 2766//3996 3753//3996 2767//3996
f 2767//3996 3753//3996 3752//3996
f 2767//3997 3752//3997 1717//3997
f 1717//3998 3752//3998 1715//3998
f 1710//3999 1708//3999 2845//3999
f 2845//3999 1708//3999 3590//3999
f 2845//4000 3590//4000 2823//4000
f 2823//4000 3590//4000 3739//4000
f 2823//4001 3739//4001 2824//4001
f 2824//4001 3739//4001 3738//4001
f 2824//4002 3738//4002 2825//4002
f 2825//4002 3738//4002 3737//4002
f 2825//4003 3737//4003 2759//4003
f 2759//4003 3737//4003 3667//4003
f 2759//4004 3667//4004 2760//4004
f 2760//4004 3667//4004 3641//4004
f 2760//4005 3641//4005 2761//4005
f 2761//4005 3641//4005 3640//4005
f 2761//4006 3640//4006 2762//4006
f 2762//4006 3640//4006 3639//4006
f 2762//4007 3639//4007 2626//4007
f 2626//4007 3639//4007 3638//4007
f 2626//4008 3638//4008 2627//4008
f 2627//4008 3638//4008 3637//4008
f 2627//4009 3637//4009 2707//4009
f 2707//4009 3637//4009 3636//4009
f 2707//4010 3636//4010 2708//4010
f 2708//4010 3636//4010 3761//4010
f 2708//4011 3761//4011 2709//4011
f 2709//4011 3761//4011 3760//4011
f 2709//4012 3760//4012 2826//4012
f 2826//4012 3760//4012 3758//4012
f 2826//4013 3758//4013 2714//4013
f 2714//4013 3758//4013 3623//4013
f 2714//4014 3623//4014 2715//4014
f 2715//4014 3623//4014 3700//4014
f 2715//4015 3700//4015 2716//4015
f 2716//4015 3700//4015 3699//4015
f 2716//4016 3699//4016 1713//4016
f 1713//4016 3699//4016 1711//4016
f 1706//4017 1704//4017 2577//4017
f 2577//4017 1704//4017 3413//4017
f 2577//4018 3413//4018 2578//4018
f 2578//4018 3413//4018 3486//4018
f 2578//4019 3486//4019 2579//4019
f 2579//4019 3486//4019 3485//4019
f 2579//4020 3485//4020 2508//4020
f 2508//4020 3485//4020 3483//4020
f 2508//4021 3483//4021 2509//4021
f 2509//4021 3483//4021 3482//4021
f 2509//4022 3482//4022 2510//4022
f 2510//4022 3482//4022 3534//4022
f 2510//4023 3534//4023 2436//4023
f 2436//4023 3534//4023 3531//4023
f 2436//4024 3531//4024 2625//4024
f 2625//4024 3531//4024 3530//4024
f 2625//4025 3530//4025 2572//4025
f 2572//4025 3530//4025 3528//4025
f 2572//4026 3528//4026 2573//4026
f 2573//4026 3528//4026 3527//4026
f 2573//4027 3527//4027 2574//4027
f 2574//4027 3527//4027 3570//4027
f 2574//4028 3570//4028 2575//4028
f 2575//4028 3570//4028 3569//4028
f 2575//4029 3569//4029 2576//4029
f 2576//4029 3569//4029 3568//4029
f 2576//4030 3568//4030 2846//4030
f 2846//4030 3568//4030 3670//4030
f 2846//4031 3670//4031 2847//4031
f 2847//4031 3670//4031 3669//4031
f 2847//4032 3669//4032 2711//4032
f 2711//4032 3669//4032 3668//4032
f 2711//4033 3668//4033 2710//4033
f 2710//4033 3668//4033 3591//4033
f 2710//4034 3591//4034 1709//4034
f 1709//4034 3591//4034 1707//4034
f 1702//4035 1700//4035 2499//4035
f 2499//4035 1700//4035 3358//4035
f 2499//4036 3358//4036 2501//4036
f 2501//4036 3358//4036 3360//4036
f 2501//4037 3360//4037 2502//4037
f 2502//4037 3360//4037 3487//4037
f 2502//4038 3487//4038 2570//4038
f 2570//4038 3487//4038 3489//4038
f 2570//4039 3489//4039 2571//4039
f 2571//4039 3489//4039 3494//4039
f 2571//4040 3494//4040 2503//4040
f 2503//4040 3494//4040 3456//4040
f 2503//4041 3456//4041 2250//4041
f 2250//4041 3456//4041 3455//4041
f 2250//4042 3455//4042 2251//4042
f 2251//4042 3455//4042 3454//4042
f 2251//4043 3454//4043 2293//4043
f 2293//4043 3454//4043 3417//4043
f 2293//4044 3417//4044 2294//4044
f 2294//4044 3417//4044 3416//4044
f 2294//4045 3416//4045 2157//4045
f 2157//4045 3416//4045 3415//4045
f 2157//4046 3415//4046 2158//4046
f 2158//4046 3415//4046 3288//4046
f 2158//4047 3288//4047 2505//4047
f 2505//4047 3288//4047 3287//4047
f 2505//4048 3287//4048 2506//4048
f 2506//4048 3287//4048 3532//4048
f 2506//4049 3532//4049 2434//4049
f 2434//4049 3532//4049 3533//4049
f 2434//4050 3533//4050 2435//4050
f 2435//4050 3533//4050 3484//4050
f 2435//4051 3484//4051 2507//4051
f 2507//4051 3484//4051 3414//4051
f 2507//4052 3414//4052 1705//4052
f 1705//4052 3414//4052 1703//4052
f 1698//4053 1696//4053 2492//4053
f 2492//4053 1696//4053 3379//4053
f 2492//4054 3379//4054 2493//4054
f 2493//4054 3379//4054 3420//4054
f 2493//4055 3420//4055 2494//4055
f 2494//4055 3420//4055 3419//4055
f 2494//4056 3419//4056 2422//4056
f 2422//4056 3419//4056 3418//4056
f 2422//4057 3418//4057 2421//4057
f 2421//4057 3418//4057 3381//4057
f 2421//4058 3381//4058 2418//4058
f 2418//4058 3381//4058 3383//4058
f 2418//4059 3383//4059 2246//4059
f 2246//4059 3383//4059 3227//4059
f 2246//4060 3227//4060 2247//4060
f 2247//4060 3227//4060 3226//4060
f 2247//4061 3226//4061 2248//4061
f 2248//4061 3226//4061 3322//4061
f 2248//4062 3322//4062 2249//4062
f 2249//4062 3322//4062 3321//4062
f 2249//4063 3321//4063 2290//4063
f 2290//4063 3321//4063 3319//4063
f 2290//4064 3319//4064 2291//4064
f 2291//4064 3319//4064 3318//4064
f 2291//4065 3318//4065 2431//4065
f 2431//4065 3318//4065 3490//4065
f 2431//4066 3490//4066 2500//4066
f 2500//4066 3490//4066 3492//4066
f 2500//4067 3492//4067 2498//4067
f 2498//4067 3492//4067 3493//4067
f 2498//4068 3493//4068 2296//4068
f 2296//4068 3493//4068 3488//4068
f 2296//4069 3488//4069 2295//4069
f 2295//4069 3488//4069 3359//4069
f 2295//4070 3359//4070 1701//4070
f 1701//4071 3359//4071 1699//4071
f 1694//4072 1692//4072 2552//4072
f 2552//4072 1692//4072 3082//4072
f 2552//4073 3082//4073 2553//4073
f 2553//4073 3082//4073 3389//4073
f 2553//4074 3389//4074 2554//4074
f 2554//4074 3389//4074 3391//4074
f 2554//4075 3391//4075 2416//4075
f 2416//4075 3391//4075 3392//4075
f 2416//4076 3392//4076 2415//4076
f 2415//4076 3392//4076 3394//4076
f 2415//4077 3394//4077 2356//4077
f 2356//4077 3394//4077 3293//4077
f 2356//4078 3293//4078 2355//4078
f 2355//4078 3293//4078 3295//4078
f 2355//4079 3295//4079 2080//4079
f 2080//4079 3295//4079 3296//4079
f 2080//4080 3296//4080 2079//4080
f 2079//4080 3296//4080 3326//4080
f 2079//4081 3326//4081 2077//4081
f 2077//4081 3326//4081 3325//4081
f 2077//4082 3325//4082 2287//4082
f 2287//4082 3325//4082 3324//4082
f 2287//4083 3324//4083 2288//4083
f 2288//4083 3324//4083 3323//4083
f 2288//4084 3323//4084 2289//4084
f 2289//4084 3323//4084 3386//4084
f 2289//4085 3386//4085 2417//4085
f 2417//4085 3386//4085 3385//4085
f 2417//4086 3385//4086 2419//4086
f 2419//4086 3385//4086 3384//4086
f 2419//4087 3384//4087 2420//4087
f 2420//4087 3384//4087 3382//4087
f 2420//4088 3382//4088 2359//4088
f 2359//4088 3382//4088 3380//4088
f 2359//4089 3380//4089 1697//4089
f 1697//4089 3380//4089 1695//4089
f 1690//4090 1688//4090 2244//4090
f 2244//4090 1688//4090 3253//4090
f 2244//4091 3253//4091 2245//4091
f 2245//4091 3253//4091 3292//4091
f 2245//4092 3292//4092 2154//4092
f 2154//4092 3292//4092 3291//4092
f 2154//4093 3291//4093 2155//4093
f 2155//4094 3291//4094 3290//4094
f 2155//4095 3290//4095 2156//4095
f 2156//4095 3290//4095 3255//4095
f 2156//4096 3255//4096 2151//4096
f 2151//4096 3255//4096 3257//4096
f 2151//4097 3257//4097 2153//4097
f 2153//4097 3257//4097 3205//4097
f 2153//4098 3205//4098 2286//4098
f 2286//4098 3205//4098 3204//4098
f 2286//4099 3204//4099 2239//4099
f 2239//4099 3204//4099 3297//4099
f 2239//4100 3297//4100 2240//4100
f 2240//4100 3297//4100 3330//4100
f 2240//4101 3330//4101 2241//4101
f 2241//4101 3330//4101 3329//4101
f 2241//4102 3329//4102 2242//4102
f 2242//4103 3329//4103 3328//4103
f 2242//4104 3328//4104 2357//4104
f 2357//4104 3328//4104 3327//4104
f 2357//4105 3327//4105 2358//4105
f 2358//4105 3327//4105 3393//4105
f 2358//4106 3393//4106 2413//4106
f 2413//4106 3393//4106 3390//4106
f 2413//4107 3390//4107 2414//4107
f 2414//4107 3390//4107 3388//4107
f 2414//4108 3388//4108 2491//4108
f 2491//4108 3388//4108 3387//4108
f 2491//4109 3387//4109 1693//4109
f 1693//4109 3387//4109 1691//4109
f 1686//4110 1684//4110 2234//4110
f 2234//4110 1684//4110 3261//4110
f 2234//4111 3261//4111 2236//4111
f 2236//4111 3261//4111 3263//4111
f 2236//4112 3263//4112 2145//4112
f 2145//4112 3263//4112 3233//4112
f 2145//4113 3233//4113 2144//4113
f 2144//4113 3233//4113 3232//4113
f 2144//4114 3232//4114 2143//4114
f 2143//4114 3232//4114 3230//4114
f 2143//4115 3230//4115 2237//4115
f 2237//4115 3230//4115 3229//4115
f 2237//4116 3229//4116 2238//4116
f 2238//4116 3229//4116 3260//4116
f 2238//4117 3260//4117 2140//4117
f 2140//4117 3260//4117 3124//4117
f 2140//4118 3124//4118 2352//4118
f 2352//4118 3124//4118 3123//4118
f 2352//4119 3123//4119 2353//4119
f 2353//4119 3123//4119 3210//4119
f 2353//4120 3210//4120 2550//4120
f 2550//4120 3210//4120 3209//4120
f 2550//4121 3209//4121 2551//4121
f 2551//4121 3209//4121 3208//4121
f 2551//4122 3208//4122 2147//4122
f 2147//4122 3208//4122 3207//4122
f 2147//4123 3207//4123 2148//4123
f 2148//4123 3207//4123 3298//4123
f 2148//4124 3298//4124 2152//4124
f 2152//4124 3298//4124 3258//4124
f 2152//4125 3258//4125 2150//4125
f 2150//4125 3258//4125 3256//4125
f 2150//4126 3256//4126 2243//4126
f 2243//4126 3256//4126 3254//4126
f 2243//4127 3254//4127 1689//4127
f 1689//4128 3254//4128 1687//4128
f 1682//4129 1680//4129 2075//4129
f 2075//4129 1680//4129 3213//4129
f 2075//4130 3213//4130 2076//4130
f 2076//4130 3213//4130 3214//4130
f 2076//4131 3214//4131 1967//4131
f 1967//4131 3214//4131 3132//4131
f 1967//4132 3132//4132 1894//4132
f 1894//4132 3132//4132 3151//4132
f 1894//4133 3151//4133 1895//4133
f 1895//4133 3151//4133 3129//4133
f 1895//4134 3129//4134 1970//4134
f 1970//4134 3129//4134 3128//4134
f 1970//4135 3128//4135 1971//4135
f 1971//4135 3128//4135 3127//4135
f 1971//4136 3127//4136 1973//4136
f 1973//4136 3127//4136 3126//4136
f 1973//4137 3126//4137 2024//4137
f 2024//4137 3126//4137 3212//4137
f 2024//4138 3212//4138 2025//4138
f 2025//4138 3212//4138 3211//4138
f 2025//4139 3211//4139 2026//4139
f 2026//4139 3211//4139 3236//4139
f 2026//4140 3236//4140 2138//4140
f 2138//4140 3236//4140 3235//4140
f 2138//4141 3235//4141 2139//4141
f 2139//4141 3235//4141 3234//4141
f 2139//4142 3234//4142 2141//4142
f 2141//4142 3234//4142 3259//4142
f 2141//4143 3259//4143 2142//4143
f 2142//4143 3259//4143 3231//4143
f 2142//4144 3231//4144 2235//4144
f 2235//4144 3231//4144 3264//4144
f 2235//4145 3264//4145 2233//4145
f 2233//4145 3264//4145 3262//4145
f 2233//4146 3262//4146 1685//4146
f 1685//4146 3262//4146 1683//4146
f 1678//4147 1676//4147 2117//4147
f 2117//4147 1676//4147 3133//4147
f 2117//4148 3133//4148 2118//4148
f 2118//4149 3133//4149 3180//4149
f 2118//4150 3180//4150 2008//4150
f 2008//4150 3180//4150 3179//4150
f 2008//4151 3179//4151 1891//4151
f 1891//4151 3179//4151 3181//4151
f 1891//4152 3181//4152 1892//4152
f 1892//4152 3181//4152 3157//4152
f 1892//4153 3157//4153 1961//4153
f 1961//4153 3157//4153 3215//4153
f 1961//4154 3215//4154 1964//4154
f 1964//4154 3215//4154 3216//4154
f 1964//4155 3216//4155 1965//4155
f 1965//4155 3216//4155 3106//4155
f 1965//4156 3106//4156 1966//4156
f 1966//4156 3106//4156 3156//4156
f 1966//4157 3156//4157 2021//4157
f 2021//4157 3156//4157 3155//4157
f 2021//4158 3155//4158 2022//4158
f 2022//4158 3155//4158 3103//4158
f 2022//4159 3103//4159 2023//4159
f 2023//4159 3103//4159 3102//4159
f 2023//4160 3102//4160 1906//4160
f 1906//4160 3102//4160 3154//4160
f 1906//4161 3154//4161 1896//4161
f 1896//4161 3154//4161 3152//4161
f 1896//4162 3152//4162 1968//4162
f 1968//4162 3152//4162 3153//4162
f 1968//4163 3153//4163 1969//4163
f 1969//4163 3153//4163 3131//4163
f 1969//4164 3131//4164 2074//4164
f 2074//4164 3131//4164 3130//4164
f 2074//4165 3130//4165 1681//4165
f 1681//4165 3130//4165 1679//4165
f 1674//4166 1672//4166 1949//4166
f 1949//4166 1672//4166 3087//4166
f 1949//4167 3087//4167 1952//4167
f 1952//4167 3087//4167 3097//4167
f 1952//4168 3097//4168 1953//4168
f 1953//4168 3097//4168 3096//4168
f 1953//4169 3096//4169 1935//4169
f 1935//4169 3096//4169 3143//4169
f 1935//4170 3143//4170 1931//4170
f 1931//4170 3143//4170 3142//4170
f 1931//3071 3142//3071 1954//3071
f 1954//3071 3142//3071 3265//3071
f 1954//4171 3265//4171 1955//4171
f 1955//4171 3265//4171 3266//4171
f 1955//4172 3266//4172 1956//4172
f 1956//4172 3266//4172 3185//4172
f 1956//4173 3185//4173 1957//4173
f 1957//4173 3185//4173 3184//4173
f 1957//4174 3184//4174 1958//4174
f 1958//4174 3184//4174 3183//4174
f 1958//4175 3183//4175 2005//4175
f 2005//4175 3183//4175 3136//4175
f 2005//4176 3136//4176 2006//4176
f 2006//4176 3136//4176 3135//4176
f 2006//4177 3135//4177 2007//4177
f 2007//4177 3135//4177 3159//4177
f 2007//4178 3159//4178 1893//4178
f 1893//4178 3159//4178 3158//4178
f 1893//4179 3158//4179 2009//4179
f 2009//4179 3158//4179 3182//4179
f 2009//4180 3182//4180 2010//4180
f 2010//4180 3182//4180 3178//4180
f 2010//4181 3178//4181 2116//4181
f 2116//4181 3178//4181 3134//4181
f 2116//4182 3134//4182 1677//4182
f 1677//4182 3134//4182 1675//4182
f 1670//4183 1668//4183 2052//4183
f 2052//4183 1668//4183 3217//4183
f 2052//4184 3217//4184 2053//4184
f 2053//4184 3217//4184 3219//4184
f 2053//4185 3219//4185 1924//4185
f 1924//4185 3219//4185 3111//4185
f 1924//4186 3111//4186 2265//4186
f 2265//4186 3111//4186 3110//4186
f 2265//4187 3110//4187 1905//4187
f 1905//4187 3110//4187 3108//4187
f 1905//4188 3108//4188 1904//4188
f 1904//4188 3108//4188 3187//4188
f 1904//4189 3187//4189 1903//4189
f 1903//4189 3187//4189 3186//4189
f 1903//4190 3186//4190 1911//4190
f 1911//4190 3186//4190 3101//4190
f 1911//4191 3101//4191 1912//4191
f 1912//4191 3101//4191 3100//4191
f 1912//4192 3100//4192 1913//4192
f 1913//4192 3100//4192 3162//4192
f 1913//4193 3162//4193 1932//4193
f 1932//4193 3162//4193 3161//4193
f 1932//4194 3161//4194 1930//4194
f 1930//4194 3161//4194 3160//4194
f 1930//4195 3160//4195 1933//4195
f 1933//4195 3160//4195 3141//4195
f 1933//4196 3141//4196 1934//4196
f 1934//4196 3141//4196 3098//4196
f 1934//4197 3098//4197 1951//4197
f 1951//4197 3098//4197 3140//4197
f 1951//4198 3140//4198 1950//4198
f 1950//4198 3140//4198 3139//4198
f 1950//4199 3139//4199 1948//4199
f 1948//4199 3139//4199 3138//4199
f 1948//4200 3138//4200 1673//4200
f 1673//4201 3138//4201 1671//4201
f 1666//4202 1664//4202 2114//4202
f 2114//4203 1664//4203 3084//4203
f 2114//4204 3084//4204 2115//4204
f 2115//4204 3084//4204 3275//4204
f 2115//4205 3275//4205 2062//4205
f 2062//4206 3275//4206 3274//4206
f 2062//4207 3274//4207 2063//4207
f 2063//4207 3274//4207 3273//4207
f 2063//4208 3273//4208 2193//4208
f 2193//4208 3273//4208 3270//4208
f 2193//4209 3270//4209 2194//4209
f 2194//4209 3270//4209 3239//4209
f 2194//4210 3239//4210 2195//4210
f 2195//4210 3239//4210 3192//4210
f 2195//4211 3192//4211 2110//4211
f 2110//4211 3192//4211 3191//4211
f 2110//4212 3191//4212 2002//4212
f 2002//4212 3191//4212 3190//4212
f 2002//4213 3190//4213 1922//4213
f 1922//4214 3190//4214 3269//4214
f 1922//4215 3269//4215 1923//4215
f 1923//4215 3269//4215 3268//4215
f 1923//4216 3268//4216 1925//4216
f 1925//4216 3268//4216 3267//4216
f 1925//4217 3267//4217 1926//4217
f 1926//4217 3267//4217 3163//4217
f 1926//4218 3163//4218 1927//4218
f 1927//4218 3163//4218 3164//4218
f 1927//4219 3164//4219 1928//4219
f 1928//4219 3164//4219 3165//4219
f 1928//4220 3165//4220 1929//4220
f 1929//4220 3165//4220 3220//4220
f 1929//4221 3220//4221 2051//4221
f 2051//4221 3220//4221 3218//4221
f 2051//4222 3218//4222 1669//4222
f 1669//4222 3218//4222 1667//4222
f 1662//4223 1660//4223 2103//4223
f 2103//4224 1660//4224 3115//4224
f 2103//4225 3115//4225 2105//4225
f 2105//4225 3115//4225 3116//4225
f 2105//4226 3116//4226 2106//4226
f 2106//4226 3116//4226 3146//4226
f 2106//4227 3146//4227 1900//4227
f 1900//4227 3146//4227 3145//4227
f 1900//4228 3145//4228 1901//4228
f 1901//4228 3145//4228 3144//4228
f 1901//4229 3144//4229 2520//4229
f 2520//4229 3144//4229 3282//4229
f 2520//4230 3282//4230 2521//4230
f 2521//4230 3282//4230 3280//4230
f 2521//4231 3280//4231 2522//4231
f 2522//4231 3280//4231 3279//4231
f 2522//4232 3279//4232 2523//4232
f 2523//4232 3279//4232 3301//4232
f 2523//4233 3301//4233 2003//4233
f 2003//4233 3301//4233 3240//4233
f 2003//4234 3240//4234 2004//4234
f 2004//4234 3240//4234 3238//4234
f 2004//4235 3238//4235 2108//4235
f 2108//4236 3238//4236 3237//4236
f 2108//4237 3237//4237 2109//4237
f 2109//4237 3237//4237 3272//4237
f 2109//4238 3272//4238 2111//4238
f 2111//4238 3272//4238 3271//4238
f 2111//4239 3271//4239 2112//4239
f 2112//4239 3271//4239 3278//4239
f 2112//4240 3278//4240 2064//4240
f 2064//4240 3278//4240 3277//4240
f 2064//4241 3277//4241 2113//4241
f 2113//4241 3277//4241 3276//4241
f 2113//4242 3276//4242 1665//4242
f 1665//4243 3276//4243 1663//4243
f 1658//4244 1656//4244 2190//4244
f 2190//4245 1656//4245 3194//4245
f 2190//4246 3194//4246 2192//4246
f 2192//4246 3194//4246 3193//4246
f 2192//4247 3193//4247 2061//4247
f 2061//4247 3193//4247 3166//4247
f 2061//4248 3166//4248 2060//4248
f 2060//4248 3166//4248 3167//4248
f 2060//4249 3167//4249 1997//4249
f 1997//4249 3167//4249 3168//4249
f 1997//4250 3168//4250 1998//4250
f 1998//4250 3168//4250 3244//4250
f 1998//4251 3244//4251 2325//4251
f 2325//4251 3244//4251 3242//4251
f 2325//4252 3242//4252 2326//4252
f 2326//4252 3242//4252 3241//4252
f 2326//4253 3241//4253 2327//4253
f 2327//4253 3241//4253 3333//4253
f 2327//4254 3333//4254 1946//4254
f 1946//4254 3333//4254 3332//4254
f 1946//4255 3332//4255 1947//4255
f 1947//4255 3332//4255 3331//4255
f 1947//4256 3331//4256 2054//4256
f 2054//4257 3331//4257 3302//4257
f 2054//4258 3302//4258 2055//4258
f 2055//4258 3302//4258 3300//4258
f 2055//4259 3300//4259 1910//4259
f 1910//4259 3300//4259 3299//4259
f 1910//4260 3299//4260 1902//4260
f 1902//4260 3299//4260 3281//4260
f 1902//4261 3281//4261 2104//4261
f 2104//4261 3281//4261 3283//4261
f 2104//4262 3283//4262 2102//4262
f 2102//4262 3283//4262 3284//4262
f 2102//4263 3284//4263 1661//4263
f 1661//4263 3284//4263 1659//4263
f 1654//4264 1652//4264 1908//4264
f 1908//4264 1652//4264 3083//4264
f 1908//4265 3083//4265 1921//4265
f 1921//4265 3083//4265 3119//4265
f 1921//4266 3119//4266 1899//4266
f 1899//4266 3119//4266 3113//4266
f 1899//4267 3113//4267 2107//4267
f 2107//4267 3113//4267 3112//4267
f 2107//4268 3112//4268 1999//4268
f 1999//4268 3112//4268 3337//4268
f 1999//4269 3337//4269 2000//4269
f 2000//4269 3337//4269 3336//4269
f 2000//4270 3336//4270 2328//4270
f 2328//4271 3336//4271 3396//4271
f 2328//4272 3396//4272 2329//4272
f 2329//4272 3396//4272 3304//4272
f 2329//4273 3304//4273 1996//4273
f 1996//4274 3304//4274 3303//4274
f 1996//4275 3303//4275 2056//4275
f 2056//4275 3303//4275 3334//4275
f 2056//4276 3334//4276 2057//4276
f 2057//4277 3334//4277 3421//4277
f 2057//4278 3421//4278 2058//4278
f 2058//4279 3421//4279 3422//4279
f 2058//4280 3422//4280 2187//4280
f 2187//4280 3422//4280 3423//4280
f 2187//4281 3423//4281 2188//4281
f 2188//4281 3423//4281 3424//4281
f 2188//4282 3424//4282 2059//4282
f 2059//4282 3424//4282 3243//4282
f 2059//4283 3243//4283 2191//4283
f 2191//4283 3243//4283 3245//4283
f 2191//4284 3245//4284 2189//4284
f 2189//4284 3245//4284 3246//4284
f 2189//4285 3246//4285 1657//4285
f 1657//4285 3246//4285 1655//4285
f 1650//4286 1648//4286 1944//4286
f 1944//4286 1648//4286 3251//4286
f 1944//4287 3251//4287 2045//4287
f 2045//4287 3251//4287 3252//4287
f 2045//4288 3252//4288 2046//4288
f 2046//4288 3252//4288 3174//4288
f 2046//4289 3174//4289 1918//4289
f 1918//4289 3174//4289 3147//4289
f 1918//4290 3147//4290 2322//4290
f 2322//4290 3147//4290 3148//4290
f 2322//4291 3148//4291 1994//4291
f 1994//4291 3148//4291 3149//4291
f 1994//4292 3149//4292 1995//4292
f 1995//4292 3149//4292 3171//4292
f 1995//4293 3171//4293 2047//4293
f 2047//4293 3171//4293 3170//4293
f 2047//4294 3170//4294 2048//4294
f 2048//4294 3170//4294 3169//4294
f 2048//4295 3169//4295 2049//4295
f 2049//4295 3169//4295 3197//4295
f 2049//4296 3197//4296 2050//4296
f 2050//4297 3197//4297 3196//4297
f 2050//4298 3196//4298 2264//4298
f 2264//4298 3196//4298 3195//4298
f 2264//4299 3195//4299 2001//4299
f 2001//4299 3195//4299 3122//4299
f 2001//4300 3122//4300 1897//4300
f 1897//4300 3122//4300 3121//4300
f 1897//4301 3121//4301 1898//4301
f 1898//4302 3121//4302 3120//4302
f 1898//4303 3120//4303 1909//4303
f 1909//4303 3120//4303 3118//4303
f 1909//4304 3118//4304 1907//4304
f 1907//4304 3118//4304 3117//4304
f 1907//4305 3117//4305 1653//4305
f 1653//4305 3117//4305 1651//4305
f 1646//4306 1644//4306 2099//4306
f 2099//4306 1644//4306 3094//4306
f 2099//4307 3094//4307 1991//4307
f 1991//4307 3094//4307 3200//4307
f 1991//4308 3200//4308 2313//4308
f 2313//4308 3200//4308 3314//4308
f 2313//4309 3314//4309 2315//4309
f 2315//4309 3314//4309 3312//4309
f 2315//4310 3312//4310 2317//4310
f 2317//4311 3312//4311 3310//4311
f 2317//4312 3310//4312 2373//4312
f 2373//4312 3310//4312 3340//4312
f 2373//4313 3340//4313 2374//4313
f 2374//4313 3340//4313 3339//4313
f 2374//4314 3339//4314 2375//4314
f 2375//4314 3339//4314 3338//4314
f 2375//4315 3338//4315 2321//4315
f 2321//4316 3338//4316 3285//4316
f 2321//4317 3285//4317 2323//4317
f 2323//4317 3285//4317 3317//4317
f 2323//4318 3317//4318 2324//4318
f 2324//4319 3317//4319 3398//4319
f 2324//4320 3398//4320 1920//4320
f 1920//4320 3398//4320 3397//4320
f 1920//4321 3397//4321 1919//4321
f 1919//4321 3397//4321 3177//4321
f 1919//4322 3177//4322 1917//4322
f 1917//4323 3177//4323 3176//4323
f 1917//4324 3176//4324 2044//4324
f 2044//4324 3176//4324 3175//4324
f 2044//4325 3175//4325 1945//4325
f 1945//4325 3175//4325 3173//4325
f 1945//4326 3173//4326 1943//4326
f 1943//4326 3173//4326 3172//4326
f 1943//4327 3172//4327 1649//4327
f 1649//4327 3172//4327 1647//4327
f 1642//4328 1640//4328 2311//4328
f 2311//4329 1640//4329 3088//4329
f 2311//4330 3088//4330 2453//4330
f 2453//4330 3088//4330 3342//4330
f 2453//4331 3342//4331 2454//4331
f 2454//4331 3342//4331 3341//4331
f 2454//4332 3341//4332 2260//4332
f 2260//4332 3341//4332 3222//4332
f 2260//4333 3222//4333 2261//4333
f 2261//4333 3222//4333 3221//4333
f 2261//4334 3221//4334 2263//4334
f 2263//4334 3221//4334 3247//4334
f 2263//4335 3247//4335 2319//4335
f 2319//4335 3247//4335 3309//4335
f 2319//4336 3309//4336 2320//4336
f 2320//4336 3309//4336 3308//4336
f 2320//4337 3308//4337 2318//4337
f 2318//4337 3308//4337 3307//4337
f 2318//4338 3307//4338 2316//4338
f 2316//4339 3307//4339 3311//4339
f 2316//4340 3311//4340 2314//4340
f 2314//4340 3311//4340 3313//4340
f 2314//4341 3313//4341 2312//4341
f 2312//4341 3313//4341 3315//4341
f 2312//4342 3315//4342 1992//4342
f 1992//4342 3315//4342 3316//4342
f 1992//4343 3316//4343 1993//4343
f 1993//4344 3316//4344 3202//4344
f 1993//4345 3202//4345 2101//4345
f 2101//4346 3202//4346 3201//4346
f 2101//4347 3201//4347 2100//4347
f 2100//4347 3201//4347 3199//4347
f 2100//4348 3199//4348 2098//4348
f 2098//4348 3199//4348 3198//4348
f 2098//4349 3198//4349 1645//4349
f 1645//4349 3198//4349 1643//4349
f 1638//4350 1636//4350 2448//4350
f 2448//4350 1636//4350 3224//4350
f 2448//4351 3224//4351 2307//4351
f 2307//4351 3224//4351 3350//4351
f 2307//4352 3350//4352 2308//4352
f 2308//4352 3350//4352 3351//4352
f 2308//4353 3351//4353 2309//4353
f 2309//4354 3351//4354 3365//4354
f 2309//4355 3365//4355 2371//4355
f 2371//4355 3365//4355 3364//4355
f 2371//4356 3364//4356 2372//4356
f 2372//4357 3364//4357 3249//4357
f 2372//4358 3249//4358 2255//4358
f 2255//4358 3249//4358 3248//4358
f 2255//4359 3248//4359 2256//4359
f 2256//4359 3248//4359 3347//4359
f 2256//4360 3347//4360 2257//4360
f 2257//4360 3347//4360 3346//4360
f 2257//4361 3346//4361 2258//4361
f 2258//4362 3346//4362 3345//4362
f 2258//4363 3345//4363 2259//4363
f 2259//4364 3345//4364 3286//4364
f 2259//4365 3286//4365 2262//4365
f 2262//4365 3286//4365 3223//4365
f 2262//4366 3223//4366 2452//4366
f 2452//4367 3223//4367 3343//4367
f 2452//4368 3343//4368 2517//4368
f 2517//4368 3343//4368 3344//4368
f 2517//4369 3344//4369 2518//4369
f 2518//4370 3344//4370 3363//4370
f 2518//4371 3363//4371 2519//4371
f 2519//4372 3363//4372 3362//4372
f 2519//4373 3362//4373 2310//4373
f 2310//4373 3362//4373 3361//4373
f 2310//4374 3361//4374 1641//4374
f 1641//4374 3361//4374 1639//4374
f 1634//4375 1632//4375 2183//4375
f 2183//4375 1632//4375 3469//4375
f 2183//4376 3469//4376 1938//4376
f 1938//4376 3469//4376 3434//4376
f 1938//4377 3434//4377 1939//4377
f 1939//4377 3434//4377 3433//4377
f 1939//4378 3433//4378 2092//4378
f 2092//4378 3433//4378 3401//4378
f 2092//4379 3401//4379 2093//4379
f 2093//4379 3401//4379 3400//4379
f 2093//4380 3400//4380 2094//4380
f 2094//4380 3400//4380 3399//4380
f 2094//4381 3399//4381 2095//4381
f 2095//4382 3399//4382 3371//4382
f 2095//4383 3371//4383 2096//4383
f 2096//4384 3371//4384 3370//4384
f 2096//4385 3370//4385 2097//4385
f 2097//4386 3370//4386 3432//4386
f 2097//4387 3432//4387 1990//4387
f 1990//4388 3432//4388 3431//4388
f 1990//4389 3431//4389 1941//4389
f 1941//4389 3431//4389 3430//4389
f 1941//4390 3430//4390 1942//4390
f 1942//4390 3430//4390 3250//4390
f 1942//4391 3250//4391 2306//4391
f 2306//4391 3250//4391 3349//4391
f 2306//4392 3349//4392 2449//4392
f 2449//4393 3349//4393 3348//4393
f 2449//4394 3348//4394 2450//4394
f 2450//4394 3348//4394 3368//4394
f 2450//4395 3368//4395 2451//4395
f 2451//4395 3368//4395 3367//4395
f 2451//4396 3367//4396 2447//4396
f 2447//4396 3367//4396 3366//4396
f 2447//4397 3366//4397 1637//4397
f 1637//4397 3366//4397 1635//4397
f 1630//4398 1628//4398 2087//4398
f 2087//4398 1628//4398 3512//4398
f 2087//4399 3512//4399 2090//4399
f 2090//4399 3512//4399 3444//4399
f 2090//4400 3444//4400 2179//4400
f 2179//4400 3444//4400 3442//4400
f 2179//4401 3442//4401 2177//4401
f 2177//4401 3442//4401 3440//4401
f 2177//4402 3440//4402 2175//4402
f 2175//4403 3440//4403 3438//4403
f 2175//4404 3438//4404 2040//4404
f 2040//4404 3438//4404 3437//4404
f 2040//4405 3437//4405 2041//4405
f 2041//4405 3437//4405 3378//4405
f 2041//4406 3378//4406 2042//4406
f 2042//4406 3378//4406 3377//4406
f 2042//4407 3377//4407 2043//4407
f 2043//4407 3377//4407 3375//4407
f 2043//4408 3375//4408 1987//4408
f 1987//4408 3375//4408 3374//4408
f 1987//4409 3374//4409 1988//4409
f 1988//4409 3374//4409 3373//4409
f 1988//4410 3373//4410 1989//4410
f 1989//4410 3373//4410 3372//4410
f 1989//4411 3372//4411 1940//4411
f 1940//4412 3372//4412 3369//4412
f 1940//4413 3369//4413 2184//4413
f 2184//4413 3369//4413 3435//4413
f 2184//4414 3435//4414 2185//4414
f 2185//4414 3435//4414 3436//4414
f 2185//4415 3436//4415 2186//4415
f 2186//4415 3436//4415 3471//4415
f 2186//4416 3471//4416 2182//4416
f 2182//4416 3471//4416 3470//4416
f 2182//4417 3470//4417 1633//4417
f 1633//4417 3470//4417 1631//4417
f 1626//4418 1624//4418 2030//4418
f 2030//4418 1624//4418 3515//4418
f 2030//4419 3515//4419 1914//4419
f 1914//4419 3515//4419 3451//4419
f 1914//4420 3451//4420 1915//4420
f 1915//4420 3451//4420 3449//4420
f 1915//4421 3449//4421 2031//4421
f 2031//4421 3449//4421 3477//4421
f 2031//4422 3477//4422 2032//4422
f 2032//4422 3477//4422 3478//4422
f 2032//4423 3478//4423 2036//4423
f 2036//4424 3478//4424 3357//4424
f 2036//4425 3357//4425 2037//4425
f 2037//4425 3357//4425 3355//4425
f 2037//4426 3355//4426 2038//4426
f 2038//4426 3355//4426 3354//4426
f 2038//4427 3354//4427 2039//4427
f 2039//4427 3354//4427 3376//4427
f 2039//4428 3376//4428 2176//4428
f 2176//4428 3376//4428 3439//4428
f 2176//4429 3439//4429 2178//4429
f 2178//4429 3439//4429 3441//4429
f 2178//4430 3441//4430 2180//4430
f 2180//4430 3441//4430 3443//4430
f 2180//4431 3443//4431 2181//4431
f 2181//4431 3443//4431 3474//4431
f 2181//4432 3474//4432 2091//4432
f 2091//4432 3474//4432 3473//4432
f 2091//4433 3473//4433 2089//4433
f 2089//4433 3473//4433 3472//4433
f 2089//4434 3472//4434 2088//4434
f 2088//4435 3472//4435 3514//4435
f 2088//4436 3514//4436 2086//4436
f 2086//4436 3514//4436 3513//4436
f 2086//4437 3513//4437 1629//4437
f 1629//4437 3513//4437 1627//4437
f 1622//4438 1620//4438 2028//4438
f 2028//4438 1620//4438 3543//4438
f 2028//4439 3543//4439 2165//4439
f 2165//4439 3543//4439 3518//4439
f 2165//4440 3518//4440 1980//4440
f 1980//4440 3518//4440 3481//4440
f 1980//4441 3481//4441 1981//4441
f 1981//4441 3481//4441 3480//4441
f 1981//4442 3480//4442 1982//4442
f 1982//4442 3480//4442 3409//4442
f 1982//4443 3409//4443 1983//4443
f 1983//4444 3409//4444 3408//4444
f 1983//4445 3408//4445 1984//4445
f 1984//4445 3408//4445 3407//4445
f 1984//4446 3407//4446 1985//4446
f 1985//4447 3407//4447 3447//4447
f 1985//4448 3447//4448 2252//4448
f 2252//4448 3447//4448 3446//4448
f 2252//4449 3446//4449 2253//4449
f 2253//4449 3446//4449 3445//4449
f 2253//4450 3445//4450 2254//4450
f 2254//4450 3445//4450 3476//4450
f 2254//4451 3476//4451 1986//4451
f 1986//4452 3476//4452 3448//4452
f 1986//4453 3448//4453 1916//4453
f 1916//4453 3448//4453 3450//4453
f 1916//4454 3450//4454 2172//4454
f 2172//4455 3450//4455 3452//4455
f 2172//4456 3452//4456 2173//4456
f 2173//4457 3452//4457 3453//4457
f 2173//4458 3453//4458 2174//4458
f 2174//4458 3453//4458 3517//4458
f 2174//4459 3517//4459 2029//4459
f 2029//4459 3517//4459 3516//4459
f 2029//4460 3516//4460 1625//4460
f 1625//4460 3516//4460 1623//4460
f 1618//4461 1616//4461 2082//4461
f 2082//4461 1616//4461 3559//4461
f 2082//4462 3559//4462 2303//4462
f 2303//4463 3559//4463 3526//4463
f 2303//4464 3526//4464 2305//4464
f 2305//4465 3526//4465 3564//4465
f 2305//4466 3564//4466 2445//4466
f 2445//4466 3564//4466 3586//4466
f 2445//4467 3586//4467 1974//4467
f 1974//4467 3586//4467 3585//4467
f 1974//4468 3585//4468 1975//4468
f 1975//4469 3585//4469 3584//4469
f 1975//4470 3584//4470 1977//4470
f 1977//4470 3584//4470 3583//4470
f 1977//4471 3583//4471 1978//4471
f 1978//4471 3583//4471 3411//4471
f 1978//4472 3411//4472 2168//4472
f 2168//4473 3411//4473 3410//4473
f 2168//4474 3410//4474 2169//4474
f 2169//4474 3410//4474 3479//4474
f 2169//4475 3479//4475 2170//4475
f 2170//4476 3479//4476 3520//4476
f 2170//4477 3520//4477 2171//4477
f 2171//4478 3520//4478 3519//4478
f 2171//4479 3519//4479 2163//4479
f 2163//4479 3519//4479 3548//4479
f 2163//4480 3548//4480 2164//4480
f 2164//4481 3548//4481 3547//4481
f 2164//4482 3547//4482 2166//4482
f 2166//4482 3547//4482 3546//4482
f 2166//4483 3546//4483 2167//4483
f 2167//4483 3546//4483 3545//4483
f 2167//4484 3545//4484 2027//4484
f 2027//4484 3545//4484 3544//4484
f 2027//4485 3544//4485 1621//4485
f 1621//4485 3544//4485 1619//4485
f 1614//4486 1612//4486 2298//4486
f 2298//4486 1612//4486 3203//4486
f 2298//4487 3203//4487 2362//4487
f 2362//4487 3203//4487 3556//4487
f 2362//4488 3556//4488 2360//4488
f 2360//4489 3556//4489 3553//4489
f 2360//4490 3553//4490 2443//4490
f 2443//4490 3553//4490 3552//4490
f 2443//4491 3552//4491 2160//4491
f 2160//4491 3552//4491 3550//4491
f 2160//4492 3550//4492 2161//4492
f 2161//4492 3550//4492 3549//4492
f 2161//4493 3549//4493 2162//4493
f 2162//4493 3549//4493 3523//4493
f 2162//4494 3523//4494 2299//4494
f 2299//4494 3523//4494 3522//4494
f 2299//4495 3522//4495 2300//4495
f 2300//4495 3522//4495 3521//4495
f 2300//4496 3521//4496 2301//4496
f 2301//4496 3521//4496 3566//4496
f 2301//4497 3566//4497 2446//4497
f 2446//4497 3566//4497 3565//4497
f 2446//4498 3565//4498 2304//4498
f 2304//4498 3565//4498 3563//4498
f 2304//4499 3563//4499 2302//4499
f 2302//4499 3563//4499 3562//4499
f 2302//4500 3562//4500 2368//4500
f 2368//4501 3562//4501 3525//4501
f 2368//4502 3525//4502 2369//4502
f 2369//4502 3525//4502 3524//4502
f 2369//4503 3524//4503 2370//4503
f 2370//4503 3524//4503 3561//4503
f 2370//4504 3561//4504 2081//4504
f 2081//4504 3561//4504 3560//4504
f 2081//4505 3560//4505 1617//4505
f 1617//4505 3560//4505 1615//4505
